t_s,delta_wheel_deg,delta_road_rad,v_mps,a_long_mps2,accel_pedal_pct,brake_pedal_state,di_torque_actual_nm,wheel_FL_kph,wheel_FR_kph,wheel_RL_kph,wheel_RR_kph,x_m,y_m,psi_rad,v_state_mps,delta_state_rad,psi_dot_rads,a_y_mps2
0,-5.6,-0.00814487,0,-4.32758e-158,0,2,0,0,0,0,0,0,0,0,0,-0.00814487,-0,-0
0.02,-5.6,-0.00814487,0,-6.59202e-158,0,2,0,0,0,0,0,-8.65517e-162,0,2.45206e-164,0,-0.00814487,-0,-0
0.04,-5.69832,-0.00828787,0,-1.14475e-157,0,2,0,0,0,0,0,-2.18392e-161,0,6.20904e-164,0,-0.00828787,-0,-0
0.06,-5.6,-0.00814487,0,-1.57274e-157,0,2,0,0,0,0,0,-4.47343e-161,0,1.28092e-163,0,-0.00814487,-0,-0
0.08,-5.6,-0.00814487,0,-1.58153e-157,0,2,0,0,0,0,0,-7.61891e-161,-4.94066e-324,2.16684e-163,0,-0.00814487,-0,-0
0.1,-5.6,-0.00814487,0,-5.69078e-158,0,2,0,0,0,0,0,-1.0782e-160,-1.4822e-323,3.06296e-163,0,-0.00814487,-0,-0
0.12,-5.6,-0.00814487,0,2.25552e-157,0,2,0,0,0,0,0,-1.19201e-160,-1.97626e-323,3.3854e-163,0,-0.00814487,-0,-0
0.14,-5.6,-0.00814487,0,7.62375e-157,0,2,0,0,0,0,0,-7.40907e-161,-4.94066e-324,2.10739e-163,0,-0.00814487,-0,-0
0.16,-5.60043,-0.00814549,0,1.5645e-156,0,2,0,0,0,0,0,7.83844e-161,-4.94066e-324,-2.21243e-163,0,-0.00814549,-0,-0
0.18,-5.6,-0.00814487,0,2.48501e-156,0,2,0,0,0,0,0,3.91284e-160,-2.12448e-322,-1.10778e-162,0,-0.00814487,-0,-0
0.2,-5.6,-0.00814487,0,3.09064e-156,0,2,0,0,0,0,0,8.88287e-160,-1.11165e-321,-2.51578e-162,0,-0.00814487,-0,-0
0.22,-5.6,-0.00814487,0,2.53761e-156,0,2,0,0,0,0,0,1.50641e-159,-3.20649e-321,-4.26697e-162,0,-0.00814487,-0,-0
0.24,-5.6,-0.00814487,0,-4.60763e-157,0,2,0,0,0,0,0,2.01394e-159,-5.7361e-321,-5.70481e-162,0,-0.00814487,-0,-0
0.26,-5.6,-0.00814487,0,-7.42306e-156,0,2,0,0,0,0,0,1.92178e-159,-5.22227e-321,-5.44374e-162,0,-0.00814487,-0,-0
0.28,-5.6,-0.00814487,0,-1.94371e-155,0,2,0,0,0,0,0,4.37171e-160,-2.61855e-322,-1.23774e-162,0,-0.00814487,-0,-0
0.3,-5.6,-0.00814487,0,-3.58359e-155,0,2,0,0,0,0,0,-3.45024e-159,-1.68575e-320,9.77553e-162,0,-0.00814487,-0,-0
0.32,-5.6,-0.00814487,0,-5.21381e-155,0,2,0,0,0,0,0,-1.06174e-158,-1.59687e-319,3.00806e-161,0,-0.00814487,-0,-0
0.34,-5.6,-0.00814487,0,-5.75504e-155,0,2,0,0,0,0,0,-2.1045e-158,-6.27384e-319,5.96227e-161,0,-0.00814487,-0,-0
0.36,-5.6,-0.00814487,0,-3.30447e-155,0,2,0,0,0,0,0,-3.25551e-158,-1.50131e-318,9.22314e-161,0,-0.00814487,-0,-0
0.38,-5.6,-0.00814487,0,4.79187e-155,0,2,0,0,0,0,0,-3.91641e-158,-2.17274e-318,1.10955e-160,0,-0.00814487,-0,-0
0.4,-5.6,-0.00814487,0,2.12729e-154,0,2,0,0,0,0,0,-2.95803e-158,-1.23948e-318,8.38037e-161,0,-0.00814487,-0,-0
0.42,-5.6,-0.00814487,0,4.7293e-154,0,2,0,0,0,0,0,1.29655e-158,-2.38115e-319,-3.67312e-161,0,-0.00814487,-0,-0
0.44,-5.6,-0.00814487,0,7.94137e-154,0,2,0,0,0,0,0,1.07552e-157,-1.63854e-317,-3.04699e-160,0,-0.00814487,-0,-0
0.46,-5.6,-0.00814487,0,1.05318e-153,0,2,0,0,0,0,0,2.66379e-157,-1.00514e-316,-7.54667e-160,0,-0.00814487,-0,-0
0.48,-5.6,-0.00814487,0,9.92301e-154,0,2,0,0,0,0,0,4.77014e-157,-3.22321e-316,-1.35141e-159,0,-0.00814487,-0,-0
0.5,-5.6,-0.00814487,0,1.96229e-154,0,2,0,0,0,0,0,6.75475e-157,-6.46314e-316,-1.91366e-159,0,-0.00814487,-0,-0
0.52,-5.6,-0.00814487,0,-1.86049e-153,0,2,0,0,0,0,0,7.14721e-157,-7.23599e-316,-2.02485e-159,0,-0.00814487,-0,-0
0.54,-5.6,-0.00814487,0,-5.62677e-153,0,2,0,0,0,0,0,3.42622e-157,-1.66286e-316,-9.70667e-160,0,-0.00814487,-0,-0
0.56,-5.6,-0.00814487,0,-1.10726e-152,0,2,0,0,0,0,0,-7.82731e-157,-8.67864e-316,2.21753e-159,0,-0.00814487,-0,-0
0.58,-5.6,-0.00814487,0,-1.70276e-152,0,2,0,0,0,0,0,-2.99725e-156,-1.27254e-314,8.4914e-159,0,-0.00814487,-0,-0
0.6,-5.6,-0.00814487,0,-2.03235e-152,0,2,0,0,0,0,0,-6.40277e-156,-5.80712e-314,1.81394e-158,0,-0.00814487,-0,-0
0.62,-5.60311,-0.00814939,0,-1.50237e-152,0,2,0,0,0,0,0,-1.04675e-155,-1.55209e-313,2.96571e-158,0,-0.00814939,-0,-0
0.64,-5.6,-0.00814487,0,7.63501e-153,0,2,0,0,0,0,0,-1.34722e-155,-2.57117e-313,3.81744e-158,0,-0.00814487,-0,-0
0.66,-5.6,-0.00814487,0,5.75345e-152,0,2,0,0,0,0,0,-1.19452e-155,-2.02127e-313,3.38491e-158,0,-0.00814487,-0,-0
0.68,-5.6,-0.00814487,0,1.40808e-151,0,2,0,0,0,0,0,-4.383e-157,-1.89902e-316,1.24938e-159,0,-0.00814487,-0,-0
0.7,-5.6,-0.00814487,0,2.50499e-151,0,2,0,0,0,0,0,2.77233e-155,-1.08842e-312,-7.85342e-158,0,-0.00814487,-0,-0
0.72,-5.6,-0.00814487,0,3.52487e-151,0,2,0,0,0,0,0,7.78231e-155,-8.57844e-312,-2.2047e-157,0,-0.00814487,-0,-0
0.74,-5.6,-0.00814487,0,3.69154e-151,0,2,0,0,0,0,0,1.48321e-154,-3.1161e-311,-4.20193e-157,0,-0.00814487,-0,-0
0.76,-5.6,-0.00814487,0,1.68236e-151,0,2,0,0,0,0,0,2.22151e-154,-6.99057e-311,-6.29361e-157,0,-0.00814487,-0,-0
0.78,-5.6,-0.00814487,0,-4.28445e-151,0,2,0,0,0,0,0,2.55799e-154,-9.26857e-311,-7.24685e-157,0,-0.00814487,-0,-0
0.8,-5.6,-0.00814487,0,-1.59384e-150,0,2,0,0,0,0,0,1.70109e-154,-4.09891e-311,-4.81923e-157,0,-0.00814487,-0,-0
0.82,-5.6,-0.00814487,0,-3.3752e-150,0,2,0,0,0,0,0,-1.48659e-154,-3.13057e-311,4.21168e-157,0,-0.00814487,-0,-0
0.84,-5.6,-0.00814487,0,-5.48433e-150,0,2,0,0,0,0,0,-8.23698e-154,-9.61093e-310,2.3336e-156,0,-0.00814487,-0,-0
0.86,-5.6,-0.00814487,0,-7.0089e-150,0,2,0,0,0,0,0,-1.92056e-153,-5.22498e-309,5.44108e-156,0,-0.00814487,-0,-0
0.88,-5.6,-0.00814487,0,-6.12088e-150,0,2,0,0,0,0,0,-3.32234e-153,-1.56357e-308,9.41241e-156,0,-0.00814487,-0,-0
0.9,-5.6,-0.00814487,0,3.11459e-152,0,2,0,0,0,0,0,-4.54652e-153,-2.92809e-308,1.28806e-155,0,-0.00814487,-0,-0
0.92,-5.6,-0.00814487,0,1.49139e-149,0,2,0,0,0,0,0,-4.54029e-153,-2.92007e-308,1.28629e-155,0,-0.00814487,-0,-0
0.94,-5.6,-0.00814487,0,4.12187e-149,0,2,0,0,0,0,0,-1.55751e-153,-3.4363e-309,4.41254e-156,0,-0.00814487,-0,-0
0.96,-5.6,-0.00814487,0,7.79994e-149,0,2,0,0,0,0,0,6.68622e-153,-6.33268e-308,-1.89425e-155,0,-0.00814487,-0,-0
0.98,-5.6,-0.00814487,0,1.16116e-148,0,2,0,0,0,0,0,2.22861e-152,-7.03548e-307,-6.31379e-155,0,-0.00814487,-0,-0
1,-5.6,-0.00814487,0,1.32556e-148,0,2,0,0,0,0,0,4.55094e-152,-2.93378e-306,-1.28931e-154,0,-0.00814487,-0,-0
1.02,-5.6,-0.00814487,0,8.57384e-149,0,2,0,0,0,0,0,7.20207e-152,-7.34751e-306,-2.04039e-154,0,-0.00814487,-0,-0
1.04,-5.6025,-0.00814851,0,-8.37185e-149,0,2,0,0,0,0,0,8.91684e-152,-1.12629e-305,-2.52627e-154,0,-0.00814851,-0,-0
1.06,-5.6,-0.00814487,0,-4.39502e-148,0,2,0,0,0,0,0,7.24247e-152,-7.43028e-306,-2.0517e-154,0,-0.00814487,-0,-0
1.08,-5.69494,-0.00828295,0,-1.0141e-147,0,2,0,0,0,0,0,-1.54757e-152,-3.85752e-307,4.52278e-155,0,-0.00828295,-0,-0
1.1,-5.60046,-0.00814553,0,-1.74321e-147,0,2,0,0,0,0,0,-2.18296e-151,-6.88187e-305,6.29589e-154,0,-0.00814553,-0,-0
1.12,-5.6,-0.00814487,0,-2.37002e-147,0,2,0,0,0,0,0,-5.66938e-151,-4.59784e-304,1.61181e-153,0,-0.00814487,-0,-0
1.14,-5.6,-0.00814487,0,-2.33933e-147,0,2,0,0,0,0,0,-1.04094e-150,-1.54205e-303,2.95465e-153,0,-0.00814487,-0,-0
1.16,-5.6,-0.00814487,0,-7.35923e-148,0,2,0,0,0,0,0,-1.50881e-150,-3.23451e-303,4.28015e-153,0,-0.00814487,-0,-0
1.18,-5.6,-0.00814487,0,3.62931e-147,0,2,0,0,0,0,0,-1.65599e-150,-3.89517e-303,4.69713e-153,0,-0.00814487,-0,-0
1.2,-5.6,-0.00814487,0,1.18317e-146,0,2,0,0,0,0,0,-9.3013e-151,-1.23203e-303,2.64072e-153,0,-0.00814487,-0,-0
1.22,-5.6,-0.00814487,0,2.39682e-146,0,2,0,0,0,0,0,1.43621e-150,-2.91516e-303,-4.06328e-153,0,-0.00814487,-0,-0
1.24,-5.6,-0.00814487,0,3.77021e-146,0,2,0,0,0,0,0,6.22986e-150,-5.49436e-302,-1.7644e-152,0,-0.00814487,-0,-0
1.26,-5.6,-0.00814487,0,4.63286e-146,0,2,0,0,0,0,0,1.37703e-149,-2.68527e-301,-3.90064e-152,0,-0.00814487,-0,-0
1.28,-5.60284,-0.008149,0,3.69442e-146,0,2,0,0,0,0,0,2.3036e-149,-7.5158e-301,-6.52612e-152,0,-0.008149,-0,-0
1.3,-5.7,-0.00829031,0,-9.93722e-147,0,2,0,0,0,0,0,3.04249e-149,-1.31151e-300,-8.63295e-152,0,-0.00829031,-0,-0
1.32,-5.69581,-0.00828422,0,-1.17011e-145,0,2,0,0,0,0,0,2.84374e-149,-1.14565e-300,-8.05672e-152,0,-0.00828422,-0,-0
1.34,-5.6,-0.00814487,0,-2.99911e-145,0,2,0,0,0,0,0,5.03523e-150,-4.57892e-302,-1.35278e-152,0,-0.00814487,-0,-0
1.36,-5.6,-0.00814487,0,-5.46951e-145,0,2,0,0,0,0,0,-5.49471e-149,-4.30906e-300,1.55437e-151,0,-0.00814487,-0,-0
1.38,-5.69607,-0.0082846,0,-7.8789e-145,0,2,0,0,0,0,0,-1.64337e-148,-3.83355e-299,4.67118e-151,0,-0.0082846,-0,-0
1.4,-5.6,-0.00814487,0,-8.56568e-145,0,2,0,0,0,0,0,-3.21915e-148,-1.4772e-298,9.21205e-151,0,-0.00814487,-0,-0
1.42,-5.60466,-0.00815165,0,-4.63056e-145,0,2,0,0,0,0,0,-4.93229e-148,-3.46938e-298,1.40391e-150,0,-0.00815165,-0,-0
1.44,-5.60239,-0.00814834,0,7.92884e-145,0,2,0,0,0,0,0,-5.8584e-148,-4.89117e-298,1.66654e-150,0,-0.00814834,-0,-0
1.46,-5.60137,-0.00814686,0,3.31711e-144,0,2,0,0,0,0,0,-4.27263e-148,-2.60474e-298,1.21717e-150,0,-0.00814686,-0,-0
1.48,-5.69543,-0.00828367,0,7.26379e-144,0,2,0,0,0,0,0,2.36158e-148,-7.91707e-299,-6.73208e-151,0,-0.00828367,-0,-0
1.5,-5.6,-0.00814487,0,1.20767e-143,0,2,0,0,0,0,0,1.68892e-147,-4.09754e-297,-4.85877e-150,0,-0.00814487,-0,-0
1.52,-5.6,-0.00814487,0,1.5842e-143,0,2,0,0,0,0,0,4.10425e-147,-2.40617e-296,-1.16627e-149,0,-0.00814487,-0,-0
1.54,-5.6,-0.00814487,0,1.46085e-143,0,2,0,0,0,0,0,7.27265e-147,-7.52339e-296,-2.06389e-149,0,-0.00814487,-0,-0
1.56,-5.69785,-0.00828719,0,2.07185e-144,0,2,0,0,0,0,0,1.01944e-146,-1.4768e-295,-2.89645e-149,0,-0.00828719,-0,-0
1.58,-5.6,-0.00814487,0,-2.96521e-143,0,2,0,0,0,0,0,1.06087e-146,-1.59929e-295,-3.0159e-149,0,-0.00814487,-0,-0
1.6,-5.6,-0.00814487,0,-8.71208e-143,0,2,0,0,0,0,0,4.6783e-147,-3.06753e-296,-1.34556e-149,0,-0.00814487,-0,-0
1.62,-5.6,-0.00814487,0,-1.69392e-142,0,2,0,0,0,0,0,-1.27459e-146,-2.26283e-295,3.59081e-149,0,-0.00814487,-0,-0
1.64,-5.6,-0.00814487,0,-2.57971e-142,0,2,0,0,0,0,0,-4.66243e-146,-3.06861e-294,1.31888e-148,0,-0.00814487,-0,-0
1.66,-5.6,-0.00814487,0,-3.03933e-142,0,2,0,0,0,0,0,-9.82186e-146,-1.3644e-293,2.78057e-148,0,-0.00814487,-0,-0
1.68,-5.69741,-0.00828655,0,-2.16614e-142,0,2,0,0,0,0,0,-1.59005e-145,-3.58031e-293,4.51268e-148,0,-0.00828655,-0,-0
1.7,-5.6,-0.00814487,0,1.36501e-142,0,2,0,0,0,0,0,-2.02328e-145,-5.80582e-293,5.7614e-148,0,-0.00814487,-0,-0
1.72,-5.6,-0.00814487,0,9.02691e-142,0,2,0,0,0,0,0,-1.75028e-145,-4.33806e-293,4.99245e-148,0,-0.00814487,-0,-0
1.74,-5.6,-0.00814487,0,2.16873e-141,0,2,0,0,0,0,0,5.51032e-147,5.81737e-295,-1.22306e-149,0,-0.00814487,-0,-0
1.76,-5.69961,-0.00828974,0,3.81813e-141,0,2,0,0,0,0,0,4.39257e-145,-2.72409e-292,-1.24835e-147,0,-0.00828974,-0,-0
1.78,-5.6,-0.00814487,0,5.31808e-141,0,2,0,0,0,0,0,1.20288e-144,-2.06639e-291,-3.45023e-147,0,-0.00814487,-0,-0
1.8,-5.6,-0.00814487,0,5.4756e-141,0,2,0,0,0,0,0,2.2665e-144,-7.33147e-291,-6.44565e-147,0,-0.00814487,-0,-0
1.82,-5.6,-0.00814487,0,2.27814e-141,0,2,0,0,0,0,0,3.36162e-144,-1.60891e-290,-9.54819e-147,0,-0.00814487,-0,-0
1.84,-5.69875,-0.0082885,0,-6.95668e-141,0,2,0,0,0,0,0,3.81725e-144,-2.07348e-290,-1.08466e-146,0,-0.0082885,-0,-0
1.86,-5.69572,-0.00828409,0,-2.47806e-140,0,2,0,0,0,0,0,2.42591e-144,-8.44579e-291,-6.81289e-147,0,-0.00828409,-0,-0
1.88,-5.6,-0.00814487,0,-5.17612e-140,0,2,0,0,0,0,0,-2.53022e-144,-9.91616e-291,7.38561e-147,0,-0.00814487,-0,-0
1.9,-5.6,-0.00814487,0,-8.3288e-140,0,2,0,0,0,0,0,-1.28825e-143,-2.37533e-289,3.6547e-146,0,-0.00814487,-0,-0
1.92,-5.6,-0.00814487,0,-1.05221e-139,0,2,0,0,0,0,0,-2.95401e-143,-1.23937e-288,8.3739e-146,0,-0.00814487,-0,-0
1.94,-5.69695,-0.00828588,0,-8.95767e-140,0,2,0,0,0,0,0,-5.05842e-143,-3.63163e-288,1.43703e-145,0,-0.00828588,-0,-0
1.96,-5.6969,-0.0082858,0,6.87127e-141,0,2,0,0,0,0,0,-6.84996e-143,-6.67059e-288,1.95629e-145,0,-0.0082858,-0,-0
1.98,-5.6,-0.00814487,0,2.36022e-139,0,2,0,0,0,0,0,-6.71253e-143,-6.40446e-288,1.91691e-145,0,-0.00814487,-0,-0
2,-5.6,-0.00814487,0,6.36862e-139,0,2,0,0,0,0,0,-1.99208e-143,-4.98531e-289,5.87293e-146,0,-0.00814487,-0,-0
2.02,-5.6996,-0.00828973,0,1.19161e-138,0,2,0,0,0,0,0,1.07452e-142,-1.61016e-287,-3.04264e-145,0,-0.00828973,-0,-0
2.04,-5.6035,-0.00814995,0,1.75659e-138,0,2,0,0,0,0,0,3.45774e-142,-1.70513e-286,-9.91594e-145,0,-0.00814995,-0,-0
2.06,-5.60204,-0.00814783,0,1.97708e-138,0,2,0,0,0,0,0,6.97092e-142,-6.93062e-286,-1.98174e-144,0,-0.00814783,-0,-0
2.08,-5.69949,-0.00828958,0,1.21892e-138,0,2,0,0,0,0,0,1.09251e-141,-1.69919e-285,-3.10879e-144,0,-0.00828958,-0,-0
2.1,-5.6,-0.00814487,0,-1.41443e-138,0,2,0,0,0,0,0,1.33629e-141,-2.54274e-285,-3.81164e-144,0,-0.00814487,-0,-0
2.12,-5.6,-0.00814487,0,-6.86913e-138,0,2,0,0,0,0,0,1.05341e-141,-1.57733e-285,-3.01495e-144,0,-0.00814487,-0,-0
2.14,-5.6,-0.00814487,0,-1.55931e-137,0,2,0,0,0,0,0,-3.20417e-142,-1.08872e-286,8.77181e-145,0,-0.00814487,-0,-0
2.16,-5.69659,-0.00828535,0,-2.65345e-137,0,2,0,0,0,0,0,-3.43903e-141,-1.66807e-284,9.76321e-144,0,-0.00828535,-0,-0
2.18,-5.6,-0.00814487,0,-3.56958e-137,0,2,0,0,0,0,0,-8.74593e-141,-1.09075e-283,2.50573e-143,0,-0.00814487,-0,-0
2.2,-5.6,-0.00814487,0,-3.45569e-137,0,2,0,0,0,0,0,-1.58851e-140,-3.59849e-283,4.51667e-143,0,-0.00814487,-0,-0
2.22,-5.6,-0.00814487,0,-9.21037e-138,0,2,0,0,0,0,0,-2.27965e-140,-7.39676e-283,6.4747e-143,0,-0.00814487,-0,-0
2.24,-5.6,-0.00814487,0,5.8211e-137,0,2,0,0,0,0,0,-2.46385e-140,-8.63752e-283,6.99657e-143,0,-0.00814487,-0,-0
2.26,-5.6,-0.00814487,0,1.83489e-136,0,2,0,0,0,0,0,-1.29963e-140,-2.41194e-283,3.69826e-143,0,-0.00814487,-0,-0
2.28,-5.69782,-0.00828714,0,3.67036e-136,0,2,0,0,0,0,0,2.37014e-140,-8.00022e-283,-6.75897e-143,0,-0.00828714,-0,-0
2.3,-5.69618,-0.00828475,0,5.71767e-136,0,2,0,0,0,0,0,9.71086e-140,-1.35608e-281,-2.8038e-142,0,-0.00828475,-0,-0
2.32,-5.6,-0.00814487,0,6.93995e-136,0,2,0,0,0,0,0,2.11462e-139,-6.4384e-281,-6.08028e-142,0,-0.00814487,-0,-0
2.34,-5.6,-0.00814487,0,5.36471e-136,0,2,0,0,0,0,0,3.50261e-139,-1.7595e-280,-9.99003e-142,0,-0.00814487,-0,-0
2.36,-5.6,-0.00814487,0,-1.95783e-136,0,2,0,0,0,0,0,4.57555e-139,-2.99444e-280,-1.30297e-141,0,-0.00814487,-0,-0
2.38,-5.6,-0.00814487,0,-1.84168e-135,0,2,0,0,0,0,0,4.18399e-139,-2.50596e-280,-1.19204e-141,0,-0.00814487,-0,-0
2.4,-5.60222,-0.00814809,0,-4.62502e-135,0,2,0,0,0,0,0,5.00635e-140,-3.72676e-282,-1.48388e-142,0,-0.00814809,-0,-0
2.42,-5.60354,-0.00815002,0,-8.34453e-135,0,2,0,0,0,0,0,-8.74941e-139,-1.07917e-279,2.47379e-141,0,-0.00815002,-0,-0
2.44,-5.69947,-0.00828955,0,-1.19007e-134,0,2,0,0,0,0,0,-2.54385e-138,-9.17271e-279,7.23227e-141,0,-0.00828955,-0,-0
2.46,-5.6,-0.00814487,0,-1.27366e-134,0,2,0,0,0,0,0,-4.92398e-138,-3.45524e-278,1.40937e-140,0,-0.00814487,-0,-0
2.48,-5.6,-0.00814487,0,-6.43659e-135,0,2,0,0,0,0,0,-7.4713e-138,-7.96044e-278,2.12677e-140,0,-0.00814487,-0,-0
2.5,-5.6,-0.00814487,0,1.30322e-134,0,2,0,0,0,0,0,-8.75862e-138,-1.0933e-277,2.49147e-140,0,-0.00814487,-0,-0
2.52,-5.6,-0.00814487,0,5.16764e-134,0,2,0,0,0,0,0,-6.15218e-138,-5.40147e-278,1.75305e-140,0,-0.00814487,-0,-0
2.54,-5.69933,-0.00828934,0,1.11514e-133,0,2,0,0,0,0,0,4.18311e-138,-2.48138e-278,-1.19231e-140,0,-0.00828934,-0,-0
2.56,-5.6,-0.00814487,0,1.83578e-133,0,2,0,0,0,0,0,2.64858e-137,-1.00783e-276,-7.62288e-140,0,-0.00814487,-0,-0
2.58,-5.6,-0.00814487,0,2.3816e-133,0,2,0,0,0,0,0,6.32015e-137,-5.70769e-276,-1.79632e-139,0,-0.00814487,-0,-0
2.6,-5.6,-0.00814487,0,2.14713e-133,0,2,0,0,0,0,0,1.10834e-136,-1.74777e-275,-3.14576e-139,0,-0.00814487,-0,-0
2.62,-5.6,-0.00814487,0,1.75701e-134,0,2,0,0,0,0,0,1.53776e-136,-3.35986e-275,-4.36235e-139,0,-0.00814487,-0,-0
2.64,-5.69866,-0.00828837,0,-4.71488e-133,0,2,0,0,0,0,0,1.5729e-136,-3.51492e-275,-4.46249e-139,0,-0.00828837,-0,-0
2.66,-5.60257,-0.00814861,0,-1.34804e-132,0,2,0,0,0,0,0,6.29926e-137,-5.88817e-276,-1.7435e-139,0,-0.00814861,-0,-0
2.68,-5.7,-0.00829031,0,-2.59033e-132,0,2,0,0,0,0,0,-2.06615e-136,-6.19003e-275,5.89875e-139,0,-0.00829031,-0,-0
2.7,-5.60281,-0.00814895,0,-3.90662e-132,0,2,0,0,0,0,0,-7.2468e-136,-7.54473e-274,2.08382e-138,0,-0.00814895,-0,-0
2.72,-5.60355,-0.00815003,0,-4.54179e-132,0,2,0,0,0,0,0,-1.506e-135,-3.24406e-273,4.28575e-138,0,-0.00815003,-0,-0
2.74,-5.6,-0.00814487,0,-3.11182e-132,0,2,0,0,0,0,0,-2.41436e-135,-8.30645e-273,6.86039e-138,0,-0.00814487,-0,-0
2.76,-5.6,-0.00814487,0,2.38624e-132,0,2,0,0,0,0,0,-3.03673e-135,-1.31247e-272,8.62321e-138,0,-0.00814487,-0,-0
2.78,-5.6,-0.00814487,0,1.41454e-131,0,2,0,0,0,0,0,-2.55948e-135,-9.33192e-273,7.27114e-138,0,-0.00814487,-0,-0
2.8,-5.6,-0.00814487,0,3.33857e-131,0,2,0,0,0,0,0,2.69605e-136,-9.87711e-275,-7.43824e-139,0,-0.00814487,-0,-0
2.82,-5.60443,-0.00815131,0,5.81728e-131,0,2,0,0,0,0,0,6.94675e-135,-6.82329e-272,-1.96656e-137,0,-0.00815131,-0,-0
2.84,-5.6,-0.00814487,0,8.01951e-131,0,2,0,0,0,0,0,1.85813e-134,-4.88931e-271,-5.26531e-137,0,-0.00814487,-0,-0
2.86,-5.60198,-0.00814775,0,8.11252e-131,0,2,0,0,0,0,0,3.46203e-134,-1.6978e-270,-9.80859e-137,0,-0.00814775,-0,-0
2.88,-5.69633,-0.00828498,0,3.03522e-131,0,2,0,0,0,0,0,5.08454e-134,-3.66388e-270,-1.44332e-136,0,-0.00828498,-0,-0
2.9,-5.6,-0.00814487,0,-1.12483e-130,0,2,0,0,0,0,0,5.69158e-134,-4.59314e-270,-1.61824e-136,0,-0.00814487,-0,-0
2.92,-5.6,-0.00814487,0,-3.84975e-130,0,2,0,0,0,0,0,3.44192e-134,-1.66646e-270,-9.84552e-137,0,-0.00814487,-0,-0
2.94,-5.6,-0.00814487,0,-7.93446e-130,0,2,0,0,0,0,0,-4.25758e-134,-2.48342e-270,1.19676e-136,0,-0.00814487,-0,-0
2.96,-5.6,-0.00814487,0,-1.26433e-129,0,2,0,0,0,0,0,-2.01265e-133,-5.71462e-269,5.69252e-136,0,-0.00814487,-0,-0
2.98,-5.69683,-0.0082857,0,-1.57863e-129,0,2,0,0,0,0,0,-4.54131e-133,-2.92057e-268,1.28977e-135,0,-0.0082857,-0,-0
3,-5.6,-0.00814487,0,-1.30816e-129,0,2,0,0,0,0,0,-7.69857e-133,-8.42915e-268,2.1997e-135,0,-0.00814487,-0,-0
3.02,-5.6,-0.00814487,0,2.02101e-130,0,2,0,0,0,0,0,-1.03149e-132,-1.51497e-267,2.93665e-135,0,-0.00814487,-0,-0
3.04,-5.69625,-0.00828486,0,3.72856e-129,0,2,0,0,0,0,0,-9.91069e-133,-1.3986e-267,2.82148e-135,0,-0.00828486,-0,-0
3.06,-5.6994,-0.00828944,0,9.83421e-129,0,2,0,0,0,0,0,-2.45356e-133,-9.93315e-269,6.60018e-136,0,-0.00828944,-0,-0
3.08,-5.6,-0.00814487,0,1.8197e-128,0,2,0,0,0,0,0,1.72149e-132,-4.3547e-267,-4.97915e-135,0,-0.00814487,-0,-0
3.1,-5.6,-0.00814487,0,2.65614e-128,0,2,0,0,0,0,0,5.36088e-132,-4.11547e-266,-1.52288e-134,0,-0.00814487,-0,-0
3.12,-5.6,-0.00814487,0,2.94625e-128,0,2,0,0,0,0,0,1.06732e-131,-1.62029e-265,-3.02788e-134,0,-0.00814487,-0,-0
3.14,-5.60633,-0.00815407,0,1.72327e-128,0,2,0,0,0,0,0,1.65657e-131,-3.89645e-265,-4.69789e-134,0,-0.00815407,-0,-0
3.16,-5.6,-0.00814487,0,-2.36575e-128,0,2,0,0,0,0,0,2.00122e-131,-5.68405e-265,-5.67542e-134,0,-0.00814487,-0,-0
3.18,-5.69452,-0.00828234,0,-1.0725e-127,0,2,0,0,0,0,0,1.52807e-131,-3.31709e-265,-4.32791e-134,0,-0.00828234,-0,-0
3.2,-5.6,-0.00814487,0,-2.39647e-127,0,2,0,0,0,0,0,-6.16922e-132,-6.61201e-266,1.85155e-134,0,-0.00814487,-0,-0
3.22,-5.60449,-0.0081514,0,-4.03734e-127,0,2,0,0,0,0,0,-5.40986e-131,-4.19457e-264,1.53575e-133,0,-0.0081514,-0,-0
3.24,-5.6,-0.00814487,0,-5.37337e-127,0,2,0,0,0,0,0,-1.34845e-130,-2.58385e-263,3.82519e-133,0,-0.00814487,-0,-0
3.26,-5.69857,-0.00828823,0,-5.09764e-127,0,2,0,0,0,0,0,-2.42313e-130,-8.33754e-263,6.88686e-133,0,-0.00828823,-0,-0
3.28,-5.6,-0.00814487,0,-1.0977e-127,0,2,0,0,0,0,0,-3.44266e-130,-1.68572e-262,9.82608e-133,0,-0.00814487,-0,-0
3.3,-5.6,-0.00814487,0,9.30953e-127,0,2,0,0,0,0,0,-3.6622e-130,-1.90824e-262,1.04444e-132,0,-0.00814487,-0,-0
3.32,-5.6,-0.00814487,0,2.84357e-126,0,2,0,0,0,0,0,-1.80029e-130,-4.54657e-263,5.16951e-133,0,-0.00814487,-0,-0
3.34,-5.6,-0.00814487,0,5.61818e-126,0,2,0,0,0,0,0,3.88685e-130,-2.09625e-262,-1.09425e-132,0,-0.00814487,-0,-0
3.36,-5.60042,-0.00814548,0,8.66736e-126,0,2,0,0,0,0,0,1.51232e-129,-3.22765e-261,-4.27766e-132,0,-0.00814548,-0,-0
3.38,-5.6,-0.00814487,0,1.03886e-125,0,2,0,0,0,0,0,3.24579e-129,-1.48998e-260,-9.18906e-132,0,-0.00814487,-0,-0
3.4,-5.6,-0.00814487,0,7.76799e-126,0,2,0,0,0,0,0,5.32352e-129,-4.01071e-260,-1.50752e-131,0,-0.00814487,-0,-0
3.42,-5.6,-0.00814487,0,-3.65785e-126,0,2,0,0,0,0,0,6.87712e-129,-6.6947e-260,-1.94767e-131,0,-0.00814487,-0,-0
3.44,-5.6,-0.00814487,0,-2.89457e-125,0,2,0,0,0,0,0,6.14555e-129,-5.34566e-260,-1.74041e-131,0,-0.00814487,-0,-0
3.46,-5.6,-0.00814487,0,-7.1285e-125,0,2,0,0,0,0,0,3.56403e-130,-1.75589e-262,-1.00309e-132,0,-0.00814487,-0,-0
3.48,-5.6,-0.00814487,0,-1.27256e-124,0,2,0,0,0,0,0,-1.39006e-128,-2.73801e-259,3.93879e-131,0,-0.00814487,-0,-0
3.5,-5.6,-0.00814487,0,-1.79666e-124,0,2,0,0,0,0,0,-3.93519e-128,-2.19385e-258,1.11493e-130,0,-0.00814487,-0,-0
3.52,-5.6,-0.00814487,0,-1.89192e-124,0,2,0,0,0,0,0,-7.52851e-128,-8.02918e-258,2.13294e-130,0,-0.00814487,-0,-0
3.54,-5.6,-0.00814487,0,-8.86052e-125,0,2,0,0,0,0,0,-1.13124e-127,-1.8128e-257,3.20492e-130,0,-0.00814487,-0,-0
3.56,-5.6,-0.00814487,0,2.12979e-124,0,2,0,0,0,0,0,-1.30845e-127,-2.42523e-257,3.70697e-130,0,-0.00814487,-0,-0
3.58,-5.6,-0.00814487,0,8.04347e-124,0,2,0,0,0,0,0,-8.82488e-128,-1.10323e-257,2.50021e-130,0,-0.00814487,-0,-0
3.6,-5.6,-0.00814487,0,1.71117e-123,0,2,0,0,0,0,0,7.26205e-128,-7.46993e-258,-2.05732e-130,0,-0.00814487,-0,-0
3.62,-5.6,-0.00814487,0,2.78945e-123,0,2,0,0,0,0,0,4.14855e-127,-2.43788e-256,-1.1753e-129,0,-0.00814487,-0,-0
3.64,-5.60303,-0.00814927,0,3.57826e-123,0,2,0,0,0,0,0,9.72744e-127,-1.34042e-255,-2.75612e-129,0,-0.00814927,-0,-0
3.66,-5.60194,-0.0081477,0,3.15027e-123,0,2,0,0,0,0,0,1.6884e-126,-4.03878e-255,-4.78494e-129,0,-0.0081477,-0,-0
3.68,-5.6,-0.00814487,0,5.43541e-125,0,2,0,0,0,0,0,2.31845e-126,-7.61599e-255,-6.57022e-129,0,-0.00814487,-0,-0
3.7,-5.6,-0.00814487,0,-7.48095e-123,0,2,0,0,0,0,0,2.32932e-126,-7.68758e-255,-6.60101e-129,0,-0.00814487,-0,-0
3.72,-5.6,-0.00814487,0,-2.08452e-122,0,2,0,0,0,0,0,8.33132e-127,-9.8224e-256,-2.36222e-129,0,-0.00814487,-0,-0
3.74,-5.6,-0.00814487,0,-3.95946e-122,0,2,0,0,0,0,0,-3.33591e-126,-1.57546e-254,9.44892e-129,0,-0.00814487,-0,-0
3.76,-5.69732,-0.00828641,0,-5.91341e-122,0,2,0,0,0,0,0,-1.12548e-125,-1.79795e-253,3.20136e-128,0,-0.00828641,-0,-0
3.78,-5.6,-0.00814487,0,-6.78159e-122,0,2,0,0,0,0,0,-2.30816e-125,-7.59993e-253,6.6102e-128,0,-0.00814487,-0,-0
3.8,-5.69486,-0.00828284,0,-4.45206e-122,0,2,0,0,0,0,0,-3.66448e-125,-1.9171e-252,1.04522e-127,0,-0.00828284,-0,-0
3.82,-5.6,-0.00814487,0,4.10118e-122,0,2,0,0,0,0,0,-4.55489e-125,-2.96198e-252,1.30175e-127,0,-0.00814487,-0,-0
3.84,-5.6,-0.00814487,0,2.21405e-121,0,2,0,0,0,0,0,-3.73466e-125,-1.98914e-252,1.07068e-127,0,-0.00814487,-0,-0
3.86,-5.6,-0.00814487,0,5.13684e-121,0,2,0,0,0,0,0,6.93439e-126,-2.55887e-254,-1.83822e-128,0,-0.00814487,-0,-0
3.88,-5.6,-0.00814487,0,8.85961e-121,0,2,0,0,0,0,0,1.09671e-124,-1.68654e-251,-3.09442e-127,0,-0.00814487,-0,-0
3.9,-5.6,-0.00814487,0,1.2087e-120,0,2,0,0,0,0,0,2.86863e-124,-1.16171e-250,-8.11438e-127,0,-0.00814487,-0,-0
3.92,-5.6,-0.00814487,0,1.20047e-120,0,2,0,0,0,0,0,5.28603e-124,-3.95106e-250,-1.4963e-126,0,-0.00814487,-0,-0
3.94,-5.6,-0.00814487,0,3.95873e-121,0,2,0,0,0,0,0,7.68696e-124,-8.36015e-250,-2.1765e-126,0,-0.00814487,-0,-0
3.96,-5.6,-0.00814487,0,-1.812e-120,0,2,0,0,0,0,0,8.47871e-124,-1.01722e-249,-2.40081e-126,0,-0.00814487,-0,-0
3.98,-5.6,-0.00814487,0,-5.97611e-120,0,2,0,0,0,0,0,4.85472e-124,-3.33205e-250,-1.37411e-126,0,-0.00814487,-0,-0
4,-5.6,-0.00814487,0,-1.21574e-119,0,2,0,0,0,0,0,-7.0975e-124,-7.14434e-250,2.01203e-126,0,-0.00814487,-0,-0
4.02,-5.60035,-0.00814538,0,-1.91848e-119,0,2,0,0,0,0,0,-3.14122e-123,-1.39814e-248,8.90069e-126,0,-0.00814538,-0,-0
4.04,-5.6,-0.00814487,0,-2.36688e-119,0,2,0,0,0,0,0,-6.97819e-123,-6.89889e-248,1.97717e-125,0,-0.00814487,-0,-0
4.06,-5.6,-0.00814487,0,-1.90603e-119,0,2,0,0,0,0,0,-1.17119e-122,-1.94325e-247,3.31825e-125,0,-0.00814487,-0,-0
4.08,-5.69645,-0.00828515,0,4.562e-120,0,2,0,0,0,0,0,-1.5524e-122,-3.41493e-247,4.40443e-125,0,-0.00828515,-0,-0
4.1,-5.6,-0.00814487,0,5.88046e-119,0,2,0,0,0,0,0,-1.46116e-122,-3.02506e-247,4.14149e-125,0,-0.00814487,-0,-0
4.12,-5.6,-0.00814487,0,1.51769e-118,0,2,0,0,0,0,0,-2.85071e-123,-1.05187e-248,8.28682e-126,0,-0.00814487,-0,-0
4.14,-5.69435,-0.00828209,0,2.77771e-118,0,2,0,0,0,0,0,2.75031e-122,-1.0696e-246,-7.81903e-125,0,-0.00828209,-0,-0
4.16,-5.60077,-0.00814599,0,4.01447e-118,0,2,0,0,0,0,0,8.30573e-122,-9.85901e-246,-2.38238e-124,0,-0.00814599,-0,-0
4.18,-5.6,-0.00814487,0,4.3865e-118,0,2,0,0,0,0,0,1.63347e-121,-3.80813e-245,-4.64456e-124,0,-0.00814487,-0,-0
4.2,-5.6,-0.00814487,0,2.42055e-118,0,2,0,0,0,0,0,2.51077e-121,-8.973e-245,-7.12989e-124,0,-0.00814487,-0,-0
4.22,-5.6,-0.00814487,0,-3.92405e-118,0,2,0,0,0,0,0,2.99488e-121,-1.27566e-244,-8.5014e-124,0,-0.00814487,-0,-0
4.24,-5.6,-0.00814487,0,-1.67288e-117,0,2,0,0,0,0,0,2.21007e-121,-6.95712e-245,-6.27799e-124,0,-0.00814487,-0,-0
4.26,-5.6,-0.00814487,0,-3.68134e-117,0,2,0,0,0,0,0,-1.13569e-121,-1.80926e-245,3.20074e-124,0,-0.00814487,-0,-0
4.28,-5.6,-0.00814487,0,-6.14052e-117,0,2,0,0,0,0,0,-8.49836e-121,-1.02164e-243,2.40596e-123,0,-0.00814487,-0,-0
4.3,-5.6,-0.00814487,0,-8.08418e-117,0,2,0,0,0,0,0,-2.07794e-120,-6.11288e-243,5.88526e-123,0,-0.00814487,-0,-0
4.32,-5.60395,-0.00815062,0,-7.50853e-117,0,2,0,0,0,0,0,-3.69478e-120,-1.93321e-242,1.04669e-122,0,-0.00815062,-0,-0
4.34,-5.69566,-0.008284,0,-1.20622e-117,0,2,0,0,0,0,0,-5.19648e-120,-3.82607e-242,1.47486e-122,0,-0.008284,-0,-0
4.36,-5.6,-0.00814487,0,1.48494e-116,0,2,0,0,0,0,0,-5.43773e-120,-4.19025e-242,1.54436e-122,0,-0.00814487,-0,-0
4.38,-5.6,-0.00814487,0,4.40375e-116,0,2,0,0,0,0,0,-2.46785e-120,-8.47774e-243,7.07763e-123,0,-0.00814487,-0,-0
4.4,-5.6,-0.00814487,0,8.59606e-116,0,2,0,0,0,0,0,6.33965e-120,-5.60248e-242,-1.78746e-122,0,-0.00814487,-0,-0
4.42,-5.69756,-0.00828676,0,1.31331e-115,0,2,0,0,0,0,0,2.35318e-119,-7.83832e-241,-6.68637e-122,0,-0.00828676,-0,-0
4.44,-5.6,-0.00814487,0,1.55398e-115,0,2,0,0,0,0,0,4.9798e-119,-3.5344e-240,-1.42574e-121,0,-0.00814487,-0,-0
4.46,-5.69721,-0.00828626,0,1.12125e-115,0,2,0,0,0,0,0,8.08776e-119,-9.3338e-240,-2.30622e-121,0,-0.00828626,-0,-0
4.48,-5.6,-0.00814487,0,-6.59906e-116,0,2,0,0,0,0,0,1.03303e-118,-1.52302e-239,-2.95257e-121,0,-0.00814487,-0,-0
4.5,-5.69804,-0.00828746,0,-4.54337e-115,0,2,0,0,0,0,0,9.01045e-119,-1.15802e-239,-2.57864e-121,0,-0.00828746,-0,-0
4.52,-5.69747,-0.00828664,0,-1.09812e-114,0,2,0,0,0,0,0,-7.62908e-121,-1.00524e-241,5.56966e-123,0,-0.00828664,-0,-0
4.54,-5.6,-0.00814487,0,-1.93991e-114,0,2,0,0,0,0,0,-2.20388e-118,-7.05406e-239,6.3498e-121,0,-0.00814487,-0,-0
4.56,-5.69818,-0.00828767,0,-2.71112e-114,0,2,0,0,0,0,0,-6.0837e-118,-5.30139e-238,1.7342e-120,0,-0.00828767,-0,-0
4.58,-5.6,-0.00814487,0,-2.80728e-114,0,2,0,0,0,0,0,-1.15059e-117,-1.89424e-237,3.29729e-120,0,-0.00814487,-0,-0
4.6,-5.6,-0.00814487,0,-1.20528e-114,0,2,0,0,0,0,0,-1.71205e-117,-4.1901e-237,4.87863e-120,0,-0.00814487,-0,-0
4.62,-5.6,-0.00814487,0,3.46332e-114,0,2,0,0,0,0,0,-1.95311e-117,-5.44844e-237,5.56156e-120,0,-0.00814487,-0,-0
4.64,-5.6,-0.00814487,0,1.25091e-113,0,2,0,0,0,0,0,-1.26044e-117,-2.27577e-237,3.5992e-120,0,-0.00814487,-0,-0
4.66,-5.69836,-0.00828793,0,2.6246e-113,0,2,0,0,0,0,0,1.24139e-117,-2.17639e-237,-3.53013e-120,0,-0.00828793,-0,-0
4.68,-5.6,-0.00814487,0,4.23678e-113,0,2,0,0,0,0,0,6.49058e-117,-6.04234e-236,-1.86626e-119,0,-0.00814487,-0,-0
4.7,-5.6,-0.00814487,0,5.37294e-113,0,2,0,0,0,0,0,1.49641e-116,-3.19824e-235,-4.25282e-119,0,-0.00814487,-0,-0
4.72,-5.6,-0.00814487,0,4.61333e-113,0,2,0,0,0,0,0,2.571e-116,-9.404e-235,-7.29719e-119,0,-0.00814487,-0,-0
4.74,-5.6,-0.00814487,0,-2.42245e-114,0,2,0,0,0,0,0,3.49367e-116,-1.73428e-234,-9.91116e-119,0,-0.00814487,-0,-0
4.76,-5.6,-0.00814487,0,-1.18464e-112,0,2,0,0,0,0,0,3.44522e-116,-1.68659e-234,-9.7739e-119,0,-0.00814487,-0,-0
4.78,-5.6,-0.00814487,0,-3.22139e-112,0,2,0,0,0,0,0,1.07594e-116,-1.66049e-235,-3.06159e-119,0,-0.00814487,-0,-0
4.8,-5.6,-0.00814487,0,-6.04975e-112,0,2,0,0,0,0,0,-5.36684e-116,-4.07346e-234,1.51912e-118,0,-0.00814487,-0,-0
4.82,-5.6,-0.00814487,0,-8.94705e-112,0,2,0,0,0,0,0,-1.74663e-115,-4.31918e-233,4.94698e-118,0,-0.00814487,-0,-0
4.84,-5.69553,-0.00828381,0,-1.01176e-111,0,2,0,0,0,0,0,-3.53604e-115,-1.77264e-232,1.00453e-117,0,-0.00828381,-0,-0
4.86,-5.6,-0.00814487,0,-6.33997e-112,0,2,0,0,0,0,0,-5.55956e-115,-4.39524e-232,1.58759e-117,0,-0.00814487,-0,-0
4.88,-5.6,-0.00814487,0,6.95521e-112,0,2,0,0,0,0,0,-6.82755e-115,-6.63507e-232,1.94477e-117,0,-0.00814487,-0,-0
4.9,-5.6,-0.00814487,0,3.46162e-111,0,2,0,0,0,0,0,-5.43651e-115,-4.2039e-232,1.55068e-117,0,-0.00814487,-0,-0
4.92,-5.6,-0.00814487,0,7.89979e-111,0,2,0,0,0,0,0,1.48674e-115,-2.57765e-233,-4.10716e-118,0,-0.00814487,-0,-0
4.94,-5.69658,-0.00828534,0,1.34876e-110,0,2,0,0,0,0,0,1.72863e-114,-4.22598e-231,-4.91257e-117,0,-0.00828534,-0,-0
4.96,-5.6,-0.00814487,0,1.82078e-110,0,2,0,0,0,0,0,4.42614e-114,-2.7963e-230,-1.26866e-116,0,-0.00814487,-0,-0
4.98,-5.6,-0.00814487,0,1.77413e-110,0,2,0,0,0,0,0,8.06771e-114,-9.28657e-230,-2.29441e-116,0,-0.00814487,-0,-0
5,-5.6,-0.00814487,0,5.01486e-111,0,2,0,0,0,0,0,1.1616e-113,-1.92112e-229,-3.29965e-116,0,-0.00814487,-0,-0
5.02,-5.6,-0.00814487,0,-2.90925e-110,0,2,0,0,0,0,0,1.26189e-113,-2.26631e-229,-3.5838e-116,0,-0.00814487,-0,-0
5.04,-5.6,-0.00814487,0,-9.27008e-110,0,2,0,0,0,0,0,6.80044e-114,-6.60643e-230,-1.93538e-116,0,-0.00814487,-0,-0
5.06,-5.60293,-0.00814913,0,-1.86198e-109,0,2,0,0,0,0,0,-1.17397e-113,-1.9422e-229,3.31807e-116,0,-0.00814913,-0,-0
5.08,-5.6036,-0.00815011,0,-2.90986e-109,0,2,0,0,0,0,0,-4.89792e-113,-3.39562e-228,1.3876e-115,0,-0.00815011,-0,-0
5.1,-5.6,-0.00814487,0,-3.54634e-109,0,2,0,0,0,0,0,-1.07176e-112,-1.62712e-227,3.03714e-115,0,-0.00814487,-0,-0
5.12,-5.6,-0.00814487,0,-2.7702e-109,0,2,0,0,0,0,0,-1.78103e-112,-4.49375e-227,5.04611e-115,0,-0.00814487,-0,-0
5.14,-5.6,-0.00814487,0,9.20686e-110,0,2,0,0,0,0,0,-2.33507e-112,-7.72432e-227,6.61574e-115,0,-0.00814487,-0,-0
5.16,-5.69659,-0.00828535,0,9.25996e-109,0,2,0,0,0,0,0,-2.15094e-112,-6.55435e-227,6.09107e-115,0,-0.00828535,-0,-0
5.18,-5.6,-0.00814487,0,2.3409e-108,0,2,0,0,0,0,0,-2.98944e-113,-2.16071e-228,7.53762e-116,0,-0.00814487,-0,-0
5.2,-5.6,-0.00814487,0,4.23837e-108,0,2,0,0,0,0,0,4.38285e-112,-2.76024e-226,-1.24338e-114,0,-0.00814487,-0,-0
5.22,-5.6,-0.00814487,0,6.06459e-108,0,2,0,0,0,0,0,1.28596e-111,-2.34785e-225,-3.64489e-114,0,-0.00814487,-0,-0
5.24,-5.6,-0.00814487,0,6.52455e-108,0,2,0,0,0,0,0,2.49888e-111,-8.85276e-225,-7.08116e-114,0,-0.00814487,-0,-0
5.26,-5.6,-0.00814487,0,3.37411e-108,0,2,0,0,0,0,0,3.80379e-111,-2.05051e-224,-1.0778e-113,0,-0.00814487,-0,-0
5.28,-5.6,-0.00814487,0,-6.46316e-108,0,2,0,0,0,0,0,4.47861e-111,-2.84234e-224,-1.26899e-113,0,-0.00814487,-0,-0
5.3,-5.6,-0.00814487,0,-2.60691e-107,0,2,0,0,0,0,0,3.18598e-111,-1.4387e-224,-9.02776e-114,0,-0.00814487,-0,-0
5.32,-5.6,-0.00814487,0,-5.65244e-107,0,2,0,0,0,0,0,-2.02785e-111,-5.82478e-225,5.74334e-114,0,-0.00814487,-0,-0
5.34,-5.6,-0.00814487,0,-9.33551e-107,0,2,0,0,0,0,0,-1.33327e-110,-2.51785e-223,3.77707e-113,0,-0.00814487,-0,-0
5.36,-5.6,-0.00814487,0,-1.21556e-106,0,2,0,0,0,0,0,-3.20037e-110,-1.45082e-222,9.06669e-113,0,-0.00814487,-0,-0
5.38,-5.6,-0.00814487,0,-1.1042e-106,0,2,0,0,0,0,0,-5.6315e-110,-4.49226e-222,1.59542e-112,0,-0.00814487,-0,-0
5.4,-5.6967,-0.00828551,0,-1.12676e-107,0,2,0,0,0,0,0,-7.8399e-110,-8.70941e-222,2.22467e-112,0,-0.00828551,-0,-0
5.42,-5.6,-0.00814487,0,2.3629e-106,0,2,0,0,0,0,0,-8.06525e-110,-9.21806e-222,2.28962e-112,0,-0.00814487,-0,-0
5.44,-5.6,-0.00814487,0,6.81545e-106,0,2,0,0,0,0,0,-3.33944e-110,-1.54767e-222,9.58476e-113,0,-0.00814487,-0,-0
5.46,-5.6,-0.00814487,0,1.31468e-105,0,2,0,0,0,0,0,1.02915e-109,-1.48021e-221,-2.90324e-112,0,-0.00814487,-0,-0
5.48,-5.69705,-0.00828603,0,1.98912e-105,0,2,0,0,0,0,0,3.65851e-109,-1.89496e-220,-1.03954e-111,0,-0.00828603,-0,-0
5.5,-5.60427,-0.00815108,0,2.32276e-105,0,2,0,0,0,0,0,7.63674e-109,-8.31162e-220,-2.18642e-111,0,-0.00815108,-0,-0
5.52,-5.60126,-0.0081467,0,1.61277e-105,0,2,0,0,0,0,0,1.22823e-108,-2.15149e-219,-3.49602e-111,0,-0.0081467,-0,-0
5.54,-5.6,-0.00814487,0,-1.16133e-105,0,2,0,0,0,0,0,1.55078e-108,-3.42653e-219,-4.40981e-111,0,-0.00814487,-0,-0
5.56,-5.6,-0.00814487,0,-7.12241e-105,0,2,0,0,0,0,0,1.31851e-108,-2.47869e-219,-3.75183e-111,0,-0.00814487,-0,-0
5.58,-5.60021,-0.00814517,0,-1.69075e-104,0,2,0,0,0,0,0,-1.05969e-109,-8.65117e-222,2.83861e-112,0,-0.00814517,-0,-0
5.6,-5.6,-0.00814487,0,-2.95603e-104,0,2,0,0,0,0,0,-3.48747e-108,-1.71665e-218,9.86422e-111,0,-0.00814487,-0,-0
5.62,-5.6,-0.00814487,0,-4.08897e-104,0,2,0,0,0,0,0,-9.39953e-108,-1.24995e-217,2.66132e-110,0,-0.00814487,-0,-0
5.64,-5.6,-0.00814487,0,-4.1608e-104,0,2,0,0,0,0,0,-1.75775e-107,-4.37373e-217,4.97819e-110,0,-0.00814487,-0,-0
5.66,-5.6,-0.00814487,0,-1.61517e-104,0,2,0,0,0,0,0,-2.58991e-107,-9.49731e-217,7.33575e-110,0,-0.00814487,-0,-0
5.68,-5.6,-0.00814487,0,5.60729e-104,0,2,0,0,0,0,0,-2.91294e-107,-1.20148e-216,8.25092e-110,0,-0.00814487,-0,-0
5.7,-5.60356,-0.00815005,0,1.94384e-103,0,2,0,0,0,0,0,-1.79148e-107,-4.54356e-217,5.07309e-110,0,-0.00815005,-0,-0
5.72,-5.60296,-0.00814917,0,4.02382e-103,0,2,0,0,0,0,0,2.09619e-107,-6.24697e-217,-5.94988e-110,0,-0.00814917,-0,-0
5.74,-5.6,-0.00814487,0,6.43241e-103,0,2,0,0,0,0,0,1.01438e-106,-1.45904e-215,-2.87565e-109,0,-0.00814487,-0,-0
5.76,-5.69926,-0.00828924,0,8.06271e-103,0,2,0,0,0,0,0,2.30087e-106,-7.51301e-215,-6.54123e-109,0,-0.00828924,-0,-0
5.78,-5.69517,-0.00828329,0,6.74201e-103,0,2,0,0,0,0,0,3.91341e-106,-2.18254e-214,-1.12165e-108,0,-0.00828329,-0,-0
5.8,-5.6,-0.00814487,0,-8.64156e-104,0,2,0,0,0,0,0,5.26181e-106,-3.95576e-214,-1.5079e-108,0,-0.00814487,-0,-0
5.82,-5.6,-0.00814487,0,-1.8725e-102,0,2,0,0,0,0,0,5.08898e-106,-3.69937e-214,-1.45921e-108,0,-0.00814487,-0,-0
5.84,-5.69677,-0.00828562,0,-4.97532e-102,0,2,0,0,0,0,0,1.34397e-106,-2.29884e-215,-3.92117e-109,0,-0.00828562,-0,-0
5.86,-5.6007,-0.00814589,0,-9.23976e-102,0,2,0,0,0,0,0,-8.60667e-106,-1.05967e-213,2.4758e-108,0,-0.00814589,-0,-0
5.88,-5.6,-0.00814487,0,-1.35308e-101,0,2,0,0,0,0,0,-2.70862e-105,-1.04519e-212,7.68166e-108,0,-0.00814487,-0,-0
5.9,-5.6,-0.00814487,0,-1.50816e-101,0,2,0,0,0,0,0,-5.41479e-105,-4.16131e-212,1.53481e-107,0,-0.00814487,-0,-0
5.92,-5.6,-0.00814487,0,-8.9805e-102,0,2,0,0,0,0,0,-8.43111e-105,-1.00796e-211,2.38935e-107,0,-0.00814487,-0,-0
5.94,-5.6,-0.00814487,0,1.16693e-101,0,2,0,0,0,0,0,-1.02272e-104,-1.48281e-211,2.8982e-107,0,-0.00814487,-0,-0
5.96,-5.60105,-0.0081464,0,5.40653e-101,0,2,0,0,0,0,0,-7.89336e-105,-8.8357e-212,2.23696e-107,0,-0.0081464,-0,-0
5.98,-5.69587,-0.00828431,0,1.2143e-100,0,2,0,0,0,0,0,2.9197e-105,-1.28371e-212,-8.44503e-108,0,-0.00828431,-0,-0
6,-5.6,-0.00814487,0,2.05247e-100,0,2,0,0,0,0,0,2.72056e-104,-1.06767e-210,-7.84221e-107,0,-0.00814487,-0,-0
6.02,-5.6,-0.00814487,0,2.74136e-100,0,2,0,0,0,0,0,6.8255e-104,-6.66357e-210,-1.94054e-106,0,-0.00814487,-0,-0
6.04,-5.6,-0.00814487,0,2.61833e-100,0,2,0,0,0,0,0,1.23082e-103,-2.15611e-209,-3.49383e-106,0,-0.00814487,-0,-0
6.06,-5.6,-0.00814487,0,6.08869e-101,0,2,0,0,0,0,0,1.75449e-103,-4.37416e-209,-4.97741e-106,0,-0.00814487,-0,-0
6.08,-5.6,-0.00814487,0,-4.65698e-100,0,2,0,0,0,0,0,1.87626e-103,-5.00129e-209,-5.3224e-106,0,-0.00814487,-0,-0
6.1,-5.6,-0.00814487,0,-1.43694e-99,0,2,0,0,0,0,0,9.44868e-104,-1.27287e-209,-2.6837e-106,0,-0.00814487,-0,-0
6.12,-5.7,-0.00829031,0,-2.85051e-99,0,2,0,0,0,0,0,-1.92901e-103,-5.31183e-209,5.50663e-106,0,-0.00829031,-0,-0
6.14,-5.7,-0.00829031,0,-4.41165e-99,0,2,0,0,0,0,0,-7.63002e-103,-8.37724e-208,2.20425e-105,0,-0.00829031,-0,-0
6.16,-5.69689,-0.00828579,0,-5.30987e-99,0,2,0,0,0,0,0,-1.64533e-102,-3.90492e-207,4.74812e-105,0,-0.00828579,-0,-0
6.18,-5.6,-0.00814487,0,-4.01508e-99,0,2,0,0,0,0,0,-2.70731e-102,-1.05654e-206,7.79091e-105,0,-0.00814487,-0,-0
6.2,-5.6,-0.00814487,0,1.74592e-99,0,2,0,0,0,0,0,-3.51032e-102,-1.77311e-206,1.00528e-104,0,-0.00814487,-0,-0
6.22,-5.6,-0.00814487,0,1.45606e-98,0,2,0,0,0,0,0,-3.16114e-102,-1.43935e-206,9.06353e-105,0,-0.00814487,-0,-0
6.24,-5.60474,-0.00815177,0,3.60864e-98,0,2,0,0,0,0,0,-2.49025e-103,-1.48018e-209,8.10998e-106,0,-0.00815177,-0,-0
6.26,-5.60002,-0.0081449,0,6.46449e-98,0,2,0,0,0,0,0,6.96826e-102,-6.80101e-206,-1.96534e-104,0,-0.0081449,-0,-0
6.28,-5.6,-0.00814487,0,9.15728e-98,0,2,0,0,0,0,0,1.98972e-101,-5.58844e-205,-5.62717e-104,0,-0.00814487,-0,-0
6.3,-5.6,-0.00814487,0,9.69499e-98,0,2,0,0,0,0,0,3.82118e-101,-2.06457e-204,-1.08158e-103,0,-0.00814487,-0,-0
6.32,-5.6,-0.00814487,0,4.6606e-98,0,2,0,0,0,0,0,5.76018e-101,-4.69433e-204,-1.63091e-103,0,-0.00814487,-0,-0
6.34,-5.6,-0.00814487,0,-1.05814e-97,0,2,0,0,0,0,0,6.6923e-101,-6.33761e-204,-1.89498e-103,0,-0.00814487,-0,-0
6.36,-5.6,-0.00814487,0,-4.05883e-97,0,2,0,0,0,0,0,4.57602e-101,-2.9617e-204,-1.29543e-103,0,-0.00814487,-0,-0
6.38,-5.6,-0.00814487,0,-8.67494e-97,0,2,0,0,0,0,0,-3.54165e-101,-1.78028e-204,1.00435e-103,0,-0.00814487,-0,-0
6.4,-5.6,-0.00814487,0,-1.41871e-96,0,2,0,0,0,0,0,-2.08915e-100,-6.18458e-203,5.91968e-103,0,-0.00814487,-0,-0
6.42,-5.6,-0.00814487,0,-1.82669e-96,0,2,0,0,0,0,0,-4.92657e-100,-3.43856e-202,1.39583e-102,0,-0.00814487,-0,-0
6.44,-5.6,-0.00814487,0,-1.62104e-96,0,2,0,0,0,0,0,-8.57996e-100,-1.04287e-201,2.43085e-102,0,-0.00814487,-0,-0
6.46,-5.6,-0.00814487,0,-6.32784e-98,0,2,0,0,0,0,0,-1.1822e-99,-1.97987e-201,3.34935e-102,0,-0.00814487,-0,-0
6.48,-5.6,-0.00814487,0,3.75171e-96,0,2,0,0,0,0,0,-1.19486e-99,-2.02248e-201,3.38521e-102,0,-0.00814487,-0,-0
6.5,-5.6,-0.00814487,0,1.05412e-95,0,2,0,0,0,0,0,-4.44517e-100,-2.79943e-202,1.25944e-102,0,-0.00814487,-0,-0
6.52,-5.6,-0.00814487,0,2.00984e-95,0,2,0,0,0,0,0,1.66372e-99,-3.92073e-201,-4.71331e-102,0,-0.00814487,-0,-0
6.54,-5.6,-0.00814487,0,3.01134e-95,0,2,0,0,0,0,0,5.68339e-99,-4.57547e-200,-1.61013e-101,0,-0.00814487,-0,-0
6.56,-5.69883,-0.00828861,0,3.46915e-95,0,2,0,0,0,0,0,1.17061e-98,-1.94336e-199,-3.32643e-101,0,-0.00828861,-0,-0
6.58,-5.6,-0.00814487,0,2.31062e-95,0,2,0,0,0,0,0,1.86444e-98,-4.94529e-199,-5.32678e-101,0,-0.00814487,-0,-0
6.6,-5.6,-0.00814487,0,-2.00619e-95,0,2,0,0,0,0,0,2.32656e-98,-7.7081e-199,-6.62831e-101,0,-0.00814487,-0,-0
6.62,-5.60417,-0.00815093,0,-1.11522e-94,0,2,0,0,0,0,0,1.92532e-98,-5.27666e-199,-5.49129e-101,0,-0.00815093,-0,-0
6.64,-5.6,-0.00814487,0,-2.60187e-94,0,2,0,0,0,0,0,-3.05122e-99,-8.09592e-201,8.32401e-102,0,-0.00814487,-0,-0
6.66,-5.6,-0.00814487,0,-4.50257e-94,0,2,0,0,0,0,0,-5.50887e-98,-4.27637e-198,1.55713e-100,0,-0.00814487,-0,-0
6.68,-5.6,-0.00814487,0,-6.16393e-94,0,2,0,0,0,0,0,-1.4514e-97,-2.97856e-197,4.10834e-100,0,-0.00814487,-0,-0
6.7,-5.6,-0.00814487,0,-6.15956e-94,0,2,0,0,0,0,0,-2.68419e-97,-1.01961e-196,7.6009e-100,0,-0.00814487,-0,-0
6.72,-5.6,-0.00814487,0,-2.12288e-94,0,2,0,0,0,0,0,-3.9161e-97,-2.17094e-196,1.1091e-99,0,-0.00814487,-0,-0
6.74,-5.6,-0.00814487,0,9.04345e-94,0,2,0,0,0,0,0,-4.34068e-97,-2.66737e-196,1.22938e-99,0,-0.00814487,-0,-0
6.76,-5.6,-0.00814487,0,3.01825e-93,0,2,0,0,0,0,0,-2.53199e-97,-9.072e-197,7.16971e-100,0,-0.00814487,-0,-0
6.78,-5.6,-0.00814487,0,6.16628e-93,0,2,0,0,0,0,0,3.5045e-97,-1.74094e-196,-9.93204e-100,0,-0.00814487,-0,-0
6.8,-5.69655,-0.0082853,0,9.76182e-93,0,2,0,0,0,0,0,1.58371e-96,-3.56269e-195,-4.50717e-99,0,-0.0082853,-0,-0
6.82,-5.6,-0.00814487,0,1.20912e-92,0,2,0,0,0,0,0,3.53607e-96,-1.78549e-194,-1.01337e-98,0,-0.00814487,-0,-0
6.84,-5.6,-0.00814487,0,9.83098e-93,0,2,0,0,0,0,0,5.95432e-96,-5.06088e-194,-1.69454e-98,0,-0.00814487,-0,-0
6.86,-5.6,-0.00814487,0,-2.07033e-93,0,2,0,0,0,0,0,7.92051e-96,-8.94029e-194,-2.25157e-98,0,-0.00814487,-0,-0
6.88,-5.69723,-0.00828629,0,-2.95477e-92,0,2,0,0,0,0,0,7.50645e-96,-8.03238e-194,-2.13359e-98,0,-0.00828629,-0,-0
6.9,-5.6,-0.00814487,0,-7.67973e-92,0,2,0,0,0,0,0,1.59692e-96,-4.56666e-195,-4.3031e-99,0,-0.00814487,-0,-0
6.92,-5.6,-0.00814487,0,-1.41061e-91,0,2,0,0,0,0,0,-1.37626e-95,-2.71201e-193,3.89593e-98,0,-0.00814487,-0,-0
6.94,-5.6,-0.00814487,0,-2.04536e-91,0,2,0,0,0,0,0,-4.19748e-95,-2.49779e-192,1.18886e-97,0,-0.00814487,-0,-0
6.96,-5.7,-0.00829031,0,-2.2461e-91,0,2,0,0,0,0,0,-8.28819e-95,-9.74208e-192,2.35468e-97,0,-0.00829031,-0,-0
6.98,-5.60201,-0.00814779,0,-1.26426e-91,0,2,0,0,0,0,0,-1.27804e-94,-2.32296e-191,3.65023e-97,0,-0.00814779,-0,-0
7,-5.60417,-0.00815094,0,1.94057e-91,0,2,0,0,0,0,0,-1.53089e-94,-3.33614e-191,4.36275e-97,0,-0.00815094,-0,-0
7.02,-5.7,-0.00829031,0,8.43577e-91,0,2,0,0,0,0,0,-1.14278e-94,-1.85736e-191,3.25596e-97,0,-0.00829031,-0,-0
7.04,-5.6,-0.00814487,0,1.86563e-90,0,2,0,0,0,0,0,5.44378e-95,-4.67448e-192,-1.60802e-97,0,-0.00814487,-0,-0
7.06,-5.6,-0.00814487,0,3.12208e-90,0,2,0,0,0,0,0,4.27564e-94,-2.61007e-190,-1.2116e-96,0,-0.00814487,-0,-0
7.08,-5.6,-0.00814487,0,4.12511e-90,0,2,0,0,0,0,0,1.05198e-93,-1.56985e-189,-2.98061e-96,0,-0.00814487,-0,-0
7.1,-5.6,-0.00814487,0,3.85859e-90,0,2,0,0,0,0,0,1.877e-93,-4.99309e-189,-5.31794e-96,0,-0.00814487,-0,-0
7.12,-5.6,-0.00814487,0,6.90864e-91,0,2,0,0,0,0,0,2.64872e-93,-9.94065e-189,-7.50427e-96,0,-0.00814487,-0,-0
7.14,-5.60157,-0.00814716,0,-7.43444e-90,0,2,0,0,0,0,0,2.78689e-93,-1.10046e-188,-7.89576e-96,0,-0.00814716,-0,-0
7.16,-5.60405,-0.00815076,0,-2.22583e-89,0,2,0,0,0,0,0,1.3e-93,-2.39765e-189,-3.68111e-96,0,-0.00815076,-0,-0
7.18,-5.6,-0.00814487,0,-4.362e-89,0,2,0,0,0,0,0,-3.15166e-93,-1.41008e-188,8.93868e-96,0,-0.00814487,-0,-0
7.2,-5.6,-0.00814487,0,-6.68566e-89,0,2,0,0,0,0,0,-1.18757e-92,-1.99872e-187,3.36484e-95,0,-0.00814487,-0,-0
7.22,-5.6,-0.00814487,0,-7.94467e-89,0,2,0,0,0,0,0,-2.5247e-92,-9.03059e-187,7.15301e-95,0,-0.00814487,-0,-0
7.24,-5.6,-0.00814487,0,-5.80169e-89,0,2,0,0,0,0,0,-4.11363e-92,-2.39726e-186,1.16546e-94,0,-0.00814487,-0,-0
7.26,-5.6,-0.00814487,0,3.1818e-89,0,2,0,0,0,0,0,-5.27397e-92,-3.9403e-186,1.49419e-94,0,-0.00814487,-0,-0
7.28,-5.6,-0.00814487,0,2.28643e-88,0,2,0,0,0,0,0,-4.63761e-92,-3.04682e-186,1.3139e-94,0,-0.00814487,-0,-0
7.3,-5.6,-0.00814487,0,5.55998e-88,0,2,0,0,0,0,0,-6.47448e-94,-6.47016e-190,1.83812e-96,0,-0.00814487,-0,-0
7.32,-5.6,-0.00814487,0,9.85585e-88,0,2,0,0,0,0,0,1.10552e-91,-1.73121e-185,-3.13197e-94,0,-0.00814487,-0,-0
7.34,-5.6,-0.00814487,0,1.38204e-87,0,2,0,0,0,0,0,3.07669e-91,-1.34088e-184,-8.71641e-94,0,-0.00814487,-0,-0
7.36,-5.6,-0.00814487,0,1.43908e-87,0,2,0,0,0,0,0,5.84077e-91,-4.83241e-184,-1.65472e-93,0,-0.00814487,-0,-0
7.38,-5.6,-0.00814487,0,6.36645e-88,0,2,0,0,0,0,0,8.71893e-91,-1.07684e-183,-2.47012e-93,0,-0.00814487,-0,-0
7.4,-5.6,-0.00814487,0,-1.72337e-87,0,2,0,0,0,0,0,9.99222e-91,-1.41432e-183,-2.83085e-93,0,-0.00814487,-0,-0
7.42,-5.6,-0.00814487,0,-6.314e-87,0,2,0,0,0,0,0,6.54548e-91,-6.06886e-184,-1.85437e-93,0,-0.00814487,-0,-0
7.44,-5.6,-0.00814487,0,-1.33076e-86,0,2,0,0,0,0,0,-6.08251e-91,-5.24076e-184,1.72322e-93,0,-0.00814487,-0,-0
7.46,-5.6,-0.00814487,0,-2.15511e-86,0,2,0,0,0,0,0,-3.26977e-90,-1.51447e-182,9.26347e-93,0,-0.00814487,-0,-0
7.48,-5.6,-0.00814487,0,-2.74343e-86,0,2,0,0,0,0,0,-7.58e-90,-8.13887e-182,2.14746e-92,0,-0.00814487,-0,-0
7.5,-5.6963,-0.00828493,0,-2.3754e-86,0,2,0,0,0,0,0,-1.30668e-89,-2.42045e-181,3.71083e-92,0,-0.00828493,-0,-0
7.52,-5.69745,-0.0082866,0,6.8765e-88,0,2,0,0,0,0,0,-1.78177e-89,-4.51e-181,5.08771e-92,0,-0.0082866,-0,-0
7.54,-5.69897,-0.00828882,0,5.94474e-86,0,2,0,0,0,0,0,-1.76801e-89,-4.4403e-181,5.04807e-92,0,-0.00828882,-0,-0
7.56,-5.60528,-0.00815254,0,1.62935e-85,0,2,0,0,0,0,0,-5.79063e-90,-4.67964e-182,1.63865e-92,0,-0.00815254,-0,-0
7.58,-5.60109,-0.00814645,0,3.07129e-85,0,2,0,0,0,0,0,2.67963e-89,-1.01188e-180,-7.54832e-92,0,-0.00814645,-0,-0
7.6,-5.6,-0.00814487,0,4.55687e-85,0,2,0,0,0,0,0,8.82221e-89,-1.0993e-179,-2.49486e-91,0,-0.00814487,-0,-0
7.62,-5.69794,-0.00828732,0,5.17712e-85,0,2,0,0,0,0,0,1.7936e-88,-4.55472e-179,-5.09172e-91,0,-0.00828732,-0,-0
7.64,-5.6,-0.00814487,0,3.2957e-85,0,2,0,0,0,0,0,2.82902e-88,-1.1372e-178,-8.07644e-91,0,-0.00814487,-0,-0
7.66,-5.6,-0.00814487,0,-3.41615e-85,0,2,0,0,0,0,0,3.48816e-88,-1.73083e-178,-9.93294e-91,0,-0.00814487,-0,-0
7.68,-5.6,-0.00814487,0,-1.74425e-84,0,2,0,0,0,0,0,2.80493e-88,-1.1183e-178,-7.99731e-91,0,-0.00814487,-0,-0
7.7,-5.6,-0.00814487,0,-4.002e-84,0,2,0,0,0,0,0,-6.83572e-89,-5.23082e-180,1.88583e-91,0,-0.00814487,-0,-0
7.72,-5.6,-0.00814487,0,-6.85548e-84,0,2,0,0,0,0,0,-8.68756e-88,-1.06366e-177,2.45616e-90,0,-0.00814487,-0,-0
7.74,-5.6,-0.00814487,0,-9.28698e-84,0,2,0,0,0,0,0,-2.23985e-87,-7.09423e-177,6.34056e-90,0,-0.00814487,-0,-0
7.76,-5.6,-0.00814487,0,-9.10694e-84,0,2,0,0,0,0,0,-4.09725e-87,-2.37581e-176,1.16027e-89,0,-0.00814487,-0,-0
7.78,-5.6,-0.00814487,0,-2.7182e-84,0,2,0,0,0,0,0,-5.91864e-87,-4.95903e-176,1.67628e-89,0,-0.00814487,-0,-0
7.8,-5.6,-0.00814487,0,1.4535e-83,0,2,0,0,0,0,0,-6.46228e-87,-5.91219e-176,1.83029e-89,0,-0.00814487,-0,-0
7.82,-5.6,-0.00814487,0,4.68299e-83,0,2,0,0,0,0,0,-3.55527e-87,-1.78858e-176,1.00672e-89,0,-0.00814487,-0,-0
7.84,-5.6,-0.00814487,0,9.44538e-83,0,2,0,0,0,0,0,5.81072e-87,-4.78569e-176,-1.64672e-89,0,-0.00814487,-0,-0
7.86,-5.60455,-0.00815149,0,1.48083e-82,0,2,0,0,0,0,0,2.47015e-86,-8.64541e-175,-7.00004e-89,0,-0.00815149,-0,-0
7.88,-5.60212,-0.00814796,0,1.81206e-82,0,2,0,0,0,0,0,5.43181e-86,-4.18134e-174,-1.53985e-88,0,-0.00814796,-0,-0
7.9,-5.6042,-0.00815098,0,1.43003e-82,0,2,0,0,0,0,0,9.05593e-86,-1.16231e-173,-2.56695e-88,0,-0.00815098,-0,-0
7.92,-5.60245,-0.00814843,0,-4.30132e-83,0,2,0,0,0,0,0,1.1916e-85,-2.01244e-173,-3.37785e-88,0,-0.00814843,-0,-0
7.94,-5.6,-0.00814487,0,-4.65518e-82,0,2,0,0,0,0,0,1.10557e-85,-1.73234e-173,-3.13409e-88,0,-0.00814487,-0,-0
7.96,-5.6,-0.00814487,0,-1.18475e-81,0,2,0,0,0,0,0,1.74536e-86,-4.21459e-175,-4.96787e-89,0,-0.00814487,-0,-0
7.98,-5.6,-0.00814487,0,-2.15267e-81,0,2,0,0,0,0,0,-2.19496e-85,-6.81812e-173,6.21613e-88,0,-0.00814487,-0,-0
8,-5.6036,-0.0081501,0,-3.09037e-81,0,2,0,0,0,0,0,-6.50029e-85,-5.98414e-172,1.8416e-87,0,-0.0081501,-0,-0
8.02,-5.60245,-0.00814844,0,-3.34195e-81,0,2,0,0,0,0,0,-1.2681e-84,-2.2782e-171,3.59402e-87,0,-0.00814844,-0,-0
8.04,-5.6,-0.00814487,0,-1.767e-81,0,2,0,0,0,0,0,-1.93649e-84,-5.31341e-171,5.48803e-87,0,-0.00814487,-0,-0
8.06,-5.6,-0.00814487,0,3.20325e-81,0,2,0,0,0,0,0,-2.28989e-84,-7.42977e-171,6.48909e-87,0,-0.00814487,-0,-0
8.08,-5.6,-0.00814487,0,1.31498e-80,0,2,0,0,0,0,0,-1.64924e-84,-3.85392e-171,4.67409e-87,0,-0.00814487,-0,-0
8.1,-5.6,-0.00814487,0,2.86498e-80,0,2,0,0,0,0,0,9.80717e-85,-1.35896e-171,-2.77674e-87,0,-0.00814487,-0,-0
8.12,-5.6,-0.00814487,0,4.74717e-80,0,2,0,0,0,0,0,6.71068e-84,-6.37779e-170,-1.90101e-86,0,-0.00814487,-0,-0
8.14,-5.6,-0.00814487,0,6.20381e-80,0,2,0,0,0,0,0,1.6205e-83,-3.71956e-169,-4.59082e-86,0,-0.00814487,-0,-0
8.16,-5.6,-0.00814487,0,5.67746e-80,0,2,0,0,0,0,0,2.86127e-83,-1.15964e-168,-8.10597e-86,0,-0.00814487,-0,-0
8.18,-5.6,-0.00814487,0,6.91403e-81,0,2,0,0,0,0,0,3.99676e-83,-2.26271e-168,-1.13229e-85,0,-0.00814487,-0,-0
8.2,-5.60445,-0.00815134,0,-1.18391e-79,0,2,0,0,0,0,0,4.13504e-83,-2.42199e-168,-1.17148e-85,0,-0.00815134,-0,-0
8.22,-5.60076,-0.00814598,0,-3.44555e-79,0,2,0,0,0,0,0,1.76722e-83,-4.42993e-169,-5.00094e-86,0,-0.00814598,-0,-0
8.24,-5.6,-0.00814487,0,-6.67217e-79,0,2,0,0,0,0,0,-5.12387e-83,-3.72307e-168,1.45194e-85,0,-0.00814487,-0,-0
8.26,-5.6,-0.00814487,0,-1.01274e-78,0,2,0,0,0,0,0,-1.84682e-82,-4.83218e-167,5.2323e-85,0,-0.00814487,-0,-0
8.28,-5.6,-0.00814487,0,-1.1878e-78,0,2,0,0,0,0,0,-3.8723e-82,-2.12415e-166,1.09706e-84,0,-0.00814487,-0,-0
8.3,-5.69644,-0.00828514,0,-8.35494e-79,0,2,0,0,0,0,0,-6.24791e-82,-5.5332e-166,1.77395e-84,0,-0.00828514,-0,-0
8.32,-5.6,-0.00814487,0,5.64068e-79,0,2,0,0,0,0,0,-7.91889e-82,-8.89978e-166,2.2555e-84,0,-0.00814487,-0,-0
8.34,-5.6,-0.00814487,0,3.58577e-78,0,2,0,0,0,0,0,-6.79076e-82,-6.53477e-166,1.93773e-84,0,-0.00814487,-0,-0
8.36,-5.6,-0.00814487,0,8.56198e-78,0,2,0,0,0,0,0,3.80787e-83,7.63818e-168,-9.40126e-86,0,-0.00814487,-0,-0
8.38,-5.6,-0.00814487,0,1.50203e-77,0,2,0,0,0,0,0,1.75048e-81,-4.30705e-165,-4.94534e-84,0,-0.00814487,-0,-0
8.4,-5.6,-0.00814487,0,2.08476e-77,0,2,0,0,0,0,0,4.75454e-81,-3.19465e-164,-1.3456e-83,0,-0.00814487,-0,-0
8.42,-5.6,-0.00814487,0,2.13374e-77,0,2,0,0,0,0,0,8.92407e-81,-1.12678e-163,-2.52686e-83,0,-0.00814487,-0,-0
8.44,-5.60117,-0.00814657,0,8.57712e-78,0,2,0,0,0,0,0,1.31916e-80,-2.4631e-163,-3.73595e-83,0,-0.00814657,-0,-0
8.46,-5.6,-0.00814487,0,-2.79407e-77,0,2,0,0,0,0,0,1.4907e-80,-3.14566e-163,-4.22204e-83,0,-0.00814487,-0,-0
8.48,-5.6,-0.00814487,0,-9.81411e-77,0,2,0,0,0,0,0,9.31884e-81,-1.22865e-163,-2.63899e-83,0,-0.00814487,-0,-0
8.5,-5.6,-0.00814487,0,-2.04051e-76,0,2,0,0,0,0,0,-1.03094e-80,-1.5062e-163,2.9218e-83,0,-0.00814487,-0,-0
8.52,-5.6,-0.00814487,0,-3.27241e-76,0,2,0,0,0,0,0,-5.11196e-80,-3.70221e-162,1.44836e-82,0,-0.00814487,-0,-0
8.54,-5.6,-0.00814487,0,-4.11768e-76,0,2,0,0,0,0,0,-1.16568e-79,-1.92491e-161,3.30254e-82,0,-0.00814487,-0,-0
8.56,-5.69723,-0.00828629,0,-3.47387e-76,0,2,0,0,0,0,0,-1.98921e-79,-5.60955e-161,5.64917e-82,0,-0.00828629,-0,-0
8.58,-5.6,-0.00814487,0,3.5637e-77,0,2,0,0,0,0,0,-2.68399e-79,-1.02301e-160,7.65169e-82,0,-0.00814487,-0,-0
8.6,-5.60308,-0.00814935,0,9.40208e-76,0,2,0,0,0,0,0,-2.61271e-79,-9.69189e-161,7.4509e-82,0,-0.00814935,-0,-0
8.62,-5.60286,-0.00814902,0,2.51695e-75,0,2,0,0,0,0,0,-7.32296e-80,-6.93302e-162,2.11972e-82,0,-0.00814902,-0,-0
8.64,-5.6995,-0.00828959,0,4.69141e-75,0,2,0,0,0,0,0,4.30161e-79,-2.60909e-160,-1.22308e-81,0,-0.00828959,-0,-0
8.66,-5.60409,-0.00815082,0,6.8925e-75,0,2,0,0,0,0,0,1.36844e-78,-2.6778e-159,-3.92872e-81,0,-0.00815082,-0,-0
8.68,-5.60262,-0.00814867,0,7.71941e-75,0,2,0,0,0,0,0,2.74694e-78,-1.07756e-158,-7.81442e-81,0,-0.00814867,-0,-0
8.7,-5.6,-0.00814487,0,4.6769e-75,0,2,0,0,0,0,0,4.29083e-78,-2.62176e-158,-1.21893e-80,0,-0.00814487,-0,-0
8.72,-5.6,-0.00814487,0,-5.75046e-75,0,2,0,0,0,0,0,5.22621e-78,-3.88584e-158,-1.48389e-80,0,-0.00814487,-0,-0
8.74,-5.6,-0.00814487,0,-2.72518e-74,0,2,0,0,0,0,0,4.07611e-78,-2.3666e-158,-1.15806e-80,0,-0.00814487,-0,-0
8.76,-5.60115,-0.00814654,0,-6.15254e-74,0,2,0,0,0,0,0,-1.37424e-78,-2.62969e-159,3.86162e-81,0,-0.00814654,-0,-0
8.78,-5.6,-0.00814487,0,-1.04337e-73,0,2,0,0,0,0,0,-1.36793e-77,-2.64675e-157,3.87298e-80,0,-0.00814487,-0,-0
8.8,-5.6,-0.00814487,0,-1.39849e-73,0,2,0,0,0,0,0,-3.45467e-77,-1.68966e-156,9.78444e-80,0,-0.00814487,-0,-0
8.82,-5.69576,-0.00828415,0,-1.34466e-73,0,2,0,0,0,0,0,-6.25166e-77,-5.53926e-156,1.77536e-79,0,-0.00828415,-0,-0
8.84,-5.6,-0.00814487,0,-3.35334e-74,0,2,0,0,0,0,0,-8.94097e-77,-1.13558e-155,2.55029e-79,0,-0.00814487,-0,-0
8.86,-5.6024,-0.00814836,0,2.32891e-73,0,2,0,0,0,0,0,-9.61164e-77,-1.31296e-155,2.73924e-79,0,-0.00814836,-0,-0
8.88,-5.7,-0.00829031,0,7.26071e-73,0,2,0,0,0,0,0,-4.95382e-77,-3.45898e-156,1.41123e-79,0,-0.00829031,-0,-0
8.9,-5.6,-0.00814487,0,1.4462e-72,0,2,0,0,0,0,0,9.5676e-77,-1.33667e-155,-2.77566e-79,0,-0.00814487,-0,-0
8.92,-5.6,-0.00814487,0,2.24541e-72,0,2,0,0,0,0,0,3.84916e-76,-2.11627e-154,-1.09212e-78,0,-0.00814487,-0,-0
8.94,-5.6,-0.00814487,0,2.71379e-72,0,2,0,0,0,0,0,8.33998e-76,-9.87757e-154,-2.3644e-78,0,-0.00814487,-0,-0
8.96,-5.6,-0.00814487,0,2.07461e-72,0,2,0,0,0,0,0,1.37676e-75,-2.68834e-153,-3.90207e-78,0,-0.00814487,-0,-0
8.98,-5.7,-0.00829031,0,-8.29824e-73,0,2,0,0,0,0,0,1.79168e-75,-4.55236e-153,-5.08456e-78,0,-0.00829031,-0,-0
9,-5.60352,-0.00814999,0,-7.32333e-72,0,2,0,0,0,0,0,1.62571e-75,-3.74822e-153,-4.60588e-78,0,-0.00814999,-0,-0
9.02,-5.6,-0.00814487,0,-1.82669e-71,0,2,0,0,0,0,0,1.61047e-76,-2.92937e-155,-4.78483e-79,0,-0.00814487,-0,-0
9.04,-5.7,-0.00829031,0,-3.28375e-71,0,2,0,0,0,0,0,-3.49233e-75,-1.72693e-152,9.9312e-78,0,-0.00829031,-0,-0
9.06,-5.60144,-0.00814697,0,-4.66706e-71,0,2,0,0,0,0,0,-1.00598e-74,-1.44685e-151,2.88712e-77,0,-0.00814697,-0,-0
9.08,-5.6,-0.00814487,0,-4.96756e-71,0,2,0,0,0,0,0,-1.9394e-74,-5.3707e-151,5.51647e-77,0,-0.00814487,-0,-0
9.1,-5.6,-0.00814487,0,-2.44852e-71,0,2,0,0,0,0,0,-2.93291e-74,-1.22495e-150,8.33091e-77,0,-0.00814487,-0,-0
9.12,-5.6,-0.00814487,0,5.25419e-71,0,2,0,0,0,0,0,-3.42261e-74,-1.66689e-150,9.71827e-77,0,-0.00814487,-0,-0
9.14,-5.60325,-0.0081496,0,2.04795e-70,0,2,0,0,0,0,0,-2.37177e-74,-8.02099e-151,6.74061e-77,0,-0.0081496,-0,-0
9.16,-5.60311,-0.00814939,0,4.39762e-70,0,2,0,0,0,0,0,1.72412e-74,-4.19348e-151,-4.87219e-77,0,-0.00814939,-0,-0
9.18,-5.6,-0.00814487,0,7.21521e-70,0,2,0,0,0,0,0,1.05194e-73,-1.56668e-149,-2.97987e-76,0,-0.00814487,-0,-0
9.2,-5.6,-0.00814487,0,9.32462e-70,0,2,0,0,0,0,0,2.49498e-73,-8.81608e-149,-7.06734e-76,0,-0.00814487,-0,-0
9.22,-5.6,-0.00814487,0,8.33973e-70,0,2,0,0,0,0,0,4.3599e-73,-2.69227e-148,-1.23508e-75,0,-0.00814487,-0,-0
9.24,-5.6,-0.00814487,0,5.02719e-71,0,2,0,0,0,0,0,6.02785e-73,-5.1464e-148,-1.70762e-75,0,-0.00814487,-0,-0
9.26,-5.6,-0.00814487,0,-1.88108e-69,0,2,0,0,0,0,0,6.12839e-73,-5.31952e-148,-1.7361e-75,0,-0.00814487,-0,-0
9.28,-5.6,-0.00814487,0,-5.33019e-69,0,2,0,0,0,0,0,2.36623e-73,-7.92967e-149,-6.70259e-76,0,-0.00814487,-0,-0
9.3,-5.6,-0.00814487,0,-1.02016e-68,0,2,0,0,0,0,0,-8.29414e-73,-9.74571e-148,2.34989e-75,0,-0.00814487,-0,-0
9.32,-5.6971,-0.0082861,0,-1.53342e-68,0,2,0,0,0,0,0,-2.86973e-72,-1.16915e-146,8.16363e-75,0,-0.0082861,-0,-0
9.34,-5.69977,-0.00828998,0,-1.7745e-68,0,2,0,0,0,0,0,-5.93657e-72,-5.03417e-146,1.70545e-74,0,-0.00828998,-0,-0
9.36,-5.6,-0.00814487,0,-1.19863e-68,0,2,0,0,0,0,0,-9.48557e-72,-1.2895e-145,2.723e-74,0,-0.00814487,-0,-0
9.38,-5.6,-0.00814487,0,9.79861e-69,0,2,0,0,0,0,0,-1.18828e-71,-2.02332e-145,3.39813e-74,0,-0.00814487,-0,-0
9.4,-5.6,-0.00814487,0,5.61673e-68,0,2,0,0,0,0,0,-9.92312e-72,-1.41179e-145,2.84293e-74,0,-0.00814487,-0,-0
9.42,-5.6,-0.00814487,0,1.31781e-67,0,2,0,0,0,0,0,1.31034e-72,-5.7236e-148,-3.39579e-75,0,-0.00814487,-0,-0
9.44,-5.6,-0.00814487,0,2.28817e-67,0,2,0,0,0,0,0,2.76666e-71,-1.07407e-144,-7.80646e-74,0,-0.00814487,-0,-0
9.46,-5.6,-0.00814487,0,3.14321e-67,0,2,0,0,0,0,0,7.343e-71,-7.6132e-144,-2.07715e-73,0,-0.00814487,-0,-0
9.48,-5.6,-0.00814487,0,3.16001e-67,0,2,0,0,0,0,0,1.36294e-70,-2.62691e-143,-3.85813e-73,0,-0.00814487,-0,-0
9.5,-5.6,-0.00814487,0,1.13522e-67,0,2,0,0,0,0,0,1.99495e-70,-5.63106e-143,-5.64864e-73,0,-0.00814487,-0,-0
9.52,-5.6,-0.00814487,0,-4.51179e-67,0,2,0,0,0,0,0,2.22199e-70,-6.98658e-143,-6.29187e-73,0,-0.00814487,-0,-0
9.54,-5.69951,-0.00828959,0,-1.52425e-66,0,2,0,0,0,0,0,1.31963e-70,-2.46759e-143,-3.72029e-73,0,-0.00828959,-0,-0
9.56,-5.6,-0.00814487,0,-3.12742e-66,0,2,0,0,0,0,0,-1.72886e-70,-4.52449e-143,5.06974e-73,0,-0.00814487,-0,-0
9.58,-5.69693,-0.00828585,0,-4.96688e-66,0,2,0,0,0,0,0,-7.98371e-70,-9.16476e-142,2.27874e-72,0,-0.00828585,-0,-0
9.6,-5.6,-0.00814487,0,-6.17639e-66,0,2,0,0,0,0,0,-1.79175e-69,-4.60214e-141,5.14175e-72,0,-0.00814487,-0,-0
9.62,-5.6,-0.00814487,0,-5.06931e-66,0,2,0,0,0,0,0,-3.02703e-69,-1.31058e-140,8.62118e-72,0,-0.00814487,-0,-0
9.64,-5.60042,-0.00814548,0,9.26054e-67,0,2,0,0,0,0,0,-4.04089e-69,-2.33026e-140,1.14936e-71,0,-0.00814548,-0,-0
9.66,-5.6,-0.00814487,0,1.48443e-65,0,2,0,0,0,0,0,-3.85568e-69,-2.12224e-140,1.09688e-71,0,-0.00814487,-0,-0
9.68,-5.6,-0.00814487,0,3.88582e-65,0,2,0,0,0,0,0,-8.86808e-70,-1.14274e-141,2.55805e-72,0,-0.00814487,-0,-0
9.7,-5.6,-0.00814487,0,7.16321e-65,0,2,0,0,0,0,0,6.88484e-69,-6.68187e-140,-1.94595e-71,0,-0.00814487,-0,-0
9.72,-5.6,-0.00814487,0,1.04205e-64,0,2,0,0,0,0,0,2.12113e-68,-6.36341e-139,-6.00471e-71,0,-0.00814487,-0,-0
9.74,-5.6,-0.00814487,0,1.14999e-64,0,2,0,0,0,0,0,4.20522e-68,-2.50304e-138,-1.19091e-70,0,-0.00814487,-0,-0
9.76,-5.6,-0.00814487,0,6.59813e-65,0,2,0,0,0,0,0,6.50521e-68,-5.99145e-138,-1.84251e-70,0,-0.00814487,-0,-0
9.78,-5.6,-0.00814487,0,-9.5891e-65,0,2,0,0,0,0,0,7.82483e-68,-8.66955e-138,-2.21637e-70,0,-0.00814487,-0,-0
9.8,-5.6,-0.00814487,0,-4.25344e-64,0,2,0,0,0,0,0,5.90701e-68,-4.93996e-138,-1.67304e-70,0,-0.00814487,-0,-0
9.82,-5.6,-0.00814487,0,-9.45416e-64,0,2,0,0,0,0,0,-2.59987e-68,-9.58658e-139,7.37017e-71,0,-0.00814487,-0,-0
9.84,-5.6,-0.00814487,0,-1.58732e-63,0,2,0,0,0,0,0,-2.15082e-67,-6.55389e-137,6.09386e-70,0,-0.00814487,-0,-0
9.86,-5.60124,-0.00814667,0,-2.10479e-63,0,2,0,0,0,0,0,-5.32546e-67,-4.01767e-136,1.50885e-69,0,-0.00814667,-0,-0
9.88,-5.6,-0.00814487,0,-1.98257e-63,0,2,0,0,0,0,0,-9.53503e-67,-1.288e-135,2.70171e-69,0,-0.00814487,-0,-0
9.9,-5.6,-0.00814487,0,-3.9064e-64,0,2,0,0,0,0,0,-1.35002e-66,-2.58196e-135,3.82497e-69,0,-0.00814487,-0,-0
9.92,-5.6,-0.00814487,0,3.72111e-63,0,2,0,0,0,0,0,-1.42815e-66,-2.88945e-135,4.04632e-69,0,-0.00814487,-0,-0
9.94,-5.6,-0.00814487,0,1.12495e-62,0,2,0,0,0,0,0,-6.83924e-67,-6.62662e-136,1.93789e-69,0,-0.00814487,-0,-0
9.96,-5.6,-0.00814487,0,2.21336e-62,0,2,0,0,0,0,0,1.56597e-66,-3.47311e-135,-4.43619e-69,0,-0.00814487,-0,-0
9.98,-5.6,-0.00814487,0,3.4033e-62,0,2,0,0,0,0,0,5.99269e-66,-5.08691e-134,-1.69774e-68,0,-0.00814487,-0,-0
10,-5.6,-0.00814487,0,4.06136e-62,0,2,0,0,0,0,0,1.27993e-65,-2.32055e-133,-3.62609e-68,0,-0.00814487,-0,-0
10.02,-5.6,-0.00814487,0,3.00087e-62,0,2,0,0,0,0,0,2.0922e-65,-6.20052e-133,-5.9273e-68,0,-0.00814487,-0,-0
10.04,-5.6,-0.00814487,0,-1.52962e-62,0,2,0,0,0,0,0,2.69237e-65,-1.02682e-132,-7.62763e-68,0,-0.00814487,-0,-0
10.06,-5.7,-0.00829031,0,-1.15048e-61,0,2,0,0,0,0,0,2.38645e-65,-8.06787e-133,-6.75577e-68,0,-0.00829031,-0,-0
10.08,-5.60052,-0.00814563,0,-2.81494e-61,0,2,0,0,0,0,0,8.54941e-67,-1.56916e-134,-1.20408e-69,0,-0.00814563,-0,-0
10.1,-5.6,-0.00814487,0,-5.00711e-61,0,2,0,0,0,0,0,-5.54439e-65,-4.41805e-132,1.57359e-67,0,-0.00814487,-0,-0
10.12,-5.6,-0.00814487,0,-7.04477e-61,0,2,0,0,0,0,0,-1.55586e-64,-3.43817e-131,4.4106e-67,0,-0.00814487,-0,-0
10.14,-5.6,-0.00814487,0,-7.37624e-61,0,2,0,0,0,0,0,-2.96482e-64,-1.24645e-130,8.40225e-67,0,-0.00814487,-0,-0
10.16,-5.6,-0.00814487,0,-3.35784e-61,0,2,0,0,0,0,0,-4.44006e-64,-2.79428e-130,1.25817e-66,0,-0.00814487,-0,-0
10.18,-5.60268,-0.00814877,0,8.5714e-61,0,2,0,0,0,0,0,-5.11163e-64,-3.70312e-130,1.44846e-66,0,-0.00814877,-0,-0
10.2,-5.60033,-0.00814535,0,3.18671e-60,0,2,0,0,0,0,0,-3.39735e-64,-1.63654e-130,9.62553e-67,0,-0.00814535,-0,-0
10.22,-5.6,-0.00814487,0,6.74708e-60,0,2,0,0,0,0,0,2.97607e-64,-1.25545e-130,-8.42894e-67,0,-0.00814487,-0,-0
10.24,-5.6,-0.00814487,0,1.09619e-59,0,2,0,0,0,0,0,1.64702e-63,-3.84232e-129,-4.6658e-66,0,-0.00814487,-0,-0
10.26,-5.6,-0.00814487,0,1.4007e-59,0,2,0,0,0,0,0,3.8394e-63,-2.088e-128,-1.08769e-65,0,-0.00814487,-0,-0
10.28,-5.7,-0.00829031,0,1.22283e-59,0,2,0,0,0,0,0,6.6408e-63,-6.2517e-128,-1.88607e-65,0,-0.00829031,-0,-0
10.3,-5.60312,-0.0081494,0,-7.33495e-62,0,2,0,0,0,0,0,9.08646e-63,-1.17269e-127,-2.59144e-65,0,-0.0081494,-0,-0
10.32,-5.6,-0.00814487,0,-2.98258e-59,0,2,0,0,0,0,0,9.07179e-63,-1.16889e-127,-2.58731e-65,0,-0.00814487,-0,-0
10.34,-5.6,-0.00814487,0,-8.24052e-59,0,2,0,0,0,0,0,3.10662e-63,-1.29495e-128,-8.97656e-66,0,-0.00814487,-0,-0
10.36,-5.69763,-0.00828687,0,-1.55914e-58,0,2,0,0,0,0,0,-1.33744e-62,-2.51448e-127,3.79866e-65,0,-0.00828687,-0,-0
10.38,-5.6,-0.00814487,0,-2.32077e-58,0,2,0,0,0,0,0,-4.45573e-62,-2.83739e-126,1.2787e-64,0,-0.00814487,-0,-0
10.4,-5.6,-0.00814487,0,-2.64886e-58,0,2,0,0,0,0,0,-9.09727e-62,-1.1811e-125,2.58603e-64,0,-0.00814487,-0,-0
10.42,-5.6,-0.00814487,0,-1.71226e-58,0,2,0,0,0,0,0,-1.4395e-61,-2.94867e-125,4.08691e-64,0,-0.00814487,-0,-0
10.44,-5.6,-0.00814487,0,1.67581e-58,0,2,0,0,0,0,0,-1.78195e-61,-4.51437e-125,5.0571e-64,0,-0.00814487,-0,-0
10.46,-5.6,-0.00814487,0,8.78796e-58,0,2,0,0,0,0,0,-1.44679e-61,-2.97854e-125,4.10756e-64,0,-0.00814487,-0,-0
10.48,-5.6,-0.00814487,0,2.02728e-57,0,2,0,0,0,0,0,3.10803e-62,-1.34963e-126,-8.71803e-65,0,-0.00814487,-0,-0
10.5,-5.6,-0.00814487,0,3.48436e-57,0,2,0,0,0,0,0,4.36537e-61,-2.69568e-124,-1.23586e-63,0,-0.00814487,-0,-0
10.52,-5.6,-0.00814487,0,4.73659e-57,0,2,0,0,0,0,0,1.13341e-60,-1.81872e-123,-3.21014e-63,0,-0.00814487,-0,-0
10.54,-5.6,-0.00814487,0,4.67408e-57,0,2,0,0,0,0,0,2.08073e-60,-6.13095e-123,-5.89395e-63,0,-0.00814487,-0,-0
10.56,-5.6,-0.00814487,0,1.46753e-57,0,2,0,0,0,0,0,3.01554e-60,-1.28786e-122,-8.54234e-63,0,-0.00814487,-0,-0
10.58,-5.6,-0.00814487,0,-7.25949e-57,0,2,0,0,0,0,0,3.30905e-60,-1.55078e-122,-9.37386e-63,0,-0.00814487,-0,-0
10.6,-5.6,-0.00814487,0,-2.36554e-56,0,2,0,0,0,0,0,1.85715e-60,-4.88401e-123,-5.26055e-63,0,-0.00814487,-0,-0
10.62,-5.6,-0.00814487,0,-4.7912e-56,0,2,0,0,0,0,0,-2.87393e-60,-1.17023e-122,8.14288e-63,0,-0.00814487,-0,-0
10.64,-5.69633,-0.00828497,0,-7.53561e-56,0,2,0,0,0,0,0,-1.24563e-59,-2.20359e-121,3.54461e-62,0,-0.00828497,-0,-0
10.66,-5.6,-0.00814487,0,-9.25833e-56,0,2,0,0,0,0,0,-2.75275e-59,-1.08186e-120,7.88782e-62,0,-0.00814487,-0,-0
10.68,-5.6,-0.00814487,0,-7.38e-56,0,2,0,0,0,0,0,-4.60442e-59,-3.02601e-120,1.31036e-61,0,-0.00814487,-0,-0
10.7,-5.6,-0.00814487,0,1.99399e-56,0,2,0,0,0,0,0,-6.08042e-59,-5.26871e-120,1.72852e-61,0,-0.00814487,-0,-0
10.72,-5.60337,-0.00814977,0,2.33989e-55,0,2,0,0,0,0,0,-5.68162e-59,-4.60191e-120,1.61552e-61,0,-0.00814977,-0,-0
10.74,-5.60041,-0.00814546,0,5.99573e-55,0,2,0,0,0,0,0,-1.00184e-59,-1.4582e-121,2.88878e-62,0,-0.00814546,-0,-0
10.76,-5.6,-0.00814487,0,1.09329e-54,0,2,0,0,0,0,0,1.09896e-58,-1.70492e-119,-3.10794e-61,0,-0.00814487,-0,-0
10.78,-5.6,-0.00814487,0,1.57469e-54,0,2,0,0,0,0,0,3.28554e-58,-1.52732e-118,-9.30251e-61,0,-0.00814487,-0,-0
10.8,-5.6,-0.00814487,0,1.7116e-54,0,2,0,0,0,0,0,6.43493e-58,-5.86204e-118,-1.82249e-60,0,-0.00814487,-0,-0
10.82,-5.6,-0.00814487,0,9.24506e-55,0,2,0,0,0,0,0,9.85813e-58,-1.37607e-117,-2.79231e-60,0,-0.00814487,-0,-0
10.84,-5.60013,-0.00814505,0,-1.5865e-54,0,2,0,0,0,0,0,1.17071e-57,-1.9408e-117,-3.31615e-60,0,-0.00814505,-0,-0
10.86,-5.6,-0.00814487,0,-6.63236e-54,0,2,0,0,0,0,0,8.53414e-58,-1.03121e-117,-2.41719e-60,0,-0.00814487,-0,-0
10.88,-5.6,-0.00814487,0,-1.45207e-53,0,2,0,0,0,0,0,-4.73059e-58,-3.17279e-118,1.34076e-60,0,-0.00814487,-0,-0
10.9,-5.69614,-0.00828469,0,-2.41387e-53,0,2,0,0,0,0,0,-3.37719e-57,-1.62093e-116,9.61543e-60,0,-0.00828469,-0,-0
10.92,-5.6,-0.00814487,0,-3.16601e-53,0,2,0,0,0,0,0,-8.20493e-57,-9.62119e-116,2.35275e-59,0,-0.00814487,-0,-0
10.94,-5.6,-0.00814487,0,-2.91866e-53,0,2,0,0,0,0,0,-1.4537e-56,-3.0174e-115,4.13639e-59,0,-0.00814487,-0,-0
10.96,-5.6,-0.00814487,0,-4.11705e-54,0,2,0,0,0,0,0,-2.03743e-56,-5.91461e-115,5.79013e-59,0,-0.00814487,-0,-0
10.98,-5.6,-0.00814487,0,5.93042e-53,0,2,0,0,0,0,0,-2.11977e-56,-6.40098e-115,6.02341e-59,0,-0.00814487,-0,-0
11,-5.6,-0.00814487,0,1.74177e-52,0,2,0,0,0,0,0,-9.33684e-57,-1.24948e-115,2.66316e-59,0,-0.00814487,-0,-0
11.02,-5.6,-0.00814487,0,3.38605e-52,0,2,0,0,0,0,0,2.54986e-56,-9.16192e-115,-7.20592e-59,0,-0.00814487,-0,-0
11.04,-5.6,-0.00814487,0,5.15604e-52,0,2,0,0,0,0,0,9.32196e-56,-1.22925e-113,-2.63917e-58,0,-0.00814487,-0,-0
11.06,-5.6,-0.00814487,0,6.07362e-52,0,2,0,0,0,0,0,1.9634e-55,-5.45711e-113,-5.56064e-58,0,-0.00814487,-0,-0
11.08,-5.6,-0.00814487,0,4.32651e-52,0,2,0,0,0,0,0,3.17813e-55,-1.43019e-112,-9.00203e-58,0,-0.00814487,-0,-0
11.1,-5.6,-0.00814487,0,-2.73376e-52,0,2,0,0,0,0,0,4.04343e-55,-2.3152e-112,-1.14535e-57,0,-0.00814487,-0,-0
11.12,-5.6,-0.00814487,0,-1.80502e-51,0,2,0,0,0,0,0,3.49668e-55,-1.73133e-112,-9.9045e-58,0,-0.00814487,-0,-0
11.14,-5.6,-0.00814487,0,-4.33556e-51,0,2,0,0,0,0,0,-1.13363e-56,-1.83859e-115,3.22961e-59,0,-0.00814487,-0,-0
11.16,-5.6,-0.00814487,0,-7.63185e-51,0,2,0,0,0,0,0,-8.78448e-55,-1.09325e-111,2.48888e-57,0,-0.00814487,-0,-0
11.18,-5.60251,-0.00814852,0,-1.06286e-50,0,2,0,0,0,0,0,-2.40482e-54,-8.19281e-111,6.81382e-57,0,-0.00814852,-0,-0
11.2,-5.60119,-0.00814661,0,-1.09409e-50,0,2,0,0,0,0,0,-4.53054e-54,-2.90811e-110,1.28392e-56,0,-0.00814661,-0,-0
11.22,-5.6,-0.00814487,0,-4.54609e-51,0,2,0,0,0,0,0,-6.71871e-54,-6.39589e-110,1.90389e-56,0,-0.00814487,-0,-0
11.24,-5.69913,-0.00828905,0,1.39166e-50,0,2,0,0,0,0,0,-7.62793e-54,-8.24455e-110,2.16298e-56,0,-0.00828905,-0,-0
11.26,-5.6,-0.00814487,0,4.95456e-50,0,2,0,0,0,0,0,-4.84461e-54,-3.34109e-110,1.36049e-56,0,-0.00814487,-0,-0
11.28,-5.6,-0.00814487,0,1.03471e-49,0,2,0,0,0,0,0,5.0645e-54,-3.70731e-110,-1.43026e-56,0,-0.00814487,-0,-0
11.3,-5.7,-0.00829031,0,1.66472e-49,0,2,0,0,0,0,0,2.57587e-53,-9.42392e-109,-7.32796e-56,0,-0.00829031,-0,-0
11.32,-5.60029,-0.00814529,0,2.10278e-49,0,2,0,0,0,0,0,5.90531e-53,-4.9805e-108,-1.69291e-55,0,-0.00814529,-0,-0
11.34,-5.6,-0.00814487,0,1.78952e-49,0,2,0,0,0,0,0,1.01109e-52,-1.45944e-107,-2.87733e-55,0,-0.00814487,-0,-0
11.36,-5.69623,-0.00828483,0,-1.39035e-50,0,2,0,0,0,0,0,1.36899e-52,-2.67148e-107,-3.89709e-55,0,-0.00828483,-0,-0
11.38,-5.6,-0.00814487,0,-4.72002e-49,0,2,0,0,0,0,0,1.34118e-52,-2.56423e-107,-3.81696e-55,0,-0.00814487,-0,-0
11.4,-5.6,-0.00814487,0,-1.27322e-48,0,2,0,0,0,0,0,3.97179e-53,-2.17913e-108,-1.15785e-55,0,-0.00814487,-0,-0
11.42,-5.6,-0.00814487,0,-2.38192e-48,0,2,0,0,0,0,0,-2.14925e-52,-6.45476e-107,6.05635e-55,0,-0.00814487,-0,-0
11.44,-5.6,-0.00814487,0,-3.51081e-48,0,2,0,0,0,0,0,-6.91309e-52,-6.74531e-106,1.95526e-54,0,-0.00814487,-0,-0
11.46,-5.6,-0.00814487,0,-3.95074e-48,0,2,0,0,0,0,0,-1.39347e-51,-2.74583e-105,3.94453e-54,0,-0.00814487,-0,-0
11.48,-5.6,-0.00814487,0,-2.43412e-48,0,2,0,0,0,0,0,-2.18362e-51,-6.74698e-105,6.18307e-54,0,-0.00814487,-0,-0
11.5,-5.6,-0.00814487,0,2.83088e-48,0,2,0,0,0,0,0,-2.67044e-51,-1.00928e-104,7.56227e-54,0,-0.00814487,-0,-0
11.52,-5.6,-0.00814487,0,1.37348e-47,0,2,0,0,0,0,0,-2.10427e-51,-6.26527e-105,5.95826e-54,0,-0.00814487,-0,-0
11.54,-5.6,-0.00814487,0,3.11718e-47,0,2,0,0,0,0,0,6.42697e-52,-5.87023e-106,-1.82406e-54,0,-0.00814487,-0,-0
11.56,-5.6,-0.00814487,0,5.30374e-47,0,2,0,0,0,0,0,6.87705e-51,-6.70154e-104,-1.94864e-53,0,-0.00814487,-0,-0
11.58,-5.6,-0.00814487,0,7.13391e-47,0,2,0,0,0,0,0,1.74845e-50,-4.33102e-103,-4.9538e-53,0,-0.00814487,-0,-0
11.6,-5.6,-0.00814487,0,6.90449e-47,0,2,0,0,0,0,0,3.17523e-50,-1.42827e-102,-8.99596e-53,0,-0.00814487,-0,-0
11.62,-5.6,-0.00814487,0,1.83571e-47,0,2,0,0,0,0,0,4.55613e-50,-2.94063e-102,-1.29081e-52,0,-0.00814487,-0,-0
11.64,-5.60357,-0.00815006,0,-1.16431e-46,0,2,0,0,0,0,0,4.92327e-50,-3.43364e-102,-1.39485e-52,0,-0.00815006,-0,-0
11.66,-5.7,-0.00829031,0,-3.66849e-46,0,2,0,0,0,0,0,2.59465e-50,-9.5759e-103,-7.30787e-53,0,-0.00829031,-0,-0
11.68,-5.6,-0.00814487,0,-7.33694e-46,0,2,0,0,0,0,0,-4.74233e-50,-3.35614e-102,1.3845e-52,0,-0.00814487,-0,-0
11.7,-5.6,-0.00814487,0,-1.1428e-45,0,2,0,0,0,0,0,-1.94162e-49,-5.40371e-101,5.51695e-52,0,-0.00814487,-0,-0
11.72,-5.6,-0.00814487,0,-1.38687e-45,0,2,0,0,0,0,0,-4.22722e-49,-2.54131e-100,1.19922e-51,0,-0.00814487,-0,-0
11.74,-5.6,-0.00814487,0,-1.07162e-45,0,2,0,0,0,0,0,-7.00095e-49,-6.95745e-100,1.98503e-51,0,-0.00814487,-0,-0
11.76,-5.6,-0.00814487,0,3.9251e-46,0,2,0,0,0,0,0,-9.14419e-49,-1.18625e-99,2.59223e-51,0,-0.00814487,-0,-0
11.78,-5.6,-0.00814487,0,3.68276e-45,0,2,0,0,0,0,0,-8.35917e-49,-9.91488e-100,2.36983e-51,0,-0.00814487,-0,-0
11.8,-5.69801,-0.00828741,0,9.24613e-45,0,2,0,0,0,0,0,-9.93645e-50,-1.78299e-101,2.70955e-52,0,-0.00828741,-0,-0
11.82,-5.6,-0.00814487,0,1.66796e-44,0,2,0,0,0,0,0,1.74986e-48,-4.44557e-99,-5.0597e-51,0,-0.00814487,-0,-0
11.84,-5.6,-0.00814487,0,2.37847e-44,0,2,0,0,0,0,0,5.08579e-48,-3.70191e-98,-1.44555e-50,0,-0.00814487,-0,-0
11.86,-5.6,-0.00814487,0,2.54501e-44,0,2,0,0,0,0,0,9.84273e-48,-1.37837e-97,-2.79322e-50,0,-0.00814487,-0,-0
11.88,-5.69586,-0.0082843,0,1.28494e-44,0,2,0,0,0,0,0,1.49327e-47,-3.16869e-97,-4.24348e-50,0,-0.0082843,-0,-0
11.9,-5.69958,-0.00828971,0,-2.60743e-44,0,2,0,0,0,0,0,1.75026e-47,-4.35478e-97,-4.98832e-50,0,-0.00828971,-0,-0
11.92,-5.6,-0.00814487,0,-1.03323e-43,0,2,0,0,0,0,0,1.22878e-47,-2.14386e-97,-3.49307e-50,0,-0.00814487,-0,-0
11.94,-5.69793,-0.0082873,0,-2.2292e-43,0,2,0,0,0,0,0,-8.3768e-48,-9.7406e-98,2.36075e-50,0,-0.0082873,-0,-0
11.96,-5.6,-0.00814487,0,-3.66932e-43,0,2,0,0,0,0,0,-5.29607e-47,-4.01484e-96,1.52125e-49,0,-0.00814487,-0,-0
11.98,-5.6,-0.00814487,0,-4.75958e-43,0,2,0,0,0,0,0,-1.26347e-46,-2.27742e-95,3.58821e-49,0,-0.00814487,-0,-0
12,-5.6,-0.00814487,0,-4.28969e-43,0,2,0,0,0,0,0,-2.21539e-46,-6.97668e-95,6.28505e-49,0,-0.00814487,-0,-0
12.02,-5.6,-0.00814487,0,-3.475e-44,0,2,0,0,0,0,0,-3.07332e-46,-1.34115e-94,8.71564e-49,0,-0.00814487,-0,-0
12.04,-5.6,-0.00814487,0,9.42947e-43,0,2,0,0,0,0,0,-3.14282e-46,-1.40241e-94,8.91254e-49,0,-0.00814487,-0,-0
12.06,-5.6,-0.00814487,0,2.69505e-42,0,2,0,0,0,0,0,-1.25693e-46,-2.25401e-95,3.56968e-49,0,-0.00814487,-0,-0
12.08,-5.6,-0.00814487,0,5.17789e-42,0,2,0,0,0,0,0,4.13317e-46,-2.41677e-94,-1.17008e-48,0,-0.00814487,-0,-0
12.1,-5.6,-0.00814487,0,7.80805e-42,0,2,0,0,0,0,0,1.44889e-45,-2.9725e-93,-4.10393e-48,0,-0.00814487,-0,-0
12.12,-5.69687,-0.00828576,0,9.07595e-42,0,2,0,0,0,0,0,3.01051e-45,-1.28506e-92,-8.55358e-48,0,-0.00828576,-0,-0
12.14,-5.6,-0.00814487,0,6.21503e-42,0,2,0,0,0,0,0,4.82569e-45,-3.3125e-92,-1.37851e-47,0,-0.00814487,-0,-0
12.16,-5.69522,-0.00828336,0,-4.77781e-42,0,2,0,0,0,0,0,6.0687e-45,-5.24484e-92,-1.73062e-47,0,-0.00828336,-0,-0
12.18,-5.6,-0.00814487,0,-2.82847e-41,0,2,0,0,0,0,0,5.11314e-45,-3.72267e-92,-1.45531e-47,0,-0.00814487,-0,-0
12.2,-5.6,-0.00814487,0,-6.67416e-41,0,2,0,0,0,0,0,-5.43802e-46,-3.85878e-95,1.38257e-48,0,-0.00814487,-0,-0
12.22,-5.6,-0.00814487,0,-1.16278e-40,0,2,0,0,0,0,0,-1.38921e-44,-2.70888e-91,3.91992e-47,0,-0.00814487,-0,-0
12.24,-5.6,-0.00814487,0,-1.60275e-40,0,2,0,0,0,0,0,-3.71477e-44,-1.94858e-90,1.05084e-46,0,-0.00814487,-0,-0
12.26,-5.69928,-0.00828926,0,-1.62095e-40,0,2,0,0,0,0,0,-6.92027e-44,-6.779e-90,1.96434e-46,0,-0.00828926,-0,-0
12.28,-5.6952,-0.00828333,0,-6.05539e-41,0,2,0,0,0,0,0,-1.01622e-43,-1.46687e-89,2.90428e-46,0,-0.00828333,-0,-0
12.3,-5.6,-0.00814487,0,2.25007e-40,0,2,0,0,0,0,0,-1.13732e-43,-1.83964e-89,3.25119e-46,0,-0.00814487,-0,-0
12.32,-5.69641,-0.00828509,0,7.69698e-40,0,2,0,0,0,0,0,-6.87311e-44,-6.63437e-90,1.97618e-46,0,-0.00828509,-0,-0
12.34,-5.6,-0.00814487,0,1.58609e-39,0,2,0,0,0,0,0,8.52085e-44,-1.03591e-89,-2.4601e-46,0,-0.00814487,-0,-0
12.36,-5.6,-0.00814487,0,2.52707e-39,0,2,0,0,0,0,0,4.02427e-43,-2.30327e-88,-1.13955e-45,0,-0.00814487,-0,-0
12.38,-5.60261,-0.00814867,0,3.15477e-39,0,2,0,0,0,0,0,9.07841e-43,-1.16816e-87,-2.57164e-45,0,-0.00814867,-0,-0
12.4,-5.60273,-0.00814884,0,2.6133e-39,0,2,0,0,0,0,0,1.5388e-42,-3.35501e-87,-4.3603e-45,0,-0.00814884,-0,-0
12.42,-5.6,-0.00814487,0,-4.06541e-40,0,2,0,0,0,0,0,2.06146e-42,-6.02106e-87,-5.84152e-45,0,-0.00814487,-0,-0
12.44,-5.6,-0.00814487,0,-7.45629e-39,0,2,0,0,0,0,0,1.98015e-42,-5.55546e-87,-5.61121e-45,0,-0.00814487,-0,-0
12.46,-5.6,-0.00814487,0,-1.96604e-38,0,2,0,0,0,0,0,4.88889e-43,-3.37859e-88,-1.38638e-45,0,-0.00814487,-0,-0
12.48,-5.6,-0.00814487,0,-3.63739e-38,0,2,0,0,0,0,0,-3.4432e-42,-1.67879e-86,9.75345e-45,0,-0.00814487,-0,-0
12.5,-5.6,-0.00814487,0,-5.30865e-38,0,2,0,0,0,0,0,-1.0718e-41,-1.62708e-85,3.03633e-44,0,-0.00814487,-0,-0
12.52,-5.6,-0.00814487,0,-5.88733e-38,0,2,0,0,0,0,0,-2.13353e-41,-6.44766e-85,6.04428e-44,0,-0.00814487,-0,-0
12.54,-5.6,-0.00814487,0,-3.441e-38,0,2,0,0,0,0,0,-3.31099e-41,-1.55285e-84,9.38011e-44,0,-0.00814487,-0,-0
12.56,-5.6,-0.00814487,0,4.73432e-38,0,2,0,0,0,0,0,-3.99919e-41,-2.26548e-84,1.13298e-43,0,-0.00814487,-0,-0
12.58,-5.6,-0.00814487,0,2.14443e-37,0,2,0,0,0,0,0,-3.05233e-41,-1.3197e-84,8.6473e-44,0,-0.00814487,-0,-0
12.6,-5.6,-0.00814487,0,4.7907e-37,0,2,0,0,0,0,0,1.23653e-41,-2.16603e-85,-3.50329e-44,0,-0.00814487,-0,-0
12.62,-5.6,-0.00814487,0,8.06984e-37,0,2,0,0,0,0,0,1.08179e-40,-1.65774e-83,-3.0648e-43,0,-0.00814487,-0,-0
12.64,-5.69338,-0.00828069,0,1.07388e-36,0,2,0,0,0,0,0,2.69576e-40,-1.03095e-82,-7.66269e-43,0,-0.00828069,-0,-0
12.66,-5.6,-0.00814487,0,1.01849e-36,0,2,0,0,0,0,0,4.84351e-40,-3.34103e-82,-1.38489e-42,0,-0.00814487,-0,-0
12.68,-5.6,-0.00814487,0,2.18605e-37,0,2,0,0,0,0,0,6.8805e-40,-6.74733e-82,-1.95877e-42,0,-0.00814487,-0,-0
12.7,-5.6,-0.00814487,0,-1.86199e-36,0,2,0,0,0,0,0,7.31771e-40,-7.6308e-82,-2.08263e-42,0,-0.00814487,-0,-0
12.72,-5.6,-0.00814487,0,-5.6851e-36,0,2,0,0,0,0,0,3.59374e-40,-1.83957e-82,-1.02761e-42,0,-0.00814487,-0,-0
12.74,-5.6,-0.00814487,0,-1.12305e-35,0,2,0,0,0,0,0,-7.77647e-40,-8.46857e-82,2.19364e-42,0,-0.00814487,-0,-0
12.76,-5.6,-0.00814487,0,-1.73235e-35,0,2,0,0,0,0,0,-3.02375e-39,-1.29204e-80,8.55698e-42,0,-0.00814487,-0,-0
12.78,-5.6,-0.00814487,0,-2.07603e-35,0,2,0,0,0,0,0,-6.48844e-39,-5.95719e-80,1.83727e-41,0,-0.00814487,-0,-0
12.8,-5.6,-0.00814487,0,-1.55162e-35,0,2,0,0,0,0,0,-1.06405e-38,-1.60277e-79,3.01357e-41,0,-0.00814487,-0,-0
12.82,-5.6,-0.00814487,0,7.32927e-36,0,2,0,0,0,0,0,-1.37437e-38,-2.67436e-79,3.89274e-41,0,-0.00814487,-0,-0
12.84,-5.6,-0.00814487,0,5.78812e-35,0,2,0,0,0,0,0,-1.22779e-38,-2.13418e-79,3.47745e-41,0,-0.00814487,-0,-0
12.86,-5.60177,-0.00814745,0,1.42509e-34,0,2,0,0,0,0,0,-7.01655e-40,-7.03349e-82,1.97489e-42,0,-0.00814745,-0,-0
12.88,-5.6,-0.00814487,0,2.54368e-34,0,2,0,0,0,0,0,2.78001e-38,-1.0955e-78,-7.87978e-41,0,-0.00814487,-0,-0
12.9,-5.6,-0.00814487,0,3.5908e-34,0,2,0,0,0,0,0,7.86736e-38,-8.77007e-78,-2.2291e-40,0,-0.00814487,-0,-0
12.92,-5.6,-0.00814487,0,3.78035e-34,0,2,0,0,0,0,0,1.5049e-37,-3.20844e-77,-4.26369e-40,0,-0.00814487,-0,-0
12.94,-5.6,-0.00814487,0,1.76857e-34,0,2,0,0,0,0,0,2.26097e-37,-7.24184e-77,-6.40569e-40,0,-0.00814487,-0,-0
12.96,-5.6,-0.00814487,0,-4.2609e-34,0,2,0,0,0,0,0,2.61468e-37,-9.68485e-77,-7.40778e-40,0,-0.00814487,-0,-0
12.98,-5.69775,-0.00828705,0,-1.60821e-33,0,2,0,0,0,0,0,1.7625e-37,-4.40527e-77,-4.97945e-40,0,-0.00828705,-0,-0
13,-5.6,-0.00814487,0,-3.42067e-33,0,2,0,0,0,0,0,-1.45391e-37,-3.29957e-77,4.29191e-40,0,-0.00814487,-0,-0
13.02,-5.6,-0.00814487,0,-5.57545e-33,0,2,0,0,0,0,0,-8.29525e-37,-9.86718e-76,2.35611e-39,0,-0.00814487,-0,-0
13.04,-5.6,-0.00814487,0,-7.15103e-33,0,2,0,0,0,0,0,-1.94461e-36,-5.37533e-75,5.51522e-39,0,-0.00814487,-0,-0
13.06,-5.6,-0.00814487,0,-6.29368e-33,0,2,0,0,0,0,0,-3.37482e-36,-1.61607e-74,9.56708e-39,0,-0.00814487,-0,-0
13.08,-5.6,-0.00814487,0,-1.03008e-34,0,2,0,0,0,0,0,-4.63356e-36,-3.04475e-74,1.31332e-38,0,-0.00814487,-0,-0
13.1,-5.6,-0.00814487,0,1.4961e-32,0,2,0,0,0,0,0,-4.65416e-36,-3.07187e-74,1.31915e-38,0,-0.00814487,-0,-0
13.12,-5.6,-0.00814487,0,4.16742e-32,0,2,0,0,0,0,0,-1.66195e-36,-3.92955e-75,4.71441e-39,0,-0.00814487,-0,-0
13.14,-5.6,-0.00814487,0,7.91464e-32,0,2,0,0,0,0,0,6.67289e-36,-6.30415e-74,-1.88987e-38,0,-0.00814487,-0,-0
13.16,-5.6,-0.00814487,0,1.18189e-31,0,2,0,0,0,0,0,2.25022e-35,-7.17129e-73,-6.3744e-38,0,-0.00814487,-0,-0
13.18,-5.6,-0.00814487,0,1.35516e-31,0,2,0,0,0,0,0,4.614e-35,-3.01538e-72,-1.30711e-37,0,-0.00814487,-0,-0
13.2,-5.6,-0.00814487,0,8.89129e-32,0,2,0,0,0,0,0,7.32432e-35,-7.59865e-72,-2.07497e-37,0,-0.00814487,-0,-0
13.22,-5.6,-0.00814487,0,-8.20988e-32,0,2,0,0,0,0,0,9.10258e-35,-1.17364e-71,-2.57876e-37,0,-0.00814487,-0,-0
13.24,-5.69642,-0.00828511,0,-4.42707e-31,0,2,0,0,0,0,0,7.46061e-35,-7.8857e-72,-2.11091e-37,0,-0.00828511,-0,-0
13.26,-5.60072,-0.00814592,0,-1.0269e-30,0,2,0,0,0,0,0,-1.39354e-35,-4.9203e-73,4.40828e-38,0,-0.00814592,-0,-0
13.28,-5.60492,-0.00815202,0,-1.77088e-30,0,2,0,0,0,0,0,-2.19316e-34,-6.90603e-71,6.22844e-37,0,-0.00815202,-0,-0
13.3,-5.6,-0.00814487,0,-2.41564e-30,0,2,0,0,0,0,0,-5.73492e-34,-4.67498e-70,1.62708e-36,0,-0.00814487,-0,-0
13.32,-5.69631,-0.00828495,0,-2.3986e-30,0,2,0,0,0,0,0,-1.05662e-33,-1.58557e-69,3.00326e-36,0,-0.00828495,-0,-0
13.34,-5.69699,-0.00828594,0,-7.89525e-31,0,2,0,0,0,0,0,-1.53634e-33,-3.3593e-69,4.39356e-36,0,-0.00828594,-0,-0
13.36,-5.6,-0.00814487,0,3.62448e-30,0,2,0,0,0,0,0,-1.69424e-33,-4.08885e-69,4.8461e-36,0,-0.00814487,-0,-0
13.38,-5.69497,-0.00828301,0,1.19482e-29,0,2,0,0,0,0,0,-9.6935e-34,-1.32022e-69,2.79267e-36,0,-0.00828301,-0,-0
13.4,-5.6,-0.00814487,0,2.43024e-29,0,2,0,0,0,0,0,1.42029e-33,-2.87284e-69,-4.09214e-36,0,-0.00814487,-0,-0
13.42,-5.6,-0.00814487,0,3.83453e-29,0,2,0,0,0,0,0,6.28077e-33,-5.60852e-68,-1.77843e-35,0,-0.00814487,-0,-0
13.44,-5.6,-0.00814487,0,4.72999e-29,0,2,0,0,0,0,0,1.39498e-32,-2.75786e-67,-3.95112e-35,0,-0.00814487,-0,-0
13.46,-5.6,-0.00814487,0,3.80755e-29,0,2,0,0,0,0,0,2.34098e-32,-7.76329e-67,-6.63119e-35,0,-0.00814487,-0,-0
13.48,-5.6,-0.00814487,0,-9.15787e-30,0,2,0,0,0,0,0,3.10249e-32,-1.36344e-66,-8.78859e-35,0,-0.00814487,-0,-0
13.5,-5.6,-0.00814487,0,-1.17593e-28,0,2,0,0,0,0,0,2.91933e-32,-1.20723e-66,-8.2697e-35,0,-0.00814487,-0,-0
13.52,-5.6,-0.00814487,0,-3.03412e-28,0,2,0,0,0,0,0,5.67464e-33,-4.58261e-68,-1.60671e-35,0,-0.00814487,-0,-0
13.54,-5.6,-0.00814487,0,-5.55233e-28,0,2,0,0,0,0,0,-5.50078e-32,-4.28701e-66,1.5585e-34,0,-0.00814487,-0,-0
13.56,-5.6,-0.00814487,0,-8.02341e-28,0,2,0,0,0,0,0,-1.66054e-31,-3.90613e-65,4.70452e-34,0,-0.00814487,-0,-0
13.58,-5.60481,-0.00815187,0,-8.76518e-28,0,2,0,0,0,0,0,-3.26523e-31,-1.51037e-64,9.25198e-34,0,-0.00815187,-0,-0
13.6,-5.6,-0.00814487,0,-4.83286e-28,0,2,0,0,0,0,0,-5.01826e-31,-3.56797e-64,1.42227e-33,0,-0.00814487,-0,-0
13.62,-5.6,-0.00814487,0,7.85198e-28,0,2,0,0,0,0,0,-5.98484e-31,-5.07502e-64,1.69603e-33,0,-0.00814487,-0,-0
13.64,-5.7,-0.00829031,0,3.34483e-27,0,2,0,0,0,0,0,-4.41444e-31,-2.76248e-64,1.24848e-33,0,-0.00829031,-0,-0
13.66,-5.60016,-0.0081451,0,7.35918e-27,0,2,0,0,0,0,0,2.27523e-31,-8.63033e-65,-6.80609e-34,0,-0.0081451,-0,-0
13.68,-5.6,-0.00814487,0,1.22736e-26,0,2,0,0,0,0,0,1.69936e-30,-4.14307e-63,-4.82571e-33,0,-0.00814487,-0,-0
13.7,-5.6,-0.00814487,0,1.61562e-26,0,2,0,0,0,0,0,4.15408e-30,-2.45243e-62,-1.178e-32,0,-0.00814487,-0,-0
13.72,-5.6,-0.00814487,0,1.50015e-26,0,2,0,0,0,0,0,7.38533e-30,-7.73783e-62,-2.09343e-32,0,-0.00814487,-0,-0
13.74,-5.6,-0.00814487,0,2.39872e-27,0,2,0,0,0,0,0,1.03856e-29,-1.52939e-61,-2.94344e-32,0,-0.00814487,-0,-0
13.76,-5.6,-0.00814487,0,-2.9699e-26,0,2,0,0,0,0,0,1.08654e-29,-1.67386e-61,-3.07935e-32,0,-0.00814487,-0,-0
13.78,-5.6,-0.00814487,0,-8.80426e-26,0,2,0,0,0,0,0,4.92556e-30,-3.44555e-62,-1.39657e-32,0,-0.00814487,-0,-0
13.8,-5.6,-0.00814487,0,-1.71831e-25,0,2,0,0,0,0,0,-1.2683e-29,-2.2775e-61,3.59203e-32,0,-0.00814487,-0,-0
13.82,-5.6,-0.00814487,0,-2.6249e-25,0,2,0,0,0,0,0,-4.70491e-29,-3.13516e-60,1.33282e-31,0,-0.00814487,-0,-0
13.84,-5.6,-0.00814487,0,-3.10539e-25,0,2,0,0,0,0,0,-9.95472e-29,-1.40362e-59,2.82012e-31,0,-0.00814487,-0,-0
13.86,-5.6,-0.00814487,0,-2.23955e-25,0,2,0,0,0,0,0,-1.61655e-28,-3.70154e-59,4.57967e-31,0,-0.00814487,-0,-0
13.88,-5.6,-0.00814487,0,1.32175e-25,0,2,0,0,0,0,0,-2.06446e-28,-6.03701e-59,5.84863e-31,0,-0.00814487,-0,-0
13.9,-5.6,-0.00814487,0,9.08497e-25,0,2,0,0,0,0,0,-1.80011e-28,-4.58991e-59,5.0997e-31,0,-0.00814487,-0,-0
13.92,-5.69736,-0.00828648,0,2.19529e-24,0,2,0,0,0,0,0,1.68856e-30,-2.07373e-61,-7.77845e-33,0,-0.00828648,-0,-0
13.94,-5.6,-0.00814487,0,3.87759e-24,0,2,0,0,0,0,0,4.40746e-28,-2.81437e-58,-1.27328e-30,0,-0.00814487,-0,-0
13.96,-5.6,-0.00814487,0,5.41839e-24,0,2,0,0,0,0,0,1.21626e-27,-2.11713e-57,-3.45764e-30,0,-0.00814487,-0,-0
13.98,-5.6,-0.00814487,0,5.6093e-24,0,2,0,0,0,0,0,2.29994e-27,-7.52762e-57,-6.52777e-30,0,-0.00814487,-0,-0
14,-5.69931,-0.00828931,0,2.40534e-24,0,2,0,0,0,0,0,3.4218e-27,-1.66416e-56,-9.72485e-30,0,-0.00828931,-0,-0
14.02,-5.6,-0.00814487,0,-6.92839e-24,0,2,0,0,0,0,0,3.90287e-27,-2.16535e-56,-1.11119e-29,0,-0.00814487,-0,-0
14.04,-5.6,-0.00814487,0,-2.50104e-23,0,2,0,0,0,0,0,2.51719e-27,-8.9638e-57,-7.20941e-30,0,-0.00814487,-0,-0
14.06,-5.60046,-0.00814554,0,-5.2466e-23,0,2,0,0,0,0,0,-2.48489e-27,-8.34523e-57,6.96219e-30,0,-0.00814554,-0,-0
14.08,-5.60382,-0.00815042,0,-8.46828e-23,0,2,0,0,0,0,0,-1.29781e-26,-2.37411e-55,3.66993e-29,0,-0.00815042,-0,-0
14.1,-5.60046,-0.00814555,0,-1.07375e-22,0,2,0,0,0,0,0,-2.99146e-26,-1.26557e-54,8.47143e-29,0,-0.00814555,-0,-0
14.12,-5.60299,-0.00814922,0,-9.21636e-23,0,2,0,0,0,0,0,-5.13897e-26,-3.73813e-54,1.45557e-28,0,-0.00814922,-0,-0
14.14,-5.6,-0.00814487,0,4.92796e-24,0,2,0,0,0,0,0,-6.98225e-26,-6.90266e-54,1.97804e-28,0,-0.00814487,-0,-0
14.16,-5.6,-0.00814487,0,2.36908e-22,0,2,0,0,0,0,0,-6.88369e-26,-6.70909e-54,1.95012e-28,0,-0.00814487,-0,-0
14.18,-5.6,-0.00814487,0,6.44023e-22,0,2,0,0,0,0,0,-2.14552e-26,-6.49219e-55,6.07772e-29,0,-0.00814487,-0,-0
14.2,-5.6,-0.00814487,0,1.20929e-21,0,2,0,0,0,0,0,1.07349e-25,-1.6322e-53,-3.04134e-28,0,-0.00814487,-0,-0
14.22,-5.6,-0.00814487,0,1.7882e-21,0,2,0,0,0,0,0,3.49208e-25,-1.7274e-52,-9.89333e-28,0,-0.00814487,-0,-0
14.24,-5.6,-0.00814487,0,2.02177e-21,0,2,0,0,0,0,0,7.06848e-25,-7.07749e-52,-2.00255e-27,0,-0.00814487,-0,-0
14.26,-5.69742,-0.00828656,0,1.26608e-21,0,2,0,0,0,0,0,1.1112e-24,-1.7501e-51,-3.15475e-27,0,-0.00828656,-0,-0
14.28,-5.69883,-0.00828861,0,-1.3921e-21,0,2,0,0,0,0,0,1.36442e-24,-2.64175e-51,-3.88883e-27,0,-0.00828861,-0,-0
14.3,-5.6,-0.00814487,0,-6.92155e-21,0,2,0,0,0,0,0,1.086e-24,-1.67028e-51,-3.09071e-27,0,-0.00814487,-0,-0
14.32,-5.6,-0.00814487,0,-1.57923e-20,0,2,0,0,0,0,0,-2.98311e-25,-9.4329e-53,8.08057e-28,0,-0.00814487,-0,-0
14.34,-5.6,-0.00814487,0,-2.69591e-20,0,2,0,0,0,0,0,-3.45678e-24,-1.67777e-50,9.75618e-27,0,-0.00814487,-0,-0
14.36,-5.6,-0.00814487,0,-3.6389e-20,0,2,0,0,0,0,0,-8.8486e-24,-1.10562e-49,2.50316e-26,0,-0.00814487,-0,-0
14.38,-5.60232,-0.00814825,0,-3.54475e-20,0,2,0,0,0,0,0,-1.61264e-23,-3.67773e-49,4.56528e-26,0,-0.00814825,-0,-0
14.4,-5.6021,-0.00814792,0,-9.99701e-21,0,2,0,0,0,0,0,-2.32159e-23,-7.62661e-49,6.57487e-26,0,-0.00814792,-0,-0
14.42,-5.6,-0.00814487,0,5.81904e-20,0,2,0,0,0,0,0,-2.52153e-23,-8.99783e-49,7.14144e-26,0,-0.00814487,-0,-0
14.44,-5.7,-0.00829031,0,1.85337e-19,0,2,0,0,0,0,0,-1.35772e-23,-2.61357e-49,3.82509e-26,0,-0.00829031,-0,-0
14.46,-5.60077,-0.00814598,0,3.72204e-19,0,2,0,0,0,0,0,2.34902e-23,-8.24623e-49,-6.86435e-26,0,-0.00814598,-0,-0
14.48,-5.69678,-0.00828563,0,5.81598e-19,0,2,0,0,0,0,0,9.7931e-23,-1.37841e-47,-2.79527e-25,0,-0.00828563,-0,-0
14.5,-5.69943,-0.00828949,0,7.08698e-19,0,2,0,0,0,0,0,2.14251e-22,-6.58803e-47,-6.16699e-25,0,-0.00828949,-0,-0
14.52,-5.6,-0.00814487,0,5.53364e-19,0,2,0,0,0,0,0,3.5599e-22,-1.82132e-46,-1.02307e-24,0,-0.00814487,-0,-0
14.54,-5.6066,-0.00815447,0,-1.84626e-19,0,2,0,0,0,0,0,4.66663e-22,-3.12636e-46,-1.33488e-24,0,-0.00815447,-0,-0
14.56,-5.6,-0.00814487,0,-1.85171e-18,0,2,0,0,0,0,0,4.29738e-22,-2.65279e-46,-1.23015e-24,0,-0.00814487,-0,-0
14.58,-5.6,-0.00814487,0,-4.67982e-18,0,2,0,0,0,0,0,5.93963e-23,-3.92812e-48,-1.8136e-25,0,-0.00814487,-0,-0
14.6,-5.6,-0.00814487,0,-8.47197e-18,0,2,0,0,0,0,0,-8.76568e-22,-1.0751e-45,2.47029e-24,0,-0.00814487,-0,-0
14.62,-5.6,-0.00814487,0,-1.21208e-17,0,2,0,0,0,0,0,-2.57096e-21,-9.32755e-45,7.2706e-24,0,-0.00814487,-0,-0
14.64,-5.6,-0.00814487,0,-1.30373e-17,0,2,0,0,0,0,0,-4.99511e-21,-3.52768e-44,1.41384e-23,0,-0.00814487,-0,-0
14.66,-5.6,-0.00814487,0,-6.736e-18,0,2,0,0,0,0,0,-7.60257e-21,-8.17729e-44,2.15255e-23,0,-0.00814487,-0,-0
14.68,-5.60483,-0.0081519,0,1.29316e-17,0,2,0,0,0,0,0,-8.94977e-21,-1.13343e-43,2.53433e-23,0,-0.0081519,-0,-0
14.7,-5.6,-0.00814487,0,5.21233e-17,0,2,0,0,0,0,0,-6.36345e-21,-5.72811e-44,1.80097e-23,0,-0.00814487,-0,-0
14.72,-5.69511,-0.0082832,0,1.12994e-16,0,2,0,0,0,0,0,4.0612e-21,-2.40955e-44,-1.16827e-23,0,-0.0082832,-0,-0
14.74,-5.60241,-0.00814838,0,1.86596e-16,0,2,0,0,0,0,0,2.66601e-20,-1.02391e-42,-7.68033e-23,0,-0.00814838,-0,-0
14.76,-5.7,-0.00829031,0,2.42928e-16,0,2,0,0,0,0,0,6.39793e-20,-5.86427e-42,-1.82607e-22,0,-0.00829031,-0,-0
14.78,-5.6,-0.00814487,0,2.20606e-16,0,2,0,0,0,0,0,1.12565e-19,-1.81395e-41,-3.22692e-22,0,-0.00814487,-0,-0
14.8,-5.6,-0.00814487,0,2.23342e-17,0,2,0,0,0,0,0,1.56686e-19,-3.51223e-41,-4.46946e-22,0,-0.00814487,-0,-0
14.82,-5.69645,-0.00828515,0,-4.72571e-16,0,2,0,0,0,0,0,1.61153e-19,-3.71471e-41,-4.59673e-22,0,-0.00828515,-0,-0
14.84,-5.6,-0.00814487,0,-1.36258e-15,0,2,0,0,0,0,0,6.66388e-20,-6.57319e-42,-1.87296e-22,0,-0.00814487,-0,-0
14.86,-5.60049,-0.00814558,0,-2.62796e-15,0,2,0,0,0,0,0,-2.05877e-19,-6.02795e-41,5.80346e-22,0,-0.00814558,-0,-0
14.88,-5.60383,-0.00815044,0,-3.9756e-15,0,2,0,0,0,0,0,-7.3147e-19,-7.5672e-40,2.06985e-21,0,-0.00815044,-0,-0
14.9,-5.6,-0.00814487,0,-4.64163e-15,0,2,0,0,0,0,0,-1.52659e-18,-3.29865e-39,4.32395e-21,0,-0.00814487,-0,-0
14.92,-5.6,-0.00814487,0,-3.22113e-15,0,2,0,0,0,0,0,-2.45492e-18,-8.53322e-39,6.95335e-21,0,-0.00814487,-0,-0
14.94,-5.69978,-0.00828999,0,2.32543e-15,0,2,0,0,0,0,0,-3.09914e-18,-1.36033e-38,8.78933e-21,0,-0.00828999,-0,-0
14.96,-5.60365,-0.00815019,0,1.42418e-14,0,2,0,0,0,0,0,-2.63406e-18,-9.8274e-39,7.44795e-21,0,-0.00815019,-0,-0
14.98,-5.60299,-0.00814922,0,3.38e-14,0,2,0,0,0,0,0,2.14307e-19,-6.33344e-41,-5.80412e-22,0,-0.00814922,-0,-0
15,-5.6,-0.00814487,0,5.90863e-14,0,2,0,0,0,0,0,6.97431e-18,-6.87429e-38,-1.9738e-20,0,-0.00814487,-0,-0
15.02,-5.69803,-0.00828746,0,8.17208e-14,0,2,0,0,0,0,0,1.87916e-17,-5.00646e-37,-5.34064e-20,0,-0.00828746,-0,-0
15.04,-5.6,-0.00814487,0,8.31369e-14,0,2,0,0,0,0,0,3.51357e-17,-1.75855e-36,-1.00521e-19,0,-0.00814487,-0,-0
15.06,-5.7,-0.00829031,0,3.22261e-14,0,2,0,0,0,0,0,5.17631e-17,-3.82162e-36,-1.47633e-19,0,-0.00829031,-0,-0
15.08,-5.7,-0.00829031,0,-1.12168e-13,0,2,0,0,0,0,0,5.82083e-17,-4.8333e-36,-1.66327e-19,0,-0.00829031,-0,-0
15.1,-5.6,-0.00814487,0,-3.88641e-13,0,2,0,0,0,0,0,3.57747e-17,-1.82442e-36,-1.02015e-19,0,-0.00814487,-0,-0
15.12,-5.6,-0.00814487,0,-8.04361e-13,0,2,0,0,0,0,0,-4.19536e-17,-2.41499e-36,1.16883e-19,0,-0.00814487,-0,-0
15.14,-5.60239,-0.00814834,0,-1.28567e-12,0,2,0,0,0,0,0,-2.02826e-16,-5.78818e-35,5.72709e-19,0,-0.00814834,-0,-0
15.16,-5.60245,-0.00814843,0,-1.61128e-12,0,2,0,0,0,0,0,-4.59961e-16,-2.98854e-34,1.3016e-18,0,-0.00814843,-0,-0
15.18,-5.6,-0.00814487,0,-1.34686e-12,0,2,0,0,0,0,0,-7.82216e-16,-8.65456e-34,2.21484e-18,0,-0.00814487,-0,-0
15.2,-5.6,-0.00814487,0,1.74039e-13,0,2,0,0,0,0,0,-1.05159e-15,-1.56485e-33,2.97788e-18,0,-0.00814487,-0,-0
15.22,-5.6,-0.00814487,0,3.74461e-12,0,2,0,0,0,0,0,-1.01678e-15,-1.46291e-33,2.87927e-18,0,-0.00814487,-0,-0
15.24,-5.60011,-0.00814503,0,9.94662e-12,0,2,0,0,0,0,0,-2.67858e-16,-1.01077e-34,7.57509e-19,0,-0.00814503,-0,-0
15.26,-5.6,-0.00814487,0,1.84694e-11,0,2,0,0,0,0,0,1.72147e-15,-4.20005e-33,-4.87848e-18,0,-0.00814487,-0,-0
15.28,-5.6,-0.00814487,0,2.70433e-11,0,2,0,0,0,0,0,5.41534e-15,-4.15486e-32,-1.53434e-17,0,-0.00814487,-0,-0
15.3,-5.6,-0.00814487,0,3.01369e-11,0,2,0,0,0,0,0,1.0824e-14,-1.65974e-31,-3.06664e-17,0,-0.00814487,-0,-0
15.32,-5.6,-0.00814487,0,1.79326e-11,0,2,0,0,0,0,0,1.68514e-14,-4.02273e-31,-4.77423e-17,0,-0.00814487,-0,-0
15.34,-5.6,-0.00814487,0,-2.33533e-11,0,2,0,0,0,0,0,2.04379e-14,-5.91723e-31,-5.79032e-17,0,-0.00814487,-0,-0
15.36,-5.69597,-0.00828446,0,-1.08103e-10,0,2,0,0,0,0,0,1.57672e-14,-3.52312e-31,-4.45953e-17,0,-0.00828446,-0,-0
15.38,-5.6,-0.00814487,0,-2.42746e-10,0,2,0,0,0,0,0,-5.85329e-15,-6.16388e-32,1.77067e-17,0,-0.00814487,-0,-0
15.4,-5.6,-0.00814487,0,-4.10248e-10,0,2,0,0,0,0,0,-5.44025e-14,-4.24577e-30,1.54464e-16,0,-0.00814487,-0,-0
15.42,-5.6,-0.00814487,0,-5.47866e-10,0,2,0,0,0,0,0,-1.36452e-13,-2.64558e-29,3.86916e-16,0,-0.00814487,-0,-0
15.44,-5.69912,-0.00828904,0,-5.23138e-10,0,2,0,0,0,0,0,-2.46025e-13,-8.59339e-29,6.99175e-16,0,-0.00828904,-0,-0
15.46,-5.6,-0.00814487,0,-1.21293e-10,0,2,0,0,0,0,0,-3.50653e-13,-1.74868e-28,1.00084e-15,0,-0.00814487,-0,-0
15.48,-5.6,-0.00814487,0,9.31446e-10,0,2,0,0,0,0,0,-3.74912e-13,-1.99977e-28,1.06916e-15,0,-0.00814487,-0,-0
15.5,-5.6,-0.00814487,0,2.87285e-09,0,2,0,0,0,0,0,-1.88622e-13,-4.9963e-29,5.4139e-16,0,-0.00814487,-0,-0
15.52,-5.69518,-0.00828331,0,5.69806e-09,0,2,0,0,0,0,0,3.85948e-13,-2.08524e-28,-1.09563e-15,0,-0.00828331,-0,-0
15.54,-5.6,-0.00814487,0,8.81759e-09,0,2,0,0,0,0,0,1.52556e-12,-3.32805e-27,-4.37909e-15,0,-0.00814487,-0,-0
15.56,-5.6,-0.00814487,0,1.06111e-08,0,2,0,0,0,0,0,3.28908e-12,-1.54373e-26,-9.34694e-15,0,-0.00814487,-0,-0
15.58,-5.6,-0.00814487,0,8.02005e-09,0,2,0,0,0,0,0,5.4113e-12,-4.16534e-26,-1.53593e-14,0,-0.00814487,-0,-0
15.6,-5.6,-0.00814487,0,-3.49887e-09,0,2,0,0,0,0,0,7.01531e-12,-6.99344e-26,-1.99036e-14,0,-0.00814487,-0,-0
15.62,-5.6,-0.00814487,0,-2.91161e-08,0,2,0,0,0,0,0,6.31553e-12,-5.67001e-26,-1.79211e-14,0,-0.00814487,-0,-0
15.64,-5.6,-0.00814487,0,-7.2142e-08,0,2,0,0,0,0,0,4.92306e-13,-3.76093e-28,-1.42351e-15,0,-0.00814487,-0,-0
15.66,-5.6,-0.00814487,0,-1.29216e-07,0,2,0,0,0,0,0,-1.39361e-11,-2.74728e-25,3.9453e-14,0,-0.00814487,-0,-0
15.68,-5.6,-0.00814487,0,-1.83017e-07,0,2,0,0,0,0,0,-3.97794e-11,-2.24039e-24,1.12669e-13,0,-0.00814487,-0,-0
15.7,-5.6,-0.00814487,0,-1.93722e-07,0,2,0,0,0,0,0,-7.63828e-11,-8.26233e-24,2.16368e-13,0,-0.00814487,-0,-0
15.72,-5.6,-0.00814487,0,-9.30308e-08,0,2,0,0,0,0,0,-1.15127e-10,-1.87718e-23,3.26134e-13,0,-0.00814487,-0,-0
15.74,-5.6,-0.00814487,0,2.11699e-07,0,2,0,0,0,0,0,-1.33733e-10,-2.53303e-23,3.78846e-13,0,-0.00814487,-0,-0
15.76,-5.6,-0.00814487,0,8.11524e-07,0,2,0,0,0,0,0,-9.13936e-11,-1.18294e-23,2.58895e-13,0,-0.00814487,-0,-0
15.78,-5.69878,-0.00828853,0,1.73414e-06,0,2,0,0,0,0,0,7.09112e-11,-7.28949e-24,-2.03628e-13,0,-0.00828853,-0,-0
15.8,-5.6,-0.00814487,0,2.83567e-06,0,2,0,0,0,0,0,4.1774e-10,-2.51314e-22,-1.20355e-12,0,-0.00814487,-0,-0
15.82,-5.6,-0.00814487,0,3.65059e-06,0,2,0,0,0,0,0,9.84874e-10,-1.38749e-21,-2.80082e-12,0,-0.00814487,-0,-0
15.84,-5.69324,-0.00828048,0,3.23857e-06,0,2,0,0,0,0,0,1.71499e-09,-4.19068e-21,-4.88077e-12,0,-0.00828048,-0,-0
15.86,-5.6,-0.00814487,0,1.23619e-07,0,2,0,0,0,0,0,2.36271e-09,-7.9562e-21,-6.74634e-12,0,-0.00814487,-0,-0
15.88,-5.6,-0.00814487,0,-7.50306e-06,0,2,0,0,0,0,0,2.38743e-09,-8.12386e-21,-6.816e-12,0,-0.00814487,-0,-0
15.9,-5.6,-0.00814487,0,-2.10742e-05,0,2,0,0,0,0,0,8.86818e-10,-1.08549e-21,-2.56467e-12,0,-0.00814487,-0,-0
15.92,-5.6,-0.00814487,0,-4.01751e-05,0,2,0,0,0,0,0,-3.32803e-09,-1.54403e-20,9.37624e-12,0,-0.00814487,-0,-0
15.94,-5.6,-0.00814487,0,-6.01867e-05,0,2,0,0,0,0,0,-1.13631e-08,-1.82232e-19,3.214e-11,0,-0.00814487,-0,-0
15.96,-5.6,-0.00814487,0,-6.93242e-05,0.0142619,2,0,0,0,0,0,-2.34004e-08,-7.74364e-19,6.62425e-11,0,-0.00814487,-0,-0
15.98,-5.6,-0.00814487,0,-4.61467e-05,0.4,2,0,0,0,0,0,-3.72652e-08,-1.96511e-18,1.05522e-10,0,-0.00814487,-0,-0
16,-5.6,-0.00814487,0,4.01631e-05,0.8166,2,0,0,0,0,0,-4.64946e-08,-3.05967e-18,1.3167e-10,0,-0.00814487,-0,-0
16.02,-5.6,-0.00814487,0,0.000222994,1.2,2,0,0,0,0,0,-3.8462e-08,-2.09342e-18,1.08913e-10,0,-0.00814487,-0,-0
16.04,-5.60335,-0.00814974,0,0.00052014,1.6,2,0,0,0,0,0,6.13686e-09,-5.40149e-20,-1.74635e-11,0,-0.00814974,-0,-0
16.06,-5.60203,-0.00814782,0,0.000899987,1.6,2,-1.95943,0,0,0,0,1.10165e-07,-1.72107e-17,-3.12393e-10,0,-0.00814782,-0,-0
16.08,-5.6,-0.00814487,0,0.00123189,1.6,2,-4.05214,0,0,0,0,2.90162e-07,-1.19345e-16,-8.2242e-10,0,-0.00814487,-0,-0
16.1,-5.6,-0.00814487,0,0.00123072,1.6,2,-2.0339,0,0,0,0,5.36541e-07,-4.07951e-16,-1.52034e-09,0,-0.00814487,-0,-0
16.12,-5.6,-0.00814487,0,0.000423436,1.6,2,-6,0,0,0,0,7.82685e-07,-8.67997e-16,-2.21768e-09,0,-0.00814487,-0,-0
16.14,-5.69612,-0.00828467,0,-0.00180896,1.6,2,-4.07767,0,0,0,0,8.67372e-07,-1.06601e-15,-2.45898e-09,0,-0.00828467,-0,-0
16.16,-5.6,-0.00814487,0,-0.00603447,1.6,2,-3.98043,0,0,0,0,5.05581e-07,-3.64968e-16,-1.41641e-09,0,-0.00814487,-0,-0
16.18,-5.6,-0.00814487,0,-0.0123263,1.97855,2,0,0,0,0,0,-7.01314e-07,-7.09968e-16,1.98323e-09,0,-0.00814487,-0,-0
16.2,-5.6,-0.00814487,0,-0.0195113,1.6,2,0,0,0,0,0,-3.16658e-06,-1.42082e-14,8.96748e-09,0,-0.00814487,-0,-0
16.22,-5.6,-0.00814487,0,-0.0241633,1.6,2,0.10731,0,0,0,0,-7.06883e-06,-7.07718e-14,2.00228e-08,0,-0.00814487,-0,-0
16.24,-5.6,-0.00814487,0,-0.0196389,1.6,2,4.05876,0,0,0,0,-1.19015e-05,-2.00618e-13,3.3714e-08,0,-0.00814487,-0,-0
16.26,-5.6,-0.00814487,0,0.00415816,1.6,2,6,0,0,0,0,-1.58293e-05,-3.54892e-13,4.48416e-08,0,-0.00814487,-0,-0
16.28,-5.6,-0.00814487,0,0.0590878,1.6,2,8.0562,0,0,0,0,-1.49976e-05,-3.1858e-13,4.24856e-08,0,-0.00814487,-0,-0
16.3,-5.6,-0.00814487,0,0.153532,1.6,2,10,0,0,0,0,-3.18007e-06,-1.43294e-14,9.0057e-09,0,-0.00814487,-0,-0
16.32,-5.6,-0.00814487,0,0.282155,1.98308,2,14,0,0,0,0,2.75262e-05,-1.07341e-12,-7.79871e-08,0,-0.00814487,-0,-0
16.34,-5.6,-0.00814487,0.000689614,0.416418,1.6,2,16,0,0,0,0,8.39573e-05,-9.9852e-12,-2.3786e-07,0.000689614,-0.00814487,-1.95372e-06,-1.34731e-09
16.36,-5.6,-0.00814487,0.0222222,0.509224,1.6,2,16,0,0,0,0,0.000181033,-4.64246e-11,-5.12881e-07,0.0222222,-0.00814487,-6.29569e-05,-1.39904e-06
16.38,-5.6,-0.00814487,0.0227202,0.511594,2,2,16.0856,0,0,0,0,0.000727322,-7.49344e-10,-2.06055e-06,0.0227202,-0.00814487,-6.43676e-05,-1.46244e-06
16.4,-5.6,-0.00814487,0.0444105,0.390394,2,2,18,0,0,0,0,0.00128404,-2.33554e-09,-3.63778e-06,0.0444105,-0.00814487,-0.000125818,-5.58762e-06
16.42,-5.6,-0.00814487,0.0666667,0.154827,2,2,22.1868,0,0,0,0,0.00225033,-7.17331e-09,-6.37533e-06,0.0666667,-0.00814487,-0.000188871,-1.25914e-05
16.44,-5.6,-0.00814487,0.0666667,-0.123103,2,2,27.9488,0,0,0,0,0.00361463,-1.85078e-08,-1.02405e-05,0.0666667,-0.00814487,-0.000188871,-1.25914e-05
16.46,-5.6,-0.00814487,0.0443313,-0.340357,2,2,36.0433,0,0,0,0,0.00492334,-3.43358e-08,-1.39481e-05,0.0443313,-0.00814487,-0.000125593,-5.56771e-06
16.48,-5.6,-0.00814487,0.0226473,-0.432526,2,2,49.6384,0,0,0,0,0.0057419,-4.67022e-08,-1.62672e-05,0.0226473,-0.00814487,-6.41613e-05,-1.45308e-06
16.5,-5.6,-0.00814487,0.0219042,-0.408338,2,2,39.9395,0,0,0,0,0.00610834,-5.28533e-08,-1.73053e-05,0.0219042,-0.00814487,-6.2056e-05,-1.35929e-06
16.52,-5.6,-0.00814487,0.000341687,-0.32676,2.38832,2,36.0584,0,0,0,0,0.00646476,-5.92012e-08,-1.83151e-05,0.000341687,-0.00814487,-9.68021e-07,-3.3076e-10
16.54,-5.6,-0.00814487,0.0222222,-0.247301,2.40245,2,40.0367,0,0,0,0,0.00640624,-5.81343e-08,-1.81493e-05,0.0222222,-0.00814487,-6.29569e-05,-1.39904e-06
16.56,-5.6,-0.00814487,0.0216777,-0.184448,2.8,2,48.0932,0,0,0,0,0.00680122,-6.55239e-08,-1.92683e-05,0.0216777,-0.00814487,-6.14144e-05,-1.33132e-06
16.58,-5.6,-0.00814487,0.00020453,-0.10837,3.19224,2,51.9612,0,0,0,0,0.00719789,-7.33899e-08,-2.03921e-05,0.00020453,-0.00814487,-5.79446e-07,-1.18514e-10
16.6,-5.6,-0.00814487,0,0.00537774,3.2169,2,52,0,0,0,0,0.0071803,-7.30318e-08,-2.03422e-05,0,-0.00814487,-0,-0
16.62,-5.69918,-0.00828912,0,0.142656,3.6,2,53.9836,0,0,0,0,0.00718138,-7.30536e-08,-2.03453e-05,0,-0.00828912,-0,-0
16.64,-5.6,-0.00814487,0.000296861,0.26237,4.01127,2,56,0,0,0,0,0.00720991,-7.36353e-08,-2.04276e-05,0.000296861,-0.00814487,-8.41024e-07,-2.49667e-10
16.66,-5.6,-0.00814487,0.0219291,0.324367,4.4,2,56,0,0,0,0,0.00726832,-7.48333e-08,-2.05921e-05,0.0219291,-0.00814487,-6.21266e-05,-1.36238e-06
16.68,-5.6,-0.00814487,0.0223849,0.314315,4.8,2,56.1865,0,0,0,0,0.00777178,-8.55596e-08,-2.20184e-05,0.0223849,-0.00814487,-6.34179e-05,-1.4196e-06
16.7,-5.69766,-0.00828691,0.0441692,0.25234,5.19063,2,73.8595,0,0,0,0,0.00828234,-9.71717e-08,-2.34714e-05,0.0441692,-0.00828691,-0.000127316,-5.62347e-06
16.72,-5.6,-0.00814487,0.0224696,0.175022,5.20945,2,80.0472,0,0,0,0,0.00921619,-1.20347e-07,-2.61632e-05,0.0224696,-0.00814487,-6.36578e-05,-1.43037e-06
16.74,-5.6,-0.00814487,0.0443569,0.112688,5.6,2,85.9702,0,0,0,0,0.00970059,-1.33352e-07,-2.75294e-05,0.0443569,-0.00814487,-0.000125666,-5.57414e-06
16.76,-5.6,-0.00814487,0.0440677,0.0878336,6.01424,2,104.071,0,0,0,0,0.0106103,-1.59567e-07,-3.01066e-05,0.0440677,-0.00814487,-0.000124846,-5.50169e-06
16.78,-5.6,-0.00814487,0.0226356,0.111873,6.7858,2,106,0,0,0,0,0.0115092,-1.87775e-07,-3.26533e-05,0.0226356,-0.00814487,-6.41279e-05,-1.45157e-06
16.8,-5.6,-0.00814487,0.0444444,0.170788,7.20961,2,106.096,0,0,0,0,0.0119843,-2.03608e-07,-3.39992e-05,0.0444444,-0.00814487,-0.000125914,-5.59617e-06
16.82,-5.6,-0.00814487,0.0444444,0.23443,7.98307,2,119.577,0,0,0,0,0.0129073,-2.36198e-07,-3.66143e-05,0.0444444,-0.00814487,-0.000125914,-5.59617e-06
16.84,-5.6,-0.00814487,0.0444444,0.278719,8.4,2,124,0,0,0,0,0.0138431,-2.71701e-07,-3.92654e-05,0.0444444,-0.00814487,-0.000125914,-5.59617e-06
16.86,-5.6019,-0.00814763,0.0666667,0.294704,8.80759,2,136,0,0,0,0,0.0147877,-3.10057e-07,-4.19418e-05,0.0666667,-0.00814763,-0.000188935,-1.25956e-05
16.88,-5.60466,-0.00815165,0.0666667,0.294017,9.21864,2,152.466,0,0,0,0,0.01618,-3.71198e-07,-4.58884e-05,0.0666667,-0.00815165,-0.000189028,-1.26019e-05
16.9,-5.6,-0.00814487,0.0666667,0.299027,10,2,168.202,0,0,0,0,0.0175721,-4.37829e-07,-4.98353e-05,0.0666667,-0.00814487,-0.000188871,-1.25914e-05
16.92,-5.6,-0.00814487,0.0666667,0.316435,10.3832,2,181.916,0,0,0,0,0.0189653,-5.10005e-07,-5.37814e-05,0.0666667,-0.00814487,-0.000188871,-1.25914e-05
16.94,-5.6985,-0.00828814,0.0887073,0.335655,11.194,2,197.85,0,0,0,0,0.0203619,-5.87888e-07,-5.77557e-05,0.0887073,-0.00828814,-0.000255734,-2.26855e-05
16.96,-5.6,-0.00814487,0.0888889,0.351122,12.0104,2,214.052,0,0,0,0,0.0222032,-6.9912e-07,-6.30639e-05,0.0888889,-0.00814487,-0.000251828,-2.23847e-05
16.98,-5.6,-0.00814487,0.0888889,0.365763,12.4,2,233.496,0,0,0,0,0.0240512,-8.20485e-07,-6.82761e-05,0.0888889,-0.00814487,-0.000251828,-2.23847e-05
17,-5.6,-0.00814487,0.111111,0.382144,13.2131,2,251.934,0,0,0,0,0.0259021,-9.51713e-07,-7.35199e-05,0.111111,-0.00814487,-0.000314785,-3.49761e-05
17.02,-5.69799,-0.00828739,0.111111,0.405727,13.992,2,269.598,0,0,0,0,0.0282008,-1.12822e-06,-8.0061e-05,0.111111,-0.00828739,-0.000320293,-3.55881e-05
17.04,-5.6,-0.00814487,0.111111,0.441358,14.3979,2,283.979,0,0,0,0,0.0305041,-1.32027e-06,-8.67007e-05,0.111111,-0.00814487,-0.000314785,-3.49761e-05
17.06,-5.6,-0.00814487,0.133333,0.4825,14.4143,2,304.286,0,0,0,0,0.0328146,-1.52813e-06,-9.32175e-05,0.133333,-0.00814487,-0.000377741,-5.03655e-05
17.08,-5.6,-0.00814487,0.133333,0.517776,14.8,2,329.42,0,0,0,0,0.0355778,-1.79652e-06,-0.000101046,0.133333,-0.00814487,-0.000377741,-5.03655e-05
17.1,-5.6,-0.00814487,0.155556,0.543086,14.8,2,342.921,0,0,0,0,0.038348,-2.08731e-06,-0.000108894,0.155556,-0.00814487,-0.000440698,-6.85531e-05
17.12,-5.6,-0.00814487,0.155556,0.561845,14.8,2,377.567,0,0,0,0,0.0415677,-2.45261e-06,-0.000118016,0.155556,-0.00814487,-0.000440698,-6.85531e-05
17.14,-5.6,-0.00814487,0.177669,0.580233,14.8,2,401.928,0,0,0,0,0.0447912,-2.84775e-06,-0.000127148,0.177669,-0.00814487,-0.000503347,-8.94291e-05
17.16,-5.6,-0.00814487,0.178182,0.603557,14.8,2,422.347,0,0,0,0,0.0484606,-3.33338e-06,-0.000137544,0.178182,-0.00814487,-0.000504802,-8.99468e-05
17.18,-5.6,-0.00814487,0.199664,0.632648,14.8,2,439.745,0,0,0,0,0.052145,-3.85937e-06,-0.000147982,0.199664,-0.00814487,-0.000565659,-0.000112942
17.2,-5.6,-0.00814487,0.200443,0.659498,14.8,2,460.455,0,0,0,0,0.0562648,-4.49307e-06,-0.000159653,0.200443,-0.00814487,-0.000567867,-0.000113825
17.22,-5.6987,-0.00828843,0.222085,0.668846,14.4052,2,485.818,0,0,0,0,0.0604056,-5.17851e-06,-0.000171437,0.222085,-0.00828843,-0.000640272,-0.000142195
17.24,-5.7,-0.00829031,0.244444,0.653039,14.425,2,496.625,0,0,0,0,0.064981,-5.99318e-06,-0.000184686,0.244444,-0.00829031,-0.000704893,-0.000172307
17.26,-5.7,-0.00829031,0.244601,0.623228,14.4,2,506.454,0,0,0.241134,0,0.0700005,-6.95654e-06,-0.000199161,0.244601,-0.00829031,-0.000705346,-0.000172529
17.28,-5.7,-0.00829031,0.266667,0.599116,14.4,2,528,0,0,0.32,0,0.0750172,-7.99196e-06,-0.000213628,0.266667,-0.00829031,-0.000768974,-0.00020506
17.3,-5.7,-0.00829031,0.26669,0.594146,14.7991,2,540.034,0.000683571,0,0.32,0,0.0804704,-9.19978e-06,-0.000229353,0.26669,-0.00829031,-0.000769043,-0.000205096
17.32,-5.70471,-0.00829717,0.288889,0.612468,14.7812,2,542.754,0.402292,0,0.32,0,0.085923,-1.04932e-05,-0.00024508,0.288889,-0.00829717,-0.000833744,-0.000240859
17.34,-5.9,-0.0085812,0.289688,0.650132,14.8,2,560,0.48,0,0.401065,0.182396,0.0918233,-1.19898e-05,-0.000262258,0.289688,-0.0085812,-0.000864672,-0.000250485
17.36,-6.00177,-0.00872922,0.311307,0.698809,14.8071,2,558.141,0.48,0.562122,0.68,0.68,0.0977471,-1.35962e-05,-0.000280164,0.311307,-0.00872922,-0.000945231,-0.000294257
17.38,-6.20444,-0.00902399,0.333333,0.75726,15.6355,2,560.355,0.57989,0.68,0.68,0.68,0.104113,-1.54417e-05,-0.00029974,0.333333,-0.00902399,-0.00104629,-0.000348763
17.4,-6.49748,-0.0094502,0.333333,0.833865,16.795,2,562.076,0.8,0.68,0.719496,0.719496,0.110931,-1.75593e-05,-0.000321572,0.333333,-0.0094502,-0.00109571,-0.000365236
17.42,-6.91064,-0.0100511,0.35596,0.929945,18.8426,2,599.574,0.8,0.802838,0.88,0.88,0.117765,-1.98349e-05,-0.000344649,0.35596,-0.0100511,-0.00124449,-0.000442989
17.44,-7.52502,-0.0109447,0.378511,1.03369,20.8751,2,582.625,0.840082,0.88,0.88,0.88,0.12507,-2.24483e-05,-0.000371147,0.378511,-0.0109447,-0.00144099,-0.000545432
17.46,-8.30016,-0.0120721,0.400004,1.13504,22.4003,2,596.006,1,0.880026,0.960052,1.00004,0.132847,-2.54534e-05,-0.000402133,0.400004,-0.0120721,-0.00167969,-0.000671883
17.48,-9.22022,-0.0134103,0.422693,1.23164,24.0323,2,627.677,1.00162,1.12,1.12,1.12,0.141074,-2.89088e-05,-0.00043846,0.422693,-0.0134103,-0.00197174,-0.000833442
17.5,-10.1989,-0.0148337,0.444422,1.31676,25.1991,2,623.991,1.15974,1.12,1.12,1.12,0.149774,-3.29062e-05,-0.000481154,0.444422,-0.0148337,-0.00229319,-0.00101914
17.52,-11.4282,-0.0166217,0.467677,1.36954,26.4188,2,663.317,1.2,1.16753,1.28188,1.32,0.158926,-3.75336e-05,-0.000530957,0.467677,-0.0166217,-0.0027041,-0.00126465
17.54,-12.5807,-0.0182979,0.510373,1.36603,27.1871,2,684.193,1.2,1.32,1.32,1.32,0.168553,-4.29227e-05,-0.000589551,0.510373,-0.0182979,-0.00324862,-0.00165801
17.56,-13.9045,-0.0202232,0.533416,1.30165,28.003,2,690.462,1.36,1.32089,1.4403,1.48,0.179034,-4.94628e-05,-0.000659575,0.533416,-0.0202232,-0.00375265,-0.00200173
17.58,-15.2294,-0.0221503,0.556044,1.19261,28.4168,2,728.421,1.44336,1.52,1.48,1.48168,0.189962,-5.71047e-05,-0.000740151,0.556044,-0.0221503,-0.00428472,-0.0023825
17.6,-16.5993,-0.0241428,0.577768,1.05679,28.8,2,747.991,1.52,1.52,1.59989,1.63989,0.201322,-6.60244e-05,-0.000831584,0.577768,-0.0241428,-0.00485274,-0.00280376
17.62,-18.0382,-0.0262355,0.600513,0.907055,29.6191,2,791.14,1.60382,1.68,1.64,1.64191,0.213089,-7.64074e-05,-0.000934622,0.600513,-0.0262355,-0.00548118,-0.00329152
17.64,-19.4817,-0.0283351,0.621923,0.760852,30,2,822.696,1.68,1.68,1.67896,1.79687,0.22528,-8.84986e-05,-0.00105037,0.621923,-0.0283351,-0.00613111,-0.00381307
17.66,-21.1136,-0.0307085,0.622439,0.639949,30.8078,2,867.572,1.80078,1.84,1.8,1.80234,0.237871,-0.000102525,-0.00117941,0.622439,-0.0307085,-0.0066505,-0.00413953
17.68,-22.643,-0.0329329,0.644444,0.557814,31.6215,2,895.612,1.84,1.90068,1.8809,1.94023,0.250448,-0.000118225,-0.00131884,0.644444,-0.0329329,-0.00738473,-0.00475905
17.7,-24.2118,-0.0352146,0.644609,0.515763,32.4118,2,892.766,2.00118,2.00118,2.00177,2.08059,0.263448,-0.000136361,-0.00147293,0.644609,-0.0352146,-0.0078988,-0.00509163
17.72,-25.8475,-0.0375937,0.666667,0.511391,33.2475,2,958.931,2.08,2.10025,2.12,2.12,0.276443,-0.00015656,-0.00163746,0.666667,-0.0375937,-0.00872149,-0.00581432
17.74,-27.5251,-0.0400336,0.666996,0.54611,34.4126,2,1002.63,2.16119,2.16178,2.28,2.28,0.289879,-0.000179766,-0.00181888,0.666996,-0.0400336,-0.00929272,-0.00619821
17.76,-29.0798,-0.0422948,0.688592,0.625529,35.1899,2,1002.51,2.23893,2.2784,2.28,2.28,0.303328,-0.000205513,-0.00201178,0.688592,-0.0422948,-0.0101361,-0.00697963
17.78,-30.803,-0.0448011,0.688928,0.752338,36.003,2,1083.99,2.32045,2.44,2.4003,2.4003,0.317225,-0.000234919,-0.00222213,0.688928,-0.0448011,-0.0107428,-0.00740098
17.8,-32.4737,-0.0472311,0.710769,0.918067,36.8,2,1105.24,2.44,2.47883,2.55766,2.55766,0.331154,-0.000267412,-0.00244534,0.710769,-0.0472311,-0.0116854,-0.00830558
17.82,-34.117,-0.0496211,0.733549,1.10666,37.6,2,1134.6,2.6,2.60226,2.64151,2.72,0.345553,-0.000304356,-0.00268814,0.733549,-0.0496211,-0.0126711,-0.00929487
17.84,-35.8331,-0.0521171,0.755983,1.30439,37.6,2,1183.26,2.72147,2.72294,2.72294,2.80294,0.360445,-0.000346336,-0.00295176,0.755983,-0.0521171,-0.0137167,-0.0103696
17.86,-37.493,-0.0545314,0.777685,1.49862,37.6,2,1237.35,2.76,2.8793,2.8793,2.99895,0.375826,-0.000393915,-0.00323745,0.777685,-0.0545314,-0.0147653,-0.0114828
17.88,-39.2285,-0.0570556,0.822598,1.67388,37.6,2,1279.36,2.9009,3.0209,3,3.04,0.391679,-0.000447662,-0.00354532,0.822598,-0.0570556,-0.0163425,-0.0134433
17.9,-40.795,-0.059334,0.844372,1.81534,37.6,2,1303.74,3.03926,3.04,3.03975,3.15926,0.408466,-0.000510015,-0.0038859,0.844372,-0.059334,-0.0174465,-0.0147314
17.92,-42.5296,-0.0618568,0.88973,1.9106,37.6,2,1349.78,3.16296,3.36148,3.24296,3.36444,0.425716,-0.000580165,-0.00424962,0.88973,-0.0618568,-0.0191674,-0.0170538
17.94,-44.2387,-0.0643426,0.934462,1.9576,37.5806,2,1362.77,3.32387,3.52194,3.40387,3.52581,0.443893,-0.000661017,-0.0046492,0.934462,-0.0643426,-0.0209422,-0.0195697
17.96,-45.9011,-0.0667605,0.977793,1.97835,37.2,2,1384.03,3.48011,3.68,3.56011,3.64011,0.462973,-0.000753859,-0.00508504,0.977793,-0.0667605,-0.0227392,-0.0222342
17.98,-47.6389,-0.069288,1.00101,2.0071,37.1827,2,1396.69,3.64173,3.80346,3.68518,3.80346,0.482924,-0.000859999,-0.0055577,1.00101,-0.069288,-0.0241632,-0.0241877
18,-49.4149,-0.0718711,1.04479,2.05828,36.3934,2,1434.03,3.72199,3.96066,3.88133,4.00066,0.503346,-0.000978592,-0.00605984,1.04479,-0.0718711,-0.0261635,-0.0273355
18.02,-51.0678,-0.0742751,1.08795,2.11885,36,2,1441.76,3.95517,4.03839,4.03678,4.11678,0.524653,-0.00111346,-0.00660277,1.08795,-0.0742751,-0.0281587,-0.0306351
18.04,-52.789,-0.0767784,1.133,2.17007,35.2055,2,1457.94,4.04,4.16,4.16,4.31834,0.546835,-0.00126637,-0.00718649,1.133,-0.0767784,-0.0303169,-0.0343491
18.06,-54.4266,-0.0791602,1.17848,2.20453,34.7867,2,1479.67,4.28133,4.36399,4.32399,4.44266,0.569928,-0.00143954,-0.00781437,1.17848,-0.0791602,-0.0325161,-0.0383194
18.08,-55.9637,-0.0813959,1.22116,2.22611,34.0182,2,1508.18,4.43455,4.59455,4.51637,4.59637,0.593938,-0.0016352,-0.00848662,1.22116,-0.0813959,-0.0346495,-0.0423125
18.1,-57.3194,-0.0833677,1.26735,2.24345,33.5871,2,1467.74,4.60129,4.68388,4.64388,4.76259,0.618805,-0.00185509,-0.00920146,1.26735,-0.0833677,-0.0368352,-0.046683
18.12,-58.4815,-0.0850578,1.31039,2.26462,33.2,2,1492.95,4.67876,4.91629,4.79876,4.95629,0.6446,-0.00210219,-0.00995952,1.31039,-0.0850578,-0.038862,-0.0509243
18.14,-59.4968,-0.0865347,1.3554,2.29349,32.8,2,1483.87,4.79959,4.99973,4.83986,4.99986,0.671259,-0.00237832,-0.0107576,1.3554,-0.0865347,-0.0408984,-0.0554338
18.16,-60.3109,-0.0877186,1.40085,2.32633,32,2,1456.44,5.0029,5.28145,5.08145,5.2429,0.698824,-0.00268639,-0.0115959,1.40085,-0.0877186,-0.0428509,-0.0600276
18.18,-60.8907,-0.088562,1.44379,2.34793,31.6124,2,1466.06,5.11876,5.39752,5.23629,5.43629,0.727304,-0.00302912,-0.0124722,1.44379,-0.088562,-0.0445914,-0.0643807
18.2,-61.3087,-0.0891699,1.49041,2.33332,31.1826,2,1432.35,5.28522,5.56174,5.32522,5.56174,0.756647,-0.00340844,-0.0133823,1.49041,-0.0891699,-0.046349,-0.0690792
18.22,-61.5989,-0.089592,1.55522,2.26991,30.4043,2,1434.06,5.43957,5.71872,5.47957,5.71872,0.786919,-0.00382786,-0.0143266,1.55522,-0.089592,-0.0485945,-0.075575
18.24,-61.797,-0.0898801,1.59929,2.1838,29.612,2,1433.34,5.5576,5.8776,5.6376,5.8764,0.818474,-0.00429554,-0.0153146,1.59929,-0.0898801,-0.0501332,-0.0801777
18.26,-62.0017,-0.0901778,1.62257,2.12287,29.1933,2,1403.13,5.642,6.04067,5.76067,6.04067,0.850893,-0.00480856,-0.0163326,1.62257,-0.0901778,-0.0510323,-0.0828036
18.28,-62.1,-0.0903208,1.66583,2.10765,28.8,2,1386.72,5.79858,6.15716,5.91574,6.19574,0.883764,-0.00536249,-0.0173679,1.66583,-0.0903208,-0.0524765,-0.0874171
18.3,-62.1,-0.0903208,1.71185,2.11749,28.4,2,1375.28,6.00126,6.24379,6.04379,6.4,0.917497,-0.00596636,-0.0184312,1.71185,-0.0903208,-0.0539261,-0.0923134
18.32,-62.1,-0.0903208,1.75487,2.11975,28.013,2,1344.25,6.15611,6.47611,6.23741,6.51611,0.952151,-0.00662407,-0.019523,1.75487,-0.0903208,-0.0552814,-0.0970119
18.34,-62.0005,-0.0901761,1.80011,2.0953,28,2,1334.01,6.3202,6.64039,6.3602,6.6402,0.987665,-0.00733738,-0.0206415,1.80011,-0.0901761,-0.056615,-0.101913
18.36,-62.0955,-0.0903142,1.8455,2.04631,27.6,2,1284.45,6.40543,6.80181,6.52181,6.80181,1.02408,-0.00810997,-0.021787,1.8455,-0.0903142,-0.0581319,-0.107282
18.38,-62,-0.0901753,1.88824,1.99466,27.6,2,1266.86,6.55877,6.87877,6.63754,6.87877,1.06139,-0.00894491,-0.0229625,1.88824,-0.0901753,-0.0593863,-0.112136
18.4,-61.8973,-0.090026,1.91168,1.96277,27.1892,2,1277.35,6.68154,7.00154,6.80051,7.04154,1.09954,-0.00984406,-0.0241618,1.91168,-0.090026,-0.0600234,-0.114746
18.42,-61.8,-0.0898845,1.95472,1.9486,26.8,2,1255.93,6.79776,7.11776,6.83925,7.15776,1.13816,-0.0108006,-0.0253736,1.95472,-0.0898845,-0.0612779,-0.119781
18.44,-61.5011,-0.0894497,1.99974,1.93146,26.4,2,1221.94,6.95872,7.31957,7.03957,7.35915,1.17763,-0.0118268,-0.0266094,1.99974,-0.0894497,-0.0623843,-0.124753
18.46,-61.1944,-0.0890036,2.04474,1.90187,25.6,2,1162.28,7.04336,7.44112,7.16112,7.48112,1.21799,-0.0129266,-0.027866,2.04474,-0.0890036,-0.0634683,-0.129776
18.48,-60.9048,-0.0885824,2.0661,1.86653,25.2192,2,1135.83,7.27424,7.59424,7.27616,7.63424,1.25925,-0.014103,-0.0291441,2.0661,-0.0885824,-0.0638263,-0.131872
18.5,-60.3976,-0.0878448,2.11136,1.82822,24.8,2,1137.67,7.36,7.68067,7.36067,7.8,1.30093,-0.0153448,-0.0304279,2.11136,-0.0878448,-0.0646784,-0.136559
18.52,-59.9148,-0.0871426,2.1544,1.78446,24.8,2,1110,7.36,7.79687,7.47687,7.8,1.3435,-0.0166683,-0.0317272,2.1544,-0.0871426,-0.0654666,-0.141041
18.54,-59.2057,-0.0861112,2.1776,1.74034,24.0057,2,1115.51,7.47969,7.91937,7.63906,7.95969,1.38692,-0.018075,-0.0330408,2.1776,-0.0861112,-0.0653847,-0.142382
18.56,-58.4877,-0.0850669,2.22255,1.70489,23.5877,2,1040.49,7.68,8.08058,7.80058,8.08117,1.4308,-0.019554,-0.0343509,2.22255,-0.0850669,-0.0659209,-0.146512
18.58,-57.7138,-0.0839413,2.24404,1.68109,23.2,2,1036.69,7.68,8.11928,7.83928,8.15855,1.47556,-0.021122,-0.0356709,2.24404,-0.0839413,-0.0656735,-0.147374
18.6,-56.6893,-0.0824512,2.28917,1.66521,22.8,2,1020.71,7.92107,8.28107,7.96107,8.32215,1.52075,-0.0227643,-0.0369839,2.28917,-0.0824512,-0.0657996,-0.150626
18.62,-55.7213,-0.0810434,2.31069,1.65021,22.8,2,1002.93,7.99858,8.43573,8.07715,8.43858,1.56683,-0.0244999,-0.0382977,2.31069,-0.0810434,-0.0652792,-0.15084
18.64,-54.608,-0.079424,2.35524,1.62873,22.8,2,978.239,8,8.47971,8.11971,8.47971,1.61334,-0.0263123,-0.0396003,2.35524,-0.079424,-0.0652023,-0.153567
18.66,-53.4803,-0.0777839,2.37855,1.59709,22.8,2,962.526,8.24263,8.60132,8.32395,8.64263,1.66073,-0.028221,-0.0408998,2.37855,-0.0777839,-0.0644823,-0.153374
18.68,-52.3218,-0.076099,2.42146,1.55983,22.8,2,978,8.43564,8.75564,8.47855,8.75855,1.70858,-0.03021,-0.0421841,2.42146,-0.076099,-0.064218,-0.155501
18.7,-50.9783,-0.0741449,2.44483,1.52828,22.8,2,952.192,8.48137,8.88,8.48,8.88069,1.75728,-0.0322967,-0.0434612,2.44483,-0.0741449,-0.0631667,-0.154432
18.72,-49.8165,-0.0724551,2.46635,1.50738,22.8,2,886.495,8.55884,8.88,8.48,8.91942,1.80643,-0.0344654,-0.0447167,2.46635,-0.0724551,-0.0622653,-0.153568
18.74,-48.5584,-0.0706253,2.51192,1.48962,22.8,2,855.248,8.46032,9.08128,8.62032,9.12064,1.85601,-0.0367147,-0.0459543,2.51192,-0.0706253,-0.0618089,-0.155259
18.76,-47.3873,-0.0689221,2.5336,1.46608,22.8,2,873.949,8.88048,9.08095,8.72048,9.24095,1.90649,-0.0390674,-0.0471822,2.5336,-0.0689221,-0.060834,-0.154129
18.78,-46.3257,-0.067378,2.55505,1.42908,22.8,2,860.514,8.91909,9.15818,8.75909,9.31818,1.9574,-0.041502,-0.0483915,2.55505,-0.067378,-0.0599705,-0.153228
18.8,-45.384,-0.0660084,2.60037,1.36955,22.8,2,813.552,9,9.32,8.92256,9.40256,2.00872,-0.0440185,-0.0495845,2.60037,-0.0660084,-0.05979,-0.155476
18.82,-44.5106,-0.064738,2.62194,1.29076,22.8,2,813.63,8.92212,9.39788,9.07788,9.48,2.06094,-0.0466409,-0.0507745,2.62194,-0.064738,-0.0591224,-0.155016
18.84,-43.8962,-0.0638444,2.64458,1.21317,22.8,2,805.567,9.00255,9.52,9.20051,9.48051,2.11357,-0.0493465,-0.0519528,2.64458,-0.0638444,-0.0588074,-0.155521
18.86,-43.5036,-0.0632734,2.66624,1.15571,22.8,2,756.579,9.23855,9.52,9.24,9.52,2.16663,-0.052137,-0.0531275,2.66624,-0.0632734,-0.0587576,-0.156662
18.88,-43.2018,-0.0628345,2.68868,1.12311,22.8,2,756.147,9.35926,9.55926,9.35926,9.55926,2.22011,-0.0550124,-0.054303,2.68868,-0.0628345,-0.0588399,-0.158202
18.9,-42.995,-0.0625337,2.7117,1.1104,22.38,2,747.905,9.34007,9.65993,9.43986,9.61979,2.27402,-0.057975,-0.0554813,2.7117,-0.0625337,-0.0590587,-0.160149
18.92,-42.702,-0.0621075,2.73323,1.11002,21.604,2,708,9.39921,9.64,9.52,9.8396,2.32839,-0.061027,-0.0566638,2.73323,-0.0621075,-0.0591209,-0.161591
18.94,-42.2919,-0.0615111,2.75584,1.11423,20.7892,2,728.378,9.48,9.80108,9.64108,9.84108,2.38319,-0.0641678,-0.0578461,2.75584,-0.0615111,-0.0590361,-0.162694
18.96,-41.7098,-0.0606644,2.7774,1.11462,20.013,2,664.195,9.5574,9.84,9.68,9.99609,2.43844,-0.0673998,-0.0590246,2.7774,-0.0606644,-0.0586769,-0.162969
18.98,-40.8903,-0.0594726,2.80025,1.10186,19.1903,2,714.644,9.55903,10,9.80097,9.99225,2.49411,-0.0707224,-0.060193,2.80025,-0.0594726,-0.0579948,-0.1624
19,-40.0096,-0.0581916,2.822,1.06691,18.8,2,579.574,9.6377,10,9.87923,9.40537,2.55023,-0.0741372,-0.0613453,2.822,-0.0581916,-0.0571834,-0.161371
19.02,-38.8807,-0.0565496,2.84481,1.0048,18.8,2,697.098,9.8,9.64516,9.88258,10.0426,2.60677,-0.0776426,-0.0624788,2.84481,-0.0565496,-0.0560156,-0.159354
19.04,-37.672,-0.0547917,2.86721,0.921806,18.8,2,651.907,9.8,9.9588,9.96,10.12,2.66376,-0.0812393,-0.0635861,2.86721,-0.0547917,-0.0546979,-0.15683
19.06,-36.5083,-0.0530992,2.88874,0.83951,18.8,2,620.416,9.72166,10.2789,9.84166,10.1594,2.72117,-0.0849261,-0.0646663,2.88874,-0.0530992,-0.0534032,-0.154268
19.08,-35.0759,-0.0510158,2.88925,0.78204,18.8,2,472.137,9.64651,10.32,9.72651,10.28,2.77899,-0.088701,-0.0657183,2.88925,-0.0510158,-0.0513132,-0.148257
19.1,-33.7014,-0.0490167,2.91109,0.757385,18.8,2,667.951,10.0396,10.32,10.1196,10.28,2.8368,-0.0925354,-0.0667267,2.91109,-0.0490167,-0.0496718,-0.144599
19.12,-32.1541,-0.0467663,2.93333,0.760785,18.8,2,523.312,10.2,10.32,10.0011,10.3189,2.89504,-0.0964562,-0.0677011,2.93333,-0.0467663,-0.04775,-0.140067
19.14,-30.6178,-0.0445318,2.93333,0.785738,18.8,2,510.045,10.2,10.32,10.0395,10.2805,2.95373,-0.100463,-0.0686356,2.93333,-0.0445318,-0.0454654,-0.133365
19.16,-28.9811,-0.0421513,2.9558,0.818122,18.8,2,576.438,10.1582,10.2009,10.3204,10.4813,3.01241,-0.104523,-0.0695236,2.9558,-0.0421513,-0.0433616,-0.128168
19.18,-27.4218,-0.0398833,2.97746,0.839221,18.8,2,488.653,10.0023,10.2788,10.3594,10.5983,3.07154,-0.108667,-0.0703693,2.97746,-0.0398833,-0.0413266,-0.123048
19.2,-25.9769,-0.0377819,3,0.845806,18.8,2,515.231,10.1646,10.6015,10.36,10.8015,3.13111,-0.11289,-0.0711754,3,-0.0377819,-0.0394434,-0.11833
19.22,-24.809,-0.0360832,3,0.846895,18.8,2,505.851,10.3588,10.6794,10.3206,10.9188,3.19113,-0.117192,-0.0719465,3,-0.0360832,-0.0376684,-0.113005
19.24,-23.9903,-0.0348924,3.02256,0.838044,18.8,2,444.012,10.4806,10.76,10.32,10.9575,3.25114,-0.12154,-0.0726869,3.02256,-0.0348924,-0.0366982,-0.110923
19.26,-23.4042,-0.03404,3.04428,0.801627,19.1945,2,448.776,10.5197,10.76,10.32,10.8012,3.3116,-0.125964,-0.0734121,3.04428,-0.03404,-0.0360582,-0.109771
19.28,-23.2,-0.033743,3.06667,0.73373,19.2,2,476.252,10.6,10.7182,10.28,10.7027,3.37248,-0.130463,-0.074129,3.06667,-0.033743,-0.0360062,-0.110419
19.3,-23.2,-0.033743,3.06667,0.650585,19.2,2,410.025,10.5201,10.6001,10.28,10.7999,3.43379,-0.135039,-0.0748493,3.06667,-0.033743,-0.0360062,-0.110419
19.32,-23.1951,-0.0337359,3.08889,0.568933,19.2,2,418.816,10.3789,10.7011,10.4808,10.84,3.49508,-0.139657,-0.0755709,3.08889,-0.0337359,-0.0362594,-0.112001
19.34,-23.2,-0.033743,3.08935,0.495279,19.6,2,419.857,10.3995,10.7797,10.6,10.8,3.55679,-0.144352,-0.0762974,3.08935,-0.033743,-0.0362726,-0.112059
19.36,-23.2,-0.033743,3.11087,0.43348,19.6,2,379.727,10.5191,10.84,10.6791,10.76,3.61849,-0.149092,-0.0770241,3.11087,-0.033743,-0.0365252,-0.113625
19.38,-22.8937,-0.0332975,3.11111,0.390525,20,2,367.321,10.6,10.84,10.68,10.8,3.68061,-0.153909,-0.0777532,3.11111,-0.0332975,-0.0360455,-0.112141
19.4,-22.6018,-0.032873,3.11111,0.368135,20.3928,2,396.217,10.6,10.84,10.68,10.8,3.74272,-0.15877,-0.0784703,3.11111,-0.032873,-0.0355855,-0.110711
19.42,-22.0916,-0.0321309,3.13333,0.358403,20.4,2,367.832,10.68,10.84,10.76,10.84,3.80482,-0.163675,-0.0791765,3.13333,-0.0321309,-0.0350301,-0.109761
19.44,-21.3958,-0.0311189,3.13333,0.355013,20.8,2,358.127,10.68,10.8408,10.76,10.92,3.86736,-0.168659,-0.0798683,3.13333,-0.0311189,-0.033926,-0.106302
19.46,-20.5829,-0.0299366,3.13383,0.355794,20.8,2,352.256,10.68,10.92,10.76,10.9398,3.9299,-0.173686,-0.0805356,3.13383,-0.0299366,-0.0326415,-0.102293
19.48,-19.7113,-0.028669,3.15532,0.35725,20.8,2,363.864,10.68,10.92,10.76,10.96,3.99244,-0.178754,-0.0811758,3.15532,-0.028669,-0.0314729,-0.0993068
19.5,-18.7736,-0.0273051,3.15556,0.360125,20.8,2,349.789,10.68,10.96,10.72,11,4.05541,-0.183896,-0.0817915,3.15556,-0.0273051,-0.0299771,-0.0945945
19.52,-17.9979,-0.0261769,3.1556,0.368755,20.8,2,338.083,10.76,10.92,10.92,11.0797,4.11838,-0.189077,-0.082378,3.1556,-0.0261769,-0.0287384,-0.0906869
19.54,-17.0965,-0.0248659,3.17778,0.384544,20.8047,2,324.256,10.8005,10.9605,10.9605,11.0009,4.18135,-0.194294,-0.0829401,3.17778,-0.0248659,-0.0274903,-0.0873579
19.56,-16.3783,-0.0238213,3.17778,0.410715,21.2217,2,351.674,10.84,11,11.0402,11.1001,4.24476,-0.199583,-0.0834775,3.17778,-0.0238213,-0.0263349,-0.0836866
19.58,-15.6045,-0.0226958,3.17778,0.449117,21.6,2,355.888,10.9191,10.9996,11.08,11.16,4.30818,-0.204906,-0.0839928,3.17778,-0.0226958,-0.0250903,-0.0797314
19.6,-14.9812,-0.0217892,3.2,0.489274,21.6,2,349.152,10.98,11.1,11.12,11.16,4.3716,-0.210261,-0.0844841,3.2,-0.0217892,-0.0242562,-0.0776198
19.62,-14.3007,-0.0207995,3.2,0.514815,21.6,2,337.987,11.08,11.1599,11.12,11.16,4.43547,-0.215685,-0.0849594,3.2,-0.0207995,-0.0231541,-0.074093
19.64,-13.692,-0.0199142,3.22222,0.516228,21.6,2,338.4,11.08,11.24,11.12,11.16,4.49934,-0.221139,-0.0854127,3.22222,-0.0199142,-0.0223223,-0.0719273
19.66,-13.203,-0.019203,3.22222,0.493311,21.6,2,338.101,11.12,11.24,11.12,11.16,4.56365,-0.22666,-0.0858509,3.22222,-0.019203,-0.0215249,-0.0693579
19.68,-12.7931,-0.0186068,3.24444,0.454944,21.6,2,342,11.0998,11.24,11.12,11.16,4.62795,-0.232208,-0.0862747,3.24444,-0.0186068,-0.0210002,-0.0681341
19.7,-12.5014,-0.0181825,3.24444,0.416329,21.6,2,343.972,11.12,11.1611,11.12,11.2389,4.69269,-0.23782,-0.0866896,3.24444,-0.0181825,-0.0205213,-0.0665802
19.72,-12.1964,-0.0177389,3.24483,0.386263,21.6,2,347.711,11.12,11.24,11.1193,11.28,4.75742,-0.243459,-0.0870956,3.24483,-0.0177389,-0.0200229,-0.0649709
19.74,-12.1,-0.0175987,3.26629,0.360711,21.6,2,345.802,11.12,11.24,11.0807,11.28,4.82214,-0.249124,-0.0874933,3.26629,-0.0175987,-0.019996,-0.0653126
19.76,-12.1,-0.0175987,3.26667,0.333956,21.6,2,342.112,11.16,11.1607,11.12,11.28,4.88729,-0.254851,-0.0878928,3.26667,-0.0175987,-0.0199983,-0.0653278
19.78,-12.1,-0.0175987,3.26667,0.302805,21.6,2,344.105,11.16,11.2389,11.12,11.28,4.95244,-0.260605,-0.0882932,3.26667,-0.0175987,-0.0199983,-0.0653278
19.8,-12.1,-0.0175987,3.28601,0.263725,21.6,2,347.347,11.12,11.28,11.151,11.32,5.01757,-0.266384,-0.0886935,3.28601,-0.0175987,-0.0201168,-0.066104
19.82,-12.1967,-0.0177394,3.28889,0.22419,21.6,2,350.131,11.12,11.28,11.2374,11.3974,5.08309,-0.272224,-0.089097,3.28889,-0.0177394,-0.0202953,-0.0667491
19.84,-12.2,-0.0177442,3.28889,0.206547,22,2,353.893,11.08,11.3189,11.28,11.4389,5.14865,-0.278094,-0.089504,3.28889,-0.0177442,-0.0203008,-0.066767
19.86,-12.2,-0.0177442,3.28889,0.226252,23.2111,2,355.889,11.1233,11.3222,11.2811,11.48,5.2142,-0.28399,-0.0899103,3.28889,-0.0177442,-0.0203008,-0.066767
19.88,-12.2,-0.0177442,3.28889,0.274455,23.986,2,357.79,11.24,11.4,11.3972,11.4414,5.27976,-0.289914,-0.0903166,3.28889,-0.0177442,-0.0203008,-0.066767
19.9,-12.2,-0.0177442,3.31111,0.331302,24.8274,2,357.932,11.2427,11.48,11.4414,11.48,5.34532,-0.295865,-0.090723,3.31111,-0.0177442,-0.020438,-0.0676723
19.92,-12.2,-0.0177442,3.31111,0.38901,25.6,2,359.9,11.398,11.48,11.48,11.558,5.41133,-0.301884,-0.0911321,3.31111,-0.0177442,-0.020438,-0.0676723
19.94,-12.2,-0.0177442,3.31111,0.448651,25.6,2,365.969,11.4398,11.48,11.5597,11.56,5.47736,-0.307931,-0.0915414,3.31111,-0.0177442,-0.020438,-0.0676723
19.96,-12.1963,-0.0177388,3.33333,0.503758,25.6,2,366.297,11.5197,11.56,11.6,11.56,5.54339,-0.314006,-0.0919506,3.33333,-0.0177388,-0.0205689,-0.0685629
19.98,-12.0013,-0.0174552,3.33333,0.54262,25.6,2,372.026,11.56,11.5995,11.6,11.56,5.60988,-0.320151,-0.092361,3.33333,-0.0174552,-0.0202399,-0.0674664
20,-11.6897,-0.0170019,3.35556,0.558,25.6,2,382.516,11.56,11.64,11.56,11.56,5.67637,-0.326323,-0.0927621,3.35556,-0.0170019,-0.0198457,-0.0665934
20.02,-11.3984,-0.0165783,3.35565,0.547112,25.6,2,384.178,11.4797,11.72,11.5594,11.6,5.7433,-0.332563,-0.0931546,3.35565,-0.0165783,-0.0193516,-0.0649373
20.04,-10.999,-0.0159974,3.37778,0.509356,25.6,2,390.08,11.44,11.7196,11.48,11.64,5.81023,-0.338829,-0.0935364,3.37778,-0.0159974,-0.0187966,-0.0634908
20.06,-10.5892,-0.0154014,3.37841,0.448688,25.6,2,395.297,11.4601,11.64,11.5202,11.6802,5.87759,-0.34516,-0.0939059,3.37841,-0.0154014,-0.0180995,-0.0611476
20.08,-10.2996,-0.0149802,3.4,0.379969,25.6,2,400.1,11.48,11.64,11.5602,11.76,5.94495,-0.351517,-0.0942624,3.4,-0.0149802,-0.017717,-0.0602379
20.1,-10.1028,-0.0146939,3.4,0.331394,25.6,2,412.389,11.48,11.7178,11.6,11.7989,6.01272,-0.357936,-0.094613,3.4,-0.0146939,-0.0173784,-0.0590865
20.12,-10.1,-0.0146899,3.4,0.328836,25.6,2,416.161,11.6004,11.76,11.6011,11.88,6.08048,-0.364378,-0.0949592,3.4,-0.0146899,-0.0173736,-0.0590702
20.14,-10.1,-0.0146899,3.4,0.371713,25.6,2,422.104,11.7193,11.76,11.7597,11.9197,6.14824,-0.370844,-0.0953069,3.4,-0.0146899,-0.0173736,-0.0590702
20.16,-10.1045,-0.0146964,3.42222,0.434009,25.6,2,427.083,11.76,11.8,11.7799,11.92,6.216,-0.377334,-0.0956548,3.42222,-0.0146964,-0.017495,-0.0598717
20.18,-10.2,-0.0148353,3.42222,0.4898,25.6,2,444.102,11.76,11.88,11.9193,12,6.28422,-0.383891,-0.096006,3.42222,-0.0148353,-0.0176603,-0.0604375
20.2,-10.2,-0.0148353,3.44444,0.529081,25.6,2,450.188,11.7799,11.88,11.92,11.9603,6.35244,-0.390473,-0.0963606,3.44444,-0.0148353,-0.017775,-0.061225
20.22,-10.2,-0.0148353,3.44456,0.555022,25.6,2,456.02,11.88,11.92,12,11.9208,6.42112,-0.397124,-0.0967166,3.44456,-0.0148353,-0.0177756,-0.061229
20.24,-10.2,-0.0148353,3.46667,0.576794,25.6,2,462,11.92,11.9195,12.04,12.04,6.4898,-0.403799,-0.0970727,3.46667,-0.0148353,-0.0178897,-0.0620175
20.26,-10.1021,-0.0146929,3.46667,0.604028,25.6,2,467.873,11.92,11.8804,12.04,12.04,6.55892,-0.410543,-0.0974302,3.46667,-0.0146929,-0.017718,-0.0614223
20.28,-10.1,-0.0146899,3.48889,0.641974,25.6,2,475.713,12.04,12.08,12.0805,12.1603,6.62804,-0.417311,-0.0977843,3.48889,-0.0146899,-0.0178278,-0.0621993
20.3,-10.1,-0.0146899,3.48889,0.686369,25.6,2,473.673,12.04,12.08,12.1592,12.1996,6.69761,-0.424148,-0.0981415,3.48889,-0.0146899,-0.0178278,-0.0621993
20.32,-10.1,-0.0146899,3.51149,0.723648,25.6,2,479.934,12.0827,12.24,12.1613,12.24,6.76719,-0.431011,-0.0984988,3.51149,-0.0146899,-0.0179433,-0.0630076
20.34,-10,-0.0145444,3.53333,0.742841,25.6,2,482.908,12.16,12.24,12.2,12.24,6.83722,-0.437944,-0.0988575,3.53333,-0.0145444,-0.0178761,-0.0631623
20.36,-10.0991,-0.0146885,3.53343,0.741946,25.6,2,484.201,12.16,12.2407,12.24,12.36,6.90769,-0.444946,-0.0992158,3.53343,-0.0146885,-0.0180538,-0.0637919
20.38,-10,-0.0145444,3.55614,0.71859,25.6,2,482.707,12.1801,12.3401,12.24,12.36,6.97816,-0.451974,-0.0995776,3.55614,-0.0145444,-0.0179915,-0.0639805
20.4,-10.0003,-0.0145448,3.57778,0.670707,25.2011,2,484.006,12.16,12.3999,12.24,12.36,7.04907,-0.459071,-0.0999373,3.57778,-0.0145448,-0.0181015,-0.0647631
20.42,-10,-0.0145444,3.57844,0.606824,25.6,2,487.505,12.1808,12.36,12.24,12.36,7.1204,-0.466237,-0.1003,3.57844,-0.0145444,-0.0181043,-0.0647854
20.44,-10,-0.0145444,3.59982,0.540913,25.6,2,491.812,12.2,12.36,12.3187,12.36,7.19173,-0.473428,-0.100663,3.59982,-0.0145444,-0.0182125,-0.0655617
20.46,-10.0981,-0.0146871,3.6002,0.483426,25.6,2,492.038,12.3608,12.3992,12.3608,12.4015,7.26347,-0.480687,-0.101028,3.6002,-0.0146871,-0.0183931,-0.0662189
20.48,-10,-0.0145444,3.62193,0.445533,25.6,2,490.098,12.4,12.399,12.478,12.48,7.3352,-0.487972,-0.101397,3.62193,-0.0145444,-0.0183244,-0.0663697
20.5,-9.99652,-0.0145394,3.62222,0.442393,25.5861,2,488.209,12.4,12.52,12.52,12.64,7.40735,-0.495327,-0.101763,3.62222,-0.0145394,-0.0183195,-0.0663572
20.52,-9.9,-0.014399,3.62222,0.480703,25.2,2,490.105,12.4,12.52,12.52,12.64,7.47951,-0.502709,-0.102129,3.62222,-0.014399,-0.0181426,-0.0657164
20.54,-9.8,-0.0142535,3.64427,0.546834,25.2,2,493.915,12.3997,12.56,12.5597,12.7197,7.55167,-0.510117,-0.10249,3.64427,-0.0142535,-0.0180686,-0.065847
20.56,-9.69739,-0.0141043,3.64473,0.61393,25.2,2,499.791,12.4805,12.68,12.6795,12.8405,7.62428,-0.517599,-0.10285,3.64473,-0.0141043,-0.0178817,-0.0651739
20.58,-9.6,-0.0139626,3.66729,0.657749,25.2,2,488.32,12.5221,12.68,12.64,12.88,7.69691,-0.525108,-0.103207,3.66729,-0.0139626,-0.0178116,-0.0653202
20.6,-9.6,-0.0139626,3.68889,0.671392,25.2,2,484,12.68,12.7212,12.8406,12.88,7.77,-0.532691,-0.103563,3.68889,-0.0139626,-0.0179165,-0.066092
20.62,-9.6,-0.0139626,3.68889,0.669105,25.2,2,485.94,12.7188,12.8,12.9576,12.88,7.84351,-0.540345,-0.103922,3.68889,-0.0139626,-0.0179165,-0.066092
20.64,-9.6,-0.0139626,3.71102,0.669519,24.8,2,487.955,12.72,12.8398,12.9998,12.8402,7.91702,-0.548026,-0.104281,3.71102,-0.0139626,-0.018024,-0.0668874
20.66,-9.6,-0.0139626,3.71162,0.676746,24.4,2,478.176,12.7598,12.88,13,12.9198,7.99097,-0.555779,-0.104642,3.71162,-0.0139626,-0.0180269,-0.0669091
20.68,-9.6,-0.0139626,3.73315,0.680646,24.4,2,478.07,12.8793,12.88,12.88,13,8.06493,-0.56356,-0.105003,3.73315,-0.0139626,-0.0181315,-0.0676874
20.7,-9.6,-0.0139626,3.75556,0.674362,24.4,2,479.622,12.96,12.9396,12.84,13,8.13932,-0.571413,-0.105366,3.75556,-0.0139626,-0.0182403,-0.0685025
20.72,-9.6,-0.0139626,3.75556,0.666011,24.4,2,473.974,13,13.0395,12.8395,13,8.21414,-0.57934,-0.105732,3.75556,-0.0139626,-0.0182403,-0.0685025
20.74,-9.6,-0.0139626,3.77778,0.667163,24.8,2,456.109,13,13.12,12.86,13.02,8.28897,-0.587295,-0.106097,3.77778,-0.0139626,-0.0183482,-0.0693155
20.76,-9.6,-0.0139626,3.77781,0.675475,24.4011,2,467.979,13,13.16,13.0001,13.12,8.36423,-0.595324,-0.106465,3.77781,-0.0139626,-0.0183484,-0.0693166
20.78,-9.69442,-0.0141,3.80065,0.675221,24.4,2,462.112,13,13.16,13.0804,13.1402,8.43949,-0.603381,-0.106833,3.80065,-0.0141,-0.0186409,-0.0708476
20.8,-9.6,-0.0139626,3.82222,0.655678,24.4,2,453.942,13.0006,13.16,13.2011,13.2011,8.5152,-0.611515,-0.107207,3.82222,-0.0139626,-0.0185641,-0.0709561
20.82,-9.6,-0.0139626,3.82222,0.623421,24.4,2,457.876,13.0396,13.16,13.2791,13.2791,8.59134,-0.619723,-0.107578,3.82222,-0.0139626,-0.0185641,-0.0709561
20.84,-9.60085,-0.0139639,3.84444,0.592218,24.4,2,460,13.1203,13.28,13.44,13.3607,8.66746,-0.627958,-0.10795,3.84444,-0.0139639,-0.0186737,-0.0717899
20.86,-9.6,-0.0139626,3.84506,0.569804,24.4,2,447.58,13.18,13.3,13.44,13.3999,8.74402,-0.636269,-0.108324,3.84506,-0.0139626,-0.018675,-0.0718064
20.88,-9.6,-0.0139626,3.86652,0.557326,24.4,2,449.859,13.3194,13.32,13.44,13.3594,8.82058,-0.64461,-0.108698,3.86652,-0.0139626,-0.0187792,-0.0726102
20.9,-9.6,-0.0139626,3.86723,0.552928,24.4,2,434,13.36,13.3399,13.4001,13.4599,8.89756,-0.653025,-0.109074,3.86723,-0.0139626,-0.0187827,-0.072637
20.92,-9.6,-0.0139626,3.88878,0.553586,24.4,2,439.938,13.44,13.4392,13.36,13.48,8.97456,-0.661472,-0.10945,3.88878,-0.0139626,-0.0188874,-0.0734488
20.94,-9.6,-0.0139626,3.88904,0.555704,24.3942,2,430.029,13.44,13.48,13.36,13.52,9.05198,-0.669994,-0.109828,3.88904,-0.0139626,-0.0188886,-0.0734586
20.96,-9.6,-0.0139626,3.91061,0.554782,24,2,426.256,13.44,13.48,13.36,13.52,9.1294,-0.678546,-0.110207,3.91061,-0.0139626,-0.0189934,-0.0742757
20.98,-9.6,-0.0139626,3.91111,0.545441,24,2,433.648,13.36,13.52,13.4386,13.6,9.20724,-0.687175,-0.110587,3.91111,-0.0139626,-0.0189958,-0.0742947
21,-9.6,-0.0139626,3.93333,0.522938,23.981,2,415.715,13.36,13.52,13.48,13.64,9.28509,-0.695835,-0.110967,3.93333,-0.0139626,-0.0191037,-0.0751414
21.02,-9.6,-0.0139626,3.93333,0.486026,23.9938,2,429.689,13.44,13.5988,13.48,13.64,9.36338,-0.704573,-0.11135,3.93333,-0.0139626,-0.0191037,-0.0751414
21.04,-9.6,-0.0139626,3.95556,0.44099,24,2,406,13.44,13.6,13.5203,13.64,9.44165,-0.71334,-0.111733,3.95556,-0.0139626,-0.0192117,-0.0759928
21.06,-9.6,-0.0139626,3.95556,0.40111,24,2,411.756,13.44,13.6,13.6,13.6201,9.52036,-0.722186,-0.112117,3.95556,-0.0139626,-0.0192117,-0.0759928
21.08,-9.6,-0.0139626,3.95556,0.37492,24,2,398.1,13.48,13.599,13.64,13.64,9.59905,-0.731061,-0.112502,3.95556,-0.0139626,-0.0192117,-0.0759928
21.1,-9.6,-0.0139626,3.97778,0.360245,24,2,397.905,13.48,13.64,13.6598,13.68,9.67773,-0.739966,-0.112886,3.97778,-0.0139626,-0.0193196,-0.0768491
21.12,-9.50115,-0.0138189,3.97778,0.355131,24,2,394.023,13.6386,13.64,13.7591,13.7591,9.75685,-0.748951,-0.113272,3.97778,-0.0138189,-0.0191207,-0.0760577
21.14,-9.5,-0.0138172,3.97778,0.36061,24,2,388.068,13.6798,13.7596,13.76,13.76,9.83597,-0.757966,-0.113654,3.97778,-0.0138172,-0.0191183,-0.0760485
21.16,-9.40455,-0.0136784,4,0.375385,23.6182,2,386.091,13.76,13.8,13.8,13.82,9.91508,-0.767012,-0.114036,4,-0.0136784,-0.019032,-0.0761278
21.18,-9.40035,-0.0136723,4,0.401258,24,2,384.014,13.7999,13.8399,13.8399,13.9197,9.99463,-0.776139,-0.114416,4,-0.0136723,-0.0190235,-0.0760938
21.2,-9.5,-0.0138172,4.00058,0.440777,23.6,2,382.198,13.8,13.84,13.84,13.96,10.0742,-0.785296,-0.114797,4.00058,-0.0138172,-0.0192279,-0.0769227
21.22,-9.40245,-0.0136753,4.02196,0.486365,23.6,2,378.196,13.8,13.92,13.918,13.999,10.1538,-0.794487,-0.115182,4.02196,-0.0136753,-0.0191322,-0.0769489
21.24,-9.49639,-0.0138119,4.0226,0.525645,23.6,2,373.711,13.802,14.0786,13.9607,13.9607,10.2338,-0.803758,-0.115566,4.0226,-0.0138119,-0.0193264,-0.0777425
21.26,-9.4,-0.0136717,4.04417,0.55232,23.9906,2,371.859,13.9185,14.001,13.9995,13.9995,10.3138,-0.813062,-0.115953,4.04417,-0.0136717,-0.0192328,-0.0777807
21.28,-9.4,-0.0136717,4.04452,0.565813,24,2,366.014,13.96,13.92,13.9601,14.08,10.3942,-0.822448,-0.116337,4.04452,-0.0136717,-0.0192345,-0.0777941
21.3,-9.4,-0.0136717,4.06635,0.56672,24,2,377.729,13.96,13.92,13.9994,14.08,10.4747,-0.831866,-0.116722,4.06635,-0.0136717,-0.0193383,-0.0786362
21.32,-9.4,-0.0136717,4.06698,0.554884,24,2,365.831,13.9617,13.9966,14.0011,14.0806,10.5556,-0.841366,-0.117109,4.06698,-0.0136717,-0.0193413,-0.0786608
21.34,-9.39485,-0.0136643,4.08889,0.529838,24,2,363.897,14.0821,13.7724,14.08,14.12,10.6365,-0.850899,-0.117497,4.08889,-0.0136643,-0.0194348,-0.0794668
21.36,-9.20022,-0.0133812,4.08889,0.492834,24,2,362,14,14.3198,14.08,14.2799,10.7178,-0.860514,-0.117884,4.08889,-0.0133812,-0.0190321,-0.0778203
21.38,-9.1947,-0.0133731,4.11111,0.450608,23.6212,2,355.894,14.1203,14.1197,14.08,14.2003,10.7991,-0.870158,-0.118263,4.11111,-0.0133731,-0.0191241,-0.0786213
21.4,-9.1,-0.0132354,4.11111,0.415032,23.9928,2,362.036,14.0793,14.16,14.12,14.279,10.8808,-0.879886,-0.118645,4.11111,-0.0132354,-0.0189271,-0.0778114
21.42,-9.1,-0.0132354,4.11111,0.39132,23.6,2,352.351,14.0012,14.16,14.12,14.1618,10.9625,-0.889644,-0.119023,4.11111,-0.0132354,-0.0189271,-0.0778114
21.44,-9.2,-0.0133809,4.13333,0.371678,23.6,2,356.108,14.0402,14.2202,14.0398,14.2002,11.0443,-0.899432,-0.119403,4.13333,-0.0133809,-0.0192386,-0.0795194
21.46,-9.10138,-0.0132374,4.13333,0.346447,23.6,2,356.028,14.12,14.1611,14.1194,14.2783,11.1264,-0.909303,-0.119788,4.13333,-0.0132374,-0.0190323,-0.0786668
21.48,-9.1,-0.0132354,4.13386,0.30885,23.6,2,353.91,14,14.14,14.12,14.24,11.2085,-0.919206,-0.120168,4.13386,-0.0132354,-0.0190318,-0.078675
21.5,-9.1,-0.0132354,4.15556,0.254065,23.6,2,353.995,14.1598,14.1598,14.16,14.2801,11.2907,-0.92914,-0.120548,4.15556,-0.0132354,-0.0191317,-0.0795029
21.52,-9.19429,-0.0133726,4.15556,0.191677,23.6,2,348.114,14.0401,14.0999,14.1999,14.32,11.3732,-0.939157,-0.120932,4.15556,-0.0133726,-0.01933,-0.0803268
21.54,-9.1,-0.0132354,4.15556,0.147645,23.6,2,351.997,14.1599,14.3996,14.24,14.3201,11.4558,-0.949204,-0.121319,4.15556,-0.0132354,-0.0191317,-0.0795029
21.56,-9,-0.01309,4.15556,0.142541,24,2,354,14.14,14.14,14.26,14.4,11.5383,-0.959281,-0.1217,4.15556,-0.01309,-0.0189215,-0.0786292
21.58,-8.90055,-0.0129453,4.15556,0.173626,24,2,350.022,14.1202,14.4002,14.28,14.3204,11.6208,-0.96939,-0.122076,4.15556,-0.0129453,-0.0187124,-0.0777603
21.6,-8.7,-0.0126536,4.15622,0.216684,23.6226,2,353.774,14.1805,14.2598,14.3002,14.4202,11.7034,-0.97953,-0.122448,4.15622,-0.0126536,-0.0182936,-0.0760321
21.62,-8.59852,-0.012506,4.17778,0.247347,24,2,348,14.2406,14.3988,14.2818,14.44,11.7859,-0.989704,-0.12281,4.17778,-0.012506,-0.018174,-0.0759268
21.64,-8.39535,-0.0122105,4.17778,0.265366,23.9814,2,346,14.28,14.3001,14.3603,14.4599,11.8689,-0.99996,-0.123171,4.17778,-0.0122105,-0.0177445,-0.0741326
21.66,-8.20045,-0.0119271,4.17778,0.288389,23.6,2,347.991,14.2402,14.4798,14.3996,14.5596,11.9518,-1.01025,-0.123522,4.17778,-0.0119271,-0.0173325,-0.0724115
21.68,-8.19723,-0.0119224,4.17807,0.323129,23.6,2,348,14.4405,14.2821,14.4405,14.5995,12.0348,-1.02056,-0.123867,4.17807,-0.0119224,-0.0173269,-0.0723931
21.7,-8.1,-0.011781,4.1999,0.361257,23.6,2,346.017,14.4798,14.4393,14.4798,14.5602,12.1178,-1.03091,-0.124212,4.1999,-0.011781,-0.0172109,-0.072284
21.72,-8.1,-0.011781,4.2,0.398364,23.6,2,347.9,14.4004,14.5196,14.5801,14.6,12.2012,-1.04134,-0.124556,4.2,-0.011781,-0.0172113,-0.0722873
21.74,-8.1,-0.011781,4.20038,0.433759,23.6143,2,346,14.4393,14.4461,14.64,14.6,12.2847,-1.0518,-0.1249,4.20038,-0.011781,-0.0172128,-0.0723003
21.76,-8.1,-0.011781,4.22208,0.458141,23.6047,2,346,14.4002,14.7978,14.64,14.6,12.3681,-1.06229,-0.125245,4.22208,-0.011781,-0.0173018,-0.0730495
21.78,-8.1,-0.011781,4.22251,0.460295,24,2,345.945,14.56,14.4031,14.56,14.56,12.452,-1.07286,-0.125591,4.22251,-0.011781,-0.0173035,-0.0730642
21.8,-8.1,-0.011781,4.24434,0.441815,24,2,345.983,14.56,14.6389,14.56,14.56,12.5358,-1.08347,-0.125938,4.24434,-0.011781,-0.017393,-0.0738218
21.82,-7.99627,-0.0116301,4.24444,0.41656,24,2,344,14.6,14.563,14.56,14.64,12.6201,-1.09416,-0.126285,4.24444,-0.0116301,-0.0171706,-0.0728798
21.84,-7.69149,-0.0111868,4.24494,0.394693,24,2,343.915,14.5802,14.6202,14.56,14.6795,12.7044,-1.10487,-0.126624,4.24494,-0.0111868,-0.016518,-0.0701181
21.86,-7.30438,-0.0106238,4.26644,0.374137,24,2,343.956,14.5974,14.6365,14.64,14.6418,12.7887,-1.11562,-0.126948,4.26644,-0.0106238,-0.0157661,-0.0672649
21.88,-6.69684,-0.00974016,4.26667,0.350167,24,2,344,14.4806,14.7184,14.6006,14.72,12.8734,-1.12644,-0.127252,4.26667,-0.00974016,-0.0144554,-0.0616765
21.9,-6.10738,-0.00888283,4.26667,0.319078,24,2,344,14.5984,14.4042,14.7184,14.72,12.9582,-1.13729,-0.127529,4.26667,-0.00888283,-0.013183,-0.0562474
21.92,-5.38959,-0.00783885,4.28889,0.277043,24,2,344,14.4455,14.9089,14.64,14.7586,13.0429,-1.14817,-0.127779,4.28889,-0.00783885,-0.0116941,-0.0501548
21.94,-4.88348,-0.00710274,4.28889,0.232406,24,2,346,14.6806,14.5396,14.64,14.72,13.128,-1.15911,-0.127999,4.28889,-0.00710274,-0.010596,-0.0454449
21.96,-4.39872,-0.00639768,4.28889,0.206179,24,2,346,14.5602,14.7202,14.72,14.7598,13.2131,-1.17008,-0.128201,4.28889,-0.00639768,-0.00954411,-0.0409336
21.98,-3.71276,-0.00539999,4.28889,0.207512,24,2,344.064,14.7549,14.7213,14.7587,14.7587,13.2982,-1.18106,-0.128379,4.28889,-0.00539999,-0.00805571,-0.0345501
22,-2.78014,-0.00404355,4.28935,0.219516,24,2,345.921,14.3327,14.7216,14.6448,14.88,13.3833,-1.19205,-0.128522,4.28935,-0.00404355,-0.0060328,-0.0258768
22.02,-1.60108,-0.00232867,4.31109,0.219006,24,2,345.997,15.0793,14.6402,14.7999,14.7202,13.4685,-1.20306,-0.12862,4.31109,-0.00232867,-0.00349188,-0.0150538
22.04,-0.0671539,-9.76714e-05,4.31111,0.206403,24.4,2,346,14.4814,14.9214,14.7607,14.9979,13.554,-1.21412,-0.12866,4.31111,-9.76714e-05,-0.00014646,-0.000631405
22.06,1.77208,0.00257739,4.31111,0.205162,24.4,2,346,14.5588,14.9988,14.7994,14.8818,13.6396,-1.22519,-0.128627,4.31111,0.00257739,0.00386485,0.0166618
22.08,3.58676,0.00521674,4.31111,0.231649,24.4,2,346,14.8035,14.7965,14.88,14.8,13.7251,-1.23625,-0.128509,4.31111,0.00521674,0.00782266,0.0337243
22.1,5.65097,0.008219,4.31178,0.27647,24.4,2,348,14.7203,14.9195,14.92,14.9001,13.8107,-1.2473,-0.128311,4.31178,0.008219,0.0123267,0.05315
22.12,7.41536,0.0107852,4.33333,0.319297,24.4,2,348,14.878,14.8041,15,15,13.8963,-1.25833,-0.128022,4.33333,0.0107852,0.0162566,0.0704452
22.14,9.15934,0.0133217,4.33333,0.35248,24.4,2,350,14.8206,15.04,15.0202,15.0202,13.9823,-1.26939,-0.127658,4.33333,0.0133217,0.0200803,0.0870146
22.16,11.0079,0.0160103,4.33342,0.379344,24.4,2,350,14.9984,14.8813,15.0003,15.0403,14.0683,-1.28041,-0.127217,4.33342,0.0160103,0.024134,0.104583
22.18,12.9694,0.0188633,4.3552,0.401831,24.4,2,351.939,14.9163,15.04,15.0788,15.0412,14.1544,-1.2914,-0.126692,4.3552,0.0188633,0.0285785,0.124465
22.2,15.1351,0.0220131,4.35556,0.422052,24.4,2,352,15.1582,14.9212,15.04,15.16,14.2408,-1.30239,-0.126074,4.35556,0.0220131,0.0333547,0.145278
22.22,17.273,0.0251226,4.35556,0.438694,24.4,2,353.951,15.0415,14.999,15.04,15.16,14.3273,-1.31332,-0.125359,4.35556,0.0251226,0.0380681,0.165808
22.24,19.6279,0.0285476,4.37778,0.437968,24.4,2,354,15.1995,14.999,15.0405,15.08,14.4139,-1.32419,-0.124547,4.37778,0.0285476,0.0434813,0.190352
22.26,21.7719,0.031666,4.37778,0.404101,24.4,2,354,15.1605,14.9211,15.0795,15.08,14.5008,-1.33504,-0.123627,4.37778,0.031666,0.0482341,0.211158
22.28,24.12,0.0350811,4.4,0.338959,24.4,2,354.04,15.1592,15,15.1592,15.0808,14.5878,-1.3458,-0.122611,4.4,0.0350811,0.0537114,0.23633
22.3,26.179,0.0380758,4.4,0.267752,24.4,2,356,15.0808,15,15.0808,15.1592,14.6752,-1.35652,-0.121487,4.4,0.0380758,0.0583007,0.256523
22.32,28.1378,0.0409248,4.4,0.223804,24.4,2,358,15.2015,15.0015,15.16,15.1955,14.7626,-1.36714,-0.120276,4.4,0.0409248,0.0626677,0.275738
22.34,29.9465,0.0435554,4.4,0.221452,24.4,2,358,15.24,14.9598,15.16,15.1201,14.85,-1.37765,-0.11898,4.4,0.0435554,0.0667009,0.293484
22.36,31.6039,0.045966,4.40006,0.244058,24.8022,2,360,15.36,14.9191,15.2404,15.0804,14.9375,-1.38804,-0.117606,4.40006,0.045966,0.0703985,0.309757
22.38,32.8738,0.047813,4.42171,0.263863,25.2,2,361.913,15.36,14.7217,15.32,15.0452,15.0249,-1.39831,-0.116165,4.42171,0.047813,0.0735918,0.325401
22.4,34.2007,0.0497429,4.42222,0.270835,25.6,2,362,15.3199,15.3197,15.4,14.8,15.1128,-1.4085,-0.114663,4.42222,0.0497429,0.076576,0.338636
22.42,35.4263,0.0515255,4.42222,0.270918,25.6,2,362.105,15.3222,14.9361,15.3794,14.9439,15.2008,-1.41856,-0.113102,4.42222,0.0515255,0.0793249,0.350793
22.44,36.5411,0.0531468,4.42302,0.261172,25.6,2,365.863,15.4636,15.0055,15.4718,14.8055,15.2887,-1.42847,-0.111488,4.42302,0.0531468,0.0818404,0.361982
22.46,37.7055,0.0548405,4.44444,0.230141,25.6,2,368,15.4006,14.8004,15.4,15.0008,15.3767,-1.43825,-0.109825,4.44444,0.0548405,0.0848627,0.377167
22.48,38.7809,0.0564046,4.44444,0.183566,25.6,2,371.873,15.518,14.8787,15.4,15.1573,15.4651,-1.44792,-0.108101,4.44444,0.0564046,0.0872881,0.387947
22.5,40.1248,0.0583592,4.44444,0.148102,25.6,2,376,15.3257,15.0772,15.5186,15.0786,15.5535,-1.45744,-0.106328,4.44444,0.0583592,0.0903196,0.40142
22.52,41.3848,0.0601917,4.44444,0.146785,25.6,2,377.949,15.402,15,15.519,15.1959,15.6419,-1.46679,-0.104491,4.44444,0.0601917,0.0931626,0.414056
22.54,42.6946,0.0620968,4.44444,0.179531,26,2,382.018,15.3204,15.0796,15.52,15.2398,15.7304,-1.47598,-0.102598,4.44444,0.0620968,0.0961186,0.427194
22.56,44.1205,0.0641707,4.44485,0.223935,26,2,384.274,15.5159,15.0027,15.64,15.1959,15.8188,-1.485,-0.100644,4.44485,0.0641707,0.0993465,0.44158
22.58,45.4056,0.0660397,4.46667,0.25607,25.9968,2,386.032,15.4009,15.0799,15.64,15.1999,15.9073,-1.49385,-0.0986257,4.46667,0.0660397,0.10275,0.458951
22.6,46.6849,0.0679005,4.46667,0.274836,25.6,2,390,15.6368,15.0405,15.64,15.1605,15.9963,-1.50256,-0.0965404,4.46667,0.0679005,0.105654,0.471922
22.62,48.126,0.0699965,4.46667,0.295834,25.6,2,392,15.5219,15.1606,15.72,15.1606,16.0853,-1.51108,-0.0943951,4.46667,0.0699965,0.108926,0.486537
22.64,49.5785,0.072109,4.46667,0.322298,25.6,2,395.877,15.6381,15.1994,15.72,15.1994,16.1743,-1.51941,-0.0921823,4.46667,0.072109,0.112225,0.501271
22.66,51.0157,0.0741993,4.48889,0.341434,25.6,2,398.039,15.6811,15.0811,15.7211,15.2,16.2633,-1.52754,-0.0899033,4.48889,0.0741993,0.116064,0.521
22.68,52.5741,0.0764659,4.48889,0.345625,25.6,2,407.741,15.7979,15.1979,15.8379,15.2,16.3528,-1.5355,-0.087546,4.48889,0.0764659,0.119624,0.536977
22.7,54.4406,0.0791806,4.48937,0.336212,25.6,2,404.081,15.7232,15.24,15.6849,15.32,16.4423,-1.54325,-0.0851125,4.48937,0.0791806,0.123901,0.556238
22.72,56.3891,0.0820146,4.511,0.316551,25.6,2,409.956,15.8396,15.1609,15.8396,15.2013,16.5318,-1.55077,-0.082589,4.511,0.0820146,0.128974,0.5818
22.74,58.5834,0.0852061,4.51111,0.29881,25.6,2,407.97,15.8003,15.0806,15.8797,15.2,16.6218,-1.5581,-0.0799601,4.51111,0.0852061,0.13402,0.604578
22.76,60.8372,0.0884842,4.51111,0.299739,25.6,2,410.068,15.84,15.0819,15.96,15.3187,16.7118,-1.56519,-0.0772267,4.51111,0.0884842,0.139202,0.627958
22.78,63.0695,0.0917309,4.51111,0.318112,25.2102,2,413.949,15.84,15.1984,15.96,15.2411,16.8018,-1.57203,-0.0743892,4.51111,0.0917309,0.144338,0.651127
22.8,65.5455,0.095332,4.53333,0.335039,25.186,2,417.86,15.8813,15.1607,16,15.2413,16.8919,-1.57861,-0.0714461,4.53333,0.095332,0.150778,0.683526
22.82,68.0632,0.0989939,4.53333,0.336922,24.8,2,417.887,15.9588,15.1994,16,15.3188,16.9824,-1.58495,-0.0683705,4.53333,0.0989939,0.156607,0.70995
22.84,70.7565,0.102911,4.53333,0.319762,24.4134,2,418,16.0013,15.1627,16.04,15.2387,17.0729,-1.591,-0.0651756,4.53333,0.102911,0.162847,0.738238
22.86,73.7249,0.107229,4.55556,0.283057,24.4,2,414.036,16.12,15.2007,16.04,15.1993,17.1635,-1.59676,-0.0618507,4.55556,0.107229,0.170562,0.777006
22.88,76.661,0.111499,4.55556,0.238992,24.4,2,414.076,16.12,15.2,16.1,15.12,17.2545,-1.60224,-0.0583684,4.55556,0.111499,0.17741,0.808202
22.9,79.6993,0.115918,4.55556,0.211722,24.4,2,414.001,16.1199,15.2,16.12,15.16,17.3455,-1.6074,-0.0547486,4.55556,0.115918,0.184504,0.840518
22.92,82.8844,0.12055,4.55556,0.212387,24.4,2,414,16.16,15.16,16.16,15.2,17.4365,-1.61221,-0.050984,4.55556,0.12055,0.191948,0.874429
22.94,85.6516,0.124575,4.55556,0.22457,24.4,2,412.065,16.16,15.0826,16.16,15.2387,17.5276,-1.61668,-0.0470736,4.55556,0.124575,0.198422,0.903922
22.96,88.6146,0.128885,4.57778,0.224004,24.3955,2,409.978,16.3196,15.1996,16.2791,15.2409,17.6186,-1.62079,-0.0430361,4.57778,0.128885,0.206363,0.944685
22.98,91.3603,0.132878,4.57778,0.209174,24.0186,2,407.907,16.2196,15.16,16.2,15.32,17.7102,-1.62454,-0.0388395,4.57778,0.132878,0.212832,0.974298
23,94.0149,0.136739,4.57778,0.201554,24.005,2,406,16.36,15.1985,16.359,15.3565,17.8017,-1.6279,-0.0345172,4.57778,0.136739,0.219093,1.00296
23.02,96.5791,0.140469,4.57778,0.215713,24.4,2,402.132,16.32,15.12,16.3,15.12,17.8932,-1.63086,-0.0300718,4.57778,0.140469,0.225147,1.03067
23.04,98.9849,0.143968,4.57778,0.240998,24.4,2,402.023,16.4386,15.32,16.36,15.0819,17.9848,-1.6334,-0.025508,4.57778,0.143968,0.230833,1.0567
23.06,101.336,0.147387,4.6,0.25835,24,2,400,16.3219,15.1625,16.4794,15.16,18.0764,-1.63553,-0.0208326,4.6,0.147387,0.237542,1.09269
23.08,103.478,0.150502,4.6,0.268143,24,2,398.041,16.4387,15.3183,16.4404,15.16,18.1684,-1.63722,-0.0160256,4.6,0.150502,0.242638,1.11614
23.1,105.743,0.153798,4.6,0.287094,24,2,394,16.64,15.2203,16.5003,15.2197,18.2605,-1.63847,-0.0111175,4.6,0.153798,0.248035,1.14096
23.12,107.893,0.156924,4.6,0.320562,24,2,392.012,16.64,15.3998,16.5995,15.24,18.3525,-1.63927,-0.00610105,4.6,0.156924,0.253159,1.16453
23.14,110.036,0.160041,4.62222,0.358734,24,2,390,16.7587,15.2419,16.68,15.32,18.4446,-1.63959,-0.000983079,4.62222,0.160041,0.259522,1.19957
23.16,112.078,0.163011,4.62222,0.396132,24,2,388.043,16.6809,15.3586,16.68,15.32,18.5371,-1.63944,0.00426168,4.62222,0.163011,0.264425,1.22223
23.18,114.114,0.165972,4.62238,0.431549,24,2,386.031,16.8,15.4006,16.7591,15.3203,18.6296,-1.6388,0.00960374,4.62238,0.165972,0.269324,1.24492
23.2,115.882,0.168544,4.64421,0.455354,24,2,384.079,16.8,15.4792,16.6413,15.3596,18.7221,-1.63766,0.015041,4.64421,0.168544,0.27487,1.27655
23.22,117.515,0.170918,4.64467,0.456189,24,2,385.872,16.9584,15.3612,16.76,15.3604,18.8151,-1.63601,0.020585,4.64467,0.170918,0.278846,1.29515
23.24,118.987,0.173059,4.66647,0.436145,24,2,381.967,16.8014,15.479,16.76,15.3997,18.9081,-1.63383,0.026205,4.66647,0.173059,0.283735,1.32404
23.26,120.322,0.175002,4.66667,0.410435,24.4,2,377.936,17.1182,15.48,16.8,15.3994,19.0014,-1.63112,0.0319192,4.66667,0.175002,0.286997,1.33932
23.28,121.591,0.176847,4.66667,0.391241,24.4,2,376,17.0009,15.48,16.8,15.3603,19.0948,-1.62787,0.037696,4.66667,0.176847,0.290087,1.35374
23.3,122.724,0.178495,4.68889,0.379101,24.4192,2,374,17.0791,15.4207,16.8805,15.3398,19.1881,-1.62408,0.0435318,4.68889,0.178495,0.294242,1.37967
23.32,123.697,0.17991,4.68889,0.372444,24.8,2,372.012,17.0805,15.5588,16.8398,15.32,19.2819,-1.61971,0.0494473,4.68889,0.17991,0.296626,1.39084
23.34,124.684,0.181345,4.68889,0.36977,24.8,2,372.065,17.08,15.7172,16.9186,15.3593,19.3756,-1.6148,0.0554085,4.68889,0.181345,0.299044,1.40218
23.36,125.706,0.182832,4.71111,0.364777,24.8,2,372,17.0805,15.5215,16.9615,15.36,19.4693,-1.60932,0.0614188,4.71111,0.182832,0.302981,1.42738
23.38,126.584,0.184109,4.71111,0.353562,24.8,2,372,17.12,15.5248,17.0032,15.3984,19.5634,-1.60324,0.0675066,4.71111,0.184109,0.305145,1.43757
23.4,127.708,0.185743,4.71127,0.335847,24.8,2,374,17.1206,15.5218,17.08,15.4012,19.6575,-1.59659,0.0736387,4.71127,0.185743,0.307928,1.45073
23.42,128.776,0.187297,4.73287,0.310524,24.8,2,374,17.16,15.5632,17.1184,15.48,19.7515,-1.58937,0.0798288,4.73287,0.187297,0.311989,1.4766
23.44,129.993,0.189067,4.73333,0.284645,25.1954,2,375.977,17.16,15.4805,17.12,15.48,19.8459,-1.58152,0.086101,4.73333,0.189067,0.315039,1.49118
23.46,131.115,0.190699,4.73333,0.271561,25.2,2,376,17.2795,15.64,17.12,15.4,19.9402,-1.57307,0.0924346,4.73333,0.190699,0.317825,1.50437
23.48,132.287,0.192403,4.73333,0.270496,25.2,2,376,17.2405,15.64,17.12,15.4,20.0345,-1.56403,0.0988233,4.73333,0.192403,0.320735,1.51815
23.5,133.624,0.194348,4.75556,0.268929,25.2,2,378,17.32,15.68,17.1627,15.4027,20.1287,-1.55438,0.105273,4.75556,0.194348,0.325582,1.54832
23.52,135.083,0.19647,4.75556,0.268044,25.2,2,378,17.2809,15.68,17.24,15.48,20.2233,-1.54407,0.111823,4.75556,0.19647,0.329229,1.56567
23.54,136.523,0.198565,4.75556,0.282771,25.2,2,380,17.4795,15.68,17.2405,15.5595,20.3179,-1.53314,0.118448,4.75556,0.198565,0.332833,1.58281
23.56,137.978,0.200681,4.75556,0.316135,25.5873,2,381.937,17.4407,15.68,17.2793,15.5207,20.4123,-1.52158,0.125145,4.75556,0.200681,0.336476,1.60013
23.58,139.601,0.203041,4.77778,0.356386,25.6,2,382.002,17.6,15.72,17.28,15.64,20.5067,-1.50938,0.131917,4.77778,0.203041,0.342135,1.63465
23.6,141.166,0.205317,4.77778,0.396694,25.6,2,384,17.6,15.72,17.3191,15.64,20.6015,-1.49648,0.138805,4.77778,0.205317,0.34608,1.65349
23.62,142.812,0.207712,4.77793,0.434896,25.6,2,386.027,17.64,15.8395,17.32,15.64,20.6961,-1.48291,0.145773,4.77793,0.207712,0.350245,1.67345
23.64,144.526,0.210205,4.8,0.460498,25.6,2,388.058,17.64,15.8011,17.4405,15.6389,20.7907,-1.46869,0.152827,4.8,0.210205,0.356212,1.70982
23.66,146.179,0.212609,4.8,0.460901,25.6,2,390,17.64,15.8789,17.4795,15.5611,20.8856,-1.45372,0.160001,4.8,0.212609,0.360412,1.72998
23.68,148.024,0.215293,4.82222,0.436164,25.6,2,392,17.7407,15.8,17.5214,15.6014,20.9804,-1.43807,0.167261,4.82222,0.215293,0.366794,1.76876
23.7,149.787,0.217857,4.82222,0.399045,25.6,2,392,17.76,15.8789,17.56,15.5611,21.0756,-1.42165,0.174649,4.82222,0.217857,0.371303,1.7905
23.72,151.728,0.22068,4.82252,0.360178,25.6,2,394.056,17.9195,15.84,17.5995,15.5611,21.1706,-1.40452,0.182129,4.82252,0.22068,0.376296,1.81469
23.74,153.581,0.223375,4.8442,0.321349,25.6,2,397.958,17.8804,15.84,17.5604,15.6391,21.2654,-1.38668,0.189709,4.8442,0.223375,0.382761,1.85417
23.76,155.624,0.226346,4.84444,0.287849,25.6,2,400,17.92,15.8394,17.5994,15.64,21.3606,-1.36803,0.19742,4.84444,0.226346,0.388048,1.87987
23.78,157.266,0.228734,4.84444,0.268772,25.6,2,400,17.92,15.8008,17.5608,15.64,21.4556,-1.34864,0.205233,4.84444,0.228734,0.392289,1.90042
23.8,159.13,0.231445,4.84489,0.258409,25.6,2,402.075,18.0015,15.8415,17.5615,15.5185,21.5504,-1.32851,0.213128,4.84489,0.231445,0.397143,1.92411
23.82,160.8,0.233874,4.86666,0.240412,25.6,2,402.001,18,15.88,17.56,15.56,21.6451,-1.30763,0.221121,4.86666,0.233874,0.40327,1.96258
23.84,162.428,0.236243,4.86667,0.214832,26,2,406.071,18.0407,15.8793,17.64,15.52,21.74,-1.28589,0.229233,4.86667,0.236243,0.40751,1.98321
23.86,163.989,0.238512,4.86667,0.200619,26.3945,2,408,18.0797,15.8403,17.64,15.52,21.8347,-1.26337,0.237429,4.86667,0.238512,0.411577,2.00301
23.88,165.407,0.240574,4.86667,0.207971,26.8,2,410.022,18.0402,15.88,17.7204,15.64,21.9293,-1.24008,0.245703,4.86667,0.240574,0.415275,2.02101
23.9,166.59,0.242296,4.86667,0.221929,26.8,2,412,18.0797,15.88,17.7993,15.64,22.0236,-1.216,0.254046,4.86667,0.242296,0.418366,2.03605
23.92,167.719,0.243938,4.88889,0.220895,27.2,2,416.064,18.0852,15.88,17.8026,15.6374,22.1178,-1.19113,0.262447,4.88889,0.243938,0.423241,2.06918
23.94,168.72,0.245393,4.88889,0.206691,27.2,2,421.921,18.2384,15.96,17.9231,15.56,22.2121,-1.16535,0.270944,4.88889,0.245393,0.425869,2.08203
23.96,169.594,0.246665,4.88889,0.204579,27.2,2,421.971,18.3182,15.96,18,15.56,22.3063,-1.13877,0.279489,4.88889,0.246665,0.428168,2.09327
23.98,170.292,0.247679,4.88889,0.233021,27.2,2,425.944,18.36,15.9989,18,15.64,22.4002,-1.11138,0.288077,4.88889,0.247679,0.430003,2.10224
24,170.907,0.248574,4.88926,0.284297,27.2,2,434,18.3607,16.04,18.0793,15.68,22.4938,-1.08319,0.296698,4.88926,0.248574,0.431655,2.11047
24.02,171.394,0.249283,4.91089,0.338457,27.2,2,435.961,18.3996,16.04,18.0404,15.68,22.5873,-1.05418,0.305351,4.91089,0.249283,0.434853,2.13552
24.04,171.698,0.249724,4.91111,0.386192,27.2,2,437.978,18.3602,16.0002,18.08,15.8795,22.6809,-1.02422,0.314065,4.91111,0.249724,0.435677,2.13966
24.06,171.8,0.249873,4.91152,0.426332,27.2,2,442.07,18.48,16.0805,18.1407,15.8598,22.7742,-0.993446,0.32279,4.91152,0.249873,0.435984,2.14134
24.08,171.8,0.249873,4.93317,0.451962,27.2,2,453.843,18.48,16.2775,18.2,15.88,22.8673,-0.961853,0.331519,4.93317,0.249873,0.437905,2.16026
24.1,171.8,0.249873,4.93398,0.456338,27.2,2,450.22,18.52,16.1801,18.1799,15.8599,22.9606,-0.929301,0.340285,4.93398,0.249873,0.437977,2.16097
24.12,171.8,0.249873,4.95543,0.446974,27.2,2,454,18.5205,16.2785,18.2395,15.8405,23.0535,-0.895928,0.349053,4.95543,0.249873,0.439881,2.1798
24.14,171.702,0.24973,4.95556,0.443662,27.2,2,463.838,18.6387,16.28,18.3191,15.8796,23.1466,-0.861592,0.357857,4.95556,0.24973,0.439631,2.17861
24.16,171.7,0.249728,4.95587,0.4598,27.2,2,460.06,18.6593,16.3007,18.2786,15.9214,23.2394,-0.826437,0.366656,4.95587,0.249728,0.439653,2.17887
24.18,171.7,0.249728,4.9776,0.489967,27.2,2,462,18.6794,16.3594,18.3188,15.96,23.3318,-0.790464,0.375457,4.9776,0.249728,0.441581,2.19802
24.2,171.7,0.249728,4.97831,0.520185,27.2,2,466,18.6803,16.3399,18.3799,15.9197,23.4244,-0.753513,0.384298,4.97831,0.249728,0.441644,2.19864
24.22,171.7,0.249728,4.99988,0.542255,27.2,2,467.977,18.8777,16.3609,18.4791,15.96,23.5166,-0.715738,0.39314,4.99988,0.249728,0.443558,2.21773
24.24,171.7,0.249728,5.0005,0.555179,27.2,2,472,18.7251,16.4417,18.4051,16,23.6089,-0.676978,0.402021,5.0005,0.249728,0.443612,2.21828
24.26,171.7,0.249728,5.02212,0.561156,27.2,2,473.981,18.9589,16.48,18.4804,16,23.7009,-0.637394,0.410903,5.02212,0.249728,0.445531,2.23751
24.28,171.7,0.249728,5.02261,0.562978,27.2,2,476.074,18.8971,16.461,18.541,16.021,23.7929,-0.596818,0.419823,5.02261,0.249728,0.445574,2.23794
24.3,171.7,0.249728,5.04444,0.562821,27.2,2,479.998,18.96,16.48,18.56,16.04,23.8845,-0.555419,0.428745,5.04444,0.249728,0.447511,2.25744
24.32,171.695,0.24972,5.04507,0.562043,27.2,2,478.218,19,16.5244,18.6356,16.1222,23.9762,-0.513019,0.437705,5.04507,0.24972,0.447552,2.25793
24.34,171.6,0.249582,5.06667,0.561077,27.2,2,482.11,19.0199,16.6,18.5998,16.2398,24.0675,-0.469794,0.446664,5.06667,0.249582,0.449209,2.27599
24.36,171.5,0.249437,5.06667,0.558834,27.2,2,484,19.12,16.6798,18.6795,16.28,24.1588,-0.425562,0.455656,5.06667,0.249437,0.448938,2.27462
24.38,171.395,0.249284,5.08889,0.55244,27.2,2,486.105,19.0803,16.68,18.6602,16.32,24.2497,-0.380513,0.464642,5.08889,0.249284,0.450617,2.29314
24.4,171.197,0.248995,5.08908,0.538332,27.2,2,489.966,19.12,16.6814,18.72,16.32,24.3406,-0.334446,0.47366,5.08908,0.248995,0.450091,2.29055
24.42,170.894,0.248555,5.11111,0.514267,27.2,2,490.24,19.14,16.78,18.72,16.3,24.431,-0.287562,0.482664,5.11111,0.248555,0.451206,2.30617
24.44,170.601,0.248129,5.11111,0.481916,26.8015,2,490.015,19.1598,16.7602,18.8395,16.3598,24.5214,-0.23966,0.491689,5.11111,0.248129,0.450399,2.30204
24.46,170.297,0.247686,5.13333,0.4507,26.8,2,490.068,19.2,16.8006,18.84,16.3613,24.6114,-0.190948,0.500697,5.13333,0.247686,0.451517,2.31779
24.48,170.002,0.247258,5.13333,0.436747,26.8,2,492,19.2,16.8398,18.84,16.4395,24.7013,-0.141215,0.509727,5.13333,0.247258,0.450704,2.31361
24.5,169.595,0.246666,5.1339,0.449198,26.8,2,492.097,19.3002,16.8198,18.9204,16.4998,24.7908,-0.0906735,0.518739,5.1339,0.246666,0.449629,2.30835
24.52,169.303,0.246241,5.15542,0.479717,26.8,2,497.95,19.279,16.8015,19,16.599,24.8798,-0.039322,0.52773,5.15542,0.246241,0.450703,2.32356
24.54,168.899,0.245654,5.15559,0.512493,26.3989,2,494.011,19.3199,16.9601,19.04,16.64,24.9687,0.0130503,0.536743,5.15559,0.245654,0.449599,2.31795
24.56,168.39,0.244914,5.17778,0.538026,25.9808,2,495.904,19.32,16.98,19.08,16.64,25.0572,0.066226,0.545731,5.17778,0.244914,0.450118,2.33061
24.58,168,0.244347,5.17778,0.554496,25.2007,2,494,19.3601,16.9999,19.1199,16.68,25.1456,0.12043,0.55473,5.17778,0.244347,0.449032,2.32499
24.6,167.411,0.243489,5.19959,0.563524,24.4141,2,492.071,19.4758,17.0028,19.1586,16.7614,25.2334,0.175427,0.563707,5.19959,0.243489,0.449276,2.33605
24.62,166.694,0.242447,5.20022,0.567248,23.9923,2,489.961,19.44,17.0808,19.12,16.76,25.3212,0.231447,0.572684,5.20022,0.242447,0.447331,2.32622
24.64,165.886,0.241271,5.22222,0.567164,23.6,2,485.929,19.6,17.12,19.1607,16.7993,25.4084,0.288258,0.581619,5.22222,0.241271,0.446958,2.33411
24.66,165.008,0.239995,5.22222,0.563611,23.6,2,480.065,19.6,17.12,19.1997,16.7603,25.4956,0.346089,0.590544,5.22222,0.239995,0.444499,2.32127
24.68,163.98,0.238499,5.24444,0.555343,23.6,2,477.866,19.5827,17.2818,19.1809,16.8,25.5821,0.404693,0.599417,5.24444,0.238499,0.4435,2.32591
24.7,162.802,0.236785,5.24444,0.539975,23.6,2,470.011,19.6799,17.2402,19.2798,16.8,25.6686,0.464313,0.608266,5.24444,0.236785,0.440191,2.30856
24.72,161.568,0.234991,5.26667,0.515731,23.6,2,462,19.6607,17.3229,19.32,16.84,25.7545,0.524691,0.617045,5.26667,0.234991,0.43858,2.30985
24.74,160.212,0.233019,5.26667,0.48436,23.6,2,462,19.7587,17.3213,19.32,16.958,25.8402,0.586075,0.625788,5.26667,0.233019,0.43476,2.28974
24.76,158.772,0.230924,5.28889,0.455266,24,2,449.86,19.7022,17.3822,19.3407,17.0415,25.9254,0.6482,0.634452,5.28889,0.230924,0.432527,2.28759
24.78,157.201,0.22864,5.28889,0.444084,24,2,440.009,19.76,17.44,19.3201,17.08,26.0104,0.711319,0.643068,5.28889,0.22864,0.428095,2.26415
24.8,155.624,0.226346,5.28889,0.458063,24,2,443.878,19.7964,17.5951,19.44,17.0812,26.0948,0.775163,0.651592,5.28889,0.226346,0.42365,2.24064
24.82,153.88,0.22381,5.31111,0.485245,24,2,427.951,19.683,17.4039,19.363,17.159,26.1787,0.839723,0.660026,5.31111,0.22381,0.420498,2.23331
24.84,152.17,0.221323,5.31146,0.505531,24,2,423.868,19.8,17.5994,19.44,17.1206,26.2624,0.905262,0.668395,5.31146,0.221323,0.415695,2.20795
24.86,150.319,0.218631,5.33311,0.505987,24,2,420,19.8,17.5604,19.44,17.1596,26.3456,0.971503,0.676666,5.33311,0.218631,0.412146,2.19802
24.88,148.384,0.215816,5.33352,0.484063,24,2,412.07,19.76,17.5806,19.4812,17.28,26.4286,1.0387,0.684863,5.33352,0.215816,0.406702,2.16915
24.9,146.524,0.213111,5.35527,0.447387,24,2,408.194,19.76,17.639,19.52,17.28,26.511,1.10657,0.692951,5.35527,0.213111,0.403083,2.15862
24.92,144.479,0.210136,5.35556,0.411094,24,2,401.832,19.8004,17.72,19.5209,17.3209,26.5932,1.17538,0.700964,5.35556,0.210136,0.397307,2.1278
24.94,142.442,0.207173,5.35623,0.385512,24,2,397.884,19.8353,17.72,19.5953,17.4,26.6748,1.24484,0.708858,5.35623,0.207173,0.39159,2.09745
24.96,140.593,0.204485,5.37778,0.369946,24,2,394,19.7997,17.7597,19.6,17.4397,26.7559,1.31494,0.716641,5.37778,0.204485,0.387917,2.08613
24.98,138.756,0.201813,5.37778,0.362472,24,2,395.416,19.7802,17.72,19.6,17.4202,26.8368,1.38595,0.724352,5.37778,0.201813,0.382707,2.05811
25,136.995,0.199251,5.37785,0.361794,24,2,385.987,19.8395,17.7203,19.6,17.56,26.9172,1.45757,0.73196,5.37785,0.199251,0.377722,2.03133
25.02,135.251,0.196715,5.4,0.362685,23.6243,2,382.122,19.76,17.7806,19.6,17.5806,26.997,1.52981,0.73947,5.4,0.196715,0.374323,2.02135
25.04,133.663,0.194405,5.4,0.363155,23.6,2,387.371,19.8379,17.7979,19.5958,17.6021,27.0765,1.60293,0.746914,5.4,0.194405,0.369815,1.997
25.06,132.197,0.192273,5.40004,0.364591,23.6014,2,375.993,19.8001,17.9199,19.68,17.64,27.1556,1.67665,0.754272,5.40004,0.192273,0.365659,1.97457
25.08,130.654,0.190028,5.42222,0.365452,24,2,372.116,19.8377,17.8823,19.68,17.6446,27.234,1.75094,0.761548,5.42222,0.190028,0.362768,1.96701
25.1,129.19,0.187899,5.42222,0.36729,23.9941,2,370,19.8397,17.9206,19.6797,17.72,27.3123,1.8261,0.768765,5.42222,0.187899,0.358605,1.94444
25.12,127.836,0.18593,5.42222,0.374426,23.9795,2,368.102,19.8011,17.9978,19.6411,17.72,27.39,1.90183,0.775902,5.42222,0.18593,0.354759,1.92358
25.14,126.463,0.183933,5.44444,0.38713,24,2,364,19.92,17.9597,19.68,17.8,27.4672,1.9781,0.782963,5.44444,0.183933,0.352299,1.91807
25.16,125.287,0.182223,5.44444,0.406497,24,2,362,19.92,17.9816,19.7211,17.8389,27.5442,2.05524,0.789978,5.44444,0.182223,0.348951,1.89984
25.18,124.111,0.180512,5.44444,0.432122,24,2,360.037,19.9593,18.0793,19.7993,17.9178,27.6206,2.13291,0.796929,5.44444,0.180512,0.345602,1.88161
25.2,122.877,0.178717,5.46667,0.45259,24,2,359.812,19.96,18.1396,19.7197,17.92,27.6965,2.21111,0.803812,5.46667,0.178717,0.343485,1.87772
25.22,121.9,0.177296,5.46667,0.454136,24,2,356,19.92,18.2,19.8,17.88,27.7722,2.29016,0.810656,5.46667,0.177296,0.340698,1.86248
25.24,120.913,0.175861,5.48859,0.436365,24,2,350.102,19.8016,18.2,19.7605,17.88,27.8473,2.36972,0.817447,5.48859,0.175861,0.339235,1.86192
25.26,119.992,0.174521,5.48889,0.411932,24,2,354,19.9588,18.2,19.7604,17.9212,27.9222,2.4501,0.82421,5.48889,0.174521,0.336616,1.84765
25.28,119.214,0.17339,5.48889,0.390607,24,2,354,19.8422,18.2,19.7993,18.0378,27.9965,2.53099,0.830923,5.48889,0.17339,0.334389,1.83543
25.3,118.389,0.17219,5.51111,0.370889,24.4149,2,353.925,20.0017,18.2613,19.8,18.08,28.0703,2.61237,0.837593,5.51111,0.17219,0.333373,1.83725
25.32,117.713,0.171207,5.51111,0.349938,25.5731,2,353.933,19.9973,18.356,19.84,18.08,28.1439,2.69457,0.844243,5.51111,0.171207,0.331433,1.82657
25.34,116.909,0.170037,5.51111,0.327059,26.7819,2,352,20.0018,18.2027,19.84,18.1973,28.2169,2.77725,0.850855,5.51111,0.170037,0.329124,1.81384
25.36,116.192,0.168995,5.53333,0.301246,27.6207,2,356.052,19.96,18.3019,19.92,18.2,28.2893,2.86041,0.857419,5.53333,0.168995,0.328386,1.81707
25.38,115.703,0.168283,5.53333,0.28143,28.7938,2,359.969,19.9206,18.3206,19.8412,18.2,28.3615,2.94438,0.863973,5.53333,0.168283,0.326977,1.80927
25.4,115.19,0.167537,5.53333,0.284125,29.6,2,364.134,20.24,18.3396,19.92,18.24,28.4331,3.02881,0.870501,5.53333,0.167537,0.325499,1.8011
25.42,114.706,0.166834,5.53333,0.310915,29.9873,2,369.936,20.0025,18.3975,19.9987,18.24,28.5042,3.1137,0.877,5.53333,0.166834,0.324107,1.79339
25.44,114.303,0.166247,5.55537,0.347682,30.7937,2,377.937,20.1586,18.4,20,18.24,28.5747,3.19906,0.883473,5.55537,0.166247,0.324232,1.80123
25.46,113.996,0.165801,5.55556,0.385575,31.2,2,386.153,20.08,18.361,20.041,18.281,28.645,3.28523,0.889952,5.55556,0.165801,0.323356,1.79642
25.48,113.703,0.165374,5.55556,0.421684,31.2,2,394,20.1579,18.5168,20.08,18.32,28.7147,3.37185,0.896415,5.55556,0.165374,0.322508,1.79171
25.5,113.496,0.165073,5.57778,0.446751,31.6344,2,410.344,20.24,18.4591,20.08,18.36,28.7839,3.45893,0.902863,5.57778,0.165073,0.323198,1.80273
25.52,113.302,0.16479,5.57778,0.451791,32.7937,2,423.905,20.1619,18.5206,20.12,18.4,28.8527,3.5468,0.909326,5.57778,0.16479,0.322635,1.79959
25.54,113.101,0.164499,5.5999,0.442592,34.3927,2,439.982,20.2393,18.5593,20.16,18.48,28.921,3.63512,0.915778,5.5999,0.164499,0.323331,1.81062
25.56,112.997,0.164347,5.6,0.438234,35.6132,2,456.395,20.2996,18.6007,20.2007,18.5396,28.989,3.72423,0.922245,5.6,0.164347,0.323033,1.80899
25.58,112.803,0.164066,5.6,0.452802,36.3861,2,483.947,20.2814,18.6372,20.24,18.56,29.0564,3.81378,0.928707,5.6,0.164066,0.322471,1.80584
25.6,112.698,0.163912,5.62222,0.482795,37.6085,2,492.256,20.2996,18.6188,20.2604,18.56,29.1233,3.90376,0.935157,5.62222,0.163912,0.323442,1.81846
25.62,112.504,0.163631,5.62222,0.517061,38,2,519.319,20.4332,18.6366,20.28,18.56,29.1898,3.99454,0.941627,5.62222,0.163631,0.322876,1.81528
25.64,112.301,0.163335,5.64434,0.550804,38.4,2,533.982,20.3206,18.7996,20.28,18.5604,29.2557,4.08575,0.948085,5.64434,0.163335,0.323549,1.82622
25.66,112.096,0.163037,5.64488,0.586298,38.4,2,570,20.4415,18.72,20.32,18.64,29.3213,4.17775,0.954556,5.64488,0.163037,0.32298,1.82318
25.68,111.903,0.162757,5.66633,0.626824,38.4,2,587.417,20.5574,18.84,20.4787,18.68,29.3863,4.27018,0.961017,5.66633,0.162757,0.323639,1.83384
25.7,111.597,0.162311,5.66703,0.669821,38.4,2,620.208,20.56,18.8813,20.48,18.84,29.451,4.3634,0.967489,5.66703,0.162311,0.322777,1.82919
25.72,111.402,0.162027,5.68868,0.705867,38.4,2,627.964,20.56,18.9593,20.48,18.84,29.5151,4.45705,0.973945,5.68868,0.162027,0.323434,1.83991
25.74,111.096,0.161583,5.71111,0.730229,38.4,2,652.502,20.64,18.96,20.56,18.9195,29.5788,4.55147,0.980414,5.71111,0.161583,0.323804,1.84928
25.76,110.901,0.1613,5.71111,0.749296,38.4,2,675.853,20.7988,19.04,20.6018,18.96,29.6422,4.64669,0.986891,5.71111,0.1613,0.323226,1.84598
25.78,110.596,0.160856,5.73372,0.770128,38.4,2,698.441,20.76,19.04,20.682,19.04,29.7049,4.74232,0.993357,5.73372,0.160856,0.323597,1.85541
25.8,110.301,0.160426,5.75553,0.796864,38.4,2,706.01,20.9196,19.04,20.7998,19.1198,29.7673,4.83873,0.999828,5.75553,0.160426,0.323943,1.86446
25.82,109.99,0.159974,5.75612,0.832882,38.4,2,736.709,20.9005,19.12,20.7979,19.16,29.8293,4.93591,1.00631,5.75612,0.159974,0.323049,1.85951
25.84,109.586,0.159387,5.77858,0.870004,38.4273,2,760.683,21,19.1682,20.9255,19.2055,29.8906,5.03352,1.01277,5.77858,0.159387,0.323099,1.86705
25.86,109.095,0.158672,5.80025,0.888732,38.8097,2,774.34,21,19.3394,20.9006,19.2218,29.9516,5.1319,1.01922,5.80025,0.158672,0.322832,1.87251
25.88,108.703,0.158102,5.82204,0.882386,39.2,2,841.154,21.0787,19.32,20.9987,19.3194,30.0122,5.23105,1.02568,5.82204,0.158102,0.322861,1.87971
25.9,108.187,0.157352,5.84444,0.871497,40.017,2,815.273,21.1187,19.36,21.0597,19.419,30.0723,5.33096,1.03213,5.84444,0.157352,0.322539,1.88506
25.92,107.61,0.156512,5.84444,0.885381,40.7869,2,832.393,21.1626,19.5961,21.1987,19.5974,30.132,5.43164,1.03858,5.84444,0.156512,0.320789,1.87484
25.94,106.993,0.155615,5.86684,0.931983,41.2,2,850.169,21.2413,19.6,21.32,19.6806,30.1911,5.5327,1.04498,5.86684,0.155615,0.320144,1.87823
25.96,106.315,0.154628,5.88832,0.994664,41.2,2,899.963,21.3959,19.6,21.32,19.758,30.2498,5.63454,1.05138,5.88832,0.154628,0.319244,1.87981
25.98,105.603,0.153593,5.91103,1.0554,41.2,2,885.957,21.3597,19.6003,21.5197,19.7594,30.308,5.73713,1.05775,5.91103,0.153593,0.318296,1.88146
26,105.011,0.152733,5.93288,1.10992,41.2,2,904.763,21.56,19.9139,21.5585,19.8015,30.3658,5.8405,1.06411,5.93288,0.152733,0.317655,1.88461
26.02,104.398,0.151841,5.95565,1.16452,41.2,2,922.083,21.561,19.841,21.7197,19.96,30.4232,5.94463,1.07045,5.95565,0.151841,0.316984,1.88784
26.04,103.893,0.151106,5.97821,1.22693,41.2,2,958.222,21.68,20.0386,21.68,20.0189,30.4801,6.04952,1.07679,5.97821,0.151106,0.316619,1.89281
26.06,103.505,0.150542,5.99973,1.29599,41.2,2,956.205,21.798,19.9631,21.798,20.2369,30.5366,6.15519,1.08312,5.99973,0.150542,0.316556,1.89925
26.08,102.997,0.149803,6.02252,1.35589,41.5942,2,974.115,21.84,20.28,21.8408,20.32,30.5926,6.2616,1.08945,6.02252,0.149803,0.316175,1.90417
26.1,102.506,0.149088,6.06623,1.3891,41.2,2,1007.52,21.84,20.28,21.9588,20.32,30.6481,6.36878,1.09577,6.06623,0.149088,0.316927,1.92255
26.12,101.989,0.148337,6.0892,1.39825,41.2,2,1004.22,22.2,20.3605,22.1004,20.4199,30.7034,6.47709,1.10211,6.0892,0.148337,0.3165,1.92723
26.14,101.181,0.147161,6.11168,1.40116,41.2,2,1036.39,22.0993,20.4201,22.1799,20.5197,30.7582,6.58617,1.10843,6.11168,0.147161,0.315113,1.92587
26.16,100.4,0.146026,6.13333,1.40353,41.2,2,1032,22.2,20.56,22.32,20.7199,30.8125,6.69599,1.11473,6.13333,0.146026,0.313755,1.92437
26.18,99.3786,0.14454,6.17827,1.39722,41.2,2,1044.26,22.2603,20.5801,22.4001,20.64,30.8663,6.80654,1.12099,6.17827,0.14454,0.312793,1.93252
26.2,98.4972,0.143258,6.20006,1.38446,41.2,2,1054.03,22.4398,20.7204,22.4402,20.92,30.9198,6.91823,1.12723,6.20006,0.143258,0.311074,1.92868
26.22,97.3737,0.141624,6.22284,1.37896,41.2,2,1104.21,22.3663,20.88,22.52,20.9242,30.9728,7.03065,1.13343,6.22284,0.141624,0.308607,1.92041
26.24,96.3918,0.140196,6.24479,1.38255,41.2,2,1074,22.6788,20.9206,22.6003,21.0409,31.0253,7.1438,1.13958,6.24479,0.140196,0.306531,1.91422
26.26,95.416,0.138777,6.28814,1.38478,41.2,2,1081.74,22.5227,20.9987,22.6393,21.158,31.0772,7.25768,1.14569,6.28814,0.138777,0.305494,1.92099
26.28,94.2972,0.13715,6.31117,1.38656,41.2,2,1090.09,22.7997,21.1602,22.7601,21.3201,31.1289,7.37266,1.15178,6.31117,0.13715,0.302972,1.91211
26.3,93.219,0.135582,6.33296,1.40041,41.2,2,1096.32,22.682,21.2387,22.7993,21.3593,31.18,7.48837,1.15782,6.33296,0.135582,0.300498,1.90305
26.32,91.9903,0.133794,6.35592,1.42644,41.2,2,1126.06,22.96,21.2426,23.0806,21.48,31.2306,7.60479,1.16381,6.35592,0.133794,0.297565,1.8913
26.34,90.7791,0.132033,6.40041,1.45097,41.2,2,1108.14,22.9796,21.4785,23.12,21.5193,31.2807,7.72193,1.16973,6.40041,0.132033,0.295655,1.89231
26.36,89.5097,0.130187,6.42208,1.46734,41.2,2,1113.97,23.1206,21.4822,23.28,21.6794,31.3304,7.8402,1.17562,6.42208,0.130187,0.29246,1.8782
26.38,88.0757,0.128101,6.44526,1.47746,41.2,2,1120.21,23.1787,21.5792,23.2597,21.7792,31.3796,7.95916,1.18143,6.44526,0.128101,0.288762,1.86114
26.4,86.7183,0.126127,6.48834,1.48193,41.2,2,1131.84,23.3221,21.681,23.44,21.9958,31.4283,8.07883,1.18718,6.48834,0.126127,0.286163,1.85673
26.42,85.0882,0.123756,6.51128,1.48396,41.2,2,1126.06,23.4406,21.96,23.5612,22.1212,31.4767,8.19957,1.19286,6.51128,0.123756,0.281721,1.83436
26.44,83.4583,0.121385,6.53442,1.48919,41.2,2,1130.09,23.5392,21.9205,23.6992,22.2,31.5245,8.32102,1.19845,6.53442,0.121385,0.277252,1.81168
26.46,81.7159,0.118851,6.57741,1.4995,41.2,2,1132,23.6007,22.1572,23.6421,22.2014,31.5718,8.44316,1.20396,6.57741,0.118851,0.273194,1.79691
26.48,79.8719,0.116169,6.60029,1.51699,41.2,2,1141.83,23.7024,22.16,23.8624,22.3824,31.6188,8.56636,1.20937,6.60029,0.116169,0.267902,1.76823
26.5,78.0039,0.113452,6.62217,1.54092,41.2,2,1155.91,23.8795,22.3193,23.92,22.44,31.6652,8.69025,1.21468,6.62217,0.113452,0.262448,1.73798
26.52,75.9528,0.110469,6.66717,1.5593,41.2,2,1144,23.8025,22.36,23.9613,22.6194,31.7112,8.81479,1.21987,6.66717,0.110469,0.257226,1.71497
26.54,74.1312,0.10782,6.68849,1.55828,40.8139,2,1142.07,23.9958,22.4758,24.0772,22.6386,31.7568,8.94042,1.22496,6.68849,0.10782,0.251811,1.68424
26.56,72.0975,0.104862,6.73336,1.53798,40.799,2,1144.01,23.9206,22.6802,24.1601,22.8004,31.8019,9.06668,1.22994,6.73336,0.104862,0.246494,1.65973
26.58,70.056,0.101892,6.75607,1.51317,40.4,2,1144.18,24.1801,22.8002,24.2201,22.9801,31.8467,9.194,1.23482,6.75607,0.101892,0.240273,1.6233
26.6,68.1934,0.0991832,6.77794,1.49827,40,2,1152,24.2001,22.9201,24.3601,23.16,31.8911,9.32195,1.23956,6.77794,0.0991832,0.234599,1.5901
26.62,66.2544,0.0963631,6.82283,1.49823,40,2,1142,24.2446,22.9691,24.4046,23.1646,31.935,9.45053,1.2442,6.82283,0.0963631,0.229395,1.56513
26.64,64.6216,0.0939883,6.84417,1.51588,40,2,1140.05,24.3981,23.2371,24.519,23.279,31.9785,9.58016,1.24874,6.84417,0.0939883,0.224408,1.53589
26.66,62.8737,0.0914461,6.86736,1.55114,39.6,2,1139.93,24.48,23.2651,24.6607,23.4207,32.0217,9.71039,1.25318,6.86736,0.0914461,0.219043,1.50425
26.68,61.4032,0.0893073,6.91101,1.59177,39.2018,2,1138,24.5198,23.4796,24.68,23.5595,32.0644,9.84125,1.25751,6.91101,0.0893073,0.215252,1.48761
26.7,60.1262,0.08745,6.93282,1.61988,39.2,2,1134.09,24.6381,23.3219,24.8372,23.7181,32.1068,9.97314,1.26178,6.93282,0.08745,0.211417,1.46572
26.72,58.9993,0.0858109,6.9778,1.62416,38.7993,2,1130,24.84,23.64,25,23.9201,32.1488,10.1056,1.26597,6.9778,0.0858109,0.208781,1.45683
26.74,58.3089,0.0848069,6.99965,1.60283,38.4,2,1126.06,24.84,23.64,25.0394,24.0381,32.1905,10.2391,1.27012,6.99965,0.0848069,0.206973,1.44874
26.76,57.8965,0.084207,7.04464,1.56436,38,2,1119.96,24.9803,23.8407,25.1403,24.1193,32.2318,10.3732,1.27425,7.04464,0.084207,0.206822,1.45699
26.78,57.5951,0.0837686,7.06724,1.52542,37.6,2,1113.9,25.04,23.8099,25.204,24.202,32.2727,10.5084,1.27839,7.06724,0.0837686,0.206401,1.45868
26.8,57.4,0.0834849,7.0891,1.49805,37.2,2,1107.96,25.1202,24.1596,25.3202,24.3602,32.3133,10.6441,1.28251,7.0891,0.0834849,0.206335,1.46273
26.82,57.3,0.0833395,7.13394,1.48243,37.2,2,1101.77,25.1668,24.0845,25.3645,24.4045,32.3534,10.7804,1.28664,7.13394,0.0833395,0.207276,1.4787
26.84,57.3,0.0833395,7.15519,1.4764,37.2,2,1099.94,25.3574,24.3148,25.44,24.5187,32.3932,10.9177,1.2908,7.15519,0.0833395,0.207894,1.48752
26.86,57.3,0.0833395,7.17808,1.47786,37.2,2,1086.11,25.4805,24.3622,25.64,24.6405,32.4326,11.0556,1.29496,7.17808,0.0833395,0.208559,1.49705
26.88,57.3,0.0833395,7.22282,1.48074,37.2,2,1079.69,25.4998,24.52,25.6602,24.7609,32.4714,11.1941,1.29914,7.22282,0.0833395,0.209859,1.51577
26.9,57.3,0.0833395,7.24456,1.4826,37.2,2,1077.89,25.68,24.5604,25.8404,24.8806,32.51,11.3336,1.30335,7.24456,0.0833395,0.21049,1.52491
26.92,57.2,0.083194,7.26787,1.48436,37.2,2,1063.78,25.68,24.6445,25.9245,25,32.5481,11.4738,1.30757,7.26787,0.083194,0.210797,1.53205
26.94,57.1029,0.0830528,7.31045,1.48258,37.2,2,1056.12,25.8354,24.7977,26.0777,25.0388,32.5857,11.6145,1.31179,7.31045,0.0830528,0.211671,1.54741
26.96,56.7989,0.0826106,7.33346,1.47431,37.2,2,1049.96,25.9204,24.9604,26.1202,25.1202,32.6229,11.7562,1.31602,7.33346,0.0826106,0.211201,1.54883
26.98,56.4904,0.082162,7.35667,1.45846,37.2,2,1055.24,26.0057,25.0362,26.16,25.1619,32.6596,11.8985,1.32024,7.35667,0.082162,0.210714,1.55015
27,55.9988,0.081447,7.40004,1.43309,37.1984,2,1038.02,26.24,25.1198,26.3202,25.32,32.6959,12.0414,1.32445,7.40004,0.081447,0.210103,1.55477
27.02,55.2786,0.0803995,7.42283,1.40433,36.7786,2,1035.57,26.24,25.0443,26.4043,25.3221,32.7317,12.1852,1.32864,7.42283,0.0803995,0.208028,1.54416
27.04,54.3719,0.0790808,7.44499,1.38295,36.3626,2,1025.72,26.32,25.1619,26.4419,25.4781,32.7671,12.3297,1.33277,7.44499,0.0790808,0.205213,1.52781
27.06,53.2106,0.0773917,7.46648,1.36342,35.6,2,1014.11,26.44,25.3593,26.6372,25.5986,32.802,12.4748,1.33685,7.46648,0.0773917,0.201391,1.50368
27.08,51.6768,0.0751609,7.51141,1.32773,35.1884,2,1013.88,26.4417,25.4017,26.64,25.6609,32.8364,12.6204,1.34083,7.51141,0.0751609,0.196741,1.4778
27.1,50.0054,0.07273,7.53326,1.27501,34.8,2,998.072,26.5993,25.4798,26.64,25.68,32.8704,12.767,1.34471,7.53326,0.07273,0.190908,1.43816
27.12,47.961,0.0697564,7.55597,1.22875,34.8,2,998.468,26.6192,25.5823,26.8,25.8208,32.9039,12.9141,1.34846,7.55597,0.0697564,0.183629,1.3875
27.14,45.915,0.0667806,7.57762,1.2137,34.4054,2,994.218,26.6395,25.6795,26.8789,25.84,32.9371,13.0618,1.35206,7.57762,0.0667806,0.176275,1.33575
27.16,43.5613,0.0633573,7.60037,1.2372,33.9859,2,981.859,26.7408,25.8623,27.0192,26.0623,32.9697,13.21,1.35551,7.60037,0.0633573,0.167716,1.27471
27.18,41.3254,0.0601053,7.62197,1.28499,33.2085,2,974.085,26.7992,25.8417,27.0392,26.12,33.002,13.3588,1.35878,7.62197,0.0601053,0.159539,1.216
27.2,38.8511,0.0565067,7.6454,1.32493,32.7837,2,963.756,26.92,26.0593,27.16,26.24,33.0339,13.5082,1.36189,7.6454,0.0565067,0.150427,1.15007
27.22,36.5244,0.0531225,7.68846,1.32613,32.4,2,954.081,26.92,26.0808,27.1992,26.4376,33.0655,13.658,1.36481,7.68846,0.0531225,0.142197,1.09327
27.24,34.0356,0.0495028,7.71174,1.28471,32.4,2,944.107,27.02,26.2399,27.2599,26.3599,33.0968,13.8089,1.36756,7.71174,0.0495028,0.132892,1.02483
27.26,31.7941,0.0462426,7.73339,1.22379,32.4,2,934.03,27.1597,26.3202,27.4,26.4802,33.1277,13.9602,1.37013,7.73339,0.0462426,0.124476,0.962618
27.28,29.35,0.0426878,7.75609,1.16851,32.4,2,923.273,27.04,26.4018,27.4,26.5673,33.1584,14.1121,1.37253,7.75609,0.0426878,0.115232,0.893749
27.3,27.1881,0.0395434,7.7779,1.13014,32.4,2,920.043,27.3989,26.6,27.48,26.8004,33.1889,14.2644,1.37475,7.7779,0.0395434,0.107035,0.832506
27.32,25.052,0.0364366,7.80055,1.10861,32.4,2,909.232,27.1981,26.6,27.48,26.8762,33.219,14.4172,1.37681,7.80055,0.0364366,0.0989049,0.771513
27.34,23.1462,0.0336648,7.82285,1.09951,32.4,2,889.677,27.1935,26.6443,27.52,26.9243,33.249,14.5706,1.37871,7.82285,0.0336648,0.0916362,0.716856
27.36,21.4001,0.0311252,7.84444,1.09801,32.4,2,880.001,27.4,26.76,27.52,27.08,33.2788,14.7244,1.38047,7.84444,0.0311252,0.0849526,0.666406
27.38,19.5675,0.0284598,7.86714,1.10011,32.4,2,872.162,27.5519,26.7649,27.5632,27.16,33.3084,14.8787,1.3821,7.86714,0.0284598,0.0778983,0.612837
27.4,18.1021,0.0263285,7.88886,1.10302,32.4,2,862.043,27.3999,27.0799,27.68,27.1996,33.3378,15.0335,1.3836,7.88886,0.0263285,0.0722607,0.570055
27.42,16.5836,0.0241198,7.91143,1.10538,32.4,2,853.836,27.48,27.0022,27.6811,27.24,33.3671,15.1887,1.38498,7.91143,0.0241198,0.0663858,0.525206
27.44,15.382,0.0223722,7.93365,1.10714,32.4,2,845.82,27.459,27.2,27.7607,27.3803,33.3963,15.3445,1.38626,7.93365,0.0223722,0.0617472,0.48988
27.46,14.3163,0.0208222,7.95518,1.10888,32.4,2,838.065,27.4774,27.2,27.8387,27.4774,33.4253,15.5007,1.38745,7.95518,0.0208222,0.0576237,0.458407
27.48,13.3977,0.0194862,7.97784,1.11078,32.4,2,808.102,27.56,27.3999,27.8001,27.6398,33.4543,15.6574,1.38856,7.97784,0.0194862,0.0540792,0.431435
27.5,12.8063,0.018626,7.99963,1.11236,32.4,2,818.251,27.56,27.3607,27.8393,27.5613,33.4832,15.8145,1.38962,7.99963,0.018626,0.0518324,0.41464
27.52,12.2986,0.0178876,8.02238,1.11306,32.4,2,817.946,27.8384,27.7978,28.0005,27.8011,33.512,15.9721,1.39063,8.02238,0.0178876,0.0499189,0.400468
27.54,12.0967,0.017594,8.04483,1.11303,32.4,2,811.869,27.8375,27.6008,28.0792,27.88,33.5407,16.1302,1.39162,8.04483,0.017594,0.0492366,0.396099
27.56,12,0.0174533,8.06649,1.11308,32.4,2,806.033,28.12,27.9954,28.1187,28.04,33.5693,16.2888,1.3926,8.06649,0.0174533,0.0489743,0.395051
27.58,12,0.0174533,8.08918,1.11392,32.4,2,801.888,27.96,27.84,28.1808,28.0975,33.5979,16.4478,1.39358,8.08918,0.0174533,0.0491121,0.397276
27.6,12.0994,0.0175979,8.11105,1.11566,32.4,2,796.011,28.1589,27.84,28.2796,28.1593,33.6264,16.6072,1.39456,8.11105,0.0175979,0.049653,0.402738
27.62,12.1,0.0175987,8.13364,1.118,31.5891,2,791.891,28.16,27.9412,28.32,28.2405,33.6548,16.7672,1.39556,8.13364,0.0175987,0.0497936,0.405004
27.64,12.1,0.0175987,8.15592,1.12017,30.7718,2,782.07,28.2,28.0786,28.3821,28.28,33.6831,16.9276,1.39656,8.15592,0.0175987,0.04993,0.407225
27.66,12.0029,0.0174574,8.17744,1.12023,29.6114,2,780.114,28.2777,28.04,28.4789,28.3189,33.7113,17.0885,1.39755,8.17744,0.0174574,0.0496597,0.40609
27.68,12,0.0174533,8.2002,1.11412,28.7922,2,785.69,28.3406,28.16,28.6606,28.5223,33.7395,17.2498,1.39855,8.2002,0.0174533,0.0497861,0.408256
27.7,12,0.0174533,8.22205,1.09602,28.006,2,766.06,28.4388,28.16,28.68,28.6394,33.7675,17.4116,1.39954,8.22205,0.0174533,0.0499187,0.410434
27.72,11.9973,0.0174493,8.24476,1.06078,27.6,2,755.342,28.4796,28.3402,28.6414,28.7405,33.7955,17.5739,1.40054,8.24476,0.0174493,0.0500452,0.412611
27.74,11.9993,0.0174523,8.26674,1.00804,27.2,2,745.959,28.6,28.2792,28.6811,28.7595,33.8234,17.7366,1.40155,8.26674,0.0174523,0.0501873,0.414885
27.76,11.9948,0.0174457,8.2895,0.948759,27.6,2,737.049,28.6,28.3408,28.8802,28.7202,33.8512,17.8998,1.40255,8.2895,0.0174457,0.0503062,0.417014
27.78,11.9,0.0173078,8.31099,0.907083,27.6,2,746.114,28.68,28.84,29.1186,28.8395,33.8789,18.0635,1.40356,8.31099,0.0173078,0.0500382,0.415867
27.8,11.8,0.0171624,8.31172,0.903709,27.6,2,711.578,28.7684,28.5916,29.0821,28.9221,33.9065,18.2276,1.40455,8.31172,0.0171624,0.049622,0.412444
27.82,11.8,0.0171624,8.33326,0.930569,27.6,2,698.039,28.8397,28.6795,29.0008,28.9195,33.934,18.3917,1.40555,8.33326,0.0171624,0.0497506,0.414585
27.84,11.6,0.0168715,8.35594,0.952035,27.5867,2,685.667,28.9795,28.7209,29.08,28.8,33.9614,18.5563,1.40654,8.35594,0.0168715,0.0490403,0.409778
27.86,11.5015,0.0167282,8.37762,0.933721,27.5941,2,658.267,28.9594,28.6794,29,28.76,33.9886,18.7214,1.40751,8.37762,0.0167282,0.0487499,0.408408
27.88,11.5,0.0167261,8.40023,0.866098,27.6,2,661.87,29.0388,28.8194,28.96,28.6194,34.0158,18.8869,1.40849,8.40023,0.0167261,0.0488751,0.410562
27.9,11.5,0.0167261,8.42195,0.768603,27.6,2,693.129,28.9218,28.8,29.1163,28.9127,34.0429,19.0529,1.40947,8.42195,0.0167261,0.0490015,0.412688
27.92,11.7022,0.0170201,8.42247,0.675613,28.4,2,639.298,29,28.8026,29.0818,28.9626,34.0699,19.2193,1.41045,8.42247,0.0170201,0.0498663,0.419997
27.94,11.9035,0.0173129,8.44444,0.614245,28.8,2,631.791,29.0394,28.92,29.2191,29.08,34.0968,19.3857,1.41146,8.44444,0.0173129,0.0508565,0.429455
27.96,12.0982,0.0175962,8.44444,0.59394,28.8,2,622.071,29.12,28.8,29.2807,29.1586,34.1235,19.5526,1.41248,8.44444,0.0175962,0.0516887,0.436483
27.98,12.1,0.0175987,8.46667,0.610056,28.81,2,608.1,29.2607,29.1449,29.3007,29.1393,34.15,19.7195,1.41352,8.46667,0.0175987,0.0518324,0.438847
28,12.1,0.0175987,8.46667,0.647861,29.2,2,612,29.162,29.398,29.438,29.2773,34.1765,19.8869,1.41456,8.46667,0.0175987,0.0518324,0.438847
28.02,12.1,0.0175987,8.48921,0.687509,29.2,2,603.886,29.36,28.82,29.5399,29.46,34.2028,20.0543,1.4156,8.48921,0.0175987,0.0519704,0.441188
28.04,12.1,0.0175987,8.51111,0.717661,29.1931,2,598.207,29.32,29.0211,29.6204,29.4407,34.229,20.2222,1.41664,8.51111,0.0175987,0.0521044,0.443467
28.06,12.1,0.0175987,8.51111,0.741272,28.8,2,594.683,29.4349,29.2715,29.64,29.5566,34.255,20.3905,1.41768,8.51111,0.0175987,0.0521044,0.443467
28.08,12.0004,0.0174539,8.53329,0.763297,28.8,2,590.008,29.4798,29.1206,29.7997,29.7195,34.2809,20.5589,1.41872,8.53329,0.0174539,0.0518101,0.44211
28.1,12,0.0174533,8.55516,0.785852,29.1867,2,584.133,29.5586,29.2772,29.8,29.4449,34.3067,20.7278,1.41976,8.55516,0.0174533,0.0519412,0.444366
28.12,12,0.0174533,8.55556,0.810491,28.8,2,585.998,29.6,29.3999,29.7601,29.2403,34.3324,20.8971,1.4208,8.55556,0.0174533,0.0519436,0.444407
28.14,12,0.0174533,8.57778,0.828809,28.8001,2,582,29.6,29.32,29.8,29.64,34.3579,21.0665,1.42184,8.57778,0.0174533,0.0520785,0.446718
28.16,12,0.0174533,8.60054,0.82588,28.8,2,582.466,29.6437,29.56,29.8093,29.9181,34.3833,21.2363,1.42288,8.60054,0.0174533,0.0522167,0.449092
28.18,12,0.0174533,8.62204,0.802819,28.8,2,576.278,29.7207,29.5586,29.9979,29.8,34.4086,21.4066,1.42392,8.62204,0.0174533,0.0523472,0.45134
28.2,12,0.0174533,8.62275,0.77645,28.8,2,578,29.7798,29.6202,30.04,29.8195,34.4338,21.5774,1.42497,8.62275,0.0174533,0.0523515,0.451414
28.22,12,0.0174533,8.64425,0.756779,28.8,2,578,29.8807,29.5993,30.0393,29.5637,34.4587,21.7482,1.42602,8.64425,0.0174533,0.0524821,0.453668
28.24,12,0.0174533,8.66667,0.74427,28.8,2,575.909,29.92,29.8608,30.0597,29.7403,34.4836,21.9194,1.42707,8.66667,0.0174533,0.0526182,0.456024
28.26,12,0.0174533,8.66667,0.739429,28.8,2,579.924,30.079,29.4815,30.16,30.0385,34.5084,22.0911,1.42812,8.66667,0.0174533,0.0526182,0.456024
28.28,12,0.0174533,8.68924,0.7395,28.8,2,574,30.04,29.9248,30.1984,30,34.533,22.2629,1.42918,8.68924,0.0174533,0.0527552,0.458403
28.3,12.0986,0.0175968,8.71095,0.739968,28.8,2,574,30.0795,29.9216,30.1995,29.9211,34.5574,22.4351,1.43023,8.71095,0.0175968,0.0533219,0.464484
28.32,12.2,0.0177442,8.71149,0.74077,28.8,2,570,30.16,29.92,30.2,29.8,34.5818,22.6077,1.43131,8.71149,0.0177442,0.053772,0.468434
28.34,12.2,0.0177442,8.7331,0.739695,28.8,2,570,30.16,29.7632,30.2392,30.0744,34.6059,22.7804,1.43239,8.7331,0.0177442,0.0539054,0.470761
28.36,12.3,0.0178896,8.75556,0.732332,28.8,2,572,30.2,29.9812,30.3404,30.64,34.6299,22.9536,1.43347,8.75556,0.0178896,0.0544871,0.477065
28.38,12.3,0.0178896,8.75617,0.719322,28.8,2,572,30.1642,29.9958,30.3621,30.32,34.6538,23.1272,1.43456,8.75617,0.0178896,0.0544909,0.477132
28.4,12.3,0.0178896,8.77776,0.702017,28.8,2,570.004,30.2402,30.0797,30.48,30.0001,34.6775,23.3008,1.43565,8.77776,0.0178896,0.0546252,0.479487
28.42,12.3,0.0178896,8.8,0.684002,28.7822,2,575.733,30.2453,30.2018,30.5218,30.3236,34.7011,23.4749,1.43674,8.8,0.0178896,0.0547637,0.48192
28.44,12.3,0.0178896,8.8,0.679054,28.4,2,570,30.3987,30.0467,30.6373,30.4773,34.7246,23.6495,1.43784,8.8,0.0178896,0.0547637,0.48192
28.46,12.3,0.0178896,8.82222,0.701127,28.4,2,568,30.4,30.32,30.64,30.4,34.7478,23.8241,1.43894,8.82222,0.0178896,0.0549019,0.484357
28.48,12.3,0.0178896,8.82273,0.746581,28.4,2,566.086,30.4869,30.2017,30.68,30.4869,34.7709,23.9992,1.44003,8.82273,0.0178896,0.0549051,0.484412
28.5,12.2989,0.017888,8.84457,0.79119,28.4,2,567.978,30.56,30.36,30.8,30.5604,34.7939,24.1743,1.44113,8.84457,0.017888,0.055036,0.48677
28.52,12.2,0.0177442,8.86735,0.808657,28.4,2,566.12,30.5672,30.3624,30.8,30.6424,34.8167,24.3499,1.44223,8.86735,0.0177442,0.0547341,0.485346
28.54,12.0948,0.0175912,8.88889,0.795006,28.4,2,564,30.68,30.48,30.8,30.7158,34.8393,24.5259,1.44332,8.88889,0.0175912,0.0543937,0.4835
28.56,12,0.0174533,8.88889,0.765016,28.4,2,564,30.72,30.56,30.84,30.7999,34.8618,24.7024,1.44441,8.88889,0.0174533,0.0539674,0.47971
28.58,11.8,0.0171624,8.91161,0.728748,28.4,2,561.915,30.7966,30.5532,30.8417,30.5668,34.8842,24.8789,1.44548,8.91161,0.0171624,0.0532033,0.474127
28.6,11.6975,0.0170134,8.93333,0.690552,28.4,2,560,30.7995,30.481,30.96,30.7993,34.9064,25.0559,1.44654,8.93333,0.0170134,0.0528699,0.472304
28.62,11.3948,0.016573,8.93394,0.661623,28.4,2,559.895,30.7242,30.64,30.96,30.6821,34.9284,25.2334,1.44759,8.93394,0.016573,0.0515046,0.460139
28.64,11.1963,0.0162844,8.95556,0.653174,28.4,2,558,30.84,30.6598,31.0198,30.8598,34.9503,25.4108,1.44861,8.95556,0.0162844,0.0507298,0.454314
28.66,11.0009,0.0160001,8.95556,0.661594,28.4,2,556.018,30.9589,30.7993,31.1193,30.9996,34.9721,25.5888,1.44962,8.95556,0.0160001,0.0498443,0.446383
28.68,10.7965,0.0157029,8.97818,0.670143,28.4,2,555.93,30.96,30.72,31.12,30.96,34.9937,25.7667,1.4506,8.97818,0.0157029,0.0490417,0.440306
28.7,10.5021,0.0152747,8.99989,0.667734,28.4,2,554,30.96,30.8396,31.1992,31,35.0151,25.9451,1.45157,8.99989,0.0152747,0.0478195,0.43037
28.72,10.2968,0.0149761,9.00037,0.660871,28.4,2,553.936,31.0791,30.72,31.2593,31.0198,35.0365,26.124,1.45252,9.00037,0.0149761,0.0468872,0.422002
28.74,10.0998,0.0146896,9.02222,0.661289,28.4,2,552,31.12,30.9999,31.28,31.12,35.0576,26.3029,1.45345,9.02222,0.0146896,0.0461016,0.415938
28.76,9.7,0.0141081,9.02286,0.668001,28.4,2,550,31.1244,30.8756,31.3222,31.12,35.0787,26.4822,1.45436,9.02286,0.0141081,0.0442796,0.399528
28.78,9.50305,0.0138216,9.04428,0.667146,28.4,2,550,31.1606,31.1963,31.36,31.1212,35.0996,26.6616,1.45523,9.04428,0.0138216,0.0434834,0.393276
28.8,9.19019,0.0133666,9.06667,0.649594,28.4,2,548,31.2398,31.0404,31.3998,31.2398,35.1204,26.8414,1.45609,9.06667,0.0133666,0.0421557,0.382212
28.82,8.90027,0.0129449,9.06667,0.62376,28.4,2,548,31.28,31.1194,31.4799,31.28,35.1411,27.0217,1.45692,9.06667,0.0129449,0.0408257,0.370153
28.84,8.59863,0.0125062,9.08889,0.606217,28.4,2,548,31.3203,31.0395,31.4803,31.2005,35.1616,27.202,1.45772,9.08889,0.0125062,0.0395386,0.359362
28.86,8.30739,0.0120826,9.08889,0.606896,28.4,2,546.074,31.3592,30.9616,31.5192,31.2784,35.1821,27.3827,1.4585,9.08889,0.0120826,0.0381992,0.347189
28.88,8.10015,0.0117812,9.11109,0.625421,28.4,2,546.003,31.36,31.3201,31.6,31.4798,35.2024,27.5635,1.45925,9.11109,0.0117812,0.0373372,0.340183
28.9,7.7936,0.0113353,9.11186,0.651574,28.4,2,546,31.3302,31.2,31.6374,31.4826,35.2226,27.7447,1.45999,9.11186,0.0113353,0.0359271,0.327363
28.92,7.60047,0.0110544,9.13328,0.669241,28.4,2,544.009,31.4802,31.2,31.64,31.4802,35.2427,27.926,1.4607,9.13328,0.0110544,0.0351191,0.320753
28.94,7.29751,0.0106138,9.15556,0.670572,28.4,2,542.05,31.4605,31.481,31.722,31.5005,35.2628,28.1077,1.46139,9.15556,0.0106138,0.0338013,0.30947
28.96,7.10342,0.0103315,9.15556,0.664836,28.4,2,544,31.6345,31.4427,31.7614,31.52,35.2827,28.2898,1.46205,9.15556,0.0103315,0.0329023,0.301239
28.98,6.9,0.0100356,9.17778,0.665389,28.4,2,544,31.6004,31.5995,31.84,31.7596,35.3025,28.472,1.4627,9.17778,0.0100356,0.0320376,0.294034
29,6.70478,0.0097517,9.17778,0.67173,28.4,2,544,31.679,31.4815,31.84,31.681,35.3223,28.6546,1.46333,9.17778,0.0097517,0.0311311,0.285714
29.02,6.49991,0.00945374,9.20001,0.669615,28.4,2,542,31.64,31.48,31.8401,31.8,35.3419,28.8372,1.46395,9.20001,0.00945374,0.0302529,0.278327
29.04,6.3005,0.0091637,9.22217,0.649634,28.4,2,542,31.7596,31.5996,31.92,31.9192,35.3615,29.0203,1.46454,9.22217,0.0091637,0.0293953,0.271089
29.06,5.99595,0.00872075,9.22269,0.62097,28.4,2,542,31.7568,31.7951,31.9216,31.8,35.381,29.2039,1.46512,9.22269,0.00872075,0.027976,0.258014
29.08,5.80194,0.00843858,9.24424,0.601998,28.4,2,542,31.8392,31.6792,32.0785,31.7615,35.4005,29.3874,1.46567,9.24424,0.00843858,0.0271339,0.250833
29.1,5.59658,0.00813989,9.24484,0.604964,28.4,2,540,31.8197,31.899,32.0394,31.9403,35.4198,29.5714,1.4662,9.24484,0.00813989,0.0261752,0.241986
29.12,5.5,0.00799943,9.26638,0.631621,28.011,2,540,31.84,31.3666,32.0811,32.0756,35.4391,29.7554,1.46672,9.26638,0.00799943,0.0257834,0.238919
29.14,5.4,0.00785398,9.26667,0.672446,27.6004,2,540,31.9999,32.3995,32.12,32.08,35.4583,29.9399,1.46723,9.26667,0.00785398,0.0253154,0.234589
29.16,5.09529,0.0074108,9.28944,0.70946,27.2,2,538,31.92,32.0899,32.1219,32.0038,35.4774,30.1244,1.46773,9.28944,0.0074108,0.0239455,0.222441
29.18,5,0.00727221,9.31087,0.729527,27.5909,2,538,32.1191,32.1482,32.2791,32.1591,35.4965,30.3093,1.4682,9.31087,0.00727221,0.0235519,0.219289
29.2,4.69641,0.00683065,9.31153,0.730884,27.6,2,536,32.0589,32.0831,32.24,32.2189,35.5156,30.4947,1.46866,9.31153,0.00683065,0.0221234,0.206003
29.22,4.50225,0.00654826,9.3331,0.713,27.6,2,536,32.1209,32.2346,32.32,32.2409,35.5345,30.6801,1.46909,9.3331,0.00654826,0.0212579,0.198402
29.24,4.28962,0.00623899,9.35556,0.676148,27.2,2,531.896,32.0999,32.0005,32.32,32.2599,35.5535,30.8659,1.46951,9.35556,0.00623899,0.0203026,0.189942
29.26,3.99963,0.00581723,9.3556,0.630826,27.1985,2,529.993,32.2398,32.2401,32.3999,32.2401,35.5724,31.0522,1.4699,9.3556,0.00581723,0.0189302,0.177103
29.28,3.79176,0.00551489,9.37778,0.591488,26.7835,2,524.082,32.1184,32.2734,32.32,32.2816,35.5912,31.2385,1.47027,9.37778,0.00551489,0.0179888,0.168695
29.3,3.50018,0.00509081,9.37778,0.565053,26.4,2,524.004,32.3199,32.1196,32.4,32.4,35.61,31.4253,1.47062,9.37778,0.00509081,0.0166055,0.155723
29.32,3.3948,0.00493753,9.4,0.551028,26.4,2,521.896,32.16,32.3242,32.44,32.56,35.6287,31.612,1.47094,9.4,0.00493753,0.0161437,0.151751
29.34,3.19818,0.00465156,9.40019,0.546185,26.8,2,521.891,32.4406,32.1994,32.5194,32.6006,35.6475,31.7992,1.47125,9.40019,0.00465156,0.015209,0.142968
29.36,3.00422,0.00436946,9.42173,0.547025,26.4169,2,514.084,32.3268,32.3132,32.48,32.4101,35.6661,31.9863,1.47155,9.42173,0.00436946,0.0143194,0.134913
29.38,2.79893,0.00407088,9.42234,0.550531,26.4043,2,509.979,32.4796,32.2808,32.5602,32.4806,35.6848,32.174,1.47183,9.42234,0.00407088,0.0133417,0.12571
29.4,2.60372,0.00378696,9.44401,0.554383,26.4149,2,508,32.4016,32.4369,32.5992,32.5977,35.7034,32.3616,1.47208,9.44401,0.00378696,0.0124397,0.117481
29.42,2.49946,0.00363531,9.44451,0.557051,26.7978,2,503.924,32.5998,32.4,32.6009,32.4817,35.722,32.5497,1.47233,9.44451,0.00363531,0.0119422,0.112788
29.44,2.29901,0.00334378,9.46667,0.557872,26.4039,2,492.059,32.4004,32.241,32.7202,32.7972,35.7405,32.7378,1.47256,9.46667,0.00334378,0.0110103,0.104231
29.46,2.1,0.00305433,9.46717,0.557182,26.4172,2,496,32.4869,32.4486,32.7583,32.2555,35.7591,32.9263,1.47277,9.46717,0.00305433,0.0100577,0.095218
29.48,2.00209,0.00291192,9.48867,0.555973,26.8,2,494.042,32.4833,32.565,32.76,32.9167,35.7776,33.1148,1.47296,9.48867,0.00291192,0.00961055,0.0911913
29.5,1.99627,0.00290345,9.48933,0.555145,26.8,2,493.851,32.6793,32.48,32.8393,32.76,35.7962,33.3038,1.47315,9.48933,0.00290345,0.00958326,0.0909387
29.52,1.9,0.00276344,9.51083,0.5551,26.8,2,488.054,32.56,32.64,32.9167,32.8767,35.8147,33.4928,1.47334,9.51083,0.00276344,0.00914179,0.086946
29.54,1.9,0.00276344,9.51121,0.555706,26.8,2,485.983,32.7197,32.6405,32.9205,33.0395,35.8332,33.6822,1.47352,9.51121,0.00276344,0.00914216,0.0869529
29.56,1.9,0.00276344,9.53333,0.55649,26.8,2,483.909,32.6436,32.7618,33.0382,32.9309,35.8516,33.8717,1.47371,9.53333,0.00276344,0.00916342,0.087358
29.58,1.9,0.00276344,9.53333,0.556906,26.8,2,482,32.7606,32.7211,33,32.8806,35.8701,34.0616,1.47389,9.53333,0.00276344,0.00916342,0.087358
29.6,1.9,0.00276344,9.55556,0.556545,26.8,2,480,32.7804,32.8213,33.0604,32.9787,35.8885,34.2514,1.47407,9.55556,0.00276344,0.00918478,0.0877657
29.62,1.9,0.00276344,9.5563,0.555619,26.8,2,478.126,32.9175,32.7625,33.155,33.0775,35.907,34.4418,1.47426,9.5563,0.00276344,0.0091855,0.0877794
29.64,1.9,0.00276344,9.57778,0.555214,26.8,2,478,33.04,33.0003,33.04,33.1603,35.9254,34.6321,1.47444,9.57778,0.00276344,0.00920614,0.0881744
29.66,1.9,0.00276344,9.57778,0.556357,26.8,2,478,33.04,33.0393,33.04,33.1993,35.9438,34.8229,1.47462,9.57778,0.00276344,0.00920614,0.0881744
29.68,1.8,0.00261799,9.6,0.558976,26.8,2,474.013,33.0001,32.9204,33.16,33.1602,35.9622,35.0137,1.47481,9.6,0.00261799,0.00874184,0.0839217
29.7,1.70315,0.00247713,9.6,0.561911,26.8,2,474.063,33.0393,33.038,33.16,33.2387,35.9806,35.2049,1.47498,9.6,0.00247713,0.00827147,0.0794061
29.72,1.69849,0.00247035,9.62222,0.563349,26.8,2,471.98,32.9206,32.9209,33.32,33.36,35.999,35.3962,1.47514,9.62222,0.00247035,0.00826793,0.0795559
29.74,1.59416,0.00231861,9.6229,0.561242,26.8,2,474,33.0047,33.04,33.3153,33.353,36.0173,35.5878,1.4753,9.6229,0.00231861,0.00776064,0.0746799
29.76,1.39895,0.0020347,9.64444,0.553542,26.8,2,474.011,33.0402,33.1602,33.3598,33.0796,36.0357,35.7795,1.47545,9.64444,0.0020347,0.00682558,0.0658289
29.78,1.3,0.00189077,9.64489,0.538151,26.8,2,471.923,33.0831,33.1985,33.3169,33.0015,36.0541,35.9716,1.47558,9.64489,0.00189077,0.00634307,0.0611782
29.8,1.20107,0.00174688,9.66655,0.513674,26.4,2,469.975,33.16,33.0413,33.3191,33.3566,36.0724,36.1638,1.4757,9.66655,0.00174688,0.00587352,0.0567767
29.82,1.2,0.00174533,9.66708,0.482063,26.4157,2,470,33.0863,33.24,33.3231,33.4753,36.0908,36.3563,1.47582,9.66708,0.00174533,0.00586861,0.0567324
29.84,1.2,0.00174533,9.68861,0.452753,26.8,2,470,33.3181,33.201,33.4,33.36,36.1091,36.5489,1.47593,9.68861,0.00174533,0.00588168,0.0569853
29.86,1.2,0.00174533,9.68889,0.441099,26.8,2,468,33.1633,33.32,33.4784,33.4808,36.1274,36.7419,1.47605,9.68889,0.00174533,0.00588185,0.0569886
29.88,1.2,0.00174533,9.68889,0.453957,26.8,2,468,33.3981,33.2419,33.4781,33.52,36.1458,36.9349,1.47617,9.68889,0.00174533,0.00588185,0.0569886
29.9,1.2,0.00174533,9.71111,0.47942,26.4,2,466,33.2439,33.32,33.4813,33.5213,36.1641,37.1279,1.47629,9.71111,0.00174533,0.00589534,0.0572503
29.92,1.2,0.00174533,9.71111,0.498012,26.4,2,466,33.36,33.32,33.4814,33.5214,36.1824,37.3214,1.4764,9.71111,0.00174533,0.00589534,0.0572503
29.94,1.2,0.00174533,9.73309,0.498075,26.4,2,464.08,33.3604,33.3996,33.52,33.4804,36.2007,37.5148,1.47652,9.73309,0.00174533,0.00590868,0.0575098
29.96,1.1,0.00159989,9.73368,0.4797,26.4,2,464,33.4774,33.2439,33.56,33.52,36.219,37.7087,1.47664,9.73368,0.00159989,0.00541662,0.0527236
29.98,1.1,0.00159989,9.75526,0.454889,26.4,2,462.051,33.322,33.516,33.56,33.676,36.2373,37.9026,1.47674,9.75526,0.00159989,0.00542863,0.0529577
30,1.1,0.00159989,9.75556,0.443394,26.4,2,462,33.3295,33.36,33.5638,33.7181,36.2556,38.0969,1.47685,9.75556,0.00159989,0.00542879,0.0529609
30.02,1.1,0.00159989,9.75556,0.456842,26.4,2,460,33.6399,33.5199,33.64,33.72,36.2739,38.2913,1.47696,9.75556,0.00159989,0.00542879,0.0529609
30.04,1.09675,0.00159516,9.77778,0.487792,26.4,2,458.974,33.5265,33.5587,33.7252,33.72,36.2922,38.4856,1.47707,9.77778,0.00159516,0.00542508,0.0530452
30.06,1,0.00145444,9.77778,0.520401,26.4,2,459.931,33.7972,33.5586,33.8028,33.8359,36.3105,38.6804,1.47718,9.77778,0.00145444,0.00494651,0.0483659
30.08,0.899382,0.0013081,9.8,0.544593,26.4,2,456.987,33.5204,33.7199,33.8802,33.84,36.3288,38.8752,1.47727,9.8,0.0013081,0.00445891,0.0436973
30.1,0.8,0.00116355,9.8,0.557175,26.4,2,456,33.6378,33.6807,33.9585,33.84,36.3471,39.0705,1.47735,9.8,0.00116355,0.0039662,0.0388688
30.12,0.8,0.00116355,9.82202,0.557682,24.9959,2,452,33.8,33.68,33.88,33.84,36.3654,39.2657,1.47743,9.82202,0.00116355,0.00397511,0.0390436
30.14,0.700628,0.00101902,9.82222,0.546145,24.8,2,452,33.6796,33.72,33.8803,33.8401,36.3837,39.4614,1.47751,9.82222,0.00101902,0.00348141,0.0341952
30.16,0.795818,0.00115747,9.84444,0.523283,24.8,2,449.916,33.795,33.7183,33.9983,33.8833,36.402,39.6571,1.47758,9.84444,0.00115747,0.00396336,0.0390171
30.18,0.797721,0.00116024,9.84444,0.492755,24.8,2,447.011,33.7973,33.9573,33.9609,34.0391,36.4204,39.8533,1.47766,9.84444,0.00116024,0.00397284,0.0391104
30.2,0.704821,0.00102512,9.86667,0.464819,24.8,2,443.009,33.84,33.8781,34,34.12,36.4387,40.0494,1.47774,9.86667,0.00102512,0.0035181,0.0347119
30.22,0.701401,0.00102015,9.86667,0.45471,24.5989,2,439.006,33.8794,33.8794,34,34.12,36.457,40.246,1.47781,9.86667,0.00102015,0.00350103,0.0345435
30.24,0.8,0.00116355,9.86739,0.468396,24.4,2,435.751,33.8475,33.84,34.0075,34.045,36.4753,40.4426,1.47788,9.86739,0.00116355,0.00399347,0.0394051
30.26,0.798526,0.00116141,9.88889,0.491956,23.9941,2,429.962,33.9594,34.0394,34.16,34.1603,36.4936,40.6391,1.47796,9.88889,0.00116141,0.0039948,0.0395041
30.28,0.794652,0.00115577,9.88951,0.50216,23.1786,2,425.786,33.8886,33.96,34.1579,34.2,36.512,40.8362,1.47804,9.88951,0.00115577,0.00397567,0.0393174
30.3,0.8,0.00116355,9.91111,0.482065,22.3974,2,420,33.8803,34.1197,34.1192,34.2,36.5303,41.0332,1.47812,9.91111,0.00116355,0.00401117,0.0397551
30.32,0.8,0.00116355,9.91167,0.42653,22,2,413.484,33.9641,34.0379,33.8779,34.1979,36.5486,41.2307,1.4782,9.91167,0.00116355,0.00401139,0.0397596
30.34,0.8,0.00116355,9.93297,0.345808,22,2,392.381,34.0013,34,34.0336,34.16,36.567,41.4282,1.47828,9.93297,0.00116355,0.00402001,0.0399307
30.36,0.799551,0.0011629,9.93333,0.267818,22,2,394.971,34.04,33.9601,34.3196,34.1202,36.5853,41.626,1.47836,9.93333,0.0011629,0.0040179,0.0399112
30.38,0.7,0.00101811,9.93333,0.225673,21.9809,2,387.523,34.0362,34.0076,34.1734,34.1981,36.6037,41.8239,1.47844,9.93333,0.00101811,0.00351764,0.0349419
30.4,0.7,0.00101811,9.93333,0.23271,21.6,2,377.028,33.8806,34.1997,34.1619,34.2792,36.622,42.0218,1.47851,9.93333,0.00101811,0.00351764,0.0349419
30.42,0.7,0.00101811,9.93372,0.271045,21.2,2,373.871,34.1587,34.1213,34.2,34.2773,36.6403,42.2196,1.47858,9.93372,0.00101811,0.00351778,0.0349446
30.44,0.7,0.00101811,9.95556,0.310241,21.2,2,357.048,34.0048,34.1984,34.28,34.1984,36.6586,42.4175,1.47865,9.95556,0.00101811,0.00352551,0.0350984
30.46,0.7,0.00101811,9.95556,0.33327,21.2,2,347.064,34.1217,34.1183,34.3192,34.3175,36.6769,42.6159,1.47872,9.95556,0.00101811,0.00352551,0.0350984
30.48,0.8,0.00116355,9.95574,0.336805,21.2,2,345.678,34.0429,34.3193,34.3586,34.32,36.6952,42.8142,1.47879,9.95574,0.00116355,0.00402923,0.040114
30.5,0.8,0.00116355,9.97759,0.32133,21.2,2,330.096,34.3574,34.1226,34.3194,34.3594,36.7135,43.0125,1.47887,9.97759,0.00116355,0.00403807,0.0402902
30.52,0.9,0.001309,9.97778,0.296598,21.2,2,319.028,34.1608,34.28,34.3208,34.3592,36.7318,43.2113,1.47896,9.97778,0.001309,0.00454292,0.0453282
30.54,0.9,0.001309,9.97778,0.277613,21.2,2,310.007,34.28,34.16,34.3202,34.36,36.7501,43.4101,1.47905,9.97778,0.001309,0.00454292,0.0453282
30.56,0.9,0.001309,9.97824,0.263796,21.2,2,299.052,34.1616,34.1648,34.3648,34.3184,36.7684,43.6088,1.47914,9.97824,0.001309,0.00454313,0.0453324
30.58,0.997494,0.0014508,9.99973,0.242399,21.2,2,293.051,34.278,34.2,34.48,34.32,36.7867,43.8076,1.47923,9.99973,0.0014508,0.00504612,0.0504598
30.6,1.0033,0.00145924,10,0.215739,21.2,2,286.967,34.2026,34.164,34.484,34.364,36.8049,44.0068,1.47934,10,0.00145924,0.00507562,0.0507562
30.62,1.19732,0.00174142,10,0.204447,21.2,2,287.946,34.28,34.3189,34.5221,34.4411,36.8232,44.206,1.47944,10,0.00174142,0.00605714,0.0605714
30.64,1.2,0.00174533,10,0.220337,21.2,2,267.977,34.28,34.3202,34.44,34.48,36.8414,44.4052,1.47957,10,0.00174533,0.00607072,0.0607072
30.66,1.3,0.00189077,10.0004,0.249553,21.2,2,265.022,34.3404,34.2587,34.4996,34.4187,36.8596,44.6045,1.47969,10.0004,0.00189077,0.00657688,0.0657716
30.68,1.3,0.00189077,10.0219,0.269131,21.2,2,270.276,34.4364,34.3636,34.48,34.4788,36.8778,44.8037,1.47983,10.0219,0.00189077,0.00659102,0.0660547
30.7,1.4,0.00203622,10.0222,0.273755,21.2,2,253.011,34.4743,34.2819,34.4819,34.52,36.896,45.0034,1.47996,10.0222,0.00203622,0.00709824,0.0711402
30.72,1.4,0.00203622,10.0222,0.272628,21.2,2,248.997,34.4776,34.6382,34.48,34.48,36.9142,45.203,1.48011,10.0222,0.00203622,0.00709824,0.0711402
30.74,1.5,0.00218166,10.0222,0.263887,21.2,2,243.957,34.48,34.4821,34.5195,34.48,36.9323,45.4027,1.48025,10.0222,0.00218166,0.00760526,0.0762216
30.76,1.6,0.00232711,10.0444,0.235229,21.2,2,240,34.3631,34.3641,34.48,34.48,36.9505,45.6024,1.48041,10.0444,0.00232711,0.00813027,0.081664
30.78,1.70516,0.00248006,10.0444,0.190889,21.2,2,231.938,34.4738,34.4717,34.52,34.3662,36.9686,45.8025,1.48058,10.0444,0.00248006,0.00866464,0.0870315
30.8,1.8,0.00261799,10.0444,0.156236,21.2,2,232,34.48,34.5992,34.52,34.6005,36.9867,46.0026,1.48076,10.0444,0.00261799,0.00914656,0.0918721
30.82,1.8,0.00261799,10.0444,0.152738,21.2,2,230,34.4776,34.4728,34.52,34.6776,37.0047,46.2027,1.48094,10.0444,0.00261799,0.00914656,0.0918721
30.84,1.8,0.00261799,10.0444,0.177752,21.2,2,228,34.48,34.5182,34.5218,34.6018,37.0227,46.4028,1.48112,10.0444,0.00261799,0.00914656,0.0918721
30.86,1.79769,0.00261464,10.0447,0.205438,21.2,2,222.052,34.4605,34.4184,34.561,34.6195,37.0407,46.603,1.48131,10.0447,0.00261464,0.00913505,0.0917587
30.88,1.6041,0.00233307,10.0662,0.208789,21.2,2,224,34.5184,34.36,34.6384,34.6384,37.0586,46.8031,1.48148,10.0662,0.00233307,0.00816874,0.0822281
30.9,1.39867,0.00203428,10.0667,0.187286,21.2,2,225.949,34.4808,34.4803,34.6003,34.64,37.0766,47.0036,1.48164,10.0667,0.00203428,0.00712294,0.0717042
30.92,1.3,0.00189077,10.0667,0.166681,21.2,2,220,34.5967,34.5189,34.6389,34.64,37.0945,47.2042,1.48177,10.0667,0.00189077,0.00662045,0.0666459
30.94,1.20326,0.00175008,10.0667,0.170637,21.2,2,218,34.4821,34.6393,34.6393,34.64,37.1124,47.4048,1.4819,10.0667,0.00175008,0.00612781,0.0616867
30.96,1.1,0.00159989,10.0667,0.197999,21.2,2,216.986,34.5995,34.48,34.64,34.6,37.1303,47.6054,1.48202,10.0667,0.00159989,0.00560192,0.0563927
30.98,1,0.00145444,10.0672,0.222314,21.2,2,216,34.5181,34.48,34.64,34.5962,37.1481,47.8059,1.48212,10.0672,0.00145444,0.00509293,0.0512717
31,0.999497,0.00145371,10.0889,0.213857,21.2,2,214,34.5199,34.6399,34.6001,34.48,37.1659,48.0065,1.48222,10.0889,0.00145371,0.00510133,0.0514668
31.02,0.905036,0.00131632,10.0889,0.167822,21.2,2,213.031,34.478,34.594,34.64,34.48,37.1838,48.2076,1.48232,10.0889,0.00131632,0.00461921,0.0466027
31.04,1,0.00145444,10.0889,0.105478,21.2,2,211.01,34.5171,34.5185,34.6015,34.5956,37.2016,48.4086,1.48242,10.0889,0.00145444,0.0051039,0.0514927
31.06,0.9,0.001309,10.0889,0.0499472,21.3974,2,212,34.5201,34.5202,34.6,34.6399,37.2194,48.6096,1.48252,10.0889,0.001309,0.00459351,0.0463434
31.08,0.900426,0.00130962,10.0889,0.011121,21.6,2,212,34.52,34.5995,34.64,34.6393,37.2372,48.8106,1.48261,10.0889,0.00130962,0.00459568,0.0463653
31.1,1,0.00145444,10.0889,-0.0113916,22.0226,2,212,34.52,34.511,34.6377,34.6468,37.2549,49.0116,1.4827,10.0889,0.00145444,0.0051039,0.0514927
31.12,1,0.00145444,10.0889,-0.0213817,22.9981,2,212,34.6396,34.64,34.64,34.7999,37.2727,49.2126,1.48281,10.0889,0.00145444,0.0051039,0.0514927
31.14,1,0.00145444,10.0889,-0.0217353,23.7966,2,212.983,34.52,34.6385,34.64,34.757,37.2904,49.4136,1.48291,10.0889,0.00145444,0.0051039,0.0514927
31.16,0.901217,0.00131077,10.0889,-0.0124173,24.197,2,214.985,34.6005,34.52,34.68,34.76,37.3081,49.6146,1.48301,10.0889,0.00131077,0.00459972,0.0464061
31.18,0.797889,0.00116048,10.0889,0.009588,24.6058,2,219.029,34.4825,34.5217,34.68,34.7575,37.3258,49.8156,1.48309,10.0889,0.00116048,0.00407234,0.0410854
31.2,0.7,0.00101811,10.0889,0.0483673,24.8,2,221.953,34.6391,34.6,34.68,34.64,37.3434,50.0166,1.48317,10.0889,0.00101811,0.00357273,0.0360448
31.22,0.597417,0.000868908,10.0889,0.104837,24.8,2,228.054,34.5221,34.641,34.76,34.6831,37.3611,50.2176,1.48324,10.0889,0.000868908,0.00304916,0.0307626
31.24,0.5,0.000727221,10.0889,0.169944,24.8,2,231.972,34.6394,34.6406,34.76,34.7606,37.3787,50.4186,1.48329,10.0889,0.000727221,0.00255195,0.0257463
31.26,0.4,0.000581776,10.0893,0.221932,24.8,2,239.968,34.6,34.6415,34.7555,34.76,37.3964,50.6197,1.48334,10.0893,0.000581776,0.00204165,0.0205988
31.28,0.301969,0.000439196,10.1109,0.24122,24.8,2,245.964,34.64,34.64,34.76,34.76,37.414,50.8207,1.48338,10.1109,0.000439196,0.00154458,0.0156171
31.3,0.3,0.000436332,10.1111,0.232926,25.2,2,251.967,34.6019,34.68,34.8,34.8,37.4316,51.0222,1.4834,10.1111,0.000436332,0.00153454,0.0155159
31.32,0.3,0.000436332,10.1111,0.222693,25.2,2,260.028,34.68,34.68,34.7989,34.8011,37.4493,51.2237,1.48343,10.1111,0.000436332,0.00153454,0.0155159
31.34,0.2,0.000290888,10.1111,0.225807,25.2,2,263.99,34.6401,34.7598,34.7601,34.8399,37.4669,51.4252,1.48346,10.1111,0.000290888,0.00102303,0.0103439
31.36,0.2,0.000290888,10.1116,0.229938,25.6,2,273.983,34.68,34.68,34.8,34.8,37.4846,51.6267,1.48348,10.1116,0.000290888,0.00102308,0.0103449
31.38,0.2,0.000290888,10.1332,0.21399,25.6,2,279.972,34.64,34.68,34.7994,34.7612,37.5022,51.8282,1.4835,10.1332,0.000290888,0.00102526,0.0103891
31.4,0.2,0.000290888,10.1333,0.179103,25.6,2,287.956,34.6787,34.6413,34.8013,34.8,37.5199,52.0302,1.48352,10.1333,0.000290888,0.00102528,0.0103895
31.42,0.103836,0.000151024,10.1333,0.150924,25.6,2,292.993,34.68,34.76,34.8385,34.8385,37.5376,52.2321,1.48354,10.1333,0.000151024,0.000532304,0.00539402
31.44,0.1,0.000145444,10.1333,0.153246,25.6,2,302.03,34.68,34.76,34.9189,34.9189,37.5552,52.434,1.48355,10.1333,0.000145444,0.000512638,0.00519473
31.46,0.0988609,0.000143787,10.1333,0.186902,26,2,308.029,34.7602,34.7602,34.8002,34.84,37.5729,52.6359,1.48356,10.1333,0.000143787,0.000506798,0.00513556
31.48,0,0,10.134,0.229831,26.0224,2,314.031,34.7978,34.8,34.8445,34.84,37.5905,52.8379,1.48357,10.134,0,0,0
31.5,-0.00300762,-4.3744e-06,10.1556,0.25771,26.4,2,324,34.8009,34.8205,34.9405,34.9405,37.6082,53.0398,1.48356,10.1556,-4.3744e-06,-1.5452e-05,-0.000156924
31.52,-0.1,-0.000145444,10.1556,0.26825,26.4,2,325.937,34.8013,34.8013,34.9213,34.96,37.6259,53.2422,1.48356,10.1556,-0.000145444,-0.000513762,-0.00521754
31.54,-0.198938,-0.000289344,10.1556,0.275675,26.4,2,331.979,34.8398,34.8395,34.96,35,37.6436,53.4446,1.48354,10.1556,-0.000289344,-0.00102207,-0.0103797
31.56,-0.303337,-0.000441186,10.1559,0.283597,26.4,2,335.939,34.8387,34.8013,34.9613,34.9213,37.6613,53.647,1.48352,10.1559,-0.000441186,-0.00155849,-0.0158279
31.58,-0.404693,-0.000588602,10.1778,0.28404,26.4,2,334.657,34.8438,34.84,35,34.9981,37.679,53.8494,1.48348,10.1778,-0.000588602,-0.00208371,-0.0212075
31.6,-0.5,-0.000727221,10.1778,0.280904,26.4,2,353.004,34.8003,34.9195,35.0005,35,37.6968,54.0522,1.48344,10.1778,-0.000727221,-0.00257443,-0.026202
31.62,-0.503852,-0.000732824,10.1778,0.289245,26.3846,2,359.029,34.8431,34.84,35.0769,35.0046,37.7146,54.2551,1.48338,10.1778,-0.000732824,-0.00259427,-0.0264039
31.64,-0.6,-0.000872665,10.1785,0.310714,26.3747,2,370.079,34.8375,34.9251,35.12,35.16,37.7323,54.4579,1.48333,10.1785,-0.000872665,-0.00308954,-0.0314469
31.66,-0.7,-0.00101811,10.2,0.332447,26,2,369.015,35,34.9998,35.0802,35.1598,37.7501,54.6608,1.48326,10.2,-0.00101811,-0.00361207,-0.0368432
31.68,-0.7,-0.00101811,10.2,0.348073,26,2,374.039,35,34.9606,35.1194,35.1206,37.768,54.8641,1.48319,10.2,-0.00101811,-0.00361207,-0.0368432
31.7,-0.802674,-0.00116744,10.2003,0.35967,26,2,379.025,34.9221,35.08,35.24,35.16,37.7858,55.0673,1.48311,10.2003,-0.00116744,-0.004142,-0.0422496
31.72,-0.9,-0.001309,10.2218,0.368642,26,2,381.929,35.1157,35.0028,35.1628,35.2372,37.8037,55.2706,1.48302,10.2218,-0.001309,-0.00465403,-0.0475726
31.74,-1,-0.00145444,10.2222,0.379776,26,2,386.977,35.0409,35.1777,35.2595,35.24,37.8217,55.4744,1.48292,10.2222,-0.00145444,-0.00517135,-0.0528627
31.76,-1,-0.00145444,10.2222,0.399629,26,2,388,35.12,35.1238,35.2408,35.2777,37.8396,55.6781,1.48282,10.2222,-0.00145444,-0.00517135,-0.0528627
31.78,-1.1,-0.00159989,10.2444,0.428507,26,2,390.058,35.12,35.0031,35.28,35.28,37.8576,55.8818,1.48271,10.2444,-0.00159989,-0.00570085,-0.0584021
31.8,-1.1,-0.00159989,10.2444,0.463211,26,2,395.906,35.0028,35.16,35.28,35.28,37.8757,56.086,1.4826,10.2444,-0.00159989,-0.00570085,-0.0584021
31.82,-1.1,-0.00159989,10.2446,0.492238,26.2023,2,395.034,36.0775,36.0386,35.3206,35.3206,37.8937,56.2902,1.48248,10.2446,-0.00159989,-0.00570091,-0.0584033
31.84,-1.10593,-0.00160851,10.2674,0.491164,26.4,2,401.008,35.496,35.7031,35.44,35.4424,37.9118,56.4944,1.48237,10.2674,-0.00160851,-0.00574439,-0.0589797
31.86,-1.2,-0.00174533,10.2889,0.450338,26.2009,2,404,35.4801,35.4001,35.4,35.44,37.93,56.699,1.48225,10.2889,-0.00174533,-0.00624609,-0.0642654
31.88,-1.2,-0.00174533,10.2889,0.39932,25.7933,2,406,35.7863,35.7492,35.2829,35.398,37.9482,56.9041,1.48212,10.2889,-0.00174533,-0.00624609,-0.0642654
31.9,-1.29797,-0.00188782,10.2889,0.379995,25.2081,2,406,34.7697,35.1241,35.4784,35.4768,37.9664,57.1091,1.48199,10.2889,-0.00188782,-0.00675604,-0.0695122
31.92,-1.3,-0.00189077,10.2891,0.403368,25.6,2,410,35.6366,35.4783,35.48,35.56,37.9847,57.3142,1.48186,10.2891,-0.00189077,-0.00676676,-0.0696241
31.94,-1.4,-0.00203622,10.3111,0.446546,25.6,2,410,35.1639,35.3253,35.5613,35.6,38.003,57.5192,1.48172,10.3111,-0.00203622,-0.00730285,-0.0753005
31.96,-1.4,-0.00203622,10.3111,0.48111,25.6,2,410,35.4728,35.48,35.5614,35.4843,38.0214,57.7247,1.48157,10.3111,-0.00203622,-0.00730285,-0.0753005
31.98,-1.4,-0.00203622,10.3333,0.492172,26,2,411.014,35.4002,35.6399,35.6001,35.5602,38.0398,57.9302,1.48142,10.3333,-0.00203622,-0.00731859,-0.0756254
32,-1.4,-0.00203622,10.3333,0.479778,25.6138,2,412,35.4785,35.6007,35.6393,35.6385,38.0582,58.1361,1.48128,10.3333,-0.00203622,-0.00731859,-0.0756254
32.02,-1.4,-0.00203622,10.3556,0.457157,25.6,2,410.996,35.4402,35.6002,35.6406,35.7598,38.0767,58.3421,1.48113,10.3556,-0.00203622,-0.00733433,-0.075951
32.04,-1.4,-0.00203622,10.3556,0.44568,25.6,2,412,35.48,35.6373,35.76,35.7214,38.0953,58.5484,1.48098,10.3556,-0.00203622,-0.00733433,-0.075951
32.06,-1.4,-0.00203622,10.3556,0.458503,25.6,2,412,35.48,35.5987,35.7213,35.7987,38.1139,58.7548,1.48084,10.3556,-0.00203622,-0.00733433,-0.075951
32.08,-1.3,-0.00189077,10.3774,0.489014,25.6,2,412,35.5612,35.6447,35.4847,35.4459,38.1325,58.9612,1.48069,10.3774,-0.00189077,-0.00682484,-0.0708245
32.1,-1.19649,-0.00174022,10.3781,0.521507,25.6,2,410.064,35.5614,35.6014,35.8028,36.0203,38.1512,59.168,1.48056,10.3781,-0.00174022,-0.00628184,-0.0651938
32.12,-1.1,-0.00159989,10.3996,0.545783,25.6,2,408.136,35.6386,35.7559,35.3004,35.5959,38.17,59.3748,1.48044,10.3996,-0.00159989,-0.00578719,-0.0601845
32.14,-1,-0.00145444,10.4,0.558276,25.6,2,415.893,35.6397,35.6002,36.5188,36.639,38.1887,59.582,1.48033,10.4,-0.00145444,-0.00526129,-0.0547174
32.16,-0.8,-0.00116355,10.4222,0.558037,25.6,2,413.044,35.76,35.877,35.7554,35.9893,38.2076,59.7893,1.48023,10.4222,-0.00116355,-0.00421802,-0.0439612
32.18,-0.703192,-0.00102275,10.4222,0.544992,25.6,2,410,35.7562,35.7974,35.9923,35.92,38.2264,59.997,1.48016,10.4222,-0.00102275,-0.0037076,-0.0386414
32.2,-0.6,-0.000872665,10.4444,0.520097,25.6,2,410,35.88,35.8833,36.0778,36.0789,38.2453,60.2047,1.48009,10.4444,-0.000872665,-0.00317026,-0.0331116
32.22,-0.503074,-0.000731691,10.4444,0.487235,25.6,2,410,35.7637,35.8837,35.9225,35.9237,38.2642,60.4128,1.48003,10.4444,-0.000731691,-0.00265813,-0.0277626
32.24,-0.402772,-0.000585808,10.4663,0.45688,25.6,2,408,35.7994,35.9182,36.0394,36.0394,38.2832,60.621,1.47998,10.4663,-0.000585808,-0.00213261,-0.0223206
32.26,-0.4,-0.000581776,10.4667,0.444752,25.6,2,408,35.88,36.0375,36.0392,36.0792,38.3022,60.8295,1.47994,10.4667,-0.000581776,-0.002118,-0.0221684
32.28,-0.4,-0.000581776,10.4667,0.457876,25.6,2,408,35.88,35.92,36.0386,36.0014,38.3212,61.0381,1.4799,10.4667,-0.000581776,-0.002118,-0.0221684
32.3,-0.4,-0.000581776,10.4889,0.484302,25.3965,2,406,35.9607,35.6786,36.1803,36.2197,38.3402,61.2466,1.47986,10.4889,-0.000581776,-0.0021225,-0.0222627
32.32,-0.4,-0.000581776,10.4889,0.503908,25.2,2,406,36.0768,36.2915,36.2,36.2,38.3593,61.4556,1.47981,10.4889,-0.000581776,-0.0021225,-0.0222627
32.34,-0.302908,-0.000440562,10.5108,0.503318,24.8116,2,406,35.9219,36.3238,36.2,36.1613,38.3783,61.6646,1.47978,10.5108,-0.000440562,-0.00161066,-0.0169292
32.36,-0.3,-0.000436332,10.5111,0.479558,25.2,2,404,36.0801,36.3195,36.24,36.16,38.3975,61.8741,1.47975,10.5111,-0.000436332,-0.00159525,-0.0167678
32.38,-0.196765,-0.000286184,10.5333,0.440913,24.8,2,400.963,36.0013,36.3509,36.2013,36.2,38.4166,62.0835,1.47972,10.5333,-0.000286184,-0.00104851,-0.0110443
32.4,-0.001263,-1.83696e-06,10.5333,0.404833,24.8,2,400,36.1585,35.922,36.319,36.2395,38.4358,62.2934,1.4797,10.5333,-1.83696e-06,-6.7302e-06,-7.08914e-05
32.42,0.1,0.000145444,10.5337,0.385019,23.5994,2,398.999,35.5668,36.04,36.36,36.3223,38.4549,62.5033,1.47971,10.5337,0.000145444,0.00053289,0.00561328
32.44,0.2,0.000290888,10.5556,0.384122,22.5956,2,394.978,36.1226,36.2418,36.3396,36.48,38.4741,62.7132,1.47973,10.5556,0.000290888,0.001068,0.0112733
32.46,0.2,0.000290888,10.5556,0.402603,22.0131,2,391.965,36.7817,36.0879,36.2426,36.3639,38.4933,62.9235,1.47975,10.5556,0.000290888,0.001068,0.0112733
32.48,0.29939,0.000435445,10.5556,0.438385,22.4,2,386.979,35.7613,36.4792,36.4801,36.3998,38.5125,63.1338,1.47978,10.5556,0.000435445,0.00159875,0.0168758
32.5,0.2,0.000290888,10.5776,0.477667,22.4,2,382.975,36.1956,36.2028,36.5196,36.3208,38.5317,63.3441,1.47981,10.5776,0.000290888,0.00107022,0.0113203
32.52,0.0972879,0.000141499,10.5781,0.502446,22.4,2,374.981,36.4186,36.3809,36.52,36.48,38.5509,63.5549,1.47982,10.5781,0.000141499,0.000520624,0.0055072
32.54,-0.1,-0.000145444,10.6,0.503952,22.4,2,367.033,36.2519,36.2017,36.56,36.4817,38.5702,63.7657,1.47983,10.6,-0.000145444,-0.000536246,-0.00568421
32.56,-0.198854,-0.000289221,10.6,0.48507,22.4,2,355.004,36.3228,36.7982,36.6391,36.64,38.5894,63.9769,1.47981,10.6,-0.000289221,-0.00106635,-0.0113033
32.58,-0.3,-0.000436332,10.6222,0.45939,22.4,2,354.004,36.2501,36.515,36.64,36.3784,38.6087,64.1881,1.47978,10.6222,-0.000436332,-0.00161211,-0.0171242
32.6,-0.3,-0.000436332,10.6222,0.447235,22.4,2,358.09,36.3614,36.4786,36.6396,35.8808,38.628,64.3998,1.47975,10.6222,-0.000436332,-0.00161211,-0.0171242
32.62,0.00666026,9.68695e-06,10.6226,0.460531,22.4,2,342,36.1653,36.8,36.68,36.6787,38.6474,64.6114,1.47972,10.6226,9.68695e-06,3.57915e-05,0.000380199
32.64,0.410871,0.000597587,10.6444,0.491846,22.4,2,333.996,36.4087,36.3157,36.6735,37.0226,38.6667,64.8231,1.47974,10.6444,0.000597587,0.00221252,0.023551
32.66,0.799903,0.00116341,10.6444,0.524423,22.4,2,319.011,36.56,36.8399,36.7999,36.68,38.686,65.0352,1.47981,10.6444,0.00116341,0.00430743,0.0458502
32.68,1.00402,0.00146028,10.6667,0.545982,22.4,2,326.995,36.6464,36.6752,36.96,36.808,38.7054,65.2473,1.47991,10.6667,0.00146028,0.00541786,0.0577905
32.7,1.29951,0.00189006,10.6667,0.550288,22.4,2,317.004,36.8397,36.8796,37.0004,37.0398,38.7247,65.4599,1.48003,10.6667,0.00189006,0.00701241,0.074799
32.72,1.40414,0.00204224,10.6889,0.534239,22.4,2,315.06,36.8783,36.7901,36.0681,36.9534,38.7441,65.6724,1.48018,10.6889,0.00204224,0.00759279,0.0811585
32.74,1.5,0.00218166,10.689,0.497564,22.4,2,302.016,36.72,36.5607,36.7211,36.7988,38.7634,65.8855,1.48034,10.689,0.00218166,0.00811123,0.0867008
32.76,1.39549,0.00202965,10.7111,0.445706,22.4,2,303.009,36.7236,36.7453,36.96,36.5272,38.7827,66.0985,1.4805,10.7111,0.00202965,0.00756169,0.0809941
32.78,1.20295,0.00174963,10.7111,0.389624,22.4,2,296.979,36.5247,36.6942,36.8095,36.7235,38.802,66.3119,1.48064,10.7111,0.00174963,0.00651842,0.0698195
32.8,1.09747,0.00159621,10.7114,0.3356,22.4,2,291.074,36.762,36.246,36.7815,36.917,38.8213,66.5253,1.48077,10.7114,0.00159621,0.00594699,0.0637005
32.82,0.902787,0.00131305,10.733,0.282156,22.4,2,286.962,36.7233,37.1022,36.9955,36.8389,38.8406,66.7388,1.48088,10.733,0.00131305,0.00490191,0.0526122
32.84,0.8,0.00116355,10.7333,0.235463,22.4,2,286.018,36.7984,36.4816,36.88,36.9578,38.8598,66.9526,1.48097,10.7333,0.00116355,0.00434393,0.0466249
32.86,0.8,0.00116355,10.7333,0.212204,22.4,2,292.898,36.8357,36.73,37.0429,36.95,38.8791,67.1665,1.48105,10.7333,0.00116355,0.00434393,0.0466249
32.88,0.8,0.00116355,10.7333,0.216348,22.5963,2,287.889,36.7971,36.6849,37.16,37.1181,38.8983,67.3803,1.48114,10.7333,0.00116355,0.00434393,0.0466249
32.9,0.803726,0.00116897,10.7337,0.224895,22.5932,2,279.932,36.84,36.686,37.154,36.6964,38.9175,67.5942,1.48123,10.7337,0.00116897,0.00436432,0.0468454
32.92,0.9,0.001309,10.7552,0.207198,22.4,2,287.511,36.84,36.84,37,37.0422,38.9367,67.808,1.48132,10.7552,0.001309,0.0048969,0.0526673
32.94,0.9,0.001309,10.7556,0.156054,22.4,2,270.804,36.8804,36.8398,36.8002,36.7219,38.9559,68.0223,1.48142,10.7556,0.001309,0.00489704,0.0526704
32.96,1,0.00145444,10.7556,0.0913663,22.4,2,274,36.7228,36.8358,36.6842,36.8028,38.9751,68.2366,1.48152,10.7556,0.00145444,0.00544116,0.0585227
32.98,1,0.00145444,10.7556,0.0373393,22.4,2,272,36.8021,36.7969,36.879,36.88,38.9943,68.4509,1.48163,10.7556,0.00145444,0.00544116,0.0585227
33,0.796975,0.00115915,10.7556,0.00749241,22.8,2,267.94,36.7006,36.8,36.9418,37.0048,39.0135,68.6651,1.48173,10.7556,0.00115915,0.00433647,0.0466411
33.02,0.7,0.00101811,10.7556,0.00671612,22.8,2,270.985,36.836,36.8387,37,36.812,39.0326,68.8794,1.48181,10.7556,0.00101811,0.00380881,0.0409659
33.04,0.498226,0.00072464,10.7556,0.0360161,22.8,2,270.972,36.8003,36.8397,36.9613,36.4074,39.0517,69.0936,1.48188,10.7556,0.00072464,0.00271092,0.0291575
33.06,0.4,0.000581776,10.7556,0.0925613,22.8,2,266.899,36.8389,36.8011,37.1158,37.2567,39.0708,69.3079,1.48192,10.7556,0.000581776,0.00217646,0.0234091
33.08,0.405486,0.000589755,10.7556,0.164803,22.4,2,278.765,36.8,36.919,37.079,37.5663,39.0899,69.5222,1.48197,10.7556,0.000589755,0.00220631,0.0237301
33.1,0.601196,0.000874404,10.7557,0.229753,22.4,2,267.981,36.9595,36.96,37.0405,36.9998,39.109,69.7365,1.48202,10.7557,0.000874404,0.00327124,0.0351844
33.12,0.804912,0.0011707,10.7778,0.266804,22.4196,2,266,36.8839,36.96,37.12,36.9718,39.128,69.9508,1.48209,10.7778,0.0011707,0.0043887,0.0473005
33.14,0.999141,0.00145319,10.7778,0.278525,22.8,2,269.023,36.9603,36.9603,37.0407,37.12,39.1471,70.1656,1.48219,10.7778,0.00145319,0.00544772,0.0587143
33.16,1.00403,0.0014603,10.7778,0.283719,22.4,2,264,36.8832,36.9616,37.1216,37.0432,39.1662,70.3803,1.4823,10.7778,0.0014603,0.00547435,0.0590013
33.18,1.1,0.00159989,10.7778,0.289239,22.5967,2,264,36.9612,36.9606,37.1606,37.0419,39.1852,70.5951,1.48242,10.7778,0.00159989,0.00599764,0.0646413
33.2,1.1,0.00159989,10.8,0.288579,22.4,2,264,36.8829,36.9657,37.1643,37.16,39.2042,70.8099,1.48254,10.8,0.00159989,0.00601001,0.0649081
33.22,1.1,0.00159989,10.8,0.286001,22.4,2,264,37.0032,37.0421,37.2,37.16,39.2233,71.0251,1.48266,10.8,0.00159989,0.00601001,0.0649081
33.24,1.1,0.00159989,10.8,0.296306,22.4,2,262,37,37.1187,37.2,37.16,39.2423,71.2403,1.48278,10.8,0.00159989,0.00601001,0.0649081
33.26,1.1,0.00159989,10.8001,0.319457,22.4,2,262,37.1197,37.12,37.2003,37.1602,39.2613,71.4555,1.4829,10.8001,0.00159989,0.00601006,0.0649092
33.28,1.00333,0.00145928,10.8218,0.338468,22.4,2,262,37.0414,37.12,37.2786,37.1993,39.2802,71.6708,1.48302,10.8218,0.00145928,0.00549291,0.0594434
33.3,1,0.00145444,10.8222,0.341083,22.4,2,260.981,37.1596,37.1596,37.2008,37.2792,39.2992,71.8864,1.48312,10.8222,0.00145444,0.00547489,0.0592504
33.32,1,0.00145444,10.8222,0.324033,22.4,2,260,37.121,37.121,37.278,37.202,39.3181,72.1021,1.48323,10.8222,0.00145444,0.00547489,0.0592504
33.34,0.9,0.001309,10.8444,0.287296,22.4,2,260,37.2,37.2406,37.28,37.2394,39.337,72.3178,1.48334,10.8444,0.001309,0.00493751,0.0535446
33.36,0.998577,0.00145237,10.8444,0.2432,22.4,2,259.013,37.1594,37.12,37.3183,37.2,39.356,72.5339,1.48344,10.8444,0.00145237,0.00547832,0.0594093
33.38,0.996259,0.001449,10.8444,0.215398,22.4,2,258,37.123,37.1615,37.3185,37.2,39.3749,72.75,1.48355,10.8444,0.001449,0.0054656,0.0592714
33.4,0.902316,0.00131236,10.8444,0.213834,22.4,2,258,37.1403,37.1803,37.3003,37.381,39.3938,72.9661,1.48366,10.8444,0.00131236,0.00495022,0.0536824
33.42,1,0.00145444,10.8444,0.220395,22.4,2,258,37.16,37.2,37.2815,37.3244,39.4127,73.1823,1.48376,10.8444,0.00145444,0.00548613,0.059494
33.44,1,0.00145444,10.8667,0.20916,22.4,2,256.959,37.2,37.2,37.28,37.28,39.4315,73.3984,1.48387,10.8667,0.00145444,0.00549737,0.0597381
33.46,1,0.00145444,10.8667,0.178144,22.4,2,257.018,37.16,37.2,37.3213,37.3213,39.4504,73.6149,1.48398,10.8667,0.00145444,0.00549737,0.0597381
33.48,1,0.00145444,10.8667,0.151457,22.4,2,257.019,37.2588,37.32,37.32,37.3788,39.4692,73.8315,1.48409,10.8667,0.00145444,0.00549737,0.0597381
33.5,1,0.00145444,10.8667,0.152024,22.4,2,256,37.2,37.2392,37.3396,37.3992,39.488,74.048,1.4842,10.8667,0.00145444,0.00549737,0.0597381
33.52,1,0.00145444,10.8667,0.179873,22.4,2,256,37.3188,37.3235,37.36,37.4365,39.5068,74.2646,1.48431,10.8667,0.00145444,0.00549737,0.0597381
33.54,1.1,0.00159989,10.867,0.212166,22.4,2,256,37.2391,37.2213,37.36,37.3787,39.5256,74.4811,1.48442,10.867,0.00159989,0.00604729,0.0657158
33.56,1.1,0.00159989,10.8884,0.224499,22.4,2,256,37.3152,37.3568,37.4368,37.4352,39.5443,74.6977,1.48455,10.8884,0.00159989,0.00605921,0.0659752
33.58,1.1,0.00159989,10.8889,0.217399,22.4,2,256,37.2407,37.2611,37.44,37.4211,39.5631,74.9147,1.48467,10.8889,0.00159989,0.00605947,0.0659809
33.6,1.1,0.00159989,10.8889,0.214302,22.4,2,256,37.3581,37.4372,37.5181,37.5191,39.5818,75.1317,1.48479,10.8889,0.00159989,0.00605947,0.0659809
33.62,1.1,0.00159989,10.8889,0.23103,22.4,2,254.999,37.36,37.36,37.44,37.44,39.6005,75.3487,1.48491,10.8889,0.00159989,0.00605947,0.0659809
33.64,1.2,0.00174533,10.8895,0.257231,22.4,2,256,37.3578,37.3643,37.4822,37.4778,39.6191,75.5658,1.48503,10.8895,0.00174533,0.00661072,0.0719875
33.66,1.2,0.00174533,10.9111,0.272589,22.4,2,254,37.48,37.32,37.52,37.5201,39.6378,75.7828,1.48517,10.9111,0.00174533,0.00662383,0.0722733
33.68,1.29703,0.00188646,10.9111,0.273611,22.4,2,255.017,37.48,37.32,37.52,37.5988,39.6564,76.0003,1.4853,10.9111,0.00188646,0.00715944,0.0781174
33.7,1.3,0.00189077,10.9111,0.270369,22.4,2,254,37.4595,37.4605,37.52,37.5219,39.6751,76.2178,1.48545,10.9111,0.00189077,0.00717581,0.0782961
33.72,1.3,0.00189077,10.9111,0.260994,22.4,2,254,37.44,37.4382,37.5974,37.5218,39.6937,76.4352,1.48559,10.9111,0.00189077,0.00717581,0.0782961
33.74,1.4,0.00203622,10.9329,0.232608,22.4,2,254,37.44,37.4793,37.5214,37.52,39.7122,76.6527,1.48574,10.9329,0.00203622,0.00774326,0.0846566
33.76,1.4,0.00203622,10.9333,0.188676,22.4,2,254,37.4392,37.4004,37.6,37.5002,39.7308,76.8706,1.4859,10.9333,0.00203622,0.00774354,0.0846627
33.78,1.4,0.00203622,10.9333,0.154242,22.4,2,254,37.36,37.5175,37.6388,37.5975,39.7493,77.0886,1.48605,10.9333,0.00203622,0.00774354,0.0846627
33.8,1.5,0.00218166,10.9333,0.151405,22.4,2,254,37.5195,37.48,37.6,37.6779,39.7678,77.3065,1.48621,10.9333,0.00218166,0.00829665,0.09071
33.82,1.5,0.00218166,10.9333,0.178891,22.4,2,254,37.4806,37.48,37.6,37.5226,39.7863,77.5244,1.48638,10.9333,0.00218166,0.00829665,0.09071
33.84,1.6,0.00232711,10.9335,0.212392,22.4,2,254,37.48,37.5196,37.68,37.6008,39.8047,77.7423,1.48655,10.9335,0.00232711,0.00884994,0.0967612
33.86,1.69609,0.00246686,10.9551,0.225934,22.4,2,254,37.48,37.4808,37.68,37.6784,39.8231,77.9603,1.48673,10.9551,0.00246686,0.00939991,0.102977
33.88,1.7,0.00247255,10.9556,0.218453,22.4,2,254,37.6195,37.52,37.6,37.6595,39.8414,78.1786,1.48692,10.9556,0.00247255,0.00942199,0.103223
33.9,1.7,0.00247255,10.9556,0.211837,22.4,2,254,37.5213,37.52,37.6787,37.6793,39.8598,78.397,1.48711,10.9556,0.00247255,0.00942199,0.103223
33.92,1.7,0.00247255,10.9556,0.220493,22.4,2,254,37.4999,37.5396,37.6601,37.6599,39.8781,78.6154,1.4873,10.9556,0.00247255,0.00942199,0.103223
33.94,1.69646,0.00246739,10.956,0.233217,22.6025,2,254,37.6198,37.519,37.7195,37.6602,39.8963,78.8338,1.48749,10.956,0.00246739,0.0094027,0.103016
33.96,1.6,0.00232711,10.9776,0.230675,22.4,2,254,37.52,37.5609,37.76,37.7172,39.9146,79.0522,1.48767,10.9776,0.00232711,0.00888559,0.0975425
33.98,1.59661,0.00232218,10.9778,0.214736,22.4,2,254,37.6194,37.6206,37.7989,37.7806,39.9328,79.2711,1.48785,10.9778,0.00232218,0.00886692,0.0973391
34,1.5,0.00218166,10.9778,0.208438,22.4,2,254,37.6,37.6794,37.76,37.8,39.951,79.4899,1.48802,10.9778,0.00218166,0.00833038,0.091449
34.02,1.5,0.00218166,10.9778,0.226508,22.4,2,254,37.6986,37.6605,37.7805,37.7805,39.9691,79.7087,1.48819,10.9778,0.00218166,0.00833038,0.091449
34.04,1.40367,0.00204156,10.9778,0.257095,22.4,2,254,37.5244,37.68,37.8,37.7615,39.9872,79.9276,1.48835,10.9778,0.00204156,0.0077954,0.0855761
34.06,1.5,0.00218166,11,0.277964,22.4,2,254,37.36,37.4401,37.8,37.92,40.0053,80.1465,1.48851,11,0.00218166,0.00834724,0.0918196
34.08,1.5,0.00218166,11,0.283632,22.4,2,254,37.2032,38.1064,37.8,37.8416,40.0233,80.3658,1.48868,11,0.00218166,0.00834724,0.0918196
34.1,1.40129,0.00203809,11,0.282252,22.8,2,254,38.8015,36.7334,37.8005,37.8,40.0414,80.5851,1.48884,11,0.00203809,0.00779794,0.0857773
34.12,1.2975,0.00188714,11.0003,0.269627,22.8,2,255.007,36.8588,37.8839,37.9801,37.6794,40.0594,80.8044,1.48899,11.0003,0.00188714,0.00722055,0.0794281
34.14,1.1,0.00159989,11.0222,0.229908,22.6028,2,256,37.3555,38.2445,37.9972,37.6843,40.0773,81.0237,1.48913,11.0222,0.00159989,0.00613367,0.0676067
34.16,1.1,0.00159989,11.0222,0.16332,22.4,2,256,37.2173,37.8163,37.9946,37.84,40.0953,81.2435,1.48924,11.0222,0.00159989,0.00613367,0.0676067
34.18,1.20363,0.00175062,11.0222,0.0927542,21.2,2,255.019,37.5533,38.123,37.8007,37.8196,40.1132,81.4632,1.48937,11.0222,0.00175062,0.00671155,0.0739762
34.2,1.39858,0.00203415,11.0222,0.042959,21.2,2,254,37.6863,37.5189,37.6817,37.9189,40.1312,81.683,1.48951,11.0222,0.00203415,0.00779857,0.0859576
34.22,1.7,0.00247255,11.0222,0.0265363,21.2127,2,253.001,37.4838,38,37.92,37.8013,40.149,81.9027,1.48968,11.0222,0.00247255,0.00947932,0.104483
34.24,1.90195,0.00276627,11.0222,0.045569,21.6078,2,251.961,37.92,37.539,37.8,37.9803,40.1669,82.1224,1.48988,11.0222,0.00276627,0.0106054,0.116895
34.26,2.19369,0.00319059,11.0222,0.0943337,22,2,250,37.765,37.7899,37.8387,37.9613,40.1847,82.3422,1.49011,11.0222,0.00319059,0.0122322,0.134826
34.28,2.40216,0.0034938,11.0222,0.156448,22,2,248,37.8809,37.7173,37.8986,37.9014,40.2024,82.5619,1.49037,11.0222,0.0034938,0.0133947,0.147639
34.3,2.59727,0.00377757,11.0222,0.20384,22,2,246.055,37.7644,37.7556,37.84,37.96,40.2201,82.7817,1.49065,11.0222,0.00377757,0.0144826,0.15963
34.32,2.8,0.00407243,11.0444,0.212761,21.999,2,244.976,37.9434,37.7581,37.959,37.8781,40.2377,83.0014,1.49095,11.0444,0.00407243,0.0156445,0.172785
34.34,2.89952,0.00421718,11.0444,0.188145,21.6,2,244,37.9208,37.68,37.5219,38.2379,40.2553,83.2217,1.49127,11.0444,0.00421718,0.0162006,0.178926
34.36,2.9,0.00421788,11.0444,0.161594,22,2,245.851,37.5304,37.9155,36.9128,37.7913,40.2728,83.4419,1.4916,11.0444,0.00421788,0.0162033,0.178956
34.38,2.70002,0.00392702,11.0444,0.162321,22.1989,2,241.005,37.9003,37.8597,38.0765,38.3209,40.2903,83.6621,1.49192,11.0444,0.00392702,0.0150859,0.166615
34.4,2.39473,0.00348299,11.0444,0.194755,22.4,2,242.316,37.7621,37.96,39.3895,37.0864,40.3076,83.8824,1.4922,11.0444,0.00348299,0.0133801,0.147776
34.42,2.3,0.00334521,11.0444,0.238027,22.4,2,241.072,37.92,37.84,37.7633,38.2382,40.325,84.1026,1.49246,11.0444,0.00334521,0.0128508,0.14193
34.44,2.19665,0.0031949,11.0667,0.266581,22,2,238,37.9795,37.9405,37.9646,38.1814,40.3422,84.3229,1.49271,11.0667,0.0031949,0.0122981,0.136099
34.46,2.1,0.00305433,11.0667,0.275421,22,2,238.971,37.9212,37.9588,38.1237,37.9212,40.3595,84.5436,1.49295,11.0667,0.00305433,0.011757,0.130111
34.48,2,0.00290888,11.0667,0.275507,22,2,238,37.9632,37.9984,38.156,38.0784,40.3767,84.7643,1.49318,11.0667,0.00290888,0.0111971,0.123915
34.5,2,0.00290888,11.0667,0.266741,22,2,238,37.9638,37.8419,38.0772,38,40.3938,84.985,1.4934,11.0667,0.00290888,0.0111971,0.123915
34.52,2,0.00290888,11.0889,0.237961,22,2,236,37.96,37.8991,38.08,38,40.4109,85.2058,1.49363,11.0889,0.00290888,0.0112196,0.124413
34.54,2,0.00290888,11.0889,0.193959,22,2,235.012,37.9575,37.8127,38.0851,38.0825,40.428,85.4269,1.49385,11.0889,0.00290888,0.0112196,0.124413
34.56,2,0.00290888,11.0889,0.160144,22,2,235.98,37.9802,38.079,38.0405,38.1205,40.445,85.6481,1.49408,11.0889,0.00290888,0.0112196,0.124413
34.58,2,0.00290888,11.0889,0.157435,22,2,236,38.0784,37.9216,37.9625,38.0816,40.462,85.8693,1.4943,11.0889,0.00290888,0.0112196,0.124413
34.6,2,0.00290888,11.0889,0.181888,22,2,236,37.9612,38.0581,38.1625,38.0619,40.4789,86.0904,1.49452,11.0889,0.00290888,0.0112196,0.124413
34.62,2,0.00290888,11.0889,0.205524,22,2,236,38.0776,37.9612,37.9683,38.1588,40.4958,86.3116,1.49475,11.0889,0.00290888,0.0112196,0.124413
34.64,2,0.00290888,11.1111,0.198973,22,2,234.994,38.0203,38.0597,38.0398,38.08,40.5126,86.5328,1.49497,11.1111,0.00290888,0.0112421,0.124912
34.66,1.90372,0.00276885,11.1111,0.160521,22,2,233.012,38.1185,37.9615,38.1155,38.1185,40.5294,86.7544,1.4952,11.1111,0.00276885,0.0107009,0.118899
34.68,1.7,0.00247255,11.1111,0.11741,22,2,232.028,37.9591,38.0783,38.16,38.0996,40.5462,86.976,1.4954,11.1111,0.00247255,0.00955577,0.106175
34.7,1.60195,0.00232995,11.1111,0.099603,22,2,234,38.0769,37.9608,38.16,38.1584,40.5629,87.1976,1.49558,11.1111,0.00232995,0.00900464,0.100052
34.72,1.4,0.00203622,11.1111,0.120248,22,2,233.944,38,38.0597,38.2794,38.2599,40.5796,87.4193,1.49576,11.1111,0.00203622,0.00786945,0.0874383
34.74,1.2973,0.00188684,11.1111,0.171537,22,2,232.979,38.0811,38.16,38.24,38.28,40.5962,87.6409,1.4959,11.1111,0.00188684,0.00729214,0.0810238
34.76,1.2,0.00174533,11.1111,0.227873,22,2,232,38.0809,38.16,38.1228,38.2409,40.6128,87.8625,1.49604,11.1111,0.00174533,0.00674524,0.0749471
34.78,1.09775,0.00159661,11.1333,0.263584,22,2,232,38.1591,38.24,38.3973,38.2418,40.6294,88.0842,1.49617,11.1333,0.00159661,0.00618282,0.0688354
34.8,1,0.00145444,11.1333,0.275862,22,2,232,38.0805,38.1611,38.28,38.32,40.646,88.3063,1.49629,11.1333,0.00145444,0.00563227,0.062706
34.82,0.9,0.001309,11.1333,0.278718,22,2,231.012,38.2784,38.16,38.3184,38.3889,40.6626,88.5284,1.4964,11.1333,0.001309,0.00506905,0.0564354
34.84,0.9,0.001309,11.1333,0.275084,22,2,230,38.1593,38.24,38.2821,38.2807,40.6791,88.7505,1.4965,11.1333,0.001309,0.00506905,0.0564354
34.86,0.9,0.001309,11.1556,0.256051,22,2,230,38.2596,38.16,38.3004,38.28,40.6956,88.9726,1.4966,11.1556,0.001309,0.00507916,0.0566609
34.88,0.9,0.001309,11.1556,0.22679,22,2,230,38.1242,38.2758,38.2814,38.28,40.7122,89.1951,1.4967,11.1556,0.001309,0.00507916,0.0566609
34.9,1,0.00145444,11.1556,0.209453,22,2,230,38.1992,38.2008,38.3413,38.3004,40.7287,89.4177,1.49681,11.1556,0.00145444,0.00564352,0.0629566
34.92,1.09722,0.00159584,11.1556,0.215874,22,2,230,38.16,38.3956,38.4,38.3978,40.7452,89.6402,1.49692,11.1556,0.00159584,0.00619218,0.0690773
34.94,1.1,0.00159989,11.156,0.231467,22,2,229.02,38.2596,38.2604,38.2996,38.3412,40.7616,89.8628,1.49705,11.156,0.00159989,0.00620809,0.0692572
34.96,1.1,0.00159989,11.1775,0.233668,22,2,228.983,38.2409,38.3972,38.4391,38.44,40.7781,90.0853,1.49717,11.1775,0.00159989,0.0062201,0.0695254
34.98,1.10349,0.00160495,11.1778,0.221171,22,2,230,38.28,38.3605,38.3807,38.48,40.7945,90.3083,1.4973,11.1778,0.00160495,0.00623994,0.0697487
35,1.2,0.00174533,11.1778,0.213446,22,2,230,38.28,38.32,38.4201,38.4599,40.8109,90.5313,1.49743,11.1778,0.00174533,0.00678571,0.0758492
35.02,1.2,0.00174533,11.1778,0.22105,22,2,228,38.4,38.3964,38.4018,38.44,40.8273,90.7543,1.49757,11.1778,0.00174533,0.00678571,0.0758492
35.04,1.1027,0.00160381,11.1778,0.22795,22,2,228,38.2832,38.32,38.3232,38.4789,40.8436,90.9773,1.4977,11.1778,0.00160381,0.0062355,0.0696991
35.06,1.19863,0.00174334,11.2,0.209877,22,2,228,38.2403,38.2803,38.4797,38.4397,40.8599,91.2003,1.49782,11.2,0.00174334,0.00679146,0.0760644
35.08,1.1,0.00159989,11.2,0.165796,22,2,228,38.2796,38.3196,38.4404,38.4004,40.8762,91.4238,1.49796,11.2,0.00159989,0.0062326,0.0698051
35.1,1.1,0.00159989,11.2,0.121192,22,2,228,38.342,38.502,38.48,38.56,40.8925,91.6472,1.49808,11.2,0.00159989,0.0062326,0.0698051
35.12,1.1,0.00159989,11.2,0.102972,22,2,228,38.4,38.56,38.4412,38.4823,40.9088,91.8706,1.49821,11.2,0.00159989,0.0062326,0.0698051
35.14,1.1,0.00159989,11.2,0.120468,22,2,228,37.9607,38.0797,38.44,38.4002,40.925,92.0941,1.49833,11.2,0.00159989,0.0062326,0.0698051
35.16,0.996044,0.00144869,11.2,0.1617,22,2,228,38.7521,38.9184,38.4784,38.44,40.9412,92.3175,1.49845,11.2,0.00144869,0.00564359,0.0632082
35.18,0.802014,0.00116648,11.2,0.197473,22,2,228,38.2598,38.381,38.5204,38.56,40.9574,92.541,1.49856,11.2,0.00116648,0.00454421,0.0508951
35.2,0.8,0.00116355,11.2222,0.201175,22.38,2,228,38.3804,38.5184,38.5203,38.5203,40.9736,92.7644,1.49864,11.2222,0.00116355,0.00454179,0.050969
35.22,0.8,0.00116355,11.2222,0.175433,22,2,228,38.0836,38.563,38.5588,38.5588,40.9898,92.9883,1.49873,11.2222,0.00116355,0.00454179,0.050969
35.24,0.8,0.00116355,11.2222,0.151225,22,2,228,38.7169,38,38.5592,38.4805,41.0059,93.2122,1.49882,11.2222,0.00116355,0.00454179,0.050969
35.26,0.696857,0.00101354,11.2222,0.159075,21.6126,2,228,38.3874,38.4413,38.6013,38.4413,41.022,93.4361,1.49891,11.2222,0.00101354,0.00395623,0.0443976
35.28,0.500021,0.000727251,11.2222,0.206341,22,2,228,38.2399,38.7599,38.6,38.56,41.0382,93.66,1.49898,11.2222,0.000727251,0.00283874,0.031857
35.3,0.593528,0.000863252,11.223,0.275804,22,2,228,38.6915,38.44,38.6,38.7148,41.0543,93.8839,1.49904,11.223,0.000863252,0.00336983,0.0378195
35.32,0.6,0.000872665,11.2444,0.343557,22.4,2,228,38.3604,38.6803,38.64,38.6201,41.0703,94.1078,1.49911,11.2444,0.000872665,0.00341309,0.0383783
35.34,0.594814,0.000865122,11.2444,0.398439,22.3793,2,228,38.5724,38.8041,38.6441,38.7241,41.0864,94.3322,1.49917,11.2444,0.000865122,0.00338359,0.0380466
35.36,0.599292,0.000871635,11.2444,0.436154,22.4,2,230,38.8794,38.7211,38.72,38.9192,41.1025,94.5566,1.49924,11.2444,0.000871635,0.00340906,0.038333
35.38,0.596544,0.000867638,11.2667,0.444055,22.2033,2,230,38.4455,38.4952,38.8745,39.3862,41.1186,94.781,1.49931,11.2667,0.000867638,0.00340014,0.0383082
35.4,0.5,0.000727221,11.2667,0.408479,22,2,230,38.92,38.6116,38.7219,38.1823,41.1347,95.0059,1.49938,11.2667,0.000727221,0.00284986,0.0321084
35.42,0.397866,0.000578673,11.2889,0.333138,22,2,230,38.4757,38.2877,38.2477,38.0017,41.1508,95.2307,1.49943,11.2889,0.000578673,0.0022722,0.0256506
35.44,0.2,0.000290888,11.2889,0.245067,22,2,230.985,38.5681,38.7584,38.6113,38.3475,41.1669,95.456,1.49946,11.2889,0.000290888,0.00114219,0.0128941
35.46,0.2,0.000290888,11.2889,0.18103,22,2,232,38.4438,38.8723,39.041,39.1571,41.183,95.6812,1.49948,11.2889,0.000290888,0.00114219,0.0128941
35.48,0.2,0.000290888,11.2889,0.163069,22,2,232,38.4837,38.7976,38.7988,38.7734,41.1991,95.9065,1.4995,11.2889,0.000290888,0.00114219,0.0128941
35.5,0.2,0.000290888,11.2889,0.183448,22.3938,2,232,38.6394,38.7594,38.6025,39.1606,41.2152,96.1317,1.49953,11.2889,0.000290888,0.00114219,0.0128941
35.52,0.2,0.000290888,11.2892,0.20876,22.4,2,232,38.72,38.7955,38.8022,38.6034,41.2312,96.3569,1.49955,11.2892,0.000290888,0.00114222,0.0128948
35.54,0.20637,0.000300153,11.3111,0.203861,22.4,2,232,38.7149,38.7676,39.0247,38.4953,41.2473,96.5822,1.49957,11.3111,0.000300153,0.00118089,0.0133572
35.56,0.300709,0.000437364,11.3111,0.160693,22.4,2,234,38.7007,38.6795,38.7209,38.9605,41.2634,96.8079,1.4996,11.3111,0.000437364,0.00172072,0.0194632
35.58,0.496288,0.000721822,11.3111,0.099421,22.4,2,234,38.7985,38.7941,38.9155,38.7304,41.2795,97.0336,1.49964,11.3111,0.000721822,0.00283987,0.032122
35.6,0.602483,0.000876276,11.3111,0.0437384,22.4,2,234,38.603,38.639,38.72,38.639,41.2956,97.2592,1.49971,11.3111,0.000876276,0.00344753,0.0389954
35.62,0.7,0.00101811,11.3111,0.0053483,22.4,2,235.008,38.6044,38.6,38.3346,38.8698,41.3116,97.4849,1.49978,11.3111,0.00101811,0.00400555,0.0453072
35.64,0.7,0.00101811,11.3111,-0.0132848,22.4,2,236,38.88,38.6802,38.9194,39.1801,41.3277,97.7106,1.49986,11.3111,0.00101811,0.00400555,0.0453072
35.66,0.591886,0.000860864,11.3111,-0.0123819,22.4162,2,236.987,38.5854,38.6432,38.9968,39.0465,41.3437,97.9362,1.49994,11.3111,0.000860864,0.0033869,0.0383096
35.68,0.302442,0.000439885,11.3111,0.00845601,22.4,2,238.978,38.7132,38.7629,39.1512,39.0488,41.3597,98.1619,1.5,11.3111,0.000439885,0.00173064,0.0195754
35.7,0.0973271,0.000141557,11.3111,0.050054,22.4,2,240,38.7557,38.76,39.0789,38.7221,41.3757,98.3875,1.50002,11.3111,0.000141557,0.000556926,0.00629945
35.72,0,0,11.3111,0.109915,22.0154,2,240.966,38.5615,38.7985,39.04,38.6462,41.3917,98.6132,1.50002,11.3111,0,0,0
35.74,0,0,11.3111,0.17514,22.0246,2,242,38.76,38.8,38.9951,38.9274,41.4077,98.8389,1.50002,11.3111,0,0,0
35.76,0,0,11.3112,0.219145,22.4,2,240,38.7797,38.9003,38.8591,38.8394,41.4237,99.0645,1.50002,11.3112,0,0,0
35.78,0,0,11.333,0.216755,22.4,2,240,38.76,38.7647,38.8,38.8,41.4397,99.2903,1.50002,11.333,0,0,0
35.8,0,0,11.3333,0.169008,22.4,2,240.985,38.7229,38.88,38.88,38.9957,41.4557,99.5164,1.50002,11.3333,0,0,0
35.82,0.0979137,0.00014241,11.3333,0.10377,22.4,2,242,38.6433,38.72,38.92,38.92,41.4718,99.7425,1.50002,11.3333,0.00014241,0.000561383,0.00636234
35.84,0.2,0.000290888,11.3333,0.0515858,22,2,242,38.6614,38.8995,38.9591,39.0409,41.4878,99.9686,1.50004,11.3333,0.000290888,0.00114669,0.0129958
35.86,0.2,0.000290888,11.3333,0.0300088,22,2,242.048,38.7981,38.88,38.881,39.0019,41.5038,100.195,1.50006,11.3333,0.000290888,0.00114669,0.0129958
35.88,0.2,0.000290888,11.3333,0.0448883,22,2,242.969,38.72,38.88,38.9237,38.8618,41.5198,100.421,1.50009,11.3333,0.000290888,0.00114669,0.0129958
35.9,0.2,0.000290888,11.3333,0.0935666,22,2,242.969,38.7593,38.9193,38.922,38.92,41.5359,100.647,1.50011,11.3333,0.000290888,0.00114669,0.0129958
35.92,0.0965271,0.000140393,11.3333,0.162671,22.4,2,242,38.7642,38.92,39.0828,39.16,41.5519,100.873,1.50013,11.3333,0.000140393,0.000553433,0.00627224
35.94,-0.00568268,-8.26512e-06,11.334,0.227378,22.4,2,244,38.88,38.92,39.2,39.0777,41.5679,101.099,1.50013,11.334,-8.26512e-06,-3.25832e-05,-0.000369298
35.96,-0.200114,-0.000291054,11.3556,0.266094,22.4,2,244,38.8401,38.9798,39,39.08,41.5839,101.325,1.50013,11.3556,-0.000291054,-0.00114959,-0.0130543
35.98,-0.403551,-0.000586942,11.3556,0.28065,22.4,2,244,38.8028,38.92,39.0414,39.1557,41.5999,101.552,1.50009,11.3556,-0.000586942,-0.00231828,-0.0263253
36,-0.6,-0.000872665,11.3556,0.288563,22,2,244,38.9198,39,39.1599,39.0402,41.616,101.779,1.50003,11.3556,-0.000872665,-0.00344682,-0.0391405
36.02,-0.705291,-0.0010258,11.3561,0.295043,22,2,244,38.7663,39.0021,39.0842,39.16,41.632,102.005,1.49996,11.3561,-0.0010258,-0.00405188,-0.0460136
36.04,-0.898998,-0.00130754,11.3777,0.291744,22,2,244,38.9988,39.04,39.0412,39.0808,41.6481,102.232,1.49987,11.3777,-0.00130754,-0.00517452,-0.058874
36.06,-1.1,-0.00159989,11.3778,0.280228,22,2,244,38.8,39.0443,39.0829,39.0414,41.6643,102.459,1.49975,11.3778,-0.00159989,-0.00633153,-0.0720388
36.08,-1.1,-0.00159989,11.3778,0.271904,22,2,244,39.0367,39.0433,39.16,39.2378,41.6805,102.686,1.49962,11.3778,-0.00159989,-0.00633153,-0.0720388
36.1,-1.0963,-0.0015945,11.3782,0.265182,22.1958,2,242,38.92,39.0987,39.1796,39.24,41.6967,102.913,1.49949,11.3782,-0.0015945,-0.00631048,-0.0718019
36.12,-1,-0.00145444,11.3998,0.247453,22,2,242,39.1568,39.1584,39.16,39.1992,41.7129,103.14,1.49937,11.3998,-0.00145444,-0.00576707,-0.0657434
36.14,-0.799289,-0.00116252,11.4,0.221293,22.4,2,242,39.0391,39.1997,39.16,39.2003,41.7292,103.367,1.49926,11.4,-0.00116252,-0.00460964,-0.0525499
36.16,-0.7,-0.00101811,11.4,0.207016,22,2,242,39.0039,39.08,39.162,39.16,41.7455,103.595,1.49918,11.4,-0.00101811,-0.00403702,-0.0460221
36.18,-0.601261,-0.000874499,11.4,0.21546,22,2,242,38.9602,39.1199,39.18,39.18,41.7618,103.822,1.4991,11.4,-0.000874499,-0.00346758,-0.0395304
36.2,-0.5,-0.000727221,11.4006,0.231921,22,2,242,38.8884,39.1979,39.2021,39.2063,41.7781,104.05,1.49904,11.4006,-0.000727221,-0.00288374,-0.0328764
36.22,-0.5,-0.000727221,11.422,0.234254,22,2,242,39.04,39.16,39.1618,39.32,41.7945,104.277,1.49898,11.422,-0.000727221,-0.00288915,-0.0329998
36.24,-0.494795,-0.00071965,11.4222,0.221574,22,2,242,38.9325,39.2379,39.1621,39.2379,41.8109,104.505,1.49893,11.4222,-0.00071965,-0.00285913,-0.0326576
36.26,-0.4,-0.000581776,11.4222,0.213393,22,2,242,39.0799,39.1601,39.1601,39.3201,41.8273,104.733,1.49887,11.4222,-0.000581776,-0.00231137,-0.0264009
36.28,-0.4,-0.000581776,11.4222,0.220112,22,2,242,39.04,39.2387,39.2,39.3987,41.8437,104.961,1.49883,11.4222,-0.000581776,-0.00231137,-0.0264009
36.3,-0.3,-0.000436332,11.4226,0.225773,22.2052,2,242,39.1574,39.2013,39.2,39.3587,41.8602,105.189,1.49879,11.4226,-0.000436332,-0.00173358,-0.0198019
36.32,-0.203447,-0.000295901,11.444,0.206398,22.4,2,242,39.1572,39.3172,39.2,39.3972,41.8766,105.417,1.49876,11.444,-0.000295901,-0.00117785,-0.0134793
36.34,-0.0987932,-0.000143689,11.4444,0.161078,22,2,240,39.16,39.2201,39.24,39.2802,41.8931,105.645,1.49874,11.4444,-0.000143689,-0.000571979,-0.00654598
36.36,0.0964217,0.00014024,11.4444,0.115562,22.3857,2,240,39.0829,39.2014,39.24,39.32,41.9096,105.873,1.49874,11.4444,0.00014024,0.000558249,0.00638885
36.38,0.304347,0.000442655,11.4444,0.0980165,22,2,240,39.0604,39.1389,39.3404,39.4393,41.9261,106.102,1.49876,11.4444,0.000442655,0.00176207,0.0201659
36.4,0.498862,0.000725565,11.4444,0.120234,22,2,240,39.1591,39.3191,39.3191,39.4,41.9425,106.33,1.49881,11.4444,0.000725565,0.00288824,0.0330543
36.42,0.802578,0.0011673,11.4444,0.173475,22.1968,2,240,39.2,39.24,39.321,39.3979,41.959,106.558,1.49888,11.4444,0.0011673,0.00464666,0.0531784
36.44,1.10921,0.00161328,11.445,0.231735,22.0184,2,240,39.1982,39.3218,39.4037,39.3982,41.9754,106.787,1.49899,11.445,0.00161328,0.00642227,0.0735028
36.46,1.59574,0.00232091,11.4665,0.26917,22.4,2,240,39.2592,39.3403,39.4,39.4405,41.9918,107.015,1.49914,11.4665,0.00232091,0.00925661,0.106141
36.48,2.01075,0.00292452,11.4667,0.281934,22.4,2,240,39.32,39.32,39.3808,39.4384,42.0082,107.244,1.49935,11.4667,0.00292452,0.0116642,0.133749
36.5,2.5979,0.00377849,11.4667,0.281499,22.4,2,240,39.32,39.3994,39.4794,39.4,42.0246,107.473,1.49961,11.4667,0.00377849,0.0150702,0.172805
36.52,3.11231,0.00452667,11.4671,0.267552,22,2,240,39.3584,39.3167,39.4033,39.3984,42.0409,107.701,1.49995,11.4671,0.00452667,0.018055,0.207039
36.54,3.59608,0.00523029,11.4887,0.228435,22.4,2,241.027,39.2416,39.3184,39.4016,39.36,42.0571,107.93,1.50034,11.4887,0.00523029,0.0209007,0.240121
36.56,4.20854,0.00612108,11.4889,0.16849,22,2,242,39.32,39.2423,39.4811,39.4811,42.0732,108.16,1.50079,11.4889,0.00612108,0.024461,0.281029
36.58,4.79196,0.00696962,11.4889,0.114241,22,2,242,39.32,39.3589,39.4811,39.4811,42.0892,108.389,1.50131,11.4889,0.00696962,0.027852,0.319989
36.6,5.40638,0.00786326,11.4889,0.0924479,22.1946,2,242,39.3795,39.3405,39.48,39.3795,42.1051,108.618,1.5019,11.4889,0.00786326,0.0314233,0.361019
36.62,5.89488,0.00857375,11.4889,0.113112,22.4,2,241.966,39.3804,39.32,39.5993,39.4996,42.1208,108.847,1.50256,11.4889,0.00857375,0.0342627,0.393641
36.64,6.31532,0.00918526,11.4889,0.166266,22.4,2,242,39.482,39.322,39.5641,39.558,42.1364,109.077,1.50328,11.4889,0.00918526,0.0367066,0.421718
36.66,6.80061,0.00989109,11.489,0.225212,22.4,2,242,39.48,39.36,39.5806,39.5196,42.1518,109.306,1.50404,11.489,0.00989109,0.0395276,0.454131
36.68,7.093,0.0103163,11.5107,0.263671,22.4,2,242,39.5572,39.3986,39.64,39.48,42.1671,109.535,1.50485,11.5107,0.0103163,0.0413052,0.475452
36.7,7.40335,0.0107677,11.5111,0.278122,22.195,2,242,39.439,39.36,39.56,39.48,42.1822,109.765,1.50569,11.5111,0.0107677,0.0431142,0.496293
36.72,7.59714,0.0110496,11.5111,0.281978,22,2,242,39.5554,39.3989,39.6766,39.4023,42.197,109.995,1.50657,11.5111,0.0110496,0.0442429,0.509285
36.74,7.80523,0.0113523,11.5117,0.278428,22.4,2,242,39.5179,39.3621,39.68,39.5284,42.2117,110.225,1.50747,11.5117,0.0113523,0.0454572,0.523291
36.76,7.9,0.0114901,11.5333,0.25954,22.4,2,242,39.5596,39.4,39.68,39.5202,42.2262,110.454,1.50839,11.5333,0.0114901,0.0460954,0.53163
36.78,7.9,0.0114901,11.5333,0.230904,22.4,2,242,39.6372,39.4028,39.6428,39.5214,42.2405,110.685,1.50931,11.5333,0.0114901,0.0460956,0.531636
36.8,7.9,0.0114901,11.5333,0.213591,22.4,2,242,39.5204,39.48,39.7992,39.56,42.2545,110.915,1.51023,11.5333,0.0114901,0.0460956,0.531636
36.82,7.9,0.0114901,11.5333,0.216974,22.1932,2,242,39.64,39.48,39.7967,39.6417,42.2684,111.145,1.51116,11.5333,0.0114901,0.0460956,0.531636
36.84,7.9,0.0114901,11.5333,0.223075,22.3932,2,242,39.6793,39.48,39.72,39.68,42.282,111.376,1.51208,11.5333,0.0114901,0.0460956,0.531636
36.86,7.9,0.0114901,11.5556,0.206044,22,2,242,39.6761,39.52,39.72,39.5639,42.2955,111.606,1.513,11.5556,0.0114901,0.0461844,0.533686
36.88,7.9,0.0114901,11.5556,0.163966,22,2,242,39.677,39.481,39.681,39.68,42.3087,111.837,1.51392,11.5556,0.0114901,0.0461844,0.533686
36.9,7.9,0.0114901,11.5556,0.122034,22.1961,2,242,39.6212,39.48,39.7592,39.56,42.3218,112.067,1.51485,11.5556,0.0114901,0.0461844,0.533686
36.92,7.9,0.0114901,11.5556,0.107127,22.2079,2,242,39.6176,39.4,39.8592,39.6992,42.3346,112.298,1.51577,11.5556,0.0114901,0.0461844,0.533686
36.94,8.0004,0.0116361,11.5556,0.128346,22,2,242,39.66,39.54,39.82,39.68,42.3472,112.529,1.5167,11.5556,0.0116361,0.0467714,0.540469
36.96,8.10956,0.0117949,11.5556,0.172708,22,2,242,39.6438,39.5581,39.8019,39.64,42.3596,112.76,1.51764,11.5556,0.0117949,0.0474096,0.547845
36.98,8.39831,0.0122148,11.5556,0.208682,22,2,242,39.7214,39.56,39.8793,39.7173,42.3717,112.991,1.5186,11.5556,0.0122148,0.0490978,0.567353
37,8.70487,0.0126607,11.5778,0.205633,22,2,242,39.6858,39.5219,39.8,39.7239,42.3837,113.221,1.5196,11.5778,0.0126607,0.0509881,0.590329
37.02,8.99968,0.0130895,11.5778,0.160803,22.4,2,241.997,39.84,39.5402,39.84,39.7002,42.3954,113.453,1.52064,11.5778,0.0130895,0.0527152,0.610324
37.04,9.3035,0.0135314,11.5778,0.100086,22.4,2,240,39.8386,39.56,39.84,39.68,42.4069,113.684,1.52171,11.5778,0.0135314,0.054495,0.630931
37.06,9.59521,0.0139557,11.5778,0.05304,22,2,240,39.6438,39.521,39.879,39.641,42.4181,113.915,1.52282,11.5778,0.0139557,0.0562038,0.650716
37.08,10.0025,0.014548,11.5778,0.0364864,22,2,240,39.7594,39.48,39.9206,39.6603,42.4291,114.147,1.52396,11.5778,0.014548,0.0585896,0.678338
37.1,10.3939,0.0151173,11.5778,0.0552049,22,2,240,39.6812,39.48,39.8825,39.7188,42.4398,114.378,1.52516,11.5778,0.0151173,0.0608826,0.704886
37.12,10.8029,0.0157121,11.5778,0.10443,22,2,240,39.76,39.52,39.88,39.8,42.4502,114.609,1.5264,11.5778,0.0157121,0.0632788,0.732628
37.14,11.2051,0.0162971,11.5778,0.166969,22,2,240,39.6861,39.56,39.878,39.68,42.4604,114.841,1.52769,11.5778,0.0162971,0.0656353,0.75991
37.16,11.5,0.0167261,11.5778,0.212167,22,2,240,39.82,39.52,39.96,39.76,42.4702,115.072,1.52902,11.5778,0.0167261,0.0673632,0.779917
37.18,11.8053,0.0171701,11.6,0.212073,22,2,240,39.7936,39.56,39.96,39.84,42.4797,115.303,1.53038,11.6,0.0171701,0.0692845,0.8037
37.2,12.0021,0.0174564,11.6,0.166548,22,2,240,39.8621,39.52,39.9194,39.6997,42.4889,115.535,1.53179,11.6,0.0174564,0.0704399,0.817103
37.22,12.1,0.0175987,11.6,0.103291,22,2,238.085,40.0383,39.6349,39.9566,39.7183,42.4978,115.767,1.5332,11.6,0.0175987,0.0710144,0.823767
37.24,12.1,0.0175987,11.6,0.0528064,22,2,238,39.7264,39.52,39.96,39.68,42.5064,115.999,1.53463,11.6,0.0175987,0.0710144,0.823767
37.26,12.1,0.0175987,11.6,0.0323797,22,2,238,39.8,39.4999,39.96,39.6599,42.5146,116.231,1.53605,11.6,0.0175987,0.0710144,0.823767
37.28,12.0944,0.0175906,11.6,0.0473318,22,2,238,39.809,39.56,40.0022,39.7245,42.5225,116.463,1.53747,11.6,0.0175906,0.0709814,0.823385
37.3,11.9974,0.0174496,11.6,0.0941534,22,2,238,39.8992,39.56,40,39.8,42.5301,116.695,1.53888,11.6,0.0174496,0.0704124,0.816784
37.32,11.7,0.017017,11.6,0.158207,22,2,238,39.7326,39.7179,40.12,39.72,42.5373,116.927,1.54028,11.6,0.017017,0.0686664,0.79653
37.34,11.599,0.0168701,11.6001,0.212975,22,2,237.98,40.04,39.6,40.14,39.82,42.5442,117.158,1.54164,11.6001,0.0168701,0.0680742,0.789669
37.36,11.3951,0.0165735,11.6222,0.235624,22,2,236,39.842,39.682,40.1239,39.878,42.5508,117.39,1.54299,11.6222,0.0165735,0.0670048,0.778744
37.38,11.2007,0.0162908,11.6222,0.22983,22,2,236,40,39.5609,40.12,39.84,42.5571,117.623,1.54432,11.6222,0.0162908,0.0658616,0.765458
37.4,10.9951,0.0159917,11.6222,0.221309,22,2,236,40.1161,39.6859,40.1161,39.8,42.5631,117.855,1.54563,11.6222,0.0159917,0.0646521,0.751401
37.42,10.6029,0.0154212,11.6222,0.226061,22,2,236,39.9796,39.6211,40.16,39.8204,42.5688,118.088,1.5469,11.6222,0.0154212,0.0623455,0.724593
37.44,10.3947,0.0151184,11.6225,0.232325,22,2,236,40.1179,39.6811,40.1253,39.84,42.5742,118.32,1.54813,11.6225,0.0151184,0.0611226,0.710398
37.46,10.1026,0.0146936,11.6441,0.219014,22,2,236,39.9621,39.6421,40.1641,39.84,42.5794,118.553,1.54934,11.6441,0.0146936,0.0595154,0.693006
37.48,9.79552,0.014247,11.6444,0.186611,22,2,236,39.999,39.8205,40.0195,39.88,42.5842,118.785,1.55052,11.6444,0.014247,0.0577077,0.671975
37.5,9.40309,0.0136762,11.6444,0.159509,22,2,236,39.8812,39.8006,40.1181,39.8406,42.5888,119.018,1.55165,11.6444,0.0136762,0.0553955,0.64505
37.52,8.99331,0.0130802,11.6444,0.159446,22,2,236,40.0387,39.7227,40.1973,39.88,42.5932,119.251,1.55273,11.6444,0.0130802,0.0529811,0.616936
37.54,8.60537,0.012516,11.6444,0.184077,22,2,236,40,39.8,40.0032,39.9579,42.5972,119.484,1.55377,11.6444,0.012516,0.0506955,0.590321
37.56,8.19471,0.0119187,11.6446,0.20706,22,2,236,40.04,39.8,40.0794,39.9206,42.6011,119.717,1.55476,11.6446,0.0119187,0.0482768,0.562165
37.58,7.61068,0.0110693,11.6663,0.200153,22,2,236,40.1172,39.8772,40.1557,39.8828,42.6047,119.95,1.5557,11.6663,0.0110693,0.0449191,0.524038
37.6,6.88875,0.0100193,11.6667,0.161904,22,2,236,39.9804,39.8,40.1396,39.9208,42.6081,120.183,1.55656,11.6667,0.0100193,0.0406593,0.474358
37.62,6.21132,0.00903399,11.6667,0.119302,22,2,236,40.0385,39.8385,40.3125,39.9985,42.6114,120.417,1.55733,11.6667,0.00903399,0.0366607,0.427708
37.64,5.40049,0.0078547,11.6667,0.102149,22,2,236,39.96,39.84,40.16,40.0399,42.6144,120.65,1.55802,11.6667,0.0078547,0.0318748,0.371873
37.66,4.37506,0.00636326,11.6667,0.123486,22,2,236,40.04,39.88,40.04,40.116,42.6173,120.883,1.5586,11.6667,0.00636326,0.0258223,0.30126
37.68,3.50283,0.00509466,11.6667,0.17525,22,2,236,40.0397,39.9997,40.1603,40.0397,42.6201,121.117,1.55906,11.6667,0.00509466,0.0206742,0.241199
37.7,2.57052,0.00373867,11.6674,0.231802,22,2,236,40.12,39.9976,40.2,40.1224,42.6228,121.35,1.55942,11.6674,0.00373867,0.0151724,0.177022
37.72,1.79909,0.00261667,11.6889,0.267743,22,2,236,40.0616,40.0205,40.2,40.2,42.6254,121.583,1.55968,11.6889,0.00261667,0.0106386,0.124354
37.74,1.08207,0.00157381,11.6889,0.27985,22,2,236,40.1224,40.0376,40.2048,40.1576,42.628,121.817,1.55984,11.6889,0.00157381,0.00639864,0.074793
37.76,0.599089,0.00087134,11.6889,0.280063,22,2,236,40.04,40.1402,40.1798,40.16,42.6306,122.051,1.55994,11.6889,0.00087134,0.00354261,0.0414092
37.78,0.303497,0.000441419,11.6889,0.267998,22,2,236,40.04,40.0442,40.1986,40.1986,42.6331,122.285,1.55998,11.6889,0.000441419,0.00179468,0.0209778
37.8,0.2,0.000290888,11.7111,0.231514,22,2,236,40.0387,40.004,40.2,40.16,42.6356,122.519,1.56001,11.7111,0.000290888,0.00118491,0.0138766
37.82,0.2,0.000290888,11.7111,0.174593,22,2,234.056,40,40.12,40.2778,40.3156,42.6382,122.753,1.56003,11.7111,0.000290888,0.00118491,0.0138766
37.84,0.40551,0.000589791,11.7111,0.123428,22,2,234,40.0204,40.1404,40.1404,40.2588,42.6407,122.987,1.56006,11.7111,0.000589791,0.00240247,0.0281356
37.86,0.794973,0.00115624,11.7111,0.103529,22,2,234,40.118,40.199,40.16,40.2,42.6432,123.221,1.56012,11.7111,0.00115624,0.00470987,0.0551578
37.88,1.30399,0.00189657,11.7111,0.122007,22,2,235.023,40.04,40.1405,40.2391,40.3405,42.6457,123.456,1.56025,11.7111,0.00189657,0.00772557,0.090475
37.9,1.69544,0.00246591,11.7111,0.164394,22,2,234,40.04,40.1991,40.1609,40.36,42.6481,123.69,1.56043,11.7111,0.00246591,0.0100448,0.117635
37.92,2.30644,0.00335459,11.7114,0.19899,21.7971,2,234,40.1174,40.12,40.2,40.3191,42.6505,123.924,1.56066,11.7114,0.00335459,0.013665,0.160036
37.94,2.92043,0.0042476,11.7333,0.196739,21.6,2,232.987,39.8882,40.2054,40.2,40.28,42.6529,124.158,1.56097,11.7333,0.0042476,0.0173352,0.2034
37.96,3.60543,0.00524389,11.7333,0.15798,21.2,2,232,40.04,40.1186,40.1804,40.32,42.6551,124.393,1.56135,11.7333,0.00524389,0.0214014,0.251109
37.98,4.1913,0.006096,11.7333,0.112475,20.8,2,230.98,40.04,40.1565,40.2777,40.32,42.6573,124.628,1.56182,11.7333,0.006096,0.0248791,0.291914
38,4.91091,0.00714262,11.7333,0.0930695,20.8,2,230,40.1273,40.16,40.3142,40.4415,42.6593,124.862,1.56235,11.7333,0.00714262,0.0291507,0.342035
38.02,5.39517,0.00784695,11.7333,0.11653,21.2,2,226.048,40.2019,40.3561,40.3171,40.3619,42.6613,125.097,1.56297,11.7333,0.00784695,0.0320253,0.375764
38.04,5.70369,0.00829568,11.7333,0.179429,21.2,2,226,40.2821,40.2584,40.36,40.3005,42.663,125.332,1.56364,11.7333,0.00829568,0.0338568,0.397253
38.06,5.8,0.00843576,11.7333,0.260431,21.2,2,224,40.4382,40.2,40.4773,40.4373,42.6646,125.566,1.56433,11.7333,0.00843576,0.0344285,0.403961
38.08,5.79812,0.00843302,11.7556,0.335579,21.2,2,222,40.3567,40.3396,40.52,40.3992,42.666,125.801,1.56502,11.7556,0.00843302,0.0344825,0.405361
38.1,5.7,0.00829031,11.7556,0.396818,20.8,2,218.05,40.356,40.32,40.52,40.36,42.6673,126.036,1.5657,11.7556,0.00829031,0.0338989,0.398501
38.12,5.39468,0.00784625,11.7558,0.445715,20.4,2,215.965,40.5789,40.3993,40.5607,40.36,42.6684,126.271,1.56637,11.7558,0.00784625,0.0320839,0.377173
38.14,5.00571,0.00728051,11.7774,0.476262,20.4,2,214.057,40.52,40.3211,40.6389,40.36,42.6694,126.507,1.56699,11.7774,0.00728051,0.0298251,0.351264
38.16,4.59591,0.00668449,11.778,0.47869,20.4,2,211.022,40.5192,40.3192,40.8,40.4408,42.6702,126.742,1.56757,11.778,0.00668449,0.0273847,0.322537
38.18,4.20234,0.00611205,11.7999,0.453334,20.4,2,208.967,40.48,40.3591,41.0767,40.5195,42.6709,126.978,1.56809,11.7999,0.00611205,0.025086,0.296011
38.2,3.89016,0.00565801,11.8,0.410368,19.8016,2,209.041,40.518,40.36,40.9082,40.4361,42.6715,127.214,1.56857,11.8,0.00565801,0.0232227,0.274028
38.22,3.50257,0.00509429,11.8,0.354999,18.9977,2,201.974,40.5985,40.439,40.759,40.36,42.672,127.45,1.56901,11.8,0.00509429,0.0209089,0.246725
38.24,3.30135,0.00480161,11.8221,0.282252,18.1935,2,198.027,40.5211,40.4795,40.6405,40.48,42.6724,127.686,1.56941,11.8221,0.00480161,0.0197445,0.233421
38.26,2.99648,0.00435821,11.8222,0.193306,18,2,192.907,40.6,40.48,40.2994,40.48,42.6726,127.923,1.56979,11.8222,0.00435821,0.0179214,0.211871
38.28,2.80199,0.00407534,11.8222,0.102265,18,2,188.04,40.5216,40.4408,40.3192,40.48,42.6728,128.159,1.57014,11.8222,0.00407534,0.0167582,0.198119
38.3,2.49571,0.00362986,11.8222,0.0201643,18.1968,2,180.984,40.4783,40.36,40.3217,40.5166,42.673,128.396,1.57046,11.8222,0.00362986,0.0149263,0.176463
38.32,2.20395,0.00320552,11.8222,-0.0544862,18.4,2,175.921,40.36,40.3405,40.4027,40.36,42.673,128.632,1.57074,11.8222,0.00320552,0.0131814,0.155833
38.34,1.89641,0.00275822,11.8222,-0.127344,18.4,2,173.022,40.3214,40.36,40.52,40.4814,42.673,128.869,1.57098,11.8222,0.00275822,0.011342,0.134088
38.36,1.70205,0.00247553,11.8222,-0.194632,18.4,2,166.287,40.2616,40.36,40.4184,40.5611,42.6729,129.105,1.5712,11.8222,0.00247553,0.0101796,0.120345
38.38,1.39893,0.00203466,11.8222,-0.236796,18.4,2,161.979,40.2808,40.4602,40.4008,40.48,42.6728,129.341,1.57138,11.8222,0.00203466,0.00836665,0.0989119
38.4,0.987728,0.00143659,11.8,-0.232871,18.4,2,160.007,40.32,40.36,40.48,40.5249,42.6726,129.578,1.57153,11.8,0.00143659,0.00589628,0.0695761
38.42,0.600171,0.000872913,11.8,-0.185431,18.5994,2,150.005,40.36,40.4001,40.52,40.64,42.6725,129.814,1.57162,11.8,0.000872913,0.00358274,0.0422763
38.44,0.0915935,0.000133217,11.8,-0.120974,18.8,2,153.09,40.36,40.3634,40.5234,40.6017,42.6723,130.05,1.57167,11.8,0.000133217,0.00054677,0.00645189
38.46,-0.294862,-0.000428859,11.8,-0.0653482,18.8,2,155.692,40.3405,40.48,40.6205,40.6,42.6721,130.286,1.57165,11.8,-0.000428859,-0.00176019,-0.0207702
38.48,-0.70453,-0.0010247,11.8,-0.0283932,18.5951,2,140,40.36,40.4595,40.52,40.479,42.6719,130.522,1.5716,11.8,-0.0010247,-0.00420572,-0.0496275
38.5,-0.997874,-0.00145135,11.8,-0.00677841,18.4,2,134.043,40.3209,40.44,40.52,40.44,42.6717,130.758,1.57149,11.8,-0.00145135,-0.00595685,-0.0702908
38.52,-1.20246,-0.00174891,11.8,0.00918747,18.4,2,131.959,40.3992,40.5004,40.5608,40.6204,42.6715,130.994,1.57136,11.8,-0.00174891,-0.00717813,-0.0847019
38.54,-1.3,-0.00189077,11.8,0.0308893,18.4,2,126.06,40.36,40.4812,40.5224,40.64,42.6714,131.23,1.5712,11.8,-0.00189077,-0.0077604,-0.0915727
38.56,-1.4,-0.00203622,11.8,0.0675857,18.4,2,123.009,40.4405,40.521,40.4805,40.599,42.6713,131.466,1.57104,11.8,-0.00203622,-0.00835736,-0.0986168
38.58,-1.4,-0.00203622,11.8,0.121765,18.4,2,120.994,40.4336,40.5179,40.52,40.5243,42.6713,131.702,1.57087,11.8,-0.00203622,-0.00835736,-0.0986168
38.6,-1.29916,-0.00188954,11.8,0.182656,18.4,2,117.983,40.4204,40.52,40.48,40.64,42.6713,131.938,1.57071,11.8,-0.00188954,-0.00775536,-0.0915132
38.62,-1.09377,-0.00159082,11.8007,0.224346,18.4,2,114.986,40.44,40.5175,40.445,40.595,42.6713,132.174,1.57056,11.8007,-0.00159082,-0.0065297,-0.0770552
38.64,-0.89644,-0.00130382,11.8222,0.222022,18.4,2,112,40.4414,40.52,40.44,40.52,42.6714,132.41,1.57044,11.8222,-0.00130382,-0.00536141,-0.0633838
38.66,-0.701461,-0.00102023,11.8222,0.176427,18.4,2,108.029,40.36,40.48,40.4604,40.5004,42.6715,132.646,1.57035,11.8222,-0.00102023,-0.00419528,-0.0495976
38.68,-0.6,-0.000872665,11.8222,0.113193,18.4,2,106.968,40.5006,40.4994,40.52,40.52,42.6716,132.883,1.57027,11.8222,-0.000872665,-0.00358847,-0.0424236
38.7,-0.6,-0.000872665,11.8222,0.0582122,18.4,2,104.023,40.3223,40.3614,40.52,40.5991,42.6718,133.119,1.5702,11.8222,-0.000872665,-0.00358847,-0.0424236
38.72,-0.6,-0.000872665,11.8222,0.0226061,18.4,2,104.023,40.4415,40.52,40.5169,40.6354,42.6719,133.356,1.57013,11.8222,-0.000872665,-0.00358847,-0.0424236
38.74,-0.6,-0.000872665,11.8222,0.00552219,18.4,2,101.005,40.322,40.48,40.482,40.518,42.6721,133.592,1.57006,11.8222,-0.000872665,-0.00358847,-0.0424236
38.76,-0.7,-0.00101811,11.8222,0.000487821,18.2006,2,98,40.4599,40.52,40.52,40.52,42.6722,133.829,1.56999,11.8222,-0.00101811,-0.00418654,-0.0494942
38.78,-0.704511,-0.00102467,11.8222,-0.00100632,18.1996,2,97.0021,40.3636,40.48,40.4418,40.5236,42.6724,134.065,1.5699,11.8222,-0.00102467,-0.00421352,-0.0498132
38.8,-0.8,-0.00116355,11.8222,-0.00786774,18.4,2,94,40.3996,40.52,40.48,40.4998,42.6727,134.301,1.56981,11.8222,-0.00116355,-0.00478462,-0.0565649
38.82,-0.8,-0.00116355,11.8222,-0.0283531,18.0216,2,90.9773,40.4422,40.4822,40.3643,40.52,42.6729,134.538,1.56971,11.8222,-0.00116355,-0.00478462,-0.0565649
38.84,-0.8,-0.00116355,11.8222,-0.0681303,18.4,2,88.0282,40.4195,40.4998,40.4602,40.4998,42.6732,134.774,1.56962,11.8222,-0.00116355,-0.00478462,-0.0565649
38.86,-0.8,-0.00116355,11.8222,-0.126165,18.4,2,88.0681,40.36,40.4414,40.48,40.48,42.6735,135.011,1.56952,11.8222,-0.00116355,-0.00478462,-0.0565649
38.88,-0.8,-0.00116355,11.8222,-0.187798,18.1951,2,86.9755,40.32,40.4605,40.48,40.6205,42.6738,135.247,1.56943,11.8222,-0.00116355,-0.00478462,-0.0565649
38.9,-0.8,-0.00116355,11.8222,-0.221925,18,2,84.0385,40.3592,40.5192,40.48,40.5223,42.6741,135.484,1.56933,11.8222,-0.00116355,-0.00478462,-0.0565649
38.92,-0.8,-0.00116355,11.8,-0.197365,18,2,82.9858,40.3232,40.5189,40.4411,40.52,42.6745,135.72,1.56923,11.8,-0.00116355,-0.00477563,-0.0563524
38.94,-0.8,-0.00116355,11.8,-0.110211,18,2,82,40.4324,40.445,40.48,40.6025,42.6749,135.956,1.56914,11.8,-0.00116355,-0.00477563,-0.0563524
38.96,-0.8,-0.00116355,11.8,0.0114973,18,2,81.9414,40.3618,40.5988,40.48,40.6794,42.6753,136.192,1.56904,11.8,-0.00116355,-0.00477563,-0.0563524
38.98,-0.8,-0.00116355,11.8,0.125525,18,2,78,40.5184,40.4816,40.48,40.5247,42.6757,136.428,1.56895,11.8,-0.00116355,-0.00477563,-0.0563524
39,-0.8,-0.00116355,11.8001,0.188432,18,2,76,40.4004,40.6,40.4598,40.52,42.6761,136.664,1.56885,11.8001,-0.00116355,-0.00477568,-0.0563537
39.02,-0.8,-0.00116355,11.8222,0.16995,18,2,75.0015,40.4737,40.48,40.5179,40.48,42.6766,136.9,1.56876,11.8222,-0.00116355,-0.00478462,-0.0565649
39.04,-0.8,-0.00116355,11.8222,0.0749887,17.6,2,73.9976,40.3997,40.5001,40.5001,40.4999,42.6771,137.136,1.56866,11.8222,-0.00116355,-0.00478462,-0.0565649
39.06,-0.795898,-0.00115759,11.8222,-0.0537112,17.1836,2,72,40.32,40.4416,40.5167,40.6,42.6776,137.373,1.56857,11.8222,-0.00115759,-0.00476009,-0.0562748
39.08,-0.7,-0.00101811,11.8222,-0.15931,16.603,2,70,40.2591,40.52,40.3397,40.5212,42.6782,137.609,1.56847,11.8222,-0.00101811,-0.00418654,-0.0494942
39.1,-0.6,-0.000872665,11.8,-0.202064,16,2,67.0126,40.4418,40.4363,40.371,40.48,42.6787,137.846,1.5684,11.8,-0.000872665,-0.00358172,-0.0422643
39.12,-0.6,-0.000872665,11.8,-0.180911,16,2,64.012,40.4003,40.4999,40.48,40.5597,42.6793,138.082,1.56833,11.8,-0.000872665,-0.00358172,-0.0422643
39.14,-0.6,-0.000872665,11.8,-0.126026,16,2,60.9916,40.4425,40.4775,40.4775,40.52,42.6799,138.318,1.56826,11.8,-0.000872665,-0.00358172,-0.0422643
39.16,-0.6,-0.000872665,11.8,-0.0692709,16,2,54,40.3595,40.4405,40.4795,40.48,42.6805,138.554,1.56818,11.8,-0.000872665,-0.00358172,-0.0422643
39.18,-0.503756,-0.000732683,11.8,-0.0265697,15.3983,2,52.0751,40.3585,40.5185,40.44,40.48,42.6811,138.79,1.56812,11.8,-0.000732683,-0.00300719,-0.0354848
39.2,-0.497722,-0.000723908,11.8,-0.000390361,14.9967,2,48.9837,40.2997,40.4007,40.421,40.3993,42.6817,139.026,1.56806,11.8,-0.000723908,-0.00297117,-0.0350598
39.22,-0.4,-0.000581776,11.8,0.0129422,14.4,2,42.1533,40.4723,40.44,40.3646,40.4369,42.6824,139.262,1.568,11.8,-0.000581776,-0.00238781,-0.0281762
39.24,-0.394615,-0.000573945,11.8,0.0183048,14.4,2,38.005,40.2,40.4443,40.4357,40.4822,42.6831,139.498,1.56796,11.8,-0.000573945,-0.00235567,-0.0277969
39.26,-0.3,-0.000436332,11.8,0.0189943,14.4,2,32.0003,40.4,40.46,40.36,40.4,42.6837,139.734,1.56791,11.8,-0.000436332,-0.00179086,-0.0211321
39.28,-0.1,-0.000145444,11.8,0.0154915,14.4,2,30.9905,40.3565,40.4435,40.4417,40.4417,42.6844,139.97,1.56789,11.8,-0.000145444,-0.000596953,-0.00704405
39.3,0.10097,0.000146855,11.8,0.00529689,14.4,2,25.903,40.32,40.42,40.4,40.52,42.6851,140.206,1.56789,11.8,0.000146855,0.000602745,0.00711239
39.32,0.305004,0.000443611,11.8,-0.0162309,14.4,2,13.9187,40.478,40.364,40.436,40.52,42.6858,140.442,1.56791,11.8,0.000443611,0.00182073,0.0214846
39.34,0.497861,0.000724109,11.8,-0.0536683,14.4,2,6.12836,40.3226,40.4791,40.36,40.4417,42.6865,140.678,1.56796,11.8,0.000724109,0.002972,0.0350696
39.36,0.7,0.00101811,11.8,-0.107326,14.6045,2,0,40.5158,40.3589,40.2021,40.4789,42.6871,140.914,1.56803,11.8,0.00101811,0.00417867,0.0493084
39.38,0.797395,0.00115976,11.8,-0.166711,14.4,2,-2.05211,40.1263,40.359,40.319,40.3621,42.6878,141.15,1.56812,11.8,0.00115976,0.00476008,0.0561689
39.4,0.903158,0.00131359,11.7997,-0.208279,14.8,2,7.74737,40.4349,40.3162,40.44,40.4413,42.6884,141.386,1.56822,11.7997,0.00131359,0.00539128,0.0636153
39.42,1.09662,0.00159497,11.7782,-0.211295,14.6041,2,-5.79743,40.1641,40.3159,40.44,40.48,42.689,141.622,1.56834,11.7782,0.00159497,0.00653423,0.0769613
39.44,1.30191,0.00189356,11.7778,-0.182388,14.5963,2,-13.2433,40.2808,40.4377,40.28,40.3208,42.6896,141.857,1.56848,11.7778,0.00189356,0.00775719,0.0913624
39.46,1.49691,0.00217716,11.7778,-0.154514,14.7876,2,-17.1961,40.2812,40.32,40.3575,40.36,42.6901,142.093,1.56865,11.7778,0.00217716,0.00891903,0.105046
39.48,1.7,0.00247255,11.7778,-0.159167,14.8,2,-2.20648,40.2592,40.2997,40.28,40.4005,42.6906,142.328,1.56884,11.7778,0.00247255,0.0101291,0.119298
39.5,1.79679,0.00261332,11.7778,-0.204235,14.8,2,-13.2286,40.3161,40.3187,40.3187,40.3626,42.691,142.564,1.56905,11.7778,0.00261332,0.0107058,0.12609
39.52,2,0.00290888,11.7776,-0.272392,14.8,2,-26.1191,40.2198,40.2401,40.3199,40.2,42.6914,142.799,1.56927,11.7776,0.00290888,0.0119164,0.140347
39.54,2.10496,0.00306154,11.7556,-0.339105,14.6014,2,-41.9423,40.2,40.196,40.16,40.158,42.6917,143.035,1.56952,11.7556,0.00306154,0.0125183,0.14716
39.56,2.29913,0.00334396,11.7556,-0.393246,14.4,2,-55.9827,40.12,40.1402,40.1802,40.1402,42.692,143.27,1.56978,11.7556,0.00334396,0.0136731,0.160735
39.58,2.50285,0.00364025,11.7553,-0.432401,14.8,2,-67.17,40.1566,40.1166,40.12,40.1611,42.6922,143.505,1.57007,11.7553,0.00364025,0.0148843,0.174968
39.6,2.6,0.00378155,11.7335,-0.447448,14.8,2,-83.731,40.04,40.118,40.1593,40.1213,42.6923,143.74,1.57037,11.7335,0.00378155,0.0154334,0.181089
39.62,2.80277,0.00407646,11.733,-0.42853,14.8,2,-75.204,39.6966,39.8089,40.04,40.04,42.6924,143.974,1.57069,11.733,0.00407646,0.0166364,0.195195
39.64,2.99705,0.00435903,11.7115,-0.381347,14.8,2,-71.941,40.4353,40.0035,40.1565,40.04,42.6924,144.209,1.57103,11.7115,0.00435903,0.0177568,0.207958
39.66,3.20217,0.00465737,11.7111,-0.329834,14.8,2,-72.087,39.8087,40.2104,40.1183,40.0417,42.6923,144.443,1.5714,11.7111,0.00465737,0.0189716,0.222179
39.68,3.41101,0.00496111,11.7111,-0.298191,15.4026,2,-76,40.567,40.3138,40.0022,40.0356,42.6921,144.677,1.57179,11.7111,0.00496111,0.0202089,0.236669
39.7,3.70155,0.00538369,11.7109,-0.287673,16,2,-78.2175,39.8819,39.7293,40.0394,39.9994,42.6918,144.911,1.57221,11.7109,0.00538369,0.02193,0.256821
39.72,3.99114,0.00580488,11.6894,-0.281776,16,2,-80.5315,40.1911,40.3582,40.0382,39.96,42.6914,145.145,1.57267,11.6894,0.00580488,0.0236022,0.275896
39.74,4.25933,0.00619494,11.6889,-0.273471,16,2,-82.8472,40.0075,39.8475,40.0319,40,42.6909,145.379,1.57316,11.6889,0.00619494,0.0251871,0.294409
39.76,4.48487,0.00652298,11.6889,-0.267259,15.6,2,-83.6974,39.9903,39.9661,40.04,40.1018,42.6903,145.613,1.57367,11.6889,0.00652298,0.0265209,0.309999
39.78,4.75907,0.00692179,11.6889,-0.256027,15.9181,2,-80,39.9673,39.96,40.0318,40.0564,42.6896,145.847,1.57422,11.6889,0.00692179,0.0281424,0.328953
39.8,5.08465,0.00739532,11.6684,-0.221349,15.9386,2,-81.693,40.04,39.8984,40.0277,39.9816,42.6887,146.08,1.5748,11.6684,0.00739532,0.030015,0.350226
39.82,5.27691,0.00767496,11.6667,-0.160731,16,2,-78,40.0308,40.0031,40.1015,40.0031,42.6877,146.314,1.57542,11.6667,0.00767496,0.0311454,0.363363
39.84,5.57041,0.00810184,11.6667,-0.0961653,16,2,-78,39.9718,39.8814,40.1082,40.0341,42.6866,146.547,1.57605,11.6667,0.00810184,0.0328777,0.383574
39.86,5.77686,0.0084021,11.6667,-0.0546256,15.6,2,-76,40.0645,39.9537,40.0922,40,42.6853,146.78,1.57672,11.6667,0.0084021,0.0340963,0.39779
39.88,6.16538,0.00896718,11.6667,-0.0521099,15.6,2,-69.731,40.1477,39.9877,39.5662,39.5,42.6838,147.014,1.57742,11.6667,0.00896718,0.0363895,0.424545
39.9,6.37921,0.00927818,11.6667,-0.092013,15.6,2,-77.3268,40.0317,39.8634,40.1335,39.4598,42.6822,147.247,1.57817,11.6667,0.00927818,0.0376517,0.43927
39.92,6.58005,0.00957029,11.6667,-0.164799,15.6,2,-82.4039,39.8799,39.7519,39.8002,39.4322,42.6803,147.48,1.57893,11.6667,0.00957029,0.0388372,0.4531
39.94,6.7,0.00974475,11.6667,-0.24729,15.6,2,-74,39.8682,39.7141,39.9764,40.061,42.6784,147.714,1.57972,11.6667,0.00974475,0.0395452,0.46136
39.96,6.87814,0.0100038,11.6468,-0.314448,15.6,2,-72,39.8662,39.6837,39.88,39.7725,42.6762,147.947,1.58052,11.6468,0.0100038,0.0405274,0.472013
39.98,7.16635,0.010423,11.6444,-0.357018,15.6,2,-73.6635,39.84,39.7798,39.8665,39.6198,42.6738,148.18,1.58134,11.6444,0.010423,0.0422174,0.491598
40,7.35909,0.0107034,11.6444,-0.379238,15.6,2,-72,39.8318,39.5927,39.8727,39.8,42.6713,148.413,1.5822,11.6444,0.0107034,0.0433529,0.50482
40.02,7.58105,0.0110262,11.6243,-0.386288,15.6,2,-72,39.84,39.6497,39.8324,39.7352,42.6685,148.645,1.58308,11.6243,0.0110262,0.0445834,0.518252
40.04,7.78537,0.0113234,11.6222,-0.384822,15.6,2,-70,39.8059,39.5776,39.8059,39.6741,42.6655,148.878,1.58399,11.6222,0.0113234,0.0457768,0.532028
40.06,7.87832,0.0114586,11.6222,-0.381615,15.6867,2,-70,39.774,39.5513,39.7373,39.654,42.6624,149.11,1.58491,11.6222,0.0114586,0.0463234,0.538381
40.08,8,0.0116355,11.6018,-0.377845,15.6,2,-70,39.6867,39.52,39.74,39.5267,42.659,149.342,1.58584,11.6018,0.0116355,0.0469564,0.54478
40.1,8.07934,0.0117509,11.6,-0.374592,15.6827,2,-70,39.8152,39.3683,39.8317,39.5435,42.6554,149.574,1.58679,11.6,0.0117509,0.0474146,0.550009
40.12,8.1,0.011781,11.6,-0.3738,15.9219,2,-68,39.5912,39.4888,39.7112,39.5834,42.6516,149.806,1.58774,11.6,0.011781,0.0475359,0.551416
40.14,8.1,0.011781,11.5792,-0.373304,16,2,-68,39.6852,39.4904,39.64,39.5252,42.6475,150.038,1.58869,11.5792,0.011781,0.0474507,0.549442
40.16,8.1,0.011781,11.5778,-0.372383,16,2,-68,39.68,39.4959,39.7039,39.4161,42.6433,150.27,1.58964,11.5778,0.011781,0.0474448,0.549305
40.18,8.0148,0.0116571,11.5778,-0.371828,15.6592,2,-66.296,39.6282,39.4178,39.72,39.4682,42.6388,150.501,1.59058,11.5778,0.0116571,0.0469457,0.543527
40.2,8.0808,0.011753,11.5576,-0.367726,16,2,-66,39.56,39.5123,39.68,39.52,42.6341,150.732,1.59152,11.5576,0.011753,0.0472497,0.546092
40.22,8.1,0.011781,11.5556,-0.357075,15.9398,2,-66,39.7819,39.3781,39.5781,39.4619,42.6292,150.963,1.59247,11.5556,0.011781,0.0473537,0.547199
40.24,8.1,0.011781,11.5556,-0.339786,16,2,-66,39.5458,39.4,39.5252,39.3948,42.6241,151.194,1.59342,11.5556,0.011781,0.0473537,0.547199
40.26,8.01961,0.011664,11.5354,-0.315119,16,2,-64.3922,39.6565,39.3922,39.56,39.2635,42.6188,151.425,1.59436,11.5354,0.011664,0.0468019,0.539879
40.28,8.08533,0.0117596,11.5333,-0.289792,16,2,-64.2933,39.5435,39.2517,39.5717,39.36,42.6132,151.656,1.5953,11.5333,0.0117596,0.0471771,0.544109
40.3,8.01949,0.0116639,11.5333,-0.2768,16,2,-64,39.4966,39.24,39.5834,39.4,42.6075,151.887,1.59624,11.5333,0.0116639,0.0467929,0.539678
40.32,8.1,0.011781,11.5333,-0.275951,16,2,-62.3152,39.5452,39.32,39.5052,39.3663,42.6015,152.117,1.59718,11.5333,0.011781,0.0472627,0.545096
40.34,8.08036,0.0117524,11.5132,-0.273891,15.6785,2,-62.3927,39.4643,39.3521,39.5121,39.2557,42.5953,152.348,1.59812,11.5132,0.0117524,0.0470657,0.541877
40.36,8.1,0.011781,11.5111,-0.267652,15.6,2,-62,39.4861,39.32,39.4861,39.24,42.5889,152.578,1.59906,11.5111,0.011781,0.0471716,0.542998
40.38,8.07985,0.0117517,11.5111,-0.267566,16,2,-62,39.4639,39.2561,39.4958,39.2722,42.5823,152.808,1.60001,11.5111,0.0117517,0.0470542,0.541647
40.4,8.01578,0.0116585,11.5111,-0.275121,16,2,-62,39.4126,39.2063,39.3937,39.2337,42.5755,153.038,1.60094,11.5111,0.0116585,0.0466811,0.537351
40.42,8.1,0.011781,11.4914,-0.280171,16,2,-62,39.48,39.2087,39.386,39.2313,42.5684,153.268,1.60188,11.4914,0.011781,0.047091,0.541142
40.44,8.1,0.011781,11.4889,-0.282576,16,2,-62,39.3668,39.1463,39.3668,39.1668,42.5612,153.498,1.60282,11.4889,0.011781,0.0470805,0.540903
40.46,8.1,0.011781,11.4889,-0.294257,16,2,-60.4295,39.36,39.1686,39.36,39.0972,42.5537,153.727,1.60376,11.4889,0.011781,0.0470805,0.540903
40.48,8.08142,0.0117539,11.4889,-0.316352,16,2,-60,39.2549,39.04,39.3823,39.2,42.546,153.957,1.6047,11.4889,0.0117539,0.0469725,0.539662
40.5,8.1,0.011781,11.468,-0.335254,15.6,2,-60,39.2497,39.1951,39.24,39.16,42.5381,154.186,1.60564,11.468,0.011781,0.046995,0.538939
40.52,8.1,0.011781,11.4667,-0.341934,16,2,-60,39.32,39.0666,39.3245,39.0178,42.53,154.416,1.60658,11.4667,0.011781,0.0469895,0.538813
40.54,8.2,0.0119264,11.4667,-0.336005,16,2,-60,39.32,39.1407,39.2528,39.08,42.5217,154.645,1.60753,11.4667,0.0119264,0.0475696,0.545465
40.56,8.27916,0.0120416,11.4469,-0.318291,16,2,-60,39.2317,39.105,39.335,39.1917,42.5132,154.874,1.60848,11.4469,0.0120416,0.047946,0.548832
40.58,8.38225,0.0121915,11.4444,-0.296882,15.671,2,-60,39.3271,39.08,39.3058,39.04,42.5045,155.102,1.60945,11.4444,0.0121915,0.0485328,0.555431
40.6,8.4,0.0122173,11.4444,-0.285667,15.6,2,-60,39.2,38.9454,39.24,39.0085,42.4955,155.331,1.61042,11.4444,0.0122173,0.0486356,0.556607
40.62,8.58057,0.0124799,11.4444,-0.28494,15.6,2,-60,39.2078,39.0722,39.2078,39.0078,42.4863,155.56,1.6114,11.4444,0.0124799,0.0496811,0.568573
40.64,8.78576,0.0127784,11.4238,-0.28138,15.257,2,-60,39.2172,38.8342,39.24,39.0229,42.4769,155.788,1.6124,11.4238,0.0127784,0.0507775,0.580072
40.66,8.98028,0.0130613,11.4222,-0.271409,15.2,2,-60,39.1758,39.0163,39.2963,39.0721,42.4673,156.017,1.61343,11.4222,0.0130613,0.0518948,0.592754
40.68,9,0.01309,11.4222,-0.263629,15.2,2,-62,39.1817,38.92,39.1817,39.0461,42.4575,156.245,1.61447,11.4222,0.01309,0.0520087,0.594055
40.7,9.1,0.0132354,11.4222,-0.256922,15.2,2,-62,39.1135,38.92,39.1749,38.92,42.4474,156.473,1.61552,11.4222,0.0132354,0.0525867,0.600657
40.72,9.0182,0.0131164,11.402,-0.239816,15.2,2,-63.636,39.1782,38.92,39.2,38.88,42.437,156.701,1.61657,11.402,0.0131164,0.0520218,0.593154
40.74,8.91918,0.0129724,11.4,-0.215306,14.8767,2,-64,39.063,38.8877,39.177,38.92,42.4265,156.929,1.6176,11.4,0.0129724,0.0514414,0.586431
40.76,8.8,0.0127991,11.4,-0.205988,14.4588,2,-66,39.1941,38.92,39.1482,38.8177,42.4157,157.157,1.61863,11.4,0.0127991,0.0507539,0.578595
40.78,8.7,0.0126536,11.4,-0.228563,13.6877,2,-67.5616,39.04,38.9112,39.0488,38.7912,42.4047,157.384,1.61964,11.4,0.0126536,0.0501771,0.572019
40.8,8.6,0.0125082,11.4,-0.274384,13.6,2,-70,39.0601,38.7801,38.9468,38.7667,42.3934,157.612,1.62063,11.4,0.0125082,0.0496003,0.565443
40.82,8.42159,0.0122487,11.3803,-0.320828,13.6,2,-73.5682,38.9741,38.7686,39.04,38.72,42.382,157.84,1.62162,11.3803,0.0122487,0.0484873,0.551801
40.84,8.3189,0.0120993,11.3778,-0.354569,13.6,2,-77.622,38.9427,38.6551,39.04,38.7849,42.3703,158.067,1.62258,11.3778,0.0120993,0.0478854,0.544829
40.86,8.02958,0.0116785,11.3778,-0.373599,13.6,2,-81.7042,38.9141,38.7941,38.9882,38.8,42.3584,158.294,1.62352,11.3778,0.0116785,0.0462198,0.525879
40.88,7.74054,0.0112582,11.3577,-0.377081,13.6,2,-87.1891,38.9362,38.6562,38.88,38.6405,42.3463,158.521,1.62443,11.3577,0.0112582,0.0444772,0.505157
40.9,7.24404,0.010536,11.3556,-0.36691,13.6,2,-91.7064,38.9824,38.76,39.0059,38.64,42.3341,158.748,1.6253,11.3556,0.010536,0.0416163,0.472576
40.92,6.77171,0.00984905,11.3556,-0.347177,13.2956,2,-95.5219,38.9182,38.6591,38.8896,38.72,42.3216,158.975,1.6261,11.3556,0.00984905,0.0389026,0.441761
40.94,6.2555,0.00909826,11.3354,-0.319993,13.2,2,-100.89,39.0104,38.7526,38.92,38.6548,42.309,159.201,1.62685,11.3354,0.00909826,0.0358731,0.406635
40.96,5.7293,0.00833293,11.3333,-0.293761,13.5414,2,-105.707,38.8176,38.72,38.8117,38.6341,42.2962,159.428,1.62754,11.3333,0.00833293,0.0328494,0.372293
40.98,5.24013,0.00762146,11.3333,-0.282181,13.2,2,-112,38.8959,38.6561,38.8,38.608,42.2833,159.654,1.62817,11.3333,0.00762146,0.0300446,0.340505
41,4.82966,0.00702445,11.3333,-0.28479,13.2,2,-117.186,38.64,38.72,38.8681,38.5941,42.2702,159.88,1.62874,11.3333,0.00702445,0.0276911,0.313832
41.02,4.62166,0.00672192,11.3134,-0.286582,13.5134,2,-121.134,38.8887,38.626,38.8,38.6227,42.257,160.106,1.62928,11.3134,0.00672192,0.0264518,0.29926
41.04,4.5,0.00654498,11.3111,-0.281049,13.263,2,-125.685,38.6526,38.6948,38.8,38.6526,42.2437,160.332,1.6298,11.3111,0.00654498,0.0257503,0.291264
41.06,4.4,0.00639954,11.3111,-0.273026,13.2,2,-129.577,38.76,38.6654,38.64,38.6085,42.2303,160.558,1.63031,11.3111,0.00639954,0.0251781,0.284792
41.08,4.21856,0.00613565,11.3111,-0.257502,13.2,2,-130.371,38.7274,38.7303,38.72,38.6,42.2168,160.784,1.6308,11.3111,0.00613565,0.0241398,0.273048
41.1,4.1,0.00596321,11.2903,-0.21969,13.2,2,-137.745,38.7549,38.6502,38.6204,38.6,42.2032,161.009,1.63128,11.2903,0.00596321,0.0234182,0.264398
41.12,3.82186,0.00555868,11.2889,-0.16128,13.5125,2,-138.437,38.7287,38.7025,38.6,38.6262,42.1895,161.235,1.63173,11.2889,0.00555868,0.0218268,0.2464
41.14,3.61467,0.00525733,11.2889,-0.108272,13.6,2,-145.707,38.7541,38.64,38.6059,38.5659,42.1757,161.46,1.63216,11.2889,0.00525733,0.0206435,0.233042
41.16,3.24267,0.00471627,11.2889,-0.0903027,13.6,2,-147.573,38.6341,38.6085,38.5685,38.5685,42.1618,161.685,1.63255,11.2889,0.00471627,0.0185189,0.209058
41.18,2.93406,0.00426741,11.2889,-0.122501,13.6,2,-151.659,38.5932,38.6332,38.6,38.48,42.1479,161.911,1.6329,11.2889,0.00426741,0.0167564,0.189161
41.2,2.6417,0.00384219,11.2889,-0.200032,13.6,2,-157.166,38.5767,38.4483,38.5683,38.48,42.1338,162.136,1.63322,11.2889,0.00384219,0.0150867,0.170312
41.22,2.51971,0.00366477,11.2889,-0.297966,13.6,2,-157.211,38.44,38.56,38.5679,38.4958,42.1197,162.361,1.63351,11.2889,0.00366477,0.0143901,0.162448
41.24,2.4187,0.00351785,11.2689,-0.382446,13.6,2,-158,38.545,38.4725,38.4475,38.495,42.1055,162.587,1.63379,11.2689,0.00351785,0.0137887,0.155383
41.26,2.41625,0.0035143,11.2667,-0.431907,13.6,2,-161.675,38.4065,38.56,38.534,38.333,42.0913,162.811,1.63406,11.2667,0.0035143,0.013772,0.155165
41.28,2.4,0.00349066,11.2467,-0.449806,13.6,2,-163.617,38.3353,38.44,38.3106,38.4,42.077,163.036,1.63434,11.2467,0.00349066,0.0136551,0.153575
41.3,2.5,0.0036361,11.2444,-0.458055,13.6,2,-165.699,38.5819,38.434,38.3321,38.44,42.0627,163.261,1.63461,11.2444,0.0036361,0.0142213,0.15991
41.32,2.5,0.0036361,11.2444,-0.475589,13.6,2,-166,38.3254,38.4,38.4,38.3072,42.0484,163.485,1.6349,11.2444,0.0036361,0.0142213,0.15991
41.34,2.5,0.0036361,11.2239,-0.50288,13.6586,2,-168,38.28,38.4059,38.2459,38.28,42.0339,163.709,1.63519,11.2239,0.0036361,0.0141952,0.159325
41.36,2.42195,0.00352258,11.2222,-0.52882,13.6,2,-170,38.3737,38.24,38.28,38.16,42.0195,163.933,1.63547,11.2222,0.00352258,0.01375,0.154306
41.38,2.31766,0.00337089,11.202,-0.544056,13.6,2,-170,38.3012,38.1741,38.1741,38.12,42.0049,164.157,1.63574,11.202,0.00337089,0.0131342,0.147128
41.4,2.22149,0.00323102,11.2,-0.543836,14,2,-172,38.1114,38.1514,38.1772,38.2228,41.9904,164.381,1.63599,11.2,0.00323102,0.012587,0.140974
41.42,2.12044,0.00308406,11.18,-0.526112,14,2,-170.774,38.1282,38.2482,38.0882,38.2236,41.9758,164.604,1.63624,11.18,0.00308406,0.011993,0.134083
41.44,2.01634,0.00293264,11.1778,-0.491789,14.3347,2,-173.673,38.1135,38.12,38.12,38.0865,41.9611,164.827,1.63647,11.1778,0.00293264,0.0114019,0.127448
41.46,1.92084,0.00279375,11.158,-0.447897,14.7166,2,-172,38.24,38.16,38.1283,38.1267,41.9464,165.05,1.6367,11.158,0.00279375,0.0108427,0.120983
41.48,1.9,0.00276344,11.1556,-0.407741,14.8,2,-170.374,38.08,38.12,38.12,38.1525,41.9317,165.273,1.63691,11.1556,0.00276344,0.0107227,0.119618
41.5,1.81259,0.0026363,11.1556,-0.380701,14.8,2,-168.252,38.1701,38.125,38.12,38.085,41.9169,165.495,1.63712,11.1556,0.0026363,0.0102294,0.114115
41.52,1.82026,0.00264746,11.1355,-0.365957,14.8,2,-166.405,38.08,38.0638,38.0638,38.0557,41.9021,165.718,1.63732,11.1355,0.00264746,0.0102542,0.114185
41.54,1.8,0.00261799,11.1333,-0.361569,14.8,2,-164.298,38.1038,38.0919,38.0119,37.966,41.8873,165.94,1.63753,11.1333,0.00261799,0.0101381,0.112871
41.56,1.8,0.00261799,11.1333,-0.367651,14.8,2,-162.44,37.9824,38,37.9864,37.96,41.8725,166.162,1.63773,11.1333,0.00261799,0.0101381,0.112871
41.58,1.8,0.00261799,11.113,-0.381727,14.8,2,-158.342,38.0274,37.9337,38.0595,37.9932,41.8575,166.384,1.63793,11.113,0.00261799,0.0101196,0.112459
41.6,1.8,0.00261799,11.1111,-0.402886,14.8,2,-156.423,37.9515,37.9915,37.9685,38.0169,41.8426,166.606,1.63814,11.1111,0.00261799,0.0101179,0.112421
41.62,1.8,0.00261799,11.1111,-0.429774,14.8,2,-154,38,38,37.9038,37.9281,41.8276,166.827,1.63834,11.1111,0.00261799,0.0101179,0.112421
41.64,1.8,0.00261799,11.0905,-0.451532,14.8,2,-150.292,37.84,37.9258,37.92,37.84,41.8126,167.049,1.63854,11.0905,0.00261799,0.0100991,0.112004
41.66,1.8,0.00261799,11.0889,-0.454774,14.8,2,-148.436,37.84,37.9513,37.9025,37.84,41.7976,167.27,1.63874,11.0889,0.00261799,0.0100976,0.111972
41.68,1.8,0.00261799,11.0686,-0.438405,14.8,2,-146,37.9063,37.84,37.8069,37.8206,41.7825,167.491,1.63894,11.0686,0.00261799,0.0100791,0.111561
41.7,1.97898,0.00287831,11.0667,-0.414334,14.8,2,-144.42,37.8084,37.8,37.7684,37.8,41.7674,167.712,1.63915,11.0667,0.00287831,0.0110795,0.122613
41.72,2.08116,0.00302693,11.0667,-0.393095,14.8,2,-142.377,37.9049,37.8325,37.76,37.7675,41.7523,167.933,1.63938,11.0667,0.00302693,0.0116515,0.128943
41.74,2.28069,0.00331714,11.0444,-0.376191,14.8,2,-142,37.7032,37.6954,37.7446,37.68,41.7371,168.153,1.63962,11.0444,0.00331714,0.012743,0.140739
41.76,2.48534,0.00361478,11.0444,-0.364858,14.8,2,-140,37.8,37.7483,37.6976,37.6917,41.7219,168.374,1.63989,11.0444,0.00361478,0.0138864,0.153367
41.78,2.68057,0.00389873,11.0444,-0.360973,14.8,2,-136.777,37.6078,37.64,37.6955,37.76,41.7066,168.594,1.64018,11.0444,0.00389873,0.0149772,0.165415
41.8,2.88671,0.00419855,11.0237,-0.361027,14.7468,2,-138,37.6106,37.76,37.6053,37.6559,41.6913,168.814,1.64049,11.0237,0.00419855,0.0160987,0.177467
41.82,3.15661,0.0045911,11.0222,-0.362836,14.7132,2,-136,37.734,37.6974,37.6453,37.6,41.6759,169.034,1.64082,11.0222,0.0045911,0.0176016,0.194008
41.84,3.38524,0.00492364,11.0222,-0.36712,14.741,2,-136,37.6236,37.6,37.6118,37.52,41.6604,169.254,1.64119,11.0222,0.00492364,0.0188765,0.208061
41.86,3.57833,0.00520448,11.0023,-0.371121,14.4867,2,-134,37.5827,37.6,37.52,37.6713,41.6449,169.474,1.64158,11.0023,0.00520448,0.0199171,0.219134
41.88,3.8817,0.0056457,11,-0.373182,14.8,2,-134,37.702,37.6327,37.6,37.6,41.6293,169.693,1.64199,11,0.0056457,0.0216012,0.237613
41.9,4.0875,0.00594502,11,-0.373499,14.8,2,-133.75,37.53,37.61,37.59,37.515,41.6136,169.913,1.64243,11,0.00594502,0.0227464,0.250211
41.92,4.35666,0.00633651,10.9801,-0.368495,14.8,2,-132,37.6487,37.52,37.5373,37.4887,41.5978,170.132,1.6429,10.9801,0.00633651,0.0242004,0.265722
41.94,4.66794,0.00678925,10.9778,-0.355942,14.8,2,-132,37.5328,37.52,37.5328,37.44,41.5819,170.351,1.6434,10.9778,0.00678925,0.0259242,0.28459
41.96,4.95741,0.00721025,10.9778,-0.336737,14.4,2,-132,37.3796,37.377,37.52,37.4885,41.566,170.57,1.64394,10.9778,0.00721025,0.0275318,0.302238
41.98,5.36404,0.00780167,10.9575,-0.311779,14.7281,2,-130.36,37.8337,37.4912,37.4872,37.4872,41.5499,170.789,1.64451,10.9575,0.00780167,0.0297353,0.325825
42,5.67849,0.00825902,10.9556,-0.29023,14.4,2,-130.43,37.5833,37.3458,37.44,37.3858,41.5337,171.007,1.64512,10.9556,0.00825902,0.0314728,0.344802
42.02,5.88016,0.00855235,10.9556,-0.287828,14.7207,2,-130,37.3124,37.4241,37.52,37.3279,41.5173,171.226,1.64577,10.9556,0.00855235,0.0325906,0.357048
42.04,6.17038,0.00897445,10.9556,-0.30628,14.4,2,-130,37.4637,37.2237,37.3718,37.3541,41.5008,171.444,1.64643,10.9556,0.00897445,0.0341992,0.374672
42.06,6.47831,0.00942232,10.9356,-0.331087,14.0868,2,-130,37.4053,37.4053,37.44,37.3287,41.4842,171.663,1.64713,10.9356,0.00942232,0.0358407,0.391941
42.08,6.78331,0.00986592,10.9333,-0.351802,14,2,-130,37.7333,37.2934,37.36,37.2134,41.4675,171.881,1.64786,10.9333,0.00986592,0.0375203,0.410222
42.1,6.97953,0.0101513,10.9333,-0.366726,14.3181,2,-130.409,37.1855,37.3436,37.32,37.2164,41.4505,172.098,1.64863,10.9333,0.0101513,0.0386058,0.42209
42.12,7.18119,0.0104446,10.9132,-0.374717,14.4,2,-132,37.3672,37.2226,37.215,37.135,41.4335,172.316,1.64941,10.9132,0.0104446,0.0396482,0.432689
42.14,7.3,0.0106174,10.9111,-0.377565,14.4,2,-132,37.5328,37.2,37.28,37.1259,41.4162,172.534,1.65021,10.9111,0.0106174,0.0402964,0.439679
42.16,7.3,0.0106174,10.9111,-0.378956,14.4,2,-133.59,37.0872,37.28,37.3118,37.1682,41.3988,172.751,1.65102,10.9111,0.0106174,0.0402964,0.439679
42.18,7.03054,0.0102255,10.8906,-0.378381,14.4,2,-134,37.4461,37.1322,37.1939,37.1939,41.3813,172.969,1.65182,10.8906,0.0102255,0.0387358,0.421856
42.2,6.81971,0.00991887,10.8889,-0.376017,14.4,2,-134,37.16,37.2642,37.2963,37.0558,41.3636,173.186,1.65258,10.8889,0.00991887,0.0375683,0.409078
42.22,6.33452,0.00921319,10.8889,-0.372896,14.4,2,-134,37.5131,37.0207,37.2869,37.1062,41.3457,173.403,1.65331,10.8889,0.00921319,0.0348954,0.379972
42.24,5.93399,0.00863065,10.8685,-0.365344,14.4,2,-136,37.1804,37.16,37.4188,37.16,41.3277,173.62,1.65399,10.8685,0.00863065,0.0326277,0.354614
42.26,5.36299,0.00780015,10.8667,-0.351002,14.4,2,-135.58,37.32,37.04,37.1348,37.0568,41.3096,173.836,1.65461,10.8667,0.00780015,0.0294829,0.320381
42.28,4.93531,0.00717812,10.8667,-0.330833,14.4,2,-136,37.1341,37.1718,37.4306,37.1059,41.2913,174.053,1.65517,10.8667,0.00717812,0.0271317,0.294831
42.3,4.62071,0.00672055,10.8469,-0.305502,14.4,2,-136,37.1917,37.0649,37.4097,37.0083,41.2729,174.269,1.6557,10.8469,0.00672055,0.0253559,0.275032
42.32,4.6,0.00669043,10.8444,-0.283816,14.4,2,-136,37.1278,37.1044,37.1991,37.0244,41.2545,174.485,1.65619,10.8444,0.00669043,0.0252365,0.273676
42.34,4.68503,0.0068141,10.8444,-0.282127,14.4,2,-137.701,37.126,36.972,37.262,36.88,41.236,174.701,1.6567,10.8444,0.0068141,0.0257031,0.278735
42.36,4.97757,0.00723959,10.8444,-0.30451,14.4,2,-137.551,37.0579,37.0041,37.0759,36.8979,41.2173,174.917,1.65722,10.8444,0.00723959,0.0273081,0.296141
42.38,5.1818,0.00753662,10.8242,-0.340392,14.4,2,-138,37.0254,36.9891,37.0618,36.9018,41.1985,175.133,1.65778,10.8242,0.00753662,0.0283755,0.307142
42.4,5.47866,0.0079684,10.8222,-0.383479,14.3147,2,-138,37.1285,36.96,36.7909,36.7456,41.1797,175.349,1.65837,10.8222,0.0079684,0.0299957,0.32462
42.42,5.6,0.00814487,10.8222,-0.433667,14.0821,2,-138.411,36.8482,36.8482,36.9272,36.7836,41.1607,175.565,1.65898,10.8222,0.00814487,0.03066,0.331809
42.44,5.6,0.00814487,10.8018,-0.484562,14.4,2,-138.327,37.1069,36.84,36.9665,36.84,41.1415,175.78,1.65959,10.8018,0.00814487,0.0306022,0.33056
42.46,5.6,0.00814487,10.8,-0.525821,14,2,-140,36.7542,36.7371,36.8,36.8086,41.1223,175.995,1.6602,10.8,0.00814487,0.0305971,0.330448
42.48,5.5188,0.00802677,10.7798,-0.552641,14.0752,2,-140,36.88,36.72,36.72,36.785,41.103,176.21,1.66081,10.7798,0.00802677,0.030097,0.324441
42.5,5.24436,0.00762762,10.7778,-0.565746,14.0887,2,-141.556,36.6711,36.6889,36.6889,36.7111,41.0836,176.425,1.66141,10.7778,0.00762762,0.0285949,0.308189
42.52,4.94402,0.00719079,10.758,-0.566884,14.312,2,-142,36.88,36.5864,36.8088,36.68,41.064,176.639,1.66196,10.758,0.00719079,0.0269078,0.289474
42.54,4.71675,0.00686024,10.7556,-0.556296,14.4,2,-140.335,36.4934,36.6599,36.84,36.6467,41.0444,176.853,1.66249,10.7556,0.00686024,0.025665,0.276041
42.56,4.62165,0.00672192,10.7359,-0.532722,14.4,2,-142,36.7027,36.6487,36.68,36.706,41.0246,177.068,1.66299,10.7359,0.00672192,0.0251015,0.269486
42.58,4.6,0.00669043,10.7333,-0.495879,14.4,2,-142,36.5845,36.6873,36.68,36.5845,41.0048,177.281,1.66349,10.7333,0.00669043,0.024978,0.268097
42.6,4.6,0.00669043,10.7129,-0.451436,14.4,2,-143.682,36.7618,36.6527,36.7136,36.6273,40.9849,177.495,1.66399,10.7129,0.00669043,0.0249304,0.267076
42.62,4.6,0.00669043,10.7111,-0.411866,14.4,2,-142,36.7231,36.6227,36.6714,36.6227,40.9649,177.708,1.66449,10.7111,0.00669043,0.0249263,0.266988
42.64,4.6,0.00669043,10.7111,-0.385231,14.4,2,-144,36.3779,36.56,36.64,36.56,40.9448,177.921,1.66498,10.7111,0.00669043,0.0249263,0.266988
42.66,4.6,0.00669043,10.6912,-0.367626,14,2,-144,36.8718,36.56,36.5465,36.52,40.9246,178.135,1.66548,10.6912,0.00669043,0.02488,0.265997
42.68,4.6,0.00669043,10.6889,-0.352507,14,2,-144,36.3622,36.553,36.527,36.48,40.9044,178.347,1.66598,10.6889,0.00669043,0.0248745,0.265881
42.7,4.4217,0.0064311,10.6889,-0.335443,14,2,-144,36.8106,36.546,36.5513,36.4174,40.884,178.56,1.66647,10.6889,0.0064311,0.0239104,0.255575
42.72,4.22244,0.00614129,10.6691,-0.311728,14,2,-145.551,36.3387,36.391,36.551,36.391,40.8635,178.773,1.66694,10.6691,0.00614129,0.0227906,0.243157
42.74,4.01282,0.00583642,10.6667,-0.2846,14.0513,2,-146,36.6892,36.4851,36.6297,36.5149,40.843,178.985,1.66738,10.6667,0.00583642,0.0216542,0.230978
42.76,3.91927,0.00570035,10.6667,-0.264505,14,2,-146,36.3585,36.4969,36.3908,36.4646,40.8224,179.197,1.66781,10.6667,0.00570035,0.0211493,0.225593
42.78,3.81337,0.00554633,10.6667,-0.250665,14,2,-146,36.4693,36.536,36.4214,36.3307,40.8017,179.41,1.66823,10.6667,0.00554633,0.0205779,0.219497
42.8,3.8,0.00552688,10.6465,-0.232342,14,2,-146,36.5432,36.4491,36.4645,36.3523,40.7809,179.622,1.66864,10.6465,0.00552688,0.0204669,0.2179
42.82,3.8,0.00552688,10.6444,-0.214108,14,2,-148,36.1836,36.4177,36.3659,36.4,40.7601,179.834,1.66904,10.6444,0.00552688,0.020463,0.217817
42.84,3.8,0.00552688,10.6444,-0.220791,14,2,-148,36.7659,36.4545,36.337,36.3915,40.7392,180.046,1.66945,10.6444,0.00552688,0.020463,0.217817
42.86,3.8,0.00552688,10.6444,-0.27067,14.3356,2,-148,36.2244,36.32,36.3071,36.32,40.7181,180.257,1.66986,10.6444,0.00552688,0.020463,0.217817
42.88,3.51961,0.00511907,10.6444,-0.353292,14,2,-149.608,36.5129,36.3922,36.3043,36.2557,40.6971,180.469,1.67026,10.6444,0.00511907,0.0189531,0.201745
42.9,3.31525,0.00482184,10.6239,-0.436883,14,2,-150,36.1071,36.2061,36.2278,36.2061,40.6759,180.681,1.67063,10.6239,0.00482184,0.0178182,0.189299
42.92,2.94814,0.0042879,10.6222,-0.492305,14,2,-150,36.1822,36.24,36.2785,36.2,40.6547,180.892,1.67097,10.6222,0.0042879,0.0158425,0.168283
42.94,2.8,0.00407243,10.6,-0.507704,14,2,-150,36.2686,36.1671,36.0714,36.2329,40.6334,181.104,1.67127,10.6,0.00407243,0.015015,0.159159
42.96,2.7,0.00392699,10.6,-0.487694,14,2,-151.549,36.062,36.222,36.2028,36.24,40.6121,181.314,1.67157,10.6,0.00392699,0.0144787,0.153474
42.98,2.51869,0.00366328,10.5798,-0.448082,14,2,-151.626,36.095,36.2224,36.0927,36.08,40.5908,181.525,1.67185,10.5798,0.00366328,0.0134807,0.142623
43,2.41406,0.0035111,10.5778,-0.409921,14.3438,2,-152,36.08,36.2,36.1431,36.0912,40.5694,181.736,1.67211,10.5778,0.0035111,0.0129182,0.136646
43.02,2.22253,0.00323254,10.5778,-0.388122,14.4,2,-152,36.071,36.08,36.018,36.049,40.548,181.946,1.67236,10.5778,0.00323254,0.0118933,0.125804
43.04,1.93076,0.00280817,10.5573,-0.385993,14.4,2,-152,36.0923,36.0923,36.0738,36.0462,40.5265,182.156,1.67259,10.5573,0.00280817,0.0103119,0.108866
43.06,1.6413,0.00238717,10.5556,-0.403881,14.0826,2,-152,35.9448,36.0635,36.047,35.92,40.5051,182.366,1.67278,10.5556,0.00238717,0.00876451,0.0925143
43.08,1.41962,0.00206475,10.5556,-0.43977,14,2,-152,36.0722,36.1035,35.9114,35.9357,40.4836,182.576,1.67294,10.5556,0.00206475,0.00758072,0.0800188
43.1,1.21445,0.00176634,10.5349,-0.480672,14,2,-152,35.7773,35.92,35.9884,35.92,40.462,182.786,1.67308,10.5349,0.00176634,0.00647245,0.0681869
43.12,1.12272,0.00163293,10.5333,-0.508356,14,2,-152,36,35.8891,35.8236,35.9109,40.4405,182.996,1.6732,10.5333,0.00163293,0.00598269,0.0630177
43.14,1.01338,0.0014739,10.5126,-0.511662,14,2,-152,35.7386,35.9732,35.8693,36.0239,40.419,183.205,1.67331,10.5126,0.0014739,0.00538941,0.0566568
43.16,0.920136,0.00133828,10.5111,-0.489593,14.4,2,-152,36.04,35.9122,35.88,35.9042,40.3975,183.414,1.67342,10.5111,0.00133828,0.00489282,0.051429
43.18,0.814787,0.00118506,10.4905,-0.451107,14.4,2,-152,35.7541,35.8445,35.8,35.8682,40.3759,183.623,1.67351,10.4905,0.00118506,0.00432414,0.0453625
43.2,0.7,0.00101811,10.4889,-0.412379,14.0768,2,-152,35.92,35.9354,35.9107,35.8154,40.3544,183.832,1.67359,10.4889,0.00101811,0.00371438,0.0389597
43.22,0.7,0.00101811,10.4889,-0.384715,14,2,-152,35.76,35.766,35.76,35.88,40.3329,184.04,1.67366,10.4889,0.00101811,0.00371438,0.0389597
43.24,0.7,0.00101811,10.4684,-0.367721,14,2,-152,35.76,35.9136,35.8608,35.88,40.3113,184.249,1.67374,10.4684,0.00101811,0.00370711,0.0388075
43.26,0.77879,0.0011327,10.4667,-0.359007,14,2,-152,35.8545,35.8885,35.7261,35.7915,40.2898,184.457,1.67381,10.4667,0.0011327,0.0041237,0.0431614
43.28,0.882458,0.00128348,10.4667,-0.357723,14,2,-152,35.6351,35.781,35.546,35.753,40.2683,184.665,1.6739,10.4667,0.00128348,0.00467263,0.0489068
43.3,0.9,0.001309,10.4469,-0.359889,14.3146,2,-153.573,35.8459,35.76,35.6315,35.6571,40.2468,184.874,1.674,10.4469,0.001309,0.00475653,0.0496912
43.32,0.8,0.00116355,10.4444,-0.363936,14.4,2,-153.552,35.5386,35.609,35.591,35.64,40.2252,185.081,1.67409,10.4444,0.00116355,0.00422702,0.0441488
43.34,0.619773,0.000901424,10.4444,-0.371947,14.0791,2,-154,35.5446,35.64,35.5758,35.7042,40.2037,185.289,1.67417,10.4444,0.000901424,0.00327474,0.0342028
43.36,0.517681,0.000752936,10.4242,-0.38397,14,2,-154,35.4754,35.7271,35.5671,35.6071,40.1821,185.497,1.67422,10.4242,0.000752936,0.00273,0.0284581
43.38,0.5,0.000727221,10.4222,-0.401485,14,2,-152.29,35.5826,35.6574,35.5826,35.4974,40.1606,185.704,1.67427,10.4222,0.000727221,0.00263626,0.0274757
43.4,0.5,0.000727221,10.4222,-0.425278,14,2,-152.426,35.5652,35.56,35.4656,35.5915,40.1391,185.911,1.67433,10.4222,0.000727221,0.00263626,0.0274757
43.42,0.6,0.000872665,10.402,-0.446551,14.4,2,-153.643,35.4729,35.5228,35.48,35.5786,40.1175,186.118,1.67438,10.402,0.000872665,0.00315737,0.0328429
43.44,0.786092,0.00114332,10.4,-0.454001,14.4,2,-154,35.6223,35.5777,35.32,35.4456,40.096,186.325,1.67445,10.4,0.00114332,0.00413585,0.0430129
43.46,0.977255,0.00142136,10.3802,-0.448557,14.4,2,-154,35.4091,35.6055,35.44,35.44,40.0745,186.532,1.67455,10.3802,0.00142136,0.00513182,0.0532691
43.48,1.18215,0.00171936,10.3778,-0.443511,14.4,2,-152,35.4471,35.4329,35.4329,35.4,40.053,186.739,1.67466,10.3778,0.00171936,0.00620632,0.0644078
43.5,1.37887,0.00200549,10.3778,-0.44807,14,2,-152,35.28,35.3538,35.4315,35.28,40.0315,186.945,1.67479,10.3778,0.00200549,0.00723913,0.0751261
43.52,1.57996,0.00229796,10.3578,-0.454998,14,2,-152,35.416,35.4319,35.432,35.3121,40.0099,187.151,1.67495,10.3578,0.00229796,0.00827889,0.0857509
43.54,1.78527,0.00259658,10.3556,-0.450243,14,2,-152,35.2636,35.4636,35.2859,35.32,39.9884,187.357,1.67512,10.3556,0.00259658,0.00935271,0.0968525
43.56,1.9,0.00276344,10.3356,-0.430508,14.4,2,-152,35.3026,35.1774,35.12,35.4,39.9668,187.563,1.67532,10.3356,0.00276344,0.0099346,0.10268
43.58,1.98284,0.00288393,10.3333,-0.40616,14.4,2,-152,35.1737,35.5394,35.2469,35.2537,39.9452,187.769,1.67552,10.3333,0.00288393,0.0103655,0.10711
43.6,2,0.00290888,10.3333,-0.387421,14.8,2,-152,35.3817,35.2733,35.1933,35.2717,39.9236,187.974,1.67573,10.3333,0.00290888,0.0104551,0.108036
43.62,2,0.00290888,10.3132,-0.375148,15.1256,2,-150.372,35.2874,35.3702,35.4028,35.3349,39.902,188.179,1.67594,10.3132,0.00290888,0.0104347,0.107615
43.64,2,0.00290888,10.3111,-0.368377,15.2,2,-150,35.3851,35.3349,35.1349,35.245,39.8803,188.384,1.67615,10.3111,0.00290888,0.0104327,0.107572
43.66,2,0.00290888,10.3111,-0.36704,15.2,2,-146.397,35.2718,35.2162,35.0235,35.1759,39.8586,188.589,1.67636,10.3111,0.00290888,0.0104327,0.107572
43.68,2,0.00290888,10.2905,-0.367898,15.2,2,-144.296,35.1541,35.24,35.1037,35.16,39.8369,188.794,1.67657,10.2905,0.00290888,0.0104118,0.107143
43.7,2,0.00290888,10.2889,-0.37017,15.2,2,-140.781,35.1834,35.12,35.0312,35.0312,39.8151,188.999,1.67678,10.2889,0.00290888,0.0104102,0.107109
43.72,2,0.00290888,10.2889,-0.375991,15.2,2,-138.347,34.9669,35.16,35.1408,35.0208,39.7933,189.204,1.67699,10.2889,0.00290888,0.0104102,0.107109
43.74,2.1,0.00305433,10.2667,-0.385382,15.2,2,-136,35.0958,35,35.08,35.1915,39.7715,189.408,1.6772,10.2667,0.00305433,0.0109071,0.111979
43.76,2.28317,0.00332074,10.2667,-0.400889,15.2,2,-132,34.9469,35.1267,35.0598,35.1331,39.7497,189.612,1.67742,10.2667,0.00332074,0.0118585,0.121747
43.78,2.58023,0.0037528,10.2667,-0.423895,15.2,2,-130.395,34.9684,34.96,34.9679,34.9679,39.7278,189.816,1.67767,10.2667,0.0037528,0.0134014,0.137587
43.8,2.7847,0.00405019,10.2461,-0.44378,15.2,2,-126.306,35.0922,35.1478,34.9506,35.0555,39.7059,190.02,1.67795,10.2461,0.00405019,0.0144344,0.147897
43.82,2.9,0.00421788,10.2444,-0.446111,15.2,2,-124.447,34.84,34.8758,34.96,34.9242,39.684,190.224,1.67825,10.2444,0.00421788,0.0150296,0.15397
43.84,2.98475,0.00434114,10.2239,-0.429735,15.2,2,-122.305,35.1261,35.1017,35.0556,34.9261,39.662,190.428,1.67855,10.2239,0.00434114,0.0154378,0.157835
43.86,3,0.00436332,10.2222,-0.408347,15.2,2,-120,34.92,34.858,34.92,34.867,39.6399,190.631,1.67887,10.2222,0.00436332,0.0155141,0.158589
43.88,3,0.00436332,10.2222,-0.39528,15.2,2,-118,35.0225,35.065,34.84,34.8,39.6179,190.834,1.67918,10.2222,0.00436332,0.0155141,0.158589
43.9,3,0.00436332,10.2014,-0.393659,15.2,2,-119.755,34.84,34.8049,34.7502,34.8351,39.5957,191.037,1.67949,10.2014,0.00436332,0.0154825,0.157942
43.92,3,0.00436332,10.2,-0.40324,15.2,2,-114.424,34.9285,34.7685,34.8254,34.8,39.5736,191.24,1.6798,10.2,0.00436332,0.0154804,0.1579
43.94,2.91709,0.00424273,10.2,-0.420476,15.2,2,-114,34.68,34.8127,34.8273,34.8332,39.5514,191.443,1.6801,10.2,0.00424273,0.0150526,0.153536
43.96,2.9,0.00421788,10.1804,-0.430257,14.8884,2,-112,34.7423,34.7154,34.76,34.8577,39.5291,191.645,1.6804,10.1804,0.00421788,0.0149356,0.15205
43.98,2.9,0.00421788,10.1778,-0.414964,14.8,2,-108.79,34.76,34.8647,34.8,34.7037,39.5068,191.848,1.6807,10.1778,0.00421788,0.0149318,0.151972
44,3,0.00436332,10.157,-0.373933,15.1472,2,-110,34.68,34.7811,34.8,34.7494,39.4845,192.05,1.681,10.157,0.00436332,0.0154152,0.156572
44.02,3.17885,0.00462345,10.1556,-0.329026,15.2,2,-110,34.76,34.6715,34.7915,34.76,39.4621,192.252,1.68132,10.1556,0.00462345,0.0163319,0.165859
44.04,3.38487,0.00492309,10.1556,-0.306732,15.2,2,-108.303,34.6921,34.76,34.6921,34.6921,39.4397,192.454,1.68165,10.1556,0.00492309,0.0173903,0.176608
44.06,3.5,0.00509054,10.1556,-0.312436,15.2,2,-108,34.76,34.64,34.68,34.6663,39.4172,192.655,1.68201,10.1556,0.00509054,0.0179818,0.182615
44.08,3.5,0.00509054,10.1353,-0.331144,14.8,2,-108,34.6729,34.76,34.6142,34.6471,39.3946,192.857,1.68237,10.1353,0.00509054,0.017946,0.181888
44.1,3.5,0.00509054,10.1333,-0.350543,14.8,2,-108,34.6972,34.5058,34.6,34.4744,39.372,193.059,1.68273,10.1333,0.00509054,0.0179425,0.181817
44.12,3.41932,0.00497319,10.1333,-0.366831,14.8,2,-108,34.6077,34.6723,34.64,34.4709,39.3493,193.26,1.68309,10.1333,0.00497319,0.0175289,0.177626
44.14,3.3,0.00479966,10.1125,-0.377041,15.1488,2,-108,34.5302,34.5354,34.6,34.5898,39.3266,193.461,1.68343,10.1125,0.00479966,0.0168824,0.170724
44.16,3.2,0.00465421,10.1111,-0.381629,15.1188,2,-106,34.5444,34.5838,34.52,34.6319,39.3038,193.662,1.68376,10.1111,0.00465421,0.0163686,0.165504
44.18,3.1,0.00450877,10.1111,-0.382391,15.2,2,-106,34.5141,34.3778,34.4859,34.5319,39.281,193.863,1.68409,10.1111,0.00450877,0.015857,0.160332
44.2,3.1,0.00450877,10.0909,-0.375099,14.8,2,-106.388,34.64,34.4256,34.5845,34.5122,39.2581,194.064,1.6844,10.0909,0.00450877,0.0158254,0.159692
44.22,3.1,0.00450877,10.0889,-0.354914,14.8,2,-106,34.3502,34.6047,34.6,34.5637,39.2352,194.264,1.68472,10.0889,0.00450877,0.0158222,0.159628
44.24,3.1,0.00450877,10.0889,-0.31903,14.8,2,-105.675,34.548,34.187,34.52,34.52,39.2123,194.465,1.68503,10.0889,0.00450877,0.0158222,0.159628
44.26,3.3782,0.00491339,10.0692,-0.264671,14.8,2,-106,34.6436,34.9949,34.5062,34.4887,39.1892,194.665,1.68536,10.0692,0.00491339,0.0172085,0.173276
44.28,3.58148,0.00520905,10.0667,-0.200531,14.8,2,-107.63,34.6504,34.197,34.4474,34.48,39.1662,194.865,1.68571,10.0667,0.00520905,0.0182394,0.18361
44.3,3.78714,0.00550817,10.0667,-0.151283,14.8,2,-108,34.3314,34.6194,34.48,34.3406,39.1431,195.065,1.68609,10.0667,0.00550817,0.0192868,0.194154
44.32,3.9,0.00567232,10.0667,-0.139035,14.4892,2,-108,34.4086,34.4578,34.44,34.3778,39.1199,195.265,1.68648,10.0667,0.00567232,0.0198616,0.19994
44.34,4.0852,0.00594168,10.0667,-0.164872,14.0592,2,-108,34.2651,34.3541,34.4622,34.3718,39.0966,195.465,1.68689,10.0667,0.00594168,0.0208047,0.209434
44.36,4.1,0.00596321,10.0667,-0.208277,14,2,-110,34.5028,34.36,34.3288,34.4846,39.0732,195.665,1.68731,10.0667,0.00596321,0.0208801,0.210193
44.38,4.1,0.00596321,10.0464,-0.246539,14,2,-111.643,34.4829,34.1271,34.2,34.3486,39.0498,195.865,1.68773,10.0464,0.00596321,0.0208381,0.209349
44.4,3.7442,0.00544572,10.0444,-0.279176,14,2,-113.558,34.32,34.6088,34.4358,34.2,39.0263,196.064,1.68813,10.0444,0.00544572,0.019026,0.191106
44.42,3.24374,0.00471782,10.0444,-0.323956,14,2,-115.563,34.36,34.0612,34.32,34.1913,39.0028,196.264,1.68849,10.0444,0.00471782,0.0164829,0.165561
44.44,2.91646,0.00424181,10.0444,-0.387131,14,2,-117.671,34.2197,34.3468,34.3134,34.2,38.9792,196.463,1.6888,10.0444,0.00424181,0.0148198,0.148857
44.46,2.54248,0.00369788,10.0247,-0.452381,14,2,-119.575,34.263,34.074,34.2,34.28,38.9555,196.663,1.68908,10.0247,0.00369788,0.012894,0.129259
44.48,2.21789,0.00322579,10.0222,-0.49869,14,2,-121.642,34.1886,34.1857,34.2657,34.0615,38.9318,196.862,1.68932,10.0222,0.00322579,0.0112451,0.112701
44.5,2.1,0.00305433,10.0026,-0.51592,14,2,-123.557,34.1911,33.9954,34.1866,34.1289,38.9081,197.06,1.68953,10.0026,0.00305433,0.0106265,0.106293
44.52,2,0.00290888,10,-0.505894,14,2,-130.333,34.065,34.0867,34.295,34.12,38.8844,197.259,1.68974,10,0.00290888,0.0101179,0.101179
44.54,2,0.00290888,9.97949,-0.480682,14,2,-121.075,34.1938,34.077,34.1447,33.837,38.8607,197.457,1.68994,9.97949,0.00290888,0.0100971,0.100764
44.56,2,0.00290888,9.97778,-0.458229,14,2,-131.153,34.0085,33.8085,34.0315,33.9977,38.8369,197.656,1.69014,9.97778,0.00290888,0.0100954,0.10073
44.58,2.1,0.00305433,9.97778,-0.447353,14,2,-131.594,34,34.12,34.12,34.12,38.8132,197.854,1.69034,9.97778,0.00305433,0.0106002,0.105766
44.6,2.1,0.00305433,9.95723,-0.437509,14,2,-133.7,34.04,33.96,34.176,33.904,38.7894,198.052,1.69056,9.95723,0.00305433,0.0105783,0.105331
44.62,2.2,0.00319977,9.95556,-0.411768,14,2,-135.548,34,33.9781,34.1381,33.84,38.7655,198.249,1.69077,9.95556,0.00319977,0.0110802,0.11031
44.64,2.38471,0.00346842,9.93503,-0.367898,14,2,-134.306,34.04,33.9755,33.84,34.0522,38.7417,198.447,1.691,9.93503,0.00346842,0.0119858,0.119079
44.66,2.4777,0.00360366,9.93333,-0.324476,14,2,-135.554,34.04,33.9778,33.6935,33.9957,38.7179,198.644,1.69125,9.93333,0.00360366,0.012451,0.12368
44.68,2.5,0.0036361,9.93333,-0.304358,14,2,-140,34.0333,33.82,33.74,34.2401,38.694,198.841,1.6915,9.93333,0.0036361,0.0125631,0.124793
44.7,2.32034,0.0033748,9.93333,-0.309954,14,2,-140.779,33.9044,33.96,33.88,33.943,38.67,199.038,1.69175,9.93333,0.0033748,0.0116602,0.115825
44.72,2.02145,0.00294007,9.91369,-0.323498,14,2,-145.571,33.88,33.8172,33.8743,33.9343,38.646,199.236,1.69197,9.91369,0.00294007,0.0101381,0.100506
44.74,1.73977,0.00253039,9.91111,-0.330013,14,2,-145.602,33.872,33.808,33.9282,33.88,38.6221,199.432,1.69216,9.91111,0.00253039,0.00872315,0.0864561
44.76,1.51803,0.00220789,9.91111,-0.324771,14,2,-146,33.8361,33.8328,33.96,33.96,38.5981,199.629,1.69232,9.91111,0.00220789,0.00761135,0.0754369
44.78,1.32133,0.0019218,9.89136,-0.307943,14,2,-144,33.8144,33.8485,33.8085,33.9141,38.574,199.826,1.69246,9.89136,0.0019218,0.0066119,0.0654007
44.8,1.1171,0.00162476,9.88889,-0.290247,14,2,-147.658,33.8468,33.9395,33.7405,34.0068,38.55,200.022,1.69258,9.88889,0.00162476,0.00558854,0.0552645
44.82,0.921836,0.00134076,9.88889,-0.290115,14,2,-150,33.72,33.7724,33.7825,33.7462,38.526,200.218,1.69268,9.88889,0.00134076,0.00461168,0.0456044
44.84,0.715186,0.0010402,9.88889,-0.312729,14,2,-151.696,33.7043,33.8496,33.6861,33.6618,38.5019,200.414,1.69277,9.88889,0.0010402,0.00357787,0.0353812
44.86,0.62243,0.000905288,9.86904,-0.346945,14,2,-152,33.711,33.7738,33.68,33.7951,38.4779,200.611,1.69283,9.86904,0.000905288,0.00310759,0.0306689
44.88,0.5,0.000727221,9.86667,-0.384086,14,2,-154,33.7069,33.8131,33.6733,33.5801,38.4538,200.807,1.69289,9.86667,0.000727221,0.00249574,0.0246246
44.9,0.320536,0.0004662,9.86667,-0.420816,14,2,-154.821,33.5764,33.6564,33.5764,33.5282,38.4298,201.002,1.69293,9.86667,0.0004662,0.00159995,0.0157861
44.92,0.218851,0.000318306,9.84653,-0.448313,14,2,-156,33.64,33.6725,33.56,33.5275,38.4058,201.198,1.69295,9.84653,0.000318306,0.00109016,0.0107343
44.94,0.112138,0.000163098,9.84444,-0.457038,14,2,-156,33.4897,33.64,33.52,33.4897,38.3818,201.393,1.69297,9.84444,0.000163098,0.000558472,0.00549785
44.96,0.0189096,2.75029e-05,9.82422,-0.450348,14,2,-157.622,33.6249,33.52,33.4876,33.48,38.3578,201.589,1.69298,9.82422,2.75029e-05,9.39807e-05,0.000923287
44.98,0,0,9.82222,-0.444326,14,2,-158,33.48,33.56,33.52,33.5539,38.3339,201.784,1.69298,9.82222,0,0,0
45,0,0,9.82222,-0.45084,14,2,-159.176,33.4247,33.48,33.4,33.52,38.3099,201.979,1.69298,9.82222,0,0,0
45.02,0,0,9.80184,-0.464828,14,2,-160,33.4668,33.6268,33.3666,33.4668,38.286,202.174,1.69298,9.80184,0,0,0
45.04,0,0,9.8,-0.473673,14,2,-160,33.4,33.48,33.4644,33.3356,38.2621,202.368,1.69298,9.8,0,0,0
45.06,0,0,9.7797,-0.473518,14,2,-158.344,33.3669,33.52,33.3669,33.3269,38.2383,202.562,1.69298,9.7797,0,0,0
45.08,0.184772,0.000268741,9.77778,-0.471086,13.9391,2,-162,33.3939,33.3661,33.3261,33.36,38.2144,202.757,1.69298,9.77778,0.000268741,0.000913977,0.00893667
45.1,0.278176,0.000404591,9.77203,-0.471264,14,2,-160.436,33.3287,33.4175,33.3287,33.3287,38.1906,202.951,1.69301,9.77203,0.000404591,0.00137519,0.0134384
45.12,0.481486,0.000700293,9.75693,-0.468146,14,2,-163.63,33.36,33.3926,33.32,33.3052,38.1668,203.144,1.69304,9.75693,0.000700293,0.0023766,0.0231883
45.14,0.678469,0.000986793,9.74933,-0.4532,14,2,-164,33.2258,33.3286,33.24,33.2658,38.143,203.338,1.6931,9.74933,0.000986793,0.00334629,0.032624
45.16,0.8,0.00116355,9.7347,-0.427908,14,2,-164.382,33.3047,33.32,33.24,33.2076,38.1192,203.531,1.69317,9.7347,0.00116355,0.00393977,0.0383525
45.18,0.9,0.001309,9.73333,-0.401903,14,2,-165.702,33.1719,33.32,33.2,33.206,38.0955,203.725,1.69326,9.73333,0.001309,0.00443162,0.0431344
45.2,0.9,0.001309,9.72742,-0.380462,14,2,-166,33.2323,33.2077,33.1755,33.3045,38.0717,203.918,1.69335,9.72742,0.001309,0.00442893,0.0430821
45.22,0.814826,0.00118512,9.71221,-0.361141,14,2,-166,33.16,33.3081,33.16,33.2178,38.0479,204.111,1.69343,9.71221,0.00118512,0.00400351,0.038883
45.24,0.514723,0.000748634,9.71111,-0.34147,14,2,-166,33.1941,33.24,33.08,33.16,38.0241,204.303,1.69351,9.71111,0.000748634,0.00252872,0.0245567
45.26,0.140674,0.000204602,9.70521,-0.321106,14,2,-166,33.1681,33.2081,33.16,33.0719,38.0004,204.496,1.69354,9.70521,0.000204602,0.00069068,0.0067032
45.28,-0.169611,-0.000246689,9.69,-0.302683,14,2,-166,33.16,33.1661,33.0922,33.0739,37.9766,204.689,1.69354,9.69,-0.000246689,-0.00083145,-0.00805675
45.3,-0.479446,-0.000697326,9.68889,-0.297442,14.3178,2,-166,33.0647,33.16,33.04,33.16,37.9529,204.881,1.6935,9.68889,-0.000697326,-0.00235002,-0.0227691
45.32,-0.782631,-0.00113829,9.68889,-0.317173,14.4,2,-166,33.1392,33.0139,33.0139,33.0139,37.9292,205.073,1.69344,9.68889,-0.00113829,-0.00383609,-0.0371675
45.34,-0.986029,-0.00143412,9.68278,-0.357123,14.7441,2,-166,33.0056,33.2288,33,33.0344,37.9055,205.266,1.69335,9.68278,-0.00143412,-0.00483001,-0.046768
45.36,-1.18019,-0.00171652,9.66808,-0.398017,15.4415,2,-164,32.9842,32.9675,33,32.92,37.8818,205.458,1.69325,9.66808,-0.00171652,-0.00577233,-0.0558074
45.38,-1.3,-0.00189077,9.66667,-0.423227,16.6852,2,-160.287,33,33.0685,32.9885,32.92,37.8582,205.649,1.69312,9.66667,-0.00189077,-0.00635739,-0.0614548
45.4,-1.4,-0.00203622,9.64444,-0.430755,17.833,2,-154.835,32.8884,32.9051,32.9833,32.88,37.8347,205.841,1.69299,9.64444,-0.00203622,-0.00683068,-0.0658781
45.42,-1.5,-0.00218166,9.64444,-0.432602,18.7294,2,-148.706,32.8212,33.0118,32.8212,32.92,37.8112,206.033,1.69285,9.64444,-0.00218166,-0.00731859,-0.0705837
45.44,-1.6,-0.00232711,9.64444,-0.438018,19.5435,2,-137.13,32.7887,32.9313,32.8113,32.92,37.7877,206.224,1.6927,9.64444,-0.00232711,-0.0078065,-0.0752893
45.46,-1.7,-0.00247255,9.62457,-0.438686,20.3111,2,-125.778,32.8267,32.9822,32.8178,32.8267,37.7643,206.415,1.69254,9.62457,-0.00247255,-0.00827731,-0.0796655
45.48,-1.7,-0.00247255,9.62222,-0.419031,20.7328,2,-112.688,32.7933,32.8867,32.8,32.8666,37.7409,206.606,1.69237,9.62222,-0.00247255,-0.00827529,-0.0796267
45.5,-1.7,-0.00247255,9.60247,-0.377033,20.8,2,-96.1099,32.7938,32.88,32.7916,32.9116,37.7176,206.797,1.6922,9.60247,-0.00247255,-0.00825831,-0.0793002
45.52,-1.78051,-0.00258965,9.6,-0.330416,21.2,2,-79.9489,32.7844,32.88,32.7922,32.88,37.6944,206.988,1.69204,9.6,-0.00258965,-0.00864719,-0.083013
45.54,-1.88711,-0.00274469,9.6,-0.300764,21.2,2,-65.0313,32.7252,32.7652,32.72,32.8103,37.6712,207.178,1.69186,9.6,-0.00274469,-0.00916489,-0.087983
45.56,-1.98001,-0.00287981,9.6,-0.290219,21.6,2,-47.9991,32.736,32.912,32.656,32.768,37.648,207.369,1.69167,9.6,-0.00287981,-0.00961608,-0.0923143
45.58,-2,-0.00290888,9.57947,-0.283806,21.6,2,-36.6121,32.6522,32.6584,32.72,32.7661,37.6249,207.559,1.69148,9.57947,-0.00290888,-0.00969239,-0.0928479
45.6,-2,-0.00290888,9.57778,-0.274594,21.6,2,-18.4987,32.735,32.8633,32.72,32.7283,37.6019,207.75,1.69128,9.57778,-0.00290888,-0.00969068,-0.0928152
45.62,-2,-0.00290888,9.57778,-0.267084,22,2,-1.35735,32.6068,32.7268,32.7864,32.76,37.5789,207.94,1.69109,9.57778,-0.00290888,-0.00969068,-0.0928152
45.64,-2,-0.00290888,9.57778,-0.255706,22,2,0.737604,32.6498,32.76,32.72,32.8702,37.5559,208.13,1.6909,9.57778,-0.00290888,-0.00969068,-0.0928152
45.66,-2,-0.00290888,9.55758,-0.224505,22,2,26.4507,32.6,32.8645,32.64,32.7923,37.533,208.32,1.6907,9.55758,-0.00290888,-0.00967024,-0.0924241
45.68,-1.91488,-0.00278508,9.55556,-0.173091,22,2,7.70234,32.6519,32.7319,32.7081,32.76,37.5101,208.51,1.69051,9.55556,-0.00278508,-0.00925673,-0.0884532
45.7,-1.9,-0.00276344,9.55556,-0.124497,22,2,-2.21711,32.6,32.8329,32.64,32.7843,37.4873,208.699,1.69033,9.55556,-0.00276344,-0.00918478,-0.0877657
45.72,-1.9,-0.00276344,9.55556,-0.104389,21.6,2,41.7734,32.5664,32.632,32.64,32.76,37.4646,208.889,1.69014,9.55556,-0.00276344,-0.00918478,-0.0877657
45.74,-1.9,-0.00276344,9.55556,-0.122316,21.6,2,5.56198,32.7404,33.0015,32.64,32.6662,37.4418,209.079,1.68996,9.55556,-0.00276344,-0.00918478,-0.0877657
45.76,-1.9,-0.00276344,9.55556,-0.166619,21.6,2,21.4477,32.514,32.4851,32.6085,32.7345,37.4191,209.269,1.68978,9.55556,-0.00276344,-0.00918478,-0.0877657
45.78,-1.9,-0.00276344,9.55556,-0.207179,21.6,2,35.818,32.7382,32.9564,32.6,32.7273,37.3965,209.458,1.68959,9.55556,-0.00276344,-0.00918478,-0.0877657
45.8,-2,-0.00290888,9.53583,-0.212693,21.9151,2,68.1237,32.4485,32.8255,32.72,32.72,37.3738,209.648,1.68941,9.53583,-0.00290888,-0.00964823,-0.0920039
45.82,-2,-0.00290888,9.53333,-0.176213,21.6,2,109.662,32.72,32.92,32.64,32.7679,37.3513,209.837,1.68921,9.53333,-0.00290888,-0.00964571,-0.0919558
45.84,-2.08477,-0.00303218,9.53333,-0.118222,21.6,2,121.391,32.4922,31.9905,32.7539,32.7878,37.3288,210.027,1.68902,9.53333,-0.00303218,-0.0100546,-0.0958536
45.86,-2.2,-0.00319977,9.53333,-0.0640718,20.5721,2,139.896,32.5772,33.0653,32.6258,32.8,37.3063,210.216,1.68881,9.53333,-0.00319977,-0.0106103,-0.101151
45.88,-2.38329,-0.00346635,9.53333,-0.0267984,19.6668,2,174.647,32.5199,32.5535,32.6067,32.7667,37.2839,210.405,1.68859,9.53333,-0.00346635,-0.0114943,-0.109579
45.9,-2.57961,-0.00375189,9.53333,-0.00733503,19.6,2,158.699,32.6408,32.5911,32.6082,32.6645,37.2615,210.595,1.68835,9.53333,-0.00375189,-0.0124411,-0.118605
45.92,-2.76158,-0.00401656,9.53333,-0.000318492,19.6,2,146.305,32.6246,32.7507,32.6554,32.6893,37.2392,210.784,1.68809,9.53333,-0.00401656,-0.0133188,-0.126972
45.94,-2.9,-0.00421788,9.53333,0.00200575,19.6,2,150.331,32.5652,32.5289,32.64,32.7548,37.2169,210.973,1.68782,9.53333,-0.00421788,-0.0139863,-0.133336
45.96,-3.16121,-0.00459779,9.53333,0.00786215,19.6,2,159.284,32.6078,33.1445,32.7045,32.7355,37.1947,211.163,1.68753,9.53333,-0.00459779,-0.0152461,-0.145346
45.98,-3.3,-0.00479966,9.53333,0.0248099,19.6,2,150,32.6,32.3224,32.7094,32.7894,37.1725,211.352,1.68722,9.53333,-0.00479966,-0.0159155,-0.151728
46,-3.3,-0.00479966,9.53333,0.0580437,19.6,2,153.415,32.6,32.908,32.7058,32.8917,37.1504,211.542,1.68689,9.53333,-0.00479966,-0.0159155,-0.151728
46.02,-3.37777,-0.00491277,9.53333,0.106946,19.2889,2,158.222,32.56,32.6578,32.6578,32.7867,37.1283,211.731,1.68657,9.53333,-0.00491277,-0.0162906,-0.155304
46.04,-3.4,-0.0049451,9.53333,0.159282,19.2,2,161.818,32.6982,32.7927,32.72,32.8364,37.1063,211.92,1.68625,9.53333,-0.0049451,-0.0163978,-0.156326
46.06,-3.3,-0.00479966,9.53333,0.189108,19.2,2,151.615,32.4929,32.7911,32.72,32.5806,37.0844,212.11,1.68592,9.53333,-0.00479966,-0.0159155,-0.151728
46.08,-3.3,-0.00479966,9.55314,0.172325,19.2,2,156.745,32.6,32.4382,32.6251,32.9135,37.0625,212.299,1.6856,9.55314,-0.00479966,-0.0159486,-0.152359
46.1,-3.2,-0.00465421,9.55556,0.113496,19.2,2,150,32.56,33.0332,32.6,32.5668,37.0406,212.489,1.68529,9.55556,-0.00465421,-0.0154692,-0.147817
46.12,-3.1,-0.00450877,9.55556,0.0501095,18.8861,2,148,32.5914,32.3489,32.6572,32.7803,37.0188,212.679,1.68498,9.55556,-0.00450877,-0.0149858,-0.143197
46.14,-2.73322,-0.0039753,9.54965,0.0218138,18.8,2,146.332,32.5666,32.8269,32.72,33.4136,36.9971,212.869,1.68469,9.54965,-0.0039753,-0.0132045,-0.126098
46.16,-2.44146,-0.00355095,9.53498,0.0343027,18.8,2,153.171,32.6317,32.6097,32.7283,32.7824,36.9754,213.059,1.68445,9.53498,-0.00355095,-0.0117768,-0.112292
46.18,-2.05709,-0.00299192,9.55556,0.0581485,18.8,2,142.381,32.6552,33.0534,32.7848,32.7543,36.9538,213.248,1.68423,9.55556,-0.00299192,-0.00994419,-0.0950223
46.2,-1.62491,-0.00236334,9.55556,0.0650094,18.4498,2,140.498,32.71,32.7799,32.72,33.0401,36.9322,213.438,1.68405,9.55556,-0.00236334,-0.00785498,-0.0750587
46.22,-1.24238,-0.00180696,9.55556,0.0526411,18.4,2,138.424,32.72,32.6315,32.72,32.8132,36.9106,213.628,1.68391,9.55556,-0.00180696,-0.00600575,-0.0573883
46.24,-0.818031,-0.00118978,9.55556,0.0333336,18.4,2,136,32.6,32.8912,32.7312,32.6767,36.889,213.818,1.68381,9.55556,-0.00118978,-0.00395443,-0.0377868
46.26,-0.430381,-0.000625964,9.55556,0.0163738,17.6608,2,132.304,32.7078,32.6182,32.7261,32.6157,36.8675,214.008,1.68375,9.55556,-0.000625964,-0.0020805,-0.0198803
46.28,-0.138663,-0.000201677,9.55556,0.00496251,17.2773,2,128.773,32.5677,32.7509,32.7845,32.7845,36.8459,214.198,1.68373,9.55556,-0.000201677,-0.000670307,-0.00640515
46.3,0.173846,0.000252848,9.55556,-0.00107625,16.8,2,126.262,32.7791,32.7095,32.7252,33.0086,36.8244,214.387,1.68373,9.55556,0.000252848,0.000840384,0.00803034
46.32,0.477821,0.000694962,9.55556,-0.00326752,16.8,2,122.444,32.5777,32.8177,32.7023,32.6044,36.8029,214.577,1.68376,9.55556,0.000694962,0.00230983,0.0220717
46.34,0.763657,0.00111069,9.55556,-0.00328582,16.8,2,118.363,32.7855,32.6073,32.7818,32.8364,36.7813,214.767,1.68382,9.55556,0.00111069,0.00369158,0.0352751
46.36,1.07047,0.00155694,9.55556,-0.00242099,16.8,2,114.886,32.6177,32.9705,32.76,32.8964,36.7598,214.957,1.68391,9.55556,0.00155694,0.00517477,0.0494478
46.38,1.46053,0.00212425,9.55556,-0.00146126,16.8,2,113.211,32.7684,32.4632,32.8,32.8805,36.7382,215.147,1.68403,9.55556,0.00212425,0.00706031,0.0674652
46.4,1.85628,0.00269986,9.55556,-0.000776246,16.8,2,102.291,32.7775,32.9817,32.7942,32.8291,36.7166,215.337,1.68419,9.55556,0.00269986,0.00897346,0.0857464
46.42,2.15416,0.0031331,9.55556,-0.000453617,16.4917,2,96.9168,32.7325,32.6458,32.8,32.76,36.6949,215.527,1.68438,9.55556,0.0031331,0.0104134,0.0995062
46.44,2.64962,0.00385372,9.55556,-0.000412192,16.4,2,90.6717,32.8202,32.7731,32.7667,32.8998,36.6733,215.717,1.68461,9.55556,0.00385372,0.0128086,0.122393
46.46,2.95707,0.00430088,9.55556,-0.000465993,16.4,2,86.4293,32.7028,32.6942,32.7686,32.72,36.6515,215.907,1.68489,9.55556,0.00430088,0.0142948,0.136595
46.48,3.28135,0.00477253,9.55556,-0.000347943,16.0746,2,82.2381,32.8,32.8576,32.7675,32.7552,36.6297,216.096,1.68519,9.55556,0.00477253,0.0158624,0.151574
46.5,3.48777,0.00507275,9.55556,0.000276062,16,2,74.4893,32.64,32.48,32.7951,32.6302,36.6079,216.286,1.68552,9.55556,0.00507275,0.0168603,0.16111
46.52,3.78104,0.00549931,9.55556,0.00175687,16,2,68.7582,32.7276,32.8897,32.7848,32.6931,36.586,216.476,1.68587,9.55556,0.00549931,0.0182781,0.174657
46.54,3.98513,0.00579614,9.55556,0.00432111,16,2,64.2973,32.7022,32.64,32.76,32.8297,36.564,216.666,1.68624,9.55556,0.00579614,0.0192647,0.184085
46.56,4.17723,0.00607554,9.55556,0.00778998,16,2,59.3661,32.7691,32.8,32.8618,32.6309,36.542,216.856,1.68664,9.55556,0.00607554,0.0201933,0.192959
46.58,4.3,0.0062541,9.55556,0.0111429,16,2,70.7714,32.7857,32.3589,32.7672,32.6461,36.5198,217.046,1.68705,9.55556,0.0062541,0.0207868,0.19863
46.6,4.47877,0.00651411,9.55556,0.0119955,16,2,48.4245,32.7685,32.8266,32.76,32.9115,36.4976,217.235,1.68747,9.55556,0.00651411,0.0216511,0.206888
46.62,4.6,0.00669043,9.55556,0.00621876,16,2,45.6279,32.7281,32.7764,32.7361,32.8236,36.4753,217.425,1.68791,9.55556,0.00669043,0.0222371,0.212488
46.64,4.7836,0.00695746,9.55556,-0.0118472,16,2,38.328,32.7666,32.421,32.76,32.6334,36.453,217.615,1.68837,9.55556,0.00695746,0.0231247,0.220969
46.66,4.97909,0.0072418,9.55556,-0.0478755,16,2,32.8362,32.72,33.0066,32.7516,32.5767,36.4305,217.805,1.68884,9.55556,0.0072418,0.0240698,0.23
46.68,5.18051,0.00753475,9.55556,-0.103866,16,2,27.559,32.72,32.5268,32.7366,32.5444,36.4079,217.995,1.68933,9.55556,0.00753475,0.0250435,0.239305
46.7,5.48595,0.007979,9.55556,-0.171614,16.3438,2,24.5618,32.72,32.6175,32.7256,32.7375,36.3853,218.184,1.68984,9.55556,0.007979,0.0265201,0.253415
46.72,5.77688,0.00840214,9.55556,-0.229685,16,2,20.4623,32.6,32.4555,32.72,32.6553,36.3625,218.374,1.69039,9.55556,0.00840214,0.0279266,0.266854
46.74,5.97935,0.00869661,9.53333,-0.257848,16,2,16.413,32.7035,32.5587,32.6565,32.7035,36.3397,218.564,1.69096,9.53333,0.00869661,0.0288382,0.274924
46.76,6.08267,0.00884689,9.53333,-0.259241,16,2,12.6931,32.1739,32.5077,32.6331,32.6992,36.3168,218.753,1.69154,9.53333,0.00884689,0.0293365,0.279675
46.78,6.1,0.00887209,9.53333,-0.255123,16,2,10.3698,33.3334,32.6978,32.7052,32.5674,36.2938,218.942,1.69213,9.53333,0.00887209,0.0294201,0.280472
46.8,6.01461,0.0087479,9.53333,-0.254522,16.4,2,13.4154,32.0194,32.4742,32.7083,32.4975,36.2707,219.131,1.69272,9.53333,0.0087479,0.0290083,0.276546
46.82,5.82237,0.00846829,9.52468,-0.242941,16.7105,2,18.4208,33.021,32.5553,32.6358,32.5384,36.2474,219.321,1.69329,9.52468,0.00846829,0.0280556,0.26722
46.84,5.5344,0.00804946,9.51111,-0.204497,16.8,2,2.34401,32.5832,32.5931,32.6994,32.5794,36.2241,219.51,1.69384,9.51111,0.00804946,0.0266299,0.25328
46.86,5.24195,0.00762411,9.51111,-0.14407,16.8,2,1.25845,32.8529,32.7264,32.6336,32.6948,36.2007,219.698,1.69436,9.51111,0.00762411,0.0252226,0.239895
46.88,4.83568,0.00703321,9.51111,-0.0817303,17.1286,2,11.5025,32.3485,32.4571,32.6329,32.4899,36.1772,219.887,1.69485,9.51111,0.00703321,0.0232677,0.221302
46.9,4.3429,0.00631649,9.51111,-0.0333961,17.6,2,0,33.0999,32.2486,32.7028,32.6656,36.1536,220.076,1.69529,9.51111,0.00631649,0.0208966,0.19875
46.92,3.7609,0.00547,9.51111,-0.00307588,17.6,2,0.0299025,32.3456,32.6707,32.6956,32.3744,36.13,220.265,1.69568,9.51111,0.00547,0.0180961,0.172114
46.94,3.04379,0.00442701,9.51111,0.0127002,18.3416,2,0.0433841,32.7308,32.4584,32.76,32.2858,36.1063,220.453,1.69601,9.51111,0.00442701,0.0146456,0.139296
46.96,2.46165,0.00358032,9.51111,0.0192269,19.1178,2,10.3561,32.4658,32.4778,32.64,32.3162,36.0825,220.642,1.69627,9.51111,0.00358032,0.0118445,0.112654
46.98,1.94562,0.00282979,9.51111,0.0203747,19.9392,2,0,32.6157,32.6643,32.6061,32.28,36.0586,220.831,1.69648,9.51111,0.00282979,0.00936156,0.0890388
47,1.53985,0.00223962,9.51111,0.0170978,20.3203,2,8.80451,32.5759,32.4481,32.6559,32.5922,36.0348,221.02,1.69665,9.51111,0.00223962,0.00740915,0.0704693
47.02,1.31528,0.001913,9.51111,0.00714671,20.4,2,11.6943,32.5817,32.6583,32.6061,32.6245,36.0109,221.208,1.69678,9.51111,0.001913,0.00632863,0.0601923
47.04,1.1209,0.00163028,9.51111,-0.0141545,20.8,2,15.582,32.64,32.4084,32.7033,32.7182,35.987,221.397,1.6969,9.51111,0.00163028,0.00539332,0.0512965
47.06,1.01746,0.00147983,9.51111,-0.0517416,21.2,2,24.3492,32.567,32.64,32.4559,32.579,35.963,221.586,1.697,9.51111,0.00147983,0.00489561,0.0465627
47.08,1,0.00145444,9.51111,-0.106618,21.5188,2,30.3761,32.6081,32.48,32.4743,32.4,35.9391,221.774,1.69709,9.51111,0.00145444,0.0048116,0.0457637
47.1,1,0.00145444,9.51111,-0.169136,21.6,2,13.6716,32.4334,32.6,32.4275,32.514,35.9151,221.963,1.69719,9.51111,0.00145444,0.0048116,0.0457637
47.12,0.821858,0.00119534,9.51111,-0.216296,21.9126,2,26.1858,32.5687,32.4087,32.6313,32.475,35.8911,222.152,1.69728,9.51111,0.00119534,0.00395445,0.0376113
47.14,0.8,0.00116355,9.48889,-0.227241,22,2,32.8372,32.4322,32.5445,32.3665,32.3098,35.8671,222.34,1.69736,9.48889,0.00116355,0.00384029,0.0364401
47.16,0.7,0.00101811,9.48889,-0.207399,22,2,14.1421,32.4465,32.2995,32.5805,32.467,35.8432,222.529,1.69743,9.48889,0.00101811,0.00336025,0.0318851
47.18,0.62023,0.000902089,9.48889,-0.186071,22.3191,2,22.4507,32.32,32.5276,32.2166,32.5924,35.8192,222.717,1.69749,9.48889,0.000902089,0.00297733,0.0282515
47.2,0.415433,0.000604223,9.48889,-0.186732,22.3383,2,52.4316,32.4738,32.3047,32.0588,32.76,35.7952,222.905,1.69755,9.48889,0.000604223,0.00199423,0.018923
47.22,0.222599,0.000323756,9.48889,-0.205939,22.4,2,50.0567,32.289,32.5238,32.6206,32.6786,35.7713,223.093,1.69758,9.48889,0.000323756,0.00106855,0.0101394
47.24,-0.176016,-0.000256004,9.48267,-0.218305,22.4,2,73.2766,32.32,32.3488,32.5856,32.12,35.7473,223.281,1.69758,9.48267,-0.000256004,-0.000844384,-0.00800701
47.26,-0.48203,-0.000701084,9.46796,-0.200493,22,2,119.844,32.2728,32.4112,32.48,32.4728,35.7233,223.47,1.69755,9.46796,-0.000701084,-0.00230881,-0.0218597
47.28,-0.87127,-0.00126721,9.46667,-0.152789,22,2,150.829,32.4228,32.3545,32.5485,32.4687,35.6994,223.657,1.69749,9.46667,-0.00126721,-0.00417261,-0.0395007
47.3,-1.1814,-0.00171827,9.46667,-0.0954207,22,2,142.652,32.32,32.4502,32.56,32.3051,35.6754,223.845,1.69739,9.46667,-0.00171827,-0.00565786,-0.0535611
47.32,-1.48569,-0.00216084,9.46667,-0.0480633,22,2,140.859,32.32,32.3201,32.48,32.4,35.6516,224.033,1.69726,9.46667,-0.00216084,-0.00711513,-0.0673566
47.34,-1.7,-0.00247255,9.46667,-0.0185096,22,2,147.264,32.32,32.3706,32.5379,32.3494,35.6277,224.221,1.6971,9.46667,-0.00247255,-0.00814151,-0.077073
47.36,-1.95688,-0.00284617,9.46667,-0.0048614,22.3138,2,153.138,32.32,32.4345,32.48,32.5428,35.6039,224.409,1.69693,9.46667,-0.00284617,-0.00937177,-0.0887194
47.38,-2.08072,-0.00302628,9.46667,-0.000553574,22.0771,2,159.614,32.3123,32.3123,32.4954,32.5446,35.5801,224.596,1.69673,9.46667,-0.00302628,-0.00996484,-0.0943338
47.4,-2.1,-0.00305433,9.46667,0.00266017,22,2,166.53,32.2853,32.2024,32.4694,32.6,35.5563,224.784,1.69653,9.46667,-0.00305433,-0.0100572,-0.0952079
47.42,-2.17743,-0.00316695,9.46667,0.0132202,22,2,174.708,32.0232,32.2478,32.409,32.4361,35.5326,224.972,1.69633,9.46667,-0.00316695,-0.010428,-0.0987185
47.44,-2.1,-0.00305433,9.46667,0.0384498,22,2,177.641,32.3538,33.1313,32.4656,32.4656,35.5089,225.16,1.69612,9.46667,-0.00305433,-0.0100572,-0.0952079
47.46,-2.2,-0.00319977,9.46667,0.0820474,22,2,195.368,32.7434,32.0819,32.4,32.5942,35.4852,225.348,1.69592,9.46667,-0.00319977,-0.0105361,-0.0997417
47.48,-2.2,-0.00319977,9.46667,0.13931,22.3228,2,187.614,32.3768,32.7565,32.44,32.6077,35.4616,225.536,1.6957,9.46667,-0.00319977,-0.0105361,-0.0997417
47.5,-2.28723,-0.00332664,9.46667,0.192302,22.8,2,186.511,32.4953,32.3217,32.4451,32.6349,35.4381,225.724,1.69549,9.46667,-0.00332664,-0.0109539,-0.103696
47.52,-2.3,-0.00334521,9.47553,0.214787,22.8,2,195.575,32.034,32.5925,32.48,32.6085,35.4145,225.911,1.69527,9.47553,-0.00334521,-0.0110253,-0.104471
47.54,-2.38568,-0.00346983,9.48889,0.192131,22.0573,2,199.427,32.24,32.5202,32.48,32.6,35.391,226.1,1.69505,9.48889,-0.00346983,-0.0114521,-0.108668
47.56,-2.4,-0.00349066,9.48889,0.13704,20.9744,2,203.564,32.7492,31.9564,32.44,32.6087,35.3675,226.288,1.69482,9.48889,-0.00349066,-0.0115209,-0.109321
47.58,-2.58295,-0.00375675,9.48889,0.0802198,20.4,2,207.023,32.5346,32.8,32.5668,32.4936,35.3441,226.476,1.69458,9.48889,-0.00375675,-0.0123991,-0.117654
47.6,-2.85784,-0.00415657,9.48889,0.049213,20.4,2,214.735,32.282,32.2822,32.6084,32.6,35.3206,226.665,1.69432,9.48889,-0.00415657,-0.0137188,-0.130176
47.62,-3.08013,-0.00447987,9.48889,0.0588184,20.8,2,208,32.6318,32.7203,32.5679,32.5679,35.2973,226.853,1.69403,9.48889,-0.00447987,-0.0147858,-0.140301
47.64,-3.26588,-0.00475003,9.48889,0.111574,20.8,2,208.341,32.2527,32.5736,32.6332,32.4936,35.274,227.041,1.69373,9.48889,-0.00475003,-0.0156775,-0.148762
47.66,-3.4,-0.0049451,9.48889,0.195841,20.8849,2,204.849,32.64,32.72,32.64,32.5915,35.2507,227.23,1.69341,9.48889,-0.0049451,-0.0163214,-0.154871
47.68,-3.5,-0.00509054,9.48889,0.283645,20.8,2,208,32.4,32.6073,32.7054,32.7382,35.2276,227.418,1.69308,9.48889,-0.00509054,-0.0168014,-0.159427
47.7,-3.42121,-0.00497595,9.51111,0.342781,20.4848,2,208,32.6945,32.7345,32.72,32.88,35.2044,227.606,1.69274,9.51111,-0.00497595,-0.0164616,-0.156568
47.72,-3.5,-0.00509054,9.51111,0.356433,20.4,2,206,32.568,32.728,32.8,32.8323,35.1813,227.795,1.69241,9.51111,-0.00509054,-0.0168407,-0.160174
47.74,-3.4,-0.0049451,9.51709,0.324993,20.4,2,202.207,32.7526,32.7526,32.9485,32.24,35.1583,227.984,1.69207,9.51709,-0.0049451,-0.0163699,-0.155793
47.76,-3.21462,-0.00467548,9.53225,0.258252,20.4,2,202,32.4975,32.6517,32.0126,32.5474,35.1353,228.173,1.69175,9.53225,-0.00467548,-0.015502,-0.147769
47.78,-3.11956,-0.00453722,9.53333,0.177664,20.4,2,199.609,32.6,32.5922,32.5374,32.9765,35.1123,228.363,1.69145,9.53333,-0.00453722,-0.0150453,-0.143431
47.8,-3,-0.00436332,9.53333,0.113362,20.4,2,198.262,32.4905,32.6,32.8695,32.6715,35.0894,228.552,1.69115,9.53333,-0.00436332,-0.0144686,-0.137934
47.82,-3,-0.00436332,9.53333,0.088224,20.4,2,196,32.5345,32.6,33.097,32.9889,35.0665,228.741,1.69087,9.53333,-0.00436332,-0.0144686,-0.137934
47.84,-2.81599,-0.00409569,9.53333,0.107354,20.4,2,194,32.56,32.7072,33.0256,33.2,35.0437,228.931,1.69058,9.53333,-0.00409569,-0.0135811,-0.129474
47.86,-2.621,-0.0038121,9.53333,0.15669,20,2,192.84,32.6316,32.7916,32.7792,33.3664,35.0209,229.12,1.69032,9.53333,-0.0038121,-0.0126408,-0.120509
47.88,-2.5,-0.0036361,9.53333,0.206697,20,2,194.77,32.72,32.7923,32.1754,32.7786,34.9982,229.309,1.69007,9.53333,-0.0036361,-0.0120572,-0.114945
47.9,-2.58712,-0.00376281,9.55556,0.230763,20.3485,2,189.742,32.6503,32.8,32.6709,32.6091,34.9755,229.499,1.68983,9.55556,-0.00376281,-0.0125064,-0.119506
47.92,-2.6,-0.00378155,9.55556,0.229349,20.4,2,189.125,32.6938,32.8,32.79,32.8175,34.9528,229.688,1.68958,9.55556,-0.00378155,-0.0125687,-0.120101
47.94,-2.6,-0.00378155,9.55556,0.225703,20.4,2,178.915,32.6522,32.8122,32.72,32.7661,34.9302,229.878,1.68933,9.55556,-0.00378155,-0.0125687,-0.120101
47.96,-2.6,-0.00378155,9.55556,0.233438,20.0891,2,180.664,32.72,32.8,32.8622,32.7911,34.9076,230.068,1.68908,9.55556,-0.00378155,-0.0125687,-0.120101
47.98,-2.6,-0.00378155,9.55556,0.237605,20,2,178.343,32.64,32.7669,32.7806,32.8663,34.8851,230.258,1.68883,9.55556,-0.00378155,-0.0125687,-0.120101
48,-2.5,-0.0036361,9.57778,0.21302,20,2,178.412,32.6565,32.7918,32.88,32.8635,34.8626,230.448,1.68858,9.57778,-0.0036361,-0.0121134,-0.116019
48.02,-2.41765,-0.00351633,9.57778,0.156366,20,2,181.647,32.72,32.76,32.8659,32.8659,34.8401,230.638,1.68834,9.57778,-0.00351633,-0.0117143,-0.112197
48.04,-2.32049,-0.00337501,9.57778,0.0908213,20,2,180,32.7518,32.6646,32.8164,32.9118,34.8177,230.828,1.68811,9.57778,-0.00337501,-0.0112436,-0.107688
48.06,-2.3,-0.00334521,9.57778,0.0433914,20,2,175.03,32.5875,32.9382,32.8,32.92,34.7953,231.018,1.68789,9.57778,-0.00334521,-0.0111443,-0.106738
48.08,-2.2,-0.00319977,9.57778,0.0295897,20,2,172,32.6855,32.8,32.8941,32.88,34.7729,231.209,1.68767,9.57778,-0.00319977,-0.0106598,-0.102097
48.1,-2.11788,-0.00308033,9.57778,0.0543115,20,2,170,32.8143,32.9499,33.0185,32.9128,34.7506,231.399,1.68746,9.57778,-0.00308033,-0.0102618,-0.0982856
48.12,-1.91429,-0.00278422,9.57778,0.113837,20,2,168.286,32.7543,33,32.9886,33.0343,34.7283,231.589,1.68726,9.57778,-0.00278422,-0.00927538,-0.0888375
48.14,-1.73942,-0.00252988,9.57778,0.193432,20,2,169.606,32.92,32.9763,32.9358,33.0721,34.7061,231.779,1.68708,9.57778,-0.00252988,-0.00842808,-0.0807222
48.16,-1.51746,-0.00220706,9.58371,0.268716,20,2,166,32.88,32.941,32.92,33,34.6839,231.97,1.68693,9.58371,-0.00220706,-0.00735715,-0.0705088
48.18,-1.32162,-0.00192221,9.59831,0.318504,20,2,164.865,32.9373,33,32.8886,33.0454,34.6617,232.16,1.68679,9.59831,-0.00192221,-0.0064174,-0.0615962
48.2,-1.11709,-0.00162474,9.6,0.335377,20,2,162.342,32.88,33.0468,32.9132,32.9863,34.6394,232.351,1.68667,9.6,-0.00162474,-0.00542521,-0.0520821
48.22,-0.843192,-0.00122637,9.6,0.317833,20,2,160.432,32.9114,33,32.9827,32.9827,34.6173,232.542,1.68657,9.6,-0.00122637,-0.00409502,-0.0393122
48.24,-0.540634,-0.000786321,9.62222,0.265284,19.6,2,158.406,32.8163,33.16,32.9837,33.0719,34.5951,232.733,1.68651,9.62222,-0.000786321,-0.00263171,-0.0253229
48.26,-0.31738,-0.00046161,9.62222,0.191761,19.6,2,158,32.8991,32.8209,33.007,33.16,34.5729,232.924,1.68647,9.62222,-0.00046161,-0.00154495,-0.0148658
48.28,-0.0216286,-3.14575e-05,9.62222,0.12806,19.6,2,156.433,32.826,32.854,32.9827,33.16,34.5506,233.115,1.68645,9.62222,-3.14575e-05,-0.000105284,-0.00101306
48.3,0,0,9.62222,0.100912,19.2698,2,156.698,32.986,32.92,33.033,33.033,34.5284,233.306,1.68645,9.62222,0,0,0
48.32,0.1,0.000145444,9.62222,0.117363,19.2,2,157.109,32.92,33.2933,33.0089,33.0711,34.5062,233.497,1.68646,9.62222,0.000145444,0.000486781,0.00468392
48.34,0.1,0.000145444,9.62222,0.162814,19.2,2,153.069,32.9857,32.9299,33.1386,33.1929,34.484,233.688,1.68647,9.62222,0.000145444,0.000486781,0.00468392
48.36,0.284203,0.000413356,9.62222,0.20496,19.2,2,150.632,33,33.1558,33.04,33.4694,34.4618,233.88,1.68648,9.62222,0.000413356,0.00138345,0.0133118
48.38,0.3,0.000436332,9.64235,0.211384,19.2,2,148.36,33.04,33.036,33.0944,33.3135,34.4396,234.071,1.68651,9.64235,0.000436332,0.0014634,0.0141106
48.4,0.483362,0.000703021,9.64444,0.175021,19.2,2,146.333,33.0067,33.1667,32.94,33.1933,34.4173,234.262,1.68655,9.64444,0.000703021,0.00235835,0.022745
48.42,0.5,0.000727221,9.64444,0.116539,18.8,2,144.444,33.0311,33.0355,32.9822,33.0355,34.395,234.454,1.6866,9.64444,0.000727221,0.00243953,0.0235279
48.44,0.6,0.000872665,9.64444,0.0611913,18.8,2,142.391,32.9434,33.0322,33,33.0478,34.3727,234.646,1.68665,9.64444,0.000872665,0.00292743,0.0282335
48.46,0.7,0.00101811,9.64444,0.0218328,18.8,2,140.32,32.92,32.9392,33,33.1408,34.3504,234.837,1.68672,9.64444,0.00101811,0.00341534,0.032939
48.48,0.8,0.00116355,9.64444,-0.000305548,18.8,2,142.814,32.9358,33.0084,33,33.0958,34.3281,235.029,1.68679,9.64444,0.00116355,0.00390324,0.0376446
48.5,0.9,0.001309,9.64444,-0.00936212,18.8,2,136,32.7939,33.0583,33.0061,33.0245,34.3058,235.221,1.68687,9.64444,0.001309,0.00439115,0.0423502
48.52,1.07636,0.00156551,9.64444,-0.010575,18.8,2,132.473,33.0095,32.92,33.1222,32.9811,34.2834,235.412,1.68697,9.64444,0.00156551,0.00525164,0.0506492
48.54,1.2,0.00174533,9.64444,-0.00822291,18.8,2,130.363,32.8873,33.04,33.04,33.1455,34.261,235.604,1.68708,9.64444,0.00174533,0.00585487,0.056467
48.56,1.3847,0.00201397,9.64444,-0.00503371,18.8,2,128.306,33.0555,32.9322,33.04,33.3755,34.2387,235.795,1.6872,9.64444,0.00201397,0.00675605,0.0651584
48.58,1.57813,0.0022953,9.64444,-0.00235897,18.8,2,134.251,32.915,33.005,33.08,33.48,34.2162,235.987,1.68735,9.64444,0.0022953,0.0076998,0.0742603
48.6,1.6853,0.00245117,9.64444,-0.000617095,18.8,2,124,33.0224,33.04,33.0459,32.9553,34.1938,236.178,1.68751,9.64444,0.00245117,0.0082227,0.0793034
48.62,1.77687,0.00258435,9.64444,0.000271811,18.8,2,122,32.957,32.9815,33.0707,32.6433,34.1713,236.37,1.68768,9.64444,0.00258435,0.00866945,0.083612
48.64,1.98249,0.00288341,9.64444,0.000571693,18.47,2,125.548,32.772,33,33.061,32.92,34.1488,236.562,1.68786,9.64444,0.00288341,0.00967269,0.0932877
48.66,2.07876,0.00302343,9.64444,0.000550499,18.4,2,118,33.1685,32.88,33.04,33.0715,34.1263,236.753,1.68806,9.64444,0.00302343,0.0101424,0.0978177
48.68,2.38182,0.00346421,9.64444,0.000403664,18.4,2,116,32.8218,32.8982,33.1782,32.9855,34.1037,236.945,1.68827,9.64444,0.00346421,0.0116211,0.112079
48.7,2.5,0.0036361,9.64444,0.000240615,18.8,2,114,33.1428,33.0714,33.0714,33.1342,34.081,237.136,1.68852,9.64444,0.0036361,0.0121977,0.11764
48.72,2.78033,0.00404383,9.64444,0.000101015,18.8,2,112,32.8157,32.8879,33.0721,33.04,34.0584,237.328,1.68877,9.64444,0.00404383,0.0135655,0.130831
48.74,2.9807,0.00433526,9.64444,-1.99752e-05,18.8,2,110,33.1368,32.9846,33.16,33.0323,34.0356,237.519,1.68905,9.64444,0.00433526,0.0145431,0.14026
48.76,3.18478,0.00463207,9.64444,-0.000146651,18.4,2,109.696,32.9383,33.0739,33.16,33.04,34.0128,237.711,1.68935,9.64444,0.00463207,0.0155388,0.149863
48.78,3.38023,0.00491635,9.64444,-0.000299284,18.4,2,106,33.0642,32.9437,33.1442,33.0721,33.99,237.902,1.68967,9.64444,0.00491635,0.0164925,0.159061
48.8,3.58709,0.00521722,9.64444,-0.000469993,18.4,2,104.258,32.831,32.9897,33.0697,33.0452,33.9671,238.094,1.69001,9.64444,0.00521722,0.0175018,0.168795
48.82,3.7,0.00538143,9.64444,-0.000596519,18.4,2,102.439,33.2312,32.9063,33.0351,33,33.9441,238.285,1.69037,9.64444,0.00538143,0.0180527,0.174108
48.84,3.7,0.00538143,9.64444,-0.000537612,18.4,2,98.6759,32.9003,32.9132,33,33.04,33.9211,238.477,1.69073,9.64444,0.00538143,0.0180527,0.174108
48.86,3.77914,0.00549654,9.64444,-6.31652e-05,18.4,2,99.5828,33.16,32.945,33.1433,33,33.898,238.668,1.6911,9.64444,0.00549654,0.0184388,0.177832
48.88,3.7,0.00538143,9.64444,0.0011151,18.4,2,96.3721,32.7498,32.88,33.1377,33.0502,33.8748,238.86,1.69147,9.64444,0.00538143,0.0180527,0.174108
48.9,3.71254,0.00539967,9.64444,0.00323453,18.4,2,96.5016,33.23,32.915,33.09,33.075,33.8515,239.051,1.69183,9.64444,0.00539967,0.0181139,0.174698
48.92,3.7,0.00538143,9.64444,0.00625283,18.4,2,94.4045,32.7928,32.9757,33.0405,33.04,33.8282,239.243,1.69219,9.64444,0.00538143,0.0180527,0.174108
48.94,3.8,0.00552688,9.64444,0.00947797,18.4,2,92.2479,33.2103,33.04,33.1402,32.9398,33.8048,239.434,1.69255,9.64444,0.00552688,0.0185406,0.178814
48.96,3.8,0.00552688,9.64444,0.0110969,18.4,2,92,32.8545,32.9122,32.9667,32.9844,33.7813,239.626,1.69292,9.64444,0.00552688,0.0185406,0.178814
48.98,3.77804,0.00549494,9.64444,0.00776668,18.4,2,90,33.1649,32.9463,32.9239,32.9824,33.7578,239.817,1.69329,9.64444,0.00549494,0.0184335,0.17778
49,3.8,0.00552688,9.64444,-0.00537636,18.4,2,88.361,32.9417,33.0295,33.04,32.9089,33.7342,240.009,1.69366,9.64444,0.00552688,0.0185406,0.178814
49.02,3.8,0.00552688,9.64444,-0.0337003,18.4,2,86.4448,33.1911,33.0845,33.0489,32.9111,33.7105,240.2,1.69403,9.64444,0.00552688,0.0185406,0.178814
49.04,3.8,0.00552688,9.64444,-0.0802864,18.4,2,86,33.1093,32.8507,33.04,33,33.6868,240.392,1.69441,9.64444,0.00552688,0.0185406,0.178814
49.06,3.8,0.00552688,9.64444,-0.140662,18.4,2,84.2935,32.8,33.0117,33.0459,32.7835,33.663,240.583,1.69478,9.64444,0.00552688,0.0185406,0.178814
49.08,3.8,0.00552688,9.64444,-0.197417,18.0806,2,84,33.1278,32.8,33.0961,32.92,33.6391,240.774,1.69515,9.64444,0.00552688,0.0185406,0.178814
49.1,3.8,0.00552688,9.6356,-0.224531,17.6606,2,82,33.0339,32.88,33.0461,33,33.6151,240.966,1.69552,9.6356,0.00552688,0.0185236,0.178486
49.12,3.72376,0.00541598,9.62222,-0.206591,17.6,2,85.0498,33.04,32.7695,32.996,33.0495,33.5911,241.157,1.69589,9.62222,0.00541598,0.0181267,0.174419
49.14,3.7,0.00538143,9.62222,-0.153795,17.6,2,80,32.9131,32.9863,33.1325,33.0469,33.5671,241.348,1.69625,9.62222,0.00538143,0.0180111,0.173307
49.16,3.62141,0.00526713,9.62222,-0.0920253,17.6,2,76.4282,33.0314,32.88,33.0714,32.92,33.543,241.539,1.6966,9.62222,0.00526713,0.0176285,0.169625
49.18,3.6,0.00523599,9.62222,-0.0416966,17.6,2,76,33.0069,33,33.0746,32.92,33.5188,241.73,1.69695,9.62222,0.00523599,0.0175243,0.168622
49.2,3.6,0.00523599,9.62222,-0.0096693,17.6,2,77.1678,33.0317,32.88,33.0499,33.1267,33.4946,241.92,1.6973,9.62222,0.00523599,0.0175243,0.168622
49.22,3.6,0.00523599,9.62222,0.00616332,17.6,2,72.74,33,32.8222,33.04,32.9852,33.4702,242.111,1.69765,9.62222,0.00523599,0.0175243,0.168622
49.24,3.6,0.00523599,9.62222,0.0110415,17.2,2,70,33.04,32.815,33.0725,32.8875,33.4459,242.302,1.698,9.62222,0.00523599,0.0175243,0.168622
49.26,3.6,0.00523599,9.62222,0.0100846,17.2,2,68,33.0341,32.9141,33.0224,32.9706,33.4214,242.493,1.69836,9.62222,0.00523599,0.0175243,0.168622
49.28,3.51837,0.00511727,9.62222,0.00697898,17.2,2,64.735,32.9094,32.92,32.942,32.782,33.3969,242.684,1.6987,9.62222,0.00511727,0.0171269,0.164799
49.3,3.52196,0.00512248,9.62222,0.00382204,17.2,2,62.4391,33.0137,32.9063,32.9376,32.7512,33.3723,242.875,1.69904,9.62222,0.00512248,0.0171444,0.164967
49.32,3.5,0.00509054,9.62222,0.00148484,17.2,2,60.443,33.0177,32.64,33.0311,32.7646,33.3477,243.066,1.69939,9.62222,0.00509054,0.0170375,0.163938
49.34,3.5,0.00509054,9.62222,9.20948e-05,17.2,2,58,32.92,33.1431,33.0719,32.9837,33.323,243.257,1.69973,9.62222,0.00509054,0.0170375,0.163938
49.36,3.5,0.00509054,9.62222,-0.000576655,17.2,2,56,33,32.9595,33.0137,33.0132,33.2982,243.447,1.70007,9.62222,0.00509054,0.0170375,0.163938
49.38,3.5,0.00509054,9.62222,-0.000821947,17.2,2,52.2578,33.0245,32.9845,33.0348,32.92,33.2733,243.638,1.70041,9.62222,0.00509054,0.0170375,0.163938
49.4,3.5,0.00509054,9.62222,-0.00087996,17.2,2,50.3926,33.0636,33.16,33,33.0321,33.2484,243.829,1.70075,9.62222,0.00509054,0.0170375,0.163938
49.42,3.4168,0.00496953,9.62222,-0.000858427,16.8,2,48.3359,32.92,32.2736,33.0198,33.0333,33.2235,244.02,1.70109,9.62222,0.00496953,0.0166325,0.160041
49.44,3.4,0.0049451,9.62222,-0.000716899,16.8,2,46,33.1485,33.6219,33.0227,32.9373,33.1984,244.211,1.70142,9.62222,0.0049451,0.0165507,0.159254
49.46,3.22277,0.00468733,9.62222,-0.000274116,16.8,2,42.9109,33,32.9022,33.04,32.9818,33.1733,244.402,1.70174,9.62222,0.00468733,0.015688,0.150953
49.48,3.2,0.00465421,9.62222,0.000751055,16.8,2,40.3375,33.0603,32.959,32.947,33.0068,33.1482,244.592,1.70205,9.62222,0.00465421,0.0155771,0.149886
49.5,3.1,0.00450877,9.62222,0.00263673,16.8,2,38,32.9833,33.0753,33.0084,32.92,33.123,244.783,1.70236,9.62222,0.00450877,0.0150903,0.145202
49.52,2.92011,0.00424713,9.62222,0.0054527,16.4,2,34.4023,33.048,32.7678,32.9361,33.0161,33.0977,244.974,1.70266,9.62222,0.00424713,0.0142146,0.136777
49.54,2.81467,0.00409377,9.62222,0.00872167,15.6587,2,31.7066,32.9317,33.0576,33.04,33.1483,33.0724,245.165,1.70293,9.62222,0.00409377,0.0137014,0.131837
49.56,2.72226,0.00395936,9.62222,0.0109648,15.289,2,28.8902,33,32.7911,32.9467,33.2044,33.047,245.355,1.7032,9.62222,0.00395936,0.0132515,0.127509
49.58,2.71832,0.00395363,9.62222,0.00925535,14.8733,2,26.3663,32.8873,33.0473,32.9127,33.0107,33.0215,245.546,1.70347,9.62222,0.00395363,0.0132323,0.127324
49.6,2.7,0.00392699,9.62222,-0.00091842,14.8,2,22.4338,33.0313,32.786,32.9826,32.9113,32.9961,245.737,1.70373,9.62222,0.00392699,0.0131432,0.126466
49.62,2.7,0.00392699,9.62222,-0.0249543,14.4,2,18.3901,32.9034,32.9844,32.9844,32.9122,32.9705,245.928,1.70399,9.62222,0.00392699,0.0131432,0.126466
49.64,2.61317,0.0038007,9.62222,-0.0668658,14,2,13.5805,32.9042,32.8105,32.92,32.8695,32.9449,246.118,1.70425,9.62222,0.0038007,0.0127205,0.122399
49.66,2.6,0.00378155,9.62222,-0.124689,14,2,6.79998,32.944,32.912,32.936,32.832,32.9193,246.309,1.70451,9.62222,0.00378155,0.0126564,0.121782
49.68,2.6,0.00378155,9.62222,-0.185746,13.6,2,0.879381,32.8936,32.8176,32.9112,32.9112,32.8936,246.5,1.70476,9.62222,0.00378155,0.0126564,0.121782
49.7,2.51796,0.00366222,9.61321,-0.231137,13.2,2,-3.48622,32.9415,32.8,32.7672,33.1713,32.8679,246.691,1.70501,9.61321,0.00366222,0.0122455,0.117719
49.72,2.4146,0.00351189,9.6,-0.253615,12.8,2,-6.83239,32.7658,32.7658,32.8858,33.1358,32.8422,246.881,1.70525,9.6,0.00351189,0.0117267,0.112576
49.74,2.21485,0.00322136,9.6,-0.268425,12.8,2,13.6248,32.8681,32.76,32.7497,32.2803,32.8164,247.071,1.70548,9.6,0.00322136,0.0107566,0.103263
49.76,2.02173,0.00294049,9.6,-0.295589,12.0869,2,-31.1307,32.7548,32.6574,32.88,32.2052,32.7906,247.261,1.70568,9.6,0.00294049,0.00981871,0.0942597
49.78,1.91644,0.00278734,9.6,-0.33351,11.6657,2,-12.301,32.7934,32.7069,32.7666,33.0006,32.7648,247.452,1.70587,9.6,0.00278734,0.00930732,0.0893503
49.8,1.82031,0.00264753,9.57778,-0.361771,10.8812,2,3.24925,32.6562,32.6562,32.76,32.7131,32.7389,247.642,1.70605,9.57778,0.00264753,0.00882001,0.0844761
49.82,1.71915,0.0025004,9.57778,-0.36572,9.0298,2,-22.2129,32.7923,32.7047,32.857,32.6323,32.7131,247.832,1.70622,9.57778,0.0025004,0.00832986,0.0797815
49.84,1.6,0.00232711,9.56872,-0.346391,6.55902,2,0.964222,32.72,32.64,32.8159,32.7547,32.6872,248.021,1.70639,9.56872,0.00232711,0.00774521,0.0741117
49.86,1.5189,0.00220915,9.55556,-0.316078,3.82678,2,-78.3306,32.8,32.6,32.76,32.72,32.6614,248.211,1.70654,9.55556,0.00220915,0.00734249,0.0701616
49.88,1.31469,0.00191214,9.55556,-0.294319,0.293773,2,-115.006,32.6059,32.6341,32.7941,32.72,32.6355,248.4,1.70668,9.55556,0.00191214,0.00635532,0.0607286
49.9,1.3,0.00189077,9.55556,-0.295496,0,2,-145.728,32.7922,32.6078,32.72,32.64,32.6096,248.589,1.7068,9.55556,0.00189077,0.00628432,0.0600501
49.92,1.03138,0.00150009,9.54618,-0.317161,0,2,-179.489,32.6,32.6337,32.64,32.5726,32.5837,248.779,1.70692,9.54618,0.00150009,0.0049809,0.0475486
49.94,0.820127,0.00119283,9.53333,-0.350111,0,2,-226.767,32.72,32.6081,32.6239,32.4961,32.5578,248.968,1.707,9.53333,0.00119283,0.00395535,0.0377076
49.96,0.535084,0.000778248,9.53333,-0.391941,0,2,-273.439,32.633,32.56,32.567,32.48,32.5319,249.157,1.70707,9.53333,0.000778248,0.00258063,0.024602
49.98,0.228139,0.000331815,9.52429,-0.442119,0,2,-322.372,32.5713,32.4913,32.4913,32.4687,32.506,249.345,1.70711,9.52429,0.000331815,0.00109924,0.0104695
50,0.0192188,2.79526e-05,9.51111,-0.496183,0,2,-371.544,32.48,32.48,32.4,32.4077,32.4801,249.534,1.70712,9.51111,2.79526e-05,9.2473e-05,0.000879521
50.02,-0.283698,-0.000412623,9.50177,-0.552546,0,2,-421.479,32.3396,32.4465,32.28,32.2865,32.4543,249.722,1.70711,9.50177,-0.000412623,-0.0013637,-0.0129576
50.04,-0.478857,-0.00069647,9.48889,-0.615826,0,2,-470.503,32.3831,32.4,32.2485,32.1769,32.4285,249.911,1.70707,9.48889,-0.00069647,-0.00229869,-0.021812
50.06,-0.680445,-0.000989668,9.48289,-0.686949,0,2,-515.307,32.2713,32.2878,32.1278,32.1522,32.4027,250.098,1.70701,9.48289,-0.000989668,-0.00326432,-0.0309552
50.08,-0.8,-0.00116355,9.4676,-0.755172,0,2,-555.415,32.2748,32.2852,32.0852,32.12,32.377,250.286,1.70694,9.4676,-0.00116355,-0.00383167,-0.0362768
50.1,-0.9,-0.001309,9.43845,-0.812171,0,2,-601.994,32.1746,32.1746,31.96,32.0654,32.3513,250.474,1.70686,9.43845,-0.001309,-0.00429736,-0.0405604
50.12,-1.08512,-0.00157824,9.42333,-0.874445,0,2,-641.024,32.16,32.126,31.8579,31.8519,32.3257,250.661,1.70677,9.42333,-0.00157824,-0.00517298,-0.0487467
50.14,-1.17868,-0.00171433,9.41642,-0.973211,0,2,-676.589,31.9685,32.0256,31.76,31.8085,32.3002,250.847,1.70666,9.41642,-0.00171433,-0.0056149,-0.0528722
50.16,-1.28305,-0.00186612,9.40126,-1.11403,0,2,-710.949,31.92,31.96,31.68,31.6271,32.2748,251.033,1.70654,9.40126,-0.00186612,-0.00610222,-0.0573686
50.18,-1.37923,-0.002006,9.38018,-1.26038,0,2,-745.092,31.6966,31.7932,31.6,31.5449,32.2493,251.22,1.70641,9.38018,-0.002006,-0.00654494,-0.0613927
50.2,-1.4,-0.00203622,9.32743,-1.36902,0,2,-775.62,31.6936,31.7932,31.52,31.5004,32.224,251.405,1.70628,9.32743,-0.00203622,-0.00660616,-0.0616185
50.22,-1.4,-0.00203622,9.31284,-1.43027,0,2,-802.534,31.5373,31.6487,31.3287,31.4487,32.1989,251.59,1.70615,9.31284,-0.00203622,-0.00659582,-0.0614259
50.24,-1.4,-0.00203622,9.2905,-1.45812,0,2,-831.722,31.6,31.64,31.2171,31.3371,32.1738,251.774,1.70601,9.2905,-0.00203622,-0.00658,-0.0611315
50.26,-1.4,-0.00203622,9.24921,-1.46141,0,2,-867.631,31.3782,31.4891,31.1909,31.1291,32.1488,251.958,1.70588,9.24921,-0.00203622,-0.00655076,-0.0605893
50.28,-1.3,-0.00189077,9.22385,-1.44709,0,2,-880.206,31.372,31.372,31.0179,31.04,32.1239,252.141,1.70575,9.22385,-0.00189077,-0.00606617,-0.0559535
50.3,-1.11942,-0.00162813,9.1941,-1.42959,0,2,-903.67,31.2,31.3278,30.96,30.9678,32.0992,252.323,1.70564,9.1941,-0.00162813,-0.00520668,-0.0478707
50.32,-0.830053,-0.00120726,9.17889,-1.41856,0,2,-928.705,31.132,31.126,30.812,30.846,32.0745,252.505,1.70555,9.17889,-0.00120726,-0.00385438,-0.0353789
50.34,-0.619288,-0.000900717,9.12702,-1.41668,0,2,-944.071,31.04,31.12,30.72,30.7031,32.0499,252.687,1.70548,9.12702,-0.000900717,-0.00285943,-0.0260981
50.36,-0.234132,-0.000340531,9.11234,-1.4345,0,2,-962.293,30.9005,30.9668,30.5805,30.64,32.0254,252.868,1.70544,9.11234,-0.000340531,-0.00107932,-0.00983509
50.38,0.0796055,0.000115781,9.09125,-1.48438,0,2,-979.961,30.8082,30.8963,30.4963,30.48,32.001,253.048,1.70543,9.09125,0.000115781,0.000366121,0.0033285
50.4,0.463239,0.000673754,9.04854,-1.5627,0,2,-1012.49,30.7021,30.6474,30.3674,30.32,31.9766,253.228,1.70546,9.04854,0.000673754,0.00212052,0.0191876
50.42,0.766859,0.00111535,9.02406,-1.65561,0,2,-1010.67,30.5399,30.64,30.24,30.1733,31.9524,253.407,1.70551,9.02406,0.00111535,0.00350087,0.031592
50.44,1.05508,0.00153455,8.98766,-1.74882,0,2,-1027.35,30.462,30.387,30.107,30.178,31.9282,253.585,1.7056,8.98766,0.00153455,0.00479723,0.0431159
50.46,1.35668,0.00197321,8.95865,-1.82046,0,2,-1038.7,30.2747,30.3373,30.0087,30.0487,31.904,253.763,1.70571,8.95865,0.00197321,0.00614863,0.0550834
50.48,1.58299,0.00230237,8.91488,-1.84319,0,2,-1050.98,30.1932,30.2,29.8136,29.8204,31.88,253.94,1.70584,8.91488,0.00230237,0.00713927,0.0636458
50.5,1.77905,0.00258753,8.86039,-1.80951,0,2,-1062.74,30.0735,30.0968,29.76,29.6251,31.856,254.117,1.70599,8.86039,0.00258753,0.00797445,0.0706567
50.52,1.88093,0.0027357,8.84579,-1.74694,0,2,-1074.86,30.0647,30.0476,29.6076,29.6,31.8322,254.292,1.70616,8.84579,0.0027357,0.00841722,0.074457
50.54,2,0.00290888,8.79397,-1.70055,0,2,-1085.13,29.795,29.8117,29.48,29.4458,31.8083,254.467,1.70633,8.79397,0.00290888,0.00889763,0.0782455
50.56,2.17711,0.00316648,8.77942,-1.70213,0,2,-1108.92,29.76,29.7692,29.4092,29.3383,31.7846,254.641,1.70652,8.77942,0.00316648,0.00966956,0.0848932
50.58,2.28223,0.00331936,8.75749,-1.74541,0,2,-1103.29,29.6213,29.5671,29.1484,29.1413,31.7609,254.814,1.70672,8.75749,0.00331936,0.0101111,0.0885477
50.6,2.37907,0.00346021,8.69275,-1.79506,0,2,-1120.6,29.4484,29.5684,29.0884,29.0167,31.7371,254.988,1.70692,8.69275,0.00346021,0.0104622,0.0909455
50.62,2.48095,0.0036084,8.65771,-1.83582,0,2,-1128.29,29.3429,29.3029,28.9352,28.9352,31.7136,255.159,1.70713,8.65771,0.0036084,0.0108663,0.0940773
50.64,2.6,0.00378155,8.63231,-1.88882,0,2,-1127.48,29.1007,29.1252,28.8503,28.7652,31.6901,255.331,1.70736,8.63231,0.00378155,0.0113543,0.0980138
50.66,2.7,0.00392699,8.60328,-1.96408,0,2,-1133.54,29.12,29.0182,28.7074,28.6491,31.6666,255.501,1.70759,8.60328,0.00392699,0.0117514,0.1011
50.68,2.7,0.00392699,8.56,-2.02911,0,2,-1159.53,28.8325,28.8644,28.6081,28.5363,31.6432,255.671,1.70782,8.56,0.00392699,0.0116922,0.100086
50.7,2.7,0.00392699,8.49878,-2.04247,0,2,-1157.4,28.6981,28.834,28.3721,28.446,31.6198,255.84,1.70806,8.49878,0.00392699,0.0116086,0.0986592
50.72,2.71677,0.00395138,8.46888,-2.00006,0,2,-1153.33,28.6733,28.6134,28.28,28.1868,31.5966,256.008,1.70829,8.46888,0.00395138,0.0116396,0.0985747
50.74,2.8,0.00407243,8.4162,-1.93787,0,2,-1157.71,28.5375,28.4858,28.16,28.12,31.5734,256.176,1.70852,8.4162,0.00407243,0.0119216,0.100335
50.76,2.77947,0.00404258,8.40147,-1.89679,0,2,-1163.18,28.36,28.3282,28.0082,27.9682,31.5504,256.342,1.70876,8.40147,0.00404258,0.0118135,0.0992507
50.78,2.7,0.00392699,8.35878,-1.8915,0,2,-1167.7,28.2178,28.2859,27.8459,27.8059,31.5273,256.508,1.709,8.35878,0.00392699,0.0114174,0.0954354
50.8,2.7,0.00392699,8.30522,-1.91603,0,2,-1171.61,28.1845,28.1278,27.6555,27.7033,31.5043,256.673,1.70922,8.30522,0.00392699,0.0113442,0.0942164
50.82,2.8,0.00407243,8.29012,-1.9651,0,2,-1174,28.0198,27.9064,27.5732,27.5464,31.4814,256.838,1.70945,8.29012,0.00407243,0.011743,0.0973509
50.84,2.8,0.00407243,8.23182,-2.03385,0,2,-1179.6,27.8322,27.84,27.3922,27.3681,31.4585,257.001,1.70969,8.23182,0.00407243,0.0116604,0.0959866
50.86,2.8,0.00407243,8.20251,-2.10938,0,2,-1186.95,27.68,27.654,27.32,27.2211,31.4358,257.164,1.70992,8.20251,0.00407243,0.0116189,0.0953041
50.88,2.8,0.00407243,8.15869,-2.17322,0,2,-1215.14,27.4343,27.4114,27.0572,27.0057,31.413,257.326,1.71015,8.15869,0.00407243,0.0115568,0.0942887
50.9,2.8,0.00407243,8.09934,-2.212,0,2,-1195.5,27.385,27.27,26.935,26.9025,31.3904,257.487,1.71038,8.09934,0.00407243,0.0114728,0.0929218
50.92,2.8,0.00407243,8.06924,-2.2299,0,2,-1196.06,27.095,27.0937,26.7806,26.76,31.3679,257.647,1.71061,8.06924,0.00407243,0.0114301,0.0922325
50.94,2.87926,0.00418771,8.00968,-2.24795,0,2,-1196,26.9834,27.0083,26.5932,26.6566,31.3455,257.807,1.71084,8.00968,0.00418771,0.0116669,0.0934483
50.96,3.08267,0.00448356,7.98026,-2.28691,0,2,-1199.65,26.8347,26.7808,26.4469,26.4608,31.3232,257.965,1.71108,7.98026,0.00448356,0.0124453,0.0993166
50.98,3.2,0.00465421,7.9384,-2.34686,0,2,-1203.32,26.72,26.6576,26.2576,26.3063,31.3009,258.122,1.71133,7.9384,0.00465421,0.0128512,0.102018
51,3.38165,0.00491841,7.8769,-2.40266,0,2,-1204,26.502,26.4473,26.1273,26.1273,31.2787,258.279,1.7116,7.8769,0.00491841,0.0134755,0.106145
51.02,3.58677,0.00521675,7.8464,-2.41937,0,2,-1206,26.4106,26.4053,25.9412,25.9653,31.2566,258.435,1.71187,7.8464,0.00521675,0.0142376,0.111714
51.04,3.77835,0.00549538,7.77402,-2.37535,0,2,-1208,26.1546,26.2487,25.7773,25.8087,31.2346,258.589,1.71216,7.77402,0.00549538,0.0148597,0.11552
51.06,3.98304,0.00579309,7.72111,-2.28865,0,2,-1210,26.1532,26.0204,25.6604,25.6936,31.2128,258.743,1.71247,7.72111,0.00579309,0.0155581,0.120126
51.08,4.28665,0.00623468,7.69084,-2.21802,0,2,-1212,25.9414,25.8507,25.52,25.5307,31.191,258.895,1.71279,7.69084,0.00623468,0.0166784,0.128271
51.1,4.58171,0.00666382,7.65473,-2.21264,0,2,-1214,25.7746,25.702,25.382,25.2946,31.1693,259.047,1.71313,7.65473,0.00666382,0.0177428,0.135816
51.12,4.88567,0.00710592,7.62436,-2.26484,0,2,-1216,25.5372,25.6,25.1772,25.1315,31.1476,259.198,1.7135,7.62436,0.00710592,0.0188449,0.14368
51.14,5.16131,0.00750682,7.54288,-2.33148,0,2,-1214.39,25.4555,25.351,25.031,24.9755,31.1259,259.349,1.71389,7.54288,0.00750682,0.0196954,0.14856
51.16,5.46656,0.00795079,7.51352,-2.38702,0,2,-1219.67,25.1801,25.1267,24.8467,24.8134,31.1045,259.498,1.71429,7.51352,0.00795079,0.020779,0.156124
51.18,5.75661,0.00837265,7.47165,-2.42907,0,2,-1221.57,25.12,25,24.6747,24.586,31.083,259.646,1.71471,7.47165,0.00837265,0.0217597,0.162581
51.2,6.06474,0.00882081,7.40477,-2.45665,0,2,-1222,24.8682,24.8353,24.52,24.4871,31.0616,259.793,1.71516,7.40477,0.00882081,0.0227192,0.168231
51.22,6.37882,0.00927762,7.36062,-2.47739,0,2,-1223.58,24.72,24.6231,24.3539,24.3685,31.0403,259.939,1.71562,7.36062,0.00927762,0.0237534,0.17484
51.24,6.67932,0.00971468,7.31608,-2.51193,0,2,-1224,24.5283,24.5131,24.2,24.1765,31.0191,260.084,1.71611,7.31608,0.00971468,0.024722,0.180868
51.26,6.88273,0.0100105,7.2705,-2.56607,0,2,-1222.35,24.4138,24.2607,23.9476,24.0138,30.998,260.229,1.71661,7.2705,0.0100105,0.0253161,0.184061
51.28,7.18552,0.0104509,7.22541,-2.61314,0,2,-1226,24.2058,24.1658,23.8684,23.7774,30.9769,260.372,1.71712,7.22541,0.0104509,0.0262661,0.189783
51.3,7.48074,0.0108803,7.14375,-2.61878,0,2,-1227.61,24.0954,24.0154,23.6308,23.6077,30.9559,260.515,1.71766,7.14375,0.0108803,0.0270362,0.19314
51.32,7.86959,0.0114459,7.11338,-2.57577,0,2,-1228,23.8861,23.7782,23.4922,23.4582,30.935,260.655,1.71821,7.11338,0.0114459,0.0283208,0.201456
51.34,8.26172,0.0120162,7.04769,-2.50532,0,2,-1229.62,23.6706,23.6553,23.3353,23.2877,30.9141,260.796,1.71879,7.04769,0.0120162,0.0294575,0.207607
51.36,8.66529,0.0126032,7.00375,-2.43951,0,2,-1230,23.6,23.4608,23.1739,23.1408,30.8934,260.934,1.71939,7.00375,0.0126032,0.030704,0.215043
51.38,9.07394,0.0131975,6.95839,-2.40899,0,2,-1230,23.3513,23.2504,23.0104,22.9652,30.8727,261.073,1.72002,6.95839,0.0131975,0.0319439,0.222278
51.4,9.56024,0.0139048,6.91525,-2.42786,0,2,-1231.2,23.2241,23.0959,22.808,22.7039,30.852,261.21,1.72067,6.91525,0.0139048,0.0334474,0.231298
51.42,10.068,0.0146434,6.8702,-2.48403,0,2,-1232,22.9856,22.9328,22.64,22.4992,30.8314,261.346,1.72135,6.8702,0.0146434,0.0349948,0.240421
51.44,10.5589,0.0153572,6.80338,-2.55572,0,2,-1232,22.8565,22.6729,22.4482,22.3447,30.8108,261.481,1.72207,6.80338,0.0153572,0.0363442,0.247263
51.46,11.1448,0.0162095,6.75949,-2.63482,0,2,-1234,22.6147,22.4874,22.28,22.1821,30.7903,261.615,1.72281,6.75949,0.0162095,0.0381139,0.25763
51.48,11.6712,0.0169751,6.71428,-2.72119,0,2,-1234,22.5373,22.2915,22.1258,21.9715,30.7699,261.748,1.72359,6.71428,0.0169751,0.0396476,0.266205
51.5,12.3433,0.0179526,6.6489,-2.80202,0,2,-1234,22.3124,22.1676,21.8951,21.8476,30.7495,261.881,1.7244,6.6489,0.0179526,0.0415228,0.276081
51.52,12.9557,0.0188433,6.6033,-2.85409,0,2,-1235.7,22.1836,21.9036,21.8059,21.6859,30.7292,262.011,1.72525,6.6033,0.0188433,0.0432843,0.28582
51.54,13.6441,0.0198445,6.52148,-2.86387,0,2,-1234,21.8725,21.8475,21.5749,21.5424,30.7089,262.141,1.72613,6.52148,0.0198445,0.04502,0.293597
51.56,14.442,0.021005,6.49106,-2.83392,0,2,-1236,21.8632,21.5774,21.3832,21.3258,30.6887,262.27,1.72705,6.49106,0.021005,0.0474313,0.307879
51.58,15.1221,0.0219941,6.418,-2.77213,0,2,-1236,21.5834,21.52,21.1912,21.1756,30.6685,262.397,1.72802,6.418,0.0219941,0.0491065,0.315165
51.6,15.8608,0.0230685,6.35965,-2.69243,0,2,-1236,21.4852,21.1809,21.0452,20.9305,30.6485,262.524,1.72902,6.35965,0.0230685,0.0510378,0.324583
51.62,16.5412,0.0240582,6.31551,-2.62358,0,2,-1238,21.2235,21.0957,20.8392,20.7357,30.6284,262.649,1.73006,6.31551,0.0240582,0.0528588,0.33383
51.64,17.3437,0.0252254,6.26191,-2.59804,0,2,-1238,21.0569,20.8169,20.6569,20.4969,30.6084,262.773,1.73114,6.26191,0.0252254,0.054954,0.344117
51.66,18.0186,0.026207,6.21037,-2.63104,0,2,-1238,20.9363,20.6563,20.4644,20.4163,30.5885,262.896,1.73225,6.21037,0.026207,0.0566235,0.351653
51.68,18.6566,0.0271349,6.17989,-2.70692,0,2,-1237.71,20.7431,20.4458,20.3316,20.1774,30.5685,263.018,1.7334,6.17989,0.0271349,0.0583416,0.360545
51.7,19.2416,0.0279857,6.0933,-2.78598,0,2,-1238,20.5678,20.1901,20.0956,19.9834,30.5485,263.139,1.73458,6.0933,0.0279857,0.0593287,0.361507
51.72,19.8534,0.0288756,6.04827,-2.83587,0,2,-1238.31,20.4462,19.7103,19.8648,19.7848,30.5287,263.259,1.73578,6.04827,0.0288756,0.0607639,0.367516
51.74,20.3566,0.0296075,5.99535,-2.84549,0,2,-1240,20.1089,20.5595,19.7031,19.6,30.5088,263.378,1.73701,5.99535,0.0296075,0.0617598,0.370272
51.76,20.8357,0.0303043,5.92924,-2.81188,0,2,-1240,20.0629,19.4314,19.6086,19.3857,30.489,263.495,1.73825,5.92924,0.0303043,0.0625171,0.370679
51.78,21.3558,0.0310607,5.87111,-2.74029,0,2,-1240,19.8636,19.6328,19.3718,19.2177,30.4692,263.612,1.73951,5.87111,0.0310607,0.0634503,0.372523
51.8,21.8604,0.0317946,5.82675,-2.64729,0,2,-1240,19.52,19.3434,19.2158,19.12,30.4495,263.727,1.74079,5.82675,0.0317946,0.0644597,0.37559
51.82,22.4522,0.0326554,5.77208,-2.54729,0,2,-1240.32,19.5327,19.16,19.0064,18.9055,30.4299,263.841,1.74209,5.77208,0.0326554,0.0655849,0.378561
51.84,22.9586,0.0333919,5.71477,-2.45072,0,2,-1240.41,19.2166,19.0083,18.8731,18.7448,30.4102,263.955,1.74341,5.71477,0.0333919,0.0663994,0.379458
51.86,23.4652,0.0341287,5.67077,-2.377,0,2,-1240,19.2139,18.6748,18.72,18.647,30.3906,264.067,1.74475,5.67077,0.0341287,0.067343,0.381887
51.88,23.8711,0.0347191,5.62643,-2.35131,0,2,-1241.71,18.9716,18.8227,18.5431,18.4116,30.3709,264.178,1.7461,5.62643,0.0347191,0.0679733,0.382448
51.9,24.2613,0.0352867,5.58226,-2.38619,0,2,-1240.39,18.88,18.4219,18.36,18.3277,30.3513,264.288,1.74747,5.58226,0.0352867,0.068543,0.382625
51.92,24.6679,0.035878,5.53689,-2.4717,0,2,-1242,18.6721,18.3872,18.2193,18.0657,30.3317,264.398,1.74884,5.53689,0.035878,0.0691262,0.382744
51.94,24.9584,0.0363005,5.48346,-2.58187,0,2,-1242,18.5117,18.2333,18.04,17.905,30.3121,264.506,1.75023,5.48346,0.0363005,0.0692659,0.379817
51.96,25.1805,0.0366235,5.4266,-2.69106,0,2,-1242,18.2868,17.9844,17.9034,17.6634,30.2926,264.614,1.75162,5.4266,0.0366235,0.0691583,0.375294
51.98,25.4712,0.0370464,5.37315,-2.78655,0,2,-1242,18.04,17.7488,17.7258,17.463,30.2731,264.72,1.753,5.37315,0.0370464,0.0692686,0.372191
52,25.7631,0.0374709,5.31539,-2.86698,0,2,-1242,17.9022,17.4474,17.4917,17.2548,30.2536,264.825,1.75438,5.31539,0.0374709,0.0693098,0.368409
52.02,26.1708,0.0380639,5.26061,-2.93414,0,2,-1240.29,17.6058,17.2634,17.2634,17.0917,30.2342,264.929,1.75577,5.26061,0.0380639,0.0696821,0.366571
52.04,26.639,0.0387448,5.19428,-2.99175,0,2,-1242,17.4725,17.12,17.0881,16.8407,30.2149,265.032,1.75717,5.19428,0.0387448,0.0700356,0.363785
52.06,27.1483,0.0394856,5.13792,-3.04468,0,2,-1242,17.1807,16.8676,16.8276,16.6607,30.1957,265.133,1.75858,5.13792,0.0394856,0.0706016,0.362745
52.08,27.7353,0.0403394,5.09401,-3.08543,0,2,-1242,17.0972,16.6486,16.6172,16.5059,30.1766,265.233,1.75999,5.09401,0.0403394,0.0715134,0.36429
52.1,28.3484,0.041231,5.00397,-3.09259,0,2,-1242,16.7944,16.5338,16.5007,16.2938,30.1575,265.333,1.76143,5.00397,0.041231,0.0718038,0.359304
52.12,28.9323,0.0420804,4.94902,-3.06001,0,2,-1242,16.698,16.289,16.2271,16.138,30.1385,265.431,1.76287,4.94902,0.0420804,0.0724798,0.358704
52.14,29.7278,0.0432374,4.89207,-3.00804,0,2,-1242,16.4472,16.1817,16.0544,15.8944,30.1197,265.527,1.76433,4.89207,0.0432374,0.0736182,0.360146
52.16,30.5392,0.0444175,4.84,-2.9536,0,2,-1242,16.2243,15.8704,15.96,15.6982,30.1009,265.623,1.76581,4.84,0.0444175,0.0748252,0.362154
52.18,31.3963,0.0456641,4.77365,-2.89168,0,2,-1242,16.0566,15.5532,15.72,15.4883,30.0822,265.717,1.76732,4.77365,0.0456641,0.0758735,0.362194
52.2,32.3474,0.0470473,4.71547,-2.81186,0,2,-1242,15.9011,15.2158,15.5011,15.2558,30.0636,265.81,1.76885,4.71547,0.0470473,0.0772223,0.364139
52.22,33.3655,0.0485281,4.66211,-2.71568,0,2,-1244,15.689,15.4752,15.32,15.0979,30.0451,265.902,1.77041,4.66211,0.0485281,0.0787551,0.367165
52.24,34.5055,0.0501862,4.6032,-2.61647,0,2,-1243.62,15.5427,15.2205,15.1676,14.9027,30.0266,265.993,1.772,4.6032,0.0501862,0.0804212,0.370195
52.26,35.814,0.0520893,4.55984,-2.53119,0,2,-1242.29,15.3772,14.92,14.9087,14.6744,30.0083,266.082,1.77363,4.55984,0.0520893,0.0826902,0.377054
52.28,37.2541,0.0541839,4.50635,-2.4752,0,2,-1244,15.2219,14.8219,14.88,14.4654,29.9899,266.171,1.7753,4.50635,0.0541839,0.0850125,0.383097
52.3,38.9094,0.0565914,4.44829,-2.46726,0,2,-1244,15.0654,14.76,14.5939,14.0847,29.9716,266.259,1.77703,4.44829,0.0565914,0.0876535,0.389908
52.32,40.7048,0.0592027,4.41328,-2.52808,0,2,-1244,14.8234,14.5268,14.3512,13.9834,29.9535,266.346,1.77881,4.41328,0.0592027,0.0909857,0.401546
52.34,42.7597,0.0621914,4.37298,-2.65308,0,2,-1244,14.6625,14.1425,14.2632,14.1488,29.9353,266.431,1.78066,4.37298,0.0621914,0.0947175,0.414198
52.36,44.8724,0.0652642,4.30681,-2.79802,0,2,-1244,14.48,13.8648,14.0966,13.8414,29.9171,266.516,1.78259,4.30681,0.0652642,0.0979062,0.421663
52.38,47.3244,0.0688306,4.23992,-2.9147,0,2,-1244,14.2634,13.8517,13.9317,13.6059,29.899,266.6,1.78459,4.23992,0.0688306,0.101669,0.431067
52.4,49.752,0.0723614,4.18218,-2.99025,0,2,-1242,14.12,13.4858,13.7029,13.4476,29.881,266.682,1.78666,4.18218,0.0723614,0.105446,0.440994
52.42,52.2395,0.0759792,4.12817,-3.03981,0,2,-1242,13.9307,13.44,13.48,13.1414,29.8632,266.763,1.78881,4.12817,0.0759792,0.109308,0.451242
52.44,54.5813,0.0793852,4.06169,-3.0792,0,2,-1242,13.7673,13.1565,13.2292,12.9019,29.8453,266.843,1.79103,4.06169,0.0793852,0.112389,0.456487
52.46,57.0261,0.0829412,4.00432,-3.11511,0,2,-1244,13.469,12.8574,13.0516,12.6974,29.8276,266.922,1.79331,4.00432,0.0829412,0.115787,0.463646
52.48,59.3551,0.0863285,3.94248,-3.14808,0,2,-1244,13.2163,12.7127,12.9045,12.4882,29.81,267,1.79565,3.94248,0.0863285,0.118677,0.467882
52.5,61.745,0.0898045,3.87087,-3.17773,0,2,-1244,13.0207,12.5548,12.7058,12.2052,29.7925,267.076,1.79805,3.87087,0.0898045,0.121238,0.469296
52.52,64.0535,0.093162,3.81797,-3.20519,0,2,-1244,12.8482,12.2729,12.64,12.0646,29.7751,267.151,1.8005,3.81797,0.093162,0.124077,0.473723
52.54,66.5243,0.0967557,3.75107,-3.22571,0,2,-1242,12.5834,12.0976,12.3776,11.8117,29.7578,267.224,1.80301,3.75107,0.0967557,0.126635,0.475016
52.56,68.8218,0.100097,3.68557,-3.22469,0,2,-1242,12.4893,11.9078,12.1693,11.5971,29.7406,267.297,1.80557,3.68557,0.100097,0.128749,0.474513
52.58,71.2764,0.103667,3.61765,-3.19,0,2,-1243.63,12.2224,11.6224,11.9424,11.4075,29.7235,267.368,1.80816,3.61765,0.103667,0.130915,0.473606
52.6,73.8298,0.107381,3.55067,-3.1263,0,2,-1244,12.0113,11.3084,11.817,11.2513,29.7065,267.437,1.8108,3.55067,0.107381,0.133129,0.472699
52.62,76.1554,0.110764,3.49333,-3.05248,0,2,-1244,11.8882,11.1445,11.5926,11.0245,29.6897,267.506,1.81349,3.49333,0.110764,0.135139,0.472083
52.64,78.6453,0.114385,3.43944,-2.98369,0,2,-1244,11.6206,10.9252,11.4555,10.8155,29.673,267.573,1.81621,3.43944,0.114385,0.137442,0.472723
52.66,80.8927,0.117654,3.37313,-2.92122,0,2,-1242.38,11.4475,10.8226,11.2551,10.5502,29.6563,267.639,1.81898,3.37313,0.117654,0.138679,0.467783
52.68,83.2449,0.121075,3.31502,-2.86305,0,2,-1242,11.2885,10.6,11.0885,10.354,29.6398,267.704,1.82176,3.31502,0.121075,0.140291,0.465068
52.7,85.5843,0.124477,3.26159,-2.81417,0,2,-1242,11.1488,10.4544,10.7744,10.1672,29.6234,267.767,1.82459,3.26159,0.124477,0.141949,0.46298
52.72,87.9442,0.12791,3.20336,-2.78238,0,2,-1244,10.96,10.1408,10.6052,10.0156,29.607,267.83,1.82744,3.20336,0.12791,0.143301,0.459044
52.74,90.156,0.131127,3.14984,-2.77313,0,2,-1244,10.7125,10.0081,10.4563,9.84813,29.5908,267.891,1.83032,3.14984,0.131127,0.144491,0.455124
52.76,92.5038,0.134541,3.09289,-2.79009,0,2,-1244,10.5343,9.89427,10.1885,9.66854,29.5747,267.952,1.83322,3.09289,0.134541,0.145617,0.450378
52.78,94.7578,0.13782,3.03896,-2.83484,0,2,-1244,10.3442,9.65615,10.0323,9.42422,29.5587,268.011,1.83614,3.03896,0.13782,0.146609,0.445537
52.8,97.1313,0.141272,2.98228,-2.90249,0,2,-1244,10.1261,9.48613,9.84613,9.25227,29.5429,268.069,1.83908,2.98228,0.141272,0.147526,0.439965
52.82,99.3589,0.144512,2.92924,-2.97568,0,2,-1242.44,9.9063,9.19507,9.68877,9.03507,29.5271,268.126,1.84204,2.92924,0.144512,0.148272,0.434325
52.84,101.732,0.147964,2.86235,-3.02739,0,2,-1243.7,9.6983,9.0583,9.4122,8.7783,29.5115,268.182,1.84501,2.86235,0.147964,0.148397,0.424765
52.86,103.854,0.151049,2.79628,-3.03828,0,2,-1244,9.49792,8.81792,9.25792,8.57792,29.4961,268.236,1.84798,2.79628,0.151049,0.148041,0.413963
52.88,105.952,0.154102,2.73779,-3.00907,0,2,-1244,9.3659,8.51541,9.06361,8.4118,29.4809,268.289,1.85094,2.73779,0.154102,0.14792,0.404972
52.9,107.905,0.156942,2.68455,-2.95007,0,2,-1244,9.17558,8.18338,8.88779,8.15117,29.4658,268.342,1.85389,2.68455,0.156942,0.14776,0.396669
52.92,109.952,0.159919,2.61743,-2.86922,0,2,-1244,8.93776,8.22816,8.72592,7.97776,29.4509,268.392,1.85684,2.61743,0.159919,0.146846,0.384359
52.94,111.816,0.16263,2.55981,-2.77819,0,2,-1242.37,8.73473,8.09473,8.4621,7.8221,29.4362,268.442,1.85977,2.55981,0.16263,0.14609,0.373963
52.96,113.851,0.16559,2.51556,-2.69204,0,2,-1238.6,8.57192,7.93192,8.28596,7.64596,29.4217,268.491,1.86269,2.51556,0.16559,0.146226,0.36784
52.98,115.586,0.168113,2.46344,-2.61142,0,2,-1230.95,8.41901,7.8,8.02852,7.48951,29.4073,268.538,1.8656,2.46344,0.168113,0.14542,0.358235
53,117.53,0.17094,2.40428,-2.52143,0,2,-1222.38,8.15027,7.47784,7.8627,7.3427,29.3931,268.585,1.8685,2.40428,0.17094,0.144361,0.347084
53.02,119.271,0.173473,2.35076,-2.42046,0,2,-1209.72,7.97718,7.32573,7.69718,7.17718,29.3791,268.63,1.87138,2.35076,0.173473,0.143281,0.33682
53.04,120.835,0.175748,2.29346,-2.34659,0,2,-1192.12,7.71298,7.34351,7.53649,7.02473,29.3652,268.675,1.87424,2.29346,0.175748,0.141659,0.32489
53.06,122.188,0.177715,2.25738,-2.36581,0,2,-1169.6,7.60642,7.64,7.37283,6.73925,29.3516,268.718,1.87706,2.25738,0.177715,0.141025,0.318347
53.08,123.396,0.179472,2.23489,-2.51402,0,2,-1147.12,7.44694,6.81192,7.18083,6.58083,29.3381,268.761,1.87987,2.23489,0.179472,0.14103,0.315187
53.1,124.415,0.180954,2.18554,-2.74333,0,2,-1109.11,7.29704,6.07479,7.00852,6.36852,29.3246,268.803,1.88267,2.18554,0.180954,0.139081,0.303967
53.12,125.322,0.182273,2.10668,-2.94584,0,2,-1110.78,7.06354,6.42354,6.84785,6.17569,29.3113,268.844,1.88543,2.10668,0.182273,0.135061,0.28453
53.14,126.142,0.183466,2.03983,-3.03673,0,2,-1074.62,6.89166,6.25166,6.68583,6.01166,29.2984,268.883,1.8881,2.03983,0.183466,0.131651,0.268546
53.16,126.814,0.184444,1.97374,-3.00429,0,2,-1045.43,6.70573,6.06573,6.52858,5.81716,29.2858,268.921,1.8907,1.97374,0.184444,0.12808,0.252797
53.18,127.539,0.185498,1.91564,-2.89292,0,2,-1023.83,6.57222,5.93222,6.33222,5.65222,29.2735,268.958,1.89323,1.91564,0.185498,0.125037,0.239525
53.2,128.235,0.18651,1.87148,-2.75584,0,2,-990.336,6.35469,5.75469,6.16867,5.50601,29.2615,268.994,1.8957,1.87148,0.18651,0.122837,0.229887
53.22,129.029,0.187665,1.81775,-2.61969,0,2,-980,6.16707,5.6,6.00707,5.40707,29.2497,269.029,1.89813,1.81775,0.187665,0.120067,0.218251
53.24,129.828,0.188827,1.75959,-2.48538,0,2,-941.641,6.00718,5.46155,5.82155,5.28718,29.2381,269.063,1.9005,1.75959,0.188827,0.116962,0.205805
53.26,130.649,0.190021,1.71521,-2.3502,0,2,-917.089,5.77544,5.32,5.72515,5.1703,29.2269,269.096,1.90282,1.71521,0.190021,0.11475,0.19682
53.28,131.446,0.191181,1.67086,-2.2154,0,2,-896.719,5.60719,5.14158,5.56719,5.01439,29.2158,269.128,1.90509,1.67086,0.191181,0.112482,0.187941
53.3,132.214,0.192297,1.6261,-2.08101,0,2,-850.903,5.56,5.01726,5.44863,4.92863,29.2049,269.159,1.90731,1.6261,0.192297,0.110124,0.179073
53.32,133.023,0.193474,1.58197,-1.94967,0,2,-848.313,5.40771,4.92771,5.33542,4.80771,29.1943,269.189,1.90949,1.58197,0.193474,0.107808,0.170549
53.34,133.714,0.194479,1.54637,-1.83256,0,2,-827.278,5.4,4.80859,5.17717,4.64859,29.1839,269.219,1.91163,1.54637,0.194479,0.105943,0.163828
53.36,134.441,0.195536,1.51546,-1.74177,0,2,-799.606,5.24788,4.69576,5.08788,4.6,29.1737,269.247,1.91373,1.51546,0.195536,0.104404,0.15822
53.38,135.134,0.196544,1.47987,-1.67791,0,2,-766.413,5.12883,4.54648,4.96883,4.37765,29.1635,269.276,1.9158,1.47987,0.196544,0.102492,0.151675
53.4,135.663,0.197314,1.44876,-1.62917,0,2,-748.556,5.01488,4.37488,4.85488,4.28744,29.1536,269.303,1.91783,1.44876,0.197314,0.10074,0.145949
53.42,136.26,0.198183,1.41314,-1.58032,0,2,-752.263,4.92527,4.28527,4.76527,4.16527,29.1439,269.33,1.91983,1.41314,0.198183,0.0987082,0.139489
53.44,136.843,0.199031,1.38205,-1.52288,0,2,-734.755,4.80755,4.2,4.64755,4.0551,29.1343,269.356,1.92178,1.38205,0.199031,0.0969601,0.134003
53.46,137.456,0.199922,1.3466,-1.46184,0,2,-723.463,4.64585,4.0517,4.5317,4.00585,29.1248,269.382,1.92371,1.3466,0.199922,0.0949079,0.127803
53.48,138.142,0.200919,1.32446,-1.41166,0,2,-709.746,4.50321,4.00774,4.37547,3.89547,29.1156,269.407,1.92559,1.32446,0.200919,0.0938256,0.124268
53.5,139.05,0.20224,1.30207,-1.37871,0,2,-685.758,4.37004,3.96502,4.28502,3.80502,29.1065,269.432,1.92745,1.30207,0.20224,0.0928629,0.120914
53.52,139.918,0.203503,1.27122,-1.35137,0,2,-673.224,4.28816,3.89632,4.2,3.73632,29.0975,269.456,1.92929,1.27122,0.203503,0.0912448,0.115992
53.54,140.933,0.204979,1.23546,-1.31668,0,2,-664.927,4.16536,3.81073,4.12,3.68,29.0886,269.479,1.93111,1.23546,0.204979,0.0893395,0.110376
53.56,141.798,0.206237,1.21336,-1.28116,0,2,-663.522,4.05628,3.72,4.00814,3.57628,29.08,269.502,1.93288,1.21336,0.206237,0.0882953,0.107134
53.58,142.87,0.207795,1.19092,-1.26435,0,2,-629.13,3.9687,3.6487,3.8974,3.5287,29.0715,269.525,1.93463,1.19092,0.207795,0.0873367,0.104011
53.6,143.912,0.209312,1.16866,-1.27565,0,2,-617.648,3.89406,3.52703,3.8,3.42109,29.0631,269.547,1.93637,1.16866,0.209312,0.0863477,0.100911
53.62,144.972,0.210853,1.14598,-1.30239,0,2,-600.857,3.80857,3.41713,3.68857,3.36857,29.0548,269.568,1.93808,1.14598,0.210853,0.0853143,0.0977686
53.64,146.084,0.21247,1.11443,-1.31939,0,2,-574.653,3.68776,3.36,3.64,3.25551,29.0466,269.589,1.93978,1.11443,0.21247,0.0836212,0.0931896
53.66,147.223,0.214127,1.08002,-1.31252,0,2,-561.544,3.64618,3.25235,3.56,3.2,29.0387,269.61,1.94143,1.08002,0.214127,0.0816909,0.0882276
53.68,148.391,0.215825,1.0577,-1.29314,0,2,-526.203,3.5746,3.1746,3.52,3.0946,29.0309,269.63,1.94305,1.0577,0.215825,0.0806574,0.0853113
53.7,149.58,0.217555,1.03518,-1.28532,0.719962,2,-530.801,3.488,3.048,3.41601,3.048,29.0233,269.649,1.94465,1.03518,0.217555,0.0795931,0.0823931
53.72,150.871,0.219433,1.01341,-1.29989,2.97884,2,-489.003,3.41474,3.04,3.32737,3.00737,29.0158,269.668,1.94623,1.01341,0.219433,0.0786139,0.0796681
53.74,152.086,0.2212,0.991067,-1.32062,5.37155,2,-467.142,3.36,3,3.25523,2.92,29.0085,269.687,1.94779,0.991067,0.2212,0.0775202,0.0768277
53.76,153.308,0.222977,0.96,-1.31276,7.81588,2,-425.069,3.25227,2.92,3.17227,2.88,29.0013,269.705,1.94933,0.96,0.222977,0.075714,0.0726854
53.78,154.568,0.22481,0.924697,-1.24938,10.1361,2,-393.958,3.2,2.81759,3.09759,2.7688,28.9942,269.723,1.95083,0.924697,0.22481,0.0735498,0.0680112
53.8,155.805,0.22661,0.902294,-1.1335,12.6109,2,-333.358,3.09261,2.8,3.0463,2.7263,28.9875,269.74,1.95229,0.902294,0.22661,0.0723624,0.0652921
53.82,157.06,0.228435,0.880371,-0.994409,14.9206,2,-297.779,3.04931,2.76,3.04,2.72,28.9808,269.756,1.95372,0.880371,0.228435,0.0711931,0.0626763
53.84,158.389,0.230367,0.866667,-0.864212,17.052,2,-271.63,3.0074,2.72,3,2.64,28.9743,269.772,1.95513,0.866667,0.230367,0.0706992,0.0612726
53.86,159.613,0.232148,0.857729,-0.756034,18.6843,2,-218.868,3,2.64,2.92,2.56579,28.9679,269.788,1.95654,0.857729,0.232148,0.0705307,0.0604962
53.88,160.964,0.234112,0.83564,-0.661546,19.9221,2,-162.283,2.92,2.60779,2.92,2.49558,28.9614,269.804,1.95794,0.83564,0.234112,0.0693175,0.0579245
53.9,162.291,0.236043,0.822222,-0.569411,21.0755,2,-108.535,2.92,2.6,2.88,2.48,28.9552,269.819,1.95932,0.822222,0.236043,0.0687883,0.0565593
53.92,163.642,0.238008,0.812708,-0.481955,22.3097,2,-87.7422,2.88,2.49806,2.8,2.44903,28.949,269.834,1.9607,0.812708,0.238008,0.0685801,0.0557356
53.94,165.146,0.240195,0.8,-0.41427,23.5229,2,-38.313,2.88,2.48,2.8,2.44,28.9428,269.849,1.96207,0.8,0.240195,0.0681525,0.054522
53.96,166.767,0.242553,0.8,-0.380516,24.7334,2,-14.3357,2.81331,2.48,2.8,2.4,28.9367,269.864,1.96343,0.8,0.242553,0.0688484,0.0550787
53.98,168.59,0.245204,0.8,-0.376749,25.916,2,21.2607,2.8,2.4484,2.8,2.4,28.9306,269.879,1.96481,0.8,0.245204,0.0696319,0.0557055
54,170.531,0.248027,0.777778,-0.380023,27.4644,2,24.2715,2.8,2.44,2.76,2.4,28.9245,269.893,1.9662,0.777778,0.248027,0.0685096,0.0532853
54.02,172.394,0.250737,0.777778,-0.367513,29.0353,2,6.46988,2.8,2.44,2.72823,2.32,28.9185,269.908,1.96757,0.777778,0.250737,0.0692905,0.0538926
54.04,174.448,0.253725,0.768889,-0.327924,30.6785,2,17.2147,2.8,2.40607,2.72,2.32,28.9126,269.922,1.96896,0.768889,0.253725,0.0693506,0.0533229
54.06,176.277,0.256384,0.755556,-0.261017,31.8213,2,67.7447,2.76,2.4,2.72,2.32,28.9066,269.936,1.97035,0.755556,0.256384,0.0688944,0.0520535
54.08,178.35,0.259399,0.755556,-0.178489,32.7399,2,160.182,2.76,2.4,2.72,2.32,28.9007,269.95,1.97173,0.755556,0.259399,0.0697419,0.0526939
54.1,180.291,0.262223,0.755556,-0.0963718,33.8331,2,242.563,2.76,2.33669,2.72,2.32,28.8948,269.964,1.97313,0.755556,0.262223,0.070537,0.0532946
54.12,182.334,0.265194,0.755556,-0.0200016,34.7334,2,332.021,2.76,2.32,2.76,2.38669,28.8889,269.978,1.97455,0.755556,0.265194,0.0713745,0.0539274
54.14,184.316,0.268077,0.755556,0.0591134,35.4529,2,394.484,2.79265,2.38529,2.76,2.4,28.883,269.992,1.97598,0.755556,0.268077,0.0721888,0.0545426
54.16,186.337,0.271016,0.755556,0.152751,35.9349,2,480.788,2.8,2.4,2.79349,2.4,28.877,270.005,1.97744,0.755556,0.271016,0.0730202,0.0551708
54.18,188.405,0.274023,0.755556,0.263437,36.329,2,548.093,2.8,2.4,2.8,2.4,28.871,270.019,1.97891,0.755556,0.274023,0.0738722,0.0558146
54.2,190.351,0.276854,0.764462,0.381195,36.4,2,632.841,2.88,2.43403,2.86807,2.43403,28.865,270.033,1.9804,0.764462,0.276854,0.0755558,0.0577596
54.22,192.271,0.279647,0.777778,0.494451,36.8,2,689.314,2.98171,2.48,2.91086,2.44,28.8589,270.047,1.98192,0.777778,0.279647,0.0776892,0.060425
54.24,194.305,0.282604,0.78719,0.602531,36.8,2,748.963,3.03218,2.48,2.98436,2.54436,28.8526,270.062,1.9835,0.78719,0.282604,0.0795066,0.0625868
54.26,196.336,0.285559,0.8,0.713121,36.8,2,791.704,3.07344,2.58032,3.03344,2.59344,28.8462,270.076,1.98511,0.8,0.285559,0.0816926,0.0653541
54.28,198.369,0.288517,0.809251,0.8283,36.8,2,864.452,3.14323,2.63161,3.07161,2.6,28.8397,270.091,1.98677,0.809251,0.288517,0.0835422,0.0676066
54.3,200.426,0.291508,0.831377,0.938119,36.8,2,914.089,3.23304,2.72,3.16,2.70608,28.8331,270.106,1.98846,0.831377,0.291508,0.0867685,0.0721374
54.32,202.371,0.294337,0.853978,1.03096,36.8,2,962,3.32,2.76,3.30168,2.75084,28.8262,270.121,1.99023,0.853978,0.294337,0.090044,0.0768956
54.34,204.403,0.297292,0.876079,1.1073,36.8,2,1036.42,3.4,2.86425,3.36,2.79212,28.8192,270.137,1.99206,0.876079,0.297292,0.0933586,0.0817896
54.36,206.422,0.300228,0.898074,1.17989,36.8,2,1095.88,3.52,2.91287,3.48,2.91287,28.8119,270.153,1.99396,0.898074,0.300228,0.0967066,0.0868497
54.38,208.476,0.303216,0.920302,1.262,36.8,2,1157.03,3.64,3.03184,3.56,3,28.8044,270.17,1.99593,0.920302,0.303216,0.100149,0.0921674
54.4,210.604,0.306311,0.94239,1.35558,36.8,2,1210.65,3.72,3.08,3.68,3.08,28.7967,270.187,1.99797,0.94239,0.306311,0.103668,0.0976954
54.42,212.744,0.309423,0.973796,1.45054,36.8,2,1234.3,3.94863,3.23432,3.8,3.19432,28.7888,270.204,2.00009,0.973796,0.309423,0.108283,0.105446
54.44,214.892,0.312548,1.00902,1.53718,36.8,2,1275.24,4.03244,3.35244,3.97733,3.30489,28.7805,270.222,2.0023,1.00902,0.312548,0.11341,0.114434
54.46,217.131,0.315804,1.03444,1.61409,36.8,2,1329.23,4.19385,3.48,4.1077,3.39385,28.7719,270.241,2.00461,1.03444,0.315804,0.117563,0.121612
54.48,219.29,0.318944,1.06398,1.67863,36.8,2,1338.97,4.35235,3.56,4.25704,3.51235,28.7631,270.26,2.00701,1.06398,0.318944,0.122207,0.130026
54.5,221.561,0.322247,1.10696,1.72214,36.8507,2,1362.82,4.50986,3.67493,4.34986,3.62986,28.7539,270.279,2.00951,1.10696,0.322247,0.128556,0.142307
54.52,223.678,0.325327,1.14217,1.74371,36.8,2,1404.01,4.63194,3.78388,4.57582,3.71194,28.7444,270.3,2.01213,1.14217,0.325327,0.134007,0.153059
54.54,225.924,0.328593,1.17422,1.75755,36.8,2,1420.72,4.79361,3.94721,4.67361,3.86721,28.7344,270.321,2.01487,1.17422,0.328593,0.139254,0.163514
54.56,228.067,0.33171,1.20909,1.78023,36.8,2,1447.34,4.93459,4.03153,4.82306,4,28.7241,270.342,2.01771,1.20909,0.33171,0.144854,0.175141
54.58,230.376,0.335068,1.23969,1.81683,36.8,2,1443.01,5.14372,4.18372,4.95186,4.10372,28.7135,270.364,2.02067,1.23969,0.335068,0.150142,0.18613
54.6,232.742,0.338509,1.28448,1.86291,36.8,2,1456,5.27424,4.34849,5.11424,4.19424,28.7025,270.387,2.02373,1.28448,0.338509,0.157291,0.202037
54.62,234.956,0.341729,1.31972,1.91474,36.8,2,1478.22,5.43111,4.50223,5.27111,4.34223,28.6911,270.41,2.02694,1.31972,0.341729,0.163271,0.215472
54.64,237.283,0.345114,1.35148,1.96787,36.8,2,1469.45,5.59276,4.63276,5.43276,4.47276,28.6793,270.434,2.03027,1.35148,0.345114,0.168995,0.228393
54.66,239.543,0.348401,1.39606,2.00834,36.8,2,1474.28,5.78285,4.77427,5.59142,4.61427,28.6671,270.459,2.03372,1.39606,0.348401,0.176373,0.246228
54.68,241.787,0.351664,1.43999,2.02034,36.8,2,1491.16,5.97671,4.90447,5.73671,4.67224,28.6544,270.484,2.03731,1.43999,0.351664,0.183776,0.264635
54.7,244.053,0.35496,1.48451,2.00487,36.8,2,1474.13,6.14929,4.95464,5.91464,4.79464,28.6412,270.51,2.04106,1.48451,0.35496,0.191391,0.284121
54.72,246.172,0.358042,1.52001,1.98067,36.8,2,1474.57,6.30172,5.06172,6.03086,4.90172,28.6275,270.537,2.04496,1.52001,0.358042,0.197823,0.300695
54.74,248.48,0.3614,1.55207,1.96339,37.2,2,1510.81,6.4,5.24806,6.19202,4.99202,28.6134,270.565,2.04898,1.55207,0.3614,0.204065,0.316723
54.76,250.794,0.364765,1.59628,1.9516,36.8687,2,1473.15,6.55313,5.46627,6.3394,5.11313,28.5988,270.592,2.05314,1.59628,0.364765,0.212016,0.338437
54.78,252.991,0.36796,1.64105,1.93973,36.8,2,1479.04,6.80957,5.59239,6.49718,5.22479,28.5838,270.621,2.05745,1.64105,0.36796,0.220054,0.36112
54.8,255.17,0.37113,1.67569,1.93344,37.2,2,1469.38,7.09918,5.70959,6.66439,5.3148,28.5682,270.65,2.06193,1.67569,0.37113,0.226824,0.380088
54.82,257.205,0.37409,1.70669,1.93935,36.8,2,1455.22,7.16,5.75221,6.81663,5.43221,28.5521,270.68,2.06654,1.70669,0.37409,0.233045,0.397736
54.84,259.168,0.376944,1.75117,1.95017,36.8,2,1471.47,7.30236,5.90236,7.02824,5.54824,28.5357,270.711,2.07127,1.75117,0.376944,0.241127,0.422253
54.86,260.721,0.379204,1.79517,1.95473,36.8,2,1447.13,7.50214,6.03107,7.19107,5.63107,28.5186,270.742,2.07616,1.79517,0.379204,0.248819,0.446673
54.88,262.292,0.381488,1.83112,1.95264,36.8,2,1455.57,7.66921,6.18381,7.34921,5.7546,28.5009,270.773,2.08121,1.83112,0.381488,0.255491,0.467834
54.9,263.584,0.383367,1.86227,1.94493,36.8,2,1477.16,7.82452,6.33678,7.32,5.85678,28.4828,270.806,2.08639,1.86227,0.383367,0.26125,0.486517
54.92,264.906,0.38529,1.9076,1.9212,36.8,2,1470.94,7.99375,6.4675,7.4275,6.02125,28.4641,270.838,2.09169,1.9076,0.38529,0.269094,0.513324
54.94,266.077,0.386993,1.95181,1.87236,36.8,2,1441.23,8.12,6.55178,7.61533,6.08,28.4449,270.872,2.09714,1.95181,0.386993,0.276678,0.540024
54.96,267.181,0.388599,1.9867,1.80896,36.8,2,1448.81,8.16,6.67205,7.76,6.16,28.425,270.906,2.10274,1.9867,0.388599,0.282918,0.562073
54.98,268.143,0.389999,2.01789,1.75438,36.8,2,1439.7,8.31433,6.78299,7.82866,6.30299,28.4045,270.94,2.10846,2.01789,0.389999,0.288508,0.582177
55,269.021,0.391275,2.05333,1.72535,36.8,2,1442.37,8.46419,6.8721,8.05629,6.32,28.3836,270.975,2.11429,2.05333,0.391275,0.294641,0.604996
55.02,269.733,0.392311,2.08532,1.72452,36.8,2,1424,8.59333,7.02667,8.15333,6.36,28.3621,271.01,2.12024,2.08532,0.392311,0.300112,0.62583
55.04,270.259,0.393075,2.12039,1.74307,36.8,2,1415.11,8.7352,7.19173,8.27173,6.54347,28.34,271.046,2.1263,2.12039,0.393075,0.305819,0.648456
55.06,270.765,0.393812,2.15145,1.76361,36.8,2,1402.6,8.979,7.313,8.433,6.626,28.3173,271.082,2.13247,2.15145,0.393812,0.310945,0.668982
55.08,271.155,0.394378,2.19592,1.7682,36.8,2,1381.63,9.14187,7.42187,8.5728,6.64,28.2941,271.119,2.13875,2.19592,0.394378,0.317879,0.698036
55.1,271.463,0.394826,2.23116,1.75173,36.8,2,1372.24,9.30504,7.51252,8.73756,6.71252,28.2702,271.156,2.14516,2.23116,0.394826,0.323389,0.721532
55.12,271.77,0.395274,2.26239,1.72392,36.8,2,1368.69,9.39402,7.63402,8.86804,6.87402,28.2456,271.194,2.15169,2.26239,0.395274,0.328328,0.742806
55.14,272.16,0.39584,2.2977,1.69706,36.8,2,1361.6,9.54387,7.67194,9.01581,6.99194,28.2205,271.232,2.15831,2.2977,0.39584,0.333985,0.767397
55.16,272.568,0.396434,2.32964,1.67713,36.8,2,1357.68,9.67354,7.8,9.19354,7.14063,28.1947,271.271,2.16504,2.32964,0.396434,0.339192,0.790195
55.18,273.135,0.397258,2.3647,1.66514,36.8,2,1338.61,9.83131,7.90262,9.30262,7.29393,28.1683,271.309,2.17188,2.3647,0.397258,0.345094,0.816044
55.2,273.744,0.398145,2.39571,1.66001,36.8,2,1357.63,9.94518,7.99259,9.39259,7.42518,28.1412,271.348,2.17884,2.39571,0.398145,0.350488,0.839667
55.22,274.541,0.399304,2.4313,1.65978,36.8,2,1358,10.0341,8.11412,9.54824,7.51412,28.1135,271.388,2.18591,2.4313,0.399304,0.356849,0.867606
55.24,275.326,0.400445,2.46238,1.66253,36.8,2,1336.45,10.1526,8.22517,9.67258,7.63258,28.0851,271.428,2.19311,2.46238,0.400445,0.362564,0.892772
55.26,276.243,0.401779,2.49785,1.66688,36.8,2,1316.56,10.28,8.42295,9.78864,7.74864,28.0561,271.468,2.20042,2.49785,0.401779,0.369154,0.922093
55.28,277.277,0.403282,2.52872,1.67146,36.8,2,1322.77,10.4471,8.54354,9.87177,7.83177,28.0263,271.509,2.20787,2.52872,0.403282,0.375278,0.948975
55.3,278.327,0.40481,2.56448,1.67418,36.8,2,1324,10.6342,8.63415,9.99415,7.95415,27.9959,271.549,2.21544,2.56448,0.40481,0.382196,0.980132
55.32,279.457,0.406453,2.5956,1.67218,36.8,2,1304.69,10.7409,8.70089,10.12,7.96955,27.9647,271.591,2.22315,2.5956,0.406453,0.388591,1.00862
55.34,280.682,0.408235,2.63159,1.6625,36.8,2,1286.03,10.9364,8.79212,10.2642,8.06424,27.9328,271.632,2.23099,2.63159,0.408235,0.395915,1.04189
55.36,281.895,0.41,2.6627,1.64324,36.8,2,1297.3,11.0661,8.91303,10.4191,8.12,27.9001,271.674,2.23898,2.6627,0.41,0.402537,1.07184
55.38,283.025,0.411643,2.69795,1.61494,36.8,2,1273.76,11.2249,9.02494,10.515,8.15498,27.8668,271.716,2.2471,2.69795,0.411643,0.4097,1.10535
55.4,284.187,0.413333,2.72903,1.58287,36.8,2,1283.11,11.3849,9.14494,10.6725,8.31247,27.8326,271.758,2.25536,2.72903,0.413333,0.416332,1.13618
55.42,285.325,0.414988,2.76493,1.55894,36.8,2,1264.21,11.548,9.23399,10.794,8.38798,27.7977,271.8,2.26375,2.76493,0.414988,0.423707,1.17152
55.44,286.473,0.416659,2.78702,1.55581,36.8,2,1266.63,11.7031,9.39156,10.9347,8.47156,27.762,271.843,2.27229,2.78702,0.416659,0.429027,1.19571
55.46,287.605,0.418304,2.81785,1.57396,36.8,2,1261.05,11.7924,9.46473,11.0647,8.56,27.7257,271.885,2.28094,2.81785,0.418304,0.435702,1.22774
55.48,288.727,0.419937,2.8534,1.59899,36.8,2,1252.55,11.9825,9.55418,11.2225,8.69672,27.6885,271.928,2.28972,2.8534,0.419937,0.443142,1.26446
55.5,289.701,0.421354,2.88438,1.61416,36.8,2,1239.5,12.0721,9.67211,11.3121,8.79211,27.6506,271.971,2.29865,2.88438,0.421354,0.44966,1.29699
55.52,290.721,0.422837,2.92035,1.6116,36.8,2,1242.54,12.2337,9.83372,11.4337,8.79372,27.6118,272.014,2.30771,2.92035,0.422837,0.457078,1.33483
55.54,291.65,0.424188,2.95132,1.59464,36.8,2,1221.5,12.355,9.88,11.55,9.025,27.5721,272.058,2.31692,2.95132,0.424188,0.463593,1.36821
55.56,292.486,0.425404,2.98642,1.57517,36.8,2,1218.73,12.5109,10.0218,11.6927,9.06181,27.5316,272.101,2.32626,2.98642,0.425404,0.470629,1.4055
55.58,293.342,0.426649,3.00884,1.56368,36.4578,2,1217.98,12.6284,10.1542,11.7942,9.19422,27.4902,272.145,2.33574,3.00884,0.426649,0.475734,1.43141
55.6,294.123,0.427784,3.03993,1.55599,36.8,2,1182.77,12.72,10.2568,11.3123,9.10322,27.4481,272.188,2.34532,3.03993,0.427784,0.482098,1.46555
55.62,294.832,0.428816,3.07588,1.53431,36.7319,2,1225.87,13.006,10.32,12.1396,9.13958,27.4052,272.232,2.35502,3.07588,0.428816,0.489132,1.50451
55.64,295.375,0.429605,3.10711,1.48568,36.8,2,1217.99,12.5006,10.4299,12.24,9.22994,27.3613,272.275,2.36487,3.10711,0.429605,0.495131,1.53843
55.66,295.862,0.430315,3.14228,1.41764,36.7249,2,1163.88,13.1074,10.5125,11.9425,9.2,27.3166,272.319,2.37483,3.14228,0.430315,0.501674,1.5764
55.68,296.271,0.430909,3.16456,1.35531,36.8,2,1154.01,13.3257,10.6,12.217,9.37703,27.2709,272.362,2.38491,3.16456,0.430909,0.506023,1.60134
55.7,296.581,0.43136,3.18674,1.32129,36.8,2,1178.37,13.4578,10.6326,12.4978,9.52,27.2244,272.406,2.39509,3.18674,0.43136,0.510176,1.6258
55.72,296.785,0.431656,3.20926,1.3158,36.8,2,1181.62,13.6741,10.7481,12.56,9.56,27.1772,272.449,2.40534,3.20926,0.431656,0.514182,1.65014
55.74,296.886,0.431803,3.24012,1.31931,36.8,2,1147.41,13.6913,10.6625,12.6231,9.03376,27.1293,272.492,2.41566,3.24012,0.431803,0.519327,1.68268
55.76,296.978,0.431937,3.27538,1.31797,36.8,2,1160.1,13.6137,11.0186,12.8625,9.77859,27.0804,272.535,2.4261,3.27538,0.431937,0.525163,1.72011
55.78,297,0.431969,3.29769,1.3219,36.8,2,1165.11,13.8276,10.8187,13.1413,10.1013,27.0305,272.578,2.43664,3.29769,0.431969,0.528785,1.74377
55.8,297,0.431969,3.31994,1.3525,36.8,2,1139.86,13.9921,11.0564,13.0636,10.0236,26.9798,272.62,2.44726,3.31994,0.431969,0.532353,1.76738
55.82,297,0.431969,3.34228,1.41485,36.8,2,1123.27,14.1141,11.3081,13.0162,10.1422,26.9284,272.663,2.45795,3.34228,0.431969,0.535935,1.79125
55.84,297,0.431969,3.37319,1.48846,36.4803,2,1150.42,14.0479,11.472,13.2559,10.4479,26.8761,272.705,2.46871,3.37319,0.431969,0.54089,1.82452
55.86,297,0.431969,3.40886,1.54342,36.7409,2,1157.91,14.8768,11.3318,13.3541,10.52,26.8229,272.747,2.47958,3.40886,0.431969,0.54661,1.86332
55.88,297,0.431969,3.43942,1.56144,36.8,2,1141.47,14.3053,11.5316,13.4211,10.3368,26.7686,272.789,2.49056,3.43942,0.431969,0.551511,1.89688
55.9,297,0.431969,3.47572,1.54265,36.8,2,1103.06,14.2095,11.7388,13.2871,10.04,26.7134,272.83,2.50164,3.47572,0.431969,0.557331,1.93713
55.92,296.915,0.431845,3.49791,1.49608,36.8,2,1116.89,14.9404,11.8,13.4221,10.2621,26.6572,272.871,2.51284,3.49791,0.431845,0.560708,1.96131
55.94,296.82,0.431707,3.52883,1.42678,36.8,2,1109.22,14.4402,11.88,13.6639,10.4559,26.6002,272.912,2.5241,3.52883,0.431707,0.565458,1.99541
55.96,296.8,0.431678,3.56484,1.33847,36.8,2,1108.58,14.9755,11.6194,13.8335,10.5871,26.5421,272.953,2.53545,3.56484,0.431678,0.571185,2.03618
55.98,296.8,0.431678,3.58703,1.24663,36.8,2,1104,14.6587,11.7832,13.8568,10.6716,26.4831,272.994,2.54692,3.58703,0.431678,0.57474,2.06161
56,296.7,0.431533,3.60919,1.17677,36.8,2,1095.54,15.1649,12.019,13.9719,10.746,26.4232,273.034,2.55845,3.60919,0.431533,0.57807,2.08636
56.02,296.7,0.431533,3.63153,1.14982,36.8,2,1084.84,15.04,12.1749,14.2866,10.6084,26.3626,273.073,2.57005,3.63153,0.431533,0.581648,2.11227
56.04,296.7,0.431533,3.65368,1.17436,36.8,2,1078,15.3326,12.3063,14.4068,10.7795,26.301,273.112,2.58172,3.65368,0.431533,0.585195,2.13811
56.06,296.7,0.431533,3.67288,1.24132,36.8,2,1079.75,15.3825,12.2088,14.6499,10.9825,26.2387,273.151,2.59346,3.67288,0.431533,0.58827,2.16064
56.08,296.62,0.431416,3.68749,1.31686,36.8,2,1132.84,15.48,12.3841,14.7752,11.2161,26.1756,273.189,2.60527,3.68749,0.431416,0.59043,2.1772
56.1,296.5,0.431242,3.74222,1.35879,36.8,2,1071.4,15.554,12.554,14.5758,11.28,26.1117,273.226,2.61711,3.74222,0.431242,0.598917,2.24128
56.12,296.249,0.430877,3.76443,1.35614,36.8,2,1059.47,15.68,12.6702,14.5404,11.1191,26.0465,273.263,2.62913,3.76443,0.430877,0.601892,2.26578
56.14,296.02,0.430544,3.78711,1.33699,36.8,2,1061.19,15.776,12.68,14.624,11.096,25.9804,273.3,2.64121,3.78711,0.430544,0.604988,2.29116
56.16,295.554,0.429866,3.80908,1.3312,36.8,2,1073.83,15.8945,12.5417,14.76,11.3055,25.9135,273.336,2.65334,3.80908,0.429866,0.607411,2.31368
56.18,294.952,0.42899,3.83127,1.33956,36.8,2,1049.74,15.96,12.6245,14.8,11.4697,25.8458,273.372,2.66552,3.83127,0.42899,0.609537,2.3353
56.2,294.358,0.428126,3.8623,1.33849,36.8,2,1041.55,16.1045,12.8323,15.0323,11.5445,25.7772,273.406,2.67774,3.8623,0.428126,0.613071,2.36786
56.22,293.459,0.426818,3.89819,1.30777,36.8,2,1042,16.1883,13.0283,15.04,11.5941,25.7077,273.441,2.69002,3.89819,0.426818,0.616627,2.40373
56.24,292.507,0.425434,3.9203,1.25126,36.8,2,1026.99,16.2629,13.1515,15.1429,11.4656,25.6371,273.474,2.70238,3.9203,0.425434,0.617847,2.42215
56.26,291.312,0.423697,3.94233,1.18974,36.8,2,1033.5,16.3525,13.135,15.2325,11.5375,25.5657,273.507,2.71475,3.94233,0.423697,0.618451,2.43814
56.28,290.044,0.421852,3.96476,1.14039,36.8,2,1024.41,16.4236,13.1353,15.3036,11.7353,25.4935,273.54,2.72712,3.96476,0.421852,0.618911,2.45383
56.3,288.535,0.419657,3.98698,1.10923,36.8,2,1024.37,16.48,13.2997,15.3932,11.8665,25.4205,273.571,2.7395,3.98698,0.419657,0.618726,2.46685
56.32,286.904,0.417284,4.00961,1.09633,36.8,2,1016,16.52,13.4219,15.5109,11.9819,25.3467,273.602,2.75188,4.00961,0.417284,0.618274,2.47904
56.34,285.159,0.414746,4.03175,1.10162,36.8,2,1012.7,16.6,13.513,15.64,12.033,25.2722,273.632,2.76423,4.03175,0.414746,0.617433,2.48933
56.36,283.162,0.411843,4.05371,1.12657,36.8,2,1012,16.747,13.52,15.72,12.0065,25.1968,273.662,2.77657,4.05371,0.411843,0.615915,2.49674
56.38,281.212,0.409006,4.07582,1.17201,36.8,2,1006.85,16.8,13.4485,15.8315,12.063,25.1207,273.69,2.78887,4.07582,0.409006,0.614493,2.50456
56.4,279.09,0.405919,4.09784,1.23296,36.8,2,997.621,16.9048,13.6173,15.8724,12.2897,25.0438,273.718,2.80115,4.09784,0.405919,0.612592,2.5103
56.42,276.856,0.402671,4.12018,1.29369,36.8,2,1004.57,17,13.7943,15.9943,12.503,24.9662,273.745,2.81338,4.12018,0.402671,0.610424,2.51506
56.44,274.609,0.399403,4.15135,1.33251,36.8,2,1000,17,13.92,16.1048,12.6248,24.8877,273.771,2.82558,4.15135,0.399403,0.609475,2.53014
56.46,272.181,0.395871,4.18668,1.34013,36.8,2,998,17.154,13.96,16.16,12.5381,24.8084,273.796,2.83775,4.18668,0.395871,0.608611,2.54806
56.48,269.85,0.39248,4.20874,1.33169,36.8,2,996.416,17.1517,13.9283,16.2867,12.655,24.7281,273.821,2.8499,4.20874,0.39248,0.605996,2.55048
56.5,267.271,0.388729,4.2312,1.33168,36.8,2,996.525,17.2748,14.0938,16.3148,12.8695,24.6471,273.845,2.862,4.2312,0.388729,0.602773,2.55045
56.52,264.794,0.385127,4.25315,1.34792,36.8,2,994.452,17.4129,14.5214,16.36,13.031,24.5654,273.868,2.87403,4.25315,0.385127,0.599686,2.55056
56.54,262.038,0.38112,4.28502,1.36808,36.8,2,1000,17.4332,14.2459,16.44,13.0536,24.4829,273.89,2.88599,4.28502,0.38112,0.597237,2.55917
56.56,259.398,0.37728,4.32023,1.38167,36.8,2,994.426,17.5344,14.4715,16.5829,12.88,24.3996,273.911,2.89791,4.32023,0.37728,0.595459,2.57252
56.58,256.677,0.373321,4.34218,1.39519,36.8,2,983.21,17.6,14.44,16.6642,13.1684,24.3154,273.931,2.90979,4.34218,0.373321,0.591577,2.56874
56.6,253.913,0.369302,4.36448,1.41801,36.8,2,986,17.7017,14.48,16.7939,13.4217,24.2305,273.951,2.92158,4.36448,0.369302,0.587588,2.56451
56.62,251.237,0.365409,4.39481,1.44366,36.8,2,990.481,17.8,14.6912,16.8288,13.5104,24.1449,273.97,2.93331,4.39481,0.365409,0.584839,2.57026
56.64,248.382,0.361257,4.43104,1.45632,36.8,2,988.806,17.8639,14.72,17.0477,13.5119,24.0585,273.987,2.94497,4.43104,0.361257,0.582337,2.58036
56.66,245.511,0.357081,4.45334,1.4462,36.8,2,990,17.914,14.794,17.0679,13.7819,23.9712,274.004,2.95658,4.45334,0.357081,0.577888,2.57353
56.68,242.695,0.352986,4.48435,1.41048,36.8,2,992,17.9121,14.7679,17.0472,13.9843,23.8833,274.02,2.9681,4.48435,0.352986,0.574645,2.57691
56.7,239.695,0.348622,4.52011,1.3541,36.8,2,989.481,17.9896,14.9688,17.0156,14.0104,23.7946,274.035,2.97956,4.52011,0.348622,0.571448,2.58301
56.72,236.902,0.344561,4.54228,1.29654,36.8,2,989.568,18.04,15.0486,17.4454,13.9514,23.705,274.049,2.99095,4.54228,0.344561,0.566998,2.57547
56.74,233.824,0.340083,4.56485,1.26429,36.8,2,989.215,18.0719,15.0719,17.28,14.0638,23.6149,274.062,3.00224,4.56485,0.340083,0.561803,2.56455
56.76,230.685,0.335518,4.5869,1.27056,36.8,2,990.357,18.2115,15.1743,17.4115,14.5215,23.5241,274.075,3.01343,4.5869,0.335518,0.556335,2.55186
56.78,227.503,0.33089,4.60932,1.30499,36.8,2,994.379,18.1752,15.3372,17.56,14.2855,23.4328,274.086,3.0245,4.60932,0.33089,0.550746,2.53856
56.8,224.337,0.326286,4.64015,1.34256,36.8,2,988,18.3363,15.36,17.5822,14.44,23.341,274.096,3.03547,4.64015,0.326286,0.546134,2.53414
56.82,221.243,0.321785,4.67545,1.36598,36.8,2,986.429,18.4172,15.3828,17.7028,14.5428,23.2484,274.106,3.04634,4.67545,0.321785,0.542144,2.53477
56.84,217.945,0.316988,4.69772,1.37832,36.8,2,986.306,18.3877,15.64,17.7939,14.7077,23.155,274.114,3.05713,4.69772,0.316988,0.53603,2.51812
56.86,214.796,0.312408,4.71961,1.38885,36.8,2,988,18.56,15.6121,17.8921,14.7907,23.061,274.121,3.0678,4.71961,0.312408,0.530212,2.5024
56.88,211.411,0.307484,4.75114,1.39597,36.8,2,987.612,18.5122,15.7767,18.0322,14.9767,22.9666,274.128,3.07834,4.75114,0.307484,0.524783,2.49331
56.9,207.74,0.302146,4.78673,1.39617,36.8,2,988,18.68,15.8,18.04,15.0747,22.8714,274.133,3.08878,4.78673,0.302146,0.518947,2.48406
56.92,204.227,0.297035,4.80869,1.39812,36.8,2,986.449,18.68,15.862,18.1731,15.2931,22.7755,274.138,3.09909,4.80869,0.297035,0.511964,2.46187
56.94,200.221,0.291209,4.83148,1.41218,36.8,2,986,18.8208,16.0272,18.2336,15.3936,22.6792,274.142,3.10926,4.83148,0.291209,0.503701,2.43362
56.96,196.335,0.285557,4.86271,1.43481,36.8,2,985.565,18.84,16.1026,18.3339,15.52,22.5823,274.144,3.11926,4.86271,0.285557,0.496556,2.41461
56.98,192.045,0.279318,4.89769,1.45595,36.8,2,986,18.9438,16.2,18.4,15.6238,22.4848,274.146,3.12911,4.89769,0.279318,0.488605,2.39303
57,187.437,0.272616,4.92007,1.47189,37.2,2,986,18.96,16.28,18.5024,15.7141,22.3865,274.147,3.13879,4.92007,0.272616,0.478448,2.354
57.02,182.981,0.266136,4.95101,1.48245,37.2,2,986,19.0316,16.4716,18.5284,15.8316,22.2878,274.146,3.14827,4.95101,0.266136,0.469445,2.32422
57.04,178.049,0.258961,4.98675,1.4874,37.9419,2,986,19.04,16.5142,18.6226,15.9426,22.1885,274.145,3.15756,4.98675,0.258961,0.459492,2.29137
57.06,173.209,0.251923,5.00886,1.48893,38.7185,2,986,19.12,16.64,18.68,16.1282,22.0885,274.143,3.16664,5.00886,0.251923,0.44843,2.24612
57.08,168.071,0.244449,5.04035,1.48853,39.5122,2,987.561,19.1912,16.6624,18.7824,16.2849,21.9881,274.14,3.1755,5.04035,0.244449,0.437304,2.20416
57.1,162.764,0.23673,5.07574,1.48569,40.3287,2,990,19.1671,16.8986,18.88,16.4729,21.887,274.136,3.18413,5.07574,0.23673,0.425928,2.1619
57.12,157.389,0.228913,5.09811,1.48169,41.1127,2,993.564,19.2625,16.9025,18.9738,16.6051,21.7853,274.132,3.19253,5.09811,0.228913,0.413164,2.10635
57.14,151.765,0.220734,5.12951,1.47753,41.5311,2,999.655,19.2869,17.0662,19,16.7393,21.6832,274.126,3.20067,5.12951,0.220734,0.400351,2.0536
57.16,146.285,0.212764,5.16481,1.47323,42,2,1007.16,19.3116,17.12,19.1033,16.8316,21.5805,274.12,3.20855,5.16481,0.212764,0.388094,2.00443
57.18,140.587,0.204476,5.18691,1.4718,42.4,2,1015.3,19.3739,17.2261,19.193,16.9861,21.4772,274.112,3.21618,5.18691,0.204476,0.374132,1.94059
57.2,135.079,0.196464,5.21852,1.47702,42.4,2,1023.17,19.4235,17.5352,19.28,17.1517,21.3735,274.104,3.22353,5.21852,0.196464,0.36127,1.88529
57.22,129.348,0.188129,5.25367,1.49246,42.4,2,1033.73,19.5124,17.44,19.3124,17.28,21.2692,274.095,3.23063,5.25367,0.188129,0.347895,1.82773
57.24,123.616,0.179792,5.27622,1.52396,42.4,2,1043.51,19.52,17.6915,19.4258,17.4658,21.1643,274.085,3.23745,5.27622,0.179792,0.333558,1.75992
57.26,117.813,0.171353,5.3068,1.57323,42.743,2,1046.86,19.6229,17.76,19.5143,17.6286,21.059,274.075,3.24399,5.3068,0.171353,0.319423,1.69511
57.28,112.131,0.163088,5.34226,1.63279,42.4,2,1066.9,19.6727,17.8653,19.738,17.7853,20.9531,274.064,3.25025,5.34226,0.163088,0.305763,1.63346
57.3,106.601,0.155044,5.37385,1.69268,42.4,2,1078.71,19.7428,18.0714,19.84,17.9828,20.8466,274.052,3.25623,5.37385,0.155044,0.292148,1.56996
57.32,100.872,0.146712,5.40887,1.74491,42.4,2,1091.51,19.8237,18.1918,19.7437,18.2237,20.7396,274.039,3.26193,5.40887,0.146712,0.278015,1.50375
57.34,95.0335,0.138221,5.44003,1.77956,42.4,2,1113.01,19.852,18.308,19.7039,18.308,20.6318,274.026,3.26736,5.44003,0.138221,0.263217,1.43191
57.36,89.5326,0.13022,5.4841,1.78681,42.4,2,1114.58,19.9025,18.5113,19.9251,18.5287,20.5236,274.012,3.27248,5.4841,0.13022,0.24981,1.36998
57.38,83.7147,0.121758,5.5199,1.76747,42.4,2,1119.48,19.9259,18.5141,20.0385,18.6622,20.4145,273.997,3.27734,5.5199,0.121758,0.234933,1.29681
57.4,78.3048,0.11389,5.55073,1.73471,42.4,2,1125.02,19.96,18.7027,19.96,18.7027,20.3048,273.982,3.2819,5.55073,0.11389,0.220841,1.22583
57.42,72.6972,0.105734,5.58694,1.70258,42.4,2,1138.9,20.0653,18.8326,20.1526,18.9379,20.1946,273.966,3.28617,5.58694,0.105734,0.20624,1.15225
57.44,67.2841,0.0978608,5.61828,1.67821,42.4,2,1151.46,20.08,18.9913,20.2227,19.0313,20.0837,273.95,3.29015,5.61828,0.0978608,0.191851,1.07787
57.46,61.953,0.090107,5.65329,1.66317,42.4,2,1153.18,20.1518,19.1354,20.3118,19.2636,19.9723,273.933,3.29385,5.65329,0.090107,0.177664,1.00439
57.48,56.7769,0.0825787,5.68478,1.65661,42.4,2,1162.22,20.28,19.2,20.4622,19.4222,19.8602,273.916,3.29726,5.68478,0.0825787,0.163656,0.930351
57.5,51.6355,0.0751007,5.72016,1.65747,42.4,2,1174.37,20.3127,19.4182,20.469,19.6655,19.7476,273.898,3.30039,5.72016,0.0751007,0.149704,0.85633
57.52,46.8047,0.0680747,5.75167,1.66616,42.053,2,1171.47,20.4347,19.5841,20.7041,19.8347,19.6344,273.879,3.30325,5.75167,0.0680747,0.1364,0.784527
57.54,42.4538,0.0617465,5.78697,1.68475,42.3326,2,1175.66,20.4467,19.68,20.6998,19.9398,19.5205,273.861,3.30585,5.78697,0.0617465,0.124445,0.72016
57.56,38.5227,0.0560291,5.81844,1.71514,42,2,1178.31,20.56,19.8231,20.7515,20.0946,19.406,273.842,3.30822,5.81844,0.0560291,0.113511,0.660456
57.58,34.7095,0.0504829,5.85353,1.75526,42,2,1176.69,20.64,20.0594,20.8662,20.2594,19.2909,273.822,3.31038,5.85353,0.0504829,0.102871,0.602158
57.6,31.4415,0.0457298,5.88505,1.79593,41.6,2,1184,20.7029,20.1515,20.9829,20.4144,19.1752,273.802,3.31234,5.88505,0.0457298,0.0936731,0.551271
57.62,28.2869,0.0411416,5.92899,1.82536,41.2,2,1185.62,20.8647,20.3694,21.0647,20.5447,19.0589,273.782,3.31413,5.92899,0.0411416,0.0848924,0.503326
57.64,25.3946,0.036935,5.96451,1.83839,41.2,2,1187.17,20.9144,20.4744,21.16,20.6344,18.9417,273.762,3.31574,5.96451,0.036935,0.0766607,0.457244
57.66,22.8748,0.03327,5.99523,1.83612,40.8,2,1188,21.0631,20.5915,21.2,20.8862,18.8239,273.741,3.31719,5.99523,0.03327,0.0694036,0.416091
57.68,20.447,0.029739,6.0401,1.82018,40.8,2,1186.27,21.1493,20.7786,21.344,21.024,18.7055,273.72,3.31851,6.0401,0.029739,0.0624972,0.377489
57.7,18.3863,0.0267417,6.07561,1.79665,40.8,2,1186,21.2251,20.88,21.4651,21.1925,18.5862,273.698,3.3197,6.07561,0.0267417,0.0565256,0.343428
57.72,16.4303,0.023897,6.10749,1.77839,40.8,2,1184.87,21.36,21.0684,21.6226,21.3426,18.4663,273.677,3.32077,6.10749,0.023897,0.050775,0.310108
57.74,14.7009,0.0213816,6.14236,1.77344,40.8,2,1180.25,21.395,21.165,21.64,21.515,18.3458,273.655,3.32173,6.14236,0.0213816,0.0456882,0.280633
57.76,13.3521,0.0194198,6.17303,1.77479,40.8,2,1180,21.5513,21.2852,21.7826,21.56,18.2246,273.633,3.3226,6.17303,0.0194198,0.0417023,0.25743
57.78,11.9902,0.017439,6.21771,1.76778,40.4601,2,1176,21.628,21.468,21.874,21.674,18.1028,273.61,3.32339,6.21771,0.017439,0.0377189,0.234525
57.8,10.8169,0.0157326,6.25331,1.74764,40.4,2,1172,21.8,21.5522,21.9922,21.8488,17.9801,273.588,3.32411,6.25331,0.0157326,0.0342221,0.214002
57.82,9.58746,0.0139444,6.28455,1.72488,40.4,2,1170.29,21.7883,21.7083,22.1367,21.9825,17.8568,273.565,3.32476,6.28455,0.0139444,0.0304835,0.191575
57.84,8.52334,0.0123967,6.31995,1.71359,40.4,2,1166.41,21.9918,21.8,22.1918,22.1836,17.7329,273.542,3.32533,6.31995,0.0123967,0.0272524,0.172234
57.86,7.47403,0.0108705,6.35117,1.72046,40,2,1164,22.0282,21.9363,22.3141,22.3141,17.6083,273.519,3.32584,6.35117,0.0108705,0.0240151,0.152524
57.88,6.49887,0.00945223,6.38655,1.74213,40.3209,2,1160,22.1921,22.0237,22.44,22.4563,17.4831,273.495,3.32629,6.38655,0.00945223,0.0209979,0.134104
57.9,5.46683,0.00795118,6.41786,1.76685,40,2,1156.27,22.304,22.2479,22.5893,22.5093,17.3572,273.472,3.32668,6.41786,0.00795118,0.0177498,0.113916
57.92,4.62181,0.00672215,6.46238,1.78317,40,2,1154.49,22.44,22.3795,22.6303,22.6303,17.2307,273.448,3.32701,6.46238,0.00672215,0.0151102,0.0976476
57.94,3.77722,0.00549375,6.49834,1.79315,40,2,1152,22.4723,22.4568,22.7923,22.7446,17.1033,273.424,3.32728,6.49834,0.00549375,0.0124176,0.0806938
57.96,3.15345,0.0045865,6.52937,1.79804,40,2,1146.36,22.6186,22.6,22.8329,22.8329,16.9752,273.4,3.32751,6.52937,0.0045865,0.0104164,0.0680126
