t_s,delta_wheel_deg,delta_road_rad,v_mps,a_long_mps2,accel_pedal_pct,brake_pedal_state,di_torque_actual_nm,wheel_FL_kph,wheel_FR_kph,wheel_RL_kph,wheel_RR_kph,x_m,y_m,psi_rad,v_state_mps,delta_state_rad,psi_dot_rads,a_y_mps2
0,0.7,0.00101811,21.4773,-0.550945,0,2,-237.974,73.64,73.6,73.2,73.3203,0,0,0,21.4773,0.00101811,0.00760564,0.163349
0.02,0.7,0.00101811,21.4667,-0.550213,0,2,-248.216,73.6357,73.48,73.2043,73.1586,0.429436,3.2653e-05,0.000152074,21.4667,0.00101811,0.00760188,0.163187
0.04,0.7,0.00101811,21.455,-0.549126,0,2,-258.005,73.48,73.5999,73.1599,73,0.858659,0.000130547,0.000304073,21.455,0.00101811,0.00759774,0.163009
0.06,0.7,0.00101811,21.4444,-0.548348,0,2,-278.878,73.358,73.482,73,73,1.28765,0.000293576,0.000455988,21.4444,0.00101811,0.00759401,0.162849
0.08,0.7,0.00101811,21.4334,-0.547103,0,2,-272.215,73.4389,73.4407,72.8811,73.0396,1.71643,0.000521648,0.00060783,21.4334,0.00101811,0.00759009,0.162681
0.1,0.7,0.00101811,21.4222,-0.545074,0,2,-290.368,73.5184,73.3584,72.9551,72.9984,2.14499,0.000814658,0.000759593,21.4222,0.00101811,0.00758614,0.162512
0.12,0.7,0.00101811,21.4106,-0.543437,0,2,-298.691,73.3617,73.2806,72.9977,72.8812,2.57332,0.0011725,0.000911277,21.4106,0.00101811,0.00758202,0.162336
0.14,0.7,0.00101811,21.4,-0.545804,0,2,-342.022,73.28,73.3203,72.8396,72.72,3.00142,0.00159508,0.00106288,21.4,0.00101811,0.00757827,0.162175
0.16,0.7,0.00101811,21.3889,-0.557637,0,2,-318.192,73.28,73.4742,72.7181,72.7238,3.42931,0.00208229,0.00121441,21.3889,0.00101811,0.00757433,0.162006
0.18,0.7,0.00101811,21.3778,-0.584726,0,2,-343.935,73.28,73.2802,72.6401,72.8,3.85698,0.00263403,0.00136585,21.3778,0.00101811,0.0075704,0.161838
0.2,0.7,0.00101811,21.3662,-0.631116,0,2,-322.741,73.32,73.1941,72.637,72.717,4.28442,0.0032502,0.00151722,21.3662,0.00101811,0.00756629,0.161663
0.22,0.7,0.00101811,21.3556,-0.694558,0,2,-389.094,73.1238,72.883,72.717,72.5615,4.71161,0.00393067,0.0016685,21.3556,0.00101811,0.00756253,0.161502
0.24,0.7,0.00101811,21.3443,-0.761286,0,2,-356.284,73.0394,73.1182,72.4818,72.4009,5.13859,0.00467535,0.0018197,21.3443,0.00101811,0.00755854,0.161332
0.26,0.7,0.00101811,21.3219,-0.811082,0,2,-376.375,72.95,73.1513,72.3975,72.4,5.56532,0.00548412,0.00197082,21.3219,0.00101811,0.00755061,0.160993
0.28,0.7,0.00101811,21.2998,-0.835065,0,2,-374.403,72.7954,72.8412,72.32,72.5165,5.99159,0.00635641,0.00212177,21.2998,0.00101811,0.00754277,0.160659
0.3,0.7,0.00101811,21.2889,-0.842859,0,2,-434.288,73.1568,72.9574,72.3174,72.3187,6.41742,0.00729202,0.00227257,21.2889,0.00101811,0.00753893,0.160495
0.32,0.7,0.00101811,21.2775,-0.844793,0,2,-370.426,72.7269,72.6835,72.3931,72.24,6.84303,0.00829132,0.00242329,21.2775,0.00101811,0.00753491,0.160324
0.34,0.7,0.00101811,21.2557,-0.83728,0,2,-420.242,72.8303,72.8424,72.0327,71.9927,7.26841,0.00935418,0.00257393,21.2557,0.00101811,0.00752716,0.159995
0.36,0.7,0.00101811,21.2332,-0.815191,0,2,-379.809,72.64,72.8792,72.04,72.0419,7.69335,0.0104799,0.00272441,21.2332,0.00101811,0.00751921,0.159657
0.38,0.7,0.00101811,21.2222,-0.786056,0,2,-420.315,72.8021,72.6821,71.9958,72.2295,8.11785,0.0116684,0.00287474,21.2222,0.00101811,0.00751532,0.159492
0.4,0.7,0.00101811,21.211,-0.76128,0,2,-471.738,72.7197,72.6797,71.6426,71.7617,8.54214,0.0129199,0.00302499,21.211,0.00101811,0.00751134,0.159323
0.42,0.7,0.00101811,21.1888,-0.745087,0,2,-411.816,72.6779,72.64,72.2272,71.9872,8.9662,0.0142346,0.00317516,21.1888,0.00101811,0.00750347,0.158989
0.44,0.7,0.00101811,21.1778,-0.738526,0,2,-492.34,72.5566,72.64,71.7166,71.7166,9.38983,0.0156114,0.00332518,21.1778,0.00101811,0.00749958,0.158824
0.46,0.7,0.00101811,21.1662,-0.742305,0,2,-452.398,72.48,72.64,71.759,71.7193,9.81323,0.0170511,0.00347512,21.1662,0.00101811,0.00749548,0.158651
0.48,0.7,0.00101811,21.1445,-0.754771,0,2,-488.141,72.52,72.48,71.64,71.7986,10.2364,0.0185534,0.00362497,21.1445,0.00101811,0.00748781,0.158326
0.5,0.7,0.00101811,21.1333,-0.774078,0,2,-478.133,72.52,72.3611,71.6004,71.6015,10.6591,0.0201174,0.00377468,21.1333,0.00101811,0.00748384,0.158158
0.52,0.7,0.00101811,21.1217,-0.796356,0,2,-486.2,72.356,72.3213,71.7973,71.596,11.0817,0.0217439,0.0039243,21.1217,0.00101811,0.00747972,0.157985
0.54,0.7,0.00101811,21.0995,-0.813611,0,2,-541.752,72.3196,72.36,71.322,71.3208,11.5039,0.0234326,0.00407384,21.0995,0.00101811,0.00747187,0.157653
0.56,0.7,0.00101811,21.0773,-0.82598,0,2,-506.179,72.08,72.3529,71.3946,71.44,11.9257,0.0251825,0.00422322,21.0773,0.00101811,0.007464,0.157321
0.58,0.7,0.00101811,21.0667,-0.849843,0,2,-546.982,72.1968,72.0443,71.28,71.4789,12.3471,0.0269936,0.00437244,21.0667,0.00101811,0.00746023,0.157162
0.6,0.6,0.000872665,21.0552,-0.901152,0,2,-524.169,72.1566,72,71.16,71.2789,12.7683,0.0288657,0.00451626,21.0552,0.000872665,0.00639099,0.134563
0.62,0.6,0.000872665,21.033,-0.977846,0,2,-533.899,71.923,71.883,71.3939,71.162,13.1892,0.0307929,0.0046387,21.033,0.000872665,0.00638427,0.13428
0.64,0.6,0.000872665,21.0111,-1.06663,0,2,-545.789,71.8021,71.9189,70.9674,70.9632,13.6097,0.0327701,0.00476632,21.0111,0.000872665,0.00637761,0.134001
0.66,0.6,0.000872665,20.9885,-1.15811,0,2,-552.157,71.6421,71.8758,70.9169,70.92,14.0297,0.0347988,0.00489381,20.9885,0.000872665,0.00637077,0.133713
0.68,0.6,0.000872665,20.9665,-1.2473,0,2,-561.9,71.759,71.642,70.8,70.959,14.4492,0.0368786,0.00502116,20.9665,0.000872665,0.00636407,0.133432
0.7,0.6,0.000872665,20.9443,-1.32418,0,2,-571.964,71.6398,71.5595,70.64,70.6796,14.8683,0.0390095,0.00514836,20.9443,0.000872665,0.00635735,0.13315
0.72,0.6,0.000872665,20.9109,-1.37411,0,2,-576.575,71.4708,71.4,70.68,70.5154,15.2869,0.0411913,0.00527543,20.9109,0.000872665,0.00634719,0.132725
0.74,0.6,0.000872665,20.8775,-1.39326,0,2,-628.182,71.3182,71.4,70.4345,70.3582,15.7048,0.0434226,0.00540229,20.8775,0.000872665,0.00633706,0.132302
0.76,0.6,0.000872665,20.8552,-1.39577,0,2,-600.573,71.2407,71.4,70.32,70.2807,16.1221,0.0457033,0.00552895,20.8552,0.000872665,0.00633029,0.13202
0.78,0.6,0.000872665,20.833,-1.39689,0,2,-607.62,71.24,71.1589,70.1222,70.3589,16.5389,0.0480342,0.00565547,20.833,0.000872665,0.00632357,0.131739
0.8,0.6,0.000872665,20.7995,-1.3989,0,2,-638.637,71.1236,71.0036,70.0447,70.1259,16.9553,0.0504154,0.00578185,20.7995,0.000872665,0.00631338,0.131315
0.82,0.6,0.000872665,20.7664,-1.40292,0,2,-628.07,70.9593,70.9993,70.12,69.9586,17.371,0.0528451,0.00590804,20.7664,0.000872665,0.00630334,0.130898
0.84,0.6,0.000872665,20.7439,-1.42047,0,2,-637.887,70.9166,70.92,69.8389,69.7977,17.786,0.0553234,0.00603402,20.7439,0.000872665,0.00629652,0.130614
0.86,0.6,0.000872665,20.7221,-1.45905,0,2,-645.48,70.6852,70.92,69.8,69.6817,18.2006,0.0578511,0.00615986,20.7221,0.000872665,0.0062899,0.13034
0.88,0.6,0.000872665,20.689,-1.50555,0,2,-657.978,70.7597,70.6803,69.5603,69.7996,18.6148,0.0604283,0.00628557,20.689,0.000872665,0.00627986,0.129924
0.9,0.6,0.000872665,20.6551,-1.53616,0,2,-650.666,70.6387,70.52,69.516,69.5573,19.0282,0.0630531,0.00641108,20.6551,0.000872665,0.00626957,0.129499
0.92,0.6,0.000872665,20.6214,-1.53918,0,2,-675.837,70.4833,70.4811,69.4778,69.3633,19.441,0.0657254,0.00653638,20.6214,0.000872665,0.00625934,0.129077
0.94,0.6,0.000872665,20.5889,-1.52331,0,2,-694.989,70.441,70.48,69.3258,69.2029,19.8531,0.068445,0.00666147,20.5889,0.000872665,0.00624945,0.128669
0.96,0.6,0.000872665,20.5664,-1.50599,0,2,-705.929,70.2014,70.4372,69.1579,69.0793,20.2646,0.0712117,0.00678637,20.5664,0.000872665,0.00624265,0.128389
0.98,0.6,0.000872665,20.5331,-1.49858,0,2,-672.234,70.3176,70.1576,69,69.08,20.6756,0.0740267,0.00691113,20.5331,0.000872665,0.00623252,0.127973
1,0.6,0.000872665,20.4998,-1.50583,0,2,-710.074,70.1589,70.0396,68.9978,69.0389,21.086,0.0768883,0.00703569,20.4998,0.000872665,0.00622243,0.127559
1.02,0.6,0.000872665,20.4776,-1.53022,0,2,-721.832,69.9634,69.9617,68.7983,68.8817,21.4956,0.0797962,0.00716004,20.4776,0.000872665,0.00621568,0.127282
1.04,0.6,0.000872665,20.4439,-1.56777,0,2,-745.425,69.8784,69.88,68.7905,68.5568,21.9049,0.0827518,0.00728426,20.4439,0.000872665,0.00620544,0.126863
1.06,0.6,0.000872665,20.4109,-1.60715,0,2,-741.314,69.7239,69.9574,68.56,68.5574,22.3134,0.0857532,0.00740828,20.4109,0.000872665,0.00619545,0.126455
1.08,0.6,0.000872665,20.3779,-1.63868,0,2,-750.089,69.7197,69.5618,68.4006,68.44,22.7213,0.0888002,0.00753209,20.3779,0.000872665,0.00618542,0.126046
1.1,0.6,0.000872665,20.344,-1.66036,0,2,-746.678,69.6755,69.477,68.3895,68.4725,23.1285,0.0918927,0.0076557,20.344,0.000872665,0.00617512,0.125626
1.12,0.6,0.000872665,20.3102,-1.67675,0,2,-767.912,69.4035,69.3609,68.12,68.1626,23.5351,0.0950301,0.0077791,20.3102,0.000872665,0.00616488,0.12521
1.14,0.6,0.000872665,20.2775,-1.69531,0,2,-778.093,69.3181,69.3594,68.2757,67.9994,23.9409,0.0982124,0.0079023,20.2775,0.000872665,0.00615494,0.124807
1.16,0.6,0.000872665,20.2445,-1.72124,0,2,-843.181,69.08,69.2379,67.7621,67.8379,24.3461,0.101439,0.00802529,20.2445,0.000872665,0.00614493,0.124401
1.18,0.6,0.000872665,20.2113,-1.75214,0,2,-795.89,69.1578,69.0833,67.7611,67.7611,24.7507,0.104711,0.00814809,20.2113,0.000872665,0.00613486,0.123994
1.2,0.6,0.000872665,20.1772,-1.77764,0,2,-802.218,69.04,68.9174,67.6783,67.7965,25.1545,0.108026,0.00827068,20.1772,0.000872665,0.00612449,0.123575
1.22,0.6,0.000872665,20.1328,-1.78897,0,2,-815.84,68.9248,68.7616,67.4848,67.4864,25.5577,0.111386,0.00839306,20.1328,0.000872665,0.00611104,0.123033
1.24,0.6,0.000872665,20.1001,-1.79068,0,2,-825.125,68.6458,68.7142,67.5142,67.3113,25.96,0.114787,0.00851517,20.1001,0.000872665,0.00610108,0.122632
1.26,0.6,0.000872665,20.0663,-1.79701,0,2,-839.654,68.5579,68.6,67.12,67.1186,26.3616,0.118231,0.00863708,20.0663,0.000872665,0.00609083,0.12222
1.28,0.6,0.000872665,20.0333,-1.81454,0,2,-843.795,68.402,68.4759,67.0298,66.998,26.7626,0.121719,0.00875879,20.0333,0.000872665,0.00608082,0.121819
1.3,0.6,0.000872665,19.9999,-1.83156,0,2,-853.975,68.44,68.2802,66.8001,66.9999,27.1628,0.125249,0.0088803,19.9999,0.000872665,0.00607068,0.121413
1.32,0.6,0.000872665,19.9554,-1.82541,0,2,-862.96,68.1562,68.1562,66.7885,66.7962,27.5625,0.128822,0.0090016,19.9554,0.000872665,0.00605719,0.120874
1.34,0.6,0.000872665,19.9219,-1.77728,0,2,-872.264,68.0032,67.9984,66.7232,66.672,27.9612,0.132436,0.00912263,19.9219,0.000872665,0.00604702,0.120468
1.36,0.6,0.000872665,19.8879,-1.67914,0,2,-885.949,67.9211,67.96,66.5616,66.3608,28.3593,0.136091,0.00924346,19.8879,0.000872665,0.00603669,0.120057
1.38,0.6,0.000872665,19.8435,-1.54079,0,2,-892.071,67.6445,67.8325,66.3155,66.314,28.7567,0.139789,0.0093641,19.8435,0.000872665,0.0060232,0.119521
1.4,0.6,0.000872665,19.8106,-1.40222,0,2,-895.967,67.6812,67.6006,66.0425,66.16,29.1532,0.143526,0.00948447,19.8106,0.000872665,0.00601323,0.119126
1.42,0.6,0.000872665,19.8,-1.3217,0,2,-882.423,67.479,67.4369,65.9939,66.1559,29.5491,0.147305,0.00960465,19.8,0.000872665,0.00601,0.118998
1.44,0.6,0.000872665,19.7774,-1.33571,0,2,-956.347,67.28,67.28,65.7297,65.7961,29.9448,0.151129,0.00972477,19.7774,0.000872665,0.00600314,0.118726
1.46,0.6,0.000872665,19.7445,-1.44008,0,2,-927.99,67.2002,67.28,65.8003,65.6003,30.3401,0.154997,0.00984475,19.7445,0.000872665,0.00599315,0.118331
1.48,0.6,0.000872665,19.7217,-1.60453,0,2,-987.069,66.9946,67.1146,65.4,65.28,30.7347,0.158905,0.00996452,19.7217,0.000872665,0.00598623,0.118058
1.5,0.6,0.000872665,19.6879,-1.7858,0,2,-944.386,66.88,66.882,65.282,65.2407,31.1288,0.162856,0.0100842,19.6879,0.000872665,0.00597599,0.117655
1.52,0.6,0.000872665,19.6436,-1.93697,0,2,-983.761,66.8364,66.6382,65.08,65.2373,31.5222,0.166847,0.0102036,19.6436,0.000872665,0.00596253,0.117126
1.54,0.6,0.000872665,19.5988,-2.02801,0,2,-966.031,66.5194,66.56,64.7994,64.9196,31.9146,0.170875,0.0103227,19.5988,0.000872665,0.00594895,0.116592
1.56,0.595171,0.000865641,19.5555,-2.0627,0,2,-967.227,66.4742,66.4761,64.8,64.7465,32.3062,0.17494,0.0104413,19.5555,0.000865641,0.00588802,0.115143
1.58,0.6,0.000872665,19.5115,-2.07527,0,2,-985.245,66.2036,66.3609,64.6827,64.4409,32.6968,0.179042,0.0105589,19.5115,0.000872665,0.00592244,0.115556
1.6,0.597843,0.000869527,19.4774,-2.10883,0,2,-992.173,66.0817,66.1574,64.3591,64.3191,33.0866,0.183181,0.0106774,19.4774,0.000869527,0.00589084,0.114739
1.62,0.5,0.000727221,19.4439,-2.1841,0,2,-1003.86,66.0828,65.9241,64.1655,64.2028,33.4757,0.187358,0.0107902,19.4439,0.000727221,0.00491826,0.09563
1.64,0.5,0.000727221,19.4001,-2.28098,0,2,-1042.14,65.7888,65.7972,64.146,64.1888,33.8642,0.191568,0.0108836,19.4001,0.000727221,0.00490718,0.0951996
1.66,0.5,0.000727221,19.344,-2.357,0,2,-1053.56,65.5607,65.6386,63.88,63.9573,34.2517,0.195805,0.0109817,19.344,0.000727221,0.00489299,0.09465
1.68,0.5,0.000727221,19.2889,-2.38833,0,2,-1064.63,65.4727,65.5564,63.8691,63.6418,34.6381,0.200067,0.0110794,19.2889,0.000727221,0.00487905,0.0941114
1.7,0.5,0.000727221,19.2444,-2.38889,0,2,-1041.96,65.1611,65.4006,63.4811,63.5211,35.0233,0.204355,0.0111769,19.2444,0.000727221,0.00486781,0.0936783
1.72,0.5,0.000727221,19.2,-2.39115,0,2,-1050.26,65.2365,65.1147,63.24,63.3965,35.4077,0.20867,0.0112741,19.2,0.000727221,0.00485656,0.0932458
1.74,0.5,0.000727221,19.1562,-2.4152,0,2,-1075.55,65.0747,64.9164,63.1618,63.3164,35.7912,0.213012,0.0113711,19.1562,0.000727221,0.00484549,0.092821
1.76,0.5,0.000727221,19.1112,-2.45477,0,2,-1077.83,64.8023,64.8006,63.0817,63.0823,36.1738,0.217381,0.0114679,19.1112,0.000727221,0.00483412,0.0923861
1.78,0.5,0.000727221,19.0541,-2.48823,0,2,-1080.03,64.6774,64.64,62.9974,62.8748,36.5555,0.221778,0.0115644,19.0541,0.000727221,0.00481966,0.0918343
1.8,0.5,0.000727221,18.999,-2.50351,0,2,-1081.99,64.442,64.6005,62.762,62.562,36.9361,0.226197,0.0116607,18.999,0.000727221,0.00480574,0.0913044
1.82,0.5,0.000727221,18.9546,-2.50819,0,2,-1112.16,64.2811,64.2777,62.44,62.32,37.3156,0.23064,0.0117567,18.9546,0.000727221,0.00479449,0.0908776
1.84,0.5,0.000727221,18.9096,-2.51183,0,2,-1106.12,64.1966,64.1133,62.2299,62.2366,37.6941,0.235109,0.0118525,18.9096,0.000727221,0.00478311,0.0904467
1.86,0.5,0.000727221,18.8541,-2.51146,0,2,-1111.97,63.9613,63.96,62.0793,62.1203,38.0718,0.239604,0.011948,18.8541,0.000727221,0.00476909,0.089917
1.88,0.5,0.000727221,18.799,-2.50284,0,2,-1126.11,63.72,63.7169,61.7616,61.9584,38.4483,0.244121,0.0120433,18.799,0.000727221,0.00475514,0.0893919
1.9,0.5,0.000727221,18.7547,-2.49177,0,2,-1131.93,63.72,63.6792,61.8392,61.8024,38.8238,0.24866,0.0121382,18.7547,0.000727221,0.00474393,0.088971
1.92,0.5,0.000727221,18.7104,-2.48228,0,2,-1144.09,63.3594,63.5564,61.477,61.3594,39.1984,0.253225,0.012233,18.7104,0.000727221,0.00473273,0.0885514
1.94,0.5,0.000727221,18.6539,-2.46699,0,2,-1167.78,63.36,63.2,61.1989,61.1989,39.572,0.257814,0.0123275,18.6539,0.000727221,0.00471844,0.0880173
1.96,0.5,0.000727221,18.5996,-2.4422,0,2,-1160,63.2055,63.0841,61.0055,61.1214,39.9446,0.262425,0.0124218,18.5996,0.000727221,0.00470471,0.0875058
1.98,0.5,0.000727221,18.5554,-2.42166,0,2,-1156.11,62.999,62.88,60.8787,60.9987,40.3161,0.267057,0.0125157,18.5554,0.000727221,0.00469352,0.0870901
2,0.5,0.000727221,18.511,-2.42293,0,2,-1220.39,62.7964,62.7982,60.5636,60.7164,40.6867,0.271713,0.0126095,18.511,0.000727221,0.0046823,0.0866743
2.02,0.5,0.000727221,18.4666,-2.44576,0,2,-1171.63,62.5621,62.6416,60.5216,60.5611,41.0564,0.276392,0.012703,18.4666,0.000727221,0.00467107,0.0862589
2.04,0.5,0.000727221,18.4101,-2.47412,0,2,-1179.94,62.44,62.4806,60.4808,59.8815,41.4252,0.281094,0.0127963,18.4101,0.000727221,0.00465678,0.0857319
2.06,0.5,0.000727221,18.3555,-2.49907,0,2,-1178,62.3957,62.2315,60.1557,60.3451,41.7929,0.285817,0.0128893,18.3555,0.000727221,0.00464294,0.0852233
2.08,0.5,0.000727221,18.3111,-2.52901,0,2,-1178,62.1608,62.0004,59.9208,60.0004,42.1594,0.290559,0.012982,18.3111,0.000727221,0.00463174,0.0848124
2.1,0.5,0.000727221,18.2656,-2.57214,0,2,-1181.97,61.8,61.9556,59.9097,60,42.5251,0.295323,0.0130745,18.2656,0.000727221,0.00462022,0.0843912
2.12,0.5,0.000727221,18.2099,-2.61974,0,2,-1180.03,61.8,61.7624,59.6012,59.7671,42.8899,0.30011,0.0131668,18.2099,0.000727221,0.00460614,0.0838775
2.14,0.5,0.000727221,18.1551,-2.6548,0,2,-1184.1,61.4409,61.64,59.7993,59.4805,43.2535,0.304915,0.0132588,18.1551,0.000727221,0.00459228,0.0833735
2.16,0.5,0.000727221,18.0999,-2.67012,0,2,-1184.1,61.3641,61.3518,59.2738,59.4256,43.6161,0.309739,0.0133505,18.0999,0.000727221,0.0045783,0.0828668
2.18,0.5,0.000727221,18.0445,-2.67343,0,2,-1211.81,61.2812,61.1603,59.16,59.0012,43.9775,0.314581,0.0134419,18.0445,0.000727221,0.00456429,0.0823604
2.2,0.5,0.000727221,17.9989,-2.67661,0,2,-1190.27,60.9983,60.955,58.9167,58.9967,44.3378,0.319441,0.0135331,17.9989,0.000727221,0.00455275,0.0819443
2.22,0.5,0.000727221,17.9428,-2.68195,0,2,-1203.89,60.8023,60.84,58.9583,58.8411,44.6972,0.324321,0.013624,17.9428,0.000727221,0.00453857,0.0814348
2.24,0.5,0.000727221,17.8884,-2.68182,0,2,-1190.02,60.6804,60.72,58.602,58.6416,45.0555,0.329219,0.0137147,17.8884,0.000727221,0.0045248,0.0809414
2.26,0.5,0.000727221,17.8319,-2.67167,0,2,-1194.08,60.4734,60.5183,58.6383,58.51,45.4127,0.334134,0.013805,17.8319,0.000727221,0.0045105,0.0804306
2.28,0.5,0.000727221,17.7771,-2.65813,0,2,-1197.93,60.2425,60.2475,58.29,58.28,45.7688,0.339066,0.0138951,17.7771,0.000727221,0.00449665,0.0799374
2.3,0.5,0.000727221,17.7327,-2.65067,0,2,-1198.05,60.1973,60.0373,58.0391,58.1173,46.1238,0.344015,0.0139849,17.7327,0.000727221,0.00448541,0.0795384
2.32,0.5,0.000727221,17.6769,-2.64748,0,2,-1201.93,59.9252,59.8813,57.8839,57.8839,46.4779,0.348983,0.0140745,17.6769,0.000727221,0.0044713,0.0790385
2.34,0.5,0.000727221,17.6226,-2.63615,0,2,-1202.08,59.7166,59.715,57.7116,57.7966,46.8308,0.353967,0.0141638,17.6226,0.000727221,0.00445758,0.0785541
2.36,0.5,0.000727221,17.5672,-2.60974,0,2,-1207.94,59.5611,59.5606,57.3623,57.5229,47.1827,0.358967,0.0142528,17.5672,0.000727221,0.00444355,0.0780606
2.38,0.5,0.000727221,17.5104,-2.57958,0,2,-1209.95,59.2789,59.4368,57.4779,57.3958,47.5335,0.363983,0.0143415,17.5104,0.000727221,0.00442918,0.0775566
2.4,0.5,0.000727221,17.4661,-2.56979,0,2,-1211.88,59.24,59.1647,57.2059,57.0847,47.8832,0.369013,0.01443,17.4661,0.000727221,0.00441797,0.0771646
2.42,0.5,0.000727221,17.4218,-2.59436,0,2,-1216,59.1195,58.9598,56.9997,56.8795,48.2319,0.374062,0.0145182,17.4218,0.000727221,0.00440677,0.0767738
2.44,0.5,0.000727221,17.365,-2.64195,0,2,-1218,58.9564,58.7973,56.7173,56.76,48.5798,0.379128,0.0146062,17.365,0.000727221,0.00439242,0.0762744
2.46,0.5,0.000727221,17.3105,-2.68739,0,2,-1219.95,58.644,58.641,56.6,56.721,48.9266,0.384208,0.0146939,17.3105,0.000727221,0.00437862,0.0757959
2.48,0.5,0.000727221,17.2545,-2.71209,0,2,-1220.11,58.5956,58.5156,56.3189,56.44,49.2722,0.389302,0.0147813,17.2545,0.000727221,0.00436445,0.0753062
2.5,0.5,0.000727221,17.1993,-2.71157,0,2,-1225.94,58.2849,58.3212,56.3188,56.3237,49.6167,0.39441,0.0148685,17.1993,0.000727221,0.00435051,0.0748259
2.52,0.5,0.000727221,17.144,-2.69401,0,2,-1227.95,58.12,58.1213,56.162,56.0807,49.9601,0.399531,0.0149554,17.144,0.000727221,0.00433651,0.074345
2.54,0.5,0.000727221,17.0881,-2.67661,0,2,-1230,58.1187,57.8787,55.7603,55.919,50.3024,0.404666,0.015042,17.0881,0.000727221,0.00432236,0.0738608
2.56,0.5,0.000727221,17.044,-2.67547,0,2,-1228.06,57.8047,57.72,55.8,55.6447,50.6436,0.409813,0.0151283,17.044,0.000727221,0.00431123,0.0734807
2.58,0.4,0.000581776,16.9885,-2.69185,0,2,-1234,57.639,57.5197,55.5207,55.6397,50.9839,0.414976,0.0152101,16.9885,0.000581776,0.00343774,0.0584019
2.6,0.4,0.000581776,16.9332,-2.71175,0,2,-1234.1,57.4718,57.3979,55.5835,55.4318,51.3231,0.420146,0.0152744,16.9332,0.000581776,0.00342656,0.0580227
2.62,0.499179,0.000726027,16.8777,-2.71949,0,2,-1243.93,57.201,57.241,55.161,55.28,51.6612,0.425323,0.0153471,16.8777,0.000726027,0.00426216,0.0719356
2.64,0.400008,0.000581788,16.8215,-2.70863,0,2,-1240,57.04,57,55.12,55.12,51.9981,0.430509,0.0154322,16.8215,0.000581788,0.00340403,0.0572609
2.66,0.4,0.000581776,16.7665,-2.68516,0,2,-1236.41,56.9179,56.7959,54.9455,54.7938,52.334,0.435703,0.015496,16.7665,0.000581776,0.00339281,0.0568854
2.68,0.4,0.000581776,16.711,-2.66549,0,2,-1246,56.76,56.6399,54.56,54.6798,52.6687,0.440902,0.0155637,16.711,0.000581776,0.00338159,0.0565097
2.7,0.4,0.000581776,16.6666,-2.66588,0,2,-1249.91,56.5524,56.4381,54.3619,54.3619,53.0024,0.446107,0.0156312,16.6666,0.000581776,0.00337261,0.0562101
2.72,0.4,0.000581776,16.6111,-2.68907,0,2,-1249.98,56.3208,56.2811,54.3604,54.4,53.3351,0.45132,0.0156986,16.6111,0.000581776,0.00336138,0.0558364
2.74,0.4,0.000581776,16.5552,-2.72488,0,2,-1258.11,56.1622,56.1616,54.0816,54.2016,53.6668,0.456538,0.0157657,16.5552,0.000581776,0.00335006,0.055461
2.76,0.3,0.000436332,16.4991,-2.76408,0,2,-1271.55,55.9211,55.9955,54,53.9977,53.9973,0.46176,0.0158284,16.4991,0.000436332,0.00250402,0.041314
2.78,0.3,0.000436332,16.443,-2.80684,0,2,-1261.76,55.96,55.7632,53.808,53.728,54.3267,0.466981,0.0158742,16.443,0.000436332,0.00249551,0.0410335
2.8,0.2,0.000290888,16.3869,-2.85931,0,2,-1265.95,55.6397,55.5197,53.6389,53.5595,54.655,0.4722,0.0159199,16.3869,0.000290888,0.00165801,0.0271696
2.82,0.0944471,0.000137368,16.3331,-2.9227,0,2,-1262.11,55.5156,55.3578,53.4289,53.3911,54.9821,0.477413,0.0159445,16.3331,0.000137368,0.000780397,0.0127463
2.84,-0.00476438,-6.92951e-06,16.2785,-2.98225,0,2,-1265.81,55.2762,55.2762,53.1581,53.2419,55.3081,0.482614,0.0159516,16.2785,-6.92951e-06,-3.92355e-05,-0.000638695
2.86,-0.199202,-0.000289728,16.2113,-3.01083,0,2,-1265.97,55.2,55.1603,53.12,53.161,55.633,0.487796,0.0159388,16.2113,-0.000289728,-0.00163369,-0.0264844
2.88,-0.3,-0.000436332,16.1432,-2.99231,0,2,-1270,54.9544,55.0372,52.9214,52.9172,55.9566,0.492947,0.0158941,16.1432,-0.000436332,-0.00245001,-0.039551
2.9,-0.3,-0.000436332,16.0882,-2.93796,0,2,-1271.96,54.8391,54.7251,52.96,52.84,56.2789,0.498061,0.0158411,16.0882,-0.000436332,-0.00244166,-0.0392819
2.92,-0.4,-0.000581776,16.0321,-2.87383,0,2,-1272.05,54.7178,54.5167,52.5956,52.5967,56.6,0.50314,0.0157883,16.0321,-0.000581776,-0.0032442,-0.0520112
2.94,-0.404848,-0.000588828,15.9773,-2.81793,0,2,-1274.1,54.4761,54.3922,52.48,52.4742,56.92,0.508182,0.0157193,15.9773,-0.000588828,-0.00327231,-0.0522828
2.96,-0.5,-0.000727221,15.9223,-2.77208,0,2,-1276,54.2405,54.1602,52.3205,52.3201,57.239,0.513186,0.0156499,15.9223,-0.000727221,-0.00402749,-0.0641271
2.98,-0.5,-0.000727221,15.8657,-2.72844,0,2,-1281.57,54.1549,54.0783,52.0017,52.2,57.5568,0.518147,0.0155657,15.8657,-0.000727221,-0.00401318,-0.063672
3,-0.5,-0.000727221,15.8098,-2.6808,0,2,-1281.83,53.8827,53.922,51.9614,52.0427,57.8735,0.523065,0.0154856,15.8098,-0.000727221,-0.00399904,-0.063224
3.02,-0.5,-0.000727221,15.7545,-2.63142,0,2,-1285.77,53.72,53.7153,51.72,51.8738,58.1892,0.52794,0.0154057,15.7545,-0.000727221,-0.00398504,-0.0627823
3.04,-0.5,-0.000727221,15.7101,-2.58625,0,2,-1280,53.6403,53.5601,51.8794,51.72,58.5037,0.532774,0.0153262,15.7101,-0.000727221,-0.0039738,-0.0624287
3.06,-0.6,-0.000872665,15.6541,-2.54646,0,2,-1282.43,53.4383,53.3165,51.513,51.5183,58.8173,0.537568,0.0152428,15.6541,-0.000872665,-0.00475159,-0.0743821
3.08,-0.6,-0.000872665,15.5993,-2.51259,0,2,-1284.12,53.3212,53.1612,51.36,51.2044,59.1299,0.542317,0.015144,15.5993,-0.000872665,-0.00473494,-0.0738618
3.1,-0.7,-0.00101811,15.5549,-2.4906,0,2,-1282,53,52.9977,51.0788,51.0365,59.4413,0.547019,0.0150455,15.5549,-0.00101811,-0.00550839,-0.0856826
3.12,-0.7,-0.00101811,15.5106,-2.48135,0,2,-1272.37,52.9615,52.92,51.0015,51.074,59.7519,0.551675,0.0149316,15.5106,-0.00101811,-0.00549268,-0.0851948
3.14,-0.7,-0.00101811,15.4552,-2.47249,0,2,-1280.02,52.6795,52.7993,50.7985,50.7998,60.0616,0.556282,0.0148219,15.4552,-0.00101811,-0.00547307,-0.0845875
3.16,-0.8,-0.00116355,15.3991,-2.45459,0,2,-1284,52.6,52.5965,50.56,50.5982,60.3701,0.560839,0.0147087,15.3991,-0.00116355,-0.00623223,-0.0959708
3.18,-0.8,-0.00116355,15.3549,-2.43671,0,2,-1287.89,52.4832,52.4421,50.56,50.4432,60.6776,0.565342,0.0145804,15.3549,-0.00116355,-0.00621433,-0.0954202
3.2,-0.802714,-0.0011675,15.3104,-2.43358,0,2,-1290,52.3589,52.16,50.24,50.16,60.9842,0.569793,0.0144562,15.3104,-0.0011675,-0.00621734,-0.0951897
3.22,-0.9,-0.001309,15.266,-2.44235,0,2,-1286.12,52.1648,52.0436,50.1624,50.16,61.2899,0.574193,0.0143282,15.266,-0.001309,-0.00695067,-0.106109
3.24,-0.900052,-0.00130907,15.2108,-2.44276,0,2,-1288,51.8801,51.8801,50.0801,49.9602,61.5947,0.578539,0.0141857,15.2108,-0.00130907,-0.00692592,-0.105348
3.26,-1,-0.00145444,15.1546,-2.42207,0,2,-1288,51.793,51.7948,49.9165,50.073,61.8984,0.582826,0.0140435,15.1546,-0.00145444,-0.00766661,-0.116184
3.28,-1,-0.00145444,15.1104,-2.39215,0,2,-1289.97,51.5216,51.6405,49.7611,49.8016,62.2009,0.587052,0.0138866,15.1104,-0.00145444,-0.00764422,-0.115507
3.3,-0.9,-0.001309,15.0659,-2.3771,0,2,-1288,51.4,51.3989,49.48,49.5978,62.5026,0.59122,0.0137378,15.0659,-0.001309,-0.00685956,-0.103345
3.32,-0.9,-0.001309,15.0214,-2.38828,0,2,-1286.04,51.3607,51.203,49.5193,49.4807,62.8035,0.595332,0.0136046,15.0214,-0.001309,-0.00683931,-0.102736
3.34,-0.9,-0.001309,14.9775,-2.41305,0,2,-1289.97,51.1607,51.0007,49.2024,49.2007,63.1034,0.599392,0.013468,14.9775,-0.001309,-0.0068193,-0.102136
3.36,-0.9,-0.001309,14.9212,-2.42608,0,2,-1292,50.9932,50.8759,49.0386,48.9986,63.4024,0.6034,0.0133319,14.9212,-0.001309,-0.00679369,-0.10137
3.38,-0.8,-0.00116355,14.8663,-2.41496,0,2,-1292,50.8,50.72,48.9976,48.8329,63.7003,0.607352,0.0132,14.8663,-0.00116355,-0.00601662,-0.0894452
3.4,-0.8,-0.00116355,14.822,-2.39386,0,2,-1292,50.638,50.5988,48.7984,48.6812,63.9972,0.611252,0.0130836,14.822,-0.00116355,-0.00599868,-0.0889127
3.42,-0.795419,-0.00115689,14.7777,-2.38807,0,2,-1292.09,50.32,50.4382,48.629,48.7927,64.2931,0.615107,0.012964,14.7777,-0.00115689,-0.00594651,-0.0878758
3.44,-0.7,-0.00101811,14.7338,-2.40758,0,2,-1294,50.3176,50.3152,48.2496,48.5552,64.5881,0.618915,0.012849,14.7338,-0.00101811,-0.00521761,-0.0768753
3.46,-0.7,-0.00101811,14.6889,-2.43579,0,2,-1292.01,50.16,50.1193,48.479,48.3593,64.8823,0.62268,0.0127484,14.6889,-0.00101811,-0.00520171,-0.0764075
3.48,-0.7,-0.00101811,14.6321,-2.44221,0,2,-1298.07,50.0759,49.9586,48.2332,48.0773,65.1756,0.626404,0.0126445,14.6321,-0.00101811,-0.00518158,-0.0758172
3.5,-0.7,-0.00101811,14.577,-2.40992,0,2,-1294.1,49.842,49.7627,47.8827,47.882,65.4677,0.630083,0.012541,14.577,-0.00101811,-0.00516207,-0.0752474
3.52,-0.7,-0.00101811,14.5326,-2.35041,0,2,-1296,49.68,49.6393,47.917,47.757,65.7588,0.633718,0.012438,14.5326,-0.00101811,-0.00514634,-0.0747894
3.54,-0.6,-0.000872665,14.4886,-2.29017,0,2,-1296,49.5926,49.5163,47.64,47.64,66.0489,0.637312,0.0123389,14.4886,-0.000872665,-0.00439781,-0.0637182
3.56,-0.6,-0.000872665,14.4446,-2.24944,0,2,-1294.01,49.3208,49.3208,47.5605,47.64,66.3382,0.64087,0.0122547,14.4446,-0.000872665,-0.00438445,-0.0633317
3.58,-0.6,-0.000872665,14.3992,-2.23639,0,2,-1300.14,49.12,49.1557,47.4342,47.3229,66.6266,0.644392,0.0121672,14.3992,-0.000872665,-0.00437067,-0.062934
3.6,-0.6,-0.000872665,14.3548,-2.25254,0,2,-1298.14,49.12,48.9618,47.1627,47.3218,66.9141,0.647878,0.0120799,14.3548,-0.000872665,-0.00435721,-0.062547
3.62,-0.6,-0.000872665,14.3105,-2.29575,0,2,-1298,48.879,48.799,47.2385,47.08,67.2008,0.651328,0.0119929,14.3105,-0.000872665,-0.00434375,-0.0621614
3.64,-0.6,-0.000872665,14.2664,-2.35618,0,2,-1300,48.6737,48.6716,46.9516,46.9958,67.4865,0.654742,0.0119061,14.2664,-0.000872665,-0.00433037,-0.0617789
3.66,-0.500291,-0.000727644,14.2223,-2.41144,0,2,-1300,48.5201,48.4801,46.7601,46.92,67.7713,0.658122,0.0118233,14.2223,-0.000727644,-0.00359956,-0.0511939
3.68,-0.5,-0.000727221,14.1651,-2.43443,0,2,-1301.91,48.3928,48.3546,46.6346,46.6346,68.0553,0.661469,0.011755,14.1651,-0.000727221,-0.00358302,-0.0507539
3.7,-0.5,-0.000727221,14.1102,-2.41565,0,2,-1300,48.1615,48.1615,46.4415,46.4808,68.3381,0.664783,0.0116835,14.1102,-0.000727221,-0.00356912,-0.0503611
3.72,-0.5,-0.000727221,14.0658,-2.37507,0,2,-1302,47.8836,48.0352,46.5128,46.4352,68.6198,0.668065,0.0116122,14.0658,-0.000727221,-0.00355788,-0.0500443
3.74,-0.5,-0.000727221,14.0219,-2.34583,0,2,-1302,47.9147,47.7965,46.1582,46.153,68.9006,0.671316,0.0115412,14.0219,-0.000727221,-0.00354678,-0.0497324
3.76,-0.5,-0.000727221,13.978,-2.34902,0,2,-1302,47.7605,47.6015,46.041,45.9605,69.1805,0.674537,0.0114703,13.978,-0.000727221,-0.00353569,-0.049422
3.78,-0.5,-0.000727221,13.9324,-2.38234,0,2,-1301.93,47.6341,47.5541,45.8727,45.7185,69.4596,0.677728,0.0113998,13.9324,-0.000727221,-0.00352416,-0.0491001
3.8,-0.5,-0.000727221,13.888,-2.42226,0,2,-1303.94,47.3224,47.2818,45.5618,45.5224,69.7378,0.68089,0.0113294,13.888,-0.000727221,-0.00351292,-0.0487876
3.82,-0.5,-0.000727221,13.8323,-2.43714,0,2,-1304,47.24,47.238,45.4759,45.399,70.015,0.684021,0.0112593,13.8323,-0.000727221,-0.00349884,-0.048397
3.84,-0.5,-0.000727221,13.7765,-2.41025,0,2,-1304,47.0727,47.0745,45.1982,45.24,70.2912,0.687121,0.0111894,13.7765,-0.000727221,-0.00348471,-0.0480069
3.86,-0.5,-0.000727221,13.7325,-2.35266,0,2,-1305.97,46.8412,46.9994,45.0812,45.24,70.5662,0.690189,0.0111198,13.7325,-0.000727221,-0.00347358,-0.0477009
3.88,-0.5,-0.000727221,13.6882,-2.29032,0,2,-1304,46.8376,46.7552,45.0364,45.0788,70.8404,0.693228,0.0110505,13.6882,-0.000727221,-0.00346239,-0.047394
3.9,-0.402949,-0.000586066,13.644,-2.24326,0,2,-1307.88,46.6435,46.6,44.8035,44.9235,71.1137,0.696239,0.0109847,13.644,-0.000586066,-0.00278132,-0.0379484
3.92,-0.5,-0.000727221,13.5998,-2.21944,0,2,-1304,46.5203,46.3605,44.7203,44.7607,71.3861,0.699224,0.0109292,13.5998,-0.000727221,-0.00344001,-0.0467834
3.94,-0.496328,-0.00072188,13.5545,-2.22044,0,2,-1305.93,46.3156,46.2756,44.7912,44.5956,71.6576,0.702182,0.0108573,13.5545,-0.00072188,-0.00340339,-0.0461313
3.96,-0.4,-0.000581776,13.5106,-2.24675,0,2,-1305.96,46.1215,46.1207,44.4029,44.3229,71.9282,0.705112,0.0107927,13.5106,-0.000581776,-0.00273396,-0.0369373
3.98,-0.5,-0.000727221,13.4663,-2.29718,0,2,-1306,45.9981,45.9591,44.24,44.3181,72.198,0.708016,0.010738,13.4663,-0.000727221,-0.00340625,-0.0458696
4,-0.406057,-0.000590586,13.422,-2.36321,0,2,-1306,45.7176,45.7952,44.0703,44,72.4668,0.710894,0.0106698,13.422,-0.000590586,-0.00275716,-0.0370065
4.02,-0.5,-0.000727221,13.3776,-2.42355,0,2,-1306,45.6398,45.6797,43.9201,44.0002,72.7348,0.713745,0.0106148,13.3776,-0.000727221,-0.0033838,-0.045267
4.04,-0.5,-0.000727221,13.3217,-2.45046,0,2,-1306,45.521,45.521,43.96,43.9241,73.0018,0.716571,0.010544,13.3217,-0.000727221,-0.00336967,-0.0448898
4.06,-0.6,-0.000872665,13.2665,-2.42989,0,2,-1306,45.3594,45.2394,43.6794,43.7576,73.2678,0.719366,0.0104734,13.2665,-0.000872665,-0.00402684,-0.0534219
4.08,-0.7,-0.00101811,13.2212,-2.37397,0,2,-1307.92,45.2384,45.0784,43.6016,43.5935,73.5326,0.722128,0.0103863,13.2212,-0.00101811,-0.00468195,-0.0619009
4.1,-0.798733,-0.00116171,13.1768,-2.30892,0,2,-1306,45.042,45.0005,43.5215,43.282,73.7965,0.724857,0.0102862,13.1768,-0.00116171,-0.00532441,-0.070159
4.12,-0.803014,-0.00116794,13.1324,-2.25494,0,2,-1306,44.7988,44.76,43.1564,43.1564,74.0596,0.727548,0.0101765,13.1324,-0.00116794,-0.0053349,-0.07006
4.14,-0.9,-0.001309,13.0883,-2.21928,0,2,-1306,44.7118,44.7146,43.0346,43.0373,74.3218,0.730202,0.0100666,13.0883,-0.001309,-0.00595914,-0.0779949
4.16,-0.901378,-0.001311,13.0441,-2.20053,0,2,-1306,44.4794,44.5583,42.8789,42.8789,74.5831,0.732817,0.00994439,13.0441,-0.001311,-0.00594812,-0.0775879
4.18,-1,-0.00145444,12.9999,-2.19435,0,2,-1306,44.3177,44.4332,42.68,42.7177,74.8435,0.735391,0.00982234,12.9999,-0.00145444,-0.00657654,-0.0854941
4.2,-1.09948,-0.00159913,12.9555,-2.19729,0,2,-1307.99,44.28,44.2404,42.6402,42.68,75.1031,0.737923,0.00968453,12.9555,-0.00159913,-0.00720609,-0.0933584
4.22,-1.1,-0.00159989,12.9111,-2.20866,0,2,-1308,44.0762,44.0743,42.3981,42.4,75.3617,0.740409,0.00953738,12.9111,-0.00159989,-0.00718477,-0.092763
4.24,-1.1,-0.00159989,12.867,-2.23044,0,2,-1308,43.92,43.8346,42.3573,42.3573,75.6195,0.742849,0.00939392,12.867,-0.00159989,-0.00716028,-0.0921315
4.26,-1.1,-0.00159989,12.822,-2.26561,0,2,-1306.02,43.8385,43.6797,42.2394,42.2385,75.8764,0.745244,0.00925096,12.822,-0.00159989,-0.00713521,-0.0914877
4.28,-1.1,-0.00159989,12.7773,-2.31548,0,2,-1308,43.5961,43.5941,42.0341,41.918,76.1323,0.747594,0.00910851,12.7773,-0.00159989,-0.00711032,-0.0908504
4.3,-1.1,-0.00159989,12.7323,-2.37494,0,2,-1307.92,43.4367,43.4367,41.76,41.76,76.3874,0.749899,0.00896656,12.7323,-0.00159989,-0.00708529,-0.0902119
4.32,-1.1,-0.00159989,12.6882,-2.42689,0,2,-1307.95,43.2821,43.2821,41.6431,41.721,76.6416,0.75216,0.00882512,12.6882,-0.00159989,-0.00706077,-0.0895886
4.34,-1.1,-0.00159989,12.6332,-2.44681,0,2,-1308,43.1207,43.2,41.4403,41.481,76.8948,0.754378,0.00868417,12.6332,-0.00159989,-0.00703017,-0.0888137
4.36,-1.1,-0.00159989,12.5769,-2.42208,0,2,-1309.92,42.9983,42.995,41.2817,41.4783,77.147,0.75655,0.00854384,12.5769,-0.00159989,-0.0069988,-0.0880228
4.38,-1.1,-0.00159989,12.5327,-2.36553,0,2,-1308,42.8813,42.8013,41.2806,41.2826,77.3981,0.758677,0.00840413,12.5327,-0.00159989,-0.00697421,-0.0874056
4.4,-1.1,-0.00159989,12.4885,-2.30368,0,2,-1308,42.7185,42.5592,41.08,41.1177,77.6482,0.760762,0.00826491,12.4885,-0.00159989,-0.00694962,-0.0867903
4.42,-1.1,-0.00159989,12.4444,-2.25558,0,2,-1308,42.5528,42.4746,40.9982,40.991,77.8975,0.762806,0.00812618,12.4444,-0.00159989,-0.00692507,-0.0861781
4.44,-1.1,-0.00159989,12.4003,-2.22573,0,2,-1308,42.3217,42.36,40.9208,40.8,78.146,0.764807,0.00798793,12.4003,-0.00159989,-0.00690056,-0.0855691
4.46,-1.1,-0.00159989,12.355,-2.20991,0,2,-1308,42.1989,42.1958,40.5979,40.5968,78.3935,0.766768,0.00785016,12.355,-0.00159989,-0.00687534,-0.0849448
4.48,-1.1,-0.00159989,12.3106,-2.2028,0,2,-1309.94,42.0434,42.04,40.4811,40.4411,78.6402,0.768687,0.0077129,12.3106,-0.00159989,-0.00685063,-0.0843355
4.5,-1,-0.00145444,12.2661,-2.20218,0,2,-1310,41.8775,41.9175,40.3567,40.3175,78.8859,0.770566,0.00757924,12.2661,-0.00145444,-0.00620534,-0.0761153
4.52,-1,-0.00145444,12.2217,-2.20945,0,2,-1310,41.6448,41.7232,40.1232,40.1232,79.1308,0.772407,0.00745845,12.2217,-0.00145444,-0.0061829,-0.0755658
4.54,-1,-0.00145444,12.178,-2.22806,0,2,-1310,41.5553,41.4753,40.0023,40.113,79.3748,0.774212,0.00733502,12.178,-0.00145444,-0.00616077,-0.0750259
4.56,-1,-0.00145444,12.1333,-2.2612,0,2,-1309.99,41.4396,41.3199,39.9594,39.88,79.6179,0.77598,0.00721203,12.1333,-0.00145444,-0.00613814,-0.0744759
4.58,-1,-0.00145444,12.088,-2.30959,0,2,-1310,41.2366,41.1583,39.7183,39.7183,79.8601,0.777712,0.00708949,12.088,-0.00145444,-0.00611524,-0.073921
4.6,-1,-0.00145444,12.0437,-2.3676,0,2,-1310,41.1208,41.0024,39.68,39.5232,80.1014,0.779408,0.00696742,12.0437,-0.00145444,-0.00609281,-0.0733798
4.62,-1,-0.00145444,11.9993,-2.41833,0,2,-1310,40.8391,40.8391,39.4763,39.32,80.3418,0.781068,0.00684581,11.9993,-0.00145444,-0.00607038,-0.0728407
4.64,-1,-0.00145444,11.9442,-2.43813,0,2,-1310,40.7949,40.7566,39.1983,39.1566,80.5813,0.782694,0.00672464,11.9442,-0.00145444,-0.0060425,-0.0721729
4.66,-0.9,-0.001309,11.8892,-2.41558,0,2,-1310,40.5223,40.5223,39.0812,39.08,80.8197,0.784283,0.00660705,11.8892,-0.001309,-0.00541317,-0.0643581
4.68,-0.9,-0.001309,11.8437,-2.36476,0,2,-1310,40.4366,40.4766,38.9166,38.9943,81.057,0.785838,0.00650201,11.8437,-0.001309,-0.00539249,-0.0638672
4.7,-0.9,-0.001309,11.7993,-2.31479,0,2,-1310,40.2811,40.2821,38.7221,38.8,81.2934,0.787362,0.00639437,11.7993,-0.001309,-0.00537227,-0.0633892
4.72,-0.9,-0.001309,11.7549,-2.28985,0,2,-1310,40.1176,40.0388,38.6,38.64,81.5289,0.788856,0.00628714,11.7549,-0.001309,-0.00535203,-0.0629124
4.74,-0.9,-0.001309,11.71,-2.30026,0,2,-1310.06,39.9576,39.9553,38.4753,38.4788,81.7635,0.790318,0.00618031,11.71,-0.001309,-0.00533159,-0.0624327
4.76,-0.9,-0.001309,11.6663,-2.34163,0,2,-1310.07,39.8413,39.684,38.2813,38.4013,81.9973,0.79175,0.00607389,11.6663,-0.001309,-0.0053117,-0.0619679
4.78,-0.9,-0.001309,11.6221,-2.39481,0,2,-1310.01,39.5597,39.5195,38.1202,38.1597,82.2301,0.793152,0.00596787,11.6221,-0.001309,-0.0052916,-0.0614997
4.8,-0.9,-0.001309,11.5669,-2.43407,0,2,-1310.09,39.4,39.3583,38.1148,37.9166,82.4621,0.794524,0.00586225,11.5669,-0.001309,-0.00526646,-0.0609168
4.82,-0.801998,-0.00116646,11.5116,-2.44749,0,2,-1312,39.3608,39.2416,37.7648,37.84,82.6929,0.795866,0.00576,11.5116,-0.00116646,-0.00467053,-0.0537652
4.84,-0.8,-0.00116355,11.4671,-2.44724,0,2,-1312,39.04,39.0782,37.5964,37.6729,82.9227,0.797179,0.00566969,11.4671,-0.00116355,-0.00464088,-0.0532173
4.86,-0.7015,-0.00102029,11.4227,-2.45217,0,2,-1312,38.8824,38.9218,37.52,37.4412,83.1515,0.798466,0.00557998,11.4227,-0.00102029,-0.00405372,-0.0463042
4.88,-0.798562,-0.00116146,11.3773,-2.46351,0,2,-1312,38.7206,38.7583,37.2788,37.2788,83.3795,0.799729,0.00549912,11.3773,-0.00116146,-0.00459627,-0.052293
4.9,-0.797135,-0.00115939,11.3214,-2.46567,0,2,-1312,38.6434,38.5623,37.1223,37.2,83.6065,0.800966,0.00540465,11.3214,-0.00115939,-0.00456553,-0.0516883
4.92,-0.7,-0.00101811,11.266,-2.45055,0,2,-1312,38.4,38.3985,37.0362,37.037,83.8324,0.802178,0.00531635,11.266,-0.00101811,-0.00398958,-0.0449468
4.94,-0.7,-0.00101811,11.221,-2.43215,0,2,-1312,38.3172,38.2358,36.7972,36.7972,84.0573,0.803364,0.0052395,11.221,-0.00101811,-0.00397363,-0.0445881
4.96,-0.7,-0.00101811,11.1772,-2.43127,0,2,-1312,38.084,37.964,36.642,36.642,84.2812,0.804528,0.0051602,11.1772,-0.00101811,-0.00395813,-0.0442409
4.98,-0.7,-0.00101811,11.133,-2.4509,0,2,-1312.04,37.8393,37.917,36.5585,36.4778,84.5043,0.805671,0.00508121,11.133,-0.00101811,-0.00394247,-0.0438914
5,-0.6,-0.000872665,11.0776,-2.47481,0,2,-1312,37.68,37.68,36.3159,36.238,84.7264,0.806791,0.00500534,11.0776,-0.000872665,-0.00336245,-0.037248
5.02,-0.6,-0.000872665,11.0222,-2.49001,0,2,-1312,37.5208,37.6004,36.041,36.0806,84.9475,0.80789,0.00494103,11.0222,-0.000872665,-0.00334562,-0.0368761
5.04,-0.6,-0.000872665,10.9777,-2.49972,0,2,-1312,37.3555,37.36,35.9133,35.911,85.1674,0.80897,0.00487427,10.9777,-0.000872665,-0.00333212,-0.0365789
5.06,-0.6,-0.000872665,10.9333,-2.50915,0,2,-1312.01,37.1999,37.2797,35.8797,35.7597,85.3865,0.81003,0.00480778,10.9333,-0.000872665,-0.00331865,-0.0362838
5.08,-0.6,-0.000872665,10.8764,-2.5128,0,2,-1314,37.0383,37.0366,35.5532,35.6,85.6046,0.811072,0.00474156,10.8764,-0.000872665,-0.00330138,-0.0359071
5.1,-0.6,-0.000872665,10.8214,-2.50683,0,2,-1314,36.8826,36.8818,35.4391,35.4826,85.8217,0.812094,0.00467569,10.8214,-0.000872665,-0.00328469,-0.0355451
5.12,-0.6,-0.000872665,10.7768,-2.50036,0,2,-1314,36.6786,36.6757,35.3171,35.3943,86.0376,0.813096,0.00461014,10.7768,-0.000872665,-0.00327115,-0.0352526
5.14,-0.6,-0.000872665,10.7327,-2.50145,0,2,-1314,36.56,36.5133,35.12,35.1556,86.2526,0.814081,0.00454487,10.7327,-0.000872665,-0.00325777,-0.0349647
5.16,-0.6,-0.000872665,10.6776,-2.50391,0,2,-1314,36.3196,36.3196,35.1595,34.9599,86.4668,0.815047,0.00447987,10.6776,-0.000872665,-0.00324103,-0.0346065
5.18,-0.6,-0.000872665,10.6212,-2.50025,0,2,-1314,36.1981,36.1562,34.92,34.7981,86.6798,0.815994,0.0044152,10.6212,-0.000872665,-0.0032239,-0.0342415
5.2,-0.6,-0.000872665,10.5769,-2.49574,0,2,-1314,36.0807,36.0403,34.801,34.6014,86.8917,0.816923,0.00435087,10.5769,-0.000872665,-0.00321046,-0.0339567
5.22,-0.6,-0.000872665,10.5323,-2.49705,0,2,-1315.96,35.7942,35.8756,34.3571,34.4371,87.1028,0.817835,0.00428682,10.5323,-0.000872665,-0.00319694,-0.0336713
5.24,-0.6,-0.000872665,10.4769,-2.49945,0,2,-1314,35.5927,35.6376,34.1976,34.3079,87.3129,0.818729,0.00422303,10.4769,-0.000872665,-0.00318011,-0.0333177
5.26,-0.6,-0.000872665,10.422,-2.49765,0,2,-1314,35.44,35.4798,34.1593,34.1197,87.522,0.819605,0.00415958,10.422,-0.000872665,-0.00316345,-0.0329695
5.28,-0.6,-0.000872665,10.3776,-2.49698,0,2,-1314,35.3156,35.3156,33.9534,33.96,87.7299,0.820463,0.00409646,10.3776,-0.000872665,-0.00314998,-0.0326893
5.3,-0.6,-0.000872665,10.3332,-2.50135,0,2,-1314,35.24,35.1205,33.6806,33.8803,87.9369,0.821305,0.00403361,10.3332,-0.000872665,-0.0031365,-0.0324101
5.32,-0.6,-0.000872665,10.276,-2.50327,0,2,-1314,35.0734,34.955,33.64,33.7167,88.1431,0.82213,0.00397104,10.276,-0.000872665,-0.00311913,-0.0320522
5.34,-0.6,-0.000872665,10.2215,-2.49784,0,2,-1314.12,34.7975,34.83,33.3975,33.52,88.3481,0.822938,0.0039088,10.2215,-0.000872665,-0.0031026,-0.0317134
5.36,-0.6,-0.000872665,10.1774,-2.49349,0,2,-1316,34.6383,34.5989,33.32,33.3583,88.5521,0.823729,0.0038469,10.1774,-0.000872665,-0.0030892,-0.03144
5.38,-0.5,-0.000727221,10.1332,-2.49698,0,2,-1316,34.3577,34.4732,33.2377,33.1554,88.7551,0.824504,0.00378784,10.1332,-0.000727221,-0.00256314,-0.0259727
5.4,-0.5,-0.000727221,10.0778,-2.50089,0,2,-1314.02,34.3597,34.2806,33.1603,33.0403,88.9573,0.825265,0.00373926,10.0778,-0.000727221,-0.00254915,-0.0256898
5.42,-0.5,-0.000727221,10.0211,-2.49782,0,2,-1316,34.1151,34.1563,32.9151,32.8751,89.1583,0.826011,0.0036884,10.0211,-0.000727221,-0.00253481,-0.0254016
5.44,-0.5,-0.000727221,9.9773,-2.49422,0,2,-1316,33.96,33.96,32.6,32.6019,89.3582,0.826744,0.00363783,9.9773,-0.000727221,-0.00252372,-0.0251799
5.46,-0.401068,-0.000583329,9.93338,-2.49738,0,2,-1316,33.8017,33.8413,32.5604,32.4817,89.5573,0.827463,0.00358997,9.93338,-0.000583329,-0.00201546,-0.0200203
5.48,-0.404348,-0.000588101,9.87758,-2.50151,0,2,-1316,33.56,33.5565,32.313,32.2748,89.7555,0.82817,0.00355216,9.87758,-0.000588101,-0.00202053,-0.0199579
5.5,-0.4,-0.000581776,9.82187,-2.50004,0,2,-1316,33.5191,33.3995,32.0795,32.1598,89.9525,0.828866,0.00351188,9.82187,-0.000581776,-0.00198753,-0.0195212
5.52,-0.404371,-0.000588133,9.77764,-2.49865,0,2,-1316,33.24,33.2365,31.9165,31.9965,90.1484,0.829551,0.00347223,9.77764,-0.000588133,-0.00200019,-0.0195572
5.54,-0.497343,-0.000723356,9.73358,-2.50291,0,2,-1316,33.2011,33.0821,31.84,31.7643,90.3435,0.830224,0.00342992,9.73358,-0.000723356,-0.00244899,-0.0238374
5.56,-0.4,-0.000581776,9.67676,-2.50605,0,2,-1316,32.9163,32.8763,31.5963,31.6363,90.5377,0.830885,0.00338118,9.67676,-0.000581776,-0.00195816,-0.0189487
5.58,-0.4,-0.000581776,9.62179,-2.50228,0,2,-1316,32.7614,32.7986,31.48,31.3654,90.7307,0.831534,0.00334449,9.62179,-0.000581776,-0.00194704,-0.018734
5.6,-0.4,-0.000581776,9.57745,-2.49867,0,2,-1316,32.56,32.5984,31.2804,31.3596,90.9226,0.832172,0.00330565,9.57745,-0.000581776,-0.00193807,-0.0185617
5.62,-0.4,-0.000581776,9.5331,-2.50163,0,2,-1316,32.4708,32.3963,31.2745,31.1926,91.1137,0.8328,0.00326699,9.5331,-0.000581776,-0.00192909,-0.0183902
5.64,-0.4,-0.000581776,9.47705,-2.50458,0,2,-1316,32.159,32.237,31.0359,30.997,91.3038,0.833418,0.00322851,9.47705,-0.000581776,-0.00191775,-0.0181746
5.66,-0.4,-0.000581776,9.42164,-2.50127,0,2,-1316,32.081,32.0029,30.802,30.841,91.4929,0.834025,0.00319026,9.42164,-0.000581776,-0.00190654,-0.0179627
5.68,-0.4,-0.000581776,9.37731,-2.49803,0,2,-1316.03,31.9188,31.9576,30.64,30.6388,91.6808,0.834621,0.00315223,9.37731,-0.000581776,-0.00189756,-0.017794
5.7,-0.4,-0.000581776,9.33298,-2.50082,0,2,-1316.08,31.7633,31.6849,30.64,30.4833,91.8679,0.835207,0.00311438,9.33298,-0.000581776,-0.00188859,-0.0176262
5.72,-0.4,-0.000581776,9.27725,-2.50278,0,2,-1318,31.5998,31.5198,30.2398,30.2399,92.054,0.835783,0.00307671,9.27725,-0.000581776,-0.00187732,-0.0174163
5.74,-0.4,-0.000581776,9.22138,-2.49717,0,2,-1318,31.4392,31.3187,30.0796,30.1592,92.2391,0.836349,0.00303926,9.22138,-0.000581776,-0.00186601,-0.0172072
5.76,-0.4,-0.000581776,9.17777,-2.48964,0,2,-1318,31.2744,31.1981,29.92,30,92.423,0.836904,0.00300204,9.17777,-0.000581776,-0.00185719,-0.0170448
5.78,-0.4,-0.000581776,9.13339,-2.4852,0,2,-1318,31.0413,31.0413,29.8013,29.8021,92.606,0.83745,0.002965,9.13339,-0.000581776,-0.00184821,-0.0168804
5.8,-0.4,-0.000581776,9.07785,-2.47614,0,2,-1317.91,30.8781,30.8381,29.6381,29.7144,92.7882,0.837987,0.00292814,9.07785,-0.000581776,-0.00183697,-0.0166757
5.82,-0.4,-0.000581776,9.02228,-2.45668,0,2,-1317.98,30.7212,30.8,29.6,29.4812,92.9693,0.838514,0.0028915,9.02228,-0.000581776,-0.00182572,-0.0164722
5.84,-0.4,-0.000581776,8.97715,-2.43888,0,2,-1318,30.5602,30.4007,29.4002,29.4001,93.1492,0.839031,0.00285508,8.97715,-0.000581776,-0.00181659,-0.0163078
5.86,-0.4,-0.000581776,8.93325,-2.44046,0,2,-1318,30.3898,30.358,29.3159,29.1139,93.3283,0.839539,0.00281885,8.93325,-0.000581776,-0.00180771,-0.0161487
5.88,-0.4,-0.000581776,8.8885,-2.46163,0,2,-1320,30.1601,30.0805,29.0005,28.9601,93.5065,0.840038,0.00278279,8.8885,-0.000581776,-0.00179865,-0.0159873
5.9,-0.4,-0.000581776,8.83244,-2.48468,0,2,-1318,30.0026,30.0413,28.8039,28.96,93.6837,0.840528,0.00274692,8.83244,-0.000581776,-0.00178731,-0.0157863
5.92,-0.4,-0.000581776,8.7773,-2.49677,0,2,-1318,29.7997,29.7994,28.6397,28.6794,93.8599,0.841009,0.00271127,8.7773,-0.000581776,-0.00177615,-0.0155898
5.94,-0.4,-0.000581776,8.73207,-2.50244,0,2,-1318,29.64,29.5983,28.475,28.4366,94.0349,0.841481,0.00267585,8.73207,-0.000581776,-0.00176699,-0.0154295
5.96,-0.4,-0.000581776,8.68806,-2.50872,0,2,-1318,29.5609,29.4809,28.2809,28.3205,94.2091,0.841943,0.00264061,8.68806,-0.000581776,-0.00175809,-0.0152744
5.98,-0.4,-0.000581776,8.63201,-2.51102,0,2,-1320,29.32,29.2745,28.1173,28.1586,94.3823,0.842398,0.00260555,8.63201,-0.000581776,-0.00174675,-0.015078
6,-0.4,-0.000581776,8.57692,-2.50397,0,2,-1320,29.1632,29.12,28.0008,28.0416,94.5545,0.842843,0.00257072,8.57692,-0.000581776,-0.0017356,-0.0148861
6.02,-0.4,-0.000581776,8.53264,-2.4929,0,2,-1318.04,28.9592,28.9577,27.8785,27.957,94.7255,0.84328,0.00253611,8.53264,-0.000581776,-0.00172664,-0.0147328
6.04,-0.4,-0.000581776,8.48779,-2.48205,0,2,-1318,28.8383,28.8383,27.6792,27.72,94.8957,0.843709,0.00250168,8.48779,-0.000581776,-0.00171756,-0.0145783
6.06,-0.4,-0.000581776,8.43283,-2.46388,0,2,-1319.94,28.6436,28.6436,27.5624,27.5261,95.0649,0.844129,0.00246743,8.43283,-0.000581776,-0.00170644,-0.0143901
6.08,-0.4,-0.000581776,8.37757,-2.4334,0,2,-1320,28.5198,28.4799,27.4795,27.3999,95.2331,0.844541,0.0024334,8.37757,-0.000581776,-0.00169526,-0.0142022
6.1,-0.3,-0.000436332,8.33307,-2.40349,0,2,-1320,28.3179,28.3136,27.32,27.3136,95.4001,0.844945,0.0024017,8.33307,-0.000436332,-0.00126469,-0.0105388
6.12,-0.3,-0.000436332,8.28848,-2.39474,0,2,-1320,28.159,28.159,27.159,27.0397,95.5663,0.845342,0.00237858,8.28848,-0.000436332,-0.00125792,-0.0104263
6.14,-0.3,-0.000436332,8.24314,-2.41335,0,2,-1320,27.96,28.1152,26.9928,26.9964,95.7316,0.845733,0.00235349,8.24314,-0.000436332,-0.00125104,-0.0103125
6.16,-0.3,-0.000436332,8.19913,-2.44121,0,2,-1320,27.8415,27.802,26.76,26.7615,95.896,0.846118,0.00232855,8.19913,-0.000436332,-0.00124436,-0.0102027
6.18,-0.3,-0.000436332,8.14312,-2.44599,0,2,-1320,27.7177,27.6788,26.4823,26.5577,96.0595,0.846497,0.00230373,8.14312,-0.000436332,-0.00123586,-0.0100638
6.2,-0.3,-0.000436332,8.08822,-2.40512,0,2,-1320,27.5625,27.5238,26.4825,26.4025,96.2219,0.846869,0.00227909,8.08822,-0.000436332,-0.00122753,-0.00992855
6.22,-0.3,-0.000436332,8.0439,-2.32096,0,2,-1320.03,27.479,27.3995,26.2795,26.2784,96.3831,0.847235,0.00225461,8.0439,-0.000436332,-0.0012208,-0.00982003
6.24,-0.3,-0.000436332,7.99864,-2.21271,0,2,-1320,27.3154,27.2369,26.1569,26.1215,96.5436,0.847594,0.00223027,7.99864,-0.000436332,-0.00121394,-0.00970985
6.26,-0.3,-0.000436332,7.95462,-2.10322,0,2,-1320,27.1607,27.0813,26.0013,26.0813,96.7031,0.847948,0.00220606,7.95462,-0.000436332,-0.00120725,-0.00960325
6.28,-0.3,-0.000436332,7.91012,-2.01775,0,2,-1320,26.9951,26.8768,25.9584,26.0735,96.8618,0.848296,0.00218197,7.91012,-0.000436332,-0.0012005,-0.00949612
6.3,-0.3,-0.000436332,7.87735,-1.98145,0,2,-1320,26.8017,26.7608,25.8025,25.8025,97.0196,0.848639,0.00215803,7.87735,-0.000436332,-0.00119553,-0.00941759
6.32,-0.3,-0.000436332,7.84381,-2.00364,0,2,-1320,26.6394,26.6389,25.6383,25.6777,97.1767,0.848976,0.00213418,7.84381,-0.000436332,-0.00119044,-0.00933757
6.34,-0.3,-0.000436332,7.79986,-2.06792,0,2,-1320,26.4766,26.4383,25.5166,25.4783,97.3332,0.849308,0.00211043,7.79986,-0.000436332,-0.00118377,-0.00923321
6.36,-0.3,-0.000436332,7.7557,-2.14518,0,2,-1320,26.3211,26.3211,25.2821,25.3611,97.4888,0.849635,0.00208682,7.7557,-0.000436332,-0.00117706,-0.00912896
6.38,-0.3,-0.000436332,7.71013,-2.2135,0,2,-1320,26.1584,26.1584,25.28,25.1584,97.6434,0.849956,0.00206334,7.71013,-0.000436332,-0.00117015,-0.00902201
6.4,-0.3,-0.000436332,7.66585,-2.26369,0,2,-1320,25.9639,26.081,25.1239,25.0029,97.7972,0.850271,0.00204,7.66585,-0.000436332,-0.00116343,-0.00891868
6.42,-0.3,-0.000436332,7.62155,-2.29149,0,2,-1321.97,25.8395,25.8395,24.8395,24.9584,97.9501,0.850581,0.0020168,7.62155,-0.000436332,-0.00115671,-0.00881588
6.44,-0.3,-0.000436332,7.57748,-2.29047,0,2,-1320,25.68,25.678,24.7918,24.7241,98.102,0.850886,0.00199374,7.57748,-0.000436332,-0.00115002,-0.00871422
6.46,-0.350224,-0.00050938,7.52207,-2.25841,0,2,-1320,25.6401,25.5203,24.5602,24.5605,98.2531,0.851185,0.00196985,7.52207,-0.00050938,-0.00133273,-0.0100249
6.48,-0.3,-0.000436332,7.47716,-2.21045,0,2,-1322,25.4358,25.4358,24.4758,24.3621,98.4031,0.851479,0.00194327,7.47716,-0.000436332,-0.00113479,-0.00848503
6.5,-0.3,-0.000436332,7.44328,-2.17309,0,2,-1322,25.36,25.2804,24.3204,24.3204,98.5522,0.851767,0.00192159,7.44328,-0.000436332,-0.00112965,-0.00840831
6.52,-0.3,-0.000436332,7.39902,-2.16092,0,2,-1322,25.1573,25.0009,24.08,24.1564,98.7007,0.85205,0.00189907,7.39902,-0.000436332,-0.00112293,-0.00830861
6.54,-0.3,-0.000436332,7.35438,-2.16905,0,2,-1322,24.9974,24.9574,23.9983,24.0783,98.8482,0.852329,0.00187667,7.35438,-0.000436332,-0.00111616,-0.00820865
6.56,-0.396878,-0.000577236,7.31077,-2.18605,0,2,-1322,24.8412,24.7237,23.8812,23.9225,98.9949,0.852602,0.00185262,7.31077,-0.000577236,-0.00146784,-0.010731
6.58,-0.300305,-0.000436776,7.26649,-2.20389,0,2,-1322,24.6396,24.6396,23.7596,23.7196,99.1406,0.85287,0.00182334,7.26649,-0.000436776,-0.00110394,-0.00802176
6.6,-0.3,-0.000436332,7.22213,-2.21821,0,2,-1322,24.476,24.476,23.556,23.6,99.2855,0.853133,0.00180311,7.22213,-0.000436332,-0.00109609,-0.00791607
6.62,-0.3,-0.000436332,7.17776,-2.2266,0,2,-1322,24.3603,24.3206,23.48,23.4412,99.4295,0.853391,0.00178126,7.17776,-0.000436332,-0.00108935,-0.0078191
6.64,-0.3,-0.000436332,7.13223,-2.22846,0,2,-1322,24.2372,24.1986,23.3172,23.24,99.5726,0.853644,0.00175954,7.13223,-0.000436332,-0.00108244,-0.00772022
6.66,-0.3,-0.000436332,7.08801,-2.22529,0,2,-1322,24.0019,24.081,23.161,23.1214,99.7148,0.853893,0.00173796,7.08801,-0.000436332,-0.00107573,-0.0076248
6.68,-0.3,-0.000436332,7.04355,-2.22016,0,2,-1322,23.8774,23.8774,23.0774,22.9587,99.8561,0.854137,0.00171651,7.04355,-0.000436332,-0.00106898,-0.00752944
6.7,-0.3,-0.000436332,6.99916,-2.21662,0,2,-1322,23.6434,23.7608,22.9217,22.8025,99.9966,0.854377,0.0016952,6.99916,-0.000436332,-0.00106225,-0.00743484
6.72,-0.3,-0.000436332,6.95468,-2.21855,0,2,-1322,23.5988,23.5964,22.6388,22.7527,100.136,0.854612,0.00167402,6.95468,-0.000436332,-0.0010555,-0.00734063
6.74,-0.3,-0.000436332,6.90954,-2.23105,0,2,-1322,23.4764,23.4328,22.4782,22.48,100.275,0.854843,0.00165298,6.90954,-0.000436332,-0.00104864,-0.00724565
6.76,-0.3,-0.000436332,6.86573,-2.26001,0,2,-1322,23.281,23.2403,22.321,22.361,100.413,0.855069,0.00163207,6.86573,-0.000436332,-0.001042,-0.00715407
6.78,-0.4,-0.000581776,6.82131,-2.30845,0,2,-1322.03,23.1187,23.08,22.1987,22.1987,100.549,0.855291,0.00160957,6.82131,-0.000581776,-0.00138034,-0.00941572
6.8,-0.302068,-0.000439341,6.7769,-2.37009,0,2,-1323.98,23.0017,22.9625,22.1208,22.1208,100.685,0.855508,0.00158202,6.7769,-0.000439341,-0.00103561,-0.00701821
6.82,-0.3,-0.000436332,6.73261,-2.4246,0,2,-1322,22.8386,22.7579,21.9586,21.8814,100.82,0.85572,0.00156309,6.73261,-0.000436332,-0.00102179,-0.00687934
6.84,-0.3,-0.000436332,6.67572,-2.44539,0,2,-1322,22.64,22.6384,21.7951,21.8384,100.955,0.855928,0.00154276,6.67572,-0.000436332,-0.00101316,-0.00676356
6.86,-0.3,-0.000436332,6.62131,-2.42071,0,2,-1322,22.6004,22.5207,21.6404,21.7207,101.088,0.856132,0.00152257,6.62131,-0.000436332,-0.0010049,-0.00665377
6.88,-0.3,-0.000436332,6.57686,-2.36494,0,2,-1322,22.3186,22.3186,21.5572,21.6357,101.22,0.856332,0.00150255,6.57686,-0.000436332,-0.000998155,-0.00656472
6.9,-0.3,-0.000436332,6.5326,-2.30445,0,2,-1322,22.2017,22.2017,21.4017,21.4809,101.351,0.856527,0.00148266,6.5326,-0.000436332,-0.000991438,-0.00647667
6.92,-0.3,-0.000436332,6.48852,-2.25723,0,2,-1322,21.9995,21.959,21.1995,21.239,101.481,0.856719,0.0014629,6.48852,-0.000436332,-0.000984748,-0.00638955
6.94,-0.3,-0.000436332,6.44332,-2.2278,0,2,-1322,21.8766,21.8766,21.0783,21.0383,101.61,0.856907,0.00144327,6.44332,-0.000436332,-0.000977888,-0.00630084
6.96,-0.3,-0.000436332,6.39919,-2.21329,0,2,-1322,21.6816,21.7211,20.9216,20.9211,101.739,0.857091,0.00142378,6.39919,-0.000436332,-0.000971191,-0.00621484
6.98,-0.3,-0.000436332,6.35484,-2.209,0,2,-1324,21.5587,21.6348,20.72,20.7587,101.866,0.857271,0.00140443,6.35484,-0.000436332,-0.00096446,-0.00612899
7,-0.3,-0.000436332,6.31056,-2.21047,0,2,-1324,21.3638,21.48,20.72,20.6028,101.993,0.857448,0.0013852,6.31056,-0.000436332,-0.00095774,-0.00604388
7.02,-0.3,-0.000436332,6.2662,-2.21404,0,2,-1324,21.3187,21.3187,20.4396,20.4387,102.118,0.857621,0.00136612,6.2662,-0.000436332,-0.000951007,-0.00595919
7.04,-0.3,-0.000436332,6.22161,-2.21728,0,2,-1324,21.1607,21.0822,20.3215,20.32,102.243,0.857791,0.00134716,6.22161,-0.000436332,-0.00094424,-0.00587469
7.06,-0.3,-0.000436332,6.17706,-2.21923,0,2,-1324,21.0358,20.9958,20.08,20.1572,102.367,0.857956,0.00132835,6.17706,-0.000436332,-0.000937478,-0.00579085
7.08,-0.3,-0.000436332,6.13284,-2.22015,0,2,-1324,20.8811,20.8022,20.0022,19.9633,102.49,0.858119,0.00130966,6.13284,-0.000436332,-0.000930768,-0.00570825
7.1,-0.3,-0.000436332,6.08841,-2.22073,0,2,-1324,20.6393,20.7171,19.8393,19.7993,102.613,0.858278,0.00129111,6.08841,-0.000436332,-0.000924025,-0.00562584
7.12,-0.397116,-0.000577582,6.04394,-2.22147,0,2,-1324,20.5612,20.4435,19.8,19.6823,102.734,0.858433,0.00127121,6.04394,-0.000577582,-0.00121422,-0.00733864
7.14,-0.3,-0.000436332,6.00001,-2.22235,0,2,-1324,20.3908,20.32,19.5877,19.5938,102.854,0.858585,0.00124702,6.00001,-0.000436332,-0.000910608,-0.00546366
7.16,-0.348577,-0.000506985,5.95492,-2.22288,0,2,-1324,20.2372,20.1572,19.4358,19.3586,102.974,0.858733,0.00122961,5.95492,-0.000506985,-0.00105011,-0.0062533
7.18,-0.3,-0.000436332,5.91055,-2.2229,0,2,-1324,20.1211,20.0023,19.2811,19.2811,103.093,0.858878,0.00120868,5.91055,-0.000436332,-0.000897031,-0.00530194
7.2,-0.3,-0.000436332,5.86606,-2.22313,0,2,-1324,19.9174,19.7991,19.1182,19.1574,103.21,0.859019,0.00119153,5.86606,-0.000436332,-0.000890279,-0.00522243
7.22,-0.3,-0.000436332,5.82164,-2.22469,0,2,-1324,19.7613,19.76,19.0013,19.0013,103.327,0.859157,0.00117379,5.82164,-0.000436332,-0.000883537,-0.00514364
7.24,-0.3,-0.000436332,5.77745,-2.22814,0,2,-1324,19.5989,19.5993,18.8793,18.8796,103.443,0.859292,0.00115619,5.77745,-0.000436332,-0.000876831,-0.00506584
7.26,-0.3,-0.000436332,5.73332,-2.23238,0,2,-1324,19.436,19.436,18.718,18.7921,103.558,0.859424,0.00113872,5.73332,-0.000436332,-0.000870133,-0.00498875
7.28,-0.3,-0.000436332,5.68847,-2.23425,0,2,-1324,19.2804,19.3202,18.5606,18.5604,103.673,0.859553,0.00112139,5.68847,-0.000436332,-0.000863327,-0.00491101
7.3,-0.3,-0.000436332,5.64374,-2.22918,0,2,-1324,19.1608,19.1216,18.3624,18.4024,103.786,0.859679,0.00110419,5.64374,-0.000436332,-0.000856538,-0.00483408
7.32,-0.3,-0.000436332,5.59969,-2.21208,0,2,-1324,18.8791,18.9995,18.3197,18.24,103.898,0.859803,0.00108713,5.59969,-0.000436332,-0.000849852,-0.00475891
7.34,-0.3,-0.000436332,5.55476,-2.17838,0,2,-1324,18.6825,18.7983,18.0783,18.1966,104.01,0.859923,0.0010702,5.55476,-0.000436332,-0.000843034,-0.00468286
7.36,-0.3,-0.000436332,5.51086,-2.12671,0,2,-1324,18.9551,18.72,18.0326,17.9926,104.121,0.86004,0.0010534,5.51086,-0.000436332,-0.000836372,-0.00460913
7.38,-0.3,-0.000436332,5.46666,-2.06431,0,2,-1324,18.6398,18.6398,17.8798,17.8798,104.23,0.860155,0.00103674,5.46666,-0.000436332,-0.000829663,-0.00453549
7.4,-0.3,-0.000436332,5.42119,-2.0128,0,2,-1324,18.4031,18.3984,17.64,17.7169,104.339,0.860267,0.00102021,5.42119,-0.000436332,-0.000822761,-0.00446034
7.42,-0.3,-0.000436332,5.38852,-2.00292,0,2,-1324,18.4016,18.3208,17.5616,17.6008,104.447,0.860377,0.00100381,5.38852,-0.000436332,-0.000817803,-0.00440675
7.44,-0.299192,-0.000435158,5.3552,-2.0532,0,2,-1324,18,18.0397,17.3197,17.399,104.555,0.860483,0.000987529,5.3552,-0.000435158,-0.000810559,-0.0043407
7.46,-0.293836,-0.000427367,5.31095,-2.15358,0,2,-1324,18.0301,17.9126,17.2326,17.24,104.661,0.860588,0.000971463,5.31095,-0.000427367,-0.000789469,-0.00419283
7.48,-0.2,-0.000290888,5.26643,-2.2723,0,2,-1324,17.7598,17.6398,17,17.08,104.767,0.86069,0.000957063,5.26643,-0.000290888,-0.00053285,-0.00280622
7.5,-0.2,-0.000290888,5.22199,-2.37223,0,2,-1324,17.5977,17.5508,16.9531,16.9508,104.872,0.86079,0.000947695,5.22199,-0.000290888,-0.000528353,-0.00275905
7.52,-0.2,-0.000290888,5.16664,-2.42407,0,2,-1324,17.4007,17.3203,16.8002,16.7602,104.976,0.860888,0.000937176,5.16664,-0.000290888,-0.000522753,-0.00270087
7.54,-0.2,-0.000290888,5.11074,-2.42202,0,2,-1324,17.28,17.2804,16.6007,16.5215,105.079,0.860984,0.00092677,5.11074,-0.000290888,-0.000517097,-0.00264275
7.56,-0.1,-0.000145444,5.06698,-2.38999,0,2,-1324,17.1181,16.96,16.4325,16.4344,105.181,0.861077,0.000917762,5.06698,-0.000145444,-0.000256335,-0.00129884
7.58,-0.103191,-0.000150085,5.02303,-2.36352,0,2,-1324,16.9251,16.8438,16.2026,16.2813,105.281,0.86117,0.000913892,5.02303,-0.000150085,-0.00026222,-0.00131714
7.6,-0.1,-0.000145444,4.97779,-2.36491,0,2,-1324,16.7602,16.7602,16.0407,16.12,105.381,0.861261,0.000908672,4.97779,-0.000145444,-0.000251823,-0.00125352
7.62,-0.1,-0.000145444,4.93258,-2.39334,0,2,-1324,16.639,16.598,15.84,15.96,105.48,0.861351,0.0009037,4.93258,-0.000145444,-0.000249536,-0.00123086
7.64,-0.1,-0.000145444,4.88763,-2.42763,0,2,-1324,16.4728,16.4746,15.8346,15.7964,105.579,0.861439,0.000898733,4.88763,-0.000145444,-0.000247262,-0.00120852
7.66,-0.1,-0.000145444,4.832,-2.4387,0,2,-1324,16.2803,16.2014,15.6803,15.6803,105.676,0.861526,0.000893813,4.832,-0.000145444,-0.000244448,-0.00118117
7.68,-0.1,-0.000145444,4.77698,-2.4113,0,2,-1324,16.2761,16.2761,15.4774,15.4774,105.772,0.861612,0.000888948,4.77698,-0.000145444,-0.000241664,-0.00115442
7.7,-0.1,-0.000145444,4.7326,-2.35624,0,2,-1324,16.003,16.0422,15.3607,15.4,105.867,0.861696,0.000884139,4.7326,-0.000145444,-0.000239419,-0.00113307
7.72,-0.1,-0.000145444,4.68804,-2.29795,0,2,-1324,15.88,15.84,15.1988,15.1988,105.961,0.861779,0.000879375,4.68804,-0.000145444,-0.000237165,-0.00111184
7.74,-0.1,-0.000145444,4.64413,-2.25437,0,2,-1324,15.6747,15.6782,15.1564,15.0782,106.055,0.861861,0.000874655,4.64413,-0.000145444,-0.000234943,-0.00109111
7.76,-0.1,-0.000145444,4.60036,-2.22981,0,2,-1324,15.56,15.64,15.001,15.04,106.147,0.861942,0.000869979,4.60036,-0.000145444,-0.000232729,-0.00107064
7.78,-0.00216861,-3.15411e-06,4.5549,-2.21949,0,2,-1324,15.3991,15.36,14.76,14.7991,106.239,0.862021,0.000866478,4.5549,-3.15411e-06,-4.99711e-06,-2.27613e-05
7.8,-0.00186883,-2.71811e-06,4.51036,-2.21641,0,2,-1324,15.3207,15.3207,14.76,14.7207,106.329,0.8621,0.000867502,4.51036,-2.71811e-06,-4.26422e-06,-1.92332e-05
7.82,-0.0965369,-0.000140407,4.46585,-2.21559,0,2,-1324,15.1572,15.0786,14.5572,14.4414,106.419,0.862178,0.000866347,4.46585,-0.000140407,-0.0002181,-0.000974
7.84,0,0,4.42102,-2.21488,0,2,-1324,14.9966,14.9977,14.3966,14.3955,106.508,0.862255,0.000862028,4.42102,0,0,0
7.86,0,0,4.3774,-2.2137,0,2,-1324,14.8025,14.765,14.28,14.24,106.596,0.86233,0.0008631,4.3774,0,0,0
7.88,0,0,4.33325,-2.21157,0,2,-1324,14.7189,14.5996,13.96,14.0789,106.683,0.862406,0.0008631,4.33325,0,0,0
7.9,0,0,4.28787,-2.20825,0,2,-1324,14.5564,14.4764,13.9164,13.9164,106.769,0.86248,0.0008631,4.28787,0,0,0
7.92,0,0,4.24373,-2.2057,0,2,-1324,14.4019,14.1657,13.7619,13.7619,106.855,0.862554,0.0008631,4.24373,0,0,0
7.94,0,0,4.19974,-2.20866,0,2,-1324,14.1601,14.16,13.5201,13.6001,106.939,0.862627,0.0008631,4.19974,0,0,0
7.96,0,0,4.1557,-2.22279,0,2,-1324,13.9983,14.0733,13.3583,13.4716,107.023,0.862699,0.0008631,4.1557,0,0,0
7.98,0,0,4.11142,-2.25273,0,2,-1324,13.7624,13.762,13.2805,13.28,107.105,0.86277,0.0008631,4.11142,0,0,0
8,0,0,4.06582,-2.30092,0,2,-1324,13.5974,13.5187,13.1974,13.16,107.187,0.862841,0.0008631,4.06582,0,0,0
8.02,0,0,4.02145,-2.36471,0,2,-1324,13.4414,13.4407,13.0021,13.0028,107.268,0.86291,0.0008631,4.02145,0,0,0
8.04,0,0,3.97716,-2.43164,0,2,-1324,13.1988,13.1565,12.7977,12.7977,107.348,0.862979,0.0008631,3.97716,0,0,0
8.06,0,0,3.92183,-2.48272,0,2,-1324,13.1212,13.04,12.6424,12.6424,107.427,0.863048,0.0008631,3.92183,0,0,0
8.08,0,0,3.86656,-2.50817,0,2,-1324,12.8801,12.9601,12.52,12.48,107.505,0.863115,0.0008631,3.86656,0,0,0
8.1,0,0,3.82211,-2.51408,0,2,-1324,12.7935,12.7957,12.1978,12.3135,107.582,0.863181,0.0008631,3.82211,0,0,0
8.12,0,0,3.7777,-2.50595,0,2,-1324,12.5604,12.5606,12.0803,12.0406,107.658,0.863247,0.0008631,3.7777,0,0,0
8.14,0,0,3.72121,-2.47624,0,2,-1324,12.4792,12.3604,11.8792,11.9196,107.733,0.863311,0.0008631,3.72121,0,0,0
8.16,0,0,3.66655,-2.41946,0,2,-1324,12.3529,12.3976,11.7576,11.76,107.807,0.863375,0.0008631,3.66655,0,0,0
8.18,0.1,0.000145444,3.62215,-2.3489,0,2,-1324,12.2399,12.1998,11.56,11.64,107.879,0.863438,0.000864019,3.62215,0.000145444,0.000183242,0.00066373
8.2,0.1,0.000145444,3.57778,-2.28879,0,2,-1324,12.0381,12.0761,11.4381,11.4761,107.951,0.863501,0.000868569,3.57778,0.000145444,0.000180997,0.000647568
8.22,0.2,0.000290888,3.53336,-2.25729,0,2,-1324,11.8008,11.8805,11.2805,11.2805,108.022,0.863562,0.000873063,3.53336,0.000290888,0.0003575,0.00126318
8.24,0.2,0.000290888,3.48831,-2.26144,0,2,-1324,11.7585,11.7596,11.1596,11.2389,108.093,0.863624,0.000881053,3.48831,0.000290888,0.000352942,0.00123117
8.26,0.3,0.000436332,3.44452,-2.29945,0,2,-1324,11.4764,11.5527,10.9964,10.9582,108.162,0.863685,0.000888941,3.44452,0.000436332,0.000522767,0.00180068
8.28,0.3,0.000436332,3.40036,-2.35936,0,2,-1324,11.3213,11.3213,10.8413,10.8413,108.23,0.863747,0.00090019,3.40036,0.000436332,0.000516065,0.0017548
8.3,0.3,0.000436332,3.35493,-2.41636,0,2,-1324,11.2377,11.2766,10.7555,10.6789,108.298,0.863808,0.00091044,3.35493,0.000436332,0.00050917,0.00170823
8.32,0.3,0.000436332,3.29907,-2.44146,0,2,-1324,11.0824,11.0824,10.6,10.5236,108.365,0.863869,0.00092055,3.29907,0.000436332,0.000500693,0.00165182
8.34,0.3,0.000436332,3.24454,-2.42178,0,2,-1324,10.8435,10.8435,10.3635,10.4412,108.43,0.863929,0.00093049,3.24454,0.000436332,0.000492416,0.00159766
8.36,0.3,0.000436332,3.1998,-2.37065,0,2,-1324,10.6796,10.6396,10.2787,10.1996,108.494,0.86399,0.000940264,3.1998,0.000436332,0.000485627,0.00155391
8.38,0.3,0.000436332,3.15551,-2.31333,0,2,-1324,10.5922,10.5941,10.1141,10.1141,108.558,0.86405,0.000949905,3.15551,0.000436332,0.000478905,0.00151119
8.4,0.3,0.000436332,3.11116,-2.26702,0,2,-1324,10.44,10.4401,9.96007,9.88022,108.621,0.864109,0.000959413,3.11116,0.000436332,0.000472174,0.00146901
8.42,0.3,0.000436332,3.06562,-2.23601,0,2,-1324,10.2765,10.1983,9.83302,9.79477,108.682,0.864169,0.000968788,3.06562,0.000436332,0.000465262,0.00142632
8.44,0.3,0.000436332,3.02082,-2.21823,0,2,-1324,10.1157,10.0342,9.6371,9.63566,108.743,0.864228,0.000978025,3.02082,0.000436332,0.000458463,0.00138493
8.46,0.3,0.000436332,2.9772,-2.2107,0,2,-1324,9.96073,9.84073,9.52073,9.48073,108.803,0.864287,0.000987127,2.9772,0.000436332,0.000451843,0.00134523
8.48,0.3,0.000436332,2.93285,-2.21025,0,2,-1324,9.79744,9.71915,9.35744,9.35744,108.862,0.864346,0.000996097,2.93285,0.000436332,0.000445112,0.00130545
8.5,0.3,0.000436332,2.88853,-2.21322,0,2,-1324,9.56348,9.56348,9.16232,9.24,108.921,0.864404,0.00100493,2.88853,0.000436332,0.000438385,0.00126629
8.52,0.3,0.000436332,2.84413,-2.21627,0,2,-1324,9.47969,9.3999,8.99979,9.0399,108.978,0.864462,0.00101363,2.84413,0.000436332,0.000431648,0.00122766
8.54,0.3,0.000436332,2.79888,-2.21774,0,2,-1324,9.31555,9.23703,8.91852,8.79852,109.034,0.864519,0.0010222,2.79888,0.000436332,0.00042478,0.00118891
8.56,0.3,0.000436332,2.75504,-2.21813,0,2,-1324,9.2,9.08149,8.72297,8.72074,109.09,0.864576,0.00103063,2.75504,0.000436332,0.000418127,0.00115196
8.58,0.3,0.000436332,2.71092,-2.21878,0,2,-1324,8.9205,8.9995,8.5595,8.59926,109.145,0.864633,0.00103892,2.71092,0.000436332,0.000411431,0.00111536
8.6,0.3,0.000436332,2.66664,-2.22005,0,2,-1324,8.79802,8.79605,8.39605,8.43407,109.198,0.864689,0.00104708,2.66664,0.000436332,0.00040471,0.00107921
8.62,0.3,0.000436332,2.62217,-2.22113,0,2,-1324,8.64049,8.64033,8.28016,8.28016,109.251,0.864744,0.00105511,2.62217,0.000436332,0.00039796,0.00104352
8.64,0.3,0.000436332,2.57706,-2.22141,0,2,-1324,8.4796,8.47919,8.1196,8.1196,109.303,0.8648,0.001063,2.57706,0.000436332,0.000391115,0.00100793
8.66,0.3,0.000436332,2.5331,-2.22147,0,2,-1324,8.31753,8.16494,7.95753,7.95753,109.354,0.864854,0.00107076,2.5331,0.000436332,0.000384443,0.000973833
8.68,0.3,0.000436332,2.48863,-2.22252,0,2,-1319.97,8.1595,8.1185,7.8395,7.8395,109.404,0.864908,0.00107838,2.48863,0.000436332,0.000377694,0.000939941
8.7,0.3,0.000436332,2.4443,-2.22534,0,2,-1315.67,7.9956,7.9578,7.6756,7.6756,109.454,0.864961,0.00108586,2.4443,0.000436332,0.000370966,0.000906753
8.72,0.3,0.000436332,2.39986,-2.22987,0,2,-1304.02,7.84021,7.80031,7.52021,7.52021,109.502,0.865014,0.00109322,2.39986,0.000436332,0.000364222,0.000874082
8.74,0.3,0.000436332,2.35491,-2.23545,0,2,-1293.98,7.67988,7.67988,7.43965,7.35988,109.55,0.865066,0.00110043,2.35491,0.000436332,0.000357399,0.000841644
8.76,0.3,0.000436332,2.31117,-2.24036,0,2,-1274,7.59453,7.59453,7.27635,7.27635,109.596,0.865118,0.00110751,2.31117,0.000436332,0.000350761,0.00081067
8.78,0.3,0.000436332,2.26623,-2.24082,0,2,-1262.07,7.44022,7.44022,7.12045,7.16022,109.642,0.865169,0.00111446,2.26623,0.000436332,0.000343941,0.00077945
8.8,0.3,0.000436332,2.22142,-2.2308,0,2,-1232.2,7.2804,7.2808,6.9604,7.0004,109.687,0.865219,0.00112127,2.22142,0.000436332,0.00033714,0.000748932
8.82,0.3,0.000436332,2.17713,-2.20342,0,2,-1215.53,7.03883,7.11766,6.83883,6.83883,109.731,0.865268,0.00112795,2.17713,0.000436332,0.000330418,0.000719362
8.84,0.3,0.000436332,2.13212,-2.15345,0,2,-1217.15,6.95739,6.95739,6.67869,6.71869,109.774,0.865317,0.00113449,2.13212,0.000436332,0.000323587,0.000689926
8.86,0.3,0.000436332,2.08847,-2.08154,0,2,-1172.42,6.84083,6.84083,6.56167,6.64083,109.816,0.865365,0.00114089,2.08847,0.000436332,0.000316962,0.000661967
8.88,0.3,0.000436332,2.04446,-1.99813,0,2,-1146.01,6.68002,6.68006,6.48002,6.52002,109.858,0.865412,0.00114717,2.04446,0.000436332,0.000310283,0.000634361
8.9,0.3,0.000436332,2.01058,-1.9193,0,2,-1143.75,6.5583,6.52,6.35491,6.31661,109.898,0.865459,0.00115331,2.01058,0.000436332,0.000305142,0.000613513
8.92,0.3,0.000436332,1.97702,-1.85383,0,2,-1108.98,6.40391,6.40391,6.2013,6.2013,109.938,0.865505,0.00115936,1.97702,0.000436332,0.000300047,0.000593198
8.94,0.3,0.000436332,1.9332,-1.79896,0,2,-1089.96,6.32011,6.32011,6.08021,6.08021,109.977,0.865551,0.0011653,1.9332,0.000436332,0.000293397,0.000567193
8.96,0.3,0.000436332,1.89965,-1.75152,0,2,-1046.07,6.15705,6.15705,5.99705,5.99705,110.016,0.865595,0.00117112,1.89965,0.000436332,0.000288305,0.000547677
8.98,0.3,0.000436332,1.86632,-1.71425,0,2,-1047.04,6,5.99521,5.87521,5.87521,110.053,0.86564,0.00117683,1.86632,0.000436332,0.000283247,0.000528629
9,0.3,0.000436332,1.83322,-1.68906,0,2,-1018.01,5.87986,5.87986,5.71986,5.75978,110.09,0.865683,0.00118244,1.83322,0.000436332,0.000278224,0.000510046
9.02,0.3,0.000436332,1.7989,-1.67221,0,2,-995.345,5.75836,5.75836,5.59836,5.6,110.126,0.865726,0.00118796,1.7989,0.000436332,0.000273015,0.000491127
9.04,0.3,0.000436332,1.76591,-1.65694,0,2,-959.766,5.63844,5.63844,5.47844,5.55688,110.162,0.865769,0.00119337,1.76591,0.000436332,0.000268008,0.000473276
9.06,0.3,0.000436332,1.73241,-1.63694,0,2,-963.95,5.5602,5.5602,5.44,5.4004,110.197,0.86581,0.00119868,1.73241,0.000436332,0.000262924,0.000455491
9.08,0.3,0.000436332,1.69962,-1.60813,0,2,-929.85,5.4385,5.4385,5.31701,5.2785,110.231,0.865852,0.00120388,1.69962,0.000436332,0.000257947,0.000438411
9.1,0.3,0.000436332,1.66615,-1.57132,0,2,-902.648,5.32216,5.32216,5.24,5.16216,110.265,0.865892,0.00120899,1.66615,0.000436332,0.000252868,0.000421315
9.12,0.3,0.000436332,1.63308,-1.53403,0,2,-887.702,5.23821,5.23821,5.07881,5.08,110.298,0.865932,0.001214,1.63308,0.000436332,0.000247849,0.000404757
9.14,0.3,0.000436332,1.61058,-1.50458,0,2,-857.954,5.11909,5.07818,4.99818,4.99909,110.33,0.865972,0.00121891,1.61058,0.000436332,0.000244434,0.000393681
9.16,0.3,0.000436332,1.57743,-1.48316,0,2,-846.311,5.00249,4.96125,4.84249,4.92125,110.362,0.866011,0.00122376,1.57743,0.000436332,0.000239402,0.000377639
9.18,0.3,0.000436332,1.54435,-1.46367,0,2,-819.771,4.91924,4.91924,4.79962,4.79962,110.394,0.866049,0.0012285,1.54435,0.000436332,0.000234383,0.00036197
9.2,0.3,0.000436332,1.52225,-1.4405,0,2,-828.536,4.79828,4.79828,4.67828,4.67828,110.424,0.866087,0.00123314,1.52225,0.000436332,0.000231029,0.000351685
9.22,0.3,0.000436332,1.48905,-1.40919,0,2,-778.264,4.68117,4.68117,4.64,4.60059,110.454,0.866124,0.00123772,1.48905,0.000436332,0.00022599,0.000336511
9.24,0.3,0.000436332,1.45531,-1.37156,0,2,-771.853,4.6,4.63971,4.51971,4.52,110.484,0.86616,0.0012422,1.45531,0.000436332,0.000220869,0.000321431
9.26,0.3,0.000436332,1.43339,-1.34182,0,2,-746.439,4.51649,4.52,4.44,4.43649,110.513,0.866196,0.00124657,1.43339,0.000436332,0.000217542,0.000311822
9.28,0.3,0.000436332,1.41127,-1.33355,0,2,-718.597,4.36126,4.44126,4.36126,4.36,110.541,0.866232,0.00125088,1.41127,0.000436332,0.000214185,0.000302272
9.3,0.3,0.000436332,1.38853,-1.33941,0,2,-712,4.3187,4.3187,4.27739,4.27739,110.569,0.866267,0.00125513,1.38853,0.000436332,0.000210735,0.000292612
9.32,0.3,0.000436332,1.35488,-1.33409,0,2,-700.33,4.2022,4.28,4.2,4.2,110.597,0.866301,0.0012593,1.35488,0.000436332,0.000205628,0.000278602
9.34,0.3,0.000436332,1.32217,-1.30016,0,2,-684.482,4.15696,4.15696,4.11393,4.12,110.623,0.866335,0.00126337,1.32217,0.000436332,0.000200663,0.00026531
9.36,0.3,0.000436332,1.29982,-1.24462,0,2,-650.401,4.11763,4.11763,4.03882,4.16829,110.65,0.866368,0.00126735,1.29982,0.000436332,0.00019727,0.000256415
9.38,0.3,0.000436332,1.27776,-1.18795,0,2,-631.631,4.04,4.03816,3.96,4.43447,110.675,0.866401,0.00127125,1.27776,0.000436332,0.000193923,0.000247787
9.4,0.3,0.000436332,1.25559,-1.14473,0,2,-665.95,4.00005,3.96005,3.88009,4.04033,110.701,0.866433,0.0012751,1.25559,0.000436332,0.000190559,0.000239264
9.42,0.3,0.000436332,1.23288,-1.118,0,2,-614.732,3.95702,3.88,3.8,3.67851,110.726,0.866465,0.00127887,1.23288,0.000436332,0.000187112,0.000230687
9.44,0.3,0.000436332,1.21047,-1.1046,0,2,-585.122,3.8384,3.8,3.7184,3.72319,110.75,0.866496,0.00128258,1.21047,0.000436332,0.00018371,0.000222376
9.46,0.3,0.000436332,1.18854,-1.10034,0,2,-587.472,3.72176,3.72176,3.68,3.72176,110.774,0.866527,0.00128622,1.18854,0.000436332,0.000180382,0.000214392
9.48,0.3,0.000436332,1.1663,-1.10173,0,2,-590.056,3.67887,3.63775,3.56,3.63324,110.798,0.866558,0.0012898,1.1663,0.000436332,0.000177007,0.000206443
9.5,0.3,0.000436332,1.14415,-1.10623,0,2,-580.348,3.56232,3.52116,3.52116,3.36116,110.821,0.866587,0.0012933,1.14415,0.000436332,0.000173645,0.000198676
9.52,0.3,0.000436332,1.122,-1.11205,0,2,-555.727,3.48,3.48,3.48121,3.36091,110.843,0.866617,0.00129674,1.122,0.000436332,0.000170284,0.000191059
9.54,0.3,0.000436332,1.09978,-1.11768,0,2,-502.282,3.39715,3.39715,3.8,3.51715,110.866,0.866646,0.00130011,1.09978,0.000436332,0.000166911,0.000183566
9.56,0.3,0.000436332,1.07766,-1.12102,0,2,-541.738,3.35942,3.35942,3.71884,3.35942,110.887,0.866674,0.00130342,1.07766,0.000436332,0.000163554,0.000176256
9.58,0.3,0.000436332,1.05541,-1.11869,0,2,-610.248,3.24,3.31681,3.15521,3.08,110.909,0.866702,0.00130666,1.05541,0.000436332,0.000160178,0.000169054
9.6,0.3,0.000436332,1.03298,-1.10612,0,2,-491.601,3.238,3.238,3.08,3.08,110.929,0.866729,0.00130983,1.03298,0.000436332,0.000156773,0.000161943
9.62,0.3,0.000436332,1.01082,-1.07863,0,2,-460.518,3.16,3.16,3.15741,3.15741,110.95,0.866756,0.00131293,1.01082,0.000436332,0.00015341,0.000155069
9.64,0.3,0.000436332,0.988948,-1.03375,0,2,-484.019,3.32,3.07712,3.22846,3.15423,110.97,0.866782,0.00131596,0.988948,0.000436332,0.00015009,0.000148432
9.66,0.3,0.000436332,0.966503,-0.975686,0,2,-480.102,3.31898,3,3.03949,3.07796,110.99,0.866808,0.00131893,0.966503,0.000436332,0.000146684,0.00014177
9.68,0.3,0.000436332,0.944414,-0.919822,0,2,-515.414,3.15586,2.92,2.79793,2.76,111.009,0.866833,0.00132184,0.944414,0.000436332,0.000143332,0.000135364
9.7,0.3,0.000436332,0.933333,-0.886705,0,2,-462.059,3.0404,2.8804,2.76,2.76,111.027,0.866858,0.00132468,0.933333,0.000436332,0.00014165,0.000132207
9.72,0.3,0.000436332,0.921693,-0.883103,0,2,-424.612,2.91388,2.88153,2.88153,2.88153,111.046,0.866882,0.00132748,0.921693,0.000436332,0.000139883,0.000128929
9.74,0.3,0.000436332,0.89972,-0.892336,0,2,-449.163,2.6,2.92423,2.91366,2.91366,111.064,0.866907,0.00133025,0.89972,0.000436332,0.000136548,0.000122855
9.76,0.3,0.000436332,0.877845,-0.891232,0,2,-470,2.6,3,2.72085,2.72085,111.082,0.86693,0.00133296,0.877845,0.000436332,0.000133229,0.000116954
9.78,0.3,0.000436332,0.855105,-0.874351,0,2,-456.347,2.72278,2.87722,2.55445,2.59306,111.099,0.866954,0.00133559,0.855105,0.000436332,0.000129777,0.000110973
9.8,0.3,0.000436332,0.844444,-0.854802,0,2,-432.329,2.8,2.8,2.4,2.43961,111.116,0.866976,0.00133816,0.844444,0.000436332,0.000128159,0.000108224
9.82,0.3,0.000436332,0.832741,-0.842124,0,2,-427.816,2.64,2.71633,2.44184,2.44184,111.133,0.866999,0.0013407,0.832741,0.000436332,0.000126383,0.000105244
9.84,0.3,0.000436332,0.810845,-0.829674,0,2,-397.141,2.56326,2.48652,2.59511,2.59511,111.149,0.867021,0.0013432,0.810845,0.000436332,0.00012306,9.97826e-05
9.86,0.399696,0.000581335,0.788991,-0.809016,0,2,-415.951,2.4,2.44,2.64,2.60024,111.165,0.867042,0.00134584,0.788991,0.000581335,0.000159537,0.000125873
9.88,0.3,0.000436332,0.777778,-0.784375,0,2,-429.028,2.23722,2.16,2.32,2.4,111.181,0.867063,0.001349,0.777778,0.000436332,0.000118042,9.18101e-05
9.9,0.3,0.000436332,0.766203,-0.764245,0,2,-400.017,2.16,2.16,2.28033,2.24133,111.196,0.867084,0.00135114,0.766203,0.000436332,0.000116285,8.90979e-05
9.92,0.396483,0.000576662,0.743956,-0.750904,0,2,-385.719,2.08,2.00281,2.08,2.08141,111.212,0.867105,0.00135363,0.743956,0.000576662,0.000149221,0.000111014
9.94,0.3,0.000436332,0.733333,-0.743739,0,2,-354.255,2.08,2.16,2.16,2.16,111.226,0.867125,0.00135658,0.733333,0.000436332,0.000111296,8.16173e-05
9.96,0.3,0.000436332,0.7218,-0.740801,0,2,-367.862,2.08,2.23862,2.16,2.16,111.241,0.867144,0.00135861,0.7218,0.000436332,0.000109546,7.90704e-05
9.98,0.3,0.000436332,0.699524,-0.737125,0,2,-325.925,2.08,2.32,2.28,2.28,111.255,0.867164,0.00136078,0.699524,0.000436332,0.000106165,7.4265e-05
10,0.3,0.000436332,0.688889,-0.728979,0,2,-331.935,2.08,2.28032,2.28,2.16097,111.269,0.867183,0.00136288,0.688889,0.000436332,0.000104551,7.20241e-05
10.02,0.3,0.000436332,0.677162,-0.714821,0,2,-312.602,2.07627,2.08,1.96,2,111.283,0.867201,0.00136495,0.677162,0.000436332,0.000102771,6.95928e-05
10.04,0.3,0.000436332,0.654922,-0.694099,0,2,-284,2,2.00028,1.96,1.96014,111.296,0.86722,0.00136698,0.654922,0.000436332,9.9396e-05,6.50966e-05
10.06,0.3,0.000436332,0.644444,-0.672669,0,2,-302.993,1.92,1.76,1.68,1.76,111.309,0.867237,0.00136895,0.644444,0.000436332,9.78059e-05,6.30305e-05
10.08,0.300113,0.000436496,0.633319,-0.661669,0,2,-274.011,1.92,1.79995,1.68,1.76,111.322,0.867255,0.00137088,0.633319,0.000436496,9.61535e-05,6.08958e-05
10.1,0.3,0.000436332,0.622222,-0.664427,0,2,-270.094,1.8,1.84,1.68,1.76,111.334,0.867272,0.00137279,0.622222,0.000436332,9.44333e-05,5.87585e-05
10.12,0.398702,0.000579888,0.611155,-0.669626,0,2,-273.974,1.8,1.91896,1.68,1.76,111.347,0.867289,0.00137481,0.611155,0.000579888,0.00012327,7.53373e-05
10.14,0.300052,0.000436407,0.588613,-0.661889,0,2,-259.996,1.76004,1.96,1.68,1.68008,111.359,0.867306,0.00137725,0.588613,0.000436407,8.93479e-05,5.25913e-05
10.16,0.3,0.000436332,0.577778,-0.637813,0,2,-237.648,1.76,1.83297,1.68,1.68,111.37,0.867322,0.00137887,0.577778,0.000436332,8.7688e-05,5.06642e-05
10.18,0.3,0.000436332,0.56679,-0.607219,0,2,-228.038,1.68153,1.60153,1.68,1.64077,111.382,0.867337,0.0013806,0.56679,0.000436332,8.60204e-05,4.87555e-05
10.2,0.3,0.000436332,0.555556,-0.580898,0,2,-213.835,1.64,1.6,1.64,1.64,111.393,0.867353,0.00138231,0.555556,0.000436332,8.43154e-05,4.68419e-05
10.22,0.3,0.000436332,0.544117,-0.563283,0,2,-208.069,1.64,1.48414,1.64,1.64,111.404,0.867368,0.00138397,0.544117,0.000436332,8.25794e-05,4.49328e-05
10.24,0.3,0.000436332,0.533333,-0.554166,0,2,-199.112,1.6,1.44,1.6,1.6,111.415,0.867383,0.00138561,0.533333,0.000436332,8.09428e-05,4.31695e-05
10.26,0.3,0.000436332,0.522033,-0.551572,0,2,-189.879,1.59879,1.44,1.6,1.59879,111.425,0.867398,0.00138721,0.522033,0.000436332,7.92277e-05,4.13595e-05
10.28,0.3,0.000436332,0.511111,-0.553073,0,2,-179.567,1.48,1.44,1.51783,1.52,111.436,0.867412,0.00138878,0.511111,0.000436332,7.75702e-05,3.9647e-05
10.3,0.349493,0.000508318,0.499887,-0.556341,0,2,-169.992,1.48,1.44,1.48,1.52,111.446,0.867426,0.00139038,0.499887,0.000508318,8.83832e-05,4.41816e-05
10.32,0.394681,0.00057404,0.488889,-0.55907,0,2,-163.574,1.47787,1.44,1.48,1.47787,111.456,0.86744,0.00139224,0.488889,0.00057404,9.76146e-05,4.77227e-05
10.34,0.3,0.000436332,0.478017,-0.558391,0,2,-157.919,1.44,1.44,1.44161,1.44,111.465,0.867453,0.00139411,0.478017,0.000436332,7.25475e-05,3.46789e-05
10.36,0.350043,0.000509117,0.466667,-0.550712,0,2,-158.001,1.44,1.44,1.44,1.44,111.475,0.867466,0.00139549,0.466667,0.000509117,8.26393e-05,3.8565e-05
10.38,0.3,0.000436332,0.455076,-0.53296,0,2,-151.839,1.43678,1.36,1.36,1.36,111.484,0.867479,0.00139713,0.455076,0.000436332,6.90659e-05,3.14303e-05
10.4,0.3,0.000436332,0.444444,-0.504885,0,2,-148,1.36,1.36,1.36,1.36,111.493,0.867492,0.00139844,0.444444,0.000436332,6.74523e-05,2.99788e-05
10.42,0.3,0.000436332,0.432896,-0.471878,0,2,-151.648,1.36,1.35883,1.35883,1.35883,111.502,0.867504,0.00139977,0.432896,0.000436332,6.56996e-05,2.84411e-05
10.44,0.4,0.000581776,0.422222,-0.445648,0,2,-143.691,1.32,1.32,1.32,1.32,111.51,0.867516,0.00140118,0.422222,0.000581776,8.54396e-05,3.60745e-05
10.46,0.302036,0.000439293,0.422222,-0.436338,0,2,-141.878,1.32,1.32,1.32,1.32,111.519,0.867528,0.00140287,0.422222,0.000439293,6.45146e-05,2.72395e-05
10.48,0.3,0.000436332,0.410704,-0.441076,0,2,-141.907,1.31907,1.31907,1.31907,1.27814,111.527,0.86754,0.00140404,0.410704,0.000436332,6.23317e-05,2.55999e-05
10.5,0.3,0.000436332,0.4,-0.446355,0,2,-132.099,1.20131,1.20131,1.20131,1.2,111.535,0.867551,0.00140527,0.4,0.000436332,6.07071e-05,2.42828e-05
10.52,0.3,0.000436332,0.388467,-0.443843,0,2,-130.095,1.2,1.2,1.2,1.2,111.543,0.867562,0.00140647,0.388467,0.000436332,5.89568e-05,2.29028e-05
10.54,0.3,0.000436332,0.377778,-0.439051,0,2,-122.238,1.2,1.2,1.2,1.2,111.551,0.867573,0.00140764,0.377778,0.000436332,5.73345e-05,2.16597e-05
10.56,0.3,0.000436332,0.377778,-0.441678,0,2,-127.817,1.16,1.16,1.16,1.16,111.558,0.867583,0.00140877,0.377778,0.000436332,5.73345e-05,2.16597e-05
10.58,0.3,0.000436332,0.366518,-0.450165,0,2,-118.237,1.16,1.16,1.16,1.16,111.566,0.867594,0.0014099,0.366518,0.000436332,5.56257e-05,2.03878e-05
10.6,0.3,0.000436332,0.355556,-0.451779,0,2,-127.994,1.16,1.15998,1.16,1.15998,111.573,0.867604,0.001411,0.355556,0.000436332,5.39619e-05,1.91864e-05
10.62,0.3,0.000436332,0.34395,-0.438101,0,2,-110.136,1.11729,1.04,1.11729,1.12,111.58,0.867614,0.00141207,0.34395,0.000436332,5.22005e-05,1.79544e-05
10.64,0.3,0.000436332,0.333333,-0.414712,0,2,-113.859,1.04,1.04,1.04,1.12,111.587,0.867624,0.0014131,0.333333,0.000436332,5.05893e-05,1.68631e-05
10.66,0.3,0.000436332,0.333333,-0.393332,0,2,-102.204,1.04,1.04,1.04,1.12,111.593,0.867633,0.0014141,0.333333,0.000436332,5.05893e-05,1.68631e-05
10.68,0.4,0.000581776,0.322087,-0.379151,0,2,-107.878,1.03755,1.03755,1.04,1.03755,111.6,0.867642,0.00141518,0.322087,0.000581776,6.51766e-05,2.09925e-05
10.7,0.3,0.000436332,0.311111,-0.371295,0,2,-99.9869,1,1,1,1,111.606,0.867651,0.00141647,0.311111,0.000436332,4.72166e-05,1.46896e-05
10.72,0.3,0.000436332,0.311111,-0.368827,0,2,-96,1,1,1,1,111.612,0.86766,0.00141733,0.311111,0.000436332,4.72166e-05,1.46896e-05
10.74,0.398908,0.000580189,0.299499,-0.369517,0,2,-90.0655,1,1,1,1,111.619,0.867669,0.00141834,0.299499,0.000580189,6.04404e-05,1.81018e-05
10.76,0.396551,0.000576759,0.288889,-0.37065,0,2,-82.138,0.95724,0.95724,0.99862,0.95724,111.624,0.867677,0.0014196,0.288889,0.000576759,5.79546e-05,1.67424e-05
10.78,0.3,0.000436332,0.288889,-0.371648,0,2,-82.1225,0.88,0.88,0.882451,0.88,111.63,0.867685,0.00142067,0.288889,0.000436332,4.3844e-05,1.26661e-05
10.8,0.4,0.000581776,0.277689,-0.370287,0,2,-70,0.88,0.88,0.88,0.88,111.636,0.867693,0.00142154,0.277689,0.000581776,5.61923e-05,1.5604e-05
10.82,0.4,0.000581776,0.266667,-0.362871,0,2,-68.0034,0.88,0.88,0.88,0.88,111.641,0.867701,0.00142272,0.266667,0.000581776,5.39619e-05,1.43898e-05
10.84,0.4,0.000581776,0.266667,-0.348228,0,2,-71.7447,0.88,0.878724,0.88,0.878724,111.647,0.867709,0.00142379,0.266667,0.000581776,5.39619e-05,1.43898e-05
10.86,0.4,0.000581776,0.255308,-0.326274,0,2,-62.0607,0.841215,0.801215,0.841215,0.801215,111.652,0.867716,0.00142485,0.255308,0.000581776,5.16633e-05,1.319e-05
10.88,0.4,0.000581776,0.244444,-0.300699,0,2,-53.974,0.8,0.8,0.8,0.8,111.657,0.867723,0.00142587,0.244444,0.000581776,4.94651e-05,1.20915e-05
10.9,0.4,0.000581776,0.244444,-0.282242,0,2,-45.7604,0.8,0.8,0.8,0.8,111.662,0.86773,0.00142685,0.244444,0.000581776,4.94651e-05,1.20915e-05
10.92,0.4,0.000581776,0.244444,-0.276746,0,2,-40.0007,0.8,0.8,0.8,0.8,111.667,0.867737,0.00142783,0.244444,0.000581776,4.94651e-05,1.20915e-05
10.94,0.4,0.000581776,0.23293,-0.276043,0,2,-39.979,0.8,0.8,0.8,0.799162,111.671,0.867744,0.0014288,0.23293,0.000581776,4.7135e-05,1.09791e-05
10.96,0.4,0.000581776,0.222222,-0.272214,0,2,-31.783,0.71783,0.71783,0.72,0.68,111.676,0.867751,0.00142973,0.222222,0.000581776,4.49682e-05,9.99294e-06
10.98,0.4,0.000581776,0.222222,-0.270169,0,2,-29.9997,0.68,0.68,0.680005,0.68,111.68,0.867757,0.00143062,0.222222,0.000581776,4.49682e-05,9.99294e-06
11,0.4,0.000581776,0.222222,-0.275088,0,2,-20.094,0.68,0.68,0.64,0.68,111.685,0.867763,0.00143151,0.222222,0.000581776,4.49682e-05,9.99294e-06
11.02,0.4,0.000581776,0.211108,-0.280188,0,2,-18.0387,0.68,0.68,0.64,0.68,111.689,0.867769,0.0014324,0.211108,0.000581776,4.27192e-05,9.01835e-06
11.04,0.4,0.000581776,0.2,-0.27904,0,2,-11.521,0.68,0.68,0.64,0.68,111.693,0.867775,0.00143324,0.2,0.000581776,4.04714e-05,8.09428e-06
11.06,0.4,0.000581776,0.2,-0.277586,0,2,-8,0.68,0.68,0.64,0.68,111.697,0.867781,0.00143404,0.2,0.000581776,4.04714e-05,8.09428e-06
11.08,0.4,0.000581776,0.2,-0.281668,0,2,-5.91497,0.636599,0.56,0.636599,0.56,111.701,0.867787,0.00143484,0.2,0.000581776,4.04714e-05,8.09428e-06
11.1,0.4,0.000581776,0.188529,-0.28482,0,2,-5.96784,0.56,0.56,0.56,0.56,111.705,0.867792,0.00143564,0.188529,0.000581776,3.81502e-05,7.19242e-06
11.12,0.4,0.000581776,0.177778,-0.280467,0,2,0,0.52,0.52,0.52,0.52,111.709,0.867798,0.00143639,0.177778,0.000581776,3.59746e-05,6.39548e-06
11.14,0.4,0.000581776,0.177778,-0.273699,0,2,0.214838,0.52,0.52,0.52,0.52,111.712,0.867803,0.0014371,0.177778,0.000581776,3.59746e-05,6.39548e-06
11.16,0.4,0.000581776,0.177778,-0.268908,0,2,2.09806,0.52,0.52,0.52,0.52,111.716,0.867808,0.00143781,0.177778,0.000581776,3.59746e-05,6.39548e-06
11.18,0.4,0.000581776,0.16646,-0.258613,0,2,0.155572,0.52,0.52,0.52,0.52,111.719,0.867813,0.00143851,0.16646,0.000581776,3.36843e-05,5.60709e-06
11.2,0.4,0.000581776,0.155556,-0.237571,0,2,0.477749,0.52,0.52,0.52,0.52,111.723,0.867817,0.00143918,0.155556,0.000581776,3.14778e-05,4.89654e-06
11.22,0.4,0.000581776,0.155556,-0.217112,0,2,0.0260584,0.52,0.52,0.52,0.519739,111.726,0.867822,0.0014398,0.155556,0.000581776,3.14778e-05,4.89654e-06
11.24,0.4,0.000581776,0.155556,-0.21226,0,2,3.91165,0.48,0.48,0.519117,0.48,111.729,0.867826,0.00144042,0.155556,0.000581776,3.14778e-05,4.89654e-06
11.26,0.4,0.000581776,0.155556,-0.21963,0,2,3.7233,0.474466,0.474466,0.48,0.4,111.732,0.867831,0.00144104,0.155556,0.000581776,3.14778e-05,4.89654e-06
11.28,0.4,0.000581776,0.144251,-0.218914,0,2,2,0.4,0.4,0.4,0.4,111.735,0.867835,0.00144166,0.144251,0.000581776,2.91902e-05,4.21072e-06
11.3,0.4,0.000581776,0.133333,-0.197975,0,2,0.231892,0.4,0.4,0.4,0.4,111.738,0.867839,0.00144223,0.133333,0.000581776,2.69809e-05,3.59746e-06
11.32,0.400207,0.000582078,0.133333,-0.16909,0,2,0,0.4,0.4,0.4,0.4,111.74,0.867843,0.00144277,0.133333,0.000582078,2.69949e-05,3.59932e-06
11.34,0.403135,0.000586337,0.133333,-0.155983,0,2,0,0.4,0.4,0.4,0.4,111.743,0.867847,0.0014433,0.133333,0.000586337,2.71924e-05,3.62566e-06
11.36,0.4,0.000581776,0.133333,-0.169323,0,2,0,0.4,0.4,0.4,0.4,111.746,0.867851,0.00144384,0.133333,0.000581776,2.69809e-05,3.59746e-06
11.38,0.405849,0.000590283,0.133333,-0.196012,0,2,2,0.4,0.4,0.4,0.4,111.748,0.867854,0.00144437,0.133333,0.000590283,2.73754e-05,3.65006e-06
11.4,0.4,0.000581776,0.122201,-0.210308,0,2,5.99782,0.4,0.4,0.4,0.4,111.751,0.867858,0.00144491,0.122201,0.000581776,2.47282e-05,3.02181e-06
11.42,0.4,0.000581776,0.111111,-0.198951,0,2,5.83873,0.4,0.4,0.4,0.398925,111.753,0.867862,0.0014454,0.111111,0.000581776,2.24841e-05,2.49824e-06
11.44,0.4,0.000581776,0.111111,-0.175087,0,2,3.74486,0.36,0.36,0.397449,0.36,111.756,0.867865,0.00144584,0.111111,0.000581776,2.24841e-05,2.49824e-06
11.46,0.4,0.000581776,0.111111,-0.16378,0,2,5.89452,0.36,0.36,0.36,0.359297,111.758,0.867868,0.00144628,0.111111,0.000581776,2.24841e-05,2.49824e-06
11.48,0.4,0.000581776,0.111111,-0.176451,0,2,0,0.32,0.32,0.357745,0.32,111.76,0.867871,0.00144672,0.111111,0.000581776,2.24841e-05,2.49824e-06
11.5,0.4,0.000581776,0.111111,-0.199747,0,2,0,0.32,0.32,0.32,0.32,111.762,0.867874,0.00144716,0.111111,0.000581776,2.24841e-05,2.49824e-06
11.52,0.4,0.000581776,0.0996212,-0.207047,0,2,0.0701709,0.32,0.318597,0.32,0.24,111.764,0.867878,0.00144761,0.0996212,0.000581776,2.0159e-05,2.00827e-06
11.54,0.4,0.000581776,0.0888889,-0.184361,0,2,0,0.24,0.24,0.316324,0.24,111.766,0.86788,0.001448,0.0888889,0.000581776,1.79873e-05,1.59887e-06
11.56,0.4,0.000581776,0.0888889,-0.145066,0,2,0,0.24,0.24,0.24,0.24,111.768,0.867883,0.00144835,0.0888889,0.000581776,1.79873e-05,1.59887e-06
11.58,0.5,0.000727221,0.0888889,-0.116895,0,2,3.90039,0.24,0.24,0.24,0.24,111.77,0.867885,0.00144873,0.0888889,0.000727221,2.24841e-05,1.99859e-06
11.6,0.4,0.000581776,0.0888889,-0.118969,0,2,6.10804,0.24,0.24,0.24,0.24,111.771,0.867888,0.00144917,0.0888889,0.000581776,1.79873e-05,1.59887e-06
11.62,0.401542,0.000584019,0.0888889,-0.150084,0,2,6.03083,0.24,0.24,0.24,0.24,111.773,0.86789,0.00144951,0.0888889,0.000584019,1.80566e-05,1.60503e-06
11.64,0.4,0.000581776,0.0888889,-0.188595,0,2,13.9243,0.24,0.24,0.24,0.24,111.775,0.867893,0.00144986,0.0888889,0.000581776,1.79873e-05,1.59887e-06
11.66,0.496623,0.000722309,0.0776295,-0.204272,0,2,13.8649,0.24,0.24,0.24,0.24,111.777,0.867896,0.00145023,0.0776295,0.000722309,1.95035e-05,1.51405e-06
11.68,0.4,0.000581776,0.0666667,-0.181766,0,2,20,0.24,0.24,0.24,0.24,111.778,0.867898,0.00145061,0.0666667,0.000581776,1.34905e-05,8.99365e-07
11.7,0.4,0.000581776,0.0666667,-0.13431,0,2,22.2281,0.24,0.24,0.24,0.24,111.78,0.8679,0.00145086,0.0666667,0.000581776,1.34905e-05,8.99365e-07
11.72,0.4,0.000581776,0.0666667,-0.0910026,0,2,31.9929,0.24,0.24,0.24,0.24,111.781,0.867902,0.00145113,0.0666667,0.000581776,1.34905e-05,8.99365e-07
11.74,0.448611,0.000652479,0.0666667,-0.0750959,0,2,28.033,0.24,0.24,0.24,0.24,111.782,0.867903,0.0014514,0.0666667,0.000652479,1.51299e-05,1.00866e-06
11.76,0.4,0.000581776,0.0666667,-0.0943984,0,2,38.0899,0.24,0.24,0.24,0.238202,111.783,0.867905,0.0014517,0.0666667,0.000581776,1.34905e-05,8.99365e-07
11.78,0.4,0.000581776,0.0666667,-0.140369,0,2,40,0.24,0.201225,0.24,0.2,111.785,0.867907,0.00145196,0.0666667,0.000581776,1.34905e-05,8.99365e-07
11.8,0.4,0.000581776,0.0666667,-0.188623,0,2,40.087,0.2,0.2,0.2,0.2,111.786,0.867909,0.00145222,0.0666667,0.000581776,1.34905e-05,8.99365e-07
11.82,0.4,0.000581776,0.0552132,-0.208568,0,2,47.9044,0.2,0.2,0.2,0.2,111.787,0.867911,0.00145248,0.0552132,0.000581776,1.11728e-05,6.16884e-07
11.84,0.4,0.000581776,0.0444444,-0.185238,0,2,51.9659,0.2,0.2,0.2,0.2,111.788,0.867913,0.0014527,0.0444444,0.000581776,8.99365e-06,3.99718e-07
11.86,0.4,0.000581776,0.0444444,-0.13194,0,2,46.2253,0.2,0.2,0.2,0.2,111.789,0.867914,0.00145287,0.0444444,0.000581776,8.99365e-06,3.99718e-07
11.88,0.4,0.000581776,0.0444444,-0.0774106,0,2,54.016,0.2,0.19984,0.2,0.16,111.79,0.867915,0.00145304,0.0444444,0.000581776,8.99365e-06,3.99718e-07
11.9,0.4,0.000581776,0.0444444,-0.0452175,0,2,67.7997,0.16,0.16,0.197997,0.16,111.791,0.867916,0.00145322,0.0444444,0.000581776,8.99365e-06,3.99718e-07
11.92,0.4,0.000581776,0.0444444,-0.046275,0,2,65.9652,0.16,0.16,0.16,0.16,111.792,0.867918,0.0014534,0.0444444,0.000581776,8.99365e-06,3.99718e-07
11.94,0.4,0.000581776,0.0444444,-0.0805904,0,2,62.029,0.16,0.16,0.16,0.16,111.793,0.867919,0.00145358,0.0444444,0.000581776,8.99365e-06,3.99718e-07
11.96,0.497414,0.000723459,0.0444444,-0.137077,0,2,60,0.16,0.16,0.16,0.16,111.794,0.86792,0.00145376,0.0444444,0.000723459,1.11839e-05,4.97063e-07
11.98,0.4,0.000581776,0.0444444,-0.19159,0,2,52.2507,0.16,0.16,0.16,0.16,111.795,0.867921,0.00145398,0.0444444,0.000581776,8.99365e-06,3.99718e-07
12,0.4,0.000581776,0.0331563,-0.21455,0,2,54.1144,0.16,0.16,0.16,0.16,111.795,0.867923,0.00145414,0.0331563,0.000581776,6.7094e-06,2.22459e-07
12.02,0.4,0.000581776,0.0222222,-0.191543,0,2,75.5704,0.16,0.16,0.16,0.16,111.796,0.867924,0.00145427,0.0222222,0.000581776,4.49682e-06,9.99294e-08
12.04,0.4,0.000581776,0.0222222,-0.135606,0,2,75.8606,0.16,0.16,0.16,0.16,111.796,0.867924,0.00145435,0.0222222,0.000581776,4.49682e-06,9.99294e-08
12.06,0.4,0.000581776,0.0222222,-0.0745843,0,2,71.9257,0.16,0.154057,0.16,0,111.797,0.867925,0.00145444,0.0222222,0.000581776,4.49682e-06,9.99294e-08
12.08,0.405466,0.000589726,0.0222222,-0.0310297,0,2,73.8907,0,0,0.151255,0,111.797,0.867925,0.00145452,0.0222222,0.000589726,4.55827e-06,1.01295e-07
12.1,0.4,0.000581776,0.0222222,-0.015814,0,2,72,0,0,0,0,111.798,0.867926,0.00145461,0.0222222,0.000581776,4.49682e-06,9.99294e-08
12.12,0.4,0.000581776,0.0222222,-0.0318372,0,2,74,0,0,0,0,111.798,0.867927,0.0014547,0.0222222,0.000581776,4.49682e-06,9.99294e-08
12.14,0.4,0.000581776,0.0222222,-0.0764555,0,2,72.1258,0,0,0,0,111.799,0.867927,0.00145479,0.0222222,0.000581776,4.49682e-06,9.99294e-08
12.16,0.4,0.000581776,0.0222222,-0.138889,0,2,74.0122,0,0,0,0,111.799,0.867928,0.00145488,0.0222222,0.000581776,4.49682e-06,9.99294e-08
12.18,0.4,0.000581776,0.0222222,-0.196478,0,2,72,0,0,0,0,111.799,0.867928,0.00145496,0.0222222,0.000581776,4.49682e-06,9.99294e-08
12.2,0.4,0.000581776,0.0106946,-0.221328,0,2,72,0,0,0,0,111.8,0.867929,0.00145504,0.0106946,0.000581776,2.16413e-06,2.31445e-08
12.22,0.4,0.000581776,0,-0.20028,0,2,72,0,0,0,0,111.8,0.867929,0.00145508,0,0.000581776,0,0
12.24,0.4,0.000581776,0,-0.146424,0,2,66.1772,0,0,0,0,111.8,0.867929,0.00145507,0,0.000581776,0,0
12.26,0.4,0.000581776,0,-0.0857796,0,2,60.1439,0,0,0,0,111.8,0.867929,0.00145506,0,0.000581776,0,0
12.28,0.4,0.000581776,0,-0.0370492,0,2,58.0323,0,0,0,0,111.8,0.867929,0.00145506,0,0.000581776,0,0
12.3,0.4,0.000581776,0,-0.00570502,0,2,56.1158,0,0,0,0,111.8,0.867929,0.00145506,0,0.000581776,0,0
12.32,0.4,0.000581776,0,0.0108483,0,2,46,0,0,0,0,111.8,0.867929,0.00145506,0,0.000581776,0,0
12.34,0.4,0.000581776,0,0.0175167,0,2,40.1132,0,0,0,0,111.8,0.867929,0.00145506,0,0.000581776,0,0
12.36,0.4,0.000581776,0,0.0181643,0,2,42,0,0,0,0,111.8,0.867929,0.00145506,0,0.000581776,0,0
12.38,0.404219,0.000587913,0,0.0140972,0,2,38.0844,0,0,0,0,111.8,0.867929,0.00145506,0,0.000587913,0,0
12.4,0.401795,0.000584387,0,0.00383329,0,2,34.1077,0,0,0,0,111.8,0.867929,0.00145506,0,0.000584387,0,0
12.42,0.4,0.000581776,0,-0.016049,0,2,34,0,0,0,0,111.8,0.867929,0.00145506,0,0.000581776,0,0
12.44,0.4,0.000581776,0,-0.0487992,0,2,33.6371,0,0,0,0,111.8,0.867929,0.00145506,0,0.000581776,0,0
12.46,0.4,0.000581776,0,-0.0937017,0,2,29.9581,0,0,0,0,111.8,0.867929,0.00145506,0,0.000581776,0,0
12.48,0.4,0.000581776,0,-0.140363,0,2,28.31,0,0,0,0,111.8,0.867929,0.00145505,0,0.000581776,0,0
12.5,0.4,0.000581776,0,-0.164781,0,2,32.0003,0,0,0,0,111.8,0.867929,0.00145505,0,0.000581776,0,0
12.52,0.4,0.000581776,-0.0111487,-0.138572,0,2,28.0921,0,0,0,0,111.8,0.867929,0.00145504,-0.0111487,0.000581776,-2.25602e-06,2.51517e-08
12.54,0.497772,0.00072398,-0.0222222,-0.0547371,0,2,22.1783,0,0,0,0,111.8,0.867929,0.00145499,-0.0222222,0.00072398,-5.59598e-06,1.24355e-07
12.56,0.4,0.000581776,-0.0222222,0.0549154,0,2,17.9212,0,0,0,0,111.799,0.867928,0.00145487,-0.0222222,0.000581776,-4.49682e-06,9.99294e-08
12.58,0.4,0.000581776,-0.0110774,0.138486,0,2,16,0,0,0,0,111.799,0.867927,0.00145479,-0.0110774,0.000581776,-2.24159e-06,2.4831e-08
12.6,0.4,0.000581776,0,0.164334,0,2,16,0,0,0,0,111.798,0.867927,0.00145475,0,0.000581776,0,0
12.62,0.4,0.000581776,0,0.139672,0,2,19.934,0,0,0,0,111.799,0.867927,0.00145476,0,0.000581776,0,0
12.64,0.5,0.000727221,0,0.0930652,0,2,18.3698,0,0,0,0,111.799,0.867927,0.00145476,0,0.000727221,0,0
12.66,0.4,0.000581776,0,0.0487148,0,2,21.9688,0,0,0,0,111.799,0.867927,0.00145477,0,0.000581776,0,0
12.68,0.4,0.000581776,0,0.0172627,0,2,23.8939,0,0,0,0,111.799,0.867927,0.00145477,0,0.000581776,0,0
12.7,0.450041,0.000654558,0,-0.000378679,0,2,22,0,0,0,0,111.799,0.867927,0.00145477,0,0.000654558,0,0
12.72,0.404278,0.000587999,0,-0.00755888,0,2,22.0856,0,0,0,0,111.799,0.867927,0.00145477,0,0.000587999,0,0
12.74,0.451183,0.000656219,0,-0.00848333,0,2,20.3385,0,0,0,0,111.799,0.867927,0.00145477,0,0.000656219,0,0
12.76,0.4,0.000581776,0,-0.00657596,0,2,24.0119,0,0,0,0,111.799,0.867927,0.00145477,0,0.000581776,0,0
12.78,0.4,0.000581776,0,-0.00401427,0,2,21.9196,0,0,0,0,111.799,0.867927,0.00145477,0,0.000581776,0,0
12.8,0.4,0.000581776,0,-0.00187366,0,2,21.9561,0,0,0,0,111.799,0.867927,0.00145477,0,0.000581776,0,0
12.82,0.4,0.000581776,0,-0.000484461,0,2,22.0614,0,0,0,0,111.799,0.867927,0.00145477,0,0.000581776,0,0
12.84,0.4,0.000581776,0,0.00021972,0,2,18.1045,0,0,0,0,111.799,0.867927,0.00145477,0,0.000581776,0,0
12.86,0.404112,0.000587757,0,0.000451122,0,2,20.0822,0,0,0,0,111.799,0.867927,0.00145477,0,0.000587757,0,0
12.88,0.402179,0.000584946,0,0.000424923,0,2,20.0436,0,0,0,0,111.799,0.867927,0.00145477,0,0.000584946,0,0
12.9,0.4,0.000581776,0,0.000299455,0,2,22,0,0,0,0,111.799,0.867927,0.00145477,0,0.000581776,0,0
12.92,0.4,0.000581776,0,0.000166862,0,2,22,0,0,0,0,111.799,0.867927,0.00145477,0,0.000581776,0,0
12.94,0.4,0.000581776,0,6.71047e-05,0,2,20.0479,0,0,0,0,111.799,0.867927,0.00145477,0,0.000581776,0,0
12.96,0.4,0.000581776,0,7.81841e-06,0,2,22,0,0,0,0,111.799,0.867927,0.00145477,0,0.000581776,0,0
12.98,0.4,0.000581776,0,-1.87646e-05,0,2,19.8773,0,0,0,0,111.799,0.867927,0.00145477,0,0.000581776,0,0
13,0.4,0.000581776,0,-2.46751e-05,0,2,22,0,0,0,0,111.799,0.867927,0.00145477,0,0.000581776,0,0
13.02,0.4,0.000581776,0,-2.0457e-05,0,2,20.1145,0,0,0,0,111.799,0.867927,0.00145477,0,0.000581776,0,0
13.04,0.4,0.000581776,0,-1.31961e-05,0,2,20.0043,0,0,0,0,111.799,0.867927,0.00145477,0,0.000581776,0,0
13.06,0.4,0.000581776,0,-6.63818e-06,0,2,19.927,0,0,0,0,111.799,0.867927,0.00145477,0,0.000581776,0,0
13.08,0.4,0.000581776,0,-2.13994e-06,0,2,21.9175,0,0,0,0,111.799,0.867927,0.00145477,0,0.000581776,0,0
13.1,0.4,0.000581776,0,2.9434e-07,0,2,24.0686,0,0,0,0,111.799,0.867927,0.00145477,0,0.000581776,0,0
13.12,0.4,0.000581776,0,1.2198e-06,0,2,24.06,0,0,0,0,111.799,0.867927,0.00145477,0,0.000581776,0,0
13.14,0.4,0.000581776,0,1.2727e-06,0,2,20.0208,0,0,0,0,111.799,0.867927,0.00145477,0,0.000581776,0,0
13.16,0.4,0.000581776,0,9.51136e-07,0,2,21.906,0,0,0,0,111.799,0.867927,0.00145477,0,0.000581776,0,0
13.18,0.4,0.000581776,0,5.61758e-07,0,2,21.9867,0,0,0,0,111.799,0.867927,0.00145477,0,0.000581776,0,0
13.2,0.4,0.000581776,0,2.49448e-07,0,2,18.0533,0,0,0,0,111.799,0.867927,0.00145477,0,0.000581776,0,0
13.22,0.4,0.000581776,0,5.32196e-08,0,2,21.9426,0,0,0,0,111.799,0.867927,0.00145477,0,0.000581776,0,0
13.24,0.4,0.000581776,0,-4.21436e-08,0,2,24,0,0,0,0,111.799,0.867927,0.00145477,0,0.000581776,0,0
13.26,0.4,0.000581776,0,-7.01385e-08,0,2,20,0,0,0,0,111.799,0.867927,0.00145477,0,0.000581776,0,0
13.28,0.4,0.000581776,0,-6.27699e-08,0,2,21.8983,0,0,0,0,111.799,0.867927,0.00145477,0,0.000581776,0,0
13.3,0.4,0.000581776,0,-4.27915e-08,0,2,20,0,0,0,0,111.799,0.867927,0.00145477,0,0.000581776,0,0
13.32,0.4,0.000581776,0,-2.29984e-08,0,2,24,0,0,0,0,111.799,0.867927,0.00145477,0,0.000581776,0,0
13.34,0.4,0.000581776,0,-8.62227e-09,0,2,20,0,0,0,0,111.799,0.867927,0.00145477,0,0.000581776,0,0
13.36,0.4,0.000581776,0,-3.61325e-10,0,2,21.9484,0,0,0,0,111.799,0.867927,0.00145477,0,0.000581776,0,0
13.38,0.499001,0.000725767,0,3.1463e-09,0,2,22,0,0,0,0,111.799,0.867927,0.00145477,0,0.000725767,0,0
13.4,0.4,0.000581776,0,3.74532e-09,0,2,19.8821,0,0,0,0,111.799,0.867927,0.00145477,0,0.000581776,0,0
13.42,0.4,0.000581776,0,2.98203e-09,0,2,19.9525,0,0,0,0,111.799,0.867927,0.00145477,0,0.000581776,0,0
13.44,0.4,0.000581776,0,1.86232e-09,0,2,15.98,0,0,0,0,111.799,0.867927,0.00145477,0,0.000581776,0,0
13.46,0.4,0.000581776,0,8.97616e-10,0,2,12.2043,0,0,0,0,111.799,0.867927,0.00145477,0,0.000581776,0,0
13.48,0.4,0.000581776,0,2.57187e-10,0,2,12.0544,0,0,0,0,111.799,0.867927,0.00145477,0,0.000581776,0,0
13.5,0.4,0.000581776,0,-7.65778e-11,0,2,11.9101,0,0,0,0,111.799,0.867927,0.00145477,0,0.000581776,0,0
13.52,0.4,0.000581776,0,-1.93694e-10,0,2,8.04103,0,0,0,0,111.799,0.867927,0.00145477,0,0.000581776,0,0
13.54,0.450051,0.000654573,0,-1.89777e-10,0,2,6,0,0,0,0,111.799,0.867927,0.00145477,0,0.000654573,0,0
13.56,0.4,0.000581776,0,-1.36954e-10,0,2,6,0,0,0,0,111.799,0.867927,0.00145477,0,0.000581776,0,0
13.58,0.4,0.000581776,0,-7.81958e-11,0,2,5.91304,0,0,0,0,111.799,0.867927,0.00145477,0,0.000581776,0,0
13.6,0.4,0.000581776,0,-3.28413e-11,0,2,4,0,0,0,0,111.799,0.867927,0.00145477,0,0.000581776,0,0
13.62,0.4,0.000581776,0,-5.25764e-12,0,2,3.94765,0,0,0,0,111.799,0.867927,0.00145477,0,0.000581776,0,0
13.64,0.4,0.000581776,0,7.54757e-12,0,2,0,0,0,0,0,111.799,0.867927,0.00145477,0,0.000581776,0,0
13.66,0.4,0.000581776,0,1.07971e-11,0,2,0,0,0,0,0,111.799,0.867927,0.00145477,0,0.000581776,0,0
13.68,0.4,0.000581776,0,9.22521e-12,0,2,0,0,0,0,0,111.799,0.867927,0.00145477,0,0.000581776,0,0
13.7,0.4,0.000581776,0,6.08718e-12,0,2,0,0,0,0,0,111.799,0.867927,0.00145477,0,0.000581776,0,0
13.72,0.4,0.000581776,0,3.14935e-12,0,2,0,0,0,0,0,111.799,0.867927,0.00145477,0,0.000581776,0,0
13.74,0.4,0.000581776,0,1.08684e-12,0,2,0,0,0,0,0,111.799,0.867927,0.00145477,0,0.000581776,0,0
13.76,0.449996,0.000654492,0,-5.78131e-14,0,2,0,0,0,0,0,111.799,0.867927,0.00145477,0,0.000654492,0,0
13.78,0.4,0.000581776,0,-5.14731e-13,0,2,0,0,0,0,0,111.799,0.867927,0.00145477,0,0.000581776,0,0
13.8,0.4,0.000581776,0,-5.64462e-13,0,2,0,0,0,0,0,111.799,0.867927,0.00145477,0,0.000581776,0,0
13.82,0.401699,0.000584247,0,-4.32687e-13,0,2,0,0,0,0,0,111.799,0.867927,0.00145477,0,0.000584247,0,0
13.84,0.495241,0.000720299,0,-2.61542e-13,0,2,0,0,0,0,0,111.799,0.867927,0.00145477,0,0.000720299,0,0
13.86,0.4,0.000581776,0,-1.20324e-13,0,2,0,0,0,0,0,111.799,0.867927,0.00145477,0,0.000581776,0,0
13.88,0.4,0.000581776,0,-2.95626e-14,0,2,0,0,0,0,0,111.799,0.867927,0.00145477,0,0.000581776,0,0
13.9,0.4,0.000581776,0,1.58803e-14,0,2,0,0,0,0,0,111.799,0.867927,0.00145477,0,0.000581776,0,0
13.92,0.4,0.000581776,0,3.03544e-14,0,2,0,0,0,0,0,111.799,0.867927,0.00145477,0,0.000581776,0,0
13.94,0.4,0.000581776,0,2.81391e-14,0,2,0,0,0,0,0,111.799,0.867927,0.00145477,0,0.000581776,0,0
13.96,0.499009,0.000725779,0,1.96321e-14,0,2,0,0,0,0,0,111.799,0.867927,0.00145477,0,0.000725779,0,0
13.98,0.4,0.000581776,0,1.08232e-14,0,2,0,0,0,0,0,111.799,0.867927,0.00145477,0,0.000581776,0,0
14,0.4,0.000581776,0,4.26657e-15,0,2,0,0,0,0,0,111.799,0.867927,0.00145477,0,0.000581776,0,0
14.02,0.4,0.000581776,0,4.08771e-16,0,2,0,0,0,0,0,111.799,0.867927,0.00145477,0,0.000581776,0,0
14.04,0.4,0.000581776,0,-1.29403e-15,0,2,0,0,0,0,0,111.799,0.867927,0.00145477,0,0.000581776,0,0
14.06,0.4,0.000581776,0,-1.64779e-15,0,2,0,0,0,0,0,111.799,0.867927,0.00145477,0,0.000581776,0,0
14.08,0.4,0.000581776,0,-1.34922e-15,0,2,0,0,0,0,0,111.799,0.867927,0.00145477,0,0.000581776,0,0
14.1,0.404628,0.000588507,0,-8.61917e-16,0,2,0,0,0,0,0,111.799,0.867927,0.00145477,0,0.000588507,0,0
14.12,0.4,0.000581776,0,-4.28196e-16,0,2,0,0,0,0,0,111.799,0.867927,0.00145477,0,0.000581776,0,0
14.14,0.448371,0.000652129,0,-1.33619e-16,0,2,0,0,0,0,0,111.799,0.867927,0.00145477,0,0.000652129,0,0
14.16,0.406714,0.000591542,0,2.40365e-17,0,2,0,0,0,0,0,111.799,0.867927,0.00145477,0,0.000591542,0,0
14.18,0.400217,0.000582092,0,8.26312e-17,0,2,0,0,0,0,0,111.799,0.867927,0.00145477,0,0.000582092,0,0
14.2,0.495045,0.000720014,0,8.45236e-17,0,2,0,0,0,0,0,111.799,0.867927,0.00145477,0,0.000720014,0,0
14.22,0.4,0.000581776,0,6.24985e-17,0,2,0,0,0,0,0,111.799,0.867927,0.00145477,0,0.000581776,0,0
14.24,0.4,0.000581776,0,3.65431e-17,0,2,0,0,0,0,0,111.799,0.867927,0.00145477,0,0.000581776,0,0
14.26,0.4,0.000581776,0,1.59686e-17,0,2,0,0,0,0,0,111.799,0.867927,0.00145477,0,0.000581776,0,0
14.28,0.4,0.000581776,0,3.16671e-18,0,2,0,0,0,0,0,111.799,0.867927,0.00145477,0,0.000581776,0,0
14.3,0.4,0.000581776,0,-2.97236e-18,0,2,0,0,0,0,0,111.799,0.867927,0.00145477,0,0.000581776,0,0
14.32,0.4,0.000581776,0,-4.70457e-18,0,2,0,0,0,0,0,111.799,0.867927,0.00145477,0,0.000581776,0,0
14.34,0.4,0.000581776,0,-4.15024e-18,0,2,0,0,0,0,0,111.799,0.867927,0.00145477,0,0.000581776,0,0
14.36,0.4,0.000581776,0,-2.80159e-18,0,2,0,0,0,0,0,111.799,0.867927,0.00145477,0,0.000581776,0,0
14.38,0.4,0.000581776,0,-1.48893e-18,0,2,0,0,0,0,0,111.799,0.867927,0.00145477,0,0.000581776,0,0
14.4,0.4,0.000581776,0,-5.45324e-19,0,2,0,0,0,0,0,111.799,0.867927,0.00145477,0,0.000581776,0,0
14.42,0.4,0.000581776,0,-8.65954e-21,0,2,0,0,0,0,0,111.799,0.867927,0.00145477,0,0.000581776,0,0
14.44,0.4,0.000581776,0,2.15213e-19,0,2,0,0,0,0,0,111.799,0.867927,0.00145477,0,0.000581776,0,0
14.46,0.4,0.000581776,0,2.49559e-19,0,2,0,0,0,0,0,111.799,0.867927,0.00145477,0,0.000581776,0,0
14.48,0.4,0.000581776,0,1.96401e-19,0,2,0,0,0,0,0,111.799,0.867927,0.00145477,0,0.000581776,0,0
14.5,0.4,0.000581776,0,1.21464e-19,0,2,0,0,0,0,0,111.799,0.867927,0.00145477,0,0.000581776,0,0
14.52,0.4,0.000581776,0,5.77562e-20,0,2,0,0,0,0,0,111.799,0.867927,0.00145477,0,0.000581776,0,0
14.54,0.4,0.000581776,0,1.58738e-20,0,2,0,0,0,0,0,111.799,0.867927,0.00145477,0,0.000581776,0,0
14.56,0.4,0.000581776,0,-5.69839e-21,0,2,0,0,0,0,0,111.799,0.867927,0.00145477,0,0.000581776,0,0
14.58,0.4,0.000581776,0,-1.30659e-20,0,2,0,0,0,0,0,111.799,0.867927,0.00145477,0,0.000581776,0,0
14.6,0.4,0.000581776,0,-1.25818e-20,0,2,0,0,0,0,0,111.799,0.867927,0.00145477,0,0.000581776,0,0
14.62,0.4,0.000581776,0,-8.98708e-21,0,2,0,0,0,0,0,111.799,0.867927,0.00145477,0,0.000581776,0,0
14.64,0.4,0.000581776,0,-5.07829e-21,0,2,0,0,0,0,0,111.799,0.867927,0.00145477,0,0.000581776,0,0
14.66,0.4,0.000581776,0,-2.0945e-21,0,2,0,0,0,0,0,111.799,0.867927,0.00145477,0,0.000581776,0,0
14.68,0.4,0.000581776,0,-2.97651e-22,0,2,0,0,0,0,0,111.799,0.867927,0.00145477,0,0.000581776,0,0
14.7,0.4,0.000581776,0,5.24405e-22,0,2,0,0,0,0,0,111.799,0.867927,0.00145477,0,0.000581776,0,0
14.72,0.4,0.000581776,0,7.22255e-22,0,2,0,0,0,0,0,111.799,0.867927,0.00145477,0,0.000581776,0,0
14.74,0.4,0.000581776,0,6.09049e-22,0,2,0,0,0,0,0,111.799,0.867927,0.00145477,0,0.000581776,0,0
14.76,0.4,0.000581776,0,3.97983e-22,0,2,0,0,0,0,0,111.799,0.867927,0.00145477,0,0.000581776,0,0
14.78,0.400926,0.000583124,0,2.0347e-22,0,2,0,0,0,0,0,111.799,0.867927,0.00145477,0,0.000583124,0,0
14.8,0.4,0.000581776,0,6.82745e-23,0,2,0,0,0,0,0,111.799,0.867927,0.00145477,0,0.000581776,0,0
14.82,0.4,0.000581776,0,-5.95637e-24,0,2,0,0,0,0,0,111.799,0.867927,0.00145477,0,0.000581776,0,0
14.84,0.4,0.000581776,0,-3.49918e-23,0,2,0,0,0,0,0,111.799,0.867927,0.00145477,0,0.000581776,0,0
14.86,0.4,0.000581776,0,-3.75362e-23,0,2,0,0,0,0,0,111.799,0.867927,0.00145477,0,0.000581776,0,0
14.88,0.4,0.000581776,0,-2.84584e-23,0,2,0,0,0,0,0,111.799,0.867927,0.00145477,0,0.000581776,0,0
14.9,0.4,0.000581776,0,-1.70324e-23,0,2,0,0,0,0,0,111.799,0.867927,0.00145477,0,0.000581776,0,0
14.92,0.403586,0.000586993,0,-7.72006e-24,0,2,0,0,0,0,0,111.799,0.867927,0.00145477,0,0.000586993,0,0
14.94,0.402367,0.000585219,0,-1.79286e-24,0,2,0,0,0,0,0,111.799,0.867927,0.00145477,0,0.000585219,0,0
14.96,0.44876,0.000652695,0,1.13765e-24,0,2,0,0,0,0,0,111.799,0.867927,0.00145477,0,0.000652695,0,0
14.98,0.4,0.000581776,0,2.04041e-24,0,2,0,0,0,0,0,111.799,0.867927,0.00145477,0,0.000581776,0,0
15,0.4,0.000581776,0,1.86252e-24,0,2,0,0,0,0,0,111.799,0.867927,0.00145477,0,0.000581776,0,0
15.02,0.4,0.000581776,0,1.28654e-24,0,2,0,0,0,0,0,111.799,0.867927,0.00145477,0,0.000581776,0,0
15.04,0.4,0.000581776,0,7.01641e-25,0,2,0,0,0,0,0,111.799,0.867927,0.00145477,0,0.000581776,0,0
15.06,0.4,0.000581776,0,2.70876e-25,0,2,0,0,0,0,0,111.799,0.867927,0.00145477,0,0.000581776,0,0
15.08,0.4,0.000581776,0,1.99668e-26,0,2,0,0,0,0,0,111.799,0.867927,0.00145477,0,0.000581776,0,0
15.1,0.4,0.000581776,0,-8.89962e-26,0,2,0,0,0,0,0,111.799,0.867927,0.00145477,0,0.000581776,0,0
15.12,0.4,0.000581776,0,-1.09963e-25,0,2,0,0,0,0,0,111.799,0.867927,0.00145477,0,0.000581776,0,0
15.14,0.4,0.000581776,0,-8.89481e-26,0,2,0,0,0,0,0,111.799,0.867927,0.00145477,0,0.000581776,0,0
15.16,0.4,0.000581776,0,-5.62729e-26,0,2,0,0,0,0,0,111.799,0.867927,0.00145477,0,0.000581776,0,0
15.18,0.4,0.000581776,0,-2.76009e-26,0,2,0,0,0,0,0,111.799,0.867927,0.00145477,0,0.000581776,0,0
15.2,0.4,0.000581776,0,-8.31778e-27,0,2,0,0,0,0,0,111.799,0.867927,0.00145477,0,0.000581776,0,0
15.22,0.4,0.000581776,0,1.88665e-27,0,2,0,0,0,0,0,111.799,0.867927,0.00145477,0,0.000581776,0,0
15.24,0.4,0.000581776,0,5.59e-27,0,2,0,0,0,0,0,111.799,0.867927,0.00145477,0,0.000581776,0,0
15.26,0.4,0.000581776,0,5.61044e-27,0,2,0,0,0,0,0,111.799,0.867927,0.00145477,0,0.000581776,0,0
15.28,0.4,0.000581776,0,4.10507e-27,0,2,0,0,0,0,0,111.799,0.867927,0.00145477,0,0.000581776,0,0
15.3,0.4,0.000581776,0,2.37601e-27,0,2,0,0,0,0,0,111.799,0.867927,0.00145477,0,0.000581776,0,0
15.32,0.4,0.000581776,0,1.02116e-27,0,2,0,0,0,0,0,111.799,0.867927,0.00145477,0,0.000581776,0,0
15.34,0.4,0.000581776,0,1.86342e-28,0,2,0,0,0,0,0,111.799,0.867927,0.00145477,0,0.000581776,0,0
15.36,0.4,0.000581776,0,-2.08551e-28,0,2,0,0,0,0,0,111.799,0.867927,0.00145477,0,0.000581776,0,0
15.38,0.4,0.000581776,0,-3.15292e-28,0,2,0,0,0,0,0,111.799,0.867927,0.00145477,0,0.000581776,0,0
15.4,0.4,0.000581776,0,-2.74282e-28,0,2,0,0,0,0,0,111.799,0.867927,0.00145477,0,0.000581776,0,0
15.42,0.4,0.000581776,0,-1.83346e-28,0,2,0,0,0,0,0,111.799,0.867927,0.00145477,0,0.000581776,0,0
15.44,0.4,0.000581776,0,-9.63371e-29,0,2,0,0,0,0,0,111.799,0.867927,0.00145477,0,0.000581776,0,0
15.46,0.4,0.000581776,0,-3.44258e-29,0,2,0,0,0,0,0,111.799,0.867927,0.00145477,0,0.000581776,0,0
15.48,0.4,0.000581776,0,4.20101e-31,0,2,0,0,0,0,0,111.799,0.867927,0.00145477,0,0.000581776,0,0
15.5,0.4,0.000581776,0,1.46912e-29,0,2,0,0,0,0,0,111.799,0.867927,0.00145477,0,0.000581776,0,0
15.52,0.4,0.000581776,0,1.66183e-29,0,2,0,0,0,0,0,111.799,0.867927,0.00145477,0,0.000581776,0,0
15.54,0.393719,0.000572642,0,1.29299e-29,0,2,0,0,0,0,0,111.799,0.867927,0.00145477,0,0.000572642,0,0
15.56,0.3,0.000436332,0,7.91859e-30,0,2,0,0,0,0,0,111.799,0.867927,0.00145477,0,0.000436332,0,0
15.58,0.30424,0.000442499,0,3.71338e-30,0,2,0,0,0,0,0,111.799,0.867927,0.00145477,0,0.000442499,0,0
15.6,0.4,0.000581776,0,9.75595e-31,0,2,0,0,0,0,0,111.799,0.867927,0.00145477,0,0.000581776,0,0
15.62,0.403965,0.000587543,0,-4.17734e-31,0,2,0,0,0,0,0,111.799,0.867927,0.00145477,0,0.000587543,0,0
15.64,0.5,0.000727221,0,-8.802e-31,0,2,0,0,0,0,0,111.799,0.867927,0.00145477,0,0.000727221,0,0
15.66,0.5,0.000727221,0,-8.33806e-31,0,2,0,0,0,0,0,111.799,0.867927,0.00145477,0,0.000727221,0,0
15.68,0.5,0.000727221,0,-5.90192e-31,0,2,0,0,0,0,0,111.799,0.867927,0.00145477,0,0.000727221,0,0
15.7,0.5,0.000727221,0,-3.31334e-31,0,2,0,0,0,0,0,111.799,0.867927,0.00145477,0,0.000727221,0,0
15.72,0.6,0.000872665,0,-1.36465e-31,0,2,0,0,0,0,0,111.799,0.867927,0.00145477,0,0.000872665,0,0
15.74,0.7,0.00101811,0,-2.07404e-32,0,2,0,0,0,0,0,111.799,0.867927,0.00145477,0,0.00101811,0,0
15.76,0.705873,0.00102665,0,3.17326e-32,0,2,0,0,0,0,0,111.799,0.867927,0.00145477,0,0.00102665,0,0
15.78,0.799743,0.00116318,0,4.60815e-32,0,2,0,0,0,0,0,111.799,0.867927,0.00145477,0,0.00116318,0,0
15.8,0.7,0.00101811,0,4.51993e-32,0,2,0,0,0,0,0,111.799,0.867927,0.00145477,0,0.00101811,0,0
15.82,0.797672,0.00116017,0,4.5195e-32,0,2,0,0,0,0,0,111.799,0.867927,0.00145477,0,0.00116017,0,0
15.84,0.7,0.00101811,0,5.41285e-32,0,2,0,0,0,0,0,111.799,0.867927,0.00145477,0,0.00101811,0,0
15.86,0.750025,0.00109087,0,7.1301e-32,0,2,0,0,0,0,0,111.799,0.867927,0.00145477,0,0.00109087,0,0
15.88,0.7,0.00101811,0,8.57408e-32,0,2,0,0,0,0,0,111.799,0.867927,0.00145477,0,0.00101811,0,0
15.9,0.7,0.00101811,0,7.4142e-32,0,2,0,0,0,0,0,111.799,0.867927,0.00145477,0,0.00101811,0,0
15.92,0.601744,0.000875201,0,3.73529e-34,0,2,0,0,0,0,0,111.799,0.867927,0.00145477,0,0.000875201,0,0
15.94,0.698547,0.001016,0,-1.7929e-31,0,2,0,0,0,0,0,111.799,0.867927,0.00145477,0,0.001016,0,0
15.96,0.6,0.000872665,0,-4.993e-31,0,2,0,0,0,0,0,111.799,0.867927,0.00145477,0,0.000872665,0,0
15.98,0.6,0.000872665,0,-9.50115e-31,0,2,0,0,0,0,0,111.799,0.867927,0.00145477,0,0.000872665,0,0
16,0.648944,0.000943851,0,-1.4226e-30,0,2,0,0,0,0,0,111.799,0.867927,0.00145477,0,0.000943851,0,0
16.02,0.6,0.000872665,0,-1.63813e-30,0,2,0,0,0,0,0,111.799,0.867927,0.00145477,0,0.000872665,0,0
16.04,0.6,0.000872665,0,-1.08987e-30,0,2,0,0,0,0,0,111.799,0.867927,0.00145477,0,0.000872665,0,0
16.06,0.697989,0.00101518,0,9.50597e-31,0,2,0,0,0,0,0,111.799,0.867927,0.00145477,0,0.00101518,0,0
16.08,0.6,0.000872665,0,5.2723e-30,0,2,0,0,0,0,0,111.799,0.867927,0.00145477,0,0.000872665,0,0
16.1,0.6,0.000872665,0,1.22955e-29,0,2,0,0,0,0,0,111.799,0.867927,0.00145477,0,0.000872665,0,0
16.12,0.6,0.000872665,0,2.12722e-29,0,2,0,0,0,0,0,111.799,0.867927,0.00145477,0,0.000872665,0,0
16.14,0.602578,0.000876414,0,2.9114e-29,0,2,0,0,0,0,0,111.799,0.867927,0.00145477,0,0.000876414,0,0
16.16,0.6,0.000872665,0,2.90806e-29,0,2,0,0,0,0,0,111.799,0.867927,0.00145477,0,0.000872665,0,0
16.18,0.7,0.00101811,0,9.99168e-30,0,2,0,0,0,0,0,111.799,0.867927,0.00145477,0,0.00101811,0,0
16.2,0.7,0.00101811,0,-4.27816e-29,0,2,0,0,0,0,0,111.799,0.867927,0.00145477,0,0.00101811,0,0
16.22,0.7,0.00101811,0,-1.4266e-28,0,2,0,0,0,0,0,111.799,0.867927,0.00145477,0,0.00101811,0,0
16.24,0.7,0.00101811,0,-2.91365e-28,0,2,0,0,0,0,0,111.799,0.867927,0.00145477,0,0.00101811,0,0
16.26,0.7,0.00101811,0,-4.61152e-28,0,2,0,0,0,0,0,111.799,0.867927,0.00145477,0,0.00101811,0,0
16.28,0.600989,0.000874103,0,-5.71033e-28,0,2,0,0,0,0,0,111.799,0.867927,0.00145477,0,0.000874103,0,0
16.3,0.6,0.000872665,0,-4.63969e-28,0,2,0,0,0,0,0,111.799,0.867927,0.00145477,0,0.000872665,0,0
16.32,0.7,0.00101811,0,9.8656e-29,0,2,0,0,0,0,0,111.799,0.867927,0.00145477,0,0.00101811,0,0
16.34,0.7,0.00101811,0,1.39711e-27,0,2,0,0,0,0,0,111.799,0.867927,0.00145477,0,0.00101811,0,0
16.36,0.650686,0.000946385,0,3.62939e-27,0,2,0,0,0,0,0,111.799,0.867927,0.00145477,0,0.000946385,0,0
16.38,0.693478,0.00100862,0,6.66472e-27,0,2,0,0,0,0,0,111.799,0.867927,0.00145477,0,0.00100862,0,0
16.4,0.7,0.00101811,0,9.66144e-27,0,2,0,0,0,0,0,111.799,0.867927,0.00145477,0,0.00101811,0,0
16.42,0.605635,0.00088086,0,1.06059e-26,0,2,0,0,0,0,0,111.799,0.867927,0.00145477,0,0.00088086,0,0
16.44,0.649232,0.000944269,0,5.96133e-27,0,2,0,0,0,0,0,111.799,0.867927,0.00145477,0,0.000944269,0,0
16.46,0.7,0.00101811,0,-9.18642e-27,0,2,0,0,0,0,0,111.799,0.867927,0.00145477,0,0.00101811,0,0
16.48,0.693584,0.00100878,0,-3.98769e-26,0,2,0,0,0,0,0,111.799,0.867927,0.00145477,0,0.00100878,0,0
16.5,0.649419,0.000944541,0,-8.81587e-26,0,2,0,0,0,0,0,111.799,0.867927,0.00145477,0,0.000944541,0,0
16.52,0.604789,0.00087963,0,-1.47497e-25,0,2,0,0,0,0,0,111.799,0.867927,0.00145477,0,0.00087963,0,0
16.54,0.649794,0.000945086,0,-1.94832e-25,0,2,0,0,0,0,0,111.799,0.867927,0.00145477,0,0.000945086,0,0
16.56,0.6,0.000872665,0,-1.82152e-25,0,2,0,0,0,0,0,111.799,0.867927,0.00145477,0,0.000872665,0,0
16.58,0.602251,0.000875939,0,-3.23747e-26,0,2,0,0,0,0,0,111.799,0.867927,0.00145477,0,0.000875939,0,0
16.6,0.6,0.000872665,0,3.51618e-25,0,2,0,0,0,0,0,111.799,0.867927,0.00145477,0,0.000872665,0,0
16.62,0.6,0.000872665,0,1.052e-24,0,2,0,0,0,0,0,111.799,0.867927,0.00145477,0,0.000872665,0,0
16.64,0.649514,0.000944679,0,2.06103e-24,0,2,0,0,0,0,0,111.799,0.867927,0.00145477,0,0.000944679,0,0
16.66,0.6,0.000872665,0,3.15823e-24,0,2,0,0,0,0,0,111.799,0.867927,0.00145477,0,0.000872665,0,0
16.68,0.605099,0.000880081,0,3.75182e-24,0,2,0,0,0,0,0,111.799,0.867927,0.00145477,0,0.000880081,0,0
16.7,0.650307,0.000945833,0,2.73746e-24,0,2,0,0,0,0,0,111.799,0.867927,0.00145477,0,0.000945833,0,0
16.72,0.6,0.000872665,0,-1.50908e-24,0,2,0,0,0,0,0,111.799,0.867927,0.00145477,0,0.000872665,0,0
16.74,0.6,0.000872665,0,-1.08098e-23,0,2,0,0,0,0,0,111.799,0.867927,0.00145477,0,0.000872665,0,0
16.76,0.602337,0.000876064,0,-2.62749e-23,0,2,0,0,0,0,0,111.799,0.867927,0.00145477,0,0.000876064,0,0
16.78,0.605056,0.000880019,0,-4.65645e-23,0,2,0,0,0,0,0,111.799,0.867927,0.00145477,0,0.000880019,0,0
16.8,0.7,0.00101811,0,-6.52794e-23,0,2,0,0,0,0,0,111.799,0.867927,0.00145477,0,0.00101811,0,0
16.82,0.694762,0.00101049,0,-6.79467e-23,0,2,0,0,0,0,0,111.799,0.867927,0.00145477,0,0.00101049,0,0
16.84,0.6,0.000872665,0,-2.9996e-23,0,2,0,0,0,0,0,111.799,0.867927,0.00145477,0,0.000872665,0,0
16.86,0.6,0.000872665,0,8.1545e-23,0,2,0,0,0,0,0,111.799,0.867927,0.00145477,0,0.000872665,0,0
16.88,0.601867,0.000875379,0,2.98449e-22,0,2,0,0,0,0,0,111.799,0.867927,0.00145477,0,0.000875379,0,0
16.9,0.60627,0.000881785,0,6.28817e-22,0,2,0,0,0,0,0,111.799,0.867927,0.00145477,0,0.000881785,0,0
16.92,0.7,0.00101811,0,1.01811e-21,0,2,0,0,0,0,0,111.799,0.867927,0.00145477,0,0.00101811,0,0
16.94,0.7,0.00101811,0,1.29568e-21,0,2,0,0,0,0,0,111.799,0.867927,0.00145477,0,0.00101811,0,0
16.96,0.602405,0.000876163,0,1.1212e-21,0,2,0,0,0,0,0,111.799,0.867927,0.00145477,0,0.000876163,0,0
16.98,0.6,0.000872665,0,-3.4337e-23,0,2,0,0,0,0,0,111.799,0.867927,0.00145477,0,0.000872665,0,0
17,0.6,0.000872665,0,-2.81114e-21,0,2,0,0,0,0,0,111.799,0.867927,0.00145477,0,0.000872665,0,0
17.02,0.650608,0.000946271,0,-7.70042e-21,0,2,0,0,0,0,0,111.799,0.867927,0.00145477,0,0.000946271,0,0
17.04,0.693094,0.00100806,0,-1.45113e-20,0,2,0,0,0,0,0,111.799,0.867927,0.00145477,0,0.00100806,0,0
17.06,0.6489,0.000943787,0,-2.15254e-20,0,2,0,0,0,0,0,111.799,0.867927,0.00145477,0,0.000943787,0,0
17.08,0.6,0.000872665,0,-2.44471e-20,0,2,0,0,0,0,0,111.799,0.867927,0.00145477,0,0.000872665,0,0
17.1,0.650543,0.000946176,0,-1.55453e-20,0,2,0,0,0,0,0,111.799,0.867927,0.00145477,0,0.000946176,0,0
17.12,0.6,0.000872665,0,1.61798e-20,0,2,0,0,0,0,0,111.799,0.867927,0.00145477,0,0.000872665,0,0
17.14,0.649338,0.000944424,0,8.24574e-20,0,2,0,0,0,0,0,111.799,0.867927,0.00145477,0,0.000944424,0,0
17.16,0.648934,0.000943836,0,1.89116e-19,0,2,0,0,0,0,0,111.799,0.867927,0.00145477,0,0.000943836,0,0
17.18,0.6,0.000872665,0,3.23881e-19,0,2,0,0,0,0,0,111.799,0.867927,0.00145477,0,0.000872665,0,0
17.2,0.601896,0.000875422,0,4.38645e-19,0,2,0,0,0,0,0,111.799,0.867927,0.00145477,0,0.000875422,0,0
17.22,0.60422,0.000878803,0,4.29945e-19,0,2,0,0,0,0,0,111.799,0.867927,0.00145477,0,0.000878803,0,0
17.24,0.601315,0.000874577,0,1.27843e-19,0,2,0,0,0,0,0,111.799,0.867927,0.00145477,0,0.000874577,0,0
17.26,0.651787,0.000947986,0,-6.87553e-19,0,2,0,0,0,0,0,111.799,0.867927,0.00145477,0,0.000947986,0,0
17.28,0.601653,0.000875069,0,-2.21342e-18,0,2,0,0,0,0,0,111.799,0.867927,0.00145477,0,0.000875069,0,0
17.3,0.6,0.000872665,0,-4.46302e-18,0,2,0,0,0,0,0,111.799,0.867927,0.00145477,0,0.000872665,0,0
17.32,0.6,0.000872665,0,-6.99543e-18,0,2,0,0,0,0,0,111.799,0.867927,0.00145477,0,0.000872665,0,0
17.34,0.6,0.000872665,0,-8.55767e-18,0,2,0,0,0,0,0,111.799,0.867927,0.00145477,0,0.000872665,0,0
17.36,0.7,0.00101811,0,-6.74858e-18,0,2,0,0,0,0,0,111.799,0.867927,0.00145477,0,0.00101811,0,0
17.38,0.7,0.00101811,0,2.04499e-18,0,2,0,0,0,0,0,111.799,0.867927,0.00145477,0,0.00101811,0,0
17.4,0.7,0.00101811,0,2.20105e-17,0,2,0,0,0,0,0,111.799,0.867927,0.00145477,0,0.00101811,0,0
17.42,0.694519,0.00101014,0,5.59896e-17,0,2,0,0,0,0,0,111.799,0.867927,0.00145477,0,0.00101014,0,0
17.44,0.6,0.000872665,0,1.01706e-16,0,2,0,0,0,0,0,111.799,0.867927,0.00145477,0,0.000872665,0,0
17.46,0.604874,0.000879754,0,1.45975e-16,0,2,0,0,0,0,0,111.799,0.867927,0.00145477,0,0.000879754,0,0
17.48,0.650231,0.000945723,0,1.578e-16,0,2,0,0,0,0,0,111.799,0.867927,0.00145477,0,0.000945723,0,0
17.5,0.6,0.000872665,0,8.33032e-17,0,2,0,0,0,0,0,111.799,0.867927,0.00145477,0,0.000872665,0,0
17.52,0.6,0.000872665,0,-1.51613e-16,0,2,0,0,0,0,0,111.799,0.867927,0.00145477,0,0.000872665,0,0
17.54,0.6,0.000872665,0,-6.21592e-16,0,2,0,0,0,0,0,111.799,0.867927,0.00145477,0,0.000872665,0,0
17.56,0.7,0.00101811,0,-1.35381e-15,0,2,0,0,0,0,0,111.799,0.867927,0.00145477,0,0.00101811,0,0
17.58,0.602742,0.000876653,0,-2.24269e-15,0,2,0,0,0,0,0,111.799,0.867927,0.00145477,0,0.000876653,0,0
17.6,0.699805,0.00101783,0,-2.93007e-15,0,2,0,0,0,0,0,111.799,0.867927,0.00145477,0,0.00101783,0,0
17.62,0.604972,0.000879895,0,-2.68005e-15,0,2,0,0,0,0,0,111.799,0.867927,0.00145477,0,0.000879895,0,0
17.64,0.7,0.00101811,0,-3.22609e-16,0,2,0,0,0,0,0,111.799,0.867927,0.00145477,0,0.00101811,0,0
17.66,0.649258,0.000944307,0,5.5991e-15,0,2,0,0,0,0,0,111.799,0.867927,0.00145477,0,0.000944307,0,0
17.68,0.606232,0.000881729,0,1.62845e-14,0,2,0,0,0,0,0,111.799,0.867927,0.00145477,0,0.000881729,0,0
17.7,0.699417,0.00101726,0,3.15255e-14,0,2,0,0,0,0,0,111.799,0.867927,0.00145477,0,0.00101726,0,0
17.72,0.606076,0.000881502,0,4.78402e-14,0,2,0,0,0,0,0,111.799,0.867927,0.00145477,0,0.000881502,0,0
17.74,0.650485,0.000946092,0,5.60922e-14,0,2,0,0,0,0,0,111.799,0.867927,0.00145477,0,0.000946092,0,0
17.76,0.697771,0.00101487,0,3.94186e-14,0,2,0,0,0,0,0,111.799,0.867927,0.00145477,0,0.00101487,0,0
17.78,0.7,0.00101811,0,-2.67381e-14,0,2,0,0,0,0,0,111.799,0.867927,0.00145477,0,0.00101811,0,0
17.8,0.6,0.000872665,0,-1.69524e-13,0,2,0,0,0,0,0,111.799,0.867927,0.00145477,0,0.000872665,0,0
17.82,0.650015,0.000945408,0,-4.04611e-13,0,2,0,0,0,0,0,111.799,0.867927,0.00145477,0,0.000945408,0,0
17.84,0.697554,0.00101455,0,-7.09637e-13,0,2,0,0,0,0,0,111.799,0.867927,0.00145477,0,0.00101455,0,0
17.86,0.648818,0.000943668,0,-9.84709e-13,0,2,0,0,0,0,0,111.799,0.867927,0.00145477,0,0.000943668,0,0
17.88,0.6,0.000872665,0,-1.00743e-12,0,2,0,0,0,0,0,111.799,0.867927,0.00145477,0,0.000872665,0,0
17.9,0.602004,0.000875579,0,-4.03968e-13,0,2,0,0,0,0,0,111.799,0.867927,0.00145477,0,0.000875579,0,0
17.92,0.694746,0.00101047,0,1.32194e-12,0,2,0,0,0,0,0,111.799,0.867927,0.00145477,0,0.00101047,0,0
17.94,0.7,0.00101811,0,4.63883e-12,0,2,0,0,0,0,0,111.799,0.867927,0.00145477,0,0.00101811,0,0
17.96,0.7,0.00101811,0,9.64182e-12,0,2,0,0,0,0,0,111.799,0.867927,0.00145477,0,0.00101811,0,0
17.98,0.6,0.000872665,0,1.54592e-11,0,2,0,0,0,0,0,111.799,0.867927,0.00145477,0,0.000872665,0,0
18,0.601763,0.000875229,0,1.94469e-11,0,2,0,0,0,0,0,111.799,0.867927,0.00145477,0,0.000875229,0,0
18.02,0.602614,0.000876466,0,1.6396e-11,0,2,0,0,0,0,0,111.799,0.867927,0.00145477,0,0.000876466,0,0
18.04,0.649339,0.000944425,0,-1.71183e-12,0,2,0,0,0,0,0,111.799,0.867927,0.00145477,0,0.000944425,0,0
18.06,0.7,0.00101811,0,-4.44586e-11,0,2,0,0,0,0,0,111.799,0.867927,0.00145477,0,0.00101811,0,0
18.08,0.7,0.00101811,0,-1.18952e-10,0,2,0,0,0,0,0,111.799,0.867927,0.00145477,0,0.00101811,0,0
18.1,0.6,0.000872665,0,-2.21658e-10,0,2,0,0,0,0,0,111.799,0.867927,0.00145477,0,0.000872665,0,0
18.12,0.6,0.000872665,0,-3.25579e-10,0,2,0,0,0,0,0,111.799,0.867927,0.00145477,0,0.000872665,0,0
18.14,0.64972,0.000944979,0,-3.64514e-10,0,2,0,0,0,0,0,111.799,0.867927,0.00145477,0,0.000944979,0,0
18.16,0.60224,0.000875922,0,-2.20574e-10,0,2,0,0,0,0,0,111.799,0.867927,0.00145477,0,0.000875922,0,0
18.18,0.604575,0.000879318,0,2.7229e-10,0,2,0,0,0,0,0,111.799,0.867927,0.00145477,0,0.000879318,0,0
18.2,0.6,0.000872665,0,1.28826e-09,0,2,0,0,0,0,0,111.799,0.867927,0.00145477,0,0.000872665,0,0
18.22,0.7,0.00101811,0,2.90737e-09,0,2,0,0,0,0,0,111.799,0.867927,0.00145477,0,0.00101811,0,0
18.24,0.649351,0.000944443,0,4.92926e-09,0,2,0,0,0,0,0,111.799,0.867927,0.00145477,0,0.000944443,0,0
18.26,0.69723,0.00101408,0,6.6053e-09,0,2,0,0,0,0,0,111.799,0.867927,0.00145477,0,0.00101408,0,0
18.28,0.7,0.00101811,0,6.34801e-09,0,2,0,0,0,0,0,111.799,0.867927,0.00145477,0,0.00101811,0,0
18.3,0.607122,0.000883024,0,1.57546e-09,0,2,0,0,0,0,0,111.799,0.867927,0.00145477,0,0.000883024,0,0
18.32,0.601741,0.000875197,0,-1.10157e-08,0,2,0,0,0,0,0,111.799,0.867927,0.00145477,0,0.000875197,0,0
18.34,0.69781,0.00101492,0,-3.43172e-08,0,2,0,0,0,0,0,111.799,0.867927,0.00145477,0,0.00101492,0,0
18.36,0.6,0.000872665,0,-6.83335e-08,0,2,0,0,0,0,0,111.799,0.867927,0.00145477,0,0.000872665,0,0
18.38,0.7,0.00101811,0,-1.06072e-07,0,2,0,0,0,0,0,111.799,0.867927,0.00145477,0,0.00101811,0,0
18.4,0.7,0.00101811,0,-1.2816e-07,0,2,0,0,0,0,0,111.799,0.867927,0.00145477,0,0.00101811,0,0
18.42,0.7,0.00101811,0,-9.7898e-08,0,2,0,0,0,0,0,111.799,0.867927,0.00145477,0,0.00101811,0,0
18.44,0.7,0.00101811,0,3.94002e-08,0,2,0,0,0,0,0,111.799,0.867927,0.00145477,0,0.00101811,0,0
18.46,0.7,0.00101811,0,3.46248e-07,0,2,0,0,0,0,0,111.799,0.867927,0.00145477,0,0.00101811,0,0
18.48,0.7,0.00101811,0,8.63258e-07,0,2,0,0,0,0,0,111.799,0.867927,0.00145477,0,0.00101811,0,0
18.5,0.7,0.00101811,0,1.55145e-06,0,2,0,0,0,0,0,111.799,0.867927,0.00145477,0,0.00101811,0,0
18.52,0.7,0.00101811,0,2.20448e-06,0,2,0,0,0,0,0,111.799,0.867927,0.00145477,0,0.00101811,0,0
18.54,0.7,0.00101811,0,2.34552e-06,0,2,0,0,0,0,0,111.799,0.867927,0.00145477,0,0.00101811,0,0
18.56,0.7,0.00101811,0,1.15407e-06,0,2,0,0,0,0,0,111.799,0.867927,0.00145477,0,0.00101811,0,0
18.58,0.7,0.00101811,0,-2.48652e-06,0,2,0,0,0,0,0,111.799,0.867927,0.00145477,0,0.00101811,0,0
18.6,0.7,0.00101811,0,-9.68047e-06,0,2,0,0,0,0,0,111.799,0.867927,0.00145477,0,0.00101811,0,0
18.62,0.7,0.00101811,0,-2.07801e-05,0,2,0,0,0,0,0,111.799,0.867927,0.00145477,0,0.00101811,0,0
18.64,0.7,0.00101811,0,-3.40862e-05,0,2,0,0,0,0,0,111.799,0.867927,0.00145477,0,0.00101811,0,0
18.66,0.650374,0.00094593,0,-4.40397e-05,0,2,0,0,0,0,0,111.799,0.867927,0.00145477,0,0.00094593,0,0
18.68,0.7,0.00101811,0,-3.93661e-05,0,2,0,0,0,0,0,111.799,0.867927,0.00145477,0,0.00101811,0,0
18.7,0.7,0.00101811,0,-2.31344e-06,0,2,0,0,0,0,0,111.799,0.867927,0.00145477,0,0.00101811,0,0
18.72,0.7,0.00101811,0,8.89578e-05,0,2,0,0,0,0,0,111.799,0.867927,0.00145477,0,0.00101811,0,0
18.74,0.7,0.00101811,0,0.000251914,0,2,0,0,0,0,0,111.799,0.867927,0.00145477,0,0.00101811,0,0
18.76,0.7,0.00101811,0,0.000482011,0,2,0,0,0,0,0,111.799,0.867927,0.00145477,0,0.00101811,0,0
18.78,0.7,0.00101811,0,0.000724356,0,2,0,0,0,0,0,111.799,0.867927,0.00145477,0,0.00101811,0,0
18.8,0.693828,0.00100913,0,0.000837966,0,2,0,0,0,0,0,111.799,0.867927,0.00145477,0,0.00100913,0,0
18.82,0.7,0.00101811,0,0.00056546,0,2,0,0,0,0,0,111.799,0.867927,0.00145477,0,0.00101811,0,0
18.84,0.7,0.00101811,0,-0.000464282,0,2,0,0,0,0,0,111.799,0.867927,0.00145477,0,0.00101811,0,0
18.86,0.7,0.00101811,0,-0.00265533,0,2,0,0,0,0,0,111.799,0.867927,0.00145477,0,0.00101811,0,0
18.88,0.700122,0.00101829,0,-0.00622747,0,2,0,0,0,0,0,111.799,0.867927,0.00145477,0,0.00101829,0,0
18.9,0.8,0.00116355,0,-0.0108104,0,2,0,0,0,0,0,111.799,0.867927,0.00145477,0,0.00116355,0,0
18.92,0.8,0.00116355,0,-0.0148463,0,2,0,0,0,0,0,111.799,0.867927,0.00145477,0,0.00116355,0,0
18.94,0.8,0.00116355,0,-0.0149193,0,2,0,0,0,0,0,111.799,0.867927,0.00145477,0,0.00116355,0,0
18.96,0.8,0.00116355,0,-0.00534414,0.0199642,2,0,0,0,0,0,111.799,0.867927,0.00145477,0,0.00116355,0,0
18.98,0.8,0.00116355,0,0.0213444,0.797849,2,0,0,0,0,0,111.799,0.867927,0.00145477,0,0.00116355,0,0
19,0.8,0.00116355,0,0.0720452,1.21323,2,6.06614,0,0,0,0,111.799,0.867927,0.00145477,0,0.00116355,0,0
19.02,0.8,0.00116355,0,0.147775,1.6,2,11.8608,0,0,0,0,111.799,0.867927,0.00145477,0,0.00116355,0,0
19.04,0.8,0.00116355,0,0.237789,2.4,2,20.9375,0,0,0,0,111.799,0.867927,0.00145479,0,0.00116355,0,0
19.06,0.8,0.00116355,0.0114322,0.322743,2.8,2,36.3848,0,0,0,0,111.799,0.867927,0.00145481,0.0114322,0.00116355,4.62677e-06,5.28942e-08
19.08,0.8,0.00116355,0.0222222,0.388174,3.18865,2,51.8865,0,0,0,0,111.799,0.867928,0.00145492,0.0222222,0.00116355,8.99365e-06,1.99859e-07
19.1,0.8,0.00116355,0.0222222,0.428891,3.20372,2,56.1115,0,0,0,0,111.799,0.867929,0.00145514,0.0222222,0.00116355,8.99365e-06,1.99859e-07
19.12,0.8,0.00116355,0.0339517,0.437959,3.61734,2,80.6068,0,0,0,0,111.8,0.867929,0.00145535,0.0339517,0.00116355,1.37407e-05,4.66521e-07
19.14,0.8,0.00116355,0.0444444,0.403554,4,2,101.884,0,0,0,0,111.801,0.86793,0.00145566,0.0444444,0.00116355,1.79873e-05,7.99435e-07
19.16,0.8,0.00116355,0.0559208,0.32343,4,2,134.068,0,0,0,0,111.802,0.867932,0.00145605,0.0559208,0.00116355,2.26319e-05,1.2656e-06
19.18,0.8,0.00116355,0.0666667,0.216575,4,2,149.654,0,0,0,0,111.803,0.867934,0.00145653,0.0666667,0.00116355,2.69809e-05,1.79873e-06
19.2,0.8,0.00116355,0.0552993,0.110696,4.4,2,180.102,0,0,0,0,111.804,0.867936,0.00145709,0.0552993,0.00116355,2.23804e-05,1.23762e-06
19.22,0.8,0.00116355,0.0557997,0.0158917,4.78887,2,197.666,0,0,0,0,111.805,0.867937,0.00145755,0.0557997,0.00116355,2.25829e-05,1.26012e-06
19.24,0.8,0.00116355,0.0666667,-0.0752412,4.8,2,216.775,0,0,0,0,111.807,0.867939,0.001458,0.0666667,0.00116355,2.69809e-05,1.79873e-06
19.26,0.8,0.00116355,0.0666667,-0.157755,4.8,2,238.289,0,0,0,0,111.808,0.867941,0.00145853,0.0666667,0.00116355,2.69809e-05,1.79873e-06
19.28,0.8,0.00116355,0.0552532,-0.205392,4.8,2,251.893,0,0,0,0,111.809,0.867943,0.00145906,0.0552532,0.00116355,2.23618e-05,1.23556e-06
19.3,0.8,0.00116355,0.0444444,-0.198385,4.80653,2,280.131,0,0,0,0,111.81,0.867944,0.00145949,0.0444444,0.00116355,1.79873e-05,7.99435e-07
19.32,0.8,0.00116355,0.0444444,-0.143801,5.2,2,290.105,0,0,0,0,111.811,0.867945,0.00145983,0.0444444,0.00116355,1.79873e-05,7.99435e-07
19.34,0.8,0.00116355,0.0444444,-0.0634278,5.2,2,295.898,0,0,0,0,111.812,0.867947,0.00146018,0.0444444,0.00116355,1.79873e-05,7.99435e-07
19.36,0.8,0.00116355,0.0444444,0.0259952,5.2,2,317.892,0,0,0,0,111.813,0.867948,0.00146054,0.0444444,0.00116355,1.79873e-05,7.99435e-07
19.38,0.8,0.00116355,0.0444444,0.11514,5.6,2,322.758,0,0,0,0,111.814,0.867949,0.0014609,0.0444444,0.00116355,1.79873e-05,7.99435e-07
19.4,0.8,0.00116355,0.0444444,0.193319,6,2,341.988,0,0,0,0,111.815,0.867951,0.00146127,0.0444444,0.00116355,1.79873e-05,7.99435e-07
19.42,0.8,0.00116355,0.0560663,0.249442,6.4,2,340.689,0,0,0,0,111.816,0.867952,0.00146164,0.0560663,0.00116355,2.26908e-05,1.27219e-06
19.44,0.8,0.00116355,0.0666667,0.2869,6.8,2,358,0,0,0,0,111.817,0.867954,0.00146212,0.0666667,0.00116355,2.69809e-05,1.79873e-06
19.46,0.8,0.00116355,0.0666667,0.327974,7.19767,2,379.872,0,0,0,0,111.818,0.867956,0.00146268,0.0666667,0.00116355,2.69809e-05,1.79873e-06
19.48,0.8,0.00116355,0.0666667,0.39244,7.61616,2,382.565,0,0,0,0,111.82,0.867958,0.00146325,0.0666667,0.00116355,2.69809e-05,1.79873e-06
19.5,0.8,0.00116355,0.0782345,0.476851,8.3965,2,401.947,0,0,0,0,111.821,0.86796,0.00146382,0.0782345,0.00116355,3.16626e-05,2.47711e-06
19.52,0.8,0.00116355,0.0888889,0.559475,8.8,2,426.301,0,0,0,0,111.823,0.867962,0.00146449,0.0888889,0.00116355,3.59746e-05,3.19774e-06
19.54,0.8,0.00116355,0.100519,0.617906,9.2,2,450.18,0,0,0,0,111.824,0.867965,0.00146525,0.100519,0.00116355,4.06815e-05,4.08927e-06
19.56,0.8,0.00116355,0.122327,0.643633,9.2,2,477.257,0,0,0,0,111.827,0.867968,0.00146612,0.122327,0.00116355,4.95077e-05,6.05615e-06
19.58,0.8,0.00116355,0.133333,0.6504,9.59534,2,499.884,0,0,0,0,111.829,0.867972,0.00146716,0.133333,0.00116355,5.39619e-05,7.19492e-06
19.6,0.8,0.00116355,0.14484,0.668303,10.0112,2,532.786,0,0,0,0,111.832,0.867976,0.00146829,0.14484,0.00116355,5.86186e-05,8.4903e-06
19.62,0.8,0.00116355,0.155556,0.724832,10.7836,2,561.918,0,0,0,0,111.835,0.867981,0.00146952,0.155556,0.00116355,6.29555e-05,9.79308e-06
19.64,0.8,0.00116355,0.166546,0.83,11.5916,2,597.497,0,0,0,0,111.838,0.867985,0.00147084,0.166546,0.00116355,6.74037e-05,1.12259e-05
19.66,0.8,0.00116355,0.189179,0.977665,12.8335,2,640.559,0,0,0,0,111.842,0.86799,0.00147225,0.189179,0.00116355,7.65635e-05,1.44842e-05
19.68,0.8,0.00116355,0.211254,1.15865,14.3879,2,677.454,0,0,0,0,111.846,0.867996,0.00147386,0.211254,0.00116355,8.54976e-05,1.80617e-05
19.7,0.8,0.00116355,0.233325,1.36636,15.9984,2,747.878,0,0,0,0,111.85,0.868003,0.00147566,0.233325,0.00116355,9.44299e-05,2.20328e-05
19.72,0.8,0.00116355,0.25601,1.58389,17.6122,2,798.733,0,0,0,0,111.855,0.86801,0.00147766,0.25601,0.00116355,0.000103611,2.65255e-05
19.74,0.8,0.00116355,0.289545,1.77084,18.4302,2,861.772,0,0,0,0,111.861,0.868018,0.00147986,0.289545,0.00116355,0.000117183,3.39297e-05
19.76,0.8,0.00116355,0.333765,1.87473,19.2,2,942.975,0,0,0,0,111.867,0.868027,0.00148235,0.333765,0.00116355,0.00013508,4.50849e-05
19.78,0.8,0.00116355,0.378048,1.85987,19.6,2,1040.77,0,0,0,0.0131668,111.874,0.868038,0.0014852,0.378048,0.00116355,0.000153002,5.7842e-05
19.8,0.8,0.00116355,0.41126,1.72168,20,2,1144.34,0.00119712,0.00119712,0.00179568,0.36,111.882,0.86805,0.00148841,0.41126,0.00116355,0.000166443,6.84513e-05
19.82,0.8,0.00116355,0.444578,1.47715,20,2,1253.39,0.36214,0.36,0.4,0.36,111.89,0.868062,0.00149188,0.444578,0.00116355,0.000179927,7.99918e-05
19.84,0.8,0.00116355,0.477501,1.15712,20.4,2,1354.29,0.4,0.36,0.4,0.36,111.899,0.868076,0.0014956,0.477501,0.00116355,0.000193251,9.22776e-05
19.86,0.8,0.00116355,0.499991,0.813094,20.8,2,1420.02,0.4,0.36,0.400087,0.400231,111.909,0.868091,0.00149956,0.499991,0.00116355,0.000202353,0.000101175
19.88,0.8,0.00116355,0.511111,0.517716,21.2,2,1467.34,0.492329,0.572329,0.802055,0.8,111.919,0.868106,0.00150367,0.511111,0.00116355,0.000206854,0.000105725
19.9,0.8,0.00116355,0.511111,0.343102,21.2,2,1513.94,0.799775,0.8,0.84,0.8,111.93,0.868122,0.00150785,0.511111,0.00116355,0.000206854,0.000105725
19.92,0.8,0.00116355,0.511111,0.330113,21.6,2,1522.44,0.803481,0.808704,0.892185,1.04348,111.94,0.868137,0.00151202,0.511111,0.00116355,0.000206854,0.000105725
19.94,0.8,0.00116355,0.511111,0.469409,22,2,1522.73,1.16209,1.16,1.2,1.12,111.95,0.868153,0.00151618,0.511111,0.00116355,0.000206854,0.000105725
19.96,0.8,0.00116355,0.52215,0.704523,22,2,1528.03,1.2,1.16,1.27974,1.31936,111.961,0.868168,0.00152036,0.52215,0.00116355,0.000211322,0.000110342
19.98,0.8,0.00116355,0.544819,0.955514,22,2,1513.71,1.6,1.6,1.52,1.48143,111.971,0.868184,0.00152464,0.544819,0.00116355,0.000220496,0.00012013
20,0.8,0.00116355,0.566985,1.14947,22,2,1496.27,1.63894,1.63894,1.67575,1.75363,111.982,0.868201,0.00152913,0.566985,0.00116355,0.000229467,0.000130104
20.02,0.8,0.00116355,0.600583,1.24415,22,2,1484.05,1.96,1.96102,1.84409,1.80716,111.994,0.868219,0.00153381,0.600583,0.00116355,0.000243065,0.000145981
20.04,0.8,0.00116355,0.633577,1.24283,22,2,1460.15,2.08593,2.16,2.16,2.12296,112.006,0.868238,0.00153877,0.633577,0.00116355,0.000256417,0.00016246
20.06,0.8,0.00116355,0.655685,1.19464,22,2,1458.08,2.24324,2.24324,2.28243,2.32,112.019,0.868258,0.001544,0.655685,0.00116355,0.000265365,0.000173996
20.08,0.8,0.00116355,0.677727,1.17139,22,2,1477.82,2.44544,2.44544,2.44906,2.48544,112.032,0.868278,0.0015494,0.677727,0.00116355,0.000274286,0.000185891
20.1,0.8,0.00116355,0.688889,1.23001,22,2,1468.08,2.63892,2.63892,2.64,2.63946,112.046,0.8683,0.00155498,0.688889,0.00116355,0.000278803,0.000192064
20.12,0.8,0.00116355,0.711718,1.38518,22.4,2,1466.14,2.80112,2.8,2.88056,2.80167,112.06,0.868322,0.00156066,0.711718,0.00116355,0.000288042,0.000205005
20.14,0.8,0.00116355,0.744491,1.61044,22.4,2,1481.07,3.00215,2.92644,3.04644,3.04644,112.075,0.868344,0.00156653,0.744491,0.00116355,0.000301306,0.00022432
20.16,0.8,0.00116355,0.777256,1.86118,22.4,2,1492.14,3.15785,3.15785,3.23857,3.23857,112.09,0.868368,0.00157269,0.777256,0.00116355,0.000314567,0.000244499
20.18,0.8,0.00116355,0.822537,2.0962,22.4035,2,1507.84,3.36035,3.36035,3.48035,3.48035,112.106,0.868393,0.00157913,0.822537,0.00116355,0.000332892,0.000273816
20.2,0.8,0.00116355,0.866816,2.2872,22.8,2,1495.79,3.52212,3.52212,3.64212,3.64212,112.123,0.86842,0.00158596,0.866816,0.00116355,0.000350813,0.00030409
20.22,0.8,0.00116355,0.911037,2.41737,23.1992,2,1503.98,3.67976,3.67976,3.79976,3.79976,112.141,0.868448,0.00159316,0.911037,0.00116355,0.00036871,0.000335908
20.24,0.8,0.00116355,0.967038,2.47975,23.6,2,1502.04,3.83881,3.83881,3.9592,3.9592,112.159,0.868478,0.00160073,0.967038,0.00116355,0.000391374,0.000378474
20.26,0.8,0.00116355,1.0229,2.48585,24.4137,2,1515.59,4.04273,4.04273,4.1641,4.16137,112.179,0.86851,0.00160876,1.0229,0.00116355,0.00041398,0.000423458
20.28,0.8,0.00116355,1.06716,2.46937,25.1898,2,1513.74,4.19795,4.19795,4.31898,4.31693,112.2,0.868544,0.00161724,1.06716,0.00116355,0.000431893,0.000460897
20.3,0.8,0.00116355,1.11146,2.46609,26.0062,2,1531.75,4.36185,4.36124,4.44124,4.48185,112.222,0.868579,0.00162608,1.11146,0.00116355,0.000449824,0.000499963
20.32,0.8,0.00116355,1.1558,2.48786,26.8237,2,1513.88,4.60237,4.52473,4.64237,4.6471,112.245,0.868616,0.00163527,1.1558,0.00116355,0.00046777,0.000540649
20.34,0.8,0.00116355,1.21091,2.52151,27.6308,2,1509.7,4.68925,4.65234,4.80925,4.80925,112.268,0.868655,0.00164483,1.21091,0.00116355,0.000490072,0.000593432
20.36,0.8,0.00116355,1.26724,2.55115,28.4,2,1503.89,4.92211,4.84317,4.96317,5.00211,112.293,0.868696,0.00165484,1.26724,0.00116355,0.000512871,0.000649932
20.38,0.8,0.00116355,1.31154,2.57331,28.4,2,1523.33,5.07778,5.07667,5.15778,5.11889,112.319,0.868739,0.0016653,1.31154,0.00116355,0.000530799,0.000696165
20.4,0.8,0.00116355,1.36716,2.59256,28.4,2,1504.34,5.28069,5.28069,5.32207,5.40069,112.346,0.868783,0.00167612,1.36716,0.00116355,0.00055331,0.000756466
20.42,0.8,0.00116355,1.42237,2.61616,28.4,2,1540.75,5.44645,5.44645,5.48645,5.5643,112.373,0.86883,0.0016874,1.42237,0.00116355,0.000575655,0.000818797
20.44,0.8,0.00116355,1.46614,2.65147,28.4,2,1540.69,5.60595,5.60595,5.72397,5.80992,112.402,0.868879,0.00169912,1.46614,0.00116355,0.000593367,0.000869957
20.46,0.8,0.00116355,1.52202,2.69733,28.4,2,1561.92,5.76083,5.80062,6.00021,6.04021,112.432,0.86893,0.00171121,1.52202,0.00116355,0.000615983,0.000937538
20.48,0.750072,0.00109094,1.57775,2.74218,28.4,2,1553.57,6.00248,6.04124,6.16248,6.20124,112.463,0.868983,0.00172355,1.57775,0.00109094,0.000598685,0.000944573
20.5,0.7,0.00101811,1.63355,2.77434,28.4,2,1541.9,6.20096,6.24096,6.32064,6.36032,112.495,0.869039,0.00173532,1.63355,0.00101811,0.000578479,0.000944973
20.52,0.7,0.00101811,1.68992,2.78922,28.4,2,1562,6.36545,6.40409,6.52409,6.56273,112.529,0.869097,0.00174688,1.68992,0.00101811,0.000598441,0.00101131
20.54,0.7,0.00101811,1.74636,2.78844,28.4,2,1554,6.64269,6.64134,6.72269,6.68403,112.563,0.869157,0.00175904,1.74636,0.00101811,0.000618428,0.00108
20.56,0.7,0.00101811,1.80046,2.77599,28.4,2,1520.91,6.79787,6.79681,6.83894,6.87787,112.598,0.86922,0.00177161,1.80046,0.00101811,0.000637586,0.00114795
20.58,0.7,0.00101811,1.85585,2.7543,28.4,2,1515.95,6.96053,6.96053,7.04159,7.04159,112.635,0.869285,0.00178456,1.85585,0.00101811,0.000657203,0.00121967
20.6,0.6,0.000872665,1.91106,2.7234,28.4,2,1522.84,7.12357,7.12357,7.28357,7.28357,112.673,0.869352,0.00179742,1.91106,0.000872665,0.000580075,0.00110856
20.62,0.6,0.000872665,1.96641,2.68503,28.4,2,1496.02,7.27904,7.27904,7.47856,7.43904,112.711,0.869422,0.00180869,1.96641,0.000872665,0.000596877,0.00117371
20.64,0.6,0.000872665,2.02273,2.64691,28.4,2,1515.93,7.4802,7.48059,7.64079,7.64059,112.751,0.869494,0.00182079,2.02273,0.000872665,0.00061397,0.0012419
20.66,0.6,0.000872665,2.06666,2.61809,28.8,2,1476.49,7.64783,7.64587,7.84392,7.84587,112.792,0.869569,0.00183323,2.06666,0.000872665,0.000627304,0.00129642
20.68,0.6,0.000872665,2.12222,2.59958,28.8,2,1464.09,7.83984,7.83967,7.99967,8.07951,112.834,0.869646,0.00184594,2.12222,0.000872665,0.000644171,0.00136707
20.7,0.6,0.000872665,2.17782,2.58564,29.2,2,1491.5,8.00597,8.00597,8.24199,8.24398,112.877,0.869726,0.00185898,2.17782,0.000872665,0.000661046,0.00143964
20.72,0.6,0.000872665,2.22234,2.57093,29.2,2,1482,8.15982,8.15982,8.31982,8.39964,112.921,0.869808,0.00187236,2.22234,0.000872665,0.00067456,0.0014991
20.74,0.6,0.000872665,2.27881,2.55152,29.2025,2,1513.89,8.32076,8.32101,8.60025,8.60076,112.966,0.869893,0.001886,2.27881,0.000872665,0.000691699,0.00157625
20.76,0.6,0.000872665,2.33324,2.52787,29.6,2,1491.49,8.56172,8.56172,8.72343,8.80343,113.012,0.86998,0.00189999,2.33324,0.000872665,0.000708222,0.00165245
20.78,0.6,0.000872665,2.37747,2.50657,29.6,2,1476.05,8.71846,8.71846,8.87898,8.91949,113.059,0.87007,0.00191431,2.37747,0.000872665,0.000721646,0.00171569
20.8,0.6,0.000872665,2.42295,2.48813,29.6,2,1492.07,8.80403,8.88134,9.08403,9.08403,113.107,0.870162,0.00192889,2.42295,0.000872665,0.000735451,0.00178196
20.82,0.6,0.000872665,2.47861,2.46021,29.6,2,1492.05,9.03695,8.99797,9.23898,9.23898,113.156,0.870257,0.00194375,2.47861,0.000872665,0.000752346,0.00186477
20.84,0.6,0.000872665,2.53323,2.41483,29.6,2,1463.44,9.20861,9.20287,9.36861,9.40861,113.206,0.870355,0.00195895,2.53323,0.000872665,0.000768924,0.00194786
20.86,0.6,0.000872665,2.57818,2.36456,29.6,2,1487.77,9.36075,9.36075,9.52226,9.5615,113.258,0.870455,0.00197448,2.57818,0.000872665,0.000782571,0.00201761
20.88,0.6,0.000872665,2.62261,2.33362,29.6,2,1456.47,9.52873,9.52291,9.69164,9.72873,113.31,0.870558,0.00199027,2.62261,0.000872665,0.000796057,0.00208775
20.9,0.6,0.000872665,2.6671,2.33793,29.608,2,1481.56,9.68241,9.64161,9.88241,9.96161,113.362,0.870664,0.00200633,2.6671,0.000872665,0.000809559,0.00215917
20.92,0.6,0.000872665,2.7114,2.37395,29.9767,2,1464.58,9.84233,9.84233,10.1223,10.167,113.416,0.870773,0.00202267,2.7114,0.000872665,0.000823006,0.00223149
20.94,0.6,0.000872665,2.75561,2.4179,29.6,2,1462.03,9.9997,9.9997,10.1999,10.3199,113.471,0.870884,0.00203927,2.75561,0.000872665,0.000836426,0.00230486
20.96,0.6,0.000872665,2.81252,2.43758,29.6,2,1479.64,10.1618,10.1618,10.3271,10.4418,113.527,0.870997,0.00205615,2.81252,0.000872665,0.000853699,0.00240104
20.98,0.6,0.000872665,2.86736,2.41623,29.9941,2,1475.94,10.3182,10.3182,10.5194,10.5194,113.583,0.871115,0.00207337,2.86736,0.000872665,0.000870347,0.0024956
21,0.6,0.000872665,2.91168,2.36516,30,2,1464.1,10.481,10.481,10.761,10.683,113.641,0.871235,0.00209092,2.91168,0.000872665,0.000883798,0.00257334
21.02,0.6,0.000872665,2.95595,2.30922,30.3875,2,1458.31,10.6362,10.6362,10.8387,10.8,113.7,0.871358,0.00210874,2.95595,0.000872665,0.000897236,0.00265218
21.04,0.6,0.000872665,3.00026,2.26513,30.3953,2,1464.05,10.7605,10.7605,10.9614,10.9619,113.759,0.871485,0.00212683,3.00026,0.000872665,0.000910685,0.00273229
21.06,0.6,0.000872665,3.04437,2.23453,30.3801,2,1468.41,10.922,10.844,11.164,11.164,113.82,0.871614,0.00214518,3.04437,0.000872665,0.000924076,0.00281323
21.08,0.6,0.000872665,3.08854,2.20867,30,2,1443.88,11.0776,10.92,11.2792,11.2792,113.881,0.871746,0.00216379,3.08854,0.000872665,0.000937482,0.00289545
21.1,0.6,0.000872665,3.13407,2.17575,30,2,1433.94,11.1213,11.1239,11.4413,11.4826,113.943,0.871881,0.00218268,3.13407,0.000872665,0.0009513,0.00298144
21.12,0.6,0.000872665,3.17832,2.12834,30.3857,2,1435.86,11.16,11.24,11.48,11.5986,114.007,0.872019,0.00220184,3.17832,0.000872665,0.000964734,0.00306623
21.14,0.6,0.000872665,3.22251,2.07009,30.407,2,1433.96,11.4007,11.4404,11.7204,11.7611,114.071,0.872161,0.00222126,3.22251,0.000872665,0.000978147,0.00315209
21.16,0.6,0.000872665,3.2667,2.01888,31.2397,2,1425.8,11.484,11.562,11.882,12.002,114.135,0.872306,0.00224095,3.2667,0.000872665,0.000991561,0.00323914
21.18,0.6,0.000872665,3.29996,1.9993,32.3995,2,1429.99,11.7198,11.7199,12.0399,12.1599,114.201,0.872454,0.0022609,3.29996,0.000872665,0.00100166,0.00330543
21.2,0.6,0.000872665,3.3343,2.02301,32.8168,2,1420.08,11.8817,11.8851,12.1634,12.3617,114.268,0.872604,0.00228106,3.3343,0.000872665,0.00101208,0.00337456
21.22,0.502445,0.000730777,3.37842,2.07753,33.2,2,1431.76,12.0371,12.039,12.3571,12.4,114.335,0.872758,0.00230059,3.37842,0.000730777,0.000858738,0.00290117
21.24,0.549793,0.000799641,3.42231,2.13792,33.6,2,1437.98,12.1998,12.1998,12.4793,12.4796,114.403,0.872915,0.00231744,3.42231,0.000799641,0.000951869,0.0032576
21.26,0.5,0.000727221,3.46738,2.18581,34,2,1436.19,12.2451,12.4026,12.64,12.72,114.472,0.873075,0.00233658,3.46738,0.000727221,0.00087706,0.0030411
21.28,0.5,0.000727221,3.51211,2.2159,34,2,1440.06,12.5167,12.48,12.6789,12.6811,114.541,0.873239,0.00235379,3.51211,0.000727221,0.000888375,0.00312007
21.3,0.5,0.000727221,3.55578,2.23142,34,2,1444.11,12.6446,12.6823,12.8868,12.9646,114.612,0.873406,0.00237167,3.55578,0.000727221,0.00089942,0.00319814
21.32,0.4,0.000581776,3.60002,2.23733,34,2,1442.01,12.7999,12.7999,13.0399,13.1199,114.684,0.873576,0.00238886,3.60002,0.000581776,0.000728489,0.00262257
21.34,0.4,0.000581776,3.64534,2.23676,34,2,1441.85,12.8846,13.0015,13.1783,13.2062,114.756,0.87375,0.0024026,3.64534,0.000581776,0.000737661,0.00268903
21.36,0.497506,0.000723593,3.68935,2.23093,34,2,1441.9,13.039,13.118,12.796,13.477,114.829,0.873927,0.00241835,3.68935,0.000723593,0.000928552,0.00342575
21.38,0.450327,0.000654974,3.73348,2.21923,34,2,1436.03,13.2004,13.2004,13.4406,12.6831,114.904,0.874107,0.00243751,3.73348,0.000654974,0.00085055,0.00317551
21.4,0.4,0.000581776,3.77773,2.19876,34,2,1444.28,13.3219,13.3638,13.8075,13.7694,114.979,0.874291,0.00245369,3.77773,0.000581776,0.000764451,0.00288789
21.42,0.4,0.000581776,3.82198,2.1661,34,2,1448.03,13.4782,13.4794,13.9994,13.9994,115.055,0.874478,0.00246859,3.82198,0.000581776,0.000773404,0.00295593
21.44,0.4,0.000581776,3.86703,2.12208,34,2,1446,13.6799,12.841,13.9999,13.9201,115.132,0.874668,0.00248414,3.86703,0.000581776,0.000782521,0.00302603
21.46,0.40445,0.000588249,3.911,2.07857,34,2,1446.09,12.816,13.9129,14.1671,14.1671,115.209,0.874862,0.00249992,3.911,0.000588249,0.000800223,0.00312967
21.48,0.5,0.000727221,3.9554,2.06197,34,2,1448,13.7527,13.76,14.399,14.4385,115.288,0.875059,0.00251701,3.9554,0.000727221,0.0010005,0.00395739
21.5,0.495738,0.000721022,3.98878,2.10269,34,2,1446.17,14.1251,14.0868,14.2468,14.3243,115.367,0.87526,0.00253804,3.98878,0.000721022,0.00100035,0.00399017
21.52,0.5,0.000727221,4.02202,2.20785,34,2,1448.04,14.1616,14.3184,14.7528,15.7903,115.448,0.875464,0.00255816,4.02202,0.000727221,0.00101736,0.00409183
21.54,0.5,0.000727221,4.06672,2.3419,34,2,1449.75,15.8253,14.5645,15.1627,14.6075,115.529,0.875672,0.00257866,4.06672,0.000727221,0.00102866,0.00418329
21.56,0.5,0.000727221,4.12238,2.44259,34,2,1446,14.2821,14.9955,14.9205,14.7608,115.61,0.875884,0.00259935,4.12238,0.000727221,0.00104274,0.00429857
21.58,0.5,0.000727221,4.17881,2.46221,34,2,1446,14.6436,14.64,15.0418,14.8872,115.693,0.8761,0.00262033,4.17881,0.000727221,0.00105701,0.00441706
21.6,0.598984,0.000871187,4.2345,2.39783,34,2,1446,14.7596,14.7192,15.1592,15.1588,115.777,0.876322,0.00264265,4.2345,0.000871187,0.00128315,0.00543349
21.62,0.6,0.000872665,4.27808,2.28712,34.4,2,1446,14.8831,14.9221,15.3221,15.2431,115.863,0.876548,0.00266953,4.27808,0.000872665,0.00129855,0.0055553
21.64,0.6,0.000872665,4.31241,2.17506,34.4,2,1446,15.0452,15.0452,15.4052,15.4817,115.949,0.876779,0.00269566,4.31241,0.000872665,0.00130897,0.0056448
21.66,0.6,0.000872665,4.35639,2.08314,34.4,2,1446,15.1996,15.1996,15.6783,15.6783,116.035,0.877013,0.00272197,4.35639,0.000872665,0.00132232,0.00576055
21.68,0.6,0.000872665,4.40076,2.01204,34.4,2,1446,15.3227,15.3614,15.8441,15.8441,116.123,0.877253,0.00274854,4.40076,0.000872665,0.00133579,0.00587849
21.7,0.6,0.000872665,4.44513,1.96625,34.4,2,1446,15.5179,15.4786,15.9993,15.9993,116.211,0.877497,0.00277538,4.44513,0.000872665,0.00134925,0.00599761
21.72,0.6,0.000872665,4.47814,1.96248,34.4,2,1446,15.6832,15.7232,16.16,16.1211,116.3,0.877746,0.00280248,4.47814,0.000872665,0.00135928,0.00608703
21.74,0.6,0.000872665,4.51179,2.01204,34.4,2,1446,15.8431,15.8431,16.2187,16.2862,116.39,0.877999,0.00282979,4.51179,0.000872665,0.00136949,0.00617884
21.76,0.6,0.000872665,4.55603,2.10557,34.4,2,1446,16.0008,16.0024,16.4824,16.4808,116.481,0.878257,0.0028573,4.55603,0.000872665,0.00138292,0.0063006
21.78,0.6,0.000872665,4.60025,2.22054,34.4,2,1446,16.1302,16.1302,16.7651,16.6876,116.573,0.87852,0.00288508,4.60025,0.000872665,0.00139634,0.00642351
21.8,0.6,0.000872665,4.64469,2.33383,34.4,2,1446,16.44,16.4401,17.0003,16.9601,116.665,0.878788,0.00291315,4.64469,0.000872665,0.00140983,0.00654822
21.82,0.6,0.000872665,4.68897,2.42183,34.4,2,1446,16.4859,16.5259,17.2859,17.0761,116.758,0.879061,0.00294148,4.68897,0.000872665,0.00142327,0.00667366
21.84,0.6,0.000872665,4.74491,2.46157,34.4,2,1446,16.7658,16.7615,17.2844,16.9644,116.853,0.87934,0.0029701,4.74491,0.000872665,0.00144025,0.00683384
21.86,0.6,0.000872665,4.80057,2.44571,34.4,2,1446,16.9591,16.8391,17.1652,17.08,116.948,0.879625,0.00299905,4.80057,0.000872665,0.00145714,0.00699512
21.88,0.6,0.000872665,4.8449,2.39175,34.4,2,1446,17.0809,17.08,17.2791,17.1627,117.045,0.879915,0.00302834,4.8449,0.000872665,0.0014706,0.00712491
21.9,0.6,0.000872665,4.88915,2.32726,34.8,2,1446,17.2424,17.1271,17.32,17.2824,117.142,0.880212,0.0030579,4.88915,0.000872665,0.00148403,0.00725566
21.92,0.6,0.000872665,4.93354,2.26876,34.8002,2,1446,17.32,17.32,17.4401,17.4001,117.24,0.880514,0.00308772,4.93354,0.000872665,0.00149751,0.00738801
21.94,0.6,0.000872665,4.97888,2.21711,35.2148,2,1446,17.4444,17.3244,17.6044,17.643,117.339,0.880821,0.00311781,4.97888,0.000872665,0.00151127,0.00752443
21.96,0.6,0.000872665,5.02288,2.16571,35.6,2,1446,17.5992,17.5969,17.7592,17.8769,117.439,0.881135,0.00314817,5.02288,0.000872665,0.00152462,0.00765799
21.98,0.6,0.000872665,5.06714,2.10963,35.6,2,1446,17.6428,17.6419,18.0437,18.0046,117.54,0.881454,0.00317879,5.06714,0.000872665,0.00153806,0.00779355
22,0.6,0.000872665,5.11143,2.05354,35.6,2,1446,17.8824,17.8824,18.2448,18.32,117.642,0.881779,0.00320968,5.11143,0.000872665,0.0015515,0.0079304
22.02,0.6,0.000872665,5.15568,2.01739,35.6,2,1446,18.04,17.92,18.4,18.4,117.745,0.88211,0.00324084,5.15568,0.000872665,0.00156493,0.00806828
22.04,0.6,0.000872665,5.18922,2.02961,35.6,2,1446,18.2003,18.2003,18.5614,18.5214,117.848,0.882447,0.00327226,5.18922,0.000872665,0.00157511,0.00817361
22.06,0.6,0.000872665,5.22221,2.10377,35.6,2,1446,18.3221,18.3221,18.6863,18.84,117.952,0.88279,0.00330388,5.22221,0.000872665,0.00158513,0.00827788
22.08,0.6,0.000872665,5.26641,2.22003,35.6,2,1446,18.4778,18.5171,18.9571,18.9578,118.057,0.883138,0.00333571,5.26641,0.000872665,0.00159854,0.00841859
22.1,0.6,0.000872665,5.31196,2.33309,35.6,2,1446,18.6431,18.68,19.1647,19.1647,118.163,0.883492,0.00336782,5.31196,0.000872665,0.00161237,0.00856483
22.12,0.6,0.000872665,5.3679,2.40059,35.6,2,1446,18.7985,18.837,19.3585,19.3585,118.27,0.883853,0.00340021,5.3679,0.000872665,0.00162935,0.00874617
22.14,0.6,0.000872665,5.42273,2.41005,35.5976,2,1446,19.0002,19.0405,19.441,19.5205,118.378,0.884222,0.00343294,5.42273,0.000872665,0.00164599,0.00892576
22.16,0.6,0.000872665,5.46673,2.38374,35.2,2,1446,19.1621,19.1282,19.6462,19.6421,118.486,0.884597,0.00346601,5.46673,0.000872665,0.00165935,0.00907121
22.18,0.6,0.000872665,5.511,2.35754,35.2,2,1446,19.28,19.36,19.84,19.76,118.596,0.88498,0.00349934,5.511,0.000872665,0.00167279,0.00921872
22.2,0.6,0.000872665,5.5564,2.35587,35.2,2,1446,19.4814,19.5229,19.8486,19.9614,118.707,0.885369,0.00353294,5.5564,0.000872665,0.00168656,0.00937122
22.22,0.6,0.000872665,5.60072,2.38121,35.2,2,1446,19.6379,19.6786,20.1586,20.0786,118.819,0.885765,0.00356681,5.60072,0.000872665,0.00170002,0.00952133
22.24,0.6,0.000872665,5.64459,2.41444,35.2,2,1446,19.7993,19.8393,20.3193,20.2387,118.931,0.886168,0.00360096,5.64459,0.000872665,0.00171333,0.00967106
22.26,0.6,0.000872665,5.70074,2.42608,35.5898,2,1446,19.9631,19.9631,20.48,20.402,119.044,0.886579,0.00363537,5.70074,0.000872665,0.00173038,0.00986444
22.28,0.6,0.000872665,5.75577,2.40001,35.6,2,1446,20.1665,20.1222,20.56,20.6,119.159,0.886997,0.00367013,5.75577,0.000872665,0.00174708,0.0100558
22.3,0.6,0.000872665,5.80015,2.34798,35.2025,2,1446,20.3208,20.281,20.7205,20.721,119.275,0.887423,0.00370521,5.80015,0.000872665,0.00176055,0.0102115
22.32,0.6,0.000872665,5.84457,2.29741,35.5795,2,1446,20.4862,20.4841,20.8862,20.8862,119.391,0.887857,0.00374057,5.84457,0.000872665,0.00177404,0.0103685
22.34,0.6,0.000872665,5.88842,2.27032,35.6,2,1446,20.72,20.6092,21.0515,21.0092,119.508,0.888298,0.00377619,5.88842,0.000872665,0.00178734,0.0105246
22.36,0.6,0.000872665,5.93323,2.27524,35.2001,2,1446,20.76,20.8,21.24,21.24,119.627,0.888746,0.00381207,5.93323,0.000872665,0.00180095,0.0106854
22.38,0.6,0.000872665,5.97861,2.31002,35.6,2,1446,21.08,21.0028,21.48,21.4814,119.746,0.889203,0.00384823,5.97861,0.000872665,0.00181472,0.0108495
22.4,0.6,0.000872665,6.02296,2.36313,35.6,2,1446,21.08,21.08,21.6377,21.5594,119.866,0.889667,0.00388466,6.02296,0.000872665,0.00182818,0.0110111
22.42,0.6,0.000872665,6.06742,2.41206,35.6,2,1446,21.3212,21.3212,21.6848,21.8012,119.987,0.890139,0.00392137,6.06742,0.000872665,0.00184168,0.0111742
22.44,0.6,0.000872665,6.12427,2.43076,35.6,2,1446,21.4052,21.4835,21.8852,22,120.108,0.890619,0.00395835,6.12427,0.000872665,0.00185893,0.0113846
22.46,0.6,0.000872665,6.17854,2.41024,35.6,2,1446,21.6384,21.6389,22.1578,22.1184,120.231,0.891108,0.00399568,6.17854,0.000872665,0.00187541,0.0115873
22.48,0.6,0.000872665,6.22282,2.36914,35.6,2,1446,21.8012,21.84,22.2825,22.2812,120.356,0.891606,0.00403333,6.22282,0.000872665,0.00188885,0.0117539
22.5,0.6,0.000872665,6.26707,2.33821,35.6,2,1446,21.9564,21.9564,22.4376,22.4364,120.48,0.892112,0.00407125,6.26707,0.000872665,0.00190228,0.0119217
22.52,0.6,0.000872665,6.31154,2.33743,35.6,2,1446,22.0411,22.1604,22.6404,22.5215,120.606,0.892627,0.00410944,6.31154,0.000872665,0.00191578,0.0120915
22.54,0.6,0.000872665,6.35615,2.36592,35.6,2,1446,22.3169,22.3177,22.7977,22.7584,120.733,0.89315,0.0041479,6.35615,0.000872665,0.00192932,0.012263
22.56,0.6,0.000872665,6.40062,2.40316,35.6,2,1446,22.3639,22.4813,23.0026,22.8452,120.861,0.893681,0.00418663,6.40062,0.000872665,0.00194282,0.0124352
22.58,0.6,0.000872665,6.456,2.42104,35.6,2,1446,22.6347,22.636,23.1187,23,120.989,0.894222,0.00422563,6.456,0.000872665,0.00195963,0.0126514
22.6,0.600257,0.000873039,6.51116,2.40645,35.6,2,1446,22.8,22.6804,23.1603,23.2401,121.119,0.894772,0.00426497,6.51116,0.000873039,0.00197722,0.012874
22.62,0.604341,0.000878979,6.55551,2.37362,35.6,2,1446,22.9617,22.9217,23.4035,23.4035,121.249,0.895332,0.00430473,6.55551,0.000878979,0.00200423,0.0131387
22.64,0.650685,0.000946383,6.5997,2.35004,35.6,2,1446,23.0784,22.9992,23.5584,23.5584,121.381,0.895901,0.0043458,6.5997,0.000946383,0.00217247,0.0143376
22.66,0.7,0.00101811,6.64475,2.35359,35.6,2,1446,23.3228,23.2809,23.8,23.7238,121.513,0.89648,0.00439101,6.64475,0.00101811,0.00235307,0.0156356
22.68,0.60462,0.000879385,6.69009,2.3822,35.6,2,1446,23.4037,23.4074,23.9255,23.9237,121.647,0.897069,0.00443746,6.69009,0.000879385,0.00204632,0.0136901
22.7,0.600181,0.000872928,6.73446,2.4153,35.6,2,1446,23.6402,23.64,24.0403,24.1601,121.781,0.897667,0.00447684,6.73446,0.000872928,0.00204477,0.0137704
22.72,0.695551,0.00101164,6.79051,2.42575,35.6,2,1446,23.7218,23.6471,24.2018,24.3218,121.916,0.898275,0.00451944,6.79051,0.00101164,0.0023894,0.0162253
22.74,0.695328,0.00101131,6.84589,2.40234,35.6,2,1446,23.9237,23.9256,24.4037,24.4112,122.052,0.898894,0.00456904,6.84589,0.00101131,0.00240812,0.0164857
22.76,0.698212,0.00101551,6.88945,2.36195,35.6,2,1446,24.0393,24.0793,24.5586,24.64,122.19,0.899526,0.00461742,6.88945,0.00101551,0.00243349,0.0167654
22.78,0.601193,0.0008744,6.93364,2.33446,35.6,2,1446,24.2414,24.3205,24.8005,24.7214,122.328,0.900167,0.0046646,6.93364,0.0008744,0.00210879,0.0146216
22.8,0.60551,0.000880678,6.97798,2.33893,35.6,2,1446,24.4044,24.4066,24.8888,24.8466,122.467,0.900819,0.00470529,6.97798,0.000880678,0.00213751,0.0149155
22.82,0.7,0.00101811,7.02233,2.37257,35.6,2,1446,24.5603,24.6401,25.1201,25.0004,122.607,0.901481,0.00474993,7.02233,0.00101811,0.00248678,0.017463
22.84,0.7,0.00101811,7.06712,2.41205,35.6,2,1446,24.7196,24.7198,25.2793,25.2791,122.748,0.902154,0.00480152,7.06712,0.00101811,0.00250264,0.0176865
22.86,0.7,0.00101811,7.12345,2.42671,35.6,2,1446,24.8829,24.9615,25.5185,25.3644,122.89,0.902839,0.00485175,7.12345,0.00101811,0.00252259,0.0179695
22.88,0.7,0.00101811,7.17834,2.40251,35.6,2,1446,25.0383,25.0391,25.5974,25.5191,123.033,0.903536,0.00490237,7.17834,0.00101811,0.00254203,0.0182475
22.9,0.7,0.00101811,7.2226,2.35444,35.6,2,1446,25.2014,25.2014,25.6421,25.76,123.177,0.904246,0.00495338,7.2226,0.00101811,0.0025577,0.0184733
22.92,0.7,0.00101811,7.26685,2.31218,35.6,2,1446,25.3664,25.3643,25.8443,25.9221,123.322,0.904967,0.0050047,7.26685,0.00101811,0.00257337,0.0187003
22.94,0.7,0.00101811,7.31087,2.29788,35.6,2,1446,25.6028,25.5284,26.0828,26.0828,123.468,0.905701,0.00505633,7.31087,0.00101811,0.00258896,0.0189276
22.96,0.7,0.00101811,7.35618,2.31748,35.6,2,1446,25.6825,25.6438,26.28,26.2425,123.614,0.906446,0.00510828,7.35618,0.00101811,0.00260501,0.0191629
22.98,0.7,0.00101811,7.40067,2.36156,35.6,2,1446,25.8383,25.8383,26.3974,26.3983,123.762,0.907204,0.00516054,7.40067,0.00101811,0.00262076,0.0193954
23,0.7,0.00101811,7.44529,2.40701,35.6,2,1446,26.0025,25.9638,26.5625,26.6425,123.911,0.907974,0.00521312,7.44529,0.00101811,0.00263656,0.01963
23.02,0.7,0.00101811,7.50109,2.42627,35.6,2,1446,26.1586,26.1586,26.7579,26.7986,124.06,0.908757,0.00526602,7.50109,0.00101811,0.00265632,0.0199253
23.04,0.7,0.00101811,7.55618,2.40821,35.6,2,1446,26.3221,26.4011,27.0021,27.0011,124.21,0.909553,0.00531932,7.55618,0.00101811,0.00267583,0.0202191
23.06,0.7,0.00101811,7.6005,2.3697,35.6,2,1446,26.4781,26.4791,27.0409,27.0791,124.362,0.910364,0.00537301,7.6005,0.00101811,0.00269153,0.020457
23.08,0.7,0.00101811,7.64482,2.34109,35.6,2,1446,26.6417,26.7211,27.3211,27.2017,124.514,0.911187,0.00542701,7.64482,0.00101811,0.00270722,0.0206962
23.1,0.7,0.00101811,7.68913,2.34274,35.6,2,1446,26.8068,26.92,27.4068,27.4068,124.668,0.912024,0.00548132,7.68913,0.00101811,0.00272291,0.0209368
23.12,0.7,0.00101811,7.73338,2.37336,35.6,2,1446,26.999,27.0384,27.6384,27.5595,124.822,0.912873,0.00553594,7.73338,0.00101811,0.00273858,0.0211785
23.14,0.7,0.00101811,7.77869,2.41098,35.6,2,1446,27.1614,27.2041,27.7241,27.6814,124.977,0.913737,0.00559088,7.77869,0.00101811,0.00275463,0.0214274
23.16,0.7,0.00101811,7.83424,2.42628,35.6,2,1446,27.3176,27.3592,27.8008,27.8768,125.133,0.914613,0.00564615,7.83424,0.00101811,0.0027743,0.0217345
23.18,0.7,0.00101811,7.88943,2.40605,35.6,2,1446,27.5613,27.4813,28.04,28.1207,125.29,0.915505,0.0057018,7.88943,0.00101811,0.00279384,0.0220418
23.2,0.7,0.00101811,7.93387,2.36566,35.6,2,1446,27.6789,27.6767,28.1957,28.1989,125.449,0.916412,0.00575785,7.93387,0.00101811,0.00280958,0.0222909
23.22,0.602021,0.000875605,7.97841,2.33497,35.6,2,1446,27.8816,27.8008,28.3624,28.3624,125.608,0.917333,0.00581224,7.97841,0.000875605,0.00242989,0.0193867
23.24,0.7,0.00101811,8.02246,2.33514,35.6,2,1446,28.0054,28.0054,28.6036,28.6018,125.768,0.918267,0.00586098,8.02246,0.00101811,0.00284095,0.0227914
23.26,0.601033,0.000874168,8.06638,2.36627,35.6,2,1446,28.1992,28.12,28.68,28.6796,125.929,0.919215,0.00591794,8.06638,0.000874168,0.00245265,0.019784
23.28,0.6,0.000872665,8.11127,2.40725,35.6,2,1446,28.3213,28.36,28.9253,28.9653,126.091,0.920176,0.00596509,8.11127,0.000872665,0.00246206,0.0199704
23.3,0.697896,0.00101505,8.16752,2.4292,35.6,2,1446,28.4417,28.4434,29.1208,29.16,126.253,0.921151,0.00601647,8.16752,0.00101505,0.00288363,0.0235521
23.32,0.6,0.000872665,8.22266,2.41983,35.6,2,1446,28.6358,28.6772,29.2758,29.3145,126.417,0.922141,0.00607432,8.22266,0.000872665,0.00249587,0.0205227
23.34,0.6,0.000872665,8.26659,2.39497,35.6,2,1446,28.8029,28.8459,29.4859,29.4429,126.582,0.923147,0.00612234,8.26659,0.000872665,0.00250921,0.0207426
23.36,0.6,0.000872665,8.3115,2.38204,35.6,2,1446,28.9607,29.0015,29.6037,29.64,126.748,0.924166,0.00617267,8.3115,0.000872665,0.00252283,0.0209685
23.38,0.69454,0.00101017,8.35572,2.39437,35.6,2,1446,29.1222,29.2422,29.8,29.7622,126.915,0.9252,0.00622526,8.35572,0.00101017,0.00293589,0.0245315
23.4,0.6,0.000872665,8.40004,2.42069,35.6,2,1446,29.32,29.32,29.92,29.92,127.082,0.926248,0.00628415,8.40004,0.000872665,0.00254971,0.0214177
23.42,0.7,0.00101811,8.45549,2.43581,35.6,2,1446,29.4851,29.4451,30.0851,30.0851,127.251,0.927311,0.00633541,8.45549,0.00101811,0.0029943,0.0253183
23.44,0.7,0.00101811,8.51085,2.42562,35.6,2,1446,29.6394,29.6388,30.3182,30.2394,127.42,0.928391,0.00639761,8.51085,0.00101811,0.0030139,0.0256509
23.46,0.6,0.000872665,8.55618,2.40194,35.6,2,1446,29.806,29.8024,30.4024,30.4824,127.591,0.929488,0.0064559,8.55618,0.000872665,0.00259711,0.0222213
23.48,0.6,0.000872665,8.60044,2.38921,35.6,2,1446,30.0388,29.9188,30.635,30.6375,127.763,0.9306,0.00650582,8.60044,0.000872665,0.00261054,0.0224518
23.5,0.6,0.000872665,8.64473,2.39927,35.6,2,1446,30.2005,30.1605,30.6421,30.8021,127.935,0.931727,0.00655817,8.64473,0.000872665,0.00262398,0.0226836
23.52,0.6,0.000872665,8.69003,2.41987,35.6,2,1446,30.3217,30.3217,30.8468,31.0051,128.108,0.932868,0.0066108,8.69003,0.000872665,0.00263773,0.022922
23.54,0.6,0.000872665,8.745,2.42585,35.6,2,1446,30.405,30.4833,31.1167,31.1233,128.283,0.934025,0.0066637,8.745,0.000872665,0.00265442,0.0232129
23.56,0.6,0.000872665,8.79968,2.40393,35.6,2,1446,30.5595,30.6389,31.2768,31.2789,128.458,0.935198,0.00671693,8.79968,0.000872665,0.00267102,0.0235041
23.58,0.6,0.000872665,8.84494,2.36674,35.6,2,1446,30.801,30.802,31.442,31.363,128.635,0.936388,0.0067705,8.84494,0.000872665,0.00268475,0.0237465
23.6,0.6,0.000872665,8.88907,2.34091,35.6,2,1446,30.8862,30.9641,31.6504,31.6021,128.812,0.937594,0.00682434,8.88907,0.000872665,0.00269815,0.023984
23.62,0.6,0.000872665,8.93322,2.34475,35.6,2,1446,31.0397,31.1592,31.84,31.6797,128.99,0.938815,0.00687844,8.93322,0.000872665,0.00271155,0.0242229
23.64,0.6,0.000872665,8.97852,2.37645,35.6,2,1446,31.3211,31.3211,31.8432,32,129.169,0.940052,0.00693282,8.97852,0.000872665,0.0027253,0.0244692
23.66,0.6,0.000872665,9.02276,2.4143,35.6,2,1446,31.4381,31.36,32.1161,32.1171,129.349,0.941305,0.00698747,9.02276,0.000872665,0.00273873,0.0247109
23.68,0.6,0.000872665,9.07854,2.42872,35.6,2,1446,31.6016,31.6008,32.2808,32.2823,129.53,0.942575,0.00704239,9.07854,0.000872665,0.00275566,0.0250174
23.7,0.6,0.000872665,9.13373,2.40495,35.6,2,1446,31.7952,31.7552,32.3968,32.4384,129.712,0.943862,0.00709765,9.13373,0.000872665,0.00277241,0.0253225
23.72,0.6,0.000872665,9.17821,2.35617,35.6,2,1446,31.9613,31.9209,32.56,32.6018,129.895,0.945167,0.00715324,9.17821,0.000872665,0.00278591,0.0255697
23.74,0.6,0.000872665,9.22327,2.31145,35.6,2,1446,32.0813,32.0813,32.7254,32.8027,130.079,0.946488,0.0072091,9.22327,0.000872665,0.00279959,0.0258214
23.76,0.6,0.000872665,9.26703,2.29467,35.6,2,1446,32.1587,32.2362,32.9962,32.9187,130.264,0.947827,0.00726524,9.26703,0.000872665,0.00281287,0.026067
23.78,0.5,0.000727221,9.31143,2.31424,35.6,2,1446,32.4007,32.4014,33.0014,33.0807,130.45,0.949182,0.00731928,9.31143,0.000727221,0.00235529,0.0219311
23.8,0.506033,0.000735995,9.35586,2.36141,35.6,2,1446,32.5624,32.64,33.2448,33.2097,130.637,0.950552,0.00736428,9.35586,0.000735995,0.00239508,0.0224081
23.82,0.5,0.000727221,9.40021,2.41093,35.6,2,1446,32.7204,32.7207,33.5204,33.3611,130.824,0.951938,0.00741231,9.40021,0.000727221,0.00237775,0.0223513
23.84,0.5,0.000727221,9.4564,2.43153,35.6,2,1446,32.8796,32.9196,33.56,33.5597,131.013,0.95334,0.00745984,9.4564,0.000727221,0.00239196,0.0226193
23.86,0.5,0.000727221,9.51204,2.40864,35.6,2,1446,33.0452,33.0452,33.6852,33.72,131.203,0.954759,0.0075078,9.51204,0.000727221,0.00240604,0.0228863
23.88,0.5,0.000727221,9.55634,2.35751,35.6,2,1446,33.1994,33.1994,33.8788,33.8776,131.393,0.956196,0.00755604,9.55634,0.000727221,0.00241724,0.0231
23.9,0.5,0.000727221,9.60074,2.30951,35.6,2,1446,33.4026,33.3613,34.1213,34.1213,131.585,0.957648,0.00760451,9.60074,0.000727221,0.00242847,0.0233151
23.92,0.5,0.000727221,9.64503,2.28963,35.6,2,1446,33.5572,33.5159,34.16,34.1986,131.777,0.959116,0.00765319,9.64503,0.000727221,0.00243967,0.0235307
23.94,0.5,0.000727221,9.68888,2.3066,35.6,2,1446,33.7183,33.7166,34.3192,34.4775,131.971,0.960601,0.0077021,9.68888,0.000727221,0.00245077,0.0237452
23.96,0.5,0.000727221,9.73369,2.35228,35.6,2,1446,33.8429,33.8429,34.6429,34.6829,132.165,0.962102,0.00775124,9.73369,0.000727221,0.0024621,0.0239653
23.98,0.5,0.000727221,9.77781,2.40283,35.6,2,1446,34.04,34.0438,34.7619,34.8,132.36,0.963619,0.0078006,9.77781,0.000727221,0.00247326,0.0241831
24,0.5,0.000727221,9.83334,2.42868,35.6,2,1446,34.1592,34.1597,34.959,34.8397,132.556,0.965153,0.00785018,9.83334,0.000727221,0.00248731,0.0244585
24.02,0.5,0.000727221,9.88899,2.416,35.6,2,1446,34.36,34.4418,35.2472,35.1218,132.753,0.966706,0.00790005,9.88899,0.000727221,0.00250138,0.0247362
24.04,0.5,0.000727221,9.93338,2.37922,35.6,2,1446,34.4805,34.5207,35.32,35.24,132.952,0.968277,0.0079502,9.93338,0.000727221,0.00251261,0.0249587
24.06,0.5,0.000727221,9.97877,2.34789,35.6,2,1446,34.6857,34.76,35.3238,35.3238,133.151,0.969865,0.00800058,9.97877,0.000727221,0.00252409,0.0251874
24.08,0.5,0.000727221,10.023,2.344,35.6,2,1446,34.8393,34.8387,35.4787,35.4393,133.351,0.971471,0.00805118,10.023,0.000727221,0.00253528,0.0254111
24.1,0.5,0.000727221,10.0673,2.36971,35.6,2,1446,35.0036,34.9612,35.6448,35.6448,133.552,0.973093,0.008102,10.0673,0.000727221,0.00254649,0.0256363
24.12,0.5,0.000727221,10.1115,2.40595,35.6,2,1446,35.1584,35.1534,35.8767,35.8767,133.753,0.974734,0.00815305,10.1115,0.000727221,0.00255766,0.0258616
24.14,0.5,0.000727221,10.1665,2.42333,35.6,2,1446,35.3192,35.28,36.0375,36.0783,133.956,0.976392,0.00820432,10.1665,0.000727221,0.00257157,0.0261438
24.16,0.5,0.000727221,10.2229,2.40627,35.6,2,1446,35.4825,35.445,36.325,36.3638,134.16,0.978069,0.00825588,10.2229,0.000727221,0.00258584,0.0264347
24.18,0.5,0.000727221,10.2671,2.36809,35.6,2,1446,35.599,35.639,36.48,36.519,134.365,0.979766,0.00830772,10.2671,0.000727221,0.00259704,0.0266641
24.2,0.5,0.000727221,10.3116,2.33842,35.6,2,1446,35.8814,35.8024,36.6805,36.561,134.571,0.981481,0.00835978,10.3116,0.000727221,0.00260827,0.0268953
24.22,0.5,0.000727221,10.3559,2.33889,35.6,2,1446,36,36.0383,36.8348,36.793,134.777,0.983215,0.00841206,10.3559,0.000727221,0.00261949,0.0271271
24.24,0.5,0.000727221,10.3998,2.37002,35.6,2,1446,36.1654,36.1707,36.96,36.8427,134.985,0.984966,0.00846457,10.3998,0.000727221,0.00263058,0.0273574
24.26,0.5,0.000727221,10.4447,2.41074,35.6,2,1446,36.321,36.401,37.0005,37.0416,135.193,0.986736,0.0085173,10.4447,0.000727221,0.00264195,0.0275945
24.28,0.5,0.000727221,10.5,2.43074,35.6,2,1446,36.564,36.522,37.206,37.204,135.403,0.988525,0.00857026,10.5,0.000727221,0.00265595,0.0278875
24.3,0.5,0.000727221,10.5555,2.4144,35.6,2,1446,36.6795,36.639,37.4385,37.359,135.613,0.990335,0.0086235,10.5555,0.000727221,0.00266997,0.0281829
24.32,0.5,0.000727221,10.6012,2.37499,35.6,2,1446,36.8038,36.84,37.5238,37.6038,135.825,0.992165,0.00867703,10.6012,0.000727221,0.00268153,0.0284273
24.34,0.5,0.000727221,10.6453,2.34236,35.6,2,1446,36.9585,36.9577,37.6785,37.7977,136.037,0.994015,0.00873078,10.6453,0.000727221,0.0026927,0.0286647
24.36,0.5,0.000727221,10.6895,2.33912,35.6,2,1446,37.1211,37.1223,37.9611,38.0811,136.251,0.995883,0.00878475,10.6895,0.000727221,0.00270387,0.028903
24.38,0.5,0.000727221,10.7336,2.36681,35.6,2,1446,37.2763,37.2775,38.0775,38.12,136.465,0.997771,0.00883894,10.7336,0.000727221,0.00271503,0.0291422
24.4,0.449653,0.000653993,10.7779,2.4048,35.6,2,1446,37.4399,37.4399,38.2798,38.1599,136.68,0.999679,0.00889199,10.7779,0.000653993,0.00245172,0.0264245
24.42,0.495156,0.000720175,10.8335,2.42256,35.6,2,1446,37.5278,37.6458,38.56,38.4019,136.896,1.00161,0.00894101,10.8335,0.000720175,0.00271374,0.0293992
24.44,0.5,0.000727221,10.8885,2.40351,35.6,2,1446,37.8069,37.8469,38.48,38.4869,137.113,1.00355,0.00899679,10.8885,0.000727221,0.0027542,0.029989
24.46,0.5,0.000727221,10.9335,2.35916,35.6,2,1446,37.9206,37.9603,38.6009,38.7203,137.332,1.00552,0.00905212,10.9335,0.000727221,0.00276559,0.0302376
24.48,0.404825,0.000588794,10.9778,2.31701,35.6,2,1446,38.1258,38.0839,38.8819,38.8058,137.551,1.00751,0.00910492,10.9778,0.000588794,0.00224823,0.0246807
24.5,0.5,0.000727221,11.0222,2.29919,35.6,2,1446,38.2799,38.2398,38.92,39.0397,137.771,1.00952,0.00914998,11.0222,0.000727221,0.00278801,0.0307299
24.52,0.5,0.000727221,11.0677,2.3136,35.6,2,1446,38.483,38.403,39.163,39.2045,137.992,1.01155,0.00920851,11.0677,0.000727221,0.00279954,0.0309845
24.54,0.4,0.000581776,11.1122,2.35418,35.6,2,1446,38.6,38.561,39.3615,39.4805,138.213,1.0136,0.00926181,11.1122,0.000581776,0.00224863,0.0249873
24.56,0.5,0.000727221,11.1554,2.40058,35.6,2,1446,38.7218,38.7618,39.5673,39.5636,138.436,1.01566,0.00930688,11.1554,0.000727221,0.00282171,0.0314772
24.58,0.4,0.000581776,11.2103,2.42469,35.6,2,1446,38.877,38.878,39.876,39.679,138.66,1.01775,0.00936344,11.2103,0.000581776,0.00226849,0.0254304
24.6,0.4,0.000581776,11.2672,2.41182,35.6,2,1446,39.08,39.0821,40.12,39.8821,138.884,1.01986,0.00940606,11.2672,0.000581776,0.00228,0.0256893
24.62,0.4,0.000581776,11.3116,2.37619,35.6,2,1446,39.234,39.2385,40.043,40.0385,139.11,1.02199,0.00945176,11.3116,0.000581776,0.00228898,0.0258919
24.64,0.4,0.000581776,11.3558,2.34848,35.6,2,1446,39.3605,39.4005,40.1207,40.2005,139.337,1.02414,0.00949763,11.3558,0.000581776,0.00229793,0.0260948
24.66,0.4,0.000581776,11.4,2.35041,35.9802,2,1446,39.644,39.5659,40.442,40.482,139.564,1.0263,0.00954369,11.4,0.000581776,0.00230688,0.0262985
24.68,0.4,0.000581776,11.4444,2.38105,35.6,2,1446,39.7993,39.7197,40.48,40.52,139.793,1.02849,0.00958992,11.4444,0.000581776,0.00231585,0.0265034
24.7,0.4,0.000581776,11.4898,2.41772,35.6,2,1446,39.9617,39.8851,40.6084,40.6867,140.022,1.03069,0.00963633,11.4898,0.000581776,0.00232505,0.0267145
24.72,0.4,0.000581776,11.5458,2.43003,35.6,2,1446,40.1179,40.0393,40.9572,40.9579,140.252,1.03292,0.00968293,11.5458,0.000581776,0.00233637,0.0269752
24.74,0.4,0.000581776,11.6005,2.4036,35.6,2,1446,40.1603,40.2009,40.9612,41.0006,140.484,1.03516,0.00972976,11.6005,0.000581776,0.00234745,0.0272316
24.76,0.4,0.000581776,11.6443,2.3513,35.6,2,1446,40.3273,40.3655,41.2437,41.1273,140.716,1.03743,0.00977681,11.6443,0.000581776,0.00235631,0.0274376
24.78,0.4,0.000581776,11.6886,2.29918,35.6,2,1446,40.5192,40.5977,41.5554,41.3977,140.95,1.03972,0.00982403,11.6886,0.000581776,0.00236528,0.0276469
24.8,0.4,0.000581776,11.7344,2.26749,35.6,2,1446,40.6833,40.6866,41.4416,41.4449,141.184,1.04203,0.00987143,11.7344,0.000581776,0.00237453,0.0278636
24.82,0.4,0.000581776,11.7787,2.26592,35.6,2,1446,40.8394,40.959,41.6387,41.6394,141.419,1.04435,0.00991901,11.7787,0.000581776,0.00238351,0.0280748
24.84,0.4,0.000581776,11.8225,2.2957,35.6,2,1446,41.0783,41,41.8783,41.8783,141.655,1.0467,0.00996677,11.8225,0.000581776,0.00239236,0.0282836
24.86,0.4,0.000581776,11.8673,2.34756,35.6,2,1446,41.28,41.1636,42.0012,42.0436,141.892,1.04907,0.0100147,11.8673,0.000581776,0.00240143,0.0284984
24.88,0.4,0.000581776,11.9115,2.39937,35.6,2,1446,41.3967,41.3189,42.1567,42.3155,142.13,1.05145,0.0100628,11.9115,0.000581776,0.00241037,0.0287111
24.9,0.4,0.000581776,11.967,2.42448,35.6,2,1446,41.48,41.4017,42.3604,42.4804,142.368,1.05386,0.0101111,11.967,0.000581776,0.00242161,0.0289795
24.92,0.4,0.000581776,12.0223,2.41229,35.6,2,1446,41.6459,41.722,42.5259,42.52,142.608,1.05629,0.0101597,12.0223,0.000581776,0.0024328,0.0292478
24.94,0.4,0.000581776,12.066,2.37912,35.6,2,1446,41.8036,41.7654,42.8091,42.6436,142.849,1.05875,0.0102084,12.066,0.000581776,0.00244165,0.029461
24.96,0.4,0.000581776,12.1109,2.35367,35.6,2,1446,41.88,42.0386,42.9604,42.7993,143.091,1.06122,0.0102574,12.1109,0.000581776,0.00245073,0.0296807
24.98,0.4,0.000581776,12.1564,2.35492,35.6,2,1446,42.1631,42.2016,43.0063,43.0047,143.334,1.06372,0.0103065,12.1564,0.000581776,0.00245993,0.0299039
25,0.4,0.000581776,12.2008,2.38241,35.6,2,1446,42.3188,42.3582,43.2782,43.1594,143.577,1.06623,0.0103558,12.2008,0.000581776,0.00246892,0.0301229
25.02,0.4,0.000581776,12.2453,2.41627,35.6,2,1446,42.5628,42.4828,43.3214,43.3642,143.822,1.06877,0.0104052,12.2453,0.000581776,0.00247792,0.0303428
25.04,0.4,0.000581776,12.301,2.42787,35.6,2,1446,42.6792,42.6385,43.4777,43.48,144.067,1.07133,0.0104549,12.301,0.000581776,0.0024892,0.0306198
25.06,0.4,0.000581776,12.3562,2.40254,35.6,2,1446,42.8824,42.8012,43.76,43.76,144.314,1.07391,0.0105048,12.3562,0.000581776,0.00250036,0.030895
25.08,0.4,0.000581776,12.4005,2.35322,35.6,2,1446,42.8822,42.9567,43.7989,43.76,144.561,1.07652,0.0105549,12.4005,0.000581776,0.00250934,0.0311172
25.1,0.4,0.000581776,12.4451,2.3082,35.6,2,1446,43.1216,43.1608,44.084,43.8456,144.81,1.07915,0.0106052,12.4451,0.000581776,0.00251835,0.031341
25.12,0.4,0.000581776,12.4896,2.2901,35.6,2,1446,43.278,43.356,44.319,44.3151,145.059,1.0818,0.0106556,12.4896,0.000581776,0.00252736,0.0315658
25.14,0.4,0.000581776,12.5336,2.30684,35.6,2,1446,43.4389,43.4796,44.24,44.4,145.309,1.08447,0.0107063,12.5336,0.000581776,0.00253627,0.0317887
25.16,0.4,0.000581776,12.5784,2.35078,35.6,2,1446,43.6438,43.68,44.4877,44.4851,145.56,1.08717,0.0107571,12.5784,0.000581776,0.00254532,0.032016
25.18,0.4,0.000581776,12.6224,2.39917,35.6,2,1446,43.8463,43.7642,44.7621,44.7663,145.812,1.08988,0.0108081,12.6224,0.000581776,0.00255422,0.0322403
25.2,0.4,0.000581776,12.6779,2.42359,35.6,2,1446,43.96,43.96,44.76,44.92,146.065,1.09262,0.0108593,12.6779,0.000581776,0.00256547,0.0325249
25.22,0.4,0.000581776,12.7335,2.41137,35.6,2,1446,44.2421,44.1221,45.0421,45.2021,146.319,1.09539,0.0109107,12.7335,0.000581776,0.00257671,0.0328105
25.24,0.4,0.000581776,12.7774,2.37768,35.6,2,1446,44.2426,44.2451,45.0902,45.2,146.574,1.09818,0.0109623,12.7774,0.000581776,0.00258559,0.0330371
25.26,0.4,0.000581776,12.8223,2.35132,35.6,2,1446,44.4015,44.4411,45.3618,45.3618,146.83,1.10099,0.0110141,12.8223,0.000581776,0.00259468,0.0332697
25.28,0.4,0.000581776,12.8675,2.35219,35.6,2,1446,44.56,44.64,45.6344,45.64,147.087,1.10383,0.0110661,12.8675,0.000581776,0.00260383,0.0335048
25.3,0.4,0.000581776,12.9118,2.38049,35.6,2,1446,44.7165,44.7182,45.5191,45.64,147.345,1.10669,0.0111183,12.9118,0.000581776,0.00261279,0.0337358
25.32,0.4,0.000581776,12.9563,2.41642,35.6,2,1446,44.9234,45.04,45.8023,45.8011,147.604,1.10957,0.0111706,12.9563,0.000581776,0.00262181,0.033969
25.34,0.4,0.000581776,13.0117,2.43057,35.6,2,1446,45.1642,45.0463,45.9621,45.9621,147.863,1.11248,0.0112232,13.0117,0.000581776,0.00263301,0.03426
25.36,0.4,0.000581776,13.0666,2.40622,35.6,2,1446,45.3198,45.2398,46.1197,46.1596,148.124,1.11541,0.0112759,13.0666,0.000581776,0.00264411,0.0345495
25.38,0.4,0.000581776,13.1119,2.3535,35.6,2,1446,45.4063,45.3616,46.3631,46.3647,148.386,1.11837,0.0113289,13.1119,0.000581776,0.0026533,0.0347899
25.4,0.4,0.000581776,13.1563,2.29881,35.6,2,1446,45.5209,45.5173,46.5182,46.5191,148.649,1.12135,0.0113821,13.1563,0.000581776,0.00266227,0.0350256
25.42,0.4,0.000581776,13.2007,2.26525,35.6,2,1446,45.6833,45.7233,46.8433,46.6411,148.912,1.12436,0.0114354,13.2007,0.000581776,0.00267125,0.0352623
25.44,0.4,0.000581776,13.2456,2.26484,35.6,2,1446,45.8414,45.8841,46.84,46.8441,149.177,1.12739,0.0114889,13.2456,0.000581776,0.00268035,0.0355029
25.46,0.4,0.000581776,13.2894,2.29932,35.6,2,1446,45.9969,46.039,46.9569,46.96,149.442,1.13045,0.0115426,13.2894,0.000581776,0.00268921,0.0357382
25.48,0.4,0.000581776,13.333,2.35817,35.6,2,1446,46.1643,46.2811,47.1621,47.1232,149.708,1.13353,0.0115965,13.333,0.000581776,0.00269802,0.0359726
25.5,0.4,0.000581776,13.3776,2.41521,35.6,2,1446,46.439,46.32,47.24,47.3987,149.975,1.13663,0.0116505,13.3776,0.000581776,0.00270705,0.0362137
25.52,0.4,0.000581776,13.4347,2.43811,35.6,2,1446,46.4853,46.4467,47.4053,47.64,150.243,1.13976,0.0117048,13.4347,0.000581776,0.0027186,0.0365234
25.54,0.4,0.000581776,13.4903,2.41262,35.6,2,1446,46.84,46.7952,47.4864,47.6448,150.513,1.14292,0.0117592,13.4903,0.000581776,0.00272986,0.0368267
25.56,0.4,0.000581776,13.534,2.35524,35.6,2,1446,46.7614,46.7979,47.915,47.7993,150.783,1.14611,0.0118139,13.534,0.000581776,0.0027387,0.0370655
25.58,0.4,0.000581776,13.5782,2.29762,35.6,2,1446,46.9638,46.9628,48.1581,48.0009,151.054,1.14932,0.0118688,13.5782,0.000581776,0.00274765,0.0373082
25.6,0.4,0.000581776,13.6225,2.26389,35.6,2,1446,47.12,47.1672,48.0496,48.2024,151.326,1.15255,0.0119239,13.6225,0.000581776,0.00275661,0.0375519
25.62,0.4,0.000581776,13.6668,2.26377,35.6,2,1446,47.1608,47.4398,48.4006,48.3202,151.599,1.15582,0.0119791,13.6668,0.000581776,0.00276558,0.0377966
25.64,0.4,0.000581776,13.712,2.29622,35.6,2,1446,47.5614,47.4455,48.5186,48.4814,151.873,1.1591,0.0120345,13.712,0.000581776,0.00277472,0.038047
25.66,0.497472,0.000723544,13.7559,2.35067,35.6,2,1446,47.717,47.717,48.558,48.676,152.147,1.16242,0.0120935,13.7559,0.000723544,0.00346192,0.0476218
25.68,0.5,0.000727221,13.8002,2.40469,35.6,2,1446,47.8798,47.7599,48.9597,48.8399,152.423,1.16576,0.0121663,13.8002,0.000727221,0.0034907,0.0481723
25.7,0.5,0.000727221,13.8558,2.43072,35.6,2,1446,47.9244,47.9244,49.0488,49.0088,152.699,1.16913,0.0122363,13.8558,0.000727221,0.00350477,0.0485615
25.72,0.500047,0.000727289,13.9113,2.41671,35.6,2,1446,48.16,48.16,49.4399,49.2799,152.977,1.17254,0.0123065,13.9113,0.000727289,0.00351915,0.0489559
25.74,0.5,0.000727221,13.9565,2.37906,35.6,2,1446,48.36,48.3632,49.0379,49.0389,153.256,1.17598,0.0123771,13.9565,0.000727221,0.00353023,0.0492696
25.76,0.506183,0.000736213,14.0003,2.3489,35.6,2,1446,48.48,48.5274,49.3571,49.3047,153.535,1.17945,0.012448,14.0003,0.000736213,0.00358511,0.0501927
25.78,0.5,0.000727221,14.0445,2.34762,35.6,2,1446,48.5608,48.6402,50.0792,50.0008,153.816,1.18295,0.0125198,14.0445,0.000727221,0.00355251,0.0498933
25.8,0.6,0.000872665,14.09,2.37482,35.6,2,1446,48.8853,48.7271,49.6836,49.9929,154.097,1.18648,0.0125943,14.09,0.000872665,0.00427682,0.0602605
25.82,0.501476,0.000729367,14.1342,2.4098,35.6,2,1446,49.1182,48.9982,50.1147,49.9582,154.379,1.19005,0.0126801,14.1342,0.000729367,0.00358574,0.0506815
25.84,0.501032,0.000728721,14.1896,2.42382,35.6,2,1446,49.2008,49.1208,50.1608,50.24,154.662,1.19365,0.0127484,14.1896,0.000728721,0.0035966,0.0510342
25.86,0.594754,0.000865035,14.2446,2.40217,35.6,2,1446,49.2821,49.2884,50.4105,50.2821,154.947,1.19729,0.0128238,14.2446,0.000865035,0.00428593,0.0610513
25.88,0.6,0.000872665,14.2888,2.35687,35.6,2,1446,49.4396,49.5198,50.4804,50.3998,155.232,1.20096,0.0129132,14.2888,0.000872665,0.00433717,0.061973
25.9,0.503989,0.000733022,14.3342,2.31511,35.6,2,1446,49.6016,49.6448,50.4512,50.4848,155.518,1.20467,0.0129968,14.3342,0.000733022,0.00365471,0.0523874
25.92,0.502183,0.000730395,14.3785,2.29941,35.6,2,1446,49.6791,49.8383,50.7983,50.7174,155.805,1.20841,0.0130665,14.3785,0.000730395,0.00365288,0.052523
25.94,0.6,0.000872665,14.4225,2.31806,35.6,2,1446,49.9997,49.9199,50.7999,50.9198,156.093,1.21218,0.0131431,14.4225,0.000872665,0.00437775,0.0631383
25.96,0.595983,0.000866822,14.4676,2.36311,35.6,2,1446,50.1216,50.0816,51.2048,51.1616,156.382,1.21599,0.0132343,14.4676,0.000866822,0.00436202,0.0631077
25.98,0.598133,0.000869949,14.5117,2.41061,35.6,2,1446,50.2778,50.2378,51.2415,51.357,156.672,1.21984,0.0133216,14.5117,0.000869949,0.00439112,0.0637226
26,0.6,0.000872665,14.5675,2.43027,35.2,2,1446,50.3213,50.4013,51.5226,51.5207,156.963,1.22373,0.0134097,14.5675,0.000872665,0.00442175,0.0644138
26.02,0.503727,0.000732642,14.6228,2.40712,34.8149,2,1446,50.554,50.557,51.5645,51.5215,157.254,1.22765,0.0134948,14.6228,0.000732642,0.00372635,0.0544896
26.04,0.5,0.000727221,14.6673,2.35421,34.8,2,1446,50.6437,50.8024,51.5673,51.7249,157.547,1.23162,0.0135657,14.6673,0.000727221,0.00371004,0.0544162
26.06,0.5,0.000727221,14.7116,2.30006,34.8,2,1446,50.8772,50.9972,51.9953,51.9972,157.841,1.23561,0.0136399,14.7116,0.000727221,0.00372126,0.0547458
26.08,0.5,0.000727221,14.7561,2.26808,34.7926,2,1446,51.0815,51.0422,52.0422,52.1229,158.136,1.23964,0.0137144,14.7561,0.000727221,0.0037325,0.0550771
26.1,0.5,0.000727221,14.8006,2.26889,34.4,2,1446,51.2378,51.1989,52.3545,52.4356,158.431,1.24371,0.0137892,14.8006,0.000727221,0.00374376,0.0554099
26.12,0.5,0.000727221,14.845,2.30235,34,2,1446,51.4009,51.3605,52.4428,52.4805,158.728,1.24781,0.0138642,14.845,0.000727221,0.00375498,0.0557425
26.14,0.5,0.000727221,14.8901,2.35794,34,2,1446,51.4818,51.5218,52.8437,52.6837,159.025,1.25194,0.0139394,14.8901,0.000727221,0.00376641,0.0560823
26.16,0.5,0.000727221,14.934,2.41319,34,2,1446,51.6389,51.6393,52.7614,52.8393,159.323,1.25611,0.0140149,14.934,0.000727221,0.0037775,0.0564133
26.18,0.5,0.000727221,14.9894,2.44012,34,2,1446,51.8006,51.8794,52.9222,52.9211,159.623,1.26031,0.0140905,14.9894,0.000727221,0.00379152,0.0568328
26.2,0.5,0.000727221,15.0446,2.42394,34,2,1446,51.8864,52.0021,53.1179,53.1221,159.923,1.26455,0.0141665,15.0446,0.000727221,0.00380547,0.0572517
26.22,0.5,0.000727221,15.0888,2.3742,34,2,1446,52.1192,52.1195,53.1197,53.2792,160.224,1.26884,0.0142427,15.0888,0.000727221,0.00381666,0.0575889
26.24,0.5,0.000727221,15.1338,2.31237,34,2,1446,52.2803,52.2003,53.4,53.4001,160.526,1.27315,0.0143192,15.1338,0.000727221,0.00382805,0.057933
26.26,0.5,0.000727221,15.1776,2.25202,34,2,1446,52.44,52.36,53.5688,53.4453,160.829,1.2775,0.0143959,15.1776,0.000727221,0.00383913,0.058269
26.28,0.5,0.000727221,15.2219,2.19325,34,2,1446,52.4794,52.4783,53.9966,53.6389,161.133,1.28189,0.0144727,15.2219,0.000727221,0.00385033,0.0586093
26.3,0.5,0.000727221,15.2674,2.13061,34.0123,2,1446,52.6412,52.6837,53.7212,53.8037,161.438,1.28632,0.0145499,15.2674,0.000727221,0.00386183,0.05896
26.32,0.5,0.000727221,15.3117,2.06529,34.0144,2,1446,52.7571,52.8,54.0299,54.0357,161.744,1.29078,0.0146272,15.3117,0.000727221,0.00387303,0.0593024
26.34,0.5,0.000727221,15.3555,2.01295,34.4,2,1446,52.9253,53,54.1547,54.2026,162.051,1.29527,0.0147048,15.3555,0.000727221,0.00388411,0.0596423
26.36,0.498493,0.000725028,15.389,1.99688,34,2,1446,53.1612,53.0812,54.2436,54.4018,162.358,1.29981,0.0147825,15.389,0.000725028,0.00388087,0.0597229
26.38,0.4,0.000581776,15.4223,2.02706,34,2,1446,53.282,53.2441,54.5282,54.68,162.666,1.30437,0.0148563,15.4223,0.000581776,0.00312082,0.0481302
26.4,0.4,0.000581776,15.4667,2.08774,34,2,1446,53.4394,53.32,54.7994,54.6402,162.975,1.30897,0.014915,15.4667,0.000581776,0.0031298,0.0484077
26.42,0.4,0.000581776,15.5122,2.15017,34,2,1446,53.4857,53.6019,54.8705,54.8019,163.285,1.3136,0.0149777,15.5122,0.000581776,0.00313901,0.048693
26.44,0.4,0.000581776,15.5563,2.193,34,2,1446,53.7173,53.7182,54.7191,54.9573,163.595,1.31826,0.0150405,15.5563,0.000581776,0.00314793,0.0489701
26.46,0.4,0.000581776,15.6004,2.20759,34.0086,2,1446,53.7609,53.8826,55.1183,55.0417,163.907,1.32296,0.0151036,15.6004,0.000581776,0.00315686,0.0492483
26.48,0.4,0.000581776,15.6446,2.19212,34,2,1446,54.0044,54.0022,55.1244,55.1688,164.219,1.32769,0.0151668,15.6446,0.000581776,0.0031658,0.0495278
26.5,0.4,0.000581776,15.6889,2.14828,34,2,1446,54.2,54.16,55.44,55.44,164.533,1.33245,0.0152302,15.6889,0.000581776,0.00317476,0.0498084
26.52,0.4,0.000581776,15.7344,2.08543,34,2,1446,54.3234,54.2434,55.4851,55.4434,164.847,1.33725,0.0152938,15.7344,0.000581776,0.00318397,0.050098
26.54,0.4,0.000581776,15.7791,2.02664,34,2,1446,54.3607,54.4015,55.76,55.6793,165.162,1.34208,0.0153575,15.7791,0.000581776,0.00319301,0.0503828
26.56,0.4,0.000581776,15.8113,2.00206,34,2,1446,54.5161,54.5187,55.6439,55.6787,165.478,1.34694,0.0154215,15.8113,0.000581776,0.00319952,0.0505885
26.58,0.4,0.000581776,15.8446,2.02616,34.0013,2,1446,54.68,54.7203,55.9205,56.0003,165.794,1.35183,0.0154856,15.8446,0.000581776,0.00320626,0.0508018
26.6,0.4,0.000581776,15.8888,2.08372,34.4,2,1446,54.8073,54.8837,56.08,56.1218,166.112,1.35675,0.0155498,15.8888,0.000581776,0.00321522,0.051086
26.62,0.4,0.000581776,15.9331,2.14317,34.0071,2,1446,55.0386,54.96,56.1586,56.3171,166.43,1.36171,0.0156142,15.9331,0.000581776,0.00322417,0.0513711
26.64,0.4,0.000581776,15.9785,2.1787,34,2,1446,55.1646,55.0435,56.4046,56.4388,166.749,1.3667,0.0156787,15.9785,0.000581776,0.00323337,0.0516644
26.66,0.4,0.000581776,16.0227,2.17903,34,2,1446,55.3589,55.2768,56.7157,56.4779,167.069,1.37173,0.0157435,16.0227,0.000581776,0.0032423,0.0519503
26.68,0.5,0.000727221,16.067,2.14514,34,2,1446,55.3215,55.441,56.7585,56.641,167.39,1.37679,0.0158125,16.067,0.000727221,0.0040641,0.0652981
26.7,0.5,0.000727221,16.1115,2.08894,34.4,2,1446,55.6,55.6024,56.7744,56.7624,167.711,1.3819,0.0158979,16.1115,0.000727221,0.00407534,0.0656596
26.72,0.6,0.000872665,16.1559,2.03448,34,2,1446,55.6006,55.7613,57.0397,56.921,168.034,1.38704,0.0159836,16.1559,0.000872665,0.0049039,0.079227
26.74,0.6,0.000872665,16.1894,2.01075,34.3888,2,1446,55.9222,55.8422,57.0056,57.1645,168.358,1.39223,0.0160859,16.1894,0.000872665,0.00491406,0.0795556
26.76,0.6,0.000872665,16.2225,2.03119,34,2,1446,56.0775,55.9588,57.2388,57.3588,168.682,1.39746,0.0161843,16.2225,0.000872665,0.00492411,0.0798815
26.78,0.6,0.000872665,16.2667,2.08086,34,2,1446,56.16,56.12,57.48,57.4,169.007,1.40273,0.0162829,16.2667,0.000872665,0.00493753,0.0803174
26.8,0.6,0.000872665,16.311,2.12874,34,2,1446,56.28,56.2438,57.6725,57.6419,169.332,1.40805,0.0163818,16.311,0.000872665,0.00495098,0.0807557
26.82,0.6,0.000872665,16.3554,2.14926,34,2,1446,56.3978,56.3985,57.5593,57.7193,169.659,1.41342,0.016481,16.3554,0.000872665,0.00496443,0.0811951
26.84,0.6,0.000872665,16.4003,2.13253,34,2,1446,56.5597,56.5998,57.959,57.8395,169.986,1.41883,0.0165804,16.4003,0.000872665,0.00497809,0.0816424
26.86,0.6,0.000872665,16.4453,2.08639,34.3832,2,1446,56.645,56.7617,58.005,58.005,170.315,1.42429,0.0166801,16.4453,0.000872665,0.00499175,0.082091
26.88,0.698485,0.00101591,16.4895,2.03637,34,2,1446,56.9176,56.8788,58.2776,58.1988,170.644,1.4298,0.0167841,16.4895,0.00101591,0.00582672,0.09608
26.9,0.7,0.00101811,16.5225,2.01489,34,2,1446,57.0421,57.0007,58.3628,58.2807,170.974,1.43536,0.016905,16.5225,0.00101811,0.00585101,0.0966731
26.92,0.694922,0.00101072,16.5558,2.03784,34,2,1446,57.2,57.162,58.6298,58.4441,171.305,1.44098,0.017022,16.5558,0.00101072,0.00582027,0.096359
26.94,0.6,0.000872665,16.6005,2.0915,34,2,1446,57.245,57.2466,58.37,58.6033,171.636,1.44664,0.0171344,16.6005,0.000872665,0.00503884,0.0836471
26.96,0.6,0.000872665,16.6452,2.14636,34,2,1446,57.3994,57.4788,58.6788,58.7982,171.969,1.45235,0.0172313,16.6452,0.000872665,0.0050524,0.084098
26.98,0.50238,0.000730682,16.6895,2.17855,34,2,1446,57.5229,57.5619,58.8029,59.0029,172.302,1.45811,0.0173283,16.6895,0.000730682,0.00424163,0.0707906
27,0.6,0.000872665,16.7339,2.17723,34,2,1446,57.7179,57.6789,59.1147,59.2368,172.636,1.46392,0.0174133,16.7339,0.000872665,0.00507935,0.0849975
27.02,0.6,0.000872665,16.7784,2.1424,34,2,1446,57.961,57.802,59.2459,59.162,172.971,1.46977,0.0175191,16.7784,0.000872665,0.00509285,0.0854501
27.04,0.6,0.000872665,16.8229,2.08513,34,2,1446,58.0397,57.999,59.599,59.2797,173.307,1.47567,0.0176211,16.8229,0.000872665,0.00510636,0.0859039
27.06,0.6,0.000872665,16.8674,2.02977,34.0147,2,1446,58.1229,58.1615,59.3259,59.4444,173.644,1.48162,0.0177234,16.8674,0.000872665,0.00511987,0.0863592
27.08,0.6,0.000872665,16.9003,2.00618,34.4,2,1446,58.2782,58.3174,59.6365,59.56,173.982,1.48763,0.0178259,16.9003,0.000872665,0.00512986,0.0866963
27.1,0.6,0.000872665,16.934,2.02889,34,2,1446,58.3635,58.5223,59.7223,59.7635,174.32,1.49368,0.0179286,16.934,0.000872665,0.00514006,0.0870417
27.12,0.6,0.000872665,16.9782,2.0844,34,2,1446,58.6337,58.6384,59.9921,59.9953,174.659,1.49977,0.0180315,16.9782,0.000872665,0.00515348,0.0874965
27.14,0.6,0.000872665,17.022,2.14343,34,2,1446,58.8378,58.6789,60.0389,60.08,174.999,1.50592,0.0181347,17.022,0.000872665,0.0051668,0.0879494
27.16,0.6,0.000872665,17.0671,2.18119,34.3882,2,1446,58.92,58.92,60.5141,60.2012,175.34,1.51212,0.0182382,17.0671,0.000872665,0.00518048,0.0884159
27.18,0.6,0.000872665,17.1114,2.18524,34,2,1446,58.9671,58.9671,60.2095,60.3671,175.682,1.51837,0.0183419,17.1114,0.000872665,0.00519392,0.0888752
27.2,0.6,0.000872665,17.1558,2.15391,34.0037,2,1446,59.1598,59.2402,60.5202,60.5206,176.024,1.52467,0.018446,17.1558,0.000872665,0.00520739,0.0893367
27.22,0.6,0.000872665,17.201,2.09619,34,2,1446,59.2464,59.3232,60.5248,60.7232,176.368,1.53103,0.0185502,17.201,0.000872665,0.00522112,0.0898086
27.24,0.6,0.000872665,17.2449,2.03354,34,2,1446,59.48,59.4427,60.8,60.84,176.712,1.53743,0.0186548,17.2449,0.000872665,0.00523446,0.0902679
27.26,0.6,0.000872665,17.2779,1.99188,34,2,1446,59.6018,59.5606,60.9629,60.8406,177.057,1.54389,0.0187596,17.2779,0.000872665,0.00524447,0.0906135
27.28,0.6,0.000872665,17.3113,1.98136,34,2,1446,59.7956,59.6444,61.2669,60.9622,177.403,1.5504,0.0188646,17.3113,0.000872665,0.00525459,0.0909636
27.3,0.6,0.000872665,17.3557,1.98734,34,2,1446,59.72,59.7999,61,61.1598,177.75,1.55696,0.0189698,17.3557,0.000872665,0.00526808,0.0914312
27.32,0.6,0.000872665,17.4001,1.98947,34,2,1446,60,60.0042,61.36,61.3304,178.097,1.56357,0.0190753,17.4001,0.000872665,0.00528156,0.0918998
27.34,0.6,0.000872665,17.444,1.98693,34,2,1446,60,60.1962,61.4375,61.675,178.446,1.57023,0.019181,17.444,0.000872665,0.00529489,0.0923642
27.36,0.6,0.000872665,17.4778,1.99826,34,2,1446,60.3202,60.2404,61.76,61.7596,178.795,1.57695,0.0192871,17.4778,0.000872665,0.00530515,0.0927225
27.38,0.595258,0.000865768,17.5121,2.03724,34,2,1446,60.4819,60.3657,61.9676,61.7676,179.145,1.58372,0.0193931,17.5121,0.000865768,0.00527352,0.0923502
27.4,0.597615,0.000869196,17.5563,2.09614,34,2,1446,60.6371,60.5581,62.12,61.9981,179.495,1.59054,0.0194986,17.5563,0.000869196,0.00530777,0.0931846
27.42,0.6,0.000872665,17.6006,2.15446,34,2,1446,60.6439,60.6829,62.0058,62.0819,179.847,1.59741,0.0196051,17.6006,0.000872665,0.00534242,0.0940299
27.44,0.6,0.000872665,17.6455,2.19657,34,2,1446,60.8414,60.9614,62.2814,62.3242,180.199,1.60434,0.0197121,17.6455,0.000872665,0.00535605,0.0945105
27.46,0.6,0.000872665,17.6893,2.21708,34,2,1446,60.9576,61.0388,62.4365,62.5953,180.552,1.61132,0.0198194,17.6893,0.000872665,0.00536932,0.0949794
27.48,0.6,0.000872665,17.7335,2.21578,34,2,1446,61.201,61.161,62.6013,62.759,180.907,1.61836,0.0199269,17.7335,0.000872665,0.00538274,0.0954546
27.5,0.6,0.000872665,17.7777,2.19292,34,2,1446,61.3656,61.2837,63.0074,62.7237,181.262,1.62546,0.0200347,17.7777,0.000872665,0.00539616,0.0959314
27.52,0.6,0.000872665,17.822,2.14951,34,2,1446,61.5193,61.4386,62.885,62.8786,181.618,1.63261,0.0201428,17.822,0.000872665,0.00540962,0.0964103
27.54,0.6,0.000872665,17.8666,2.0923,34,2,1446,61.5261,61.5261,63.0041,63.042,181.974,1.63981,0.0202511,17.8666,0.000872665,0.00542316,0.0968936
27.56,0.6,0.000872665,17.911,2.03877,34,2,1446,61.64,61.7997,63.08,63.1599,182.332,1.64708,0.0203597,17.911,0.000872665,0.00543662,0.0973752
27.58,0.6,0.000872665,17.9447,2.01119,34,2,1446,61.8046,61.9212,63.2435,63.36,182.691,1.6544,0.0204685,17.9447,0.000872665,0.00544686,0.0977425
27.6,0.6,0.000872665,17.9782,2.01716,34,2,1446,62.0072,62.0048,63.4144,63.3224,183.05,1.66177,0.0205776,17.9782,0.000872665,0.00545701,0.0981071
27.62,0.6,0.000872665,18.0225,2.03869,34,2,1446,62.2405,62.081,63.798,63.481,183.41,1.6692,0.0206869,18.0225,0.000872665,0.00547048,0.0985918
27.64,0.6,0.000872665,18.0676,2.04797,34,2,1446,62.3187,62.2425,63.5263,63.6425,183.77,1.67668,0.0207964,18.0676,0.000872665,0.00548416,0.0990855
27.66,0.6,0.000872665,18.1115,2.03309,34,2,1446,62.3968,62.4368,63.8758,63.8368,184.132,1.68422,0.0209062,18.1115,0.000872665,0.00549747,0.0995672
27.68,0.6,0.000872665,18.1556,2.00852,34,2,1446,62.4803,62.6405,64.0006,64.1606,184.495,1.69182,0.0210163,18.1556,0.000872665,0.00551088,0.100053
27.7,0.6,0.000872665,18.1889,2.00292,34.381,2,1446,62.7238,62.76,64.2819,64.2762,184.858,1.69948,0.0211266,18.1889,0.000872665,0.00552097,0.10042
27.72,0.6,0.000872665,18.2221,2.03353,34,2,1446,62.9181,62.7994,64.4775,64.3181,185.222,1.7072,0.0212372,18.2221,0.000872665,0.00553106,0.100788
27.74,0.6,0.000872665,18.2673,2.09164,34,2,1446,63.0817,63.0017,64.6375,64.52,185.587,1.71497,0.0213479,18.2673,0.000872665,0.00554477,0.101288
27.76,0.6,0.000872665,18.3112,2.15434,34,2,1446,63.1644,63.1644,64.6488,64.6888,185.953,1.72279,0.0214589,18.3112,0.000872665,0.0055581,0.101775
27.78,0.6,0.000872665,18.3558,2.20366,34,2,1446,63.3187,63.3581,64.7606,64.9581,186.319,1.73068,0.0215702,18.3558,0.000872665,0.00557164,0.102272
27.8,0.6,0.000872665,18.4007,2.23222,34,2,1446,63.3981,63.5172,64.8362,65.0781,186.687,1.73863,0.0216818,18.4007,0.000872665,0.00558526,0.102773
27.82,0.6,0.000872665,18.4451,2.23897,34,2,1446,63.6422,63.5633,65.0843,65.08,187.055,1.74664,0.0217936,18.4451,0.000872665,0.00559874,0.103269
27.84,0.6,0.000872665,18.4901,2.22478,34.3824,2,1446,63.8453,63.8018,65.4382,65.1218,187.424,1.75471,0.0219057,18.4901,0.000872665,0.0056124,0.103774
27.86,0.6,0.000872665,18.534,2.19068,34,2,1446,63.96,63.84,65.2429,65.2778,187.794,1.76284,0.0220181,18.534,0.000872665,0.00562573,0.104267
27.88,0.6,0.000872665,18.5783,2.1389,34,2,1446,64.0031,64.0431,65.601,65.4831,188.166,1.77103,0.0221308,18.5783,0.000872665,0.00563917,0.104766
27.9,0.6,0.000872665,18.6225,2.07728,34,2,1446,64.16,64.2071,65.6471,65.6494,188.537,1.77928,0.0222437,18.6225,0.000872665,0.00565259,0.105265
27.92,0.6,0.000872665,18.6669,2.02459,34,2,1446,64.2799,64.4399,65.8,65.9199,188.91,1.7876,0.0223569,18.6669,0.000872665,0.00566607,0.105768
27.94,0.6,0.000872665,18.7006,2.00534,34,2,1446,64.5245,64.4815,66.0845,65.8845,189.284,1.79597,0.0224703,18.7006,0.000872665,0.00567628,0.10615
27.96,0.6,0.000872665,18.734,2.03062,34,2,1446,64.6793,64.5986,66.0821,66.0393,189.658,1.80441,0.0225839,18.734,0.000872665,0.00568644,0.10653
27.98,0.6,0.000872665,18.7783,2.08557,34,2,1446,64.761,64.761,66.2031,66.2031,190.033,1.8129,0.0226978,18.7783,0.000872665,0.0056999,0.107035
28,0.6,0.000872665,18.8228,2.14102,34,2,1446,64.9165,64.8388,66.32,66.3977,190.409,1.82145,0.0228119,18.8228,0.000872665,0.00571339,0.107542
28.02,0.6,0.000872665,18.8672,2.17354,34,2,1446,64.9236,65.1209,66.5618,66.68,190.786,1.83007,0.0229263,18.8672,0.000872665,0.00572688,0.10805
28.04,0.6,0.000872665,18.912,2.17298,34,2,1446,65.1617,65.1612,66.7235,66.6406,191.164,1.83875,0.023041,18.912,0.000872665,0.00574046,0.108564
28.06,0.6,0.000872665,18.9555,2.1402,34,2,1446,65.404,65.324,67.1119,66.8461,191.542,1.8475,0.0231559,18.9555,0.000872665,0.00575366,0.109063
28.08,0.6,0.000872665,18.9997,2.0858,34,2,1446,65.48,65.4393,66.842,66.9993,191.922,1.85631,0.0232711,18.9997,0.000872665,0.00576709,0.109573
28.1,0.6,0.000872665,19.0453,2.03237,34,2,1446,65.566,65.6445,67.1615,67.2045,192.302,1.86518,0.0233866,19.0453,0.000872665,0.00578092,0.110099
28.12,0.6,0.000872665,19.0781,2.00862,34,2,1446,65.72,65.8759,67.2773,67.4359,192.683,1.87412,0.0235023,19.0781,0.000872665,0.00579088,0.110479
28.14,0.6,0.000872665,19.1114,2.02939,34,2,1446,65.8808,66.0397,67.4411,67.48,193.065,1.88312,0.0236183,19.1114,0.000872665,0.00580098,0.110865
28.16,0.6,0.000872665,19.1565,2.08279,34,2,1446,66.0852,66.0452,67.8435,67.5252,193.447,1.89218,0.0237344,19.1565,0.000872665,0.00581467,0.111388
28.18,0.6,0.000872665,19.2008,2.1432,34,2,1446,66.3174,66.16,67.6852,67.6791,193.831,1.9013,0.0238508,19.2008,0.000872665,0.00582812,0.111904
28.2,0.6,0.000872665,19.2454,2.19209,34,2,1446,66.3616,66.3616,67.9216,67.9232,194.215,1.91049,0.0239675,19.2454,0.000872665,0.00584166,0.112425
28.22,0.6,0.000872665,19.2898,2.22354,34,2,1446,66.4791,66.5187,67.96,68.1582,194.6,1.91975,0.0240845,19.2898,0.000872665,0.00585514,0.112945
28.24,0.6,0.000872665,19.3337,2.23828,34,2,1446,66.5599,66.6799,68.2398,68.2801,194.987,1.92908,0.0242017,19.3337,0.000872665,0.00586846,0.113459
28.26,0.6,0.000872665,19.3786,2.23747,34,2,1446,66.8448,66.8016,68.5632,68.2432,195.374,1.93847,0.0243192,19.3786,0.000872665,0.0058821,0.113987
28.28,0.6,0.000872665,19.423,2.22052,34,2,1446,67.0388,66.8794,68.4825,68.3988,195.761,1.94793,0.024437,19.423,0.000872665,0.00589557,0.11451
28.3,0.6,0.000872665,19.4674,2.18585,34,2,1446,67.1586,67.1214,68.6042,68.6042,196.15,1.95745,0.0245551,19.4674,0.000872665,0.00590905,0.115034
28.32,0.6,0.000872665,19.5117,2.13373,34,2,1446,67.1977,67.2766,68.72,68.7977,196.54,1.96704,0.0246734,19.5117,0.000872665,0.00592251,0.115558
28.34,0.6,0.000872665,19.5559,2.07149,34,2,1446,67.3202,67.4404,69,69.1998,196.93,1.97671,0.024792,19.5559,0.000872665,0.00593591,0.116082
28.36,0.6,0.000872665,19.5999,2.0182,34,2,1446,67.4891,67.5236,69.2127,69.0418,197.322,1.98643,0.0249108,19.5999,0.000872665,0.00594928,0.116606
28.38,0.6,0.000872665,19.6332,1.99853,34,2,1446,67.799,67.6793,69.361,69.199,197.714,1.99623,0.0250299,19.6332,0.000872665,0.00595938,0.117002
28.4,0.6,0.000872665,19.6675,2.02382,34,2,1446,67.92,67.8013,69.2453,69.3227,198.107,2.00609,0.0251492,19.6675,0.000872665,0.0059698,0.117411
28.42,0.6,0.000872665,19.7117,2.08117,34,2,1446,67.92,67.9568,69.4779,69.5168,198.501,2.01602,0.0252687,19.7117,0.000872665,0.00598321,0.117939
28.44,0.6,0.000872665,19.7558,2.14518,34,2,1446,68.0004,68.1604,69.6801,69.8,198.895,2.02601,0.0253885,19.7558,0.000872665,0.0059966,0.118468
28.46,0.6,0.000872665,19.8,2.19566,34.0187,2,1446,68.1656,68.3181,69.8531,69.7237,199.291,2.03608,0.0255086,19.8,0.000872665,0.00601001,0.118998
28.48,0.6,0.000872665,19.8443,2.22243,34.0031,2,1446,68.4388,68.3991,70.1597,69.8397,199.687,2.04621,0.0256289,19.8443,0.000872665,0.00602345,0.119531
28.5,0.6,0.000872665,19.8898,2.22184,34.0159,2,1446,68.64,68.5616,69.8912,70.1232,200.084,2.05642,0.0257495,19.8898,0.000872665,0.00603726,0.12008
28.52,0.6,0.000872665,19.9342,2.19436,34.0065,2,1446,68.64,68.6393,70.1993,70.3574,200.482,2.0667,0.0258704,19.9342,0.000872665,0.00605075,0.120617
28.54,0.50466,0.000733998,19.9777,2.1442,34,2,1446,68.8763,68.9237,70.4437,70.6,200.881,2.07704,0.0259867,19.9777,0.000733998,0.00510039,0.101894
28.56,0.6,0.000872665,20.0221,2.08131,34,2,1446,68.9196,69.0797,70.6396,70.5203,201.281,2.08746,0.0260889,20.0221,0.000872665,0.00607741,0.121682
28.58,0.6,0.000872665,20.0673,2.02576,34,2,1446,69.2033,69.0833,71.0722,70.64,201.682,2.09794,0.0262154,20.0673,0.000872665,0.00609114,0.122233
28.6,0.606518,0.000882144,20.1002,2.0034,34,2,1446,69.4,69.2078,70.6982,70.8478,202.083,2.10849,0.0263377,20.1002,0.000882144,0.0061674,0.123966
28.62,0.7,0.00101811,20.1336,2.02675,34,2,1446,69.4,69.401,70.999,71.1205,202.486,2.11912,0.0264662,20.1336,0.00101811,0.00712981,0.143549
28.64,0.7,0.00101811,20.1786,2.08235,34,2,1446,69.5617,69.6408,71.0817,71.24,202.889,2.12981,0.0266137,20.1786,0.00101811,0.00714575,0.144192
28.66,0.8,0.00116355,20.2225,2.14302,34,2,1446,69.6824,69.8024,71.2966,71.24,203.292,2.14059,0.0267619,20.2225,0.00116355,0.00818432,0.165507
28.68,0.850237,0.00123662,20.2668,2.18711,34,2,1446,69.8807,69.8402,71.5988,71.2802,203.697,2.15146,0.0269335,20.2668,0.00123662,0.00871732,0.176672
28.7,0.90442,0.00131543,20.3111,2.20389,34,2,1446,70.12,69.9618,71.4524,71.4871,204.103,2.16243,0.0271133,20.3111,0.00131543,0.00929311,0.188753
28.72,1,0.00145444,20.3554,2.18978,34,2,1446,70.12,70.1182,71.7594,71.7976,204.509,2.17349,0.0273071,20.3554,0.00145444,0.0102977,0.209614
28.74,1,0.00145444,20.4006,2.14696,34,2,1446,70.2803,70.3606,71.8009,72.0403,204.917,2.18466,0.0275182,20.4006,0.00145444,0.0103205,0.210544
28.76,1,0.00145444,20.4444,2.08635,34,2,1446,70.3635,70.4818,72.0524,72.0418,205.325,2.19594,0.0277248,20.4444,0.00145444,0.0103427,0.211449
28.78,1,0.00145444,20.4887,2.03069,34,2,1446,70.5981,70.52,72.4781,72.2381,205.734,2.20733,0.0279319,20.4887,0.00145444,0.0103651,0.212367
28.8,0.9,0.001309,20.5227,2.00762,34,2,1446,70.8434,70.68,72.0934,72.3234,206.144,2.21883,0.0281342,20.5227,0.001309,0.00934405,0.191765
28.82,0.9,0.001309,20.5561,2.03055,34,2,1446,70.92,70.8359,72.478,72.5559,206.555,2.23042,0.0283161,20.5561,0.001309,0.00935926,0.19239
28.84,0.9,0.001309,20.6,2.08649,34,2,1446,70.9594,70.9994,72.6768,72.7194,206.966,2.24211,0.0285035,20.6,0.001309,0.00937924,0.193212
28.86,0.8,0.00116355,20.6451,2.14777,34,2,1446,71.0824,71.2412,72.9672,72.68,207.379,2.2539,0.028686,20.6451,0.00116355,0.00835536,0.172497
28.88,0.8,0.00116355,20.6892,2.19181,34,2,1446,71.2759,71.28,73.1614,72.7186,207.792,2.26579,0.0288481,20.6892,0.00116355,0.0083732,0.173234
28.9,0.8,0.00116355,20.7334,2.20755,34,2,1446,71.5599,71.4399,72.7999,73.0398,208.206,2.27777,0.0290157,20.7334,0.00116355,0.00839108,0.173975
28.92,0.8,0.00116355,20.7787,2.19196,34,2,1446,71.6387,71.5627,73.2813,73.364,208.621,2.28985,0.0291837,20.7787,0.00116355,0.00840943,0.174737
28.94,0.7,0.00101811,20.8228,2.14823,34,2,1446,71.7227,71.768,73.48,73.52,209.036,2.30203,0.0293468,20.8228,0.00101811,0.00737386,0.153544
28.96,0.6,0.000872665,20.8671,2.08815,34,2,1446,71.7623,71.9223,73.6046,73.5215,209.453,2.31429,0.0294839,20.8671,0.000872665,0.0063339,0.13217
28.98,0.6,0.000872665,20.9114,2.03441,34,2,1446,72.0495,72.0424,73.901,73.6424,209.871,2.32663,0.0296054,20.9114,0.000872665,0.00634734,0.132731
29,0.6,0.000872665,20.9445,2.01343,34,2,1446,72.3202,72.1602,73.6812,73.8406,210.289,2.33905,0.0297325,20.9445,0.000872665,0.00635742,0.133153
29.02,0.6,0.000872665,20.9789,2.03628,33.9822,2,1446,72.3582,72.2471,73.9236,74.1218,210.708,2.35154,0.0298598,20.9789,0.000872665,0.00636783,0.13359
29.04,0.6,0.000872665,21.0237,2.08819,33.5856,2,1446,72.4029,72.4829,74.12,74.1629,211.128,2.3641,0.0299872,21.0237,0.000872665,0.00638144,0.134161
29.06,0.6,0.000872665,21.0675,2.14132,33.2,2,1446,72.5196,72.6393,74.3975,74.2796,211.549,2.37675,0.030115,21.0675,0.000872665,0.00639474,0.134721
29.08,0.6,0.000872665,21.1119,2.1735,33.2,2,1446,72.7246,72.6835,74.4354,74.2812,211.97,2.38948,0.030243,21.1119,0.000872665,0.0064082,0.135289
29.1,0.6,0.000872665,21.1563,2.17444,33.2,2,1446,72.9971,72.839,74.4751,74.4761,212.393,2.40228,0.0303713,21.1563,0.000872665,0.00642168,0.135859
29.12,0.6,0.000872665,21.2009,2.14416,33.1878,2,1446,73,72.9624,74.6037,74.6473,212.816,2.41517,0.0304999,21.2009,0.000872665,0.00643522,0.136432
29.14,0.6,0.000872665,21.2449,2.09318,32.8,2,1446,73.122,73.162,74.8101,74.924,213.24,2.42815,0.0306287,21.2449,0.000872665,0.00644858,0.137
29.16,0.6,0.000872665,21.2889,2.04324,32.4012,2,1446,73.1999,73.3196,75.3988,75.0798,213.666,2.4412,0.0307578,21.2889,0.000872665,0.00646192,0.137567
29.18,0.6,0.000872665,21.3227,2.01894,32,2,1441.83,73.367,73.3652,75.0383,75.16,214.092,2.45433,0.0308872,21.3227,0.000872665,0.0064722,0.138005
29.2,0.6,0.000872665,21.3565,2.02842,32,2,1438,73.6383,73.48,75.2367,75.3178,214.518,2.46754,0.0310167,21.3565,0.000872665,0.00648245,0.138442
29.22,0.6,0.000872665,21.401,2.05331,31.6,2,1426.35,73.6018,73.6088,75.4835,75.5635,214.946,2.48083,0.0311465,21.401,0.000872665,0.00649596,0.13902
29.24,0.697113,0.00101391,21.445,2.06335,31.6,2,1416.52,73.7565,73.9554,75.5212,75.5623,215.374,2.4942,0.0312818,21.445,0.00101391,0.00756289,0.162186
29.26,0.7,0.00101811,21.4891,2.04019,31.6,2,1402.15,73.7617,73.9204,75.9575,75.6796,215.803,2.50766,0.0314387,21.4891,0.00101811,0.00760982,0.163528
29.28,0.7,0.00101811,21.5333,1.98795,31.6,2,1404.7,74.0074,74.12,75.4912,75.6437,216.233,2.52121,0.0315912,21.5333,0.00101811,0.00762548,0.164202
29.3,0.7,0.00101811,21.5665,1.92498,31.6,2,1370.09,74.2391,74.0014,75.7991,75.8386,216.664,2.53486,0.0317438,21.5665,0.00101811,0.00763725,0.164709
29.32,0.7,0.00101811,21.6007,1.86584,31.2,2,1355.76,74.2412,74.2449,75.9988,76.04,217.095,2.5486,0.0318967,21.6007,0.00101811,0.00764936,0.165232
29.34,0.7,0.00101811,21.6457,1.81504,31.2,2,1343.68,74.32,74.4832,76.056,76.0432,217.527,2.56242,0.0320498,21.6457,0.00101811,0.00766529,0.165921
29.36,0.7,0.00101811,21.678,1.77717,31.2,2,1345.83,74.3986,74.5993,76.44,76.0414,217.96,2.57634,0.0322032,21.678,0.00101811,0.00767674,0.166417
29.38,0.7,0.00101811,21.7113,1.75992,31.2,2,1288.21,74.6409,74.64,76.1215,76.3221,218.394,2.59034,0.0323569,21.7113,0.00101811,0.00768853,0.166928
29.4,0.7,0.00101811,21.7445,1.76282,31.2,2,1312.21,74.8,74.6462,76.3662,76.64,218.828,2.60443,0.0325108,21.7445,0.00101811,0.00770027,0.167438
29.42,0.7,0.00101811,21.7778,1.7715,31.2,2,1304.06,74.7602,74.9192,76.5198,76.64,219.263,2.61862,0.0326649,21.7778,0.00101811,0.00771205,0.167951
29.44,0.7,0.00101811,21.8226,1.76896,31.2,2,1298.01,74.92,75.0798,76.7986,76.7594,219.699,2.63289,0.0328193,21.8226,0.00101811,0.00772793,0.168644
29.46,0.7,0.00101811,21.856,1.75216,31.2,2,1300.87,75.0832,75.16,76.7935,76.76,220.136,2.64725,0.032974,21.856,0.00101811,0.00773975,0.16916
29.48,0.7,0.00101811,21.8896,1.73332,31.2,2,1287.76,75.3173,75.16,76.9153,76.8387,220.573,2.66171,0.0331289,21.8896,0.00101811,0.00775167,0.169681
29.5,0.7,0.00101811,21.9226,1.72611,31.188,2,1282.42,75.36,75.2448,77.0048,77.12,221.011,2.67626,0.0332841,21.9226,0.00101811,0.00776333,0.170192
29.52,0.7,0.00101811,21.9562,1.7348,31.1895,2,1278.47,75.4768,75.5168,77.0821,77.0811,221.449,2.69089,0.0334394,21.9562,0.00101811,0.00777525,0.170715
29.54,0.7,0.00101811,21.9892,1.75159,30.8,2,1272.45,75.4811,75.7223,77.5566,77.16,221.889,2.70562,0.0335951,21.9892,0.00101811,0.00778693,0.171229
29.56,0.79728,0.0011596,22.0226,1.75857,30.8,2,1266.6,75.6756,75.6833,77.1287,77.2378,222.329,2.72044,0.0337563,22.0226,0.0011596,0.00888257,0.195618
29.58,0.800848,0.00116479,22.0669,1.7383,30.8,2,1259.98,75.88,75.799,77.4,77.4814,222.769,2.73535,0.0339398,22.0669,0.00116479,0.00894024,0.197283
29.6,1,0.00145444,22.1,1.68908,30.8,2,1274.67,75.88,75.8163,77.4841,77.758,223.211,2.75038,0.03413,22.1,0.00145444,0.0111802,0.247083
29.62,1,0.00145444,22.133,1.62826,30.411,2,1250,76.0356,76.1978,77.5989,77.6033,223.653,2.76553,0.034365,22.133,0.00145444,0.0111969,0.247822
29.64,1.1,0.00159989,22.1668,1.58132,30.4,2,1241.99,76.0006,76.1202,77.9988,77.64,224.095,2.7808,0.0345947,22.1668,0.00159989,0.0123354,0.273436
29.66,1.20412,0.00175133,22.1887,1.56642,30.8,2,1212.91,76.3216,76.32,77.7233,77.7233,224.539,2.7962,0.034853,22.1887,0.00175133,0.0135164,0.299912
29.68,1.4,0.00203622,22.2215,1.58283,30.7737,2,1215.84,76.4426,76.2826,77.8158,78.0505,224.983,2.81174,0.0351404,22.2215,0.00203622,0.0157384,0.349732
29.7,1.40187,0.00203894,22.2557,1.61362,30.8,2,1224.04,76.4407,76.4822,78.08,78.2007,225.427,2.82743,0.0354665,22.2557,0.00203894,0.0157837,0.351278
29.72,1.4,0.00203622,22.2891,1.64077,30.7776,2,1212.78,76.48,76.6867,78.3667,78.5466,225.872,2.8433,0.0357824,22.2891,0.00203622,0.0157863,0.351863
29.74,1.4,0.00203622,22.322,1.6539,30.4176,2,1213.91,76.6088,76.8382,78.1635,77.8123,226.318,2.85933,0.0360983,22.322,0.00203622,0.0158095,0.3529
29.76,1.4,0.00203622,22.3553,1.64832,30.8,2,1210.02,76.9185,76.8,78.398,78.3961,226.764,2.87552,0.0364147,22.3553,0.00203622,0.0158331,0.353953
29.78,1.4,0.00203622,22.3892,1.62286,30.4,2,1206,76.96,76.8027,78.4018,78.7164,227.212,2.89189,0.0367316,22.3892,0.00203622,0.0158571,0.355028
29.8,1.4,0.00203622,22.4225,1.58215,30.4,2,1204.12,76.96,77.005,78.5398,78.48,227.659,2.90841,0.0370489,22.4225,0.00203622,0.0158808,0.356087
29.82,1.4,0.00203622,22.4556,1.53807,30.4,2,1202,76.96,77.16,78.9599,78.6399,228.108,2.92511,0.0373668,22.4556,0.00203622,0.0159042,0.357139
29.84,1.4,0.00203622,22.4782,1.50314,30.4,2,1199.94,77.2412,77.24,78.6885,78.5649,228.557,2.94197,0.0376851,22.4782,0.00203622,0.0159202,0.357857
29.86,1.49682,0.00217704,22.5115,1.48146,30.4,2,1198,77.3962,77.24,78.8825,78.9524,229.006,2.95899,0.0380092,22.5115,0.00217704,0.0170464,0.38374
29.88,1.4,0.00203622,22.5446,1.47135,30.4,2,1195.87,77.44,77.3215,78.9985,79.1185,229.457,2.97619,0.0383504,22.5446,0.00203622,0.0159672,0.359974
29.9,1.5,0.00218166,22.5668,1.47181,30.4,2,1194,77.48,77.5624,79.172,79.0496,229.908,2.99356,0.0386701,22.5668,0.00218166,0.0171246,0.386447
29.92,1.49934,0.0021807,22.6002,1.48116,30.4,2,1195.97,77.4811,77.72,79.1203,79.1611,230.359,3.01109,0.0390185,22.6002,0.0021807,0.0171424,0.387421
29.94,1.5,0.00218166,22.6337,1.49767,30.4,2,1192,77.8017,77.7209,79.4383,79.4409,230.811,3.02882,0.0393616,22.6337,0.00218166,0.0171754,0.388743
29.96,1.50557,0.00218976,22.6557,1.52129,30.4,2,1190,77.8755,77.7622,79.4867,79.6022,231.263,3.04672,0.0397057,22.6557,0.00218976,0.0172558,0.390942
29.98,1.6,0.00232711,22.6889,1.54717,30.3987,2,1188.01,77.8804,77.9204,79.6006,79.6,231.716,3.0648,0.0400567,22.6889,0.00232711,0.0183651,0.416684
30,1.7,0.00247255,22.7222,1.56447,30,2,1183.91,78.0018,78.0873,79.9055,79.6782,232.17,3.08307,0.0404355,22.7222,0.00247255,0.0195415,0.444026
30.02,1.7,0.00247255,22.7554,1.56805,29.6044,2,1180.02,78.1587,78.3191,79.6396,79.6796,232.625,3.10154,0.0408323,22.7554,0.00247255,0.0195701,0.445325
30.04,1.8,0.00261799,22.7889,1.56547,29.6,2,1175.09,78.3976,78.2,79.7697,79.9697,233.08,3.12022,0.0412297,22.7889,0.00261799,0.0207518,0.472912
30.06,1.8,0.00261799,22.8112,1.56741,29.6,2,1163.92,78.36,78.3211,79.9594,80.0783,233.535,3.13911,0.0416508,22.8112,0.00261799,0.0207721,0.473837
30.08,1.8,0.00261799,22.8455,1.573,29.6,2,1139.25,78.48,78.4838,80.1715,79.9658,233.991,3.15822,0.0420666,22.8455,0.00261799,0.0208033,0.475262
30.1,1.8,0.00261799,22.8782,1.57008,29.6,2,1146.26,78.48,78.6782,80.0847,80.08,234.448,3.17754,0.0424829,22.8782,0.00261799,0.0208331,0.476622
30.12,1.8,0.00261799,22.9118,1.5497,29.2102,2,1126.1,78.802,78.68,80.159,80.162,234.906,3.19708,0.0428999,22.9118,0.00261799,0.0208636,0.478023
30.14,1.8,0.00261799,22.9451,1.51545,29.6,2,1125.83,78.88,78.7233,80.2817,80.3233,235.364,3.21684,0.0433174,22.9451,0.00261799,0.020894,0.479414
30.16,1.8,0.00261799,22.967,1.4772,29.6,2,1133.84,78.8405,78.8789,80.32,80.2816,235.823,3.23683,0.0437356,22.967,0.00261799,0.020914,0.480332
30.18,1.8,0.00261799,23.0006,1.44087,29.6,2,1141.97,78.96,79.0032,80.7504,80.4389,236.282,3.25702,0.0441541,23.0006,0.00261799,0.0209446,0.481738
30.2,1.8,0.00261799,23.0337,1.41156,29.6,2,1103.14,79.0381,79.159,80.4,80.439,236.742,3.27743,0.0445733,23.0337,0.00261799,0.0209746,0.483123
30.22,1.79735,0.00261414,23.0559,1.39945,29.5894,2,1100.69,79.3211,79.16,80.4842,80.7611,237.202,3.29807,0.0449929,23.0559,0.00261414,0.020964,0.483343
30.24,1.7,0.00247255,23.0784,1.40911,29.6,2,1095.83,79.3183,79.2817,80.76,80.7983,237.663,3.31892,0.0454066,23.0784,0.00247255,0.0198479,0.458056
30.26,1.7,0.00247255,23.1118,1.42947,29.6,2,1068.47,79.3192,79.3592,81.0346,80.76,238.124,3.33997,0.0457981,23.1118,0.00247255,0.0198766,0.459383
30.28,1.7,0.00247255,23.1447,1.44525,29.6,2,1084,79.3627,79.6009,80.7636,80.8027,238.586,3.36124,0.0461959,23.1447,0.00247255,0.0199049,0.460692
30.3,1.6,0.00232711,23.1668,1.44887,29.6,2,1063.07,79.6464,79.6,81,81.0864,239.049,3.38272,0.0465883,23.1668,0.00232711,0.0187519,0.43442
30.32,1.6,0.00232711,23.2001,1.43792,29.6,2,1099.96,79.7999,79.6399,81.1597,81.2399,239.512,3.4044,0.0469578,23.2001,0.00232711,0.0187789,0.435672
30.34,1.49562,0.0021753,23.2339,1.41562,29.6,2,1079.82,79.7635,79.76,81.174,81.0853,239.976,3.42628,0.0473274,23.2339,0.0021753,0.0175793,0.408436
30.36,1.4,0.00203622,23.2558,1.39334,29.6,2,1083.89,79.84,79.8389,81.4011,81.1606,240.44,3.44835,0.0476675,23.2558,0.00203622,0.016471,0.383046
30.38,1.3,0.00189077,23.2779,1.37796,29.6,2,1064.14,79.8418,80.0791,81.36,81.3206,240.905,3.4706,0.0479856,23.2779,0.00189077,0.015309,0.356361
30.4,1.3,0.00189077,23.3113,1.36223,29.5781,2,1064.33,80.24,80,81.4088,81.5644,241.371,3.49302,0.048286,23.3113,0.00189077,0.0153309,0.357383
30.42,1.3,0.00189077,23.3445,1.34013,29.5989,2,1068.01,80.24,80.1197,81.5201,81.5602,241.837,3.51561,0.0485928,23.3445,0.00189077,0.0153528,0.358402
30.44,1.3,0.00189077,23.367,1.32291,29.6,2,1069.91,80.24,80.2409,81.8778,81.56,242.303,3.53837,0.0489001,23.367,0.00189077,0.0153675,0.359093
30.46,1.3,0.00189077,23.3889,1.32685,29.6,2,1067.91,80.1657,80.44,81.5275,81.6438,242.77,3.5613,0.0492076,23.3889,0.00189077,0.015382,0.359767
30.48,1.3,0.00189077,23.4111,1.35042,29.6,2,1066,80.4388,80.4003,81.68,81.8788,243.238,3.58439,0.0495154,23.4111,0.00189077,0.0153965,0.360449
30.5,1.29568,0.00188448,23.4454,1.37431,29.6,2,1060.17,80.6,80.4452,81.9983,82.1131,243.706,3.60765,0.0498233,23.4454,0.00188448,0.0153678,0.360305
30.52,1.2,0.00174533,23.4782,1.38443,29.6,2,1058.13,80.6,80.5991,82.1166,81.96,244.174,3.63109,0.0501249,23.4782,0.00174533,0.0142529,0.334633
30.54,1.2,0.00174533,23.5003,1.38365,29.6,2,1071.38,80.565,80.765,82,82.0037,244.643,3.6547,0.0504044,23.5003,0.00174533,0.0142664,0.335265
30.56,1.2,0.00174533,23.5223,1.3758,29.6,2,1059.78,81.0313,81.0368,82.1557,82.1978,245.113,3.67846,0.0506899,23.5223,0.00174533,0.0142797,0.335892
30.58,1.1,0.00159989,23.5552,1.35219,29.6,2,1054.16,80.5649,80.4865,82.3559,82.4384,245.583,3.70238,0.0509697,23.5552,0.00159989,0.013108,0.308762
30.6,1,0.00145444,23.5891,1.3064,29.5912,2,1050.13,81.0826,80.8862,82.4844,82.3209,246.054,3.72645,0.0512201,23.5891,0.00145444,0.0119336,0.281503
30.62,0.994396,0.00144629,23.6112,1.25256,29.1776,2,1057.44,81.0266,81.08,82.6598,82.36,246.525,3.75067,0.0514526,23.6112,0.00144629,0.0118778,0.28045
30.64,0.893116,0.00129898,23.6332,1.21742,28.8,2,1050.69,80.9393,81.2,82.491,82.531,246.997,3.77503,0.0516839,23.6332,0.00129898,0.010678,0.252354
30.66,0.7,0.00101811,23.6557,1.21961,28.8,2,1047.97,81.3594,81.16,82.5982,82.7994,247.47,3.79951,0.0518799,23.6557,0.00101811,0.00837708,0.198166
30.68,0.6,0.000872665,23.6779,1.25871,28.8,2,1043.03,81.36,81.2473,82.3188,82.4897,247.942,3.82409,0.05203,23.6779,0.000872665,0.00718708,0.170175
30.7,0.6,0.000872665,23.7,1.31545,28.8,2,1042,81.3601,81.3603,83.9984,83.1204,248.415,3.84877,0.0521678,23.7,0.000872665,0.00719381,0.170494
30.72,0.6,0.000872665,23.7343,1.3626,28.8,2,1031.04,81.3652,81.6435,82.6852,82.9983,248.889,3.87353,0.0523118,23.7343,0.000872665,0.00720421,0.170987
30.74,0.6,0.000872665,23.7674,1.3856,28.8,2,1004.68,81.6417,81.6366,82.8119,83.0885,249.363,3.8984,0.052456,23.7674,0.000872665,0.00721424,0.171463
30.76,0.50173,0.000729737,23.7892,1.39007,28.8,2,1041.62,81.68,81.56,83.3945,83.3979,249.838,3.92337,0.0525944,23.7892,0.000729737,0.00603821,0.143644
30.78,0.5,0.000727221,23.8113,1.38306,28.8,2,1024,81.84,81.84,83.3211,83.12,250.314,3.94842,0.0527092,23.8113,0.000727221,0.00602298,0.143415
30.8,0.5,0.000727221,23.8446,1.35859,28.8,2,1009.9,81.796,81.964,83.1261,83.1661,250.79,3.97356,0.0528297,23.8446,0.000727221,0.00603141,0.143817
30.82,0.5,0.000727221,23.8778,1.31216,28.8,2,1017.95,81.8808,82.1596,83.3195,83.3204,251.266,3.99878,0.0529504,23.8778,0.000727221,0.00603981,0.144218
30.84,0.5,0.000727221,23.9004,1.25863,28.8,2,1004.42,82.16,82.0017,83.3267,83.4783,251.743,4.0241,0.0530712,23.9004,0.000727221,0.00604553,0.144491
30.86,0.4025,0.000585413,23.9224,1.22425,28.8,2,988.65,82.16,82.157,83.558,83.44,252.221,4.0495,0.0531863,23.9224,0.000585413,0.00487113,0.116529
30.88,0.5,0.000727221,23.9445,1.22604,28.8,2,997.951,82.1601,82.2002,83.6394,83.5598,252.699,4.07497,0.0532838,23.9445,0.000727221,0.00605668,0.145024
30.9,0.5,0.000727221,23.9667,1.26032,28.8,2,986.496,82.1659,82.478,83.4459,83.5679,253.177,4.10052,0.0534109,23.9667,0.000727221,0.00606229,0.145293
30.92,0.5,0.000727221,23.9888,1.30279,28.8,2,990.071,82.4381,82.361,83.5995,83.8781,253.656,4.12615,0.0535322,23.9888,0.000727221,0.00606789,0.145562
30.94,0.5,0.000727221,24.0229,1.32072,28.8,2,1007.54,82.5191,82.3619,83.7246,83.76,254.136,4.15186,0.0536536,24.0229,0.000727221,0.0060765,0.145975
30.96,0.5,0.000727221,24.0557,1.29662,28.8,2,990,82.4427,82.5282,84.181,83.8,254.616,4.17767,0.0537752,24.0557,0.000727221,0.00608481,0.146375
30.98,0.5,0.000727221,24.078,1.24153,28.8,2,968.397,82.4824,82.7608,83.8824,83.9224,255.096,4.20358,0.053897,24.078,0.000727221,0.00609043,0.146645
31,0.5,0.000727221,24.1001,1.18199,28.8,2,985.648,82.7623,82.7977,84.0094,84.1647,255.577,4.22956,0.0540188,24.1001,0.000727221,0.00609604,0.146915
31.02,0.5,0.000727221,24.1223,1.13972,28.8,2,984.01,82.84,82.7602,84.24,84.2398,256.059,4.25563,0.0541408,24.1223,0.000727221,0.00610165,0.147186
31.04,0.5,0.000727221,24.1446,1.12514,28.8,2,984,82.8456,82.8456,84.5116,84.24,256.541,4.28178,0.0542629,24.1446,0.000727221,0.00610728,0.147458
31.06,0.5,0.000727221,24.1668,1.14112,28.8,2,981.895,82.9189,83.0016,84.1626,84.2416,257.023,4.30801,0.0543851,24.1668,0.000727221,0.00611291,0.14773
31.08,0.5,0.000727221,24.189,1.18536,28.8,2,976.244,82.9722,83.16,84.4,84.5298,257.506,4.33432,0.0545074,24.189,0.000727221,0.00611852,0.148001
31.1,0.499469,0.000726449,24.2112,1.24769,28.8,2,979.989,83.2802,83.2396,84.5598,84.6792,257.989,4.36072,0.0546298,24.2112,0.000726449,0.00611763,0.148115
31.12,0.4,0.000581776,24.2333,1.30594,28.8,2,970.351,83.2782,83.1253,84.7305,84.4835,258.473,4.3872,0.0547461,24.2333,0.000581776,0.00490379,0.118835
31.14,0.4,0.000581776,24.2663,1.33181,28.8,2,987.713,83.24,83.3177,84.6492,84.56,258.957,4.41376,0.0548381,24.2663,0.000581776,0.00491045,0.119158
31.16,0.4,0.000581776,24.3002,1.31082,28.8,2,974.028,83.2817,83.56,84.68,84.8011,259.442,4.4404,0.0549364,24.3002,0.000581776,0.00491731,0.119491
31.18,0.4,0.000581776,24.3223,1.25507,28.8,2,974.108,83.4865,83.44,84.8043,85.0357,259.928,4.46713,0.0550348,24.3223,0.000581776,0.00492179,0.119709
31.2,0.3,0.000436332,24.3445,1.19116,28.8,2,974.003,83.6399,83.4799,84.88,84.8002,260.414,4.49392,0.0551271,24.3445,0.000436332,0.00369471,0.0899459
31.22,0.3,0.000436332,24.3667,1.13965,28.8,2,972,83.4838,83.6057,84.9486,84.7276,260.9,4.52078,0.0551949,24.3667,0.000436332,0.00369808,0.0901101
31.24,0.3,0.000436332,24.3887,1.10868,28.8,2,971.867,83.5653,83.8053,85.0453,85.1707,261.387,4.54769,0.0552689,24.3887,0.000436332,0.00370141,0.0902726
31.26,0.2,0.000290888,24.4112,1.09917,28.8,2,968.013,83.7608,83.76,85.2008,85.3595,261.874,4.57467,0.0553368,24.4112,0.000290888,0.00246989,0.060293
31.28,0.2,0.000290888,24.4333,1.11053,28.8,2,969.308,83.924,83.7659,85.2138,85.162,262.362,4.60169,0.05538,24.4333,0.000290888,0.00247213,0.0604024
31.3,0.2,0.000290888,24.4555,1.14277,28.8,2,965.949,83.9204,83.9198,85.5198,85.3194,262.85,4.62877,0.0554295,24.4555,0.000290888,0.00247437,0.0605119
31.32,0.2,0.000290888,24.4783,1.19476,28.8,2,967.536,83.9231,84.1631,85.3646,85.3662,263.339,4.65589,0.055479,24.4783,0.000290888,0.00247667,0.0606247
31.34,0.2,0.000290888,24.5002,1.25889,28.8,2,964.196,84.0859,84.198,85.4898,85.6839,263.828,4.68306,0.0555286,24.5002,0.000290888,0.0024789,0.0607336
31.36,0.2,0.000290888,24.5222,1.31531,28.8,2,975.95,84.2397,84.1997,85.6403,85.6408,264.317,4.71028,0.0555782,24.5222,0.000290888,0.00248112,0.0608423
31.38,0.2,0.000290888,24.5563,1.33744,28.8,2,958.205,84.3173,84.2427,85.9918,85.6827,264.807,4.73755,0.0556278,24.5563,0.000290888,0.00248457,0.0610121
31.4,0.2,0.000290888,24.5892,1.31237,28.8,2,964,84.3183,84.3983,85.6034,85.76,265.298,4.76489,0.0556775,24.5892,0.000290888,0.0024879,0.0611757
31.42,0.296596,0.000431382,24.6115,1.25353,28.8,2,962.068,84.3654,84.6359,85.6882,85.9641,265.789,4.79228,0.0557333,24.6115,0.000431382,0.00369286,0.0908869
31.44,0.2951,0.000429205,24.634,1.18817,28.8,2,965.706,84.642,84.522,85.96,85.9922,266.281,4.81973,0.0558131,24.634,0.000429205,0.00367759,0.0905939
31.46,0.298732,0.000434487,24.656,1.13757,28.8,2,954.076,84.68,84.639,86.2364,85.919,266.773,4.84725,0.0558869,24.656,0.000434487,0.00372616,0.0918721
31.48,0.3,0.000436332,24.6782,1.11114,28.8,2,961.747,84.64,84.7238,85.9251,85.9638,267.265,4.87482,0.0559617,24.6782,0.000436332,0.00374536,0.0924287
31.5,0.3,0.000436332,24.7004,1.11114,28.8,2,957.968,84.64,84.959,86.08,86.2387,267.758,4.90246,0.0560367,24.7004,0.000436332,0.00374873,0.0925952
31.52,0.396455,0.00057662,24.7227,1.13727,28.8,2,957.929,84.9628,84.88,86.3186,86.3172,268.252,4.93016,0.0561178,24.7227,0.00057662,0.00495848,0.122587
31.54,0.399527,0.000581089,24.7449,1.18702,28.8,2,950.028,85.04,84.9596,86.4791,86.24,268.746,4.95793,0.0562232,24.7449,0.000581089,0.00500139,0.123759
31.56,0.304197,0.000442437,24.7671,1.25125,28.8,2,956,85.0017,85.0467,86.2817,86.3234,269.24,4.98578,0.0563175,24.7671,0.000442437,0.00381143,0.0943981
31.58,0.4,0.000581776,24.7892,1.30907,28.8,2,954.05,85.001,85.317,86.437,86.556,269.735,5.01369,0.0563938,24.7892,0.000581776,0.00501627,0.124349
31.6,0.4,0.000581776,24.8229,1.33371,28.8,2,954,85.2821,85.2779,86.64,86.7569,270.23,5.04168,0.0565002,24.8229,0.000581776,0.00502309,0.124688
31.62,0.303928,0.000442045,24.8558,1.31231,28.8,2,954,85.36,85.2769,86.7937,86.6016,270.726,5.06975,0.0565947,24.8558,0.000442045,0.00382169,0.0949912
31.64,0.4,0.000581776,24.8778,1.25754,28.8,2,950,85.32,85.36,86.6402,86.64,271.223,5.09791,0.0566712,24.8778,0.000581776,0.00503421,0.12524
31.66,0.395305,0.000574948,24.9005,1.19478,28.4,2,949.812,85.36,85.5256,86.72,86.8094,271.72,5.12613,0.0567777,24.9005,0.000574948,0.00497965,0.123996
31.68,0.3,0.000436332,24.9227,1.14281,28.4,2,946,85.4781,85.6006,86.8775,87.0394,272.217,5.15443,0.056871,24.9227,0.000436332,0.00378246,0.0942689
31.7,0.3,0.000436332,24.9449,1.10847,28.4,2,944,85.6831,85.6015,87.0508,86.8815,272.715,5.18279,0.0569407,24.9449,0.000436332,0.00378583,0.0944371
31.72,0.3,0.000436332,24.9671,1.09173,28.4,2,949.864,85.6427,85.64,87.0463,86.92,273.213,5.21121,0.0570164,24.9671,0.000436332,0.0037892,0.0946052
31.74,0.3,0.000436332,24.989,1.09109,28.4,2,926.037,85.6796,85.9185,87.1578,87.0793,273.712,5.2397,0.0570922,24.989,0.000436332,0.00379253,0.0947715
31.76,0.3,0.000436332,25.0115,1.10646,28.4,2,929.803,85.8052,85.9987,87.1626,87.3987,274.211,5.26825,0.0571681,25.0115,0.000436332,0.00379593,0.0949418
31.78,0.3,0.000436332,25.0336,1.13953,28.4,2,922.045,86.0773,85.96,87.3573,87.2427,274.711,5.29686,0.0572441,25.0336,0.000436332,0.00379929,0.09511
31.8,0.3,0.000436332,25.0558,1.19124,28.4,2,917.74,86,86.0031,87.5517,87.36,275.211,5.32554,0.0573201,25.0558,0.000436332,0.00380267,0.0952789
31.82,0.3,0.000436332,25.0779,1.25562,28.4,2,913.764,86.0768,86.2353,87.3937,87.4753,275.712,5.35428,0.0573962,25.0779,0.000436332,0.00380602,0.0954472
31.84,0.29465,0.000428551,25.0997,1.31362,28.4,2,902.214,86.1264,86.3179,87.4843,87.7957,276.212,5.38309,0.057472,25.0997,0.000428551,0.0037414,0.0939082
31.86,0.2,0.000290888,25.1332,1.33856,28.4,2,907.992,86.3993,86.28,87.56,87.5208,276.714,5.41195,0.0575405,25.1332,0.000290888,0.00254294,0.0639124
31.88,0.2,0.000290888,25.1671,1.31676,28.3833,2,917.331,86.395,86.325,87.8266,87.5217,277.216,5.44089,0.0575854,25.1671,0.000290888,0.00254637,0.0640848
31.9,0.2,0.000290888,25.1893,1.2611,28,2,890.175,86.3982,86.5582,87.6777,87.6782,277.719,5.46989,0.0576363,25.1893,0.000290888,0.00254862,0.0641979
31.92,0.2,0.000290888,25.2116,1.19864,28.0152,2,895.848,86.4061,86.7154,87.6861,87.96,278.222,5.49893,0.0576873,25.2116,0.000290888,0.00255087,0.0643114
31.94,0.2,0.000290888,25.2335,1.14934,28.4,2,892.509,86.7241,86.602,87.8502,87.84,278.726,5.52803,0.0577384,25.2335,0.000290888,0.00255309,0.0644235
31.96,0.2,0.000290888,25.2555,1.11894,28.4,2,886.021,86.7601,86.64,88.1598,87.8799,279.23,5.55718,0.0577895,25.2555,0.000290888,0.00255532,0.0645358
31.98,0.2,0.000290888,25.2782,1.10411,28,2,885.912,86.72,86.8053,87.9618,88.0018,279.734,5.58638,0.0578406,25.2782,0.000290888,0.00255762,0.064652
32,0.2,0.000290888,25.3004,1.09913,28,2,884,86.72,86.9987,88,88.1974,280.239,5.61563,0.0578918,25.3004,0.000290888,0.00255986,0.0647656
32.02,0.2,0.000290888,25.3227,1.09962,28,2,878,86.9248,86.88,88.1279,88.12,280.744,5.64493,0.057943,25.3227,0.000290888,0.00256211,0.0648795
32.04,0.3,0.000436332,25.3449,1.10333,28,2,878,87.0398,86.9206,88.4783,88.16,281.25,5.67429,0.0580007,25.3449,0.000436332,0.00384655,0.0974905
32.06,0.304757,0.000443252,25.3666,1.10922,27.6,2,877.81,87,87.1619,88.1238,88.2038,281.757,5.70371,0.0580843,25.3666,0.000443252,0.00391088,0.0992058
32.08,0.4,0.000581776,25.3887,1.11602,27.6,2,860.312,87,87.3173,88.2,88.4755,282.263,5.73319,0.058169,25.3887,0.000581776,0.00513759,0.130437
32.1,0.4,0.000581776,25.4115,1.12173,27.614,2,867.93,87.2042,87.24,88.4456,88.44,282.77,5.76275,0.0582779,25.4115,0.000581776,0.0051422,0.130671
32.12,0.4,0.000581776,25.4337,1.12395,27.609,2,866,87.3591,87.24,88.7564,88.4791,283.278,5.79239,0.0583808,25.4337,0.000581776,0.00514669,0.130899
32.14,0.4,0.000581776,25.4557,1.11962,27.6,2,860.011,87.2405,87.3598,88.48,88.5993,283.786,5.82211,0.0584838,25.4557,0.000581776,0.00515114,0.131126
32.16,0.4,0.000581776,25.4782,1.10433,27.6,2,855.787,87.3228,87.56,88.5285,88.8014,284.294,5.85191,0.0585869,25.4782,0.000581776,0.00515569,0.131357
32.18,0.4,0.000581776,25.5003,1.07322,27.6,2,851.951,87.5171,87.521,88.682,88.762,284.803,5.88179,0.05869,25.5003,0.000581776,0.00516017,0.131586
32.2,0.403278,0.000586544,25.5226,1.02428,27.6,2,853.738,87.6374,87.5213,89.0708,88.68,285.313,5.91174,0.0587935,25.5226,0.000586544,0.005207,0.132896
32.22,0.5,0.000727221,25.5448,0.96393,27.6,2,844.038,87.56,87.6385,88.7608,88.7977,285.823,5.94177,0.0589041,25.5448,0.000727221,0.00646147,0.165057
32.24,0.5,0.000727221,25.5668,0.911572,27.6,2,834.139,87.64,87.8792,88.8004,88.9984,286.333,5.9719,0.0590396,25.5668,0.000727221,0.00646702,0.165341
32.26,0.5,0.000727221,25.5778,0.892777,27.6,2,835.94,87.7248,87.8388,89.1212,89.0764,286.843,6.00211,0.059169,25.5778,0.000727221,0.0064698,0.165483
32.28,0.5,0.000727221,25.5894,0.918989,27.6,2,832.056,88.0355,87.8,89.3155,88.9989,287.354,6.03241,0.0592985,25.5894,0.000727221,0.00647274,0.165633
32.3,0.6,0.000872665,25.6112,0.97515,27.5774,2,825.015,87.8777,87.9645,88.969,89.089,287.865,6.06278,0.0594345,25.6112,0.000872665,0.00777392,0.1991
32.32,0.6,0.000872665,25.6335,1.03175,27.2,2,823.997,87.8401,88.1201,89.0802,89.3201,288.377,6.09326,0.0595965,25.6335,0.000872665,0.00778067,0.199445
32.34,0.6,0.000872665,25.6561,1.06495,27.2,2,820,88.0423,88.1177,89.2423,89.2765,288.889,6.12385,0.0597521,25.6561,0.000872665,0.00778753,0.199797
32.36,0.6,0.000872665,25.678,1.06419,27.2,2,823.891,88.1589,88.04,89.5534,89.16,289.401,6.15454,0.059908,25.678,0.000872665,0.00779419,0.200139
32.38,0.6,0.000872665,25.7002,1.03017,27.2,2,812,88.1206,88.1618,89.28,89.2818,289.914,6.18534,0.0600639,25.7002,0.000872665,0.00780091,0.200485
32.4,0.6,0.000872665,25.7224,0.974339,26.8233,2,802.117,88.16,88.327,89.1363,89.4847,290.427,6.21625,0.06022,25.7224,0.000872665,0.00780766,0.200832
32.42,0.6,0.000872665,25.7445,0.920752,27.1986,2,803.978,88.2806,88.3199,89.4809,89.4799,290.941,6.24726,0.0603762,25.7445,0.000872665,0.00781438,0.201178
32.44,0.6,0.000872665,25.7556,0.898575,27.2,2,797.948,88.48,88.3231,89.8717,89.479,291.455,6.27838,0.0605326,25.7556,0.000872665,0.00781773,0.20135
32.46,0.6,0.000872665,25.7669,0.92169,26.8108,2,794.054,88.3632,88.4789,89.4822,89.5568,291.969,6.30959,0.060689,25.7669,0.000872665,0.00782117,0.201527
32.48,0.6,0.000872665,25.7891,0.976452,26.7924,2,791.962,88.44,88.6408,89.6031,89.8808,292.484,6.3409,0.0608454,25.7891,0.000872665,0.00782791,0.201875
32.5,0.6,0.000872665,25.8112,1.0342,26.3543,2,777.771,88.6046,88.6777,89.7669,89.7954,292.999,6.37232,0.0610021,25.8112,0.000872665,0.00783463,0.202222
32.52,0.6,0.000872665,25.8334,1.0714,25.1978,2,764.005,88.76,88.6002,90.1592,89.7601,293.515,6.40384,0.0611588,25.8334,0.000872665,0.00784137,0.20257
32.54,0.592875,0.000862302,25.8557,1.07669,23.943,2,761.145,88.6885,88.7657,89.7685,89.8057,294.03,6.43547,0.0613152,25.8557,0.000862302,0.00775495,0.20051
32.56,0.6,0.000872665,25.878,1.04857,22.7844,2,741.883,88.7584,88.9216,89.8039,90.0408,294.547,6.46722,0.0614704,25.878,0.000872665,0.00785488,0.203268
32.58,0.6,0.000872665,25.9,0.994478,21.9788,2,740.212,88.8485,88.9579,90.0021,89.9958,295.064,6.49906,0.061628,25.9,0.000872665,0.00786158,0.203615
32.6,0.6,0.000872665,25.9222,0.931732,21.6,2,688.52,89.1189,88.8407,90.1985,89.92,295.581,6.53102,0.0617853,25.9222,0.000872665,0.00786831,0.203964
32.62,0.6,0.000872665,25.9333,0.880179,21.2,2,653.286,88.96,88.9643,89.8843,89.8843,296.098,6.56308,0.0619427,25.9333,0.000872665,0.00787169,0.204139
32.64,0.507574,0.000738237,25.9448,0.844554,21.1697,2,619.091,88.957,89.1661,89.883,90.08,296.616,6.59524,0.0620942,25.9448,0.000738237,0.00666206,0.172846
32.66,0.6,0.000872665,25.967,0.808551,20.8,2,628.791,89.0824,89.1588,89.8848,89.9964,297.134,6.62749,0.0622275,25.967,0.000872665,0.0078819,0.204669
32.68,0.502599,0.000731001,25.9893,0.754783,20.8,2,621.168,89.2379,89.12,90.1569,89.88,297.653,6.65983,0.0623848,25.9893,0.000731001,0.00660807,0.171739
32.7,0.595685,0.000866389,26,0.684086,20.4,2,467.295,89.12,89.1652,89.8035,89.8852,298.172,6.69228,0.0625167,26,0.000866389,0.00783517,0.203714
32.72,0.6,0.000872665,26.0111,0.608712,20.0054,2,480.217,89.0805,89.3195,89.8011,90.0789,298.691,6.72482,0.0626799,26.0111,0.000872665,0.00789528,0.205365
32.74,0.6,0.000872665,26.0222,0.536133,20,2,477.55,89.1612,89.3196,89.9216,89.9196,299.21,6.75746,0.0628381,26.0222,0.000872665,0.00789867,0.205541
32.76,0.504673,0.000734017,26.0338,0.467302,19.5813,2,420.71,89.32,89.24,90.1432,89.8763,299.73,6.79018,0.0629898,26.0338,0.000734017,0.00664671,0.173039
32.78,0.6,0.000872665,26.0444,0.403854,18.8059,2,399.141,89.2412,89.2794,89.8,89.8788,300.249,6.823,0.0631228,26.0444,0.000872665,0.00790542,0.205892
32.8,0.503329,0.000732063,26.0444,0.347351,18.3867,2,359.534,89.1573,89.44,89.7653,90.04,300.769,6.8559,0.0632808,26.0444,0.000732063,0.00663171,0.172719
32.82,0.50156,0.000729489,26.0559,0.294602,18,2,328.281,89.1588,89.4006,89.8806,89.8825,301.289,6.88888,0.063407,26.0559,0.000729489,0.00661131,0.172264
32.84,0.5,0.000727221,26.0667,0.245068,17.581,2,342.105,89.3962,89.1581,90.0629,89.7981,301.809,6.92194,0.063539,26.0667,0.000727221,0.00659347,0.17187
32.86,0.5,0.000727221,26.0667,0.210132,16.4017,2,284.044,89.2801,89.1599,89.7599,89.7999,302.33,6.95508,0.0636708,26.0667,0.000727221,0.00659347,0.17187
32.88,0.495333,0.000720432,26.0667,0.202093,15.9813,2,263.347,89.4325,89.5619,89.7237,89.92,302.85,6.98829,0.0638024,26.0667,0.000720432,0.00653192,0.170265
32.9,0.4,0.000581776,26.0667,0.214981,15.6,2,240.143,89.28,89.4817,89.8,89.7623,303.37,7.02156,0.0639264,26.0667,0.000581776,0.00527477,0.137496
32.92,0.4,0.000581776,26.0783,0.227207,15.6164,2,219.509,89.7233,89.44,90.0285,89.7167,303.891,7.0549,0.0640256,26.0783,0.000581776,0.00527712,0.137618
32.94,0.4,0.000581776,26.0889,0.22592,15.6,2,200.138,89.5559,89.4855,89.76,89.7228,304.411,7.0883,0.0641312,26.0889,0.000581776,0.00527927,0.13773
32.96,0.4,0.000581776,26.0889,0.220629,15.6,2,209.865,89.2445,89.64,89.7209,90.0346,304.932,7.12177,0.0642368,26.0889,0.000581776,0.00527927,0.13773
32.98,0.4,0.000581776,26.0889,0.22661,16,2,198.466,89.2889,89.4816,89.6,89.7968,305.453,7.15529,0.0643424,26.0889,0.000581776,0.00527927,0.13773
33,0.4,0.000581776,26.0889,0.240202,16,2,96.7191,89.8722,89.5974,89.7045,89.4774,305.973,7.18887,0.064448,26.0889,0.000581776,0.00527927,0.13773
33.02,0.4,0.000581776,26.1002,0.238682,16,2,98.4394,89.4784,89.4816,89.5976,89.4816,306.494,7.22251,0.0645536,26.1002,0.000581776,0.00528157,0.13785
33.04,0.3,0.000436332,26.1111,0.204566,16.0019,2,113.981,89.3199,89.6003,89.2801,89.72,307.015,7.25621,0.0646526,26.1111,0.000436332,0.00396283,0.103474
33.06,0.3,0.000436332,26.1111,0.142387,17.2203,2,98.0706,89.4481,89.5539,89.4102,89.5539,307.536,7.28997,0.0647253,26.1111,0.000436332,0.00396283,0.103474
33.08,0.349181,0.000507863,26.1111,0.068661,17.9917,2,87.4629,89.7175,89.4008,89.9917,89.4792,308.057,7.32377,0.0648078,26.1111,0.000507863,0.00461247,0.120437
33.1,0.4,0.000581776,26.1111,-0.00609356,18,2,35.4857,89.4,89.4828,89.5501,89.56,308.579,7.35762,0.0649066,26.1111,0.000581776,0.00528377,0.137965
33.12,0.4,0.000581776,26.1111,-0.0803824,18,2,64.3733,89.4,89.5988,89.125,89.6375,309.1,7.39152,0.0650157,26.1111,0.000581776,0.00528377,0.137965
33.14,0.4,0.000581776,26.1111,-0.151678,18,2,68.075,89.4007,89.4798,89.4807,89.5995,309.621,7.42547,0.0651213,26.1111,0.000581776,0.00528377,0.137965
33.16,0.3,0.000436332,26.1111,-0.206566,18,2,63.7023,89.556,89.4,89.7002,89.434,310.142,7.45948,0.0652204,26.1111,0.000436332,0.00396283,0.103474
33.18,0.3,0.000436332,26.1001,-0.224555,17.6099,2,46.2968,89.402,89.4,89.398,89.437,310.663,7.49354,0.0652931,26.1001,0.000436332,0.00396116,0.103387
33.2,0.3,0.000436332,26.0889,-0.197725,17.6166,2,6.31899,89.3183,89.56,89.2866,89.7167,311.184,7.52761,0.0653723,26.0889,0.000436332,0.00395945,0.103298
33.22,0.3,0.000436332,26.0889,-0.14374,18,2,60,89.398,89.4813,89.4007,89.4826,311.704,7.56172,0.0654515,26.0889,0.000436332,0.00395945,0.103298
33.24,0.3,0.000436332,26.0889,-0.0938989,17.6,2,56,89.4798,89.4,89.598,89.3995,312.225,7.59586,0.0655306,26.0889,0.000436332,0.00395945,0.103298
33.26,0.3,0.000436332,26.0889,-0.0722973,17.5823,2,54.8469,89.32,89.4018,89.3182,89.4035,312.746,7.63005,0.0656098,26.0889,0.000436332,0.00395945,0.103298
33.28,0.3,0.000436332,26.0889,-0.08708,17.2,2,47.7954,89.2805,89.4795,89.28,89.5986,313.266,7.66428,0.065689,26.0889,0.000436332,0.00395945,0.103298
33.3,0.295798,0.00043022,26.0889,-0.130432,17.2,2,44.3362,89.325,89.4383,89.4034,89.4383,313.787,7.69855,0.0657679,26.0889,0.00043022,0.00390399,0.101851
33.32,0.2,0.000290888,26.0889,-0.179771,17.2,2,50.0365,89.4793,89.2822,89.5585,89.3215,314.308,7.73286,0.0658394,26.0889,0.000290888,0.00263963,0.0688651
33.34,0.2,0.000290888,26.0776,-0.207547,17.2,2,48.0103,89.2806,89.3996,89.2798,89.32,314.828,7.76719,0.0658859,26.0776,0.000290888,0.00263849,0.0688056
33.36,0.203287,0.000295669,26.0667,-0.202573,17.2,2,47.8028,89.2787,89.4413,89.2453,89.56,315.349,7.80154,0.0659388,26.0667,0.000295669,0.00268073,0.0698777
33.38,0.20244,0.000294437,26.0667,-0.181186,17.2,2,49.8048,89.318,89.441,89.2829,89.4039,315.869,7.83591,0.0659926,26.0667,0.000294437,0.00266956,0.0695866
33.4,0.2,0.000290888,26.0667,-0.171128,17.2,2,52.0779,89.44,89.28,89.4345,89.3192,316.389,7.8703,0.0660458,26.0667,0.000290888,0.00263739,0.0687479
33.42,0.2,0.000290888,26.0667,-0.185371,17.2,2,59.8951,89.32,89.3242,89.24,89.3242,316.909,7.90472,0.0660984,26.0667,0.000290888,0.00263739,0.0687479
33.44,0.2,0.000290888,26.0667,-0.210681,17.2,2,59.964,89.2414,89.4393,89.24,89.4786,317.429,7.93916,0.0661511,26.0667,0.000290888,0.00263739,0.0687479
33.46,0.3,0.000436332,26.0554,-0.2187,17.2,2,62.1085,89.2822,89.4378,89.2829,89.32,317.949,7.97363,0.0662105,26.0554,0.000436332,0.00395437,0.103033
33.48,0.305333,0.000444088,26.0444,-0.191591,17.2,2,72.1067,89.4,89.28,89.4629,89.3157,318.469,8.00813,0.0662965,26.0444,0.000444088,0.00402297,0.104776
33.5,0.4,0.000581776,26.0444,-0.137276,17.2,2,74.0432,89.24,89.2803,89.28,89.3206,318.989,8.04266,0.0663835,26.0444,0.000581776,0.00527028,0.137261
33.52,0.495004,0.000719955,26.0444,-0.0779972,17.2,2,82.0999,89.158,89.402,89.244,89.484,319.509,8.07724,0.0665014,26.0444,0.000719955,0.00652203,0.169863
33.54,0.5,0.000727221,26.0444,-0.030421,17.2,2,88,89.2405,89.3197,89.2813,89.3995,320.028,8.11189,0.0666384,26.0444,0.000727221,0.00658785,0.171577
33.56,0.5,0.000727221,26.0444,0.000557662,17.2,2,92.1659,89.4,89.1633,89.4667,89.2783,320.548,8.14661,0.0667705,26.0444,0.000727221,0.00658785,0.171577
33.58,0.5,0.000727221,26.0444,0.0168722,17.2,2,97.9229,89.2462,89.24,89.2754,89.2785,321.068,8.1814,0.0669023,26.0444,0.000727221,0.00658785,0.171577
33.6,0.6,0.000872665,26.0444,0.0216507,17.2,2,101.996,89.1203,89.3199,89.2401,89.4798,321.588,8.21625,0.0670406,26.0444,0.000872665,0.00790542,0.205892
33.62,0.7,0.00101811,26.0444,0.016063,17.2,2,117.02,89.2436,89.3164,89.2871,89.3182,322.107,8.25119,0.0672119,26.0444,0.00101811,0.00922299,0.240208
33.64,0.8,0.00116355,26.0444,-0.00162556,17.2,2,110.339,89.32,89.1223,89.5419,89.3177,322.627,8.28623,0.0674095,26.0444,0.00116355,0.0105406,0.274523
33.66,0.9,0.001309,26.0444,-0.0349153,17.2,2,96.1339,89.2396,89.2402,89.28,89.2807,323.147,8.32137,0.0676335,26.0444,0.001309,0.0118581,0.308838
33.68,0.9,0.001309,26.0444,-0.0856441,17.2,2,122.181,89.1182,89.32,89.2436,89.48,323.666,8.35663,0.0678773,26.0444,0.001309,0.0118581,0.308838
33.7,1,0.00145444,26.0444,-0.147954,17.2,2,127.982,89.1593,89.2804,89.2804,89.4007,324.186,8.39203,0.068121,26.0444,0.00145444,0.0131757,0.343154
33.72,1,0.00145444,26.0444,-0.202992,17.1858,2,137.505,89.3186,89.16,89.4715,89.2786,324.706,8.42755,0.0683911,26.0444,0.00145444,0.0131757,0.343154
33.74,1.10532,0.00160762,26.0331,-0.225088,16.7787,2,117.277,89.1579,89.1664,89.28,89.2864,325.225,8.46321,0.0686615,26.0331,0.00160762,0.014557,0.378964
33.76,1.2,0.00174533,26.0222,-0.201943,16.4,2,143.987,89.0801,89.3199,89.28,89.5595,325.745,8.49901,0.0689658,26.0222,0.00174533,0.0157974,0.411082
33.78,1.2,0.00174533,26.0222,-0.146786,16,2,153.83,89.1268,89.1583,89.3268,89.3183,326.264,8.53495,0.069288,26.0222,0.00174533,0.0157974,0.411082
33.8,1.2,0.00174533,26.0222,-0.0856465,16,2,152.063,89.3187,89.0813,89.4724,89.2787,326.783,8.57106,0.0696039,26.0222,0.00174533,0.0157974,0.411082
33.82,1.2,0.00174533,26.0222,-0.0372985,16,2,150.075,89.123,89.1593,89.2793,89.2793,327.302,8.60734,0.0699198,26.0222,0.00174533,0.0157974,0.411082
33.84,1.3,0.00189077,26.0222,-0.00727662,16,2,153.709,89.12,89.2381,89.28,89.4781,327.821,8.64378,0.0702424,26.0222,0.00189077,0.0171138,0.445339
33.86,1.3,0.00189077,26.0222,0.00707842,16,2,164,89.1228,89.1593,89.3228,89.32,328.341,8.6804,0.0705912,26.0222,0.00189077,0.0171138,0.445339
33.88,1.3,0.00189077,26.0222,0.0110906,16,2,175.587,89.2738,89.08,89.4676,89.2779,328.86,8.7172,0.0709335,26.0222,0.00189077,0.0171138,0.445339
33.9,1.3,0.00189077,26.0222,0.00974772,15.6035,2,168,89.1203,89.08,89.3193,89.3193,329.379,8.75417,0.0712758,26.0222,0.00189077,0.0171138,0.445339
33.92,1.39743,0.00203247,26.0222,0.00655365,15.6,2,172,89.0769,89.1621,89.2441,89.48,329.898,8.79133,0.0716245,26.0222,0.00203247,0.0183964,0.478714
33.94,1.4,0.00203622,26.0222,0.00345645,15.6,2,174,89.1263,89.1579,89.3284,89.3179,330.417,8.82867,0.071999,26.0222,0.00203622,0.0184303,0.479596
33.96,1.4,0.00203622,26.0222,0.00123982,15.6,2,175.985,89.2797,89.0009,89.5594,89.28,330.936,8.8662,0.0723678,26.0222,0.00203622,0.0184303,0.479596
33.98,1.30364,0.00189607,26.0222,1.58122e-07,15.6,2,179.636,89.12,89.0829,89.3185,89.3229,331.455,8.90393,0.07273,26.0222,0.00189607,0.0171617,0.446586
34,1.4,0.00203622,26.0222,-0.000470902,15.6,2,171.948,89.081,89.2379,89.319,89.5559,331.974,8.94184,0.0730733,26.0222,0.00203622,0.0184303,0.479596
34.02,1.39732,0.00203232,26.0222,-0.000449552,15.6,2,182,89.1632,89.2368,89.4043,89.32,332.493,8.97993,0.073448,26.0222,0.00203232,0.018395,0.478678
34.04,1.39854,0.00203409,26.0222,-0.000172351,15.6,2,183.971,89.28,89.0806,89.5994,89.32,333.012,9.01822,0.0738158,26.0222,0.00203409,0.018411,0.479095
34.06,1.4,0.00203622,26.0222,0.000180866,15.2,2,186,89.16,89.121,89.32,89.3221,333.531,9.05669,0.0741842,26.0222,0.00203622,0.0184303,0.479596
34.08,1.4,0.00203622,26.0222,0.000453955,15.2,2,187.859,89.1115,89.24,89.3285,89.56,334.05,9.09536,0.0745529,26.0222,0.00203622,0.0184303,0.479596
34.1,1.4,0.00203622,26.0222,0.000465944,15.2,2,188,89.1219,89.2391,89.4019,89.3991,334.569,9.13422,0.0749215,26.0222,0.00203622,0.0184303,0.479596
34.12,1.4,0.00203622,26.0222,-2.11811e-05,15.2,2,188,89.32,89.08,89.5508,89.32,335.088,9.17327,0.0752901,26.0222,0.00203622,0.0184303,0.479596
34.14,1.4,0.00203622,26.0222,-0.00128359,15.2,2,190,89.1578,89.1266,89.32,89.3244,335.607,9.21252,0.0756587,26.0222,0.00203622,0.0184303,0.479596
34.16,1.4,0.00203622,26.0222,-0.00352537,15.2,2,190,89.1198,89.28,89.3205,89.56,336.126,9.25195,0.0760273,26.0222,0.00203622,0.0184303,0.479596
34.18,1.4046,0.0020429,26.0222,-0.00663783,15.2,2,191.632,89.2437,89.2363,89.4074,89.4382,336.645,9.29158,0.0763963,26.0222,0.0020429,0.0184908,0.481171
34.2,1.5,0.00218166,26.0222,-0.00981379,15.2,2,187.94,89.32,89.1206,89.6388,89.4,337.164,9.3314,0.0767726,26.0222,0.00218166,0.0197467,0.513853
34.22,1.5,0.00218166,26.0222,-0.0110698,15.2,2,192,89.24,89.1249,89.3967,89.3265,337.683,9.37142,0.0771739,26.0222,0.00218166,0.0197467,0.513853
34.24,1.5,0.00218166,26.0222,-0.0068608,15.2,2,192.107,89.1179,89.2821,89.3264,89.5979,338.202,9.41164,0.0775688,26.0222,0.00218166,0.0197467,0.513853
34.26,1.5,0.00218166,26.0222,0.00782847,15.2,2,194,89.16,89.28,89.44,89.4401,338.721,9.45208,0.0779637,26.0222,0.00218166,0.0197467,0.513853
34.28,1.5,0.00218166,26.0222,0.0382992,15.2,2,196,89.3186,89.0814,89.5905,89.3973,339.24,9.49271,0.0783587,26.0222,0.00218166,0.0197467,0.513853
34.3,1.5,0.00218166,26.0222,0.0870804,14.8049,2,190.074,89.2405,89.1595,89.399,89.399,339.758,9.53356,0.0787536,26.0222,0.00218166,0.0197467,0.513853
34.32,1.5,0.00218166,26.0222,0.148332,14.8,2,198.055,89.1578,89.32,89.4022,89.6,340.277,9.5746,0.0791485,26.0222,0.00218166,0.0197467,0.513853
34.34,1.5,0.00218166,26.0222,0.202866,14.8,2,203.883,89.2423,89.2765,89.4459,89.4388,340.796,9.61586,0.0795435,26.0222,0.00218166,0.0197467,0.513853
34.36,1.5,0.00218166,26.0335,0.224496,14.8,2,201.936,89.3974,89.16,89.7174,89.4,341.315,9.65732,0.0799385,26.0335,0.00218166,0.0197553,0.514299
34.38,1.5,0.00218166,26.0444,0.20033,14.3936,2,198.032,89.24,89.2403,89.4397,89.441,341.834,9.699,0.0803336,26.0444,0.00218166,0.0197636,0.514731
34.4,1.5,0.00218166,26.0444,0.143162,13.18,2,202,89.236,89.324,89.408,89.714,342.353,9.74091,0.0807289,26.0444,0.00218166,0.0197636,0.514731
34.42,1.5,0.00218166,26.0444,0.0790447,12.8,2,202,89.2782,89.3212,89.4812,89.4424,342.873,9.78302,0.0811242,26.0444,0.00218166,0.0197636,0.514731
34.44,1.5,0.00218166,26.0444,0.0275724,11.9882,2,205.941,89.4,89.16,89.6353,89.4,343.392,9.82533,0.0815195,26.0444,0.00218166,0.0197636,0.514731
34.46,1.5,0.00218166,26.0444,-0.00370459,10.7608,2,201.902,89.278,89.242,89.438,89.4839,343.911,9.86785,0.0819148,26.0444,0.00218166,0.0197636,0.514731
34.48,1.5,0.00218166,26.0444,-0.0138792,9.60998,2,200,89.24,89.319,89.4,89.716,344.43,9.91057,0.08231,26.0444,0.00218166,0.0197636,0.514731
34.5,1.5,0.00218166,26.0444,-0.00325215,8.78776,2,202,89.2449,89.3188,89.4873,89.48,344.949,9.9535,0.0827053,26.0444,0.00218166,0.0197636,0.514731
34.52,1.5,0.00218166,26.0444,0.0284896,8.02193,2,202,89.4378,89.2422,89.72,89.4422,345.468,9.99664,0.0831006,26.0444,0.00218166,0.0197636,0.514731
34.54,1.4,0.00203622,26.0444,0.0803706,7.5782,2,202,89.3178,89.2422,89.4778,89.4865,345.987,10.04,0.0834893,26.0444,0.00203622,0.018446,0.480416
34.56,1.4,0.00203622,26.0444,0.144615,6.8,2,202,89.1599,89.4,89.4804,89.72,346.506,10.0835,0.0838516,26.0444,0.00203622,0.018446,0.480416
34.58,1.4,0.00203622,26.0444,0.201328,6.8,2,202,89.2848,89.3184,89.4911,89.48,347.025,10.1272,0.0842205,26.0444,0.00203622,0.018446,0.480416
34.6,1.4,0.00203622,26.0559,0.224484,6.4115,2,202,89.4,89.28,89.7212,89.48,347.545,10.1711,0.0845895,26.0559,0.00203622,0.0184541,0.480837
34.62,1.3,0.00189077,26.0667,0.201859,5.9919,2,202,89.32,89.2408,89.4792,89.4816,348.064,10.2153,0.084952,26.0667,0.00189077,0.017143,0.446862
34.64,1.3,0.00189077,26.0667,0.146912,5.2,2,202,89.2364,89.4012,89.4436,89.7588,348.583,10.2596,0.0852883,26.0667,0.00189077,0.017143,0.446862
34.66,1.3,0.00189077,26.0667,0.0858597,5.2,2,202,89.2365,89.3235,89.56,89.5646,349.103,10.3041,0.0856312,26.0667,0.00189077,0.017143,0.446862
34.68,1.3,0.00189077,26.0667,0.0375787,4.79024,2,202,89.44,89.28,89.7556,89.4795,349.622,10.3488,0.0859741,26.0667,0.00189077,0.017143,0.446862
34.7,1.20282,0.00174943,26.0667,0.00765529,3.61129,2,202,89.2845,89.28,89.4777,89.4789,350.142,10.3936,0.0863105,26.0667,0.00174943,0.0158616,0.413458
34.72,1.2,0.00174533,26.0667,-0.00657083,1.98045,2,202,89.238,89.3229,89.4829,89.759,350.661,10.4387,0.0866212,26.0667,0.00174533,0.0158243,0.412488
34.74,1.2,0.00174533,26.0667,-0.0104943,0.764406,2,201.911,89.2853,89.3947,89.5689,89.56,351.18,10.4838,0.0869375,26.0667,0.00174533,0.0158243,0.412488
34.76,1.2,0.00174533,26.0667,-0.00925928,0,2,200,89.4,89.2406,89.76,89.4812,351.7,10.5292,0.0872539,26.0667,0.00174533,0.0158243,0.412488
34.78,1.2,0.00174533,26.0667,-0.00661419,0,2,200,89.28,89.2813,89.5591,89.5609,352.219,10.5747,0.0875704,26.0667,0.00174533,0.0158243,0.412488
34.8,1.1,0.00159989,26.0667,-0.00479867,0,2,200,89.2737,89.4421,89.4863,89.7579,352.738,10.6204,0.0878803,26.0667,0.00159989,0.0145056,0.378114
34.82,1.1,0.00159989,26.0667,-0.00481275,0,2,201.99,89.3192,89.4402,89.6,89.6006,353.258,10.6662,0.0881638,26.0667,0.00159989,0.0145056,0.378114
34.84,1.00026,0.00145482,26.0667,-0.00664878,0,2,201.995,89.4799,89.2803,89.7601,89.5601,353.777,10.7122,0.0884474,26.0667,0.00145482,0.0131904,0.343829
34.86,1,0.00145444,26.0667,-0.00928966,0,2,202,89.32,89.323,89.557,89.5659,354.296,10.7583,0.0887046,26.0667,0.00145444,0.0131869,0.34374
34.88,1,0.00145444,26.0667,-0.0104747,0,2,202,89.2772,89.4485,89.5657,89.7972,354.816,10.8046,0.0889683,26.0667,0.00145444,0.0131869,0.34374
34.9,1,0.00145444,26.0667,-0.00643327,0,2,202,89.2841,89.437,89.5661,89.599,355.335,10.8509,0.089232,26.0667,0.00145444,0.0131869,0.34374
34.92,1,0.00145444,26.0667,0.0079918,0,2,202,89.44,89.2813,89.7613,89.56,355.854,10.8975,0.0894958,26.0667,0.00145444,0.0131869,0.34374
34.94,0.901353,0.00131096,26.0667,0.0381766,0,2,204,89.3216,89.3195,89.5584,89.5589,356.373,10.9441,0.089753,26.0667,0.00131096,0.0118861,0.309831
34.96,0.9,0.001309,26.0667,0.086698,0,2,204,89.2768,89.44,89.5643,89.7989,356.893,10.9909,0.0899842,26.0667,0.001309,0.0118682,0.309366
34.98,0.9,0.001309,26.0667,0.147783,0,2,204,89.2764,89.44,89.6036,89.6048,357.412,11.0378,0.0902214,26.0667,0.001309,0.0118682,0.309366
35,0.9,0.001309,26.0667,0.202379,0,2,206,89.4795,89.32,89.7562,89.56,357.931,11.0849,0.0904588,26.0667,0.001309,0.0118682,0.309366
35.02,0.9,0.001309,26.078,0.22454,0,2,206,89.3239,89.32,89.5961,89.5987,358.45,11.132,0.0906962,26.078,0.001309,0.0118734,0.309634
35.04,0.8,0.00116355,26.0889,0.201702,0,2,208,89.319,89.481,89.6015,89.8,358.97,11.1793,0.0909271,26.0889,0.00116355,0.0105585,0.275461
35.06,0.8,0.00116355,26.0889,0.146903,0,2,208,89.3266,89.4378,89.6155,89.6,359.489,11.2268,0.0911317,26.0889,0.00116355,0.0105585,0.275461
35.08,0.8,0.00116355,26.0889,0.0860734,0,2,208,89.4798,89.3203,89.8003,89.6,360.009,11.2743,0.0913429,26.0889,0.00116355,0.0105585,0.275461
35.1,0.8,0.00116355,26.0889,0.037908,0,2,208.092,89.3237,89.4037,89.5982,89.6055,360.529,11.322,0.091554,26.0889,0.00116355,0.0105585,0.275461
35.12,0.8,0.00116355,26.0889,0.00781135,0,2,210,89.3209,89.48,89.5996,89.8783,361.048,11.3697,0.0917652,26.0889,0.00116355,0.0105585,0.275461
35.14,0.8,0.00116355,26.0889,-0.00709141,0,2,209.963,89.323,89.4785,89.6444,89.7185,361.568,11.4176,0.0919764,26.0889,0.00116355,0.0105585,0.275461
35.16,0.8,0.00116355,26.0889,-0.0123926,0,2,210,89.5555,89.32,89.7489,89.6,362.087,11.4656,0.0921876,26.0889,0.00116355,0.0105585,0.275461
35.18,0.700221,0.00101843,26.0889,-0.0132807,0,2,210,89.3202,89.4002,89.6398,89.6403,362.607,11.5137,0.0923921,26.0889,0.00101843,0.00924164,0.241104
35.2,0.795811,0.00115746,26.0889,-0.0131474,0,2,212,89.3183,89.5617,89.6434,89.875,363.126,11.5618,0.0925767,26.0889,0.00115746,0.0105033,0.274018
35.22,0.79847,0.00116133,26.0889,-0.0131326,0,2,212,89.3194,89.4818,89.72,89.6418,363.646,11.6101,0.0927932,26.0889,0.00116133,0.0105384,0.274934
35.24,0.7,0.00101811,26.0889,-0.0120468,0,2,214,89.5592,89.4,89.8012,89.64,364.166,11.6585,0.0929977,26.0889,0.00101811,0.00923873,0.241028
35.26,0.7,0.00101811,26.0889,-0.00647889,0,2,214,89.3227,89.4013,89.7146,89.7213,364.685,11.707,0.093176,26.0889,0.00101811,0.00923873,0.241028
35.28,0.7,0.00101811,26.0889,0.00871166,0,2,214,89.322,89.479,89.7159,89.9159,365.205,11.7556,0.0933607,26.0889,0.00101811,0.00923873,0.241028
35.3,0.7,0.00101811,26.0889,0.0389595,0,2,216.068,89.4027,89.4386,89.7682,89.7173,365.724,11.8043,0.0935455,26.0889,0.00101811,0.00923873,0.241028
35.32,0.7,0.00101811,26.0889,0.0868349,0,2,219.946,89.5578,89.4,89.8054,89.6011,366.244,11.8531,0.0937303,26.0889,0.00101811,0.00923873,0.241028
35.34,0.7,0.00101811,26.0889,0.146483,0,2,218,89.4407,89.4,89.7173,89.718,366.763,11.902,0.0939151,26.0889,0.00101811,0.00923873,0.241028
35.36,0.7,0.00101811,26.0889,0.198784,0,2,216.047,89.3972,89.6009,89.7219,89.9191,367.283,11.951,0.0940999,26.0889,0.00101811,0.00923873,0.241028
35.38,0.7,0.00101811,26.1001,0.217911,0,2,218,89.4085,89.5536,89.7749,89.72,367.802,12.0001,0.0942846,26.1001,0.00101811,0.00924269,0.241235
35.4,0.699327,0.00101713,26.1111,0.191964,0,2,219.987,89.5595,89.4003,89.7987,89.72,368.322,12.0493,0.0944695,26.1111,0.00101713,0.00923771,0.241207
35.42,0.6,0.000872665,26.1111,0.135825,0,2,220,89.4419,89.4837,89.7525,89.7656,368.842,12.0986,0.0946476,26.1111,0.000872665,0.00792565,0.206948
35.44,0.6,0.000872665,26.1111,0.0789754,0,2,219.866,89.432,89.608,89.7627,89.992,369.362,12.148,0.0947996,26.1111,0.000872665,0.00792565,0.206948
35.46,0.6,0.000872665,26.1111,0.0452722,0,2,218,89.4427,89.598,89.7647,89.76,369.882,12.1974,0.0949581,26.1111,0.000872665,0.00792565,0.206948
35.48,0.6,0.000872665,26.1111,0.045636,0,2,218,89.6,89.48,89.7861,89.72,370.401,12.247,0.0951166,26.1111,0.000872665,0.00792565,0.206948
35.5,0.5,0.000727221,26.1111,0.0799997,0,2,218,89.4783,89.4834,89.7583,89.7651,370.921,12.2966,0.0952685,26.1111,0.000727221,0.00660471,0.172456
35.52,0.5,0.000727221,26.1111,0.137249,0,2,218,89.44,89.7167,89.7592,89.9975,371.441,12.3463,0.095394,26.1111,0.000727221,0.00660471,0.172456
35.54,0.5,0.000727221,26.1111,0.193265,0,2,218,89.4881,89.5973,89.8162,89.7973,371.961,12.3961,0.0955261,26.1111,0.000727221,0.00660471,0.172456
35.56,0.5,0.000727221,26.1224,0.218439,0,2,216,89.72,89.48,89.874,89.7591,372.481,12.446,0.0956582,26.1224,0.000727221,0.00660757,0.172606
35.58,0.5,0.000727221,26.1333,0.198023,0,2,216,89.5554,89.5623,89.7954,89.8069,373.001,12.4959,0.0957904,26.1333,0.000727221,0.00661033,0.17275
35.6,0.5,0.000727221,26.1333,0.144004,0,2,216,89.4,89.7201,89.8001,89.9998,373.521,12.5459,0.0959226,26.1333,0.000727221,0.00661033,0.17275
35.62,0.5,0.000727221,26.1333,0.0820356,0,2,216,89.4862,89.5979,89.9282,89.8,374.042,12.596,0.0960548,26.1333,0.000727221,0.00661033,0.17275
35.64,0.5,0.000727221,26.1333,0.0312113,0,2,218,89.7153,89.4831,89.7984,89.7216,374.562,12.6462,0.096187,26.1333,0.000727221,0.00661033,0.17275
35.66,0.5,0.000727221,26.1333,-0.00182487,0,2,218,89.5607,89.56,89.7993,89.8778,375.082,12.6964,0.0963192,26.1333,0.000727221,0.00661033,0.17275
35.68,0.5,0.000727221,26.1333,-0.0175021,0,2,218.055,89.4789,89.6422,89.8,90.0367,375.602,12.7467,0.0964514,26.1333,0.000727221,0.00661033,0.17275
35.7,0.5,0.000727221,26.1333,-0.0174582,0,2,220,89.4788,89.6423,89.8777,89.8035,376.123,12.7971,0.0965837,26.1333,0.000727221,0.00661033,0.17275
35.72,0.5,0.000727221,26.1333,-0.00163069,0,2,220.016,89.6397,89.56,89.8791,89.76,376.643,12.8475,0.0967159,26.1333,0.000727221,0.00661033,0.17275
35.74,0.5,0.000727221,26.1333,0.03173,0,2,222.081,89.48,89.5616,89.8752,89.8848,377.163,12.898,0.0968481,26.1333,0.000727221,0.00661033,0.17275
35.76,0.5,0.000727221,26.1333,0.0831151,0,2,224,89.4409,89.7172,89.8772,90.0781,377.683,12.9486,0.0969803,26.1333,0.000727221,0.00661033,0.17275
35.78,0.5,0.000727221,26.1333,0.14583,0,2,224.032,89.4826,89.6387,89.9239,89.8013,378.203,12.9993,0.0971125,26.1333,0.000727221,0.00661033,0.17275
35.8,0.5,0.000727221,26.1333,0.200582,0,2,226,89.7197,89.56,89.8809,89.8003,378.724,13.05,0.0972447,26.1333,0.000727221,0.00661033,0.17275
35.82,0.4,0.000581776,26.1444,0.221419,0,2,226.088,89.5982,89.6053,89.8747,89.887,379.244,13.1008,0.0973703,26.1444,0.000581776,0.00529051,0.138317
35.84,0.4,0.000581776,26.1556,0.195917,0,2,228,89.4828,89.72,89.9144,90.0786,379.764,13.1516,0.0974695,26.1556,0.000581776,0.00529276,0.138435
35.86,0.4,0.000581776,26.1556,0.137924,0,2,230.049,89.6029,89.7571,90.0049,89.919,380.285,13.2026,0.0975754,26.1556,0.000581776,0.00529276,0.138435
35.88,0.4,0.000581776,26.1556,0.0755478,0,2,231.729,89.7573,89.6,89.9119,89.8054,380.806,13.2535,0.0976812,26.1556,0.000581776,0.00529276,0.138435
35.9,0.4,0.000581776,26.1556,0.0313381,0,2,228,89.6,89.6425,89.9175,90.0008,381.326,13.3046,0.0977871,26.1556,0.000581776,0.00529276,0.138435
35.92,0.4,0.000581776,26.1556,0.0159857,0,2,228,89.5612,89.7988,89.9165,90.1565,381.847,13.3557,0.0978929,26.1556,0.000581776,0.00529276,0.138435
35.94,0.4,0.000581776,26.1556,0.0321097,0,2,226,89.6404,89.7596,90.0405,89.92,382.368,13.4068,0.0979988,26.1556,0.000581776,0.00529276,0.138435
35.96,0.4,0.000581776,26.1556,0.0767337,0,2,226,89.7981,89.6,89.9144,89.88,382.888,13.4581,0.0981047,26.1556,0.000581776,0.00529276,0.138435
35.98,0.4,0.000581776,26.1556,0.138706,0,2,224.006,89.6005,89.6399,89.9196,89.9996,383.409,13.5093,0.0982105,26.1556,0.000581776,0.00529276,0.138435
36,0.4,0.000581776,26.1556,0.194996,0,2,224,89.56,89.8,90.0384,90.1535,383.929,13.5606,0.0983164,26.1556,0.000581776,0.00529276,0.138435
36.02,0.4,0.000581776,26.1671,0.217481,0,2,222.02,89.7184,89.7604,90.0792,89.9208,384.45,13.612,0.0984222,26.1671,0.000581776,0.0052951,0.138558
36.04,0.4,0.000581776,26.1778,0.193177,0,2,221.888,89.7978,89.72,89.92,89.8822,384.971,13.6635,0.0985282,26.1778,0.000581776,0.00529726,0.13867
36.06,0.4,0.000581776,26.1778,0.136106,0,2,220,89.6003,89.7203,89.9197,90.0409,385.492,13.715,0.0986341,26.1778,0.000581776,0.00529726,0.13867
36.08,0.4,0.000581776,26.1778,0.0744193,0,2,220.101,89.5939,89.882,90.038,90.1919,386.013,13.7666,0.0987401,26.1778,0.000581776,0.00529726,0.13867
36.1,0.4,0.000581776,26.1778,0.0305461,0,2,220.021,89.5987,89.7617,90.0792,90.0004,386.534,13.8182,0.098846,26.1778,0.000581776,0.00529726,0.13867
36.12,0.4,0.000581776,26.1778,0.0151576,0,2,219.866,89.9187,89.72,89.92,89.9227,387.055,13.8699,0.098952,26.1778,0.000581776,0.00529726,0.13867
36.14,0.4,0.000581776,26.1778,0.0310258,0,2,218,89.72,89.7218,89.9182,90.0453,387.576,13.9217,0.0990579,26.1778,0.000581776,0.00529726,0.13867
36.16,0.4,0.000581776,26.1778,0.0754934,0,2,216.05,89.642,89.877,90.075,90.16,388.097,13.9735,0.0991638,26.1778,0.000581776,0.00529726,0.13867
36.18,0.4,0.000581776,26.1778,0.137909,0,2,218.042,89.7234,89.7992,90.1617,90,388.618,14.0254,0.0992698,26.1778,0.000581776,0.00529726,0.13867
36.2,0.4,0.000581776,26.1778,0.195817,0,2,218,89.9176,89.64,90.0024,89.9247,389.139,14.0773,0.0993757,26.1778,0.000581776,0.00529726,0.13867
36.22,0.4,0.000581776,26.189,0.221328,0,2,217.984,89.76,89.7609,89.9991,90.0809,389.66,14.1293,0.0994817,26.189,0.000581776,0.00529953,0.138789
36.24,0.4,0.000581776,26.2,0.200958,0,2,216,89.7181,89.92,90.04,90.1981,390.181,14.1813,0.0995877,26.2,0.000581776,0.00530175,0.138906
36.26,0.4,0.000581776,26.2,0.147467,0,2,212.113,89.7668,89.7577,90.2023,90.0377,390.703,14.2334,0.0996937,26.2,0.000581776,0.00530175,0.138906
36.28,0.4,0.000581776,26.2,0.0868745,0,2,212.01,89.9198,89.72,90.0012,89.9204,391.224,14.2856,0.0997998,26.2,0.000581776,0.00530175,0.138906
36.3,0.4,0.000581776,26.2,0.0380663,0,2,210,89.72,89.7235,90,90.0852,391.745,14.3379,0.0999058,26.2,0.000581776,0.00530175,0.138906
36.32,0.4,0.000581776,26.2,0.0065996,0,2,208.031,89.6412,89.9181,90.1575,90.2,392.267,14.3901,0.100012,26.2,0.000581776,0.00530175,0.138906
36.34,0.4,0.000581776,26.2,-0.0102113,0,2,205.953,89.7628,89.7991,90.2009,90,392.788,14.4425,0.100118,26.2,0.000581776,0.00530175,0.138906
36.36,0.4,0.000581776,26.2,-0.0175085,0,2,203.753,89.8751,89.7225,89.9274,90.0025,393.31,14.4949,0.100224,26.2,0.000581776,0.00530175,0.138906
36.38,0.4,0.000581776,26.2,-0.0194719,0,2,200,89.7203,89.7608,90,90.0811,393.831,14.5474,0.10033,26.2,0.000581776,0.00530175,0.138906
36.4,0.4,0.000581776,26.2,-0.017664,0,2,199.908,89.6437,89.92,90.0782,90.1945,394.352,14.5999,0.100436,26.2,0.000581776,0.00530175,0.138906
36.42,0.4,0.000581776,26.2,-0.0105457,0,2,198,89.7991,89.8013,90.1982,90.0009,394.874,14.6524,0.100542,26.2,0.000581776,0.00530175,0.138906
36.44,0.4,0.000581776,26.2,0.00606911,0,2,196.112,89.9193,89.7993,89.926,89.9215,395.395,14.7051,0.100648,26.2,0.000581776,0.00530175,0.138906
36.46,0.4,0.000581776,26.2,0.037389,0,2,196,89.7612,89.8037,90,90.1625,395.916,14.7577,0.100754,26.2,0.000581776,0.00530175,0.138906
36.48,0.4,0.000581776,26.2,0.0862556,0,2,194.053,89.7221,89.9979,90.1558,90.24,396.438,14.8105,0.10086,26.2,0.000581776,0.00530175,0.138906
36.5,0.4,0.000581776,26.2,0.147369,0,2,188.125,89.8038,89.8762,90.24,90.04,396.959,14.8633,0.100966,26.2,0.000581776,0.00530175,0.138906
36.52,0.4,0.000581776,26.2,0.202156,0,2,188.133,89.9973,89.76,89.9306,90.0013,397.48,14.9161,0.101072,26.2,0.000581776,0.00530175,0.138906
36.54,0.4,0.000581776,26.211,0.224816,0,2,188,89.8,89.8034,90.0017,90.1634,398.002,14.969,0.101178,26.211,0.000581776,0.00530397,0.139022
36.56,0.4,0.000581776,26.2222,0.202445,0,2,189.984,89.7206,89.9197,90.1591,90.2003,398.523,15.022,0.101284,26.2222,0.000581776,0.00530625,0.139142
36.58,0.4,0.000581776,26.2222,0.147697,0,2,183.831,89.8834,89.8777,90.2389,90.0389,399.045,15.075,0.10139,26.2222,0.000581776,0.00530625,0.139142
36.6,0.4,0.000581776,26.2222,0.0865168,0,2,178,90,89.7611,89.9277,89.9222,399.567,15.1282,0.101497,26.2222,0.000581776,0.00530625,0.139142
36.62,0.4,0.000581776,26.2222,0.0379072,0,2,170.095,89.8019,89.8809,90.0009,90.1619,400.089,15.1813,0.101603,26.2222,0.000581776,0.00530625,0.139142
36.64,0.4,0.000581776,26.2222,0.00760736,0,2,173.909,89.76,89.92,90.0782,90.1946,400.61,15.2345,0.101709,26.2222,0.000581776,0.00530625,0.139142
36.66,0.4,0.000581776,26.2222,-0.00694328,0,2,170.017,89.9186,89.8803,90.2383,90.0403,401.132,15.2878,0.101815,26.2222,0.000581776,0.00530625,0.139142
36.68,0.303499,0.000441422,26.2222,-0.0110359,0,2,167.93,90.0386,89.8028,90.0014,90.0014,401.654,15.3412,0.101915,26.2222,0.000441422,0.00402611,0.105574
36.7,0.301267,0.000438176,26.2222,-0.00965925,0,2,164.025,89.8025,89.9195,90.0005,90.1585,402.176,15.3945,0.101989,26.2222,0.000438176,0.0039965,0.104797
36.72,0.397055,0.000577493,26.2222,-0.0063381,0,2,161.941,89.7635,90.0412,90.08,90.1576,402.697,15.4479,0.102075,26.2222,0.000577493,0.00526718,0.138117
36.74,0.394336,0.000573538,26.2222,-0.00306509,0,2,160,90.0023,89.9132,90.2355,90.0377,403.219,15.5014,0.102186,26.2222,0.000573538,0.00523111,0.137171
36.76,0.3,0.000436332,26.2222,-0.000710824,0,2,160,90.04,89.8,90.0005,90,403.741,15.5549,0.102285,26.2222,0.000436332,0.00397969,0.104356
36.78,0.3,0.000436332,26.2222,0.000475677,0,2,158.084,89.8,89.925,90.0017,90.1634,404.262,15.6085,0.102358,26.2222,0.000436332,0.00397969,0.104356
36.8,0.3,0.000436332,26.2222,0.000473742,0,2,156.062,89.7606,90.0794,90.0794,90.2006,404.784,15.6621,0.102437,26.2222,0.000436332,0.00397969,0.104356
36.82,0.3,0.000436332,26.2222,-0.000716396,0,2,157.841,89.9232,89.8768,90.3521,90.0768,405.306,15.7158,0.102517,26.2222,0.000436332,0.00397969,0.104356
36.84,0.3,0.000436332,26.2222,-0.00307328,0,2,153.614,89.9978,89.8,89.9233,90.0011,405.828,15.7695,0.102597,26.2222,0.000436332,0.00397969,0.104356
36.86,0.203067,0.00029535,26.2222,-0.00634621,0,2,145.816,89.8812,89.8775,89.9237,90.1951,406.349,15.8232,0.10267,26.2222,0.00029535,0.00269382,0.0706378
36.88,0.2,0.000290888,26.2222,-0.00966171,0,2,150.019,89.76,90.0396,90.08,90.1988,406.871,15.877,0.102717,26.2222,0.000290888,0.00265313,0.0695708
36.9,0.2,0.000290888,26.2222,-0.0110233,0,2,148.296,89.9239,89.8761,90.3501,90,407.393,15.9307,0.10277,26.2222,0.000290888,0.00265313,0.0695708
36.92,0.2,0.000290888,26.2222,-0.00690278,0,2,150.04,90,89.8,89.9224,90,407.914,15.9846,0.102823,26.2222,0.000290888,0.00265313,0.0695708
36.94,0.2,0.000290888,26.2222,0.00768867,0,2,145.812,89.88,89.9228,89.9228,90.2028,408.436,16.0384,0.102876,26.2222,0.000290888,0.00265313,0.0695708
36.96,0.2,0.000290888,26.2222,0.038034,0,2,141.896,89.8021,90.079,90.04,90.1642,408.958,16.0923,0.102929,26.2222,0.000290888,0.00265313,0.0695708
36.98,0.2,0.000290888,26.2222,0.0866708,0,2,138.055,90.0007,89.9189,90.3574,90.0396,409.479,16.1462,0.102982,26.2222,0.000290888,0.00265313,0.0695708
37,0.2,0.000290888,26.2222,0.147816,0,2,140,90.0336,89.8864,89.9264,90.0043,410.001,16.2001,0.103035,26.2222,0.000290888,0.00265313,0.0695708
37.02,0.2,0.000290888,26.2222,0.202417,0,2,139.977,89.88,90,89.9219,90.2005,410.523,16.2541,0.103088,26.2222,0.000290888,0.00265313,0.0695708
37.04,0.107297,0.000156057,26.2335,0.224528,0,2,138,89.8058,90.08,90.0858,90.1542,411.044,16.308,0.103135,26.2335,0.000156057,0.00142397,0.0373559
37.06,0.2,0.000290888,26.2444,0.201583,0,2,136,90.0018,89.9982,90.353,90.0391,411.566,16.3621,0.103164,26.2444,0.000290888,0.00265537,0.0696888
37.08,0.1,0.000145444,26.2444,0.146629,0,2,133.511,90.0751,89.8824,89.9273,90.0473,412.088,16.4161,0.103216,26.2444,0.000145444,0.00132769,0.0348444
37.1,0.1,0.000145444,26.2444,0.0856239,0,2,133.999,89.88,90,90,90.2401,412.61,16.4702,0.103236,26.2444,0.000145444,0.00132769,0.0348444
37.12,0.1,0.000145444,26.2444,0.0373444,0,2,131.908,90.0418,90.36,90.0455,90.0782,413.133,16.5243,0.103263,26.2444,0.000145444,0.00132769,0.0348444
37.14,0.1,0.000145444,26.2444,0.00734779,0,2,130,89.8047,89.9274,90.3567,90.0793,413.655,16.5784,0.103289,26.2444,0.000145444,0.00132769,0.0348444
37.16,0.0971814,0.000141345,26.2444,-0.00700709,0,2,128,89.769,89.5735,90.0011,90.0434,414.177,16.6326,0.103316,26.2444,0.000141345,0.00129026,0.0338623
37.18,0,0,26.2444,-0.0110365,0,2,129.948,90.08,90.1958,89.8842,90.199,414.699,16.6867,0.103335,26.2444,0,0,0
37.2,0,0,26.2444,-0.00973134,0,2,125.904,89.6038,89.9981,90.041,90.08,415.221,16.7409,0.103328,26.2444,0,0,0
37.22,0,0,26.2444,-0.00660664,0,2,122,90.0337,89.9982,90.2364,90.0018,415.743,16.795,0.103328,26.2444,0,0,0
37.24,0,0,26.2444,-0.00362152,0,2,120.194,90.0019,89.8048,89.6048,89.721,416.265,16.8491,0.103328,26.2444,0,0,0
37.26,0,0,26.2444,-0.00155765,0,2,124.203,89.88,89.8841,90.2081,90.3681,416.787,16.9033,0.103328,26.2444,0,0,0
37.28,0,0,26.2444,-0.000476727,0,2,141.134,89.7238,90.1542,90.0781,90.2246,417.309,16.9574,0.103328,26.2444,0,0,0
37.3,0,0,26.2444,-7.90923e-05,0,2,124,89.9997,89.8803,90.1997,89.8801,417.831,17.0115,0.103328,26.2444,0,0,0
37.32,-0.0959967,-0.000139622,26.2444,7.92648e-05,0,2,118.16,89.9952,89.8816,90.0384,90.0832,418.354,17.0657,0.103322,26.2444,-0.000139622,-0.00127454,-0.0334495
37.34,-0.1,-0.000145444,26.2444,0.000477399,0,2,122,89.88,90.0036,89.8872,90.16,418.876,17.1198,0.10329,26.2444,-0.000145444,-0.00132769,-0.0348444
37.36,-0.1,-0.000145444,26.2444,0.00155924,0,2,123.955,89.7627,90.1582,90.04,90.0818,419.398,17.1739,0.103263,26.2444,-0.000145444,-0.00132769,-0.0348444
37.38,-0.1,-0.000145444,26.2444,0.00362424,0,2,122.057,90.0011,89.92,90.2309,90.0366,419.92,17.228,0.103237,26.2444,-0.000145444,-0.00132769,-0.0348444
37.4,-0.1,-0.000145444,26.2444,0.00661014,0,2,122.056,90.04,89.92,89.92,89.9978,420.442,17.2821,0.10321,26.2444,-0.000145444,-0.00132769,-0.0348444
37.42,-0.1,-0.000145444,26.2444,0.00973431,0,2,122,89.88,90.002,89.924,90.2,420.964,17.3362,0.103183,26.2444,-0.000145444,-0.00132769,-0.0348444
37.44,-0.1,-0.000145444,26.2444,0.0110361,0,2,122,89.7637,90.1575,90.0437,90.1563,421.486,17.3902,0.103157,26.2444,-0.000145444,-0.00132769,-0.0348444
37.46,-0.1,-0.000145444,26.2444,0.00699886,0,2,122,89.9967,89.9244,90.1989,90.0011,422.008,17.4443,0.10313,26.2444,-0.000145444,-0.00132769,-0.0348444
37.48,-0.1,-0.000145444,26.2444,-0.00736973,0,2,124,89.9963,89.92,90,90.0422,422.53,17.4983,0.103104,26.2444,-0.000145444,-0.00132769,-0.0348444
37.5,-0.1,-0.000145444,26.2444,-0.0373852,0,2,125.937,89.8,89.9975,89.9225,90.2375,423.052,17.5523,0.103077,26.2444,-0.000145444,-0.00132769,-0.0348444
37.52,-0.1,-0.000145444,26.2444,-0.0856837,0,2,126,89.7206,90.0397,89.9217,90.0797,423.574,17.6063,0.103051,26.2444,-0.000145444,-0.00132769,-0.0348444
37.54,-0.1,-0.000145444,26.2444,-0.146696,0,2,126,89.9215,89.8785,90.1939,89.9985,424.097,17.6603,0.103024,26.2444,-0.000145444,-0.00132769,-0.0348444
37.56,-0.1,-0.000145444,26.2444,-0.20163,0,2,124.119,89.9176,89.8824,89.9953,90.0047,424.619,17.7143,0.102998,26.2444,-0.000145444,-0.00132769,-0.0348444
37.58,-0.000912367,-1.32698e-06,26.2335,-0.224529,0,2,126,89.8007,89.92,89.92,90.1989,425.141,17.7682,0.102978,26.2335,-1.32698e-06,-1.21083e-05,-0.000317644
37.6,-0.1,-0.000145444,26.2222,-0.202374,0,2,126,89.7213,90.0391,90.0016,90.0797,425.663,17.8222,0.102977,26.2222,-0.000145444,-0.00132656,-0.0347854
37.62,-0.1,-0.000145444,26.2222,-0.147759,0,2,126.099,90,89.88,90.1841,89.996,426.184,17.8761,0.102944,26.2222,-0.000145444,-0.00132656,-0.0347854
37.64,-0.1,-0.000145444,26.2222,-0.0866307,0,2,129.951,90,89.88,89.919,89.998,426.706,17.93,0.102918,26.2222,-0.000145444,-0.00132656,-0.0347854
37.66,-0.1,-0.000145444,26.2222,-0.0380219,0,2,131.931,89.8773,90.0014,89.9255,90.2386,427.227,17.9838,0.102891,26.2222,-0.000145444,-0.00132656,-0.0347854
37.68,-0.1,-0.000145444,26.2222,-0.00769697,0,2,131.951,89.761,90.079,89.9239,90.0439,427.749,18.0377,0.102865,26.2222,-0.000145444,-0.00132656,-0.0347854
37.7,0,0,26.2222,0.00689799,0,2,134.045,90,89.88,90.1929,90,428.271,18.0915,0.102845,26.2222,0,0,0
37.72,0,0,26.2222,0.0110616,0,2,136.118,89.9882,89.8824,89.9953,90.0424,428.792,18.1454,0.102851,26.2222,0,0,0
37.74,0,0,26.2222,0.00979563,0,2,138,89.8,89.9981,89.92,90.1971,429.314,18.1992,0.102851,26.2222,0,0,0
37.76,0,0,26.2222,0.00662995,0,2,140,89.7222,90.0383,90.0028,90.04,429.836,18.2531,0.102851,26.2222,0,0,0
37.78,0,0,26.2222,0.00353424,0,2,141.886,89.9246,89.8754,90.144,89.9954,430.358,18.3069,0.102851,26.2222,0,0,0
37.8,0,0,26.2222,0.00130276,0,2,138.009,89.9204,89.8,89.9995,89.9996,430.879,18.3607,0.102851,26.2222,0,0,0
37.82,0,0,26.2222,3.02364e-05,0,2,140.186,89.76,89.9256,90.0037,90.2363,431.401,18.4146,0.102851,26.2222,0,0,0
37.84,0.1,0.000145444,26.2222,-0.00050293,0,2,144,89.7236,90.0727,90.0491,90.04,431.923,18.4684,0.102858,26.2222,0.000145444,0.00132656,0.0347854
37.86,0.1,0.000145444,26.2222,-0.000586861,0,2,147.964,89.9189,89.8011,90.1607,90.0004,432.444,18.5223,0.102891,26.2222,0.000145444,0.00132656,0.0347854
37.88,0.1,0.000145444,26.2222,-0.000462598,0,2,144,89.9173,89.88,89.9982,90.0409,432.966,18.5762,0.102918,26.2222,0.000145444,0.00132656,0.0347854
37.9,0.1,0.000145444,26.2222,-0.000286039,0,2,146,89.7975,89.9274,90.0025,90.2351,433.488,18.6301,0.102944,26.2222,0.000145444,0.00132656,0.0347854
37.92,0.100739,0.000146519,26.2222,-0.000136107,0,2,146.015,89.7609,89.9994,90.0024,90.04,434.009,18.684,0.102971,26.2222,0.000146519,0.00133637,0.0350426
37.94,0.2,0.000290888,26.2222,-3.89337e-05,0,2,148,89.9229,89.92,90.1923,90,434.531,18.7379,0.103004,26.2222,0.000290888,0.00265313,0.0695708
37.96,0.2,0.000290888,26.2222,8.01017e-06,0,2,150,89.9928,89.9176,89.9952,90.0096,435.053,18.7918,0.103064,26.2222,0.000290888,0.00265313,0.0695708
37.98,0.2,0.000290888,26.2222,1.85475e-05,0,2,150,89.7997,89.9207,90.0403,90.2393,435.574,18.8458,0.103117,26.2222,0.000290888,0.00265313,0.0695708
38,0.3,0.000436332,26.2222,8.29942e-06,0,2,150,89.7281,90.0719,90.0541,90.04,436.096,18.8998,0.103177,26.2222,0.000436332,0.00397969,0.104356
38.02,0.3,0.000436332,26.2222,-8.55118e-06,0,2,150.015,90.0003,89.7997,90.1579,90,436.618,18.9538,0.103263,26.2222,0.000436332,0.00397969,0.104356
38.04,0.3,0.000436332,26.2222,-1.87029e-05,0,2,150.022,90.0004,89.7996,90.0383,90.0791,437.139,19.0079,0.103342,26.2222,0.000436332,0.00397969,0.104356
38.06,0.304033,0.000442198,26.2222,-7.93696e-06,0,2,152,89.8752,89.9232,90.0416,90.1568,437.661,19.062,0.103422,26.2222,0.000442198,0.00403318,0.105759
38.08,0.4,0.000581776,26.2222,3.94194e-05,0,2,152,89.7209,90,90.0409,90.0409,438.182,19.1162,0.10351,26.2222,0.000581776,0.00530625,0.139142
38.1,0.5,0.000727221,26.2222,0.000137212,0,2,152.058,90.0412,89.88,90.153,90.04,438.704,19.1704,0.103629,26.2222,0.000727221,0.00663281,0.173927
38.12,0.5,0.000727221,26.2222,0.000287887,0,2,152.041,90.0016,89.88,90.0375,90.0008,439.226,19.2247,0.103768,26.2222,0.000727221,0.00663281,0.173927
38.14,0.5,0.000727221,26.2222,0.000465029,0,2,151.997,89.8,89.9201,90.0401,90.2399,439.747,19.279,0.103901,26.2222,0.000727221,0.00663281,0.173927
38.16,0.504686,0.000734037,26.2222,0.000589113,0,2,150,89.8056,90.0381,90.0912,90.04,440.269,19.3335,0.104034,26.2222,0.000734037,0.00669498,0.175557
38.18,0.6,0.000872665,26.2222,0.000503281,0,2,150,89.9984,89.8825,90.0849,90.0008,440.791,19.388,0.104174,26.2222,0.000872665,0.00795938,0.208713
38.2,0.6,0.000872665,26.2222,-3.4714e-05,0,2,150,89.996,89.804,90.036,90.0827,441.312,19.4425,0.10434,26.2222,0.000872665,0.00795938,0.208713
38.22,0.6,0.000872665,26.2222,-0.00131601,0,2,150,89.88,89.9983,90.0374,90.2383,441.834,19.4972,0.104499,26.2222,0.000872665,0.00795938,0.208713
38.24,0.698492,0.00101591,26.2222,-0.00356006,0,2,150,89.76,90.04,90.0794,90.0406,442.355,19.552,0.104665,26.2222,0.00101591,0.00926593,0.242973
38.26,0.696884,0.00101358,26.2222,-0.00666935,0,2,150,90.0012,89.88,90.0738,90,442.877,19.6068,0.104856,26.2222,0.00101358,0.0092446,0.242414
38.28,0.6,0.000872665,26.2222,-0.00984219,0,2,150,89.9233,89.88,90.0356,90.0389,443.398,19.6617,0.105035,26.2222,0.000872665,0.00795938,0.208713
38.3,0.7,0.00101811,26.2222,-0.011095,0,2,152.03,89.8782,89.9212,90.08,90.2388,443.92,19.7168,0.105194,26.2222,0.00101811,0.00928594,0.243498
38.32,0.7,0.00101811,26.2222,-0.00687785,0,2,154,89.767,89.9947,90.1688,90.04,444.442,19.7719,0.105386,26.2222,0.00101811,0.00928594,0.243498
38.34,0.7,0.00101811,26.2222,0.0078338,0,2,156,90.04,89.8,90.0374,90,444.963,19.8271,0.105572,26.2222,0.00101811,0.00928594,0.243498
38.36,0.7,0.00101811,26.2222,0.0383519,0,2,154.023,89.9986,89.8805,90.0386,90.0814,445.485,19.8824,0.105758,26.2222,0.00101811,0.00928594,0.243498
38.38,0.7,0.00101811,26.2222,0.0872131,0,2,154.096,89.8742,90.0019,90.08,90.2323,446.006,19.9378,0.105944,26.2222,0.00101811,0.00928594,0.243498
38.4,0.7,0.00101811,26.2222,0.148573,0,2,156,89.7994,90.0794,90.1588,90.08,446.528,19.9933,0.106129,26.2222,0.00101811,0.00928594,0.243498
38.42,0.7,0.00101811,26.2222,0.20334,0,2,156,90.04,89.88,90.0389,90.0011,447.049,20.0489,0.106315,26.2222,0.00101811,0.00928594,0.243498
38.44,0.7,0.00101811,26.234,0.225883,0,2,156.084,89.995,89.9233,90.0383,90.085,447.571,20.1046,0.106501,26.234,0.00101811,0.0092901,0.243716
38.46,0.7,0.00101811,26.2444,0.204359,0,2,156.029,89.88,90.0394,90.0788,90.2394,448.092,20.1605,0.106687,26.2444,0.00101811,0.00929381,0.243911
38.48,0.703138,0.00102267,26.2444,0.15221,0,2,157.937,89.8838,90.0362,90.1663,90.04,448.614,20.2164,0.106873,26.2444,0.00102267,0.00933547,0.245004
38.5,0.8,0.00116355,26.2444,0.0945843,0,2,157.939,90.0388,89.8812,90.0497,90.0012,449.136,20.2724,0.107066,26.2444,0.00116355,0.0106215,0.278755
38.52,0.7,0.00101811,26.2444,0.0479328,0,2,156.025,89.9195,89.88,90.0395,90.0815,449.658,20.3286,0.107278,26.2444,0.00101811,0.00929381,0.243911
38.54,0.798547,0.00116144,26.2444,0.0139419,0,2,158,89.88,89.9983,90.1577,90.2394,450.18,20.3848,0.107464,26.2444,0.00116144,0.0106022,0.278249
38.56,0.8,0.00116355,26.2444,-0.0152714,0,2,156,89.8044,89.9956,90.2059,90.04,450.702,20.4412,0.107683,26.2444,0.00116355,0.0106215,0.278755
38.58,0.8,0.00116355,26.2444,-0.0504706,0,2,156,90.0371,89.802,90.0479,90.001,451.224,20.4977,0.107895,26.2444,0.00116355,0.0106215,0.278755
38.6,0.7,0.00101811,26.2444,-0.0991978,0,2,156,89.92,89.8001,90.04,90.0801,451.746,20.5542,0.108101,26.2444,0.00101811,0.00929381,0.243911
38.62,0.8,0.00116355,26.2444,-0.158901,0,2,156,89.8734,90.0022,90.1534,90.1934,452.267,20.6109,0.108287,26.2444,0.00116355,0.0106215,0.278755
38.64,0.8,0.00116355,26.2444,-0.21161,0,2,156,89.8101,89.9939,90.2061,90.04,452.789,20.6677,0.108506,26.2444,0.00116355,0.0106215,0.278755
38.66,0.8,0.00116355,26.2334,-0.230253,0,2,156,90,89.8003,90.0012,90.0001,453.311,20.7246,0.108718,26.2334,0.00116355,0.010617,0.278521
38.68,0.8,0.00116355,26.2222,-0.199282,0,2,156,89.9184,89.8816,90.0384,90.0863,453.832,20.7816,0.108931,26.2222,0.00116355,0.0106125,0.278283
38.7,0.8,0.00116355,26.2222,-0.128156,0,2,156,89.88,89.999,90.079,90.2005,454.354,20.8386,0.109143,26.2222,0.00116355,0.0106125,0.278283
38.72,0.8,0.00116355,26.2222,-0.04074,0,2,158,89.809,90.0328,90.2054,90.04,454.875,20.8958,0.109355,26.2222,0.00116355,0.0106125,0.278283
38.74,0.8,0.00116355,26.2222,0.0418267,0,2,158,90,89.8017,90.0069,90.0009,455.396,20.9531,0.109567,26.2222,0.00116355,0.0106125,0.278283
38.76,0.8,0.00116355,26.2222,0.10294,0,2,158,89.9192,89.8823,90.0392,90.083,455.918,21.0105,0.10978,26.2222,0.00116355,0.0106125,0.278283
38.78,0.8,0.00116355,26.2222,0.123615,0,2,158.123,89.8726,90.04,90.1551,90.2302,456.439,21.068,0.109992,26.2222,0.00116355,0.0106125,0.278283
38.8,0.8,0.00116355,26.2335,0.0888222,0,2,160,89.8007,89.9993,90.24,90.0398,456.96,21.1256,0.110204,26.2335,0.00116355,0.0106171,0.278523
38.82,0.8,0.00116355,26.2444,0.00974153,0,2,160.11,90,89.8,89.9266,90.0022,457.482,21.1834,0.110417,26.2444,0.00116355,0.0106215,0.278755
38.84,0.8,0.00116355,26.2335,-0.0711802,0,2,162,89.88,89.8084,90.0372,90.1656,458.003,21.2413,0.110629,26.2335,0.00116355,0.0106171,0.278522
38.86,0.8,0.00116355,26.2222,-0.113068,0,2,163.962,89.7985,90.0008,90.1577,90.1977,458.525,21.2993,0.110841,26.2222,0.00116355,0.0106125,0.278283
38.88,0.8,0.00116355,26.2222,-0.108974,0,2,162.111,89.8067,89.9133,90.2022,90.0378,459.046,21.3573,0.111054,26.2222,0.00116355,0.0106125,0.278283
38.9,0.8,0.00116355,26.2222,-0.0791709,0,2,164,89.9991,89.8,89.9234,90,459.567,21.4155,0.111266,26.2222,0.00116355,0.0106125,0.278283
38.92,0.8,0.00116355,26.2222,-0.0455118,0,2,166.057,89.8777,89.88,90.04,90.1623,460.088,21.4738,0.111478,26.2222,0.00116355,0.0106125,0.278283
38.94,0.8,0.00116355,26.2222,-0.0193274,0,2,169.908,89.7582,89.9237,90.1563,90.1945,460.61,21.5322,0.11169,26.2222,0.00116355,0.0106125,0.278283
38.96,0.8,0.00116355,26.2222,-0.00326288,0,2,168,89.799,89.921,90.317,90.0405,461.131,21.5907,0.111903,26.2222,0.00116355,0.0106125,0.278283
38.98,0.8,0.00116355,26.2222,0.00433752,0,2,168,90,89.761,90.001,90.001,461.652,21.6493,0.112115,26.2222,0.00116355,0.0106125,0.278283
39,0.8,0.00116355,26.2222,0.0064515,0,2,168.132,89.8,89.8053,90.0026,90.1653,462.173,21.7081,0.112327,26.2222,0.00116355,0.0106125,0.278283
39.02,0.8,0.00116355,26.2222,0.00577554,0,2,170.016,89.7597,90.0003,90.1594,90.1987,462.694,21.7669,0.112539,26.2222,0.00116355,0.0106125,0.278283
39.04,0.8,0.00116355,26.2222,0.00411434,0,2,172,89.7979,89.9232,90.2357,90.04,463.215,21.8259,0.112752,26.2222,0.00116355,0.0106125,0.278283
39.06,0.8,0.00116355,26.2222,0.00234089,0,2,174,90,89.8,90.0008,90.0008,463.736,21.8849,0.112964,26.2222,0.00116355,0.0106125,0.278283
39.08,0.794218,0.00115514,26.2222,0.000612437,0,2,174,89.8754,89.8823,90.0023,90.1646,464.257,21.9441,0.113176,26.2222,0.00115514,0.0105358,0.276272
39.1,0.79953,0.00116287,26.2222,-0.00133058,0,2,174,89.8,89.9996,90.1594,90.2002,464.779,22.0034,0.113386,26.2222,0.00116287,0.0106063,0.27812
39.12,0.8,0.00116355,26.2222,-0.00383681,0,2,176,89.8858,89.9903,90.3522,90.0781,465.3,22.0628,0.113599,26.2222,0.00116355,0.0106125,0.278283
39.14,0.8,0.00116355,26.2222,-0.00697057,0,2,176,90.04,89.7674,89.9299,90.0425,465.821,22.1223,0.113811,26.2222,0.00116355,0.0106125,0.278283
39.16,0.7,0.00101811,26.2222,-0.0100642,0,2,178,89.879,89.8805,90.0405,90.2005,466.342,22.1819,0.114017,26.2222,0.00101811,0.00928594,0.243498
39.18,0.7,0.00101811,26.2222,-0.0112241,0,2,178,89.7978,90.04,90.16,90.1933,466.863,22.2416,0.114196,26.2222,0.00101811,0.00928594,0.243498
39.2,0.7,0.00101811,26.2222,-0.00695243,0,2,178,89.8798,90.0001,90.3597,90.08,467.384,22.3014,0.114382,26.2222,0.00101811,0.00928594,0.243498
39.22,0.7,0.00101811,26.2222,0.00774939,0,2,177.818,90.0382,89.8,89.9273,90.0036,467.905,22.3613,0.114567,26.2222,0.00101811,0.00928594,0.243498
39.24,0.7,0.00101811,26.2222,0.0381863,0,2,176.104,89.88,89.8821,90.0041,90.2083,468.426,22.4213,0.114753,26.2222,0.00101811,0.00928594,0.243498
39.26,0.7,0.00101811,26.2222,0.0869089,0,2,178,89.8005,89.9995,90.1595,90.2011,468.947,22.4814,0.114939,26.2222,0.00101811,0.00928594,0.243498
39.28,0.7,0.00101811,26.2222,0.148121,0,2,178.075,89.8845,89.9185,90.3925,90.0785,469.468,22.5416,0.115124,26.2222,0.00101811,0.00928594,0.243498
39.3,0.7,0.00101811,26.2222,0.202738,0,2,178.032,90.0394,89.88,90.0032,90.04,469.989,22.6019,0.11531,26.2222,0.00101811,0.00928594,0.243498
39.32,0.7,0.00101811,26.2336,0.224824,0,2,178,89.9192,89.8823,90.0016,90.2031,470.51,22.6623,0.115496,26.2336,0.00101811,0.00928998,0.24371
39.34,0.7,0.00101811,26.2444,0.201884,0,2,178,89.7982,90.0418,90.16,90.1946,471.031,22.7228,0.115682,26.2444,0.00101811,0.00929381,0.243911
39.36,0.7,0.00101811,26.2444,0.146977,0,2,178,89.9182,90.0009,90.3974,90.08,471.552,22.7834,0.115868,26.2444,0.00101811,0.00929381,0.243911
39.38,0.7,0.00101811,26.2444,0.0859079,0,2,178,90.04,89.8811,90.0411,90.0432,472.074,22.8442,0.116053,26.2444,0.00101811,0.00929381,0.243911
39.4,0.7,0.00101811,26.2444,0.0371558,0,2,178,89.92,90.0024,90.0473,90.2473,472.595,22.905,0.116239,26.2444,0.00101811,0.00929381,0.243911
39.42,0.7,0.00101811,26.2444,0.00594468,0,2,178,89.8,90.08,90.16,90.1997,473.117,22.9659,0.116425,26.2444,0.00101811,0.00929381,0.243911
39.44,0.7,0.00101811,26.2444,-0.0106011,0,2,178,89.9219,89.9987,90.3968,90.0794,473.638,23.027,0.116611,26.2444,0.00101811,0.00929381,0.243911
39.46,0.7,0.00101811,26.2444,-0.017699,0,2,178,90.0778,89.92,90.0467,90.0845,474.159,23.0881,0.116797,26.2444,0.00101811,0.00929381,0.243911
39.48,0.7,0.00101811,26.2444,-0.0195297,0,2,178,89.9216,89.92,90.0416,90.3178,474.68,23.1493,0.116983,26.2444,0.00101811,0.00929381,0.243911
39.5,0.7,0.00101811,26.2444,-0.0176171,0,2,176,89.8,90.08,90.1635,90.1982,475.202,23.2106,0.117169,26.2444,0.00101811,0.00929381,0.243911
39.52,0.7,0.00101811,26.2444,-0.0103707,0,2,176,89.997,90.0012,90.4763,90.16,475.723,23.272,0.117355,26.2444,0.00101811,0.00929381,0.243911
39.54,0.6,0.000872665,26.2444,0.00643657,0,2,176,90.0775,89.925,90.0475,90.085,476.244,23.3335,0.117534,26.2444,0.000872665,0.00796612,0.209066
39.56,0.6,0.000872665,26.2444,0.0380177,0,2,176,89.9209,90.0005,90.0814,90.3205,476.766,23.3951,0.117687,26.2444,0.000872665,0.00796612,0.209066
39.58,0.6,0.000872665,26.2444,0.0871478,0,2,176,89.88,90.084,90.164,90.198,477.287,23.4568,0.117846,26.2444,0.000872665,0.00796612,0.209066
39.6,0.6,0.000872665,26.2444,0.148349,0,2,176,89.9992,90.0408,90.4784,90.16,477.808,23.5185,0.118005,26.2444,0.000872665,0.00796612,0.209066
39.62,0.6,0.000872665,26.2444,0.202825,0,2,176,90.1561,89.92,90.0826,90.0839,478.329,23.5804,0.118165,26.2444,0.000872665,0.00796612,0.209066
39.64,0.6,0.000872665,26.2557,0.224785,0,2,176,89.92,89.9268,90.0891,90.36,478.851,23.6423,0.118324,26.2557,0.000872665,0.00796955,0.209247
39.66,0.6,0.000872665,26.2667,0.201725,0,2,176,89.8,90.08,90.2001,90.1999,479.372,23.7043,0.118483,26.2667,0.000872665,0.00797287,0.209421
39.68,0.6,0.000872665,26.2667,0.146704,0,2,176,90.0025,89.9975,90.3926,90.1575,479.894,23.7665,0.118643,26.2667,0.000872665,0.00797287,0.209421
39.7,0.6,0.000872665,26.2667,0.0856906,0,2,176,90.08,89.92,90.0804,90.1596,480.415,23.8287,0.118802,26.2667,0.000872665,0.00797287,0.209421
39.72,0.5,0.000727221,26.2667,0.0374717,0,2,176,89.9184,90.0016,90.0848,90.36,480.937,23.891,0.118955,26.2667,0.000727221,0.00664406,0.174517
39.74,0.5,0.000727221,26.2667,0.00760304,0,2,176,89.8,90.1557,90.2086,90.2,481.459,23.9534,0.119081,26.2667,0.000727221,0.00664406,0.174517
39.76,0.5,0.000727221,26.2667,-0.00658621,0,2,176,89.9995,90.0002,90.4797,90.2,481.98,24.0158,0.119214,26.2667,0.000727221,0.00664406,0.174517
39.78,0.5,0.000727221,26.2667,-0.0104906,0,2,176,90.155,89.9233,90.1617,90.1633,482.502,24.0783,0.119347,26.2667,0.000727221,0.00664406,0.174517
39.8,0.5,0.000727221,26.2667,-0.00924999,0,2,176,89.9219,90.0394,90.0819,90.3581,483.024,24.1409,0.11948,26.2667,0.000727221,0.00664406,0.174517
39.82,0.5,0.000727221,26.2667,-0.00660779,0,2,176,89.88,90.08,90.1676,90.1985,483.545,24.2036,0.119613,26.2667,0.000727221,0.00664406,0.174517
39.84,0.5,0.000727221,26.2667,-0.00479961,0,2,176,90.0026,90,90.3894,90.1574,484.067,24.2663,0.119746,26.2667,0.000727221,0.00664406,0.174517
39.86,0.5,0.000727221,26.2667,-0.00482217,0,2,174.042,90.08,90,90.1583,90.1975,484.588,24.3291,0.119879,26.2667,0.000727221,0.00664406,0.174517
39.88,0.5,0.000727221,26.2667,-0.00666425,0,2,174.048,90.001,90.0429,90.1619,90.4,485.11,24.3919,0.120011,26.2667,0.000727221,0.00664406,0.174517
39.9,0.5,0.000727221,26.2667,-0.00930374,0,2,176,89.9231,90.199,90.201,90.2441,485.631,24.4549,0.120144,26.2667,0.000727221,0.00664406,0.174517
39.92,0.5,0.000727221,26.2667,-0.0104728,0,2,175.969,90.0819,90.0394,90.3962,90.1587,486.153,24.5179,0.120277,26.2667,0.000727221,0.00664406,0.174517
39.94,0.5,0.000727221,26.2667,-0.00639261,0,2,174,90.1953,90.0016,90.1984,90.2047,486.674,24.5809,0.12041,26.2667,0.000727221,0.00664406,0.174517
39.96,0.5,0.000727221,26.2667,0.00810005,0,2,174,90.0407,90.0793,90.16,90.3985,487.196,24.6441,0.120543,26.2667,0.000727221,0.00664406,0.174517
39.98,0.5,0.000727221,26.2667,0.0383775,0,2,174,90,90.2,90.2457,90.2391,487.717,24.7073,0.120676,26.2667,0.000727221,0.00664406,0.174517
40,0.5,0.000727221,26.2667,0.0869915,0,2,174,90.0778,90.0833,90.48,90.1611,488.239,24.7706,0.120809,26.2667,0.000727221,0.00664406,0.174517
40.02,0.5,0.000727221,26.2667,0.148109,0,2,174,90.1961,90.04,90.1987,90.2052,488.76,24.8339,0.120942,26.2667,0.000727221,0.00664406,0.174517
40.04,0.5,0.000727221,26.2667,0.202597,0,2,174,90.04,90.0827,90.204,90.4773,489.282,24.8973,0.121074,26.2667,0.000727221,0.00664406,0.174517
40.06,0.5,0.000727221,26.2781,0.224501,0,2,174,89.9225,90.1992,90.32,90.2433,489.804,24.9608,0.121207,26.2781,0.000727221,0.00664694,0.174669
40.08,0.5,0.000727221,26.2889,0.201357,0,2,174,90.0429,90.079,90.3923,90.199,490.325,25.0244,0.12134,26.2889,0.000727221,0.00664968,0.174813
40.1,0.5,0.000727221,26.2889,0.146321,0,2,174,90.1993,90.04,90.1978,90.2385,490.847,25.0881,0.121473,26.2889,0.000727221,0.00664968,0.174813
40.12,0.403365,0.000586671,26.2889,0.0853507,0,2,174,90.04,90.1654,90.2054,90.4773,491.369,25.1518,0.1216,26.2889,0.000586671,0.00536449,0.141027
40.14,0.5,0.000727221,26.2889,0.0371529,0,2,174,89.9255,90.3463,90.2592,90.24,491.891,25.2156,0.121707,26.2889,0.000727221,0.00664968,0.174813
40.16,0.401487,0.000583938,26.2889,0.00723254,0,2,174,90.0812,89.9988,90.3558,90.2,492.413,25.2795,0.12184,26.2889,0.000583938,0.00533951,0.14037
40.18,0.4,0.000581776,26.2889,-0.00706954,0,2,174.109,90.1534,90.04,90.2378,90.2466,492.935,25.3434,0.12194,26.2889,0.000581776,0.00531974,0.13985
40.2,0.4,0.000581776,26.2889,-0.0110655,0,2,176,90,90.0404,90.2404,90.4798,493.457,25.4074,0.122047,26.2889,0.000581776,0.00531974,0.13985
40.22,0.4,0.000581776,26.2889,-0.00972945,0,2,176,89.9244,90.1978,90.3309,90.24,493.979,25.4715,0.122153,26.2889,0.000581776,0.00531974,0.13985
40.24,0.4,0.000581776,26.2889,-0.00655412,0,2,176,90.16,90.0367,90.3805,90.1967,494.5,25.5356,0.122259,26.2889,0.000581776,0.00531974,0.13985
40.26,0.4,0.000581776,26.2889,-0.00347851,0,2,176,90.1577,90.0011,90.2389,90.2445,495.022,25.5997,0.122366,26.2889,0.000581776,0.00531974,0.13985
40.28,0.4,0.000581776,26.2889,-0.00127691,0,2,176,90.0411,90.0789,90.2389,90.5167,495.544,25.6639,0.122472,26.2889,0.000581776,0.00531974,0.13985
40.3,0.4,0.000581776,26.2889,-3.30658e-05,0,2,178,89.9228,90.2382,90.3646,90.2009,496.066,25.7282,0.122578,26.2889,0.000581776,0.00531974,0.13985
40.32,0.4,0.000581776,26.2889,0.000478947,0,2,178,90.2023,90.04,90.3859,90.2,496.588,25.7925,0.122685,26.2889,0.000581776,0.00531974,0.13985
40.34,0.4,0.000581776,26.2889,0.000555413,0,2,178,90.1898,90.04,90.2375,90.2502,497.11,25.8569,0.122791,26.2889,0.000581776,0.00531974,0.13985
40.36,0.4,0.000581776,26.2889,0.000446559,0,2,178,90.04,90.1613,90.242,90.518,497.631,25.9213,0.122898,26.2889,0.000581776,0.00531974,0.13985
40.38,0.4,0.000581776,26.2889,0.000320994,0,2,179.879,89.9273,90.3103,90.3721,90.2448,498.153,25.9858,0.123004,26.2889,0.000581776,0.00531974,0.13985
40.4,0.4,0.000581776,26.2889,0.000270048,0,2,180,90.1601,90.04,90.3593,90.2,498.675,26.0503,0.12311,26.2889,0.000581776,0.00531974,0.13985
40.42,0.4,0.000581776,26.2889,0.000321856,0,2,180,90.1937,90.04,90.2379,90.3284,499.197,26.1149,0.123217,26.2889,0.000581776,0.00531974,0.13985
40.44,0.4,0.000581776,26.2889,0.000447868,0,2,180.113,90.0377,90.0868,90.2445,90.511,499.719,26.1795,0.123323,26.2889,0.000581776,0.00531974,0.13985
40.46,0.4,0.000581776,26.2889,0.000556223,0,2,180.003,89.9202,90.2399,90.4003,90.24,500.24,26.2442,0.12343,26.2889,0.000581776,0.00531974,0.13985
40.48,0.4,0.000581776,26.2889,0.000477632,0,2,182,90.1618,90.0782,90.3147,90.2,500.762,26.309,0.123536,26.2889,0.000581776,0.00531974,0.13985
40.5,0.3,0.000436332,26.2889,-3.88063e-05,0,2,182,90.1982,90.0406,90.3182,90.3618,501.284,26.3738,0.123636,26.2889,0.000436332,0.00398981,0.104888
40.52,0.3,0.000436332,26.2889,-0.00128962,0,2,182,90.0756,90.0866,90.36,90.5134,501.806,26.4387,0.123709,26.2889,0.000436332,0.00398981,0.104888
40.54,0.3,0.000436332,26.2889,-0.00349974,0,2,182,89.9219,90.2,90.3991,90.3219,502.327,26.5036,0.123789,26.2889,0.000436332,0.00398981,0.104888
40.56,0.3,0.000436332,26.2889,-0.00658205,0,2,184,90.2007,90.0793,90.3578,90.24,502.849,26.5685,0.123869,26.2889,0.000436332,0.00398981,0.104888
40.58,0.3,0.000436332,26.2889,-0.00975531,0,2,184,90.1911,90.0422,90.3511,90.3667,503.371,26.6335,0.123948,26.2889,0.000436332,0.00398981,0.104888
40.6,0.3,0.000436332,26.2889,-0.0110694,0,2,184,90.04,90.1987,90.3583,90.5196,503.893,26.6985,0.124028,26.2889,0.000436332,0.00398981,0.104888
40.62,0.3,0.000436332,26.2889,-0.00701766,0,2,185.918,90.0033,90.2367,90.4833,90.3584,504.414,26.7636,0.124108,26.2889,0.000436332,0.00398981,0.104888
40.64,0.3,0.000436332,26.2889,0.00738562,0,2,185.901,90.202,90.08,90.316,90.244,504.936,26.8287,0.124188,26.2889,0.000436332,0.00398981,0.104888
40.66,0.3,0.000436332,26.2889,0.037451,0,2,184,90.2002,90.1596,90.3196,90.3996,505.458,26.8938,0.124267,26.2889,0.000436332,0.00398981,0.104888
40.68,0.3,0.000436332,26.2889,0.0858054,0,2,186,90.0782,90.2055,90.36,90.5126,505.98,26.959,0.124347,26.2889,0.000436332,0.00398981,0.104888
40.7,0.3,0.000436332,26.2889,0.146858,0,2,186,90,90.36,90.5198,90.36,506.501,27.0243,0.124427,26.2889,0.000436332,0.00398981,0.104888
40.72,0.3,0.000436332,26.2889,0.201793,0,2,186,90.24,90.08,90.32,90.2453,507.023,27.0895,0.124507,26.2889,0.000436332,0.00398981,0.104888
40.74,0.3,0.000436332,26.2999,0.224669,0,2,186,90.2011,90.08,90.3589,90.3989,507.545,27.1549,0.124587,26.2999,0.000436332,0.00399147,0.104975
40.76,0.3,0.000436332,26.3111,0.202543,0,2,187.975,90.0795,90.2005,90.4785,90.5185,508.067,27.2203,0.124667,26.3111,0.000436332,0.00399318,0.105065
40.78,0.3,0.000436332,26.3111,0.148052,0,2,186,90.0469,90.3131,90.5646,90.3577,508.589,27.2857,0.124746,26.3111,0.000436332,0.00399318,0.105065
40.8,0.295851,0.000430298,26.3111,0.0870643,0,2,186,90.2433,90.16,90.3217,90.245,509.111,27.3512,0.124826,26.3111,0.000430298,0.00393796,0.103612
40.82,0.2,0.000290888,26.3111,0.0384172,0,2,186,90.2403,90.16,90.3202,90.3998,509.633,27.4167,0.124898,26.3111,0.000290888,0.00266212,0.0700433
40.84,0.2,0.000290888,26.3111,0.0076001,0,2,186,90.1575,90.24,90.4783,90.5583,510.155,27.4823,0.124945,26.3111,0.000290888,0.00266212,0.0700433
40.86,0.2,0.000290888,26.3111,-0.0082452,0,2,186,90.0494,90.24,90.5647,90.3976,510.678,27.5479,0.124998,26.3111,0.000290888,0.00266212,0.0700433
40.88,0.2,0.000290888,26.3111,-0.0146375,0,2,186,90.2403,90.1999,90.2404,90.3201,511.2,27.6135,0.125051,26.3111,0.000290888,0.00266212,0.0700433
40.9,0.2,0.000290888,26.3111,-0.0164751,0,2,186,90.1936,90.08,90.36,90.5264,511.722,27.6792,0.125105,26.3111,0.000290888,0.00266212,0.0700433
40.92,0.2,0.000290888,26.3111,-0.0164764,0,2,186,90.1597,90.1996,90.5194,90.5204,512.244,27.7448,0.125158,26.3111,0.000290888,0.00266212,0.0700433
40.94,0.2,0.000290888,26.3111,-0.014616,0,2,186,90.043,90.356,90.56,90.399,512.766,27.8105,0.125211,26.3111,0.000290888,0.00266212,0.0700433
40.96,0.2,0.000290888,26.3111,-0.00812694,0,2,186,90.2474,90.1551,90.3249,90.3674,513.288,27.8763,0.125264,26.3111,0.000290888,0.00266212,0.0700433
40.98,0.2,0.000290888,26.3111,0.00792741,0,2,186,90.2396,90.2,90.36,90.4804,513.81,27.942,0.125318,26.3111,0.000290888,0.00266212,0.0700433
41,0.2,0.000290888,26.3111,0.0390734,0,2,186,90.1563,90.3237,90.4763,90.5563,514.332,28.0078,0.125371,26.3111,0.000290888,0.00266212,0.0700433
41.02,0.2,0.000290888,26.3111,0.0881086,0,2,186,90.0804,90.3196,90.6796,90.4797,514.854,28.0736,0.125424,26.3111,0.000290888,0.00266212,0.0700433
41.04,0.2,0.000290888,26.3111,0.149362,0,2,185.886,90.3623,90.2,90.3246,90.3623,515.376,28.1395,0.125477,26.3111,0.000290888,0.00266212,0.0700433
41.06,0.2,0.000290888,26.3111,0.203722,0,2,184,90.2396,90.2002,90.3602,90.5207,515.899,28.2054,0.125531,26.3111,0.000290888,0.00266212,0.0700433
41.08,0.2,0.000290888,26.3226,0.225173,0,2,184,90.1581,90.3629,90.519,90.5581,516.421,28.2713,0.125584,26.3226,0.000290888,0.00266329,0.0701047
41.1,0.2,0.000290888,26.3333,0.201173,0,2,184,90.1587,90.4013,90.6766,90.48,516.943,28.3372,0.125637,26.3333,0.000290888,0.00266437,0.0701617
41.12,0.2,0.000290888,26.3333,0.144715,0,2,183.946,90.36,90.2011,90.3632,90.3632,517.466,28.4032,0.12569,26.3333,0.000290888,0.00266437,0.0701617
41.14,0.2,0.000290888,26.3333,0.0815267,0,2,182.073,90.3156,90.2444,90.4029,90.6415,517.988,28.4693,0.125744,26.3333,0.000290888,0.00266437,0.0701617
41.16,0.2,0.000290888,26.3333,0.030322,0,2,182.047,90.2,90.3991,90.48,90.5628,518.511,28.5353,0.125797,26.3333,0.000290888,0.00266437,0.0701617
41.18,0.2,0.000290888,26.3333,-0.00267456,0,2,182,90.1648,90.3976,90.7152,90.4776,519.033,28.6014,0.12585,26.3333,0.000290888,0.00266437,0.0701617
41.2,0.2,0.000290888,26.3333,-0.0181913,0,2,180.061,90.3588,90.2424,90.3661,90.4,519.556,28.6676,0.125904,26.3333,0.000290888,0.00266437,0.0701617
41.22,0.2,0.000290888,26.3333,-0.0180264,0,2,179.949,90.239,90.2431,90.3641,90.641,520.078,28.7337,0.125957,26.3333,0.000290888,0.00266437,0.0701617
41.24,0.2,0.000290888,26.3333,-0.00215239,0,2,180,90.1935,90.4,90.52,90.5556,520.601,28.7999,0.12601,26.3333,0.000290888,0.00266437,0.0701617
41.26,0.2,0.000290888,26.3333,0.031252,0,2,178.006,90.1996,90.4,90.7991,90.48,521.123,28.8661,0.126063,26.3333,0.000290888,0.00266437,0.0701617
41.28,0.2,0.000290888,26.3333,0.0828418,0,2,178,90.3985,90.2385,90.3659,90.4815,521.646,28.9323,0.126117,26.3333,0.000290888,0.00266437,0.0701617
41.3,0.2,0.000290888,26.3333,0.146157,0,2,178,90.32,90.2454,90.4054,90.6814,522.168,28.9986,0.12617,26.3333,0.000290888,0.00266437,0.0701617
41.32,0.2,0.000290888,26.3333,0.202173,0,2,178,90.2032,90.4778,90.56,90.5643,522.691,29.0649,0.126223,26.3333,0.000290888,0.00266437,0.0701617
41.34,0.2,0.000290888,26.3445,0.225179,0,2,176,90.0794,90.2025,90.7175,90.4806,523.213,29.1312,0.126277,26.3445,0.000290888,0.0026655,0.0702213
41.36,0.2,0.000290888,26.3556,0.202741,0,2,175.944,90.4,90.24,90.4022,90.4811,523.736,29.1976,0.12633,26.3556,0.000290888,0.00266662,0.0702801
41.38,0.2,0.000290888,26.3556,0.147955,0,2,175.954,90.3218,90.24,90.3628,90.6372,524.259,29.264,0.126383,26.3556,0.000290888,0.00266662,0.0702801
41.4,0.2,0.000290888,26.3556,0.0868504,0,2,174,90.3585,90.5598,90.5604,90.5598,524.782,29.3305,0.126437,26.3556,0.000290888,0.00266662,0.0702801
41.42,0.2,0.000290888,26.3556,0.0382134,0,2,175.931,90.0469,90.2386,90.7117,90.4759,525.305,29.3969,0.12649,26.3556,0.000290888,0.00266662,0.0702801
41.44,0.2,0.000290888,26.3556,0.00745838,0,2,174,90.52,90.2483,90.5228,90.531,525.828,29.4634,0.126543,26.3556,0.000290888,0.00266662,0.0702801
41.46,0.2,0.000290888,26.3556,-0.00831721,0,2,174,90.3584,90.36,90.5216,90.8,526.35,29.53,0.126597,26.3556,0.000290888,0.00266662,0.0702801
41.48,0.2,0.000290888,26.3556,-0.0146521,0,2,173.927,90.2385,90.4815,90.5258,90.5571,526.873,29.5966,0.12665,26.3556,0.000290888,0.00266662,0.0702801
41.5,0.2,0.000290888,26.3556,-0.0164507,0,2,172,90.2395,90.4805,90.7195,90.401,527.396,29.6631,0.126703,26.3556,0.000290888,0.00266662,0.0702801
41.52,0.2,0.000290888,26.3556,-0.0164333,0,2,166.045,90.5191,90.32,90.3645,90.4054,527.919,29.7298,0.126757,26.3556,0.000290888,0.00266662,0.0702801
41.54,0.2,0.000290888,26.3556,-0.0145791,0,2,169.965,90.3228,90.3593,90.5207,90.7972,528.442,29.7964,0.12681,26.3556,0.000290888,0.00266662,0.0702801
41.56,0.2,0.000290888,26.3556,-0.00813086,0,2,170,90.2391,90.52,90.5236,90.5191,528.965,29.8631,0.126863,26.3556,0.000290888,0.00266662,0.0702801
41.58,0.2,0.000290888,26.3556,0.00783461,0,2,170,90.3623,90.3909,90.7818,90.5177,529.488,29.9298,0.126917,26.3556,0.000290888,0.00266662,0.0702801
41.6,0.2,0.000290888,26.3556,0.0388353,0,2,168,90.52,90.2403,90.5199,90.5204,530.011,29.9965,0.12697,26.3556,0.000290888,0.00266662,0.0702801
41.62,0.2,0.000290888,26.3556,0.0876817,0,2,168,90.3982,90.3618,90.5253,90.72,530.533,30.0633,0.127023,26.3556,0.000290888,0.00266662,0.0702801
41.64,0.2,0.000290888,26.3556,0.148761,0,2,169.959,90.2425,90.5175,90.5616,90.5633,531.056,30.1301,0.127077,26.3556,0.000290888,0.00266662,0.0702801
41.66,0.2,0.000290888,26.3556,0.203084,0,2,166,90.3653,90.4773,90.712,90.5187,531.579,30.1969,0.12713,26.3556,0.000290888,0.00266662,0.0702801
41.68,0.2,0.000290888,26.367,0.224802,0,2,162.073,90.52,90.3607,90.5193,90.5193,532.102,30.2638,0.127183,26.367,0.000290888,0.00266778,0.0703414
41.7,0.2,0.000290888,26.3778,0.201568,0,2,162.199,90.3613,90.4053,90.524,90.7973,532.625,30.3307,0.127237,26.3778,0.000290888,0.00266886,0.0703987
41.72,0.2,0.000290888,26.3778,0.146592,0,2,164.085,90.2434,90.6774,90.5617,90.5634,533.149,30.3976,0.12729,26.3778,0.000290888,0.00266886,0.0703987
41.74,0.2,0.000290888,26.3778,0.0857433,0,2,164,90.3999,90.4801,90.72,90.52,533.672,30.4646,0.127343,26.3778,0.000290888,0.00266886,0.0703987
41.76,0.2,0.000290888,26.3778,0.0375181,0,2,163.92,90.5152,90.3216,90.52,90.5632,534.195,30.5316,0.127397,26.3778,0.000290888,0.00266886,0.0703987
41.78,0.2,0.000290888,26.3778,0.00713503,0,2,163.966,90.3214,90.3993,90.52,90.7186,534.719,30.5987,0.12745,26.3778,0.000290888,0.00266886,0.0703987
41.8,0.2,0.000290888,26.3778,-0.00837715,0,2,165.718,90.24,90.5581,90.6494,90.6781,535.242,30.6657,0.127504,26.3778,0.000290888,0.00266886,0.0703987
41.82,0.2,0.000290888,26.3778,-0.0145594,0,2,161.999,90.3999,90.4001,90.6801,90.4002,535.765,30.7328,0.127557,26.3778,0.000290888,0.00266886,0.0703987
41.84,0.2,0.000290888,26.3778,-0.0162981,0,2,158.004,90.5199,90.36,90.5599,90.5602,536.288,30.8,0.12761,26.3778,0.000290888,0.00266886,0.0703987
41.86,0.2,0.000290888,26.3778,-0.0163036,0,2,158.1,90.36,90.406,90.564,90.832,536.812,30.8671,0.127664,26.3778,0.000290888,0.00266886,0.0703987
41.88,0.2,0.000290888,26.3778,-0.0145647,0,2,160,90.2407,90.5598,90.64,90.6402,537.335,30.9343,0.127717,26.3778,0.000290888,0.00266886,0.0703987
41.9,0.2,0.000290888,26.3778,-0.00834862,0,2,160,90.4052,90.3983,90.6713,90.52,537.858,31.0015,0.12777,26.3778,0.000290888,0.00266886,0.0703987
41.92,0.2,0.000290888,26.3778,0.00725123,0,2,158.024,90.5595,90.3995,90.5591,90.6386,538.381,31.0687,0.127824,26.3778,0.000290888,0.00266886,0.0703987
41.94,0.2,0.000290888,26.3778,0.0377864,0,2,158,90.4,90.5203,90.5606,90.7991,538.905,31.136,0.127877,26.3778,0.000290888,0.00266886,0.0703987
41.96,0.2,0.000290888,26.3778,0.0862125,0,2,158,90.3219,90.6781,90.6493,90.64,539.428,31.2033,0.127931,26.3778,0.000290888,0.00266886,0.0703987
41.98,0.298735,0.000434492,26.3778,0.147243,0,2,158,90.518,90.5215,90.6425,90.5215,539.951,31.2706,0.127991,26.3778,0.000434492,0.00398641,0.105153
42,0.2,0.000290888,26.3778,0.202346,0,2,156,90.6348,90.4817,90.6348,90.6469,540.474,31.338,0.12807,26.3778,0.000290888,0.00266886,0.0703987
42.02,0.299955,0.000436266,26.3889,0.225943,0,2,156,90.48,90.56,90.6399,90.84,540.998,31.4054,0.128124,26.3889,0.000436266,0.00400438,0.105671
42.04,0.3,0.000436332,26.4,0.205516,0,2,156,90.3227,90.6773,90.6936,90.6345,541.521,31.4729,0.12821,26.4,0.000436332,0.00400667,0.105776
42.06,0.3,0.000436332,26.4,0.153816,0,2,156,90.5206,90.5194,90.6381,90.5206,542.045,31.5404,0.128291,26.4,0.000436332,0.00400667,0.105776
42.08,0.3,0.000436332,26.4,0.0959973,0,2,156,90.5561,90.48,90.5561,90.6479,542.569,31.608,0.128371,26.4,0.000436332,0.00400667,0.105776
42.1,0.3,0.000436332,26.4,0.0489674,0,2,156,90.36,90.4801,90.64,90.8397,543.092,31.6756,0.128451,26.4,0.000436332,0.00400667,0.105776
42.12,0.3,0.000436332,26.4,0.0148058,0,2,156,90.2443,90.5578,90.7265,90.56,543.616,31.7432,0.128531,26.4,0.000436332,0.00400667,0.105776
42.14,0.397637,0.000578339,26.4,-0.0141789,0,2,156,90.3981,90.4028,90.5666,90.5209,544.14,31.8109,0.128618,26.4,0.000578339,0.00531066,0.140202
42.16,0.3,0.000436332,26.4,-0.0487456,0,2,156,90.5193,90.3607,90.5587,90.6427,544.663,31.8787,0.128724,26.4,0.000436332,0.00400667,0.105776
42.18,0.3,0.000436332,26.4,-0.0966604,0,2,156,90.3631,90.4779,90.6358,90.8,545.187,31.9465,0.128798,26.4,0.000436332,0.00400667,0.105776
42.2,0.4,0.000581776,26.4,-0.155915,0,2,158,90.2046,90.6354,90.7234,90.56,545.71,32.0143,0.128884,26.4,0.000581776,0.00534223,0.141035
42.22,0.4,0.000581776,26.4,-0.209592,0,2,158,90.478,90.362,90.5647,90.5207,546.234,32.0822,0.128998,26.4,0.000581776,0.00534223,0.141035
42.24,0.4,0.000581776,26.3886,-0.232439,0,2,160,90.5198,90.4,90.5599,90.6802,546.758,32.1502,0.129105,26.3886,0.000581776,0.00533992,0.140913
42.26,0.4,0.000581776,26.3778,-0.211262,0,2,160,90.36,90.4839,90.678,90.7922,547.281,32.2181,0.129211,26.3778,0.000581776,0.00533773,0.140797
42.28,0.4,0.000581776,26.3778,-0.156992,0,2,160,90.2424,90.6384,90.7184,90.5616,547.804,32.2861,0.129318,26.3778,0.000581776,0.00533773,0.140797
42.3,0.4,0.000581776,26.3778,-0.0917725,0,2,161.928,90.5214,90.3986,90.5214,90.5214,548.327,32.3542,0.129425,26.3778,0.000581776,0.00533773,0.140797
42.32,0.4,0.000581776,26.3778,-0.0290954,0,2,161.959,90.56,90.3992,90.56,90.6776,548.85,32.4223,0.129532,26.3778,0.000581776,0.00533773,0.140797
42.34,0.4,0.000581776,26.3778,0.0309711,0,2,162.013,90.3997,90.5203,90.6792,90.799,549.373,32.4905,0.129638,26.3778,0.000581776,0.00533773,0.140797
42.36,0.4,0.000581776,26.3778,0.0937201,0,2,164,90.3233,90.5584,90.8,90.6367,549.896,32.5587,0.129745,26.3778,0.000581776,0.00533773,0.140797
42.38,0.49686,0.000722653,26.3778,0.158746,0,2,164,90.5162,90.4813,90.49,90.5213,550.42,32.627,0.129858,26.3778,0.000722653,0.00663026,0.174891
42.4,0.497027,0.000722897,26.3778,0.212014,0,2,166,90.5164,90.4,90.56,90.7236,550.943,32.6953,0.129998,26.3778,0.000722897,0.00663249,0.17495
42.42,0.4,0.000581776,26.389,0.231059,0,2,166,90.3616,90.5536,90.6368,90.7248,551.466,32.7638,0.130124,26.389,0.000581776,0.00534001,0.140918
42.44,0.5,0.000727221,26.4,0.205163,0,2,166,90.241,90.5606,90.7987,90.64,551.989,32.8323,0.130231,26.4,0.000727221,0.00667778,0.176293
42.46,0.496286,0.000721818,26.4,0.148061,0,2,167.926,90.5215,90.477,90.5215,90.563,552.513,32.9009,0.130371,26.4,0.000721818,0.00662817,0.174984
42.48,0.497054,0.000722936,26.4,0.0857872,0,2,167.941,90.56,90.4,90.5212,90.6788,553.036,32.9696,0.130503,26.4,0.000722936,0.00663844,0.175255
42.5,0.5,0.000727221,26.4,0.0369331,0,2,168.066,90.3974,90.5639,90.6787,90.7174,553.56,33.0383,0.130636,26.4,0.000727221,0.00667778,0.176293
42.52,0.5,0.000727221,26.4,0.00680074,0,2,170,90.2421,90.68,90.8347,90.64,554.083,33.1071,0.13077,26.4,0.000727221,0.00667778,0.176293
42.54,0.5,0.000727221,26.4,-0.00747289,0,2,170,90.56,90.402,90.523,90.562,554.607,33.176,0.130903,26.4,0.000727221,0.00667778,0.176293
42.56,0.5,0.000727221,26.4,-0.0113486,0,2,170.122,90.5127,90.48,90.5649,90.7273,555.13,33.245,0.131037,26.4,0.000727221,0.00667778,0.176293
42.58,0.5,0.000727221,26.4,-0.00988604,0,2,172,90.4794,90.5594,90.6797,90.7209,555.654,33.314,0.131171,26.4,0.000727221,0.00667778,0.176293
42.6,0.5,0.000727221,26.4,-0.00661436,0,2,172,90.3235,90.5565,90.873,90.6365,556.177,33.3831,0.131304,26.4,0.000727221,0.00667778,0.176293
42.62,0.5,0.000727221,26.4,-0.00347855,0,2,172,90.5201,90.4,90.5204,90.5603,556.701,33.4523,0.131438,26.4,0.000727221,0.00667778,0.176293
42.64,0.5,0.000727221,26.4,-0.00124509,0,2,172.036,90.5179,90.4807,90.5614,90.7221,557.224,33.5215,0.131571,26.4,0.000727221,0.00667778,0.176293
42.66,0.5,0.000727221,26.4,1.25634e-05,0,2,174.117,90.3953,90.5647,90.6823,90.7177,557.748,33.5908,0.131705,26.4,0.000727221,0.00667778,0.176293
42.68,0.5,0.000727221,26.4,0.000526621,0,2,176,90.3213,90.5594,90.8784,90.6394,558.271,33.6602,0.131838,26.4,0.000727221,0.00667778,0.176293
42.7,0.5,0.000727221,26.4,0.000592637,0,2,176,90.5574,90.4,90.5279,90.5679,558.794,33.7296,0.131972,26.4,0.000727221,0.00667778,0.176293
42.72,0.5,0.000727221,26.4,0.0004528,0,2,178,90.479,90.401,90.5619,90.8005,559.318,33.7991,0.132105,26.4,0.000727221,0.00667778,0.176293
42.74,0.5,0.000727221,26.4,0.00026293,0,2,179.913,90.3965,90.5217,90.6817,90.6783,559.841,33.8687,0.132239,26.4,0.000727221,0.00667778,0.176293
42.76,0.5,0.000727221,26.4,0.000103402,0,2,179.969,90.2412,90.5206,90.8775,90.64,560.365,33.9384,0.132373,26.4,0.000727221,0.00667778,0.176293
42.78,0.5,0.000727221,26.4,5.54658e-06,0,2,179.838,90.5216,90.4,90.5649,90.6416,560.888,34.0081,0.132506,26.4,0.000727221,0.00667778,0.176293
42.8,0.5,0.000727221,26.4,-2.29845e-05,0,2,179.913,90.4817,90.4,90.5235,90.8365,561.411,34.0779,0.13264,26.4,0.000727221,0.00667778,0.176293
42.82,0.5,0.000727221,26.4,1.83714e-05,0,2,182,90.395,90.4825,90.685,90.6787,561.935,34.1478,0.132773,26.4,0.000727221,0.00667778,0.176293
42.84,0.5,0.000727221,26.4,0.000128067,0,2,182,90.2445,90.5577,90.951,90.6377,562.458,34.2177,0.132907,26.4,0.000727221,0.00667778,0.176293
42.86,0.5,0.000727221,26.4,0.00029529,0,2,182,90.5178,90.3622,90.5615,90.6385,562.981,34.2877,0.13304,26.4,0.000727221,0.00667778,0.176293
42.88,0.5,0.000727221,26.4,0.000481566,0,2,184.051,90.477,90.403,90.5641,90.839,563.505,34.3578,0.133174,26.4,0.000727221,0.00667778,0.176293
42.9,0.5,0.000727221,26.4,0.000594664,0,2,184.049,90.36,90.559,90.681,90.6829,564.028,34.4279,0.133307,26.4,0.000727221,0.00667778,0.176293
42.92,0.5,0.000727221,26.4,0.000463875,0,2,185.941,90.3635,90.5553,90.8706,90.6788,564.551,34.4981,0.133441,26.4,0.000727221,0.00667778,0.176293
42.94,0.5,0.000727221,26.4,-0.000164881,0,2,186,90.5214,90.4028,90.64,90.6428,565.075,34.5684,0.133575,26.4,0.000727221,0.00667778,0.176293
42.96,0.5,0.000727221,26.4,-0.00158358,0,2,184.045,90.4818,90.5191,90.64,90.8764,565.598,34.6388,0.133708,26.4,0.000727221,0.00667778,0.176293
42.98,0.5,0.000727221,26.4,-0.00398548,0,2,186,90.3581,90.5612,90.6825,90.7194,566.121,34.7092,0.133842,26.4,0.000727221,0.00667778,0.176293
43,0.5,0.000727221,26.4,-0.00719781,0,2,186,90.357,90.562,90.879,90.641,566.644,34.7797,0.133975,26.4,0.000727221,0.00667778,0.176293
43.02,0.5,0.000727221,26.4,-0.0102735,0,2,186,90.6376,90.48,90.64,90.6812,567.168,34.8502,0.134109,26.4,0.000727221,0.00667778,0.176293
43.04,0.5,0.000727221,26.4,-0.011008,0,2,187.989,90.4804,90.5198,90.64,90.8791,567.691,34.9209,0.134242,26.4,0.000727221,0.00667778,0.176293
43.06,0.5,0.000727221,26.4,-0.00559142,0,2,188,90.4759,90.6779,90.6903,90.68,568.214,34.9916,0.134376,26.4,0.000727221,0.00667778,0.176293
43.08,0.5,0.000727221,26.4,0.0111851,0,2,188,90.4,90.5603,90.88,90.6402,568.737,35.0623,0.134509,26.4,0.000727221,0.00667778,0.176293
43.1,0.5,0.000727221,26.4,0.044515,0,2,187.911,90.64,90.48,90.7182,90.6871,569.261,35.1332,0.134643,26.4,0.000727221,0.00667778,0.176293
43.12,0.5,0.000727221,26.4,0.0961591,0,2,187.993,90.5204,90.5199,90.68,90.8799,569.784,35.2041,0.134777,26.4,0.000727221,0.00667778,0.176293
43.14,0.5,0.000727221,26.4,0.158412,0,2,186,90.4781,90.68,90.7258,90.72,570.307,35.2751,0.13491,26.4,0.000727221,0.00667778,0.176293
43.16,0.5,0.000727221,26.4,0.209802,0,2,186,90.5163,90.5637,90.8437,90.6812,570.83,35.3461,0.135044,26.4,0.000727221,0.00667778,0.176293
43.18,0.5,0.000727221,26.415,0.2245,0,2,186,90.6794,90.5206,90.68,90.6823,571.354,35.4173,0.135177,26.415,0.000727221,0.00668157,0.176493
43.2,0.5,0.000727221,26.4222,0.194162,0,2,186,90.5236,90.56,90.7188,90.9564,571.877,35.4885,0.135311,26.4222,0.000727221,0.0066834,0.17659
43.22,0.5,0.000727221,26.4222,0.13606,0,2,186,90.4782,90.68,90.8055,90.72,572.401,35.5598,0.135445,26.4222,0.000727221,0.0066834,0.17659
43.24,0.5,0.000727221,26.4222,0.076276,0,2,186,90.5229,90.559,90.8351,90.68,572.924,35.6312,0.135578,26.4222,0.000727221,0.0066834,0.17659
43.26,0.5,0.000727221,26.4222,0.0311627,0,2,186,90.6787,90.52,90.7175,90.7187,573.448,35.7027,0.135712,26.4222,0.000727221,0.0066834,0.17659
43.28,0.5,0.000727221,26.4222,0.00432331,0,2,186,90.52,90.5614,90.7214,90.9579,573.972,35.7742,0.135846,26.4222,0.000727221,0.0066834,0.17659
43.3,0.5,0.000727221,26.4222,-0.00774622,0,2,184.048,90.481,90.679,90.8,90.7229,574.495,35.8458,0.135979,26.4222,0.000727221,0.0066834,0.17659
43.32,0.5,0.000727221,26.4222,-0.0106148,0,2,184,90.4842,90.5589,90.8347,90.68,575.019,35.9175,0.136113,26.4222,0.000727221,0.0066834,0.17659
43.34,0.5,0.000727221,26.4222,-0.00929655,0,2,184,90.7189,90.5211,90.7179,90.8021,575.542,35.9892,0.136247,26.4222,0.000727221,0.0066834,0.17659
43.36,0.5,0.000727221,26.4222,-0.00730271,0,2,184,90.5249,90.56,90.7951,90.9576,576.066,36.061,0.13638,26.4222,0.000727221,0.0066834,0.17659
43.38,0.5,0.000727221,26.4222,-0.0065645,0,2,184,90.4787,90.72,90.8433,90.7987,576.589,36.1329,0.136514,26.4222,0.000727221,0.0066834,0.17659
43.4,0.5,0.000727221,26.4222,-0.00761452,0,2,184,90.5289,90.5578,90.7178,90.6822,577.113,36.2049,0.136648,26.4222,0.000727221,0.0066834,0.17659
43.42,0.5,0.000727221,26.4222,-0.00966991,0,2,184,90.7198,90.56,90.7199,90.8402,577.636,36.2769,0.136781,26.4222,0.000727221,0.0066834,0.17659
43.44,0.5,0.000727221,26.4222,-0.0105162,0,2,184,90.4804,90.5613,90.8396,90.9587,578.16,36.349,0.136915,26.4222,0.000727221,0.0066834,0.17659
43.46,0.406073,0.000590609,26.4222,-0.00634024,0,2,183.879,90.48,90.7927,90.8897,90.72,578.683,36.4211,0.137042,26.4222,0.000590609,0.00542789,0.143417
43.48,0.400887,0.000583066,26.4222,0.00808314,0,2,183.982,90.5611,90.52,90.7196,90.6804,579.207,36.4934,0.137144,26.4222,0.000583066,0.00535858,0.141585
43.5,0.493595,0.000717905,26.4222,0.0381935,0,2,182.128,90.7174,90.56,90.7174,90.8477,579.73,36.5656,0.137257,26.4222,0.000717905,0.00659779,0.174328
43.52,0.4,0.000581776,26.4222,0.0866216,0,2,182,90.5203,90.5608,90.8397,90.9592,580.254,36.638,0.137389,26.4222,0.000581776,0.00534672,0.141272
43.54,0.4,0.000581776,26.4222,0.147647,0,2,182,90.4819,90.7972,90.8781,90.7228,580.777,36.7104,0.13749,26.4222,0.000581776,0.00534672,0.141272
43.56,0.402389,0.000585251,26.4222,0.20226,0,2,183.952,90.6419,90.6371,90.72,90.681,581.301,36.7828,0.137597,26.4222,0.000585251,0.00537866,0.142116
43.58,0.404242,0.000587946,26.4335,0.224498,0,2,182,90.6817,90.52,90.72,90.8349,581.824,36.8554,0.137705,26.4335,0.000587946,0.00540572,0.142892
43.6,0.499883,0.00072705,26.4444,0.201696,0,2,183.998,90.52,90.6799,90.8399,91,582.348,36.928,0.137819,26.4444,0.00072705,0.00668746,0.176846
43.62,0.5,0.000727221,26.4444,0.146803,0,2,182,90.482,90.796,90.962,90.796,582.872,37.0007,0.13796,26.4444,0.000727221,0.00668902,0.176888
43.64,0.406877,0.000591778,26.4444,0.0857719,0,2,182,90.6828,90.6345,90.72,90.7255,583.396,37.0734,0.138087,26.4444,0.000591778,0.00544322,0.143943
43.66,0.5,0.000727221,26.4444,0.0374243,0,2,182,90.7183,90.5617,90.72,90.8835,583.92,37.1463,0.138196,26.4444,0.000727221,0.00668902,0.176888
43.68,0.5,0.000727221,26.4444,0.00736293,0,2,182,90.5575,90.6825,90.84,90.9502,584.443,37.2192,0.138336,26.4444,0.000727221,0.00668902,0.176888
43.7,0.498806,0.000725483,26.4444,-0.00702269,0,2,182,90.4014,90.7195,91.0395,90.8395,584.967,37.2921,0.13847,26.4444,0.000725483,0.00667305,0.176465
43.72,0.496718,0.000722447,26.4444,-0.011024,0,2,182,90.6361,90.5639,90.6905,90.7226,585.491,37.3652,0.138603,26.4444,0.000722447,0.00664511,0.175726
43.74,0.499123,0.000725946,26.4444,-0.00960942,0,2,182.018,90.72,90.5596,90.7207,90.8793,586.015,37.4383,0.138736,26.4444,0.000725946,0.0066773,0.176577
43.76,0.5,0.000727221,26.4444,-0.00628096,0,2,184,90.5587,90.6839,90.8787,90.9548,586.539,37.5114,0.13887,26.4444,0.000727221,0.00668902,0.176888
43.78,0.5,0.000727221,26.4444,-0.00301449,0,2,184,90.4805,90.8,91.0375,90.8,587.063,37.5847,0.139004,26.4444,0.000727221,0.00668902,0.176888
43.8,0.5,0.000727221,26.4444,-0.000672729,0,2,184,90.6817,90.56,90.725,90.8,587.586,37.658,0.139137,26.4444,0.000727221,0.00668902,0.176888
43.82,0.5,0.000727221,26.4444,0.000494816,0,2,184,90.72,90.6395,90.7208,90.9589,588.11,37.7314,0.139271,26.4444,0.000727221,0.00668902,0.176888
43.84,0.499966,0.000727172,26.4444,0.000460817,0,2,184,90.64,90.72,90.88,90.96,588.634,37.8049,0.139405,26.4444,0.000727172,0.00668857,0.176876
43.86,0.5,0.000727221,26.4444,-0.000783365,0,2,184,90.484,90.7941,91.1121,90.838,589.158,37.8784,0.139539,26.4444,0.000727221,0.00668902,0.176888
43.88,0.5,0.000727221,26.4444,-0.00322092,0,2,184,90.7192,90.6402,90.7212,90.8,589.681,37.952,0.139672,26.4444,0.000727221,0.00668902,0.176888
43.9,0.5,0.000727221,26.4444,-0.00659166,0,2,186,90.6783,90.6417,90.8017,90.9634,590.205,38.0256,0.139806,26.4444,0.000727221,0.00668902,0.176888
43.92,0.5,0.000727221,26.4444,-0.00998504,0,2,186,90.64,90.68,90.84,90.9608,590.729,38.0994,0.13994,26.4444,0.000727221,0.00668902,0.176888
43.94,0.5,0.000727221,26.4444,-0.011326,0,2,186,90.522,90.798,91.1154,90.838,591.253,38.1732,0.140074,26.4444,0.000727221,0.00668902,0.176888
43.96,0.405577,0.000589887,26.4444,-0.0069594,0,2,186,90.6867,90.64,90.7267,90.8045,591.776,38.2471,0.140201,26.4444,0.000589887,0.00542583,0.143483
43.98,0.400259,0.000582153,26.4444,0.00826399,0,2,186,90.7198,90.64,90.7204,91.0001,592.3,38.321,0.140303,26.4444,0.000582153,0.00535468,0.141602
44,0.5,0.000727221,26.4444,0.0397635,0,2,186,90.6364,90.8018,90.8836,90.8782,592.824,38.395,0.140416,26.4444,0.000727221,0.00668902,0.176888
44.02,0.5,0.000727221,26.4444,0.0900657,0,2,186.006,90.5204,90.8395,91.159,90.8399,593.347,38.469,0.140557,26.4444,0.000727221,0.00668902,0.176888
44.04,0.5,0.000727221,26.4444,0.153026,0,2,188,90.7253,90.64,90.8026,90.8426,593.871,38.5432,0.140691,26.4444,0.000727221,0.00668902,0.176888
44.06,0.5,0.000727221,26.4444,0.208606,0,2,188,90.7184,90.6408,90.7248,91.04,594.395,38.6174,0.140824,26.4444,0.000727221,0.00668902,0.176888
44.08,0.5,0.000727221,26.4557,0.228975,0,2,188,90.56,90.7246,90.8868,90.8777,594.918,38.6917,0.140958,26.4557,0.000727221,0.00669188,0.177038
44.1,0.5,0.000727221,26.4667,0.198765,0,2,188.018,90.5611,90.7989,91.1567,90.8396,595.442,38.766,0.141092,26.4667,0.000727221,0.00669465,0.177185
44.12,0.5,0.000727221,26.4667,0.127924,0,2,188.099,90.72,90.64,90.802,90.804,595.966,38.8405,0.141226,26.4667,0.000727221,0.00669465,0.177185
44.14,0.5,0.000727221,26.4667,0.0406355,0,2,190,90.6813,90.64,90.8013,91.1121,596.49,38.9151,0.14136,26.4667,0.000727221,0.00669465,0.177185
44.16,0.5,0.000727221,26.4667,-0.0418329,0,2,191.975,90.5595,90.721,90.882,90.88,597.015,38.9897,0.141494,26.4667,0.000727221,0.00669465,0.177185
44.18,0.5,0.000727221,26.4667,-0.102786,0,2,191.937,90.52,90.7225,91.1562,90.8413,597.539,39.0643,0.141628,26.4667,0.000727221,0.00669465,0.177185
44.2,0.5,0.000727221,26.4667,-0.123205,0,2,190,90.7214,90.56,90.8393,90.8421,598.063,39.1391,0.141762,26.4667,0.000727221,0.00669465,0.177185
44.22,0.5,0.000727221,26.4552,-0.0882657,0,2,191.945,90.6833,90.6378,90.8,91.1156,598.587,39.2139,0.141895,26.4552,0.000727221,0.00669175,0.177032
44.24,0.5,0.000727221,26.4444,-0.00964168,0,2,192,90.64,90.7197,90.8806,90.8811,599.11,39.2888,0.142029,26.4444,0.000727221,0.00668902,0.176888
44.26,0.5,0.000727221,26.4555,0.0698064,0,2,192,90.6437,90.7963,91.1435,90.8382,599.634,39.3637,0.142163,26.4555,0.000727221,0.00669183,0.177036
44.28,0.5,0.000727221,26.4667,0.109273,0,2,192,90.8388,90.6408,90.8792,90.8792,600.158,39.4387,0.142297,26.4667,0.000727221,0.00669465,0.177185
44.3,0.40396,0.000587537,26.4667,0.102411,0,2,194,90.7184,90.6848,90.8848,91.1552,600.682,39.5138,0.142424,26.4667,0.000587537,0.00540874,0.143151
44.32,0.5,0.000727221,26.4667,0.0706897,0,2,194,90.68,90.8393,90.9607,90.9614,601.206,39.589,0.142533,26.4667,0.000727221,0.00669465,0.177185
44.34,0.400376,0.000582323,26.4667,0.0381152,0,2,194,90.6795,90.8003,91.0405,90.8402,601.73,39.6642,0.142666,26.4667,0.000582323,0.00536075,0.141881
44.36,0.49624,0.000721752,26.4667,0.0193723,0,2,194,90.84,90.72,90.9555,90.963,602.254,39.7395,0.142773,26.4667,0.000721752,0.0066443,0.175853
44.38,0.4,0.000581776,26.4667,0.0212041,0,2,194,90.8005,90.72,90.8795,91.1586,602.778,39.8148,0.142906,26.4667,0.000581776,0.00535572,0.141748
44.4,0.4,0.000581776,26.4667,0.0451227,0,2,194,90.6744,90.88,90.9693,90.96,603.301,39.8902,0.143007,26.4667,0.000581776,0.00535572,0.141748
44.42,0.4,0.000581776,26.4667,0.0869529,0,2,194,90.6393,90.8007,91.0411,90.8807,603.825,39.9657,0.143114,26.4667,0.000581776,0.00535572,0.141748
44.44,0.4,0.000581776,26.4667,0.132982,0,2,194,90.9606,90.7212,90.9591,90.9612,604.349,40.0412,0.143221,26.4667,0.000581776,0.00535572,0.141748
44.46,0.4,0.000581776,26.4667,0.156867,0,2,194,90.6687,90.791,90.96,91.1532,604.873,40.1168,0.143328,26.4667,0.000581776,0.00535572,0.141748
44.48,0.4,0.000581776,26.4778,0.129193,0,2,194,90.5199,90.6799,91.0398,90.9602,605.397,40.1925,0.143435,26.4778,0.000581776,0.00535797,0.141868
44.5,0.4,0.000581776,26.4889,0.0434234,0,2,194,90.72,90.8715,90.9915,90.84,605.921,40.2682,0.143542,26.4889,0.000581776,0.00536021,0.141986
44.52,0.4,0.000581776,26.4889,-0.0665443,0,2,194,90.7998,90.6402,90.8799,90.9597,606.446,40.344,0.14365,26.4889,0.000581776,0.00536021,0.141986
44.54,0.4,0.000581776,26.4775,-0.145166,0,2,194,90.6816,90.7196,90.9988,91.1996,606.97,40.4199,0.143757,26.4775,0.000581776,0.00535791,0.141864
44.56,0.4,0.000581776,26.4667,-0.155932,0,2,194.079,90.6368,90.84,90.891,90.8,607.494,40.4958,0.143864,26.4667,0.000581776,0.00535572,0.141748
44.58,0.4,0.000581776,26.4667,-0.100907,0,2,196,90.6366,90.7252,91.16,90.9531,608.018,40.5717,0.143971,26.4667,0.000581776,0.00535572,0.141748
44.6,0.4,0.000581776,26.4667,-0.005988,0,2,196,90.8797,90.7199,90.9601,91.12,608.542,40.6476,0.144078,26.4667,0.000581776,0.00535572,0.141748
44.62,0.3,0.000436332,26.4667,0.0991518,0,2,196,90.6785,90.7245,91,91.117,609.066,40.7237,0.144179,26.4667,0.000436332,0.00401679,0.106311
44.64,0.4,0.000581776,26.4667,0.185082,0,2,196,90.6779,90.9558,91.1284,90.96,609.589,40.7998,0.144259,26.4667,0.000581776,0.00535572,0.141748
44.66,0.3,0.000436332,26.4778,0.224994,0,2,196,90.7206,90.72,90.88,90.8402,610.113,40.8759,0.144366,26.4778,0.000436332,0.00401848,0.106401
44.68,0.3,0.000436332,26.4889,0.209474,0,2,198,90.8783,90.72,90.9566,91.0451,610.637,40.9521,0.14444,26.4889,0.000436332,0.00402016,0.10649
44.7,0.3,0.000436332,26.4889,0.155553,0,2,198,90.7214,90.7991,91.0381,91.16,611.162,41.0284,0.14452,26.4889,0.000436332,0.00402016,0.10649
44.72,0.3,0.000436332,26.4889,0.0925809,0,2,198,90.679,90.88,91.1629,90.9581,611.686,41.1047,0.144601,26.4889,0.000436332,0.00402016,0.10649
44.74,0.3,0.000436332,26.4889,0.0416021,0,2,198,90.8026,90.7949,90.8851,90.8851,612.21,41.1811,0.144681,26.4889,0.000436332,0.00402016,0.10649
44.76,0.3,0.000436332,26.4889,0.00932618,0,2,198,90.8797,90.8,90.9594,91.0413,612.734,41.2575,0.144761,26.4889,0.000436332,0.00402016,0.10649
44.78,0.3,0.000436332,26.4889,-0.0065233,0,2,198,90.72,90.8423,91.0377,91.1508,613.259,41.3339,0.144842,26.4889,0.000436332,0.00402016,0.10649
44.8,0.3,0.000436332,26.4889,-0.0113162,0,2,198,90.68,90.9999,91.1998,91,613.783,41.4104,0.144922,26.4889,0.000436332,0.00402016,0.10649
44.82,0.204409,0.0002973,26.4889,-0.010247,0,2,198,90.8035,90.7965,90.8835,90.8853,614.307,41.4869,0.144996,26.4889,0.0002973,0.00273918,0.0725579
44.84,0.2,0.000290888,26.4889,-0.00703105,0,2,198,90.8777,90.7245,90.8845,91.1245,614.831,41.5635,0.145044,26.4889,0.000290888,0.00268011,0.070993
44.86,0.2,0.000290888,26.4889,-0.00376613,0,2,198,90.72,90.8402,91.1196,91.1592,615.356,41.6401,0.145098,26.4889,0.000290888,0.00268011,0.070993
44.88,0.2,0.000290888,26.4889,-0.00131412,0,2,198,90.68,90.9562,91.2725,90.9981,615.88,41.7167,0.145151,26.4889,0.000290888,0.00268011,0.070993
44.9,0.2,0.000290888,26.4889,0.000198921,0,2,198,90.8399,90.8,90.8402,90.88,616.404,41.7933,0.145205,26.4889,0.000290888,0.00268011,0.070993
44.92,0.2,0.000290888,26.4889,0.000961533,0,2,198,90.876,90.68,90.964,91.162,616.928,41.87,0.145258,26.4889,0.000290888,0.00268011,0.070993
44.94,0.2,0.000290888,26.4889,0.00119333,0,2,198,90.68,90.8039,91.1161,91.1122,617.452,41.9467,0.145312,26.4889,0.000290888,0.00268011,0.070993
44.96,0.2,0.000290888,26.4889,0.000991159,0,2,198,90.6404,90.9591,91.2774,90.9996,617.977,42.0234,0.145366,26.4889,0.000290888,0.00268011,0.070993
44.98,0.2,0.000290888,26.4889,0.000279673,0,2,200,90.8011,90.7978,90.8845,90.9622,618.501,42.1002,0.145419,26.4889,0.000290888,0.00268011,0.070993
45,0.2,0.000290888,26.4889,-0.00114637,0,2,200,90.8795,90.72,90.882,91.1585,619.025,42.177,0.145473,26.4889,0.000290888,0.00268011,0.070993
45.02,0.195966,0.000285021,26.4889,-0.00347851,0,2,200,90.68,90.8416,91.12,91.1552,619.549,42.2538,0.145526,26.4889,0.000285021,0.00262605,0.0695611
45.04,0.197875,0.000287798,26.4889,-0.00662623,0,2,200,90.6408,90.9583,91.3158,91.04,620.073,42.3306,0.145578,26.4889,0.000287798,0.00265163,0.0702388
45.06,0.2,0.000290888,26.4889,-0.0098136,0,2,200,90.8414,90.7972,90.9628,90.9628,620.597,42.4075,0.145632,26.4889,0.000290888,0.00268011,0.070993
45.08,0.2,0.000290888,26.4889,-0.0110926,0,2,200,90.88,90.7981,90.9619,91.1963,621.122,42.4844,0.145686,26.4889,0.000290888,0.00268011,0.070993
45.1,0.101868,0.000148161,26.4889,-0.00695256,0,2,202,90.7985,90.8407,91.0415,91.1185,621.646,42.5613,0.145733,26.4889,0.000148161,0.00136509,0.0361597
45.12,0.102658,0.000149309,26.4889,0.00759541,0,2,202,90.6811,90.9579,91.2757,91.04,622.17,42.6382,0.145753,26.4889,0.000149309,0.00137567,0.0364399
45.14,0.2,0.000290888,26.4889,0.0378487,0,2,202,90.8404,90.7991,91.0004,91.0013,622.694,42.7152,0.145787,26.4889,0.000290888,0.00268011,0.070993
45.16,0.1,0.000145444,26.4889,0.0863803,0,2,202,90.8759,90.8,90.9682,91.2,623.218,42.7922,0.145841,26.4889,0.000145444,0.00134005,0.0354965
45.18,0.1,0.000145444,26.4889,0.147476,0,2,202,90.7212,90.8788,91.12,91.1212,623.742,42.8692,0.145861,26.4889,0.000145444,0.00134005,0.0354965
45.2,0.1,0.000145444,26.4889,0.202168,0,2,202,90.6437,90.9563,91.2671,91.0363,624.267,42.9462,0.145888,26.4889,0.000145444,0.00134005,0.0354965
45.22,0.1,0.000145444,26.5001,0.224519,0,2,202,90.88,90.8398,91.0398,91.0404,624.791,43.0232,0.145915,26.5001,0.000145444,0.00134062,0.0355266
45.24,0.1,0.000145444,26.5111,0.20185,0,2,202,90.8765,90.8009,90.9635,91.28,625.315,43.1003,0.145941,26.5111,0.000145444,0.00134118,0.0355561
45.26,0.1,0.000145444,26.5111,0.14709,0,2,202,90.72,90.9562,91.12,91.1251,625.84,43.1774,0.145968,26.5111,0.000145444,0.00134118,0.0355561
45.28,0.1,0.000145444,26.5111,0.0861976,0,2,202,90.6807,90.9993,91.278,91.0398,626.364,43.2545,0.145995,26.5111,0.000145444,0.00134118,0.0355561
45.3,0.1,0.000145444,26.5111,0.0379955,0,2,202,90.96,90.8377,91.04,91.0469,626.889,43.3317,0.146022,26.5111,0.000145444,0.00134118,0.0355561
45.32,0.1,0.000145444,26.5111,0.00802122,0,2,202,90.8814,90.8393,91.04,91.2779,627.414,43.4088,0.146049,26.5111,0.000145444,0.00134118,0.0355561
45.34,0.100229,0.000145777,26.5111,-0.00649638,0,2,202,90.8399,90.9604,91.1205,91.12,627.938,43.486,0.146076,26.5111,0.000145777,0.00134425,0.0356374
45.36,0.1,0.000145444,26.5111,-0.0111059,0,2,202,90.7252,91.0365,91.2678,91.04,628.463,43.5632,0.146102,26.5111,0.000145444,0.00134118,0.0355561
45.38,0.1,0.000145444,26.5111,-0.0110841,0,2,202,90.9586,90.8809,91.1186,91.1191,628.987,43.6404,0.146129,26.5111,0.000145444,0.00134118,0.0355561
45.4,0.196912,0.000286397,26.5111,-0.0101573,0,2,202,90.9563,90.84,91.0437,91.3188,629.512,43.7176,0.146163,26.5111,0.000286397,0.00264094,0.0700142
45.42,0.1,0.000145444,26.5111,-0.0101768,0,2,202,90.84,90.9579,91.1207,91.1621,630.036,43.7948,0.146215,26.5111,0.000145444,0.00134118,0.0355561
45.44,0.1,0.000145444,26.5111,-0.0111192,0,2,201.998,90.72,91.04,91.28,91.0401,630.561,43.8721,0.146236,26.5111,0.000145444,0.00134118,0.0355561
45.46,0.1,0.000145444,26.5111,-0.0110848,0,2,200,91,90.8382,91.1146,91.1618,631.086,43.9494,0.146262,26.5111,0.000145444,0.00134118,0.0355561
45.48,0.1,0.000145444,26.5111,-0.006299,0,2,200,90.8827,90.8391,91.1173,91.2782,631.61,44.0266,0.146289,26.5111,0.000145444,0.00134118,0.0355561
45.5,0.1,0.000145444,26.5111,0.00854864,0,2,200,90.7951,91.04,91.1722,91.12,632.135,44.1039,0.146316,26.5111,0.000145444,0.00134118,0.0355561
45.52,0.1,0.000145444,26.5111,0.0389923,0,2,200,90.7214,90.8797,91.1986,91.12,632.659,44.1812,0.146343,26.5111,0.000145444,0.00134118,0.0355561
45.54,0.105225,0.000153043,26.5111,0.0876833,0,2,200,91.0021,90.84,91.1537,91.1663,633.184,44.2586,0.14637,26.5111,0.000153043,0.00141125,0.0374138
45.56,0.1,0.000145444,26.5111,0.148787,0,2,200,90.8799,90.8401,91.16,91.3197,633.708,44.3359,0.146398,26.5111,0.000145444,0.00134118,0.0355561
45.58,0.2,0.000290888,26.5111,0.203093,0,2,200,90.8356,91.043,91.2059,91.1585,634.233,44.4133,0.146432,26.5111,0.000290888,0.00268235,0.0711122
45.6,0.2,0.000290888,26.5227,0.22461,0,2,200,90.7986,90.9627,91.1241,91.0414,634.758,44.4907,0.146492,26.5227,0.000290888,0.00268352,0.0711742
45.62,0.2,0.000290888,26.5333,0.200957,0,2,200,91.0386,90.88,91.1557,91.1657,635.282,44.5681,0.146546,26.5333,0.000290888,0.0026846,0.0712315
45.64,0.2,0.000290888,26.5333,0.14536,0,2,200,90.878,90.962,91.198,91.3139,635.807,44.6456,0.146599,26.5333,0.000290888,0.0026846,0.0712315
45.66,0.2,0.000290888,26.5333,0.0837386,0,2,200,90.84,91.1197,91.2797,91.1601,636.332,44.7231,0.146653,26.5333,0.000290888,0.0026846,0.0712315
45.68,0.2,0.000290888,26.5333,0.0347927,0,2,199.922,90.8463,90.9953,91.12,91.1216,636.857,44.8007,0.146707,26.5333,0.000290888,0.0026846,0.0712315
45.7,0.2,0.000290888,26.5333,0.00427467,0,2,198,91.1185,90.88,91.12,91.1995,637.382,44.8783,0.14676,26.5333,0.000290888,0.0026846,0.0712315
45.72,0.2,0.000290888,26.5333,-0.00982418,0,2,198,90.9565,91.0435,91.2,91.353,637.907,44.9559,0.146814,26.5333,0.000290888,0.0026846,0.0712315
45.74,0.2,0.000290888,26.5333,-0.0117142,0,2,198,90.841,91.12,91.3171,91.161,638.432,45.0336,0.146868,26.5333,0.000290888,0.0026846,0.0712315
45.76,0.2,0.000290888,26.5333,-0.00494962,0,2,198,90.8021,90.88,91.1205,91.1205,638.957,45.1112,0.146921,26.5333,0.000290888,0.0026846,0.0712315
45.78,0.2,0.000290888,26.5333,0.00821795,0,2,198,91.1161,90.8839,91.12,91.2839,639.482,45.1889,0.146975,26.5333,0.000290888,0.0026846,0.0712315
45.8,0.2,0.000290888,26.5333,0.0258453,0,2,198,90.8803,90.96,91.1998,91.3201,640.007,45.2667,0.147029,26.5333,0.000290888,0.0026846,0.0712315
45.82,0.2,0.000290888,26.5333,0.0441466,0,2,198,90.84,91.1239,91.32,91.1141,640.532,45.3444,0.147082,26.5333,0.000290888,0.0026846,0.0712315
45.84,0.3,0.000436332,26.5333,0.0547183,0,2,198,91.1275,91.3106,91.0456,91.0075,641.057,45.4222,0.147143,26.5333,0.000436332,0.0040269,0.106847
45.86,0.3,0.000436332,26.5333,0.0452411,0,2,198,91.1213,90.8422,91.16,91.3584,641.582,45.5,0.14723,26.5333,0.000436332,0.0040269,0.106847
45.88,0.3,0.000436332,26.5449,0.0112151,0,2,199.933,90.6813,90.6481,91.2773,91.3546,642.107,45.5779,0.147311,26.5449,0.000436332,0.00402866,0.10694
45.9,0.397851,0.00057865,26.544,-0.0299381,0,2,198,90.7983,91.1931,91.4348,91.1217,642.632,45.6558,0.147398,26.544,0.00057865,0.00534251,0.141812
45.92,0.5,0.000727221,26.5333,-0.0474039,0,2,198.065,91.0426,91.0348,91.1213,91.16,643.157,45.7338,0.147518,26.5333,0.000727221,0.00671151,0.178079
45.94,0.5,0.000727221,26.5333,-0.0231185,0,2,200,91.12,90.8454,91.0364,91.1964,643.682,45.8119,0.147659,26.5333,0.000727221,0.00671151,0.178079
45.96,0.5,0.000727221,26.5333,0.038165,0,2,200,90.9615,91.0392,90.8808,90.8427,644.207,45.89,0.147793,26.5333,0.000727221,0.00671151,0.178079
45.98,0.5,0.000727221,26.5333,0.117526,0,2,200,90.8,91.12,91.5163,91.2874,644.732,45.9682,0.147928,26.5333,0.000727221,0.00671151,0.178079
46,0.5,0.000727221,26.5333,0.18785,0,2,200,90.9595,91.0004,91.44,91.5198,645.257,46.0464,0.148062,26.5333,0.000727221,0.00671151,0.178079
46.02,0.5,0.000727221,26.5445,0.220539,0,2,202,91.1539,90.8841,91.0461,91.282,645.782,46.1247,0.148196,26.5445,0.000727221,0.00671434,0.178229
46.04,0.5,0.000727221,26.5556,0.203204,0,2,202,90.8801,91.0399,91.2,91.28,646.307,46.2032,0.14833,26.5556,0.000727221,0.00671713,0.178377
46.06,0.5,0.000727221,26.5556,0.150208,0,2,202,90.8423,91.1577,91.4614,91.1954,646.832,46.2817,0.148465,26.5556,0.000727221,0.00671713,0.178377
46.08,0.6,0.000872665,26.5556,0.0890583,0,2,202,91.0003,90.9997,91.1205,91.1205,647.357,46.3603,0.148606,26.5556,0.000872665,0.00806056,0.214053
46.1,0.6,0.000872665,26.5556,0.0397858,0,2,202,91.1164,90.96,91.1654,91.36,647.883,46.439,0.148774,26.5556,0.000872665,0.00806056,0.214053
46.12,0.6,0.000872665,26.5556,0.00871112,0,2,202,90.9616,91.0384,91.28,91.2816,648.408,46.5178,0.148935,26.5556,0.000872665,0.00806056,0.214053
46.14,0.6,0.000872665,26.5556,-0.0064667,0,2,202.024,90.88,91.1595,91.4762,91.199,648.933,46.5966,0.149096,26.5556,0.000872665,0.00806056,0.214053
46.16,0.694925,0.00101073,26.5556,-0.0109868,0,2,202.101,91.0061,91.0359,91.2,91.2041,649.458,46.6755,0.149264,26.5556,0.00101073,0.00933581,0.247918
46.18,0.698426,0.00101582,26.5556,-0.00988769,0,2,204,91.12,90.96,91.1606,91.3587,649.983,46.7546,0.149457,26.5556,0.00101582,0.00938284,0.249166
46.2,0.6,0.000872665,26.5556,-0.00676562,0,2,204,90.9573,91.0427,91.2855,91.28,650.509,46.8337,0.149638,26.5556,0.000872665,0.00806056,0.214053
46.22,0.6,0.000872665,26.5556,-0.00365144,0,2,204,90.8404,91.1596,91.4796,91.2008,651.034,46.9129,0.149793,26.5556,0.000872665,0.00806056,0.214053
46.24,0.7,0.00101811,26.5556,-0.00138211,0,2,204,91.0402,90.9598,91.16,91.2004,651.559,46.9922,0.149961,26.5556,0.00101811,0.00940398,0.249728
46.26,0.7,0.00101811,26.5556,-7.60617e-05,0,2,204,91.0361,90.8858,91.1678,91.4361,652.084,47.0716,0.150156,26.5556,0.00101811,0.00940398,0.249728
46.28,0.7,0.00101811,26.5556,0.000476934,0,2,204,90.8804,91.1194,91.2802,91.2804,652.609,47.1511,0.150344,26.5556,0.00101811,0.00940398,0.249728
46.3,0.7,0.00101811,26.5556,0.000566946,0,2,204,90.8456,91.1144,91.4251,91.1981,653.134,47.2307,0.150532,26.5556,0.00101811,0.00940398,0.249728
46.32,0.7,0.00101811,26.5556,0.00044075,0,2,205.964,91.1171,90.9607,91.1986,91.1993,653.659,47.3104,0.15072,26.5556,0.00101811,0.00940398,0.249728
46.34,0.7,0.00101811,26.5556,0.000264201,0,2,206,91.0371,90.8815,91.2022,91.4385,654.185,47.3902,0.150908,26.5556,0.00101811,0.00940398,0.249728
46.36,0.7,0.00101811,26.5556,0.00012986,0,2,206,90.9559,91.1221,91.2903,91.2,654.71,47.4701,0.151096,26.5556,0.00101811,0.00940398,0.249728
46.38,0.7,0.00101811,26.5556,7.99713e-05,0,2,206,90.8402,91.1202,91.3605,91.1602,655.235,47.5501,0.151284,26.5556,0.00101811,0.00940398,0.249728
46.4,0.7,0.00101811,26.5556,0.000126429,0,2,206,91.12,90.96,91.1982,91.207,655.76,47.6302,0.151472,26.5556,0.00101811,0.00940398,0.249728
46.42,0.7,0.00101811,26.5556,0.000258527,0,2,206,91.0402,90.96,91.1999,91.4797,656.285,47.7104,0.15166,26.5556,0.00101811,0.00940398,0.249728
46.44,0.7,0.00101811,26.5556,0.000435709,0,2,206,90.9579,91.1207,91.325,91.28,656.81,47.7907,0.151848,26.5556,0.00101811,0.00940398,0.249728
46.46,0.7,0.00101811,26.5556,0.000567851,0,2,206,90.8009,91.16,91.3265,91.2018,657.335,47.8711,0.152037,26.5556,0.00101811,0.00940398,0.249728
46.48,0.7,0.00101811,26.5556,0.000491954,0,2,206,91.1206,90.96,91.2782,91.2824,657.86,47.9516,0.152225,26.5556,0.00101811,0.00940398,0.249728
46.5,0.7,0.00101811,26.5556,-3.67823e-05,0,2,206,91.1214,90.96,91.2759,91.4786,658.385,48.0321,0.152413,26.5556,0.00101811,0.00940398,0.249728
46.52,0.7,0.00101811,26.5556,-0.00130999,0,2,204,90.9597,91.1202,91.3208,91.2,658.91,48.1128,0.152601,26.5556,0.00101811,0.00940398,0.249728
46.54,0.7,0.00101811,26.5556,-0.00354716,0,2,204,90.8416,91.159,91.2794,91.1603,659.435,48.1936,0.152789,26.5556,0.00101811,0.00940398,0.249728
46.56,0.7,0.00101811,26.5556,-0.00665176,0,2,204,91.1619,90.9619,91.2743,91.3257,659.959,48.2745,0.152977,26.5556,0.00101811,0.00940398,0.249728
46.58,0.7,0.00101811,26.5556,-0.00982515,0,2,204,91.121,91.0395,91.3181,91.44,660.484,48.3555,0.153165,26.5556,0.00101811,0.00940398,0.249728
46.6,0.7,0.00101811,26.5556,-0.0110895,0,2,202,90.9569,91.1616,91.3647,91.28,661.009,48.4365,0.153353,26.5556,0.00101811,0.00940398,0.249728
46.62,0.7,0.00101811,26.5556,-0.00690254,0,2,202,90.88,91.1206,91.2023,91.2006,661.534,48.5177,0.153541,26.5556,0.00101811,0.00940398,0.249728
46.64,0.7,0.00101811,26.5556,0.00775312,0,2,200.015,91.1994,91.0003,91.2794,91.3197,662.059,48.599,0.153729,26.5556,0.00101811,0.00940398,0.249728
46.66,0.7,0.00101811,26.5556,0.0381891,0,2,201.913,91.0365,90.9635,91.3183,91.4348,662.584,48.6804,0.153917,26.5556,0.00101811,0.00940398,0.249728
46.68,0.7,0.00101811,26.5556,0.0869579,0,2,200,90.96,91.1568,91.4746,91.2811,663.109,48.7619,0.154105,26.5556,0.00101811,0.00940398,0.249728
46.7,0.7,0.00101811,26.5556,0.148261,0,2,199.869,90.9652,91.1174,91.2026,91.1613,663.633,48.8434,0.154293,26.5556,0.00101811,0.00940398,0.249728
46.72,0.7,0.00101811,26.5556,0.202989,0,2,196,91.1982,91.0009,91.28,91.3173,664.158,48.9251,0.154482,26.5556,0.00101811,0.00940398,0.249728
46.74,0.7,0.00101811,26.5669,0.225119,0,2,196,90.9595,91.0405,91.3197,91.439,664.683,49.0069,0.15467,26.5669,0.00101811,0.00940801,0.249942
46.76,0.7,0.00101811,26.5778,0.201984,0,2,192.099,90.878,91.16,91.48,91.28,665.208,49.0888,0.154858,26.5778,0.00101811,0.00941185,0.250146
46.78,0.7,0.00101811,26.5778,0.146442,0,2,192.011,90.9594,91.1202,91.1617,91.2004,665.733,49.1708,0.155046,26.5778,0.00101811,0.00941185,0.250146
46.8,0.7,0.00101811,26.5778,0.0841605,0,2,190.089,91.2765,91.0382,91.2035,91.3653,666.259,49.253,0.155234,26.5778,0.00101811,0.00941185,0.250146
46.82,0.7,0.00101811,26.5778,0.0336662,0,2,191.994,91.1196,91.1201,91.3598,91.4397,666.784,49.3352,0.155423,26.5778,0.00101811,0.00941185,0.250146
46.84,0.7,0.00101811,26.5778,0.000593291,0,2,190,90.8798,91.12,91.5196,91.2796,667.309,49.4175,0.155611,26.5778,0.00101811,0.00941185,0.250146
46.86,0.7,0.00101811,26.5778,-0.0168976,0,2,188,91.1244,91.16,91.2088,91.2822,667.834,49.5,0.155799,26.5778,0.00101811,0.00941185,0.250146
46.88,0.7,0.00101811,26.5778,-0.0221244,0,2,187.987,91.2,91.0405,91.2803,91.4403,668.359,49.5825,0.155987,26.5778,0.00101811,0.00941185,0.250146
46.9,0.7,0.00101811,26.5778,-0.0165065,0,2,189.784,91.1157,91.1622,91.3222,91.3135,668.884,49.6651,0.156176,26.5778,0.00101811,0.00941185,0.250146
46.92,0.7,0.00101811,26.5778,0.00148248,0,2,184,91,91.2799,91.5198,91.28,669.409,49.7479,0.156364,26.5778,0.00101811,0.00941185,0.250146
46.94,0.7,0.00101811,26.5778,0.0351891,0,2,182,91.1606,91.1594,91.163,91.2824,669.934,49.8307,0.156552,26.5778,0.00101811,0.00941185,0.250146
46.96,0.7,0.00101811,26.5778,0.0863125,0,2,181.887,91.28,91.12,91.1668,91.5955,670.459,49.9136,0.15674,26.5778,0.00101811,0.00941185,0.250146
46.98,0.600231,0.000873,26.5778,0.14881,0,2,180,91.1204,91.1998,91.3598,91.3604,670.984,49.9966,0.156922,26.5778,0.000873,0.00807041,0.214493
47,0.604834,0.000879695,26.5778,0.203626,0,2,176,91,91.3581,91.6226,91.2742,671.509,50.0798,0.157077,26.5778,0.000879695,0.0081323,0.216138
47.02,0.600378,0.000873214,26.5894,0.225117,0,2,168.03,91.1594,91.2005,91.2003,91.2795,672.035,50.163,0.157239,26.5894,0.000873214,0.00807592,0.214734
47.04,0.6,0.000872665,26.6,0.201349,0,2,170.233,91.2753,91.1223,91.2093,91.5177,672.56,50.2463,0.157401,26.6,0.000872665,0.00807405,0.21477
47.06,0.6,0.000872665,26.6,0.145916,0,2,172,91.12,91.2014,91.3218,91.32,673.085,50.3297,0.157562,26.6,0.000872665,0.00807405,0.21477
47.08,0.6,0.000872665,26.6,0.0848634,0,2,170,91.0384,91.3184,91.5102,91.28,673.611,50.4133,0.157724,26.6,0.000872665,0.00807405,0.21477
47.1,0.6,0.000872665,26.6,0.0367629,0,2,170,91.1959,91.2016,91.28,91.3192,674.136,50.4969,0.157885,26.6,0.000872665,0.00807405,0.21477
47.12,0.6,0.000872665,26.6,0.00698751,0,2,168,91.2778,91.12,91.2815,91.5193,674.661,50.5805,0.158047,26.6,0.000872665,0.00807405,0.21477
47.14,0.6,0.000872665,26.6,-0.00718915,0,2,166.099,91.12,91.2059,91.3679,91.32,675.187,50.6643,0.158208,26.6,0.000872665,0.00807405,0.21477
47.16,0.6,0.000872665,26.6,-0.0111015,0,2,164.011,91.04,91.3599,91.5196,91.3199,675.712,50.7482,0.15837,26.6,0.000872665,0.00807405,0.21477
47.18,0.6,0.000872665,26.6,-0.0097211,0,2,164.102,91.2061,91.158,91.318,91.3261,676.237,50.8321,0.158531,26.6,0.000872665,0.00807405,0.21477
47.2,0.500014,0.000727241,26.6,-0.00652839,0,2,162.001,91.28,91.12,91.28,91.52,676.763,50.9161,0.158686,26.6,0.000727241,0.00672856,0.17898
47.22,0.5,0.000727221,26.6,-0.00344915,0,2,160,91.12,91.1657,91.3295,91.32,677.288,51.0003,0.158814,26.6,0.000727221,0.00672837,0.178975
47.24,0.5,0.000727221,26.6,-0.00124775,0,2,161.942,91.0035,91.3188,91.52,91.2812,677.813,51.0844,0.158948,26.6,0.000727221,0.00672837,0.178975
47.26,0.5,0.000727221,26.6,-2.88012e-06,0,2,157.939,91.2012,91.16,91.3194,91.2824,678.339,51.1687,0.159083,26.6,0.000727221,0.00672837,0.178975
47.28,0.5,0.000727221,26.6,0.000511198,0,2,157.777,91.2733,91.1622,91.2845,91.4778,678.864,51.253,0.159217,26.6,0.000727221,0.00672837,0.178975
47.3,0.5,0.000727221,26.6,0.000585167,0,2,155.903,91.04,91.28,91.3297,91.3581,679.389,51.3374,0.159352,26.6,0.000727221,0.00672837,0.178975
47.32,0.5,0.000727221,26.6,0.00045836,0,2,155.991,90.9604,91.28,91.3607,91.2802,679.915,51.4218,0.159486,26.6,0.000727221,0.00672837,0.178975
47.34,0.5,0.000727221,26.6,0.000284615,0,2,152.01,91.2006,91.12,91.3194,91.3604,680.44,51.5063,0.159621,26.6,0.000727221,0.00672837,0.178975
47.36,0.5,0.000727221,26.6,0.000141072,0,2,154.088,91.1965,91.16,91.3218,91.4747,680.965,51.5909,0.159756,26.6,0.000727221,0.00672837,0.178975
47.38,0.5,0.000727221,26.6,5.20094e-05,0,2,154,91.12,91.28,91.36,91.32,681.49,51.6756,0.15989,26.6,0.000727221,0.00672837,0.178975
47.4,0.5,0.000727221,26.6,1.20221e-05,0,2,152,90.9678,91.2741,91.3141,91.162,682.015,51.7603,0.160025,26.6,0.000727221,0.00672837,0.178975
47.42,0.5,0.000727221,26.6,2.20514e-06,0,2,150.023,91.2802,91.1195,91.2795,91.3607,682.541,51.8451,0.160159,26.6,0.000727221,0.00672837,0.178975
47.44,0.5,0.000727221,26.6,-1.12746e-06,0,2,152.038,91.277,91.1608,91.32,91.5185,683.066,51.93,0.160294,26.6,0.000727221,0.00672837,0.178975
47.46,0.5,0.000727221,26.6,-2.26223e-05,0,2,152.077,91.12,91.2769,91.3585,91.3246,683.591,52.0149,0.160428,26.6,0.000727221,0.00672837,0.178975
47.48,0.5,0.000727221,26.6,-8.51255e-05,0,2,153.994,91.0401,91.32,91.2804,91.2001,684.116,52.1,0.160563,26.6,0.000727221,0.00672837,0.178975
47.5,0.5,0.000727221,26.6,-0.000203877,0,2,149.893,91.2064,91.12,91.2757,91.3664,684.641,52.1851,0.160698,26.6,0.000727221,0.00672837,0.178975
47.52,0.5,0.000727221,26.6,-0.000374145,0,2,151.957,91.2013,91.1596,91.3187,91.48,685.166,52.2702,0.160832,26.6,0.000727221,0.00672837,0.178975
47.54,0.5,0.000727221,26.6,-0.000550696,0,2,149.896,91.1158,91.3221,91.4421,91.3179,685.692,52.3554,0.160967,26.6,0.000727221,0.00672837,0.178975
47.56,0.5,0.000727221,26.6,-0.000621757,0,2,149.998,91.0401,91.28,91.2,91.2,686.217,52.4407,0.161101,26.6,0.000727221,0.00672837,0.178975
47.58,0.5,0.000727221,26.6,-0.000387737,0,2,146.048,91.28,91.12,91.2781,91.3629,686.742,52.5261,0.161236,26.6,0.000727221,0.00672837,0.178975
47.6,0.5,0.000727221,26.6,0.000433712,0,2,148,91.1634,91.12,91.3166,91.4411,687.267,52.6116,0.16137,26.6,0.000727221,0.00672837,0.178975
47.62,0.5,0.000727221,26.6,0.00214152,0,2,148.03,91.1176,91.2806,91.48,91.3194,687.792,52.6971,0.161505,26.6,0.000727221,0.00672837,0.178975
47.64,0.5,0.000727221,26.6,0.00487995,0,2,148,91.0095,91.1981,91.2038,91.2038,688.317,52.7827,0.16164,26.6,0.000727221,0.00672837,0.178975
47.66,0.5,0.000727221,26.6,0.00832473,0,2,148,91.2795,91.1203,91.2005,91.3595,688.842,52.8683,0.161774,26.6,0.000727221,0.00672837,0.178975
47.68,0.5,0.000727221,26.6,0.0112286,0,2,148.031,91.12,91.1212,91.3194,91.3594,689.367,52.954,0.161909,26.6,0.000727221,0.00672837,0.178975
47.7,0.5,0.000727221,26.6,0.0109239,0,2,150,91.0427,91.2773,91.4732,91.32,689.892,53.0398,0.162043,26.6,0.000727221,0.00672837,0.178975
47.72,0.5,0.000727221,26.6,0.00304546,0,2,150,91.0041,91.1592,91.1624,91.2016,690.417,53.1257,0.162178,26.6,0.000727221,0.00672837,0.178975
47.74,0.502731,0.000731192,26.6,-0.0180305,0,2,150,91.2778,91.04,91.2,91.4422,690.942,53.2116,0.162313,26.6,0.000731192,0.00676512,0.179952
47.76,0.503576,0.000732421,26.6,-0.0573011,0,2,151.928,91.1229,91.1171,91.3157,91.3657,691.467,53.2976,0.162448,26.6,0.000732421,0.00677649,0.180255
47.78,0.5,0.000727221,26.6,-0.114979,0,2,150,91.12,91.2796,91.5189,91.28,691.992,53.3837,0.162583,26.6,0.000727221,0.00672837,0.178975
47.8,0.6,0.000872665,26.6,-0.179548,0,2,152,91.0457,91.1581,91.1238,91.1657,692.517,53.4699,0.162725,26.6,0.000872665,0.00807405,0.21477
47.82,0.599521,0.000871968,26.6,-0.22473,0,2,152,91.2796,91.12,91.1606,91.4402,693.042,53.5561,0.162893,26.6,0.000871968,0.0080676,0.214598
47.84,0.6,0.000872665,26.5778,-0.224909,0,2,152,91.04,91.1603,91.2803,91.3197,693.567,53.6424,0.163054,26.5778,0.000872665,0.0080673,0.214411
47.86,0.6,0.000872665,26.5778,-0.18004,0,2,152,91.0357,91.28,91.5072,91.2757,694.091,53.7287,0.163215,26.5778,0.000872665,0.0080673,0.214411
47.88,0.6,0.000872665,26.5778,-0.115623,0,2,152,91.0392,91.1216,91.1612,91.2,694.616,53.8151,0.163377,26.5778,0.000872665,0.0080673,0.214411
47.9,0.504399,0.000733619,26.5778,-0.0577486,0,2,152.088,91.2747,91.04,91.127,91.4418,695.14,53.9016,0.163532,26.5778,0.000733619,0.0067819,0.180248
47.92,0.6,0.000872665,26.5778,-0.0176606,0,2,154,91.0402,91.1199,91.28,91.3202,695.665,53.9882,0.163667,26.5778,0.000872665,0.0080673,0.214411
47.94,0.6,0.000872665,26.5778,0.00514906,0,2,154,90.96,91.1996,91.4773,91.1996,696.189,54.0749,0.163835,26.5778,0.000872665,0.0080673,0.214411
47.96,0.6,0.000872665,26.5778,0.0158273,0,2,154,91.046,91.116,91.162,91.206,696.714,54.1616,0.163996,26.5778,0.000872665,0.0080673,0.214411
47.98,0.6,0.000872665,26.5778,0.0196825,0,2,154.011,91.1598,91.0002,91.1606,91.44,697.238,54.2484,0.164158,26.5778,0.000872665,0.0080673,0.214411
48,0.6,0.000872665,26.5778,0.0198335,0,2,156,91.0049,91.1167,91.2033,91.3249,697.762,54.3353,0.164319,26.5778,0.000872665,0.0080673,0.214411
48.02,0.6,0.000872665,26.5778,0.0162544,0,2,157.984,90.96,91.1994,91.4378,91.1997,698.287,54.4223,0.16448,26.5778,0.000872665,0.0080673,0.214411
48.04,0.6,0.000872665,26.5778,0.00575041,0,2,158,91.1224,91.04,91.1976,91.2071,698.811,54.5094,0.164642,26.5778,0.000872665,0.0080673,0.214411
48.06,0.6,0.000872665,26.5778,-0.0171294,0,2,158,91.1194,91.04,91.1212,91.4797,699.336,54.5966,0.164803,26.5778,0.000872665,0.0080673,0.214411
48.08,0.6,0.000872665,26.5778,-0.0577588,0,2,158,90.96,91.0457,91.2876,91.2762,699.86,54.6838,0.164964,26.5778,0.000872665,0.0080673,0.214411
48.1,0.6,0.000872665,26.5778,-0.116925,0,2,159.991,90.8803,91.16,91.44,91.2,700.384,54.7711,0.165126,26.5778,0.000872665,0.0080673,0.214411
48.12,0.6,0.000872665,26.5778,-0.183595,0,2,158.084,91.045,90.9983,91.16,91.205,700.909,54.8586,0.165287,26.5778,0.000872665,0.0080673,0.214411
48.14,0.6,0.000872665,26.5778,-0.231575,0,2,160,91.16,90.9993,91.16,91.4379,701.433,54.9461,0.165448,26.5778,0.000872665,0.0080673,0.214411
48.16,0.6,0.000872665,26.5556,-0.23456,0,2,162,91,91.0436,91.2084,91.2,701.957,55.0336,0.16561,26.5556,0.000872665,0.00806056,0.214053
48.18,0.6,0.000872665,26.5556,-0.190608,0,2,162,90.8821,91.1993,91.3621,91.1607,702.481,55.1212,0.165771,26.5556,0.000872665,0.00806056,0.214053
48.2,0.6,0.000872665,26.5556,-0.121784,0,2,162,91.0451,91.0375,91.1987,91.2051,703.005,55.2089,0.165932,26.5556,0.000872665,0.00806056,0.214053
48.22,0.6,0.000872665,26.5556,-0.0493522,0,2,163.978,91.2,90.96,91.1996,91.4787,703.528,55.2967,0.166093,26.5556,0.000872665,0.00806056,0.214053
48.24,0.6,0.000872665,26.5556,0.0204626,0,2,164,91,91.1205,91.2824,91.2,704.052,55.3845,0.166255,26.5556,0.000872665,0.00806056,0.214053
48.26,0.6,0.000872665,26.5556,0.0903691,0,2,164,90.8844,91.1578,91.309,91.16,704.576,55.4724,0.166416,26.5556,0.000872665,0.00806056,0.214053
48.28,0.6,0.000872665,26.5556,0.159459,0,2,164,91.1176,91.12,91.1988,91.2782,705.1,55.5605,0.166577,26.5556,0.000872665,0.00806056,0.214053
48.3,0.6,0.000872665,26.5556,0.214146,0,2,164,91.1582,91.0018,91.28,91.433,705.624,55.6486,0.166738,26.5556,0.000872665,0.00806056,0.214053
48.32,0.6,0.000872665,26.5671,0.232855,0,2,164,91.0412,91.1188,91.3194,91.2012,706.147,55.7368,0.166899,26.5671,0.000872665,0.00806407,0.214239
48.34,0.6,0.000872665,26.5778,0.20597,0,2,164,90.8815,91.2,91.2035,91.1605,706.671,55.8251,0.167061,26.5778,0.000872665,0.0080673,0.214411
48.36,0.6,0.000872665,26.5778,0.148061,0,2,164,91.1222,91.04,91.1978,91.2845,707.196,55.9135,0.167222,26.5778,0.000872665,0.0080673,0.214411
48.38,0.6,0.000872665,26.5778,0.0854188,0,2,164,91.2,91.04,91.2753,91.44,707.72,56.0021,0.167384,26.5778,0.000872665,0.0080673,0.214411
48.4,0.6,0.000872665,26.5778,0.0365123,0,2,164,91.0378,91.2022,91.3633,91.2,708.244,56.0907,0.167545,26.5778,0.000872665,0.0080673,0.214411
48.42,0.6,0.000872665,26.5778,0.00647179,0,2,164,90.8813,91.28,91.1653,91.2,708.768,56.1793,0.167706,26.5778,0.000872665,0.0080673,0.214411
48.44,0.6,0.000872665,26.5778,-0.00767519,0,2,162,91.1202,91.1195,91.1598,91.3207,709.292,56.2681,0.167868,26.5778,0.000872665,0.0080673,0.214411
48.46,0.6,0.000872665,26.5778,-0.0114442,0,2,162,91.1538,91.0021,91.28,91.3559,709.816,56.357,0.168029,26.5778,0.000872665,0.0080673,0.214411
48.48,0.500773,0.000728344,26.5778,-0.00991212,0,2,162,90.9606,91.1591,91.4388,91.28,710.34,56.4459,0.168184,26.5778,0.000728344,0.00673314,0.178952
48.5,0.6,0.000872665,26.5778,-0.00660519,0,2,162,90.8485,91.1549,91.1217,91.1234,710.864,56.5349,0.168318,26.5778,0.000872665,0.0080673,0.214411
48.52,0.6,0.000872665,26.5778,-0.00345787,0,2,162,91.1575,90.9617,91.1992,91.3175,711.388,56.624,0.168486,26.5778,0.000872665,0.0080673,0.214411
48.54,0.6,0.000872665,26.5778,-0.00122564,0,2,161.914,91.1148,91.0052,91.3183,91.3531,711.912,56.7132,0.168648,26.5778,0.000872665,0.0080673,0.214411
48.56,0.6,0.000872665,26.5778,2.65293e-05,0,2,161.972,91,91.12,91.4378,91.2,712.436,56.8025,0.168809,26.5778,0.000872665,0.0080673,0.214411
48.58,0.6,0.000872665,26.5778,0.000536269,0,2,161.983,90.8807,91.1595,91.1203,91.1602,712.96,56.8918,0.16897,26.5778,0.000872665,0.0080673,0.214411
48.6,0.6,0.000872665,26.5778,0.000601994,0,2,160,91.1624,90.96,91.16,91.3272,713.484,56.9812,0.169132,26.5778,0.000872665,0.0080673,0.214411
48.62,0.6,0.000872665,26.5778,0.000466694,0,2,160,91.157,91.0423,91.28,91.3192,714.008,57.0708,0.169293,26.5778,0.000872665,0.0080673,0.214411
48.64,0.6,0.000872665,26.5778,0.000284919,0,2,160,90.9986,91.2028,91.4358,91.2772,714.532,57.1604,0.169454,26.5778,0.000872665,0.0080673,0.214411
48.66,0.6,0.000872665,26.5778,0.000133004,0,2,158.04,90.9992,91.1624,91.124,91.1608,715.056,57.25,0.169616,26.5778,0.000872665,0.0080673,0.214411
48.68,0.6,0.000872665,26.5778,3.44064e-05,0,2,158,91.2019,91.04,91.161,91.3619,715.58,57.3398,0.169777,26.5778,0.000872665,0.0080673,0.214411
48.7,0.6,0.000872665,26.5778,-1.55786e-05,0,2,158,91.1628,91.1181,91.3172,91.3228,716.104,57.4297,0.169938,26.5778,0.000872665,0.0080673,0.214411
48.72,0.6,0.000872665,26.5778,-3.2009e-05,0,2,158,91.0377,91.2023,91.5141,91.1988,716.628,57.5196,0.1701,26.5778,0.000872665,0.0080673,0.214411
48.74,0.6,0.000872665,26.5778,-3.01548e-05,0,2,156,90.9688,91.1547,91.1235,91.1653,717.152,57.6096,0.170261,26.5778,0.000872665,0.0080673,0.214411
48.76,0.698347,0.00101571,26.5778,-2.1253e-05,0,2,156,91.1993,91.0007,91.1213,91.3587,717.676,57.6997,0.170429,26.5778,0.00101571,0.00938963,0.249556
48.78,0.6,0.000872665,26.5778,-1.18438e-05,0,2,155.958,91.1183,91.1208,91.2808,91.3192,718.199,57.7899,0.170617,26.5778,0.000872665,0.0080673,0.214411
48.8,0.6,0.000872665,26.5778,-4.76389e-06,0,2,155.934,91.04,91.2761,91.5134,91.2026,718.723,57.8802,0.170772,26.5778,0.000872665,0.0080673,0.214411
48.82,0.7,0.00101811,26.5778,-5.55833e-07,0,2,153.922,91.0031,91.1184,91.1608,91.1623,719.247,57.9706,0.17094,26.5778,0.00101811,0.00941185,0.250146
48.84,0.7,0.00101811,26.5778,1.33132e-06,0,2,152,91.2,91,91.1629,91.44,719.771,58.0611,0.171135,26.5778,0.00101811,0.00941185,0.250146
48.86,0.602639,0.000876503,26.5778,1.75119e-06,0,2,152,91.0442,91.0389,91.2811,91.3232,720.295,58.1517,0.171316,26.5778,0.000876503,0.00810278,0.215354
48.88,0.7,0.00101811,26.5778,1.45198e-06,0,2,151.974,90.9984,91.28,91.4763,91.1995,720.818,58.2423,0.171478,26.5778,0.00101811,0.00941185,0.250146
48.9,0.7,0.00101811,26.5778,9.36464e-07,0,2,148.079,91.0337,91.1263,91.1616,91.1984,721.342,58.3331,0.171673,26.5778,0.00101811,0.00941185,0.250146
48.92,0.7,0.00101811,26.5778,4.70407e-07,0,2,148.002,91.2799,91.04,91.1601,91.44,721.866,58.4239,0.171861,26.5778,0.00101811,0.00941185,0.250146
48.94,0.7,0.00101811,26.5778,1.50056e-07,0,2,150,91.0422,91.1222,91.2822,91.2778,722.39,58.5149,0.17205,26.5778,0.00101811,0.00941185,0.250146
48.96,0.7,0.00101811,26.5778,-2.41524e-08,0,2,150,91.0419,91.3172,91.4772,91.2781,722.913,58.6059,0.172238,26.5778,0.00101811,0.00941185,0.250146
48.98,0.7,0.00101811,26.5778,-9.11361e-08,0,2,148,91.0432,91.1168,91.2,91.2032,723.437,58.6971,0.172426,26.5778,0.00101811,0.00941185,0.250146
49,0.7,0.00101811,26.5778,-9.50065e-08,0,2,148,91.2762,91.0387,91.1613,91.4362,723.961,58.7883,0.172614,26.5778,0.00101811,0.00941185,0.250146
49.02,0.7,0.00101811,26.5778,-6.93682e-08,0,2,148,91.04,91.16,91.2833,91.28,724.484,58.8797,0.172803,26.5778,0.00101811,0.00941185,0.250146
49.04,0.7,0.00101811,26.5778,-3.36722e-08,0,2,149.928,90.96,91.1993,91.4349,91.1993,725.008,58.9711,0.172991,26.5778,0.00101811,0.00941185,0.250146
49.06,0.7,0.00101811,26.5778,3.97813e-09,0,2,146,91.1166,91.1208,91.1992,91.2775,725.532,59.0627,0.173179,26.5778,0.00101811,0.00941185,0.250146
49.08,0.7,0.00101811,26.5778,4.1245e-08,0,2,147.963,91.1993,91.04,91.2022,91.4778,726.055,59.1543,0.173367,26.5778,0.00101811,0.00941185,0.250146
49.1,0.7,0.00101811,26.5778,7.51236e-08,0,2,147.928,91.0443,91.1557,91.2814,91.2829,726.579,59.2461,0.173555,26.5778,0.00101811,0.00941185,0.250146
49.12,0.7,0.00101811,26.5778,9.56329e-08,0,2,145.976,91.0005,91.2786,91.3571,91.16,727.102,59.3379,0.173744,26.5778,0.00101811,0.00941185,0.250146
49.14,0.7,0.00101811,26.5778,8.07228e-08,0,2,144,91.1614,91.12,91.1986,91.2827,727.626,59.4299,0.173932,26.5778,0.00101811,0.00941185,0.250146
49.16,0.7,0.00101811,26.5778,-5.40092e-09,0,2,144,91.2,91.0414,91.1993,91.4386,728.149,59.5219,0.17412,26.5778,0.00101811,0.00941185,0.250146
49.18,0.7,0.00101811,26.5778,-2.06488e-07,0,2,144,91.043,91.203,91.2874,91.277,728.673,59.614,0.174308,26.5778,0.00101811,0.00941185,0.250146
49.2,0.7,0.00101811,26.5778,-5.552e-07,0,2,144,91.0027,91.28,91.3236,91.1609,729.196,59.7063,0.174497,26.5778,0.00101811,0.00941185,0.250146
49.22,0.7,0.00101811,26.5778,-1.03476e-06,0,2,142.059,91.2024,91.1176,91.1988,91.2824,729.72,59.7986,0.174685,26.5778,0.00101811,0.00941185,0.250146
49.24,0.7,0.00101811,26.5778,-1.51894e-06,0,2,144,91.1973,91.0427,91.2027,91.4359,730.243,59.891,0.174873,26.5778,0.00101811,0.00941185,0.250146
49.26,0.7,0.00101811,26.5778,-1.69861e-06,0,2,142.027,91.0411,91.1595,91.3195,91.2805,730.767,59.9836,0.175061,26.5778,0.00101811,0.00941185,0.250146
49.28,0.7,0.00101811,26.5778,-1.02359e-06,0,2,142,90.9611,91.2766,91.3155,91.16,731.29,60.0762,0.17525,26.5778,0.00101811,0.00941185,0.250146
49.3,0.7,0.00101811,26.5778,1.28048e-06,0,2,142,91.1555,91.1211,91.1989,91.1989,731.814,60.1689,0.175438,26.5778,0.00101811,0.00941185,0.250146
49.32,0.7,0.00101811,26.5778,6.02485e-06,0,2,143.954,91.1963,91.04,91.28,91.4363,732.337,60.2617,0.175626,26.5778,0.00101811,0.00941185,0.250146
49.34,0.7,0.00101811,26.5778,1.35797e-05,0,2,141.916,91.0017,91.1617,91.3267,91.2766,732.86,60.3547,0.175814,26.5778,0.00101811,0.00941185,0.250146
49.36,0.7,0.00101811,26.5778,2.3005e-05,0,2,141.968,90.9613,91.2,91.2045,91.1213,733.384,60.4477,0.176003,26.5778,0.00101811,0.00941185,0.250146
49.38,0.7,0.00101811,26.5778,3.08004e-05,0,2,140.077,91.1615,91,91.1969,91.2861,733.907,60.5408,0.176191,26.5778,0.00101811,0.00941185,0.250146
49.4,0.7,0.00101811,26.5778,2.95525e-05,0,2,142,91.2,91.0394,91.2778,91.3611,734.43,60.634,0.176379,26.5778,0.00101811,0.00941185,0.250146
49.42,0.7,0.00101811,26.5778,7.21294e-06,0,2,142,91,91.1616,91.3248,91.1984,734.954,60.7274,0.176567,26.5778,0.00101811,0.00941185,0.250146
49.44,0.7,0.00101811,26.5778,-5.16186e-05,0,2,142,90.8895,91.1952,91.1624,91.1624,735.477,60.8208,0.176756,26.5778,0.00101811,0.00941185,0.250146
49.46,0.7,0.00101811,26.5778,-0.000160397,0,2,142,91.2,90.9996,91.1596,91.3213,736,60.9143,0.176944,26.5778,0.00101811,0.00941185,0.250146
49.48,0.7,0.00101811,26.5778,-0.000319068,0,2,142,91.1545,91.0055,91.2763,91.3182,736.523,61.0079,0.177132,26.5778,0.00101811,0.00941185,0.250146
49.5,0.7,0.00101811,26.5778,-0.00049489,0,2,142.014,91.0394,91.16,91.44,91.1997,737.047,61.1016,0.17732,26.5778,0.00101811,0.00941185,0.250146
49.52,0.7,0.00101811,26.5778,-0.000597338,0,2,142,90.8877,91.1161,91.1239,91.1619,737.57,61.1954,0.177508,26.5778,0.00101811,0.00941185,0.250146
49.54,0.7,0.00101811,26.5778,-0.000455075,0,2,144,91.1614,90.9986,91.1214,91.3214,738.093,61.2893,0.177697,26.5778,0.00101811,0.00941185,0.250146
49.56,0.7,0.00101811,26.5778,0.000187006,0,2,144,91.1605,90.96,91.2785,91.3205,738.616,61.3833,0.177885,26.5778,0.00101811,0.00941185,0.250146
49.58,0.7,0.00101811,26.5778,0.0016202,0,2,144,91.0383,91.1609,91.4374,91.1983,739.139,61.4775,0.178073,26.5778,0.00101811,0.00941185,0.250146
49.6,0.7,0.00101811,26.5778,0.00403304,0,2,144,90.96,91.1615,91.0503,91.12,739.663,61.5717,0.178261,26.5778,0.00101811,0.00941185,0.250146
49.62,0.7,0.00101811,26.5778,0.00724196,0,2,144,91.16,91,91.121,91.3215,740.186,61.666,0.17845,26.5778,0.00101811,0.00941185,0.250146
49.64,0.7,0.00101811,26.5778,0.0102819,0,2,144,91.1177,91.04,91.2023,91.3165,740.709,61.7604,0.178638,26.5778,0.00101811,0.00941185,0.250146
49.66,0.7,0.00101811,26.5778,0.0109254,0,2,144,91.04,91.158,91.4766,91.2,741.232,61.8549,0.178826,26.5778,0.00101811,0.00941185,0.250146
49.68,0.7,0.00101811,26.5778,0.00534315,0,2,146,90.9639,91.157,91.122,91.161,741.755,61.9495,0.179014,26.5778,0.00101811,0.00941185,0.250146
49.7,0.7,0.00101811,26.5778,-0.0116722,0,2,146,91.1967,90.9633,91.1233,91.3535,742.278,62.0442,0.179203,26.5778,0.00101811,0.00941185,0.250146
49.72,0.7,0.00101811,26.5778,-0.0452621,0,2,146,91.0393,91.04,91.2007,91.2789,742.801,62.139,0.179391,26.5778,0.00101811,0.00941185,0.250146
49.74,0.7,0.00101811,26.5778,-0.0970477,0,2,146,90.9986,91.1614,91.4699,91.1586,743.324,62.2339,0.179579,26.5778,0.00101811,0.00941185,0.250146
49.76,0.7,0.00101811,26.5778,-0.159121,0,2,146,90.96,91.1216,91.1216,91.1592,743.847,62.3288,0.179767,26.5778,0.00101811,0.00941185,0.250146
49.78,0.7,0.00101811,26.5776,-0.209969,0,2,146,91.16,90.96,91.1222,91.36,744.37,62.4239,0.179956,26.5776,0.00101811,0.00941178,0.250142
49.8,0.7,0.00101811,26.5626,-0.224157,0,2,146,91.0389,91.0422,91.2033,91.2778,744.893,62.5191,0.180144,26.5626,0.00101811,0.00940647,0.24986
49.82,0.7,0.00101811,26.5556,-0.194001,0,2,146,91,91.1592,91.4376,91.1608,745.415,62.6143,0.180332,26.5556,0.00101811,0.00940398,0.249728
49.84,0.7,0.00101811,26.5556,-0.137141,0,2,146,90.9588,91.1206,91.16,91.1594,745.938,62.7096,0.18052,26.5556,0.00101811,0.00940398,0.249728
49.86,0.7,0.00101811,26.5556,-0.0794343,0,2,148,91.1984,90.96,91.1233,91.36,746.46,62.805,0.180708,26.5556,0.00101811,0.00940398,0.249728
49.88,0.602105,0.000875726,26.5556,-0.036448,0,2,148,91.0034,90.9992,91.2,91.2034,746.983,62.9005,0.180889,26.5556,0.000875726,0.00808884,0.214804
49.9,0.603679,0.000878016,26.5556,-0.0103792,0,2,148,90.9985,91.1985,91.4297,91.12,747.505,62.9961,0.181045,26.5556,0.000878016,0.00810999,0.215365
49.92,0.600969,0.000874075,26.5556,0.00449475,0,2,148,91.0392,91.0412,91.16,91.1596,748.028,63.0918,0.181207,26.5556,0.000874075,0.00807358,0.214398
49.94,0.698233,0.00101554,26.5556,0.0167142,0,2,148,91.1993,90.9607,91.1621,91.3593,748.55,63.1876,0.181375,26.5556,0.00101554,0.00938025,0.249098
49.96,0.6,0.000872665,26.5556,0.0342608,0,2,148,91.04,91.0471,91.2094,91.2,749.072,63.2834,0.181562,26.5556,0.000872665,0.00806056,0.214053
49.98,0.6,0.000872665,26.5556,0.0616989,0,2,148,90.9994,91.1994,91.3562,91.1206,749.595,63.3794,0.181717,26.5556,0.000872665,0.00806056,0.214053
50,0.6,0.000872665,26.5556,0.096678,0,2,148,91.0367,91.0449,91.1584,91.1984,750.117,63.4754,0.181878,26.5556,0.000872665,0.00806056,0.214053
50.02,0.6,0.000872665,26.5556,0.12548,0,2,148,91.1598,91.0398,91.1606,91.3598,750.64,63.5715,0.182039,26.5556,0.000872665,0.00806056,0.214053
50.04,0.6,0.000872665,26.5562,0.124718,0,2,148,91.04,91.0467,91.2134,91.2,751.162,63.6677,0.182201,26.5562,0.000872665,0.00806075,0.214063
50.06,0.6,0.000872665,26.5778,0.0829144,0,2,148,90.9596,91.1996,91.3589,91.16,751.684,63.764,0.182362,26.5778,0.000872665,0.0080673,0.214411
50.08,0.6,0.000872665,26.5775,0.0269847,0,2,148,91.045,90.9983,91.1967,91.205,752.207,63.8604,0.182523,26.5775,0.000872665,0.00806721,0.214406
50.1,0.6,0.000872665,26.5628,0.00773151,0,2,148,91.1994,90.96,91.1594,91.4383,752.73,63.9569,0.182684,26.5628,0.000872665,0.00806274,0.214169
50.12,0.6,0.000872665,26.5556,0.0467652,0,2,148,90.9618,91.1218,91.2123,91.16,753.252,64.0535,0.182846,26.5556,0.000872665,0.00806056,0.214053
50.14,0.6,0.000872665,26.5563,0.111238,0,2,148,90.96,91.2725,91.3075,91.1225,753.774,64.1501,0.183007,26.5563,0.000872665,0.00806078,0.214064
50.16,0.6,0.000872665,26.5778,0.149209,0,2,148,91.1204,91.0396,91.1598,91.2008,754.297,64.2468,0.183168,26.5778,0.000872665,0.0080673,0.214411
50.18,0.5,0.000727221,26.5778,0.138705,0,2,148,91.1915,91.0021,91.2043,91.4315,754.819,64.3437,0.183323,26.5778,0.000727221,0.00672275,0.178676
50.2,0.5,0.000727221,26.5778,0.0939604,0,2,148,90.9603,91.1197,91.28,91.2003,755.342,64.4406,0.183451,26.5778,0.000727221,0.00672275,0.178676
50.22,0.5,0.000727221,26.5778,0.0375782,0,2,148,90.96,91.1581,91.1963,91.16,755.865,64.5376,0.183585,26.5778,0.000727221,0.00672275,0.178676
50.24,0.5,0.000727221,26.5778,-0.0174586,0,2,148,91.1222,91.0357,91.1957,91.2065,756.387,64.6347,0.183719,26.5778,0.000727221,0.00672275,0.178676
50.26,0.5,0.000727221,26.5778,-0.0649139,0,2,148,91.16,90.96,91.1994,91.3597,756.91,64.7318,0.183854,26.5778,0.000727221,0.00672275,0.178676
50.28,0.5,0.000727221,26.5778,-0.0961408,0,2,148,90.9992,91.1216,91.3224,91.1992,757.432,64.8291,0.183988,26.5778,0.000727221,0.00672275,0.178676
50.3,0.5,0.000727221,26.5778,-0.0956325,0,2,148,90.8825,91.2,91.1687,91.1212,757.955,64.9263,0.184123,26.5778,0.000727221,0.00672275,0.178676
50.32,0.5,0.000727221,26.5663,-0.0523941,0,2,147.954,91.1609,91.0391,91.1591,91.2837,758.478,65.0237,0.184257,26.5663,0.000727221,0.00671985,0.178522
50.34,0.5,0.000727221,26.5559,0.0176287,0,2,147.942,91.1565,91.04,91.2777,91.3554,759,65.1211,0.184392,26.5559,0.000727221,0.00671721,0.178381
50.36,0.5,0.000727221,26.5774,0.0747999,0,2,146,91.04,91.1566,91.3166,91.1611,759.522,65.2185,0.184526,26.5774,0.000727221,0.00672267,0.178671
50.38,0.5,0.000727221,26.5778,0.0928332,0,2,146,90.8829,91.198,91.16,91.16,760.045,65.3161,0.18466,26.5778,0.000727221,0.00672275,0.178676
50.4,0.5,0.000727221,26.5778,0.0785305,0,2,146,91.1557,91.0421,91.16,91.2768,760.567,65.4137,0.184795,26.5778,0.000727221,0.00672275,0.178676
50.42,0.498405,0.0007249,26.5778,0.0529511,0,2,146,91.1581,91.0413,91.2787,91.3181,761.09,65.5114,0.184929,26.5778,0.0007249,0.0067013,0.178106
50.44,0.4,0.000581776,26.5778,0.0307078,0,2,146,91.0389,91.1633,91.36,91.1989,761.612,65.6092,0.185057,26.5778,0.000581776,0.0053782,0.142941
50.46,0.4,0.000581776,26.5778,0.0168727,0,2,146,90.8815,91.201,91.123,91.16,762.135,65.707,0.185158,26.5778,0.000581776,0.0053782,0.142941
50.48,0.4,0.000581776,26.5778,0.0103609,0,2,146,91.16,91.0391,91.1209,91.3209,762.657,65.8049,0.185265,26.5778,0.000581776,0.0053782,0.142941
50.5,0.4,0.000581776,26.5778,0.00646577,0,2,146,91.1187,91.0409,91.2791,91.3187,763.179,65.9028,0.185373,26.5778,0.000581776,0.0053782,0.142941
50.52,0.4,0.000581776,26.5778,-0.00157712,0,2,146,90.9983,91.1617,91.4349,91.16,763.702,66.0008,0.18548,26.5778,0.000581776,0.0053782,0.142941
50.54,0.4,0.000581776,26.5778,-0.0213069,0,2,146,90.883,91.1578,91.0422,91.16,764.224,66.0989,0.185588,26.5778,0.000581776,0.0053782,0.142941
50.56,0.4,0.000581776,26.5778,-0.0589541,0,2,146,91.1558,91.0014,91.1214,91.3144,764.747,66.197,0.185695,26.5778,0.000581776,0.0053782,0.142941
50.58,0.4,0.000581776,26.5778,-0.115411,0,2,146,91.0408,90.9997,91.2792,91.281,765.269,66.2952,0.185803,26.5778,0.000581776,0.0053782,0.142941
50.6,0.4,0.000581776,26.5778,-0.179515,0,2,146,90.9948,91.1617,91.4713,91.1965,765.792,66.3934,0.18591,26.5778,0.000581776,0.0053782,0.142941
50.62,0.4,0.000581776,26.5778,-0.225196,0,2,146.002,90.8401,91.1199,91.0401,91.16,766.314,66.4917,0.186018,26.5778,0.000581776,0.0053782,0.142941
50.64,0.4,0.000581776,26.5556,-0.226971,0,2,148,91.1594,90.96,91.0418,91.3612,766.836,66.59,0.186126,26.5556,0.000581776,0.0053737,0.142702
50.66,0.4,0.000581776,26.5556,-0.184747,0,2,148,91.0429,90.9986,91.1986,91.2857,767.358,66.6883,0.186233,26.5556,0.000581776,0.0053737,0.142702
50.68,0.4,0.000581776,26.5556,-0.123518,0,2,148,90.88,91.16,91.4399,91.16,767.88,66.7867,0.18634,26.5556,0.000581776,0.0053737,0.142702
50.7,0.4,0.000581776,26.5556,-0.0679937,0,2,148,90.8881,91.1159,91.0461,91.162,768.402,66.8851,0.186448,26.5556,0.000581776,0.0053737,0.142702
50.72,0.4,0.000581776,26.5556,-0.0267172,0,2,148,91.1595,91.0002,91.1202,91.3594,768.924,66.9836,0.186555,26.5556,0.000581776,0.0053737,0.142702
50.74,0.4,0.000581776,26.5556,0.00501532,0,2,150,91.1172,91.0428,91.2019,91.2781,769.446,67.0821,0.186663,26.5556,0.000581776,0.0053737,0.142702
50.76,0.4,0.000581776,26.5556,0.0374613,0,2,150,91,91.2758,91.4343,91.1614,769.968,67.1807,0.18677,26.5556,0.000581776,0.0053737,0.142702
50.78,0.4,0.000581776,26.5556,0.0799309,0,2,150,90.963,91.1188,91.1206,91.2012,770.489,67.2793,0.186878,26.5556,0.000581776,0.0053737,0.142702
50.8,0.4,0.000581776,26.5556,0.134243,0,2,150,91.1985,91.0015,91.0444,91.3571,771.011,67.3781,0.186985,26.5556,0.000581776,0.0053737,0.142702
50.82,0.4,0.000581776,26.5556,0.18714,0,2,150,91.1185,91.0423,91.2023,91.2,771.533,67.4768,0.187093,26.5556,0.000581776,0.0053737,0.142702
50.84,0.4,0.000581776,26.5558,0.208121,0,2,150,91.0365,91.2,91.4312,91.1591,772.055,67.5756,0.1872,26.5558,0.000581776,0.00537375,0.142704
50.86,0.4,0.000581776,26.5775,0.167169,0,2,150,90.9584,91.1216,91.1184,91.1592,772.577,67.6745,0.187308,26.5775,0.000581776,0.00537815,0.142938
50.88,0.4,0.000581776,26.5778,0.0639287,0,2,150,91.1993,91,91.123,91.3593,773.099,67.7735,0.187415,26.5778,0.000581776,0.0053782,0.142941
50.9,0.4,0.000581776,26.5778,-0.0650204,0,2,150,91.0439,91.0387,91.1639,91.2039,773.621,67.8726,0.187523,26.5778,0.000581776,0.0053782,0.142941
50.92,0.4,0.000581776,26.5778,-0.167536,0,2,150,90.9586,91.16,91.3546,91.1593,774.144,67.9717,0.18763,26.5778,0.000581776,0.0053782,0.142941
50.94,0.4,0.000581776,26.5556,-0.206634,0,2,150.066,90.9626,91.0374,91.1587,91.164,774.666,68.0709,0.187738,26.5556,0.000581776,0.0053737,0.142702
50.96,0.4,0.000581776,26.5556,-0.182549,0,2,152,91.1185,90.8815,91.1592,91.4369,775.188,68.1701,0.187845,26.5556,0.000581776,0.0053737,0.142702
50.98,0.4,0.000581776,26.5556,-0.125879,0,2,152,90.9572,91.0014,91.1655,91.16,775.709,68.2693,0.187953,26.5556,0.000581776,0.0053737,0.142702
51,0.4,0.000581776,26.5556,-0.0685204,0,2,152,90.8409,91.1183,91.2809,91.1209,776.231,68.3685,0.18806,26.5556,0.000581776,0.0053737,0.142702
51.02,0.5,0.000727221,26.5556,-0.0263545,0,2,154,90.8854,90.9987,91.1587,91.164,776.753,68.4678,0.188175,26.5556,0.000727221,0.00671713,0.178377
51.04,0.5,0.000727221,26.5556,-0.00183742,0,2,154,91.1198,90.96,91.1599,91.3598,777.275,68.5672,0.188316,26.5556,0.000727221,0.00671713,0.178377
51.06,0.5,0.000727221,26.5556,0.00877909,0,2,156,90.8845,91.0445,91.1713,91.1977,777.796,68.6667,0.18845,26.5556,0.000727221,0.00671713,0.178377
51.08,0.5,0.000727221,26.5556,0.0107928,0,2,156,90.8805,91.1597,91.2805,91.1203,778.318,68.7662,0.188584,26.5556,0.000727221,0.00671713,0.178377
51.1,0.5,0.000727221,26.5556,0.00871205,0,2,154.083,90.9666,91.0367,91.155,91.205,778.84,68.8658,0.188719,26.5556,0.000727221,0.00671713,0.178377
51.12,0.5,0.000727221,26.5556,0.00550247,0,2,156,91.1596,90.8808,91.1587,91.3596,779.361,68.9655,0.188853,26.5556,0.000727221,0.00671713,0.178377
51.14,0.5,0.000727221,26.5556,0.00269293,0,2,156.016,90.8806,91.0406,91.2019,91.16,779.883,69.0652,0.188987,26.5556,0.000727221,0.00671713,0.178377
51.16,0.5,0.000727221,26.5556,0.000806526,0,2,158,90.8826,91.1587,91.2078,91.1213,780.405,69.165,0.189122,26.5556,0.000727221,0.00671713,0.178377
51.18,0.501581,0.00072952,26.5556,-0.000189967,0,2,158,90.9625,90.9581,91.1581,91.1625,780.926,69.2649,0.189256,26.5556,0.00072952,0.00673837,0.178941
51.2,0.6,0.000872665,26.5556,-0.000550502,0,2,158,91.12,90.8785,91.1556,91.32,781.448,69.3649,0.189398,26.5556,0.000872665,0.00806056,0.214053
51.22,0.598459,0.000870423,26.5556,-0.000551609,0,2,159.969,90.96,91.0018,91.2037,91.1594,781.969,69.4649,0.189565,26.5556,0.000870423,0.00803985,0.213503
51.24,0.6,0.000872665,26.5556,-0.000404421,0,2,160,90.84,91.1156,91.1585,91.1215,782.491,69.565,0.189726,26.5556,0.000872665,0.00806056,0.214053
51.26,0.6,0.000872665,26.5556,-0.000235865,0,2,160,90.9977,90.9606,91.12,91.1994,783.013,69.6652,0.189887,26.5556,0.000872665,0.00806056,0.214053
51.28,0.6,0.000872665,26.5556,-0.000103426,0,2,160,91.0385,90.8829,91.1985,91.3156,783.534,69.7655,0.190049,26.5556,0.000872665,0.00806056,0.214053
51.3,0.6,0.000872665,26.5556,-1.98089e-05,0,2,160,90.96,91.0429,91.3244,91.1585,784.056,69.8659,0.19021,26.5556,0.000872665,0.00806056,0.214053
51.32,0.6,0.000872665,26.5556,2.48308e-05,0,2,160,90.8407,91.12,91.1219,91.0405,784.577,69.9664,0.190371,26.5556,0.000872665,0.00806056,0.214053
51.34,0.600724,0.000873718,26.5556,4.72663e-05,0,2,160,91.0409,90.96,91.1194,91.2012,785.099,70.0669,0.190532,26.5556,0.000873718,0.00807028,0.214311
51.36,0.6,0.000872665,26.5556,6.18502e-05,0,2,160,91.1135,90.96,91.1978,91.3114,785.62,70.1675,0.190694,26.5556,0.000872665,0.00806056,0.214053
51.38,0.6,0.000872665,26.5556,7.5291e-05,0,2,160,90.9601,91.1196,91.3196,91.16,786.142,70.2682,0.190855,26.5556,0.000872665,0.00806056,0.214053
51.4,0.7,0.00101811,26.5556,8.34901e-05,0,2,160,90.8419,91.1544,91.1219,91.1219,786.663,70.369,0.191023,26.5556,0.00101811,0.00940398,0.249728
51.42,0.7,0.00101811,26.5556,6.95326e-05,0,2,160,91.0377,90.9612,91.1206,91.1994,787.185,70.4699,0.191218,26.5556,0.00101811,0.00940398,0.249728
51.44,0.7,0.00101811,26.5556,3.73245e-06,0,2,160,91.1187,90.9609,91.2,91.2787,787.706,70.5709,0.191406,26.5556,0.00101811,0.00940398,0.249728
51.46,0.7,0.00101811,26.5556,-0.000151288,0,2,160,91,91.1173,91.4319,91.16,788.227,70.672,0.191594,26.5556,0.00101811,0.00940398,0.249728
51.48,0.7,0.00101811,26.5556,-0.000425696,0,2,158.014,90.8808,91.1203,91.0419,91.12,788.749,70.7732,0.191782,26.5556,0.00101811,0.00940398,0.249728
51.5,0.7,0.00101811,26.5556,-0.000812451,0,2,158,91.1218,90.9982,91.1218,91.2835,789.27,70.8745,0.19197,26.5556,0.00101811,0.00940398,0.249728
51.52,0.7,0.00101811,26.5556,-0.00121953,0,2,158,91.1211,90.96,91.1989,91.3211,789.792,70.9758,0.192158,26.5556,0.00101811,0.00940398,0.249728
51.54,0.7,0.00101811,26.5556,-0.00140982,0,2,158,91.04,91.1581,91.4362,91.2,790.313,71.0773,0.192346,26.5556,0.00101811,0.00940398,0.249728
51.56,0.7,0.00101811,26.5556,-0.000950252,0,2,155.915,90.8468,91.1549,91.1217,91.1217,790.834,71.1789,0.192534,26.5556,0.00101811,0.00940398,0.249728
51.58,0.7,0.00101811,26.5556,0.00078357,0,2,155.95,91.156,91.001,91.043,91.316,791.355,71.2806,0.192722,26.5556,0.00101811,0.00940398,0.249728
51.6,0.7,0.00101811,26.5556,0.00447128,0,2,155.946,91.1568,90.9621,91.2021,91.2768,791.877,71.3823,0.19291,26.5556,0.00101811,0.00940398,0.249728
51.62,0.7,0.00101811,26.5556,0.010482,0,2,154,91.04,91.1565,91.4742,91.16,792.398,71.4842,0.193098,26.5556,0.00101811,0.00940398,0.249728
51.64,0.7,0.00101811,26.5556,0.0181915,0,2,154,90.8802,91.2002,91.1205,91.16,792.919,71.5862,0.193287,26.5556,0.00101811,0.00940398,0.249728
51.66,0.7,0.00101811,26.5556,0.024977,0,2,154,91.2,90.96,91.1238,91.36,793.44,71.6883,0.193475,26.5556,0.00101811,0.00940398,0.249728
51.68,0.7,0.00101811,26.5556,0.0250889,0,2,152.024,91.121,90.9995,91.2,91.281,793.962,71.7904,0.193663,26.5556,0.00101811,0.00940398,0.249728
51.7,0.7,0.00101811,26.5556,0.0121309,0,2,152.075,91.034,91.16,91.4695,91.1585,794.483,71.8927,0.193851,26.5556,0.00101811,0.00940398,0.249728
51.72,0.79806,0.00116073,26.5671,-0.0108861,0,2,152.039,90.9584,91.0423,91.1216,91.1592,795.004,71.995,0.194045,26.5671,0.00116073,0.010726,0.284958
51.74,0.8,0.00116355,26.5556,-0.0263545,0,2,150.019,91.1996,90.96,91.1215,91.36,795.525,72.0976,0.194267,26.5556,0.00116355,0.0107474,0.285403
51.76,0.8,0.00116355,26.5556,-0.0154124,0,2,150,91.0365,90.967,91.2052,91.1983,796.046,72.2001,0.194482,26.5556,0.00116355,0.0107474,0.285403
51.78,0.8,0.00116355,26.5556,0.027272,0,2,150,91,91.16,91.4799,91.16,796.568,72.3028,0.194697,26.5556,0.00116355,0.0107474,0.285403
51.8,0.8,0.00116355,26.5556,0.0942702,0,2,149.92,91.0048,91.1168,91.16,91.2032,797.089,72.4057,0.194912,26.5556,0.00116355,0.0107474,0.285403
51.82,0.8,0.00116355,26.5556,0.16804,0,2,149.977,91.1595,90.9609,91.16,91.4382,797.61,72.5086,0.195127,26.5556,0.00116355,0.0107474,0.285403
51.84,0.8,0.00116355,26.5556,0.219984,0,2,147.993,91.1196,91.0404,91.2006,91.1999,798.131,72.6116,0.195342,26.5556,0.00116355,0.0107474,0.285404
51.86,0.8,0.00116355,26.5778,0.224462,0,2,148,91.0357,91.2,91.4227,91.1578,798.652,72.7148,0.195557,26.5778,0.00116355,0.0107564,0.285881
51.88,0.8,0.00116355,26.5778,0.182461,0,2,148,90.96,91.0402,91.1999,91.16,799.173,72.8181,0.195772,26.5778,0.00116355,0.0107564,0.285881
51.9,0.8,0.00116355,26.5778,0.120665,0,2,148,91.2,90.96,91.1653,91.4347,799.695,72.9216,0.195987,26.5778,0.00116355,0.0107564,0.285881
51.92,0.8,0.00116355,26.5778,0.0659,0,2,148,91.0418,91.0391,91.2009,91.2014,800.216,73.0252,0.196202,26.5778,0.00116355,0.0107564,0.285881
51.94,0.8,0.00116355,26.5778,0.0292046,0,2,148,90.9995,91.1995,91.3562,91.16,800.737,73.1288,0.196417,26.5778,0.00116355,0.0107564,0.285881
51.96,0.8,0.00116355,26.5778,0.00840127,0,2,146,91.0462,91.0379,91.1959,91.1662,801.259,73.2326,0.196632,26.5778,0.00116355,0.0107564,0.285881
51.98,0.8,0.00116355,26.5778,-0.00523948,0,2,146,91.1998,91,91.1598,91.3597,801.78,73.3365,0.196847,26.5778,0.00116355,0.0107564,0.285881
52,0.8,0.00116355,26.5778,-0.0225604,0,2,147.9,91.038,91.044,91.212,91.198,802.301,73.4406,0.197063,26.5778,0.00116355,0.0107564,0.285881
52.02,0.8,0.00116355,26.5778,-0.0531556,0,2,146,90.9599,91.16,91.2799,91.16,802.823,73.5447,0.197278,26.5778,0.00116355,0.0107564,0.285881
52.04,0.8,0.00116355,26.5778,-0.10147,0,2,146,91.0384,91.1604,91.1992,91.1992,803.344,73.6489,0.197493,26.5778,0.00116355,0.0107564,0.285881
52.06,0.8,0.00116355,26.5778,-0.161011,0,2,146,91.1583,90.88,91.2,91.3565,803.865,73.7533,0.197708,26.5778,0.00116355,0.0107564,0.285881
52.08,0.8,0.00116355,26.5778,-0.210561,0,2,144.028,91.0017,90.9983,91.2,91.2011,804.386,73.8577,0.197923,26.5778,0.00116355,0.0107564,0.285881
52.1,0.8,0.00116355,26.5627,-0.224158,0,2,146,90.9564,91.1588,91.1976,91.12,804.907,73.9623,0.198138,26.5627,0.00116355,0.0107503,0.285557
52.12,0.8,0.00116355,26.5556,-0.193295,0,2,144.031,91.0369,91.0413,91.1594,91.1987,805.428,74.0669,0.198353,26.5556,0.00116355,0.0107474,0.285403
52.14,0.8,0.00116355,26.5556,-0.135095,0,2,146,91.2,90.9603,91.1997,91.36,805.949,74.1716,0.198568,26.5556,0.00116355,0.0107474,0.285403
52.16,0.8,0.00116355,26.5556,-0.075428,0,2,146,91.0018,91.0454,91.2891,91.16,806.469,74.2765,0.198783,26.5556,0.00116355,0.0107474,0.285403
52.18,0.8,0.00116355,26.5556,-0.0304455,0,2,146,90.96,91.2,91.1602,91.16,806.99,74.3814,0.198998,26.5556,0.00116355,0.0107474,0.285403
52.2,0.8,0.00116355,26.5556,-0.0036618,0,2,148,91.0062,90.9559,91.1579,91.2082,807.511,74.4864,0.199213,26.5556,0.00116355,0.0107474,0.285403
52.22,0.8,0.00116355,26.5556,0.00838258,0,2,148,91.1595,90.8402,91.2,91.3594,808.031,74.5916,0.199428,26.5556,0.00116355,0.0107474,0.285403
52.24,0.8,0.00116355,26.5556,0.0110927,0,2,148,90.96,91.0423,91.2823,91.12,808.552,74.6969,0.199643,26.5556,0.00116355,0.0107474,0.285403
52.26,0.8,0.00116355,26.5556,0.00921842,0,2,148,90.8426,91.1591,91.1252,91.0417,809.072,74.8023,0.199858,26.5556,0.00116355,0.0107474,0.285403
52.28,0.8,0.00116355,26.5556,0.00595738,0,2,148.041,91.1658,91.0025,91.1183,91.2033,809.593,74.9078,0.200073,26.5556,0.00116355,0.0107474,0.285403
52.3,0.8,0.00116355,26.5556,0.00300379,0,2,150,91.285,91.12,91.195,91.2825,810.113,75.0134,0.200288,26.5556,0.00116355,0.0107474,0.285403
52.32,0.8,0.00116355,26.5556,0.00097406,0,2,150,90.7238,90.8038,91.3226,91.16,810.634,75.1191,0.200503,26.5556,0.00116355,0.0107474,0.285403
52.34,0.8,0.00116355,26.5556,-0.000126639,0,2,150,91.0377,91.3166,91.16,91.16,811.154,75.2249,0.200718,26.5556,0.00116355,0.0107474,0.285403
52.36,0.8,0.00116355,26.5556,-0.000546839,0,2,150.108,91.0465,90.9935,91.12,91.2086,811.675,75.3309,0.200932,26.5556,0.00116355,0.0107474,0.285403
52.38,0.8,0.00116355,26.5556,-0.00057275,0,2,152,91.1996,90.9591,91.1991,91.3204,812.195,75.4369,0.201147,26.5556,0.00116355,0.0107474,0.285403
52.4,0.704647,0.00102487,26.5556,-0.000428906,0,2,152,90.9619,91.0456,91.1544,91.0288,812.716,75.5431,0.201356,26.5556,0.00102487,0.00946641,0.251386
52.42,0.799831,0.00116331,26.5556,-0.000253799,0,2,152,90.88,91.1598,91.0405,91.0405,813.236,75.6494,0.201545,26.5556,0.00116331,0.0107451,0.285343
52.44,0.8,0.00116355,26.5556,-0.000113034,0,2,152.016,91.1206,90.96,91.16,91.4394,813.756,75.7557,0.201767,26.5556,0.00116355,0.0107474,0.285403
52.46,0.7,0.00101811,26.5556,-2.44273e-05,0,2,154,91.1514,91.0022,91.2,91.1578,814.277,75.8622,0.201975,26.5556,0.00101811,0.00940398,0.249728
52.48,0.7,0.00101811,26.5556,1.87408e-05,0,2,154,90.9608,91.1575,91.4351,91.1592,814.797,75.9688,0.202156,26.5556,0.00101811,0.00940398,0.249728
52.5,0.7,0.00101811,26.5556,3.1504e-05,0,2,154,90.8415,91.1556,91.0444,91.1215,815.317,76.0755,0.202344,26.5556,0.00101811,0.00940398,0.249728
52.52,0.7,0.00101811,26.5556,2.82722e-05,0,2,155.945,91.0356,90.8844,91.0433,91.3156,815.837,76.1823,0.202532,26.5556,0.00101811,0.00940398,0.249728
52.54,0.695423,0.00101145,26.5556,1.93097e-05,0,2,156,91.1127,90.9637,91.2,91.2745,816.358,76.2892,0.20272,26.5556,0.00101145,0.0093425,0.248095
52.56,0.699051,0.00101673,26.5556,1.03998e-05,0,2,156,90.96,91.1192,91.4377,91.16,816.878,76.3962,0.202907,26.5556,0.00101673,0.00939124,0.24939
52.58,0.600771,0.000873785,26.5556,3.91568e-06,0,2,156,90.8409,91.1194,91.0409,91.1203,817.398,76.5032,0.203088,26.5556,0.000873785,0.00807091,0.214327
52.6,0.6,0.000872665,26.5556,1.82501e-07,0,2,158,91.1225,90.955,91.05,91.36,817.918,76.6104,0.203243,26.5556,0.000872665,0.00806056,0.214053
52.62,0.6,0.000872665,26.5556,-1.40781e-06,0,2,158,91.0384,90.9616,91.2016,91.1992,818.438,76.7176,0.203404,26.5556,0.000872665,0.00806056,0.214053
52.64,0.6,0.000872665,26.5556,-1.68443e-06,0,2,160,90.9561,91.1219,91.4665,91.1581,818.959,76.825,0.203565,26.5556,0.000872665,0.00806056,0.214053
52.66,0.6,0.000872665,26.5556,-1.34413e-06,0,2,160,90.8402,91.1197,91.0402,91.1202,819.479,76.9324,0.203727,26.5556,0.000872665,0.00806056,0.214053
52.68,0.6,0.000872665,26.5556,-8.40975e-07,0,2,160.066,91.1213,90.88,91.0452,91.3587,819.999,77.0399,0.203888,26.5556,0.000872665,0.00806056,0.214053
52.7,0.6,0.000872665,26.5556,-4.06361e-07,0,2,162,91.042,90.9587,91.2,91.202,820.519,77.1475,0.204049,26.5556,0.000872665,0.00806056,0.214053
52.72,0.503762,0.000732692,26.5556,-1.17307e-07,0,2,162.075,90.9555,91.12,91.428,91.117,821.039,77.2551,0.204204,26.5556,0.000732692,0.00676767,0.179719
52.74,0.6,0.000872665,26.5556,3.36673e-08,0,2,162.077,90.84,91.0431,91.12,91.1169,821.559,77.3629,0.204339,26.5556,0.000872665,0.00806056,0.214053
52.76,0.599531,0.000871983,26.5556,8.69055e-08,0,2,164,91.0404,90.9596,91.0411,91.3598,822.079,77.4707,0.204507,26.5556,0.000871983,0.00805426,0.213885
52.78,0.5,0.000727221,26.5556,8.54334e-08,0,2,164,91.0356,90.8888,91.1666,91.1978,822.599,77.5786,0.204661,26.5556,0.000727221,0.00671713,0.178377
52.8,0.5,0.000727221,26.5556,6.17738e-08,0,2,164,90.9595,91.16,91.3589,91.12,823.119,77.6865,0.204789,26.5556,0.000727221,0.00671713,0.178377
52.82,0.5,0.000727221,26.5556,3.53393e-08,0,2,164,90.8493,91.0354,91.12,91.167,823.639,77.7946,0.204923,26.5556,0.000727221,0.00671713,0.178377
52.84,0.5,0.000727221,26.5556,1.48916e-08,0,2,164.13,91.12,90.9548,91.1252,91.3548,824.159,77.9027,0.205058,26.5556,0.000727221,0.00671713,0.178377
52.86,0.5,0.000727221,26.5556,2.4329e-09,0,2,166,91.0385,90.9615,91.1637,91.16,824.679,78.0109,0.205192,26.5556,0.000727221,0.00671713,0.178377
52.88,0.5,0.000727221,26.5556,-3.36661e-09,0,2,166.12,90.9528,91.1224,91.3408,91.12,825.199,78.1191,0.205326,26.5556,0.000727221,0.00671713,0.178377
52.9,0.5,0.000727221,26.5556,-4.85227e-09,0,2,168,90.8836,91.0388,91.1594,91.1618,825.719,78.2275,0.205461,26.5556,0.000727221,0.00671713,0.178377
52.92,0.5,0.000727221,26.5556,-4.15616e-09,0,2,168,91.1584,90.96,91.12,91.3568,826.239,78.3358,0.205595,26.5556,0.000727221,0.00671713,0.178377
52.94,0.40205,0.000584757,26.5556,-2.74724e-09,0,2,168,90.9616,90.9992,91.1608,91.1625,826.759,78.4443,0.205723,26.5556,0.000584757,0.00540124,0.143433
52.96,0.403252,0.000586507,26.5556,-1.42427e-09,0,2,169.935,90.9561,91.12,91.2722,91.12,827.279,78.5528,0.205824,26.5556,0.000586507,0.0054174,0.143862
52.98,0.402315,0.000585143,26.5556,-4.93515e-10,0,2,168,90.84,91.0028,91.1572,91.1591,827.799,78.6614,0.205933,26.5556,0.000585143,0.0054048,0.143527
53,0.496339,0.000721896,26.5556,2.41016e-11,0,2,170,91.1171,90.8829,91.1615,91.3541,828.319,78.77,0.206047,26.5556,0.000721896,0.00666795,0.177071
53.02,0.4,0.000581776,26.5556,2.31012e-10,0,2,170,90.9607,91.0393,91.2,91.1603,828.838,78.8787,0.20618,26.5556,0.000581776,0.0053737,0.142702
53.04,0.4,0.000581776,26.5556,2.53294e-10,0,2,170,90.8828,91.1172,91.2085,91.1214,829.358,78.9875,0.206281,26.5556,0.000581776,0.0053737,0.142702
53.06,0.4,0.000581776,26.5556,1.92244e-10,0,2,168.026,90.882,91.038,91.1585,91.1615,829.878,79.0963,0.206389,26.5556,0.000581776,0.0053737,0.142702
53.08,0.4,0.000581776,26.5556,1.11868e-10,0,2,170.098,91.1161,90.842,91.2,91.3561,830.398,79.2052,0.206496,26.5556,0.000581776,0.0053737,0.142702
53.1,0.4,0.000581776,26.5556,4.41105e-11,0,2,170.01,90.88,91.0006,91.2808,91.16,830.918,79.3141,0.206604,26.5556,0.000581776,0.0053737,0.142702
53.12,0.4,0.000581776,26.5556,-1.13687e-13,0,2,172,90.8758,91.1579,91.1579,91.0463,831.438,79.4231,0.206711,26.5556,0.000581776,0.0053737,0.142702
53.14,0.4,0.000581776,26.5556,-1.96678e-11,0,2,172,90.8784,91.0416,91.1592,91.1992,831.957,79.5321,0.206819,26.5556,0.000581776,0.0053737,0.142702
53.16,0.396221,0.00057628,26.5556,-1.55751e-11,0,2,172.076,91.1555,90.88,91.1985,91.354,832.477,79.6412,0.206926,26.5556,0.00057628,0.00532293,0.141353
53.18,0.399109,0.00058048,26.5556,1.27329e-11,0,2,172.018,90.8814,90.9593,91.2789,91.1604,832.997,79.7503,0.207032,26.5556,0.00058048,0.00536173,0.142384
53.2,0.304603,0.000443028,26.5556,6.59384e-11,0,2,174,90.8782,91.1545,91.1582,91.1218,833.517,79.8595,0.207133,26.5556,0.000443028,0.00409212,0.108669
53.22,0.4,0.000581776,26.5556,1.40972e-10,0,2,174,90.9604,90.9999,91.1198,91.2003,834.037,79.9688,0.207215,26.5556,0.000581776,0.0053737,0.142702
53.24,0.4,0.000581776,26.5556,2.20211e-10,0,2,174,91.1177,90.88,91.1988,91.3165,834.556,80.0781,0.207329,26.5556,0.000581776,0.0053737,0.142702
53.26,0.4,0.000581776,26.5556,2.61821e-10,0,2,174,90.9618,90.9582,91.3164,91.1609,835.076,80.1874,0.207436,26.5556,0.000581776,0.0053737,0.142702
53.28,0.4,0.000581776,26.5556,1.88152e-10,0,2,173.964,90.84,91.1579,91.1207,91.1207,835.596,80.2968,0.207544,26.5556,0.000581776,0.0053737,0.142702
53.3,0.4,0.000581776,26.5556,-1.15051e-10,0,2,173.924,90.9939,90.9631,91.1215,91.2754,836.115,80.4063,0.207651,26.5556,0.000581776,0.0053737,0.142702
53.32,0.4,0.000581776,26.5556,-7.74094e-10,0,2,174,91.1184,90.881,91.279,91.3184,836.635,80.5158,0.207759,26.5556,0.000581776,0.0053737,0.142702
53.34,0.303421,0.000441308,26.5556,-1.86435e-09,0,2,174,90.9573,91.0427,91.32,91.1586,837.155,80.6254,0.20786,26.5556,0.000441308,0.00407623,0.108247
53.36,0.4,0.000581776,26.5556,-3.28589e-09,0,2,174,90.8408,91.1984,91.124,91.12,837.675,80.735,0.207941,26.5556,0.000581776,0.0053737,0.142702
53.38,0.4,0.000581776,26.5556,-4.58192e-09,0,2,174,91.0027,90.9582,91.1209,91.2818,838.194,80.8447,0.208055,26.5556,0.000581776,0.0053737,0.142702
53.4,0.4,0.000581776,26.5556,-4.72619e-09,0,2,174,91.12,90.9573,91.1987,91.2827,838.714,80.9544,0.208163,26.5556,0.000581776,0.0053737,0.142702
53.42,0.4,0.000581776,26.5556,-1.986e-09,0,2,174,90.8807,91.0407,91.439,91.1597,839.233,81.0642,0.20827,26.5556,0.000581776,0.0053737,0.142702
53.44,0.4,0.000581776,26.5556,5.95003e-09,0,2,174,90.88,91.12,91.0437,91.1212,839.753,81.1741,0.208378,26.5556,0.000581776,0.0053737,0.142702
53.46,0.4,0.000581776,26.5556,2.12859e-08,0,2,174,91.0381,91.0014,91.0414,91.2786,840.273,81.284,0.208485,26.5556,0.000581776,0.0053737,0.142702
53.48,0.4,0.000581776,26.5556,4.45232e-08,0,2,174,91.1164,90.8824,91.2776,91.3164,840.792,81.3939,0.208593,26.5556,0.000581776,0.0053737,0.142702
53.5,0.4,0.000581776,26.5556,7.17133e-08,0,2,174,90.9614,91.1145,91.4318,91.1614,841.312,81.5039,0.2087,26.5556,0.000581776,0.0053737,0.142702
53.52,0.4,0.000581776,26.5556,9.07058e-08,0,2,174,90.8806,91.1194,91.0409,91.1203,841.831,81.614,0.208808,26.5556,0.000581776,0.0053737,0.142702
53.54,0.4,0.000581776,26.5556,7.74265e-08,0,2,174,91.1162,91.04,91.1209,91.3553,842.351,81.7241,0.208915,26.5556,0.000581776,0.0053737,0.142702
53.56,0.4,0.000581776,26.5556,-5.35067e-09,0,2,174,91.1572,90.9619,91.2019,91.2781,842.871,81.8343,0.209023,26.5556,0.000581776,0.0053737,0.142702
53.58,0.4,0.000581776,26.5556,-2.02379e-07,0,2,174,90.96,91.1622,91.4647,91.1578,843.39,81.9446,0.20913,26.5556,0.000581776,0.0053737,0.142702
53.6,0.4,0.000581776,26.5556,-5.47392e-07,0,2,172.001,90.88,91.16,91.12,91.16,843.91,82.0548,0.209238,26.5556,0.000581776,0.0053737,0.142702
53.62,0.40387,0.000587406,26.5556,-1.02538e-06,0,2,172,91.1215,90.96,91.1231,91.36,844.429,82.1652,0.209345,26.5556,0.000587406,0.0054257,0.144082
53.64,0.5,0.000727221,26.5556,-1.51308e-06,0,2,172,91.1526,90.9649,91.2049,91.1975,844.949,82.2756,0.209461,26.5556,0.000727221,0.00671713,0.178377
53.66,0.5,0.000727221,26.5556,-1.7055e-06,0,2,172,90.999,91.161,91.4332,91.12,845.468,82.3861,0.209601,26.5556,0.000727221,0.00671713,0.178377
53.68,0.5,0.000727221,26.5556,-1.05688e-06,0,2,172,90.8496,91.1528,91.16,91.1672,845.988,82.4966,0.209736,26.5556,0.000727221,0.00671713,0.178377
53.7,0.5,0.000727221,26.5556,1.20522e-06,0,2,172,91.1205,90.96,91.1219,91.4386,846.507,82.6072,0.20987,26.5556,0.000727221,0.00671713,0.178377
53.72,0.5,0.000727221,26.5556,5.8973e-06,0,2,172,91.1103,91.0024,91.2097,91.2,847.027,82.7179,0.210004,26.5556,0.000727221,0.00671713,0.178377
53.74,0.5,0.000727221,26.5556,1.34091e-05,0,2,172,90.96,91.1191,91.4391,91.1605,847.546,82.8287,0.210139,26.5556,0.000727221,0.00671713,0.178377
53.76,0.6,0.000872665,26.5556,2.28415e-05,0,2,172,90.8447,91.1153,91.16,91.2031,848.065,82.9395,0.21028,26.5556,0.000872665,0.00806056,0.214053
53.78,0.50099,0.000728661,26.5556,3.07613e-05,0,2,172,91.158,90.9604,91.1204,91.3592,848.585,83.0504,0.210441,26.5556,0.000728661,0.00673043,0.17873
53.8,0.504398,0.000733617,26.5556,2.98401e-05,0,2,172.088,91.113,91.0435,91.2106,91.2,849.104,83.1614,0.210569,26.5556,0.000733617,0.00677621,0.179946
53.82,0.6,0.000872665,26.5556,8.10416e-06,0,2,174,90.96,91.12,91.3605,91.1602,849.624,83.2724,0.210711,26.5556,0.000872665,0.00806056,0.214053
53.84,0.6,0.000872665,26.5556,-4.98477e-05,0,2,174,90.8409,91.1193,91.16,91.2007,850.143,83.3835,0.210879,26.5556,0.000872665,0.00806056,0.214053
53.86,0.6,0.000872665,26.5556,-0.000157652,0,2,174,91.16,90.88,91.162,91.434,850.662,83.4948,0.21104,26.5556,0.000872665,0.00806056,0.214053
53.88,0.6,0.000872665,26.5556,-0.000315759,0,2,174,91.0405,90.9597,91.2,91.2005,851.182,83.6061,0.211201,26.5556,0.000872665,0.00806056,0.214053
53.9,0.6,0.000872665,26.5556,-0.000492377,0,2,174.084,90.8783,91.16,91.3082,91.12,851.701,83.7174,0.211363,26.5556,0.000872665,0.00806056,0.214053
53.92,0.6,0.000872665,26.5556,-0.000598395,0,2,176,90.84,91.041,91.159,91.1597,852.22,83.8289,0.211524,26.5556,0.000872665,0.00806056,0.214053
53.94,0.6,0.000872665,26.5556,-0.000464089,0,2,176,91.1207,90.88,91.1622,91.3585,852.739,83.9404,0.211685,26.5556,0.000872665,0.00806056,0.214053
53.96,0.6,0.000872665,26.5556,0.000164607,0,2,178,91.0311,91.0067,91.2133,91.16,853.259,84.0521,0.211846,26.5556,0.000872665,0.00806056,0.214053
53.98,0.601253,0.000874487,26.5556,0.00158001,0,2,178,90.8795,91.12,91.277,91.12,853.778,84.1638,0.212008,26.5556,0.000874487,0.00807739,0.2145
54,0.7,0.00101811,26.5556,0.00397605,0,2,178,90.8786,91.0043,91.1557,91.1971,854.297,84.2756,0.212176,26.5556,0.00101811,0.00940398,0.249728
54.02,0.7,0.00101811,26.5556,0.00718148,0,2,178.03,91.12,90.8812,91.2012,91.3576,854.816,84.3875,0.212371,26.5556,0.00101811,0.00940398,0.249728
54.04,0.7,0.00101811,26.5556,0.0102525,0,2,180,91.0014,90.96,91.28,91.2,855.336,84.4995,0.212559,26.5556,0.00101811,0.00940398,0.249728
54.06,0.7,0.00101811,26.5556,0.0109906,0,2,180,90.953,91.12,91.193,91.1218,855.855,84.6116,0.212747,26.5556,0.00101811,0.00940398,0.249728
54.08,0.7,0.00101811,26.5556,0.00559474,0,2,178.033,90.8787,91.002,91.158,91.16,856.374,84.7238,0.212935,26.5556,0.00101811,0.00940398,0.249728
54.1,0.7,0.00101811,26.5556,-0.0111335,0,2,180.067,91.1173,90.8413,91.2,91.3547,856.893,84.8361,0.213123,26.5556,0.00101811,0.00940398,0.249728
54.12,0.7,0.00101811,26.5556,-0.0443798,0,2,182,90.9612,90.9588,91.2788,91.1606,857.412,84.9484,0.213311,26.5556,0.00101811,0.00940398,0.249728
54.14,0.7,0.00101811,26.5556,-0.09591,0,2,182.01,90.8804,91.1196,91.1217,91.1202,857.931,85.0609,0.213499,26.5556,0.00101811,0.00940398,0.249728
54.16,0.8,0.00116355,26.5556,-0.158068,0,2,184,90.8475,90.9562,91.1544,91.2056,858.45,85.1735,0.213694,26.5556,0.00116355,0.0107474,0.285403
54.18,0.8,0.00116355,26.5555,-0.209495,0,2,184.018,91.1193,90.8404,91.1996,91.3189,858.969,85.2862,0.213916,26.5555,0.00116355,0.0107474,0.285402
54.2,0.8,0.00116355,26.5408,-0.224426,0,2,186,90.8778,90.9644,91.3222,91.16,859.488,85.399,0.21413,26.5408,0.00116355,0.0107414,0.285085
54.22,0.8,0.00116355,26.5333,-0.194373,0,2,187.997,90.84,91.1199,91.12,91.0401,860.007,85.5118,0.214345,26.5333,0.00116355,0.0107384,0.284926
54.24,0.8,0.00116355,26.5333,-0.136387,0,2,186,90.8835,90.9565,91.12,91.2835,860.525,85.6248,0.21456,26.5333,0.00116355,0.0107384,0.284926
54.26,0.8,0.00116355,26.5333,-0.0764737,0,2,187.97,91.0388,90.88,91.1988,91.3206,861.044,85.7378,0.214775,26.5333,0.00116355,0.0107384,0.284926
54.28,0.8,0.00116355,26.5333,-0.0310476,0,2,188,90.9571,91.0015,91.3215,91.1585,861.562,85.8509,0.21499,26.5333,0.00116355,0.0107384,0.284926
54.3,0.8,0.00116355,26.5333,-0.0038024,0,2,188,90.88,91.04,91.0469,91.12,862.08,85.9642,0.215204,26.5333,0.00116355,0.0107384,0.284926
54.32,0.8,0.00116355,26.5333,0.00864661,0,2,190,90.9654,90.9573,91.1214,91.2827,862.599,86.0776,0.215419,26.5333,0.00116355,0.0107384,0.284926
54.34,0.8,0.00116355,26.5333,0.0116595,0,2,190,91.12,90.8843,91.2757,91.2735,863.117,86.1911,0.215634,26.5333,0.00116355,0.0107384,0.284926
54.36,0.8,0.00116355,26.5333,0.00990369,0,2,190.008,90.9597,91.04,91.4395,91.1598,863.636,86.3047,0.215849,26.5333,0.00116355,0.0107384,0.284926
54.38,0.805646,0.00117176,26.5333,0.00641051,0,2,190,90.84,91.1132,91.0468,91.0468,864.154,86.4184,0.216064,26.5333,0.00117176,0.0108142,0.286937
54.4,0.9,0.001309,26.5333,0.00261799,0,2,190,90.9982,90.8813,91.1204,91.3182,864.672,86.5322,0.216287,26.5333,0.001309,0.0120807,0.320542
54.42,0.8,0.00116355,26.5333,-0.00114002,0,2,192,91.1165,90.8418,91.2,91.2747,865.191,86.6462,0.216528,26.5333,0.00116355,0.0107384,0.284926
54.44,0.805476,0.00117152,26.5333,-0.00499449,0,2,192,90.9556,91.0066,91.4312,91.1578,865.709,86.7602,0.216736,26.5333,0.00117152,0.0108119,0.286876
54.46,0.9,0.001309,26.5333,-0.0088668,0,2,191.988,90.8002,91.1193,91.0407,91.1202,866.227,86.8744,0.216959,26.5333,0.001309,0.0120807,0.320542
54.48,0.9,0.001309,26.5333,-0.0117959,0,2,192,91.0023,90.8777,91.1245,91.3223,866.745,86.9887,0.217207,26.5333,0.001309,0.0120807,0.320542
54.5,0.898661,0.00130705,26.5333,-0.0113401,0,2,192,91.1179,90.8811,91.2,91.1995,867.263,87.1031,0.217449,26.5333,0.00130705,0.0120628,0.320065
54.52,0.8,0.00116355,26.5333,-0.00327592,0,2,192,90.88,91.0437,91.4288,91.1581,867.782,87.2177,0.217683,26.5333,0.00116355,0.0107384,0.284926
54.54,0.800272,0.00116395,26.5333,0.0179493,0,2,190.005,90.8001,91.1198,91.1201,91.1601,868.3,87.3323,0.217892,26.5333,0.00116395,0.0107421,0.285023
54.56,0.805473,0.00117151,26.5333,0.0573053,0,2,192,91.1222,90.8778,91.0488,91.3222,868.818,87.4471,0.218107,26.5333,0.00117151,0.0108119,0.286875
54.58,0.800106,0.00116371,26.5333,0.114997,0,2,192,91.12,90.88,91.2,91.2801,869.336,87.562,0.218323,26.5333,0.00116371,0.0107398,0.284964
54.6,0.8,0.00116355,26.5333,0.179508,0,2,191.909,90.96,91.1218,91.4273,91.16,869.854,87.677,0.218537,26.5333,0.00116355,0.0107384,0.284926
54.62,0.899467,0.00130822,26.5333,0.224559,0,2,190,90.8804,91.16,91.1202,91.16,870.372,87.7921,0.218759,26.5333,0.00130822,0.0120736,0.320352
54.64,0.8,0.00116355,26.5556,0.22455,0,2,190,91.1213,90.96,91.1253,91.36,870.89,87.9073,0.219,26.5556,0.00116355,0.0107474,0.285403
54.66,0.8,0.00116355,26.5556,0.179487,0,2,190,91.16,90.96,91.2006,91.2011,871.409,88.0228,0.219209,26.5556,0.00116355,0.0107474,0.285403
54.68,0.8,0.00116355,26.5556,0.114983,0,2,190,90.96,91.122,91.4243,91.158,871.927,88.1383,0.219424,26.5556,0.00116355,0.0107474,0.285403
54.7,0.8,0.00116355,26.5556,0.0573311,0,2,188.026,90.8416,91.1205,91.1595,91.1595,872.445,88.254,0.219639,26.5556,0.00116355,0.0107474,0.285403
54.72,0.8,0.00116355,26.5556,0.0180631,0,2,188,91.1211,90.96,91.1632,91.4368,872.964,88.3698,0.219854,26.5556,0.00116355,0.0107474,0.285403
54.74,0.8,0.00116355,26.5556,-0.00302059,0,2,188,91.1102,91.0025,91.1723,91.2,873.482,88.4857,0.220068,26.5556,0.00116355,0.0107474,0.285403
54.76,0.799937,0.00116346,26.5556,-0.010909,0,2,186.001,90.88,91.12,91.4398,91.16,874,88.6017,0.220283,26.5556,0.00116346,0.0107466,0.285381
54.78,0.8,0.00116355,26.5556,-0.0112218,0,2,184.107,90.8464,91.1115,91.1979,91.2064,874.519,88.7178,0.220498,26.5556,0.00116355,0.0107474,0.285403
54.8,0.795959,0.00115767,26.5556,-0.00832309,0,2,184.081,91.1216,90.8832,91.1648,91.4352,875.037,88.834,0.220713,26.5556,0.00115767,0.0106931,0.283962
54.82,0.7,0.00101811,26.5556,-0.00488074,0,2,186,91.1204,91.0393,91.2007,91.2011,875.555,88.9503,0.22092,26.5556,0.00101811,0.00940398,0.249728
54.84,0.7,0.00101811,26.5556,-0.00214281,0,2,186,90.9597,91.0405,91.3586,91.1598,876.073,89.0667,0.221102,26.5556,0.00101811,0.00940398,0.249728
54.86,0.7,0.00101811,26.5556,-0.00043441,0,2,185.891,90.8487,91.0356,91.1956,91.2065,876.591,89.1833,0.22129,26.5556,0.00101811,0.00940398,0.249728
54.88,0.7,0.00101811,26.5556,0.000388032,0,2,184,91.1187,90.8809,91.1991,91.4387,877.11,89.2999,0.221478,26.5556,0.00101811,0.00940398,0.249728
54.9,0.7,0.00101811,26.5556,0.000622839,0,2,185.91,91.0328,90.9636,91.2108,91.1982,877.628,89.4166,0.221666,26.5556,0.00101811,0.00940398,0.249728
54.92,0.7,0.00101811,26.5556,0.000551712,0,2,185.994,90.9598,91.1198,91.2805,91.16,878.146,89.5334,0.221854,26.5556,0.00101811,0.00940398,0.249728
54.94,0.7,0.00101811,26.5556,0.000373487,0,2,184,90.885,91.1163,91.1988,91.205,878.664,89.6503,0.222042,26.5556,0.00101811,0.00940398,0.249728
54.96,0.7,0.00101811,26.5556,0.000199141,0,2,184,91.1179,90.8831,91.199,91.4379,879.182,89.7673,0.22223,26.5556,0.00101811,0.00940398,0.249728
54.98,0.7,0.00101811,26.5556,7.34382e-05,0,2,183.951,91.0361,90.961,91.2839,91.2,879.7,89.8844,0.222418,26.5556,0.00101811,0.00940398,0.249728
55,0.7,0.00101811,26.5556,1.73271e-06,0,2,182,90.9574,91.116,91.2079,91.1613,880.218,90.0017,0.222606,26.5556,0.00101811,0.00940398,0.249728
55.02,0.7,0.00101811,26.5556,-2.8335e-05,0,2,180.013,90.881,91.0395,91.1995,91.2008,880.736,90.119,0.222795,26.5556,0.00101811,0.00940398,0.249728
55.04,0.697726,0.0010148,26.5556,-3.31016e-05,0,2,182,91.12,90.8818,91.2,91.3564,881.254,90.2364,0.222982,26.5556,0.0010148,0.00937344,0.248917
55.06,0.6,0.000872665,26.5556,-2.61377e-05,0,2,180.043,91.0417,90.9991,91.2783,91.1609,881.772,90.3539,0.223163,26.5556,0.000872665,0.00806056,0.214053
55.08,0.6,0.000872665,26.5556,-1.62105e-05,0,2,182,90.9584,91.1595,91.1595,91.1205,882.29,90.4714,0.223318,26.5556,0.000872665,0.00806056,0.214053
55.1,0.6,0.000872665,26.5556,-7.73863e-06,0,2,182,90.8946,91.0376,91.1576,91.2897,882.808,90.5891,0.223479,26.5556,0.000872665,0.00806056,0.214053
55.12,0.6,0.000872665,26.5556,-2.15336e-06,0,2,180.015,91.12,90.96,91.2794,91.3588,883.326,90.7069,0.22364,26.5556,0.000872665,0.00806056,0.214053
55.14,0.6,0.000872665,26.5556,7.33276e-07,0,2,180,90.9984,91.0047,91.3263,91.1984,883.844,90.8247,0.223801,26.5556,0.000872665,0.00806056,0.214053
55.16,0.6,0.000872665,26.5556,1.72703e-06,0,2,180,90.96,91.1984,91.1662,91.1208,884.361,90.9426,0.223963,26.5556,0.000872665,0.00806056,0.214053
55.18,0.6,0.000872665,26.5556,1.67125e-06,0,2,180,90.9658,90.9956,91.1971,91.2858,884.879,91.0606,0.224124,26.5556,0.000872665,0.00806056,0.214053
55.2,0.6,0.000872665,26.5556,1.19726e-06,0,2,181.964,91.1593,90.88,91.2771,91.3615,885.397,91.1787,0.224285,26.5556,0.000872665,0.00806056,0.214053
55.22,0.6,0.000872665,26.5556,6.78496e-07,0,2,179.934,90.96,91.0426,91.3626,91.16,885.915,91.2968,0.224446,26.5556,0.000872665,0.00806056,0.214053
55.24,0.6,0.000872665,26.5556,2.81196e-07,0,2,179.816,90.8782,91.16,91.1218,91.1218,886.433,91.4151,0.224608,26.5556,0.000872665,0.00806056,0.214053
55.26,0.6,0.000872665,26.5556,4.1225e-08,0,2,177.994,90.9596,91.0005,91.16,91.3195,886.95,91.5334,0.224769,26.5556,0.000872665,0.00806056,0.214053
55.28,0.596085,0.00086697,26.5556,-6.90177e-08,0,2,178,91.1584,90.96,91.2769,91.3153,887.468,91.6518,0.22493,26.5556,0.00086697,0.00800796,0.212656
55.3,0.5,0.000727221,26.5556,-9.58452e-08,0,2,178,90.9628,90.9993,91.4358,91.2,887.986,91.7703,0.225083,26.5556,0.000727221,0.00671713,0.178377
55.32,0.5,0.000727221,26.5556,-8.07529e-08,0,2,178,90.8786,91.12,91.1228,91.1614,888.504,91.8889,0.225211,26.5556,0.000727221,0.00671713,0.178377
55.34,0.504872,0.000734306,26.5556,-5.20296e-08,0,2,178,90.9678,90.9981,91.1619,91.3258,889.021,92.0076,0.225346,26.5556,0.000734306,0.00678258,0.180115
55.36,0.501002,0.000728678,26.5556,-2.49241e-08,0,2,178,91.12,90.96,91.2,91.3212,889.539,92.1263,0.225481,26.5556,0.000728678,0.00673059,0.178735
55.38,0.5,0.000727221,26.5556,-5.36647e-09,0,2,178.089,90.9982,91.12,91.4729,91.1982,890.057,92.245,0.225616,26.5556,0.000727221,0.00671713,0.178377
55.4,0.5,0.000727221,26.5556,5.7745e-09,0,2,178.029,90.8811,91.1594,91.1229,91.16,890.574,92.3639,0.22575,26.5556,0.000727221,0.00671713,0.178377
55.42,0.5,0.000727221,26.5556,9.31914e-09,0,2,178,90.9662,90.9984,91.1231,91.3631,891.092,92.4828,0.225884,26.5556,0.000727221,0.00671713,0.178377
55.44,0.5,0.000727221,26.5556,5.73846e-09,0,2,177.9,91.12,90.96,91.276,91.314,891.609,92.6018,0.226019,26.5556,0.000727221,0.00671713,0.178377
55.46,0.5,0.000727221,26.5556,-5.51108e-09,0,2,176,90.9998,91.1202,91.4789,91.1998,892.127,92.7208,0.226153,26.5556,0.000727221,0.00671713,0.178377
55.48,0.5,0.000727221,26.5556,-2.53092e-08,0,2,175.901,90.878,91.1541,91.122,91.1659,892.645,92.84,0.226287,26.5556,0.000727221,0.00671713,0.178377
55.5,0.5,0.000727221,26.5556,-5.28098e-08,0,2,175.919,91.0433,90.9567,91.1233,91.36,893.162,92.9592,0.226422,26.5556,0.000727221,0.00671713,0.178377
55.52,0.401815,0.000584416,26.5556,-8.20237e-08,0,2,175.964,91.12,90.9585,91.2,91.2815,893.68,93.0784,0.226549,26.5556,0.000584416,0.00539809,0.143349
55.54,0.4,0.000581776,26.5556,-9.74971e-08,0,2,174,90.9565,91.0052,91.4678,91.1583,894.197,93.1978,0.226651,26.5556,0.000581776,0.0053737,0.142702
55.56,0.4,0.000581776,26.5556,-7.0522e-08,0,2,174,90.8406,91.1594,91.1606,91.1594,894.715,93.3171,0.226758,26.5556,0.000581776,0.0053737,0.142702
55.58,0.402679,0.000585673,26.5556,4.1062e-08,0,2,174,91.0032,90.9989,91.1221,91.36,895.232,93.4366,0.226866,26.5556,0.000585673,0.00540969,0.143657
55.6,0.402997,0.000586135,26.5556,2.84391e-07,0,2,174,91.12,90.96,91.2,91.2824,895.75,93.5561,0.226974,26.5556,0.000586135,0.00541396,0.143771
55.62,0.4,0.000581776,26.5556,6.87742e-07,0,2,174,90.96,91.1208,91.4735,91.1592,896.267,93.6756,0.227082,26.5556,0.000581776,0.0053737,0.142702
55.64,0.4,0.000581776,26.5556,1.21513e-06,0,2,173.919,90.8448,91.1968,91.16,91.1665,896.785,93.7952,0.227189,26.5556,0.000581776,0.0053737,0.142702
55.66,0.4,0.000581776,26.5556,1.69832e-06,0,2,172,91.1183,91.0013,91.1204,91.4387,897.302,93.9149,0.227297,26.5556,0.000581776,0.0053737,0.142702
55.68,0.4,0.000581776,26.5556,1.7587e-06,0,2,172,91.1549,90.9634,91.2068,91.2,897.82,94.0346,0.227404,26.5556,0.000581776,0.0053737,0.142702
55.7,0.4,0.000581776,26.5556,7.55388e-07,0,2,172,90.9612,91.1188,91.4388,91.1606,898.337,94.1543,0.227512,26.5556,0.000581776,0.0053737,0.142702
55.72,0.4,0.000581776,26.5556,-2.16885e-06,0,2,171.941,90.88,91.1565,91.16,91.2035,898.855,94.2742,0.227619,26.5556,0.000581776,0.0053737,0.142702
55.74,0.4,0.000581776,26.5556,-7.83508e-06,0,2,170,91.1077,90.9641,91.16,91.4338,899.372,94.394,0.227727,26.5556,0.000581776,0.0053737,0.142702
55.76,0.4,0.000581776,26.5556,-1.64401e-05,0,2,170,91.16,90.9595,91.2005,91.2008,899.889,94.514,0.227834,26.5556,0.000581776,0.0053737,0.142702
55.78,0.4,0.000581776,26.5556,-2.65396e-05,0,2,168,90.96,91.1219,91.3485,91.16,900.407,94.634,0.227942,26.5556,0.000581776,0.0053737,0.142702
55.8,0.4,0.000581776,26.5556,-3.36583e-05,0,2,168,90.881,91.16,91.1595,91.1995,900.924,94.754,0.228049,26.5556,0.000581776,0.0053737,0.142702
55.82,0.4,0.000581776,26.5556,-2.89029e-05,0,2,168,91.1214,90.9986,91.2029,91.4357,901.441,94.8741,0.228157,26.5556,0.000581776,0.0053737,0.142702
55.84,0.4,0.000581776,26.5556,1.50883e-06,0,2,168,91.1158,91.0063,91.2127,91.2,901.959,94.9943,0.228264,26.5556,0.000581776,0.0053737,0.142702
55.86,0.4,0.000581776,26.5556,7.41942e-05,0,2,167.996,90.9598,91.1601,91.3196,91.16,902.476,95.1145,0.228372,26.5556,0.000581776,0.0053737,0.142702
55.88,0.4,0.000581776,26.5556,0.000201777,0,2,166,90.8889,91.1533,91.1956,91.2089,902.993,95.2347,0.228479,26.5556,0.000581776,0.0053737,0.142702
55.9,0.4,0.000581776,26.5556,0.000378953,0,2,166.013,91.1203,90.96,91.2,91.439,903.511,95.3551,0.228587,26.5556,0.000581776,0.0053737,0.142702
55.92,0.4,0.000581776,26.5556,0.000560462,0,2,165.89,91.1156,91.0444,91.2154,91.2,904.028,95.4754,0.228694,26.5556,0.000581776,0.0053737,0.142702
55.94,0.4,0.000581776,26.5556,0.000633825,0,2,165.862,90.9917,91.2,91.269,91.1228,904.545,95.5959,0.228802,26.5556,0.000581776,0.0053737,0.142702
55.96,0.4,0.000581776,26.5556,0.000397254,0,2,164,90.8823,91.1594,91.1988,91.2823,905.063,95.7164,0.228909,26.5556,0.000581776,0.0053737,0.142702
55.98,0.4,0.000581776,26.5556,-0.000435489,0,2,162.055,91.1956,91.0033,91.2756,91.44,905.58,95.8369,0.229017,26.5556,0.000581776,0.0053737,0.142702
56,0.4,0.000581776,26.5556,-0.00216814,0,2,162,91.0379,90.9621,91.2852,91.2,906.097,95.9575,0.229124,26.5556,0.000581776,0.0053737,0.142702
56.02,0.4,0.000581776,26.5556,-0.00494826,0,2,162,90.96,91.1564,91.2084,91.1612,906.614,96.0782,0.229231,26.5556,0.000581776,0.0053737,0.142702
56.04,0.4,0.000581776,26.5556,-0.00844867,0,2,158.135,90.8508,91.1119,91.1573,91.2854,907.131,96.1989,0.229339,26.5556,0.000581776,0.0053737,0.142702
56.06,0.4,0.000581776,26.5556,-0.011406,0,2,160,91.1209,90.9619,91.2,91.3563,907.649,96.3196,0.229446,26.5556,0.000581776,0.0053737,0.142702
56.08,0.4,0.000581776,26.5556,-0.0111147,0,2,160,91.0438,91.1175,91.2775,91.1613,908.166,96.4405,0.229554,26.5556,0.000581776,0.0053737,0.142702
56.1,0.4,0.000581776,26.5556,-0.00314401,0,2,160,91.0393,91.1602,91.1202,91.1203,908.683,96.5613,0.229661,26.5556,0.000581776,0.0053737,0.142702
56.12,0.4,0.000581776,26.5556,0.0182197,0,2,160,90.8919,91.1541,91.16,91.3259,909.2,96.6823,0.229769,26.5556,0.000581776,0.0053737,0.142702
56.14,0.4,0.000581776,26.5556,0.0580636,0,2,160,91.1597,91.0003,91.319,91.3208,909.717,96.8033,0.229876,26.5556,0.000581776,0.0053737,0.142702
56.16,0.4,0.000581776,26.5556,0.116632,0,2,160,91.0364,91.1236,91.36,91.2746,910.234,96.9243,0.229984,26.5556,0.000581776,0.0053737,0.142702
56.18,0.4,0.000581776,26.5556,0.18241,0,2,160,90.9996,91.2792,91.1224,91.1204,910.752,97.0454,0.230091,26.5556,0.000581776,0.0053737,0.142702
56.2,0.4,0.000581776,26.556,0.229307,0,2,158,91.0437,91.1545,91.12,91.3255,911.269,97.1666,0.230199,26.556,0.000581776,0.0053738,0.142707
56.22,0.4,0.000581776,26.5777,0.23192,0,2,159.987,91.1597,91.04,91.1995,91.3208,911.786,97.2878,0.230306,26.5777,0.000581776,0.00537818,0.14294
56.24,0.4,0.000581776,26.5778,0.189439,0,2,158,91.0388,91.0436,91.4376,91.1588,912.303,97.4092,0.230414,26.5778,0.000581776,0.0053782,0.142941
56.26,0.4,0.000581776,26.5778,0.124705,0,2,156.041,90.9608,91.2776,91.1249,91.1592,912.821,97.5306,0.230521,26.5778,0.000581776,0.0053782,0.142941
56.28,0.4,0.000581776,26.5778,0.0593094,0,2,156.065,91.0052,91.1174,91.1613,91.3239,913.339,97.6521,0.230629,26.5778,0.000581776,0.0053782,0.142941
56.3,0.4,0.000581776,26.5778,-0.00101352,0,2,158,91.199,91.04,91.2779,91.3231,913.856,97.7736,0.230737,26.5778,0.000581776,0.0053782,0.142941
56.32,0.4,0.000581776,26.5778,-0.0614147,0,2,156.048,91.039,91.0429,91.4371,91.199,914.373,97.8952,0.230844,26.5778,0.000581776,0.0053782,0.142941
56.34,0.4,0.000581776,26.5778,-0.12686,0,2,158,90.9539,91.196,91.124,91.162,914.891,98.0169,0.230952,26.5778,0.000581776,0.0053782,0.142941
56.36,0.499521,0.000726523,26.5778,-0.191168,0,2,158,90.9594,91.0404,91.1204,91.3592,915.408,98.1386,0.231066,26.5778,0.000726523,0.00671631,0.178505
56.38,0.5,0.000727221,26.5773,-0.232491,0,2,158,91.1546,90.9618,91.2764,91.2764,915.926,98.2603,0.231207,26.5773,0.000727221,0.00672263,0.178669
56.4,0.5,0.000727221,26.5557,-0.228402,0,2,158,90.961,91.0395,91.437,91.121,916.443,98.3822,0.231341,26.5557,0.000727221,0.00671717,0.178379
56.42,0.5,0.000727221,26.5556,-0.180508,0,2,160,90.9546,91.1964,91.0454,91.1654,916.96,98.504,0.231476,26.5556,0.000727221,0.00671713,0.178377
56.44,0.5,0.000727221,26.5556,-0.114585,0,2,160,90.9691,90.9554,91.0491,91.4354,917.477,98.6258,0.23161,26.5556,0.000727221,0.00671713,0.178377
56.46,0.5,0.000727221,26.5556,-0.0564599,0,2,160,91.1585,91.0005,91.201,91.2785,917.994,98.7478,0.231744,26.5556,0.000727221,0.00671713,0.178377
56.48,0.5,0.000727221,26.5556,-0.0172219,0,2,160.104,90.96,91.1221,91.4254,91.16,918.511,98.8698,0.231879,26.5556,0.000727221,0.00671713,0.178377
56.5,0.5,0.000727221,26.5556,0.00362377,0,2,162,90.96,91.1999,91.1201,91.16,919.028,98.9919,0.232013,26.5556,0.000727221,0.00671713,0.178377
56.52,0.5,0.000727221,26.5556,0.0112307,0,2,162,91.0048,91.0368,91.1264,91.3584,919.544,99.114,0.232147,26.5556,0.000727221,0.00671713,0.178377
56.54,0.5,0.000727221,26.5556,0.0112808,0,2,162.044,91.1574,90.8817,91.2026,91.2,920.061,99.2363,0.232282,26.5556,0.000727221,0.00671713,0.178377
56.56,0.5,0.000727221,26.5556,0.00814174,0,2,164,90.9619,91.1163,91.4372,91.2,920.578,99.3586,0.232416,26.5556,0.000727221,0.00671713,0.178377
56.58,0.5,0.000727221,26.5556,0.00447296,0,2,164,90.88,91.1983,91.12,91.1613,921.095,99.4809,0.23255,26.5556,0.000727221,0.00671713,0.178377
56.6,0.5,0.000727221,26.5556,0.00154457,0,2,164,91.0329,90.9635,91.12,91.3565,921.612,99.6034,0.232685,26.5556,0.000727221,0.00671713,0.178377
56.62,0.5,0.000727221,26.5556,-0.000227421,0,2,166,91.1593,90.9602,91.161,91.1998,922.129,99.7259,0.232819,26.5556,0.000727221,0.00671713,0.178377
56.64,0.503643,0.000732519,26.5556,-0.000801397,0,2,166.073,91,91.1229,91.3513,91.12,922.645,99.8484,0.232954,26.5556,0.000732519,0.00676607,0.179677
56.66,0.6,0.000872665,26.5556,-0.000201272,0,2,168,90.8807,91.1602,91.1598,91.1995,923.162,99.9711,0.233096,26.5556,0.000872665,0.00806056,0.214053
56.68,0.6,0.000872665,26.5556,0.00158684,0,2,168.077,91.1215,90.9985,91.1262,91.3585,923.679,100.094,0.233263,26.5556,0.000872665,0.00806056,0.214053
56.7,0.6,0.000872665,26.5556,0.00450757,0,2,170,91.1207,90.96,91.2014,91.202,924.196,100.217,0.233425,26.5556,0.000872665,0.00806056,0.214053
56.72,0.6,0.000872665,26.5556,0.00812581,0,2,170,90.96,91.1214,91.3101,91.12,924.712,100.34,0.233586,26.5556,0.000872665,0.00806056,0.214053
56.74,0.6,0.000872665,26.5556,0.01115,0,2,170,90.8434,91.1211,91.1566,91.1589,925.229,100.462,0.233747,26.5556,0.000872665,0.00806056,0.214053
56.76,0.6,0.000872665,26.5556,0.0109077,0,2,172,91.1209,90.9582,91.1609,91.3582,925.746,100.586,0.233908,26.5556,0.000872665,0.00806056,0.214053
56.78,0.6,0.000872665,26.5556,0.00304833,0,2,174,91.0351,90.9625,91.2147,91.16,926.262,100.709,0.23407,26.5556,0.000872665,0.00806056,0.214053
56.8,0.6,0.000872665,26.5556,-0.0180309,0,2,174.054,90.88,91.0421,91.2736,91.12,926.779,100.832,0.234231,26.5556,0.000872665,0.00806056,0.214053
56.82,0.697098,0.00101389,26.5556,-0.0573047,0,2,176,90.8023,91.12,91.1565,91.1977,927.295,100.955,0.234398,26.5556,0.00101389,0.009365,0.248693
56.84,0.7,0.00101811,26.5556,-0.114963,0,2,178.124,91.04,90.84,91.1625,91.355,927.812,101.079,0.234592,26.5556,0.00101811,0.00940398,0.249728
56.86,0.7,0.00101811,26.5556,-0.179469,0,2,180.046,91.0363,90.8819,91.2037,91.1591,928.329,101.202,0.234781,26.5556,0.00101811,0.00940398,0.249728
56.88,0.7,0.00101811,26.5556,-0.224528,0,2,182,90.841,91.038,91.2041,91.12,928.845,101.326,0.234969,26.5556,0.00101811,0.00940398,0.249728
56.9,0.7,0.00101811,26.5333,-0.224531,0,2,182.086,90.8011,90.9983,91.1583,91.1623,929.361,101.449,0.235157,26.5333,0.00101811,0.00939611,0.24931
56.92,0.7,0.00101811,26.5333,-0.179478,0,2,184.168,90.995,90.8417,91.1933,91.32,929.877,101.573,0.235345,26.5333,0.00101811,0.00939611,0.24931
56.94,0.7,0.00101811,26.5333,-0.114981,0,2,186.042,91.04,90.8792,91.1992,91.1608,930.393,101.697,0.235533,26.5333,0.00101811,0.00939611,0.24931
56.96,0.7,0.00101811,26.5333,-0.0573314,0,2,188,90.8788,91.0425,91.1588,91.1212,930.909,101.821,0.235721,26.5333,0.00101811,0.00939611,0.24931
56.98,0.7,0.00101811,26.5333,-0.018064,0,2,186.051,90.84,91.0421,91.159,91.199,931.425,101.945,0.235909,26.5333,0.00101811,0.00939611,0.24931
57,0.7,0.00101811,26.5333,0.0030203,0,2,188.125,91.12,90.84,91.1987,91.3162,931.941,102.069,0.236096,26.5333,0.00101811,0.00939611,0.24931
57.02,0.7,0.00101811,26.5333,0.0109093,0,2,190.047,90.9638,90.9572,91.2772,91.1609,932.457,102.193,0.236284,26.5333,0.00101811,0.00939611,0.24931
57.04,0.7,0.00101811,26.5333,0.0112218,0,2,192,90.88,91.04,91.1264,91.1211,932.973,102.317,0.236472,26.5333,0.00101811,0.00939611,0.24931
57.06,0.7,0.00101811,26.5333,0.00832062,0,2,194.052,90.8041,90.9969,91.12,91.2031,933.489,102.442,0.23666,26.5333,0.00101811,0.00939611,0.24931
57.08,0.7,0.00101811,26.5333,0.00487296,0,2,196,91.0377,90.88,91.1977,91.32,934.005,102.566,0.236848,26.5333,0.00101811,0.00939611,0.24931
57.1,0.7,0.00101811,26.5333,0.00212668,0,2,196.027,90.9984,90.8811,91.32,91.1595,934.521,102.691,0.237036,26.5333,0.00101811,0.00939611,0.24931
57.12,0.7,0.00101811,26.5333,0.000408387,0,2,199.913,90.88,91.0365,91.0522,91.12,935.037,102.815,0.237224,26.5333,0.00101811,0.00939611,0.24931
57.14,0.7,0.00101811,26.5333,-0.000421037,0,2,199.973,90.8,90.9622,91.1205,91.2784,935.552,102.94,0.237412,26.5333,0.00101811,0.00939611,0.24931
57.16,0.7,0.00101811,26.5333,-0.000651108,0,2,203.853,91.04,90.8415,91.1985,91.2756,936.068,103.065,0.2376,26.5333,0.00101811,0.00939611,0.24931
57.18,0.7,0.00101811,26.5333,-0.000549943,0,2,203.949,90.961,90.88,91.318,91.16,936.584,103.19,0.237788,26.5333,0.00101811,0.00939611,0.24931
57.2,0.7,0.00101811,26.5333,-0.000300036,0,2,203.78,90.8771,91.0429,91.0444,91.1215,937.1,103.315,0.237976,26.5333,0.00101811,0.00939611,0.24931
57.22,0.7,0.00101811,26.5333,-3.80021e-09,0,2,203.807,90.8,90.9651,91.1213,91.2761,937.615,103.44,0.238164,26.5333,0.00101811,0.00939611,0.24931
57.24,0.7,0.00101811,26.5333,0.000300028,0,2,204,91.04,90.8404,91.2,91.2787,938.131,103.565,0.238352,26.5333,0.00101811,0.00939611,0.24931
57.26,0.7,0.00101811,26.5333,0.000549938,0,2,204.112,90.8778,90.8867,91.3555,91.1578,938.647,103.691,0.238539,26.5333,0.00101811,0.00939611,0.24931
57.28,0.7,0.00101811,26.5333,0.000651107,0,2,204.009,90.8398,91.04,91.0406,91.1202,939.162,103.816,0.238727,26.5333,0.00101811,0.00939611,0.24931
57.3,0.7,0.00101811,26.5333,0.000421046,0,2,208,90.8483,90.9558,91.1221,91.3221,939.678,103.942,0.238915,26.5333,0.00101811,0.00939611,0.24931
57.32,0.7,0.00101811,26.5333,-0.00040836,0,2,208,91.0398,90.8402,91.1998,91.2009,940.193,104.067,0.239103,26.5333,0.00101811,0.00939611,0.24931
57.34,0.7,0.00101811,26.5333,-0.00212663,0,2,208.076,90.8792,90.8815,91.4369,91.1592,940.709,104.193,0.239291,26.5333,0.00101811,0.00939611,0.24931
57.36,0.7,0.00101811,26.5333,-0.00487288,0,2,210.047,90.84,91.1163,91.1237,91.12,941.225,104.319,0.239479,26.5333,0.00101811,0.00939611,0.24931
57.38,0.7,0.00101811,26.5333,-0.00832052,0,2,210,90.8826,90.9574,91.1217,91.3209,941.74,104.445,0.239667,26.5333,0.00101811,0.00939611,0.24931
57.4,0.7,0.00101811,26.5333,-0.0112217,0,2,211.936,91.0387,90.84,91.2,91.2826,942.256,104.571,0.239855,26.5333,0.00101811,0.00939611,0.24931
57.42,0.7,0.00101811,26.5333,-0.0109093,0,2,211.954,90.9582,90.9618,91.4735,91.1591,942.771,104.697,0.240043,26.5333,0.00101811,0.00939611,0.24931
57.44,0.603402,0.000877613,26.5333,-0.00302058,0,2,211.864,90.8386,91.12,91.1214,91.1641,943.286,104.823,0.240224,26.5333,0.000877613,0.00809948,0.214906
57.46,0.600708,0.000873695,26.5333,0.0180633,0,2,211.972,90.9589,90.9611,91.1203,91.4389,943.802,104.949,0.24038,26.5333,0.000873695,0.00806332,0.213947
57.48,0.696733,0.00101336,26.5333,0.0573302,0,2,211.935,91.1174,90.9613,91.2039,91.2,944.317,105.076,0.240547,26.5333,0.00101336,0.00935226,0.248147
57.5,0.6,0.000872665,26.5333,0.114979,0,2,211.95,90.962,91.039,91.476,91.161,944.833,105.202,0.240734,26.5333,0.000872665,0.00805381,0.213694
57.52,0.6,0.000872665,26.5333,0.179476,0,2,210.029,90.8794,91.1988,91.16,91.2012,945.348,105.329,0.240889,26.5333,0.000872665,0.00805381,0.213694
57.54,0.6,0.000872665,26.5333,0.22453,0,2,212,90.9977,91.0411,91.1206,91.4377,945.863,105.455,0.24105,26.5333,0.000872665,0.00805381,0.213694
57.56,0.6,0.000872665,26.5556,0.22453,0,2,210,91.1166,90.9634,91.2834,91.2766,946.379,105.582,0.241211,26.5556,0.000872665,0.00806056,0.214053
57.58,0.6,0.000872665,26.5556,0.179476,0,2,210,90.9618,91.04,91.4382,91.1609,946.895,105.709,0.241372,26.5556,0.000872665,0.00806056,0.214053
57.6,0.6,0.000872665,26.5556,0.114979,0,2,210,90.8795,91.1185,91.2,91.2015,947.41,105.836,0.241533,26.5556,0.000872665,0.00806056,0.214053
57.62,0.6,0.000872665,26.5556,0.0573309,0,2,210,90.9547,90.9618,91.1618,91.4347,947.926,105.963,0.241695,26.5556,0.000872665,0.00806056,0.214053
57.64,0.6,0.000872665,26.5556,0.0180645,0,2,210,91.1185,90.96,91.2015,91.2023,948.442,106.09,0.241856,26.5556,0.000872665,0.00806056,0.214053
57.66,0.6,0.000872665,26.5556,-0.00301891,0,2,210,90.9575,91.0425,91.4314,91.16,948.957,106.218,0.242017,26.5556,0.000872665,0.00806056,0.214053
57.68,0.6,0.000872665,26.5556,-0.0109076,0,2,210,90.8411,91.12,91.1989,91.2768,949.473,106.345,0.242178,26.5556,0.000872665,0.00806056,0.214053
57.7,0.6,0.000872665,26.5556,-0.011221,0,2,210,90.9628,90.9572,91.2042,91.4372,949.989,106.472,0.242339,26.5556,0.000872665,0.00806056,0.214053
57.72,0.502355,0.000730646,26.5556,-0.00832268,0,2,210,91.04,90.9581,91.2028,91.2819,950.504,106.6,0.242494,26.5556,0.000730646,0.00674877,0.179217
57.74,0.5,0.000727221,26.5556,-0.00488062,0,2,210,90.8812,91.0394,91.3618,91.1224,951.02,106.727,0.242622,26.5556,0.000727221,0.00671713,0.178377
57.76,0.5,0.000727221,26.5556,-0.00214284,0,2,210,90.84,91.1548,91.1974,91.2826,951.535,106.855,0.242756,26.5556,0.000727221,0.00671713,0.178377
57.78,0.5,0.000727221,26.5556,-0.000434497,0,2,210,90.9584,90.9605,91.2778,91.4389,952.051,106.983,0.242891,26.5556,0.000727221,0.00671713,0.178377
57.8,0.5,0.000727221,26.5556,0.000387946,0,2,208,91.1152,90.96,91.328,91.2768,952.566,107.111,0.243025,26.5556,0.000727221,0.00671713,0.178377
57.82,0.5,0.000727221,26.5556,0.000622775,0,2,208,90.9603,91.1189,91.3214,91.1603,953.082,107.238,0.243159,26.5556,0.000727221,0.00671713,0.178377
57.84,0.5,0.000727221,26.5556,0.000551674,0,2,208,90.841,91.156,91.276,91.204,953.597,107.366,0.243294,26.5556,0.000727221,0.00671713,0.178377
57.86,0.5,0.000727221,26.5556,0.00037347,0,2,208,91.0374,90.9606,91.2774,91.4387,954.113,107.494,0.243428,26.5556,0.000727221,0.00671713,0.178377
57.88,0.5,0.000727221,26.5556,0.000199138,0,2,208,91.1167,90.9611,91.3255,91.2778,954.628,107.622,0.243563,26.5556,0.000727221,0.00671713,0.178377
57.9,0.5,0.000727221,26.5556,7.34446e-05,0,2,206.066,90.9613,91.1547,91.2106,91.1613,955.144,107.75,0.243697,26.5556,0.000727221,0.00671713,0.178377
57.92,0.5,0.000727221,26.5556,1.74773e-06,0,2,206,90.8408,91.1576,91.1984,91.3224,955.659,107.879,0.243831,26.5556,0.000727221,0.00671713,0.178377
57.94,0.5,0.000727221,26.5556,-2.83099e-05,0,2,206,91.0435,90.96,91.28,91.4348,956.174,108.007,0.243966,26.5556,0.000727221,0.00671713,0.178377
57.96,0.449419,0.000653653,26.5556,-3.50258e-05,0,2,206,91.12,90.9995,91.359,91.2805,956.69,108.135,0.244096,26.5556,0.000653653,0.00603761,0.160332
