t_s,delta_wheel_deg,delta_road_rad,v_mps,a_long_mps2,a_lat_meas_mps2,yaw_rate_meas_rads,accel_pedal_pct,brake_pressed,x_m,y_m,psi_rad,v_state_mps,delta_state_rad,yaw_rate_pred_rads,a_y_pred_mps2,yaw_rate_resid_rads,a_y_resid_mps2
0.0,4.8,0.00495715,0.891636,-0.364206,-0.119133,-0.00382806,8.3,0,0.0,0.0,0.0,0.891636,0.00495715,0.0011945744535732828,0.0010651255874862676,-0.005022634453573283,-0.12019812558748627
0.02,4.8,0.00495715,0.891374,-0.357317,-0.1144,-0.00377729,8.3,0,0.0177599,2.11292e-07,2.37943e-05,0.891374,0.00495715,0.0011942234509236236,0.0010644997343435942,-0.004971513450923623,-0.1154644997343436
0.04,4.7,0.00485387,0.885738,-0.349986,-0.113973,-0.00352849,8.3,0,0.0355159,8.44253e-07,4.74598e-05,0.885738,0.00485387,0.0011619486817402783,0.0010291821014672706,-0.004690438681740279,-0.11500218210146727
0.06,4.7,0.00485387,0.877574,-0.340227,-0.11918,-0.00288564,8.3,0,0.0531606,1.88516e-06,7.04844e-05,0.877574,0.00485387,0.001151239196972672,0.0010102975870440957,-0.004036879196972672,-0.1201902975870441
0.08,4.6,0.0047506,0.874632,-0.32491,-0.128182,-0.00375982,8.3,0,0.0706441,3.31726e-06,9.32985e-05,0.874632,0.0047506,0.0011229680926343375,0.0009821838287969557,-0.004882788092634338,-0.12916418382879694
0.1,4.6,0.0047506,0.869397,-0.301753,-0.137575,-0.0042,7.8983,0,0.0880717,5.13751e-06,0.000115553,0.869397,0.0047506,0.0011162469521169619,0.0009704617514296303,-0.005316246952116962,-0.13854546175142962
0.12,4.6,0.0047506,0.86644,-0.271478,-0.144193,-0.00366632,7.75026,0,0.105399,7.33253e-06,0.000137801,0.86644,0.0047506,0.0011124505007922662,0.0009638716119064511,-0.004778770500792266,-0.14515687161190644
0.14,4.59377,0.00474416,0.863889,-0.238537,-0.14635,-0.0043122,7.3813,0,0.122674,9.9045e-06,0.000159973,0.863889,0.00474416,0.0011076716652681773,0.0009569053672368605,-0.005419871665268178,-0.14730690536723687
0.16,4.5,0.00464733,0.864007,-0.208496,-0.143879,-0.0059125,6.9825,0,0.139904,1.28505e-05,0.000181946,0.864007,0.00464733,0.0010852115673231947,0.0009376303906482114,-0.006997711567323195,-0.1448166303906482
0.18,4.39045,0.00453419,0.866032,-0.184257,-0.13698,-0.0072,6.6,0,0.157142,1.61722e-05,0.000203354,0.866032,0.00453419,0.001061272983268004,0.000919096364245556,-0.008261272983268004,-0.13789909636424555
0.2,4.29125,0.00443175,0.852437,-0.165552,-0.125483,-0.00785248,6.38251,0,0.174426,1.98685e-05,0.000224283,0.852437,0.00443175,0.0010210126186263207,0.000870348933583965,-0.00887349261862632,-0.12635334893358396
0.22,4.18885,0.00432599,0.843868,-0.150605,-0.109279,-0.00846691,6.0777,0,0.191442,2.38569e-05,0.000244425,0.843868,0.00432599,0.0009866283964856321,0.0008325841316855374,-0.009453538396485632,-0.11011158413168554
0.24,4.1,0.00423423,0.832982,-0.137307,-0.0891601,-0.009267,5.79163,0,0.208289,2.81394e-05,0.000263898,0.832982,0.00423423,0.0009532432066731856,0.0007940344327810435,-0.010220243206673184,-0.08995413443278105
0.26,4.0865,0.00422029,0.825,-0.124521,-0.0675988,-0.00989203,5.6,0,0.224921,3.26862e-05,0.000282813,0.825,0.00422029,0.0009410008618544847,0.0007763257110299498,-0.010833030861854484,-0.06837512571102995
0.28,3.99113,0.00412179,0.825,-0.11367,-0.0481116,-0.00918225,5.6,0,0.241396,3.74997e-05,0.000301479,0.825,0.00412179,0.0009190379997655663,0.0007582063498065921,-0.010101287999765566,-0.04886980634980659
0.3,3.80341,0.00392793,0.825,-0.108434,-0.0330193,-0.0115115,5.6,0,0.257874,4.26167e-05,0.00031951,0.825,0.00392793,0.0008758124631833409,0.0007225452821262562,-0.01238731246318334,-0.03374184528212626
0.32,3.7,0.00382114,0.830305,-0.111731,-0.0225903,-0.00856325,5.6,0,0.274352,4.8024e-05,0.000336669,0.830305,0.00382114,0.0008574796556048874,0.000711969645447016,-0.009420729655604887,-0.023302269645447016
0.34,3.6,0.00371786,0.82788,-0.123484,-0.0161964,-0.00915975,5.6,0,0.290936,5.37479e-05,0.00035356,0.82788,0.00371786,0.0008318663824722823,0.000688685540721153,-0.009991616382472281,-0.016885085540721153
0.36,3.48651,0.00360066,0.830556,-0.141686,-0.0130436,-0.0064,5.6,0,0.307469,5.97293e-05,0.000369927,0.830556,0.00360066,0.0008082468388756347,0.0006712942615091917,-0.007208246838875635,-0.013714894261509193
0.38,3.4,0.00351131,0.830556,-0.163958,-0.0122198,-0.00584921,5.6,0,0.324051,6.59962e-05,0.000385833,0.830556,0.00351131,0.0007881901114428584,0.0006546360261995347,-0.006637400111442858,-0.012874436026199533
0.4,3.3017,0.00340979,0.830556,-0.186903,-0.0129522,-0.00678983,5.6,0,0.34063,7.25219e-05,0.000401352,0.830556,0.00340979,0.0007654015540180619,0.0006357088530990254,-0.007555231554018062,-0.013587908853099026
0.42,3.28801,0.00339566,0.827623,-0.205631,-0.0148215,-0.00411164,5.6,0,0.357203,7.92997e-05,0.000416497,0.827623,0.00339566,0.0007595381173327554,0.000628611215281287,-0.004871178117332755,-0.015450111215281287
0.44,3.18888,0.00329328,0.824676,-0.216184,-0.0176915,-0.00471107,5.6,0,0.373715,8.6301e-05,0.00043152,0.824676,0.00329328,0.0007340147506687195,0.0006053243485224769,-0.00544508475066872,-0.018296824348522474
0.46,3.09382,0.00319511,0.819528,-0.217796,-0.0218337,-0.0038,5.6,0,0.390165,9.35188e-05,0.00044594,0.819528,0.00319511,0.000707688896399659,0.0005799708658886198,-0.004507688896399659,-0.02241367086588862
0.48,2.87057,0.00296455,0.821813,-0.211851,-0.0285643,-0.00502943,5.6,0,0.406512,0.000100922,0.000459693,0.821813,0.00296455,0.0006584522905206397,0.0005411246522296385,-0.00568788229052064,-0.02910542465222964
0.5,2.6,0.00268512,0.816521,-0.200698,-0.0401118,-0.0041893,5.6,0,0.422906,0.000108563,0.000472264,0.816521,0.00268512,0.0005925478764721941,0.0004838277846449524,-0.004781847876472194,-0.040595627784644955
0.52,2.5,0.00258185,0.810881,-0.187972,-0.0578332,-0.004,5.6,0,0.439196,0.00011635,0.000483665,0.810881,0.00258185,0.0005658229206369726,0.0004588150557090289,-0.004565822920636973,-0.05829201505570903
0.54,2.5,0.00258185,0.808333,-0.177431,-0.0805172,-0.0040508,5.6,0,0.455376,0.000124267,0.000494843,0.808333,0.00258185,0.0005640450128714258,0.0004559361973893982,-0.004614845012871426,-0.0809731361973894
0.56,2.5,0.00258185,0.807946,-0.169987,-0.104539,-0.00496405,5.6,0,0.471507,0.00013234,0.000506099,0.807946,0.00258185,0.0005637749773837459,0.000455499737877288,-0.005527824977383746,-0.10499449973787729
0.58,2.51374,0.00259604,0.802608,-0.163178,-0.125936,-0.00583511,5.6,0,0.487632,0.000140591,0.000517367,0.802608,0.00259604,0.0005631283839131877,0.0004519713459557957,-0.006398238383913188,-0.12638797134595578
0.6,2.6,0.00268512,0.800023,-0.155514,-0.142164,-0.00578538,5.6,0,0.503652,0.00014897,0.000528718,0.800023,0.00268512,0.0005805756771080969,0.000464473894927051,-0.0063659556771080966,-0.14262847389492705
0.62,2.61291,0.00269845,0.794444,-0.150264,-0.15154,-0.00710327,5.6,0,0.519621,0.000157506,0.000540418,0.794444,0.00269845,0.0005793892496940968,0.0004602923130839771,-0.007682659249694097,-0.15200029231308398
0.64,2.7107,0.00279945,0.79434,-0.152989,-0.152816,-0.00893577,5.6,0,0.53548,0.000166169,0.000552106,0.79434,0.00279945,0.0006009965760917476,0.0004773956202527188,-0.00953676657609175,-0.15329339562025274
0.66,2.8,0.00289167,0.792496,-0.167208,-0.146303,-0.00786135,5.6,0,0.551336,0.00017502,0.00056431,0.792496,0.00289167,0.0006193537404680505,0.0004908353619059681,-0.00848070374046805,-0.14679383536190596
0.68,2.81866,0.00291094,0.786111,-0.194119,-0.13401,-0.00943731,5.6,0,0.567153,0.000184043,0.00057679,0.786111,0.00291094,0.0006184579902191523,0.00048617662914916804,-0.010055767990219153,-0.13449617662914914
0.7,2.9,0.00299494,0.786111,-0.234132,-0.118346,-0.0101768,5.6,0,0.582836,0.000193187,0.000589238,0.786111,0.00299494,0.0006363047261448114,0.0005002061445744238,-0.010813104726144811,-0.11884620614457443
0.72,2.9,0.00299494,0.78319,-0.285535,-0.101378,-0.0100884,5.6,0,0.598511,0.000202523,0.000602016,0.78319,0.00299494,0.0006339404399093236,0.0004964958131325832,-0.010722340439909325,-0.10187449581313258
0.74,2.9,0.00299494,0.780233,-0.342083,-0.0850466,-0.007263,5.6,0,0.614118,0.000212017,0.000614648,0.780233,0.00299494,0.0006315470141271191,0.0004927538214734445,-0.00789454701412712,-0.08553935382147344
0.76,2.9,0.00299494,0.774601,-0.394774,-0.0708696,-0.00777589,5.6,0,0.629654,0.000221664,0.000627224,0.774601,0.00299494,0.0006269884140304735,0.0004856658524964188,-0.008402878414030474,-0.07135526585249642
0.78,2.9,0.00299494,0.769291,-0.436519,-0.0592589,-0.00559079,5.6,0,0.645067,0.000231428,0.0006397,0.769291,0.00299494,0.0006226904415073507,0.0004790301524376313,-0.006213480441507351,-0.059737930152437634
0.8,2.9,0.00299494,0.766481,-0.464482,-0.0496898,-0.00408039,5.6,0,0.660366,0.000241309,0.000652083,0.766481,0.00299494,0.00062041599551598,0.0004755370726590839,-0.004700805995515979,-0.050165337072659084
0.82,2.8,0.00289167,0.760623,-0.47934,-0.0412794,-0.00345509,5.6,0,0.675603,0.000251338,0.000664311,0.760623,0.00289167,0.0005944449668212777,0.00045214851399850075,-0.004049534966821278,-0.041731548513998504
0.84,2.8,0.00289167,0.755364,-0.483693,-0.0334421,-0.0024248,5.6,0,0.690719,0.000261469,0.00067602,0.755364,0.00289167,0.0005903350459030511,0.0004459178416135123,-0.003015135045903051,-0.033888017841613514
0.86,2.8,0.00289167,0.749627,-0.481087,-0.0266408,-0.00293221,5.6,0,0.70573,0.000271704,0.000687751,0.749627,0.00289167,0.000585851564182094,0.00043917015050313064,-0.003518061564182094,-0.02707997015050313
0.88,2.8,0.00289167,0.743975,-0.475192,-0.0221586,-0.00377437,5.6,0,0.720626,0.000282036,0.000699393,0.743975,0.00289167,0.0005814345074929652,0.0004325727377120788,-0.004355804507492966,-0.02259117273771208
0.9,2.8,0.00289167,0.736173,-0.468392,-0.0208967,-0.00478417,5.6,0,0.73541,0.000292462,0.000710947,0.736173,0.00289167,0.0005753372143155359,0.000423547723074311,-0.005359507214315536,-0.021320247723074313
0.92,2.8,0.00289167,0.730229,-0.461947,-0.0226048,-0.00570138,5.6,0,0.75004,0.000302946,0.000722381,0.730229,0.00289167,0.0005706919519457395,0.0004167358133773854,-0.006272071951945739,-0.023021535813377385
0.94,2.8,0.00289167,0.724713,-0.457777,-0.0261877,-0.00743973,5.6,0,0.764552,0.000313512,0.000733723,0.724713,0.00289167,0.0005663811708833148,0.00041046379749435974,-0.008006111170883314,-0.02659816379749436
0.96,2.8,0.00289167,0.719207,-0.458138,-0.0306538,-0.00723525,5.6,0,0.778955,0.000324161,0.000744979,0.719207,0.00289167,0.0005620782024013793,0.00040425057771448886,-0.00779732820240138,-0.031058050577714488
0.98,2.8,0.00289167,0.710725,-0.463137,-0.0356765,-0.00791232,5.6,0,0.793248,0.000334888,0.000756149,0.710725,0.00289167,0.0005554494692015358,0.00039477182399826153,-0.008467769469201537,-0.03607127182399826
1.0,2.8,0.00289167,0.705569,-0.469742,-0.0416,-0.00740568,5.6,0,0.80737,0.000345644,0.000767186,0.705569,0.00289167,0.0005514200218768132,0.00038906487341560124,-0.007957100021876815,-0.041989064873415596
1.02,2.8,0.00289167,0.693857,-0.47396,-0.0493379,-0.00906455,5.6,0,0.821387,0.000356475,0.000778141,0.693857,0.00289167,0.000542267010379219,0.0003762557610206937,-0.009606817010379218,-0.049714155761020694
1.04,2.8,0.00289167,0.685513,-0.474079,-0.0593433,-0.0085251,6.02497,0,0.835169,0.000367274,0.000788912,0.685513,0.00289167,0.0005357461083649882,0.0003672609219836082,-0.00906084610836499,-0.05971056092198361
1.06,2.78847,0.00287976,0.677482,-0.471384,-0.0703314,-0.00704613,6.56317,0,0.848785,0.000378088,0.000799542,0.677482,0.00287976,0.0005272890594417152,0.0003572288465686921,-0.007573419059441715,-0.0706886288465687
1.08,2.7,0.0027884,0.671654,-0.468059,-0.0799631,-0.00773168,6.81139,0,0.86224,0.000388916,0.000809921,0.671654,0.0027884,0.0005061688219232775,0.000339970313920057,-0.008237848821923278,-0.08030307031392005
1.1,2.7,0.0027884,0.661152,-0.464869,-0.0868922,-0.00640532,6.99933,0,0.87558,0.000399786,0.000819892,0.661152,0.0027884,0.0004982545195775644,0.00032942197212774586,-0.006903574519577564,-0.08722162197212775
1.12,2.7,0.0027884,0.654993,-0.460623,-0.0918375,-0.00499609,7.01457,0,0.88871,0.000410616,0.000829787,0.654993,0.0027884,0.000493613096344365,0.0003233131228138847,-0.005489703096344365,-0.09216081312281389
1.14,2.7,0.0027884,0.646675,-0.453614,-0.0963303,-0.00446278,7.1,0,0.901717,0.000421474,0.00083959,0.646675,0.0027884,0.0004873446461547944,0.00031515359905215167,-0.004950124646154795,-0.09664545359905215
1.16,2.7,0.0027884,0.638632,-0.443168,-0.100622,-0.00373257,7.1,0,0.91456,0.000432319,0.000849269,0.638632,0.0027884,0.0004812834315369538,0.00030736300044930786,-0.004213853431536954,-0.10092936300044932
1.18,2.7,0.0027884,0.632626,-0.429693,-0.103977,-0.00246855,7.1,0,0.927244,0.000443151,0.000858828,0.632626,0.0027884,0.0004767572996859415,0.00030160906347111844,-0.0029453072996859413,-0.10427860906347111
1.2,2.7,0.0027884,0.624784,-0.413733,-0.106456,-0.00342074,7.2,0,0.939811,0.000454003,0.000868298,0.624784,0.0027884,0.0004708475513864788,0.00029417801654544977,-0.0038915875513864787,-0.10675017801654545
1.22,2.7,0.0027884,0.615978,-0.395254,-0.108568,-0.00359623,7.2,0,0.952224,0.00046484,0.000877653,0.615978,0.0027884,0.00046421132563006525,0.00028594396393895636,-0.004060441325630065,-0.10885394396393895
1.24,2.7,0.0027884,0.608156,-0.374297,-0.109396,-0.00522303,7.2,0,0.964464,0.000475639,0.000886877,0.608156,0.0027884,0.00045831664063436626,0.00027872801490163364,-0.005681346640634366,-0.10967472801490162
1.26,2.7,0.0027884,0.60228,-0.353103,-0.10684,-0.00524163,7.2,0,0.976552,0.000486415,0.000895987,0.60228,0.0027884,0.00045388846500404135,0.00027336794470263405,-0.0056955184650040415,-0.10711336794470264
1.28,2.7,0.0027884,0.593755,-0.336352,-0.100184,-0.00707114,7.2,0,0.988527,0.000497198,0.000905012,0.593755,0.0027884,0.0004474639890459271,0.00026568398081596443,-0.007518603989045927,-0.10044968398081595
1.3,2.7,0.0027884,0.586343,-0.327478,-0.0906954,-0.00683127,7.2,0,1.00034,0.000507937,0.000913911,0.586343,0.0027884,0.0004418782707838869,0.00025909223092623657,-0.007273148270783888,-0.09095449223092623
1.32,2.7,0.0027884,0.577131,-0.325327,-0.0791779,-0.0100596,7.2,0,1.012,0.000518646,0.000922699,0.577131,0.0027884,0.00043493605915203757,0.00025101508275447455,-0.010494536059152038,-0.07942891508275447
1.34,2.7,0.0027884,0.568874,-0.32565,-0.0653543,-0.0100814,7.2,0,1.02347,0.000529286,0.000931349,0.568874,0.0027884,0.0004287135360329262,0.00024388398409719487,-0.010510113536032928,-0.0655981839840972
1.36,2.7,0.0027884,0.560854,-0.325618,-0.050271,-0.0102,7.2,0,1.03479,0.00053987,0.000939874,0.560854,0.0027884,0.00042266961346929297,0.00023705594339270682,-0.010622669613469294,-0.05050805594339271
1.38,2.7,0.0027884,0.554844,-0.325344,-0.0370542,-0.0103659,7.2,0,1.04594,0.000550398,0.000948278,0.554844,0.0027884,0.0004181404370154068,0.00023200271263537636,-0.010784040437015408,-0.03728620271263538
1.4,2.7,0.0027884,0.547,-0.325336,-0.0287609,-0.0101357,7.2,0,1.05697,0.000560905,0.000956592,0.547,0.0027884,0.0004122291425568234,0.00022548934097858241,-0.010547929142556823,-0.02898638934097858
1.42,2.68218,0.00276999,0.538889,-0.325235,-0.0263748,-0.00730694,7.2,0,1.06785,0.000571353,0.000964774,0.538889,0.00276999,0.000403435292200991,0.00021740684117889982,-0.007710375292200991,-0.0265922068411789
1.44,2.6,0.00268512,0.538677,-0.324634,-0.0288053,-0.00717253,7.2,0,1.07856,0.000581731,0.00097272,0.538677,0.00268512,0.000390920490394507,0.00021057987700424184,-0.007563450490394507,-0.02901587987700424
1.46,2.6,0.00268512,0.532748,-0.323008,-0.034244,-0.00466164,7.2,0,1.08927,0.000592188,0.00098043,0.532748,0.00268512,0.00038661784536755223,0.00020596988388387272,-0.0050482578453675524,-0.03444996988388387
1.48,2.6,0.00268512,0.524837,-0.319378,-0.0410372,-0.00367977,7.2,0,1.09986,0.000602612,0.000988115,0.524837,0.00268512,0.00038087687002417536,0.00019989827383287811,-0.004060646870024175,-0.04123709827383288
1.5,2.6,0.00268512,0.522226,-0.312681,-0.0476273,-0.00400048,7.2,0,1.11029,0.000612961,0.000995687,0.522226,0.00268512,0.00037898207889956937,0.0001979142951354065,-0.004379462078899569,-0.04782521429513541
1.52,2.6,0.00268512,0.513483,-0.302944,-0.0529635,-0.00348733,7.2,0,1.12067,0.000623337,0.00100322,0.513483,0.00268512,0.0003726373198687253,0.00019134292891815268,-0.003859967319868725,-0.05315484292891815
1.54,2.6,0.00268512,0.508143,-0.291592,-0.0575958,-0.00275247,7.2,0,1.13088,0.000633617,0.00101063,0.508143,0.00268512,0.0003687621018817472,0.00018738388073649668,-0.0031212321018817472,-0.0577831838807365
1.56,2.5,0.00258185,0.505399,-0.279172,-0.0637595,-0.0024489,7.2,0,1.14099,0.000643865,0.00101789,0.505399,0.00258185,0.00035266468332122364,0.00017823637828586313,-0.0028015646833212237,-0.06393773637828586
1.58,2.5,0.00258185,0.502495,-0.264738,-0.0736656,-0.00200564,7.2,0,1.15104,0.000654132,0.00102484,0.502495,0.00258185,0.0003506383124283006,0.00017619399880365892,-0.0023562783124283005,-0.07384179399880365
1.6,2.5,0.00258185,0.497351,-0.248759,-0.0875815,-0.00417497,7.2,0,1.16103,0.000664413,0.00103181,0.497351,0.00258185,0.0003470488995852434,0.00017260511725762038,-0.004522018899585243,-0.08775410511725763
1.62,2.5,0.00258185,0.488622,-0.233919,-0.103644,-0.00502086,7.2,0,1.17093,0.000674659,0.00103872,0.488622,0.00258185,0.00034095791976483604,0.0001665995406713337,-0.005361817919764836,-0.10381059954067133
1.64,2.5,0.00258185,0.483333,-0.222764,-0.119372,-0.00725562,7.2,0,1.18066,0.000684794,0.00104551,0.483333,0.00258185,0.0003372673242607494,0.0001630124276369208,-0.00759288732426075,-0.11953501242763692
1.66,2.5,0.00258185,0.482928,-0.216279,-0.132894,-0.00745364,7.2,0,1.19028,0.000694886,0.00105222,0.482928,0.00258185,0.00033698472046502474,0.0001627393570847335,-0.007790624720465025,-0.13305673935708476
1.68,2.5,0.00258185,0.477326,-0.213469,-0.142748,-0.00826188,7.2,0,1.19989,0.000705036,0.00105893,0.477326,0.00258185,0.0003330757160395613,0.00015898569923429964,-0.00859495571603956,-0.14290698569923432
1.7,2.5,0.00258185,0.472161,-0.211234,-0.147612,-0.00962647,7.2,0,1.2094,0.000715131,0.00106556,0.472161,0.00258185,0.0003294716433312065,0.0001555636605869058,-0.009955941643331207,-0.1477675636605869
1.72,2.5,0.00258185,0.468758,-0.206047,-0.146589,-0.0106644,7.2,0,1.2188,0.00072518,0.00107212,0.468758,0.00258185,0.0003270970715994632,0.00015332936908882117,-0.010991497071599462,-0.14674232936908882
1.74,2.5,0.00258185,0.461111,-0.195689,-0.139272,-0.00849427,7.2,0,1.22813,0.000735217,0.00107863,0.461111,0.00258185,0.0003217610866545765,0.00014836757642837844,-0.008816031086654576,-0.1394203675764284
1.76,2.5,0.00258185,0.460944,-0.179037,-0.126354,-0.00847864,7.2,0,1.23732,0.000745152,0.00108504,0.460944,0.00258185,0.00032164455602587985,0.00014826012823279317,-0.00880028455602588,-0.1265022601282328
1.78,2.5,0.00258185,0.458096,-0.156305,-0.110275,-0.00827448,7.2,0,1.2465,0.000755145,0.00109145,0.458096,0.00258185,0.00031965725504630064,0.00014643370990769013,-0.008594137255046302,-0.11042143370990769
1.8,2.5,0.00258185,0.452778,-0.129882,-0.0940604,-0.00599197,7.2,0,1.25563,0.00076514,0.00109782,0.452778,0.00258185,0.0003159464160562337,0.00014305358636910938,-0.006307916416056234,-0.09420345358636911
1.82,2.5,0.00258185,0.45258,-0.10347,-0.0801219,-0.00506066,7.2,0,1.26466,0.000775081,0.00110412,0.45258,0.00258185,0.0003158082539177747,0.00014292849955810648,-0.0053764682539177745,-0.0802648284995581
1.84,2.5,0.00258185,0.449811,-0.0806216,-0.069898,-0.00254154,7.2,0,1.27369,0.000785081,0.00111042,0.449811,0.00258185,0.00031387607715909513,0.00014118491214300973,-0.0028554160771590955,-0.07003918491214302
1.86,2.5,0.00258185,0.447067,-0.0636728,-0.0631581,-0.0028,7.2,0,1.28267,0.000795081,0.00111669,0.447067,0.00258185,0.00031196134477552267,0.0001394676225247586,-0.0031119613447755227,-0.06329756762252475
1.88,2.5,0.00258185,0.444296,-0.0526766,-0.0586695,-0.00309681,7.2,0,1.2916,0.000805079,0.00112292,0.444296,0.00258185,0.0003100277717527838,0.00013774409887867483,-0.003406837771752784,-0.05880724409887868
1.9,2.5,0.00258185,0.441687,-0.0454661,-0.0560978,-0.00360261,7.2,0,1.30047,0.000815073,0.00112911,0.441687,0.00258185,0.00030820724021814823,0.00013613113131023322,-0.003910817240218148,-0.056233931131310234
1.92,2.5,0.00258185,0.441487,-0.0390687,-0.0558878,-0.00335088,7.2,0,1.3093,0.000825064,0.00113527,0.441487,0.00258185,0.00030806768240311153,0.0001360078769011025,-0.0036589476824031115,-0.0560238078769011
1.94,2.5,0.00258185,0.438793,-0.0312265,-0.0581268,-0.00482474,7.2,0,1.31812,0.000835106,0.00114143,0.438793,0.00258185,0.0003061878384623913,0.00013435308020242807,-0.005130927838462391,-0.058261153080202424
1.96,2.5,0.00258185,0.436111,-0.0212976,-0.062659,-0.0064,7.2,0,1.32689,0.000845143,0.00114755,0.436111,0.00258185,0.0003043163676742694,0.00013271571542279332,-0.00670431636767427,-0.0627917157154228
1.98,2.5,0.00258185,0.435971,-0.0101269,-0.0692098,-0.0084225,7.2,0,1.33561,0.000855174,0.00115363,0.435971,0.00258185,0.0003042186771695935,0.00013263052090430483,-0.008726718677169593,-0.0693424305209043
2.0,2.5,0.00258185,0.433375,0.000566532,-0.077057,-0.00937833,7.2,0,1.34433,0.000865257,0.00115971,0.433375,0.00258185,0.0003024072159422792,0.00013105572720898523,-0.00968073721594228,-0.07718805572720898
2.02,2.5,0.00258185,0.430556,0.00825917,-0.0846879,-0.0097196,7.2,0,1.35299,0.000875335,0.00116576,0.430556,0.00258185,0.0003004401473520164,0.00012935630808329478,-0.010020040147352017,-0.08481725630808329
2.04,2.5,0.00258185,0.430556,0.00989408,-0.0897262,-0.0113321,7.2,0,1.36161,0.000885402,0.00117177,0.430556,0.00258185,0.0003004401473520164,0.00012935630808329478,-0.011632540147352016,-0.0898555563080833
2.06,2.5,0.00258185,0.430335,0.00348743,-0.090147,-0.0103687,7.2,0,1.37022,0.00089552,0.00117778,0.430335,0.00258185,0.00030028593585879315,0.00012922354820779376,-0.010668985935858792,-0.0902762235482078
2.08,2.5,0.00258185,0.427778,-0.0098432,-0.085853,-0.00946563,7.2,0,1.37883,0.000905683,0.00118379,0.427778,0.00258185,0.00029850168779559447,0.0001276924550018238,-0.009764131687795594,-0.08598069245500183
2.1,2.5,0.00258185,0.427778,-0.0258549,-0.0788791,-0.00841372,7.2,0,1.38738,0.000915835,0.00118976,0.427778,0.00258185,0.00029850168779559447,0.0001276924550018238,-0.008712221687795594,-0.07900679245500182
2.12,2.5,0.00258185,0.427778,-0.0398153,-0.0719458,-0.00766963,7.2,0,1.39593,0.000926033,0.00119572,0.427778,0.00258185,0.00029850168779559447,0.0001276924550018238,-0.007968131687795595,-0.07207349245500183
2.14,2.5,0.00258185,0.427704,-0.0489046,-0.0664732,-0.00504827,7.2,0,1.40448,0.000936279,0.00120169,0.427704,0.00258185,0.0002984500513593918,0.0001276482807666173,-0.005346720051359392,-0.06660084828076661
2.16,2.5,0.00258185,0.425,-0.0525726,-0.0623128,-0.00480376,7.2,0,1.41302,0.000946572,0.00120765,0.425,0.00258185,0.00029656322790827907,0.0001260393718610186,-0.0051003232279082785,-0.06243883937186102
2.18,2.5,0.00258185,0.425,-0.0524254,-0.0591215,-0.00351565,7.2,0,1.42151,0.00095685,0.00121357,0.425,0.00258185,0.00029656322790827907,0.0001260393718610186,-0.003812213227908279,-0.059247539371861016
2.2,2.5,0.00258185,0.425,-0.0516741,-0.057403,-0.00380043,7.2,0,1.43,0.000967177,0.0012195,0.425,0.00258185,0.00029656322790827907,0.0001260393718610186,-0.004096993227908279,-0.05752903937186102
2.22,2.5,0.00258185,0.422427,-0.0529091,-0.058539,-0.00291376,7.2,0,1.43849,0.000977556,0.00122542,0.422427,0.00258185,0.0002947678146235982,0.00012451788362800273,-0.0032085278146235983,-0.058663517883628
2.24,2.5,0.00258185,0.425,-0.056216,-0.0638113,-0.00412044,7.2,0,1.44693,0.000987921,0.00123131,0.425,0.00258185,0.00029656322790827907,0.0001260393718610186,-0.004417003227908279,-0.06393733937186102
2.26,2.5,0.00258185,0.424753,-0.0598904,-0.073024,-0.005018,7.2,0,1.45542,0.000998398,0.00123723,0.424753,0.00258185,0.00029639087382747837,0.0001258929128308429,-0.005314390873827478,-0.07314989291283085
2.28,2.48271,0.00256399,0.419444,-0.062349,-0.084044,-0.00533834,7.2,0,1.4639,0.00100892,0.00124314,0.419444,0.00256399,0.0002906616347497095,0.00012191627872595715,-0.005629001634749709,-0.08416591627872595
2.3,2.4,0.00247857,0.419444,-0.0626904,-0.0935749,-0.00715341,7.2,0,1.47228,0.00101936,0.00124889,0.419444,0.00247857,0.00028097812573517176,0.00011785458897086339,-0.0074343881257351715,-0.09369275458897086
2.32,2.4,0.00247857,0.419341,-0.0599092,-0.0980431,-0.00809649,7.17588,0,1.48065,0.00102984,0.00125445,0.419341,0.00247857,0.0002809091284357694,0.00011779671482738397,-0.00837739912843577,-0.09816089671482738
2.34,2.4,0.00247857,0.416587,-0.0533126,-0.0949336,-0.0105688,6.7948,0,1.48903,0.00104037,0.00126006,0.416587,0.00247857,0.0002790642878642152,0.00011625455448848981,-0.010847864287864216,-0.0950498545544885
2.36,2.4,0.00247857,0.413889,-0.0441798,-0.0849647,-0.010477,6.64618,0,1.49735,0.00105088,0.00126564,0.413889,0.00247857,0.00027725696009587496,0.00011475360595712159,-0.010754256960095875,-0.08507945360595713
2.38,2.4,0.00247857,0.413889,-0.0352604,-0.0721517,-0.009,6.58153,0,1.50562,0.00106137,0.00127118,0.413889,0.00247857,0.00027725696009587496,0.00011475360595712159,-0.009277256960095874,-0.07226645360595713
2.4,2.4,0.00247857,0.413809,-0.0284249,-0.0609779,-0.00846945,6.4,0,1.51389,0.0010719,0.00127672,0.413809,0.00247857,0.00027720336994263844,0.00011470924931259326,-0.008746653369942639,-0.0610926092493126
2.42,2.4,0.00247857,0.410844,-0.0242478,-0.054102,-0.00816386,6.38032,0,1.52216,0.00108248,0.00128226,0.410844,0.00247857,0.0002752171847089827,0.0001130713290345773,-0.008439077184708982,-0.054215071329034574
2.44,2.4,0.00247857,0.408333,-0.0230918,-0.052234,-0.00745213,6.3,0,1.53037,0.00109304,0.00128776,0.408333,0.00247857,0.0002735351233505132,0.00011169341752308512,-0.0077256651233505134,-0.05234569341752309
2.46,2.4,0.00247857,0.408102,-0.0249883,-0.0549508,-0.0063353,6.3,0,1.53853,0.00110357,0.00129322,0.408102,0.00247857,0.00027338038173159245,0.00011156708054542635,-0.006608680381731593,-0.055062367080545425
2.48,2.4,0.00247857,0.405556,-0.0291348,-0.061519,-0.00485648,6.2,0,1.54669,0.00111414,0.00129869,0.405556,0.00247857,0.00027167487439921657,0.00011017937536184868,-0.0051281548743992164,-0.061629179375361845
2.5,2.4,0.00247857,0.405538,-0.0343975,-0.0716207,-0.005,6.2,0,1.5548,0.00112469,0.00130412,0.405538,0.00247857,0.00027166281660884726,0.00011016959532191871,-0.005271662816608847,-0.07173086959532192
2.52,2.4,0.00247857,0.402778,-0.039421,-0.0849357,-0.004,6.2,0,1.5629,0.00113528,0.00130955,0.402778,0.00247857,0.0002698139552696306,0.00010867512527559128,-0.004269813955269631,-0.0850443751252756
2.54,2.4,0.00247857,0.402591,-0.0423467,-0.0995199,-0.00426995,6.2,0,1.57095,0.00114584,0.00131494,0.402591,0.00247857,0.0002696886882044238,0.00010857423867290718,-0.0045396386882044235,-0.0996284742386729
2.56,2.4,0.00247857,0.4,-0.0423948,-0.111721,-0.00490921,6.2,0,1.57899,0.00115644,0.00132033,0.4,0.00247857,0.00026795303584095165,0.00010718121433638066,-0.005177163035840951,-0.11182818121433638
2.58,2.4,0.00247857,0.4,-0.0410732,-0.118116,-0.00441902,6.2,0,1.58698,0.00116701,0.00132568,0.4,0.00247857,0.00026795303584095165,0.00010718121433638066,-0.004686973035840951,-0.11822318121433638
2.6,2.4,0.00247857,0.399926,-0.0400917,-0.117038,-0.00463643,6.2,0,1.59497,0.00117763,0.00133103,0.399926,0.00247857,0.0002679034649089752,0.00010714156110718682,-0.004904333464908975,-0.1171451415611072
2.62,2.4,0.00247857,0.394444,-0.0396896,-0.109456,-0.00653793,6.2,0,1.60297,0.00118828,0.00133639,0.394444,0.00247857,0.00026423119609456623,0.00010422440991232508,-0.006802161196094566,-0.10956022440991232
2.64,2.4,0.00247857,0.394444,-0.0395094,-0.0988222,-0.00781417,6.2,0,1.61085,0.00119884,0.00134167,0.394444,0.00247857,0.00026423119609456623,0.00010422440991232508,-0.008078401196094567,-0.09892642440991233
2.66,2.4,0.00247857,0.394273,-0.0393576,-0.0884927,-0.00806998,6.2,0,1.61873,0.00120943,0.00134694,0.394273,0.00247857,0.0002641166470124283,0.00010413406276753114,-0.008334096647012427,-0.08859683406276753
2.68,2.4,0.00247857,0.391667,-0.0395918,-0.0796275,-0.00902334,6.2,0,1.6266,0.00122006,0.00135222,0.391667,0.00247857,0.0002623709456587605,0.00010276204117332975,-0.00928571094565876,-0.07973026204117334
2.7,2.4,0.00247857,0.391667,-0.0410573,-0.0726359,-0.00842937,6.2,0,1.63443,0.00123067,0.00135746,0.391667,0.00247857,0.0002623709456587605,0.00010276204117332975,-0.008691740945658761,-0.07273866204117334
2.72,2.4,0.00247857,0.388889,-0.0434849,-0.0686633,-0.0084,6.2,0,1.64226,0.00124131,0.00136271,0.388889,0.00247857,0.0002605100250544424,0.00010130948313339705,-0.008660510025054443,-0.0687646094831334
2.74,2.4,0.00247857,0.38878,-0.0450075,-0.0684741,-0.00835714,6.2,0,1.65002,0.00125192,0.00136791,0.38878,0.00247857,0.00026043700836536247,0.00010125270011228562,-0.008617577008365363,-0.06857535270011228
2.76,2.3,0.0023753,0.385913,-0.0442333,-0.0716246,-0.00797213,6.2,0,1.65779,0.00126256,0.00137306,0.385913,0.0023753,0.00024774529853911157,9.560813139512416e-05,-0.008219875298539112,-0.07172020813139512
2.78,2.3,0.0023753,0.383333,-0.0412414,-0.076928,-0.00763686,6.1,0,1.6655,0.00127316,0.00137795,0.383333,0.0023753,0.00024608902275166265,9.43340433584631e-05,-0.007882949022751662,-0.07702233404335845
2.8,2.3,0.0023753,0.383301,-0.0366096,-0.0827934,-0.00715773,6.09884,0,1.67316,0.00128374,0.00138287,0.383301,0.0023753,0.0002460684797946789,9.431829437378022e-05,-0.007403798479794679,-0.08288771829437379
2.82,2.3,0.0023753,0.380556,-0.0311235,-0.087895,-0.00606521,5.9837,0,1.68082,0.00129435,0.00138779,0.380556,0.0023753,0.0002443062791315137,9.297222036117233e-05,-0.006309516279131513,-0.08798797222036117
2.84,2.3,0.0023753,0.380556,-0.0257206,-0.0919886,-0.00577403,5.77403,0,1.68842,0.00130492,0.00139267,0.380556,0.0023753,0.0002443062791315137,9.297222036117233e-05,-0.006018336279131514,-0.09208157222036117
2.86,2.3,0.0023753,0.380281,-0.020881,-0.0954283,-0.0052,5.49206,0,1.69603,0.00131553,0.00139755,0.380281,0.0023753,0.00024412973806686624,9.283790092180595e-05,-0.005444129738066866,-0.0955211379009218
2.88,2.3,0.0023753,0.375,-0.0171485,-0.0986083,-0.00417925,5.38963,0,1.70363,0.00132617,0.00140243,0.375,0.0023753,0.00024073950714592973,9.027731517972365e-05,-0.0044199895071459295,-0.09869857731517973
2.9,2.3,0.0023753,0.375,-0.0157937,-0.102451,-0.004,5.3,0,1.71113,0.0013367,0.00140725,0.375,0.0023753,0.00024073950714592973,9.027731517972365e-05,-0.00424073950714593,-0.10254127731517973
2.92,2.3,0.0023753,0.374676,-0.0173756,-0.107597,-0.00485063,5.2,0,1.71862,0.00134727,0.00141206,0.374676,0.0023753,0.00024053150961043793,9.012138389480044e-05,-0.0050911615096104375,-0.1076871213838948
2.94,2.3,0.0023753,0.369444,-0.0205024,-0.11292,-0.00628483,5.2,0,1.72611,0.00135786,0.00141687,0.369444,0.0023753,0.00023717273409289057,8.762204357421387e-05,-0.0065220027340928905,-0.11300762204357422
2.96,2.3,0.0023753,0.369444,-0.0232671,-0.116364,-0.00643943,5.14545,0,1.7335,0.00136835,0.00142161,0.369444,0.0023753,0.00023717273409289057,8.762204357421387e-05,-0.006676602734092891,-0.1164516220435742
2.98,2.3,0.0023753,0.36926,-0.0247425,-0.116517,-0.00705398,5.1,0,1.74088,0.00137886,0.00142635,0.36926,0.0023753,0.0002370546120010621,8.753478602751218e-05,-0.007291034612001062,-0.1166045347860275
3.0,2.3,0.0023753,0.366667,-0.0246252,-0.112902,-0.0078,5.1,0,1.74826,0.0013894,0.00143109,0.366667,0.0023753,0.00023538998913899905,8.630974114762937e-05,-0.008035389989138999,-0.11298830974114764
3.02,2.3,0.0023753,0.36646,-0.0230952,-0.105956,-0.00882659,5.1,0,1.75559,0.00139991,0.00143579,0.36646,0.0023753,0.00023525710176610664,8.621231751320744e-05,-0.009061847101766107,-0.10604221231751321
3.04,2.3,0.0023753,0.363889,-0.0211764,-0.0971632,-0.0086,5.1,0,1.76292,0.00141044,0.00144049,0.363889,0.0023753,0.00023360660195628644,8.500687277927112e-05,-0.008833606601956286,-0.09724820687277928
3.06,2.3,0.0023753,0.363889,-0.020068,-0.0885458,-0.009,5.1,0,1.77019,0.00142094,0.00144516,0.363889,0.0023753,0.00023360660195628644,8.500687277927112e-05,-0.009233606601956285,-0.08863080687277927
3.08,2.3,0.0023753,0.363719,-0.0201943,-0.0817551,-0.00774843,5.1,0,1.77746,0.00143147,0.00144983,0.363719,0.0023753,0.0002334974673830412,8.492746533909237e-05,-0.007981927467383042,-0.0818400274653391
3.1,2.3,0.0023753,0.36112,-0.0209764,-0.0775341,-0.00739287,5.1,0,1.78473,0.00144202,0.0014545,0.36112,0.0023753,0.00023182899222812684,8.371808567342116e-05,-0.007624698992228127,-0.07761781808567342
3.12,2.3,0.0023753,0.360934,-0.0212234,-0.0753162,-0.00685488,5.1,0,1.79195,0.00145254,0.00145913,0.360934,0.0023753,0.00023170958614837303,8.363186776687687e-05,-0.007086589586148373,-0.07539983186776687
3.14,2.3,0.0023753,0.35816,-0.0201821,-0.0737087,-0.00710393,5.1,0,1.79917,0.00146308,0.00146376,0.35816,0.0023753,0.0002299287663064804,8.235128694032901e-05,-0.00733385876630648,-0.07379105128694033
3.16,2.3,0.0023753,0.355556,-0.0182831,-0.0725235,-0.00598589,5.1,0,1.80632,0.00147358,0.00146836,0.355556,0.0023753,0.00022825708083066597,8.115817463182827e-05,-0.006214147080830666,-0.07260465817463184
3.18,2.3,0.0023753,0.355556,-0.0165638,-0.0733535,-0.0052,5.1,0,1.81343,0.00148403,0.00147292,0.355556,0.0023753,0.00022825708083066597,8.115817463182827e-05,-0.005428257080830666,-0.07343465817463184
3.2,2.3,0.0023753,0.355472,-0.0158281,-0.0773985,-0.0037296,5.1,0,1.82054,0.00149452,0.00147749,0.355472,0.0023753,0.00022820315548902623,8.111983208799514e-05,-0.003957803155489026,-0.077479619832088
3.22,2.3,0.0023753,0.352778,-0.016517,-0.0842083,-0.00517959,5.1,0,1.82765,0.00150503,0.00148205,0.352778,0.0023753,0.0002264736926240777,7.989493633653687e-05,-0.005406063692624078,-0.08428819493633653
3.24,2.3,0.0023753,0.352778,-0.0188003,-0.0925672,-0.00592045,5.1,0,1.8347,0.0015155,0.00148658,0.352778,0.0023753,0.0002264736926240777,7.989493633653687e-05,-0.006146923692624077,-0.09264709493633654
3.26,2.3,0.0023753,0.352576,-0.0224393,-0.101027,-0.00648498,5.0,0,1.84175,0.001526,0.0014911,0.352576,0.0023753,0.00022634401499808888,7.980346743196619e-05,-0.006711324014998089,-0.10110680346743198
3.28,2.3,0.0023753,0.349868,-0.0264239,-0.107717,-0.0060214,5.0,0,1.8488,0.00153652,0.00149563,0.349868,0.0023753,0.00022460556431990516,7.858229957747658e-05,-0.006246005564319905,-0.10779558229957747
3.3,2.3,0.0023753,0.347269,-0.0288542,-0.110827,-0.00717002,5.0,0,1.85579,0.001547,0.00150012,0.347269,0.0023753,0.0002229370879849037,7.741913960742952e-05,-0.0073929570879849036,-0.11090441913960743
3.32,2.3,0.0023753,0.347116,-0.0279505,-0.109633,-0.00648681,4.99132,0,1.86273,0.00155742,0.00150457,0.347116,0.0023753,0.00022283886678566627,7.735093608317333e-05,-0.006709648866785666,-0.10971035093608317
3.34,2.3,0.0023753,0.344497,-0.0236245,-0.105159,-0.00778635,4.9,0,1.86967,0.00156787,0.00150902,0.344497,0.0023753,0.00022115755084751098,7.6188112794315e-05,-0.00800750755084751,-0.10523518811279432
3.36,2.3,0.0023753,0.344271,-0.0175965,-0.100134,-0.00730868,4.9,0,1.87655,0.00157828,0.00151344,0.344271,0.0023753,0.00022101246591859456,7.608818265426047e-05,-0.007529692465918595,-0.10021008818265426
3.38,2.3,0.0023753,0.341667,-0.0121042,-0.0975815,-0.00684381,4.8,0,1.88343,0.00158871,0.00151786,0.341667,0.0023753,0.00021934077927579005,7.494150603282136e-05,-0.0070631507792757895,-0.09765644150603282
3.4,2.3,0.0023753,0.341667,-0.00882793,-0.0983985,-0.00777388,4.70435,0,1.89026,0.00159909,0.00152225,0.341667,0.0023753,0.00021934077927579005,7.494150603282136e-05,-0.00799322077927579,-0.09847344150603282
3.42,2.3,0.0023753,0.338655,-0.00815058,-0.100991,-0.0072,4.7,0,1.8971,0.00160951,0.00152663,0.338655,0.0023753,0.00021740716911383104,7.362602485624445e-05,-0.007417407169113831,-0.10106462602485625
3.44,2.3,0.0023753,0.336111,-0.00897912,-0.103455,-0.0077766,4.7,0,1.90387,0.00161986,0.00153098,0.336111,0.0023753,0.00021577400015065803,7.252401496463782e-05,-0.007992374000150657,-0.10352752401496464
3.46,2.3,0.0023753,0.336111,-0.00977056,-0.10472,-0.0064,4.7,0,1.91059,0.00163016,0.00153529,0.336111,0.0023753,0.00021577400015065803,7.252401496463782e-05,-0.006615774000150659,-0.10479252401496462
3.48,2.3,0.0023753,0.335913,-0.00967048,-0.10391,-0.00554253,4.7,0,1.91731,0.0016405,0.00153961,0.335913,0.0023753,0.00021564689029367608,7.243859385921961e-05,-0.005758176890293677,-0.10398243859385922
3.5,2.3,0.0023753,0.333333,-0.00882046,-0.0999642,-0.00506974,4.7,0,1.92402,0.00165085,0.00154392,0.333333,0.0023753,0.00021399061022831938,7.133013207923638e-05,-0.005283730610228319,-0.10003553013207923
3.52,2.3,0.0023753,0.333333,-0.00799125,-0.0923264,-0.0054855,4.7,0,1.93069,0.00166115,0.0015482,0.333333,0.0023753,0.00021399061022831938,7.133013207923638e-05,-0.005699490610228319,-0.09239773013207923
3.54,2.3,0.0023753,0.333007,-0.00758326,-0.0822613,-0.00495302,4.7,0,1.93735,0.00167149,0.00155248,0.333007,0.0023753,0.00021378132831399564,7.119067879785874e-05,-0.005166801328313995,-0.08233249067879786
3.56,2.3,0.0023753,0.329624,-0.00703298,-0.0727945,-0.00633045,4.7,0,1.94401,0.00168184,0.00155675,0.329624,0.0023753,0.00021160954678402572,6.975158524913769e-05,-0.006542059546784025,-0.07286425158524913
3.58,2.3,0.0023753,0.327778,-0.00564726,-0.0665854,-0.00612617,4.7,0,1.9506,0.00169211,0.00156098,0.327778,0.0023753,0.00021042447164320799,6.897251246626744e-05,-0.006336594471643208,-0.06665437251246627
3.6,2.3,0.0023753,0.327778,-0.00341302,-0.0646255,-0.00734707,4.7,0,1.95716,0.00170236,0.00156519,0.327778,0.0023753,0.00021042447164320799,6.897251246626744e-05,-0.007557494471643208,-0.06469447251246627
3.62,2.3,0.0023753,0.32754,-0.000440092,-0.0666435,-0.00687047,4.7,0,1.96371,0.00171263,0.0015694,0.32754,0.0023753,0.00021027168296640703,6.887238703881696e-05,-0.007080741682966407,-0.06671237238703881
3.64,2.3,0.0023753,0.324923,0.00338347,-0.0713167,-0.00643537,4.7,0,1.97026,0.00172293,0.0015736,0.324923,0.0023753,0.00020859164937826624,6.777622449093441e-05,-0.006643961649378267,-0.07138447622449093
3.66,2.3,0.0023753,0.322273,0.00746725,-0.0770718,-0.00777231,4.7,0,1.97676,0.00173317,0.00157778,0.322273,0.0023753,0.00020689043059501428,6.667519973914704e-05,-0.007979200430595015,-0.07713847519973914
3.68,2.3,0.0023753,0.322222,0.0102962,-0.0840494,-0.00718905,4.7,0,1.98321,0.00174335,0.00158192,0.322222,0.0023753,0.00020685769015600127,6.665409863744704e-05,-0.007395907690156001,-0.08411605409863744
3.7,2.3,0.0023753,0.322222,0.0107474,-0.0937141,-0.00740567,4.7,0,1.98966,0.00175356,0.00158605,0.322222,0.0023753,0.00020685769015600127,6.665409863744704e-05,-0.007612527690156001,-0.09378075409863744
3.72,2.3,0.0023753,0.319444,0.00919053,-0.10554,-0.00648421,4.7,0,1.9961,0.0017638,0.00159019,0.319444,0.0023753,0.00020507429906745095,6.55097543913028e-05,-0.006689284299067451,-0.1056055097543913
3.74,2.3,0.0023753,0.319444,0.00731016,-0.116189,-0.0076203,4.7,0,2.00249,0.00177398,0.0015943,0.319444,0.0023753,0.00020507429906745095,6.55097543913028e-05,-0.007825374299067451,-0.1162545097543913
3.76,2.3,0.0023753,0.319273,0.00666896,-0.122727,-0.00617312,4.7,0,2.00888,0.00178418,0.0015984,0.319273,0.0023753,0.00020496452228673412,6.543963792405246e-05,-0.006378084522286734,-0.12279243963792405
3.78,2.3,0.0023753,0.316667,0.00709435,-0.124771,-0.00526998,4.7,0,2.01527,0.0017944,0.0016025,0.316667,0.0023753,0.00020329154972112865,6.437572517554064e-05,-0.005473271549721128,-0.12483537572517554
3.8,2.3,0.0023753,0.316483,0.00693006,-0.123334,-0.00686019,4.7,0,2.02161,0.00180457,0.00160656,0.316483,0.0023753,0.00020317342732218237,6.430093579920625e-05,-0.007063363427322182,-0.1233983009357992
3.82,2.3,0.0023753,0.313889,0.00498685,-0.119262,-0.00485467,4.7,0,2.02794,0.00181475,0.00161063,0.313889,0.0023753,0.0002015081581799784,6.325119426295523e-05,-0.005056178158179978,-0.11932525119426296
3.84,2.3,0.0023753,0.313889,0.00172529,-0.113043,-0.00614836,4.68856,0,2.03421,0.00182487,0.00161466,0.313889,0.0023753,0.0002015081581799784,6.325119426295523e-05,-0.0063498681581799785,-0.11310625119426296
3.86,2.3,0.0023753,0.313783,-0.00129918,-0.105344,-0.00487919,4.6,0,2.04049,0.00183502,0.00161869,0.313783,0.0023753,0.00020144010939823344,6.320848184730588e-05,-0.005080630109398234,-0.1054072084818473
3.88,2.3,0.0023753,0.311111,-0.00243295,-0.0972452,-0.0052,4.6,0,2.04677,0.00184519,0.00162272,0.311111,0.0023753,0.0001997247664154525,6.213657180427785e-05,-0.005399724766415453,-0.09730733657180428
3.9,2.3,0.0023753,0.311111,-0.000595063,-0.0896788,-0.0056206,4.6,0,2.05299,0.0018553,0.00162671,0.311111,0.0023753,0.0001997247664154525,6.213657180427785e-05,-0.005820324766415453,-0.08974093657180428
3.92,2.3,0.0023753,0.311111,0.00391024,-0.0827387,-0.00706613,4.6,0,2.05921,0.00186544,0.00163071,0.311111,0.0023753,0.0001997247664154525,6.213657180427785e-05,-0.007265854766415453,-0.08280083657180427
3.94,2.3,0.0023753,0.310909,0.00923424,-0.0758844,-0.0073494,4.6,0,2.06544,0.0018756,0.0016347,0.310909,0.0023753,0.0001995950885319076,6.205590938036685e-05,-0.007548995088531908,-0.07594645590938037
3.96,2.3,0.0023753,0.308333,0.013659,-0.0688342,-0.00771611,4.6,0,2.07166,0.00188578,0.0016387,0.308333,0.0023753,0.00019794137442952776,6.1031857801979587e-05,-0.007914051374429527,-0.06889523185780198
3.98,2.3,0.0023753,0.308333,0.0169263,-0.0620358,-0.0071749,4.6,0,2.07782,0.0018959,0.00164266,0.308333,0.0023753,0.00019794137442952776,6.1031857801979587e-05,-0.007372841374429527,-0.06209683185780198
4.0,2.3,0.0023753,0.308333,0.0192305,-0.056505,-0.00719315,4.6,0,2.08399,0.00190605,0.00164662,0.308333,0.0023753,0.00019794137442952776,6.1031857801979587e-05,-0.007391091374429527,-0.05656603185780198
4.02,2.3,0.0023753,0.308083,0.0205928,-0.0537134,-0.00761521,4.6,0,2.09017,0.00191622,0.00165058,0.308083,0.0023753,0.00019778088197939853,6.0932927462859034e-05,-0.007812990881979398,-0.05377433292746286
4.04,2.3,0.0023753,0.305556,0.0214737,-0.0549714,-0.00587812,4.6,0,2.09633,0.00192641,0.00165454,0.305556,0.0023753,0.0001961586241940567,5.993744457423919e-05,-0.0060742786241940565,-0.05503133744457424
4.06,2.3,0.0023753,0.305556,0.0218912,-0.0603355,-0.0068,4.6,0,2.10245,0.00193654,0.00165846,0.305556,0.0023753,0.0001961586241940567,5.993744457423919e-05,-0.006996158624194056,-0.06039543744457424
4.08,2.3,0.0023753,0.305556,0.0206156,-0.0687307,-0.0064,4.6,0,2.10856,0.00194669,0.00166239,0.305556,0.0023753,0.0001961586241940567,5.993744457423919e-05,-0.006596158624194057,-0.06879063744457424
4.1,2.3,0.0023753,0.305508,0.0170097,-0.0786959,-0.00406309,4.59828,0,2.11468,0.00195687,0.00166631,0.305508,0.0023753,0.00019612780963999712,5.9918614867496244e-05,-0.0042592178096399974,-0.0787558186148675
4.12,2.3,0.0023753,0.302778,0.0124869,-0.0884686,-0.00633202,4.5,0,2.12079,0.00196707,0.00167024,0.302778,0.0023753,0.00019437523177134303,5.8852543925263694e-05,-0.0065263952317713425,-0.08852745254392526
4.14,2.29255,0.00236761,0.302778,0.00917357,-0.0963647,-0.0042447,4.39255,0,2.12685,0.0019772,0.00167413,0.302778,0.00236761,0.00019374594236480546,5.866200893733107e-05,-0.004438445942364805,-0.09642336200893734
4.16,2.2,0.00227203,0.302587,0.00841485,-0.101815,-0.00567786,4.04363,0,2.13291,0.00198735,0.00167796,0.302587,0.00227203,0.0001858071399027753,5.622282504176107e-05,-0.0058636671399027755,-0.10187122282504177
4.18,2.2,0.00227203,0.3,0.0106257,-0.105641,-0.00516093,3.77318,0,2.13896,0.00199752,0.00168164,0.3,0.00227203,0.00018421856871295327,5.5265570613885976e-05,-0.0053451485687129536,-0.10569626557061389
4.2,2.2,0.00227203,0.3,0.0149465,-0.108741,-0.0069884,3.50145,0,2.14496,0.00200763,0.00168532,0.3,0.00227203,0.00018421856871295327,5.5265570613885976e-05,-0.007172618568712953,-0.10879626557061389
4.22,2.2,0.00227203,0.3,0.0192967,-0.110816,-0.00659793,2.89354,0,2.15096,0.00201775,0.00168901,0.3,0.00227203,0.00018421856871295327,5.5265570613885976e-05,-0.0067821485687129535,-0.11087126557061389
4.24,2.2,0.00227203,0.299847,0.0219819,-0.110886,-0.00726312,2.78948,0,2.15697,0.00202791,0.0016927,0.299847,0.00227203,0.0001841246176474602,5.520921422773799e-05,-0.00744724461764746,-0.11094120921422773
4.26,2.2,0.00227203,0.297108,0.0228144,-0.108708,-0.00793323,2.7,0,2.16297,0.00203808,0.00169638,0.297108,0.00227203,0.00018244270925291066,5.420518846071378e-05,-0.00811567270925291,-0.1087622051884607
4.28,2.2,0.00227203,0.294444,0.0224208,-0.10525,-0.00760667,2.7,0,2.16892,0.00204817,0.00170003,0.294444,0.00227203,0.00018080685511647312,5.323749364791481e-05,-0.007787476855116473,-0.10530323749364791
4.3,2.2,0.00227203,0.294444,0.0212779,-0.101563,-0.00780221,2.7,0,2.17481,0.0020582,0.00170365,0.294444,0.00227203,0.00018080685511647312,5.323749364791481e-05,-0.007983016855116473,-0.10161623749364791
4.32,2.2,0.00227203,0.294444,0.0195013,-0.0974424,-0.0074,2.7,0,2.1807,0.00206825,0.00170727,0.294444,0.00227203,0.00018080685511647312,5.323749364791481e-05,-0.007580806855116473,-0.09749563749364791
4.34,2.2,0.00227203,0.294444,0.0170091,-0.0922537,-0.00638538,2.7,0,2.1866,0.00207833,0.00171089,0.294444,0.00227203,0.00018080685511647312,5.323749364791481e-05,-0.006566186855116473,-0.0923069374936479
4.36,2.2,0.00227203,0.294444,0.0135746,-0.0869725,-0.00605276,2.7,0,2.19249,0.00208842,0.00171451,0.294444,0.00227203,0.00018080685511647312,5.323749364791481e-05,-0.006233566855116473,-0.0870257374936479
4.38,2.2,0.00227203,0.294444,0.0086808,-0.083983,-0.00685072,2.7,0,2.19838,0.00209853,0.00171812,0.294444,0.00227203,0.00018080685511647312,5.323749364791481e-05,-0.007031526855116473,-0.08403623749364791
4.4,2.2,0.00227203,0.294444,0.00186181,-0.0847156,-0.00641715,2.7,0,2.20427,0.00210866,0.00172174,0.294444,0.00227203,0.00018080685511647312,5.323749364791481e-05,-0.006597956855116473,-0.08476883749364791
4.42,2.2,0.00227203,0.291667,-0.00632789,-0.0884856,-0.0056,2.7,0,2.21016,0.00211881,0.00172536,0.291667,0.00227203,0.00017910161207611254,5.223802988940352e-05,-0.005779101612076112,-0.0885378380298894
4.44,2.2,0.00227203,0.291667,-0.014126,-0.09339,-0.00601916,2.7,0,2.21599,0.00212888,0.00172894,0.291667,0.00227203,0.00017910161207611254,5.223802988940352e-05,-0.006198261612076112,-0.09344223802988941
4.46,2.2,0.00227203,0.291667,-0.0196183,-0.0976032,-0.00587985,2.7,0,2.22182,0.00213898,0.00173252,0.291667,0.00227203,0.00017910161207611254,5.223802988940352e-05,-0.006058951612076112,-0.09765543802988941
4.48,2.2,0.00227203,0.291513,-0.0218803,-0.100112,-0.00604945,2.7,0,2.22765,0.00214909,0.0017361,0.291513,0.00227203,0.0001790070469178888,5.218288126817453e-05,-0.006228457046917889,-0.10016418288126819
4.5,2.2,0.00227203,0.288897,-0.0214013,-0.100785,-0.00620102,2.7,0,2.23348,0.00215921,0.00173968,0.288897,0.00227203,0.00017740066725412332,5.125052056771447e-05,-0.006378420667254123,-0.10083625052056772
4.52,2.2,0.00227203,0.286111,-0.0195486,-0.100074,-0.00710646,2.7,0,2.23925,0.00216926,0.00174322,0.286111,0.00227203,0.00017568989728287873,5.0266812201501716e-05,-0.007282149897282879,-0.1001242668122015
4.54,2.2,0.00227203,0.286111,-0.0175596,-0.0988135,-0.0072,2.7,0,2.24497,0.00217924,0.00174673,0.286111,0.00227203,0.00017568989728287873,5.0266812201501716e-05,-0.007375689897282879,-0.0988637668122015
4.56,2.2,0.00227203,0.286111,-0.0160481,-0.0980774,-0.00645575,2.7,0,2.25069,0.00218924,0.00175025,0.286111,0.00227203,0.00017568989728287873,5.0266812201501716e-05,-0.0066314398972828785,-0.0981276668122015
4.58,2.2,0.00227203,0.285955,-0.0151341,-0.0985164,-0.0068501,2.7,0,2.25641,0.00219926,0.00175376,0.285955,0.00227203,0.0001755941039836333,5.021201200463986e-05,-0.007025694103983633,-0.09856661201200465
4.6,2.2,0.00227203,0.283377,-0.0147004,-0.0994983,-0.0077828,2.7,0,2.26212,0.0022093,0.00175727,0.283377,0.00227203,0.00017401105821900556,4.931073164492714e-05,-0.007956811058219005,-0.09954761073164492
4.62,2.2,0.00227203,0.280556,-0.0145634,-0.0994057,-0.00714744,2.7,0,2.26779,0.00221926,0.00176075,0.280556,0.00227203,0.00017227879577036897,4.833384982615164e-05,-0.007319718795770369,-0.09945403384982615
4.64,2.2,0.00227203,0.280556,-0.0145666,-0.0972081,-0.00716437,2.7,0,2.2734,0.00222914,0.00176419,0.280556,0.00227203,0.00017227879577036897,4.833384982615164e-05,-0.007336648795770369,-0.09725643384982616
4.66,2.2,0.00227203,0.279556,-0.0146177,-0.093419,-0.00726433,2.7,0,2.279,0.00223905,0.00176763,0.279556,0.00227203,0.0001716647360106043,4.79899069401805e-05,-0.0074359947360106045,-0.09346698990694018
4.68,2.2,0.00227203,0.277294,-0.014697,-0.0893476,-0.00713023,2.7,0,2.28459,0.00224894,0.00177106,0.277294,0.00227203,0.00017027573274318162,4.72164390352878e-05,-0.007300505732743182,-0.08939481643903528
4.7,2.2,0.00227203,0.272222,-0.0148496,-0.0859248,-0.00775124,2.7,0,2.29014,0.00225876,0.00177447,0.272222,0.00227203,0.0001671612209846094,4.550496189887234e-05,-0.00791840122098461,-0.08597030496189886
4.72,2.2,0.00227203,0.272222,-0.0151674,-0.0834314,-0.0063433,2.7,0,2.29558,0.00226843,0.00177781,0.272222,0.00227203,0.0001671612209846094,4.550496189887234e-05,-0.0065104612209846095,-0.08347690496189887
4.74,2.2,0.00227203,0.272222,-0.0157545,-0.0819032,-0.00563802,2.7,0,2.30102,0.00227811,0.00178115,0.272222,0.00227203,0.0001671612209846094,4.550496189887234e-05,-0.005805181220984609,-0.08194870496189886
4.76,2.2,0.00227203,0.272111,-0.0166617,-0.0815674,-0.006,2.7,0,2.30646,0.00228781,0.00178449,0.272111,0.00227203,0.0001670930603299472,4.546785973944226e-05,-0.006167093060329947,-0.08161286785973944
4.78,2.2,0.00227203,0.266667,-0.0177784,-0.0828881,-0.006,2.7,0,2.3119,0.00229753,0.00178783,0.266667,0.00227203,0.00016375011759119212,4.366675260769043e-05,-0.006163750117591192,-0.0829317667526077
4.8,2.2,0.00227203,0.266667,-0.0186825,-0.0859956,-0.00582505,2.7,0,2.31723,0.00230706,0.00179111,0.266667,0.00227203,0.00016375011759119212,4.366675260769043e-05,-0.005988800117591192,-0.0860392667526077
4.82,2.2,0.00227203,0.266667,-0.0186946,-0.0902752,-0.00589264,2.7,0,2.32256,0.00231662,0.00179438,0.266667,0.00227203,0.00016375011759119212,4.366675260769043e-05,-0.006056390117591192,-0.0903188667526077
4.84,2.2,0.00227203,0.26634,-0.0173867,-0.0948442,-0.00635289,2.7,0,2.32789,0.00232619,0.00179765,0.26634,0.00227203,0.00016354931994292467,4.355972587359856e-05,-0.006516439319942924,-0.0948877597258736
4.86,2.2,0.00227203,0.26191,-0.0149941,-0.0990015,-0.00597825,2.7,0,2.33321,0.00233577,0.00180092,0.26191,0.00227203,0.00016082903351371047,4.2122732167575904e-05,-0.0061390790335137104,-0.09904362273216759
4.88,2.2,0.00227203,0.258333,-0.0122166,-0.102088,-0.00531118,2.7,0,2.33845,0.0023452,0.00180413,0.258333,0.00227203,0.00015863254005446444,4.0980019969889956e-05,-0.005469812540054465,-0.1021289800199699
4.9,2.2,0.00227203,0.258333,-0.00975743,-0.103418,-0.00522633,2.7,0,2.34361,0.00235453,0.00180731,0.258333,0.00227203,0.00015863254005446444,4.0980019969889956e-05,-0.005384962540054465,-0.10345898001996989
4.92,2.2,0.00227203,0.258333,-0.00792232,-0.102556,-0.00659821,2.7,0,2.34877,0.00236387,0.00181048,0.258333,0.00227203,0.00015863254005446444,4.0980019969889956e-05,-0.006756842540054465,-0.10259698001996989
4.94,2.2,0.00227203,0.258153,-0.00669773,-0.0999088,-0.00812215,2.7,0,2.35394,0.00237323,0.00181365,0.258153,0.00227203,0.00015852200920449388,4.092293224216771e-05,-0.008280672009204494,-0.09994972293224218
4.96,2.2,0.00227203,0.252643,-0.00632107,-0.096979,-0.00611893,2.7,0,2.3591,0.0023826,0.00181682,0.252643,0.00227203,0.00015513853672034894,3.919466533263912e-05,-0.0062740685367203486,-0.09701819466533264
4.98,2.2,0.00227203,0.25,-0.00721553,-0.0954502,-0.00655893,2.7,0,2.36415,0.00239179,0.00181992,0.25,0.00227203,0.00015351557499557113,3.837889374889278e-05,-0.006712445574995571,-0.09548857889374888
5.0,2.2,0.00227203,0.25,-0.00923966,-0.0958373,-0.00707548,2.7,0,2.36915,0.00240089,0.00182299,0.25,0.00227203,0.00015351557499557113,3.837889374889278e-05,-0.007228995574995571,-0.09587567889374889
5.02,2.2,0.00227203,0.25,-0.0116322,-0.0970356,-0.00684277,2.7,0,2.37415,0.00241001,0.00182606,0.25,0.00227203,0.00015351557499557113,3.837889374889278e-05,-0.006996285574995571,-0.09707397889374889
5.04,2.2,0.00227203,0.25,-0.0137136,-0.0972299,-0.00776641,2.7,0,2.37915,0.00241914,0.00182913,0.25,0.00227203,0.00015351557499557113,3.837889374889278e-05,-0.007919925574995572,-0.09726827889374888
5.06,2.2,0.00227203,0.246464,-0.0152545,-0.0956182,-0.00682731,2.7,0,2.38414,0.00242829,0.0018322,0.246464,0.00227203,0.00015134425706339242,3.7300910972871944e-05,-0.006978654257063392,-0.09565550091097287
5.08,2.2,0.00227203,0.241667,-0.0163002,-0.0930807,-0.00702228,2.7,0,2.38907,0.00243733,0.00183522,0.241667,0.00227203,0.00014839860840546744,3.58630464975241e-05,-0.007170678608405467,-0.09311656304649753
5.1,2.2,0.00227203,0.241667,-0.0168945,-0.090704,-0.00739708,2.7,0,2.3939,0.0024462,0.00183819,0.241667,0.00227203,0.00014839860840546744,3.58630464975241e-05,-0.007545478608405468,-0.09073986304649753
5.12,2.2,0.00227203,0.241667,-0.0168919,-0.0883072,-0.00594716,2.7,0,2.39873,0.00245508,0.00184115,0.241667,0.00227203,0.00014839860840546744,3.58630464975241e-05,-0.0060955586084054676,-0.08834306304649753
5.14,2.2,0.00227203,0.241447,-0.0158654,-0.0850008,-0.006,2.7,0,2.40356,0.00246398,0.00184412,0.241447,0.00227203,0.00014826351506347653,3.579778092153122e-05,-0.006148263515063476,-0.08503659778092153
5.16,2.2,0.00227203,0.237441,-0.0131446,-0.0803688,-0.00568102,2.7,0,2.40839,0.00247289,0.00184708,0.237441,0.00227203,0.00014580358793862244,3.461974972373445e-05,-0.005826823587938622,-0.08040341974972375
5.18,2.2,0.00227203,0.236111,-0.00805589,-0.0748101,-0.00534828,2.7,0,2.41313,0.00248166,0.00185,0.236111,0.00227203,0.00014498688714608955,3.423299891095035e-05,-0.00549326688714609,-0.07484433299891095
5.2,2.2,0.00227203,0.236111,-0.000461733,-0.0695668,-0.00637865,2.7,0,2.41785,0.0024904,0.0018529,0.236111,0.00227203,0.00014498688714608955,3.423299891095035e-05,-0.006523636887146089,-0.06960103299891095
5.22,2.2,0.00227203,0.236111,0.00854816,-0.0664044,-0.00515258,2.7,0,2.42258,0.00249916,0.0018558,0.236111,0.00227203,0.00014498688714608955,3.423299891095035e-05,-0.00529756688714609,-0.06643863299891095
5.24,2.2,0.00227203,0.236111,0.0166592,-0.0666125,-0.00617074,2.7,0,2.4273,0.00250793,0.0018587,0.236111,0.00227203,0.00014498688714608955,3.423299891095035e-05,-0.00631572688714609,-0.06664673299891095
5.26,2.2,0.00227203,0.233121,0.0217196,-0.0701492,-0.0058251,2.7,0,2.43202,0.00251672,0.0018616,0.233121,0.00227203,0.00014315084538056816,3.337146822596343e-05,-0.005968250845380568,-0.07018257146822596
5.28,2.2,0.00227203,0.229506,0.0233225,-0.0752925,-0.00686403,2.7,0,2.43669,0.00252542,0.00186446,0.229506,0.00227203,0.00014093101537531594,3.234451361472726e-05,-0.007004961015375316,-0.07532484451361472
5.3,2.2,0.00227203,0.227778,0.0227836,-0.0790811,-0.00632841,2.7,0,2.44129,0.00253399,0.00186729,0.227778,0.00227203,0.00013986991811727222,3.185929020891603e-05,-0.006468279918117272,-0.07911295929020892
5.32,2.2,0.00227203,0.227778,0.0219395,-0.0794992,-0.0077391,2.7,0,2.44585,0.00254251,0.00187009,0.227778,0.00227203,0.00013986991811727222,3.185929020891603e-05,-0.007878969918117271,-0.07953105929020893
5.34,2.2,0.00227203,0.227778,0.0223404,-0.0777207,-0.00638021,2.7,0,2.45041,0.00255105,0.00187289,0.227778,0.00227203,0.00013986991811727222,3.185929020891603e-05,-0.006520079918117272,-0.07775255929020893
5.36,2.2,0.00227203,0.226251,0.0248733,-0.0772791,-0.00771648,2.7,0,2.45497,0.00255959,0.00187569,0.226251,0.00227203,0.00013893224705284062,3.143355982795225e-05,-0.00785541224705284,-0.07731053355982796
5.38,2.2,0.00227203,0.2234,0.0290347,-0.0809783,-0.0058636,2.7,0,2.4595,0.0025681,0.00187847,0.2234,0.00227203,0.0001371815591716988,3.064636031895751e-05,-0.006000781559171699,-0.08100894636031897
5.4,2.2,0.00227203,0.222222,0.0326664,-0.0889936,-0.00722464,2.7,0,2.46397,0.00257651,0.00188121,0.222222,0.00227203,0.00013645819527915762,3.0324013071324964e-05,-0.007361098195279157,-0.08902392401307133
5.42,2.2,0.00227203,0.222222,0.0334967,-0.0993122,-0.00690024,2.7,0,2.46842,0.00258488,0.00188395,0.222222,0.00227203,0.00013645819527915762,3.0324013071324964e-05,-0.0070366981952791575,-0.09934252401307132
5.44,2.2,0.00227203,0.222222,0.0311319,-0.109212,-0.0064,2.7,0,2.47287,0.00259328,0.00188668,0.222222,0.00227203,0.00013645819527915762,3.0324013071324964e-05,-0.006536458195279158,-0.10924232401307132
5.46,2.2,0.00227203,0.222222,0.0269643,-0.116526,-0.005822,2.7,0,2.47732,0.00260168,0.00188941,0.222222,0.00227203,0.00013645819527915762,3.0324013071324964e-05,-0.005958458195279157,-0.11655632401307132
5.48,2.2,0.00227203,0.220609,0.0226976,-0.120142,-0.0068,2.7,0,2.48177,0.00261009,0.00189215,0.220609,0.00227203,0.0001354677147947694,2.988539709315928e-05,-0.006935467714794769,-0.12017188539709316
5.5,2.2,0.00227203,0.219444,0.0199629,-0.119714,-0.00641234,2.7,0,2.48619,0.00261846,0.00189486,0.219444,0.00227203,0.00013475233363225445,2.9570591101596445e-05,-0.006547092333632255,-0.11974357059110159
5.52,2.2,0.00227203,0.219444,0.0206361,-0.115227,-0.0078827,2.7,0,2.49058,0.00262679,0.00189756,0.219444,0.00227203,0.00013475233363225445,2.9570591101596445e-05,-0.008017452333632253,-0.11525657059110159
5.54,2.2,0.00227203,0.219444,0.0259274,-0.107074,-0.00734742,2.7,0,2.49498,0.00263513,0.00190025,0.219444,0.00227203,0.00013475233363225445,2.9570591101596445e-05,-0.007482172333632255,-0.1071035705911016
5.56,2.2,0.00227203,0.219444,0.0348744,-0.096391,-0.00716136,2.7,0,2.49937,0.00264348,0.00190295,0.219444,0.00227203,0.00013475233363225445,2.9570591101596445e-05,-0.007296112333632255,-0.0964205705911016
5.58,2.2,0.00227203,0.217849,0.0444222,-0.0847935,-0.0072,2.7,0,2.50377,0.00265185,0.00190565,0.217849,0.00227203,0.00013377290616117005,2.914229383430473e-05,-0.00733377290616117,-0.0848226422938343
5.6,2.2,0.00227203,0.216667,0.0513047,-0.0738688,-0.00705122,2.7,0,2.50813,0.00266018,0.00190833,0.216667,0.00227203,0.00013304708589712366,2.8826912960072092e-05,-0.007184267085897124,-0.07389762691296008
5.62,2.2,0.00227203,0.216667,0.0541098,-0.0652388,-0.00717335,2.7,0,2.51247,0.00266848,0.001911,0.216667,0.00227203,0.00013304708589712366,2.8826912960072092e-05,-0.007306397085897124,-0.06526762691296008
5.64,2.2,0.00227203,0.216667,0.0540279,-0.060344,-0.0074,2.7,0,2.51682,0.00267678,0.00191367,0.216667,0.00227203,0.00013304708589712366,2.8826912960072092e-05,-0.007533047085897124,-0.06037282691296007
5.66,2.2,0.00227203,0.216667,0.0535641,-0.0594574,-0.00775431,2.7,0,2.52116,0.0026851,0.00191633,0.216667,0.00227203,0.00013304708589712366,2.8826912960072092e-05,-0.007887357085897124,-0.05948622691296007
5.68,2.2,0.00227203,0.216667,0.0543954,-0.0614401,-0.00659261,2.7,0,2.52551,0.00269343,0.001919,0.216667,0.00227203,0.00013304708589712366,2.8826912960072092e-05,-0.006725657085897123,-0.06146892691296007
5.7,2.2,0.00227203,0.216667,0.0566125,-0.06524,-0.0060313,2.7,0,2.52985,0.00270177,0.00192167,0.216667,0.00227203,0.00013304708589712366,2.8826912960072092e-05,-0.006164347085897123,-0.06526882691296008
5.72,2.2,0.00227203,0.215096,0.0595827,-0.0712989,-0.00687341,2.7,0,2.5342,0.00271013,0.00192434,0.215096,0.00227203,0.0001320823958094446,2.84103950090283e-05,-0.0070054923958094446,-0.07132731039500903
5.74,2.2,0.00227203,0.213889,0.063196,-0.0802903,-0.00564297,2.7,0,2.53851,0.00271844,0.00192699,0.213889,0.00227203,0.00013134122395341217,2.8092443050171374e-05,-0.005774311223953412,-0.08031839244305017
5.76,2.2,0.00227203,0.213889,0.0683015,-0.0910631,-0.00629666,2.7,0,2.5428,0.00272671,0.00192962,0.213889,0.00227203,0.00013134122395341217,2.8092443050171374e-05,-0.006428001223953412,-0.09109119244305017
5.78,2.2,0.00227203,0.213889,0.0753224,-0.101457,-0.00572379,2.7,0,2.54709,0.002735,0.00193226,0.213889,0.00227203,0.00013134122395341217,2.8092443050171374e-05,-0.005855131223953413,-0.10148509244305018
5.8,2.2,0.00227203,0.213889,0.0825665,-0.110257,-0.00699122,2.7,0,2.55138,0.0027433,0.00193489,0.213889,0.00227203,0.00013134122395341217,2.8092443050171374e-05,-0.007122561223953413,-0.11028509244305017
5.82,2.2,0.00227203,0.21541,0.0871832,-0.11712,-0.00496936,2.7,0,2.55568,0.00275161,0.00193753,0.21541,0.00227203,0.00013227521101850286,2.84934032054957e-05,-0.005101635211018503,-0.1171484934032055
5.84,2.2,0.00227203,0.216667,0.0877621,-0.121645,-0.004821,2.7,0,2.56,0.00276,0.00194019,0.216667,0.00227203,0.00013304708589712366,2.8826912960072092e-05,-0.004954047085897123,-0.12167382691296008
5.86,2.2,0.00227203,0.216667,0.0852443,-0.123197,-0.00598162,2.7,0,2.56436,0.00276845,0.00194286,0.216667,0.00227203,0.00013304708589712366,2.8826912960072092e-05,-0.0061146670858971235,-0.12322582691296008
5.88,2.2,0.00227203,0.216667,0.0819207,-0.121143,-0.00607117,2.7,0,2.56871,0.0027769,0.00194553,0.216667,0.00227203,0.00013304708589712366,2.8826912960072092e-05,-0.006204217085897123,-0.12117182691296008
5.9,2.2,0.00227203,0.216667,0.0801319,-0.115643,-0.00675149,2.7,0,2.57306,0.00278537,0.0019482,0.216667,0.00227203,0.00013304708589712366,2.8826912960072092e-05,-0.006884537085897123,-0.11567182691296007
5.92,2.2,0.00227203,0.216667,0.0813151,-0.108468,-0.00533555,2.7,0,2.5774,0.00279385,0.00195087,0.216667,0.00227203,0.00013304708589712366,2.8826912960072092e-05,-0.005468597085897123,-0.10849682691296007
5.94,2.2,0.00227203,0.216667,0.0854409,-0.102008,-0.00781897,2.7,0,2.58175,0.00280234,0.00195354,0.216667,0.00227203,0.00013304708589712366,2.8826912960072092e-05,-0.007952017085897123,-0.10203682691296008
5.96,2.2,0.00227203,0.216667,0.0910223,-0.0973946,-0.007335,2.7,0,2.5861,0.00281085,0.00195621,0.216667,0.00227203,0.00013304708589712366,2.8826912960072092e-05,-0.007468047085897124,-0.09742342691296008
5.98,2.2,0.00227203,0.216667,0.0961472,-0.0946288,-0.0064749,2.7,0,2.59046,0.00281936,0.00195888,0.216667,0.00227203,0.00013304708589712366,2.8826912960072092e-05,-0.006607947085897123,-0.09465762691296008
6.0,2.2,0.00227203,0.216667,0.0998279,-0.0937261,-0.0078,2.7,0,2.59481,0.0028279,0.00196156,0.216667,0.00227203,0.00013304708589712366,2.8826912960072092e-05,-0.007933047085897123,-0.09375492691296008
6.02,2.2,0.00227203,0.218299,0.102114,-0.0945884,-0.00703757,2.7,0,2.59916,0.00283644,0.00196423,0.218299,0.00227203,0.00013404923366581482,2.926281366001371e-05,-0.007171619233665815,-0.09461766281366002
6.04,2.2,0.00227203,0.219444,0.103474,-0.0965363,-0.0064412,2.7,0,2.60355,0.00284506,0.00196692,0.219444,0.00227203,0.00013475233363225445,2.9570591101596445e-05,-0.006575952333632255,-0.0965658705911016
6.06,2.2,0.00227203,0.219444,0.10456,-0.0983546,-0.00607036,2.7,0,2.60796,0.00285374,0.00196963,0.219444,0.00227203,0.00013475233363225445,2.9570591101596445e-05,-0.006205112333632255,-0.09838417059110159
6.08,2.2,0.00227203,0.219444,0.105834,-0.0986914,-0.00653422,2.7,0,2.61237,0.00286243,0.00197234,0.219444,0.00227203,0.00013475233363225445,2.9570591101596445e-05,-0.006668972333632255,-0.09872097059110159
6.1,2.2,0.00227203,0.219444,0.107121,-0.0970947,-0.00699378,2.7,0,2.61678,0.00287114,0.00197505,0.219444,0.00227203,0.00013475233363225445,2.9570591101596445e-05,-0.0071285323336322546,-0.0971242705911016
6.12,2.2,0.00227203,0.221023,0.107795,-0.0946808,-0.0064,2.7,0,2.62119,0.00287986,0.00197776,0.221023,0.00227203,0.00013572193607706986,2.999766947756221e-05,-0.0065357219360770704,-0.09471079766947756
6.14,2.2,0.00227203,0.223644,0.10718,-0.0932455,-0.00602279,2.7,0,2.62563,0.00288865,0.00198048,0.223644,0.00227203,0.0001373313900594396,3.071334139845331e-05,-0.00616012139005944,-0.09327621334139845
6.16,2.2,0.00227203,0.225,0.104719,-0.0938355,-0.00581234,2.7,0,2.63012,0.00289755,0.00198324,0.225,0.00227203,0.00013816405677479388,3.108691277432862e-05,-0.005950504056774794,-0.09386658691277433
6.18,2.2,0.00227203,0.225,0.100133,-0.0962349,-0.0068946,2.7,0,2.63465,0.00290653,0.00198602,0.225,0.00227203,0.00013816405677479388,3.108691277432862e-05,-0.007032764056774794,-0.09626598691277433
6.2,2.2,0.00227203,0.225,0.0936195,-0.0995131,-0.00616809,2.7,0,2.63917,0.00291551,0.0019888,0.225,0.00227203,0.00013816405677479388,3.108691277432862e-05,-0.006306254056774794,-0.09954418691277432
6.22,2.2,0.00227203,0.225,0.0858257,-0.10285,-0.00630033,2.7,0,2.64368,0.0029245,0.00199157,0.225,0.00227203,0.00013816405677479388,3.108691277432862e-05,-0.0064384940567747935,-0.10288108691277432
6.24,2.2,0.00227203,0.22646,0.0777917,-0.105808,-0.00605395,2.7,0,2.6482,0.0029335,0.00199434,0.22646,0.00227203,0.00013906058579329515,3.149166025874962e-05,-0.006193010585793295,-0.10583949166025874
6.26,2.2,0.00227203,0.227778,0.0710817,-0.107987,-0.00763323,2.7,0,2.65275,0.00294258,0.00199713,0.227778,0.00227203,0.00013986991811727222,3.185929020891603e-05,-0.007773099918117273,-0.10801885929020892
6.28,2.2,0.00227203,0.227778,0.0670839,-0.108737,-0.00634172,2.7,0,2.65732,0.00295171,0.00199994,0.227778,0.00227203,0.00013986991811727222,3.185929020891603e-05,-0.006481589918117273,-0.10876885929020892
6.3,2.2,0.00227203,0.227778,0.065398,-0.107593,-0.00613832,2.7,0,2.66188,0.00296085,0.00200275,0.227778,0.00227203,0.00013986991811727222,3.185929020891603e-05,-0.006278189918117272,-0.10762485929020892
6.32,2.2,0.00227203,0.227778,0.0637699,-0.105107,-0.0071204,2.7,0,2.66645,0.00297001,0.00200555,0.227778,0.00227203,0.00013986991811727222,3.185929020891603e-05,-0.007260269918117272,-0.10513885929020893
6.34,2.2,0.00227203,0.229257,0.0603949,-0.10269,-0.0064,2.7,0,2.67102,0.00297918,0.00200836,0.229257,0.00227203,0.00014077811421164108,3.22743681298182e-05,-0.006540778114211642,-0.10272227436812982
6.36,2.2,0.00227203,0.230556,0.0555939,-0.10132,-0.00617393,2.7,0,2.67562,0.00298842,0.00201118,0.230556,0.00227203,0.0001415757793047016,3.2641145373374784e-05,-0.006315505779304701,-0.10135264114537337
6.38,2.2,0.00227203,0.230556,0.0509401,-0.100788,-0.006,2.7,0,2.68024,0.00299772,0.00201402,0.230556,0.00227203,0.0001415757793047016,3.2641145373374784e-05,-0.006141575779304701,-0.10082064114537338
6.4,2.2,0.00227203,0.230556,0.0479192,-0.100202,-0.0064,2.7,0,2.68486,0.00300703,0.00201686,0.230556,0.00227203,0.0001415757793047016,3.2641145373374784e-05,-0.0065415757793047015,-0.10023464114537338
6.42,2.2,0.00227203,0.230556,0.0476649,-0.0987509,-0.00636437,2.7,0,2.68948,0.00301636,0.00201969,0.230556,0.00227203,0.0001415757793047016,3.2641145373374784e-05,-0.0065059457793047015,-0.09878354114537338
6.44,2.2,0.00227203,0.230556,0.0503021,-0.0960804,-0.00605518,2.7,0,2.6941,0.0030257,0.00202253,0.230556,0.00227203,0.0001415757793047016,3.2641145373374784e-05,-0.0061967557793047015,-0.09611304114537338
6.46,2.2,0.00227203,0.230556,0.0540333,-0.0925604,-0.00597578,2.7,0,2.69872,0.00303505,0.00202537,0.230556,0.00227203,0.0001415757793047016,3.2641145373374784e-05,-0.006117355779304701,-0.09259304114537338
6.48,2.2,0.00227203,0.230556,0.0561225,-0.0892829,-0.00603711,2.7,0,2.70335,0.00304442,0.00202821,0.230556,0.00227203,0.0001415757793047016,3.2641145373374784e-05,-0.006178685779304701,-0.08931554114537338
6.5,2.2,0.00227203,0.230556,0.0549588,-0.0871772,-0.00634386,2.7,0,2.70797,0.0030538,0.00203105,0.230556,0.00227203,0.0001415757793047016,3.2641145373374784e-05,-0.006485435779304701,-0.08720984114537338
6.52,2.2,0.00227203,0.230556,0.0506699,-0.0862185,-0.00588123,2.7,0,2.71259,0.00306319,0.00203388,0.230556,0.00227203,0.0001415757793047016,3.2641145373374784e-05,-0.0060228057793047015,-0.08625114114537338
6.54,2.2,0.00227203,0.232043,0.0445367,-0.0859111,-0.00790616,2.7,0,2.71721,0.0030726,0.00203672,0.232043,0.00227203,0.00014248888780250517,3.306354899235671e-05,-0.008048648887802505,-0.08594416354899236
6.56,2.2,0.00227203,0.233333,0.0387188,-0.0856876,-0.00781595,2.7,0,2.72186,0.00308208,0.00203958,0.233333,0.00227203,0.00014328102627437345,3.3432191703678384e-05,-0.007959231026274374,-0.08572103219170368
6.58,2.2,0.00227203,0.233333,0.0357542,-0.0846557,-0.00722821,2.7,0,2.72654,0.00309162,0.00204245,0.233333,0.00227203,0.00014328102627437345,3.3432191703678384e-05,-0.007371491026274373,-0.08468913219170368
6.6,2.2,0.00227203,0.233333,0.0368115,-0.082184,-0.0068488,2.7,0,2.73121,0.00310117,0.00204532,0.233333,0.00227203,0.00014328102627437345,3.3432191703678384e-05,-0.006992081026274374,-0.08221743219170367
6.62,2.2,0.00227203,0.233333,0.0405188,-0.0788685,-0.00771474,2.7,0,2.73588,0.00311074,0.00204819,0.233333,0.00227203,0.00014328102627437345,3.3432191703678384e-05,-0.007858021026274373,-0.07890193219170367
6.64,2.2,0.00227203,0.233333,0.0446484,-0.0764288,-0.00690923,2.7,0,2.74056,0.00312032,0.00205106,0.233333,0.00227203,0.00014328102627437345,3.3432191703678384e-05,-0.007052511026274373,-0.07646223219170369
6.66,2.2,0.00227203,0.233333,0.0485031,-0.0767354,-0.00648443,2.7,0,2.74523,0.00312991,0.00205393,0.233333,0.00227203,0.00014328102627437345,3.3432191703678384e-05,-0.006627711026274374,-0.07676883219170368
6.68,2.2,0.00227203,0.233333,0.0528215,-0.0807095,-0.00602047,2.7,0,2.74991,0.00313953,0.0020568,0.233333,0.00227203,0.00014328102627437345,3.3432191703678384e-05,-0.006163751026274374,-0.08074293219170368
6.7,2.2,0.00227203,0.233333,0.0584219,-0.0876541,-0.00622654,2.7,0,2.75459,0.00314915,0.00205967,0.233333,0.00227203,0.00014328102627437345,3.3432191703678384e-05,-0.006369821026274374,-0.08768753219170368
6.72,2.2,0.00227203,0.233333,0.065626,-0.0954824,-0.00713272,2.7,0,2.75927,0.0031588,0.00206255,0.233333,0.00227203,0.00014328102627437345,3.3432191703678384e-05,-0.007276001026274374,-0.09551583219170368
6.74,2.2,0.00227203,0.233333,0.0740318,-0.101656,-0.005065,2.7,0,2.76395,0.00316845,0.00206542,0.233333,0.00227203,0.00014328102627437345,3.3432191703678384e-05,-0.005208281026274374,-0.10168943219170368
6.76,2.2,0.00227203,0.233333,0.0824562,-0.104105,-0.00582248,2.7,0,2.76863,0.00317813,0.00206829,0.233333,0.00227203,0.00014328102627437345,3.3432191703678384e-05,-0.005965761026274373,-0.10413843219170368
6.78,2.2,0.00227203,0.233333,0.0895055,-0.102025,-0.00572341,2.7,0,2.77331,0.00318782,0.00207117,0.233333,0.00227203,0.00014328102627437345,3.3432191703678384e-05,-0.005866691026274374,-0.10205843219170369
6.8,2.2,0.00227203,0.233333,0.0941214,-0.0966559,-0.00605288,2.7,0,2.778,0.00319753,0.00207405,0.233333,0.00227203,0.00014328102627437345,3.3432191703678384e-05,-0.006196161026274374,-0.09668933219170368
6.82,2.2,0.00227203,0.233333,0.0955823,-0.0910675,-0.00608641,2.7,0,2.78268,0.00320726,0.00207692,0.233333,0.00227203,0.00014328102627437345,3.3432191703678384e-05,-0.006229691026274374,-0.09110093219170368
6.84,2.2,0.00227203,0.233333,0.0937686,-0.0882173,-0.0080224,2.7,0,2.78737,0.003217,0.0020798,0.233333,0.00227203,0.00014328102627437345,3.3432191703678384e-05,-0.008165681026274374,-0.08825073219170368
6.86,2.2,0.00227203,0.233333,0.0896826,-0.0888068,-0.00732384,2.7,0,2.79205,0.00322675,0.00208268,0.233333,0.00227203,0.00014328102627437345,3.3432191703678384e-05,-0.0074671210262743735,-0.08884023219170369
6.88,2.2,0.00227203,0.233333,0.0848026,-0.0910993,-0.00782915,2.7,0,2.79674,0.00323651,0.00208555,0.233333,0.00227203,0.00014328102627437345,3.3432191703678384e-05,-0.007972431026274374,-0.09113273219170367
6.9,2.2,0.00227203,0.233333,0.0797188,-0.0926189,-0.00776286,2.7,0,2.80142,0.00324629,0.00208843,0.233333,0.00227203,0.00014328102627437345,3.3432191703678384e-05,-0.007906141026274374,-0.09265233219170368
6.92,2.2,0.00227203,0.233333,0.0742564,-0.0916681,-0.00828075,2.7,0,2.8061,0.00325607,0.00209131,0.233333,0.00227203,0.00014328102627437345,3.3432191703678384e-05,-0.008424031026274374,-0.09170153219170368
6.94,2.2,0.00227203,0.234824,0.0687691,-0.0875181,-0.0077606,2.7,0,2.81078,0.00326587,0.00209418,0.234824,0.00227203,0.00014419659093057205,3.3860820268680654e-05,-0.007904796590930572,-0.08755196082026868
6.96,2.2,0.00227203,0.236111,0.0641951,-0.0802573,-0.00702818,2.7,0,2.81549,0.00327574,0.00209707,0.236111,0.00227203,0.00014498688714608955,3.423299891095035e-05,-0.00717316688714609,-0.08029153299891095
6.98,2.2,0.00227203,0.236111,0.0609777,-0.0709647,-0.00805082,2.7,0,2.82023,0.00328568,0.00209998,0.236111,0.00227203,0.00014498688714608955,3.423299891095035e-05,-0.00819580688714609,-0.07099893299891095
7.0,2.2,0.00227203,0.236111,0.0588959,-0.0615407,-0.00641395,2.7,0,2.82496,0.00329562,0.00210289,0.236111,0.00227203,0.00014498688714608955,3.423299891095035e-05,-0.00655893688714609,-0.061574932998910946
7.02,2.2,0.00227203,0.236111,0.0578652,-0.0542228,-0.00647767,2.7,0,2.8297,0.00330559,0.00210579,0.236111,0.00227203,0.00014498688714608955,3.423299891095035e-05,-0.006622656887146089,-0.05425703299891095
7.04,2.2,0.00227203,0.236111,0.05836,-0.0512676,-0.00714776,2.7,0,2.83443,0.00331556,0.0021087,0.236111,0.00227203,0.00014498688714608955,3.423299891095035e-05,-0.00729274688714609,-0.05130183299891095
7.06,2.2,0.00227203,0.236111,0.0605941,-0.054487,-0.00691948,2.7,0,2.83917,0.00332555,0.00211161,0.236111,0.00227203,0.00014498688714608955,3.423299891095035e-05,-0.00706446688714609,-0.05452123299891095
7.08,2.2,0.00227203,0.236111,0.06324,-0.0643069,-0.00615235,2.7,0,2.8439,0.00333556,0.00211452,0.236111,0.00227203,0.00014498688714608955,3.423299891095035e-05,-0.00629733688714609,-0.06434113299891095
7.1,2.2,0.00227203,0.236111,0.0641908,-0.0790608,-0.006985,2.7,0,2.84864,0.00334557,0.00211742,0.236111,0.00227203,0.00014498688714608955,3.423299891095035e-05,-0.00712998688714609,-0.07909503299891095
7.12,2.2,0.00227203,0.236111,0.0629676,-0.0956335,-0.00687326,2.7,0,2.85337,0.00335561,0.00212033,0.236111,0.00227203,0.00014498688714608955,3.423299891095035e-05,-0.00701824688714609,-0.09566773299891095
7.14,2.2,0.00227203,0.236111,0.0609778,-0.111041,-0.0072,2.7,0,2.8581,0.00336565,0.00212324,0.236111,0.00227203,0.00014498688714608955,3.423299891095035e-05,-0.00734498688714609,-0.11107523299891095
7.16,2.2,0.00227203,0.236111,0.0594045,-0.12341,-0.00584892,2.7,0,2.86284,0.00337571,0.00212615,0.236111,0.00227203,0.00014498688714608955,3.423299891095035e-05,-0.0059939068871460895,-0.12344423299891095
7.18,2.2,0.00227203,0.236111,0.0582288,-0.131876,-0.00781904,2.6,0,2.86757,0.00338578,0.00212905,0.236111,0.00227203,0.00014498688714608955,3.423299891095035e-05,-0.007964026887146088,-0.13191023299891094
7.2,2.2,0.00227203,0.236111,0.0569561,-0.136189,-0.00709424,2.6,0,2.87231,0.00339587,0.00213196,0.236111,0.00227203,0.00014498688714608955,3.423299891095035e-05,-0.00723922688714609,-0.13622323299891095
7.22,2.2,0.00227203,0.236111,0.0550248,-0.136574,-0.00728247,2.6,0,2.87704,0.00340597,0.00213487,0.236111,0.00227203,0.00014498688714608955,3.423299891095035e-05,-0.00742745688714609,-0.13660823299891095
7.24,2.2,0.00227203,0.236111,0.051672,-0.133705,-0.00594266,2.6,0,2.88177,0.00341608,0.00213777,0.236111,0.00227203,0.00014498688714608955,3.423299891095035e-05,-0.00608764688714609,-0.13373923299891094
7.26,2.2,0.00227203,0.236111,0.0461418,-0.128555,-0.00770532,2.5,0,2.88651,0.0034262,0.00214068,0.236111,0.00227203,0.00014498688714608955,3.423299891095035e-05,-0.007850306887146089,-0.12858923299891095
7.28,2.2,0.00227203,0.236111,0.0382107,-0.121991,-0.00727793,2.5,0,2.89124,0.00343634,0.00214358,0.236111,0.00227203,0.00014498688714608955,3.423299891095035e-05,-0.00742291688714609,-0.12202523299891095
7.3,2.2,0.00227203,0.236111,0.0284753,-0.11441,-0.00700391,2.5,0,2.89597,0.00344649,0.00214649,0.236111,0.00227203,0.00014498688714608955,3.423299891095035e-05,-0.00714889688714609,-0.11444423299891095
7.32,2.2,0.00227203,0.236111,0.0183086,-0.106119,-0.00728828,2.3,0,2.9007,0.00345664,0.00214939,0.236111,0.00227203,0.00014498688714608955,3.423299891095035e-05,-0.00743326688714609,-0.10615323299891095
7.34,2.2,0.00227203,0.23461,0.00963383,-0.0980573,-0.0072,2.3,0,2.90542,0.00346681,0.00215229,0.23461,0.00227203,0.00014406518192170754,3.379913233065181e-05,-0.007344065181921707,-0.09809109913233065
7.36,2.2,0.00227203,0.233333,0.00419433,-0.0913572,-0.00728079,2.3,0,2.91012,0.00347692,0.00215518,0.233333,0.00227203,0.00014328102627437345,3.3432191703678384e-05,-0.007424071026274373,-0.09139063219170368
7.38,2.2,0.00227203,0.233333,0.0024768,-0.0859611,-0.00710344,2.3,0,2.91478,0.00348698,0.00215804,0.233333,0.00227203,0.00014328102627437345,3.3432191703678384e-05,-0.0072467210262743735,-0.08599453219170368
7.4,2.2,0.00227203,0.233333,0.00360179,-0.080784,-0.00799526,2.3,0,2.91945,0.00349706,0.00216091,0.233333,0.00227203,0.00014328102627437345,3.3432191703678384e-05,-0.008138541026274374,-0.08081743219170368
7.42,2.2,0.00227203,0.233333,0.00655086,-0.0755552,-0.00592281,2.3,0,2.92412,0.00350715,0.00216377,0.233333,0.00227203,0.00014328102627437345,3.3432191703678384e-05,-0.006066091026274373,-0.07558863219170368
7.44,2.2,0.00227203,0.231854,0.0107393,-0.0714148,-0.00626592,2.3,0,2.92879,0.00351726,0.00216664,0.231854,0.00227203,0.00014237283030259885,3.3009710196978756e-05,-0.0064082928303026,-0.07144780971019699
7.46,2.2,0.00227203,0.230556,0.014896,-0.0697537,-0.00676911,2.3,0,2.93343,0.00352732,0.00216949,0.230556,0.00227203,0.0001415757793047016,3.2641145373374784e-05,-0.006910685779304701,-0.06978634114537338
7.48,2.2,0.00227203,0.230556,0.0167556,-0.0711449,-0.00722866,2.3,0,2.93804,0.00353733,0.00217232,0.230556,0.00227203,0.0001415757793047016,3.2641145373374784e-05,-0.007370235779304701,-0.07117754114537338
7.5,2.2,0.00227203,0.230556,0.0151238,-0.0748779,-0.00581888,2.3,0,2.94265,0.00354737,0.00217516,0.230556,0.00227203,0.0001415757793047016,3.2641145373374784e-05,-0.005960455779304701,-0.07491054114537338
7.52,2.2,0.00227203,0.230556,0.0112096,-0.0794719,-0.00636041,2.3,0,2.94727,0.00355741,0.00217799,0.230556,0.00227203,0.0001415757793047016,3.2641145373374784e-05,-0.0065019857793047016,-0.07950454114537338
7.54,2.2,0.00227203,0.229083,0.00688724,-0.084316,-0.00605674,2.3,0,2.95188,0.00356746,0.00218082,0.229083,0.00227203,0.0001406712676145939,3.2225395998954017e-05,-0.006197411267614594,-0.08434822539599895
7.56,2.2,0.00227203,0.226258,0.00279539,-0.0903178,-0.00734825,2.3,0,2.95646,0.00357746,0.00218364,0.226258,0.00227203,0.0001389365454795685,3.143550490711621e-05,-0.0074871865454795685,-0.09034923550490712
7.58,2.2,0.00227203,0.225,-0.00102985,-0.0983221,-0.00691415,2.3,0,2.96099,0.00358735,0.00218642,0.225,0.00227203,0.00013816405677479388,3.108691277432862e-05,-0.007052314056774794,-0.09835318691277432
7.6,2.2,0.00227203,0.225,-0.00392616,-0.107577,-0.00672005,2.3,0,2.96549,0.0035972,0.00218918,0.225,0.00227203,0.00013816405677479388,3.108691277432862e-05,-0.006858214056774794,-0.10760808691277433
7.62,2.2,0.00227203,0.225,-0.00504638,-0.116305,-0.00696968,2.3,0,2.96999,0.00360705,0.00219194,0.225,0.00227203,0.00013816405677479388,3.108691277432862e-05,-0.0071078440567747935,-0.11633608691277433
7.64,2.2,0.00227203,0.225,-0.00441159,-0.123059,-0.00587293,2.3,0,2.97449,0.00361692,0.0021947,0.225,0.00227203,0.00013816405677479388,3.108691277432862e-05,-0.006011094056774794,-0.12309008691277433
7.66,2.2,0.00227203,0.222102,-0.00280335,-0.127089,-0.0068323,2.3,0,2.97899,0.0036268,0.00219747,0.222102,0.00227203,0.0001363845079541101,3.029127198562376e-05,-0.00696868450795411,-0.12711929127198562
7.68,2.2,0.00227203,0.219444,-0.00101619,-0.12832,-0.00727167,2.3,0,2.98343,0.00363657,0.00220019,0.219444,0.00227203,0.00013475233363225445,2.9570591101596445e-05,-0.007406422333632255,-0.12834957059110158
7.7,2.2,0.00227203,0.219444,0.000118513,-0.127551,-0.00679267,2.3,0,2.98782,0.00364623,0.00220289,0.219444,0.00227203,0.00013475233363225445,2.9570591101596445e-05,-0.0069274223336322546,-0.1275805705911016
7.72,2.2,0.00227203,0.219444,-0.000429594,-0.126099,-0.00608723,2.3,0,2.99221,0.0036559,0.00220558,0.219444,0.00227203,0.00013475233363225445,2.9570591101596445e-05,-0.006221982333632255,-0.12612857059110158
7.74,2.2,0.00227203,0.219444,-0.00297583,-0.12488,-0.00621469,2.3,0,2.99659,0.00366559,0.00220828,0.219444,0.00227203,0.00013475233363225445,2.9570591101596445e-05,-0.006349442333632255,-0.1249095705911016
7.76,2.2,0.00227203,0.217988,-0.00632014,-0.123881,-0.00617345,2.3,0,3.00098,0.00367529,0.00221097,0.217988,0.00227203,0.0001338582606574649,2.9179494524199456e-05,-0.0063073082606574645,-0.12391017949452421
7.78,2.2,0.00227203,0.215222,-0.00848522,-0.12221,-0.00623343,2.3,0,3.00534,0.00368493,0.00221365,0.215222,0.00227203,0.0001321597675177629,2.8443689484707967e-05,-0.0063655897675177625,-0.12223844368948471
7.8,2.2,0.00227203,0.213889,-0.00803411,-0.118349,-0.00737384,2.3,0,3.00964,0.00369446,0.00221629,0.213889,0.00227203,0.00013134122395341217,2.8092443050171374e-05,-0.007505181223953413,-0.11837709244305017
7.82,2.2,0.00227203,0.213889,-0.00473234,-0.1108,-0.00726848,2.3,0,3.01392,0.00370394,0.00221892,0.213889,0.00227203,0.00013134122395341217,2.8092443050171374e-05,-0.007399821223953412,-0.11082809244305017
7.84,2.2,0.00227203,0.213889,0.000379387,-0.0995214,-0.00435702,2.3,0,3.0182,0.00371344,0.00222154,0.213889,0.00227203,0.00013134122395341217,2.8092443050171374e-05,-0.004488361223953412,-0.09954949244305017
7.86,2.2,0.00227203,0.213889,0.00549479,-0.0870304,-0.00689027,2.3,0,3.02248,0.00372295,0.00222417,0.213889,0.00227203,0.00013134122395341217,2.8092443050171374e-05,-0.007021611223953413,-0.08705849244305017
7.88,2.2,0.00227203,0.210836,0.00925245,-0.0771297,-0.00702675,2.3,0,3.02675,0.00373247,0.0022268,0.210836,0.00227203,0.0001294664950187639,2.7296197943776104e-05,-0.007156216495018764,-0.07715699619794378
7.9,2.2,0.00227203,0.206763,0.0116408,-0.0721151,-0.00566026,2.3,0,3.03097,0.00374187,0.00222939,0.206763,0.00227203,0.00012696542336025366,2.625175183023613e-05,-0.005787225423360254,-0.07214135175183024
7.92,2.2,0.00227203,0.205556,0.0134427,-0.071777,-0.00645639,2.3,0,3.03511,0.0037511,0.00223193,0.205556,0.00227203,0.00012622425131762863,2.594615220384647e-05,-0.006582614251317629,-0.07180294615220384
7.94,2.2,0.00227203,0.205556,0.0149847,-0.0747998,-0.0063542,2.3,0,3.03922,0.00376028,0.00223446,0.205556,0.00227203,0.00012622425131762863,2.594615220384647e-05,-0.006480424251317628,-0.07482574615220385
7.96,2.2,0.00227203,0.205556,0.0158905,-0.0798473,-0.007,2.3,0,3.04334,0.00376948,0.00223698,0.205556,0.00227203,0.00012622425131762863,2.594615220384647e-05,-0.007126224251317629,-0.07987324615220384
7.98,2.2,0.00227203,0.205556,0.0158328,-0.085312,-0.00605542,2.3,0,3.04745,0.00377869,0.00223951,0.205556,0.00227203,0.00012622425131762863,2.594615220384647e-05,-0.006181644251317628,-0.08533794615220384
8.0,2.2,0.00227203,0.203999,0.015126,-0.0896011,-0.0064,2.3,0,3.05157,0.00378791,0.00224204,0.203999,0.00227203,0.00012526815776549096,2.5554578916002392e-05,-0.0065252681577654915,-0.089626654578916
8.02,2.2,0.00227203,0.19967,0.0146606,-0.0922111,-0.00692001,2.3,0,3.05565,0.00379707,0.00224454,0.19967,0.00227203,0.00012260988586920257,2.4481515911503675e-05,-0.007042619885869203,-0.0922355815159115
8.04,2.2,0.00227203,0.197222,0.0151214,-0.0938666,-0.00682061,2.3,0,3.05965,0.00380604,0.002247,0.197222,0.00227203,0.00012110666336134178,2.388489836145055e-05,-0.006941716663361342,-0.09389048489836145
8.06,2.2,0.00227203,0.197222,0.0162442,-0.0957783,-0.00774646,2.3,0,3.06359,0.00381492,0.00224942,0.197222,0.00227203,0.00012110666336134178,2.388489836145055e-05,-0.007867566663361343,-0.09580218489836145
8.08,2.2,0.00227203,0.197222,0.0174231,-0.0988657,-0.00658408,2.3,0,3.06754,0.0038238,0.00225185,0.197222,0.00227203,0.00012110666336134178,2.388489836145055e-05,-0.006705186663361342,-0.09888958489836146
8.1,2.2,0.00227203,0.197222,0.0187176,-0.10318,-0.00603136,2.3,0,3.07149,0.0038327,0.00225427,0.197222,0.00227203,0.00012110666336134178,2.388489836145055e-05,-0.006152466663361342,-0.10320388489836145
8.12,2.2,0.00227203,0.197222,0.0203855,-0.108201,-0.0064,2.3,0,3.07544,0.0038416,0.00225669,0.197222,0.00227203,0.00012110666336134178,2.388489836145055e-05,-0.006521106663361342,-0.10822488489836146
8.14,2.2,0.00227203,0.194217,0.0219011,-0.113426,-0.00602891,2.3,0,3.07939,0.00385052,0.00225912,0.194217,0.00227203,0.00011926140846563088,2.316259296796943e-05,-0.006148171408465631,-0.11344916259296797
8.16,2.2,0.00227203,0.191667,0.0221636,-0.118243,-0.00730577,2.3,0,3.08327,0.00385931,0.00226151,0.191667,0.00227203,0.00011769555144434985,2.2558353258684203e-05,-0.007423465551444349,-0.11826555835325868
8.18,2.2,0.00227203,0.191667,0.0207014,-0.12211,-0.00651437,2.3,0,3.08711,0.00386799,0.00226386,0.191667,0.00227203,0.00011769555144434985,2.2558353258684203e-05,-0.00663206555144435,-0.12213255835325867
8.2,2.2,0.00227203,0.191667,0.0185949,-0.124933,-0.00611755,2.3,0,3.09095,0.00387668,0.00226622,0.191667,0.00227203,0.00011769555144434985,2.2558353258684203e-05,-0.00623524555144435,-0.12495555835325868
8.22,2.2,0.00227203,0.191667,0.017775,-0.12635,-0.0064,2.3,0,3.09479,0.00388538,0.00226858,0.191667,0.00227203,0.00011769555144434985,2.2558353258684203e-05,-0.00651769555144435,-0.12637255835325867
8.24,2.2,0.00227203,0.191667,0.0195089,-0.125329,-0.0077109,2.3,0,3.09862,0.00389409,0.00227093,0.191667,0.00227203,0.00011769555144434985,2.2558353258684203e-05,-0.00782859555144435,-0.12535155835325867
8.26,2.2,0.00227203,0.190154,0.0243484,-0.121208,-0.00646633,2.3,0,3.10246,0.00390281,0.00227329,0.190154,0.00227203,0.00011676647622633288,2.2203612520342102e-05,-0.006583096476226333,-0.12123020361252033
8.28,2.2,0.00227203,0.185866,0.0326959,-0.114419,-0.00652928,2.3,0,3.10627,0.00391147,0.00227563,0.185866,0.00227203,0.00011413337982914717,2.1213514775324267e-05,-0.006643413379829147,-0.11444021351477533
8.3,2.2,0.00227203,0.183333,0.0438421,-0.10635,-0.0071781,2.3,0,3.10999,0.00391995,0.00227791,0.183333,0.00227203,0.00011257796150282258,2.063925541619697e-05,-0.007290677961502822,-0.10637063925541619
8.32,2.2,0.00227203,0.183333,0.0550868,-0.0992114,-0.0072,2.3,0,3.11367,0.00392833,0.00228017,0.183333,0.00227203,0.00011257796150282258,2.063925541619697e-05,-0.0073125779615028225,-0.0992320392554162
8.34,2.2,0.00227203,0.183333,0.0633017,-0.0951697,-0.00627963,2.3,0,3.11735,0.00393672,0.00228243,0.183333,0.00227203,0.00011257796150282258,2.063925541619697e-05,-0.006392207961502822,-0.09519033925541619
8.36,2.2,0.00227203,0.183333,0.067249,-0.0946462,-0.00775041,2.3,0,3.12102,0.00394512,0.00228469,0.183333,0.00227203,0.00011257796150282258,2.063925541619697e-05,-0.007862987961502822,-0.09466683925541619
8.38,2.2,0.00227203,0.183333,0.0675641,-0.0962319,-0.00672839,2.3,0,3.1247,0.00395353,0.00228695,0.183333,0.00227203,0.00011257796150282258,2.063925541619697e-05,-0.0068409679615028226,-0.09625253925541619
8.4,2.2,0.00227203,0.181874,0.0652938,-0.0986176,-0.00663027,2.3,0,3.12839,0.00396195,0.00228921,0.181874,0.00227203,0.00011168204541216918,2.031206032729286e-05,-0.006741952045412169,-0.09863791206032729
8.42,2.2,0.00227203,0.180556,0.0620892,-0.101383,-0.00615499,2.3,0,3.13204,0.00397031,0.00229145,0.180556,0.00227203,0.00011087271199864928,2.001873338762812e-05,-0.006265862711998649,-0.10140301873338763
8.44,2.2,0.00227203,0.180556,0.0606077,-0.103919,-0.00681386,2.3,0,3.13566,0.00397862,0.00229367,0.180556,0.00227203,0.00011087271199864928,2.001873338762812e-05,-0.006924732711998649,-0.10393901873338762
8.46,2.2,0.00227203,0.180556,0.0625767,-0.105327,-0.00648994,2.3,0,3.13928,0.00398694,0.0022959,0.180556,0.00227203,0.00011087271199864928,2.001873338762812e-05,-0.006600812711998649,-0.10534701873338763
8.48,2.2,0.00227203,0.180556,0.0674328,-0.105704,-0.00576637,2.3,0,3.14291,0.00399526,0.00229812,0.180556,0.00227203,0.00011087271199864928,2.001873338762812e-05,-0.005877242711998649,-0.10572401873338763
8.5,2.2,0.00227203,0.180556,0.0733932,-0.106229,-0.00600059,2.3,0,3.14653,0.00400359,0.00230035,0.180556,0.00227203,0.00011087271199864928,2.001873338762812e-05,-0.006111462711998649,-0.10624901873338763
8.52,2.2,0.00227203,0.180556,0.0785202,-0.107556,-0.00697499,2.3,0,3.15016,0.00401194,0.00230258,0.180556,0.00227203,0.00011087271199864928,2.001873338762812e-05,-0.007085862711998649,-0.10757601873338762
8.54,2.2,0.00227203,0.179044,0.0817895,-0.108854,-0.00692191,2.3,0,3.15378,0.00402029,0.0023048,0.179044,0.00227203,0.00010994425056759127,1.9684858398623812e-05,-0.0070318542505675916,-0.10887368485839863
8.56,2.2,0.00227203,0.177778,0.0842978,-0.108756,-0.0072,2.3,0,3.15738,0.00402859,0.00230701,0.177778,0.00227203,0.00010916684830983453,1.9407463958825764e-05,-0.0073091668483098345,-0.10877540746395883
8.58,2.2,0.00227203,0.177778,0.0877858,-0.106732,-0.0078,2.3,0,3.16095,0.00403683,0.00230921,0.177778,0.00227203,0.00010916684830983453,1.9407463958825764e-05,-0.007909166848309834,-0.10675140746395882
8.6,2.2,0.00227203,0.177778,0.0921278,-0.103209,-0.00721195,2.3,0,3.16453,0.00404509,0.0023114,0.177778,0.00227203,0.00010916684830983453,1.9407463958825764e-05,-0.007321116848309835,-0.10322840746395882
8.62,2.2,0.00227203,0.177778,0.0960587,-0.0988958,-0.0076001,2.3,0,3.1681,0.00405335,0.00231359,0.177778,0.00227203,0.00010916684830983453,1.9407463958825764e-05,-0.007709266848309835,-0.09891520746395883
8.64,2.2,0.00227203,0.177778,0.0990232,-0.0946009,-0.00725569,2.3,0,3.17167,0.00406163,0.00231579,0.177778,0.00227203,0.00010916684830983453,1.9407463958825764e-05,-0.007364856848309835,-0.09462030746395883
8.66,2.2,0.00227203,0.177778,0.101074,-0.0915097,-0.0066718,2.3,0,3.17525,0.00406991,0.00231799,0.177778,0.00227203,0.00010916684830983453,1.9407463958825764e-05,-0.006780966848309835,-0.09152910746395883
8.68,2.2,0.00227203,0.177778,0.102577,-0.0908248,-0.00625313,2.3,0,3.17883,0.0040782,0.00232018,0.177778,0.00227203,0.00010916684830983453,1.9407463958825764e-05,-0.006362296848309835,-0.09084420746395883
8.7,2.2,0.00227203,0.177778,0.104194,-0.092733,-0.00677163,2.3,0,3.1824,0.0040865,0.00232238,0.177778,0.00227203,0.00010916684830983453,1.9407463958825764e-05,-0.0068807968483098345,-0.09275240746395882
8.72,2.2,0.00227203,0.177778,0.106185,-0.0962888,-0.007,2.3,0,3.18598,0.00409481,0.00232457,0.177778,0.00227203,0.00010916684830983453,1.9407463958825764e-05,-0.007109166848309835,-0.09630820746395882
8.74,2.2,0.00227203,0.177778,0.108469,-0.100526,-0.00574699,2.3,0,3.18955,0.00410313,0.00232677,0.177778,0.00227203,0.00010916684830983453,1.9407463958825764e-05,-0.005856156848309835,-0.10054540746395883
8.76,2.2,0.00227203,0.177778,0.111263,-0.105139,-0.00708157,2.3,0,3.19313,0.00411146,0.00232897,0.177778,0.00227203,0.00010916684830983453,1.9407463958825764e-05,-0.007190736848309834,-0.10515840746395883
8.78,2.2,0.00227203,0.177778,0.114332,-0.11011,-0.0064,2.3,0,3.19671,0.0041198,0.00233116,0.177778,0.00227203,0.00010916684830983453,1.9407463958825764e-05,-0.006509166848309835,-0.11012940746395883
8.8,2.2,0.00227203,0.17927,0.116172,-0.115133,-0.00717861,2.3,0,3.20029,0.00412814,0.00233336,0.17927,0.00227203,0.00011008302853511792,1.9734584525490593e-05,-0.0072886930285351184,-0.11515273458452549
8.82,2.2,0.00227203,0.180556,0.11522,-0.119565,-0.00584186,2.3,0,3.2039,0.00413657,0.00233558,0.180556,0.00227203,0.00011087271199864928,2.001873338762812e-05,-0.005952732711998649,-0.11958501873338763
8.84,2.2,0.00227203,0.180556,0.111489,-0.122748,-0.0072747,2.3,0,3.20753,0.00414506,0.00233781,0.180556,0.00227203,0.00011087271199864928,2.001873338762812e-05,-0.007385572711998649,-0.12276801873338762
8.86,2.2,0.00227203,0.180556,0.10639,-0.124035,-0.00683258,2.3,0,3.21116,0.00415356,0.00234004,0.180556,0.00227203,0.00011087271199864928,2.001873338762812e-05,-0.006943452711998649,-0.12405501873338763
8.88,2.2,0.00227203,0.180556,0.10154,-0.122678,-0.00705528,2.3,0,3.2148,0.00416206,0.00234227,0.180556,0.00227203,0.00011087271199864928,2.001873338762812e-05,-0.007166152711998649,-0.12269801873338762
8.9,2.2,0.00227203,0.180556,0.0978552,-0.118498,-0.0079734,2.3,0,3.21843,0.00417057,0.0023445,0.180556,0.00227203,0.00011087271199864928,2.001873338762812e-05,-0.00808427271199865,-0.11851801873338763
8.92,2.2,0.00227203,0.180556,0.0952482,-0.112844,-0.0082,2.3,0,3.22206,0.00417909,0.00234673,0.180556,0.00227203,0.00011087271199864928,2.001873338762812e-05,-0.00831087271199865,-0.11286401873338762
8.94,2.2,0.00227203,0.182075,0.0934084,-0.108048,-0.0082,2.3,0,3.22569,0.00418761,0.00234896,0.182075,0.00227203,0.0001118054718255958,2.0356981282645353e-05,-0.008311805471825596,-0.10806835698128266
8.96,2.2,0.00227203,0.183333,0.0928792,-0.105429,-0.0078,2.3,0,3.22935,0.00419621,0.00235121,0.183333,0.00227203,0.00011257796150282258,2.063925541619697e-05,-0.007912577961502822,-0.10544963925541619
8.98,2.2,0.00227203,0.183333,0.0944438,-0.104456,-0.00722504,2.3,0,3.23303,0.00420488,0.00235347,0.183333,0.00227203,0.00011257796150282258,2.063925541619697e-05,-0.007337617961502823,-0.10447663925541618
9.0,2.2,0.00227203,0.183333,0.097427,-0.103959,-0.00680099,2.3,0,3.23672,0.00421356,0.00235573,0.183333,0.00227203,0.00011257796150282258,2.063925541619697e-05,-0.0069135679615028225,-0.10397963925541619
9.02,2.2,0.00227203,0.183333,0.0996328,-0.103322,-0.00589849,2.29412,0,3.24041,0.00422225,0.002358,0.183333,0.00227203,0.00011257796150282258,2.063925541619697e-05,-0.006011067961502823,-0.10334263925541619
9.04,2.2,0.00227203,0.183333,0.0989293,-0.102412,-0.00525763,2.2,0,3.24409,0.00423094,0.00236026,0.183333,0.00227203,0.00011257796150282258,2.063925541619697e-05,-0.005370207961502823,-0.1024326392554162
9.06,2.2,0.00227203,0.184841,0.094661,-0.101183,-0.0064,2.19373,0,3.24778,0.00423965,0.00236252,0.184841,0.00227203,0.00011350396658295945,2.098018668716081e-05,-0.00651350396658296,-0.10120398018668715
9.08,2.2,0.00227203,0.186111,0.0883527,-0.0996614,-0.00525306,2.0,0,3.2515,0.00424843,0.0023648,0.186111,0.00227203,0.00011428382494398163,2.1269476944149365e-05,-0.005367343824943982,-0.09968266947694415
9.1,2.2,0.00227203,0.186111,0.0828984,-0.098137,-0.00639679,0.0,0,3.25523,0.00425728,0.0023671,0.186111,0.00227203,0.00011428382494398163,2.1269476944149365e-05,-0.006511073824943982,-0.09815826947694416
9.12,2.2,0.00227203,0.186111,0.0803481,-0.0974134,-0.00617644,0.0,0,3.25897,0.00426613,0.0023694,0.186111,0.00227203,0.00011428382494398163,2.1269476944149365e-05,-0.006290723824943982,-0.09743466947694415
9.14,2.2,0.00227203,0.186111,0.080935,-0.0987851,-0.00532195,0.0,0,3.26271,0.004275,0.00237169,0.186111,0.00227203,0.00011428382494398163,2.1269476944149365e-05,-0.0054362338249439816,-0.09880636947694416
9.16,2.2,0.00227203,0.186111,0.0837448,-0.103211,-0.0064,0.0,0,3.26645,0.00428387,0.00237399,0.186111,0.00227203,0.00011428382494398163,2.1269476944149365e-05,-0.006514283824943982,-0.10323226947694415
9.18,2.2,0.00227203,0.187673,0.0872142,-0.110044,-0.0064,0.0,0,3.27019,0.00429275,0.00237628,0.187673,0.00227203,0.0001152429892855412,2.1627997528185374e-05,-0.006515242989285542,-0.11006562799752818
9.2,2.2,0.00227203,0.188889,0.0899631,-0.116852,-0.007,0.0,0,3.27396,0.00430171,0.0023786,0.188889,0.00227203,0.00011598968825845438,2.190917622545119e-05,-0.007115989688258454,-0.11687390917622545
9.22,2.2,0.00227203,0.188889,0.0919924,-0.121048,-0.00736155,0.0,0,3.27776,0.00431074,0.00238093,0.188889,0.00227203,0.00011598968825845438,2.190917622545119e-05,-0.007477539688258454,-0.12106990917622545
9.24,2.2,0.00227203,0.188889,0.0942238,-0.121738,-0.00701236,0.0,0,3.28155,0.00431979,0.00238326,0.188889,0.00227203,0.00011598968825845438,2.190917622545119e-05,-0.007128349688258454,-0.12175990917622545
9.26,2.2,0.00227203,0.188889,0.0968582,-0.119638,-0.00662819,0.0,0,3.28535,0.00432884,0.00238559,0.188889,0.00227203,0.00011598968825845438,2.190917622545119e-05,-0.006744179688258454,-0.11965990917622545
9.28,2.2,0.00227203,0.188889,0.0986721,-0.115492,-0.00701999,0.0,0,3.28915,0.0043379,0.00238792,0.188889,0.00227203,0.00011598968825845438,2.190917622545119e-05,-0.007135979688258454,-0.11551390917622545
9.3,2.2,0.00227203,0.190433,0.0975774,-0.109589,-0.00731676,0.0,0,3.29294,0.00434698,0.00239026,0.190433,0.00227203,0.00011693779941880406,2.2268815956721112e-05,-0.007433697799418804,-0.10961126881595673
9.32,2.2,0.00227203,0.191667,0.092154,-0.102934,-0.00530778,0.0,0,3.29677,0.00435613,0.00239261,0.191667,0.00227203,0.00011769555144434985,2.2558353258684203e-05,-0.005425475551444349,-0.10295655835325868
9.34,2.2,0.00227203,0.191667,0.0830361,-0.097446,-0.00725465,0.0,0,3.30062,0.00436535,0.00239497,0.191667,0.00227203,0.00011769555144434985,2.2558353258684203e-05,-0.007372345551444349,-0.09746855835325868
9.36,2.2,0.00227203,0.191667,0.0724657,-0.0945227,-0.00405638,0.0,0,3.30447,0.00437458,0.00239734,0.191667,0.00227203,0.00011769555144434985,2.2558353258684203e-05,-0.0041740755514443496,-0.09454525835325868
9.38,2.2,0.00227203,0.191667,0.062763,-0.0944123,-0.00517932,0.0,0,3.30832,0.0043838,0.0023997,0.191667,0.00227203,0.00011769555144434985,2.2558353258684203e-05,-0.00529701555144435,-0.09443485835325868
9.4,2.2,0.00227203,0.191667,0.0552711,-0.0965515,-0.00589659,0.0,0,3.31217,0.00439304,0.00240206,0.191667,0.00227203,0.00011769555144434985,2.2558353258684203e-05,-0.00601428555144435,-0.09657405835325868
9.42,2.2,0.00227203,0.191667,0.0500372,-0.0994623,-0.00516249,0.0,0,3.31601,0.00440228,0.00240442,0.191667,0.00227203,0.00011769555144434985,2.2558353258684203e-05,-0.005280185551444349,-0.09948485835325868
9.44,2.2,0.00227203,0.191667,0.0465086,-0.100993,-0.0062,0.0,0,3.31985,0.00441152,0.00240678,0.191667,0.00227203,0.00011769555144434985,2.2558353258684203e-05,-0.006317695551444349,-0.10101555835325868
9.46,2.2,0.00227203,0.191667,0.0444009,-0.0997996,-0.00538132,0.0,0,3.3237,0.00442078,0.00240914,0.191667,0.00227203,0.00011769555144434985,2.2558353258684203e-05,-0.00549901555144435,-0.09982215835325868
9.48,2.2,0.00227203,0.191667,0.0435366,-0.0966243,-0.00648797,0.0,0,3.32754,0.00443004,0.0024115,0.191667,0.00227203,0.00011769555144434985,2.2558353258684203e-05,-0.0066056655514443495,-0.09664685835325867
9.5,2.2,0.00227203,0.191667,0.0433527,-0.0936001,-0.0060264,0.0,0,3.33138,0.00443931,0.00241386,0.191667,0.00227203,0.00011769555144434985,2.2558353258684203e-05,-0.00614409555144435,-0.09362265835325868
9.52,2.2,0.00227203,0.191667,0.0424441,-0.0923272,-0.00711454,0.0,0,3.33522,0.00444859,0.00241622,0.191667,0.00227203,0.00011769555144434985,2.2558353258684203e-05,-0.0072322355514443494,-0.09234975835325868
9.54,2.2,0.00227203,0.191667,0.0385704,-0.0928273,-0.00794908,0.0,0,3.33907,0.00445787,0.00241858,0.191667,0.00227203,0.00011769555144434985,2.2558353258684203e-05,-0.00806677555144435,-0.09284985835325868
9.56,2.2,0.00227203,0.190183,0.0302646,-0.093785,-0.00686584,0.0,0,3.34291,0.00446717,0.00242094,0.190183,0.00227203,0.00011678428401342476,2.221038548652516e-05,-0.0069826242840134245,-0.09380721038548652
9.58,2.2,0.00227203,0.188889,0.0182604,-0.0936656,-0.0070239,0.0,0,3.34672,0.00447639,0.00242328,0.188889,0.00227203,0.00011598968825845438,2.190917622545119e-05,-0.007139889688258454,-0.09368750917622545
9.6,2.2,0.00227203,0.188889,0.00469819,-0.0922637,-0.00700213,0.0,0,3.3505,0.00448556,0.0024256,0.188889,0.00227203,0.00011598968825845438,2.190917622545119e-05,-0.007118119688258454,-0.09228560917622546
9.62,2.2,0.00227203,0.188889,-0.008188,-0.0908414,-0.00706429,0.0,0,3.35428,0.00449473,0.00242792,0.188889,0.00227203,0.00011598968825845438,2.190917622545119e-05,-0.007180279688258454,-0.09086330917622545
9.64,2.2,0.00227203,0.188889,-0.0187905,-0.0901004,-0.00730834,0.0,0,3.35805,0.0045039,0.00243024,0.188889,0.00227203,0.00011598968825845438,2.190917622545119e-05,-0.007424329688258454,-0.09012230917622545
9.66,2.2,0.00227203,0.188889,-0.0268028,-0.0889532,-0.00658803,0.0,0,3.36183,0.00451308,0.00243256,0.188889,0.00227203,0.00011598968825845438,2.190917622545119e-05,-0.006704019688258454,-0.08897510917622545
9.68,2.2,0.00227203,0.185876,-0.0329873,-0.0863072,-0.00616774,0.0,0,3.3656,0.00452226,0.00243487,0.185876,0.00227203,0.00011413952044609843,2.1215797502438995e-05,-0.006281879520446098,-0.08632841579750244
9.7,2.2,0.00227203,0.183333,-0.0382652,-0.0831942,-0.00621099,0.0,0,3.36931,0.0045313,0.00243715,0.183333,0.00227203,0.00011257796150282258,2.063925541619697e-05,-0.006323567961502822,-0.08321483925541619
9.72,2.2,0.00227203,0.183333,-0.0436113,-0.0820842,-0.00667426,0.0,0,3.37297,0.00454022,0.0024394,0.183333,0.00227203,0.00011257796150282258,2.063925541619697e-05,-0.006786837961502822,-0.08210483925541619
9.74,2.2,0.00227203,0.183333,-0.0499345,-0.0845296,-0.00550473,0.0,0,3.37663,0.00454915,0.00244164,0.183333,0.00227203,0.00011257796150282258,2.063925541619697e-05,-0.005617307961502823,-0.08455023925541619
9.76,2.2,0.00227203,0.183333,-0.0571885,-0.0898077,-0.0064,0.0,0,3.38028,0.00455808,0.00244389,0.183333,0.00227203,0.00011257796150282258,2.063925541619697e-05,-0.006512577961502823,-0.0898283392554162
9.78,2.2,0.00227203,0.183333,-0.0644848,-0.0954067,-0.00674476,0.0,0,3.38394,0.00456702,0.00244613,0.183333,0.00227203,0.00011257796150282258,2.063925541619697e-05,-0.0068573379615028225,-0.09542733925541619
9.8,2.2,0.00227203,0.181873,-0.071652,-0.0990306,-0.00682064,0.0,0,3.38759,0.00457596,0.00244838,0.181873,0.00227203,0.0001116814313504092,2.0311836963992974e-05,-0.006932321431350409,-0.09905091183696399
9.82,2.2,0.00227203,0.177343,-0.0796503,-0.100408,-0.00632645,0.0,0,3.39122,0.00458484,0.0024506,0.177343,0.00227203,0.00010889973141451049,1.9312605068243533e-05,-0.0064353497314145105,-0.10042731260506824
9.84,2.2,0.00227203,0.171992,-0.0888103,-0.100662,-0.00644264,0.0,0,3.39475,0.00459349,0.00245277,0.171992,0.00227203,0.00010561388633119477,1.816474353787485e-05,-0.0065482538863311955,-0.10068016474353787
9.86,2.2,0.00227203,0.169444,-0.0978964,-0.100376,-0.00616172,0.0,0,3.39817,0.00460189,0.00245487,0.169444,0.00227203,0.00010404925652487009,1.763052222260009e-05,-0.00626576925652487,-0.10039363052222261
9.88,2.2,0.00227203,0.169444,-0.106171,-0.0994768,-0.00750437,0.0,0,3.40154,0.00461017,0.00245694,0.169444,0.00227203,0.00010404925652487009,1.763052222260009e-05,-0.00760841925652487,-0.09949443052222261
9.9,2.2,0.00227203,0.169444,-0.11519,-0.0983216,-0.0069443,0.0,0,3.40491,0.00461844,0.00245901,0.169444,0.00227203,0.00010404925652487009,1.763052222260009e-05,-0.00704834925652487,-0.0983392305222226
9.92,2.2,0.00227203,0.169444,-0.126869,-0.097593,-0.00737561,0.0,0,3.40827,0.00462672,0.00246108,0.169444,0.00227203,0.00010404925652487009,1.763052222260009e-05,-0.00747965925652487,-0.0976106305222226
9.94,2.2,0.00227203,0.169444,-0.14099,-0.0977298,-0.00769595,0.0,0,3.41163,0.004635,0.00246314,0.169444,0.00227203,0.00010404925652487009,1.763052222260009e-05,-0.00779999925652487,-0.09774743052222261
9.96,2.2,0.00227203,0.166449,-0.155738,-0.0990866,-0.00693925,0.0,0,3.415,0.00464329,0.0024652,0.166449,0.00227203,0.00010221014091036112,1.70127757443887e-05,-0.007041460140910361,-0.09910361277574438
9.98,2.2,0.00227203,0.160716,-0.16919,-0.101636,-0.00728322,0.0,0,3.41829,0.00465142,0.00246723,0.160716,0.00227203,9.868972324356214e-05,1.5861017560812335e-05,-0.007381909723243562,-0.10165186101756081
10.0,2.2,0.00227203,0.155208,-0.1803,-0.104148,-0.00776077,0.0,0,3.42147,0.00465927,0.00246918,0.155208,0.00227203,9.530746909636866e-05,1.4792481663509187e-05,-0.007856077469096369,-0.10416279248166352
10.02,2.2,0.00227203,0.151192,-0.190022,-0.104935,-0.00672168,0.0,0,3.42454,0.00466685,0.00247107,0.151192,0.00227203,9.284139536691805e-05,1.4036876248315073e-05,-0.006814521395366918,-0.10494903687624832
10.04,2.2,0.00227203,0.147025,-0.200754,-0.103866,-0.0064629,0.0,0,3.42753,0.00467423,0.0024729,0.147025,0.00227203,9.028259802044779e-05,1.3273798973956336e-05,-0.006553182598020448,-0.10387927379897395
10.06,2.2,0.00227203,0.142977,-0.213696,-0.102415,-0.00687171,0.0,0,3.43043,0.0046814,0.00247468,0.142977,0.00227203,8.779687386463522e-05,1.255293363454395e-05,-0.006959506873864635,-0.10242755293363455
10.08,2.2,0.00227203,0.140093,-0.227587,-0.101709,-0.00710037,0.0,0,3.43324,0.00468838,0.00247641,0.140093,0.00227203,8.602591808967314e-05,1.2051628942936579e-05,-0.007186395918089673,-0.10172105162894293
10.1,2.2,0.00227203,0.138889,-0.240381,-0.10186,-0.00679479,0.0,0,3.436,0.0046952,0.0024781,0.138889,0.00227203,8.528658700745832e-05,1.184536878287888e-05,-0.006880076587007459,-0.10187184536878288
10.12,2.2,0.00227203,0.138889,-0.251343,-0.102625,-0.00734459,0.0,0,3.43873,0.00470197,0.00247978,0.138889,0.00227203,8.528658700745832e-05,1.184536878287888e-05,-0.0074298765870074585,-0.10263684536878287
10.14,2.2,0.00227203,0.138889,-0.261068,-0.103598,-0.00618193,0.0,0,3.44146,0.00470874,0.00248145,0.138889,0.00227203,8.528658700745832e-05,1.184536878287888e-05,-0.006267216587007459,-0.10360984536878287
10.16,2.2,0.00227203,0.135786,-0.270292,-0.104205,-0.00762343,0.0,0,3.44418,0.0047155,0.00248313,0.135786,0.00227203,8.338115142089139e-05,1.1321993026837157e-05,-0.007706811151420891,-0.10421632199302684
10.18,2.2,0.00227203,0.131716,-0.279185,-0.104022,-0.0064,0.0,0,3.44685,0.00472211,0.00248476,0.131716,0.00227203,8.0881917331773e-05,1.0653442623271813e-05,-0.006480881917331773,-0.10403265344262327
10.2,2.2,0.00227203,0.127382,-0.286492,-0.103126,-0.00718148,0.0,0,3.44942,0.00472852,0.00248635,0.127382,0.00227203,7.822057054975838e-05,9.963892717769322e-06,-0.007259700570549758,-0.10313596389271776
10.22,2.2,0.00227203,0.123391,-0.288942,-0.10196,-0.00785092,0.0,0,3.45191,0.00473472,0.00248787,0.123391,0.00227203,7.576984701106301e-05,9.349317192542077e-06,-0.007926689847011064,-0.10196934931719254
10.24,2.2,0.00227203,0.120709,-0.282217,-0.10087,-0.00598347,0.0,0,3.45432,0.00474071,0.00248935,0.120709,0.00227203,7.412293122032124e-05,8.947304904673755e-06,-0.006057592931220322,-0.10087894730490468
10.26,2.2,0.00227203,0.117978,-0.262173,-0.0999547,-0.00692788,0.0,0,3.45668,0.00474659,0.0024908,0.117978,0.00227203,7.244592628536414e-05,8.547025491294691e-06,-0.007000325926285364,-0.0999632470254913
10.28,2.2,0.00227203,0.115131,-0.225876,-0.0988636,-0.0078,0.0,0,3.45899,0.00475233,0.00249222,0.115131,0.00227203,7.069769000729462e-05,8.139495748229837e-06,-0.007870697690007294,-0.09887173949574822
10.3,2.2,0.00227203,0.112362,-0.173591,-0.0968365,-0.0061827,0.0,0,3.46125,0.00475796,0.00249361,0.112362,0.00227203,6.899735053457812e-05,7.752680300766266e-06,-0.006251697350534578,-0.09684425268030077
10.32,2.2,0.00227203,0.109626,-0.109896,-0.0937229,-0.00717462,0.0,0,3.46346,0.00476348,0.00249496,0.109626,0.00227203,6.731727505460568e-05,7.379723595136203e-06,-0.007241937275054605,-0.09373027972359513
10.34,2.2,0.00227203,0.108333,-0.0418638,-0.0904716,-0.00768485,0.0,0,3.46563,0.0047689,0.0024963,0.108333,0.00227203,6.652329198997929e-05,7.206667791150426e-06,-0.00775137329198998,-0.09047880666779115
10.36,2.2,0.00227203,0.106742,0.0238139,-0.0883867,-0.0073761,0.0,0,3.46779,0.00477429,0.00249762,0.106742,0.00227203,6.554631822034248e-05,6.996545099475797e-06,-0.007441646318220342,-0.08839369654509947
10.38,2.2,0.00227203,0.104041,0.0824685,-0.0886121,-0.006,0.0,0,3.46993,0.00477963,0.00249894,0.104041,0.00227203,6.388773478959776e-05,6.64694381524454e-06,-0.006063887734789598,-0.08861874694381525
10.4,2.2,0.00227203,0.102778,0.131822,-0.0917544,-0.00652935,0.0,0,3.47202,0.00478487,0.00250022,0.102778,0.00227203,6.31121735399255e-05,6.486542972086463e-06,-0.006592462173539925,-0.09176088654297208
10.42,2.2,0.00227203,0.10125,0.171581,-0.0972167,-0.00713601,0.0,0,3.47411,0.00479008,0.0025015,0.10125,0.00227203,6.217388564293986e-05,6.295105921347661e-06,-0.0071981838856429396,-0.09722299510592135
10.44,2.2,0.00227203,0.1,0.202341,-0.103377,-0.00570627,0.0,0,3.47617,0.00479523,0.00250277,0.1,0.00227203,6.14063071776604e-05,6.14063071776604e-06,-0.00576767630717766,-0.10338314063071777
10.46,2.2,0.00227203,0.0984181,0.224498,-0.108573,-0.0062,0.0,0,3.47821,0.00480034,0.00250402,0.0984181,0.00227203,6.0434921258544803e-05,5.947890123915588e-06,-0.006260434921258545,-0.10857894789012391
10.48,2.2,0.00227203,0.0959544,0.23802,-0.111938,-0.00711672,0.0,0,3.48022,0.00480538,0.00250526,0.0959544,0.00227203,5.8922054732748406e-05,5.653830408648034e-06,-0.007175642054732748,-0.11194365383040865
10.5,2.2,0.00227203,0.0932981,0.242644,-0.113732,-0.00623492,0.0,0,3.48219,0.00481031,0.00250646,0.0932981,0.00227203,5.729091965373148e-05,5.345133950945805e-06,-0.006292210919653731,-0.11373734513395095
10.52,2.2,0.00227203,0.0901633,0.237957,-0.114797,-0.00616926,0.0,0,3.4841,0.00481511,0.00250764,0.0901633,0.00227203,5.536595543892788e-05,4.991977250026687e-06,-0.006224625955438928,-0.11480199197725002
10.54,2.2,0.00227203,0.0858067,0.223797,-0.115478,-0.00640578,0.0,0,3.48595,0.00481975,0.00250878,0.0858067,0.00227203,5.269072910767647e-05,4.521217585323662e-06,-0.006458470729107676,-0.11548252121758532
10.56,2.2,0.00227203,0.0817812,0.200919,-0.115376,-0.00725571,0.0,0,3.48771,0.00482417,0.00250986,0.0817812,0.00227203,5.0218818867245014e-05,4.106955269545938e-06,-0.0073059288188672454,-0.11538010695526955
10.58,2.2,0.00227203,0.0790018,0.17113,-0.114089,-0.00648706,0.0,0,3.48939,0.00482838,0.00251089,0.0790018,0.00227203,4.851209234923334e-05,3.832542617355662e-06,-0.006535572092349233,-0.11409283254261735
10.6,2.2,0.00227203,0.0762406,0.136641,-0.111744,-0.00720841,0.0,0,3.491,0.00483243,0.00251188,0.0762406,0.00227203,4.681654172330798e-05,3.569321230910035e-06,-0.007255226541723308,-0.11174756932123091
10.62,2.2,0.00227203,0.0734754,0.0997275,-0.108577,-0.0064,0.0,0,3.49255,0.00483633,0.00251283,0.0734754,0.00227203,4.511853479418839e-05,3.3151023914169093e-06,-0.006445118534794189,-0.10858031510239143
10.64,2.2,0.00227203,0.0722222,0.0634734,-0.104377,-0.00684561,0.0,0,3.49404,0.00484008,0.00251375,0.0722222,0.00227203,4.434899106172563e-05,3.202981702258161e-06,-0.006889958991061726,-0.10438020298170225
10.66,2.2,0.00227203,0.0707982,0.0320409,-0.0991244,-0.00719494,0.0,0,3.4955,0.00484374,0.00251464,0.0707982,0.00227203,4.3474565359337685e-05,3.0779209732234616e-06,-0.007238414565359338,-0.09912747792097322
10.68,2.2,0.00227203,0.0694444,0.00932049,-0.0941717,-0.0072,0.0,0,3.49692,0.00484732,0.00251551,0.0694444,0.00227203,4.264324686733001e-05,2.9613346927536124e-06,-0.0072426432468673295,-0.09417466133469275
10.7,2.2,0.00227203,0.0679774,-0.00252827,-0.0916303,-0.00748311,0.0,0,3.49831,0.00485082,0.00251637,0.0679774,0.00227203,4.1742416430837467e-05,2.8375409386856105e-06,-0.007524852416430838,-0.09163313754093869
10.72,2.2,0.00227203,0.0666667,-0.00334378,-0.0923439,-0.00629952,0.0,0,3.49967,0.00485424,0.0025172,0.0666667,0.00227203,4.093756403197236e-05,2.7291723000502913e-06,-0.006340457564031973,-0.09234662917230006
10.74,2.2,0.00227203,0.0666667,0.00578812,-0.0954873,-0.00685667,0.0,0,3.50101,0.00485759,0.00251802,0.0666667,0.00227203,4.093756403197236e-05,2.7291723000502913e-06,-0.006897607564031972,-0.09549002917230005
10.76,2.2,0.00227203,0.0651951,0.023388,-0.0999015,-0.0066238,0.0,0,3.50234,0.00486095,0.00251884,0.0651951,0.00227203,4.0033908881338464e-05,2.6100146929097497e-06,-0.006663833908881338,-0.09990411001469292
10.78,2.2,0.00227203,0.0638889,0.0474647,-0.104554,-0.00645594,0.0,0,3.50365,0.00486425,0.00251964,0.0638889,0.00227203,3.9231819744940315e-05,2.506477808502517e-06,-0.0064951718197449404,-0.1045565064778085
10.8,2.2,0.00227203,0.0638889,0.074678,-0.108194,-0.00621223,0.0,0,3.50494,0.00486749,0.00252043,0.0638889,0.00227203,3.9231819744940315e-05,2.506477808502517e-06,-0.00625146181974494,-0.1081965064778085
10.82,2.2,0.00227203,0.0622713,0.100687,-0.109913,-0.00622534,0.0,0,3.50623,0.00487075,0.00252123,0.0622713,0.00227203,3.823851136611922e-05,2.3811618128330198e-06,-0.006263578511366119,-0.10991538116181283
10.84,2.2,0.00227203,0.0611111,0.122141,-0.110161,-0.00719039,0.0,0,3.50749,0.00487394,0.002522,0.0611111,0.00227203,3.7526075414425064e-05,2.2932597472584716e-06,-0.007227916075414425,-0.11016329325974725
10.86,2.2,0.00227203,0.018694,0.137757,-0.110631,-0.00646239,0.0,0,3.50874,0.00487709,0.00252277,0.018694,0.00227203,1.1479297715932288e-05,2.1459399150163818e-07,-0.006473869297715933,-0.1106312145939915
10.88,2.2,0.00227203,0.0,0.14695,-0.112592,-0.00772531,0.0,0,3.50914,0.0048781,0.00252302,0.0,0.00227203,0.0,0.0,-0.00772531,-0.112592
10.9,2.2,0.00227203,0.0,0.148413,-0.11562,-0.00777585,0.0,0,3.50917,0.00487817,0.00252304,0.0,0.00227203,0.0,0.0,-0.00777585,-0.11562
10.92,2.2,0.00227203,0.0,0.141203,-0.118359,-0.00754221,0.0,0,3.5092,0.00487825,0.00252305,0.0,0.00227203,0.0,0.0,-0.00754221,-0.118359
10.94,2.2,0.00227203,0.0,0.126678,-0.119719,-0.00613327,0.0,0,3.50923,0.00487832,0.00252307,0.0,0.00227203,0.0,0.0,-0.00613327,-0.119719
10.96,2.2,0.00227203,0.0,0.10805,-0.119018,-0.00698288,0.0,0,3.50926,0.00487838,0.00252309,0.0,0.00227203,0.0,0.0,-0.00698288,-0.119018
10.98,2.2,0.00227203,0.0,0.0883481,-0.115807,-0.00598353,0.0,0,3.50928,0.00487844,0.0025231,0.0,0.00227203,0.0,0.0,-0.00598353,-0.115807
11.0,2.2,0.00227203,0.0,0.0696475,-0.11003,-0.0061296,0.0,0,3.50929,0.00487848,0.00252311,0.0,0.00227203,0.0,0.0,-0.0061296,-0.11003
11.02,2.2,0.00227203,0.0,0.0541181,-0.102576,-0.00536036,0.0,0,3.50931,0.00487852,0.00252312,0.0,0.00227203,0.0,0.0,-0.00536036,-0.102576
11.04,2.2,0.00227203,0.0,0.0447036,-0.0957607,-0.00560134,0.0,0,3.50932,0.00487855,0.00252313,0.0,0.00227203,0.0,0.0,-0.00560134,-0.0957607
11.06,2.2,0.00227203,0.0,0.043756,-0.092482,-0.00713569,0.0,0,3.50933,0.00487857,0.00252313,0.0,0.00227203,0.0,0.0,-0.00713569,-0.092482
11.08,2.2,0.00227203,0.0,0.051173,-0.0938138,-0.00613978,0.0,0,3.50934,0.00487859,0.00252314,0.0,0.00227203,0.0,0.0,-0.00613978,-0.0938138
11.1,2.2,0.00227203,0.0,0.0643296,-0.0977516,-0.00617662,0.0,0,3.50935,0.00487862,0.00252314,0.0,0.00227203,0.0,0.0,-0.00617662,-0.0977516
11.12,2.2,0.00227203,0.0,0.0793729,-0.101136,-0.0069199,0.0,0,3.50936,0.00487865,0.00252315,0.0,0.00227203,0.0,0.0,-0.0069199,-0.101136
11.14,2.2,0.00227203,0.0,0.0923254,-0.102602,-0.0077992,0.0,0,3.50938,0.00487869,0.00252316,0.0,0.00227203,0.0,0.0,-0.0077992,-0.102602
11.16,2.2,0.00227203,0.0,0.0998119,-0.103174,-0.00602302,0.0,0,3.50939,0.00487874,0.00252317,0.0,0.00227203,0.0,0.0,-0.00602302,-0.103174
11.18,2.2,0.00227203,0.0,0.100077,-0.104018,-0.00698358,0.0,0,3.50941,0.00487879,0.00252318,0.0,0.00227203,0.0,0.0,-0.00698358,-0.104018
11.2,2.2,0.00227203,0.0,0.0940607,-0.104738,-0.00635828,0.0,0,3.50943,0.00487884,0.0025232,0.0,0.00227203,0.0,0.0,-0.00635828,-0.104738
11.22,2.2,0.00227203,0.0,0.0851961,-0.104732,-0.0072,0.0,0,3.50945,0.00487888,0.00252321,0.0,0.00227203,0.0,0.0,-0.0072,-0.104732
11.24,2.2,0.00227203,0.0,0.0777947,-0.104883,-0.00525731,0.0,0,3.50947,0.00487893,0.00252322,0.0,0.00227203,0.0,0.0,-0.00525731,-0.104883
11.26,2.2,0.00227203,0.0,0.0751447,-0.106675,-0.0064558,0.0,0,3.50949,0.00487897,0.00252323,0.0,0.00227203,0.0,0.0,-0.0064558,-0.106675
11.28,2.2,0.00227203,0.0,0.0779409,-0.110262,-0.00675602,0.0,0,3.5095,0.004879,0.00252324,0.0,0.00227203,0.0,0.0,-0.00675602,-0.110262
11.3,2.2,0.00227203,0.0,0.0837071,-0.114289,-0.00702839,0.0,0,3.50952,0.00487904,0.00252325,0.0,0.00227203,0.0,0.0,-0.00702839,-0.114289
11.32,2.2,0.00227203,0.0,0.0882032,-0.117263,-0.00672483,0.0,0,3.50953,0.00487909,0.00252326,0.0,0.00227203,0.0,0.0,-0.00672483,-0.117263
11.34,2.2,0.00227203,0.0,0.0886234,-0.118438,-0.00633161,0.0,0,3.50955,0.00487913,0.00252327,0.0,0.00227203,0.0,0.0,-0.00633161,-0.118438
11.36,2.2,0.00227203,0.0,0.0859312,-0.117704,-0.00778195,0.0,0,3.50957,0.00487917,0.00252328,0.0,0.00227203,0.0,0.0,-0.00778195,-0.117704
11.38,2.2,0.00227203,0.0,0.0833971,-0.115399,-0.00761266,0.0,0,3.50959,0.00487922,0.00252329,0.0,0.00227203,0.0,0.0,-0.00761266,-0.115399
11.4,2.2,0.00227203,0.0,0.08303,-0.112371,-0.00654739,0.0,0,3.5096,0.00487926,0.0025233,0.0,0.00227203,0.0,0.0,-0.00654739,-0.112371
11.42,2.2,0.00227203,0.0,0.0844437,-0.109869,-0.00663981,0.0,0,3.50962,0.0048793,0.00252331,0.0,0.00227203,0.0,0.0,-0.00663981,-0.109869
11.44,2.2,0.00227203,0.0,0.0864853,-0.108822,-0.007147,0.0,0,3.50964,0.00487934,0.00252332,0.0,0.00227203,0.0,0.0,-0.007147,-0.108822
11.46,2.2,0.00227203,0.0,0.0885633,-0.109115,-0.0072,0.0,0,3.50965,0.00487939,0.00252333,0.0,0.00227203,0.0,0.0,-0.0072,-0.109115
11.48,2.2,0.00227203,0.0,0.0907028,-0.109447,-0.00716682,0.0,0,3.50967,0.00487943,0.00252334,0.0,0.00227203,0.0,0.0,-0.00716682,-0.109447
11.5,2.2,0.00227203,0.0,0.0931769,-0.108229,-0.0072,0.0,0,3.50969,0.00487948,0.00252335,0.0,0.00227203,0.0,0.0,-0.0072,-0.108229
11.52,2.2,0.00227203,0.0,0.0961051,-0.105547,-0.00709386,0.0,0,3.50971,0.00487953,0.00252336,0.0,0.00227203,0.0,0.0,-0.00709386,-0.105547
11.54,2.2,0.00227203,0.0,0.0990068,-0.10358,-0.00719075,0.0,0,3.50973,0.00487957,0.00252338,0.0,0.00227203,0.0,0.0,-0.00719075,-0.10358
11.56,2.2,0.00227203,0.0,0.100713,-0.104161,-0.00718864,0.0,0,3.50975,0.00487962,0.00252339,0.0,0.00227203,0.0,0.0,-0.00718864,-0.104161
11.58,2.2,0.00227203,0.0,0.100444,-0.106777,-0.00668596,0.0,0,3.50977,0.00487968,0.0025234,0.0,0.00227203,0.0,0.0,-0.00668596,-0.106777
11.6,2.2,0.00227203,0.0,0.0989775,-0.10935,-0.00664603,0.0,0,3.50979,0.00487973,0.00252341,0.0,0.00227203,0.0,0.0,-0.00664603,-0.10935
11.62,2.2,0.00227203,0.0,0.0974452,-0.110247,-0.00595706,0.0,0,3.50981,0.00487978,0.00252342,0.0,0.00227203,0.0,0.0,-0.00595706,-0.110247
11.64,2.2,0.00227203,0.0,0.095391,-0.109473,-0.00747004,0.0,0,3.50983,0.00487983,0.00252344,0.0,0.00227203,0.0,0.0,-0.00747004,-0.109473
11.66,2.2,0.00227203,0.0,0.0915918,-0.108461,-0.00726833,0.0,0,3.50985,0.00487987,0.00252345,0.0,0.00227203,0.0,0.0,-0.00726833,-0.108461
11.68,2.2,0.00227203,0.0,0.0859779,-0.108941,-0.00783607,0.0,0,3.50986,0.00487992,0.00252346,0.0,0.00227203,0.0,0.0,-0.00783607,-0.108941
11.7,2.2,0.00227203,0.0,0.0798294,-0.111847,-0.0062851,0.0,0,3.50988,0.00487996,0.00252347,0.0,0.00227203,0.0,0.0,-0.0062851,-0.111847
11.72,2.2,0.00227203,0.0,0.0750501,-0.116824,-0.00643018,0.0,0,3.5099,0.00488,0.00252348,0.0,0.00227203,0.0,0.0,-0.00643018,-0.116824
11.74,2.2,0.00227203,0.0,0.0731362,-0.12221,-0.00623096,0.0,0,3.50991,0.00488004,0.00252349,0.0,0.00227203,0.0,0.0,-0.00623096,-0.12221
11.76,2.2,0.00227203,0.0,0.0740828,-0.125866,-0.00760957,0.0,0,3.50993,0.00488008,0.0025235,0.0,0.00227203,0.0,0.0,-0.00760957,-0.125866
11.78,2.2,0.00227203,0.0,0.076832,-0.126629,-0.00629512,0.0,0,3.50994,0.00488012,0.00252351,0.0,0.00227203,0.0,0.0,-0.00629512,-0.126629
11.8,2.2,0.00227203,0.0,0.0806876,-0.124799,-0.00662087,0.0,0,3.50996,0.00488015,0.00252352,0.0,0.00227203,0.0,0.0,-0.00662087,-0.124799
11.82,2.2,0.00227203,0.0,0.085246,-0.121191,-0.00691341,0.0,0,3.50997,0.00488019,0.00252353,0.0,0.00227203,0.0,0.0,-0.00691341,-0.121191
11.84,2.2,0.00227203,0.0,0.0894404,-0.116293,-0.007,0.0,0,3.50999,0.00488024,0.00252354,0.0,0.00227203,0.0,0.0,-0.007,-0.116293
11.86,2.2,0.00227203,0.0,0.0919981,-0.11048,-0.007,0.0,0,3.51001,0.00488028,0.00252355,0.0,0.00227203,0.0,0.0,-0.007,-0.11048
11.88,2.2,0.00227203,0.0,0.0930213,-0.104434,-0.00498368,0.0,0,3.51003,0.00488033,0.00252356,0.0,0.00227203,0.0,0.0,-0.00498368,-0.104434
11.9,2.2,0.00227203,0.0,0.0942166,-0.0989459,-0.00674296,0.0,0,3.51004,0.00488038,0.00252357,0.0,0.00227203,0.0,0.0,-0.00674296,-0.0989459
11.92,2.2,0.00227203,0.0,0.0967156,-0.0947428,-0.0064254,0.0,0,3.51006,0.00488042,0.00252358,0.0,0.00227203,0.0,0.0,-0.0064254,-0.0947428
11.94,2.2,0.00227203,0.0,0.0994074,-0.0925898,-0.00679951,0.0,0,3.51008,0.00488047,0.00252359,0.0,0.00227203,0.0,0.0,-0.00679951,-0.0925898
11.96,2.2,0.00227203,0.0,0.100562,-0.0928326,-0.00645132,0.0,0,3.5101,0.00488052,0.00252361,0.0,0.00227203,0.0,0.0,-0.00645132,-0.0928326
11.98,2.2,0.00227203,0.0,0.100097,-0.0950329,-0.00730595,0.0,0,3.51012,0.00488057,0.00252362,0.0,0.00227203,0.0,0.0,-0.00730595,-0.0950329
12.0,2.2,0.00227203,0.0,0.0990161,-0.0986878,-0.00574204,0.0,0,3.51014,0.00488062,0.00252363,0.0,0.00227203,0.0,0.0,-0.00574204,-0.0986878
12.02,2.2,0.00227203,0.0,0.0979387,-0.103602,-0.00725332,0.0,0,3.51016,0.00488067,0.00252364,0.0,0.00227203,0.0,0.0,-0.00725332,-0.103602
12.04,2.2,0.00227203,0.0,0.0971351,-0.108986,-0.00685227,0.0,0,3.51018,0.00488072,0.00252366,0.0,0.00227203,0.0,0.0,-0.00685227,-0.108986
12.06,2.2,0.00227203,0.0,0.0965894,-0.113191,-0.00775926,0.0,0,3.5102,0.00488077,0.00252367,0.0,0.00227203,0.0,0.0,-0.00775926,-0.113191
12.08,2.2,0.00227203,0.0,0.0957746,-0.1148,-0.0072,0.0,0,3.51022,0.00488082,0.00252368,0.0,0.00227203,0.0,0.0,-0.0072,-0.1148
12.1,2.2,0.00227203,0.0,0.0945299,-0.113469,-0.0064713,0.0,0,3.51024,0.00488087,0.00252369,0.0,0.00227203,0.0,0.0,-0.0064713,-0.113469
12.12,2.2,0.00227203,0.0,0.0938885,-0.110012,-0.00606108,0.0,0,3.51026,0.00488092,0.0025237,0.0,0.00227203,0.0,0.0,-0.00606108,-0.110012
12.14,2.2,0.00227203,0.0,0.0950108,-0.10612,-0.00719311,0.0,0,3.51028,0.00488096,0.00252371,0.0,0.00227203,0.0,0.0,-0.00719311,-0.10612
12.16,2.2,0.00227203,0.0,0.0973071,-0.103252,-0.00855858,0.0,0,3.5103,0.00488101,0.00252373,0.0,0.00227203,0.0,0.0,-0.00855858,-0.103252
12.18,2.2,0.00227203,0.0,0.0987313,-0.101325,-0.00718319,0.0,0,3.51032,0.00488106,0.00252374,0.0,0.00227203,0.0,0.0,-0.00718319,-0.101325
12.2,2.2,0.00227203,0.0,0.098258,-0.099266,-0.00689117,0.0,0,3.51034,0.00488111,0.00252375,0.0,0.00227203,0.0,0.0,-0.00689117,-0.099266
12.22,2.2,0.00227203,0.0,0.0968562,-0.0968885,-0.0077367,0.0,0,3.51036,0.00488116,0.00252376,0.0,0.00227203,0.0,0.0,-0.0077367,-0.0968885
12.24,2.2,0.00227203,0.0,0.0959776,-0.0951928,-0.006416,0.0,0,3.51038,0.00488121,0.00252377,0.0,0.00227203,0.0,0.0,-0.006416,-0.0951928
12.26,2.2,0.00227203,0.0,0.0961865,-0.0948531,-0.00662355,0.0,0,3.51039,0.00488126,0.00252379,0.0,0.00227203,0.0,0.0,-0.00662355,-0.0948531
12.28,2.2,0.00227203,0.0,0.0969173,-0.0954624,-0.00646288,0.0,0,3.51041,0.00488131,0.0025238,0.0,0.00227203,0.0,0.0,-0.00646288,-0.0954624
12.3,2.2,0.00227203,0.0,0.096904,-0.0964307,-0.00666286,0.0,0,3.51043,0.00488136,0.00252381,0.0,0.00227203,0.0,0.0,-0.00666286,-0.0964307
12.32,2.2,0.00227203,0.0,0.095274,-0.0976317,-0.00702127,0.0,0,3.51045,0.00488141,0.00252382,0.0,0.00227203,0.0,0.0,-0.00702127,-0.0976317
12.34,2.2,0.00227203,0.0,0.0923001,-0.0988917,-0.00599157,0.0,0,3.51047,0.00488145,0.00252383,0.0,0.00227203,0.0,0.0,-0.00599157,-0.0988917
12.36,2.2,0.00227203,0.0,0.0888909,-0.0998595,-0.00775773,0.0,0,3.51049,0.0048815,0.00252384,0.0,0.00227203,0.0,0.0,-0.00775773,-0.0998595
12.38,2.2,0.00227203,0.0,0.0859276,-0.100162,-0.00718446,0.0,0,3.51051,0.00488154,0.00252386,0.0,0.00227203,0.0,0.0,-0.00718446,-0.100162
12.4,2.2,0.00227203,0.0,0.0840224,-0.0988586,-0.00653275,0.0,0,3.51053,0.00488159,0.00252387,0.0,0.00227203,0.0,0.0,-0.00653275,-0.0988586
12.42,2.2,0.00227203,0.0,0.0829085,-0.0948483,-0.00717779,0.0,0,3.51054,0.00488163,0.00252388,0.0,0.00227203,0.0,0.0,-0.00717779,-0.0948483
12.44,2.2,0.00227203,0.0,0.0815506,-0.0886219,-0.00594049,0.0,0,3.51056,0.00488167,0.00252389,0.0,0.00227203,0.0,0.0,-0.00594049,-0.0886219
12.46,2.2,0.00227203,0.0,0.0798953,-0.0827984,-0.00776234,0.0,0,3.51057,0.00488171,0.0025239,0.0,0.00227203,0.0,0.0,-0.00776234,-0.0827984
12.48,2.2,0.00227203,0.0,0.0793091,-0.0806907,-0.00664763,0.0,0,3.51059,0.00488175,0.00252391,0.0,0.00227203,0.0,0.0,-0.00664763,-0.0806907
12.5,2.2,0.00227203,0.0,0.0804917,-0.08406,-0.00616216,0.0,0,3.51061,0.00488179,0.00252392,0.0,0.00227203,0.0,0.0,-0.00616216,-0.08406
12.52,2.2,0.00227203,0.0,0.0825264,-0.0915564,-0.00715694,0.0,0,3.51062,0.00488183,0.00252393,0.0,0.00227203,0.0,0.0,-0.00715694,-0.0915564
12.54,2.2,0.00227203,0.0,0.084285,-0.0998871,-0.00620857,0.0,0,3.51064,0.00488188,0.00252394,0.0,0.00227203,0.0,0.0,-0.00620857,-0.0998871
12.56,2.2,0.00227203,0.0,0.0856247,-0.106966,-0.00601852,0.0,0,3.51066,0.00488192,0.00252395,0.0,0.00227203,0.0,0.0,-0.00601852,-0.106966
12.58,2.2,0.00227203,0.0,0.0874243,-0.113205,-0.00727227,0.0,0,3.51067,0.00488196,0.00252396,0.0,0.00227203,0.0,0.0,-0.00727227,-0.113205
12.6,2.2,0.00227203,0.0,0.090844,-0.119469,-0.0079123,0.0,0,3.51069,0.00488201,0.00252397,0.0,0.00227203,0.0,0.0,-0.0079123,-0.119469
12.62,2.2,0.00227203,0.0,0.0958216,-0.12454,-0.0065266,0.0,0,3.51071,0.00488205,0.00252398,0.0,0.00227203,0.0,0.0,-0.0065266,-0.12454
12.64,2.2,0.00227203,0.0,0.100294,-0.125783,-0.00609089,0.0,0,3.51073,0.0048821,0.00252399,0.0,0.00227203,0.0,0.0,-0.00609089,-0.125783
12.66,2.2,0.00227203,0.0,0.101886,-0.122141,-0.00683592,0.0,0,3.51075,0.00488215,0.002524,0.0,0.00227203,0.0,0.0,-0.00683592,-0.122141
12.68,2.2,0.00227203,0.0,0.100255,-0.114944,-0.00701773,0.0,0,3.51077,0.0048822,0.00252402,0.0,0.00227203,0.0,0.0,-0.00701773,-0.114944
12.7,2.2,0.00227203,0.0,0.0970747,-0.106176,-0.0072,0.0,0,3.51079,0.00488225,0.00252403,0.0,0.00227203,0.0,0.0,-0.0072,-0.106176
12.72,2.2,0.00227203,0.0,0.0942362,-0.0981102,-0.00623395,0.0,0,3.51081,0.0048823,0.00252404,0.0,0.00227203,0.0,0.0,-0.00623395,-0.0981102
12.74,2.2,0.00227203,0.0,0.0927274,-0.0937895,-0.00683641,0.0,0,3.51083,0.00488235,0.00252405,0.0,0.00227203,0.0,0.0,-0.00683641,-0.0937895
12.76,2.2,0.00227203,0.0,0.0926722,-0.095503,-0.00733089,0.0,0,3.51085,0.0048824,0.00252406,0.0,0.00227203,0.0,0.0,-0.00733089,-0.095503
12.78,2.2,0.00227203,0.0,0.0936099,-0.103217,-0.00763725,0.0,0,3.51086,0.00488244,0.00252407,0.0,0.00227203,0.0,0.0,-0.00763725,-0.103217
12.8,2.2,0.00227203,0.0,0.0949456,-0.114431,-0.0064,0.0,0,3.51088,0.00488249,0.00252409,0.0,0.00227203,0.0,0.0,-0.0064,-0.114431
12.82,2.2,0.00227203,0.0,0.0965404,-0.124682,-0.00702666,0.0,0,3.5109,0.00488254,0.0025241,0.0,0.00227203,0.0,0.0,-0.00702666,-0.124682
12.84,2.2,0.00227203,0.0,0.0984952,-0.129783,-0.00734235,0.0,0,3.51092,0.00488259,0.00252411,0.0,0.00227203,0.0,0.0,-0.00734235,-0.129783
12.86,2.2,0.00227203,0.0,0.100603,-0.128433,-0.00650723,0.0,0,3.51094,0.00488264,0.00252412,0.0,0.00227203,0.0,0.0,-0.00650723,-0.128433
12.88,2.2,0.00227203,0.0,0.102425,-0.122064,-0.00613227,0.0,0,3.51096,0.00488269,0.00252413,0.0,0.00227203,0.0,0.0,-0.00613227,-0.122064
12.9,2.2,0.00227203,0.0,0.103311,-0.11299,-0.00680038,0.0,0,3.51098,0.00488274,0.00252415,0.0,0.00227203,0.0,0.0,-0.00680038,-0.11299
12.92,2.2,0.00227203,0.0,0.102577,-0.103742,-0.0072,0.0,0,3.511,0.00488279,0.00252416,0.0,0.00227203,0.0,0.0,-0.0072,-0.103742
12.94,2.2,0.00227203,0.0,0.100216,-0.0971431,-0.0072,0.0,0,3.51102,0.00488284,0.00252417,0.0,0.00227203,0.0,0.0,-0.0072,-0.0971431
12.96,2.2,0.00227203,0.0,0.0973823,-0.0949151,-0.00648691,0.0,0,3.51104,0.00488289,0.00252418,0.0,0.00227203,0.0,0.0,-0.00648691,-0.0949151
12.98,2.2,0.00227203,0.0,0.0958834,-0.096116,-0.00647384,0.0,0,3.51106,0.00488294,0.0025242,0.0,0.00227203,0.0,0.0,-0.00647384,-0.096116
13.0,2.2,0.00227203,0.0,0.0966477,-0.0985316,-0.0062,0.0,0,3.51108,0.00488299,0.00252421,0.0,0.00227203,0.0,0.0,-0.0062,-0.0985316
13.02,2.2,0.00227203,0.0,0.0991908,-0.101326,-0.0072,0.0,0,3.5111,0.00488304,0.00252422,0.0,0.00227203,0.0,0.0,-0.0072,-0.101326
13.04,2.2,0.00227203,0.0,0.10257,-0.105006,-0.0072,0.0,0,3.51112,0.00488309,0.00252423,0.0,0.00227203,0.0,0.0,-0.0072,-0.105006
13.06,2.2,0.00227203,0.0,0.105673,-0.109363,-0.00701318,0.0,0,3.51114,0.00488314,0.00252424,0.0,0.00227203,0.0,0.0,-0.00701318,-0.109363
13.08,2.2,0.00227203,0.0,0.107464,-0.112895,-0.00588877,0.0,0,3.51116,0.0048832,0.00252426,0.0,0.00227203,0.0,0.0,-0.00588877,-0.112895
13.1,2.2,0.00227203,0.0,0.107995,-0.114124,-0.00673386,0.0,0,3.51118,0.00488325,0.00252427,0.0,0.00227203,0.0,0.0,-0.00673386,-0.114124
13.12,2.2,0.00227203,0.0,0.108054,-0.112639,-0.006,0.0,0,3.5112,0.0048833,0.00252428,0.0,0.00227203,0.0,0.0,-0.006,-0.112639
13.14,2.2,0.00227203,0.0,0.107584,-0.109304,-0.00700139,0.0,0,3.51123,0.00488336,0.0025243,0.0,0.00227203,0.0,0.0,-0.00700139,-0.109304
13.16,2.2,0.00227203,0.0,0.105805,-0.106056,-0.00602136,0.0,0,3.51125,0.00488341,0.00252431,0.0,0.00227203,0.0,0.0,-0.00602136,-0.106056
13.18,2.2,0.00227203,0.0,0.102861,-0.104802,-0.00615839,0.0,0,3.51127,0.00488347,0.00252432,0.0,0.00227203,0.0,0.0,-0.00615839,-0.104802
13.2,2.2,0.00227203,0.0,0.100032,-0.105987,-0.00830509,0.0,0,3.51129,0.00488352,0.00252434,0.0,0.00227203,0.0,0.0,-0.00830509,-0.105987
13.22,2.2,0.00227203,0.0,0.0982313,-0.108814,-0.0065399,0.0,0,3.51131,0.00488357,0.00252435,0.0,0.00227203,0.0,0.0,-0.0065399,-0.108814
13.24,2.2,0.00227203,0.0,0.0973688,-0.112523,-0.00834189,0.0,0,3.51133,0.00488362,0.00252436,0.0,0.00227203,0.0,0.0,-0.00834189,-0.112523
13.26,2.2,0.00227203,0.0,0.0974707,-0.11624,-0.00601953,0.0,0,3.51135,0.00488367,0.00252437,0.0,0.00227203,0.0,0.0,-0.00601953,-0.11624
13.28,2.2,0.00227203,0.0,0.0991666,-0.118451,-0.00770918,0.0,0,3.51137,0.00488372,0.00252438,0.0,0.00227203,0.0,0.0,-0.00770918,-0.118451
13.3,2.2,0.00227203,0.0,0.102155,-0.118401,-0.0064,0.0,0,3.51139,0.00488377,0.0025244,0.0,0.00227203,0.0,0.0,-0.0064,-0.118401
13.32,2.2,0.00227203,0.0,0.104677,-0.11719,-0.007,0.0,0,3.51141,0.00488382,0.00252441,0.0,0.00227203,0.0,0.0,-0.007,-0.11719
13.34,2.2,0.00227203,0.0,0.10534,-0.116156,-0.00680731,0.0,0,3.51143,0.00488387,0.00252442,0.0,0.00227203,0.0,0.0,-0.00680731,-0.116156
13.36,2.2,0.00227203,0.0,0.103804,-0.115167,-0.00772344,0.0,0,3.51145,0.00488392,0.00252443,0.0,0.00227203,0.0,0.0,-0.00772344,-0.115167
13.38,2.2,0.00227203,0.0,0.0995891,-0.113232,-0.00709351,0.0,0,3.51147,0.00488398,0.00252445,0.0,0.00227203,0.0,0.0,-0.00709351,-0.113232
13.4,2.2,0.00227203,0.0,0.09246,-0.109889,-0.00724218,0.0,0,3.51149,0.00488403,0.00252446,0.0,0.00227203,0.0,0.0,-0.00724218,-0.109889
13.42,2.2,0.00227203,0.0,0.0842346,-0.105592,-0.00699156,0.0,0,3.51151,0.00488407,0.00252447,0.0,0.00227203,0.0,0.0,-0.00699156,-0.105592
13.44,2.2,0.00227203,0.0,0.0782507,-0.101174,-0.00556313,0.0,0,3.51153,0.00488412,0.00252448,0.0,0.00227203,0.0,0.0,-0.00556313,-0.101174
13.46,2.2,0.00227203,0.0,0.0767504,-0.0973749,-0.00718467,0.0,0,3.51154,0.00488416,0.00252449,0.0,0.00227203,0.0,0.0,-0.00718467,-0.0973749
13.48,2.2,0.00227203,0.0,0.0798976,-0.0947114,-0.00624731,0.0,0,3.51156,0.00488419,0.0025245,0.0,0.00227203,0.0,0.0,-0.00624731,-0.0947114
13.5,2.2,0.00227203,0.0,0.0863983,-0.0933093,-0.00505389,0.0,0,3.51157,0.00488423,0.00252451,0.0,0.00227203,0.0,0.0,-0.00505389,-0.0933093
13.52,2.2,0.00227203,0.0,0.0938309,-0.0933701,-0.00755249,0.0,0,3.51159,0.00488428,0.00252452,0.0,0.00227203,0.0,0.0,-0.00755249,-0.0933701
13.54,2.2,0.00227203,0.0,0.0993107,-0.0957367,-0.00599774,0.0,0,3.51161,0.00488433,0.00252453,0.0,0.00227203,0.0,0.0,-0.00599774,-0.0957367
13.56,2.2,0.00227203,0.0,0.101126,-0.101051,-0.0068723,0.0,0,3.51163,0.00488438,0.00252454,0.0,0.00227203,0.0,0.0,-0.0068723,-0.101051
13.58,2.2,0.00227203,0.0,0.099735,-0.108599,-0.00592386,0.0,0,3.51165,0.00488443,0.00252456,0.0,0.00227203,0.0,0.0,-0.00592386,-0.108599
13.6,2.2,0.00227203,0.0,0.096562,-0.116643,-0.00621634,0.0,0,3.51167,0.00488448,0.00252457,0.0,0.00227203,0.0,0.0,-0.00621634,-0.116643
13.62,2.2,0.00227203,0.0,0.0925949,-0.123531,-0.00763899,0.0,0,3.51169,0.00488453,0.00252458,0.0,0.00227203,0.0,0.0,-0.00763899,-0.123531
13.64,2.2,0.00227203,0.0,0.0888611,-0.127933,-0.00678824,0.0,0,3.51171,0.00488457,0.00252459,0.0,0.00227203,0.0,0.0,-0.00678824,-0.127933
13.66,2.2,0.00227203,0.0,0.0866648,-0.1285,-0.00728069,0.0,0,3.51173,0.00488462,0.0025246,0.0,0.00227203,0.0,0.0,-0.00728069,-0.1285
13.68,2.2,0.00227203,0.0,0.0863204,-0.124698,-0.007,0.0,0,3.51174,0.00488466,0.00252461,0.0,0.00227203,0.0,0.0,-0.007,-0.124698
13.7,2.2,0.00227203,0.0,0.0868529,-0.11814,-0.0062,0.0,0,3.51176,0.00488471,0.00252462,0.0,0.00227203,0.0,0.0,-0.0062,-0.11814
13.72,2.2,0.00227203,0.0,0.0876259,-0.111879,-0.0074,0.0,0,3.51178,0.00488475,0.00252463,0.0,0.00227203,0.0,0.0,-0.0074,-0.111879
13.74,2.2,0.00227203,0.0,0.0889377,-0.108304,-0.00720704,0.0,0,3.51179,0.00488479,0.00252465,0.0,0.00227203,0.0,0.0,-0.00720704,-0.108304
13.76,2.2,0.00227203,0.0,0.0906864,-0.108208,-0.007,0.0,0,3.51181,0.00488484,0.00252466,0.0,0.00227203,0.0,0.0,-0.007,-0.108208
13.78,2.2,0.00227203,0.0,0.0921844,-0.110989,-0.0064,0.0,0,3.51183,0.00488488,0.00252467,0.0,0.00227203,0.0,0.0,-0.0064,-0.110989
13.8,2.2,0.00227203,0.0,0.0934097,-0.11477,-0.00629067,0.0,0,3.51185,0.00488493,0.00252468,0.0,0.00227203,0.0,0.0,-0.00629067,-0.11477
13.82,2.2,0.00227203,0.0,0.0947464,-0.116965,-0.0064,0.0,0,3.51187,0.00488498,0.00252469,0.0,0.00227203,0.0,0.0,-0.0064,-0.116965
13.84,2.2,0.00227203,0.0,0.0957244,-0.116127,-0.0081373,0.0,0,3.51189,0.00488503,0.0025247,0.0,0.00227203,0.0,0.0,-0.0081373,-0.116127
13.86,2.2,0.00227203,0.0,0.095668,-0.113093,-0.00643771,0.0,0,3.51191,0.00488507,0.00252471,0.0,0.00227203,0.0,0.0,-0.00643771,-0.113093
13.88,2.2,0.00227203,0.0,0.0950164,-0.109516,-0.00582944,0.0,0,3.51193,0.00488512,0.00252473,0.0,0.00227203,0.0,0.0,-0.00582944,-0.109516
13.9,2.2,0.00227203,0.0,0.0948095,-0.106414,-0.0063547,0.0,0,3.51194,0.00488517,0.00252474,0.0,0.00227203,0.0,0.0,-0.0063547,-0.106414
13.92,2.2,0.00227203,0.0,0.0955436,-0.104658,-0.00617262,0.0,0,3.51196,0.00488522,0.00252475,0.0,0.00227203,0.0,0.0,-0.00617262,-0.104658
13.94,2.2,0.00227203,0.0,0.0967859,-0.104979,-0.0068,0.0,0,3.51198,0.00488527,0.00252476,0.0,0.00227203,0.0,0.0,-0.0068,-0.104979
13.96,2.2,0.00227203,0.0,0.0974619,-0.1067,-0.0076832,0.0,0,3.512,0.00488532,0.00252477,0.0,0.00227203,0.0,0.0,-0.0076832,-0.1067
13.98,2.2,0.00227203,0.0,0.0968473,-0.107807,-0.00605898,0.0,0,3.51202,0.00488536,0.00252478,0.0,0.00227203,0.0,0.0,-0.00605898,-0.107807
14.0,2.2,0.00227203,0.0,0.0952483,-0.106762,-0.00776987,0.0,0,3.51204,0.00488541,0.0025248,0.0,0.00227203,0.0,0.0,-0.00776987,-0.106762
14.02,2.2,0.00227203,0.0,0.0933348,-0.103583,-0.00583034,0.0,0,3.51206,0.00488546,0.00252481,0.0,0.00227203,0.0,0.0,-0.00583034,-0.103583
14.04,2.2,0.00227203,0.0,0.0912492,-0.0989063,-0.0064,0.0,0,3.51208,0.00488551,0.00252482,0.0,0.00227203,0.0,0.0,-0.0064,-0.0989063
14.06,2.2,0.00227203,0.0,0.0885611,-0.0930522,-0.00607413,0.0,0,3.5121,0.00488555,0.00252483,0.0,0.00227203,0.0,0.0,-0.00607413,-0.0930522
14.08,2.2,0.00227203,0.0,0.0846728,-0.0872223,-0.0066293,0.0,0,3.51211,0.0048856,0.00252484,0.0,0.00227203,0.0,0.0,-0.0066293,-0.0872223
14.1,2.2,0.00227203,0.0,0.0793305,-0.0839279,-0.00713134,0.0,0,3.51213,0.00488564,0.00252485,0.0,0.00227203,0.0,0.0,-0.00713134,-0.0839279
14.12,2.2,0.00227203,0.0,0.0729225,-0.0846866,-0.00684685,0.0,0,3.51215,0.00488568,0.00252486,0.0,0.00227203,0.0,0.0,-0.00684685,-0.0846866
14.14,2.2,0.00227203,0.0,0.0662601,-0.0889076,-0.00600844,0.0,0,3.51216,0.00488572,0.00252487,0.0,0.00227203,0.0,0.0,-0.00600844,-0.0889076
14.16,2.2,0.00227203,0.0,0.0605441,-0.0948576,-0.00742231,0.0,0,3.51217,0.00488575,0.00252488,0.0,0.00227203,0.0,0.0,-0.00742231,-0.0948576
14.18,2.2,0.00227203,0.0,0.0576419,-0.100236,-0.00768275,0.0,0,3.51219,0.00488578,0.00252489,0.0,0.00227203,0.0,0.0,-0.00768275,-0.100236
14.2,2.2,0.00227203,0.0,0.0593048,-0.103017,-0.00718583,0.0,0,3.5122,0.00488581,0.00252489,0.0,0.00227203,0.0,0.0,-0.00718583,-0.103017
14.22,2.2,0.00227203,0.0,0.065249,-0.103066,-0.00722598,0.0,0,3.51221,0.00488584,0.0025249,0.0,0.00227203,0.0,0.0,-0.00722598,-0.103066
14.24,2.2,0.00227203,0.0,0.072722,-0.102368,-0.00716952,0.0,0,3.51222,0.00488587,0.00252491,0.0,0.00227203,0.0,0.0,-0.00716952,-0.102368
14.26,2.2,0.00227203,0.0,0.079236,-0.102879,-0.00732153,0.0,0,3.51224,0.00488591,0.00252492,0.0,0.00227203,0.0,0.0,-0.00732153,-0.102879
14.28,2.2,0.00227203,0.0,0.0846995,-0.104627,-0.00604456,0.0,0,3.51225,0.00488595,0.00252493,0.0,0.00227203,0.0,0.0,-0.00604456,-0.104627
14.3,2.2,0.00227203,0.0,0.0894159,-0.106445,-0.00699456,0.0,0,3.51227,0.00488599,0.00252494,0.0,0.00227203,0.0,0.0,-0.00699456,-0.106445
14.32,2.2,0.00227203,0.0,0.0924591,-0.107671,-0.00684569,0.0,0,3.51229,0.00488604,0.00252495,0.0,0.00227203,0.0,0.0,-0.00684569,-0.107671
14.34,2.2,0.00227203,0.0,0.0935503,-0.10825,-0.00643185,0.0,0,3.51231,0.00488609,0.00252496,0.0,0.00227203,0.0,0.0,-0.00643185,-0.10825
14.36,2.2,0.00227203,0.0,0.0935803,-0.108106,-0.00675057,0.0,0,3.51233,0.00488613,0.00252497,0.0,0.00227203,0.0,0.0,-0.00675057,-0.108106
14.38,2.2,0.00227203,0.0,0.0929142,-0.107332,-0.0057252,0.0,0,3.51234,0.00488618,0.00252498,0.0,0.00227203,0.0,0.0,-0.0057252,-0.107332
14.4,2.2,0.00227203,0.0,0.0917971,-0.106168,-0.00753166,0.0,0,3.51236,0.00488623,0.00252499,0.0,0.00227203,0.0,0.0,-0.00753166,-0.106168
14.42,2.2,0.00227203,0.0,0.0914745,-0.104788,-0.00514715,0.0,0,3.51238,0.00488627,0.00252501,0.0,0.00227203,0.0,0.0,-0.00514715,-0.104788
14.44,2.2,0.00227203,0.0,0.0927499,-0.103826,-0.00768138,0.0,0,3.5124,0.00488632,0.00252502,0.0,0.00227203,0.0,0.0,-0.00768138,-0.103826
14.46,2.2,0.00227203,0.0,0.0946192,-0.104096,-0.00644541,0.0,0,3.51242,0.00488637,0.00252503,0.0,0.00227203,0.0,0.0,-0.00644541,-0.104096
14.48,2.2,0.00227203,0.0,0.0957216,-0.105225,-0.00762398,0.0,0,3.51244,0.00488641,0.00252504,0.0,0.00227203,0.0,0.0,-0.00762398,-0.105225
14.5,2.2,0.00227203,0.0,0.0959464,-0.105742,-0.00646655,0.0,0,3.51246,0.00488646,0.00252505,0.0,0.00227203,0.0,0.0,-0.00646655,-0.105742
14.52,2.2,0.00227203,0.0,0.0961787,-0.104926,-0.0062,0.0,0,3.51248,0.00488651,0.00252506,0.0,0.00227203,0.0,0.0,-0.0062,-0.104926
14.54,2.2,0.00227203,0.0,0.097716,-0.103849,-0.00639671,0.0,0,3.51249,0.00488656,0.00252508,0.0,0.00227203,0.0,0.0,-0.00639671,-0.103849
14.56,2.2,0.00227203,0.0,0.101264,-0.104228,-0.00639184,0.0,0,3.51251,0.00488661,0.00252509,0.0,0.00227203,0.0,0.0,-0.00639184,-0.104228
14.58,2.2,0.00227203,0.0,0.105522,-0.106583,-0.00690167,0.0,0,3.51253,0.00488666,0.0025251,0.0,0.00227203,0.0,0.0,-0.00690167,-0.106583
14.6,2.2,0.00227203,0.0,0.107933,-0.109749,-0.00679162,0.0,0,3.51256,0.00488671,0.00252511,0.0,0.00227203,0.0,0.0,-0.00679162,-0.109749
14.62,2.2,0.00227203,0.0,0.1069,-0.111664,-0.0082419,0.0,0,3.51258,0.00488677,0.00252513,0.0,0.00227203,0.0,0.0,-0.0082419,-0.111664
14.64,2.2,0.00227203,0.0,0.102299,-0.110873,-0.0072,0.0,0,3.5126,0.00488682,0.00252514,0.0,0.00227203,0.0,0.0,-0.0072,-0.110873
14.66,2.2,0.00227203,0.0,0.095327,-0.1079,-0.00765555,0.0,0,3.51262,0.00488687,0.00252515,0.0,0.00227203,0.0,0.0,-0.00765555,-0.1079
14.68,2.2,0.00227203,0.0,0.0888064,-0.104653,-0.0069069,0.0,0,3.51264,0.00488692,0.00252516,0.0,0.00227203,0.0,0.0,-0.0069069,-0.104653
14.7,2.2,0.00227203,0.0,0.0855234,-0.10288,-0.00639764,0.0,0,3.51266,0.00488697,0.00252517,0.0,0.00227203,0.0,0.0,-0.00639764,-0.10288
14.72,2.2,0.00227203,0.0,0.0857115,-0.103409,-0.00691998,0.0,0,3.51267,0.00488701,0.00252518,0.0,0.00227203,0.0,0.0,-0.00691998,-0.103409
14.74,2.2,0.00227203,0.0,0.0875208,-0.105678,-0.00779624,0.0,0,3.51269,0.00488705,0.0025252,0.0,0.00227203,0.0,0.0,-0.00779624,-0.105678
14.76,2.2,0.00227203,0.0,0.0889696,-0.108163,-0.00681299,0.0,0,3.51271,0.0048871,0.00252521,0.0,0.00227203,0.0,0.0,-0.00681299,-0.108163
14.78,2.2,0.00227203,0.0,0.0889291,-0.109994,-0.00603434,0.0,0,3.51273,0.00488714,0.00252522,0.0,0.00227203,0.0,0.0,-0.00603434,-0.109994
14.8,2.2,0.00227203,0.0,0.0880349,-0.111645,-0.00688998,0.0,0,3.51274,0.00488719,0.00252523,0.0,0.00227203,0.0,0.0,-0.00688998,-0.111645
14.82,2.2,0.00227203,0.0,0.0885273,-0.113817,-0.00593999,0.0,0,3.51276,0.00488723,0.00252524,0.0,0.00227203,0.0,0.0,-0.00593999,-0.113817
14.84,2.2,0.00227203,0.0,0.0916869,-0.116402,-0.0061984,0.0,0,3.51278,0.00488728,0.00252525,0.0,0.00227203,0.0,0.0,-0.0061984,-0.116402
14.86,2.2,0.00227203,0.0,0.0964093,-0.118886,-0.00614841,0.0,0,3.5128,0.00488732,0.00252526,0.0,0.00227203,0.0,0.0,-0.00614841,-0.118886
14.88,2.2,0.00227203,0.0,0.100699,-0.121036,-0.0070627,0.0,0,3.51282,0.00488737,0.00252527,0.0,0.00227203,0.0,0.0,-0.0070627,-0.121036
14.9,2.2,0.00227203,0.0,0.102833,-0.122846,-0.00682283,0.0,0,3.51284,0.00488742,0.00252528,0.0,0.00227203,0.0,0.0,-0.00682283,-0.122846
14.92,2.2,0.00227203,0.0,0.101867,-0.124158,-0.0064,0.0,0,3.51286,0.00488747,0.0025253,0.0,0.00227203,0.0,0.0,-0.0064,-0.124158
14.94,2.2,0.00227203,0.0,0.0987583,-0.124353,-0.0064,0.0,0,3.51288,0.00488753,0.00252531,0.0,0.00227203,0.0,0.0,-0.0064,-0.124353
14.96,2.2,0.00227203,0.0,0.0959409,-0.122558,-0.00696132,0.0,0,3.5129,0.00488758,0.00252532,0.0,0.00227203,0.0,0.0,-0.00696132,-0.122558
14.98,2.2,0.00227203,0.0,0.0950124,-0.118795,-0.00628636,0.0,0,3.51292,0.00488762,0.00252533,0.0,0.00227203,0.0,0.0,-0.00628636,-0.118795
15.0,2.2,0.00227203,0.0,0.0959837,-0.114612,-0.00582594,0.0,0,3.51294,0.00488767,0.00252535,0.0,0.00227203,0.0,0.0,-0.00582594,-0.114612
15.02,2.2,0.00227203,0.0,0.0982187,-0.111677,-0.00774893,0.0,0,3.51295,0.00488772,0.00252536,0.0,0.00227203,0.0,0.0,-0.00774893,-0.111677
15.04,2.2,0.00227203,0.0,0.100059,-0.110514,-0.00640186,0.0,0,3.51297,0.00488777,0.00252537,0.0,0.00227203,0.0,0.0,-0.00640186,-0.110514
15.06,2.2,0.00227203,0.0,0.099036,-0.11104,-0.00772486,0.0,0,3.51299,0.00488782,0.00252538,0.0,0.00227203,0.0,0.0,-0.00772486,-0.11104
15.08,2.2,0.00227203,0.0,0.0946705,-0.112826,-0.00702818,0.0,0,3.51301,0.00488787,0.00252539,0.0,0.00227203,0.0,0.0,-0.00702818,-0.112826
15.1,2.2,0.00227203,0.0,0.0893354,-0.114683,-0.00688407,0.0,0,3.51303,0.00488792,0.00252541,0.0,0.00227203,0.0,0.0,-0.00688407,-0.114683
15.12,2.2,0.00227203,0.0,0.0858061,-0.115189,-0.00632536,0.0,0,3.51305,0.00488796,0.00252542,0.0,0.00227203,0.0,0.0,-0.00632536,-0.115189
15.14,2.2,0.00227203,0.0,0.0856464,-0.11361,-0.00700195,0.0,0,3.51307,0.00488801,0.00252543,0.0,0.00227203,0.0,0.0,-0.00700195,-0.11361
15.16,2.2,0.00227203,0.0,0.0888365,-0.110242,-0.00622287,0.0,0,3.51308,0.00488805,0.00252544,0.0,0.00227203,0.0,0.0,-0.00622287,-0.110242
15.18,2.2,0.00227203,0.0,0.0937928,-0.106297,-0.00648741,0.0,0,3.5131,0.0048881,0.00252545,0.0,0.00227203,0.0,0.0,-0.00648741,-0.106297
15.2,2.2,0.00227203,0.0,0.0988778,-0.10327,-0.00683446,0.0,0,3.51312,0.00488814,0.00252546,0.0,0.00227203,0.0,0.0,-0.00683446,-0.10327
15.22,2.2,0.00227203,0.0,0.103627,-0.102342,-0.00705665,0.0,0,3.51314,0.00488819,0.00252547,0.0,0.00227203,0.0,0.0,-0.00705665,-0.102342
15.24,2.2,0.00227203,0.0,0.108018,-0.104013,-0.0078,0.0,0,3.51316,0.00488825,0.00252548,0.0,0.00227203,0.0,0.0,-0.0078,-0.104013
15.26,2.2,0.00227203,0.0,0.111692,-0.107499,-0.00717006,0.0,0,3.51318,0.0048883,0.0025255,0.0,0.00227203,0.0,0.0,-0.00717006,-0.107499
15.28,2.2,0.00227203,0.0,0.11392,-0.110969,-0.00677024,0.0,0,3.51321,0.00488836,0.00252551,0.0,0.00227203,0.0,0.0,-0.00677024,-0.110969
15.3,2.2,0.00227203,0.0,0.113759,-0.112971,-0.0064,0.0,0,3.51323,0.00488841,0.00252553,0.0,0.00227203,0.0,0.0,-0.0064,-0.112971
15.32,2.2,0.00227203,0.0,0.110903,-0.113402,-0.00694753,0.0,0,3.51325,0.00488847,0.00252554,0.0,0.00227203,0.0,0.0,-0.00694753,-0.113402
15.34,2.2,0.00227203,0.0,0.106442,-0.113094,-0.00776846,0.0,0,3.51327,0.00488853,0.00252555,0.0,0.00227203,0.0,0.0,-0.00776846,-0.113094
15.36,2.2,0.00227203,0.0,0.102073,-0.112499,-0.00676173,0.0,0,3.51329,0.00488858,0.00252557,0.0,0.00227203,0.0,0.0,-0.00676173,-0.112499
15.38,2.2,0.00227203,0.0,0.0984748,-0.110979,-0.00685604,0.0,0,3.51332,0.00488863,0.00252558,0.0,0.00227203,0.0,0.0,-0.00685604,-0.110979
15.4,2.2,0.00227203,0.0,0.0949867,-0.107772,-0.00676808,0.0,0,3.51333,0.00488868,0.00252559,0.0,0.00227203,0.0,0.0,-0.00676808,-0.107772
15.42,2.2,0.00227203,0.0,0.0910964,-0.103437,-0.00655592,0.0,0,3.51335,0.00488873,0.0025256,0.0,0.00227203,0.0,0.0,-0.00655592,-0.103437
15.44,2.2,0.00227203,0.0,0.087789,-0.099871,-0.00681246,0.0,0,3.51337,0.00488878,0.00252561,0.0,0.00227203,0.0,0.0,-0.00681246,-0.099871
15.46,2.2,0.00227203,0.0,0.0869405,-0.0985215,-0.00814492,0.0,0,3.51339,0.00488882,0.00252562,0.0,0.00227203,0.0,0.0,-0.00814492,-0.0985215
15.48,2.2,0.00227203,0.0,0.0894615,-0.0990395,-0.00615832,0.0,0,3.51341,0.00488886,0.00252564,0.0,0.00227203,0.0,0.0,-0.00615832,-0.0990395
15.5,2.2,0.00227203,0.0,0.09424,-0.10008,-0.00641231,0.0,0,3.51342,0.00488891,0.00252565,0.0,0.00227203,0.0,0.0,-0.00641231,-0.10008
15.52,2.2,0.00227203,0.0,0.0989165,-0.100902,-0.0068,0.0,0,3.51344,0.00488896,0.00252566,0.0,0.00227203,0.0,0.0,-0.0068,-0.100902
15.54,2.2,0.00227203,0.0,0.101483,-0.101888,-0.00601057,0.0,0,3.51346,0.00488901,0.00252567,0.0,0.00227203,0.0,0.0,-0.00601057,-0.101888
15.56,2.2,0.00227203,0.0,0.100762,-0.1031,-0.00684799,0.0,0,3.51348,0.00488906,0.00252568,0.0,0.00227203,0.0,0.0,-0.00684799,-0.1031
15.58,2.2,0.00227203,0.0,0.095732,-0.103019,-0.00637252,0.0,0,3.5135,0.00488911,0.0025257,0.0,0.00227203,0.0,0.0,-0.00637252,-0.103019
15.6,2.2,0.00227203,0.0,0.0857703,-0.100095,-0.00731833,0.0,0,3.51352,0.00488916,0.00252571,0.0,0.00227203,0.0,0.0,-0.00731833,-0.100095
15.62,2.2,0.00227203,0.0,0.071929,-0.0947869,-0.00648395,0.0,0,3.51354,0.0048892,0.00252572,0.0,0.00227203,0.0,0.0,-0.00648395,-0.0947869
15.64,2.2,0.00227203,0.0,0.0573609,-0.0892121,-0.00639139,0.0,0,3.51355,0.00488924,0.00252573,0.0,0.00227203,0.0,0.0,-0.00639139,-0.0892121
15.66,2.2,0.00227203,0.0,0.0463781,-0.0852378,-0.006,0.0,0,3.51357,0.00488927,0.00252573,0.0,0.00227203,0.0,0.0,-0.006,-0.0852378
15.68,2.2,0.00227203,0.0,0.0424817,-0.0830538,-0.00684108,0.0,0,3.51358,0.00488929,0.00252574,0.0,0.00227203,0.0,0.0,-0.00684108,-0.0830538
15.7,2.2,0.00227203,0.0,0.0462575,-0.0818345,-0.00717114,0.0,0,3.51358,0.00488931,0.00252574,0.0,0.00227203,0.0,0.0,-0.00717114,-0.0818345
15.72,2.2,0.00227203,0.0,0.0549481,-0.0812864,-0.00646498,0.0,0,3.51359,0.00488933,0.00252575,0.0,0.00227203,0.0,0.0,-0.00646498,-0.0812864
15.74,2.2,0.00227203,0.0,0.0647573,-0.0811563,-0.00601092,0.0,0,3.5136,0.00488936,0.00252576,0.0,0.00227203,0.0,0.0,-0.00601092,-0.0811563
15.76,2.2,0.00227203,0.0,0.0738339,-0.0802724,-0.00619025,0.0,0,3.51362,0.0048894,0.00252576,0.0,0.00227203,0.0,0.0,-0.00619025,-0.0802724
15.78,2.2,0.00227203,0.0,0.0821999,-0.0781445,-0.00621479,0.0,0,3.51363,0.00488943,0.00252577,0.0,0.00227203,0.0,0.0,-0.00621479,-0.0781445
15.8,2.2,0.00227203,0.0,0.0894166,-0.0765741,-0.00768486,0.0,0,3.51365,0.00488947,0.00252578,0.0,0.00227203,0.0,0.0,-0.00768486,-0.0765741
15.82,2.2,0.00227203,0.0,0.094289,-0.0779757,-0.006,0.0,0,3.51367,0.00488952,0.00252579,0.0,0.00227203,0.0,0.0,-0.006,-0.0779757
15.84,2.2,0.00227203,0.0,0.0962835,-0.0825461,-0.00640296,0.0,0,3.51369,0.00488957,0.00252581,0.0,0.00227203,0.0,0.0,-0.00640296,-0.0825461
15.86,2.2,0.00227203,0.0,0.0954604,-0.0881165,-0.0072,0.0,0,3.5137,0.00488962,0.00252582,0.0,0.00227203,0.0,0.0,-0.0072,-0.0881165
15.88,2.2,0.00227203,0.0,0.09179,-0.0925444,-0.0064,0.0,0,3.51372,0.00488966,0.00252583,0.0,0.00227203,0.0,0.0,-0.0064,-0.0925444
15.9,2.2,0.00227203,0.0,0.086021,-0.0951383,-0.00650068,0.0,0,3.51374,0.00488971,0.00252584,0.0,0.00227203,0.0,0.0,-0.00650068,-0.0951383
15.92,2.2,0.00227203,0.0,0.0805086,-0.0959702,-0.00621583,0.0,0,3.51376,0.00488975,0.00252585,0.0,0.00227203,0.0,0.0,-0.00621583,-0.0959702
15.94,2.2,0.00227203,0.0,0.0776905,-0.0954392,-0.0061628,0.0,0,3.51378,0.00488979,0.00252586,0.0,0.00227203,0.0,0.0,-0.0061628,-0.0954392
15.96,2.2,0.00227203,0.0,0.0778665,-0.094431,-0.00708626,0.0,0,3.51379,0.00488983,0.00252587,0.0,0.00227203,0.0,0.0,-0.00708626,-0.094431
15.98,2.2,0.00227203,0.0,0.0793671,-0.0935734,-0.00760984,0.0,0,3.51381,0.00488987,0.00252588,0.0,0.00227203,0.0,0.0,-0.00760984,-0.0935734
16.0,2.2,0.00227203,0.0,0.0806169,-0.0926703,-0.00600397,0.0,0,3.51382,0.00488991,0.00252589,0.0,0.00227203,0.0,0.0,-0.00600397,-0.0926703
16.02,2.2,0.00227203,0.0,0.0815306,-0.0916742,-0.0078,0.0,0,3.51384,0.00488995,0.0025259,0.0,0.00227203,0.0,0.0,-0.0078,-0.0916742
16.04,2.2,0.00227203,0.0,0.083237,-0.091566,-0.00639744,0.0,0,3.51385,0.00488999,0.00252591,0.0,0.00227203,0.0,0.0,-0.00639744,-0.091566
16.06,2.2,0.00227203,0.0,0.086621,-0.0936187,-0.0064455,0.0,0,3.51387,0.00489004,0.00252592,0.0,0.00227203,0.0,0.0,-0.0064455,-0.0936187
16.08,2.2,0.00227203,0.0,0.0912183,-0.0981384,-0.00636723,0.0,0,3.51389,0.00489008,0.00252593,0.0,0.00227203,0.0,0.0,-0.00636723,-0.0981384
16.1,2.2,0.00227203,0.0,0.0955147,-0.103736,-0.00675301,0.0,0,3.51391,0.00489013,0.00252594,0.0,0.00227203,0.0,0.0,-0.00675301,-0.103736
16.12,2.2,0.00227203,0.0,0.0978694,-0.10753,-0.0064,0.0,0,3.51393,0.00489017,0.00252595,0.0,0.00227203,0.0,0.0,-0.0064,-0.10753
16.14,2.2,0.00227203,0.0,0.0974117,-0.10712,-0.00639868,0.0,0,3.51395,0.00489022,0.00252597,0.0,0.00227203,0.0,0.0,-0.00639868,-0.10712
16.16,2.2,0.00227203,0.0,0.0947406,-0.102695,-0.00703892,0.0,0,3.51396,0.00489027,0.00252598,0.0,0.00227203,0.0,0.0,-0.00703892,-0.102695
16.18,2.2,0.00227203,0.0,0.0915598,-0.0962657,-0.00733349,0.0,0,3.51398,0.00489032,0.00252599,0.0,0.00227203,0.0,0.0,-0.00733349,-0.0962657
16.2,2.2,0.00227203,0.0,0.0889246,-0.0896426,-0.00645046,0.0,0,3.514,0.00489037,0.002526,0.0,0.00227203,0.0,0.0,-0.00645046,-0.0896426
16.22,2.2,0.00227203,0.0,0.0863539,-0.0842317,-0.00705647,0.0,0,3.51402,0.00489041,0.00252601,0.0,0.00227203,0.0,0.0,-0.00705647,-0.0842317
16.24,2.2,0.00227203,0.0,0.0833494,-0.081236,-0.00739469,0.0,0,3.51404,0.00489046,0.00252602,0.0,0.00227203,0.0,0.0,-0.00739469,-0.081236
16.26,2.2,0.00227203,0.0,0.0804739,-0.0810197,-0.00651285,0.0,0,3.51405,0.0048905,0.00252603,0.0,0.00227203,0.0,0.0,-0.00651285,-0.0810197
16.28,2.2,0.00227203,0.0,0.0783046,-0.0832715,-0.00702019,0.0,0,3.51407,0.00489054,0.00252604,0.0,0.00227203,0.0,0.0,-0.00702019,-0.0832715
16.3,2.2,0.00227203,0.0,0.0767934,-0.0878063,-0.00599855,0.0,0,3.51409,0.00489058,0.00252605,0.0,0.00227203,0.0,0.0,-0.00599855,-0.0878063
16.32,2.2,0.00227203,0.0,0.076368,-0.0945421,-0.00668064,0.0,0,3.5141,0.00489062,0.00252606,0.0,0.00227203,0.0,0.0,-0.00668064,-0.0945421
16.34,2.2,0.00227203,0.0,0.07839,-0.102708,-0.00599647,0.0,0,3.51412,0.00489066,0.00252607,0.0,0.00227203,0.0,0.0,-0.00599647,-0.102708
16.36,2.2,0.00227203,0.0,0.0831155,-0.11012,-0.00590797,0.0,0,3.51413,0.0048907,0.00252608,0.0,0.00227203,0.0,0.0,-0.00590797,-0.11012
16.38,2.2,0.00227203,0.0,0.0882607,-0.113863,-0.00709977,0.0,0,3.51415,0.00489074,0.00252609,0.0,0.00227203,0.0,0.0,-0.00709977,-0.113863
16.4,2.2,0.00227203,0.0,0.0911361,-0.112678,-0.00718174,0.0,0,3.51417,0.00489078,0.0025261,0.0,0.00227203,0.0,0.0,-0.00718174,-0.112678
16.42,2.2,0.00227203,0.0,0.0910337,-0.108285,-0.00649484,0.0,0,3.51418,0.00489083,0.00252611,0.0,0.00227203,0.0,0.0,-0.00649484,-0.108285
16.44,2.2,0.00227203,0.0,0.0888019,-0.103548,-0.00602068,0.0,0,3.5142,0.00489087,0.00252612,0.0,0.00227203,0.0,0.0,-0.00602068,-0.103548
16.46,2.2,0.00227203,0.0,0.0856671,-0.0995845,-0.00721172,0.0,0,3.51422,0.00489092,0.00252613,0.0,0.00227203,0.0,0.0,-0.00721172,-0.0995845
16.48,2.2,0.00227203,0.0,0.0827457,-0.095377,-0.00635537,0.0,0,3.51424,0.00489096,0.00252615,0.0,0.00227203,0.0,0.0,-0.00635537,-0.095377
16.5,2.2,0.00227203,0.0,0.0803825,-0.0903903,-0.0074,0.0,0,3.51425,0.004891,0.00252616,0.0,0.00227203,0.0,0.0,-0.0074,-0.0903903
16.52,2.2,0.00227203,0.0,0.0779301,-0.0864122,-0.0070263,0.0,0,3.51427,0.00489104,0.00252617,0.0,0.00227203,0.0,0.0,-0.0070263,-0.0864122
16.54,2.2,0.00227203,0.0,0.0749756,-0.0856774,-0.007,0.0,0,3.51429,0.00489108,0.00252618,0.0,0.00227203,0.0,0.0,-0.007,-0.0856774
16.56,2.2,0.00227203,0.0,0.0725083,-0.0884502,-0.00568342,0.0,0,3.5143,0.00489112,0.00252618,0.0,0.00227203,0.0,0.0,-0.00568342,-0.0884502
16.58,2.2,0.00227203,0.0,0.072173,-0.0931339,-0.00642018,0.0,0,3.51432,0.00489116,0.00252619,0.0,0.00227203,0.0,0.0,-0.00642018,-0.0931339
16.6,2.2,0.00227203,0.0,0.0746542,-0.097419,-0.00674392,0.0,0,3.51433,0.0048912,0.0025262,0.0,0.00227203,0.0,0.0,-0.00674392,-0.097419
16.62,2.2,0.00227203,0.0,0.0792941,-0.0995617,-0.00657541,0.0,0,3.51434,0.00489123,0.00252621,0.0,0.00227203,0.0,0.0,-0.00657541,-0.0995617
16.64,2.2,0.00227203,0.0,0.084501,-0.0996283,-0.00700343,0.0,0,3.51436,0.00489127,0.00252622,0.0,0.00227203,0.0,0.0,-0.00700343,-0.0996283
16.66,2.2,0.00227203,0.0,0.0882668,-0.0990416,-0.00599388,0.0,0,3.51438,0.00489132,0.00252623,0.0,0.00227203,0.0,0.0,-0.00599388,-0.0990416
16.68,2.2,0.00227203,0.0,0.0896992,-0.098919,-0.0069457,0.0,0,3.5144,0.00489136,0.00252624,0.0,0.00227203,0.0,0.0,-0.0069457,-0.098919
16.7,2.2,0.00227203,0.0,0.0899177,-0.0997022,-0.006,0.0,0,3.51441,0.00489141,0.00252625,0.0,0.00227203,0.0,0.0,-0.006,-0.0997022
16.72,2.2,0.00227203,0.0,0.0906007,-0.101537,-0.0064,0.0,0,3.51443,0.00489145,0.00252626,0.0,0.00227203,0.0,0.0,-0.0064,-0.101537
16.74,2.2,0.00227203,0.0,0.0926388,-0.103854,-0.00678792,0.0,0,3.51445,0.0048915,0.00252628,0.0,0.00227203,0.0,0.0,-0.00678792,-0.103854
16.76,2.2,0.00227203,0.0,0.095815,-0.105569,-0.00638348,0.0,0,3.51447,0.00489154,0.00252629,0.0,0.00227203,0.0,0.0,-0.00638348,-0.105569
16.78,2.2,0.00227203,0.0,0.0984969,-0.106236,-0.00574716,0.0,0,3.51449,0.00489159,0.0025263,0.0,0.00227203,0.0,0.0,-0.00574716,-0.106236
16.8,2.2,0.00227203,0.0,0.0987603,-0.105802,-0.00706759,0.0,0,3.51451,0.00489164,0.00252631,0.0,0.00227203,0.0,0.0,-0.00706759,-0.105802
16.82,2.2,0.00227203,0.0,0.0963849,-0.103372,-0.00637989,0.0,0,3.51453,0.00489169,0.00252632,0.0,0.00227203,0.0,0.0,-0.00637989,-0.103372
16.84,2.2,0.00227203,0.0,0.0928892,-0.0976663,-0.00621342,0.0,0,3.51455,0.00489174,0.00252633,0.0,0.00227203,0.0,0.0,-0.00621342,-0.0976663
16.86,2.2,0.00227203,0.0,0.0901209,-0.0888083,-0.00731701,0.0,0,3.51456,0.00489179,0.00252635,0.0,0.00227203,0.0,0.0,-0.00731701,-0.0888083
16.88,2.2,0.00227203,0.0,0.0891633,-0.0788652,-0.00840182,0.0,0,3.51458,0.00489183,0.00252636,0.0,0.00227203,0.0,0.0,-0.00840182,-0.0788652
16.9,2.2,0.00227203,0.0,0.0897571,-0.0707357,-0.00637178,0.0,0,3.5146,0.00489188,0.00252637,0.0,0.00227203,0.0,0.0,-0.00637178,-0.0707357
16.92,2.2,0.00227203,0.0,0.090925,-0.0665882,-0.00652736,0.0,0,3.51462,0.00489192,0.00252638,0.0,0.00227203,0.0,0.0,-0.00652736,-0.0665882
16.94,2.2,0.00227203,0.0,0.0924263,-0.0669309,-0.0064,0.0,0,3.51464,0.00489197,0.00252639,0.0,0.00227203,0.0,0.0,-0.0064,-0.0669309
16.96,2.2,0.00227203,0.0,0.0949128,-0.0710439,-0.00610239,0.0,0,3.51465,0.00489202,0.0025264,0.0,0.00227203,0.0,0.0,-0.00610239,-0.0710439
16.98,2.2,0.00227203,0.0,0.0988786,-0.0777553,-0.00705486,0.0,0,3.51467,0.00489206,0.00252641,0.0,0.00227203,0.0,0.0,-0.00705486,-0.0777553
17.0,2.2,0.00227203,0.0,0.103838,-0.0855374,-0.007037,0.0,0,3.51469,0.00489211,0.00252643,0.0,0.00227203,0.0,0.0,-0.007037,-0.0855374
17.02,2.2,0.00227203,0.0,0.108104,-0.092583,-0.0069003,0.0,0,3.51471,0.00489217,0.00252644,0.0,0.00227203,0.0,0.0,-0.0069003,-0.092583
17.04,2.2,0.00227203,0.0,0.109643,-0.097156,-0.0072,0.0,0,3.51474,0.00489222,0.00252645,0.0,0.00227203,0.0,0.0,-0.0072,-0.097156
17.06,2.2,0.00227203,0.0,0.107747,-0.0984428,-0.00584951,0.0,0,3.51476,0.00489228,0.00252646,0.0,0.00227203,0.0,0.0,-0.00584951,-0.0984428
17.08,2.2,0.00227203,0.0,0.103522,-0.0976273,-0.0064,0.0,0,3.51478,0.00489233,0.00252648,0.0,0.00227203,0.0,0.0,-0.0064,-0.0976273
17.1,2.2,0.00227203,0.0,0.0982822,-0.0970277,-0.00644727,0.0,0,3.5148,0.00489238,0.00252649,0.0,0.00227203,0.0,0.0,-0.00644727,-0.0970277
17.12,2.2,0.00227203,0.0,0.0923731,-0.0974109,-0.0077446,0.0,0,3.51482,0.00489243,0.0025265,0.0,0.00227203,0.0,0.0,-0.0077446,-0.0974109
17.14,2.2,0.00227203,0.0,0.0859873,-0.0974518,-0.0072,0.0,0,3.51484,0.00489248,0.00252651,0.0,0.00227203,0.0,0.0,-0.0072,-0.0974518
17.16,2.2,0.00227203,0.0,0.0800613,-0.0961171,-0.00618477,0.0,0,3.51486,0.00489252,0.00252652,0.0,0.00227203,0.0,0.0,-0.00618477,-0.0961171
17.18,2.2,0.00227203,0.0,0.0761223,-0.0938258,-0.00671906,0.0,0,3.51487,0.00489256,0.00252653,0.0,0.00227203,0.0,0.0,-0.00671906,-0.0938258
17.2,2.2,0.00227203,0.0,0.0752889,-0.0914588,-0.00582224,0.0,0,3.51489,0.0048926,0.00252654,0.0,0.00227203,0.0,0.0,-0.00582224,-0.0914588
17.22,2.2,0.00227203,0.0,0.0770405,-0.0898358,-0.00757597,0.0,0,3.5149,0.00489264,0.00252655,0.0,0.00227203,0.0,0.0,-0.00757597,-0.0898358
17.24,2.2,0.00227203,0.0,0.0795025,-0.0892485,-0.00682192,0.0,0,3.51492,0.00489268,0.00252656,0.0,0.00227203,0.0,0.0,-0.00682192,-0.0892485
17.26,2.2,0.00227203,0.0,0.0811941,-0.0886714,-0.00767622,0.0,0,3.51493,0.00489272,0.00252657,0.0,0.00227203,0.0,0.0,-0.00767622,-0.0886714
17.28,2.2,0.00227203,0.0,0.0821635,-0.0867621,-0.00685004,0.0,0,3.51495,0.00489276,0.00252658,0.0,0.00227203,0.0,0.0,-0.00685004,-0.0867621
17.3,2.2,0.00227203,0.0,0.0835891,-0.083537,-0.00648855,0.0,0,3.51497,0.0048928,0.00252659,0.0,0.00227203,0.0,0.0,-0.00648855,-0.083537
17.32,2.2,0.00227203,0.0,0.086347,-0.0802833,-0.00789169,0.0,0,3.51498,0.00489284,0.0025266,0.0,0.00227203,0.0,0.0,-0.00789169,-0.0802833
17.34,2.2,0.00227203,0.0,0.0900106,-0.0784638,-0.007,0.0,0,3.515,0.00489289,0.00252661,0.0,0.00227203,0.0,0.0,-0.007,-0.0784638
17.36,2.2,0.00227203,0.0,0.0932798,-0.078618,-0.00602888,0.0,0,3.51502,0.00489293,0.00252662,0.0,0.00227203,0.0,0.0,-0.00602888,-0.078618
17.38,2.2,0.00227203,0.0,0.0949842,-0.0799152,-0.00659936,0.0,0,3.51504,0.00489298,0.00252664,0.0,0.00227203,0.0,0.0,-0.00659936,-0.0799152
17.4,2.2,0.00227203,0.0,0.0948072,-0.0810703,-0.00620066,0.0,0,3.51506,0.00489303,0.00252665,0.0,0.00227203,0.0,0.0,-0.00620066,-0.0810703
17.42,2.2,0.00227203,0.0,0.0933821,-0.0816586,-0.00686348,0.0,0,3.51507,0.00489308,0.00252666,0.0,0.00227203,0.0,0.0,-0.00686348,-0.0816586
17.44,2.2,0.00227203,0.0,0.0916201,-0.0823852,-0.00682092,0.0,0,3.51509,0.00489312,0.00252667,0.0,0.00227203,0.0,0.0,-0.00682092,-0.0823852
17.46,2.2,0.00227203,0.0,0.0901054,-0.083886,-0.00675914,0.0,0,3.51511,0.00489317,0.00252668,0.0,0.00227203,0.0,0.0,-0.00675914,-0.083886
17.48,2.2,0.00227203,0.0,0.0891148,-0.0854146,-0.00698534,0.0,0,3.51513,0.00489321,0.00252669,0.0,0.00227203,0.0,0.0,-0.00698534,-0.0854146
17.5,2.2,0.00227203,0.0,0.0888605,-0.0854276,-0.00621758,0.0,0,3.51515,0.00489326,0.0025267,0.0,0.00227203,0.0,0.0,-0.00621758,-0.0854276
17.52,2.2,0.00227203,0.0,0.0896456,-0.0835789,-0.006,0.0,0,3.51516,0.0048933,0.00252671,0.0,0.00227203,0.0,0.0,-0.006,-0.0835789
17.54,2.2,0.00227203,0.0,0.0918826,-0.0813744,-0.006,0.0,0,3.51518,0.00489335,0.00252673,0.0,0.00227203,0.0,0.0,-0.006,-0.0813744
17.56,2.2,0.00227203,0.0,0.0958954,-0.0803994,-0.00777589,0.0,0,3.5152,0.0048934,0.00252674,0.0,0.00227203,0.0,0.0,-0.00777589,-0.0803994
17.58,2.2,0.00227203,0.0,0.101326,-0.0807408,-0.0060485,0.0,0,3.51522,0.00489344,0.00252675,0.0,0.00227203,0.0,0.0,-0.0060485,-0.0807408
17.6,2.2,0.00227203,0.0,0.106501,-0.0816246,-0.00776218,0.0,0,3.51524,0.0048935,0.00252676,0.0,0.00227203,0.0,0.0,-0.00776218,-0.0816246
17.62,2.2,0.00227203,0.0,0.10901,-0.0825966,-0.00784869,0.0,0,3.51526,0.00489355,0.00252677,0.0,0.00227203,0.0,0.0,-0.00784869,-0.0825966
17.64,2.2,0.00227203,0.0,0.107588,-0.0837903,-0.00641824,0.0,0,3.51528,0.0048936,0.00252679,0.0,0.00227203,0.0,0.0,-0.00641824,-0.0837903
17.66,2.2,0.00227203,0.0,0.103269,-0.0856965,-0.0052314,0.0,0,3.51531,0.00489366,0.0025268,0.0,0.00227203,0.0,0.0,-0.0052314,-0.0856965
17.68,2.2,0.00227203,0.0,0.0984813,-0.0885834,-0.00715231,0.0,0,3.51533,0.00489371,0.00252681,0.0,0.00227203,0.0,0.0,-0.00715231,-0.0885834
17.7,2.2,0.00227203,0.0,0.095285,-0.0916198,-0.00702702,0.0,0,3.51535,0.00489376,0.00252683,0.0,0.00227203,0.0,0.0,-0.00702702,-0.0916198
17.72,2.2,0.00227203,0.0,0.0944893,-0.0928947,-0.00714676,0.0,0,3.51536,0.00489381,0.00252684,0.0,0.00227203,0.0,0.0,-0.00714676,-0.0928947
17.74,2.2,0.00227203,0.0,0.0957597,-0.0910455,-0.0072,0.0,0,3.51538,0.00489386,0.00252685,0.0,0.00227203,0.0,0.0,-0.0072,-0.0910455
17.76,2.2,0.00227203,0.0,0.0980083,-0.0867527,-0.007176,0.0,0,3.5154,0.00489391,0.00252686,0.0,0.00227203,0.0,0.0,-0.007176,-0.0867527
17.78,2.2,0.00227203,0.0,0.100108,-0.0822105,-0.00718101,0.0,0,3.51542,0.00489396,0.00252687,0.0,0.00227203,0.0,0.0,-0.00718101,-0.0822105
17.8,2.2,0.00227203,0.0,0.101575,-0.079471,-0.00602613,0.0,0,3.51544,0.00489401,0.00252689,0.0,0.00227203,0.0,0.0,-0.00602613,-0.079471
17.82,2.2,0.00227203,0.0,0.102381,-0.0796178,-0.00707447,0.0,0,3.51546,0.00489406,0.0025269,0.0,0.00227203,0.0,0.0,-0.00707447,-0.0796178
17.84,2.2,0.00227203,0.0,0.102485,-0.0826465,-0.00790449,0.0,0,3.51548,0.00489411,0.00252691,0.0,0.00227203,0.0,0.0,-0.00790449,-0.0826465
17.86,2.2,0.00227203,0.0,0.101887,-0.0873066,-0.00579023,0.0,0,3.5155,0.00489416,0.00252692,0.0,0.00227203,0.0,0.0,-0.00579023,-0.0873066
17.88,2.2,0.00227203,0.0,0.100566,-0.0917691,-0.0072,0.0,0,3.51552,0.00489421,0.00252694,0.0,0.00227203,0.0,0.0,-0.0072,-0.0917691
17.9,2.2,0.00227203,0.0,0.098418,-0.094897,-0.00567344,0.0,0,3.51554,0.00489426,0.00252695,0.0,0.00227203,0.0,0.0,-0.00567344,-0.094897
17.92,2.2,0.00227203,0.0,0.0957016,-0.0963276,-0.00708568,0.0,0,3.51556,0.00489431,0.00252696,0.0,0.00227203,0.0,0.0,-0.00708568,-0.0963276
17.94,2.2,0.00227203,0.0,0.0931093,-0.095944,-0.006,0.0,0,3.51558,0.00489436,0.00252697,0.0,0.00227203,0.0,0.0,-0.006,-0.095944
17.96,2.2,0.00227203,0.0,0.0911982,-0.0943509,-0.00784291,0.0,0,3.5156,0.00489441,0.00252698,0.0,0.00227203,0.0,0.0,-0.00784291,-0.0943509
17.98,2.2,0.00227203,0.0,0.090082,-0.0932033,-0.00685065,0.0,0,3.51562,0.00489445,0.00252699,0.0,0.00227203,0.0,0.0,-0.00685065,-0.0932033
18.0,2.2,0.00227203,0.0,0.0895932,-0.0941461,-0.00704288,0.0,0,3.51564,0.0048945,0.00252701,0.0,0.00227203,0.0,0.0,-0.00704288,-0.0941461
18.02,2.2,0.00227203,0.0,0.0894944,-0.0975765,-0.00634804,0.0,0,3.51566,0.00489454,0.00252702,0.0,0.00227203,0.0,0.0,-0.00634804,-0.0975765
18.04,2.2,0.00227203,0.0,0.0895857,-0.102276,-0.00640544,0.0,0,3.51567,0.00489459,0.00252703,0.0,0.00227203,0.0,0.0,-0.00640544,-0.102276
18.06,2.2,0.00227203,0.0,0.0897394,-0.105952,-0.00709572,0.0,0,3.51569,0.00489464,0.00252704,0.0,0.00227203,0.0,0.0,-0.00709572,-0.105952
18.08,2.2,0.00227203,0.0,0.0898955,-0.106583,-0.00700051,0.0,0,3.51571,0.00489468,0.00252705,0.0,0.00227203,0.0,0.0,-0.00700051,-0.106583
18.1,2.2,0.00227203,0.0,0.0900396,-0.103625,-0.0072,0.0,0,3.51573,0.00489473,0.00252706,0.0,0.00227203,0.0,0.0,-0.0072,-0.103625
18.12,2.2,0.00227203,0.0,0.0901771,-0.0980312,-0.00707212,0.0,0,3.51575,0.00489477,0.00252707,0.0,0.00227203,0.0,0.0,-0.00707212,-0.0980312
18.14,2.2,0.00227203,0.0,0.0903067,-0.091743,-0.00643451,0.0,0,3.51576,0.00489482,0.00252708,0.0,0.00227203,0.0,0.0,-0.00643451,-0.091743
18.16,2.2,0.00227203,0.0,0.0903966,-0.0873653,-0.00637187,0.0,0,3.51578,0.00489486,0.00252709,0.0,0.00227203,0.0,0.0,-0.00637187,-0.0873653
18.18,2.2,0.00227203,0.0,0.0903645,-0.0872299,-0.00681722,0.0,0,3.5158,0.00489491,0.0025271,0.0,0.00227203,0.0,0.0,-0.00681722,-0.0872299
18.2,2.2,0.00227203,0.0,0.090069,-0.0918103,-0.00653212,0.0,0,3.51582,0.00489495,0.00252712,0.0,0.00227203,0.0,0.0,-0.00653212,-0.0918103
18.22,2.2,0.00227203,0.0,0.0893274,-0.0992456,-0.00632357,0.0,0,3.51584,0.004895,0.00252713,0.0,0.00227203,0.0,0.0,-0.00632357,-0.0992456
18.24,2.2,0.00227203,0.0,0.0879844,-0.106559,-0.00793385,0.0,0,3.51585,0.00489504,0.00252714,0.0,0.00227203,0.0,0.0,-0.00793385,-0.106559
18.26,2.2,0.00227203,0.0,0.0860561,-0.111335,-0.00774489,0.0,0,3.51587,0.00489509,0.00252715,0.0,0.00227203,0.0,0.0,-0.00774489,-0.111335
18.28,2.2,0.00227203,0.0,0.0839659,-0.1127,-0.00693818,0.0,0,3.51589,0.00489513,0.00252716,0.0,0.00227203,0.0,0.0,-0.00693818,-0.1127
18.3,2.2,0.00227203,0.0,0.0826373,-0.111231,-0.0066631,0.0,0,3.51591,0.00489518,0.00252717,0.0,0.00227203,0.0,0.0,-0.0066631,-0.111231
18.32,2.2,0.00227203,0.0,0.0829818,-0.108032,-0.00646798,0.0,0,3.51592,0.00489522,0.00252718,0.0,0.00227203,0.0,0.0,-0.00646798,-0.108032
18.34,2.2,0.00227203,0.0,0.0851228,-0.103971,-0.00620737,0.0,0,3.51594,0.00489526,0.00252719,0.0,0.00227203,0.0,0.0,-0.00620737,-0.103971
18.36,2.2,0.00227203,0.0,0.0884025,-0.0997844,-0.0067614,0.0,0,3.51596,0.0048953,0.0025272,0.0,0.00227203,0.0,0.0,-0.0067614,-0.0997844
18.38,2.2,0.00227203,0.0,0.0920324,-0.0959866,-0.00722766,0.0,0,3.51597,0.00489535,0.00252721,0.0,0.00227203,0.0,0.0,-0.00722766,-0.0959866
18.4,2.2,0.00227203,0.0,0.0953043,-0.0922957,-0.00648115,0.0,0,3.51599,0.00489539,0.00252722,0.0,0.00227203,0.0,0.0,-0.00648115,-0.0922957
18.42,2.2,0.00227203,0.0,0.0973945,-0.0882678,-0.00606291,0.0,0,3.51601,0.00489544,0.00252723,0.0,0.00227203,0.0,0.0,-0.00606291,-0.0882678
18.44,2.2,0.00227203,0.0,0.0976584,-0.084246,-0.00717247,0.0,0,3.51603,0.00489549,0.00252725,0.0,0.00227203,0.0,0.0,-0.00717247,-0.084246
18.46,2.2,0.00227203,0.0,0.0962389,-0.0806842,-0.0064,0.0,0,3.51605,0.00489554,0.00252726,0.0,0.00227203,0.0,0.0,-0.0064,-0.0806842
18.48,2.2,0.00227203,0.0,0.0939155,-0.0773735,-0.00717327,0.0,0,3.51607,0.00489559,0.00252727,0.0,0.00227203,0.0,0.0,-0.00717327,-0.0773735
18.5,2.2,0.00227203,0.0,0.0913216,-0.0741447,-0.00728243,0.0,0,3.51609,0.00489564,0.00252728,0.0,0.00227203,0.0,0.0,-0.00728243,-0.0741447
18.52,2.2,0.00227203,0.0,0.0885896,-0.0717833,-0.00730977,0.0,0,3.51611,0.00489568,0.00252729,0.0,0.00227203,0.0,0.0,-0.00730977,-0.0717833
18.54,2.2,0.00227203,0.0,0.0856309,-0.071659,-0.00718598,0.0,0,3.51612,0.00489573,0.0025273,0.0,0.00227203,0.0,0.0,-0.00718598,-0.071659
18.56,2.2,0.00227203,0.0,0.0826256,-0.0742648,-0.00636879,0.0,0,3.51614,0.00489577,0.00252731,0.0,0.00227203,0.0,0.0,-0.00636879,-0.0742648
18.58,2.2,0.00227203,0.0,0.0803158,-0.0785765,-0.007492,0.0,0,3.51616,0.00489581,0.00252732,0.0,0.00227203,0.0,0.0,-0.007492,-0.0785765
18.6,2.2,0.00227203,0.0,0.0796658,-0.0833608,-0.00774716,0.0,0,3.51617,0.00489585,0.00252733,0.0,0.00227203,0.0,0.0,-0.00774716,-0.0833608
18.62,2.2,0.00227203,0.0,0.0812606,-0.0883249,-0.00585925,0.0,0,3.51619,0.00489589,0.00252734,0.0,0.00227203,0.0,0.0,-0.00585925,-0.0883249
18.64,2.2,0.00227203,0.0,0.085243,-0.0933612,-0.0078,0.0,0,3.51621,0.00489593,0.00252735,0.0,0.00227203,0.0,0.0,-0.0078,-0.0933612
18.66,2.2,0.00227203,0.0,0.0911726,-0.0977969,-0.00720899,0.0,0,3.51622,0.00489598,0.00252736,0.0,0.00227203,0.0,0.0,-0.00720899,-0.0977969
18.68,2.2,0.00227203,0.0,0.0973664,-0.100983,-0.0072791,0.0,0,3.51624,0.00489602,0.00252738,0.0,0.00227203,0.0,0.0,-0.0072791,-0.100983
18.7,2.2,0.00227203,0.0,0.101312,-0.102824,-0.0072333,0.0,0,3.51626,0.00489607,0.00252739,0.0,0.00227203,0.0,0.0,-0.0072333,-0.102824
18.72,2.2,0.00227203,0.0,0.10152,-0.103575,-0.00624443,0.0,0,3.51628,0.00489612,0.0025274,0.0,0.00227203,0.0,0.0,-0.00624443,-0.103575
18.74,2.2,0.00227203,0.0,0.0984904,-0.103548,-0.00600017,0.0,0,3.5163,0.00489618,0.00252741,0.0,0.00227203,0.0,0.0,-0.00600017,-0.103548
18.76,2.2,0.00227203,0.0,0.0936984,-0.102962,-0.00775138,0.0,0,3.51632,0.00489622,0.00252742,0.0,0.00227203,0.0,0.0,-0.00775138,-0.102962
18.78,2.2,0.00227203,0.0,0.0883076,-0.101909,-0.00698295,0.0,0,3.51634,0.00489627,0.00252744,0.0,0.00227203,0.0,0.0,-0.00698295,-0.101909
18.8,2.2,0.00227203,0.0,0.0830428,-0.100461,-0.00571925,0.0,0,3.51636,0.00489632,0.00252745,0.0,0.00227203,0.0,0.0,-0.00571925,-0.100461
18.82,2.2,0.00227203,0.0,0.078702,-0.0988562,-0.00773218,0.0,0,3.51637,0.00489636,0.00252746,0.0,0.00227203,0.0,0.0,-0.00773218,-0.0988562
18.84,2.2,0.00227203,0.0,0.0761976,-0.0974777,-0.00615564,0.0,0,3.51639,0.0048964,0.00252747,0.0,0.00227203,0.0,0.0,-0.00615564,-0.0974777
18.86,2.2,0.00227203,0.0,0.07607,-0.0964976,-0.00656929,0.0,0,3.5164,0.00489644,0.00252748,0.0,0.00227203,0.0,0.0,-0.00656929,-0.0964976
18.88,2.2,0.00227203,0.0,0.0781273,-0.0957983,-0.00712127,0.0,0,3.51642,0.00489648,0.00252749,0.0,0.00227203,0.0,0.0,-0.00712127,-0.0957983
18.9,2.2,0.00227203,0.0,0.0815171,-0.0953952,-0.00603407,0.0,0,3.51644,0.00489652,0.00252749,0.0,0.00227203,0.0,0.0,-0.00603407,-0.0953952
18.92,2.2,0.00227203,0.0,0.0852712,-0.0952908,-0.0064,0.0,0,3.51645,0.00489656,0.0025275,0.0,0.00227203,0.0,0.0,-0.0064,-0.0952908
18.94,2.2,0.00227203,0.0,0.0889748,-0.0947545,-0.0060137,0.0,0,3.51647,0.0048966,0.00252752,0.0,0.00227203,0.0,0.0,-0.0060137,-0.0947545
18.96,2.2,0.00227203,0.0,0.0928787,-0.092701,-0.00645646,0.0,0,3.51649,0.00489664,0.00252753,0.0,0.00227203,0.0,0.0,-0.00645646,-0.092701
18.98,2.2,0.00227203,0.0,0.097397,-0.0892559,-0.00601735,0.0,0,3.5165,0.00489669,0.00252754,0.0,0.00227203,0.0,0.0,-0.00601735,-0.0892559
19.0,2.2,0.00227203,0.0,0.10259,-0.086148,-0.00649529,0.0,0,3.51652,0.00489674,0.00252755,0.0,0.00227203,0.0,0.0,-0.00649529,-0.086148
19.02,2.2,0.00227203,0.0,0.108151,-0.0851293,-0.00612653,0.0,0,3.51654,0.00489679,0.00252756,0.0,0.00227203,0.0,0.0,-0.00612653,-0.0851293
19.04,2.2,0.00227203,0.0,0.113657,-0.0867196,-0.0068,0.0,0,3.51657,0.00489685,0.00252758,0.0,0.00227203,0.0,0.0,-0.0068,-0.0867196
19.06,2.2,0.00227203,0.0,0.118578,-0.0906458,-0.00705255,0.0,0,3.51659,0.0048969,0.00252759,0.0,0.00227203,0.0,0.0,-0.00705255,-0.0906458
19.08,2.2,0.00227203,0.0,0.122367,-0.0967684,-0.00564206,0.0,0,3.51661,0.00489696,0.0025276,0.0,0.00227203,0.0,0.0,-0.00564206,-0.0967684
19.1,2.2,0.00227203,0.0,0.124809,-0.104961,-0.00626689,0.0,0,3.51664,0.00489703,0.00252762,0.0,0.00227203,0.0,0.0,-0.00626689,-0.104961
19.12,2.2,0.00227203,0.0,0.126103,-0.114081,-0.00692491,0.0,0,3.51666,0.00489709,0.00252763,0.0,0.00227203,0.0,0.0,-0.00692491,-0.114081
19.14,2.2,0.00227203,0.0,0.126583,-0.121898,-0.00777371,0.0,0,3.51669,0.00489715,0.00252765,0.0,0.00227203,0.0,0.0,-0.00777371,-0.121898
19.16,2.2,0.00227203,0.0,0.126461,-0.1266,-0.00589358,0.0,0,3.51671,0.00489722,0.00252767,0.0,0.00227203,0.0,0.0,-0.00589358,-0.1266
19.18,2.2,0.00227203,0.0,0.125722,-0.12795,-0.0070261,0.0,0,3.51674,0.00489728,0.00252768,0.0,0.00227203,0.0,0.0,-0.0070261,-0.12795
19.2,2.2,0.00227203,0.0,0.124146,-0.126925,-0.006935,0.0,0,3.51676,0.00489734,0.0025277,0.0,0.00227203,0.0,0.0,-0.006935,-0.126925
19.22,2.2,0.00227203,0.0,0.121463,-0.124995,-0.00633433,0.0,0,3.51679,0.00489741,0.00252771,0.0,0.00227203,0.0,0.0,-0.00633433,-0.124995
19.24,2.2,0.00227203,0.0,0.117648,-0.123528,-0.00780112,0.0,0,3.51681,0.00489747,0.00252773,0.0,0.00227203,0.0,0.0,-0.00780112,-0.123528
19.26,2.2,0.00227203,0.0,0.113185,-0.122807,-0.00771167,0.0,0,3.51684,0.00489753,0.00252774,0.0,0.00227203,0.0,0.0,-0.00771167,-0.122807
19.28,2.2,0.00227203,0.0,0.108861,-0.121622,-0.006,0.0,0,3.51686,0.00489759,0.00252775,0.0,0.00227203,0.0,0.0,-0.006,-0.121622
19.3,2.2,0.00227203,0.0,0.105305,-0.118599,-0.007,0.0,0,3.51688,0.00489764,0.00252777,0.0,0.00227203,0.0,0.0,-0.007,-0.118599
19.32,2.2,0.00227203,0.0,0.102753,-0.113804,-0.00636459,0.0,0,3.5169,0.00489769,0.00252778,0.0,0.00227203,0.0,0.0,-0.00636459,-0.113804
19.34,2.2,0.00227203,0.0,0.100913,-0.108542,-0.0078,0.0,0,3.51692,0.00489775,0.00252779,0.0,0.00227203,0.0,0.0,-0.0078,-0.108542
19.36,2.2,0.00227203,0.0,0.0991021,-0.103941,-0.00814389,0.0,0,3.51694,0.0048978,0.00252781,0.0,0.00227203,0.0,0.0,-0.00814389,-0.103941
19.38,2.2,0.00227203,0.0,0.0970321,-0.100303,-0.00684453,0.0,0,3.51696,0.00489785,0.00252782,0.0,0.00227203,0.0,0.0,-0.00684453,-0.100303
19.4,2.2,0.00227203,0.0,0.0954887,-0.0975328,-0.0068,0.0,0,3.51698,0.0048979,0.00252783,0.0,0.00227203,0.0,0.0,-0.0068,-0.0975328
19.42,2.2,0.00227203,0.0,0.095831,-0.0956138,-0.0064,0.0,0,3.517,0.00489794,0.00252784,0.0,0.00227203,0.0,0.0,-0.0064,-0.0956138
19.44,2.2,0.00227203,0.0,0.098452,-0.0945518,-0.00715139,0.0,0,3.51702,0.00489799,0.00252785,0.0,0.00227203,0.0,0.0,-0.00715139,-0.0945518
19.46,2.2,0.00227203,0.0,0.101819,-0.0943798,-0.00727239,0.0,0,3.51704,0.00489804,0.00252787,0.0,0.00227203,0.0,0.0,-0.00727239,-0.0943798
19.48,2.2,0.00227203,0.0,0.103419,-0.0955134,-0.00518174,0.0,0,3.51706,0.00489809,0.00252788,0.0,0.00227203,0.0,0.0,-0.00518174,-0.0955134
19.5,2.2,0.00227203,0.0,0.101714,-0.0984436,-0.0073717,0.0,0,3.51708,0.00489815,0.00252789,0.0,0.00227203,0.0,0.0,-0.0073717,-0.0984436
19.52,2.2,0.00227203,0.0,0.097046,-0.102721,-0.00717016,0.0,0,3.5171,0.0048982,0.0025279,0.0,0.00227203,0.0,0.0,-0.00717016,-0.102721
19.54,2.2,0.00227203,0.0,0.090819,-0.106799,-0.0064,0.0,0,3.51712,0.00489825,0.00252792,0.0,0.00227203,0.0,0.0,-0.0064,-0.106799
19.56,2.2,0.00227203,0.0,0.084453,-0.109214,-0.00649576,0.0,0,3.51714,0.00489829,0.00252793,0.0,0.00227203,0.0,0.0,-0.00649576,-0.109214
19.58,2.2,0.00227203,0.0,0.0792145,-0.109691,-0.0072,0.0,0,3.51716,0.00489834,0.00252794,0.0,0.00227203,0.0,0.0,-0.0072,-0.109691
19.6,2.2,0.00227203,0.0,0.076257,-0.108861,-0.0074,0.0,0,3.51717,0.00489838,0.00252795,0.0,0.00227203,0.0,0.0,-0.0074,-0.108861
19.62,2.2,0.00227203,0.0,0.0762909,-0.107364,-0.00649218,0.0,0,3.51719,0.00489841,0.00252796,0.0,0.00227203,0.0,0.0,-0.00649218,-0.107364
19.64,2.2,0.00227203,0.0,0.079265,-0.105791,-0.00737609,0.0,0,3.5172,0.00489845,0.00252797,0.0,0.00227203,0.0,0.0,-0.00737609,-0.105791
19.66,2.2,0.00227203,0.0,0.0843597,-0.105056,-0.00719671,0.0,0,3.51722,0.00489849,0.00252798,0.0,0.00227203,0.0,0.0,-0.00719671,-0.105056
19.68,2.2,0.00227203,0.0,0.0903521,-0.105988,-0.00710009,0.0,0,3.51723,0.00489854,0.00252799,0.0,0.00227203,0.0,0.0,-0.00710009,-0.105988
19.7,2.2,0.00227203,0.0,0.0960131,-0.108265,-0.00605556,0.0,0,3.51725,0.00489858,0.002528,0.0,0.00227203,0.0,0.0,-0.00605556,-0.108265
19.72,2.2,0.00227203,0.0,0.100121,-0.110169,-0.0068529,0.0,0,3.51727,0.00489863,0.00252801,0.0,0.00227203,0.0,0.0,-0.0068529,-0.110169
19.74,2.2,0.00227203,0.0,0.101569,-0.110089,-0.0072,0.0,0,3.51729,0.00489868,0.00252802,0.0,0.00227203,0.0,0.0,-0.0072,-0.110089
19.76,2.2,0.00227203,0.0,0.0998973,-0.108137,-0.00769625,0.0,0,3.51731,0.00489873,0.00252803,0.0,0.00227203,0.0,0.0,-0.00769625,-0.108137
19.78,2.2,0.00227203,0.0,0.0958309,-0.10562,-0.00653869,0.0,0,3.51733,0.00489878,0.00252805,0.0,0.00227203,0.0,0.0,-0.00653869,-0.10562
19.8,2.2,0.00227203,0.0,0.0912845,-0.103132,-0.00605606,0.0,0,3.51735,0.00489883,0.00252806,0.0,0.00227203,0.0,0.0,-0.00605606,-0.103132
19.82,2.2,0.00227203,0.0,0.0883217,-0.0998899,-0.00653443,0.0,0,3.51737,0.00489888,0.00252807,0.0,0.00227203,0.0,0.0,-0.00653443,-0.0998899
19.84,2.2,0.00227203,0.0,0.0876642,-0.0950995,-0.00683519,0.0,0,3.51739,0.00489892,0.00252808,0.0,0.00227203,0.0,0.0,-0.00683519,-0.0950995
19.86,2.2,0.00227203,0.0,0.0884565,-0.0893081,-0.00721051,0.0,0,3.5174,0.00489897,0.00252809,0.0,0.00227203,0.0,0.0,-0.00721051,-0.0893081
19.88,2.2,0.00227203,0.0,0.0894469,-0.0841671,-0.00645894,0.0,0,3.51742,0.00489901,0.0025281,0.0,0.00227203,0.0,0.0,-0.00645894,-0.0841671
19.9,2.2,0.00227203,0.0,0.0902784,-0.0813849,-0.00705712,0.0,0,3.51744,0.00489906,0.00252811,0.0,0.00227203,0.0,0.0,-0.00705712,-0.0813849
19.92,2.2,0.00227203,0.0,0.0916697,-0.0817763,-0.00646632,0.0,0,3.51746,0.0048991,0.00252812,0.0,0.00227203,0.0,0.0,-0.00646632,-0.0817763
19.94,2.2,0.00227203,0.0,0.0942168,-0.0845912,-0.00719541,0.0,0,3.51748,0.00489915,0.00252813,0.0,0.00227203,0.0,0.0,-0.00719541,-0.0845912
19.96,2.2,0.00227203,0.0,0.0974145,-0.0878159,-0.006372,0.0,0,3.5175,0.0048992,0.00252815,0.0,0.00227203,0.0,0.0,-0.006372,-0.0878159
19.98,2.2,0.00227203,0.0,0.1003,-0.0896415,-0.0072,0.0,0,3.51751,0.00489924,0.00252816,0.0,0.00227203,0.0,0.0,-0.0072,-0.0896415
20.0,2.2,0.00227203,0.0,0.102477,-0.0897325,-0.00539577,0.0,0,3.51753,0.0048993,0.00252817,0.0,0.00227203,0.0,0.0,-0.00539577,-0.0897325
20.02,2.2,0.00227203,0.0,0.103958,-0.089035,-0.0064,0.0,0,3.51756,0.00489935,0.00252818,0.0,0.00227203,0.0,0.0,-0.0064,-0.089035
20.04,2.2,0.00227203,0.0,0.104591,-0.0886701,-0.00523713,0.0,0,3.51758,0.0048994,0.0025282,0.0,0.00227203,0.0,0.0,-0.00523713,-0.0886701
20.06,2.2,0.00227203,0.0,0.104004,-0.0891998,-0.0072,0.0,0,3.5176,0.00489945,0.00252821,0.0,0.00227203,0.0,0.0,-0.0072,-0.0891998
20.08,2.2,0.00227203,0.0,0.101475,-0.09046,-0.00731058,0.0,0,3.51762,0.0048995,0.00252822,0.0,0.00227203,0.0,0.0,-0.00731058,-0.09046
20.1,2.2,0.00227203,0.0,0.0959134,-0.0916905,-0.00633048,0.0,0,3.51764,0.00489956,0.00252823,0.0,0.00227203,0.0,0.0,-0.00633048,-0.0916905
20.12,2.2,0.00227203,0.0,0.0866148,-0.0921746,-0.00654506,0.0,0,3.51766,0.0048996,0.00252825,0.0,0.00227203,0.0,0.0,-0.00654506,-0.0921746
20.14,2.2,0.00227203,0.0,0.0740611,-0.0920018,-0.00644346,0.0,0,3.51767,0.00489965,0.00252826,0.0,0.00227203,0.0,0.0,-0.00644346,-0.0920018
20.16,2.2,0.00227203,0.0,0.0600893,-0.0918892,-0.00714631,0.0,0,3.51769,0.00489969,0.00252827,0.0,0.00227203,0.0,0.0,-0.00714631,-0.0918892
20.18,2.2,0.00227203,0.0,0.0473008,-0.0921879,-0.00789617,0.0,0,3.5177,0.00489972,0.00252827,0.0,0.00227203,0.0,0.0,-0.00789617,-0.0921879
20.2,2.2,0.00227203,0.0,0.0379378,-0.0923735,-0.00618398,0.0,0,3.51771,0.00489974,0.00252828,0.0,0.00227203,0.0,0.0,-0.00618398,-0.0923735
20.22,2.2,0.00227203,0.0,0.0331451,-0.0916682,-0.00636949,0.0,0,3.51772,0.00489976,0.00252828,0.0,0.00227203,0.0,0.0,-0.00636949,-0.0916682
20.24,2.2,0.00227203,0.0,0.0327106,-0.0899932,-0.00700831,0.0,0,3.51773,0.00489978,0.00252829,0.0,0.00227203,0.0,0.0,-0.00700831,-0.0899932
20.26,2.2,0.00227203,0.0,0.035064,-0.088013,-0.00694162,0.0,0,3.51773,0.00489979,0.00252829,0.0,0.00227203,0.0,0.0,-0.00694162,-0.088013
20.28,2.2,0.00227203,0.0,0.0384114,-0.0864112,-0.0065197,0.0,0,3.51774,0.00489981,0.0025283,0.0,0.00227203,0.0,0.0,-0.0065197,-0.0864112
20.3,2.2,0.00227203,0.0,0.0422307,-0.0854727,-0.0062043,0.0,0,3.51775,0.00489983,0.0025283,0.0,0.00227203,0.0,0.0,-0.0062043,-0.0854727
20.32,2.2,0.00227203,0.0,0.0467867,-0.085175,-0.0058349,0.0,0,3.51775,0.00489985,0.00252831,0.0,0.00227203,0.0,0.0,-0.0058349,-0.085175
20.34,2.2,0.00227203,0.0,0.0516753,-0.0853557,-0.00732582,0.0,0,3.51776,0.00489987,0.00252831,0.0,0.00227203,0.0,0.0,-0.00732582,-0.0853557
20.36,2.2,0.00227203,0.0,0.0561218,-0.0857792,-0.00541457,0.0,0,3.51777,0.0048999,0.00252832,0.0,0.00227203,0.0,0.0,-0.00541457,-0.0857792
20.38,2.2,0.00227203,0.0,0.0600084,-0.086126,-0.00745815,0.0,0,3.51779,0.00489993,0.00252832,0.0,0.00227203,0.0,0.0,-0.00745815,-0.086126
20.4,2.2,0.00227203,0.0,0.0637349,-0.086149,-0.00645798,0.0,0,3.5178,0.00489996,0.00252833,0.0,0.00227203,0.0,0.0,-0.00645798,-0.086149
20.42,2.2,0.00227203,0.0,0.0677444,-0.0862027,-0.006,0.0,0,3.51781,0.00489999,0.00252834,0.0,0.00227203,0.0,0.0,-0.006,-0.0862027
20.44,2.2,0.00227203,0.0,0.0723003,-0.087326,-0.0064,0.0,0,3.51782,0.00490003,0.00252835,0.0,0.00227203,0.0,0.0,-0.0064,-0.087326
20.46,2.2,0.00227203,0.0,0.0774025,-0.0901591,-0.00790301,0.0,0,3.51784,0.00490006,0.00252836,0.0,0.00227203,0.0,0.0,-0.00790301,-0.0901591
20.48,2.2,0.00227203,0.0,0.0831804,-0.0940455,-0.00653741,0.0,0,3.51785,0.0049001,0.00252837,0.0,0.00227203,0.0,0.0,-0.00653741,-0.0940455
20.5,2.2,0.00227203,0.0,0.0898596,-0.0976492,-0.0064,0.0,0,3.51787,0.00490014,0.00252838,0.0,0.00227203,0.0,0.0,-0.0064,-0.0976492
20.52,2.2,0.00227203,0.0,0.0968767,-0.100092,-0.00656079,0.0,0,3.51789,0.00490019,0.00252839,0.0,0.00227203,0.0,0.0,-0.00656079,-0.100092
20.54,2.2,0.00227203,0.0,0.102822,-0.10132,-0.00642383,0.0,0,3.51791,0.00490024,0.0025284,0.0,0.00227203,0.0,0.0,-0.00642383,-0.10132
20.56,2.2,0.00227203,0.0,0.106468,-0.101847,-0.00653934,0.0,0,3.51793,0.00490029,0.00252841,0.0,0.00227203,0.0,0.0,-0.00653934,-0.101847
20.58,2.2,0.00227203,0.0,0.107283,-0.102472,-0.00629099,0.0,0,3.51795,0.00490034,0.00252843,0.0,0.00227203,0.0,0.0,-0.00629099,-0.102472
20.6,2.2,0.00227203,0.0,0.105189,-0.103917,-0.00730389,0.0,0,3.51797,0.0049004,0.00252844,0.0,0.00227203,0.0,0.0,-0.00730389,-0.103917
20.62,2.2,0.00227203,0.0,0.100431,-0.106081,-0.0072,0.0,0,3.51799,0.00490045,0.00252845,0.0,0.00227203,0.0,0.0,-0.0072,-0.106081
20.64,2.2,0.00227203,0.0,0.0936649,-0.107672,-0.00640392,0.0,0,3.51801,0.0049005,0.00252846,0.0,0.00227203,0.0,0.0,-0.00640392,-0.107672
20.66,2.2,0.00227203,0.0,0.085888,-0.107174,-0.0072,0.0,0,3.51803,0.00490055,0.00252847,0.0,0.00227203,0.0,0.0,-0.0072,-0.107174
20.68,2.2,0.00227203,0.0,0.0784068,-0.104178,-0.00632554,0.0,0,3.51805,0.00490059,0.00252849,0.0,0.00227203,0.0,0.0,-0.00632554,-0.104178
20.7,2.2,0.00227203,0.0,0.0729769,-0.0993834,-0.0079675,0.0,0,3.51806,0.00490063,0.0025285,0.0,0.00227203,0.0,0.0,-0.0079675,-0.0993834
20.72,2.2,0.00227203,0.0,0.0712279,-0.0934909,-0.00697077,0.0,0,3.51808,0.00490067,0.0025285,0.0,0.00227203,0.0,0.0,-0.00697077,-0.0934909
20.74,2.2,0.00227203,0.0,0.0734286,-0.086908,-0.00698136,2.45341,0,3.51809,0.00490071,0.00252851,0.0,0.00227203,0.0,0.0,-0.00698136,-0.086908
20.76,2.2,0.00227203,0.0,0.0781172,-0.0805467,-0.00697312,2.61344,0,3.51811,0.00490074,0.00252852,0.0,0.00227203,0.0,0.0,-0.00697312,-0.0805467
20.78,2.2,0.00227203,0.0,0.0830354,-0.0757713,-0.00701214,2.81214,0,3.51812,0.00490078,0.00252853,0.0,0.00227203,0.0,0.0,-0.00701214,-0.0757713
20.8,2.2,0.00227203,0.0,0.0866142,-0.0734182,-0.00760842,3.21197,0,3.51814,0.00490082,0.00252854,0.0,0.00227203,0.0,0.0,-0.00760842,-0.0734182
20.82,2.2,0.00227203,0.0,0.0887079,-0.0737106,-0.00818366,3.51352,0,3.51816,0.00490087,0.00252855,0.0,0.00227203,0.0,0.0,-0.00818366,-0.0737106
20.84,2.2,0.00227203,0.0,0.0897032,-0.0766985,-0.00779774,3.90038,0,3.51817,0.00490091,0.00252856,0.0,0.00227203,0.0,0.0,-0.00779774,-0.0766985
20.86,2.2,0.00227203,0.0,0.0893828,-0.0820237,-0.00738321,4.41679,0,3.51819,0.00490096,0.00252857,0.0,0.00227203,0.0,0.0,-0.00738321,-0.0820237
20.88,2.2,0.00227203,0.0,0.0869911,-0.0886977,-0.00665944,5.05623,0,3.51821,0.004901,0.00252859,0.0,0.00227203,0.0,0.0,-0.00665944,-0.0886977
20.9,2.2,0.00227203,0.0,0.0818949,-0.095442,-0.006,5.65749,0,3.51823,0.00490105,0.0025286,0.0,0.00227203,0.0,0.0,-0.006,-0.095442
20.92,2.2,0.00227203,0.0,0.07423,-0.101126,-0.00813594,6.26406,0,3.51824,0.00490109,0.00252861,0.0,0.00227203,0.0,0.0,-0.00813594,-0.101126
20.94,2.2,0.00227203,0.0,0.0655673,-0.104981,-0.00720578,6.79807,0,3.51826,0.00490113,0.00252862,0.0,0.00227203,0.0,0.0,-0.00720578,-0.104981
20.96,2.2,0.00227203,0.0,0.0588574,-0.10664,-0.00774203,7.32174,0,3.51827,0.00490116,0.00252862,0.0,0.00227203,0.0,0.0,-0.00774203,-0.10664
20.98,2.2,0.00227203,0.0,0.0570918,-0.106331,-0.00762579,7.62489,0,3.51828,0.00490119,0.00252863,0.0,0.00227203,0.0,0.0,-0.00762579,-0.106331
21.0,2.2,0.00227203,0.0,0.0619702,-0.10492,-0.00710075,7.81241,0,3.5183,0.00490122,0.00252864,0.0,0.00227203,0.0,0.0,-0.00710075,-0.10492
21.02,2.2,0.00227203,0.0,0.0735965,-0.103461,-0.00708801,7.9,0,3.51831,0.00490125,0.00252864,0.0,0.00227203,0.0,0.0,-0.00708801,-0.103461
21.04,2.2,0.00227203,0.0,0.0904634,-0.102562,-0.00640543,7.9,0,3.51832,0.00490129,0.00252865,0.0,0.00227203,0.0,0.0,-0.00640543,-0.102562
21.06,2.2,0.00227203,0.0,0.109604,-0.101802,-0.00648798,7.9,0,3.51834,0.00490133,0.00252867,0.0,0.00227203,0.0,0.0,-0.00648798,-0.101802
21.08,2.2,0.00227203,0.0,0.127465,-0.0998227,-0.00771479,7.9,0,3.51836,0.00490139,0.00252868,0.0,0.00227203,0.0,0.0,-0.00771479,-0.0998227
21.1,2.2,0.00227203,0.0,0.141485,-0.0956365,-0.00768213,7.9,0,3.51839,0.00490145,0.00252869,0.0,0.00227203,0.0,0.0,-0.00768213,-0.0956365
21.12,2.2,0.00227203,0.0,0.152116,-0.0897691,-0.00699415,7.9,0,3.51842,0.00490152,0.00252871,0.0,0.00227203,0.0,0.0,-0.00699415,-0.0897691
21.14,2.2,0.00227203,0.0,0.163797,-0.0838749,-0.00678273,7.9,0,3.51845,0.0049016,0.00252873,0.0,0.00227203,0.0,0.0,-0.00678273,-0.0838749
21.16,2.2,0.00227203,0.0,0.182695,-0.0796682,-0.00713146,7.9,0,3.51848,0.00490168,0.00252875,0.0,0.00227203,0.0,0.0,-0.00713146,-0.0796682
21.18,2.2,0.00227203,0.0,0.211989,-0.07806,-0.00594331,7.9,0,3.51852,0.00490178,0.00252877,0.0,0.00227203,0.0,0.0,-0.00594331,-0.07806
21.2,2.2,0.00227203,0.0,0.248903,-0.0786788,-0.00764899,7.9,0,3.51856,0.00490188,0.0025288,0.0,0.00227203,0.0,0.0,-0.00764899,-0.0786788
21.22,2.2,0.00227203,0.0,0.286261,-0.0802635,-0.00548316,7.9,0,3.51861,0.00490201,0.00252883,0.0,0.00227203,0.0,0.0,-0.00548316,-0.0802635
21.24,2.2,0.00227203,0.0,0.317006,-0.081662,-0.0074121,7.9,0,3.51867,0.00490215,0.00252886,0.0,0.00227203,0.0,0.0,-0.0074121,-0.081662
21.26,2.2,0.00227203,0.0,0.337779,-0.0823974,-0.0072,7.9,0,3.51873,0.00490231,0.0025289,0.0,0.00227203,0.0,0.0,-0.0072,-0.0823974
21.28,2.2,0.00227203,0.0,0.349098,-0.08264,-0.0070826,7.9,0,3.5188,0.00490249,0.00252895,0.0,0.00227203,0.0,0.0,-0.0070826,-0.08264
21.3,2.2,0.00227203,0.0,0.353404,-0.0830626,-0.00644092,7.9,0,3.51887,0.00490266,0.00252899,0.0,0.00227203,0.0,0.0,-0.00644092,-0.0830626
21.32,2.2,0.00227203,0.0,0.353405,-0.0845174,-0.00711205,7.9,0,3.51894,0.00490284,0.00252903,0.0,0.00227203,0.0,0.0,-0.00711205,-0.0845174
21.34,2.2,0.00227203,0.0,0.351048,-0.0872743,-0.00581245,7.9,0,3.51901,0.00490302,0.00252907,0.0,0.00227203,0.0,0.0,-0.00581245,-0.0872743
21.36,2.2,0.00227203,0.0,0.347404,-0.0906218,-0.00708079,7.9,0,3.51908,0.0049032,0.00252912,0.0,0.00227203,0.0,0.0,-0.00708079,-0.0906218
21.38,2.2,0.00227203,0.0,0.344034,-0.0934954,-0.008,7.9,0,3.51915,0.00490337,0.00252916,0.0,0.00227203,0.0,0.0,-0.008,-0.0934954
21.4,2.2,0.00227203,0.0,0.343973,-0.095094,-0.00675706,7.85706,0,3.51922,0.00490355,0.0025292,0.0,0.00227203,0.0,0.0,-0.00675706,-0.095094
21.42,2.2,0.00227203,0.0,0.350186,-0.0949736,-0.00726991,7.23496,0,3.51929,0.00490372,0.00252924,0.0,0.00227203,0.0,0.0,-0.00726991,-0.0949736
21.44,2.2,0.00227203,0.0,0.362899,-0.0931573,-0.00639888,6.29906,0,3.51936,0.0049039,0.00252929,0.0,0.00227203,0.0,0.0,-0.00639888,-0.0931573
21.46,2.2,0.00227203,0.0,0.378932,-0.0901046,-0.00646515,5.05114,0,3.51943,0.00490408,0.00252933,0.0,0.00227203,0.0,0.0,-0.00646515,-0.0901046
21.48,2.2,0.00227203,0.0,0.393567,-0.086665,-0.00702859,3.81422,0,3.5195,0.00490427,0.00252938,0.0,0.00227203,0.0,0.0,-0.00702859,-0.086665
21.5,2.2,0.00227203,0.0,0.402682,-0.0840296,-0.00730456,2.78409,0,3.51958,0.00490447,0.00252943,0.0,0.00227203,0.0,0.0,-0.00730456,-0.0840296
21.52,2.2,0.00227203,0.034301,0.403666,-0.0830394,-0.00669391,2.5,0,3.51966,0.00490468,0.00252948,0.034301,0.00227203,2.1062981874268414e-05,7.224813412692808e-07,-0.006714972981874268,-0.08304012248134127
21.54,2.2,0.00227203,0.0611111,0.395909,-0.0836007,-0.00718136,2.3,0,3.52043,0.00490662,0.00252995,0.0611111,0.00227203,3.7526075414425064e-05,2.2932597472584716e-06,-0.0072188860754144255,-0.08360299325974725
21.56,2.2,0.00227203,0.0611111,0.381362,-0.0850819,-0.00682229,2.28885,0,3.52173,0.00490991,0.00253075,0.0611111,0.00227203,3.7526075414425064e-05,2.2932597472584716e-06,-0.006859816075414425,-0.08508419325974725
21.58,2.2,0.00227203,0.0611111,0.36357,-0.0868363,-0.00737242,2.2,0,3.52303,0.0049132,0.00253154,0.0611111,0.00227203,3.7526075414425064e-05,2.2932597472584716e-06,-0.007409946075414425,-0.08683859325974726
21.6,2.2,0.00227203,0.0611111,0.345168,-0.0881788,-0.0061696,2.2,0,3.52432,0.00491647,0.00253234,0.0611111,0.00227203,3.7526075414425064e-05,2.2932597472584716e-06,-0.006207126075414425,-0.08818109325974725
21.62,2.2,0.00227203,0.0611111,0.327078,-0.0883524,-0.00585759,2.2,0,3.52562,0.00491974,0.00253313,0.0611111,0.00227203,3.7526075414425064e-05,2.2932597472584716e-06,-0.005895116075414425,-0.08835469325974725
21.64,2.2,0.00227203,0.0611111,0.310217,-0.0871803,-0.00719061,2.2,0,3.5269,0.00492301,0.00253392,0.0611111,0.00227203,3.7526075414425064e-05,2.2932597472584716e-06,-0.007228136075414425,-0.08718259325974725
21.66,2.2,0.00227203,0.0611111,0.296153,-0.0857833,-0.00639915,2.2,0,3.52819,0.00492626,0.00253471,0.0611111,0.00227203,3.7526075414425064e-05,2.2932597472584716e-06,-0.006436676075414425,-0.08578559325974726
21.68,2.2,0.00227203,0.0611111,0.285263,-0.0857652,-0.00622629,2.2,0,3.52947,0.00492951,0.0025355,0.0611111,0.00227203,3.7526075414425064e-05,2.2932597472584716e-06,-0.006263816075414425,-0.08576749325974725
21.7,2.2,0.00227203,0.0611111,0.275681,-0.0875559,-0.00645671,2.2,0,3.53075,0.00493275,0.00253628,0.0611111,0.00227203,3.7526075414425064e-05,2.2932597472584716e-06,-0.006494236075414425,-0.08755819325974726
21.72,2.2,0.00227203,0.0611111,0.265144,-0.0902939,-0.007,2.2,0,3.53203,0.00493599,0.00253707,0.0611111,0.00227203,3.7526075414425064e-05,2.2932597472584716e-06,-0.007037526075414425,-0.09029619325974725
21.74,2.2,0.00227203,0.0611111,0.253173,-0.0927176,-0.00599258,2.2,0,3.5333,0.00493923,0.00253785,0.0611111,0.00227203,3.7526075414425064e-05,2.2932597472584716e-06,-0.006030106075414425,-0.09271989325974725
21.76,2.2,0.00227203,0.0611111,0.240907,-0.0935082,-0.00694693,2.2,0,3.53457,0.00494246,0.00253863,0.0611111,0.00227203,3.7526075414425064e-05,2.2932597472584716e-06,-0.006984456075414425,-0.09351049325974725
21.78,2.2,0.00227203,0.0611111,0.229455,-0.0920478,-0.0062,2.2,0,3.53584,0.00494569,0.00253941,0.0611111,0.00227203,3.7526075414425064e-05,2.2932597472584716e-06,-0.006237526075414425,-0.09205009325974725
21.8,2.2,0.00227203,0.0611111,0.219387,-0.0893466,-0.00726343,2.2,0,3.53711,0.00494891,0.00254019,0.0611111,0.00227203,3.7526075414425064e-05,2.2932597472584716e-06,-0.0073009560754144255,-0.08934889325974725
21.82,2.2,0.00227203,0.0611111,0.211732,-0.0872133,-0.00732358,2.2,0,3.53838,0.00495212,0.00254097,0.0611111,0.00227203,3.7526075414425064e-05,2.2932597472584716e-06,-0.007361106075414425,-0.08721559325974725
21.84,2.2,0.00227203,0.0611111,0.207659,-0.0867284,-0.0068,2.2,0,3.53964,0.00495534,0.00254175,0.0611111,0.00227203,3.7526075414425064e-05,2.2932597472584716e-06,-0.006837526075414425,-0.08673069325974725
21.86,2.2,0.00227203,0.0832823,0.206213,-0.0879947,-0.00776862,2.2,0,3.54091,0.00495855,0.00254252,0.0832823,0.00227203,5.114058871401412e-05,4.259105851457138e-06,-0.007819760588714015,-0.08799895910585145
21.88,2.2,0.00227203,0.1,0.204235,-0.0905452,-0.00745434,2.2,0,3.54261,0.00496289,0.00254357,0.1,0.00227203,6.14063071776604e-05,6.14063071776604e-06,-0.00751574630717766,-0.09055134063071778
21.9,2.2,0.00227203,0.1,0.199292,-0.0933578,-0.0072,2.2,0,3.54465,0.00496808,0.00254482,0.1,0.00227203,6.14063071776604e-05,6.14063071776604e-06,-0.00726140630717766,-0.09336394063071778
21.92,2.2,0.00227203,0.1,0.191412,-0.0948959,-0.00803462,2.2,0,3.54669,0.00497328,0.00254608,0.1,0.00227203,6.14063071776604e-05,6.14063071776604e-06,-0.00809602630717766,-0.09490204063071778
21.94,2.2,0.00227203,0.1,0.182621,-0.0940558,-0.0064,2.2,0,3.54873,0.00497847,0.00254733,0.1,0.00227203,6.14063071776604e-05,6.14063071776604e-06,-0.00646140630717766,-0.09406194063071777
21.96,2.2,0.00227203,0.1,0.175757,-0.0912621,-0.00625186,2.2,0,3.55077,0.00498366,0.00254858,0.1,0.00227203,6.14063071776604e-05,6.14063071776604e-06,-0.00631326630717766,-0.09126824063071777
21.98,2.2,0.00227203,0.1,0.172646,-0.0881215,-0.00531088,2.2,0,3.5528,0.00498884,0.00254983,0.1,0.00227203,6.14063071776604e-05,6.14063071776604e-06,-0.00537228630717766,-0.08812764063071778
22.0,2.2,0.00227203,0.126312,0.173165,-0.0862497,-0.00785733,2.2,0,3.55484,0.00499403,0.00255108,0.126312,0.00227203,7.756352366495354e-05,9.797203801167612e-06,-0.007934893523664954,-0.08625949720380116
22.02,2.2,0.00227203,0.15,0.176092,-0.086557,-0.0064,2.2,0,3.5574,0.00500057,0.00255265,0.15,0.00227203,9.210943320238138e-05,1.3816414980357206e-05,-0.006492109433202381,-0.08657081641498035
22.04,2.2,0.00227203,0.15,0.179646,-0.0887182,-0.00583538,2.2,0,3.56043,0.00500832,0.00255451,0.15,0.00227203,9.210943320238138e-05,1.3816414980357206e-05,-0.005927489433202381,-0.08873201641498035
22.06,2.2,0.00227203,0.15,0.181337,-0.0912328,-0.0062274,2.2,0,3.56347,0.00501608,0.00255638,0.15,0.00227203,9.210943320238138e-05,1.3816414980357206e-05,-0.006319509433202381,-0.09124661641498036
22.08,2.2,0.00227203,0.15,0.178993,-0.0928137,-0.00604394,2.2,0,3.56651,0.00502384,0.00255824,0.15,0.00227203,9.210943320238138e-05,1.3816414980357206e-05,-0.006136049433202381,-0.09282751641498035
22.1,2.2,0.00227203,0.15,0.172739,-0.0933055,-0.00666953,2.2,0,3.56954,0.00503161,0.00256011,0.15,0.00227203,9.210943320238138e-05,1.3816414980357206e-05,-0.006761639433202381,-0.09331931641498036
22.12,2.2,0.00227203,0.156484,0.165184,-0.0929336,-0.00703552,2.2,0,3.57258,0.00503938,0.00256197,0.156484,0.00227203,9.609101239672823e-05,1.503670598388962e-05,-0.007131611012396728,-0.0929486367059839
22.14,2.2,0.00227203,0.16591,0.158877,-0.091649,-0.0067994,2.2,0,3.57574,0.00504749,0.00256391,0.16591,0.00227203,0.00010187916149189519,1.6902771683120333e-05,-0.006901279161491895,-0.09166590277168311
22.16,2.2,0.00227203,0.169444,0.15433,-0.0893934,-0.00701231,2.2,0,3.57909,0.00505608,0.00256597,0.169444,0.00227203,0.00010404925652487009,1.763052222260009e-05,-0.00711635925652487,-0.0894110305222226
22.18,2.2,0.00227203,0.169444,0.15066,-0.0865482,-0.00769004,2.2,0,3.58251,0.00506486,0.00256807,0.169444,0.00227203,0.00010404925652487009,1.763052222260009e-05,-0.0077940892565248705,-0.08656583052222261
22.2,2.2,0.00227203,0.169444,0.146743,-0.0839501,-0.00765462,2.2,0,3.58593,0.00507364,0.00257017,0.169444,0.00227203,0.00010404925652487009,1.763052222260009e-05,-0.00775866925652487,-0.0839677305222226
22.22,2.2,0.00227203,0.169444,0.141697,-0.0821451,-0.00727639,2.2,0,3.58935,0.00508243,0.00257227,0.169444,0.00227203,0.00010404925652487009,1.763052222260009e-05,-0.00738043925652487,-0.0821627305222226
22.24,2.2,0.00227203,0.169444,0.135255,-0.0808544,-0.00640944,2.2,0,3.59276,0.00509123,0.00257437,0.169444,0.00227203,0.00010404925652487009,1.763052222260009e-05,-0.00651348925652487,-0.08087203052222261
22.26,2.2,0.00227203,0.177295,0.128117,-0.079532,-0.00715788,2.2,0,3.59618,0.00510002,0.00257646,0.177295,0.00227203,0.00010887025644656916,1.930215211669448e-05,-0.0072667502564465695,-0.0795513021521167
22.28,2.2,0.00227203,0.183333,0.12188,-0.0781917,-0.00717592,2.2,0,3.59975,0.00510923,0.00257866,0.183333,0.00227203,0.00011257796150282258,2.063925541619697e-05,-0.007288497961502822,-0.0782123392554162
22.3,2.2,0.00227203,0.183333,0.117832,-0.0776039,-0.0064,2.2,0,3.60344,0.00511875,0.00258092,0.183333,0.00227203,0.00011257796150282258,2.063925541619697e-05,-0.006512577961502823,-0.0776245392554162
22.32,2.2,0.00227203,0.183333,0.115715,-0.0786673,-0.00713597,2.2,0,3.60713,0.00512828,0.00258319,0.183333,0.00227203,0.00011257796150282258,2.063925541619697e-05,-0.007248547961502823,-0.07868793925541619
22.34,2.2,0.00227203,0.183333,0.114534,-0.0815101,-0.0064,2.2,0,3.61082,0.00513781,0.00258545,0.183333,0.00227203,0.00011257796150282258,2.063925541619697e-05,-0.006512577961502823,-0.08153073925541619
22.36,2.2,0.00227203,0.183333,0.113854,-0.0853737,-0.0068,2.2,0,3.61451,0.00514736,0.00258772,0.183333,0.00227203,0.00011257796150282258,2.063925541619697e-05,-0.006912577961502822,-0.08539433925541619
22.38,2.2,0.00227203,0.18787,0.113624,-0.0891429,-0.00671284,2.2,0,3.6182,0.00515691,0.00258999,0.18787,0.00227203,0.00011536395943331208,2.1673427058736343e-05,-0.006828203959433312,-0.08916457342705873
22.4,2.2,0.00227203,0.191667,0.113824,-0.091689,-0.0064,2.2,0,3.62198,0.0051667,0.00259231,0.191667,0.00227203,0.00011769555144434985,2.2558353258684203e-05,-0.00651769555144435,-0.09171155835325868
22.42,2.2,0.00227203,0.191667,0.114523,-0.0922725,-0.00637637,2.2,0,3.62584,0.0051767,0.00259468,0.191667,0.00227203,0.00011769555144434985,2.2558353258684203e-05,-0.00649406555144435,-0.09229505835325867
22.44,2.2,0.00227203,0.191667,0.115628,-0.0910726,-0.00639711,2.2,0,3.62969,0.00518672,0.00259704,0.191667,0.00227203,0.00011769555144434985,2.2558353258684203e-05,-0.00651480555144435,-0.09109515835325868
22.46,2.2,0.00227203,0.191667,0.116809,-0.0889702,-0.00635027,2.2,0,3.63355,0.00519674,0.00259941,0.191667,0.00227203,0.00011769555144434985,2.2558353258684203e-05,-0.006467965551444349,-0.08899275835325868
22.48,2.2,0.00227203,0.193138,0.117662,-0.0867189,-0.0072,2.2,0,3.63741,0.00520676,0.00260178,0.193138,0.00227203,0.00011859883603758757,2.2905941994627587e-05,-0.007318598836037587,-0.08674180594199463
22.5,2.2,0.00227203,0.195912,0.11784,-0.0845484,-0.00673874,2.2,0,3.64129,0.00521688,0.00260417,0.195912,0.00227203,0.00012030224277705966,2.3568652986939313e-05,-0.00685904224277706,-0.08457196865298694
22.52,2.2,0.00227203,0.197222,0.117352,-0.0823781,-0.00686372,2.2,0,3.64524,0.00522715,0.00260659,0.197222,0.00227203,0.00012110666336134178,2.388489836145055e-05,-0.006984826663361342,-0.08240198489836145
22.54,2.2,0.00227203,0.197222,0.116583,-0.0802071,-0.0064,2.2,0,3.6492,0.0052375,0.00260902,0.197222,0.00227203,0.00012110666336134178,2.388489836145055e-05,-0.006521106663361342,-0.08023098489836146
22.56,2.2,0.00227203,0.197222,0.115997,-0.0784968,-0.00685157,2.2,0,3.65317,0.00524785,0.00261146,0.197222,0.00227203,0.00012110666336134178,2.388489836145055e-05,-0.006972676663361342,-0.07852068489836146
22.58,2.2,0.00227203,0.197222,0.115794,-0.078312,-0.00630059,2.2,0,3.65714,0.00525822,0.0026139,0.197222,0.00227203,0.00012110666336134178,2.388489836145055e-05,-0.006421696663361342,-0.07833588489836146
22.6,2.2,0.00227203,0.197222,0.11556,-0.0807461,-0.00616814,2.2,0,3.66111,0.0052686,0.00261633,0.197222,0.00227203,0.00012110666336134178,2.388489836145055e-05,-0.006289246663361342,-0.08076998489836146
22.62,2.2,0.00227203,0.198807,0.11456,-0.0859187,-0.00646231,2.2,0,3.66507,0.00527898,0.00261877,0.198807,0.00227203,0.00012207995082224175,2.4270348783117418e-05,-0.006584389950822242,-0.08594297034878312
22.64,2.2,0.00227203,0.2,0.112845,-0.0928015,-0.007,2.2,0,3.66907,0.00528946,0.00262122,0.2,0.00227203,0.00012281252615020823,2.4562505230041647e-05,-0.0071228125261502085,-0.09282606250523004
22.66,2.2,0.00227203,0.2,0.111752,-0.100185,-0.00620904,2.2,0,3.6731,0.00530001,0.00262369,0.2,0.00227203,0.00012281252615020823,2.4562505230041647e-05,-0.006331852526150208,-0.10020956250523004
22.68,2.2,0.00227203,0.2,0.112623,-0.107464,-0.0057819,2.2,0,3.67712,0.00531057,0.00262616,0.2,0.00227203,0.00012281252615020823,2.4562505230041647e-05,-0.005904712526150209,-0.10748856250523005
22.7,2.2,0.00227203,0.2,0.115142,-0.114257,-0.00596467,2.2,0,3.68114,0.00532114,0.00262863,0.2,0.00227203,0.00012281252615020823,2.4562505230041647e-05,-0.0060874825261502084,-0.11428156250523004
22.72,2.2,0.00227203,0.201598,0.117925,-0.119546,-0.007023,2.2,0,3.68516,0.00533172,0.0026311,0.201598,0.00227203,0.00012379379633220875,2.495658175298062e-05,-0.007146793796332209,-0.11957095658175299
22.74,2.2,0.00227203,0.202778,0.120299,-0.121656,-0.00779237,2.2,0,3.68922,0.00534239,0.0026336,0.202778,0.00227203,0.00012451838880293421,2.5249589844681397e-05,-0.007916888388802935,-0.12168124958984468
22.76,2.2,0.00227203,0.202778,0.122342,-0.119264,-0.00708744,2.2,0,3.6933,0.00535314,0.0026361,0.202778,0.00227203,0.00012451838880293421,2.5249589844681397e-05,-0.007211958388802934,-0.11928924958984467
22.78,2.2,0.00227203,0.202778,0.123969,-0.112374,-0.00724833,2.2,0,3.69738,0.0053639,0.00263861,0.202778,0.00227203,0.00012451838880293421,2.5249589844681397e-05,-0.007372848388802934,-0.11239924958984468
22.8,2.2,0.00227203,0.202778,0.124883,-0.102819,-0.0069847,2.2,0,3.70146,0.00537467,0.00264111,0.202778,0.00227203,0.00012451838880293421,2.5249589844681397e-05,-0.007109218388802934,-0.10284424958984467
22.82,2.2,0.00227203,0.202778,0.124861,-0.0939177,-0.0074,2.2,0,3.70554,0.00538545,0.00264362,0.202778,0.00227203,0.00012451838880293421,2.5249589844681397e-05,-0.007524518388802934,-0.09394294958984468
22.84,2.2,0.00227203,0.202778,0.123785,-0.0885633,-0.00741624,2.2,0,3.70962,0.00539625,0.00264612,0.202778,0.00227203,0.00012451838880293421,2.5249589844681397e-05,-0.007540758388802934,-0.08858854958984468
22.86,2.2,0.00227203,0.202778,0.121655,-0.087159,-0.00720962,2.2,0,3.7137,0.00540705,0.00264863,0.202778,0.00227203,0.00012451838880293421,2.5249589844681397e-05,-0.007334138388802934,-0.08718424958984468
22.88,2.2,0.00227203,0.202778,0.118777,-0.0877222,-0.00729554,2.2,0,3.71778,0.00541786,0.00265113,0.202778,0.00227203,0.00012451838880293421,2.5249589844681397e-05,-0.007420058388802934,-0.08774744958984468
22.9,2.2,0.00227203,0.202778,0.11591,-0.0879269,-0.0070779,2.2,0,3.72186,0.00542868,0.00265364,0.202778,0.00227203,0.00012451838880293421,2.5249589844681397e-05,-0.007202418388802934,-0.08795214958984468
22.92,2.2,0.00227203,0.202778,0.113916,-0.0870491,-0.00567038,2.2,0,3.72594,0.00543951,0.00265614,0.202778,0.00227203,0.00012451838880293421,2.5249589844681397e-05,-0.005794898388802934,-0.08707434958984468
22.94,2.2,0.00227203,0.202778,0.113062,-0.0864035,-0.00682226,2.2,0,3.73002,0.00545035,0.00265865,0.202778,0.00227203,0.00012451838880293421,2.5249589844681397e-05,-0.006946778388802934,-0.08642874958984467
22.96,2.2,0.00227203,0.204363,0.112604,-0.0879262,-0.00637605,2.2,0,3.73409,0.00546119,0.00266115,0.204363,0.00227203,0.00012549167610786745,2.5645855404432115e-05,-0.006501541676107868,-0.08795184585540443
22.98,2.2,0.00227203,0.205556,0.111045,-0.0920621,-0.00602752,2.2,0,3.7382,0.00547214,0.00266368,0.205556,0.00227203,0.00012622425131762863,2.594615220384647e-05,-0.006153744251317628,-0.09208804615220384
23.0,2.2,0.00227203,0.205556,0.107154,-0.0970405,-0.0058151,2.2,0,3.74234,0.00548315,0.00266621,0.205556,0.00227203,0.00012622425131762863,2.594615220384647e-05,-0.005941324251317629,-0.09706644615220385
23.02,2.2,0.00227203,0.205556,0.10127,-0.100105,-0.00625718,2.2,0,3.74647,0.00549417,0.00266875,0.205556,0.00227203,0.00012622425131762863,2.594615220384647e-05,-0.006383404251317629,-0.10013094615220385
23.04,2.2,0.00227203,0.205556,0.0954107,-0.0995429,-0.0064251,2.2,0,3.7506,0.00550521,0.00267129,0.205556,0.00227203,0.00012622425131762863,2.594615220384647e-05,-0.006551324251317629,-0.09956884615220385
23.06,2.2,0.00227203,0.205556,0.0914901,-0.0961477,-0.00606506,2.2,0,3.75473,0.00551624,0.00267382,0.205556,0.00227203,0.00012622425131762863,2.594615220384647e-05,-0.006191284251317628,-0.09617364615220385
23.08,2.2,0.00227203,0.205556,0.0895759,-0.0929222,-0.00582426,2.2,0,3.75886,0.00552729,0.00267636,0.205556,0.00227203,0.00012622425131762863,2.594615220384647e-05,-0.005950484251317629,-0.09294814615220384
23.1,2.2,0.00227203,0.205556,0.0883778,-0.0928122,-0.00632229,2.2,0,3.76299,0.00553835,0.0026789,0.205556,0.00227203,0.00012622425131762863,2.594615220384647e-05,-0.006448514251317629,-0.09283814615220384
23.12,2.2,0.00227203,0.205556,0.0866376,-0.0964197,-0.00830513,2.2,0,3.76712,0.00554941,0.00268143,0.205556,0.00227203,0.00012622425131762863,2.594615220384647e-05,-0.00843135425131763,-0.09644564615220384
23.14,2.2,0.00227203,0.205556,0.0831483,-0.102191,-0.00720275,2.2,0,3.77125,0.00556049,0.00268397,0.205556,0.00227203,0.00012622425131762863,2.594615220384647e-05,-0.007328974251317628,-0.10221694615220385
23.16,2.2,0.00227203,0.205556,0.0764528,-0.108473,-0.00818529,2.2,0,3.77537,0.00557157,0.0026865,0.205556,0.00227203,0.00012622425131762863,2.594615220384647e-05,-0.008311514251317629,-0.10849894615220385
23.18,2.2,0.00227203,0.20703,0.0658556,-0.114408,-0.00698435,2.2,0,3.7795,0.00558266,0.00268903,0.20703,0.00227203,0.00012712937773561058,2.6319595072603457e-05,-0.0071114793777356106,-0.1144343195950726
23.2,2.2,0.00227203,0.208333,0.0528144,-0.119188,-0.0068,2.2,0,3.78365,0.00559384,0.00269158,0.208333,0.00227203,0.000127929499631096,2.665193644664512e-05,-0.006927929499631095,-0.11921465193644665
23.22,2.2,0.00227203,0.208333,0.0408534,-0.121899,-0.00722233,2.2,0,3.78783,0.00560509,0.00269415,0.208333,0.00227203,0.000127929499631096,2.665193644664512e-05,-0.007350259499631096,-0.12192565193644664
23.24,2.2,0.00227203,0.208333,0.0336482,-0.122093,-0.00649017,2.2,0,3.79201,0.00561634,0.00269671,0.208333,0.00227203,0.000127929499631096,2.665193644664512e-05,-0.006618099499631096,-0.12211965193644664
23.26,2.2,0.00227203,0.208333,0.0329991,-0.11991,-0.00627227,2.2,0,3.79618,0.0056276,0.00269928,0.208333,0.00227203,0.000127929499631096,2.665193644664512e-05,-0.006400199499631096,-0.11993665193644665
23.28,2.2,0.00227203,0.208333,0.0382952,-0.11606,-0.00632663,2.2,0,3.80035,0.00563887,0.00270184,0.208333,0.00227203,0.000127929499631096,2.665193644664512e-05,-0.0064545594996310955,-0.11608665193644664
23.3,2.2,0.00227203,0.208333,0.0473389,-0.11151,-0.00612818,2.2,0,3.80453,0.00565015,0.0027044,0.208333,0.00227203,0.000127929499631096,2.665193644664512e-05,-0.006256109499631096,-0.11153665193644664
23.32,2.2,0.00227203,0.208333,0.0575713,-0.106721,-0.00628867,2.2,0,3.8087,0.00566145,0.00270697,0.208333,0.00227203,0.000127929499631096,2.665193644664512e-05,-0.0064165994996310954,-0.10674765193644664
23.34,2.2,0.00227203,0.208333,0.0669637,-0.101573,-0.00596465,2.2,0,3.81288,0.00567277,0.00270953,0.208333,0.00227203,0.000127929499631096,2.665193644664512e-05,-0.006092579499631096,-0.10159965193644664
23.36,2.2,0.00227203,0.208333,0.0745302,-0.0958118,-0.0053153,2.2,0,3.81706,0.0056841,0.0027121,0.208333,0.00227203,0.000127929499631096,2.665193644664512e-05,-0.005443229499631096,-0.09583845193644665
23.38,2.2,0.00227203,0.208333,0.0802405,-0.0894083,-0.00595292,2.2,0,3.82124,0.00569544,0.00271467,0.208333,0.00227203,0.000127929499631096,2.665193644664512e-05,-0.006080849499631096,-0.08943495193644664
23.4,2.2,0.00227203,0.206821,0.084194,-0.0830344,-0.00685164,2.2,0,3.82543,0.0057068,0.00271724,0.206821,0.00227203,0.00012700103891755788,2.626648186996824e-05,-0.006978641038917558,-0.08306066648186997
23.42,2.2,0.00227203,0.205556,0.0862072,-0.0779566,-0.00708609,2.2,0,3.82958,0.0057181,0.00271979,0.205556,0.00227203,0.00012622425131762863,2.594615220384647e-05,-0.007212314251317628,-0.07798254615220385
23.44,2.2,0.00227203,0.205556,0.0863041,-0.0752569,-0.0078,2.2,0,3.83371,0.00572933,0.00272232,0.205556,0.00227203,0.00012622425131762863,2.594615220384647e-05,-0.007926224251317629,-0.07528284615220385
23.46,2.2,0.00227203,0.205556,0.0851653,-0.0751444,-0.00661797,2.2,0,3.83784,0.00574057,0.00272486,0.205556,0.00227203,0.00012622425131762863,2.594615220384647e-05,-0.006744194251317628,-0.07517034615220385
23.48,2.2,0.00227203,0.205556,0.0840314,-0.0766655,-0.00717443,2.2,0,3.84196,0.00575183,0.00272739,0.205556,0.00227203,0.00012622425131762863,2.594615220384647e-05,-0.007300654251317628,-0.07669144615220384
23.5,2.2,0.00227203,0.205556,0.0840048,-0.0783446,-0.00769266,2.2,0,3.84609,0.00576309,0.00272993,0.205556,0.00227203,0.00012622425131762863,2.594615220384647e-05,-0.007818884251317628,-0.07837054615220385
23.52,2.2,0.00227203,0.204012,0.0851918,-0.0793228,-0.0073665,2.2,0,3.85022,0.00577436,0.00273246,0.204012,0.00227203,0.000125276140563474,2.555783598863546e-05,-0.0074917761405634735,-0.07934835783598863
23.54,2.2,0.00227203,0.20125,0.0867269,-0.0798578,-0.00637984,2.2,0,3.85432,0.00578557,0.00273498,0.20125,0.00227203,0.00012358010295475215,2.4870495719643872e-05,-0.006503420102954753,-0.07988267049571965
23.56,2.2,0.00227203,0.2,0.0876156,-0.0812479,-0.00650832,2.2,0,3.85836,0.00579663,0.00273746,0.2,0.00227203,0.00012281252615020823,2.4562505230041647e-05,-0.006631132526150208,-0.08127246250523004
23.58,2.2,0.00227203,0.2,0.0873115,-0.0854109,-0.008,2.2,0,3.86238,0.00580763,0.00273993,0.2,0.00227203,0.00012281252615020823,2.4562505230041647e-05,-0.008122812526150209,-0.08543546250523004
23.6,2.2,0.00227203,0.2,0.0857939,-0.0936584,-0.00681816,2.2,0,3.86639,0.00581864,0.00274239,0.2,0.00227203,0.00012281252615020823,2.4562505230041647e-05,-0.006940972526150209,-0.09368296250523005
23.62,2.2,0.00227203,0.2,0.083623,-0.105118,-0.00550478,2.2,0,3.87041,0.00582966,0.00274486,0.2,0.00227203,0.00012281252615020823,2.4562505230041647e-05,-0.005627592526150208,-0.10514256250523005
23.64,2.2,0.00227203,0.198396,0.0817805,-0.116859,-0.00519215,2.2,0,3.87443,0.00584069,0.00274733,0.198396,0.00227203,0.0001218275715542627,2.4170102886079502e-05,-0.005313977571554263,-0.11688317010288608
23.66,2.2,0.00227203,0.197222,0.08082,-0.126254,-0.00601867,2.2,0,3.87841,0.00585164,0.00274977,0.197222,0.00227203,0.00012110666336134178,2.388489836145055e-05,-0.006139776663361342,-0.12627788489836145
23.68,2.2,0.00227203,0.197222,0.0803551,-0.132534,-0.00576841,2.24738,0,3.88237,0.00586254,0.0027522,0.197222,0.00227203,0.00012110666336134178,2.388489836145055e-05,-0.005889516663361342,-0.13255788489836146
23.7,2.2,0.00227203,0.197222,0.0797911,-0.135724,-0.0062,2.61647,0,3.88633,0.00587344,0.00275464,0.197222,0.00227203,0.00012110666336134178,2.388489836145055e-05,-0.0063211066633613415,-0.13574788489836145
23.72,2.2,0.00227203,0.197222,0.0788296,-0.135541,-0.00651668,2.81945,0,3.89029,0.00588436,0.00275707,0.197222,0.00227203,0.00012110666336134178,2.388489836145055e-05,-0.006637786663361342,-0.13556488489836144
23.74,2.2,0.00227203,0.197222,0.077092,-0.132034,-0.00641869,3.19065,0,3.89425,0.00589528,0.0027595,0.197222,0.00227203,0.00012110666336134178,2.388489836145055e-05,-0.006539796663361342,-0.13205788489836146
23.76,2.2,0.00227203,0.195317,0.0741493,-0.125992,-0.00722855,3.34286,0,3.89821,0.00590621,0.00276193,0.195317,0.00227203,0.00011993687616599642,2.342571084211392e-05,-0.007348486876165997,-0.1260154257108421
23.78,2.2,0.00227203,0.193003,0.070039,-0.118127,-0.00744958,3.6062,0,3.90214,0.00591705,0.00276434,0.193003,0.00227203,0.00011851593772498832,2.2873931528735922e-05,-0.007568095937724988,-0.11814987393152873
23.8,2.2,0.00227203,0.191667,0.0657796,-0.10869,-0.0072,3.8145,0,3.90601,0.00592776,0.00276672,0.191667,0.00227203,0.00011769555144434985,2.2558353258684203e-05,-0.007317695551444349,-0.10871255835325867
23.82,2.2,0.00227203,0.191667,0.0632943,-0.0984118,-0.00789161,3.91806,0,3.90986,0.00593841,0.00276908,0.191667,0.00227203,0.00011769555144434985,2.2558353258684203e-05,-0.00800930555144435,-0.09843435835325867
23.84,2.2,0.00227203,0.191667,0.0639921,-0.0893271,-0.00775675,4.0,0,3.9137,0.00594906,0.00277144,0.191667,0.00227203,0.00011769555144434985,2.2558353258684203e-05,-0.00787444555144435,-0.08934965835325868
23.86,2.2,0.00227203,0.191667,0.0679146,-0.0836107,-0.00645481,4.0,0,3.91755,0.00595973,0.0027738,0.191667,0.00227203,0.00011769555144434985,2.2558353258684203e-05,-0.00657250555144435,-0.08363325835325867
23.88,2.2,0.00227203,0.191667,0.0745975,-0.0815629,-0.00744528,4.0,0,3.9214,0.0059704,0.00277617,0.191667,0.00227203,0.00011769555144434985,2.2558353258684203e-05,-0.00756297555144435,-0.08158545835325867
23.9,2.2,0.00227203,0.190173,0.0833036,-0.0815719,-0.0070944,4.0,0,3.92524,0.00598109,0.00277853,0.190173,0.00227203,0.00011677814339718779,2.2208049864273394e-05,-0.007211178143397188,-0.08159410804986428
23.92,2.2,0.00227203,0.188889,0.092724,-0.0818197,-0.00683617,4.0,0,3.92906,0.00599171,0.00278088,0.188889,0.00227203,0.00011598968825845438,2.190917622545119e-05,-0.006952159688258454,-0.08184160917622545
23.94,2.2,0.00227203,0.188889,0.101708,-0.0818263,-0.00599731,4.0,0,3.93286,0.00600227,0.00278321,0.188889,0.00227203,0.00011598968825845438,2.190917622545119e-05,-0.006113299688258454,-0.08184820917622546
23.96,2.2,0.00227203,0.188889,0.109679,-0.0827445,-0.00574828,4.0,0,3.93666,0.00601285,0.00278554,0.188889,0.00227203,0.00011598968825845438,2.190917622545119e-05,-0.005864269688258454,-0.08276640917622545
23.98,2.2,0.00227203,0.188889,0.116255,-0.0858416,-0.00525202,4.0,0,3.94046,0.00602343,0.00278787,0.188889,0.00227203,0.00011598968825845438,2.190917622545119e-05,-0.005368009688258454,-0.08586350917622546
24.0,2.2,0.00227203,0.188889,0.121427,-0.0906787,-0.00623923,4.0,0,3.94426,0.00603404,0.00279021,0.188889,0.00227203,0.00011598968825845438,2.190917622545119e-05,-0.006355219688258454,-0.09070060917622545
24.02,2.2,0.00227203,0.187357,0.125997,-0.0953182,-0.00613366,4.0,0,3.94806,0.00604465,0.00279254,0.187357,0.00227203,0.0001150489457984353,2.155522533795744e-05,-0.006248708945798436,-0.09533975522533797
24.04,2.2,0.00227203,0.186111,0.13134,-0.0981127,-0.00599325,4.0,0,3.95183,0.00605519,0.00279486,0.186111,0.00227203,0.00011428382494398163,2.1269476944149365e-05,-0.006107533824943982,-0.09813396947694415
24.06,2.2,0.00227203,0.186111,0.138582,-0.0990519,-0.00758826,4.0,0,3.95558,0.00606567,0.00279716,0.186111,0.00227203,0.00011428382494398163,2.1269476944149365e-05,-0.007702543824943982,-0.09907316947694415
24.08,2.2,0.00227203,0.186111,0.147779,-0.0996024,-0.00661216,4.0,0,3.95933,0.00607616,0.00279946,0.186111,0.00227203,0.00011428382494398163,2.1269476944149365e-05,-0.0067264438249439815,-0.09962366947694415
24.1,2.2,0.00227203,0.186111,0.157648,-0.101151,-0.00626378,4.0,0,3.96308,0.00608667,0.00280177,0.186111,0.00227203,0.00011428382494398163,2.1269476944149365e-05,-0.006378063824943982,-0.10117226947694416
24.12,2.2,0.00227203,0.186111,0.166245,-0.103458,-0.00706549,4.0,0,3.96684,0.00609719,0.00280407,0.186111,0.00227203,0.00011428382494398163,2.1269476944149365e-05,-0.007179773824943982,-0.10347926947694415
24.14,2.2,0.00227203,0.188872,0.172313,-0.104724,-0.006,4.0,0,3.97059,0.00610773,0.00280638,0.188872,0.00227203,0.00011597924921048276,2.19052327568823e-05,-0.006115979249210483,-0.10474590523275688
24.16,2.2,0.00227203,0.188889,0.17638,-0.103197,-0.00604363,4.0,0,3.9744,0.00611843,0.00280872,0.188889,0.00227203,0.00011598968825845438,2.190917622545119e-05,-0.006159619688258454,-0.10321890917622545
24.18,2.2,0.00227203,0.188889,0.18044,-0.0987056,-0.00645651,4.0,0,3.97822,0.00612914,0.00281106,0.188889,0.00227203,0.00011598968825845438,2.190917622545119e-05,-0.0065724996882584544,-0.09872750917622546
24.2,2.2,0.00227203,0.188889,0.186617,-0.0926603,-0.00590767,4.0,0,3.98203,0.00613987,0.0028134,0.188889,0.00227203,0.00011598968825845438,2.190917622545119e-05,-0.006023659688258454,-0.09268220917622545
24.22,2.2,0.00227203,0.188889,0.195965,-0.0868397,-0.00586855,4.0,0,3.98585,0.00615061,0.00281574,0.188889,0.00227203,0.00011598968825845438,2.190917622545119e-05,-0.005984539688258454,-0.08686160917622546
24.24,2.2,0.00227203,0.188889,0.207582,-0.082527,-0.0064,4.0,0,3.98966,0.00616136,0.00281809,0.188889,0.00227203,0.00011598968825845438,2.190917622545119e-05,-0.006515989688258454,-0.08254890917622545
24.26,2.2,0.00227203,0.190784,0.219011,-0.080409,-0.00635927,4.0,0,3.99348,0.00617213,0.00282043,0.190784,0.00227203,0.00011715333504618461,2.2350981873451286e-05,-0.006476423335046185,-0.08043135098187344
24.28,2.2,0.00227203,0.193144,0.227938,-0.0803866,-0.00746067,4.0,0,3.99734,0.00618302,0.0028228,0.193144,0.00227203,0.00011860252040702922,2.2907365201495255e-05,-0.007579272520407029,-0.0804095073652015
24.3,2.2,0.00227203,0.194444,0.233302,-0.0815043,-0.00671502,4.0,0,4.00125,0.00619405,0.0028252,0.194444,0.00227203,0.00011940080043822578,2.3216769240410373e-05,-0.006834420800438226,-0.08152751676924042
24.32,2.2,0.00227203,0.194444,0.235957,-0.0826141,-0.00715858,4.0,0,4.00519,0.00620518,0.00282762,0.194444,0.00227203,0.00011940080043822578,2.3216769240410373e-05,-0.007277980800438226,-0.08263731676924041
24.34,2.2,0.00227203,0.194444,0.238269,-0.0830201,-0.00710439,4.0,0,4.00912,0.00621631,0.00283004,0.194444,0.00227203,0.00011940080043822578,2.3216769240410373e-05,-0.007223790800438226,-0.08304331676924041
24.36,2.2,0.00227203,0.197546,0.241879,-0.0825457,-0.00684155,4.0,0,4.01306,0.00622746,0.00283245,0.197546,0.00227203,0.00012130561928751361,2.3963439867771165e-05,-0.006962855619287514,-0.08256966343986777
24.38,2.2,0.00227203,0.202922,0.246681,-0.081746,-0.0072,4.0,0,4.01706,0.00623879,0.00283491,0.202922,0.00227203,0.00012460681364511716,2.5285463838494465e-05,-0.0073246068136451166,-0.0817712854638385
24.4,2.2,0.00227203,0.205556,0.251562,-0.0823676,-0.00610452,4.0,0,4.02117,0.00625044,0.00283743,0.205556,0.00227203,0.00012622425131762863,2.594615220384647e-05,-0.006230744251317629,-0.08239354615220384
24.42,2.2,0.00227203,0.205556,0.254943,-0.0865967,-0.00726285,4.0,0,4.02533,0.00626225,0.00283999,0.205556,0.00227203,0.00012622425131762863,2.594615220384647e-05,-0.007389074251317629,-0.08662264615220384
24.44,2.2,0.00227203,0.205556,0.25567,-0.0951103,-0.00521492,4.0,0,4.02949,0.00627408,0.00284254,0.205556,0.00227203,0.00012622425131762863,2.594615220384647e-05,-0.005341144251317628,-0.09513624615220384
24.46,2.2,0.00227203,0.205556,0.253714,-0.106377,-0.0071041,4.0,0,4.03365,0.00628591,0.0028451,0.205556,0.00227203,0.00012622425131762863,2.594615220384647e-05,-0.007230324251317629,-0.10640294615220384
24.48,2.2,0.00227203,0.212937,0.249612,-0.117924,-0.00585341,4.0,0,4.03781,0.00629776,0.00284765,0.212937,0.00227203,0.0001307566376813708,2.7842926157958053e-05,-0.00598416663768137,-0.11795184292615796
24.5,2.21467,0.00228717,0.219444,0.244041,-0.127629,-0.00714133,4.0,0,4.04212,0.00631004,0.0028503,0.219444,0.00228717,0.00013565027838762506,2.9767639690493994e-05,-0.007276980278387625,-0.12765876763969047
24.52,2.3,0.0023753,0.219444,0.237941,-0.133863,-0.00662564,3.95165,0,4.04656,0.00632269,0.00285308,0.219444,0.0023753,0.00014087721961492098,3.0914660581176716e-05,-0.006766517219614921,-0.13389391466058118
24.54,2.3,0.0023753,0.219444,0.231918,-0.135526,-0.00637718,3.68859,0,4.051,0.00633535,0.00285595,0.219444,0.0023753,0.00014087721961492098,3.0914660581176716e-05,-0.006518057219614921,-0.13555691466058117
24.56,2.3,0.0023753,0.224134,0.225693,-0.132648,-0.00681527,3.6,0,4.05543,0.00634803,0.0028588,0.224134,0.0023753,0.00014388806788320316,3.2250208206933856e-05,-0.006959158067883203,-0.13268025020820692
24.58,2.3,0.0023753,0.232397,0.218644,-0.12622,-0.00793054,3.6,0,4.05996,0.00636098,0.00286171,0.232397,0.0023753,0.00014919268068187673,3.46719314124261e-05,-0.008079732680681876,-0.12625467193141243
24.6,2.3,0.0023753,0.236111,0.210552,-0.117043,-0.00637177,3.6,0,4.06465,0.00637441,0.00286472,0.236111,0.0023753,0.00015157696339052044,3.578898840309917e-05,-0.00652334696339052,-0.1170787889884031
24.62,2.3,0.0023753,0.236111,0.201604,-0.105431,-0.00617007,3.6,0,4.06941,0.00638807,0.00286778,0.236111,0.0023753,0.00015157696339052044,3.578898840309917e-05,-0.00632164696339052,-0.1054667889884031
24.64,2.4,0.00247857,0.236388,0.192377,-0.092047,-0.00771376,3.6,0,4.07418,0.00640173,0.00287087,0.236388,0.00247857,0.00015835260031227434,3.7432654482617905e-05,-0.007872112600312274,-0.09208443265448263
24.66,2.5,0.00258185,0.25,0.183964,-0.0783503,-0.00621603,3.6,0,4.07894,0.00641542,0.00287413,0.25,0.00258185,0.00017444945092534017,4.361236273133504e-05,-0.00639047945092534,-0.07839391236273133
24.68,2.51343,0.00259571,0.25,0.177244,-0.0662523,-0.0074537,3.6,0,4.08398,0.00642991,0.00287768,0.25,0.00259571,0.000175385942286754,4.38464855716885e-05,-0.007629085942286754,-0.0662961464855717
24.7,2.6,0.00268512,0.25,0.172279,-0.0573341,-0.00637345,3.6,0,4.08902,0.00644441,0.00288125,0.25,0.00268512,0.00018142719158594978,4.5356797896487445e-05,-0.00655487719158595,-0.05737945679789649
24.72,2.7,0.0027884,0.25,0.169285,-0.0517608,-0.00713362,3.6,0,4.09405,0.00645892,0.00288497,0.25,0.0027884,0.000188405611796236,4.7101402949059e-05,-0.007322025611796236,-0.05180790140294906
24.74,2.91266,0.00300801,0.253129,0.169318,-0.0484337,-0.00709874,3.6,0,4.09908,0.00647346,0.00288887,0.253129,0.00300801,0.00020578802480424277,5.2090916930673165e-05,-0.007304528024804243,-0.04848579091693068
24.76,3.10792,0.00320967,0.260207,0.173217,-0.046663,-0.00716039,3.6,0,4.10418,0.00648819,0.00289316,0.260207,0.00320967,0.00022572435565409592,5.873505741168534e-05,-0.007386114355654096,-0.04672173505741169
24.78,3.51245,0.00362745,0.263889,0.180224,-0.0469753,-0.00567472,3.6,0,4.10942,0.00650336,0.00289793,0.263889,0.00362745,0.00025871533940662614,6.827213220067516e-05,-0.005933435339406627,-0.04704357213220067
24.8,4.02981,0.00416175,0.263889,0.187823,-0.0506542,-0.00605963,3.6,0,4.11473,0.00651877,0.00290348,0.263889,0.00416175,0.0002968228528189665,7.832828580754424e-05,-0.006356452852818967,-0.05073252828580755
24.82,4.53635,0.00468487,0.265438,0.193393,-0.0592201,-0.00694552,3.6,0,4.12005,0.00653422,0.00290984,0.265438,0.00468487,0.00033609446576122017,8.921224280272676e-05,-0.00728161446576122,-0.059309312242802725
24.84,5.10903,0.00527629,0.272222,0.196067,-0.0736554,-0.00600903,3.6,0,4.1254,0.0065498,0.00291701,0.272222,0.00527629,0.00038819810730934145,0.00010567606516796355,-0.0063972281073093416,-0.07376107606516796
24.86,5.82798,0.00601878,0.272222,0.196578,-0.0932475,-0.00582798,3.6,0,4.13088,0.00656582,0.00292533,0.272222,0.00601878,0.000442827353315845,0.00012054734777434598,-0.006270807353315845,-0.09336804734777435
24.88,6.43682,0.00664755,0.272222,0.19602,-0.115158,-0.0052,3.6,0,4.13636,0.00658189,0.00293476,0.272222,0.00664755,0.0004890899463817392,0.0001331410433839298,-0.005689089946381739,-0.11529114104338392
24.9,7.22513,0.00746168,0.275395,0.195301,-0.135567,-0.00563351,3.6,0,4.14185,0.00659801,0.00294515,0.275395,0.00746168,0.0005553902081462982,0.00015295168637244978,-0.006188900208146299,-0.13571995168637244
24.92,8.0369,0.00830002,0.279353,0.195163,-0.151512,-0.00674465,3.6,0,4.14739,0.00661438,0.00295695,0.279353,0.00830002,0.0006266714595905387,0.00017506255225099577,-0.0073713214595905385,-0.151687062552251
24.94,8.9413,0.00923403,0.280556,0.196245,-0.161653,-0.00645507,3.6,0,4.15302,0.00663105,0.00297025,0.280556,0.00923403,0.000700197641676818,0.00019644464955828137,-0.007155267641676818,-0.16184944464955828
24.96,9.83837,0.0101605,0.280556,0.199048,-0.165432,-0.0068849,3.6,0,4.15867,0.00664787,0.00298506,0.280556,0.0101605,0.0007704545850066779,0.00021615565655113355,-0.007655354585006678,-0.16564815565655114
24.98,10.849,0.0112042,0.283488,0.203703,-0.162109,-0.0072,3.6,0,4.16432,0.00666479,0.00300134,0.283488,0.0112042,0.00085848190661668,0.0002433693187429494,-0.00805848190661668,-0.16235236931874295
25.0,11.8563,0.0122444,0.287636,0.209489,-0.151269,-0.00722813,3.6,0,4.17003,0.00668198,0.00301944,0.287636,0.0122444,0.0009519187247630047,0.0002738060943159316,-0.008180048724763005,-0.15154280609431592
25.02,12.9612,0.0133855,0.288889,0.214539,-0.134068,-0.0072,3.6,0,4.17583,0.00669953,0.00303947,0.288889,0.0133855,0.0010451748505960394,0.00030193951741383924,-0.008245174850596039,-0.13436993951741383
25.04,13.9151,0.0143707,0.288938,0.216576,-0.11333,-0.00680603,3.6,0,4.18165,0.00671728,0.00306137,0.288938,0.0143707,0.0011223023991620432,0.0003242758106090824,-0.007928332399162043,-0.11365427581060908
25.06,15.162,0.0156584,0.292862,0.214492,-0.0923931,-0.00705118,3.6,0,4.18747,0.00673518,0.00308488,0.292862,0.0156584,0.0012394907425117986,0.00036299973783349035,-0.008290670742511799,-0.0927560997378335
25.08,16.3483,0.0168835,0.296042,0.209508,-0.0742513,-0.0064,3.6,0,4.19337,0.00675345,0.00311085,0.296042,0.0168835,0.0013509971870619573,0.000399951909252196,-0.007750997187061958,-0.0746512519092522
25.1,17.5745,0.0181499,0.297222,0.204949,-0.0612057,-0.00583852,3.6,0,4.19933,0.00677208,0.00313907,0.297222,0.0181499,0.00145814340570932,0.00043339229933173545,-0.0072966634057093195,-0.06163909229933174
25.12,18.888,0.0195064,0.297222,0.204138,-0.0541333,-0.00578882,3.6,0,4.20532,0.00679096,0.0031695,0.297222,0.0195064,0.0015671498417327689,0.000465791410259497,-0.007355969841732769,-0.0545990914102595
25.14,20.1245,0.0207834,0.305556,0.207972,-0.0521364,-0.00500981,3.6,0,4.2113,0.00681003,0.00320212,0.305556,0.0207834,0.0017165926747086052,0.0005245151913132626,-0.006726402674708605,-0.05266091519131326
25.16,21.4702,0.0221731,0.305556,0.214675,-0.0531612,-0.00463618,3.6,0,4.21745,0.00682984,0.0032378,0.305556,0.0221731,0.0018314105777327205,0.0005595984904896991,-0.006467590577732721,-0.0537207984904897
25.18,22.8364,0.0235841,0.305556,0.221559,-0.0549655,-0.00424371,3.6,0,4.22361,0.00684988,0.00327586,0.305556,0.0235841,0.0019479955436192413,0.0005952217263261209,-0.006191705543619242,-0.055560721726326125
25.2,24.1615,0.0249525,0.305556,0.226733,-0.0562919,-0.0034,3.6,0,4.22976,0.00687017,0.00331626,0.305556,0.0249525,0.0020610680601041605,0.0006297717121731868,-0.005461068060104161,-0.05692167171217319
25.22,25.3778,0.0262087,0.310235,0.229567,-0.0573623,-0.00394811,3.6,0,4.23592,0.00689072,0.00335888,0.310235,0.0262087,0.0021980268922180465,0.0006819048729072656,-0.006146136892218047,-0.05804420487290726
25.24,26.6014,0.0274723,0.313889,0.230213,-0.0588195,-0.0028,3.6,0,4.24217,0.00691185,0.00340423,0.313889,0.0274723,0.0023311898610751452,0.0007317348543030162,-0.005131189861075145,-0.05955123485430301
25.26,27.9391,0.0288538,0.313889,0.229095,-0.0607181,-0.0036313,3.6,0,4.2485,0.00693353,0.00345233,0.313889,0.0288538,0.0024484819756401964,0.0007685515588517256,-0.0060797819756401965,-0.061486651558851725
25.28,29.2583,0.0302162,0.316791,0.226752,-0.0630064,-0.00377666,3.6,0,4.25482,0.00695552,0.00350284,0.316791,0.0302162,0.0025878679673385966,0.0008198132812411613,-0.006364527967338596,-0.06382621328124116
25.3,30.6775,0.0316818,0.322222,0.22397,-0.0659599,-0.00495496,3.6,0,4.2612,0.00697804,0.00355619,0.322222,0.0316818,0.0027599904109097987,0.0008893296301841772,-0.007714950410909798,-0.06684922963018418
25.32,32.1669,0.03322,0.322222,0.22169,-0.0694647,-0.00525349,3.6,0,4.26769,0.0070013,0.00361309,0.322222,0.03322,0.0028940885333375668,0.0009325389953890974,-0.008147578533337568,-0.0703972389953891
25.34,33.4935,0.03459,0.322222,0.220284,-0.0729819,-0.0052029,3.6,0,4.27418,0.00702494,0.00367265,0.322222,0.03459,0.0030135347391923996,0.0009710271907320534,-0.0082164347391924,-0.07395292719073206
25.36,34.9472,0.0360913,0.330556,0.219235,-0.076503,-0.00612134,3.9236,0,4.28067,0.00704897,0.0037346,0.330556,0.0360913,0.0032257695299328,0.0010662974727364668,-0.0093471095299328,-0.07756929747273647
25.38,36.4718,0.0376659,0.330556,0.218205,-0.0803118,-0.00609577,4.34789,0,4.28732,0.00707404,0.00380093,0.330556,0.0376659,0.0033666345980371028,0.0011128612661887526,-0.009462404598037103,-0.08142466126618876
25.4,38.0386,0.039284,0.330612,0.217911,-0.0843852,-0.00690993,4.92573,0,4.29398,0.00709956,0.00387015,0.330612,0.039284,0.0035120035073715225,0.0011611105035791139,-0.010421933507371523,-0.08554631050357911
25.42,39.7259,0.0410265,0.332504,0.219058,-0.089242,-0.00469209,5.87194,0,4.30063,0.00712556,0.00394237,0.332504,0.0410265,0.0036889454171262995,0.001226589106976163,-0.0083810354171263,-0.09046858910697617
25.44,41.5442,0.0429043,0.338889,0.22056,-0.0959182,-0.00418894,6.62211,0,4.30733,0.0071522,0.00401828,0.338889,0.0429043,0.0039320765979062285,0.0013325375061878438,-0.00812101659790623,-0.09725073750618785
25.46,43.7137,0.0451448,0.338889,0.219935,-0.103925,-0.00377158,7.45685,0,4.31415,0.00717989,0.00409934,0.338889,0.0451448,0.004137685393840574,0.0014022160654332384,-0.007909265393840573,-0.10532721606543324
25.48,46.0079,0.0475142,0.341816,0.215804,-0.110195,-0.00357842,8.12158,0,4.32097,0.00720814,0.00418476,0.341816,0.0475142,0.004392784147725204,0.0015015239062388384,-0.007971204147725204,-0.11169652390623884
25.5,48.6731,0.0502667,0.344444,0.209087,-0.11064,-0.0028,8.73148,0,4.32785,0.00723724,0.00427556,0.344444,0.0502667,0.004683408504957507,0.0016131719590815835,-0.007483408504957507,-0.11225317195908159
25.52,51.3911,0.0530736,0.344444,0.202086,-0.103092,-0.00310422,9.33474,0,4.33478,0.00726721,0.00437242,0.344444,0.0530736,0.004945409470601791,0.001703416619691963,-0.008049629470601791,-0.10479541661969197
25.54,53.9666,0.0557334,0.344552,0.19756,-0.089051,-0.00278789,9.9,0,4.34171,0.00729785,0.00447448,0.344552,0.0557334,0.005195380393853803,0.0017900787054631157,-0.007983270393853803,-0.09084107870546312
25.56,56.8592,0.0587208,0.348325,0.197859,-0.0724471,-0.00223161,10.2724,0,4.34864,0.00732923,0.00458164,0.348325,0.0587208,0.005534433764218529,0.001927781640921419,-0.007766043764218529,-0.07437488164092142
25.58,59.7288,0.0616843,0.35,0.203811,-0.0568707,-0.00250094,10.9495,0,4.35564,0.00736173,0.00469579,0.35,0.0616843,0.0058423961334597855,0.0020448386467109246,-0.008343336133459785,-0.058915538646710924
25.6,62.9855,0.0650476,0.350413,0.215148,-0.0440696,-0.003,11.9571,0,4.36269,0.00739521,0.00481635,0.350413,0.0650476,0.006169097290891768,0.002161731888993257,-0.009169097290891768,-0.046231331888993255
25.62,66.4452,0.0686205,0.355556,0.232488,-0.0342422,-0.00283503,12.5701,0,4.36974,0.00742962,0.00494381,0.355556,0.0686205,0.006604520098436145,0.002348276748119562,-0.009439550098436144,-0.03659047674811956
25.64,69.7776,0.0720621,0.355556,0.257842,-0.0267808,-0.00355565,13.0166,0,4.37689,0.00746549,0.00508018,0.355556,0.0720621,0.006936885968602108,0.0024664514274522907,-0.010492535968602107,-0.02924725142745229
25.66,73.3022,0.075702,0.355559,0.292929,-0.0209954,-0.00339907,13.4002,0,4.38406,0.00750238,0.00522338,0.355559,0.075702,0.0072886436803365935,0.002591542858336799,-0.010687713680336594,-0.0235869428583368
25.68,76.9831,0.0795035,0.361308,0.337726,-0.0167185,-0.00322909,13.6,0,4.39123,0.00754037,0.00537399,0.361308,0.0795035,0.007779955750694666,0.0028109602523719887,-0.011009045750694666,-0.01952946025237199
25.7,80.6844,0.083326,0.363889,0.389885,-0.0141297,-0.0024,13.7,0,4.39852,0.00758015,0.00553484,0.363889,0.083326,0.008213970277472341,0.002988973430299133,-0.01061397027747234,-0.017118673430299134
25.72,84.3974,0.0871605,0.364437,0.444657,-0.0133326,-0.000747373,13.7,0,4.40588,0.00762148,0.00570472,0.364437,0.0871605,0.00860678186496713,0.003136629762523026,-0.009354154864967129,-0.016469229762523026
25.74,87.8992,0.090777,0.372221,0.496618,-0.0144261,-0.0004,13.7,0,4.41325,0.00766422,0.00588272,0.372221,0.090777,0.009157327815793915,0.003408549716922627,-0.009557327815793914,-0.017834649716922626
25.76,91.792,0.0947972,0.377778,0.541845,-0.0176369,0.000661342,13.7,0,4.4208,0.00770931,0.00607225,0.377778,0.0947972,0.00970806398937692,0.003667492997778834,-0.00904672198937692,-0.021304392997778834
25.78,95.5906,0.0987201,0.377778,0.578172,-0.0231059,0.000404721,13.7,0,4.42846,0.00775661,0.00627337,0.377778,0.0987201,0.010112373160996444,0.003820232108014915,-0.009707652160996444,-0.026926132108014915
25.8,99.8387,0.103107,0.386765,0.605454,-0.03034,0.0028,13.7,0,4.43613,0.00780553,0.00648309,0.386765,0.103107,0.010816203986876731,0.004183329134984379,-0.008016203986876731,-0.034523329134984376
25.82,103.986,0.10739,0.394444,0.62613,-0.0377681,0.00363363,13.6327,0,4.44399,0.00785734,0.00670748,0.394444,0.10739,0.011492642006445277,0.004533203683590301,-0.007859012006445277,-0.0423013036835903
25.84,107.979,0.111515,0.394826,0.643706,-0.0432071,0.00419066,13.1953,0,4.452,0.00791204,0.00694561,0.394826,0.111515,0.011949264285227412,0.004717880220679199,-0.0077586042852274125,-0.047924980220679196
25.86,112.439,0.11612,0.411111,0.661059,-0.0449987,0.00525619,12.6438,0,4.46003,0.00796877,0.00719331,0.411111,0.11612,0.012960471331524122,0.005328192329574213,-0.007704281331524122,-0.05032689232957421
25.88,116.779,0.120602,0.411842,0.679619,-0.042649,0.00633677,12.0473,0,4.46838,0.00802998,0.00746192,0.411842,0.120602,0.01348945530605431,0.005555524252156018,-0.007152685306054309,-0.04820452425215602
25.9,121.267,0.125237,0.425863,0.697765,-0.0368812,0.00614848,11.3406,0,4.47675,0.00809362,0.00774143,0.425863,0.125237,0.014490315359299594,0.006170889169857403,-0.008341835359299594,-0.04305208916985741
25.92,125.773,0.129891,0.43723,0.710974,-0.0295106,0.00636788,10.7358,0,4.48541,0.00816193,0.00804153,0.43723,0.129891,0.015436093026533768,0.00674912295399136,-0.009068213026533767,-0.03625972295399136
25.94,129.863,0.134114,0.450212,0.71549,-0.022699,0.00645572,10.0791,0,4.4943,0.0082348,0.00836073,0.450212,0.134114,0.016417315949638467,0.007391272648318633,-0.009961595949638467,-0.030090272648318633
25.96,134.282,0.138678,0.463889,0.710676,-0.0178088,0.00759218,8.94662,0,4.50344,0.00831282,0.00869986,0.463889,0.138678,0.017499043113595965,0.008117613610922919,-0.009906863113595964,-0.02592641361092292
25.98,138.293,0.142821,0.464295,0.697449,-0.015031,0.00896512,8.07093,0,4.51286,0.00839646,0.00906088,0.464295,0.142821,0.018044677966822888,0.008378053756606033,-0.009079557966822888,-0.023409053756606034
26.0,142.402,0.147064,0.478708,0.676785,-0.013875,0.00942379,7.04053,0,4.52229,0.00848361,0.00943268,0.478708,0.147064,0.019165484274051302,0.009174670645862552,-0.009741694274051303,-0.023049670645862552
26.02,146.426,0.15122,0.495148,0.650304,-0.0137015,0.0101152,6.15759,0,4.532,0.0085771,0.00982707,0.495148,0.15122,0.020392392222406523,0.010097252224140145,-0.010277192222406523,-0.023798752224140143
26.04,150.117,0.155032,0.505624,0.620079,-0.0139832,0.0102161,5.79771,0,4.54203,0.00867778,0.0102458,0.505624,0.155032,0.021357170004895915,0.01079869772655549,-0.011141070004895915,-0.02478189772655549
26.06,154.157,0.159204,0.520004,0.586882,-0.0143815,0.0132116,5.58953,0,4.55227,0.00878489,0.0106839,0.520004,0.159204,0.022565615119492663,0.011734210124596663,-0.009354015119492663,-0.026115710124596663
26.08,158.043,0.163217,0.531267,0.549685,-0.0147272,0.0128324,5.5,0,4.56278,0.00889968,0.0111463,0.531267,0.163217,0.023645811877787352,0.012562239538876455,-0.010813411877787352,-0.027289439538876456
26.1,161.799,0.167096,0.539582,0.506965,-0.0149643,0.0146265,5.5,0,4.57352,0.00902192,0.01163,0.539582,0.167096,0.024597291457800444,0.01327225571938288,-0.009970791457800443,-0.02823655571938288
26.12,165.61,0.171032,0.550522,0.457977,-0.0150948,0.01474,5.5,0,4.58441,0.00915133,0.0121325,0.550522,0.171032,0.025698689323941884,0.014147693843995134,-0.010958689323941884,-0.029242493843995132
26.14,169.092,0.174628,0.558317,0.404151,-0.0151365,0.0169952,5.5,0,4.59551,0.00928892,0.0126566,0.558317,0.174628,0.026621715943684864,0.0148633565805303,-0.009626515943684865,-0.029999856580530303
26.16,172.896,0.178556,0.566834,0.349513,-0.015098,0.018149,5.5,0,4.60676,0.00943431,0.0131988,0.566834,0.178556,0.0276487403212558,0.015672246071258708,-0.009499740321255803,-0.03077024607125871
26.18,176.708,0.182493,0.572543,0.298421,-0.0149712,0.019539,5.5,0,4.61816,0.00958805,0.0137615,0.572543,0.182493,0.02855671259230222,0.01634994589773449,-0.009017712592302218,-0.03132114589773449
26.2,180.367,0.186272,0.580845,0.253712,-0.0147383,0.0200669,5.5,0,4.62967,0.00974978,0.0143418,0.580845,0.186272,0.029584661901319784,0.01718410294207209,-0.009517761901319786,-0.03192240294207209
26.22,184.098,0.190125,0.586601,0.216865,-0.0143959,0.0215887,5.5,0,4.64134,0.0099206,0.0149423,0.586601,0.190125,0.030510842723874686,0.017897690852667614,-0.008922142723874687,-0.032293590852667614
26.24,187.612,0.193754,0.594464,0.187671,-0.0139967,0.0212051,5.5,0,4.65311,0.0101002,0.015561,0.594464,0.193754,0.03152488499103256,0.01874040923130918,-0.010319784991032557,-0.03273710923130918
26.26,191.303,0.197566,0.6,0.164351,-0.0137047,0.0222009,5.5,0,4.66504,0.0102896,0.0161997,0.6,0.197566,0.032460898148841635,0.019476538889304982,-0.010259998148841636,-0.03318123888930498
26.28,195.121,0.201509,0.600251,0.145488,-0.0138513,0.0235516,5.5,0,4.67707,0.0104884,0.0168573,0.600251,0.201509,0.03314030582198646,0.019892501709953193,-0.009588705821986461,-0.0337438017099532
26.3,198.957,0.205471,0.605556,0.130818,-0.014958,0.0227714,5.5,0,4.6891,0.0106953,0.0175284,0.605556,0.205471,0.03410923423442073,0.020655051446058878,-0.011337834234420727,-0.03561305144605888
26.32,202.479,0.209108,0.605625,0.119938,-0.017664,0.023,5.5,0,4.70124,0.0109122,0.0182186,0.605625,0.209108,0.03473476004267044,0.021036239050842283,-0.01173476004267044,-0.038700239050842286
26.34,206.122,0.21287,0.608333,0.111436,-0.0224749,0.0230267,5.5,0,4.71337,0.0111376,0.018921,0.608333,0.21287,0.035536965424805736,0.02161830878776835,-0.012510265424805735,-0.044093208787768345
26.36,209.966,0.216841,0.608466,0.103333,-0.0292593,0.0244624,5.5,0,4.72556,0.0113725,0.0196398,0.608466,0.216841,0.03622886018499404,0.022044029641322585,-0.011766460184994044,-0.05130332964132259
26.38,213.711,0.220708,0.611111,0.0942507,-0.0368526,0.0247861,5.5,0,4.73774,0.0116164,0.0203723,0.611111,0.220708,0.03705660454783171,0.022645698661829982,-0.012270504547831712,-0.059498298661829985
26.4,217.75,0.224879,0.611111,0.0837874,-0.0435434,0.0248436,5.5,0,4.74998,0.0118703,0.0211216,0.611111,0.224879,0.03778086237220242,0.023088300585138992,-0.01293726237220242,-0.066631700585139
26.42,221.674,0.228931,0.611111,0.0719663,-0.0481631,0.0247825,5.5,0,4.76222,0.0121335,0.0218854,0.611111,0.228931,0.038485781346156385,0.023519084324230975,-0.013703281346156386,-0.07168218432423097
26.44,225.311,0.232687,0.611111,0.0597965,-0.050497,0.0258553,5.5,0,4.77445,0.012406,0.0226629,0.611111,0.232687,0.03914039512197279,0.02391912600338391,-0.013285095121972786,-0.0744161260033839
26.46,229.309,0.236817,0.611111,0.04913,-0.0508559,0.0279721,5.5,0,4.78668,0.012688,0.0234534,0.611111,0.236817,0.03986153862326338,0.024359824729601107,-0.01188943862326338,-0.07521572472960111
26.48,233.185,0.240819,0.610947,0.0406003,-0.0496372,0.0280246,5.5,0,4.79891,0.0129798,0.0242584,0.610947,0.240819,0.04055081937893917,0.024774401447104747,-0.012526219378939166,-0.07441160144710475
26.5,237.025,0.244785,0.608333,0.0333526,-0.0472264,0.0283091,5.5,0,4.81114,0.0132814,0.0250769,0.608333,0.244785,0.04106938780721715,0.024983863892927834,-0.012760287807217153,-0.07221026389292784
26.52,241.029,0.24892,0.608226,0.0261674,-0.0441781,0.0296,5.5,0,4.82331,0.0135916,0.0259058,0.608226,0.24892,0.04178505572154593,0.025414757301292997,-0.012185055721545927,-0.069592857301293
26.54,244.724,0.252736,0.605605,0.0176787,-0.0415923,0.0303745,5.5,0,4.83547,0.013912,0.0267489,0.605605,0.252736,0.04227058807703473,0.025599279492392615,-0.011896088077034732,-0.06719157949239261
26.56,249.136,0.257293,0.605556,0.00707403,-0.0411692,0.0298068,6.27385,0,4.84758,0.0142412,0.0276018,0.605556,0.257293,0.043063663724767644,0.026077459950515393,-0.013256863724767642,-0.0672466599505154
26.58,253.086,0.261372,0.605402,-0.00473865,-0.0440148,0.0321302,7.2582,0,4.85969,0.0145807,0.0284708,0.605402,0.261372,0.043767099890449135,0.026496689807877685,-0.011636899890449137,-0.07051148980787769
26.6,257.015,0.26543,0.602778,-0.0150097,-0.0491903,0.0313856,8.23608,0,4.87179,0.0149307,0.0293532,0.602778,0.26543,0.04428657415548028,0.026694972596292093,-0.012900974155480277,-0.07588527259629209
26.62,261.15,0.269699,0.602545,-0.0208538,-0.0544963,0.0326187,9.24672,0,4.88384,0.0152898,0.030246,0.602545,0.269699,0.045016903168813134,0.02712470991985251,-0.012398203168813134,-0.08162100991985251
26.64,264.923,0.273597,0.59732,-0.0218166,-0.0583433,0.0328,10.0872,0,4.89588,0.0156595,0.0311532,0.59732,0.273597,0.04530464379638735,0.02706136983245809,-0.012504643796387348,-0.08540466983245809
26.66,269.168,0.27798,0.597127,-0.0199077,-0.0600049,0.0332159,10.704,0,4.90782,0.0160369,0.0320662,0.597127,0.27798,0.04605400533775917,0.027500090045320117,-0.01283810533775917,-0.08750499004532011
26.68,273.385,0.282336,0.591667,-0.0165766,-0.059365,0.0339537,11.1116,0,4.91975,0.0164252,0.0329946,0.591667,0.282336,0.04638713371191223,0.027445736241925974,-0.012433433711912224,-0.08681073624192598
26.7,277.391,0.286472,0.591359,-0.0106543,-0.0570427,0.0334,11.4,0,4.93157,0.016821,0.0339295,0.591359,0.286472,0.04708051555186853,0.027841486596237423,-0.013680515551868534,-0.08488418659623742
26.72,281.303,0.290512,0.586111,0.000587326,-0.054098,0.0336507,11.4127,0,4.94339,0.0172277,0.034878,0.586111,0.290512,0.04735903713979455,0.027757652617042126,-0.013708337139794552,-0.08185565261704213
26.74,285.071,0.294404,0.586111,0.0190203,-0.0518986,0.0347905,11.5988,0,4.9551,0.0176421,0.0358321,0.586111,0.294404,0.04803144993468,0.02815176115266523,-0.013240949934679995,-0.08005036115266523
26.76,289.101,0.298565,0.583333,0.0439163,-0.0516389,0.0345508,11.6063,0,4.96682,0.0180678,0.0368,0.583333,0.298565,0.048521028085735336,0.028303916876336252,-0.013970228085735337,-0.07994281687633625
26.78,293.057,0.302652,0.58318,0.0722886,-0.0531125,0.0351258,11.7105,0,4.97849,0.0185031,0.0377783,0.58318,0.302652,0.049214381600438895,0.028700843061743957,-0.014088581600438896,-0.08181334306174395
26.8,296.836,0.306554,0.580556,0.10141,-0.0545066,0.0367269,12.0,0,4.99016,0.0189499,0.0387707,0.580556,0.306554,0.049665707909521385,0.028833724721120096,-0.012938807909521385,-0.0833403247211201
26.82,300.576,0.310417,0.580409,0.131032,-0.0535166,0.0371176,12.2235,0,5.00178,0.0194066,0.0397725,0.580409,0.310417,0.05032063952112326,0.02920655206381563,-0.013203039521123262,-0.08272315206381563
26.84,304.165,0.314123,0.577801,0.163272,-0.0488164,0.0393784,12.4985,0,5.01341,0.0198751,0.0407878,0.577801,0.314123,0.050733583515172535,0.029313915288650207,-0.011355183515172534,-0.0781303152886502
26.86,308.012,0.318096,0.577778,0.200667,-0.0410428,0.0410319,12.9319,0,5.02499,0.0203535,0.041812,0.577778,0.318096,0.05141833939398076,0.029708385298375415,-0.010386439393980755,-0.07075118529837542
26.88,311.723,0.321929,0.578018,0.244229,-0.0323648,0.0424298,13.5745,0,5.03657,0.0208442,0.0428507,0.578018,0.321929,0.05210425318235897,0.03011719621596077,-0.009674453182358975,-0.06248199621596077
26.9,315.295,0.325618,0.580556,0.293473,-0.0249709,0.0422558,14.6837,0,5.04817,0.0213476,0.0439038,0.580556,0.325618,0.05297704345890996,0.03075614044233093,-0.010721243458909957,-0.05572704044233093
26.92,318.803,0.32924,0.580985,0.348156,-0.0197465,0.0434,16.0092,0,5.05983,0.021866,0.0449751,0.580985,0.32924,0.053650535625709796,0.031170156440503003,-0.010250535625709795,-0.050916656440503
26.94,321.951,0.332492,0.586111,0.408914,-0.015998,0.0444219,17.4329,0,5.07151,0.0223979,0.0460606,0.586111,0.332492,0.054699804157984845,0.03206015691484066,-0.010277904157984845,-0.04805815691484066
26.96,325.458,0.336113,0.586728,0.476405,-0.0120646,0.0445757,19.197,0,5.0833,0.0229479,0.0471684,0.586728,0.336113,0.055400856182232214,0.032505233546088745,-0.010825156182232211,-0.04456983354608875
26.98,328.62,0.339379,0.597222,0.550098,-0.00612584,0.046,20.6801,0,5.09511,0.0235124,0.0482917,0.597222,0.339379,0.0569839066680476,0.034032042708104726,-0.010983906668047598,-0.04015788270810473
27.0,331.566,0.342421,0.598222,0.6274,0.00297211,0.0474893,22.4384,0,5.10715,0.0241012,0.0494476,0.598222,0.342421,0.0576330475549039,0.03447735697438972,-0.010143747554903902,-0.03150524697438972
27.02,334.481,0.345431,0.61174,0.705717,0.0150653,0.0475398,24.5657,0,5.11923,0.0247058,0.050618,0.61174,0.345431,0.059496849665151494,0.036396602814159774,-0.011957049665151494,-0.021331302814159774
27.04,337.345,0.348389,0.619598,0.785772,0.0291467,0.0484969,26.6075,0,5.13159,0.0253395,0.0518273,0.619598,0.348389,0.06082117466152095,0.03768467817792905,-0.012324274661520945,-0.008537978177929052
27.06,340.473,0.35162,0.628283,0.870229,0.0448227,0.0516932,28.0466,0,5.14412,0.0259973,0.0530652,0.628283,0.35162,0.06229544367722342,0.03913916823985696,-0.01060224367722342,0.005683531760143037
27.08,343.719,0.354972,0.636586,0.961096,0.0629351,0.0528339,30.0594,0,5.15684,0.0266811,0.0543348,0.636586,0.354972,0.06377382004068732,0.04059752100442098,-0.01093992004068732,0.022337578995579012
27.1,347.184,0.35855,0.64943,1.06179,0.0854155,0.0555695,31.1565,0,5.16974,0.0273913,0.0556365,0.64943,0.35855,0.06577576847354151,0.04271675731977206,-0.010206268473541509,0.04269874268022795
27.12,350.49,0.361964,0.681762,1.17855,0.115319,0.0591167,31.8438,0,5.18292,0.0281343,0.0569807,0.681762,0.361964,0.06976867769968075,0.04756563324588974,-0.010651977699680744,0.06775336675411026
27.14,353.646,0.365224,0.697488,1.31584,0.15564,0.0612458,32.3065,0,5.19677,0.0289341,0.0584074,0.697488,0.365224,0.07208148921773873,0.05027597375150215,-0.010835689217738725,0.10536402624849786
27.16,357.073,0.368764,0.717175,1.47192,0.206915,0.0648525,32.6052,0,5.21096,0.0297742,0.0598838,0.717175,0.368764,0.07490352914767705,0.053718938516485286,-0.010051029147677054,0.1531960614835147
27.18,360.602,0.372408,0.739353,1.64123,0.266336,0.0680043,32.8,0,5.22557,0.0306615,0.0614208,0.739353,0.372408,0.07805787217573566,0.057712321966746694,-0.010053572175735659,0.20862367803325332
27.2,363.98,0.375897,0.778221,1.81867,0.329162,0.0728437,32.9,0,5.24066,0.0316014,0.0630251,0.778221,0.375897,0.08300824948233111,0.0645987629203892,-0.010164549482331114,0.2645632370796108
27.22,367.217,0.37924,0.821526,1.99859,0.390851,0.0784011,32.9,0,5.25655,0.0326181,0.0647327,0.821526,0.37924,0.08848618941454389,0.07269370524497258,-0.01008508941454389,0.3181572947550274
27.24,370.247,0.382368,0.84539,2.17324,0.44836,0.0833323,32.9,0,5.27335,0.0337221,0.0665541,0.84539,0.382368,0.09188571637361191,0.07767926576508777,-0.008553416373611913,0.3706807342349122
27.26,373.227,0.385447,0.895724,2.33493,0.500141,0.0891824,32.9,0,5.29065,0.0348918,0.0684476,0.895724,0.385447,0.09822333256474929,0.08798099633822748,-0.00904093256474929,0.41216000366177247
27.28,376.25,0.388568,0.923638,2.47777,0.5456,0.0967278,32.9,0,5.30899,0.0361675,0.0704724,0.923638,0.388568,0.10219270085417566,0.09438906183154909,-0.0054649008541756555,0.45121093816845087
27.3,379.061,0.391472,0.976204,2.59744,0.584901,0.103182,32.9,0,5.32791,0.0375231,0.0725802,0.976204,0.391472,0.10890406745029639,0.10631258626124913,-0.005722067450296395,0.4785884137387509
27.32,381.967,0.394473,1.029,2.69349,0.619128,0.109608,32.9,0,5.3479,0.038999,0.0748257,1.029,0.394473,0.11577162610945874,0.11912900326663303,-0.006163626109458739,0.499998996733367
27.34,384.548,0.397137,1.07972,2.77065,0.650494,0.115962,32.9,0,5.36895,0.0406028,0.0772114,1.07972,0.397137,0.12239087592448238,0.1321478765531821,-0.00642887592448238,0.5183461234468179
27.36,387.238,0.399915,1.16422,2.83448,0.681697,0.12155,32.9,0,5.39103,0.042339,0.0797318,1.16422,0.399915,0.13299775932420377,0.15483865136042452,-0.011447759324203763,0.5268583486395755
27.38,389.792,0.402553,1.21383,2.88792,0.714749,0.12945,32.9,0,5.41481,0.0442712,0.082467,1.21383,0.402553,0.13968585614409293,0.16955488276338432,-0.01023585614409292,0.5451941172366157
27.4,392.485,0.405334,1.27382,2.93301,0.751188,0.136338,32.9,0,5.43957,0.046354,0.0853381,1.27382,0.405334,0.14772122044594346,0.1881702450284517,-0.011383220445943476,0.5630177549715483
27.42,395.005,0.407937,1.32557,2.97109,0.792662,0.143577,32.9,0,5.46554,0.0486148,0.088372,1.32557,0.407937,0.15482747499017982,0.20523465602273264,-0.01125047499017981,0.5874273439772674
27.44,397.355,0.410364,1.39323,3.00193,0.839732,0.150097,32.9,0,5.49254,0.0510499,0.0915491,1.39323,0.410364,0.16381516163267995,0.22823219764149869,-0.013718161632679943,0.6114998023585013
27.46,399.96,0.413054,1.4463,3.02449,0.890268,0.156664,32.9,0,5.52088,0.0536998,0.0949079,1.4463,0.413054,0.17130642073105404,0.24776047630332343,-0.01464242073105404,0.6425075236966765
27.48,402.428,0.415603,1.51162,3.03771,0.940165,0.163835,32.9,0,5.55027,0.0565498,0.0984184,1.51162,0.415603,0.18028512720043535,0.2725226039787221,-0.016450127200435344,0.667642396021278
27.5,404.967,0.418225,1.55943,3.04225,0.985647,0.173087,32.9,0,5.58095,0.0596367,0.10211,1.55943,0.418225,0.18730835246514577,0.2920942640847223,-0.014221352465145776,0.6935527359152778
27.52,407.57,0.420914,1.6401,3.04134,1.02468,0.179945,32.9,0,5.61258,0.0629384,0.105943,1.6401,0.420914,0.1984257003828086,0.3254379911978444,-0.018480700382808607,0.6992420088021556
27.54,410.053,0.423478,1.68486,3.0383,1.05775,0.185676,32.9,0,5.6458,0.0665387,0.11,1.68486,0.423478,0.20524328303317835,0.34580619785128086,-0.01956728303317834,0.7119438021487191
27.56,412.637,0.426147,1.74708,3.03445,1.08845,0.194839,32.9,0,5.67988,0.070376,0.114194,1.74708,0.426147,0.21433963268062542,0.37446848546366707,-0.019500632680625407,0.7139815145363329
27.58,415.094,0.428684,1.82134,3.0296,1.12173,0.202032,32.9,0,5.71519,0.0745038,0.11857,1.82134,0.428684,0.22495660370414777,0.4097224605905125,-0.022924603704147783,0.7120075394094874
27.6,417.567,0.431238,1.86151,3.02306,1.16045,0.210469,32.9,0,5.75196,0.0789687,0.12316,1.86151,0.431238,0.23147227853835745,0.4308879612219378,-0.021003278538357456,0.7295620387780621
27.62,419.893,0.43364,1.92997,3.01403,1.20407,0.218898,32.9,0,5.78949,0.0837052,0.127881,1.92997,0.43364,0.24150326813453366,0.4660940624016059,-0.022605268134533646,0.7379759375983941
27.64,421.869,0.435681,1.97433,3.0016,1.24954,0.226707,32.9,0,5.82836,0.0888003,0.132801,1.97433,0.435681,0.24837686386712396,0.4903778936387788,-0.021669863867123967,0.7591621063612213
27.66,423.754,0.437627,2.04272,2.98492,1.29296,0.234116,32.9,0,5.86808,0.0942086,0.137858,2.04272,0.437627,0.25828708377004467,0.5276081917587456,-0.024171083770044677,0.7653518082412545
27.68,425.648,0.439584,2.12133,2.96351,1.33212,0.244954,32.9,0,5.90913,0.100013,0.143113,2.12133,0.439584,0.26959339046453706,0.5718965469941364,-0.02463939046453706,0.7602234530058636
27.7,427.086,0.441068,2.16628,2.93791,1.36724,0.254853,32.9,0,5.95169,0.106265,0.148593,2.16628,0.441068,0.27636630821343966,0.5986868061566101,-0.021513308213439664,0.7685531938433899
27.72,428.245,0.442265,2.22539,2.91081,1.3992,0.262182,32.9,0,5.9951,0.112888,0.154205,2.22539,0.442265,0.28478637571093557,0.6337607526433588,-0.022604375710935543,0.7654392473566412
27.74,428.894,0.442936,2.2854,2.88678,1.429,0.271308,32.9,0,6.03963,0.119942,0.159983,2.2854,0.442936,0.2929715481355234,0.6695571761089252,-0.021663548135523403,0.7594428238910749
27.76,429.1,0.443148,2.34066,2.86946,1.45736,0.280376,32.9,0,6.08531,0.127451,0.165921,2.34066,0.443148,0.300217927360291,0.7027080938551388,-0.019841927360291,0.7546519061448612
27.78,429.1,0.443148,2.40581,2.85924,1.48369,0.288313,32.9,0,6.13202,0.135419,0.172001,2.40581,0.443148,0.30857191797534184,0.742365405984257,-0.02025891797534185,0.7413245940157429
27.8,428.867,0.442908,2.46244,2.85374,1.50763,0.295061,32.9,0,6.17996,0.143902,0.178245,2.46244,0.442908,0.31563760427319204,0.777238662266479,-0.020576604273192023,0.730391337733521
27.82,428.378,0.442403,2.51161,2.8499,1.53087,0.302639,32.9,0,6.22896,0.152892,0.184629,2.51161,0.442403,0.3215186051019025,0.8075293437599894,-0.018879605101902508,0.7233406562400105
27.84,427.907,0.441916,2.57416,2.84592,1.55517,0.309914,32.9,0,6.27887,0.162381,0.191129,2.57416,0.441916,0.3291086187068345,0.847178241930385,-0.019194618706834476,0.7079917580696149
27.86,427.385,0.441377,2.62712,2.84129,1.57977,0.316009,32.9,0,6.32994,0.172439,0.197781,2.62712,0.441377,0.33540920847159417,0.8811602397598945,-0.019400208471594182,0.6986097602401053
27.88,426.862,0.440837,2.68843,2.83477,1.60183,0.32208,32.9,0,6.38198,0.183051,0.204558,2.68843,0.440837,0.3427543459551913,0.9214710662963148,-0.020674345955191298,0.6803589337036853
27.9,426.261,0.440216,2.75634,2.82387,1.61809,0.329009,32.9,0,6.43515,0.194273,0.211481,2.75634,0.440216,0.35084391567610096,0.967045118534664,-0.021834915676100963,0.651044881465336
27.92,425.657,0.439592,2.81502,2.8065,1.62623,0.335315,32.9,0,6.48955,0.206156,0.218565,2.81502,0.439592,0.35773045558074,1.0070183870688947,-0.02241545558074004,0.6192116129311054
27.94,424.997,0.438912,2.87247,2.78303,1.62596,0.342019,32.9,0,6.54502,0.218685,0.225787,2.87247,0.438912,0.3643839637846634,1.046682004452532,-0.022364963784663405,0.5792779955474681
27.96,424.366,0.43826,2.91911,2.75685,1.61839,0.345806,32.9,0,6.6015,0.231879,0.23314,2.91911,0.43826,0.36967059509971556,1.0791091308615306,-0.023864595099715558,0.5392808691384694
27.98,423.573,0.43744,2.9677,2.73282,1.60435,0.352109,32.9,0,6.65879,0.245708,0.240598,2.9677,0.43744,0.37501968067533464,1.1129459063401905,-0.022910680675334638,0.4914040936598094
28.0,422.747,0.436587,3.04306,2.71456,1.58427,0.357715,32.9,0,6.71691,0.260202,0.24816,3.04306,0.436587,0.38368408779345314,1.1675737002007456,-0.02596908779345314,0.4166962997992545
28.02,422.053,0.435871,3.08957,2.70275,1.55977,0.363741,32.9,0,6.77638,0.275514,0.255896,3.08957,0.435871,0.38881799919813154,1.2012804257825713,-0.025076999198131555,0.3584895742174288
28.04,421.209,0.434999,3.15209,2.69526,1.53453,0.366763,32.9,0,6.83662,0.291527,0.263734,3.15209,0.434999,0.395778914962597,1.2475307600644523,-0.029015914962596978,0.28699923993554766
28.06,420.169,0.433925,3.21856,2.68869,1.51353,0.375388,32.9,0,6.89793,0.308347,0.271709,3.21856,0.433925,0.4029857048619422,1.2970336702404526,-0.027597704861942185,0.21649632975954747
28.08,419.028,0.432747,3.27242,2.6802,1.5015,0.380544,32.9,0,6.96039,0.32602,0.279826,3.27242,0.432747,0.40846135169954995,1.3366570965286413,-0.027917351699549953,0.16484290347135877
28.1,417.704,0.431379,3.34118,2.66876,1.50133,0.387879,32.9,0,7.02373,0.344505,0.288051,3.34118,0.431379,0.4155417863205284,1.388399905618423,-0.027662786320528432,0.11293009438157697
28.12,416.337,0.429967,3.40244,2.65399,1.51343,0.391538,32.9,0,7.08823,0.363911,0.296415,3.40244,0.429967,0.4215844077001994,1.4344156521354663,-0.030046407700199396,0.07901434786453376
28.14,414.832,0.428414,3.45182,2.63507,1.5379,0.398271,32.9,0,7.15373,0.38422,0.304898,3.45182,0.428414,0.4259476760509511,1.470294707146194,-0.027676676050951088,0.06760529285380601
28.16,413.001,0.426523,3.51478,2.61249,1.57601,0.404194,32.9,0,7.22,0.405387,0.313465,3.51478,0.426523,0.43154375998806904,1.5167813767308653,-0.027349759988069045,0.059228623269134584
28.18,411.208,0.42467,3.57019,2.58931,1.62854,0.407969,32.8654,0,7.28727,0.427517,0.322141,3.57019,0.42467,0.43618813238476956,1.5572745083587805,-0.02821913238476953,0.07126549164121965
28.2,409.208,0.422606,3.62247,2.56958,1.69374,0.413146,32.5886,0,7.35539,0.450586,0.330907,3.62247,0.422606,0.44014055317000483,1.5943959496417472,-0.02699455317000482,0.09934405035825278
28.22,407.112,0.42044,3.67829,2.55448,1.76702,0.415775,32.5,0,7.42429,0.474597,0.33975,3.67829,0.42044,0.4443330830329804,1.6343859359893815,-0.028558083032980408,0.1326340640106185
28.24,405.033,0.418293,3.74081,2.53903,1.84274,0.421535,32.4023,0,7.49402,0.499595,0.348676,3.74081,0.418293,0.4492791768410636,1.6806680375188192,-0.027744176841063617,0.16207196248118083
28.26,402.757,0.415943,3.80392,2.51557,1.91786,0.423486,32.2914,0,7.5647,0.525649,0.357698,3.80392,0.415943,0.4539642150036706,1.7268435567367628,-0.03047821500367065,0.19101644326323708
28.28,400.397,0.413506,3.86704,2.48084,1.99166,0.4256,32.1,0,7.63631,0.552788,0.366811,3.86704,0.413506,0.4584520607364092,1.7728524569501238,-0.03285206073640923,0.21880754304987615
28.3,398.178,0.411214,3.91356,2.43663,2.06186,0.429586,31.8728,0,7.70884,0.581038,0.376012,3.91356,0.411214,0.4610760296024042,1.8044487064107848,-0.03149002960240416,0.257411293589215
28.32,395.895,0.408856,3.95305,2.38679,2.12398,0.431774,31.6869,0,7.78196,0.610298,0.385265,3.95305,0.408856,0.4627309393537339,1.8291985398122779,-0.030956939353733892,0.2947814601877221
28.34,394.003,0.406903,3.99716,2.3372,2.17429,0.433196,31.5003,0,7.85553,0.640531,0.394551,3.99716,0.406903,0.4653875328743076,1.8602284309038675,-0.032191532874307593,0.3140615690961326
28.36,391.836,0.404665,4.03299,2.29361,2.21236,0.435801,31.4,0,7.92961,0.671787,0.40389,4.03299,0.404665,0.4666674120187185,1.8820650059973714,-0.03086641201871848,0.3302949940026285
28.38,389.881,0.402645,4.09087,2.25788,2.24064,0.440238,31.4,0,8.00405,0.704015,0.413253,4.09087,0.402645,0.47071976917448766,1.9256533821228363,-0.03048176917448764,0.31498661787716364
28.4,387.898,0.400597,4.14659,2.22833,2.26162,0.443,31.4,0,8.07924,0.737409,0.422696,4.14659,0.400597,0.47441792724095355,1.9672166329180656,-0.03141792724095355,0.2944033670819346
28.42,385.984,0.398621,4.20848,2.20207,2.27691,0.446366,31.4,0,8.15512,0.771974,0.432212,4.20848,0.398621,0.4788455828294401,2.0152120584260422,-0.032479582829440135,0.26169794157395776
28.44,384.166,0.396743,4.243,2.17686,2.28747,0.4496,31.4,0,8.23177,0.807784,0.441818,4.243,0.396743,0.4802374063302439,2.037647315059225,-0.03063740633024392,0.24982268494077475
28.46,382.096,0.394605,4.30894,2.15383,2.29276,0.449704,31.4,0,8.3087,0.844626,0.451449,4.30894,0.394605,0.4847711490424027,2.0888497949547706,-0.03506714904240271,0.20391020504522928
28.48,380.108,0.392552,4.35927,2.13602,2.29008,0.452099,31.4,0,8.38645,0.88279,0.461168,4.35927,0.392552,0.4875937469221757,2.125552793145433,-0.035494746922175746,0.1645272068545669
28.5,378.092,0.39047,4.41549,2.12322,2.27668,0.456238,31.4,0,8.46472,0.92216,0.470943,4.41549,0.39047,0.4909695594097799,2.167871179878289,-0.0347315594097799,0.10880882012171078
28.52,375.973,0.388282,4.48289,2.11384,2.2526,0.4576,31.4,0,8.54359,0.96281,0.480785,4.48289,0.388282,0.4953609725655056,2.2206487503041794,-0.03776097256550559,0.03195124969582075
28.54,373.981,0.386224,4.51433,2.10958,2.22095,0.459625,31.4,0,8.62325,1.00487,0.490713,4.51433,0.386224,0.4959045414564508,2.2386767486330994,-0.03627954145645079,-0.0177267486330992
28.56,371.796,0.383969,4.5597,2.1112,2.18611,0.462156,31.4,0,8.70304,1.04801,0.500652,4.5597,0.383969,0.49764964053913985,2.269133065966316,-0.03549364053913984,-0.08302306596631581
28.58,369.708,0.381812,4.62708,2.11442,2.15126,0.464943,31.4,0,8.78319,1.09239,0.510624,4.62708,0.381812,0.5018626259330052,2.32215851920209,-0.03691962593300524,-0.17089851920208998
28.6,367.452,0.379482,4.66593,2.1134,2.11715,0.467995,31.4,0,8.86407,1.13823,0.520679,4.66593,0.379482,0.5026649961800808,2.3453996856265245,-0.034669996180080764,-0.22824968562652437
28.62,365.402,0.377365,4.71569,2.10351,2.08505,0.469898,31.4,0,8.94515,1.18527,0.530751,4.71569,0.377365,0.5048970271546088,2.3809378619827175,-0.03499902715460884,-0.29588786198271766
28.64,363.415,0.375312,4.74701,2.08342,2.0616,0.471391,31.4,0,9.02661,1.23364,0.540868,4.74701,0.375312,0.505203145076859,2.398204381711301,-0.033812145076859035,-0.33660438171130114
28.66,361.252,0.373079,4.79332,2.05789,2.05713,0.472024,31.4,0,9.10811,1.28315,0.55099,4.79332,0.373079,0.5067892114637088,2.4292028630932245,-0.03476521146370881,-0.3720728630932246
28.68,359.118,0.370875,4.8388,2.03311,2.07867,0.473118,31.4,0,9.18988,1.33397,0.561142,4.8388,0.370875,0.5082731522914853,2.459432129308039,-0.0351551522914853,-0.3807621293080392
28.7,357.115,0.368806,4.88889,2.00905,2.1279,0.474688,31.4,0,9.27189,1.3861,0.571323,4.88889,0.368806,0.5103857790429982,2.4952199313055234,-0.0356977790429982,-0.36731993130552354
28.72,354.992,0.366614,4.94333,1.98215,2.20275,0.4748,31.4,0,9.35421,1.43961,0.581547,4.94333,0.366614,0.512701310390212,2.534451768691247,-0.03790131039021205,-0.3317017686912469
28.74,353.174,0.364737,4.96733,1.95262,2.29616,0.473592,31.4,0,9.43687,1.49457,0.591816,4.96733,0.364737,0.5122999049868256,2.5447626870382085,-0.038707904986825636,-0.24860268703820854
28.76,350.917,0.362405,5.01553,1.92416,2.39707,0.473062,31.4,0,9.51936,1.55063,0.602076,5.01553,0.362405,0.5136484028808953,2.576218974101217,-0.04058640288089532,-0.1791489741012171
28.78,348.889,0.360311,5.05341,1.89999,2.49478,0.474876,31.4,0,9.60205,1.60809,0.61236,5.05341,0.360311,0.5142565268815258,2.5987490755083713,-0.03938052688152577,-0.10396907550837131
28.8,346.795,0.358148,5.13533,1.88057,2.58043,0.474247,31.4,0,9.68476,1.66683,0.622657,5.13533,0.358148,0.519159344577544,2.666054556989399,-0.044912344577544006,-0.08562455698939919
28.82,344.587,0.355868,5.17296,1.86315,2.64817,0.474968,31.4,0,9.76819,1.72738,0.63305,5.17296,0.355868,0.5193299055770634,2.6864728283539256,-0.044361905577063376,-0.03830282835392573
28.84,342.621,0.353839,5.2245,1.84581,2.69782,0.47897,31.4,0,9.85158,1.78924,0.643446,5.2245,0.353839,0.5212412074744259,2.7232246884501383,-0.04227120747442592,-0.025404688450138213
28.86,340.421,0.351566,5.29243,1.83068,2.73386,0.478121,31.4,0,9.93514,1.85259,0.65388,5.29243,0.351566,0.5243201438549265,2.7749276589421292,-0.04619914385492652,-0.04106765894212927
28.88,338.33,0.349407,5.3124,1.82064,2.76221,0.478757,31.4,0,10.0191,1.91764,0.664373,5.3124,0.349407,0.5227841235850651,2.7772383781333,-0.04402712358506511,-0.015028378133299825
28.9,336.261,0.347269,5.39167,1.81503,2.78804,0.481072,31.4,0,10.1027,1.98381,0.674837,5.39167,0.347269,0.5270502581666086,2.8416810654491584,-0.045978258166608554,-0.053641065449158365
28.92,334.31,0.345255,5.39679,1.80863,2.8143,0.481825,31.4,0,10.1868,2.05185,0.685386,5.39679,0.345255,0.5242323589506412,2.8291719524612313,-0.04240735895064124,-0.014871952461231519
28.94,332.334,0.343215,5.49294,1.79416,2.84158,0.4836,31.4,0,10.2703,2.12084,0.69588,5.49294,0.343215,0.530143465342099,2.9120462465162293,-0.04654346534209902,-0.07046624651622935
28.96,330.073,0.34088,5.504,1.76876,2.86804,0.483022,31.3,0,10.3545,2.19194,0.706488,5.504,0.34088,0.527298405674132,2.9022504248304224,-0.04427640567413199,-0.03421042483042225
28.98,327.987,0.338725,5.55129,1.73808,2.88989,0.485351,31.3,0,10.4381,2.26408,0.717038,5.55129,0.338725,0.5281876271121007,2.932122692511133,-0.04283662711210068,-0.04223269251113315
29.0,325.888,0.336557,5.5729,1.71199,2.90322,0.485894,31.3,0,10.5217,2.33771,0.727606,5.5729,0.336557,0.5265755082713194,2.9345526500452355,-0.04068150827131939,-0.03133265004523533
29.02,323.679,0.334276,5.62833,1.69666,2.90463,0.485319,31.2,0,10.6048,2.4125,0.73814,5.62833,0.334276,0.5279166426016216,2.971289077053985,-0.04259764260162163,-0.066659077053985
29.04,321.485,0.33201,5.63663,1.69007,2.89164,0.485196,31.2,0,10.6879,2.48892,0.748699,5.63663,0.33201,0.5248314873880408,2.9582809067560523,-0.039635487388040735,-0.06664090675605205
29.06,318.979,0.329422,5.70834,1.68517,2.86366,0.484673,31.2,0,10.7703,2.56632,0.759194,5.70834,0.329422,0.5270382127840516,3.008513311563713,-0.04236521278405159,-0.14485331156371295
29.08,316.507,0.326869,5.75685,1.67744,2.82263,0.485163,31.2,0,10.853,2.64557,0.76973,5.75685,0.326869,0.527080828183233,3.0343252657266446,-0.041917828183232975,-0.21169526572664443
29.1,313.826,0.324101,5.78365,1.66824,2.77467,0.483169,31.2,0,10.9355,2.72637,0.780264,5.78365,0.324101,0.5247148855150652,3.0347672476092065,-0.04154588551506516,-0.2600972476092065
29.12,311.175,0.321363,5.82014,1.66179,2.72966,0.484532,31.2,0,11.0175,2.80841,0.790749,5.82014,0.321363,0.5232353404146379,3.045302934160851,-0.03870334041463791,-0.3156429341608509
29.14,308.502,0.318603,5.88606,1.66106,2.69534,0.4838,31.2,0,11.0992,2.89182,0.801204,5.88606,0.318603,0.524283060984717,3.085961553939703,-0.04048306098471699,-0.3906215539397033
29.16,305.398,0.315397,5.92684,1.66526,2.6726,0.481784,31.2,0,11.1809,2.97704,0.811675,5.92684,0.315397,0.5222258661780456,3.0951491526986876,-0.04044186617804557,-0.42254915269868754
29.18,302.163,0.312055,5.9767,1.67049,2.65827,0.483589,31.2,0,11.2622,3.06369,0.8221,5.9767,0.312055,0.5206500855989719,3.111769366599375,-0.037061085598971866,-0.4534993665993752
29.2,298.985,0.308774,6.00636,1.6731,2.64986,0.4792,31.2,0,11.3433,3.15193,0.832491,6.00636,0.308774,0.5173602211993922,3.107451738203181,-0.038160221199392164,-0.4575917382031811
29.22,295.721,0.305402,6.02799,1.67222,2.64562,0.479144,31.2,0,11.424,3.24144,0.842817,6.02799,0.305402,0.5131792627404144,3.0934394640065905,-0.03403526274041435,-0.44781946400659045
29.24,292.421,0.301995,6.07748,1.66988,2.64313,0.475816,31.2,0,11.5039,3.3321,0.853057,6.07748,0.301995,0.5112446464185999,3.1070791137161127,-0.035428646418599885,-0.46394911371611247
29.26,288.902,0.298361,6.1333,1.66766,2.63806,0.477,31.2,0,11.5836,3.42433,0.863255,6.1333,0.298361,0.5093367656242042,3.1239151846029314,-0.03233676562420418,-0.48585518460293153
29.28,285.361,0.294703,6.20827,1.66468,2.62506,0.472507,31.2,0,11.6631,3.51821,0.873413,6.20827,0.294703,0.5088465866677376,3.159056998611715,-0.03633958666773762,-0.5339969986117152
29.3,281.644,0.290865,6.26285,1.66017,2.60352,0.474205,31.2,0,11.7426,3.61404,0.883557,6.26285,0.290865,0.5062316198290427,3.1704527002463205,-0.03202661982904276,-0.5669327002463205
29.32,278.028,0.287131,6.2992,1.65344,2.57939,0.475126,31.2,0,11.8217,3.71152,0.893648,6.2992,0.287131,0.502251764701174,3.1637843162056356,-0.02712576470117406,-0.5843943162056355
29.34,274.551,0.28354,6.33561,1.6432,2.55861,0.469874,31.2,0,11.9004,3.81036,0.903661,6.33561,0.28354,0.49847759918579926,3.1581596621775416,-0.028603599185799244,-0.5995496621775418
29.36,270.454,0.279309,6.36757,1.63146,2.54471,0.468105,31.2,0,11.9785,3.91056,0.913593,6.36757,0.279309,0.4931049807339068,3.1398804821718027,-0.0249999807339068,-0.5951704821718029
29.38,266.614,0.275343,6.40926,1.62276,2.54141,0.463736,31.2,0,12.056,4.01202,0.923414,6.40926,0.275343,0.4889076906810532,3.133536505574447,-0.025171690681053238,-0.5921265055744471
29.4,262.712,0.271313,6.42498,1.61786,2.55194,0.456304,31.2,0,12.133,4.11491,0.933151,6.42498,0.271313,0.48256389596961163,3.1004633803268353,-0.026259895969611646,-0.5485233803268352
29.42,258.698,0.267168,6.47446,1.61411,2.57813,0.451986,31.2,0,12.2092,4.21878,0.94276,6.47446,0.267168,0.4784751783660082,3.0978684033235853,-0.026489178366008226,-0.5197384033235855
29.44,254.537,0.262871,6.51182,1.6103,2.61978,0.444745,31.2,0,12.285,4.32419,0.952283,6.51182,0.262871,0.4731192257105003,3.0808672363661502,-0.0283742257105003,-0.46108723636615023
29.46,249.927,0.258109,6.55403,1.60802,2.67019,0.441023,31.2,0,12.3602,4.43092,0.961693,6.55403,0.258109,0.4671544823697395,3.0617444920857437,-0.0261314823697395,-0.3915544920857439
29.48,245.282,0.253313,6.61264,1.60873,2.71427,0.431954,31.2,0,12.4348,4.53903,0.970978,6.61264,0.253313,0.46217566077310224,3.0562012614546465,-0.030221660773102232,-0.3419312614546466
29.5,240.461,0.248333,6.63829,1.61019,2.73769,0.429197,31.2,0,12.5092,4.64881,0.98016,6.63829,0.248333,0.4544533189832268,3.0167929228731643,-0.025256318983226778,-0.27910292287316407
29.52,235.282,0.242985,6.67873,1.61008,2.73415,0.422763,31.2,0,12.5828,4.75969,0.989182,6.67873,0.242985,0.4469665351149405,2.9851688070682063,-0.0242035351149405,-0.25101880706820623
29.54,230.186,0.237722,6.73349,1.6121,2.69987,0.412197,31.2,0,12.6558,4.87189,0.99805,6.73349,0.237722,0.44048107415713644,2.9659749080263365,-0.028284074157136463,-0.26610490802633624
29.56,224.379,0.231725,6.7906,1.62187,2.62924,0.411181,31.2,0,12.7285,4.98566,1.00678,6.7906,0.231725,0.43258593466204154,2.9375180479160594,-0.02140493466204152,-0.3082780479160596
29.58,218.64,0.225799,6.8289,1.64083,2.51839,0.406947,31.2,0,12.8008,5.10102,1.01535,6.8289,0.225799,0.4235029130722053,2.8920590430787825,-0.016555913072205275,-0.37366904307878235
29.6,212.273,0.219222,6.86021,1.66687,2.37086,0.398194,31.2,0,12.8725,5.21765,1.02373,6.86021,0.219222,0.41263590574233744,2.830768966932641,-0.014441905742337446,-0.45990896693264105
29.62,205.983,0.212726,6.88385,1.69578,2.201,0.395605,31.2,0,12.9436,5.33541,1.03188,6.88385,0.212726,0.40140136573484386,2.763186791513805,-0.005796365734843878,-0.5621867915138048
29.64,199.741,0.20628,6.94132,1.72391,2.02733,0.389845,31.2,0,13.0139,5.45414,1.03981,6.94132,0.20628,0.3921196913492147,2.721828255956131,-0.002274691349214708,-0.6944982559561308
29.66,192.949,0.199266,6.99335,1.75069,1.86281,0.377716,31.2,0,13.0839,5.57442,1.04755,6.99335,0.199266,0.38125063381793367,2.6662191200106466,-0.0035346338179336745,-0.8034091200106466
29.68,185.368,0.191437,7.01989,1.77502,1.71436,0.371229,31.2,0,13.1535,5.69614,1.05506,7.01989,0.191437,0.3672768920654014,2.5782433818409904,0.003952107934598603,-0.8638833818409903
29.7,178.355,0.184194,7.055,1.79314,1.58257,0.356771,31.2,0,13.2225,5.81884,1.06228,7.055,0.184194,0.35481693374889095,2.5032334675984256,0.0019540662511090545,-0.9206634675984255
29.72,171.282,0.176889,7.0825,1.80372,1.46022,0.346579,31.2,0,13.2909,5.94264,1.06926,7.0825,0.176889,0.3417649129698704,2.420549996109107,0.0048140870301296435,-0.960329996109107
29.74,164.915,0.170315,7.10246,1.80973,1.33987,0.335365,31.2,0,13.3588,6.06739,1.07598,7.10246,0.170315,0.32973396286474116,2.3419222818883094,0.005631037135258865,-1.0020522818883095
29.76,157.605,0.162765,7.13681,1.81295,1.22217,0.321894,31.2,0,13.426,6.19294,1.08246,7.13681,0.162765,0.31636850824803614,2.2578619333496666,0.0055254917519638735,-1.0356919333496666
29.78,151.398,0.156355,7.18336,1.81128,1.11283,0.303795,31.2,0,13.4927,6.31952,1.08868,7.18336,0.156355,0.3056756820743767,2.1957784675857948,-0.0018806820743766939,-1.0829484675857948
29.8,144.874,0.149617,7.26921,1.80271,1.01692,0.291346,31.2,0,13.5591,6.44734,1.09468,7.26921,0.149617,0.2957842268447844,2.150117659622375,-0.004438226844784399,-1.1331976596223752
29.82,138.711,0.143252,7.27154,1.78876,0.94037,0.284917,31.2,0,13.6256,6.57707,1.10049,7.27154,0.143252,0.2831137802846688,2.0586731778911807,0.0018032197153311502,-1.1183031778911805
29.84,133.644,0.13802,7.39345,1.77342,0.889902,0.275863,31.2,0,13.6913,6.70721,1.10605,7.39345,0.13802,0.27719761837886664,2.0494467316032314,-0.0013346183788666144,-1.1595447316032315
29.86,128.223,0.13242,7.26427,1.76001,0.867064,0.259974,31.2,0,13.7573,6.8399,1.11151,7.26427,0.13242,0.2611827119438426,1.8973017388922977,-0.0012087119438426441,-1.0302377388922976
29.88,123.132,0.127163,7.39913,1.74772,0.864957,0.251033,31.2,0,13.8215,6.97061,1.11664,7.39913,0.127163,0.25534104986371886,1.8893016222781382,-0.004308049863718855,-1.0243446222781383
29.9,118.735,0.122622,7.42331,1.73283,0.872291,0.239438,31.2,0,13.8863,7.10407,1.12167,7.42331,0.122622,0.24693126502409757,1.8330473289660336,-0.007493265024097556,-0.9607563289660336
29.92,114.52,0.118269,7.47218,1.71583,0.882842,0.232755,31.2,0,13.9506,7.23828,1.12653,7.47218,0.118269,0.23964476464103884,1.7906688174554777,-0.0068897646410388536,-0.9078268174554777
29.94,110.992,0.114626,7.50207,1.70241,0.898601,0.228337,31.2,0,14.0146,7.37368,1.13126,7.50207,0.114626,0.23312330547909638,1.7489073563355646,-0.004786305479096364,-0.8503063563355646
29.96,107.339,0.110853,7.60402,1.69547,0.920602,0.212811,31.2,0,14.0783,7.50991,1.13586,7.60402,0.110853,0.22844005859508248,1.7370627743581792,-0.015629058595082485,-0.8164607743581792
29.98,104.58,0.108003,7.61944,1.69136,0.946297,0.205028,31.2,0,14.1422,7.64829,1.14038,7.61944,0.108003,0.22297039028330629,1.6989095105402352,-0.017942390283306298,-0.7526125105402351
30.0,102.105,0.105447,7.62192,1.68422,0.978156,0.198322,31.2,0,14.2056,7.78723,1.1448,7.62192,0.105447,0.21772441939905518,1.6594781067060467,-0.019402419399055182,-0.6813221067060466
30.02,100.016,0.103291,7.67014,1.67251,1.01867,0.192049,31.2,0,14.2685,7.92648,1.14912,7.67014,0.103291,0.214585889675954,1.6459038158391217,-0.02253688967595399,-0.6272338158391217
30.04,98.6961,0.101927,7.68102,1.66188,1.0593,0.178813,31.2,0,14.3311,8.06689,1.15339,7.68102,0.101927,0.21203183386318838,1.6286207565398272,-0.033218833863188385,-0.5693207565398273
30.06,97.6876,0.100886,7.81584,1.65742,1.09036,0.18255,31.2,0,14.3932,8.20776,1.15762,7.81584,0.100886,0.21352419461898445,1.6688709412708433,-0.030974194618984457,-0.5785109412708433
30.08,97.4,0.100589,7.80713,1.65567,1.1138,0.180581,31.2,0,14.4558,8.35136,1.16189,7.80713,0.100589,0.2126547754559851,1.660223477105685,-0.03207377545598511,-0.5464234771056851
30.1,97.5161,0.100709,7.85631,1.65155,1.13825,0.175508,31.2,0,14.5177,8.49506,1.16616,7.85631,0.100709,0.21424744408527158,1.6831943374415599,-0.03873944408527158,-0.5449443374415599
30.12,97.7096,0.100909,7.89711,1.64686,1.17141,0.177634,31.2,0,14.5794,8.63994,1.17046,7.89711,0.100909,0.2157873772214207,1.7040966545290535,-0.0381533772214207,-0.5326866545290534
30.14,97.9905,0.101199,7.89452,1.64387,1.21927,0.178378,31.2,0,14.6407,8.78583,1.1748,7.89452,0.101199,0.21634100710521978,1.7079084074122997,-0.03796300710521977,-0.4886384074122996
30.16,98.5253,0.101751,7.96131,1.63886,1.28432,0.179552,31.2,0,14.7014,8.93193,1.17915,7.96131,0.101751,0.21936403183712544,1.7464250603052252,-0.03981203183712545,-0.46210506030522525
30.18,98.9125,0.102151,8.00979,1.62874,1.36269,0.180575,31.2,0,14.762,9.07954,1.18356,8.00979,0.102151,0.2215693979819971,1.7747243482622206,-0.04099439798199708,-0.41203434826222063
30.2,99.3413,0.102594,8.03542,1.61631,1.44711,0.185147,31.2,0,14.8223,9.22831,1.18802,8.03542,0.102594,0.22324693004522145,1.7938828466239733,-0.03809993004522144,-0.34677284662397345
30.22,100.028,0.103303,8.10498,1.60476,1.53188,0.189769,31.2,0,14.8821,9.37782,1.19251,8.10498,0.103303,0.22674066472190224,1.8377285527577232,-0.03697166472190225,-0.30584855275772327
30.24,100.604,0.103897,8.09747,1.59627,1.61521,0.195011,31.2,0,14.9418,9.5289,1.19708,8.09747,0.103897,0.22784319356617247,1.8449534246062744,-0.03283219356617248,-0.2297434246062744
30.26,101.214,0.104528,8.14415,1.59559,1.69675,0.197014,31.2,0,15.0006,9.6801,1.20167,8.14415,0.104528,0.23055437850378377,1.8776694416915904,-0.033540378503783774,-0.18091944169159047
30.28,101.841,0.105175,8.14143,1.60589,1.77566,0.199847,31.2,0,15.0592,9.83245,1.20631,8.14143,0.105175,0.23191475792706534,1.8881177676301475,-0.03206775792706534,-0.11245776763014748
30.3,102.443,0.105797,8.2065,1.62279,1.85531,0.205285,31.2,0,15.117,9.98501,1.21098,8.2065,0.105797,0.23515518129997753,1.9298009953382658,-0.02987018129997754,-0.07449099533826575
30.32,103.03,0.106403,8.25667,1.63703,1.94519,0.207191,31.2,0,15.1745,10.1391,1.21571,8.25667,0.106403,0.23795353770655742,1.9647038361756013,-0.03076253770655743,-0.019513836175601318
30.34,103.505,0.106894,8.3046,1.64058,2.05232,0.2036,31.2,0,15.2317,10.2943,1.2205,8.3046,0.106894,0.24044315389944748,1.9967842158733518,-0.03684315389944748,0.05553578412664817
30.36,104.011,0.107416,8.21943,1.63097,2.17288,0.203666,31.2,0,15.2884,10.4508,1.22534,8.21943,0.107416,0.23915636060088452,1.965728965013728,-0.03549036060088451,0.2071510349862722
30.38,104.306,0.10772,8.27275,1.61179,2.29331,0.199555,31.2,0,15.3438,10.6059,1.23015,8.27275,0.10772,0.24138923309462254,1.9969527780835388,-0.04183423309462253,0.2963572219164612
30.4,104.528,0.10795,8.30144,1.58761,2.39739,0.19943,31.2,0,15.3988,10.7623,1.235,8.30144,0.10795,0.24274484403486515,2.0151317580647907,-0.04331484403486516,0.3822582419352094
30.42,104.817,0.108248,8.45573,1.55933,2.47371,0.202864,31.2,0,15.4533,10.9195,1.23988,8.45573,0.108248,0.24792907710723247,2.096421335167939,-0.04506507710723248,0.377288664832061
30.44,105.1,0.108541,8.39514,1.5267,2.52041,0.201011,31.2,0,15.5079,11.0799,1.24486,8.39514,0.108541,0.24683007805443913,2.072173061477944,-0.04581907805443913,0.44823693852205615
30.46,105.2,0.108644,8.44563,1.49302,2.54363,0.201906,31.2,0,15.5614,11.2393,1.24982,8.44563,0.108644,0.24854701281662916,2.0991361078545077,-0.04664101281662916,0.4444938921454922
30.48,105.2,0.108644,8.46702,1.46458,2.55227,0.203928,31.2,0,15.6144,11.4,1.25481,8.46702,0.108644,0.24917434622161064,2.109764172945302,-0.04524634622161064,0.4425058270546982
30.5,105.2,0.108644,8.52367,1.44686,2.5529,0.206527,31.2,0,15.6667,11.5614,1.25981,8.52367,0.108644,0.25083571833560264,2.138040887305626,-0.044308718335602654,0.41485911269437414
30.52,105.2,0.108644,8.5897,1.4403,2.5476,0.208342,31.2,0,15.7185,11.7241,1.26484,8.5897,0.108644,0.25277203191050285,2.1712359225016464,-0.04443003191050285,0.37636407749835366
30.54,105.2,0.108644,8.63631,1.43896,2.53715,0.211619,31.2,0,15.7699,11.8883,1.26992,8.63631,0.108644,0.25413876389213735,2.194821147989305,-0.04251976389213735,0.3423288520106951
30.56,105.19,0.108633,8.66209,1.43718,2.52211,0.21476,31.2,0,15.8208,12.0537,1.27502,8.66209,0.108633,0.2548686579427746,2.207695253279528,-0.04010865794277457,0.31441474672047187
30.58,105.1,0.108541,8.68368,1.43569,2.50056,0.214302,31.5,0,15.8709,12.2198,1.28013,8.68368,0.108541,0.2552835329478848,2.2168005093888885,-0.04098153294788481,0.2837594906111116
30.6,105.0,0.108438,8.72269,1.43633,2.4698,0.22046,31.5,0,15.9204,12.3866,1.28525,8.72269,0.108438,0.2561809364859479,2.2345868928766133,-0.03572093648594793,0.23521310712338694
30.62,105.0,0.108438,8.76366,1.43692,2.4295,0.22061,31.6,0,15.9692,12.5544,1.29039,8.76366,0.108438,0.2573797980442594,2.2555890409285544,-0.03676979804425942,0.1739109590714456
30.64,104.9,0.108334,8.76078,1.4359,2.38222,0.222586,31.6,0,16.0173,12.7232,1.29555,8.76078,0.108334,0.25704681809461627,2.2519306230269525,-0.03446081809461626,0.13028937697304732
30.66,104.8,0.108231,8.74861,1.43519,2.33219,0.221421,31.6,0,16.0646,12.8923,1.30071,8.74861,0.108231,0.25644507998349825,2.2435379911944326,-0.03502407998349824,0.08865200880556756
30.68,104.693,0.10812,8.82915,1.43674,2.28222,0.222483,31.6,0,16.1109,13.0613,1.30586,8.82915,0.10812,0.25852966763655844,2.28259721501332,-0.03604666763655845,-0.00037721501331988705
30.7,104.6,0.108025,8.86601,1.44026,2.23309,0.221863,31.6,0,16.1568,13.2321,1.31104,8.86601,0.108025,0.2593750452345169,2.299621744799679,-0.03751204523451687,-0.06653174479967916
30.72,104.5,0.107921,8.9237,1.44447,2.18779,0.22381,31.6,0,16.2019,13.4039,1.31624,8.9237,0.107921,0.26080307114160384,2.32732836594633,-0.03699307114160383,-0.13953836594633007
30.74,104.402,0.10782,8.95243,1.44903,2.1524,0.223998,31.6,0,16.2465,13.577,1.32148,8.95243,0.10782,0.2613927506852168,2.3401003030168552,-0.03739475068521678,-0.18770030301685514
30.76,104.386,0.107804,9.01885,1.45452,2.13137,0.221488,31.6,0,16.2903,13.7509,1.32672,9.01885,0.107804,0.2632851885515815,2.374529622768431,-0.041797188551581516,-0.24315962276843095
30.78,104.3,0.107715,9.0495,1.46027,2.12611,0.223748,31.6,0,16.3335,13.9263,1.332,9.0495,0.107715,0.2639566575817045,2.3886757727856347,-0.0402086575817045,-0.26256577278563453
30.8,104.284,0.107698,9.07796,1.46434,2.13811,0.222815,31.6,0,16.3759,14.1026,1.3373,9.07796,0.107698,0.26474140348365116,2.403311871168446,-0.04192640348365115,-0.2652018711684456
30.82,104.2,0.107611,9.05664,1.46639,2.16987,0.222573,31.6,0,16.4175,14.2796,1.34261,9.05664,0.107611,0.26390706780079887,2.390111306527427,-0.041334067800798874,-0.22024130652742713
30.84,104.1,0.107508,9.12302,1.46811,2.22232,0.222029,31.6,0,16.4581,14.4564,1.34791,9.12302,0.107508,0.2655772757625273,2.422866798327052,-0.043548275762527316,-0.20054679832705213
30.86,104.0,0.107405,9.15717,1.46984,2.29238,0.222933,31.6,0,16.498,14.6348,1.35324,9.15717,0.107405,0.26631006390522244,2.438646527890986,-0.043377063905222446,-0.14626652789098582
30.88,103.889,0.10729,9.17729,1.46873,2.37384,0.222,31.6,0,16.5371,14.814,1.35858,9.17729,0.10729,0.2666048723567229,2.4467102290306295,-0.04460487235672292,-0.07287022903062956
30.9,103.789,0.107187,9.17003,1.46194,2.46043,0.220958,31.6,0,16.5754,14.9938,1.36393,9.17003,0.107187,0.2661371001869159,2.4404851928270244,-0.0451791001869159,0.019944807172975754
30.92,103.6,0.106992,9.18329,1.4509,2.54723,0.220738,31.6,0,16.6126,15.1737,1.36927,9.18329,0.106992,0.2660317978247329,2.443047148645891,-0.04529379782473292,0.10418285135410876
30.94,103.5,0.106889,9.22527,1.4395,2.6291,0.220394,31.6,0,16.6489,15.354,1.3746,9.22527,0.106889,0.2669837441897902,2.462997125761746,-0.0465897441897902,0.1661028742382542
30.96,103.39,0.106775,9.28315,1.42897,2.69929,0.219479,31.6,0,16.6845,15.5354,1.37996,9.28315,0.106775,0.2683632281052696,2.4912561009854333,-0.04888422810526957,0.2080338990145667
30.98,103.3,0.106682,9.33717,1.41799,2.75141,0.21925,31.6,0,16.7193,15.718,1.38534,9.33717,0.106682,0.2696814958921827,2.518061972999612,-0.05043149589218271,0.23334802700038804
31.0,103.186,0.106564,9.35682,1.40649,2.78208,0.218135,31.6139,0,16.7533,15.9019,1.39075,9.35682,0.106564,0.2699454731114555,2.5258312017187294,-0.05181047311145551,0.2562487982812707
31.02,103.0,0.106372,9.3819,1.39723,2.79175,0.217332,31.7165,0,16.7863,16.0864,1.39617,9.3819,0.106372,0.2701746257515346,2.5347513213383226,-0.052842625751534616,0.25699867866167736
31.04,102.895,0.106264,9.39871,1.39276,2.7845,0.2192,31.8,0,16.8185,16.2716,1.40159,9.39871,0.106264,0.27037978953983366,2.5412212317459297,-0.05117978953983365,0.24327876825407024
31.06,102.687,0.106048,9.46714,1.39161,2.76555,0.219707,31.8134,0,16.8497,16.4572,1.40701,9.46714,0.106048,0.2717822128985071,2.573000259019973,-0.05207521289850711,0.1925497409800272
31.08,102.488,0.105844,9.51302,1.38913,2.73807,0.223553,31.9,0,16.8801,16.6444,1.41246,9.51302,0.105844,0.2725643661166532,2.592910266155044,-0.04901136611665319,0.14515973384495595
31.1,102.273,0.105621,9.54149,1.38277,2.70431,0.223952,31.9,0,16.9096,16.8326,1.41792,9.54149,0.105621,0.272796257249198,2.60288276058065,-0.04884425724919797,0.10142723941934984
31.12,101.884,0.10522,9.54171,1.37554,2.66861,0.226094,31.9,0,16.9382,17.0216,1.42339,9.54171,0.10522,0.2717591006937291,2.593046528680362,-0.045665100693729116,0.07556347131963825
31.14,101.493,0.104815,9.57545,1.37307,2.63631,0.2298,31.9,0,16.9657,17.2107,1.42884,9.57545,0.104815,0.2716584060636451,2.6012514843421304,-0.041858406063645104,0.03505851565786955
31.16,101.079,0.104388,9.60454,1.37718,2.61085,0.231567,31.9,0,16.9924,17.4006,1.43428,9.60454,0.104388,0.2713619033018758,2.6063062547389984,-0.03979490330187582,0.004543745261001764
31.18,100.683,0.103979,9.63913,1.3848,2.59464,0.234695,31.9,0,17.018,17.5913,1.43971,9.63913,0.103979,0.27126008824085585,2.614711254365081,-0.03656508824085586,-0.020071254365080726
31.2,100.164,0.103444,9.6543,1.39227,2.58921,0.2336,31.9,0,17.0427,17.7827,1.44515,9.6543,0.103444,0.2702771547928109,2.609336735516234,-0.03667715479281089,-0.020126735516234007
31.22,99.6791,0.102943,9.6797,1.39777,2.59289,0.233301,31.9,0,17.0664,17.9746,1.45056,9.6797,0.102943,0.26966328637337794,2.6102597131083867,-0.03636228637337793,-0.01736971310838653
31.24,99.3048,0.102556,9.71889,1.40093,2.60265,0.235371,31.9,0,17.0892,18.1672,1.45596,9.71889,0.102556,0.2697251162981887,2.621428735539303,-0.034354116298188686,-0.018778735539302982
31.26,98.6728,0.101903,9.76498,1.40246,2.6165,0.232809,31.9,0,17.111,18.3606,1.46136,9.76498,0.101903,0.2692608660861958,2.6293269721143804,-0.03645186608619583,-0.012826972114380553
31.28,98.1792,0.101394,9.81522,1.40353,2.63141,0.228558,31.9,0,17.1318,18.5551,1.46675,9.81522,0.101394,0.26927866674828477,2.6430293554410995,-0.040720666748284756,-0.01161935544109971
31.3,97.4657,0.100657,9.82657,1.40495,2.64383,0.229765,31.9,0,17.1517,18.7507,1.47214,9.82657,0.100657,0.2676157167752215,2.6297445739918883,-0.037850716775221505,0.014085426008111579
31.32,96.5491,0.09971,9.87241,1.40689,2.6529,0.2258,31.9,0,17.1705,18.9466,1.47749,9.87241,0.09971,0.266311925986428,2.6291405212276717,-0.040511925986428,0.02375947877232809
31.34,95.5049,0.0986316,9.92202,1.40815,2.65933,0.2258,31.9,0,17.1884,19.1435,1.48281,9.92202,0.0986316,0.2647302681427841,2.626659015118067,-0.03893026814278411,0.03267098488193332
31.36,93.9489,0.0970247,9.93419,1.40748,2.66235,0.225366,31.9,0,17.2054,19.3415,1.48809,9.93419,0.0970247,0.26070776646135546,2.5899204865027325,-0.03534176646135545,0.07242951349726745
31.38,92.2045,0.0952232,9.89883,1.40558,2.65837,0.223442,31.9,0,17.2213,19.5398,1.49327,9.89883,0.0952232,0.25493106273278765,2.5235192517112006,-0.03148906273278765,0.1348507482887995
31.4,90.4089,0.0933689,9.97317,1.40296,2.64271,0.219474,31.9,0,17.2362,19.7375,1.49834,9.97317,0.0933689,0.25180562272502605,2.511300282392548,-0.032331622725026044,0.13140971760745224
31.42,88.285,0.0911754,9.97639,1.39811,2.61551,0.2204,31.9,0,17.2501,19.9368,1.50334,9.97639,0.0911754,0.24593568807143942,2.4535503391190274,-0.02553568807143941,0.16195966088097258
31.44,86.2841,0.089109,9.9948,1.39113,2.58201,0.217477,31.9,0,17.2631,20.1361,1.50822,9.9948,0.089109,0.24077322357051872,2.4064802149426203,-0.02329622357051872,0.1755297850573796
31.46,84.1008,0.0868542,10.0358,1.38599,2.5427,0.208,31.9,0,17.2751,20.336,1.513,10.0358,0.0868542,0.2356075308219107,2.3645100578225313,-0.027607530821910697,0.17818994217746864
31.48,82.0043,0.0846891,10.0379,1.38755,2.49234,0.209009,31.9,0,17.2863,20.5366,1.51767,10.0379,0.0846891,0.22975360723935062,2.306243734107878,-0.02074460723935062,0.18609626589212214
31.5,79.8086,0.0824214,10.109,1.39824,2.43054,0.202722,31.9,0,17.2965,20.7374,1.52222,10.109,0.0824214,0.2251491148294821,2.276032401811235,-0.022427114829482092,0.15450759818876536
31.52,77.6848,0.0802282,10.1285,1.41625,2.3622,0.193098,31.9,0,17.3059,20.9397,1.52668,10.1285,0.0802282,0.2195524800846707,2.2237372945375875,-0.026454480084670717,0.13846270546241257
31.54,75.8859,0.0783703,10.1809,1.43504,2.29009,0.189386,31.9,0,17.3144,21.1423,1.53103,10.1809,0.0783703,0.21555099296662655,2.1945031042939283,-0.026164992966626555,0.09558689570607193
31.56,73.7052,0.0761182,10.2212,1.44732,2.21603,0.185052,31.9,0,17.322,21.3461,1.5353,10.2212,0.0761182,0.2101569262841928,2.1480559749359913,-0.025104926284192808,0.06797402506400863
31.58,71.6586,0.0740046,10.2565,1.45051,2.14294,0.179599,31.9,0,17.3289,21.5507,1.53946,10.2565,0.0740046,0.2050017932148506,2.102600892108115,-0.02540279321485059,0.04033910789188466
31.6,69.7788,0.0720633,10.2801,1.44724,2.07187,0.173527,31.9,0,17.3349,21.756,1.54352,10.2801,0.0720633,0.20006221216105619,2.0566595472368734,-0.0265352121610562,0.015210452763126714
31.62,67.7313,0.0699487,10.2976,1.44147,2.00312,0.172455,31.9,0,17.3401,21.9618,1.54748,10.2976,0.0699487,0.19450104418373745,2.002893952586455,-0.022046044183737457,0.00022604741354514957
31.64,65.7481,0.0679006,10.3298,1.43552,1.93786,0.172222,31.9,0,17.3445,22.168,1.55133,10.3298,0.0679006,0.18937556698775598,1.9562117318701218,-0.017153566987755997,-0.018351731870121846
31.66,63.5628,0.0656438,10.3589,1.43017,1.87433,0.161028,31.9,0,17.3481,22.3749,1.55507,10.3589,0.0656438,0.1835759613778586,1.9016450263170994,-0.022547961377858583,-0.027315026317099367
31.68,61.4715,0.063484,10.3824,1.42575,1.80831,0.160904,31.9,0,17.351,22.5823,1.55869,10.3824,0.063484,0.1779200901076039,1.847237543533187,-0.01701609010760391,-0.03892754353318684
31.7,59.3553,0.0612986,10.3729,1.42213,1.73769,0.157566,31.9,0,17.3532,22.7903,1.5622,10.3729,0.0612986,0.1716232779155081,1.7802310994897739,-0.014057277915508093,-0.042541099489773915
31.72,57.3039,0.05918,10.3709,1.41933,1.66224,0.150947,31.9,0,17.3546,22.998,1.56559,10.3709,0.05918,0.16564573949154407,1.7178953996928545,-0.014698739491544072,-0.0556553996928546
31.74,55.521,0.0573388,10.4931,1.41875,1.58277,0.150011,31.9,0,17.3554,23.2057,1.56886,10.4931,0.0573388,0.1623617516914118,1.703678096673153,-0.012350751691411782,-0.12090809667315305
31.76,53.4534,0.0552034,10.4528,1.42157,1.5035,0.143709,31.9,0,17.3554,23.4158,1.57206,10.4528,0.0552034,0.15570540777756683,1.6275574864173505,-0.011996407777566831,-0.12405748641735048
31.78,51.6876,0.0533798,10.4534,1.42739,1.42963,0.134981,31.9,0,17.3548,23.6252,1.57513,10.4534,0.0533798,0.15056045029209225,1.573868611083357,-0.015579450292092262,-0.14423861108335712
31.8,49.9024,0.0515361,10.5319,1.43585,1.36147,0.130772,31.9,0,17.3536,23.8345,1.5781,10.5319,0.0515361,0.1464365706219159,1.5422553181329561,-0.015664570621915896,-0.18078531813295617
31.82,48.322,0.0499041,10.5497,1.4461,1.29611,0.126238,31.9,0,17.3518,24.0454,1.58099,10.5497,0.0499041,0.14202988135486155,1.4983726393293828,-0.015791881354861564,-0.2022626393293827
31.84,46.8174,0.0483502,10.5967,1.45524,1.23367,0.123234,31.9,0,17.3493,24.2567,1.5838,10.5967,0.0483502,0.13821012754647916,1.4645712585717756,-0.01497612754647916,-0.23090125857177557
31.86,45.3423,0.0468268,10.6649,1.45988,1.1778,0.119046,31.9,0,17.3463,24.4689,1.58653,10.6649,0.0468268,0.13470576231549983,1.4366234845185741,-0.01565976231549983,-0.2588234845185742
31.88,43.9269,0.045365,10.6881,1.45841,1.13254,0.114308,31.9,0,17.3426,24.6825,1.58919,10.6881,0.045365,0.130777088451836,1.3977585990820685,-0.016469088451835992,-0.26521859908206835
31.9,42.3927,0.0437806,10.696,1.45232,1.10249,0.112431,31.9,0,17.3384,24.8965,1.59178,10.696,0.0437806,0.12629644506404872,1.350866776405065,-0.013865445064048715,-0.24837677640506506
31.92,40.9068,0.0422461,10.694,1.44592,1.09249,0.109318,31.9,0,17.3336,25.1107,1.59427,10.694,0.0422461,0.12184175401877179,1.3029757174767456,-0.012523754018771788,-0.2104857174767456
31.94,39.723,0.0410235,10.7463,1.44256,1.10295,0.106448,31.9,0,17.3284,25.3248,1.59667,10.7463,0.0410235,0.11888707283746845,1.2775961508332871,-0.012439072837468451,-0.17464615083328705
31.96,38.3268,0.0395816,10.7656,1.44195,1.12859,0.101649,31.9,0,17.3225,25.5399,1.59902,10.7656,0.0395816,0.11490883083135348,1.237062509198019,-0.013259830831353472,-0.10847250919801898
31.98,37.055,0.0382682,10.7992,1.44251,1.16104,0.0983501,31.9,0,17.3162,25.7554,1.60129,10.7992,0.0382682,0.11143692385554775,1.2034296281008314,-0.013086823855547755,-0.042389628100831356
32.0,36.0362,0.037216,10.8167,1.44392,1.18997,0.089068,31.9,0,17.3094,25.9716,1.60349,10.8167,0.037216,0.1085446808494016,1.1740952493437222,-0.0194766808494016,0.015874750656277747
32.02,34.9244,0.0360678,10.8466,1.44681,1.20554,0.0866,31.9,0,17.3021,26.1881,1.60564,10.8466,0.0360678,0.10548202074630188,1.144121286226838,-0.01888202074630188,0.061418713773162104
32.04,33.8964,0.0350062,10.9157,1.45047,1.2022,0.0821625,31.9,0,17.2943,26.4051,1.60773,10.9157,0.0350062,0.10302324016502193,1.1245707826693299,-0.02086074016502193,0.07762921733067008
32.06,32.9569,0.0340358,10.9339,1.45196,1.17925,0.0760431,31.9,0,17.286,26.6236,1.60977,10.9339,0.0340358,0.10033117007557112,1.097010980489287,-0.024288070075571114,0.082239019510713
32.08,32.0519,0.0331013,10.9453,1.45034,1.14105,0.0754718,31.9,0,17.2772,26.8424,1.61175,10.9453,0.0331013,0.09767554954144142,1.0690881923959388,-0.022203749541441414,0.07196180760406112
32.1,31.2346,0.0322572,10.9587,1.44939,1.09635,0.0731346,31.9,0,17.268,27.0614,1.61369,10.9587,0.0322572,0.09529888399574592,1.044351880044181,-0.022164283995745923,0.051998119955819044
32.12,30.4781,0.0314759,10.976,1.45286,1.05333,0.0703703,31.9,0,17.2584,27.2806,1.61558,10.976,0.0314759,0.09313506437194495,1.0222504665464678,-0.022764764371944954,0.031079533453532315
32.14,29.8105,0.0307865,10.9942,1.45992,1.01608,0.0698069,31.9,0,17.2484,27.5002,1.61743,10.9942,0.0307865,0.09124404989674835,1.0031553333748306,-0.021437149896748345,0.012924666625169445
32.16,29.083,0.0300352,11.069,1.46704,0.986881,0.0721207,31.9,0,17.2379,27.7202,1.61924,11.069,0.0300352,0.089618112065516,0.9919828824531967,-0.017497412065516,-0.005101882453196649
32.18,28.3745,0.0293035,11.1038,1.47133,0.967163,0.070166,31.9,0,17.227,27.9416,1.62102,11.1038,0.0293035,0.08770689050329313,0.9738797707704662,-0.01754089050329312,-0.006716770770466174
32.2,27.6517,0.028557,11.1487,1.47182,0.955892,0.0710322,31.9,0,17.2156,28.1636,1.62275,11.1487,0.028557,0.08581491683868518,0.9567247633594494,-0.014782716838685178,-0.0008327633594494843
32.22,27.0617,0.0279476,11.1513,1.46857,0.949946,0.0678373,31.9,0,17.2038,28.3866,1.62446,11.1513,0.0279476,0.08400215080521235,0.9367331842741646,-0.01616485080521235,0.013212815725835325
32.24,26.5095,0.0273774,11.0541,1.46067,0.945611,0.0642502,31.9,0,17.1917,28.6096,1.62613,11.0541,0.0273774,0.08157438049160759,0.9017313593922794,-0.017324180491607596,0.04387964060772054
32.26,25.8867,0.0267342,11.2067,1.44633,0.938839,0.0653063,31.9,0,17.1792,28.8306,1.62775,11.2067,0.0267342,0.08075006449958451,0.9049417478274937,-0.015443764499584511,0.033897252172506276
32.28,25.3829,0.0262139,11.2544,1.42612,0.926177,0.0598971,31.9,0,17.1663,29.0547,1.62935,11.2544,0.0262139,0.07951276000200073,0.8948684061665171,-0.019615660002000733,0.031308593833482945
32.3,24.9819,0.0257998,11.268,1.40357,0.90772,0.0572,31.9,0,17.1529,29.2796,1.63093,11.268,0.0257998,0.07835013105330765,0.8828492767086706,-0.021150131053307653,0.024870723291329333
32.32,24.5914,0.0253965,11.2895,1.38246,0.88893,0.0587587,31.9,0,17.1392,29.5049,1.6325,11.2895,0.0253965,0.07727110256841511,0.8723521124461224,-0.018512402568415118,0.01657788755387757
32.34,24.3937,0.0251924,11.324,1.36566,0.876746,0.0553125,31.9,0,17.1251,29.7305,1.63404,11.324,0.0251924,0.07688265183328018,0.8706191493600647,-0.021570151833280177,0.006126850639935344
32.36,24.1856,0.0249775,11.3294,1.35485,0.873749,0.0536575,31.9,0,17.1106,29.9568,1.63558,11.3294,0.0249775,0.07626266882738869,0.8640102802130174,-0.022605168827388694,0.009738719786982597
32.38,23.9861,0.0247713,11.3751,1.34905,0.879446,0.0528,31.9,0,17.0957,30.1831,1.6371,11.3751,0.0247713,0.07593603265975321,0.8637799651079587,-0.02313603265975321,0.015666034892041214
32.4,23.8,0.0245792,11.3836,1.34502,0.895638,0.0533156,31.9,0,17.0804,30.4104,1.63862,11.3836,0.0245792,0.07540286950923156,0.8583561053452883,-0.02208726950923156,0.03728189465471177
32.42,23.5839,0.024356,11.399,1.34059,0.925403,0.0523677,31.9,0,17.0648,30.6378,1.64013,11.399,0.024356,0.07481832893421084,0.8528541315210693,-0.022450628934210834,0.07254886847893072
32.44,23.3935,0.0241594,11.4174,1.33748,0.967982,0.0525348,31.9,0,17.0488,30.8655,1.64163,11.4174,0.0241594,0.07433321436847741,0.848692041730654,-0.02179841436847741,0.11928995826934596
32.46,22.9694,0.0237214,11.4444,1.33957,1.01811,0.0501528,31.9,0,17.0325,31.0935,1.64311,11.4444,0.0237214,0.07315659160460382,0.8372332969597279,-0.02300379160460382,0.18087670304027215
32.48,22.3773,0.0231099,11.4824,1.34859,1.06726,0.0519953,31.9,0,17.0158,31.3221,1.64456,11.4824,0.0231099,0.0715052088332575,0.821051409906996,-0.019509908833257504,0.2462085900930041
32.5,21.6641,0.0223733,11.5014,1.36275,1.10308,0.0480766,31.9,0,16.9987,31.5513,1.64598,11.5014,0.0223733,0.06933911876040083,0.7974969405108742,-0.021262518760400834,0.3055830594891259
32.52,20.8565,0.0215394,11.5757,1.37813,1.11278,0.0460293,31.8674,0,16.9812,31.781,1.64735,11.5757,0.0215394,0.06718237542355261,0.7776830231904179,-0.02115307542355261,0.33509697680958217
32.54,19.813,0.0204617,11.6437,1.39028,1.09065,0.0465938,31.6,0,16.9633,32.0121,1.64866,11.6437,0.0204617,0.06419250060314106,0.7474382192727936,-0.017598700603141067,0.34321178072720626
32.56,18.5632,0.0191709,11.6474,1.39666,1.04001,0.0475496,31.6,0,16.945,32.2445,1.64992,11.6474,0.0191709,0.060160961079702036,0.7007187780797215,-0.012611361079702038,0.3392912219202786
32.58,17.1314,0.0176922,11.5955,1.39797,0.968982,0.043217,31.6,0,16.9265,32.477,1.65108,11.5955,0.0176922,0.05527378476997899,0.6409271713002913,-0.012056784769978991,0.3280548286997087
32.6,15.6172,0.0161285,11.5938,1.39607,0.88801,0.0426621,31.5862,0,16.9077,32.7084,1.65214,11.5938,0.0161285,0.050380261466862246,0.5840986753945075,-0.0077181614668622445,0.3039113246054924
32.62,14.2141,0.0146794,11.6714,1.39172,0.808211,0.0407136,31.5,0,16.8887,32.9398,1.65311,11.6714,0.0146794,0.046157971926454364,0.5387281535424194,-0.005444371926454361,0.2694828464575806
32.64,12.854,0.0132749,11.6967,1.38385,0.737646,0.0368529,31.5,0,16.8694,33.1727,1.65399,11.6967,0.0132749,0.04183100115010427,0.4892846711524246,-0.004978101150104268,0.24836132884757545
32.66,11.5333,0.0119109,11.7217,1.37079,0.679439,0.0346296,31.5,0,16.8499,33.4061,1.65479,11.7217,0.0119109,0.037612117932747186,0.4408779627722827,-0.002982517932747182,0.23856103722771732
32.68,10.0339,0.0103624,11.7333,1.3537,0.632178,0.0298035,31.5,0,16.8301,33.64,1.6555,11.7333,0.0103624,0.0327540738079057,0.3843133742103,-0.002950573807905702,0.24786462578970003
32.7,8.95637,0.00924959,11.7641,1.33841,0.590663,0.0241055,31.5,0,16.8101,33.8741,1.65611,11.7641,0.00924959,0.029312666471809107,0.3448371396410095,-0.005207166471809108,0.24582586035899057
32.72,8.13501,0.00840134,11.8223,1.33129,0.549413,0.0207125,31.4838,0,16.79,34.1088,1.65667,11.8223,0.00840134,0.026755204842561556,0.3163080582102155,-0.006042704842561558,0.23310494178978453
32.74,7.36138,0.00760238,11.8614,1.33326,0.507067,0.0167425,31.4,0,16.7696,34.3446,1.65718,11.8614,0.00760238,0.02429024092285611,0.2881162636823654,-0.007547740922856108,0.21895073631763462
32.76,6.88077,0.00710604,11.888,1.33921,0.465739,0.0120654,31.4,0,16.7491,34.5812,1.65765,11.888,0.00710604,0.02275491083561883,0.27051038001383665,-0.01068951083561883,0.19522861998616337
32.78,6.49915,0.00671192,11.9118,1.34355,0.427119,0.00839489,31.4,0,16.7284,34.8183,1.65809,11.9118,0.00671192,0.02153556153921879,0.2565273019428664,-0.013140671539218789,0.17059169805713364
32.8,6.09,0.00628938,11.9242,1.3445,0.390819,0.00700003,31.4,0,16.7075,35.0559,1.65851,11.9242,0.00628938,0.020200646327287568,0.24087654693584243,-0.013200616327287567,0.1499424530641576
32.82,5.78801,0.00597751,11.9433,1.34207,0.356038,0.00353035,31.4,0,16.6866,35.2937,1.65891,11.9433,0.00597751,0.019229480577504614,0.22966345538131086,-0.015699130577504612,0.12637454461868916
32.84,5.7,0.00588661,11.9486,1.33536,0.325024,0.00452974,31.4,0,16.6655,35.5319,1.65929,11.9486,0.00588661,0.018945397374949473,0.2263709750743213,-0.014415657374949473,0.09865302492567868
32.86,5.7,0.00588661,11.9612,1.32349,0.30404,0.00363016,31.4,0,16.6443,35.7702,1.65966,11.9612,0.00588661,0.0189652392977539,0.22684702028829395,-0.0153350792977539,0.07719297971170602
32.88,5.6,0.00578334,12.0351,1.30747,0.298465,0.00348681,31.4,0,16.623,36.0088,1.66004,12.0351,0.00578334,0.018746845075891163,0.22562015517285774,-0.015260035075891163,0.07284484482714224
32.9,5.6,0.00578334,12.0439,1.29083,0.307816,0.00154971,31.4,0,16.6015,36.2488,1.66042,12.0439,0.00578334,0.018760457827663196,0.22594907803059278,-0.017210747827663197,0.0818669219694072
32.92,5.6,0.00578334,12.0524,1.27755,0.32784,0.00271037,31.4,0,16.5799,36.489,1.6608,12.0524,0.00578334,0.018773606311816134,0.22626701271253277,-0.016063236311816134,0.10157298728746725
32.94,5.5,0.00568007,12.0721,1.26909,0.354947,0.00519591,31.4,0,16.5581,36.7293,1.66117,12.0721,0.00568007,0.018468297472744227,0.2229511339207156,-0.013272387472744228,0.1319958660792844
32.96,5.5,0.00568007,12.1104,1.26383,0.38546,0.00482105,31.4,0,16.5363,36.97,1.66154,12.1104,0.00568007,0.018526480713710203,0.22436309203531604,-0.013705430713710203,0.16109690796468398
32.98,5.5,0.00568007,12.1425,1.25918,0.414572,0.00462727,31.4,0,16.5142,37.2114,1.66191,12.1425,0.00568007,0.018575242275782132,0.22554987933368453,-0.013947972275782133,0.18902212066631546
33.0,5.58477,0.00576761,12.1644,1.2545,0.439491,0.0056609,31.4,0,16.4921,37.4535,1.66229,12.1644,0.00576761,0.018895304523201557,0.22985004234203302,-0.013234404523201557,0.209640957657967
33.02,5.5,0.00568007,12.1661,1.25166,0.461029,0.00436773,31.4,0,16.4698,37.696,1.66267,12.1661,0.00568007,0.018611090158811596,0.22642438398111775,-0.014243360158811596,0.23460461601888227
33.04,5.5,0.00568007,12.1799,1.25205,0.481153,0.0044736,31.4,0,16.4474,37.9386,1.66304,12.1799,0.00568007,0.01863205137248687,0.22693652251175284,-0.01415845137248687,0.25421647748824716
33.06,5.5,0.00568007,12.2133,1.25485,0.499933,0.00327155,31.4,0,16.4249,38.1814,1.66341,12.2133,0.00568007,0.018682781491983408,0.22817841519604096,-0.015411231491983408,0.2717545848039591
33.08,5.38813,0.00556453,12.2482,1.25855,0.513898,0.00364748,31.4,0,16.4022,38.4249,1.66379,12.2482,0.00556453,0.01835466855652059,0.22481165141397552,-0.014707188556520591,0.28908634858602444
33.1,5.28527,0.0054583,12.2782,1.26204,0.51603,0.00497053,31.4,0,16.3794,38.669,1.66415,12.2782,0.0054583,0.018048042373638034,0.22159747387200252,-0.013077512373638033,0.2944325261279975
33.12,5.2,0.00537024,12.3215,1.26592,0.497874,0.00293355,31.4,0,16.3565,38.9138,1.66451,12.3215,0.00537024,0.01781903170345057,0.2195571991340662,-0.014885481703450571,0.2783168008659338
33.14,5.08781,0.00525438,12.351,1.27362,0.453515,0.00305742,31.4,0,16.3333,39.1593,1.66487,12.351,0.00525438,0.017476026945064733,0.21584640879849454,-0.014418606945064734,0.23766859120150546
33.16,4.79237,0.00494927,12.3536,1.28836,0.383915,0.00329471,31.4,0,16.3101,39.4055,1.66521,12.3536,0.00494927,0.016464656391821035,0.20339777920200033,-0.013169946391821036,0.18051722079799967
33.18,4.58403,0.00473411,12.3668,1.30932,0.300587,-0.00604719,31.4,0,16.2867,39.6518,1.66553,12.3668,0.00473411,0.015765581355209484,0.19496979150360463,-0.021812771355209485,0.10561720849639536
33.2,4.1472,0.00428298,12.3754,1.33041,0.224169,-0.0090592,31.4,0,16.2632,39.8982,1.66584,12.3754,0.00428298,0.014273050628450384,0.1766347107473249,-0.023332250628450384,0.04753428925267511
33.22,3.93412,0.00406292,12.4007,1.33973,0.172758,-0.00725409,31.4,0,16.2397,40.1449,1.66611,12.4007,0.00406292,0.013567168771426111,0.16824238978382378,-0.020821258771426113,0.004515610216176219
33.24,4.06235,0.00419535,12.4217,1.32354,0.149024,-0.000449413,31.2749,0,16.216,40.392,1.66639,12.4217,0.00419535,0.014032942580045085,0.17431300284654602,-0.014482355580045084,-0.025289002846546033
33.26,3.38264,0.00349338,12.432,1.27744,0.14454,-0.000573648,30.9653,0,16.1923,40.6396,1.66666,12.432,0.00349338,0.011694533754908646,0.1453864436410243,-0.012268181754908646,-0.0008464436410242915
33.28,2.75989,0.00285024,12.4692,1.21302,0.160792,-0.00138607,30.5733,0,16.1684,40.8874,1.66687,12.4692,0.00285024,0.009569867309567397,0.11932858945645779,-0.010955937309567397,0.0414634105435422
33.3,2.12874,0.00219844,12.5021,1.14999,0.220501,-0.0017749,30.3,0,16.1444,41.1358,1.66704,12.5021,0.00219844,0.007400728869464725,0.09252465239893494,-0.009175628869464724,0.12797634760106508
33.32,2.5819,0.00266643,12.5215,1.10446,0.349222,-0.00837715,30.1705,0,16.1204,41.3849,1.66719,12.5215,0.00266643,0.008989980588629405,0.1125680419405231,-0.017367130588629404,0.23665395805947687
33.34,0.816012,0.000842728,12.552,1.08388,0.541941,-0.00842135,29.976,0,16.0962,41.6344,1.66734,12.552,0.000842728,0.00284815562549772,0.035750049411247375,-0.011269505625497719,0.5061909505887526
33.36,0.11481,0.000118569,12.5982,1.08488,0.751901,-0.00865431,28.6531,0,16.072,41.8845,1.66736,12.5982,0.000118569,0.00040218964154193644,0.005066865542073624,-0.009056499641541937,0.7468341344579265
33.38,-1.21478,-0.00125455,12.6353,1.09291,0.916269,-0.00631653,25.9104,0,16.0477,42.1355,1.66733,12.6353,-0.00125455,-0.00426791034107041,-0.05392632753252696,-0.0020486196589295895,0.970195327532527
33.4,-1.58062,-0.00163237,12.6505,1.09063,0.992929,-0.0157344,19.47,0,16.0233,42.3873,1.66721,12.6505,-0.00163237,-0.005559864754560246,-0.07033506907756439,-0.010174535245439754,1.0632640690775643
33.42,-2.08563,-0.00215391,12.6571,1.0719,0.975407,-0.0125125,13.8694,0,15.999,42.6393,1.66709,12.6571,-0.00215391,-0.007340037040884764,-0.09290358283018255,-0.005172462959115235,1.0683105828301827
33.44,-2.4019,-0.00248054,12.6745,1.0461,0.876885,-0.0149333,9.35238,0,15.9746,42.8915,1.66693,12.6745,-0.00248054,-0.008464654025220918,-0.10728525744266253,-0.006468645974779082,0.9841702574426625
33.46,-2.0671,-0.00213478,12.7153,1.02691,0.71185,-0.0226053,4.32456,0,15.9503,43.144,1.66676,12.7153,-0.00213478,-0.0073080400392795085,-0.09292392151145072,-0.01529725996072049,0.8047739215114507
33.48,-1.68659,-0.00174181,12.9233,1.0188,0.503125,-0.0129807,2.07813,0,15.9259,43.3974,1.66662,12.9233,-0.00174181,-0.006059543921358848,-0.0783093039588968,-0.006921156078641151,0.5814343039588968
33.5,-1.15549,-0.00119332,12.9493,1.01502,0.288796,-0.00635605,0.0,0,15.9012,43.6549,1.66652,12.9493,-0.00119332,-0.004159697457253035,-0.053865170283206726,-0.002196352542746965,0.34266117028320675
33.52,-0.436987,-0.000451294,12.782,1.00541,0.106281,-0.00871644,0.0,0,15.8764,43.9129,1.66645,12.782,-0.000451294,-0.001552963721713713,-0.01984998229094468,-0.0071634762782862875,0.1261309822909447
33.54,0.509037,0.000525703,12.6671,0.983548,-0.0211668,-0.00353373,0.0,0,15.852,44.1675,1.66645,12.6671,0.000525703,0.001792878616974357,0.022710572729075874,-0.005326608616974357,-0.043877372729075874
33.56,1.12815,0.00116509,12.6317,0.947501,-0.0819069,-0.00155015,0.0,0,15.8278,44.4199,1.66652,12.6317,0.00116509,0.00396245134875241,0.05005249670203582,-0.00551260134875241,-0.13195939670203582
33.58,1.91131,0.00197389,12.7395,0.897067,-0.0698219,-0.00159641,0.0,0,15.8036,44.6716,1.66662,12.7395,0.00197389,0.006770021311579669,0.0862466864988692,-0.008366431311579669,-0.1560685864988692
33.6,2.1,0.00216875,12.7168,0.833743,0.0190088,0.00144233,0.0,0,15.7792,44.9254,1.66677,12.7168,0.00216875,0.0074251997397284985,0.09442478005017936,-0.005982869739728499,-0.07541598005017935
33.62,2.0,0.00206548,12.6752,0.765453,0.18057,0.00759375,0.0,0,15.7548,45.1787,1.66693,12.6752,0.00206548,0.00704867520784189,0.08934336799443753,0.0005450747921581095,0.09122663200556248
33.64,2.0,0.00206548,12.5293,0.707198,0.38692,-0.00368483,0.0,0,15.7304,45.4312,1.66707,12.5293,0.00206548,0.006968151360245757,0.08730605883792716,-0.010652981360245757,0.29961394116207285
33.66,1.9,0.0019622,12.4364,0.668585,0.583173,-0.0119086,0.0,0,15.7063,45.6808,1.6672,12.4364,0.0019622,0.006571003393503562,0.08171962660296771,-0.01847960339350356,0.5014533733970323
33.68,1.68511,0.00174027,13.0177,0.640076,0.716991,-0.00975316,0.0,0,15.6823,45.9285,1.66733,13.0177,0.00174027,0.006098053986529972,0.07938263738045122,-0.01585121398652997,0.6376083626195488
33.7,1.16695,0.00120516,12.8864,0.600982,0.773331,-0.0117287,0.0,0,15.6572,46.1877,1.66744,12.8864,0.00120516,0.004180725779879396,0.05387450468983785,-0.015909425779879395,0.7194564953101621
33.72,0.881692,0.000910558,12.8669,0.543321,0.770987,-0.0127071,0.0,0,15.6323,46.4444,1.66751,12.8669,0.000910558,0.0031540023769630007,0.04058223318414523,-0.015861102376963,0.7304047668158548
33.74,0.594094,0.000613544,12.8694,0.479387,0.731366,-0.012788,0.0,0,15.6075,46.7006,1.66756,12.8694,0.000613544,0.002125610845907026,0.02735533622031588,-0.014913610845907026,0.7040106637796841
33.76,0.174688,0.000180407,12.8661,0.424256,0.663144,-0.0112253,0.0,0,15.5826,46.9569,1.66759,12.8661,0.000180407,0.0006248573481323966,0.008039477126806228,-0.011850157348132398,0.6551045228731938
33.78,-0.193399,-0.00019973,12.948,0.378081,0.570699,-0.012367,0.0,0,15.5577,47.2131,1.66759,12.948,-0.00019973,-0.0006961529596564719,-0.009013788521631998,-0.011670847040343527,0.579712788521632
33.8,-0.418083,-0.00043177,12.9343,0.329246,0.463786,-0.0105638,0.0,0,15.5327,47.4709,1.66757,12.9343,-0.00043177,-0.001503341920123214,-0.019444675397449686,-0.009060458079876786,0.4832306753974497
33.82,-0.4,-0.000413096,12.9183,0.27156,0.354049,-0.00933898,0.0,0,15.5077,47.7285,1.66753,12.9183,-0.000413096,-0.0014365574912471816,-0.018557880639178466,-0.007902422508752819,0.37260688063917846
33.84,-0.4,-0.000413096,12.8912,0.21131,0.24705,-0.0125784,0.0,0,15.4827,47.9857,1.6675,12.8912,-0.000413096,-0.0014335677912455478,-0.018480409110504605,-0.011144832208754452,0.2655304091105046
33.86,-0.5,-0.00051637,12.8554,0.155864,0.145055,-0.00923136,0.0,0,15.4578,48.2423,1.66747,12.8554,-0.00051637,-0.001787022642923324,-0.0229728908838365,-0.007444337357076675,0.1680278908838365
33.88,-0.510114,-0.000526815,12.8489,0.104496,0.0536002,-0.00957977,0.0,0,15.433,48.4983,1.66743,12.8489,-0.000526815,-0.0018222555068916706,-0.023413978782500386,-0.0077575144931083286,0.07701417878250039
33.9,-0.6,-0.000619644,12.8405,0.0544354,-0.020359,-0.0083792,0.0,0,15.4082,48.7541,1.6674,12.8405,-0.000619644,-0.0021419613213838847,-0.027503854347229774,-0.0062372386786161155,0.007144854347229775
33.92,-0.6,-0.000619644,12.8273,0.00692527,-0.0726428,-0.00837291,0.0,0,15.3834,49.0097,1.66735,12.8273,-0.000619644,-0.0021397766790291544,-0.02744755739491067,-0.006233133320970846,-0.04519524260508932
33.94,-0.6,-0.000619644,12.8313,-0.0353474,-0.102419,-0.00859482,0.0,0,15.3587,49.265,1.66731,12.8313,-0.000619644,-0.0021404386974701534,-0.02746461105884878,-0.006454381302529846,-0.07495438894115122
33.96,-0.717299,-0.000740783,12.8424,-0.0704685,-0.111294,-0.00846161,0.0,0,15.334,49.5205,1.66726,12.8424,-0.000740783,-0.002561085980350172,-0.03289049059404905,-0.005900524019649828,-0.07840350940595095
33.98,-0.811586,-0.000838157,12.8239,-0.0980906,-0.102109,-0.00768414,0.0,0,15.3093,49.7761,1.66721,12.8239,-0.000838157,-0.002893592683956341,-0.037107143219787725,-0.004790547316043659,-0.06500185678021228
34.0,-1.01321,-0.00104638,12.783,-0.120676,-0.0783991,-0.00658497,0.0,0,15.2846,50.0314,1.66715,12.783,-0.00104638,-0.0036010157509370716,-0.04603178434422858,-0.0029839542490629283,-0.03236731565577142
34.02,-1.2282,-0.00126841,12.7499,-0.14085,-0.044906,-0.009,0.0,0,15.26,50.2858,1.66707,12.7499,-0.00126841,-0.004353896140608624,-0.055511740403145896,-0.004646103859391375,0.010605740403145894
34.04,-1.6987,-0.00175431,12.7532,-0.159653,-0.00796967,-0.00840261,0.0,0,15.2355,50.5396,1.66697,12.7532,-0.00175431,-0.006023327533235049,-0.07681670069685323,-0.0023792824667649504,0.06884703069685323
34.06,-2.0181,-0.00208417,12.7749,-0.180107,0.0245044,-0.00752571,0.0,0,15.211,50.7935,1.66683,12.7749,-0.00208417,-0.007167968130709672,-0.09157007607300299,-0.00035774186929032805,0.11607447607300299
34.08,-2.31261,-0.00238832,12.7921,-0.206192,0.0448593,-0.0105261,0.0,0,15.1866,51.0478,1.66668,12.7921,-0.00238832,-0.008224990785297273,-0.10521490462460124,-0.002301109214702727,0.15007420462460125
34.1,-2.61505,-0.00270067,12.7868,-0.235351,0.0503981,-0.010529,0.0,0,15.1621,51.3024,1.6665,12.7868,-0.00270067,-0.009296855600032057,-0.1188770331864899,-0.0012321443999679434,0.1692751331864899
34.12,-2.9,-0.00299494,12.7687,-0.25712,0.0456479,-0.00878465,0.0,0,15.1377,51.5569,1.6663,12.7687,-0.00299494,-0.01029538366890359,-0.1314586654531293,0.0015107336689035907,0.17710656545312928
34.14,-2.9,-0.00299494,12.7886,-0.261747,0.0377816,-0.0111469,0.0,0,15.1134,51.8111,1.66609,12.7886,-0.00299494,-0.010311303948695918,-0.1318671416782926,-0.0008355960513040817,0.1696487416782926
34.16,-3.0,-0.00309822,12.8098,-0.249853,0.0320209,-0.0138,0.0,0,15.0891,52.0656,1.66588,12.8098,-0.00309822,-0.010684434274452587,-0.13686546616888273,-0.0031155657255474128,0.16888636616888272
34.18,-3.1,-0.00320149,12.7993,-0.232885,0.0322818,-0.0126475,0.0,0,15.0648,52.3206,1.66566,12.7993,-0.00320149,-0.011031591631540532,-0.14119665076957674,-0.0016159083684594688,0.17347845076957674
34.2,-3.0,-0.00309822,12.775,-0.222374,0.0415741,-0.0151838,0.0,0,15.0405,52.5754,1.66544,12.775,-0.00309822,-0.010655634431028882,-0.13612572985639396,-0.004528165568971119,0.17769982985639396
34.22,-3.0,-0.00309822,12.7575,-0.220498,0.0601493,-0.0149244,0.0,0,15.0164,52.8297,1.66523,12.7575,-0.00309822,-0.010641151056748786,-0.13575448460647263,-0.004283248943251215,0.19590378460647262
34.24,-3.09852,-0.00319996,12.7496,-0.223418,0.0858619,-0.0155823,0.0,0,14.9924,53.0837,1.66502,12.7496,-0.00319996,-0.010983836690306616,-0.14003952426673322,-0.004598463309693384,0.2259014242667332
34.26,-2.9,-0.00299494,12.7549,-0.228505,0.11614,-0.0160856,0.0,0,14.9684,53.3375,1.6648,12.7549,-0.00299494,-0.010284343134059971,-0.13117576824062152,-0.0058012568659400274,0.24731576824062151
34.28,-2.78929,-0.00288061,12.7701,-0.234062,0.1486,-0.0171572,0.0,0,14.9445,53.5915,1.6646,12.7701,-0.00288061,-0.009903438767928962,-0.12646790341032962,-0.007253761232071039,0.2750679034103296
34.3,-2.7,-0.0027884,12.7731,-0.236837,0.181667,-0.017,0.0,0,14.9206,53.8457,1.6644,12.7731,-0.0027884,-0.009588656823845139,-0.12247687247665634,-0.007411343176154862,0.3041438724766563
34.32,-2.68614,-0.00277409,12.7678,-0.233065,0.215018,-0.0174831,0.0,0,14.8968,54.1,1.66421,12.7678,-0.00277409,-0.009535520356141967,-0.1217476168031494,-0.007947579643858034,0.33676561680314937
34.34,-2.6,-0.00268512,12.7778,-0.220007,0.247512,-0.0199901,0.0,0,14.873,54.3542,1.66402,12.7778,-0.00268512,-0.009236870381390547,-0.11802688235933212,-0.010753229618609453,0.36553888235933213
34.36,-2.6,-0.00268512,12.7925,-0.19645,0.275349,-0.0189788,0.0,0,14.8492,54.6086,1.66384,12.7925,-0.00268512,-0.009247413888542695,-0.11829754216918244,-0.009731386111457305,0.39364654216918243
34.38,-2.6,-0.00268512,12.7793,-0.162121,0.293821,-0.0194867,0.0,0,14.8255,54.8633,1.66365,12.7793,-0.00268512,-0.009237946262488923,-0.11805448667222469,-0.010248753737511076,0.4118754866722247
34.4,-2.6,-0.00268512,12.7831,-0.117192,0.300476,-0.018876,0.0,0,14.8018,55.1178,1.66347,12.7831,-0.00268512,-0.009240671814696073,-0.11812443187444137,-0.009635328185303927,0.4186004318744414
34.42,-2.6,-0.00268512,12.8077,-0.0658079,0.296422,-0.0170352,0.0,0,14.7782,55.3723,1.66328,12.8077,-0.00268512,-0.009258315719279148,-0.11857773023781155,-0.007776884280720852,0.41499973023781156
34.44,-2.6,-0.00268512,12.8078,-0.0191709,0.28588,-0.0169549,0.0,0,14.7546,55.6273,1.66309,12.8078,-0.00268512,-0.009258387440842073,-0.1185795746648171,-0.007696512559157926,0.40445957466481713
34.46,-2.5,-0.00258185,12.7847,0.0114458,0.274852,-0.0160593,0.0,0,14.731,55.8824,1.66291,12.7847,-0.00258185,-0.008886376444029507,-0.11360965692398405,-0.007172923555970491,0.38846165692398404
34.48,-2.5,-0.00258185,12.7636,0.0259294,0.268189,-0.015894,0.0,0,14.7075,56.137,1.66273,12.7636,-0.00258185,-0.00887182432614845,-0.11323641696922837,-0.007022175673851548,0.3814254169692284
34.5,-2.48091,-0.00256213,12.772,0.0354084,0.267271,-0.0151146,0.0,0,14.6841,56.3912,1.66256,12.772,-0.00256213,-0.008809810697802355,-0.11251890223233169,-0.006304789302197645,0.37978990223233167
34.52,-2.38733,-0.00246549,12.7897,0.0516628,0.271008,-0.015,0.0,0,14.6607,56.6456,1.66238,12.7897,-0.00246549,-0.008489172370370413,-0.10857396786532647,-0.006510827629629587,0.3795819678653265
34.54,-2.29983,-0.00237512,12.8103,0.0791624,0.277258,-0.0165983,0.0,0,14.6373,56.9003,1.66221,12.8103,-0.00237512,-0.008191078369218594,-0.10493017123320096,-0.008407221630781406,0.382188171233201
34.56,-2.2,-0.00227203,12.8143,0.115077,0.28266,-0.0158,0.0,0,14.6139,57.1555,1.66205,12.8143,-0.00227203,-0.007837978029892629,-0.1004382018684531,-0.007962021970107373,0.3830982018684531
34.58,-2.2,-0.00227203,12.8069,0.153558,0.28379,-0.0146,0.0,0,14.5906,57.4107,1.6619,12.8069,-0.00227203,-0.00783348717258727,-0.1003226868706079,-0.006766512827412731,0.3841126868706079
34.6,-2.18667,-0.00225826,12.8027,0.190264,0.280239,-0.0146,0.0,0,14.5673,57.6658,1.66174,12.8027,-0.00225826,-0.007783477468835964,-0.0996495269902662,-0.006816522531164036,0.3798885269902662
34.62,-2.2,-0.00227203,12.7969,0.223824,0.275616,-0.0138044,0.0,0,14.5441,57.9209,1.66158,12.7969,-0.00227203,-0.007827418349502856,-0.1001666898767531,-0.005976981650497143,0.3757826898767531
34.64,-2.1,-0.00216875,12.7897,0.253734,0.274806,-0.0116399,0.0,0,14.5209,58.1758,1.66143,12.7897,-0.00216875,-0.0074674341160933504,-0.09550624211459913,-0.0041724658839066495,0.3703122421145991
34.66,-2.1,-0.00216875,12.7925,0.279122,0.280909,-0.0124629,0.0,0,14.4978,58.4306,1.66128,12.7925,-0.00216875,-0.007469056174482489,-0.09554790111206725,-0.0049938438255175115,0.37645690111206725
34.68,-2.11113,-0.00218025,12.7957,0.300226,0.294163,-0.0118672,0.0,0,14.4746,58.6855,1.66113,12.7957,-0.00218025,-0.007510525270211974,-0.09610242820005135,-0.004356674729788026,0.3902654282000514
34.7,-2.2,-0.00227203,12.8116,0.318989,0.311848,-0.0146745,0.0,0,14.4516,58.9404,1.66098,12.8116,-0.00227203,-0.007836339480925443,-0.1003960468938244,-0.006838160519074557,0.41224404689382443
34.72,-2.2,-0.00227203,12.8281,0.337991,0.329039,-0.0154262,0.0,0,14.4285,59.1957,1.66082,12.8281,-0.00227203,-0.007846352708678315,-0.10065379718219629,-0.0075798472913216845,0.42969279718219633
34.74,-2.2,-0.00227203,12.829,0.358818,0.340206,-0.0145984,0.0,0,14.4055,59.4512,1.66066,12.829,-0.00227203,-0.007846898875996718,-0.1006678656801619,-0.006751501124003282,0.4408738656801619
34.76,-2.2,-0.00227203,12.8527,0.379901,0.340623,-0.0142598,0.0,0,14.3824,59.7069,1.6605,12.8527,-0.00227203,-0.007861280956288755,-0.10103868574689248,-0.006398519043711245,0.44166168574689246
34.78,-2.2,-0.00227203,12.8737,0.397158,0.328496,-0.0151484,0.0,0,14.3594,59.963,1.66034,12.8737,-0.00227203,-0.00787402404663917,-0.10136782336921868,-0.007274375953360829,0.4298638233692187
34.8,-2.11738,-0.0021867,12.8659,0.40855,0.30746,-0.0149305,0.0,0,14.3364,60.2195,1.66019,12.8659,-0.0021867,-0.0075737452199746425,-0.09744304862567175,-0.007356754780025357,0.4049030486256718
34.82,-2.18946,-0.00226114,12.8583,0.416281,0.285385,-0.0145367,0.0,0,14.3135,60.4759,1.66004,12.8583,-0.00226114,-0.007826983071402734,-0.10064169642701777,-0.006709716928597266,0.38602669642701776
34.84,-2.1,-0.00216875,12.8492,0.423733,0.269175,-0.0156212,0.0,0,14.2906,60.7321,1.65988,12.8492,-0.00216875,-0.0075019010611089695,-0.09639342711440137,-0.008119298938891031,0.36556842711440135
34.86,-2.1,-0.00216875,12.8569,0.431952,0.26074,-0.014148,0.0,0,14.2677,60.9881,1.65973,12.8569,-0.00216875,-0.007506361213410879,-0.09650853548470233,-0.006641638786589122,0.35724853548470237
34.88,-2.1,-0.00216875,12.8679,0.439138,0.256992,-0.0149546,0.0,0,14.2449,61.2444,1.65958,12.8679,-0.00216875,-0.0075127327496691985,-0.09667309374946828,-0.007441867250330802,0.3536650937494683
34.9,-2.2,-0.00227203,12.8541,0.442299,0.252491,-0.0151059,0.0,0,14.2221,61.5008,1.65943,12.8541,-0.00227203,-0.007862130511004808,-0.10106061180150691,-0.007243769488995192,0.35355161180150696
34.92,-2.2,-0.00227203,12.8845,0.440155,0.242787,-0.0165399,0.0,0,14.1993,61.7569,1.65927,12.8845,-0.00227203,-0.007880577443576498,-0.10153730007176139,-0.008659322556423502,0.3443243000717614
34.94,-2.2,-0.00227203,12.8972,0.435457,0.226388,-0.0165494,0.0,0,14.1766,62.0137,1.65911,12.8972,-0.00227203,-0.007888283585566813,-0.1017367710597723,-0.008661116414433186,0.32812477105977234
34.96,-2.1,-0.00216875,12.8773,0.432592,0.202895,-0.015,0.0,0,14.1538,62.2707,1.65895,12.8773,-0.00216875,-0.0075181774145042,-0.09681382601979494,-0.007481822585495799,0.2997088260197949
34.98,-2.2,-0.00227203,12.8901,0.431981,0.170749,-0.0161602,0.0,0,14.1312,62.5274,1.6588,12.8901,-0.00227203,-0.007883975449752915,-0.10162523194486005,-0.008276224550247084,0.27237423194486005
35.0,-2.2,-0.00227203,12.8902,0.429603,0.130474,-0.014286,0.0,0,14.1085,62.7843,1.65864,12.8902,-0.00227203,-0.007884036128114905,-0.10162680249862674,-0.0064019638718850955,0.23210080249862675
35.02,-2.3,-0.0023753,12.8977,0.422581,0.0878633,-0.0130803,0.0,0,14.0859,63.0412,1.65848,12.8977,-0.0023753,-0.008247146223968596,-0.10636921785287975,-0.004833153776031404,0.19423251785287976
35.04,-2.20143,-0.0022735,12.9184,0.412646,0.0503267,-0.0159857,0.0,0,14.0633,63.2982,1.65831,12.9184,-0.0022735,-0.007906259026000754,-0.10213621660148814,-0.008079440973999244,0.15246291660148814
35.06,-2.31729,-0.00239315,12.9128,0.403991,0.0226079,-0.0143925,0.0,0,14.0408,63.5557,1.65816,12.9128,-0.00239315,-0.008318773052335257,-0.10741865267019472,-0.006073726947664743,0.13002655267019472
35.08,-2.41416,-0.0024932,12.91,0.399332,0.00664889,-0.0140832,0.0,0,14.0183,63.813,1.65798,12.91,-0.0024932,-0.00866469163307197,-0.11186116898295914,-0.00541850836692803,0.11851005898295915
35.1,-2.51606,-0.00259844,12.9257,0.398898,0.00163804,-0.0157606,0.0,0,13.9958,64.0703,1.65781,12.9257,-0.00259844,-0.00904133149783129,-0.1168655385415179,-0.00671926850216871,0.1185035785415179
35.12,-2.73742,-0.00282704,12.9533,0.40187,0.00357804,-0.0152633,0.0,0,13.9733,64.328,1.65762,12.9533,-0.00282704,-0.009857590844901195,-0.12768833149125866,-0.005405709155098805,0.13126637149125867
35.14,-3.10573,-0.00320741,12.9789,0.406289,0.00735528,-0.0131032,0.0,0,13.9509,64.5861,1.65741,12.9789,-0.00320741,-0.011205835262631436,-0.14543941529016716,-0.0018973647373685641,0.15279469529016715
35.16,-3.4,-0.00351131,12.9999,0.409306,0.00954333,-0.0160773,0.0,0,13.9285,64.8448,1.65717,12.9999,-0.00351131,-0.012287278429962625,-0.15973339086167113,-0.0037900215700373743,0.16927672086167111
35.18,-3.5155,-0.00363059,13.0053,0.410859,0.00870095,-0.016352,0.0,0,13.9061,65.1039,1.65692,13.0053,-0.00363059,-0.01270991849645412,-0.16529630302193477,-0.0036420815035458787,0.17399725302193478
35.2,-3.7,-0.00382114,12.9866,0.414716,0.00456471,-0.0174,0.0,0,13.8837,65.3632,1.65666,12.9866,-0.00382114,-0.01335791994284973,-0.17347396312981228,-0.004042080057150269,0.17803867312981228
35.22,-3.7,-0.00382114,12.966,0.422904,-0.00111682,-0.0180364,0.0,0,13.8615,65.622,1.65639,12.966,-0.00382114,-0.01333690094976441,-0.17292625771464534,-0.004699499050235591,0.17180943771464535
35.24,-3.7,-0.00382114,12.9914,0.431418,-0.00329086,-0.0183205,0.0,0,13.8393,65.8805,1.65612,12.9914,-0.00382114,-0.013362817456479796,-0.17360170670411162,-0.004957682543520204,0.17031084670411162
35.26,-3.6,-0.00371786,13.026,0.433531,0.00387577,-0.0166909,0.0,0,13.8172,66.1394,1.65585,13.026,-0.00371786,-0.013035983512185052,-0.16980672122972248,-0.0036549164878149493,0.17368249122972249
35.28,-3.6,-0.00371786,12.9997,0.426421,0.0222716,-0.0194088,0.0,0,13.7951,66.3991,1.65559,12.9997,-0.00371786,-0.01300987567986354,-0.16912448087552207,-0.006398924320136461,0.19139608087552207
35.3,-3.6,-0.00371786,12.9722,0.413356,0.0502915,-0.019,0.0,0,13.7731,66.6583,1.65533,12.9722,-0.00371786,-0.012982575246239839,-0.16841256260927245,-0.006017424753760161,0.21870406260927244
35.32,-3.6,-0.00371786,12.9914,0.399537,0.0857231,-0.0164147,0.0,0,13.7512,66.9169,1.65507,12.9914,-0.00371786,-0.013001636059998925,-0.16890945470987004,-0.003413063940001076,0.25463255470987
35.34,-3.50189,-0.00361654,13.0181,0.386901,0.124596,-0.0181962,0.0,0,13.7294,67.1759,1.65481,13.0181,-0.00361654,-0.012673092241219415,-0.16497958210541847,-0.0055231077587805846,0.28957558210541845
35.36,-3.4,-0.00351131,13.0216,0.372981,0.162648,-0.0181894,0.0,0,13.7076,67.4354,1.65456,13.0216,-0.00351131,-0.012307623183275898,-0.16026494604334543,-0.005881776816724103,0.3229129460433454
35.38,-3.3,-0.00340804,13.0649,0.354316,0.199816,-0.013424,0.0,0,13.6858,67.695,1.65432,13.0649,-0.00340804,-0.011985044223664634,-0.15658340427775608,-0.0014389557763353662,0.35639940427775607
35.4,-3.17436,-0.00327828,13.0915,0.332261,0.236585,-0.0162616,0.0,0,13.664,67.9554,1.65408,13.0915,-0.00327828,-0.011551994986550391,-0.15123294236642446,-0.00470960501344961,0.3878179423664244
35.42,-2.9,-0.00299494,13.0541,0.314157,0.269391,-0.0190517,0.0,0,13.6423,68.2164,1.65386,13.0541,-0.00299494,-0.010523651729016783,-0.13737680203575797,-0.008528048270983218,0.40676780203575796
35.44,-2.89921,-0.00299413,13.004,0.305425,0.29543,-0.0145858,0.0,0,13.6206,68.4767,1.65365,13.004,-0.00299413,-0.010480754230395765,-0.13629172801206652,-0.004105045769604234,0.43172172801206654
35.46,-2.58888,-0.00267364,13.0095,0.303723,0.314702,-0.0140669,0.0,0,13.5991,68.7359,1.65344,13.0095,-0.00267364,-0.009362820868493835,-0.12180561808867053,-0.004704079131506165,0.4365076180886705
35.48,-2.18358,-0.00225507,13.0593,0.303884,0.326972,-0.0167015,0.0,0,13.5777,68.9953,1.65327,13.0593,-0.00225507,-0.00792700921853135,-0.10352119148756646,-0.008774490781468651,0.43049319148756643
35.5,-2.08137,-0.00214952,13.112,0.303079,0.33562,-0.0132882,0.0,0,13.5562,69.2556,1.65312,13.112,-0.00214952,-0.007586221505407101,-0.09947053637889791,-0.005701978494592899,0.4350905363788979
35.52,-1.77527,-0.00183339,13.1505,0.30067,0.349349,-0.0126968,0.0,0,13.5346,69.5171,1.65297,13.1505,-0.00183339,-0.006489355412872553,-0.0853382683569805,-0.006207444587127447,0.4346872683569805
35.54,-1.4037,-0.00144966,13.1502,0.299297,0.373374,-0.0169593,0.0,0,13.513,69.7792,1.65286,13.1502,-0.00144966,-0.005131009866239798,-0.0674738059430266,-0.011828290133760203,0.4408478059430266
35.56,-1.3,-0.00134256,13.1109,0.304035,0.405311,-0.0141485,0.0,0,13.4915,70.0414,1.65276,13.1109,-0.00134256,-0.004737848700787454,-0.06211746053115424,-0.009410651299212546,0.4674284605311542
35.58,-1.189,-0.00122793,13.0982,0.316562,0.439269,-0.0117519,0.0,0,13.47,70.3028,1.65267,13.0982,-0.00122793,-0.004329159734542416,-0.05670420003498348,-0.007422740265457583,0.4959732000349835
35.6,-0.9,-0.000929465,13.1332,0.332949,0.467451,-0.0165723,0.0,0,13.4486,70.564,1.65259,13.1332,-0.000929465,-0.003285582539877284,-0.04315021261271635,-0.013286717460122718,0.5106012126127164
35.62,-0.986815,-0.00101912,13.179,0.346858,0.482732,-0.0121363,0.0,0,13.4272,70.8258,1.65253,13.179,-0.00101912,-0.0036149651374751514,-0.04764162554678502,-0.008521334862524849,0.530373625546785
35.64,-0.9,-0.000929465,13.1648,0.354007,0.483477,-0.0121808,0.0,0,13.4056,71.0886,1.65246,13.1648,-0.000929465,-0.0032934227793635787,-0.04335725220576564,-0.00888737722063642,0.5268342522057656
35.66,-0.785507,-0.000811224,13.1175,0.356872,0.472391,-0.015,0.0,0,13.3842,71.3511,1.65239,13.1175,-0.000811224,-0.0028642101841393716,-0.037571277090448205,-0.012135789815860628,0.5099622770904482
35.68,-0.7,-0.000722917,13.1058,0.363131,0.453485,-0.0133026,0.0,0,13.3628,71.6126,1.65234,13.1058,-0.000722917,-0.0025501642434928944,-0.033421942542369174,-0.010752435756507105,0.4869069425423692
35.7,-0.587255,-0.000606481,13.1224,0.375837,0.432447,-0.0122765,0.0,0,13.3414,71.874,1.65229,13.1224,-0.000606481,-0.002142111729378339,-0.028109646957594315,-0.01013438827062166,0.46055664695759435
35.72,-0.285512,-0.000294859,13.1817,0.388819,0.415091,-0.015,0.0,0,13.3201,72.1356,1.65226,13.1817,-0.000294859,-0.001046119428174156,-0.01378963246636327,-0.013953880571825844,0.42888063246636327
35.74,-0.1,-0.000103274,13.2194,0.394145,0.404142,-0.0135791,0.0,0,13.2986,72.3984,1.65224,13.2194,-0.000103274,-0.0003674412262746939,-0.004857352546615688,-0.013211658773725307,0.4089993525466157
35.76,0.00963511,9.95055e-06,13.2035,0.390572,0.398684,-0.0108578,0.0,0,13.2771,72.662,1.65224,13.2035,9.95055e-06,3.536109002912237e-05,0.00046689015219951723,-0.010893161090029123,0.39821710984780045
35.78,0.2,0.000206548,13.1917,0.383618,0.395949,-0.0133064,0.0,0,13.2556,72.9253,1.65225,13.1917,0.000206548,0.0007333553746257966,0.009674204095451121,-0.014039755374625797,0.3862747959045489
35.8,0.4,0.000413096,13.2009,0.379512,0.393913,-0.0100644,0.0,0,13.2341,73.1883,1.65227,13.2009,0.000413096,0.001467725211517381,0.019375293744719798,-0.01153212521151738,0.3745377062552802
35.82,0.513333,0.000530139,13.1698,0.379305,0.391522,-0.0084,0.0,0,13.2126,73.4516,1.65231,13.1698,0.000530139,0.0018791769003081167,0.024748383941677835,-0.010279176900308115,0.36677361605832215
35.84,0.798679,0.000824828,13.1541,0.378131,0.385969,-0.0093934,0.0,0,13.1912,73.7142,1.65235,13.1541,0.000824828,0.002920300901200055,0.03841393008447564,-0.012313700901200054,0.3475550699155244
35.86,1.11876,0.00115539,13.1968,0.370305,0.372908,-0.0072124,0.0,0,13.1697,73.9764,1.65242,13.1968,0.00115539,0.004103824234760531,0.054157347661287776,-0.01131622423476053,0.31875065233871225
35.88,1.31599,0.00135908,13.2149,0.354993,0.350485,-0.0072,0.0,0,13.1482,74.2396,1.65251,13.2149,0.00135908,0.004833876378416946,0.06387919295314211,-0.012033876378416946,0.2866058070468579
35.9,1.61833,0.00167131,13.2232,0.336676,0.321627,-0.00650679,0.0,0,13.1266,74.5031,1.65262,13.2232,0.00167131,0.0059480975210695905,0.07865288314060741,-0.012454887521069592,0.24297411685939257
35.92,1.91223,0.00197483,13.2333,0.321771,0.29297,-0.00487775,0.0,0,13.105,74.7667,1.65275,13.2333,0.00197483,0.007033634063117015,0.0930781896474464,-0.011911384063117016,0.1998918103525536
35.94,2.0,0.00206548,13.2411,0.315477,0.271371,-0.00184643,0.0,0,13.0833,75.0305,1.6529,13.2411,0.00206548,0.007360797497165232,0.09746505573971455,-0.009207227497165233,0.17390594426028544
35.96,2.1,0.00216875,13.2597,0.318206,0.259966,-0.00399193,0.0,0,13.0615,75.2945,1.65305,13.2597,0.00216875,0.007739590105885558,0.10262464292701075,-0.01173152010588556,0.15734135707298924
35.98,2.1,0.00216875,13.2709,0.32407,0.258048,-0.00234167,0.0,0,13.0397,75.5589,1.65321,13.2709,0.00216875,0.007746072591930237,0.10279735476024698,-0.010087742591930238,0.15525064523975302
36.0,2.1,0.00216875,13.2588,0.325879,0.26446,0.000252949,0.0,0,13.0178,75.8235,1.65336,13.2588,0.00216875,0.007739069185832581,0.10261077052111704,-0.007486120185832582,0.16184922947888292
36.02,2.1,0.00216875,13.2285,0.321201,0.278462,-0.000281041,0.0,0,12.9959,76.0878,1.65352,13.2285,0.00216875,0.007721531024092044,0.1021442731522016,-0.008002572024092044,0.1763177268477984
36.04,2.1,0.00216875,13.2201,0.312973,0.297513,-0.00121703,0.0,0,12.9741,76.3515,1.65367,13.2201,0.00216875,0.007716668780827178,0.10201513294941339,-0.008933698780827178,0.19549786705058664
36.06,2.1,0.00216875,13.225,0.305683,0.317737,-0.0011245,0.0,0,12.9521,76.6151,1.65383,13.225,0.00216875,0.007719505098814079,0.10209045493181619,-0.008844005098814079,0.21564654506818381
36.08,2.1,0.00216875,13.2342,0.300567,0.336255,-0.000731793,0.0,0,12.9302,76.8787,1.65398,13.2342,0.00216875,0.007724830359315489,0.10223194994125304,-0.008456623359315489,0.234023050058747
36.1,2.1,0.00216875,13.2649,0.295478,0.350315,-0.0034239,0.0,0,12.9082,77.1426,1.65414,13.2649,0.00216875,0.007742599848729812,0.1027048127334161,-0.011166499848729812,0.2476101872665839
36.12,2.1,0.00216875,13.2724,0.289538,0.355994,-0.00331541,0.0,0,12.8861,77.407,1.65429,13.2724,0.00216875,0.007746940771533477,0.10282049669610091,-0.011062350771533476,0.2531735033038991
36.14,2.1,0.00216875,13.2562,0.284216,0.350611,-0.00419603,0.0,0,12.8639,77.6716,1.65445,13.2562,0.00216875,0.007737564300671062,0.10257069988255574,-0.011933594300671063,0.24804030011744427
36.16,2.1,0.00216875,13.264,0.280771,0.335668,-0.00410229,0.0,0,12.8417,77.9358,1.6546,13.264,0.00216875,0.007742078933829776,0.10269093497831815,-0.011844368933829775,0.23297706502168186
36.18,2.1,0.00216875,13.2646,0.279744,0.31688,-0.0028,0.0,0,12.8195,78.2002,1.65476,13.2646,0.00216875,0.007742426210528913,0.10270018671218181,-0.010542426210528913,0.21417981328781818
36.2,2.1,0.00216875,13.254,0.28081,0.301605,-0.0034,0.0,0,12.7972,78.4646,1.65492,13.254,0.00216875,0.007736290930492396,0.1025367999927462,-0.011136290930492395,0.1990682000072538
36.22,2.1,0.00216875,13.2607,0.2827,0.294546,-0.00149248,0.0,0,12.7749,78.7288,1.65507,13.2607,0.00216875,0.007740168904898579,0.10264005779718859,-0.00923264890489858,0.19190594220281137
36.24,2.1,0.00216875,13.2698,0.285121,0.295252,-0.00281295,0.0,0,12.7526,78.9932,1.65523,13.2698,0.00216875,0.007745435925312293,0.10278038564170906,-0.010558385925312292,0.19247161435829097
36.26,2.1,0.00216875,13.2876,0.288514,0.301103,-0.00262875,0.0,0,12.7301,79.2577,1.65538,13.2876,0.00216875,0.007755738184945429,0.10305514670628087,-0.010384488184945428,0.19804785329371916
36.28,2.1,0.00216875,13.3164,0.291737,0.310876,-0.00151161,0.0,0,12.7077,79.5225,1.65554,13.3164,0.00216875,0.007772406269074812,0.10350047084150782,-0.009284016269074812,0.20737552915849217
36.3,2.2,0.00227203,13.329,0.293513,0.323428,-0.00395206,0.0,0,12.6851,79.788,1.6557,13.329,0.00227203,0.008150183542309673,0.10863379643544564,-0.012102243542309673,0.21479420356455436
36.32,2.2,0.00227203,13.339,0.294321,0.336022,-0.00344735,0.0,0,12.6625,80.0536,1.65586,13.339,0.00227203,0.008156246314987082,0.1087961695956127,-0.011603596314987082,0.2272258304043873
36.34,2.2,0.00227203,13.3472,0.294201,0.34629,-0.00336081,0.0,0,12.6398,80.3195,1.65603,13.3472,0.00227203,0.008161217702026265,0.10892940491248497,-0.011522027702026266,0.237360595087515
36.36,2.3,0.0023753,13.3442,0.291857,0.353806,-0.00348493,0.0,0,12.617,80.5855,1.65619,13.3442,0.0023753,0.008530267352841195,0.11382959360978348,-0.012015197352841196,0.23997640639021653
36.38,2.4,0.00247857,13.3373,0.286948,0.359569,-0.00341809,0.0,0,12.5942,80.8515,1.65637,13.3373,0.00247857,0.008896572434847694,0.11865625553529416,-0.012314662434847695,0.24091274446470587
36.4,2.41826,0.00249743,13.3333,0.280973,0.365766,-0.00199822,0.0,0,12.5714,81.1173,1.65655,13.3333,0.00249743,0.00896160305828657,0.11948774205705233,-0.01095982305828657,0.24627825794294766
36.42,2.51198,0.00259422,13.3333,0.276325,0.374318,-0.00155209,0.0,0,12.5485,81.3831,1.65673,13.3333,0.00259422,0.009308919050773592,0.12411861037967954,-0.010861009050773592,0.25019938962032046
36.44,2.69751,0.00278583,13.3567,0.274501,0.384725,-0.00354027,0.0,0,12.5256,81.6488,1.65692,13.3567,0.00278583,0.0100138772945678,0.13375235486035372,-0.0135541472945678,0.25097264513964623
36.46,2.7,0.0027884,13.3904,0.274349,0.395647,-0.000996098,0.0,0,12.5026,81.915,1.65713,13.3904,0.0027884,0.010048188597115681,0.1345492645908178,-0.01104428659711568,0.26109773540918224
36.48,2.8,0.00289167,13.3848,0.273865,0.406676,-0.0016,0.0,0,12.4795,82.1819,1.65733,13.3848,0.00289167,0.010416010429202503,0.13941621639278967,-0.012016010429202504,0.2672597836072103
36.5,2.9,0.00299494,13.3894,0.273568,0.415708,-0.00266977,0.0,0,12.4563,82.4486,1.65754,13.3894,0.00299494,0.010791674701589486,0.14449404924946227,-0.013461444701589486,0.2712139507505378
36.52,2.9,0.00299494,13.3991,0.275098,0.418843,-0.00212547,0.0,0,12.4331,82.7154,1.65776,13.3991,0.00299494,0.010799425875402134,0.14470258724710075,-0.012924895875402135,0.27414041275289924
36.54,2.99945,0.00309765,13.3929,0.277973,0.415693,0.000793355,0.0,0,12.4098,82.9825,1.65798,13.3929,0.00309765,0.011164664975133505,0.1495272415454655,-0.010371309975133504,0.2661657584545345
36.56,3.0,0.00309822,13.3885,0.280783,0.410768,-0.00127385,0.0,0,12.3864,83.2494,1.65821,13.3885,0.00309822,0.011163082132933365,0.14945692513677836,-0.012436932132933365,0.2613110748632217
36.58,3.1,0.00320149,13.3847,0.283442,0.409053,-0.000722859,0.0,0,12.363,83.5162,1.65843,13.3847,0.00320149,0.011531926949381684,0.15435138263938902,-0.012254785949381683,0.254701617360611
36.6,3.1,0.00320149,13.3905,0.286136,0.412948,0.000292739,0.0,0,12.3395,83.7829,1.65867,13.3905,0.00320149,0.011536881377035357,0.15448461007919193,-0.011244142377035356,0.2584633899208081
36.62,3.2,0.00330477,13.3896,0.28826,0.422116,-0.000598533,0.0,0,12.316,84.0497,1.6589,13.3896,0.00330477,0.011908270006779124,0.15944697208276976,-0.012506803006779125,0.26266902791723024
36.64,3.2,0.00330477,13.3923,0.289164,0.433913,0.000428124,0.0,0,12.2924,84.3165,1.65914,13.3923,0.00330477,0.011910650766985104,0.15951100826669462,-0.011482526766985104,0.2744019917333054
36.66,3.2,0.00330477,13.4076,0.288789,0.444357,-0.0012,0.0,0,12.2687,84.5834,1.65938,13.4076,0.00330477,0.011924141508172439,0.1598741196849728,-0.013124141508172439,0.2844828803150272
36.68,3.20816,0.0033132,13.4287,0.288405,0.449707,-0.000248983,0.0,0,12.245,84.8505,1.65962,13.4287,0.0033132,0.011973210210061239,0.16078464794784936,-0.012222193210061238,0.28892235205215067
36.7,3.3,0.00340804,13.4387,0.290152,0.447806,-6.96601e-05,0.0,0,12.2211,85.1181,1.65986,13.4387,0.00340804,0.01232503712918178,0.1656324764679352,-0.01239469722918178,0.2821735235320648
36.72,3.3,0.00340804,13.4298,0.294282,0.438847,-0.000554621,0.0,0,12.1972,85.3859,1.66011,13.4298,0.00340804,0.012316944879712823,0.16541410634556727,-0.012871565879712823,0.2734328936544327
36.74,3.3,0.00340804,13.4235,0.29887,0.42526,-0.000368199,0.0,0,12.1732,85.6534,1.66036,13.4235,0.00340804,0.012311216574310356,0.16525961568525507,-0.012679415574310356,0.2600003843147449
36.76,3.3,0.00340804,13.4346,0.302265,0.410739,-0.000680972,0.0,0,12.1491,85.9209,1.66061,13.4346,0.00340804,0.012321309256217676,0.165531861333582,-0.013002281256217676,0.24520713866641802
36.78,3.3,0.00340804,13.4382,0.302775,0.399329,6.60242e-06,0.0,0,12.125,86.1886,1.66085,13.4382,0.00340804,0.012324582512104835,0.1656202047141672,-0.012317980092104835,0.2337087952858328
36.8,3.3,0.00340804,13.4424,0.29848,0.394082,-0.000690944,0.0,0,12.1008,86.4563,1.6611,13.4424,0.00340804,0.012328401281932029,0.1657233013922431,-0.01301934528193203,0.2283586986077569
36.82,3.3,0.00340804,13.4545,0.290338,0.39464,-9.33892e-05,0.0,0,12.0765,86.7241,1.66135,13.4545,0.00340804,0.012339402803041084,0.16602049501351626,-0.012432792003041085,0.22861950498648373
36.84,3.3,0.00340804,13.4629,0.282043,0.396951,-0.00237448,0.0,0,12.0521,86.9922,1.6616,13.4629,0.00340804,0.012347040071591764,0.16622696577983276,-0.014721520071591764,0.23072403422016724
36.86,3.3,0.00340804,13.4682,0.275819,0.397102,-0.000435694,0.0,0,12.0277,87.2604,1.66185,13.4682,0.00340804,0.012351858760631216,0.16635730415993333,-0.012787552760631217,0.23074469584006668
36.88,3.3,0.00340804,13.4753,0.271036,0.394182,-0.000173723,0.0,0,12.0031,87.5287,1.66209,13.4753,0.00340804,0.012358313908251282,0.16653198740785852,-0.012532036908251283,0.22765001259214146
36.9,3.3,0.00340804,13.4863,0.265779,0.388945,-0.000735369,0.0,0,11.9785,87.7971,1.66234,13.4863,0.00340804,0.012368314666229382,0.16680280208316933,-0.013103683666229382,0.22214219791683065
36.92,3.3,0.00340804,13.487,0.258338,0.38333,-0.000986426,0.0,0,11.9538,88.0657,1.66259,13.487,0.00340804,0.012368951070900698,0.16682004309323772,-0.013355377070900698,0.21650995690676228
36.94,3.3,0.00340804,13.4788,0.248816,0.381856,-0.00135852,0.0,0,11.9291,88.3344,1.66284,13.4788,0.00340804,0.012361495990680387,0.16661813215918278,-0.013720015990680387,0.2152378678408172
36.96,3.3,0.00340804,13.4674,0.239352,0.389128,-0.00100265,0.0,0,11.9042,88.6029,1.66309,13.4674,0.00340804,0.012351131414503278,0.16633762721168144,-0.013353781414503278,0.22279037278831854
36.98,3.2,0.00330477,13.4641,0.232593,0.405416,0.0,0.0,0,11.8794,88.8711,1.66333,13.4641,0.00330477,0.011973956815367628,0.16121855195779128,-0.011973956815367628,0.24419744804220872
37.0,3.2,0.00330477,13.4698,0.231163,0.426958,0.0,0.0,0,11.8545,89.1393,1.66357,13.4698,0.00330477,0.011978982128967438,0.16135449348076558,-0.011978982128967438,0.2656035065192344
37.02,3.2,0.00330477,13.4909,0.236764,0.448977,0.0,0.0,0,11.8295,89.4076,1.66381,13.4909,0.00330477,0.011997584123839297,0.16185820765630357,-0.011997584123839297,0.2871187923436964
37.04,3.2,0.00330477,13.5225,0.247723,0.467124,2.28177e-06,0.0,0,11.8044,89.6763,1.66405,13.5225,0.00330477,0.012025441614752998,0.16261403423549742,-0.012023159844752999,0.30450996576450257
37.06,3.2,0.00330477,13.5377,0.259712,0.479347,0.000849647,0.0,0,11.7792,89.9456,1.6643,13.5377,0.00330477,0.012038840812593954,0.16297821526865316,-0.011189193812593954,0.3163687847313469
37.08,3.2,0.00330477,13.5296,0.269672,0.487224,0.00112436,0.0,0,11.7538,90.2152,1.66454,13.5296,0.00330477,0.012031700499779115,0.16278409508181152,-0.010907340499779115,0.32443990491818847
37.1,3.3,0.00340804,13.5284,0.276974,0.493503,0.00110366,0.0,0,11.7285,90.4847,1.66478,13.5284,0.00340804,0.01240658832724937,0.16784128952636038,-0.01130292832724937,0.3256617104736397
37.12,3.31312,0.00342159,13.5195,0.281233,0.499721,0.002295,0.0,0,11.703,90.7541,1.66503,13.5195,0.00342159,0.012447792955729207,0.16828793686498103,-0.010152792955729207,0.33143306313501897
37.14,3.4,0.00351131,13.5189,0.280708,0.507492,0.00081262,0.0,0,11.6776,91.0233,1.66528,13.5189,0.00351131,0.01277363625325293,0.17268551114410105,-0.01196101625325293,0.33480648885589903
37.16,3.4,0.00351131,13.5199,0.273393,0.520266,0.000784518,0.0,0,11.652,91.2926,1.66554,13.5199,0.00351131,0.012774572892527798,0.17271094804968656,-0.011990054892527798,0.34755505195031344
37.18,3.41525,0.00352706,13.5198,0.25996,0.54097,0.00306451,0.0,0,11.6264,91.5618,1.6658,13.5198,0.00352706,0.012831779698523414,0.17348309516809685,-0.009767269698523415,0.3674869048319031
37.2,3.5,0.00361459,13.5206,0.244621,0.567449,-0.000607922,0.0,0,11.6007,91.831,1.66606,13.5206,0.00361459,0.013150996252929302,0.17780935993735592,-0.013758918252929303,0.38963964006264407
37.22,3.5,0.00361459,13.552,0.232144,0.593079,0.000233348,0.0,0,11.5749,92.1003,1.66633,13.552,0.00361459,0.013181270806281687,0.17863258196672943,-0.012947922806281688,0.4144464180332706
37.24,3.5,0.00361459,13.5835,0.225549,0.611084,0.0016,0.0,0,11.549,92.3701,1.66659,13.5835,0.00361459,0.013211639918788801,0.1794603108368677,-0.0116116399187888,0.43162368916313226
37.26,3.5,0.00361459,13.5768,0.226696,0.61591,0.000357208,0.0,0,11.523,92.6406,1.66686,13.5768,0.00361459,0.01320518061267233,0.1792840961421297,-0.01284797261267233,0.43662590385787026
37.28,3.5,0.00361459,13.5709,0.235783,0.605076,0.000421346,0.0,0,11.4969,92.9109,1.66712,13.5709,0.00361459,0.013199492497202606,0.17912899273028685,-0.012778146497202606,0.42594700726971313
37.3,3.5,0.00361459,13.5796,0.24982,0.582832,0.00143248,0.0,0,11.4708,93.1811,1.66739,13.5796,0.00361459,0.013207880034436728,0.179357727715637,-0.011775400034436728,0.40347427228436306
37.32,3.5,0.00361459,13.5815,0.263768,0.55802,0.000464983,0.0,0,11.4446,93.4515,1.66765,13.5815,0.00361459,0.013209711776535533,0.17940770049301735,-0.012744728776535532,0.3786122995069826
37.34,3.5,0.00361459,13.5731,0.272805,0.538163,0.00123372,0.0,0,11.4182,93.7219,1.66792,13.5731,0.00361459,0.01320161349705101,0.17918682015682308,-0.01196789349705101,0.35897617984317687
37.36,3.5,0.00361459,13.5646,0.273744,0.527331,0.00261378,0.0,0,11.3919,93.9921,1.66818,13.5646,0.00361459,0.013193418674667617,0.17896344695439637,-0.010579638674667617,0.34836755304560363
37.38,3.5,0.00361459,13.5687,0.266833,0.526024,0.000152244,0.0,0,11.3655,94.2622,1.66845,13.5687,0.00361459,0.013197371488271315,0.179071174512907,-0.013045127488271316,0.34695282548709305
37.4,3.5,0.00361459,13.5795,0.255888,0.530922,0.000473333,0.0,0,11.339,94.5323,1.66871,13.5795,0.00361459,0.013207783626770057,0.17935509775972397,-0.012734450626770057,0.35156690224027604
37.42,3.5,0.00361459,13.5941,0.24559,0.536376,-0.000137531,0.0,0,11.3124,94.8026,1.66898,13.5941,0.00361459,0.013221858947271197,0.17973927271509937,-0.013359389947271197,0.3566367272849006
37.44,3.49908,0.00361363,13.6245,0.239899,0.536344,-0.00119262,0.0,0,11.2857,95.0733,1.66924,13.6245,0.00361363,0.013247645766281877,0.18049254974270743,-0.014440265766281877,0.3558514502572926
37.46,3.4,0.00351131,13.6272,0.241055,0.52636,0.000224566,0.0,0,11.2589,95.3445,1.66951,13.6272,0.00351131,0.012875063706306318,0.17545106813857747,-0.012650497706306317,0.3509089318614226
37.48,3.4,0.00351131,13.6136,0.247303,0.506005,0.000562857,0.0,0,11.232,95.6157,1.66976,13.6136,0.00351131,0.012862327916085147,0.17510258731841674,-0.012299470916085147,0.33090241268158327
37.5,3.4,0.00351131,13.6126,0.253957,0.478868,-0.00105095,0.0,0,11.205,95.8867,1.67002,13.6126,0.00351131,0.012861391447569233,0.17507697721918095,-0.013912341447569233,0.30379102278081904
37.52,3.4,0.00351131,13.6076,0.257456,0.449681,0.000128642,0.0,0,11.178,96.1577,1.67028,13.6076,0.00351131,0.012856709077565608,0.17494895444388175,-0.012728067077565608,0.27473204555611824
37.54,3.3,0.00340804,13.5998,0.256512,0.421928,0.000221467,0.0,0,11.1509,96.4285,1.67054,13.5998,0.00340804,0.012471491849063099,0.16960979484888833,-0.0122500248490631,0.2523182051511117
37.56,3.3,0.00340804,13.6107,0.251398,0.39754,0.0,0.0,0,11.1238,96.6992,1.67079,13.6107,0.00340804,0.012481399295658595,0.16988058139342044,-0.012481399295658595,0.22765941860657957
37.58,3.3,0.00340804,13.6208,0.243902,0.377627,-0.000112185,0.0,0,11.0966,96.9701,1.67104,13.6208,0.00340804,0.012490579402035906,0.17013168391925065,-0.012602764402035907,0.20749531608074934
37.6,3.3,0.00340804,13.621,0.236351,0.362494,0.0006,0.0,0,11.0693,97.2412,1.67129,13.621,0.00340804,0.01249076118449206,0.17013665809396636,-0.01189076118449206,0.19235734190603362
37.62,3.2,0.00330477,13.6299,0.231045,0.352079,-0.000122576,0.0,0,11.0419,97.5123,1.67154,13.6299,0.00330477,0.012120109035350508,0.16519587414092388,-0.012242685035350507,0.1868831258590761
37.64,3.2,0.00330477,13.6391,0.230358,0.346663,0.00177854,0.0,0,11.0145,97.7836,1.67178,13.6391,0.00330477,0.012128217426844987,0.16541797030648145,-0.010349677426844986,0.18124502969351855
37.66,3.2,0.00330477,13.6401,0.23406,0.345622,0.00115886,0.0,0,10.9869,98.055,1.67202,13.6401,0.00330477,0.012129098764955142,0.16544212006386463,-0.010970238764955143,0.18017987993613535
37.68,3.1,0.00320149,13.6213,0.23785,0.347972,0.000129566,0.0,0,10.9593,98.3264,1.67226,13.6213,0.00320149,0.011733988388645433,0.15983217603825603,-0.011604422388645433,0.18813982396174397
37.7,2.98202,0.00307965,13.6101,0.237958,0.35534,0.003,0.0,0,10.9317,98.5975,1.6725,13.6101,0.00307965,0.011278222829235466,0.1534977405281776,-0.008278222829235467,0.20184225947182238
37.72,2.9,0.00299494,13.6171,0.235344,0.369476,0.00118188,0.0,0,10.904,98.8684,1.67272,13.6171,0.00299494,0.010973589204439242,0.1494284615557696,-0.009791709204439242,0.22004753844423042
37.74,2.9,0.00299494,13.6225,0.233932,0.387748,-0.00117384,0.0,0,10.8763,99.1393,1.67294,13.6225,0.00299494,0.010977902405708848,0.14954647552176878,-0.012151742405708849,0.2382015244782312
37.76,2.88518,0.00297964,13.6342,0.235644,0.406629,0.00154072,0.0,0,10.8485,99.4104,1.67316,13.6342,0.00297964,0.010931117551576433,0.1490370429217034,-0.009390397551576432,0.25759195707829663
37.78,2.8,0.00289167,13.6479,0.237629,0.426078,0.00139945,0.0,0,10.8206,99.6817,1.67338,13.6479,0.00289167,0.010618953668511642,0.14492641777248005,-0.009219503668511642,0.28115158222751996
37.8,2.8,0.00289167,13.6622,0.236475,0.44591,0.000435325,0.0,0,10.7926,99.9533,1.67359,13.6622,0.00289167,0.010629981054388971,0.145228927161273,-0.01019465605438897,0.30068107283872697
37.82,2.8,0.00289167,13.6694,0.233101,0.462379,-0.0012,0.0,0,10.7645,100.225,1.6738,13.6694,0.00289167,0.010635533187681331,0.1453813573556912,-0.011835533187681331,0.3169976426443088
37.84,2.8,0.00289167,13.6633,0.228995,0.471497,-0.000116305,0.0,0,10.7364,100.497,1.67402,13.6633,0.00289167,0.010630829302046046,0.14525221000264574,-0.010747134302046046,0.3262447899973543
37.86,2.8,0.00289167,13.6568,0.222775,0.472498,-0.000228811,0.0,0,10.7082,100.769,1.67423,13.6568,0.00289167,0.010625816903009844,0.14511465628102485,-0.010854627903009844,0.32738334371897515
37.88,2.8,0.00289167,13.6837,0.214729,0.467861,-0.000296615,0.0,0,10.6799,101.041,1.67444,13.6837,0.00289167,0.01064656010885179,0.14568433456149524,-0.01094317510885179,0.32217666543850476
37.9,2.77996,0.00287098,13.6329,0.209029,0.46231,0.00063969,0.0,0,10.6516,101.313,1.67466,13.6329,0.00287098,0.010531489511312457,0.1435747433587716,-0.009891799511312457,0.31873525664122837
37.92,2.7,0.0027884,13.662,0.209634,0.459832,5.14176e-05,0.0,0,10.6233,101.584,1.67487,13.662,0.0027884,0.010250202592235717,0.14003826781512438,-0.010198784992235716,0.3197937321848756
37.94,2.7,0.0027884,13.7216,0.217166,0.461201,0.0004,0.0,0,10.5949,101.856,1.67507,13.7216,0.0027884,0.010294518305573411,0.14125726238175612,-0.009894518305573412,0.3199437376182439
37.96,2.7,0.0027884,13.7044,0.228798,0.466337,0.000369341,0.0,0,10.5663,102.129,1.67528,13.7044,0.0027884,0.010281729739698497,0.14090493704472407,-0.009912388739698496,0.32543206295527594
37.98,2.7,0.0027884,13.6855,0.24106,0.474795,-0.000438389,0.0,0,10.5377,102.402,1.67548,13.6855,0.0027884,0.010267676689097501,0.14051828932864385,-0.010706065689097502,0.33427671067135617
38.0,2.7,0.0027884,13.6946,0.253739,0.482358,-0.00164305,0.0,0,10.509,102.674,1.67569,13.6946,0.0027884,0.01027444303784443,0.14070438762606433,-0.01191749303784443,0.34165361237393566
38.02,2.7,0.0027884,13.7019,0.267059,0.484901,-0.00120367,0.0,0,10.4803,102.946,1.6759,13.7019,0.0027884,0.010279870900517038,0.1408537630917944,-0.011483540900517038,0.3440472369082056
38.04,2.60128,0.00268644,13.7259,0.276573,0.485255,0.00197441,0.0,0,10.4515,103.219,1.6761,13.7259,0.00268644,0.009921169615678682,0.136176982027844,-0.007946759615678683,0.349078017972156
38.06,2.6,0.00268512,13.7313,0.278557,0.488813,0.000281311,0.0,0,10.4227,103.492,1.6763,13.7313,0.00268512,0.009920160942825352,0.13621670595421775,-0.009638849942825352,0.35259629404578224
38.08,2.58518,0.00266981,13.7075,0.277146,0.495923,-0.00162965,0.0,0,10.3937,103.765,1.6765,13.7075,0.00266981,0.00984665497245528,0.13497302303493075,-0.01147630497245528,0.36094997696506925
38.1,2.5,0.00258185,13.7016,0.279395,0.502894,-0.00100791,0.0,0,10.3647,104.038,1.67669,13.7016,0.00258185,0.0095181820974315,0.13041432382616744,-0.010526092097431501,0.3724796761738325
38.12,2.5,0.00258185,13.6993,0.287479,0.505205,-0.000167136,0.0,0,10.3357,104.31,1.67688,13.6993,0.00258185,0.009516598635151608,0.1303707396825324,-0.009683734635151608,0.3748342603174676
38.14,2.4,0.00247857,13.7095,0.298284,0.498603,-0.0025159,0.0,0,10.3067,104.583,1.67707,13.7095,0.00247857,0.009142652331085951,0.12534119213302286,-0.011658552331085951,0.37326180786697716
38.16,2.3,0.0023753,13.7377,0.306496,0.480546,-0.00106623,0.0,0,10.2776,104.855,1.67725,13.7377,0.0023753,0.008779581472640937,0.1206112563966994,-0.009845811472640936,0.3599347436033006
38.18,2.2,0.00227203,13.7638,0.308531,0.448933,-0.0004,0.0,0,10.2484,105.129,1.67742,13.7638,0.00227203,0.008413684691185948,0.11580427335254515,-0.008813684691185947,0.33312872664745485
38.2,2.2,0.00227203,13.7781,0.304935,0.401364,-0.00129997,0.0,0,10.219,105.402,1.67759,13.7781,0.00227203,0.008422347095298325,0.11604394051372985,-0.009722317095298324,0.28532005948627015
38.22,2.18727,0.00225888,13.7757,0.298297,0.342855,-0.0024,0.0,0,10.1896,105.677,1.67776,13.7757,0.00225888,0.008372154874625394,0.11533229390637705,-0.010772154874625394,0.22752270609362296
38.24,2.1,0.00216875,13.7552,0.291588,0.288519,-8.23438e-05,0.0,0,10.1602,105.951,1.67793,13.7552,0.00216875,0.008026248510081439,0.11040265350587221,-0.00810859231008144,0.17811634649412783
38.26,2.1,0.00216875,13.7523,0.287595,0.250503,-0.00190214,0.0,0,10.1307,106.224,1.67809,13.7523,0.00216875,0.008024571597163833,0.11035631597567619,-0.009926711597163834,0.1401466840243238
38.28,2.1,0.00216875,13.7685,0.286065,0.230571,-0.0024,0.0,0,10.1013,106.498,1.67825,13.7685,0.00216875,0.008033939056739926,0.11061528990272367,-0.010433939056739925,0.11995571009727633
38.3,2.0,0.00206548,13.7658,0.285419,0.227007,-0.0014,0.0,0,10.0717,106.771,1.67841,13.7658,0.00206548,0.007649896645966375,0.10530694724904392,-0.009049896645966374,0.12170005275095606
38.32,1.9,0.0019622,13.7631,0.287067,0.236886,-0.00144157,0.0,0,10.0421,107.045,1.67856,13.7631,0.0019622,0.007265966043815037,0.10000221725763074,-0.008707536043815037,0.1368837827423693
38.34,1.9,0.0019622,13.7682,0.292428,0.253742,-0.00304352,0.0,0,10.0125,107.319,1.6787,13.7682,0.0019622,0.007268634168646395,0.1000760089607573,-0.010312154168646396,0.15366599103924272
38.36,1.88593,0.00194767,13.7906,0.300081,0.27206,-0.00228742,0.0,0,9.9828,107.593,1.67885,13.7906,0.00194767,0.007226441862357181,0.09965696914702293,-0.00951386186235718,0.1724030308529771
38.38,1.7,0.00175566,13.8054,0.308196,0.290016,-0.00205775,0.0,0,9.95303,107.867,1.67899,13.8054,0.00175566,0.006520952778889027,0.09002436149367458,-0.008578702778889027,0.1999916385063254
38.4,1.7,0.00175566,13.7924,0.314445,0.3048,-0.00447956,0.0,0,9.92319,108.142,1.67912,13.7924,0.00175566,0.006514867957878752,0.0898556648222469,-0.010994427957878751,0.21494433517775313
38.42,1.6,0.00165238,13.7741,0.315746,0.31194,-0.00174573,0.0,0,9.89334,108.416,1.67924,13.7741,0.00165238,0.006123555964001364,0.08434647220375119,-0.007869285964001365,0.2275935277962488
38.44,1.5,0.00154911,13.7787,0.311263,0.309769,-0.00244311,0.0,0,9.8635,108.69,1.67936,13.7787,0.00154911,0.005742746848383765,0.07912758599982539,-0.008185856848383764,0.23064141400017463
38.46,1.48712,0.0015358,13.7769,0.302797,0.299757,-0.00439386,0.0,0,9.83362,108.964,1.67948,13.7769,0.0015358,0.005692667878855909,0.07842731610020998,-0.01008652787885591,0.22132968389979002
38.48,1.4,0.00144583,13.7667,0.293603,0.284993,-0.00191886,0.0,0,9.80371,109.238,1.67959,13.7667,0.00144583,0.00535524848416966,0.07372409930701845,-0.007274108484169661,0.21126890069298154
38.5,1.4,0.00144583,13.7808,0.287976,0.269709,-0.0028,0.0,0,9.7738,109.512,1.6797,13.7808,0.00144583,0.005360683763133907,0.07387451080299574,-0.008160683763133907,0.19583448919700425
38.52,1.4,0.00144583,13.8307,0.28779,0.256397,-0.00345678,0.0,0,9.74382,109.786,1.6798,13.8307,0.00144583,0.00537991803629996,0.07440803238465385,-0.00883669803629996,0.18198896761534614
38.54,1.30047,0.00134305,13.8694,0.290867,0.243819,-0.00160473,0.0,0,9.71371,110.061,1.67991,13.8694,0.00134305,0.005011329797026949,0.06950413748688557,-0.0066160597970269484,0.17431486251311445
38.56,1.3,0.00134256,13.8304,0.295401,0.230565,-0.00251882,0.0,0,9.68348,110.336,1.68001,13.8304,0.00134256,0.004995543614167854,0.06909036640138708,-0.007514363614167853,0.16147463359861292
38.58,1.2,0.00123929,13.8436,0.301408,0.219959,-0.00355924,0.0,0,9.65331,110.611,1.68011,13.8436,0.00123929,0.0046156458476173,0.06389715485607486,-0.008174885847617299,0.15606184514392513
38.6,1.2,0.00123929,13.8709,0.308077,0.218235,-0.00153575,0.0,0,9.62309,110.887,1.6802,13.8709,0.00123929,0.004624664655771938,0.06414826097374698,-0.006160414655771938,0.15408673902625303
38.62,1.2,0.00123929,13.8538,0.314132,0.228616,-0.00217677,0.0,0,9.59278,111.163,1.68029,13.8538,0.00123929,0.004619015569458318,0.06399091789616164,-0.006795785569458318,0.16462508210383836
38.64,1.1,0.00113601,13.8563,0.318994,0.250544,-0.00299332,0.0,0,9.56248,111.438,1.68038,13.8563,0.00113601,0.004234832590109837,0.05867911081833893,-0.007228152590109837,0.19186488918166106
38.66,1.1,0.00113601,13.8646,0.322872,0.280758,-0.00241703,0.0,0,9.53215,111.714,1.68046,13.8646,0.00113601,0.004237346044489628,0.058749107968430886,-0.006654376044489627,0.22200889203156912
38.68,1.1,0.00113601,13.8508,0.327042,0.311147,-0.00418572,0.0,0,9.50178,111.989,1.68055,13.8508,0.00113601,0.004233167025210293,0.05863274983278273,-0.008418887025210294,0.2525142501672173
38.7,1.0,0.00103274,13.8728,0.332293,0.331115,-0.00402913,0.0,0,9.47142,112.265,1.68063,13.8728,0.00103274,0.003854403443514526,0.05347136809118832,-0.007883533443514525,0.2776436319088117
38.72,0.9,0.000929465,13.9031,0.338758,0.335895,-0.0052,0.0,0,9.44099,112.54,1.68071,13.9031,0.000929465,0.0034764660666674898,0.04833365537148478,-0.00867646606666749,0.28756134462851524
38.74,0.9,0.000929465,13.9025,0.348436,0.327894,-0.00489521,0.0,0,9.41047,112.817,1.68077,13.9025,0.000929465,0.003476317418906783,0.048329502916351554,-0.008371527418906783,0.27956449708364844
38.76,0.9,0.000929465,13.9079,0.362851,0.311571,-0.00787664,0.0,0,9.37994,113.093,1.68084,13.9079,0.000929465,0.0034776552423501084,0.04836688134508107,-0.011354295242350109,0.26320411865491894
38.78,0.804763,0.00083111,13.9086,0.378966,0.292737,-0.00782858,0.0,0,9.34937,113.37,1.68091,13.9086,0.00083111,0.0031098083447411522,0.04325308034366679,-0.010938388344741153,0.24948391965633324
38.8,0.71381,0.00073718,13.8931,0.392003,0.275844,-0.00382762,0.0,0,9.31879,113.646,1.68097,13.8931,0.00073718,0.0027552996921950046,0.03827965415363442,-0.006582919692195004,0.23756434584636554
38.82,0.8,0.000826191,13.8905,0.399547,0.259552,-0.00873125,0.0,0,9.28822,113.923,1.68103,13.8905,0.000826191,0.0030874166660613592,0.04288576119992531,-0.011818666666061359,0.21666623880007468
38.84,0.7,0.000722917,13.911,0.400904,0.243363,-0.0079054,0.0,0,9.25764,114.199,1.68109,13.911,0.000722917,0.002705439162700431,0.037635364192325695,-0.01061083916270043,0.2057276358076743
38.86,0.611667,0.000631692,13.9333,0.395401,0.232212,-0.00414,0.0,0,9.227,114.476,1.68114,13.9333,0.000631692,0.0023677939419498046,0.03299118333136921,-0.006507793941949804,0.19922081666863078
38.88,0.7,0.000722917,13.9333,0.382571,0.228634,-0.00712538,0.0,0,9.1963,114.753,1.68119,13.9333,0.000722917,0.002709736016350734,0.03775556483661968,-0.009835116016350735,0.19087843516338032
38.9,0.6,0.000619644,13.9437,0.364502,0.23174,-0.0076809,0.0,0,9.16558,115.03,1.68124,13.9437,0.000619644,0.002324351563274157,0.03241006089282586,-0.010005251563274156,0.19932993910717414
38.92,0.5,0.00051637,13.9699,0.347426,0.243533,-0.00538468,0.0,0,9.13483,115.307,1.68128,13.9699,0.00051637,0.0019405652590086446,0.027109502611824866,-0.007325245259008645,0.21642349738817512
38.94,0.5,0.00051637,13.9614,0.338,0.26518,-0.00838711,0.0,0,9.10401,115.585,1.68132,13.9614,0.00051637,0.0019393954919891085,0.02707667622185674,-0.010326505491989109,0.23810332377814328
38.96,0.487586,0.00050355,13.9788,0.337944,0.290987,-0.00822483,0.0,0,9.0732,115.862,1.68136,13.9788,0.00050355,0.001893580914254972,0.026469988884187404,-0.010118410914254973,0.2645170111158126
38.98,0.4,0.000413096,13.9501,0.344689,0.310757,-0.00834549,0.0,0,9.04234,116.14,1.6814,13.9501,0.000413096,0.001550272237697143,0.021626452743098913,-0.009895762237697144,0.28913054725690107
39.0,0.4,0.000413096,13.952,0.355885,0.312457,-0.00835083,0.0,0,9.01153,116.418,1.68143,13.952,0.000413096,0.001550481425671651,0.021632316850970876,-0.00990131142567165,0.2908246831490291
39.02,0.4,0.000413096,13.9605,0.370352,0.287674,-0.00895177,0.0,0,8.98071,116.695,1.68146,13.9605,0.000413096,0.0015514172568710486,0.021658560614548274,-0.010503187256871048,0.2660154393854517
39.04,0.305293,0.000315288,13.9977,0.385308,0.241261,-0.00405293,0.0,0,8.94987,116.973,1.68149,13.9977,0.000315288,0.001187216721405791,0.016618303501221843,-0.00524014672140579,0.22464269649877816
39.06,0.3,0.000309822,14.0167,0.39526,0.18803,-0.00621291,0.0,0,8.91893,117.251,1.68151,14.0167,0.000309822,0.0011682032344389507,0.01637435427616044,-0.007381113234438951,0.17165564572383957
39.08,0.3,0.000309822,14.0265,0.395376,0.139376,-0.004,0.0,0,8.88795,117.53,1.68153,14.0265,0.000309822,0.0011690123470705074,0.016397151686184473,-0.0051690123470705075,0.12297884831381553
39.1,0.3,0.000309822,14.0144,0.386299,0.100744,-0.00582765,0.0,0,8.85693,117.808,1.68155,14.0144,0.000309822,0.0011680133383481363,0.01636900612894612,-0.006995663338348137,0.08437499387105388
39.12,0.2,0.000206548,14.0217,0.373963,0.079875,-0.00554112,0.0,0,8.82594,118.087,1.68158,14.0217,0.000206548,0.0007790773521501915,0.01092398890864434,-0.0063201973521501914,0.06895101109135567
39.14,0.2,0.000206548,14.0236,0.364154,0.0872559,-0.00361736,0.0,0,8.79493,118.366,1.68159,14.0236,0.000206548,0.0007791819311112297,0.01092693572913144,-0.00439654193111123,0.07632896427086856
39.16,0.188231,0.000194394,13.9627,0.359473,0.125325,-0.00614122,0.0,0,8.76391,118.645,1.68161,13.9627,0.000194394,0.0007301771925614967,0.01019524508657841,-0.006871397192561497,0.11512975491342159
39.18,0.0,0.0,13.991,0.361228,0.185782,-0.00622394,0.0,0,8.73302,118.922,1.68162,13.991,0.0,0.0,0.0,-0.00622394,0.185782
39.2,-0.127473,-0.000131646,14.0212,0.370728,0.257777,-0.00823516,0.0,0,8.70206,119.2,1.68161,14.0212,-0.000131646,-0.0004965373338203873,-0.006962049264962414,-0.007738622666179613,0.2647390492649624
39.22,-0.4,-0.000413096,14.0067,0.387038,0.330874,-0.00814002,0.0,0,8.67105,119.479,1.68159,14.0067,-0.000413096,-0.0015565034958998417,-0.021801477516020313,-0.006583516504100158,0.3526754775160203
39.24,-0.500047,-0.000516418,14.0583,0.405464,0.393445,-0.010401,0.0,0,8.64007,119.758,1.68155,14.0583,-0.000516418,-0.00195291117202824,-0.027454611129724606,-0.00844808882797176,0.42089961112972457
39.26,-0.808615,-0.000835089,14.0974,0.421735,0.434162,-0.0120794,0.0,0,8.60899,120.037,1.68151,14.0974,-0.000835089,-0.003166713457561679,-0.04464242629663001,-0.008912686542438321,0.47880442629663
39.28,-1.01406,-0.00104726,14.101,0.436495,0.442751,-0.012453,0.0,0,8.57784,120.318,1.68143,14.101,-0.00104726,-0.003972285161358049,-0.05601319306030986,-0.008480714838641951,0.49876419306030984
39.3,-1.11516,-0.00115166,14.1993,0.451869,0.412063,-0.0134,0.0,0,8.5467,120.598,1.68135,14.1993,-0.00115166,-0.00439843779668094,-0.06245473780641166,-0.00900156220331906,0.47451773780641165
39.32,-1.31553,-0.0013586,14.1572,0.467212,0.348215,-0.0134136,0.0,0,8.51538,120.88,1.68125,14.1572,-0.0013586,-0.005173549898525837,-0.07324298062340998,-0.008240050101474163,0.42145798062341
39.34,-1.4,-0.00144583,14.1441,0.481465,0.273281,-0.0125868,0.0,0,8.48417,121.162,1.68114,14.1441,-0.00144583,-0.005500676269646869,-0.07780211522551228,-0.007086123730353131,0.3510831152255123
39.36,-1.3858,-0.00143117,14.1182,0.494684,0.208924,-0.0131136,0.0,0,8.45302,121.443,1.68103,14.1182,-0.00143117,-0.0054350264063465535,-0.07673278981008191,-0.007678573593653446,0.2856567898100819
39.38,-1.30815,-0.00135098,14.1001,0.505971,0.164774,-0.0143674,0.0,0,8.42196,121.724,1.68092,14.1001,-0.00135098,-0.005123980519172148,-0.07224863771837921,-0.009243419480827852,0.23702263771837923
39.4,-1.5,-0.00154911,14.1056,0.512923,0.143722,-0.0123629,0.0,0,8.39097,122.004,1.68082,14.1056,-0.00154911,-0.005877716798545675,-0.08290872207356588,-0.006485183201454325,0.22663072207356588
39.42,-1.5,-0.00154911,14.1333,0.513409,0.144605,-0.0117072,0.0,0,8.36,122.285,1.6807,14.1333,-0.00154911,-0.005889149457695262,-0.08323311603044445,-0.0058180505423047375,0.22783811603044446
39.44,-1.40212,-0.00144802,14.1333,0.508335,0.158424,-0.0149746,0.0,0,8.32901,122.566,1.68058,14.1333,-0.00144802,-0.005504841706851044,-0.07780157929543786,-0.009469758293148955,0.23622557929543786
39.46,-1.51744,-0.00156712,14.1651,0.502409,0.17319,-0.0134,0.0,0,8.29804,122.847,1.68047,14.1651,-0.00156712,-0.005970893647290254,-0.08457830560323118,-0.007429106352709746,0.25776830560323116
39.48,-1.6,-0.00165238,14.2085,0.499971,0.1828,-0.0146522,0.0,0,8.26704,123.129,1.68034,14.2085,-0.00165238,-0.006314847934137303,-0.08972451687218988,-0.008337352065862697,0.27252451687218987
39.5,-1.5,-0.00154911,14.2389,0.500209,0.186621,-0.0148395,0.0,0,8.23598,123.411,1.68022,14.2389,-0.00154911,-0.005932727992748662,-0.08447552061594893,-0.008906772007251339,0.2710965206159489
39.52,-1.51684,-0.0015665,14.1792,0.499015,0.186593,-0.0125327,0.0,0,8.20489,123.694,1.6801,14.1792,-0.0015665,-0.0059744155896650115,-0.08471243352897813,-0.006558284410334989,0.2713054335289781
39.54,-1.6,-0.00165238,14.1946,0.495425,0.186936,-0.0126629,0.0,0,8.17396,123.976,1.67998,14.1946,-0.00165238,-0.006308729537916842,-0.0895498922989144,-0.0063541704620831575,0.2764858922989144
39.56,-1.6,-0.00165238,14.2072,0.492654,0.190443,-0.0156719,0.0,0,8.14303,124.259,1.67985,14.2072,-0.00165238,-0.006314275717373632,-0.08970817797187067,-0.009357624282626367,0.28015117797187067
39.58,-1.50979,-0.00155922,14.2318,0.492274,0.196093,-0.0120042,0.0,0,8.11211,124.541,1.67972,14.2318,-0.00155922,-0.005968498161694302,-0.08494247213760096,-0.0060357018383056975,0.28103547213760094
39.6,-1.6,-0.00165238,14.2572,0.492327,0.202797,-0.0110545,0.0,0,8.08117,124.824,1.6796,14.2572,-0.00165238,-0.006336282961256826,-0.09033765343523081,-0.004718217038743174,0.2931346534352308
39.62,-1.6,-0.00165238,14.2879,0.491926,0.211255,-0.0134521,0.0,0,8.05022,125.108,1.67948,14.2879,-0.00165238,-0.0063497942947415694,-0.09072522590383807,-0.00710230570525843,0.30198022590383805
39.64,-1.6,-0.00165238,14.3138,0.493309,0.221812,-0.0126051,0.0,0,8.01923,125.392,1.67935,14.3138,-0.00165238,-0.0063611924461277934,-0.09105283643538402,-0.006243907553872206,0.31286483643538404
39.66,-1.6,-0.00165238,14.2914,0.499453,0.23357,-0.0128146,0.0,0,7.98822,125.677,1.67922,14.2914,-0.00165238,-0.006351334620842466,-0.09076946360030802,-0.0064632653791575345,0.324339463600308
39.68,-1.6,-0.00165238,14.2822,0.510678,0.244536,-0.0139507,0.0,0,7.9573,125.961,1.67909,14.2822,-0.00165238,-0.006347285740019604,-0.09065320439610798,-0.007603414259980396,0.335189204396108
39.7,-1.6,-0.00165238,14.2597,0.523264,0.253628,-0.0106457,0.0,0,7.92643,126.245,1.67896,14.2597,-0.00165238,-0.006337383264458533,-0.09036918413619933,-0.004308316735541467,0.34399718413619934
39.72,-1.6,-0.00165238,14.2724,0.534204,0.262237,-0.0107122,0.0,0,7.89565,126.529,1.67884,14.2724,-0.00165238,-0.006342972717830089,-0.09052944381795816,-0.0043692272821699105,0.3527664438179582
39.74,-1.6,-0.00165238,14.275,0.544936,0.271284,-0.0129887,0.0,0,7.86488,126.812,1.67871,14.275,-0.00165238,-0.006344116997457341,-0.09056227013870355,-0.00664458300254266,0.3618462701387036
39.76,-1.7,-0.00175566,14.2851,0.557091,0.280752,-0.0102504,0.0,0,7.83414,127.096,1.67858,14.2851,-0.00175566,-0.006745371956891205,-0.09635831294138655,-0.0035050280431087946,0.3771103129413865
39.78,-1.7,-0.00175566,14.2757,0.570607,0.29198,-0.0101759,0.0,0,7.80341,127.381,1.67844,14.2757,-0.00175566,-0.006740976426883831,-0.09623215717726552,-0.0034349235731161686,0.38821215717726554
39.8,-1.8,-0.00185893,14.3183,0.584985,0.304728,-0.0108715,0.0,0,7.77274,127.665,1.6783,14.3183,-0.00185893,-0.0071585807108309465,-0.10249870619189075,-0.0037129192891690527,0.4072267061918907
39.82,-1.8,-0.00185893,14.391,0.596797,0.314558,-0.0127378,0.0,0,7.74202,127.949,1.67816,14.391,-0.00185893,-0.007194570081993516,-0.1035370580499687,-0.005543229918006484,0.4180950580499687
39.84,-1.8967,-0.0019588,14.3808,0.601654,0.316834,-0.0147604,0.0,0,7.71119,128.236,1.67801,14.3808,-0.0019588,-0.007575775060287467,-0.108945705986982,-0.007184624939712533,0.425779705986982
39.86,-1.9,-0.0019622,14.2931,0.598327,0.309984,-0.0123971,0.0,0,7.68042,128.522,1.67786,14.2931,-0.0019622,-0.007543096306118086,-0.10781422981297642,-0.004854003693881914,0.41779822981297643
39.88,-2.0,-0.00206548,14.3399,0.587028,0.294661,-0.0138981,0.0,0,7.64988,128.806,1.6777,14.3399,-0.00206548,-0.007965870862841945,-0.11422979158606722,-0.005932229137158055,0.4088907915860672
39.9,-2.1,-0.00216875,14.3518,0.571005,0.274845,-0.0156803,0.0,0,7.61929,129.091,1.67754,14.3518,-0.00216875,-0.008371023118989483,-0.12013924959911328,-0.007309276881010518,0.39498424959911327
39.92,-2.11584,-0.00218511,14.3442,0.557208,0.259162,-0.0127683,0.0,0,7.58872,129.377,1.67737,14.3442,-0.00218511,-0.008429747744308621,-0.12091798759391173,-0.0043385522556913785,0.3800799875939117
39.94,-2.2,-0.00227203,14.4055,0.548282,0.254513,-0.0150147,0.0,0,7.55822,129.662,1.6772,14.4055,-0.00227203,-0.008802158070473564,-0.1267994880842069,-0.006212541929526437,0.3813124880842069
39.96,-2.3,-0.0023753,14.4012,0.541845,0.258769,-0.0146779,0.0,0,7.52763,129.949,1.67702,14.4012,-0.0023753,-0.009199522091424158,-0.13248415754301757,-0.005478377908575843,0.3912531575430176
39.98,-2.30854,-0.00238412,14.4213,0.537546,0.265357,-0.0150683,0.0,0,7.49711,130.235,1.67683,14.4213,-0.00238412,-0.009246442023829538,-0.13334571435825293,-0.005821857976170462,0.39870271435825294
40.0,-2.4,-0.00247857,14.4608,0.536707,0.270832,-0.0164875,0.0,0,7.4666,130.522,1.67664,14.4608,-0.00247857,-0.009638820683718135,-0.13938505814311122,-0.006848679316281863,0.41021705814311127
40.02,-2.4,-0.00247857,14.4838,0.53907,0.271457,-0.0156811,0.0,0,7.43606,130.81,1.67645,14.4838,-0.00247857,-0.009653998197095994,-0.13982657908709897,-0.006027101802904005,0.411283579087099
40.04,-2.4,-0.00247857,14.4916,0.542792,0.259753,-0.0173903,0.0,0,7.40553,131.098,1.67625,14.4916,-0.00247857,-0.009659145189226438,-0.13997646842419384,-0.007731154810773563,0.3997294684241939
40.06,-2.4,-0.00247857,14.5066,0.54411,0.233073,-0.0180492,0.0,0,7.37504,131.387,1.67606,14.5066,-0.00247857,-0.009669043016484304,-0.14026493942293122,-0.008380156983515697,0.37333793942293125
40.08,-2.4,-0.00247857,14.5171,0.53805,0.200436,-0.016564,0.0,0,7.34457,131.675,1.67586,14.5171,-0.00247857,-0.009675971311815456,-0.14046704313075614,-0.006888028688184543,0.34090304313075614
40.1,-2.4,-0.00247857,14.5222,0.523443,0.17459,-0.0158347,0.0,0,7.31414,131.964,1.67567,14.5222,-0.00247857,-0.009679336429196526,-0.1405652594920778,-0.006155363570803474,0.3151552594920778
40.12,-2.5,-0.00258185,14.5201,0.505991,0.161564,-0.0167091,0.0,0,7.28375,132.253,1.67547,14.5201,-0.00258185,-0.010081224907186907,-0.1463803937748446,-0.006627875092813094,0.3079443937748446
40.14,-2.5,-0.00258185,14.484,0.492155,0.162338,-0.013826,0.0,0,7.25343,132.542,1.67527,14.484,-0.00258185,-0.01005641169210955,-0.1456570669485147,-0.00376958830789045,0.30799506694851475
40.16,-2.6,-0.00268512,14.4461,0.484187,0.179389,-0.0144951,0.0,0,7.22324,132.83,1.67506,14.4461,-0.00268512,-0.010431559972545839,-0.15069535851939445,-0.004063540027454161,0.33008435851939444
40.18,-2.6,-0.00268512,14.4028,0.485294,0.214096,-0.0130413,0.0,0,7.19319,133.118,1.67485,14.4028,-0.00268512,-0.01040060243528977,-0.1497977967549915,-0.002640697564710231,0.3638937967549915
40.2,-2.61192,-0.00269743,14.6017,0.500099,0.259064,-0.0124621,0.0,0,7.16329,133.404,1.67464,14.6017,-0.00269743,-0.01059111783452876,-0.1546483252844386,-0.001870982165471241,0.4137123252844386
40.22,-2.8,-0.00289167,14.6653,0.525697,0.300024,-0.0138258,0.0,0,7.13304,133.695,1.67443,14.6653,-0.00289167,-0.011402728372127593,-0.1672244323957628,-0.0024230716278724057,0.4672484323957628
40.24,-2.8,-0.00289167,14.4659,0.553163,0.325501,-0.0149829,0.0,0,7.10272,133.987,1.67419,14.4659,-0.00289167,-0.011249244997061158,-0.16273045320298699,-0.0037336550029388425,0.488231453202987
40.26,-2.9,-0.00299494,14.5055,0.578182,0.329451,-0.0129203,0.0,0,7.07288,134.274,1.67396,14.5055,-0.00299494,-0.011682565815810496,-0.16946145844123914,-0.001237734184189503,0.4989124584412391
40.28,-2.9,-0.00299494,14.6057,0.600702,0.305751,-0.0144219,0.0,0,7.04303,134.563,1.67373,14.6057,-0.00299494,-0.011762448479099146,-0.1717987937511784,-0.002659451520900854,0.4775497937511784
40.3,-2.9,-0.00299494,14.6097,0.618827,0.249815,-0.014882,0.0,0,7.01304,134.854,1.67349,14.6097,-0.00299494,-0.011765637060565373,-0.17189242776374192,-0.0031163629394346266,0.4217074277637419
40.32,-2.9,-0.00299494,14.6349,0.630249,0.170088,-0.0132504,0.0,0,6.9831,135.145,1.67325,14.6349,-0.00299494,-0.011785724509071113,-0.17248289961780483,-0.0014646754909288882,0.34257089961780485
40.34,-2.99679,-0.0030949,14.6606,0.636837,0.0869314,-0.0112321,0.0,0,6.95319,135.436,1.67301,14.6606,-0.0030949,-0.01220025942434785,-0.1788631233165941,0.00096815942434785,0.2657945233165941
40.36,-3.0,-0.00309822,14.6667,0.64521,0.0150841,-0.0119545,0.0,0,6.92329,135.728,1.67277,14.6667,-0.00309822,-0.012218376806205297,-0.17920326710357123,0.00026387680620529666,0.19428736710357122
40.38,-3.0,-0.00309822,14.6631,0.659452,-0.042212,-0.0144219,0.0,0,6.89346,136.02,1.67252,14.6631,-0.00309822,-0.012215408476720398,-0.17911575603499888,-0.0022064915232796016,0.13690375603499888
40.4,-3.0,-0.00309822,14.6048,0.674931,-0.0823938,-0.0126463,0.0,0,6.8637,136.312,1.67228,14.6048,-0.00309822,-0.012167334905207598,-0.17770149282357592,-0.00047896509479240096,0.09530769282357592
40.42,-3.1,-0.00320149,14.5958,0.686694,-0.0990191,-0.0146902,0.0,0,6.83413,136.602,1.67203,14.5958,-0.00320149,-0.012565230537024059,-0.18339959187229576,-0.0021249694629759414,0.08438049187229577
40.44,-3.1,-0.00320149,14.6576,0.696074,-0.0910775,-0.014784,0.0,0,6.80465,136.893,1.67177,14.6576,-0.00320149,-0.012617889572967238,-0.18494797820472458,-0.002166110427032762,0.09387047820472458
40.46,-3.2,-0.00330477,14.6585,0.702485,-0.0695693,-0.0182976,0.0,0,6.77512,137.185,1.67152,14.6585,-0.00330477,-0.01302573690916431,-0.19093776448298502,-0.005271863090835691,0.12136846448298502
40.48,-3.3,-0.00340804,14.632,0.702225,-0.0487031,-0.017725,0.0,0,6.74567,137.476,1.67125,14.632,-0.00340804,-0.013408742061300962,-0.19619671384095566,-0.004316257938699039,0.14749361384095566
40.5,-3.3,-0.00340804,14.6627,0.696575,-0.0360924,-0.0163312,0.0,0,6.71635,137.768,1.67098,14.6627,-0.00340804,-0.013436587670213223,-0.19701665403203542,-0.0028946123297867773,0.16092425403203542
40.52,-3.4,-0.00351131,14.8063,0.690169,-0.0364897,-0.018086,0.0,0,6.68704,138.06,1.67071,14.8063,-0.00351131,-0.013977915430998992,-0.2069612092460004,-0.004108084569001009,0.1704715092460004
40.54,-3.4,-0.00351131,14.7084,0.68637,-0.0562644,-0.0189955,0.0,0,6.65753,138.354,1.67043,14.7084,-0.00351131,-0.013886448335309989,-0.20424743669507342,-0.0051090516646900095,0.14798303669507343
40.56,-3.4,-0.00351131,14.7287,0.687572,-0.0968409,-0.0177241,0.0,0,6.6283,138.647,1.67015,14.7287,-0.00351131,-0.013905416000286058,-0.20480870064341325,-0.0038186839997139416,0.10796780064341326
40.58,-3.30451,-0.0034127,14.6974,0.695067,-0.149913,-0.0156451,0.0,0,6.59911,138.941,1.66987,14.6974,-0.0034127,-0.013486474966250484,-0.19821611716896986,-0.0021586250337495144,0.04830311716896987
40.6,-3.38575,-0.0034966,14.7054,0.708547,-0.206017,-0.016371,0.0,0,6.57006,139.233,1.6696,14.7054,-0.0034966,-0.01382548166055767,-0.20330923801116474,-0.0025455183394423302,-0.0027077619888352666
40.62,-3.4,-0.00351131,14.7003,0.723847,-0.263504,-0.0170461,0.0,0,6.54108,139.526,1.66932,14.7003,-0.00351131,-0.013878879729936235,-0.20402369569398163,-0.0031672202700637666,-0.05948030430601839
40.64,-3.3,-0.00340804,14.6723,0.733601,-0.321717,-0.0133817,0.0,0,6.51218,139.819,1.66904,14.6723,-0.00340804,-0.013445294723161114,-0.19727339776663683,6.359472316111447e-05,-0.12444360223336315
40.66,-3.3,-0.00340804,14.6785,0.735347,-0.370528,-0.0125663,0.0,0,6.48343,140.111,1.66877,14.6785,-0.00340804,-0.013450917934729884,-0.1974392989049326,0.0008846179347298828,-0.17308870109506744
40.68,-3.3,-0.00340804,14.7035,0.732522,-0.397657,-0.00971479,0.0,0,6.45473,140.403,1.6685,14.7035,-0.00340804,-0.01347359143009064,-0.19810895159233774,0.003758801430090641,-0.19954804840766224
40.7,-3.3,-0.00340804,14.8204,0.725509,-0.403484,-0.0113209,0.0,0,6.42607,140.696,1.66823,14.8204,-0.00340804,-0.013579596802701804,-0.2012550564547618,0.0022586968027018036,-0.2022289435452382
40.72,-3.31365,-0.00342214,14.782,0.711419,-0.398887,-0.0123638,0.0,0,6.39726,140.991,1.66796,14.782,-0.00342214,-0.01360081734338927,-0.20104728196998017,0.0012370173433892701,-0.19783971803001982
40.74,-3.4,-0.00351131,14.7615,0.691553,-0.38943,-0.0112701,0.0,0,6.36861,141.286,1.66768,14.7615,-0.00351131,-0.013936061542944222,-0.20571717246617113,0.0026659615429442222,-0.18371282753382887
40.76,-3.4,-0.00351131,14.7346,0.671048,-0.371523,-0.00984876,0.0,0,6.34008,141.58,1.6674,14.7346,-0.00351131,-0.013910928617434173,-0.20497196880644555,0.004062168617434173,-0.16655103119355444
40.78,-3.4,-0.00351131,14.714,0.654618,-0.344892,-0.0127855,0.0,0,6.31169,141.873,1.66712,14.714,-0.00351131,-0.013891680875776425,-0.20440219240617433,0.0011061808757764253,-0.14048980759382565
40.8,-3.4,-0.00351131,14.7018,0.645306,-0.315862,-0.0122,0.0,0,6.28341,142.166,1.66684,14.7018,-0.00351131,-0.013880281333276118,-0.20406512010555883,0.0016802813332761173,-0.11179687989444115
40.82,-3.41154,-0.00352323,14.696,0.643378,-0.286742,-0.0112462,0.0,0,6.25524,142.459,1.66656,14.696,-0.00352323,-0.013921963774405655,-0.2045971796286655,0.0026757637744056553,-0.0821448203713345
40.84,-3.49318,-0.00360754,14.7715,0.647061,-0.255427,-0.0108955,0.0,0,6.22717,142.752,1.66628,14.7715,-0.00360754,-0.014327591474319303,-0.2116400174629076,0.0034320914743193025,-0.04378698253709243
40.86,-3.5,-0.00361459,14.8322,0.654764,-0.226747,-0.0158514,0.0,0,6.19903,143.046,1.66599,14.8322,-0.00361459,-0.01441396533722269,-0.21379081667475439,-0.0014374346627773118,-0.012956183325245618
40.88,-3.4,-0.00351131,14.883,0.664947,-0.211335,-0.0164828,0.0,0,6.17087,143.341,1.6657,14.883,-0.00351131,-0.014049562281285056,-0.20909963543236548,-0.002433237718714943,-0.0022353645676345124
40.9,-3.4,-0.00351131,14.8802,0.676513,-0.212504,-0.012771,0.0,0,6.14269,143.638,1.66542,14.8802,-0.00351131,-0.014046946956773337,-0.2090213801061786,0.0012759469567733377,-0.003482619893821398
40.92,-3.4,-0.00351131,14.9157,0.689572,-0.224471,-0.01512,0.0,0,6.1146,143.934,1.66514,14.9157,-0.00351131,-0.014080104377671111,-0.210014612866029,-0.0010398956223288888,-0.014456387133971016
40.94,-3.4,-0.00351131,14.8641,0.703302,-0.241169,-0.014004,0.0,0,6.08653,144.231,1.66485,14.8641,-0.00351131,-0.01403190853769616,-0.20857169169516948,2.790853769615853e-05,-0.03259730830483051
40.96,-3.4,-0.00351131,14.8536,0.71452,-0.259529,-0.016298,0.0,0,6.05864,144.527,1.66457,14.8536,-0.00351131,-0.014022100595017815,-0.20827867339815662,-0.0022758994049821846,-0.05125032660184339
40.98,-3.38761,-0.00349852,14.8613,0.719631,-0.276766,-0.0136496,0.0,0,6.03085,144.823,1.66429,14.8613,-0.00349852,-0.013978190776824098,-0.20773408659161596,0.00032859077682409824,-0.06903191340838405
41.0,-3.31415,-0.00342265,14.8631,0.716716,-0.289086,-0.0156849,0.0,0,6.00313,145.119,1.66401,14.8631,-0.00342265,-0.013676691857310805,-0.2032780387443962,-0.0020082081426891964,-0.0858079612556038
41.02,-3.4,-0.00351131,14.8525,0.705667,-0.292932,-0.0164329,0.0,0,5.97549,145.415,1.66374,14.8525,-0.00351131,-0.014021073083565169,-0.20824798797365165,-0.0024118269164348314,-0.08468401202634837
41.04,-3.3,-0.00340804,14.8504,0.688501,-0.286298,-0.015,0.0,0,5.94795,145.711,1.66345,14.8504,-0.00340804,-0.013606796681023816,-0.20206637343187608,-0.0013932033189761831,-0.08423162656812391
41.06,-3.28581,-0.00339339,14.8906,0.669678,-0.269523,-0.0163703,0.0,0,5.92049,146.007,1.66318,14.8906,-0.00339339,-0.013584593705180066,-0.2022827510263543,-0.0027857062948199347,-0.06724024897364572
41.08,-3.20912,-0.00331419,15.0179,0.65206,-0.245004,-0.0184182,0.0,0,5.89305,146.304,1.66291,15.0179,-0.00331419,-0.01337974509978265,-0.20093567393402584,-0.00503845490021735,-0.04406832606597416
41.1,-3.2,-0.00330477,14.9876,0.633245,-0.215176,-0.0175442,0.0,0,5.86545,146.603,1.66264,14.9876,-0.00330477,-0.013315085372818919,-0.19956117353366085,-0.0042291146271810805,-0.01561482646633916
41.12,-3.0,-0.00309822,15.0089,0.610598,-0.18079,-0.0182688,0.0,0,5.83798,146.902,1.66238,15.0089,-0.00309822,-0.012500429648901037,-0.1876176985573908,-0.005768370351098964,0.006827698557390793
41.14,-3.1,-0.00320149,15.0441,0.5859,-0.140382,-0.0160068,0.0,0,5.81056,147.201,1.66213,15.0441,-0.00320149,-0.012947065312762717,-0.1947769452717336,-0.003059734687237284,0.05439494527173358
41.16,-3.08792,-0.00318901,15.0289,0.562245,-0.0919739,-0.0171933,0.0,0,5.78314,147.501,1.66187,15.0289,-0.00318901,-0.012883704905782358,-0.19362791265851248,-0.0043095950942176435,0.10165401265851248
41.18,-2.98804,-0.00308587,15.1431,0.542512,-0.0381305,-0.0192326,0.0,0,5.75583,147.8,1.66161,15.1431,-0.00308587,-0.012560715686716104,-0.19020817371551063,-0.006671884313283895,0.15207767371551062
41.2,-2.8,-0.00289167,15.2035,0.529893,0.012971,-0.0148,0.0,0,5.7284,148.102,1.66136,15.2035,-0.00289167,-0.011816671316503678,-0.17965476236046368,-0.0029833286834963224,0.1926257623604637
41.22,-2.8,-0.00289167,15.1725,0.526117,0.0522666,-0.0155205,0.0,0,5.70092,148.405,1.66113,15.1725,-0.00289167,-0.011792841463737188,-0.17892688710855248,-0.003727658536262812,0.23119348710855248
41.24,-2.60285,-0.00268807,15.2163,0.53237,0.0703999,-0.0151971,0.0,0,5.67357,148.707,1.6609,15.2163,-0.00268807,-0.010993811680859738,-0.16728513667946604,-0.004203288319140262,0.23768503667946606
41.26,-2.59223,-0.0026771,15.1795,0.548733,0.0589536,-0.0125068,0.0,0,5.64621,149.01,1.66068,15.1795,-0.0026771,-0.010922757084460392,-0.16580199116356653,-0.0015840429155396085,0.22475559116356653
41.28,-2.16097,-0.00223172,15.1547,0.568718,0.0199097,-0.0123561,0.0,0,5.61898,149.313,1.66047,15.1547,-0.00223172,-0.009090854901820647,-0.13776917878062137,-0.0032652450981793535,0.15767887878062137
41.3,-1.66874,-0.00172337,15.1766,0.580717,-0.0290194,-0.0148124,0.0,0,5.59185,149.615,1.66031,15.1766,-0.00172337,-0.007030132879838162,-0.10669351466415185,-0.007782267120161838,0.07767411466415185
41.32,-1.15005,-0.00118771,15.1575,0.576247,-0.0627279,-0.0111671,0.0,0,5.56473,149.917,1.66019,15.1575,-0.00118771,-0.0048389849635938845,-0.07334691458567431,-0.006328115036406115,0.01061901458567431
41.34,-0.390018,-0.000402787,15.0869,0.555377,-0.0651381,-0.0102532,0.0,0,5.53767,150.219,1.66012,15.0869,-0.000402787,-0.0016334793120563126,-0.02464413903306238,-0.008619720687943687,-0.04049396096693762
41.36,0.2,0.000206548,15.1547,0.528093,-0.0364241,-0.012428,0.0,0,5.51075,150.52,1.66011,15.1547,0.000206548,0.0008413666623162669,0.01275065935740433,-0.013269366662316267,-0.04917475935740433
41.38,0.2,0.000206548,15.3498,0.506838,0.0184733,-0.00902955,0.0,0,5.4837,150.822,1.66014,15.3498,0.000206548,0.0008520775880829557,0.013079220561555754,-0.009881627588082956,0.0053940794384442475
41.4,0.2,0.000206548,15.1956,0.495134,0.097352,-0.0064946,0.0,0,5.45629,151.128,1.66016,15.1956,0.000206548,0.00084361243698904,0.012819197147510657,-0.00733821243698904,0.08453280285248933
41.42,0.0733842,7.57867e-05,15.1824,0.489591,0.193823,-0.00973308,0.0,0,5.42916,151.43,1.66017,15.1824,7.57867e-05,0.00030927277689666964,0.004695503007955997,-0.01004235277689667,0.189127496992044
41.44,-0.395583,-0.000408534,15.2109,0.489029,0.296233,-0.00961472,0.0,0,5.40205,151.733,1.66017,15.2109,-0.000408534,-0.0016702537359585172,-0.02540606255229141,-0.007944466264041484,0.3216390625522914
41.46,-0.918654,-0.00094873,15.2792,0.493312,0.392001,-0.00989846,0.0,0,5.37489,152.036,1.66011,15.2792,-0.00094873,-0.0038960198234872906,-0.05952806608702701,-0.0060024401765127085,0.451529066087027
41.48,-1.0,-0.00103274,15.3227,0.498304,0.466234,-0.0122069,0.0,0,5.34764,152.341,1.66002,15.3227,-0.00103274,-0.0042529518550706216,-0.0651667053896906,-0.007953948144929378,0.5314007053896905
41.5,-0.985953,-0.00101823,15.3739,0.49923,0.50269,-0.0183719,0.0,0,5.32034,152.646,1.65993,15.3739,-0.00101823,-0.004207051768081464,-0.06467879317730763,-0.014164848231918537,0.5673687931773076
41.52,-0.783753,-0.000809413,15.5002,0.495199,0.494126,-0.015605,0.0,0,5.29297,152.952,1.65985,15.5002,-0.000809413,-0.0033714368170466064,-0.052257944951585804,-0.012233563182953395,0.5463839449515858
41.54,-0.29548,-0.000305153,15.5023,0.487274,0.451442,-0.015,0.0,0,5.2654,153.261,1.6598,15.5023,-0.000305153,-0.001271219582889837,-0.01970682733983312,-0.013728780417110162,0.47114882733983315
41.56,0.225281,0.000232657,15.4559,0.477516,0.398854,-0.0156989,0.0,0,5.23783,153.57,1.6598,15.4559,0.000232657,0.0009663446813594988,0.014935726760624277,-0.016665244681359496,0.3839182732393757
41.58,0.718093,0.000741603,15.4608,0.469518,0.3595,-0.0145949,0.0,0,5.21034,153.878,1.65984,15.4608,0.000741603,0.003081226210747089,0.0476382221991186,-0.017676126210747087,0.31186177780088137
41.6,1.43121,0.00147807,15.4519,0.463729,0.343943,-0.0131191,0.0,0,5.18283,154.186,1.65993,15.4519,0.00147807,0.006137621683231478,0.09483791648712447,-0.019256721683231476,0.24910508351287552
41.62,1.91878,0.00198159,15.444,0.455746,0.350429,-0.0100873,0.0,0,5.15529,154.494,1.66008,15.444,0.00198159,0.008224312324623952,0.12701627954149233,-0.01831161232462395,0.22341272045850766
41.64,2.1,0.00216875,15.4676,0.442338,0.374771,-0.00701922,0.0,0,5.12771,154.802,1.66026,15.4676,0.00216875,0.009014694118366839,0.13943568274525092,-0.01603391411836684,0.2353353172547491
41.66,2.21226,0.00228469,15.5073,0.423638,0.414042,-0.0024,0.0,0,5.10004,155.11,1.66044,15.5073,0.00228469,0.009520711436573405,0.1476405284603748,-0.011920711436573405,0.26640147153962523
41.68,2.3,0.0023753,15.5363,0.401144,0.46152,-0.00262148,0.0,0,5.07223,155.419,1.66064,15.5363,0.0023753,0.009916599067536572,0.15406725809296845,-0.01253807906753657,0.30745274190703153
41.7,2.3,0.0023753,15.5378,0.378301,0.507226,-0.00338329,0.0,0,5.04432,155.729,1.66084,15.5378,0.0023753,0.009917545492913354,0.15409683835978913,-0.013300835492913355,0.3531291616402108
41.72,2.3,0.0023753,15.516,0.359165,0.544247,-0.00255111,0.0,0,5.01633,156.038,1.66104,15.516,0.0023753,0.009903790466583956,0.15366721287951668,-0.012454900466583957,0.39057978712048336
41.74,2.39875,0.00247728,15.5056,0.345645,0.571442,-0.00281002,0.0,0,4.98833,156.347,1.66124,15.5056,0.00247728,0.010322152789621461,0.16005117229475452,-0.013132172789621461,0.4113908277052455
41.76,2.5,0.00258185,15.5016,0.337872,0.591382,-0.000949538,0.0,0,4.96028,156.656,1.66145,15.5016,0.00258185,0.01075512600014715,0.16672166120388104,-0.01170466400014715,0.4246603387961189
41.78,2.5,0.00258185,15.4889,0.334519,0.606072,-0.0026,0.0,0,4.93217,156.965,1.66167,15.4889,0.00258185,0.010746415323181224,0.16645015229922164,-0.013346415323181223,0.4396218477007784
41.8,2.6,0.00268512,15.5028,0.332505,0.616411,-0.00167595,0.0,0,4.90402,157.274,1.66189,15.5028,0.00268512,0.011186172369462566,0.17341699300930427,-0.012862122369462567,0.4429940069906958
41.82,2.71217,0.00280096,15.5038,0.328802,0.624214,0.000254016,0.0,0,4.87577,157.582,1.66212,15.5038,0.00280096,0.011669506735964877,0.18092169853305226,-0.011415490735964878,0.44329230146694776
41.84,2.8,0.00289167,15.5218,0.322609,0.628836,-0.00388291,0.0,0,4.84745,157.891,1.66236,15.5218,0.00289167,0.012061256379420694,0.18721240927009214,-0.015944166379420692,0.4416235907299078
41.86,2.91628,0.00301176,15.5588,0.313954,0.626166,-0.00497205,0.0,0,4.81902,158.2,1.66261,15.5588,0.00301176,0.012591759222568447,0.19591266339209795,-0.01756380922256845,0.43025333660790205
41.88,3.11215,0.00321403,15.5616,0.301449,0.614562,-0.00350284,0.0,0,4.79045,158.51,1.66287,15.5616,0.00321403,0.013439818599584517,0.20914508111929442,-0.016942658599584517,0.40541691888070563
41.9,3.31239,0.00342084,15.5271,0.284998,0.595163,-0.0029487,0.0,0,4.76179,158.82,1.66315,15.5271,0.00342084,0.014273274916385487,0.22162256695420912,-0.017221974916385486,0.3735404330457909
41.92,3.6,0.00371786,15.5157,0.267033,0.568548,-0.00345961,0.0,0,4.7331,159.13,1.66344,15.5157,0.00371786,0.01550132743560701,0.24051394609264767,-0.01896093743560701,0.3280340539073524
41.94,3.79878,0.00392315,15.5028,0.24852,0.538447,-0.00120855,0.0,0,4.70433,159.439,1.66377,15.5028,0.00392315,0.01634383260710647,0.25337516814145017,-0.017552382607106468,0.28507183185854984
41.96,4.0186,0.00415016,15.5078,0.229273,0.514358,0.000785959,0.0,0,4.67549,159.747,1.6641,15.5078,0.00415016,0.017295078673645662,0.2682086210551622,-0.016509119673645663,0.2461493789448378
41.98,4.31178,0.00445294,15.5026,0.210595,0.505258,-0.000352881,0.0,0,4.64654,160.056,1.66446,15.5026,0.00445294,0.018550727211897745,0.28758450367516597,-0.018903608211897745,0.21767349632483401
42.0,4.512,0.00465972,15.5019,0.192895,0.512816,0.0028,0.0,0,4.61747,160.365,1.66485,15.5019,0.00465972,0.019411308126578975,0.3009121574474146,-0.016611308126578975,0.21190384255258543
42.02,4.71376,0.00486808,15.5345,0.173976,0.531023,0.00282751,0.0,0,4.58829,160.674,1.66525,15.5345,0.00486808,0.02032145807308431,0.3156836904363282,-0.01749394807308431,0.2153393095636718
42.04,4.89988,0.00506029,15.55,0.151677,0.550967,0.00280025,0.0,0,4.55893,160.983,1.66566,15.55,0.00506029,0.021144673085805914,0.328799666484282,-0.018344423085805913,0.222167333515718
42.06,5.01096,0.00517502,15.5472,0.126121,0.566322,0.00306307,0.0,0,4.5294,161.293,1.6661,15.5472,0.00517502,0.021620237635937713,0.3361341585734508,-0.01855716763593771,0.2301878414265492
42.08,5.2,0.00537024,15.5469,0.0986961,0.57477,0.0064,0.0,0,4.49974,161.602,1.66654,15.5469,0.00537024,0.0224354166798211,0.3488011795795107,-0.0160354166798211,0.22596882042048932
42.1,5.3,0.00547352,15.5371,0.070712,0.576242,0.007,0.0,0,4.46994,161.912,1.66699,15.5371,0.00547352,0.02285265277858613,0.3550639514861706,-0.01585265277858613,0.22117804851382944
42.12,5.3,0.00547352,15.5141,0.0440868,0.572838,0.00906966,0.0,0,4.44002,162.221,1.66746,15.5141,0.00547352,0.022819211275757364,0.3540195256532273,-0.013749551275757364,0.21881847434677265
42.14,5.30371,0.00547735,15.5163,0.0213392,0.569157,0.0100519,0.0,0,4.41001,162.53,1.66792,15.5163,0.00547735,0.02283838000430756,0.3543671556608374,-0.012786480004307559,0.21478984433916265
42.16,5.4,0.00557679,15.4943,0.00400022,0.56925,0.0108,0.0,0,4.37984,162.839,1.66838,15.4943,0.00557679,0.02322042141420625,0.3597841755181359,-0.01242042141420625,0.20946582448186413
42.18,5.4,0.00557679,15.4929,-0.00834058,0.574759,0.0114,0.0,0,4.34958,163.147,1.66885,15.4929,0.00557679,0.02321834729058985,0.35971953273837953,-0.01181834729058985,0.2150394672616205
42.2,5.4,0.00557679,15.5142,-0.0175513,0.586476,0.0125555,0.0,0,4.31917,163.455,1.66931,15.5142,0.00557679,0.023249902902130894,0.3607036436042391,-0.010694402902130893,0.22577235639576088
42.22,5.4,0.00557679,15.5183,-0.0254461,0.603991,0.011907,0.0,0,4.28858,163.764,1.66978,15.5183,0.00557679,0.023255976815463427,0.3608932250154061,-0.011348976815463428,0.24309777498459384
42.24,5.4,0.00557679,15.5002,-0.0332746,0.625201,0.0094553,0.0,0,4.25784,164.073,1.67025,15.5002,0.00557679,0.023229162292852115,0.36005666137166636,-0.013773862292852115,0.26514433862833364
42.26,5.4,0.00557679,15.4893,-0.0429041,0.648933,0.0112308,0.0,0,4.22699,164.381,1.67072,15.4893,0.00557679,0.023213013800246037,0.35955333465615097,-0.011982213800246036,0.289379665343849
42.28,5.4,0.00557679,15.4609,-0.0563804,0.675163,0.0116757,0.0,0,4.19602,164.69,1.67118,15.4609,0.00557679,0.023170936993291254,0.3582435397595768,-0.011495236993291254,0.31691946024042317
42.3,5.4,0.00557679,15.4579,-0.0734176,0.701774,0.00910061,0.0,0,4.16496,164.997,1.67165,15.4579,0.00557679,0.02316649210539155,0.35810531831593206,-0.01406588210539155,0.34366868168406794
42.32,5.4,0.00557679,15.4554,-0.0911722,0.724772,0.00906627,0.0,0,4.13376,165.305,1.67211,15.4554,0.00557679,0.023162788009566403,0.35799015380305255,-0.014096518009566404,0.3667818461969474
42.34,5.4,0.00557679,15.4839,-0.10724,0.741547,0.00898457,0.0,0,4.10243,165.612,1.67258,15.4839,0.00557679,0.02320501348478448,0.3593041082970544,-0.01422044348478448,0.38224289170294556
42.36,5.4,0.00557679,15.5123,-0.121543,0.750798,0.00847686,0.0,0,4.07089,165.92,1.67305,15.5123,0.00557679,0.023247088143022787,0.3606158054010124,-0.014770228143022788,0.39018219459898756
42.38,5.4,0.00557679,15.4884,-0.134597,0.752021,0.00790582,0.0,0,4.03915,166.229,1.67352,15.4884,0.00557679,0.023211680420997312,0.3595117910325748,-0.015305860420997313,0.39250920896742525
42.4,5.4,0.00557679,15.4707,-0.145378,0.748318,0.00703111,0.0,0,4.00732,166.537,1.67398,15.4707,0.00557679,0.02318545675441174,0.35869524581047774,-0.01615434675441174,0.3896227541895223
42.42,5.4,0.00557679,15.4478,-0.152135,0.745617,0.0079352,0.0,0,3.97538,166.845,1.67445,15.4478,0.00557679,0.02315152743226409,0.35764016546812927,-0.01521632743226409,0.3879768345318707
42.44,5.4,0.00557679,15.4557,-0.154076,0.74754,0.00639282,0.0,0,3.94335,167.152,1.67491,15.4557,0.00557679,0.023163232502148925,0.35800397258346317,-0.016770412502148925,0.3895360274165368
42.46,5.4,0.00557679,15.4974,-0.151874,0.753609,0.0071007,0.0,0,3.91115,167.46,1.67538,15.4974,0.00557679,0.02322501409354349,0.3599273334132809,-0.016124314093543493,0.39368166658671905
42.48,5.4,0.00557679,15.4543,-0.14761,0.76077,0.00602955,0.0,0,3.87873,167.768,1.67585,15.4543,0.00557679,0.023161158200902515,0.3579394871842077,-0.017131608200902516,0.40283051281579224
42.5,5.4,0.00557679,15.4957,-0.143717,0.764228,0.00788648,0.0,0,3.84625,168.075,1.67631,15.4957,0.00557679,0.023222495531372095,0.35984882400548257,-0.015336015531372095,0.40437917599451745
42.52,5.4,0.00557679,15.5116,-0.142338,0.758009,0.00698775,0.0,0,3.81354,168.383,1.67678,15.5116,0.00557679,0.023246051123510948,0.3605834466074524,-0.016258301123510947,0.39742555339254765
42.54,5.4,0.00557679,15.5167,-0.145929,0.737925,0.00641479,0.0,0,3.78065,168.692,1.67725,15.5167,0.00557679,0.023253606514412682,0.36081923620218725,-0.016838816514412682,0.3771057637978128
42.56,5.4,0.00557679,15.5157,-0.155788,0.70559,0.00842682,0.0,0,3.74761,169.0,1.67772,15.5157,0.00557679,0.02325212507197155,0.36077299697918896,-0.014825305071971549,0.3448170030208111
42.58,5.4,0.00557679,15.5001,-0.169031,0.667823,0.00958937,0.0,0,3.71443,169.309,1.67818,15.5001,0.00557679,0.02322901414332124,0.36005204212289355,-0.01363964414332124,0.3077709578771065
42.6,5.4,0.00557679,15.4798,-0.177825,0.631189,0.00877924,0.0,0,3.68113,169.617,1.67865,15.4798,0.00557679,0.02319893910713885,0.35911493759068797,-0.014419699107138851,0.27207406240931203
42.62,5.3,0.00547352,15.4709,-0.173612,0.599644,0.0096,0.0,0,3.64774,169.925,1.67911,15.4709,0.00547352,0.022756394786970526,0.3520619081097423,-0.013156394786970527,0.24758209189025765
42.64,5.3,0.00547352,15.445,-0.15605,0.577214,0.0107569,0.0,0,3.61422,170.232,1.67957,15.445,0.00547352,0.022718731088085975,0.3508908016554879,-0.011961831088085975,0.2263231983445121
42.66,5.3,0.00547352,15.4387,-0.13586,0.56737,0.0094,0.0,0,3.58062,170.539,1.68003,15.4387,0.00547352,0.022709569321052506,0.35060622787693335,-0.013309569321052506,0.2167637721230667
42.68,5.3,0.00547352,15.4359,-0.12517,0.569213,0.00953273,0.0,0,3.54689,170.846,1.68048,15.4359,0.00547352,0.022705497383580152,0.3504797870632049,-0.013172767383580152,0.2187332129367951
42.7,5.2,0.00537024,15.4326,-0.128694,0.57872,0.0100668,0.0,0,3.51303,171.153,1.68094,15.4326,0.00537024,0.022272349864682392,0.3437202665216975,-0.012205549864682391,0.2349997334783025
42.72,5.2,0.00537024,15.4187,-0.144309,0.592393,0.00909234,0.0,0,3.47904,171.46,1.68138,15.4187,0.00537024,0.022252516523330972,0.34310487651828325,-0.013160176523330971,0.2492881234817167
42.74,5.2,0.00537024,15.4084,-0.166096,0.607012,0.00780745,0.0,0,3.44494,171.766,1.68183,15.4084,0.00537024,0.02223781948155104,0.34264921769953105,-0.01443036948155104,0.26436278230046895
42.76,5.1,0.00526697,15.4039,-0.18689,0.618787,0.00740966,0.0,0,3.41073,172.072,1.68228,15.4039,0.00526697,0.02180387938584643,0.3358647776716398,-0.01439421938584643,0.2829222223283602
42.78,5.00006,0.00516376,15.4167,-0.201082,0.625311,0.00800026,0.0,0,3.37639,172.379,1.68271,15.4167,0.00516376,0.021394171442557598,0.3298275228784777,-0.013393911442557598,0.29548347712152223
42.8,4.88341,0.00504329,15.3854,-0.2057,0.62714,0.00786727,0.0,0,3.3419,172.685,1.68314,15.3854,0.00504329,0.02085309511828497,0.3208332096328616,-0.01298582511828497,0.3063067903671384
42.82,4.7,0.00485387,15.378,-0.201288,0.626341,0.00848159,0.0,0,3.30734,172.991,1.68355,15.378,0.00485387,0.020060320618288278,0.30848761046803713,-0.011578730618288277,0.3178533895319629
42.84,4.69503,0.00484874,15.384,-0.192761,0.624107,0.0077503,0.0,0,3.27268,173.296,1.68395,15.384,0.00484874,0.020046849296823935,0.30840072958233944,-0.012296549296823936,0.31570627041766053
42.86,4.6,0.0047506,15.4113,-0.186857,0.620211,0.0064,0.0,0,3.23788,173.602,1.68435,15.4113,0.0047506,0.019675549416788604,0.3032257947269542,-0.013275549416788605,0.31698520527304574
42.88,4.6,0.0047506,15.4121,-0.187648,0.614315,0.00653777,0.0,0,3.2029,173.908,1.68474,15.4121,0.0047506,0.019676559223675377,0.3032570984112073,-0.013138789223675377,0.31105790158879276
42.9,4.6,0.0047506,15.3773,-0.194419,0.607376,0.00733093,0.0,0,3.1678,174.214,1.68514,15.3773,0.0047506,0.019632630975227435,0.30189685629536483,-0.012301700975227436,0.3054791437046352
42.92,4.6,0.0047506,15.3715,-0.202959,0.602239,0.00702055,0.0,0,3.13265,174.52,1.68553,15.3715,0.0047506,0.019625309272600075,0.30167044148377203,-0.012604759272600075,0.30056855851622793
42.94,4.5,0.00464733,15.3576,-0.209423,0.603015,0.0084,0.0,0,3.0974,174.825,1.68593,15.3576,0.00464733,0.0191815163012622,0.2945820547482643,-0.010781516301262199,0.30843294525173565
42.96,4.5,0.00464733,15.3374,-0.213929,0.611822,0.00809549,0.0,0,3.06206,175.13,1.68631,15.3374,0.00464733,0.01915656942932439,0.29381196796531994,-0.01106107942932439,0.31801003203468003
42.98,4.5,0.00464733,15.3529,-0.219614,0.626107,0.00685337,0.0,0,3.02665,175.435,1.6867,15.3529,0.00464733,0.0191757119300574,0.2944027876909783,-0.0123223419300574,0.3317042123090217
43.0,4.5,0.00464733,15.3558,-0.228927,0.640942,0.00745695,0.0,0,2.99109,175.74,1.68708,15.3558,0.00464733,0.0191792933576844,0.29451339294193013,-0.011722343357684399,0.3464286070580699
43.02,4.5,0.00464733,15.3588,-0.242042,0.65223,0.00586493,0.0,0,2.95541,176.045,1.68747,15.3588,0.00464733,0.019182998258752738,0.29462783365653156,-0.013318068258752737,0.3576021663434684
43.04,4.49581,0.004643,15.3639,-0.256829,0.656861,0.00485024,0.0,0,2.9196,176.35,1.68785,15.3639,0.004643,0.019171417268516476,0.2945477377717603,-0.014321177268516477,0.36231326222823973
43.06,4.4,0.00454405,15.3659,-0.269633,0.653076,0.00637255,0.0,0,2.88366,176.655,1.68824,15.3659,0.00454405,0.018765252013000458,0.2883449859065637,-0.012392702013000457,0.3647310140934363
43.08,4.29008,0.00443053,15.3546,-0.277185,0.641534,0.0072,0.0,0,2.8476,176.96,1.68861,15.3546,0.00443053,0.018283146012403675,0.28073039376205344,-0.011083146012403676,0.3608036062379466
43.1,4.08207,0.00421572,15.3366,-0.277911,0.62415,0.00691315,0.0,0,2.81145,177.265,1.68897,15.3366,0.00421572,0.017376529038219738,0.2664968752475608,-0.010463379038219738,0.35765312475243916
43.12,3.88821,0.00401551,15.3412,-0.272495,0.603216,0.00534149,0.0,0,2.77524,177.57,1.68931,15.3412,0.00401551,0.01655619479621698,0.25399189560772395,-0.01121470479621698,0.349224104392276
43.14,3.70362,0.00382487,15.3335,-0.263901,0.582565,0.0064,0.0,0,2.73892,177.874,1.68964,15.3335,0.00382487,0.015762339814138736,0.24169183754009632,-0.009362339814138736,0.3408731624599037
43.16,3.38592,0.00349677,15.3441,-0.25566,0.565909,0.0057155,0.0,0,2.70252,178.179,1.68994,15.3441,0.00349677,0.014420073950013402,0.22126305669640062,-0.008704573950013401,0.3446459433035994
43.18,3.18879,0.00329319,15.3389,-0.249644,0.553198,0.00466553,0.0,0,2.66601,178.483,1.69022,15.3389,0.00329319,0.013575988249447692,0.20824072615945322,-0.008910458249447691,0.34495727384054675
43.2,2.88428,0.00297871,15.3389,-0.245139,0.541396,0.00309431,0.0,0,2.62943,178.788,1.69048,15.3389,0.00297871,0.012279554283634614,0.18835485520124298,-0.009185244283634614,0.35304114479875703
43.22,2.6831,0.00277094,15.3358,-0.23937,0.527276,0.00279716,0.0,0,2.59277,179.092,1.69072,15.3358,0.00277094,0.011420747557565343,0.17514630039331058,-0.008623587557565343,0.3521296996066894
43.24,2.49618,0.0025779,15.3027,-0.229682,0.508573,0.00176181,0.0,0,2.55604,179.397,1.69094,15.3027,0.0025779,0.010602430650740673,0.1622458155190893,-0.008840620650740674,0.34632718448091077
43.26,2.28818,0.00236309,15.3018,-0.2157,0.485252,-0.000223641,0.0,0,2.51934,179.701,1.69114,15.3018,0.00236309,0.009718387787400883,0.14870882624525084,-0.009942028787400883,0.3365431737547492
43.28,2.09328,0.00216181,15.332,-0.19902,0.459117,-8.06977e-05,0.0,0,2.48257,180.004,1.69133,15.332,0.00216181,0.008907956260579974,0.13657678538721216,-0.008988653960579974,0.3225402146127878
43.3,1.9,0.0019622,15.2933,-0.181714,0.431317,-0.000881962,0.0,0,2.44568,180.309,1.6915,15.2933,0.0019622,0.008065259732617456,0.12334443666883854,-0.008947221732617456,0.30797256333116146
43.32,1.9,0.0019622,15.2805,-0.165254,0.401949,-0.000913776,0.0,0,2.40883,180.612,1.69166,15.2805,0.0019622,0.008058584449546756,0.12313919968129922,-0.008972360449546756,0.2788098003187008
43.34,1.9,0.0019622,15.3165,-0.150155,0.372157,-0.00140195,0.0,0,2.37196,180.916,1.69182,15.3165,0.0019622,0.008077358205550939,0.12371685695532095,-0.00947930820555094,0.24844014304467907
43.36,1.9,0.0019622,15.3205,-0.137214,0.344959,-0.00373306,0.0,0,2.33495,181.22,1.69198,15.3205,0.0019622,0.008079444086887658,0.12378112313316236,-0.011812504086887658,0.22117787686683765
43.38,1.80359,0.00186264,15.3032,-0.128261,0.323604,-0.00295687,0.0,0,2.29789,181.524,1.69215,15.3032,0.00186264,0.007660936648424077,0.11723684571816333,-0.010617806648424077,0.20636715428183666
43.4,1.7,0.00175566,15.2843,-0.124617,0.310837,-0.000743019,0.0,0,2.26082,181.828,1.6923,15.2843,0.00175566,0.007212113964652186,0.1102321134699334,-0.007955132964652186,0.20060488653006658
43.42,1.6,0.00165238,15.2589,-0.12634,0.308756,-0.00189287,0.0,0,2.22375,182.131,1.69244,15.2589,0.00165238,0.006776691879939209,0.1034048637268044,-0.00866956187993921,0.20535113627319557
43.44,1.5015,0.00155065,15.2335,-0.132365,0.316418,-0.00121795,0.0,0,2.18671,182.434,1.69257,15.2335,0.00155065,0.006349010195310965,0.09671764681026958,-0.007566960195310965,0.2197003531897304
43.46,1.4,0.00144583,15.252,-0.139712,0.329623,-0.000545542,0.0,0,2.14968,182.736,1.69269,15.252,0.00144583,0.005926942250241187,0.0903977232006786,-0.006472484250241188,0.2392252767993214
43.48,1.3,0.00134256,15.2451,-0.144389,0.344195,-0.0013078,0.0,0,2.11258,183.039,1.69281,15.2451,0.00134256,0.005501141076113619,0.08386544581945973,-0.0068089410761136195,0.26032955418054027
43.5,1.3,0.00134256,15.2561,-0.144201,0.356844,-0.00137163,0.0,0,2.07545,183.342,1.69291,15.2561,0.00134256,0.005505066414048569,0.08398584371936638,-0.00687669641404857,0.2728581562806336
43.52,1.3,0.00134256,15.2961,-0.1395,0.364356,-0.00267478,0.0,0,2.03827,183.644,1.69303,15.2961,0.00134256,0.005519339573511954,0.0844243700503962,-0.008194119573511953,0.2799316299496038
43.54,1.29768,0.00134017,15.2831,-0.131632,0.365123,-0.00240464,0.0,0,2.00096,183.948,1.69314,15.2831,0.00134017,0.0055048837554727455,0.08413168892326552,-0.007909523755472745,0.2809913110767345
43.56,1.2,0.00123929,15.2603,-0.122076,0.360719,-0.00391876,0.0,0,1.96364,184.251,1.69324,15.2603,0.00123929,0.0050829985429680724,0.07756808266525568,-0.009001758542968072,0.28315091733474435
43.58,1.2,0.00123929,15.2474,-0.112397,0.353882,-0.00359593,0.0,0,1.92635,184.554,1.69335,15.2474,0.00123929,0.005078749313420458,0.07743772228144709,-0.008674679313420457,0.2764442777185529
43.6,1.1,0.00113601,15.2327,-0.103048,0.346433,-0.00296704,0.0,0,1.88906,184.857,1.69345,15.2327,0.00113601,0.004651057173676548,0.07084815860946275,-0.007618097173676548,0.27558484139053724
43.62,1.0,0.00103274,15.2226,-0.0925053,0.34119,-0.00276204,0.0,0,1.85178,185.159,1.69353,15.2226,0.00103274,0.00422547578264702,0.06432272764892254,-0.00698751578264702,0.27686727235107744
43.64,1.0,0.00103274,15.1733,-0.0791611,0.342575,-0.00278352,0.0,0,1.8145,185.461,1.69362,15.1733,0.00103274,0.004211941402192972,0.06390905047789462,-0.006995461402192971,0.2786659495221054
43.66,0.9,0.000929465,15.225,-0.063313,0.351667,-0.00375948,0.0,0,1.77731,185.763,1.6937,15.225,0.000929465,0.003803516808933803,0.05790854341601715,-0.0075629968089338025,0.29375845658398286
43.68,0.8,0.000826191,15.2253,-0.0467827,0.363072,-0.00604372,0.0,0,1.73997,186.065,1.69377,15.2253,0.000826191,0.003380969054599189,0.05147626814698904,-0.00942468905459919,0.311595731853011
43.7,0.6883,0.000710834,15.2319,-0.0320035,0.370303,-0.0052468,0.0,0,1.70261,186.367,1.69384,15.2319,0.000710834,0.002910147793288907,0.0443270801725973,-0.008156947793288908,0.3259759198274027
43.72,0.586009,0.000605194,15.253,-0.0208257,0.370952,-0.00731193,0.0,0,1.66521,186.669,1.69389,15.253,0.000605194,0.002481052682775769,0.037843496570378804,-0.009792982682775769,0.33310850342962117
43.74,0.400699,0.000413818,15.2196,-0.0133124,0.364995,-0.0078014,0.0,0,1.62775,186.972,1.69393,15.2196,0.000413818,0.001692813888515813,0.02576395025765527,-0.009494213888515813,0.33923104974234475
43.76,0.190793,0.000197039,15.2435,-0.00875364,0.353401,-0.00691049,0.0,0,1.59036,187.274,1.69396,15.2435,0.000197039,0.0008072832474852964,0.012305822183042114,-0.007717773247485297,0.3410951778169579
43.78,-0.00208676,-2.15508e-06,15.222,-0.00704085,0.338342,-0.0078,0.0,0,1.5529,187.577,1.69397,15.222,-2.15508e-06,-8.817204862220946e-06,-0.00013421549241272724,-0.007791182795137778,0.3384762154924127
43.8,-0.209188,-0.000216036,15.1961,-0.00752826,0.321896,-0.00838162,0.0,0,1.5155,187.879,1.69396,15.1961,-0.000216036,-0.000882393378609338,-0.01340893802068536,-0.0074992266213906615,0.3353049380206854
43.82,-0.412683,-0.000426194,15.2359,-0.00754693,0.304966,-0.0089239,0.0,0,1.47817,188.18,1.69393,15.2359,-0.000426194,-0.0017452872302374785,-0.0265910217111752,-0.007178612769762522,0.33155702171117524
43.84,-0.59718,-0.000616731,15.2771,-0.00407523,0.286639,-0.00781692,0.0,0,1.44075,188.483,1.69389,15.2771,-0.000616731,-0.0025323002447581976,-0.038686204069195464,-0.005284619755241802,0.32532520406919546
43.86,-0.7,-0.000722917,15.2766,0.0033664,0.265006,-0.00939027,0.0,0,1.40324,188.786,1.69383,15.2766,-0.000722917,-0.0029682045073428525,-0.045344072976873824,-0.006422065492657147,0.31035007297687384
43.88,-0.8,-0.000826191,15.2901,0.0130093,0.239601,-0.0106311,0.0,0,1.36575,189.089,1.69377,15.2901,-0.000826191,-0.0033951988682185564,-0.05191293021494855,-0.007235901131781443,0.29151393021494854
43.9,-0.9,-0.000929465,15.268,0.0220096,0.211923,-0.00925399,0.0,0,1.32825,189.393,1.69369,15.268,-0.000929465,-0.0038141400224747653,-0.05823428986314472,-0.0054398499775252344,0.2701572898631447
43.92,-0.9,-0.000929465,15.2458,0.0267758,0.184055,-0.0111366,0.0,0,1.29083,189.696,1.69362,15.2458,-0.000929465,-0.003808655604358222,-0.05806600161292458,-0.0073279443956417775,0.24212100161292457
43.94,-1.0,-0.00103274,15.228,0.0257592,0.158597,-0.00957264,0.0,0,1.25349,189.999,1.69354,15.228,-0.00103274,-0.004226958161873973,-0.06436811888901686,-0.0053456818381260275,0.22296511888901685
43.96,-1.12715,-0.00116405,15.2348,0.02097,0.139247,-0.00939007,0.0,0,1.21621,190.301,1.69345,15.2348,-0.00116405,-0.004766508535133825,-0.0726168042310568,-0.004623561464866175,0.21186380423105683
43.98,-1.4,-0.00144583,15.2165,0.0147732,0.129052,-0.0101598,0.0,0,1.17895,190.603,1.69334,15.2165,-0.00144583,-0.00591329918975636,-0.08997971712092766,-0.00424650081024364,0.21903171712092767
44.0,-1.51347,-0.00156302,15.2127,0.00806835,0.127799,-0.00849635,0.0,0,1.14177,190.905,1.69322,15.2127,-0.00156302,-0.006391016425450588,-0.09722461557545216,-0.0021053335745494116,0.22502361557545214
44.02,-1.61648,-0.0016694,15.2343,0.00169329,0.132144,-0.0110637,0.0,0,1.10463,191.207,1.69308,15.2343,-0.0016694,-0.006835578265524785,-0.10413524997048422,-0.004228121734475215,0.23627924997048422
44.04,-1.80302,-0.00186205,15.2443,-0.0030039,0.138858,-0.0125456,0.0,0,1.06749,191.51,1.69294,15.2443,-0.00186205,-0.007629360208490435,-0.11630425582629074,-0.0049162397915095656,0.25516225582629076
44.06,-1.91354,-0.00197619,15.2302,-0.00512508,0.147949,-0.0115458,0.0,0,1.03036,191.812,1.69278,15.2302,-0.00197619,-0.008089619682045732,-0.1232065256814929,-0.0034561803179542685,0.2711555256814929
44.08,-2.1,-0.00216875,15.2237,-0.00524352,0.1613,-0.0116929,0.0,0,0.993326,192.115,1.69261,15.2237,-0.00216875,-0.008874127666364983,-0.13509705735444058,-0.002818772333635018,0.29639705735444055
44.1,-2.1,-0.00216875,15.1987,-0.00486015,0.178392,-0.0125378,0.0,0,0.956356,192.417,1.69243,15.1987,-0.00216875,-0.008859715211850963,-0.13465615359035923,-0.0036780847881490372,0.3130481535903592
44.12,-2.2,-0.00227203,15.2169,-0.00511915,0.196136,-0.0128469,0.0,0,0.919501,192.719,1.69225,15.2169,-0.00227203,-0.009292625132353259,-0.14140494737650633,-0.0035542748676467405,0.3375409473765063
44.14,-2.29642,-0.00237161,15.2221,-0.00637208,0.212558,-0.0137857,0.0,0,0.882659,193.021,1.69206,15.2221,-0.00237161,-0.009703187949446877,-0.1477028972852753,-0.004082512050553122,0.3602608972852753
44.16,-2.3,-0.0023753,15.1882,-0.00771442,0.226817,-0.0141418,0.0,0,0.845862,193.323,1.69186,15.1882,-0.0023753,-0.00969688038107736,-0.14727815860387916,-0.004444919618922639,0.37409515860387915
44.18,-2.4,-0.00247857,15.2171,-0.00765308,0.236315,-0.0147582,0.0,0,0.809207,193.624,1.69166,15.2171,-0.00247857,-0.01013751085648017,-0.1542635164541444,-0.0046206891435198304,0.39057851645414443
44.2,-2.4,-0.00247857,15.2564,-0.00618325,0.238359,-0.015114,0.0,0,0.772544,193.927,1.69146,15.2564,-0.00247857,-0.010163402413799968,-0.15505693258589784,-0.004950597586200032,0.3934159325858978
44.22,-2.4,-0.00247857,15.2594,-0.00486896,0.233999,-0.0151361,0.0,0,0.735847,194.229,1.69125,15.2594,-0.00247857,-0.010165378777190901,-0.15511758091266684,-0.004970721222809098,0.3891165809126669
44.24,-2.4,-0.00247857,15.1752,-0.00493947,0.226446,-0.0151947,0.0,0,0.699206,194.532,1.69105,15.1752,-0.00247857,-0.010109903926452043,-0.15341981406469504,-0.005084796073547957,0.37986581406469505
44.26,-2.4,-0.00247857,15.1904,-0.00624923,0.218432,-0.0172577,0.0,0,0.662828,194.834,1.69084,15.1904,-0.00247857,-0.010119919142224085,-0.15372561973804075,-0.007137780857775916,0.37215761973804073
44.28,-2.5,-0.00258185,15.2212,-0.00769166,0.214344,-0.0151549,0.0,0,0.626476,195.135,1.69064,15.2212,-0.00258185,-0.01056274836316221,-0.16077770538536465,-0.00459215163683779,0.37512170538536466
44.3,-2.5,-0.00258185,15.1861,-0.00830203,0.218516,-0.0159727,0.0,0,0.590113,195.438,1.69042,15.1861,-0.00258185,-0.010538658518223895,-0.1600411221235999,-0.005434041481776104,0.3785571221235999
44.32,-2.5,-0.00258185,15.1895,-0.00780598,0.228745,-0.0174,0.0,0,0.553898,195.739,1.69021,15.1895,-0.00258185,-0.010540992088079173,-0.1601123993218786,-0.006859007911920826,0.38885739932187857
44.34,-2.59679,-0.00268181,15.238,-0.00614645,0.237681,-0.0160449,0.0,0,0.517739,196.041,1.69,15.238,-0.00268181,-0.010983678048245798,-0.16736928609916946,-0.005061221951754203,0.4050502860991695
44.36,-2.68509,-0.002773,15.2801,-0.00320097,0.239242,-0.0175193,0.0,0,0.481531,196.343,1.68977,15.2801,-0.002773,-0.011388189181954873,-0.17401266951918865,-0.0061311108180451285,0.41325466951918866
44.38,-2.71031,-0.00279905,15.2738,0.00124649,0.23025,-0.0182,0.0,0,0.445293,196.647,1.68954,15.2738,-0.00279905,-0.011490485372327322,-0.17550337547985304,-0.006709514627672679,0.405753375479853
44.4,-2.9,-0.00299494,15.2524,0.00698643,0.210764,-0.019692,0.0,0,0.409139,196.95,1.68931,15.2524,-0.00299494,-0.012277610442590573,-0.18726302551456844,-0.007414389557409428,0.3980270255145685
44.42,-2.9,-0.00299494,15.2461,0.0121381,0.184517,-0.0171032,0.0,0,0.373111,197.253,1.68905,15.2461,-0.00299494,-0.01227259531879385,-0.18710921548986292,-0.004830604681206149,0.3716262154898629
44.44,-3.0,-0.00309822,15.2334,0.0143873,0.156362,-0.016851,0.0,0,0.337173,197.556,1.68881,15.2334,-0.00309822,-0.012685357649821304,-0.19324112722278786,-0.0041656423501786975,0.34960312722278786
44.46,-3.1,-0.00320149,15.2354,0.0138599,0.130485,-0.0168915,0.0,0,0.301341,197.858,1.68855,15.2354,-0.00320149,-0.013109891330050995,-0.19973443836985894,-0.003781608669949005,0.3302194383698589
44.48,-3.1,-0.00320149,15.2255,0.0121654,0.110179,-0.0172551,0.0,0,0.265584,198.161,1.68828,15.2255,-0.00320149,-0.013101466554250965,-0.19947637902174808,-0.0041536334457490335,0.3096553790217481
44.5,-3.1,-0.00320149,15.2381,0.00942697,0.0961084,-0.0185676,0.0,0,0.229931,198.463,1.68802,15.2381,-0.00320149,-0.013112188964562769,-0.19980484666090392,-0.0054554110354372316,0.2959132466609039
44.52,-3.2,-0.00330477,15.2614,0.00500004,0.0861324,-0.0183842,0.0,0,0.194328,198.766,1.68775,15.2614,-0.00330477,-0.013555657736429175,-0.2068783149787402,-0.004828542263570825,0.2930107149787402
44.54,-3.20319,-0.00330806,15.2691,0.000154698,0.0774465,-0.0181936,0.0,0,0.158753,199.069,1.68748,15.2691,-0.00330806,-0.013575923118775746,-0.20729212769289876,-0.004617676881224254,0.28473862769289876
44.56,-3.3,-0.00340804,15.2424,-0.00210193,0.0684884,-0.018228,0.0,0,0.123243,199.373,1.6872,15.2424,-0.00340804,-0.01396204748726751,-0.21281511261992628,-0.004265952512732492,0.28130351261992625
44.58,-3.3,-0.00340804,15.2131,0.000562546,0.0599441,-0.0178763,0.0,0,0.0878804,199.675,1.68692,15.2131,-0.00340804,-0.013935504728014142,-0.21200222697775195,-0.00394079527198586,0.27194632697775195
44.6,-3.3,-0.00340804,15.2038,0.00827882,0.0528723,-0.0173442,0.0,0,0.0526706,199.978,1.68664,15.2038,-0.00340804,-0.013927079538331768,-0.21174453188488854,-0.0034171204616682323,0.26461683188488855
44.62,-3.4,-0.00351131,15.2138,0.0189497,0.0463854,-0.0186,0.0,0,0.0175669,200.28,1.68636,15.2138,-0.00351131,-0.014358433424866169,-0.21844633443922892,-0.00424156657513383,0.2648317344392289
44.64,-3.4,-0.00351131,15.1835,0.0293718,0.0401312,-0.0185711,0.0,0,-0.0174734,200.582,1.68607,15.1835,-0.00351131,-0.014330151221789524,-0.21758185107604125,-0.0042409487782104766,0.25771305107604126
44.66,-3.4,-0.00351131,15.1948,0.0368916,0.0366175,-0.0174614,0.0,0,-0.0523567,200.884,1.68578,15.1948,-0.00351131,-0.01434069892840674,-0.21790405207735472,-0.003120701071593259,0.2545215520773547
44.68,-3.4,-0.00351131,15.2039,0.0397905,0.0388428,-0.0191827,0.0,0,-0.0871791,201.185,1.68549,15.2039,-0.00351131,-0.014349192910473586,-0.21816369409154937,-0.004833507089526415,0.25700649409154935
44.7,-3.4,-0.00351131,15.2062,0.0367168,0.0489205,-0.0166482,0.0,0,-0.121935,201.488,1.6852,15.2062,-0.00351131,-0.01435133971443399,-0.21822934196562616,-0.002296860285566008,0.26714984196562613
44.72,-3.3,-0.00340804,15.1972,0.0276761,0.067954,-0.0158346,0.0,0,-0.15661,201.79,1.68491,15.1972,-0.00340804,-0.013921100267831304,-0.2115617449902859,-0.0019134997321686963,0.2795157449902859
44.74,-3.3,-0.00340804,15.197,0.0153673,0.0942032,-0.0185428,0.0,0,-0.191178,202.092,1.68464,15.197,-0.00340804,-0.013920919076473586,-0.21155620720516907,-0.004621880923526415,0.3057594072051691
44.76,-3.3,-0.00340804,15.1858,0.00415908,0.124243,-0.0157284,0.0,0,-0.225662,202.394,1.68436,15.1858,-0.00340804,-0.013910772234447017,-0.21124620499786553,-0.0018176277655529826,0.33548920499786555
44.78,-3.3,-0.00340804,15.1808,-0.00208747,0.155641,-0.0166866,0.0,0,-0.260036,202.695,1.68408,15.1808,-0.00340804,-0.013906242314353738,-0.21110788332574124,-0.002780357685646261,0.36674888332574124
44.8,-3.28898,-0.00339666,15.1726,-0.00141115,0.185602,-0.0171322,0.0,0,-0.294313,202.997,1.6838,15.1726,-0.00339666,-0.013852402382904186,-0.21017696039485204,-0.0032797976170958146,0.39577896039485205
44.82,-3.2,-0.00330477,15.1826,0.00596756,0.210444,-0.0181058,0.0,0,-0.328489,203.299,1.68352,15.1826,-0.00330477,-0.01348643535138222,-0.2047591533658957,-0.004619364648617778,0.4152031533658957
44.84,-3.2,-0.00330477,15.2141,0.0179885,0.227441,-0.0172192,0.0,0,-0.362605,203.6,1.68325,15.2141,-0.00330477,-0.01351410816434647,-0.20560499302318364,-0.0037050918356535296,0.43304599302318364
44.86,-3.1,-0.00320149,15.2684,0.0315885,0.234381,-0.0185264,0.0,0,-0.39671,203.903,1.68298,15.2684,-0.00320149,-0.013137972599570993,-0.20059582083928976,-0.005388427400429005,0.4349768208392898
44.88,-3.1,-0.00320149,15.2313,0.0446084,0.229655,-0.018068,0.0,0,-0.430856,204.206,1.68272,15.2313,-0.00320149,-0.013106402303583434,-0.19962754540657035,-0.004961597696416567,0.42928254540657035
44.9,-3.0913,-0.00319251,15.241,0.0564893,0.214776,-0.0180522,0.0,0,-0.464841,204.509,1.68246,15.241,-0.00319251,-0.013077870651660647,-0.19931982660195993,-0.0049743293483393534,0.4140958266019599
44.92,-3.0,-0.00309822,15.2247,0.0664945,0.19499,-0.0174719,0.0,0,-0.498768,204.812,1.68219,15.2247,-0.00309822,-0.012678192855175683,-0.19302168276219323,-0.004793707144824315,0.3880116827621932
44.94,-3.0,-0.00309822,15.2195,0.0735507,0.176819,-0.0185859,0.0,0,-0.532581,205.114,1.68194,15.2195,-0.00309822,-0.012673910384205333,-0.19289057909241306,-0.005911989615794666,0.3697095790924131
44.96,-3.0,-0.00309822,15.2288,0.0780453,0.164719,-0.0178954,0.0,0,-0.566306,205.417,1.68169,15.2288,-0.00309822,-0.012681569384552185,-0.19312508384346833,-0.005213830615447813,0.35784408384346833
44.98,-2.9897,-0.00308758,15.2089,0.0816826,0.158706,-0.0181648,0.0,0,-0.599974,205.72,1.68143,15.2089,-0.00308758,-0.012621685161638918,-0.19196194745485015,-0.00554311483836108,0.3506679474548502
45.0,-2.9,-0.00299494,15.2216,0.0858148,0.155899,-0.0189367,0.0,0,-0.633522,206.022,1.68118,15.2216,-0.00299494,-0.0122530914032706,-0.18651165610402376,-0.006683608596729401,0.34241065610402377
45.02,-2.9,-0.00299494,15.2469,0.0907456,0.15404,-0.0193277,0.0,0,-0.667023,206.325,1.68094,15.2469,-0.00299494,-0.012273232163739834,-0.1871287434773249,-0.007054467836260165,0.3411687434773249
45.04,-2.9,-0.00299494,15.2395,0.0965019,0.151475,-0.0210977,0.0,0,-0.700505,206.628,1.68069,15.2395,-0.00299494,-0.012267341305499746,-0.1869481478251634,-0.008830358694500254,0.33842314782516336
45.06,-2.8,-0.00289167,15.2631,0.103522,0.14652,-0.0190225,0.0,0,-0.733897,206.931,1.68044,15.2631,-0.00289167,-0.011862481603445012,-0.18105824296154155,-0.007160018396554989,0.3275782429615416
45.08,-2.7,-0.0027884,15.2526,0.111772,0.139301,-0.0183796,0.0,0,-0.767268,207.234,1.68021,15.2526,-0.0027884,-0.011431053465375162,-0.1743532860859812,-0.006948546534624837,0.3136542860859812
45.1,-2.6,-0.00268512,15.2491,0.120021,0.131679,-0.0186,0.0,0,-0.800546,207.537,1.67998,15.2491,-0.00268512,-0.01100515680175994,-0.1678187365857175,-0.0075948431982400585,0.2994977365857175
45.12,-2.48992,-0.00257144,15.239,0.126517,0.12438,-0.0180202,0.0,0,-0.833749,207.841,1.67977,15.239,-0.00257144,-0.010532325795613733,-0.1605021127993577,-0.007487874204386267,0.2848821127993577
45.14,-2.29556,-0.00237072,15.2421,0.129597,0.116215,-0.0179734,0.0,0,-0.866867,208.144,1.67956,15.2421,-0.00237072,-0.009712149744116478,-0.14803355761479778,-0.008261250255883522,0.26424855761479776
45.16,-2.08804,-0.0021564,15.2617,0.128382,0.106987,-0.0173282,0.0,0,-0.899932,208.447,1.67938,15.2617,-0.0021564,-0.008845374254741486,-0.13499544826358814,-0.008482825745258512,0.24198244826358814
45.18,-1.88819,-0.00195001,15.2719,0.124175,0.0990071,-0.0163181,0.0,0,-0.932986,208.75,1.67921,15.2719,-0.00195001,-0.008004063856419504,-0.12223726280885303,-0.008314036143580495,0.221244362808853
45.2,-1.7,-0.00175566,15.2676,0.120667,0.0947254,-0.0167178,0.0,0,-0.966012,209.054,1.67905,15.2676,-0.00175566,-0.00720432134212322,-0.10999269652300048,-0.009513478657876781,0.2047180965230005
45.22,-1.6,-0.00165238,15.2915,0.121045,0.0945245,-0.0155046,0.0,0,-0.998986,209.357,1.67891,15.2915,-0.00165238,-0.006791008976180419,-0.10384471375926287,-0.008713591023819581,0.19836921375926286
45.24,-1.6,-0.00165238,15.2883,0.124723,0.0977106,-0.0126,0.0,0,-1.03197,209.662,1.67878,15.2883,-0.00165238,-0.006789603662298288,-0.10380149767031492,-0.005810396337701712,0.20151209767031492
45.26,-1.58929,-0.00164133,15.2575,0.128486,0.10424,-0.0126,0.0,0,-1.0649,209.966,1.67864,15.2575,-0.00164133,-0.006730763110111984,-0.1026946181525336,-0.0058692368898880165,0.2069346181525336
45.28,-1.5,-0.00154911,15.2413,0.130359,0.114206,-0.0142914,0.0,0,-1.09773,210.269,1.67851,15.2413,-0.00154911,-0.006345916518795218,-0.09672001743791356,-0.00794548348120478,0.21092601743791356
45.3,-1.5,-0.00154911,15.237,0.130781,0.127173,-0.0123442,0.0,0,-1.13049,210.572,1.67838,15.237,-0.00154911,-0.0063441459519337365,-0.09666575186961435,-0.006000054048066263,0.22383875186961436
45.32,-1.3869,-0.00143231,15.2395,0.130792,0.1419,-0.0103834,0.0,0,-1.16319,210.875,1.67826,15.2395,-0.00143231,-0.005866760304526,-0.08940649366082398,-0.004516639695473999,0.23130649366082398
45.34,-1.3,-0.00134256,15.2931,0.13046,0.155515,-0.0138127,0.0,0,-1.19587,211.178,1.67815,15.2931,-0.00134256,-0.005518269129943829,-0.08439144163114398,-0.008294430870056171,0.23990644163114397
45.36,-1.3,-0.00134256,15.3162,0.129454,0.165249,-0.0130152,0.0,0,-1.22863,211.482,1.67804,15.3162,-0.00134256,-0.0055265113636833,-0.08464515334844616,-0.007488688636316699,0.24989415334844617
45.38,-1.2,-0.00123929,15.3103,0.128388,0.17113,-0.0108463,0.0,0,-1.2614,211.787,1.67793,15.3103,-0.00123929,-0.005099467290724984,-0.07807437406118672,-0.005746832709275016,0.24920437406118673
45.4,-1.2,-0.00123929,15.2444,0.128348,0.175569,-0.0123892,0.0,0,-1.29413,212.091,1.67783,15.2444,-0.00123929,-0.00507776110332374,-0.07740742136350844,-0.007311438896676259,0.25297642136350845
45.42,-1.2,-0.00123929,15.2813,0.129799,0.181726,-0.0113299,0.0,0,-1.32669,212.394,1.67772,15.2813,-0.00123929,-0.005089915636811784,-0.07778052782081192,-0.006239984363188216,0.2595065278208119
45.44,-1.2,-0.00123929,15.238,0.132623,0.1921,-0.01062,0.0,0,-1.35929,212.698,1.67762,15.238,-0.00123929,-0.005075652900128237,-0.07734279889215406,-0.005544347099871763,0.26944279889215406
45.46,-1.2,-0.00123929,15.3056,0.136038,0.207653,-0.0124375,0.0,0,-1.39177,213.001,1.67752,15.3056,-0.00123929,-0.005097919305313462,-0.07802671371940573,-0.007339580694686538,0.2856797137194057
45.48,-1.2,-0.00123929,15.3056,0.139459,0.227845,-0.0137749,0.0,0,-1.42437,213.306,1.67742,15.3056,-0.00123929,-0.005097919305313462,-0.07802671371940573,-0.008676980694686538,0.3058717137194057
45.5,-1.2,-0.00123929,15.3068,0.144705,0.248778,-0.0117187,0.0,0,-1.45693,213.61,1.67732,15.3068,-0.00123929,-0.005098314537149315,-0.07803888095723714,-0.006620385462850685,0.32681688095723715
45.52,-1.2,-0.00123929,15.3293,0.155227,0.261462,-0.0150744,0.0,0,-1.48947,213.915,1.67721,15.3293,-0.00123929,-0.005105724941260759,-0.07826718934206855,-0.00996867505873924,0.3397291893420686
45.54,-1.2,-0.00123929,15.3524,0.172718,0.257075,-0.01369,0.0,0,-1.52202,214.22,1.67711,15.3524,-0.00123929,-0.005113332574904513,-0.07850192702296405,-0.008576667425095488,0.33557692702296404
45.56,-1.2,-0.00123929,15.3175,0.196394,0.23495,-0.0115947,0.0,0,-1.55459,214.525,1.67701,15.3175,-0.00123929,-0.00510183864165749,-0.0781474133935886,-0.006492861358342509,0.3130974133935886
45.58,-1.2,-0.00123929,15.3278,0.224402,0.202374,-0.0145994,0.0,0,-1.58705,214.83,1.6769,15.3278,-0.00123929,-0.005105230925714962,-0.0782519585831738,-0.009494169074285038,0.2806259585831738
45.6,-1.2,-0.00123929,15.3435,0.253725,0.168395,-0.012565,0.0,0,-1.61951,215.134,1.6768,15.3435,-0.00123929,-0.005110401541051557,-0.07841144604512458,-0.007454598458948442,0.24680644604512458
45.62,-1.2,-0.00123929,15.3221,0.279693,0.139511,-0.0108879,0.0,0,-1.65197,215.44,1.6767,15.3221,-0.00123929,-0.005103353651790165,-0.07819409498809408,-0.005784546348209836,0.2177050949880941
45.64,-1.1,-0.00113601,15.3195,0.297999,0.117956,-0.0134995,0.0,0,-1.68435,215.744,1.6766,15.3195,-0.00113601,-0.004677264831716722,-0.07165335858948432,-0.008822235168283277,0.18960935858948433
45.66,-1.1,-0.00113601,15.3242,0.307593,0.102831,-0.0147217,0.0,0,-1.7167,216.049,1.67651,15.3242,-0.00113601,-0.0046786837676324085,-0.07169708579195255,-0.010043016232367592,0.17452808579195256
45.68,-1.1,-0.00113601,15.3581,0.310478,0.0928481,-0.0123772,0.0,0,-1.74903,216.354,1.67641,15.3581,-0.00113601,-0.004688917786047429,-0.07201286824989503,-0.00768828221395257,0.16486096824989505
45.7,-1.1,-0.00113601,15.3825,0.309262,0.0874174,-0.0146295,0.0,0,-1.7814,216.66,1.67632,15.3825,-0.00113601,-0.004696283391497386,-0.07224057926970853,-0.009933216608502615,0.15965797926970854
45.72,-1.1,-0.00113601,15.3876,0.305621,0.0871478,-0.0133408,0.0,0,-1.8138,216.966,1.67622,15.3876,-0.00113601,-0.00469782287372352,-0.07228821925170803,-0.00864297712627648,0.15943601925170803
45.74,-1.1,-0.00113601,15.3696,0.299939,0.0932799,-0.0120713,0.0,0,-1.84618,217.272,1.67613,15.3696,-0.00113601,-0.004692389329762583,-0.07212014704271899,-0.0073789106702374175,0.165400047042719
45.76,-1.1,-0.00113601,15.3778,0.292492,0.105038,-0.0128111,0.0,0,-1.87849,217.577,1.67603,15.3778,-0.00113601,-0.004694864637643019,-0.07219668942474682,-0.00811623536235698,0.17723468942474682
45.78,-1.1,-0.00113601,15.3832,0.285465,0.120371,-0.0145902,0.0,0,-1.91079,217.883,1.67594,15.3832,-0.00113601,-0.004696494694004776,-0.07224711717681427,-0.009893705305995223,0.19261811717681426
45.8,-1.1,-0.00113601,15.3859,0.282538,0.139055,-0.0109072,0.0,0,-1.94307,218.189,1.67585,15.3859,-0.00113601,-0.0046973097149058205,-0.07227233754256947,-0.00620989028509418,0.2113273375425695
45.82,-1.18708,-0.00122595,15.3869,0.286032,0.15964,-0.0122,0.0,0,-1.97532,218.495,1.67575,15.3869,-0.00122595,-0.005069530476011034,-0.07800435848133418,-0.007130469523988967,0.2376443584813342
45.84,-1.1,-0.00113601,15.4263,0.294707,0.176078,-0.0134,0.0,0,-2.00755,218.802,1.67565,15.4263,-0.00113601,-0.004709504262271974,-0.07265022560108615,-0.008690495737728027,0.24872822560108615
45.86,-1.1,-0.00113601,15.4558,0.304528,0.183439,-0.0125851,0.0,0,-2.03984,219.108,1.67555,15.4558,-0.00113601,-0.004718408008486316,-0.0729267704975628,-0.007866691991513684,0.2563657704975628
45.88,-1.1,-0.00113601,15.4581,0.312097,0.182845,-0.0102,0.0,0,-2.07215,219.416,1.67546,15.4581,-0.00113601,-0.004719102174425001,-0.0729483533224791,-0.005480897825575,0.2557933533224791
45.9,-1.0,-0.00103274,15.454,0.316948,0.178266,-0.0101042,0.0,0,-2.10444,219.723,1.67537,15.454,-0.00103274,-0.004288982732323363,-0.06628193914532525,-0.005815217267676638,0.24454793914532524
45.92,-1.0,-0.00103274,15.4302,0.320206,0.174592,-0.0120348,0.0,0,-2.1367,220.031,1.67528,15.4302,-0.00103274,-0.004282452396483688,-0.0660790969682226,-0.007752347603516312,0.2406710969682226
45.94,-1.0,-0.00103274,15.4297,0.322593,0.178754,-0.00958017,0.0,0,-2.16888,220.338,1.6752,15.4297,-0.00103274,-0.004282315200864784,-0.06607483885478337,-0.005297854799135217,0.24482883885478335
45.96,-0.9,-0.000929465,15.4326,0.32445,0.196398,-0.00845377,0.0,0,-2.20103,220.645,1.67511,15.4326,-0.000929465,-0.003854795432292913,-0.059489515988403616,-0.004598974567707087,0.2558875159884036
45.98,-0.8,-0.000826191,15.4259,0.326199,0.227501,-0.0104686,0.0,0,-2.23316,220.952,1.67504,15.4259,-0.000826191,-0.0034250134234577916,-0.05283391456891755,-0.007043586576542208,0.28033491456891757
46.0,-0.8,-0.000826191,15.4365,0.328417,0.267248,-0.0100401,0.0,0,-2.26526,221.259,1.67497,15.4365,-0.000826191,-0.003427340251604098,-0.05290613779388666,-0.006612759748395902,0.32015413779388663
46.02,-0.8,-0.000826191,15.3911,0.333003,0.308931,-0.0113253,0.0,0,-2.29736,221.566,1.6749,15.3911,-0.000826191,-0.00341737401942321,-0.052597145270344564,-0.00790792598057679,0.3615281452703446
46.04,-0.702693,-0.000725699,15.4272,0.343377,0.345921,-0.0104108,0.0,0,-2.32935,221.872,1.67484,15.4272,-0.000725699,-0.003008669640453625,-0.046415348277206156,-0.007402130359546375,0.39233634827720615
46.06,-0.7,-0.000722917,15.5133,0.360948,0.373606,-0.011868,0.0,0,-2.36139,222.179,1.67478,15.5133,-0.000722917,-0.003013671822119664,-0.04675199507808898,-0.008854328177880337,0.42035799507808896
46.08,-0.7,-0.000722917,15.507,0.382533,0.389956,-0.0134239,0.0,0,-2.39359,222.488,1.67472,15.507,-0.000722917,-0.0030124619738834887,-0.046714247829011256,-0.010411438026116512,0.43667024782901126
46.1,-0.7,-0.000722917,15.4871,0.40319,0.394742,-0.0135318,0.0,0,-2.42576,222.796,1.67466,15.4871,-0.000722917,-0.003008640278500674,-0.04659511285716778,-0.010523159721499326,0.44133711285716776
46.12,-0.7,-0.000722917,15.5054,0.419836,0.389031,-0.0134,0.0,0,-2.45787,223.104,1.6746,15.5054,-0.000722917,-0.00301215470814076,-0.04670466361160574,-0.010387845291859241,0.43573566361160576
46.14,-0.693546,-0.000716252,15.5064,0.431315,0.373651,-0.0137226,0.0,0,-2.49001,223.413,1.67454,15.5064,-0.000716252,-0.0029845741309480747,-0.04628000030413322,-0.010738025869051926,0.4199310003041332
46.16,-0.587152,-0.000606375,15.5703,0.437124,0.348637,-0.0136458,0.0,0,-2.52212,223.722,1.67448,15.5703,-0.000606375,-0.0025370163083484323,-0.039502105025877594,-0.011108783691651566,0.38813910502587756
46.18,-0.5,-0.00051637,15.5755,0.43799,0.316743,-0.0130921,0.0,0,-2.55435,224.031,1.67443,15.5755,-0.00051637,-0.00216115692079944,-0.03366109961991168,-0.010930943079200561,0.3504040996199117
46.2,-0.4,-0.000413096,15.5695,0.43774,0.284663,-0.0146464,0.0,0,-2.58658,224.341,1.67439,15.5695,-0.000413096,-0.0017282671511428048,-0.026908255409717897,-0.012918132848857195,0.3115712554097179
46.22,-0.285895,-0.000295255,15.5971,0.442014,0.257889,-0.0132731,0.0,0,-2.61879,224.651,1.67436,15.5971,-0.000295255,-0.0012374208614679715,-0.0193001769184021,-0.012035679138532028,0.27718917691840206
46.24,0.0139173,1.43729e-05,15.5973,0.452977,0.238513,-0.0131773,0.0,0,-2.65104,224.961,1.67435,15.5973,1.43729e-05,6.023793399777585e-05,0.0009395491279435093,-0.013237537933997776,0.2375734508720565
46.26,0.112911,0.000116608,15.605,0.466817,0.228681,-0.0110901,0.0,0,-2.6833,225.272,1.67436,15.605,0.000116608,0.0004889516059152399,0.007630089810307319,-0.01157905160591524,0.22105091018969267
46.28,0.307246,0.000317305,15.6125,0.47801,0.229399,-0.00801449,0.0,0,-2.71557,225.582,1.67437,15.6125,0.000317305,0.0013311307519933353,0.020782278865495947,-0.009345620751993336,0.20861672113450405
46.3,0.615223,0.000635365,15.6129,0.484669,0.236796,-0.0100567,0.0,0,-2.74787,225.893,1.67441,15.6129,0.000635365,0.0026654965817262837,0.0416161315808343,-0.012722196581726283,0.1951798684191657
46.32,0.7,0.000722917,15.635,0.488287,0.246066,-0.00986484,0.0,0,-2.78019,226.204,1.67447,15.635,0.000722917,0.003037039682710116,0.047484115439172664,-0.012901879682710116,0.19858188456082734
46.34,0.8,0.000826191,15.6417,0.489946,0.255459,-0.00582503,0.0,0,-2.81257,226.515,1.67454,15.6417,0.000826191,0.0034723733323819344,0.054313821953118506,-0.009297403332381934,0.20114517804688148
46.36,1.0,0.00103274,15.6479,0.489526,0.263211,-0.00811964,0.0,0,-2.84498,226.826,1.67461,15.6479,0.00103274,0.004342172886253191,0.0679458871068013,-0.01246181288625319,0.19526511289319867
46.38,1.0,0.00103274,15.6402,0.487559,0.26733,-0.00861401,0.0,0,-2.87744,227.137,1.67471,15.6402,0.00103274,0.0043400610811170455,0.06787942332088681,-0.012954071081117045,0.1994505766791132
46.4,1.01545,0.00104869,15.6135,0.485434,0.268882,-0.00495448,0.0,0,-2.90991,227.449,1.67479,15.6135,0.00104869,0.004399654425770213,0.06869400437676322,-0.009354134425770213,0.2001879956232368
46.42,1.1,0.00113601,15.6,0.484209,0.270211,-0.0061688,0.0,0,-2.94235,227.759,1.67488,15.6,0.00113601,0.0047619223314732725,0.07428598837098305,-0.010930722331473273,0.19592501162901693
46.44,1.1,0.00113601,15.5858,0.483976,0.272615,-0.00551699,0.0,0,-2.97479,228.07,1.67498,15.5858,0.00113601,0.004757637907995591,0.07415159290643769,-0.010274627907995592,0.1984634070935623
46.46,1.1,0.00113601,15.6067,0.484533,0.278209,-0.00385164,0.0,0,-3.00724,228.38,1.67508,15.6067,0.00113601,0.004763943807988159,0.07434944182812879,-0.008615583807988159,0.20385955817187118
46.48,1.10936,0.00114568,15.6843,0.486129,0.2898,-0.00281872,0.0,0,-3.03975,228.69,1.67517,15.6843,0.00114568,0.004828105708012278,0.07572545835617697,-0.0076468257080122785,0.21407454164382303
46.5,1.2,0.00123929,15.7347,0.487647,0.307694,-0.00379591,0.0,0,-3.07246,229.002,1.67527,15.7347,0.00123929,0.005239180669254258,0.08243693607651498,-0.009035090669254259,0.22525706392348505
46.52,1.2,0.00123929,15.7281,0.485831,0.32834,-0.00410035,0.0,0,-3.1053,229.315,1.67538,15.7281,0.00123929,0.0052370089496723855,0.08236820046134224,-0.009337358949672386,0.24597179953865778
46.54,1.2,0.00123929,15.6906,0.478951,0.345536,-0.00589221,0.0,0,-3.13817,229.628,1.67549,15.6906,0.00123929,0.005224669020748279,0.08197819173695295,-0.01111687902074828,0.2635578082630471
46.56,1.2,0.00123929,15.683,0.468397,0.353715,-0.00490683,0.0,0,-3.17099,229.941,1.67559,15.683,0.00123929,0.005222168001543959,0.0818992607682139,-0.01012899800154396,0.2718157392317861
46.58,1.2,0.00123929,15.7073,0.456291,0.351821,-0.00427827,0.0,0,-3.20382,230.253,1.6757,15.7073,0.00123929,0.00523016453113891,0.08215176333995819,-0.00950843453113891,0.26966923666004183
46.6,1.2,0.00123929,15.7268,0.445014,0.34313,-0.00437832,0.0,0,-3.23674,230.565,1.6758,15.7268,0.00123929,0.0052365811829140916,0.08235466494745335,-0.009614901182914092,0.26077533505254663
46.62,1.2,0.00123929,15.7393,0.4375,0.331338,-0.00466539,0.0,0,-3.26974,230.878,1.67591,15.7393,0.00123929,0.005240694272873453,0.08248485936903714,-0.009906084272873452,0.24885314063096287
46.64,1.3,0.00134256,15.758,0.435921,0.318747,-0.0049416,0.0,0,-3.30279,231.191,1.67601,15.758,0.00134256,0.005684067373278123,0.08956953366811665,-0.010625667373278122,0.22917746633188335
46.66,1.3,0.00134256,15.7848,0.440859,0.307179,-0.00435142,0.0,0,-3.33592,231.505,1.67613,15.7848,0.00134256,0.005693619854064618,0.08987265067243919,-0.010045039854064618,0.2173063493275608
46.68,1.3,0.00134256,15.8226,0.450803,0.297578,-0.00630949,0.0,0,-3.36914,231.819,1.67625,15.8226,0.00134256,0.005707092144216201,0.09030103616107527,-0.012016582144216201,0.20727696383892474
46.7,1.31775,0.00136089,15.8448,0.462633,0.288733,-0.006,0.0,0,-3.40247,232.133,1.67636,15.8448,0.00136089,0.005793031067903898,0.09178941866472369,-0.011793031067903898,0.19694358133527634
46.72,1.4,0.00144583,15.8409,0.474071,0.278536,-0.0064,0.0,0,-3.43589,232.449,1.67648,15.8409,0.00144583,0.006153107022337762,0.09747075303015025,-0.012553107022337763,0.18106524696984977
46.74,1.4,0.00144583,15.8282,0.484979,0.26669,-0.00614556,0.0,0,-3.46934,232.764,1.67661,15.8282,0.00144583,0.006148232786513918,0.0973154581914996,-0.012293792786513918,0.16937454180850037
46.76,1.5,0.00154911,15.8254,0.496377,0.254694,-0.00542275,0.0,0,-3.5028,233.079,1.67673,15.8254,0.00154911,0.006586268867820082,0.10423033934079992,-0.012009018867820081,0.15046366065920005
46.78,1.6,0.00165238,15.8262,0.508601,0.244152,-0.007174,0.0,0,-3.5363,233.394,1.67687,15.8262,0.00165238,0.007025688135421676,0.11118994556881052,-0.014199688135421676,0.13296205443118947
46.8,1.7,0.00175566,15.8498,0.520197,0.236763,-0.0060272,0.0,0,-3.56985,233.708,1.67701,15.8498,0.00175566,0.007475819626352313,0.11849024591375888,-0.013503019626352312,0.11827275408624112
46.82,1.81314,0.00187251,15.8831,0.529481,0.234071,-0.00617371,0.0,0,-3.60349,234.024,1.67717,15.8831,0.00187251,0.007989933592797788,0.12690491424776654,-0.014163643592797787,0.10716608575223346
46.84,1.91138,0.00197396,15.9016,0.536334,0.236062,-0.00611662,0.0,0,-3.63725,234.34,1.67733,15.9016,0.00197396,0.008432510798860926,0.1340904137191669,-0.014549130798860926,0.10197158628083308
46.86,2.01173,0.00207759,15.8878,0.541072,0.241869,-0.00617654,0.0,0,-3.67111,234.656,1.67751,15.8878,0.00207759,0.008867596806429014,0.1408866045411829,-0.015044136806429013,0.1009823954588171
46.88,2.10577,0.00217471,15.9075,0.542945,0.252227,-0.00484614,0.0,0,-3.705,234.972,1.67769,15.9075,0.00217471,0.009293497743256132,0.14783631535084693,-0.01413963774325613,0.10439068464915305
46.9,2.21425,0.00228675,15.9096,0.540872,0.269787,-0.00594299,0.0,0,-3.73898,235.289,1.67788,15.9096,0.00228675,0.009773570381280922,0.15549359533802695,-0.01571656038128092,0.11429340466197305
46.92,2.3,0.0023753,15.9049,0.535139,0.296504,-0.0055362,0.0,0,-3.77303,235.605,1.67808,15.9049,0.0023753,0.010149071519658942,0.1614199676130235,-0.01568527151965894,0.1350840323869765
46.94,2.3,0.0023753,15.9223,0.528055,0.330475,-0.00290161,0.0,0,-3.80714,235.921,1.67829,15.9223,0.0023753,0.010160040738197885,0.16177121664580818,-0.013061650738197886,0.16870378335419184
46.96,2.3,0.0023753,15.9431,0.522623,0.365395,-0.00402479,0.0,0,-3.84135,236.238,1.6785,15.9431,0.0023753,0.010173152795556634,0.16219159233483896,-0.014197942795556634,0.20320340766516107
46.98,2.3,0.0023753,15.991,0.520455,0.39396,-0.00573446,0.0,0,-3.87567,236.555,1.6787,15.991,0.0023753,0.01020334597889328,0.16316170554848244,-0.01593780597889328,0.23079829445151753
47.0,2.3,0.0023753,16.0395,0.521114,0.411799,-0.00397083,0.0,0,-3.91015,236.873,1.67891,16.0395,0.0023753,0.010233913987178565,0.1641468633973506,-0.014204743987178565,0.24765213660264943
47.02,2.31483,0.00239061,16.0541,0.523052,0.418274,-0.00319242,0.0,0,-3.94481,237.192,1.67911,16.0541,0.00239061,0.010309137502624867,0.16550392438088984,-0.013501557502624866,0.25277007561911014
47.04,2.4,0.00247857,16.0485,0.524806,0.41607,-0.00176217,0.0,0,-3.97957,237.512,1.67932,16.0485,0.00247857,0.010684770335583604,0.17147453673061347,-0.012446940335583604,0.24459546326938653
47.06,2.4,0.00247857,16.0413,0.525536,0.411393,-0.00257569,0.0,0,-4.01438,237.831,1.67954,16.0413,0.00247857,0.010680035432346259,0.17132165238089603,-0.013255725432346259,0.24007134761910398
47.08,2.4,0.00247857,16.0326,0.52481,0.412215,-0.000649119,0.0,0,-4.04924,238.15,1.67975,16.0326,0.00247857,0.010674313986342073,0.1711370064174279,-0.011323432986342074,0.2410779935825721
47.1,2.5,0.00258185,16.034,0.521898,0.424076,-0.000462631,0.0,0,-4.08415,238.469,1.67997,16.034,0.00258185,0.011120064987904535,0.1782991220160613,-0.011582695987904535,0.2457768779839387
47.12,2.5,0.00258185,16.0462,0.515998,0.447414,-6.27703e-05,0.0,0,-4.11914,238.788,1.6802,16.0462,0.00258185,0.011128422425264016,0.17856889192027142,-0.011191192725264016,0.26884510807972856
47.14,2.5,0.00258185,16.0641,0.508294,0.478723,-0.000396889,0.0,0,-4.15423,239.107,1.68042,16.0641,0.00258185,0.011140684142419612,0.1789650641322429,-0.011537573142419611,0.2997579358677571
47.16,2.5,0.00258185,16.0932,0.502837,0.512968,-0.00086365,0.0,0,-4.18943,239.426,1.68064,16.0932,0.00258185,0.011160616916487868,0.17961004016042256,-0.012024266916487869,0.3333579598395774
47.18,2.5,0.00258185,16.0773,0.503549,0.544653,-0.00123418,0.0,0,-4.22476,239.746,1.68087,16.0773,0.00258185,0.011149725978805107,0.17925748947904335,-0.012383905978805107,0.3653955105209567
47.2,2.5,0.00258185,16.0481,0.510672,0.569389,-0.00193877,0.0,0,-4.26013,240.066,1.68109,16.0481,0.00258185,0.011129723972274706,0.17861092327946174,-0.013068493972274706,0.3907780767205383
47.22,2.5,0.00258185,16.0778,0.520985,0.586194,-0.00254269,0.0,0,-4.2955,240.385,1.68132,16.0778,0.00258185,0.011150068467202021,0.17926857080198066,-0.013692758467202021,0.40692542919801933
47.24,2.5133,0.00259558,16.1009,0.530667,0.596574,-0.00106393,0.0,0,-4.33102,240.705,1.68154,16.1009,0.00259558,0.011225270271367818,0.1807369541122661,-0.012289200271367817,0.41583704588773396
47.26,2.6,0.00268512,16.1137,0.53698,0.601325,-0.00275045,0.0,0,-4.36665,241.025,1.68177,16.1137,0.00268512,0.011621629220398107,0.187267446768729,-0.014372079220398107,0.414057553231271
47.28,2.6,0.00268512,16.1425,0.538257,0.600258,-0.00431781,0.0,0,-4.4024,241.345,1.68201,16.1425,0.00268512,0.011642143224533876,0.1879332970020381,-0.015959953224533877,0.41232470299796187
47.3,2.7,0.0027884,16.1715,0.534672,0.594173,-0.0028,0.0,0,-4.43828,241.666,1.68224,16.1715,0.0027884,0.012111396482681057,0.19585944821967674,-0.014911396482681057,0.39831355178032324
47.32,2.8,0.00289167,16.1861,0.529032,0.585466,-0.00469331,0.0,0,-4.4743,241.988,1.68249,16.1861,0.00289167,0.012571149600356914,0.20347788454633703,-0.017264459600356913,0.381988115453663
47.34,2.9,0.00299494,16.1949,0.524777,0.576706,-0.00207369,0.0,0,-4.51043,242.309,1.68275,16.1949,0.00299494,0.013027095196485917,0.21097250399756978,-0.015100785196485916,0.36573349600243027
47.36,3.01774,0.00311653,16.2012,0.52317,0.568731,-0.00403547,0.0,0,-4.54667,242.631,1.68302,16.2012,0.00311653,0.013561186348911082,0.21970749227597822,-0.017596656348911083,0.3490235077240218
47.38,3.20938,0.00331445,16.212,0.523203,0.560576,-0.0034124,0.0,0,-4.58302,242.953,1.6833,16.212,0.00331445,0.014431910368955896,0.23397013090151297,-0.017844310368955896,0.326605869098487
47.4,3.31097,0.00341937,16.233,0.523296,0.550879,-0.000221936,0.0,0,-4.61948,243.276,1.68359,16.233,0.00341937,0.014907805033098317,0.241998399102285,-0.015129741033098318,0.308880600897715
47.42,3.5,0.00361459,16.2464,0.522386,0.538863,-0.00164405,0.0,0,-4.65608,243.598,1.6839,16.2464,0.00361459,0.015771779807528818,0.2562346434650362,-0.01741582980752882,0.28262835653496376
47.44,3.60818,0.00372631,16.2639,0.520023,0.524935,-0.000150903,0.0,0,-4.69282,243.921,1.68422,16.2639,0.00372631,0.016276553074659392,0.26472023155095287,-0.016427456074659393,0.2602147684490472
47.46,3.7,0.00382114,16.2967,0.516006,0.51027,0.00050142,0.0,0,-4.7297,244.245,1.68456,16.2967,0.00382114,0.016724011272209686,0.2725461944998196,-0.016222591272209687,0.2377238055001804
47.48,3.8,0.00392441,16.3201,0.510465,0.495941,0.000354944,0.0,0,-4.76676,244.569,1.6849,16.3201,0.00392441,0.017200348674492813,0.2807114104025902,-0.016845404674492814,0.21522958959740984
47.5,3.9,0.00402768,16.3171,0.504314,0.484734,0.000807234,0.0,0,-4.80399,244.893,1.68525,16.3171,0.00402768,0.017649773057335942,0.2879931119538563,-0.01684253905733594,0.1967408880461437
47.52,3.90884,0.00403682,16.3142,0.49867,0.482388,0.00341769,0.0,0,-4.84133,245.217,1.68561,16.3142,0.00403682,0.017686721903574898,0.2885447184793016,-0.014269031903574897,0.1938432815206984
47.54,4.0,0.00413096,16.3151,0.494175,0.492644,0.00490782,0.0,0,-4.87878,245.542,1.68597,16.3151,0.00413096,0.018100172672622466,0.29530612717110283,-0.013192352672622466,0.1973378728288972
47.56,4.0,0.00413096,16.3107,0.491653,0.513028,0.00272265,0.0,0,-4.91635,245.866,1.68633,16.3107,0.00413096,0.01809535305331005,0.2951478750466242,-0.015372703053310049,0.21788012495337583
47.58,4.0,0.00413096,16.3334,0.492345,0.538081,0.00423304,0.0,0,-4.95402,246.19,1.6867,16.3334,0.00413096,0.01812021737527395,0.2959647584772995,-0.013887177375273948,0.2421162415227005
47.6,4.0,0.00413096,16.3744,0.497272,0.562034,0.00451349,0.0,0,-4.99187,246.514,1.68706,16.3744,0.00413096,0.01816512315310467,0.2974429925581971,-0.01365163315310467,0.2645910074418029
47.62,4.0,0.00413096,16.3859,0.507113,0.578556,0.00476305,0.0,0,-5.02993,246.84,1.68743,16.3859,0.00413096,0.018177717900606027,0.29785826774754026,-0.013414667900606027,0.2806977322524597
47.64,4.0,0.00413096,16.39,0.521494,0.584251,0.00434245,0.0,0,-5.06814,247.165,1.68779,16.39,0.00413096,0.018182208119638436,0.29800639108087396,-0.013839758119638435,0.286244608919126
47.66,4.0,0.00413096,16.4065,0.537577,0.581553,0.00505525,0.0,0,-5.10647,247.491,1.68816,16.4065,0.00413096,0.0182002780759307,0.29860286225275706,-0.013145028075930699,0.2829501377472429
47.68,4.01242,0.00414378,16.3831,0.550874,0.575569,0.0042,0.0,0,-5.14497,247.817,1.68853,16.3831,0.00414378,0.01823105514893256,0.298681199610477,-0.014031055148932561,0.276887800389523
47.7,4.1,0.00423423,16.4231,0.557611,0.570485,0.00378248,0.0,0,-5.18353,248.143,1.68889,16.4231,0.00423423,0.018673905997000195,0.3066834255793339,-0.014891425997000196,0.2638015744206661
47.72,4.1,0.00423423,16.418,0.555636,0.568696,0.00498077,0.0,0,-5.2223,248.469,1.68927,16.418,0.00423423,0.018668181410328007,0.3064942023947652,-0.013687411410328008,0.26220179760523477
47.74,4.1,0.00423423,16.3733,0.54493,0.57057,0.00495632,0.0,0,-5.26119,248.795,1.68965,16.3733,0.00423423,0.018618004153972807,0.30483816741424297,-0.013661684153972807,0.26573183258575706
47.76,4.1,0.00423423,16.4245,0.528749,0.574538,0.00403408,0.0,0,-5.30009,249.12,1.69002,16.4245,0.00423423,0.018675477440143282,0.3067353792156333,-0.014641397440143283,0.2678026207843667
47.78,4.1,0.00423423,16.4694,0.513043,0.577521,0.00360258,0.0,0,-5.33924,249.446,1.6904,16.4694,0.00423423,0.018725873117567078,0.3084038947224592,-0.015123293117567077,0.26911710527754074
47.8,4.1,0.00423423,16.4615,0.503398,0.575933,0.00396347,0.0,0,-5.37861,249.774,1.69078,16.4615,0.00423423,0.018717006558921122,0.3081100034696801,-0.014753536558921122,0.26782299653031993
47.82,4.2,0.0043375,16.4706,0.502039,0.56806,0.00461902,0.0,0,-5.41809,250.101,1.69116,16.4706,0.0043375,0.019183969784497743,0.31597149273254854,-0.014564949784497743,0.25208850726745147
47.84,4.2,0.0043375,16.4819,0.507646,0.555521,0.00234011,0.0,0,-5.45772,250.428,1.69154,16.4819,0.0043375,0.01919696132168074,0.3164023968078098,-0.01685685132168074,0.23911860319219025
47.86,4.2,0.0043375,16.5082,0.517382,0.540626,0.00294245,0.0,0,-5.4975,250.755,1.69193,16.5082,0.0043375,0.019227196918881518,0.31740641217627985,-0.01628474691888152,0.2232195878237202
47.88,4.3,0.00444078,16.5352,0.528178,0.5233,0.00378592,0.0,0,-5.53748,251.083,1.69232,16.5352,0.00444078,0.01971679816450898,0.3260212010097889,-0.01593087816450898,0.1972787989902111
47.9,4.3,0.00444078,16.5483,0.537249,0.502928,0.00193212,0.0,0,-5.57764,251.411,1.69272,16.5483,0.00444078,0.019732215381370533,0.326534619795534,-0.017800095381370534,0.17639338020446604
47.92,4.3,0.00444078,16.5803,0.543619,0.481342,0.00516705,0.0,0,-5.61798,251.74,1.69312,16.5803,0.00444078,0.019769873743387463,0.32779043762748716,-0.014602823743387464,0.15355156237251283
47.94,4.4,0.00454405,16.5938,0.548548,0.46169,0.00275593,0.0,0,-5.65852,252.069,1.69352,16.5938,0.00454405,0.02024588260710616,0.3359561268057982,-0.01748995260710616,0.12573387319420176
47.96,4.41808,0.00456272,16.5905,0.552976,0.445669,0.00316158,0.0,0,-5.69922,252.399,1.69393,16.5905,0.00456272,0.02032507750712458,0.3372031983819503,-0.017163497507124578,0.1084658016180497
47.98,4.5,0.00464733,16.5901,0.556252,0.432545,0.00625552,0.0,0,-5.74006,252.728,1.69434,16.5901,0.00464733,0.020701493718333956,0.3434398509365322,-0.014445973718333956,0.08910514906346784
48.0,4.5,0.00464733,16.6062,0.557568,0.420257,0.00343462,0.0,0,-5.78103,253.057,1.69476,16.6062,0.00464733,0.020721320257515115,0.3441023884603475,-0.017286700257515115,0.07615461153965247
48.02,4.5,0.00464733,16.6023,0.555723,0.407381,0.00375095,0.0,0,-5.82218,253.387,1.69518,16.6023,0.00464733,0.02071651762518085,0.34394184056854,-0.01696556762518085,0.06343915943146
48.04,4.5,0.00464733,16.5715,0.548939,0.393299,0.00546972,0.0,0,-5.86345,253.717,1.69559,16.5715,0.00464733,0.02067858757903693,0.34267521406601054,-0.01520886757903693,0.050623785933989474
48.06,4.5,0.00464733,16.6219,0.537336,0.377935,0.00467126,0.0,0,-5.90479,254.046,1.69601,16.6219,0.00464733,0.020740653480194292,0.3447490680824415,-0.016069393480194292,0.03318593191755853
48.08,4.5,0.00464733,16.6621,0.523152,0.363878,0.00494049,0.0,0,-5.94639,254.375,1.69643,16.6621,0.00464733,0.02079015308372915,0.34640760969640344,-0.015849663083729152,0.01747039030359654
48.1,4.5,0.00464733,16.6507,0.508346,0.355567,0.00776542,0.0,0,-5.98822,254.706,1.69685,16.6507,0.00464733,0.020776116364963414,0.3459368807580963,-0.013010696364963414,0.009630119241903712
48.12,4.5,0.00464733,16.6539,0.49429,0.353987,0.00659122,0.0,0,-6.03017,255.037,1.69726,16.6539,0.00464733,0.02078005653511172,0.3460689835300971,-0.01418883653511172,0.007918016469902922
48.14,4.5,0.00464733,16.658,0.482237,0.357447,0.00398594,0.0,0,-6.07226,255.367,1.69768,16.658,0.00464733,0.02078510483412956,0.3462382763269302,-0.01679916483412956,0.011208723673069798
48.16,4.5,0.00464733,16.6556,0.472768,0.367744,0.00793691,0.0,0,-6.11451,255.698,1.6981,16.6556,0.00464733,0.020782149738261927,0.34613917318059534,-0.012845239738261927,0.021604826819404677
48.18,4.5,0.00464733,16.6509,0.465856,0.388566,0.00757671,0.0,0,-6.15688,256.028,1.69852,16.6509,0.00464733,0.02077636262647931,0.34594513645724434,-0.013199652626479309,0.04262086354275568
48.2,4.5,0.00464733,16.6775,0.460927,0.419353,0.00408428,0.0,0,-6.19938,256.359,1.69894,16.6775,0.00464733,0.02080911436012536,0.3470440047409907,-0.01672483436012536,0.0723089952590093
48.22,4.5,0.00464733,16.7229,0.456606,0.455409,0.00582185,0.0,0,-6.24209,256.689,1.69936,16.7229,0.00464733,0.02086500912366401,0.34892346107412087,-0.01504315912366401,0.10648553892587914
48.24,4.5,0.00464733,16.7431,0.451888,0.491812,0.00322151,0.0,0,-6.28505,257.021,1.69978,16.7431,0.00464733,0.020889876645836344,0.34976129366890246,-0.017668366645836344,0.14205070633109756
48.26,4.5,0.00464733,16.7288,0.44721,0.525669,0.00380399,0.0,0,-6.3282,257.353,1.7002,16.7288,0.00464733,0.020872272534382674,0.34916807277318085,-0.017068282534382674,0.1765009272268192
48.28,4.5,0.00464733,16.7057,0.443472,0.555757,0.00611595,0.0,0,-6.37145,257.685,1.70062,16.7057,0.00464733,0.020843833848717817,0.34821083512652523,-0.014727883848717817,0.20754616487347471
48.3,4.5,0.00464733,16.6988,0.440866,0.581813,0.00530892,0.0,0,-6.41479,258.017,1.70104,16.6988,0.00464733,0.020835338871178832,0.34792515674204105,-0.015526418871178832,0.23388784325795897
48.32,4.5,0.00464733,16.7185,0.439143,0.605525,0.00683382,0.0,0,-6.45825,258.348,1.70146,16.7185,0.00464733,0.020859592275922982,0.34874109346501836,-0.014025772275922981,0.2567839065349816
48.34,4.51063,0.0046583,16.7532,0.43847,0.628783,0.007,0.0,0,-6.50189,258.679,1.70188,16.7532,0.0046583,0.02095165046952707,0.3510071906460809,-0.01395165046952707,0.2777758093539191
48.36,4.61823,0.00476942,16.7742,0.43925,0.649381,0.00478129,0.0,0,-6.54577,259.012,1.7023,16.7742,0.00476942,0.02147797232903579,0.3602758034417122,-0.01669668232903579,0.2891051965582878
48.38,4.7,0.00485387,16.7854,0.441031,0.663397,0.00424469,0.0,0,-6.58984,259.344,1.70274,16.7854,0.00485387,0.021872678257104452,0.36714165361680107,-0.017627988257104453,0.29625534638319895
48.4,4.7,0.00485387,16.8104,0.44231,0.671095,0.00772657,0.0,0,-6.6341,259.677,1.70318,16.8104,0.00485387,0.021904817699429778,0.36822874745449435,-0.014178247699429778,0.30286625254550564
48.42,4.7,0.00485387,16.817,0.440674,0.675613,0.00499201,0.0,0,-6.67856,260.011,1.70362,16.817,0.00485387,0.021913302189329322,0.3685160029179512,-0.01692129218932932,0.3070969970820488
48.44,4.7,0.00485387,16.8158,0.433065,0.679663,0.00340479,0.0,0,-6.72319,260.344,1.70407,16.8158,0.00485387,0.021911759564839678,0.36846376649043106,-0.018506969564839677,0.31119923350956896
48.46,4.8,0.00495715,16.8038,0.418499,0.685955,0.0079648,0.0,0,-6.76796,260.677,1.70451,16.8038,0.00495715,0.022362247889401242,0.37577074108392056,-0.014397447889401243,0.3101842589160794
48.48,4.8,0.00495715,16.781,0.400331,0.696424,0.00539531,0.0,0,-6.81285,261.011,1.70496,16.781,0.00495715,0.022332312632344028,0.3747585382833651,-0.016937002632344027,0.32166546171663496
48.5,4.81313,0.0049707,16.8008,0.382959,0.71173,0.004,0.0,0,-6.85783,261.343,1.70541,16.8008,0.0049707,0.022419424910313485,0.37666427403319475,-0.018419424910313485,0.33506572596680523
48.52,4.9,0.00506042,16.8495,0.367454,0.731637,0.0052,0.0,0,-6.90301,261.676,1.70587,16.8495,0.00506042,0.02288936483480812,0.3856743527840994,-0.01768936483480812,0.3459626472159006
48.54,5.0,0.0051637,16.8752,0.352453,0.752707,0.00206257,0.0,0,-6.94848,262.01,1.70633,16.8752,0.0051637,0.023391673515339263,0.3947391689060531,-0.021329103515339263,0.3579678310939469
48.56,5.0,0.0051637,16.8778,0.337622,0.769211,0.00177117,0.0,0,-6.99417,262.345,1.7068,16.8778,0.0051637,0.023395228703690606,0.39485999101514935,-0.021624058703690607,0.37435100898485063
48.58,5.11231,0.00527968,16.8822,0.324992,0.777866,0.00532308,0.0,0,-7.04003,262.679,1.70728,16.8822,0.00527968,0.02392686169736415,0.40393806454724107,-0.01860378169736415,0.3739279354527589
48.6,5.3,0.00547352,16.8589,0.317398,0.776527,0.00362197,0.0,0,-7.08606,263.014,1.70777,16.8589,0.00547352,0.02477156595396261,0.4176213532612602,-0.02114959595396261,0.35890564673873976
48.62,5.31224,0.00548616,16.879,0.31545,0.760913,0.00507342,0.0,0,-7.13219,263.348,1.70827,16.879,0.00548616,0.024857973313700828,0.4195777315619563,-0.019784553313700826,0.3413352684380436
48.64,5.5,0.00568007,16.9186,0.316522,0.73117,0.00462929,0.0,0,-7.17855,263.682,1.70878,16.9186,0.00568007,0.025796164519194628,0.4364349890344463,-0.021166874519194627,0.2947350109655537
48.66,5.6,0.00578334,16.9169,0.317458,0.698118,0.00661659,0.0,0,-7.22518,264.018,1.7093,16.9169,0.00578334,0.026262574655010598,0.44428134918134876,-0.0196459846550106,0.25383665081865125
48.68,5.71398,0.00590105,16.9151,0.317153,0.674183,0.00834843,0.0,0,-7.27199,264.353,1.70984,16.9151,0.00590105,0.02679430427424107,0.4532283362292151,-0.01844587427424107,0.22095466377078488
48.7,5.8,0.00598989,16.9461,0.315818,0.66401,0.00525968,0.0,0,-7.31898,264.688,1.71038,16.9461,0.00598989,0.027246865384855944,0.46172810549830734,-0.021987185384855945,0.20228189450169265
48.72,5.9,0.00609316,16.9339,0.313264,0.670238,0.0093538,0.0,0,-7.36623,265.023,1.71093,16.9339,0.00609316,0.027696950591403608,0.4690173916197696,-0.01834315059140361,0.20122060838023043
48.74,6.0,0.00619644,16.9251,0.310445,0.696932,0.00879723,0.0,0,-7.41364,265.359,1.7115,16.9251,0.00619644,0.028151992347992892,0.47647528568901454,-0.019354762347992892,0.22045671431098546
48.76,6.0,0.00619644,16.9306,0.311953,0.740958,0.00679052,0.0,0,-7.46122,265.694,1.71207,16.9306,0.00619644,0.028161015969638586,0.476782896975563,-0.021370495969638584,0.26417510302443703
48.78,6.00273,0.00619925,16.9466,0.321511,0.791286,0.0108075,0.0,0,-7.509,266.029,1.71263,16.9466,0.00619925,0.028200048683823056,0.4778949450252758,-0.017392548683823054,0.31339105497472425
48.8,6.1,0.00629971,16.9454,0.334516,0.839496,0.0111379,0.0,0,-7.55701,266.365,1.7132,16.9454,0.00629971,0.02865504620091654,0.4855712198930111,-0.01751714620091654,0.3539247801069889
48.82,6.1,0.00629971,16.9101,0.341331,0.881044,0.00881479,0.0,0,-7.60522,266.7,1.71378,16.9101,0.00629971,0.028596165700643758,0.483564021614456,-0.01978137570064376,0.39747997838554405
48.84,6.1,0.00629971,16.9758,0.338215,0.908617,0.00876858,0.0,0,-7.65352,267.035,1.71436,16.9758,0.00629971,0.02870574944240201,0.48730306138432805,-0.01993716944240201,0.42131393861567196
48.86,6.11668,0.00631694,17.0235,0.329341,0.914901,0.008,0.0,0,-7.7022,267.371,1.71494,17.0235,0.00631694,0.02886403049511209,0.49136682313354063,-0.02086403049511209,0.42353417686645933
48.88,6.2,0.00640298,16.9824,0.317743,0.900908,0.00646913,0.0,0,-7.75122,267.708,1.71552,16.9824,0.00640298,0.029187518222366825,0.49567410945952234,-0.022718388222366825,0.4052338905404777
48.9,6.2,0.00640298,16.9826,0.300468,0.876937,0.0096,0.0,0,-7.80031,268.045,1.71611,16.9826,0.00640298,0.029187857246631515,0.4956857044766444,-0.019587857246631514,0.38125129552335557
48.92,6.3,0.00650626,17.0055,0.274901,0.858401,0.0107347,0.0,0,-7.8496,268.381,1.7167,17.0055,0.00650626,0.02969811358293514,0.5050312705346035,-0.01896341358293514,0.35336972946539646
48.94,6.3,0.00650626,16.8936,0.244436,0.863049,0.00976171,0.0,0,-7.89916,268.717,1.7173,16.8936,0.00650626,0.029505354389623806,0.4984516549165487,-0.019743644389623807,0.36459734508345126
48.96,6.3,0.00650626,16.787,0.215507,0.903777,0.0139049,0.0,0,-7.94859,269.051,1.7179,16.787,0.00650626,0.029321676403642884,0.4922229817879531,-0.015416776403642885,0.41155401821204696
48.98,6.3077,0.00651421,16.9333,0.192956,0.974954,0.0132459,0.0,0,-7.9979,269.384,1.71849,16.9333,0.00651421,0.029609884882940436,0.5013930636882953,-0.016363984882940434,0.4735609363117047
49.0,6.4,0.00660953,17.1186,0.179436,1.05188,0.00881708,0.0,0,-8.04784,269.719,1.71909,17.1186,0.00660953,0.030367372227437395,0.5198468982126098,-0.021550292227437394,0.5320331017873902
49.02,6.4,0.00660953,17.0865,0.176219,1.10984,0.0109983,0.0,0,-8.09853,270.057,1.7197,17.0865,0.00660953,0.030311219960248135,0.5179126598507798,-0.019312919960248136,0.5919273401492201
49.04,6.4,0.00660953,17.0364,0.183792,1.13652,0.0132976,0.0,0,-8.14934,270.395,1.72031,17.0364,0.00660953,0.030223571622717132,0.5149008555932582,-0.016925971622717133,0.6216191444067418
49.06,6.4,0.00660953,17.0391,0.202165,1.12757,0.0114851,0.0,0,-8.2002,270.732,1.72092,17.0391,0.00660953,0.03022829545943603,0.5150629491628765,-0.018743195459436028,0.6125070508371234
49.08,6.4,0.00660953,17.0273,0.228322,1.085,0.0146628,0.0,0,-8.25128,271.069,1.72153,17.0273,0.00660953,0.03020765031408261,0.5143547241929788,-0.01554485031408261,0.5706452758070212
49.1,6.4,0.00660953,17.0222,0.253582,1.02019,0.0151315,0.0,0,-8.30252,271.406,1.72214,17.0222,0.00660953,0.03019872722825719,0.5140487746248396,-0.015067227228257188,0.5061412253751604
49.12,6.4,0.00660953,16.9956,0.268241,0.948131,0.0160182,0.0,0,-8.35396,271.742,1.72274,16.9956,0.00660953,0.03015218541313513,0.5124544824074794,-0.014133985413135128,0.4356765175925206
49.14,6.4,0.00660953,17.0216,0.269397,0.880949,0.0148472,0.0,0,-8.40552,272.078,1.72335,17.0216,0.00660953,0.030197677446154696,0.5140127864174667,-0.015350477446154696,0.36693621358253325
49.16,6.4,0.00660953,16.9842,0.261085,0.829444,0.0150226,0.0,0,-8.45736,272.415,1.72396,16.9842,0.00660953,0.030132237997531286,0.5117719565976709,-0.015109637997531285,0.317672043402329
49.18,6.4,0.00660953,16.894,0.248612,0.800961,0.0151673,0.0,0,-8.5093,272.751,1.72457,16.894,0.00660953,0.029974388958205513,0.5063873270599238,-0.014807088958205513,0.2945736729400762
49.2,6.4,0.00660953,16.9347,0.23656,0.791864,0.0126389,0.0,0,-8.56116,273.085,1.72517,16.9347,0.00660953,0.030045617803959885,0.5088135238247194,-0.017406717803959887,0.28305047617528056
49.22,6.4,0.00660953,17.0078,0.230882,0.789405,0.0105677,0.0,0,-8.61334,273.419,1.72578,17.0078,0.00660953,0.0301735320338132,0.5131853981246881,-0.019605832033813202,0.2762196018753119
49.24,6.4,0.00660953,17.0073,0.238995,0.782231,0.00932267,0.0,0,-8.66596,273.755,1.72638,17.0073,0.00660953,0.03017265718478188,0.5131554325387409,-0.020849987184781878,0.26907556746125916
49.26,6.31015,0.00651674,17.0742,0.264826,0.762969,0.00791876,0.0,0,-8.71878,274.092,1.72699,17.0742,0.00651674,0.02986445870341779,0.509911740793896,-0.02194569870341779,0.253057259206104
49.28,6.4,0.00660953,17.1158,0.302819,0.724948,0.0065153,0.0,0,-8.77201,274.429,1.72759,17.1158,0.00660953,0.030362474386280924,0.5196780391007071,-0.023847174386280923,0.20526996089929295
49.3,6.3,0.00650626,17.0914,0.338939,0.666758,0.00794222,0.0,0,-8.82558,274.767,1.7282,17.0914,0.00650626,0.029846049472933556,0.5101107699616966,-0.021903829472933557,0.1566472300383034
49.32,6.3,0.00650626,17.088,0.359825,0.594569,0.011721,0.0,0,-8.87927,275.105,1.7288,17.088,0.00650626,0.02984019462666137,0.5099092457803895,-0.018119194626661367,0.08465975421961047
49.34,6.3,0.00650626,17.0624,0.361856,0.515059,0.0111416,0.0,0,-8.93316,275.442,1.7294,17.0624,0.00650626,0.029796109513500108,0.5083931389631442,-0.01865450951350011,0.006665861036855847
49.36,6.3,0.00650626,17.0496,0.352115,0.437001,0.0100108,0.0,0,-8.98717,275.779,1.73,17.0496,0.00650626,0.0297740659217472,0.5076359143394211,-0.019763265921747198,-0.07063491433942115
49.38,6.20765,0.00641088,17.0495,0.340261,0.375006,0.0187989,0.0,0,-9.04134,276.116,1.7306,17.0495,0.00641088,0.029337404480469124,0.5001880776897583,-0.010538504480469123,-0.12518207768975825
49.4,6.35394,0.00656197,17.0132,0.329913,0.335993,0.0213344,0.0,0,-9.09571,276.453,1.73119,17.0132,0.00656197,0.029965787297037066,0.5098139324419511,-0.008631387297037066,-0.17382093244195107
49.42,6.4,0.00660953,16.9634,0.320261,0.312002,0.0142886,0.0,0,-9.15016,276.789,1.7318,16.9634,0.00660953,0.03009584128683161,0.5105277940850393,-0.015807241286831607,-0.19852579408503934
49.44,6.4,0.00660953,16.8803,0.313759,0.29497,0.0137557,0.0,0,-9.20466,277.124,1.73241,16.8803,0.00660953,0.029950411083762188,0.5055719242172309,-0.01619471108376219,-0.21060192421723084
49.46,6.4,0.00660953,16.8569,0.315043,0.281397,0.0272986,0.0,0,-9.2591,277.457,1.73301,16.8569,0.00660953,0.029909454336446272,0.5041806808040411,-0.002610854336446273,-0.2227836808040411
49.48,6.5,0.0067128,16.9934,0.321416,0.263184,0.0231258,0.0,0,-9.31366,277.79,1.73361,16.9934,0.0067128,0.03061939992886176,0.5203277107511195,-0.007493599928861762,-0.2571437107511195
49.5,6.48724,0.00669963,17.198,0.323013,0.236359,0.0186502,0.0,0,-9.36886,278.125,1.73423,17.198,0.00669963,0.030922115367012115,0.5317985400818743,-0.012271915367012116,-0.29543954008187434
49.52,6.41161,0.00662152,17.2438,0.315632,0.21193,0.019934,0.0,0,-9.42495,278.464,1.73485,17.2438,0.00662152,0.030641827921891646,0.5283815523195152,-0.010707827921891646,-0.3164515523195152
49.54,6.5,0.0067128,17.0726,0.306522,0.199087,0.0256553,0.0,0,-9.48139,278.805,1.73547,17.0726,0.0067128,0.030760132507450653,0.5251554382467021,-0.0051048325074506545,-0.32606843824670206
49.56,6.6,0.00681608,16.9791,0.30505,0.191809,0.0159899,0.0,0,-9.53748,279.142,1.7361,16.9791,0.00681608,0.03106470622119175,0.5274507534002368,-0.015074806221191749,-0.33564175340023683
49.58,6.5,0.0067128,17.0089,0.31089,0.185804,0.015922,0.0,0,-9.59347,279.477,1.73672,17.0089,0.0067128,0.03064694443000412,0.5212708131154972,-0.014724944430004123,-0.3354668131154972
49.6,6.5,0.0067128,17.0013,0.311958,0.190027,0.019392,0.0,0,-9.64977,279.812,1.73734,17.0013,0.0067128,0.030633438869106203,0.5208082842453353,-0.011241438869106203,-0.3307812842453353
49.62,6.5,0.0067128,17.0152,0.295335,0.210853,0.0192826,0.0,0,-9.70625,280.148,1.73795,17.0152,0.0067128,0.030658139639505783,0.5216543775941188,-0.011375539639505782,-0.3108013775941188
49.64,6.5,0.0067128,17.0024,0.26126,0.242195,0.0186046,0.0,0,-9.76298,280.483,1.73857,17.0024,0.0067128,0.03063539363682357,0.5208752167707291,-0.012030793636823571,-0.27868021677072913
49.66,6.4,0.00660953,16.9631,0.222528,0.276506,0.0206,0.0,0,-9.81988,280.818,1.73919,16.9631,0.00660953,0.030095316320803478,0.5105098602814215,-0.009495316320803478,-0.23400386028142156
49.68,6.4,0.00660953,16.9896,0.190189,0.308804,0.0191229,0.0,0,-9.87685,281.153,1.73979,16.9896,0.00660953,0.030141686842365314,0.5120952027770497,-0.011018786842365312,-0.20329120277704965
49.7,6.5,0.0067128,17.0532,0.165269,0.328779,0.0163255,0.0,0,-9.9341,281.488,1.7404,17.0532,0.0067128,0.030725662650457643,0.5239708703107843,-0.014400162650457644,-0.19519187031078428
49.72,6.5,0.0067128,17.0949,0.144167,0.325653,0.0186642,0.0,0,-9.99178,281.824,1.74102,17.0949,0.0067128,0.030799753053624066,0.526518698476398,-0.012135553053624067,-0.20086569847639796
49.74,6.5,0.0067128,17.1,0.126561,0.303371,0.0208937,0.0,0,-10.0498,282.161,1.74164,17.1,0.0067128,0.030808813950740973,0.5268307185576707,-0.009915113950740972,-0.22345971855767072
49.76,6.4,0.00660953,17.0972,0.115711,0.280492,0.0183791,0.0,0,-10.1081,282.498,1.74226,17.0972,0.00660953,0.03032993787347907,0.5185570138104464,-0.011950837873479073,-0.23806501381044637
49.78,6.5,0.0067128,17.0861,0.112187,0.273902,0.0206069,0.0,0,-10.1665,282.835,1.74287,17.0861,0.0067128,0.03078411829828833,0.5259805236563841,-0.01017721829828833,-0.25207852365638417
49.8,6.5,0.0067128,17.0714,0.11,0.288794,0.0212434,0.0,0,-10.2251,283.172,1.74349,17.0714,0.0067128,0.03075800039880213,0.5250821280081107,-0.009514600398802132,-0.23628812800811072
49.82,6.4,0.00660953,17.0804,0.101719,0.323638,0.0200681,0.0,0,-10.2839,283.508,1.74411,17.0804,0.00660953,0.030300548780851817,0.5175454933964614,-0.010232448780851819,-0.1939074933964614
49.84,6.3,0.00650626,17.071,0.0862055,0.377637,0.0202935,0.0,0,-10.3429,283.845,1.74471,17.071,0.00650626,0.029810919664231942,0.5089022095881035,-0.009517419664231943,-0.1312652095881035
49.86,6.3,0.00650626,17.0082,0.0681161,0.449521,0.0184082,0.0,0,-10.4021,284.181,1.74531,17.0082,0.00650626,0.029702763960943866,0.5051905500005254,-0.011294563960943867,-0.05566955000052537
49.88,6.3,0.00650626,17.0053,0.0520763,0.53265,0.0177559,0.0,0,-10.4613,284.516,1.74591,17.0053,0.00650626,0.029697769109272642,0.505019473033914,-0.01194186910927264,0.027630526966085922
49.9,6.18676,0.00638931,17.0857,0.0411636,0.616792,0.0146,0.0,0,-10.5206,284.851,1.74651,17.0857,0.00638931,0.029299913040195313,0.500609524230865,-0.014699913040195313,0.11618247576913499
49.92,5.98753,0.00618356,17.1405,0.0386165,0.693656,0.0136766,0.0,0,-10.5805,285.187,1.74709,17.1405,0.00618356,0.028446046847928237,0.48757946599691393,-0.014769446847928237,0.20607653400308612
49.94,5.84769,0.00603914,17.1151,0.0465526,0.757048,0.0117766,0.0,0,-10.6407,285.525,1.74765,17.1151,0.00603914,0.027741064476244384,0.4747910926173703,-0.015964464476244382,0.28225690738262976
49.96,5.8,0.00598989,17.1343,0.0628524,0.799815,0.0112818,0.0,0,-10.701,285.862,1.74821,17.1343,0.00598989,0.027545262888309288,0.47196879790715784,-0.016263462888309287,0.3278462020928422
49.98,5.6,0.00578334,17.2195,0.081223,0.815654,0.00912615,0.0,0,-10.7616,286.199,1.74876,17.2195,0.00578334,0.026725780633211845,0.46020457961359135,-0.017599630633211846,0.35544942038640864
50.0,5.6,0.00578334,17.2866,0.0954569,0.804462,0.0110823,0.0,0,-10.8226,286.538,1.74929,17.2866,0.00578334,0.026828447553716297,0.46377264148207215,-0.015746147553716297,0.34068935851792786
50.02,5.6,0.00578334,17.2949,0.103715,0.772698,0.00907503,0.0,0,-10.8841,286.878,1.74983,17.2949,0.00578334,0.026841145853994892,0.4642149334302562,-0.017766115853994895,0.3084830665697438
50.04,5.6,0.00578334,17.3041,0.108321,0.728108,0.00829309,0.0,0,-10.9458,287.218,1.75037,17.3041,0.00578334,0.026855220773154276,0.46470542578073887,-0.018562130773154276,0.2634025742192611
50.06,5.6,0.00578334,17.3482,0.112238,0.67617,0.00938828,0.0,0,-11.0077,287.559,1.75091,17.3482,0.00578334,0.026922684130672756,0.46706010883573706,-0.017534404130672754,0.20910989116426298
50.08,5.60772,0.00579131,17.3682,0.116708,0.620589,0.00867719,0.0,0,-11.07,287.9,1.75146,17.3682,0.00579131,0.02699042236531007,0.4687750537251784,-0.018313232365310073,0.15181394627482153
50.1,5.7,0.00588661,17.371,0.121274,0.566244,0.0096,0.0,0,-11.1325,288.242,1.752,17.371,0.00588661,0.02743893796149477,0.4766417913291256,-0.017838937961494772,0.08960220867087437
50.12,5.8,0.00598989,17.3675,0.124839,0.521921,0.011332,0.0,0,-11.1952,288.584,1.75256,17.3675,0.00598989,0.027914818005849697,0.4848106017165946,-0.016582818005849695,0.037110398283405344
50.14,6.01235,0.00620919,17.3922,0.127182,0.496369,0.00822705,0.0,0,-11.2581,288.925,1.75313,17.3922,0.00620919,0.028977415047045825,0.5039809979812304,-0.020750365047045825,-0.007611997981230412
50.16,6.41963,0.0066298,17.4197,0.129439,0.490723,0.00744005,0.0,0,-11.3213,289.267,1.75373,17.4197,0.0066298,0.03098861523420021,0.5398123807951973,-0.02354856523420021,-0.04908938079519731
50.18,6.8111,0.00703409,17.4404,0.131885,0.498852,0.00948878,0.0,0,-11.3848,289.61,1.75437,17.4404,0.00703409,0.03291688910479337,0.5740837127432383,-0.02342810910479337,-0.07523171274323831
50.2,7.21267,0.0074488,17.4493,0.132694,0.512876,0.00975535,0.0,0,-11.4485,289.953,1.75505,17.4493,0.0074488,0.0348751761330861,0.6085474108990593,-0.0251198261330861,-0.09567141089905928
50.22,7.62324,0.00787282,17.4122,0.131613,0.525393,0.012293,0.0,0,-11.5126,290.296,1.75578,17.4122,0.00787282,0.0367832709540486,0.640477670506085,-0.0244902709540486,-0.11508467050608495
50.24,8.15138,0.00841824,17.4005,0.13212,0.531104,0.0160555,0.0,0,-11.5768,290.638,1.75654,17.4005,0.00841824,0.03930564242554673,0.6839378310257259,-0.02325014242554673,-0.1528338310257259
50.26,8.53116,0.00881046,17.412,0.136959,0.52997,0.0171377,0.0,0,-11.6412,290.98,1.75735,17.412,0.00881046,0.041163847073404605,0.716744905242121,-0.024026147073404606,-0.18677490524212093
50.28,8.80973,0.00909815,17.3995,0.144896,0.528895,0.0196918,0.0,0,-11.706,291.323,1.7582,17.3995,0.00909815,0.04247797572934162,0.7390955387026795,-0.022786175729341624,-0.21020053870267952
50.3,9.15471,0.00945443,17.4114,0.153276,0.538919,0.0230565,0.0,0,-11.7709,291.665,1.75907,17.4114,0.00945443,0.044171248610976696,0.7690832780651596,-0.021114748610976695,-0.2301642780651596
50.32,9.30973,0.00961452,17.4309,0.16068,0.566506,0.0250584,0.0,0,-11.8363,292.007,1.75997,17.4309,0.00961452,0.04496881875769279,0.7838469828834673,-0.01991041875769279,-0.21734098288346737
50.34,9.5,0.00981102,17.4087,0.167501,0.608462,0.0233088,0.0,0,-11.902,292.349,1.76089,17.4087,0.00981102,0.04583034215431703,0.7978466774618588,-0.022521542154317026,-0.18938467746185883
50.36,9.6,0.0099143,17.3686,0.175039,0.659369,0.0254141,0.0,0,-11.9679,292.691,1.76182,17.3686,0.0099143,0.04620767928273287,0.8025626983900742,-0.020793579282732875,-0.14319369839007423
50.38,9.71135,0.0100293,17.3603,0.182494,0.71693,0.0308865,0.0,0,-12.0341,293.032,1.76275,17.3603,0.0100293,0.04672167920875805,0.8111023675678023,-0.015835179208758047,-0.09417236756780234
50.4,9.9,0.0102241,17.3713,0.18549,0.775979,0.0274336,0.0,0,-12.1005,293.373,1.7637,17.3713,0.0102241,0.04765896774818987,0.8278982264441307,-0.02022536774818987,-0.05191922644413072
50.42,9.9,0.0102241,17.3461,0.178276,0.827664,0.0280548,0.0,0,-12.1673,293.714,1.76467,17.3461,0.0102241,0.04759082001282602,0.8255151230244814,-0.019536020012826016,0.0021488769755185766
50.44,9.9,0.0102241,17.3574,0.155585,0.86728,0.0287884,0.0,0,-12.2343,294.054,1.76563,17.3574,0.0102241,0.047621378851029565,0.8265833212688605,-0.018832978851029566,0.04069667873113958
50.46,10.1164,0.0104476,17.3741,0.114221,0.894523,0.0280889,0.0,0,-12.3016,294.395,1.76659,17.3741,0.0104476,0.048708610497861175,0.8462682696508897,-0.020619710497861175,0.04825473034911021
50.48,10.3,0.0106372,17.3869,0.056566,0.907228,0.0266701,0.0,0,-12.3694,294.736,1.76758,17.3869,0.0106372,0.04962863771815957,0.8628881611418686,-0.02295853771815957,0.04433983885813142
50.5,10.3,0.0106372,17.3997,-0.00752663,0.904025,0.0282896,0.0,0,-12.4376,295.077,1.76859,17.3997,0.0106372,0.04966464803357819,0.8641499763898504,-0.021375048033578186,0.03987502361014961
50.52,10.3,0.0106372,17.3622,-0.0637561,0.891736,0.0280621,0.0,0,-12.5061,295.418,1.76959,17.3622,0.0106372,0.049559145816951256,0.8604558015030711,-0.021497045816951256,0.03128019849692887
50.54,10.4514,0.0107935,17.3547,-0.100571,0.881197,0.0285138,0.0,0,-12.5749,295.758,1.77059,17.3547,0.0107935,0.05026599829057801,0.8723513205334943,-0.021752198290578013,0.008845679466505718
50.56,10.5,0.0108438,17.3766,-0.116001,0.877384,0.0268,0.0,0,-12.6439,296.098,1.77161,17.3766,0.0108438,0.05056307928771251,0.8786144035508652,-0.02376307928771251,-0.0012304035508651223
50.58,10.5,0.0108438,17.3614,-0.117619,0.880759,0.028,0.0,0,-12.7134,296.439,1.77262,17.3614,0.0108438,0.050519483789402644,0.877088965861335,-0.022519483789402644,0.003670034138664957
50.6,10.5526,0.0108981,17.3867,-0.115801,0.893076,0.0270581,0.0,0,-12.7832,296.779,1.77364,17.3867,0.0108981,0.05084540458681164,0.8840337959295179,-0.023787304586811636,0.009042204070482063
50.62,10.7,0.0110503,17.3974,-0.117314,0.911733,0.0276103,0.0,0,-12.8534,297.119,1.77467,17.3974,0.0110503,0.05158682715530838,0.8974766667517621,-0.023976527155308378,0.01425633324823794
50.64,10.7,0.0110503,17.3897,-0.123646,0.925219,0.0262886,0.0,0,-12.924,297.46,1.77572,17.3897,0.0110503,0.05156432337645209,0.8966881142194889,-0.025275723376452088,0.028530885780511106
50.66,10.7,0.0110503,17.4099,-0.132433,0.926105,0.0294,0.0,0,-12.995,297.801,1.77675,17.4099,0.0110503,0.05162335834388317,0.8987575064311717,-0.022223358343883174,0.027347493568828263
50.68,10.7081,0.0110587,17.3702,-0.138813,0.920592,0.0294162,0.0,0,-13.0664,298.141,1.77779,17.3702,0.0110587,0.05154648837868347,0.8953728124354076,-0.022130288378683468,0.025219187564592405
50.7,10.9,0.0112569,17.3257,-0.138604,0.916836,0.0296,0.0,0,-13.1379,298.481,1.77884,17.3257,0.0112569,0.0523379086875478,0.9067909045478469,-0.022737908687547798,0.010045095452153041
50.72,10.9,0.0112569,17.3588,-0.134001,0.914979,0.0306212,0.0,0,-13.2097,298.82,1.7799,17.3588,0.0112569,0.05243646707168821,0.9102341446040213,-0.02181526707168821,0.0047448553959786866
50.74,10.9119,0.0112692,17.4155,-0.132877,0.913526,0.0324331,0.0,0,-13.2819,299.16,1.78095,17.4155,0.0112692,0.05266276253958198,0.9171483410080901,-0.02022966253958198,-0.003622341008090113
50.76,11.1178,0.0114818,17.388,-0.139956,0.914186,0.0324452,0.0,0,-13.3547,299.5,1.78202,17.388,0.0114818,0.05357285506939674,0.9315248039466706,-0.02112765506939674,-0.017338803946670533
50.78,11.2,0.0115667,17.3508,-0.153197,0.918322,0.0340235,0.0,0,-13.4278,299.84,1.7831,17.3508,0.0115667,0.05385521712607122,0.9344311013110365,-0.01983171712607122,-0.01610910131103649
50.8,11.2116,0.0115787,17.3798,-0.168348,0.926871,0.0370258,0.0,0,-13.5011,300.18,1.78419,17.3798,0.0115787,0.05399990866355347,0.9385076125908265,-0.01697410866355347,-0.01163661259082649
50.82,11.4124,0.011786,17.3803,-0.181768,0.942971,0.0337775,0.0,0,-13.5749,300.519,1.78528,17.3803,0.011786,0.0549683468841698,0.9553663593509363,-0.0211908468841698,-0.012395359350936275
50.84,11.5,0.0118765,17.3607,-0.190899,0.969134,0.0360526,0.0,0,-13.6491,300.859,1.7864,17.3607,0.0118765,0.055328897358618505,0.9605483883737683,-0.019276297358618508,0.008585611626231726
50.86,11.5,0.0118765,17.3462,-0.194768,1.00237,0.0361523,0.0,0,-13.7236,301.198,1.78752,17.3462,0.0118765,0.055283346849741816,0.9589559911249914,-0.019131046849741817,0.04341400887500857
50.88,11.6,0.0119798,17.3461,-0.192254,1.03457,0.031352,0.0,0,-13.7983,301.537,1.78863,17.3461,0.0119798,0.05576392196672958,0.9672865668270879,-0.02441192196672958,0.06728343317291208
50.9,11.6,0.0119798,17.3676,-0.182526,1.05876,0.0345384,0.0,0,-13.8735,301.875,1.78976,17.3676,0.0119798,0.055832049312488995,0.9696686996395838,-0.021293649312488998,0.08909130036041613
50.92,11.6,0.0119798,17.413,-0.168874,1.07457,0.0347515,0.0,0,-13.9491,302.214,1.79088,17.413,0.0119798,0.05597589693555577,0.9747082933388326,-0.02122439693555577,0.09986170666116745
50.94,11.7,0.012083,17.4243,-0.156791,1.08495,0.0333885,0.0,0,-14.0253,302.554,1.79201,17.4243,0.012083,0.05649425748634231,0.9843728907192743,-0.02310575748634231,0.10057710928072583
50.96,11.7,0.012083,17.3707,-0.147279,1.08903,0.0330508,0.0,0,-14.102,302.894,1.79315,17.3707,0.012083,0.05632296851626863,0.9783693892055475,-0.023272168516268635,0.11066061079445244
50.98,11.7,0.012083,17.3659,-0.136422,1.08332,0.0329166,0.0,0,-14.1788,303.233,1.79429,17.3659,0.012083,0.05630762808947803,0.9778326386390664,-0.02339102808947803,0.10548736136093362
51.0,11.7,0.012083,17.364,-0.121574,1.06731,0.0348524,0.0,0,-14.256,303.571,1.79542,17.364,0.012083,0.0563015557865806,0.9776202146781856,-0.021449155786580604,0.08968978532181437
51.02,11.8,0.0121863,17.3502,-0.105132,1.04305,0.0324688,0.0,0,-14.3335,303.91,1.79656,17.3502,0.0121863,0.05673845452356066,0.9844235336746823,-0.02426965452356066,0.05862646632531776
51.04,11.8536,0.0122417,17.3751,-0.0920279,1.01413,0.0332489,0.0,0,-14.4114,304.248,1.7977,17.3751,0.0122417,0.05707704317719816,0.9917193329081357,-0.023828143177198162,0.022410667091864234
51.06,11.9136,0.0123037,17.3633,-0.0855233,0.986353,0.0326496,0.0,0,-14.4897,304.586,1.79886,17.3633,0.0123037,0.057327747186238315,0.9953988727188117,-0.024678147186238314,-0.009045872718811632
51.08,12.1,0.0124961,17.3509,-0.0863488,0.962727,0.0303817,0.0,0,-14.5684,304.925,1.80002,17.3509,0.0124961,0.05818332100868168,1.0095329844895349,-0.027801621008681675,-0.04680598448953488
51.1,12.2,0.0125994,17.3353,-0.0937939,0.941129,0.0319705,0.0,0,-14.6475,305.262,1.8012,17.3353,0.0125994,0.05861235811996956,1.0160628117171082,-0.02664185811996956,-0.07493381171710822
51.12,12.3,0.0127027,17.2977,-0.10608,0.922156,0.0339398,0.0,0,-14.7268,305.6,1.80238,17.2977,0.0127027,0.05896661422535701,1.019986802885958,-0.025026814225357012,-0.09783080288595802
51.14,12.4,0.012806,17.2904,-0.12054,0.911358,0.0348214,0.0,0,-14.8064,305.937,1.80357,17.2904,0.012806,0.059421459648538046,1.0274208059070824,-0.024600059648538043,-0.1160628059070824
51.16,12.5,0.0129092,17.2898,-0.133463,0.910337,0.0327617,0.0,0,-14.8864,306.273,1.80478,17.2898,0.0129092,0.05989832461094439,1.0356300528583062,-0.02713662461094439,-0.12529305285830628
51.18,12.5,0.0129092,17.268,-0.140642,0.914407,0.037881,0.0,0,-14.9668,306.609,1.80598,17.268,0.0129092,0.05982387256638616,1.0330386314763562,-0.021942872566386162,-0.11863163147635625
51.2,12.6564,0.0130707,17.2696,-0.140645,0.920188,0.0346532,0.0,0,-15.0475,306.945,1.80719,17.2696,0.0130707,0.060577914191386174,1.0461563469195627,-0.025924714191386172,-0.1259683469195627
51.22,12.7,0.0131158,17.2867,-0.13697,0.928828,0.0353338,0.0,0,-15.1285,307.281,1.80842,17.2867,0.0131158,0.06084629544878276,1.0518316555344729,-0.025512495448782764,-0.1230036555344729
51.24,12.7,0.0131158,17.2842,-0.135596,0.94309,0.0396011,0.0,0,-15.2101,307.617,1.80964,17.2842,0.0131158,0.06083762085125017,1.0515296063171782,-0.02123652085125017,-0.1084396063171782
51.26,12.7,0.0131158,17.2594,-0.141249,0.964095,0.0420961,0.0,0,-15.2921,307.953,1.81087,17.2594,0.0131158,0.06075156593546768,1.048535577106611,-0.018655465935467686,-0.0844405771066109
51.28,12.7,0.0131158,17.2352,-0.154488,0.989825,0.0379744,0.0,0,-15.3744,308.288,1.81209,17.2352,0.0131158,0.06066758790461268,1.0456180110535804,-0.02269318790461268,-0.05579301105358048
51.3,12.7,0.0131158,17.2198,-0.171111,1.01881,0.0429932,0.0,0,-15.457,308.622,1.81332,17.2198,0.0131158,0.06061414472550617,1.0437634493442711,-0.01762094472550617,-0.024953449344271128
51.32,12.7,0.0131158,17.257,-0.185703,1.05359,0.0425153,0.0,0,-15.5399,308.957,1.81454,17.257,0.0131158,0.060743237760131526,1.0482460540265899,-0.018227937760131527,0.005343945973410147
51.34,12.7,0.0131158,17.2887,-0.194504,1.09612,0.0391707,0.0,0,-15.6233,309.291,1.81576,17.2887,0.0131158,0.06085323508812806,1.0520733254681194,-0.021682535088128056,0.0440466745318806
51.36,12.7,0.0131158,17.2564,-0.196218,1.14309,0.0410802,0.0,0,-15.7074,309.627,1.81699,17.2564,0.0131158,0.06074115570857368,1.0481736793694307,-0.01966095570857368,0.0949163206305692
51.38,12.7,0.0131158,17.2409,-0.193975,1.18722,0.0416,0.0,0,-15.7917,309.961,1.81821,17.2409,0.0131158,0.060687368306205344,1.0463048482304558,-0.019087368306205346,0.14091515176954417
51.4,12.7,0.0131158,17.2223,-0.19277,1.21999,0.0413334,0.0,0,-15.8763,310.296,1.81943,17.2223,0.0131158,0.06062282070441205,1.0440644050175958,-0.01928942070441205,0.17592559498240412
51.42,12.7,0.0131158,17.2189,-0.193265,1.23636,0.0414561,0.0,0,-15.9613,310.629,1.82065,17.2189,0.0131158,0.06061102135999659,1.0436551156956453,-0.019154921359996586,0.19270488430435462
51.44,12.7,0.0131158,17.2404,-0.192754,1.24107,0.042098,0.0,0,-16.0466,310.963,1.82187,17.2404,0.0131158,0.06068563319440368,1.0462445905247972,-0.018587633194403687,0.19482540947520266
51.46,12.7,0.0131158,17.241,-0.189588,1.24479,0.0398852,0.0,0,-16.1325,311.297,1.82309,17.241,0.0131158,0.060687715328308446,1.0463168999753658,-0.020802515328308444,0.19847310002463425
51.48,12.7,0.0131158,17.2313,-0.184432,1.25308,0.0389799,0.0,0,-16.2188,311.631,1.82432,17.2313,0.0131158,0.06065405378516619,1.0451481969883343,-0.02167415378516619,0.2079318030116657
51.5,12.7,0.0131158,17.1992,-0.182088,1.26486,0.0388509,0.0,0,-16.3054,311.964,1.82554,17.1992,0.0131158,0.060542652622343957,1.0412851909822183,-0.021691752622343956,0.22357480901778182
51.52,12.7,0.0131158,17.1793,-0.190463,1.2765,0.0379857,0.0,0,-16.3923,312.297,1.82676,17.1793,0.0131158,0.06047358641526191,1.0388938831037091,-0.022487886415261914,0.23760611689629085
51.54,12.7,0.0131158,17.1748,-0.21222,1.2822,0.0355848,0.0,0,-16.4795,312.629,1.82798,17.1748,0.0131158,0.060457967959486686,1.038353508110592,-0.024873167959486686,0.2438464918894081
51.56,12.7,0.0131158,17.2071,-0.239006,1.27782,0.038313,0.0,0,-16.567,312.962,1.82919,17.2071,0.0131158,0.06057006992621217,1.0422352502273253,-0.022257069926212167,0.23558474977267463
51.58,12.7,0.0131158,17.2327,-0.256478,1.26523,0.0384037,0.0,0,-16.6552,313.294,1.83041,17.2327,0.0131158,0.06065891220201696,1.0453168363036978,-0.022255212202016962,0.21991316369630232
51.6,12.7,0.0131158,17.202,-0.255557,1.24644,0.0322686,0.0,0,-16.7438,313.627,1.83163,17.202,0.0131158,0.06055237020885568,1.0416218723327355,-0.028283770208855676,0.20481812766726448
51.62,12.7,0.0131158,17.1985,-0.239901,1.2195,0.0342189,0.0,0,-16.8327,313.959,1.83285,17.1985,0.0131158,0.060540223215236534,1.0412010289672455,-0.026321323215236538,0.1782989710327545
51.64,12.7,0.0131158,17.2141,-0.221863,1.18589,0.0353459,0.0,0,-16.922,314.292,1.83407,17.2141,0.0131158,0.06059436329346936,1.0430774291701108,-0.02524846329346936,0.1428125708298893
51.66,12.7,0.0131158,17.1956,-0.211774,1.15149,0.0351349,0.0,0,-17.0118,314.624,1.83529,17.1956,0.0131158,0.06053015848399857,1.0408523932274458,-0.025395258483998574,0.11063760677255408
51.68,12.6869,0.0131023,17.1674,-0.212618,1.11783,0.0330177,0.0,0,-17.1019,314.956,1.83651,17.1674,0.0131023,0.06037007425582849,1.03639721277951,-0.027352374255828496,0.08143278722049008
51.7,12.6,0.0130125,17.1457,-0.222402,1.08319,0.0367667,0.0,0,-17.1923,315.287,1.83773,17.1457,0.0130125,0.05988153929468715,1.0267109082849175,-0.023114839294687148,0.056479091715082586
51.72,12.6,0.0130125,17.1583,-0.237655,1.04971,0.0378,0.0,0,-17.2829,315.618,1.83893,17.1583,0.0130125,0.05992492917483207,1.028209912260521,-0.022124929174832067,0.021500087739478868
51.74,12.6,0.0130125,17.1634,-0.254477,1.01967,0.0366,0.0,0,-17.374,315.948,1.84014,17.1634,0.0130125,0.059942491363229294,1.0288169562636496,-0.023342491363229294,-0.009146956263649475
51.76,12.4835,0.0128922,17.1376,-0.268315,0.991849,0.036967,0.0,0,-17.4655,316.279,1.84134,17.1376,0.0128922,0.05930023912465615,1.0162637780227073,-0.02233323912465615,-0.024414778022707306
51.78,12.4,0.012806,17.1324,-0.274323,0.968267,0.0387444,0.0,0,-17.5573,316.609,1.84253,17.1324,0.012806,0.058886078107565965,1.0088598445700632,-0.020141678107565966,-0.04059284457006318
51.8,12.4,0.012806,17.1361,-0.270251,0.953637,0.0356268,0.0,0,-17.6495,316.939,1.84371,17.1361,0.012806,0.058898617905889364,1.0092926062971106,-0.023271817905889364,-0.05565560629711064
51.82,12.4,0.012806,17.161,-0.260438,0.94517,0.0352222,0.0,0,-17.742,317.269,1.8449,17.161,0.012806,0.05898300439471683,1.0122073384177355,-0.023760804394716825,-0.06703733841773551
51.84,12.3,0.0127027,17.1692,-0.254025,0.935426,0.040272,0.0,0,-17.8351,317.6,1.84609,17.1692,0.0127027,0.05853472936303299,1.0049944753797861,-0.01826272936303299,-0.06956847537978617
51.86,12.2,0.0125994,17.14,-0.257031,0.924048,0.0376386,0.0,0,-17.9286,317.93,1.84726,17.14,0.0125994,0.05796130566173258,0.9934567790420965,-0.020322705661732582,-0.06940877904209652
51.88,12.1027,0.0124989,17.1224,-0.268581,0.916944,0.0373785,0.0,0,-18.0224,318.26,1.84842,17.1224,0.0124989,0.05744070626192304,0.983522748899151,-0.020062206261923038,-0.06657874889915105
51.9,12.0,0.0123929,17.1068,-0.282917,0.916606,0.0392311,0.0,0,-18.1164,318.589,1.84957,17.1068,0.0123929,0.05690234883214666,0.9734171010017665,-0.017671248832146665,-0.05681110100176645
51.92,11.7922,0.0121783,17.1117,-0.291604,0.920151,0.0352906,0.0,0,-18.2107,318.918,1.85071,17.1117,0.0121783,0.055932702255607085,0.9571036211872717,-0.020642102255607087,-0.036952621187271606
51.94,11.4,0.0117732,17.1152,-0.289057,0.925733,0.0362836,0.0,0,-18.3055,319.246,1.85182,17.1152,0.0117732,0.054082882999744133,0.9256393591172208,-0.017799282999744134,9.364088277918903e-05
51.96,11.3,0.01167,17.0666,-0.27599,0.93019,0.0368763,0.0,0,-18.4006,319.575,1.8529,17.0666,0.01167,0.05345865182055261,0.9123574271606432,-0.016582351820552607,0.017832572839356797
51.98,11.2034,0.0115702,16.985,-0.253245,0.921905,0.0334881,0.0,0,-18.4957,319.903,1.85397,16.985,0.0115702,0.05275151152506085,0.8959844232531585,-0.01926341152506085,0.02592057674684145
52.0,10.882,0.0112382,16.9775,-0.222124,0.893743,0.0338163,0.0,0,-18.5908,320.229,1.85503,16.9775,0.0112382,0.051215394308972026,0.8695093568805725,-0.017399094308972025,0.02423364311942744
52.02,10.7,0.0110503,17.0093,-0.192838,0.856828,0.0353373,0.0,0,-18.6862,320.555,1.85604,17.0093,0.0110503,0.05045204429602607,0.8581539570443962,-0.015114744296026071,-0.0013259570443961977
52.04,10.7,0.0110503,17.0199,-0.178192,0.825164,0.0327006,0.0,0,-18.7821,320.881,1.85706,17.0199,0.0110503,0.05048305248165598,0.8592165049325365,-0.017782452481655976,-0.03405250493253653
52.06,10.7,0.0110503,17.0104,-0.181698,0.799922,0.0314798,0.0,0,-18.8783,321.208,1.85807,17.0104,0.0110503,0.05045526216387883,0.8582641915124445,-0.018975462163878826,-0.05834219151244446
52.08,10.7,0.0110503,17.009,-0.19968,0.777551,0.0337943,0.0,0,-18.9749,321.534,1.85909,17.009,0.0110503,0.05045116669420504,0.8581238943017335,-0.01665686669420504,-0.08057289430173353
52.1,10.7,0.0110503,16.9856,-0.223062,0.756735,0.0308145,0.0,0,-19.0718,321.86,1.8601,16.9856,0.0110503,0.05038271177564921,0.8557805891364673,-0.019568211775649207,-0.09904558913646722
52.12,10.7,0.0110503,16.9218,-0.237538,0.734748,0.0346973,0.0,0,-19.1688,322.185,1.86112,16.9218,0.0110503,0.05019604993748216,0.8494075178320857,-0.01549874993748216,-0.11465951783208572
52.14,10.7,0.0110503,16.9849,-0.235219,0.711194,0.0329473,0.0,0,-19.2659,322.51,1.86213,16.9849,0.0110503,0.0503806639188433,0.8557105385951616,-0.0174333639188433,-0.14451653859516156
52.16,10.7,0.0110503,17.0521,-0.217986,0.691749,0.034694,0.0,0,-19.3636,322.835,1.86314,17.0521,0.0110503,0.05057724223990636,0.8624481923991072,-0.015883242239906357,-0.17069919239910725
52.18,10.7,0.0110503,17.0111,-0.187758,0.678633,0.0346013,0.0,0,-19.462,323.161,1.86416,17.0111,0.0110503,0.050457309893474044,0.8583343443288762,-0.015856009893474042,-0.1797013443288762
52.2,10.6,0.010947,16.9915,-0.14913,0.666151,0.0325248,0.0,0,-19.5606,323.487,1.86518,16.9915,0.010947,0.04992878719484798,0.8483649876212593,-0.01740398719484798,-0.1822139876212593
52.22,10.4889,0.0108323,16.9939,-0.112806,0.649713,0.0334917,0.0,0,-19.6593,323.812,1.86618,16.9939,0.0108323,0.0494124869530746,0.8397108620318544,-0.015920786953074598,-0.18999786203185443
52.24,10.3479,0.0106866,16.9955,-0.0852184,0.630348,0.0342783,0.0,0,-19.7584,324.137,1.86717,16.9955,0.0106866,0.04875233930829884,0.8285703827141929,-0.014474039308298839,-0.1982223827141929
52.26,10.1866,0.0105201,16.9826,-0.0663495,0.609259,0.0331465,0.0,0,-19.8578,324.462,1.86814,16.9826,0.0105201,0.04795678086429545,0.814430826705984,-0.01481028086429545,-0.205171826705984
52.28,9.99328,0.0103204,16.9443,-0.0558336,0.584601,0.031721,0.0,0,-19.9575,324.787,1.8691,16.9443,0.0103204,0.04694171492400528,0.7953945001868226,-0.015220714924005278,-0.21079350018682252
52.3,9.7459,0.010065,16.8956,-0.0519276,0.555809,0.0336759,0.0,0,-20.0573,325.111,1.87003,16.8956,0.010065,0.04565017555698167,0.7712871061405396,-0.011974275556981669,-0.21547810614053964
52.32,9.6,0.0099143,16.8748,-0.0517549,0.526965,0.0328362,0.0,0,-20.157,325.434,1.87094,16.8748,0.0099143,0.044912017238978676,0.7578813085043173,-0.012075817238978673,-0.23091630850431732
52.34,9.4,0.00970775,16.8887,-0.0545631,0.503756,0.0327194,0.0,0,-20.2569,325.756,1.87184,16.8887,0.00970775,0.044012014068575654,0.7433057019999536,-0.011292614068575652,-0.23954970199995362
52.36,9.18785,0.00948865,16.9076,-0.059378,0.490706,0.0312729,0.0,0,-20.3572,326.078,1.87272,16.9076,0.00948865,0.04306610803354195,0.7281445281879139,-0.011793208033541953,-0.2374385281879139
52.38,9.00285,0.0092976,16.8868,-0.0637213,0.4911,0.0304399,0.0,0,-20.4579,326.401,1.87357,16.8868,0.0092976,0.04214773010852338,0.7117402887966127,-0.01170783010852338,-0.22064028879661268
52.4,8.78341,0.00907097,16.8957,-0.0677477,0.5042,0.0287004,0.0,0,-20.5588,326.724,1.87441,16.8957,0.00907097,0.04114169546805105,0.6951177441195502,-0.012441295468051047,-0.1909177441195502
52.42,8.7,0.00898483,16.8867,-0.0743355,0.525603,0.0270304,0.0,0,-20.6599,327.046,1.87523,16.8867,0.00898483,0.04072957063852462,0.6877880405015738,-0.013699170638524622,-0.16218504050157379
52.44,8.29719,0.00856883,16.855,-0.0834765,0.552776,0.0262657,0.0,0,-20.7613,327.368,1.87604,16.855,0.00856883,0.03877175427988815,0.6534979183875148,-0.012506054279888153,-0.10072191838751476
52.46,8.11368,0.00837932,16.8377,-0.0908575,0.582345,0.0262442,0.0,0,-20.8627,327.69,1.87681,16.8377,0.00837932,0.03787583936191841,0.6377420204241737,-0.011631639361918415,-0.055397020424173715
52.48,8.18213,0.00845,16.8343,-0.0927507,0.605224,0.0225821,0.0,0,-20.9643,328.011,1.87757,16.8343,0.00845,0.038187730439705775,0.6428637105411389,-0.015605630439705774,-0.037639710541138904
52.5,7.84425,0.00810106,16.8337,-0.0902135,0.615069,0.021378,0.0,0,-21.0661,328.332,1.87833,16.8337,0.00810106,0.03660942278146854,0.6162720402764069,-0.015231422781468537,-0.0012030402764069414
52.52,7.5,0.00774554,16.8529,-0.0895207,0.614462,0.0231836,0.0,0,-21.1681,328.652,1.87905,16.8529,0.00774554,0.035042114108402266,0.5905612448574926,-0.011858514108402267,0.023900755142507335
52.54,7.5,0.00774554,16.8475,-0.0970238,0.605196,0.0194425,0.0,0,-21.2705,328.974,1.87975,16.8475,0.00774554,0.035031037516500205,0.5901854045592372,-0.015588537516500203,0.015010595440762775
52.56,7.48568,0.00773075,16.8321,-0.110335,0.585895,0.0210568,0.0,0,-21.373,329.294,1.88046,16.8321,0.00773075,0.03493261430393522,0.587989257225268,-0.013875814303935217,-0.0020942572252679037
52.58,7.30227,0.00754134,16.7655,-0.119908,0.562428,0.0205909,0.0,0,-21.4757,329.615,1.88115,16.7655,0.00754134,0.03394367637369252,0.569082706243142,-0.013352776373692522,-0.006654706243141906
52.6,7.4,0.00764227,16.8439,-0.122229,0.543579,0.0205314,0.0,0,-21.5782,329.934,1.88184,16.8439,0.00764227,0.03455667018016205,0.5820690968476316,-0.014025270180162048,-0.038490096847631605
52.62,7.4,0.00764227,16.9368,-0.118916,0.530392,0.0207054,0.0,0,-21.6814,330.255,1.88253,16.9368,0.00764227,0.03474466954135002,0.588463519087937,-0.01403926954135002,-0.05807151908793706
52.64,7.3,0.007539,16.8753,-0.103404,0.523297,0.0217198,0.0,0,-21.7854,330.577,1.88323,16.8753,0.007539,0.034152377405445127,0.5763316144301082,-0.012432577405445126,-0.05303461443010815
52.66,7.1,0.00733245,16.5796,-0.0701649,0.526118,0.0211568,0.0,0,-21.8893,330.898,1.88391,16.5796,0.00733245,0.0326422870893457,0.541196063026516,-0.011485487089345704,-0.015078063026516042
52.68,7.2,0.00743572,16.7244,-0.0310045,0.534046,0.0189731,0.0,0,-21.9915,331.214,1.88457,16.7244,0.00743572,0.03338730826980061,0.5583826984274533,-0.01441420826980061,-0.02433669842745323
52.7,7.14261,0.00737645,16.9141,-0.00178592,0.534237,0.018828,0.0,0,-22.0948,331.532,1.88524,16.9141,0.00737645,0.03349177022080254,0.5664831506916763,-0.014663770220802539,-0.032246150691676356
52.72,7.08554,0.00731751,16.8222,0.0133493,0.522108,0.0193312,0.0,0,-22.1996,331.854,1.88591,16.8222,0.00731751,0.03304606967433389,0.5559075932755796,-0.013714869674333892,-0.033799593275579576
52.74,7.0,0.00722917,16.7719,0.0178656,0.505171,0.016133,0.0,0,-22.304,332.173,1.88657,16.7719,0.00722917,0.032550799842236335,0.5459387598740035,-0.016417799842236333,-0.040767759874003495
52.76,7.0,0.00722917,16.7979,0.0207343,0.4915,0.0170398,0.0,0,-22.4082,332.492,1.88723,16.7979,0.00722917,0.0326005838339167,0.5476213471837493,-0.015560783833916701,-0.05612134718374934
52.78,7.0,0.00722917,16.7951,0.0315614,0.481916,0.0170297,0.0,0,-22.5129,332.812,1.88788,16.7951,0.00722917,0.03259522263061028,0.5474400236033627,-0.015565522630610281,-0.06552402360336274
52.8,6.9,0.0071259,16.8098,0.0479489,0.473565,0.0149369,0.0,0,-22.6177,333.131,1.88854,16.8098,0.0071259,0.032157321938017194,0.5405581503136814,-0.017220421938017195,-0.06699315031368136
52.82,6.8,0.00702263,16.8196,0.0603136,0.46479,0.0147055,0.0,0,-22.7229,333.45,1.88918,16.8196,0.00702263,0.031709503311572185,0.5333411618993196,-0.017004003311572185,-0.06855116189931959
52.84,6.8,0.00702263,16.8388,0.0667161,0.454121,0.0161177,0.0,0,-22.8283,333.769,1.88982,16.8388,0.00702263,0.0317452126805463,0.5345512872851831,-0.015627512680546303,-0.08043028728518309
52.86,6.68719,0.00690612,16.8364,0.0713,0.438452,0.0160256,0.0,0,-22.934,334.089,1.89045,16.8364,0.00690612,0.031214132539039433,0.5255336210802836,-0.015188532539039432,-0.08708162108028356
52.88,6.49217,0.00670472,16.8266,0.0747218,0.415371,0.0156783,0.0,0,-23.0399,334.409,1.89107,16.8266,0.00670472,0.030286420037154545,0.5096174753971846,-0.014608120037154546,-0.09424647539718461
52.9,6.285,0.00649076,16.8216,0.0737343,0.386598,0.01752,0.0,0,-23.146,334.728,1.89167,16.8216,0.00649076,0.029311301734188607,0.49306299325182706,-0.011791301734188606,-0.10646499325182707
52.92,5.98481,0.00618075,16.8181,0.0675774,0.356954,0.0183052,0.0,0,-23.2522,335.048,1.89225,16.8181,0.00618075,0.02790557711431802,0.4693187864663119,-0.00960037711431802,-0.11236478646631193
52.94,5.49186,0.00567166,16.8029,0.0614492,0.330269,0.0172912,0.0,0,-23.3585,335.367,1.8928,16.8029,0.00567166,0.025584193771068686,0.42988864951589006,-0.008292993771068687,-0.09961964951589009
52.96,5.17562,0.00534506,16.7791,0.0621827,0.308415,0.0149512,0.0,0,-23.465,335.685,1.89329,16.7791,0.00534506,0.024077216897885036,0.4039940300513028,-0.009126016897885036,-0.0955790300513028
52.98,4.70956,0.00486375,16.8023,0.0706167,0.292963,0.0167299,0.0,0,-23.5714,336.004,1.89376,16.8023,0.00486375,0.02193897125864537,0.3686251767791371,-0.005209071258645372,-0.07566217677913711
53.0,4.26986,0.00440966,16.7874,0.0805302,0.283174,0.0142986,0.0,0,-23.6781,336.322,1.89418,16.7874,0.00440966,0.019873272321702416,0.33362057177334714,-0.005574672321702416,-0.05044657177334716
53.02,3.78306,0.00390691,16.7791,0.0861465,0.274884,0.0127069,0.0,0,-23.7849,336.641,1.89456,16.7791,0.00390691,0.01759888612197589,0.2952934701292456,-0.004891986121975889,-0.0204094701292456
53.04,3.39513,0.00350628,16.769,0.0874699,0.265738,0.0132541,0.0,0,-23.8917,336.959,1.89489,16.769,0.00350628,0.01578483114396167,0.2646958334530932,-0.002530731143961672,0.0010421665469067531
53.06,3.1,0.00320149,16.7459,0.0869905,0.256066,0.00983976,0.0,0,-23.9986,337.277,1.89519,16.7459,0.00320149,0.014393106005975055,0.24102551386545765,-0.004553346005975055,0.015040486134542369
53.08,3.08973,0.00319089,16.7442,0.0855185,0.244713,0.00722053,0.0,0,-24.1054,337.594,1.89548,16.7442,0.00319089,0.014344013815489503,0.24017903612931932,-0.007123483815489503,0.004533963870680696
53.1,2.78342,0.00287455,16.715,0.0826746,0.230388,0.00806849,0.0,0,-24.2123,337.912,1.89576,16.715,0.00287455,0.012899727019006317,0.2156189371226906,-0.004831237019006318,0.014769062877309419
53.12,2.69133,0.00277944,16.6995,0.0786169,0.213464,0.00418265,0.0,0,-24.319,338.228,1.89601,16.6995,0.00277944,0.012461499794261744,0.208100815814274,-0.008278849794261744,0.005363184185725983
53.14,2.6,0.00268512,16.7171,0.0744672,0.193906,0.00435767,0.0,0,-24.4258,338.545,1.89625,16.7171,0.00268512,0.012051137289512587,0.20146006718251086,-0.007693467289512587,-0.007554067182510865
53.16,2.5,0.00258185,16.7244,0.0717911,0.173102,0.0036,0.0,0,-24.5327,338.862,1.89649,16.7244,0.00258185,0.011592639946346845,0.19387994751868315,-0.007992639946346844,-0.020777947518683143
53.18,2.5,0.00258185,16.7111,0.072071,0.156757,0.0036,0.0,0,-24.6398,339.179,1.89672,16.7111,0.00258185,0.011583543453215495,0.19357375300102944,-0.007983543453215496,-0.036816753001029434
53.2,2.5,0.00258185,16.7033,0.0759359,0.149969,0.00354429,0.0,0,-24.7469,339.495,1.89696,16.7033,0.00258185,0.011578208532948716,0.19339429058840227,-0.008033918532948716,-0.04342529058840228
53.22,2.5,0.00258185,16.7243,0.08142,0.151797,0.00290958,0.0,0,-24.8539,339.812,1.89719,16.7243,0.00258185,0.0115925715527434,0.19387764441954644,-0.0086829915527434,-0.042080644419546454
53.24,2.5,0.00258185,16.7298,0.0848537,0.158026,0.00381815,0.0,0,-24.9612,340.128,1.89742,16.7298,0.00258185,0.011596333176584546,0.19400433477762416,-0.007778183176584546,-0.03597833477762416
53.26,2.4,0.00247857,16.7136,0.0858472,0.165384,0.00177534,0.0,0,-25.0686,340.445,1.89765,16.7136,0.00247857,0.011121814348049801,0.18588555628756515,-0.009346474348049801,-0.020501556287565142
53.28,2.4,0.00247857,16.7551,0.0879544,0.17141,0.00332333,0.0,0,-25.176,340.762,1.89788,16.7551,0.00247857,0.011149061635349029,0.1868036426064365,-0.00782573163534903,-0.015393642606436497
53.3,2.38568,0.00246379,16.7402,0.0930068,0.173191,0.00188592,0.0,0,-25.2837,341.079,1.8981,16.7402,0.00246379,0.01107285410481403,0.18536179228540786,-0.009186934104814031,-0.01217079228540785
53.32,2.3,0.0023753,16.7595,0.0994891,0.16789,0.0024,0.0,0,-25.3914,341.396,1.89832,16.7595,0.0023753,0.010687300834398982,0.17911381833410975,-0.008287300834398983,-0.011223818334109736
53.34,2.24701,0.00232058,16.7488,0.105951,0.154632,0.00124392,0.0,0,-25.4992,341.714,1.89853,16.7488,0.00232058,0.010434518541674095,0.17476566415079106,-0.009190598541674096,-0.02013366415079107
53.36,2.2,0.00227203,16.7284,0.111859,0.135999,0.00252269,0.0,0,-25.6071,342.031,1.89874,16.7284,0.00227203,0.010203934463011271,0.17069549727103775,-0.007681244463011271,-0.03469649727103774
53.38,2.1,0.00216875,16.7412,0.117052,0.117295,0.00415282,0.0,0,-25.7149,342.348,1.89894,16.7412,0.00216875,0.009747444710297325,0.16318392138402957,-0.005594624710297326,-0.04588892138402957
53.4,2.08788,0.00215624,16.7065,0.122675,0.103416,0.00235153,0.0,0,-25.8229,342.665,1.89914,16.7065,0.00215624,0.009671398004904505,0.1615752107689371,-0.007319868004904505,-0.05815921076893711
53.42,1.9878,0.00205288,16.7228,0.130512,0.0966789,0.003478,0.0,0,-25.9306,342.981,1.89933,16.7228,0.00205288,0.0092166596745782,0.1541283564060363,-0.005738659674578199,-0.05744945640603631
53.44,1.9,0.0019622,16.7495,0.140763,0.0965018,0.00121607,0.0,0,-26.0386,343.297,1.89951,16.7495,0.0019622,0.008823417467122816,0.14778783086557362,-0.0076073474671228165,-0.05128603086557362
53.46,1.8,0.00185893,16.7395,0.151848,0.0990859,0.000675203,0.0,0,-26.1468,343.615,1.89968,16.7395,0.00185893,0.008354118450483564,0.13984376580186964,-0.007678915450483564,-0.04075786580186963
53.48,1.7,0.00175566,16.7469,0.162474,0.0999775,0.00022009,0.0,0,-26.2549,343.931,1.89985,16.7469,0.00175566,0.007893458664256,0.1321909629044288,-0.007673368664256,-0.03221346290442881
53.5,1.58327,0.0016351,16.7408,0.172386,0.0988147,0.00106614,0.0,0,-26.3632,344.248,1.9,16.7408,0.0016351,0.007348777096283423,0.12302440761346153,-0.006282637096283423,-0.02420970761346153
53.52,1.40881,0.00145493,16.7302,0.180451,0.098995,-0.000140894,0.0,0,-26.4715,344.565,1.90014,16.7302,0.00145493,0.006534936371256326,0.10933079247839259,-0.006675830371256326,-0.010335792478392586
53.54,1.4,0.00144583,16.7292,0.184877,0.103031,0.000153157,0.0,0,-26.5797,344.882,1.90027,16.7292,0.00144583,0.0064936799272517,0.10863407023897914,-0.0063405229272517,-0.005603070238979144
53.56,1.28728,0.00132942,16.7125,0.186247,0.110004,0.00117101,0.0,0,-26.688,345.199,1.9004,16.7125,0.00132942,0.0059649639452990216,0.0996894599358099,-0.0047939539452990215,0.010314540064190109
53.58,1.10205,0.00113813,16.7358,0.187046,0.115912,-0.00275086,0.0,0,-26.7962,345.515,1.90051,16.7358,0.00113813,0.005113690337017442,0.08558169874225652,-0.007864550337017443,0.030330301257743483
53.6,1.18276,0.00122148,16.7258,0.188478,0.117392,-0.00139313,0.0,0,-26.9046,345.832,1.90061,16.7258,0.00122148,0.005484951874080971,0.0917402080555035,-0.006878081874080971,0.025651791944496502
53.62,1.0,0.00103274,16.7346,0.190601,0.115134,-0.000780738,0.0,0,-27.013,346.148,1.90072,16.7346,0.00103274,0.004639837742982241,0.0776458286937106,-0.00542057574298224,0.0374881713062894
53.64,1.1,0.00113601,16.7479,0.194282,0.111012,-0.00274395,0.0,0,-27.1215,346.465,1.90081,16.7479,0.00113601,0.005107806137516451,0.08554502641051177,-0.007851756137516451,0.025466973589488226
53.66,1.1,0.00113601,16.7189,0.200087,0.105796,-0.00158173,0.0,0,-27.23,346.782,1.90092,16.7189,0.00113601,0.00509907934949175,0.08525099773621762,-0.00668080934949175,0.020545002263782378
53.68,1.0,0.00103274,16.7142,0.206652,0.100341,-0.000508504,0.0,0,-27.3385,347.098,1.90102,16.7142,0.00103274,0.0046342568360401,0.07745789560894144,-0.0051427608360401,0.022883104391058562
53.7,1.1,0.00113601,16.7868,0.213086,0.0940301,-0.00289958,0.0,0,-27.4469,347.414,1.90111,16.7868,0.00113601,0.005119511116304307,0.08594020920717713,-0.008019091116304307,0.00808989079282288
53.72,1.0,0.00103274,16.7497,0.22069,0.0853593,-0.00320446,0.0,0,-27.5558,347.732,1.90121,16.7497,0.00103274,0.004643968532565913,0.07778507972991928,-0.007848428532565913,0.007574220270080714
53.74,0.9,0.000929465,16.6971,0.230375,0.076119,-0.000697068,0.0,0,-27.6645,348.049,1.9013,16.6971,0.000929465,0.004166615897185556,0.06957040229689694,-0.0048636838971855565,0.006548597703103065
53.76,0.9,0.000929465,16.7965,0.241138,0.0693333,-0.00223614,0.0,0,-27.7729,348.365,1.90138,16.7965,0.000929465,0.004191088471312995,0.07039561750840873,-0.006427228471312995,-0.001062317508408725
53.78,0.9,0.000929465,16.7559,0.250726,0.0639776,-0.00280988,0.0,0,-27.882,348.682,1.90147,16.7559,0.000929465,0.0041810933366834046,0.07005798184013345,-0.006990973336683404,-0.006080381840133459
53.8,0.8,0.000826191,16.7333,0.256399,0.0569771,-0.00196508,0.0,0,-27.9908,348.999,1.90155,16.7333,0.000826191,0.003711580716641173,0.06210699360577174,-0.0056766607166411735,-0.005129893605771735
53.82,0.7,0.000722917,16.7333,0.257277,0.047859,-0.00223135,0.0,0,-28.0995,349.316,1.90162,16.7333,0.000722917,0.0032476323923227297,0.05434360711045393,-0.00547898239232273,-0.006484607110453934
53.84,0.7,0.000722917,16.7427,0.25549,0.0384227,-0.00190495,0.0,0,-28.2083,349.633,1.90168,16.7427,0.000722917,0.0032494324468655806,0.05440427262813635,-0.005154382446865581,-0.015981572628136355
53.86,0.585893,0.000605074,16.7209,0.253529,0.0302773,-0.00277179,0.0,0,-28.3171,349.949,1.90174,16.7209,0.000605074,0.0027162468301683194,0.045418091622561454,-0.0054880368301683195,-0.015140791622561454
53.88,0.3,0.000309822,16.7431,0.252491,0.0231611,-0.00363643,0.0,0,-28.4258,350.266,1.90179,16.7431,0.000309822,0.001392648461539273,0.023317252456398197,-0.005029078461539273,-0.0001561524563981967
53.9,0.2,0.000206548,16.7724,0.253577,0.0149846,-0.00262986,0.0,0,-28.5346,350.582,1.90181,16.7724,0.000206548,0.0009300353052335175,0.01559892415349865,-0.0035598953052335173,-0.000614324153498649
53.92,0.0849474,8.77285e-05,16.7741,0.25884,0.00403054,-0.00395053,0.0,0,-28.6437,350.9,1.90182,16.7741,8.77285e-05,0.0003950595524579433,0.006626768438884787,-0.0043455895524579435,-0.002596228438884787
53.94,-0.253871,-0.000262183,16.7694,0.269342,-0.00922323,-0.00582632,0.0,0,-28.7527,351.217,1.90182,16.7694,-0.000262183,-0.0011803378271318745,-0.019793557158305258,-0.004645982172868126,0.010570327158305257
53.96,-0.4,-0.000413096,16.7696,0.283916,-0.0223005,-0.00322316,0.0,0,-28.8617,351.534,1.90178,16.7696,-0.000413096,-0.0018597643214500242,-0.031187503764988328,-0.0013633956785499759,0.008887003764988327
53.98,-0.5,-0.00051637,16.7726,0.300148,-0.0328347,-0.00570395,0.0,0,-28.9707,351.851,1.90174,16.7726,-0.00051637,-0.002325115790892853,-0.03899823711432947,-0.0033788342091071472,0.006163537114329466
54.0,-0.5,-0.00051637,16.7774,0.315538,-0.0401194,-0.0057304,0.0,0,-29.0797,352.169,1.90169,16.7774,-0.00051637,-0.00232577228825407,-0.03902041198895384,-0.00340462771174593,-0.0010989880110461592
54.02,-0.612845,-0.000632909,16.7701,0.3291,-0.0436714,-0.00615414,0.0,0,-29.1888,352.486,1.90164,16.7701,-0.000632909,-0.002849449747333239,-0.047785557207753154,-0.0033046902526667607,0.004114157207753155
54.04,-0.7,-0.000722917,16.7844,0.342627,-0.0421766,-0.00785684,0.0,0,-29.2977,352.803,1.90158,16.7844,-0.000722917,-0.003257417305318005,-0.05467379501937953,-0.004599422694681995,0.012497195019379528
54.06,-0.717741,-0.000741239,16.8056,0.357622,-0.0360525,-0.00678711,0.0,0,-29.4068,353.121,1.90151,16.8056,-0.000741239,-0.0033441371022249504,-0.05620023048515162,-0.0034429728977750495,0.020147730485151616
54.08,-1.0,-0.00103274,16.8056,0.372033,-0.0302767,-0.00754601,0.0,0,-29.5159,353.439,1.90144,16.8056,-0.00103274,-0.004659259356646001,-0.07830164904405003,-0.002886750643353999,0.048024949044050025
54.1,-1.20946,-0.00124906,16.8055,0.382926,-0.0307573,-0.0115559,0.0,0,-29.6251,353.757,1.90133,16.8055,-0.00124906,-0.005635165951917832,-0.09470178140495512,-0.005920734048082167,0.06394448140495512
54.12,-1.41163,-0.00145785,16.8037,0.388997,-0.036807,-0.00712087,0.0,0,-29.7341,354.075,1.90121,16.8037,-0.00145785,-0.006576433584252218,-0.11050841701969899,-0.0005444364157477814,0.07370141701969898
54.14,-1.55229,-0.00160311,16.7982,0.390039,-0.0445038,-0.00749311,0.0,0,-29.8432,354.393,1.90107,16.7982,-0.00160311,-0.007229374481809491,-0.1214404784203322,-0.0002637355181905089,0.0769366784203322
54.16,-1.6,-0.00165238,16.7687,0.388866,-0.0561687,-0.0108998,0.0,0,-29.9521,354.711,1.90092,16.7687,-0.00165238,-0.007438651721686168,-0.12473651912543884,-0.003461148278313831,0.06856781912543884
54.18,-1.80833,-0.00186753,16.7911,0.390489,-0.0760014,-0.00963332,0.0,0,-30.0609,355.028,1.90076,16.7911,-0.00186753,-0.0084182919235941,-0.1413523815182609,-0.0012150280764059006,0.06535098151826091
54.2,-1.88439,-0.00194608,16.7799,0.395199,-0.102121,-0.00958732,0.0,0,-30.1697,355.346,1.90059,16.7799,-0.00194608,-0.008766600801783823,-0.14710268479385238,-0.0008207191982161771,0.04498168479385238
54.22,-1.9,-0.0019622,16.8061,0.39872,-0.130285,-0.0111731,0.0,0,-30.2783,355.664,1.90041,16.8061,-0.0019622,-0.008852833766324323,-0.1487816095602232,-0.0023202662336756774,0.0184966095602232
54.24,-1.9,-0.0019622,16.9044,0.400394,-0.156295,-0.00994597,0.0,0,-30.3871,355.982,1.90023,16.9044,-0.0019622,-0.008903912960184866,-0.15051530624414902,-0.0010420570398151346,-0.0057796937558509676
54.26,-1.9,-0.0019622,16.834,0.403921,-0.17295,-0.00743852,0.0,0,-30.4965,356.302,1.90005,16.834,-0.0019622,-0.008867332552113333,-0.14927267618227585,0.0014288125521133331,-0.02367732381772414
54.28,-1.9,-0.0019622,16.7852,0.411518,-0.174496,-0.0115849,0.0,0,-30.6054,356.62,1.89987,16.7852,-0.0019622,-0.008841972030280735,-0.14841426892266818,-0.002742927969719266,-0.026081731077331832
54.3,-1.9,-0.0019622,16.8526,0.422354,-0.163216,-0.0127389,0.0,0,-30.7138,356.938,1.89969,16.8526,-0.0019622,-0.008876997867208272,-0.1496004942569141,-0.0038619021327917277,-0.013615505743085898
54.32,-2.0,-0.00206548,16.849,0.433953,-0.145908,-0.0134497,0.0,0,-30.8227,357.257,1.89951,16.849,-0.00206548,-0.009342269014586617,-0.1574078906267699,-0.004107430985413383,0.011499890626769899
54.34,-2.0,-0.00206548,16.8396,0.44439,-0.128231,-0.0146793,0.0,0,-30.9315,357.576,1.89932,16.8396,-0.00206548,-0.009337127303601644,-0.15723348894173025,-0.005342172696398355,0.029002488941730242
54.36,-2.0,-0.00206548,16.8509,0.455191,-0.114454,-0.015246,0.0,0,-31.0402,357.895,1.89913,16.8509,-0.00206548,-0.009343308282416519,-0.1574431535361725,-0.00590269171758348,0.0429891535361725
54.38,-2.1,-0.00216875,16.8665,0.4695,-0.107896,-0.0143591,0.0,0,-31.1488,358.214,1.89894,16.8665,-0.00216875,-0.009819416410320126,-0.1656191868846644,-0.004539683589679874,0.05772318688466439
54.4,-2.1,-0.00216875,16.8553,0.486953,-0.110141,-0.0134495,0.0,0,-31.2576,358.534,1.89874,16.8553,-0.00216875,-0.009812984070521745,-0.16540079040386516,-0.0036365159294782547,0.05525979040386515
54.42,-2.11123,-0.00218035,16.8499,0.504018,-0.119628,-0.0134449,0.0,0,-31.3661,358.853,1.89855,16.8499,-0.00218035,-0.009862353018196834,-0.16617966212131485,-0.0035825469818031655,0.046551662121314855
54.44,-2.2,-0.00227203,16.8969,0.518467,-0.131341,-0.0127233,0.0,0,-31.4746,359.172,1.89834,16.8969,-0.00227203,-0.010305327000702103,-0.17412807979816336,-0.002417972999297897,0.04278707979816335
54.46,-2.2,-0.00227203,16.8479,0.530114,-0.140107,-0.0120596,0.0,0,-31.5833,359.492,1.89813,16.8479,-0.00227203,-0.010275846178412163,-0.1731264288292703,-0.0017837538215878367,0.03301942882927028
54.48,-2.2,-0.00227203,16.8254,0.539585,-0.145301,-0.0130802,0.0,0,-31.6917,359.811,1.89793,16.8254,-0.00227203,-0.010262307896886346,-0.17266743528827153,-0.0028178921031136537,0.027366435288271512
54.5,-2.2,-0.00227203,16.9299,0.548396,-0.150637,-0.0126,0.0,0,-31.7998,360.13,1.89772,16.9299,-0.00227203,-0.010325179461421738,-0.1748042557639239,-0.002274820538578262,0.024167255763923895
54.52,-2.20397,-0.00227613,16.9217,0.557125,-0.159684,-0.0134327,0.0,0,-31.9086,360.451,1.89751,16.9217,-0.00227613,-0.010338870076783807,-0.17495125777831255,-0.003093829923216194,0.01526725777831256
54.54,-2.3,-0.0023753,16.9084,0.563673,-0.173571,-0.013536,0.0,0,-32.0172,360.772,1.8973,16.9084,-0.0023753,-0.010780967049822962,-0.1822889032652266,-0.002755032950177037,0.00871790326522659
54.56,-2.3,-0.0023753,16.9114,0.565801,-0.189872,-0.0108808,0.0,0,-32.1256,361.092,1.89708,16.9114,-0.0023753,-0.010782853867011132,-0.18235315488657206,-9.794613298886798e-05,-0.007518845113427958
54.58,-2.3,-0.0023753,16.9166,0.564641,-0.202214,-0.0121936,0.0,0,-32.2341,361.412,1.89687,16.9166,-0.0023753,-0.010786124317635978,-0.18246455063172076,-0.001407475682364023,-0.019749449368279243
54.6,-2.31791,-0.0023938,16.9225,0.564534,-0.20524,-0.0108716,0.0,0,-32.3424,361.733,1.89665,16.9225,-0.0023938,-0.010873871811520042,-0.1840130957304479,2.271811520042008e-06,-0.021226904269552094
54.62,-2.4,-0.00247857,16.9268,0.569493,-0.200962,-0.0122176,0.0,0,-32.4508,362.054,1.89643,16.9268,-0.00247857,-0.011261764254407596,-0.1906256311815065,-0.0009558357455924042,-0.010336368818493508
54.64,-2.55112,-0.00263464,16.9634,0.579894,-0.194951,-0.0148,0.0,0,-32.5591,362.375,1.89619,16.9634,-0.00263464,-0.011996425782591252,-0.20350016912040844,-0.0028035742174087486,0.008549169120408429
54.66,-2.6,-0.00268512,16.9936,0.591977,-0.186324,-0.0113287,0.0,0,-32.6675,362.696,1.89595,16.9936,-0.00268512,-0.01224774760334522,-0.20813332367220735,0.0009190476033452202,0.021809323672207365
54.68,-2.6,-0.00268512,16.9747,0.600961,-0.17205,-0.0110922,0.0,0,-32.7761,363.018,1.8957,16.9747,-0.00268512,-0.012234312608354387,-0.2076737862330332,0.0011421126083543866,0.035623786233033194
54.7,-2.6,-0.00268512,16.97,0.607002,-0.158646,-0.0172374,0.0,0,-32.8845,363.34,1.89545,16.97,-0.00268512,-0.012230971534827254,-0.20755958694601848,-0.005006428465172746,0.04891358694601847
54.72,-2.8,-0.00289167,16.9763,0.615038,-0.154778,-0.014551,0.0,0,-32.9927,363.662,1.8952,16.9763,-0.00289167,-0.013176654021815525,-0.22369083167054687,-0.0013743459781844752,0.06891283167054688
54.74,-2.8,-0.00289167,17.0066,0.626116,-0.159211,-0.0129197,0.0,0,-33.1009,363.984,1.89493,17.0066,-0.00289167,-0.013199849098346258,-0.22448455367593545,0.0002801490983462586,0.06527355367593546
54.76,-2.8,-0.00289167,17.0615,0.637537,-0.168536,-0.015,0.0,0,-33.2093,364.307,1.89467,17.0615,-0.00289167,-0.013241871455661237,-0.22592618984076418,-0.0017581285443387627,0.05739018984076419
54.78,-2.9,-0.00299494,17.0354,0.652066,-0.183136,-0.0157614,0.0,0,-33.3179,364.63,1.8944,17.0354,-0.00299494,-0.013694089639170596,-0.23328429463912675,-0.002067310360829402,0.05014829463912676
54.8,-2.9,-0.00299494,16.9401,0.674788,-0.197884,-0.0119973,0.0,0,-33.4262,364.953,1.89412,16.9401,-0.00299494,-0.013618530072390101,-0.23069926127929558,0.0016212300723901004,0.03281526127929557
54.82,-2.9,-0.00299494,16.9638,0.703091,-0.204832,-0.0129458,0.0,0,-33.5338,365.275,1.89384,16.9638,-0.00299494,-0.013637322493652541,-0.23134081131782297,0.0006915224936525407,0.026508811317822983
54.84,-2.9,-0.00299494,17.0739,0.729116,-0.206962,-0.0174,0.0,0,-33.6415,365.597,1.89357,17.0739,-0.00299494,-0.013724609772828196,-0.2343326148002913,-0.003675390227171803,0.027370614800291293
54.86,-2.9,-0.00299494,17.0496,0.747397,-0.211661,-0.0157067,0.0,0,-33.7499,365.921,1.89329,17.0496,-0.00299494,-0.013705346750001086,-0.23367067994881854,-0.002001353249998915,0.022009679948818556
54.88,-2.9,-0.00299494,17.0778,0.757112,-0.214436,-0.0144707,0.0,0,-33.8579,366.244,1.89302,17.0778,-0.00299494,-0.01372770126246222,-0.2344389366200773,-0.000742998737537779,0.020002936620077322
54.9,-2.9,-0.00299494,17.0746,0.761871,-0.20596,-0.0143671,0.0,0,-33.9661,366.568,1.89274,17.0746,-0.00299494,-0.013725164657755643,-0.2343516964653145,-0.0006419353422443576,0.028391696465314503
54.92,-2.90358,-0.00299864,17.0419,0.766989,-0.189074,-0.0162,0.0,0,-34.0742,366.892,1.89246,17.0419,-0.00299864,-0.013716166970005696,-0.23374954588614005,-0.0024838330299943034,0.04467554588614006
54.94,-3.0,-0.00309822,17.1236,0.775046,-0.17365,-0.0160193,0.0,0,-34.1819,367.216,1.89219,17.1236,-0.00309822,-0.014238656586608885,-0.24381705992645591,-0.001780643413391115,0.07016705992645592
54.96,-3.0,-0.00309822,17.1512,0.784983,-0.162151,-0.0161342,0.0,0,-34.2901,367.541,1.8919,17.1512,-0.00309822,-0.014261285877867484,-0.24459816634848078,-0.0018729141221325175,0.08244716634848079
54.98,-3.0,-0.00309822,17.1639,0.795549,-0.152952,-0.0155473,0.0,0,-34.3984,367.867,1.89161,17.1639,-0.00309822,-0.014271698115889908,-0.2449579992913228,-0.001275601884110092,0.0920059992913228
55.0,-3.0,-0.00309822,17.1648,0.807527,-0.149194,-0.0163307,0.0,0,-34.5066,368.193,1.89132,17.1648,-0.00309822,-0.014272435978686162,-0.2449835090869522,-0.0020582640213138385,0.09578950908695222
55.02,-3.0,-0.00309822,17.1758,0.820812,-0.153212,-0.0161217,0.0,0,-34.6148,368.519,1.89103,17.1758,-0.00309822,-0.014281454169730607,-0.24529540052845894,-0.0018402458302693922,0.09208340052845895
55.04,-3.0,-0.00309822,17.1939,0.831667,-0.160779,-0.0144181,0.0,0,-34.7229,368.845,1.89075,17.1939,-0.00309822,-0.014296292661661275,-0.24580902639533778,-0.00012180733833872491,0.08503002639533777
55.06,-2.9,-0.00299494,17.1852,0.835765,-0.169292,-0.014484,0.0,0,-34.8311,369.171,1.89046,17.1852,-0.00299494,-0.013812824512917947,-0.23737615181939747,-0.0006711754870820531,0.06808415181939748
55.08,-2.9,-0.00299494,17.2049,0.834034,-0.181503,-0.0160575,0.0,0,-34.9391,369.498,1.89018,17.2049,-0.00299494,-0.013828435928508668,-0.23791685730639875,-0.0022290640714913313,0.05641385730639875
55.1,-2.9,-0.00299494,17.2314,0.833087,-0.195496,-0.016018,0.0,0,-35.0472,369.825,1.88991,17.2314,-0.00299494,-0.013849434859874029,-0.23864515184443336,-0.0021685651401259724,0.04314915184443335
55.12,-2.84507,-0.00293821,17.213,0.838357,-0.203273,-0.0141219,0.0,0,-35.1553,370.152,1.88963,17.213,-0.00293821,-0.01357279398553132,-0.23362850287295062,-0.0005491060144686803,0.030355502872950607
55.14,-2.74554,-0.00283543,17.2669,0.849244,-0.203051,-0.0148892,0.0,0,-35.2632,370.479,1.88936,17.2669,-0.00283543,-0.013138442590297483,-0.2268601743624076,-0.001750757409702517,0.023809174362407592
55.16,-2.7,-0.0027884,17.272,0.861254,-0.199933,-0.0156886,0.0,0,-35.3714,370.807,1.8891,17.272,-0.0027884,-0.012924282147991366,-0.22322820126010687,-0.0027643178520086343,0.023295201260106868
55.18,-2.7,-0.0027884,17.2684,0.869412,-0.193829,-0.0129477,0.0,0,-35.4795,371.136,1.88884,17.2684,-0.0027884,-0.012921626535301914,-0.22313581566220758,-2.607346469808529e-05,0.02930681566220758
55.2,-2.49053,-0.00257207,17.2525,0.87002,-0.181441,-0.012666,0.0,0,-35.5875,371.464,1.88858,17.2525,-0.00257207,-0.011908315415173107,-0.20544821170027405,-0.0007576845848268933,0.02400721170027406
55.22,-2.30973,-0.00238535,17.249,0.863205,-0.16706,-0.0171805,0.0,0,-35.6953,371.792,1.88835,17.249,-0.00238535,-0.011041616415503936,-0.19045684155102738,-0.006138883584496066,0.023396841551027392
55.24,-2.29478,-0.00236991,17.2866,0.853493,-0.156877,-0.0137583,0.0,0,-35.8031,372.12,1.88813,17.2866,-0.00236991,-0.010993719253574905,-0.19004402724884795,-0.0027645807464250945,0.03316702724884796
55.26,-2.2,-0.00227203,17.306,0.844376,-0.150086,-0.0149039,0.0,0,-35.911,372.448,1.88791,17.306,-0.00227203,-0.010551324339523542,-0.18260121901979443,-0.004352575660476457,0.03251521901979443
55.28,-2.00567,-0.00207133,17.3138,0.835231,-0.145639,-0.0156,0.0,0,-36.0189,372.777,1.88771,17.3138,-0.00207133,-0.00962354297841479,-0.166620098419678,-0.005976457021585209,0.020981098419678018
55.3,-1.8,-0.00185893,17.3269,0.827541,-0.145258,-0.0140268,0.0,0,-36.1268,373.107,1.88752,17.3269,-0.00185893,-0.00864315692776729,-0.14975911577173104,-0.005383643072232712,0.00450111577173104
55.32,-1.79497,-0.00185374,17.3441,0.827317,-0.14469,-0.0121598,0.0,0,-36.2348,373.436,1.88736,17.3441,-0.00185374,-0.00862745940394202,-0.14963551864791078,-0.003532340596057981,0.004945518647910763
55.34,-1.7,-0.00175566,17.2445,0.836587,-0.136545,-0.00985164,0.0,0,-36.3428,373.766,1.88718,17.2445,-0.00175566,-0.008124728700313066,-0.14010688407254865,-0.0017269112996869344,0.003561884072548649
55.36,-1.60541,-0.00165797,17.3792,0.849568,-0.122011,-0.012852,0.0,0,-36.4501,374.094,1.88702,17.3792,-0.00165797,-0.007731719730392301,-0.13437110353843387,-0.0051202802696076995,0.012360103538433878
55.38,-1.69813,-0.00175372,17.4513,0.859951,-0.107662,-0.01064,0.0,0,-36.5583,374.424,1.88687,17.4513,-0.00175372,-0.008211676241589059,-0.14330442559484313,-0.0024283237584109413,0.03564242559484314
55.4,-1.6439,-0.00169772,17.4169,0.866945,-0.0966831,-0.0115672,0.0,0,-36.6668,374.756,1.8867,17.4169,-0.00169772,-0.007934015694090253,-0.13818595794240052,-0.0036331843059097466,0.04150285794240052
55.42,-1.60627,-0.00165886,17.4196,0.874026,-0.0901319,-0.0117875,0.0,0,-36.775,375.088,1.88655,17.4196,-0.00165886,-0.007753593986169093,-0.1350645058014711,-0.004033906013830906,0.04493260580147111
55.44,-1.7,-0.00175566,17.4244,0.884316,-0.0884819,-0.0112447,0.0,0,-36.8832,375.419,1.88639,17.4244,-0.00175566,-0.008208271455059781,-0.14302420514154363,-0.0030364285449402187,0.05454230514154362
55.46,-1.6,-0.00165238,17.4198,0.896726,-0.0895944,-0.0101789,0.0,0,-36.9914,375.75,1.88622,17.4198,-0.00165238,-0.007723393483936308,-0.13453996981147368,-0.0024555065160636914,0.04494556981147367
55.48,-1.5,-0.00154911,17.4661,0.906489,-0.0890142,-0.0100322,0.0,0,-37.0995,376.082,1.88607,17.4661,-0.00154911,-0.007259664438748244,-0.12679802505362073,-0.0027725355612517556,0.037783825053620726
55.5,-1.6,-0.00165238,17.4447,0.909797,-0.0827956,-0.00909646,0.0,0,-37.2079,376.414,1.88592,17.4447,-0.00165238,-0.007734273779962909,-0.13492208580931897,-0.0013621862200370915,0.05212648580931897
55.52,-1.6,-0.00165238,17.4828,0.907316,-0.070293,-0.011743,0.0,0,-37.3161,376.746,1.88577,17.4828,-0.00165238,-0.007750920632531084,-0.13550779523441445,-0.003992079367468916,0.06521479523441445
55.54,-1.44635,-0.0014937,17.538,0.902857,-0.0542266,-0.0123339,0.0,0,-37.4244,377.079,1.88561,17.538,-0.0014937,-0.0070283890337269886,-0.12326388687350393,-0.0053055109662730115,0.06903728687350393
55.56,-1.4,-0.00144583,17.5278,0.899096,-0.0392791,-0.0113782,0.0,0,-37.533,377.412,1.88548,17.5278,-0.00144583,-0.006799244487770369,-0.11917579753274146,-0.004578955512229631,0.07989669753274146
55.58,-1.4,-0.00144583,17.5802,0.896158,-0.0308577,-0.0114332,0.0,0,-37.6416,377.746,1.88534,17.5802,-0.00144583,-0.006819272936393167,-0.11988418207637917,-0.004613927063606832,0.08902648207637917
55.6,-1.4,-0.00144583,17.5637,0.893452,-0.0317713,-0.0108,0.0,0,-37.7504,378.08,1.8852,17.5637,-0.00144583,-0.006812966553218784,-0.11966090065076877,-0.003987033446781216,0.08788960065076877
55.62,-1.4,-0.00144583,17.5623,0.890912,-0.0398749,-0.010399,0.0,0,-37.8591,378.415,1.88507,17.5623,-0.00144583,-0.006812431454104952,-0.11964196492642741,-0.003586568545895048,0.0797670649264274
55.64,-1.19392,-0.00123301,17.5776,0.889307,-0.0524562,-0.00863099,0.0,0,-37.9677,378.749,1.88493,17.5776,-0.00123301,-0.005814656539321155,-0.10220770678557153,-0.0028163334606788448,0.04975150678557153
55.66,-1.1,-0.00113601,17.5778,0.88904,-0.0687827,-0.015635,0.0,0,-38.0763,379.083,1.88482,17.5778,-0.00113601,-0.005357281387640824,-0.09416922077567288,-0.010277718612359175,0.025386520775672883
55.68,-0.971861,-0.00100368,17.612,0.889379,-0.0834547,-0.00998896,0.0,0,-38.185,379.418,1.88472,17.612,-0.00100368,-0.004742302684674797,-0.08352143488249252,-0.005246657315325203,6.673488249250847e-05
55.7,-0.487655,-0.000503621,17.6359,0.890348,-0.0893815,-0.00888792,0.0,0,-38.2938,379.753,1.88464,17.6359,-0.000503621,-0.00238274725778837,-0.04202189236362991,-0.006505172742211631,-0.047359607636370094
55.72,-0.3,-0.000309822,17.6319,0.892583,-0.0898671,-0.0122593,0.0,0,-38.4027,380.089,1.88461,17.6319,-0.000309822,-0.0014655118013323866,-0.02583975752991251,-0.010793788198667614,-0.0640273424700875
55.74,-0.2464,-0.000254467,17.617,0.895198,-0.0902517,-0.00951924,0.0,0,-38.5116,380.424,1.88459,17.617,-0.000254467,-0.0012026708722311704,-0.02118745275609653,-0.00831656912776883,-0.06906424724390348
55.76,0.10853,0.000112083,17.6221,0.896806,-0.0860033,-0.00611291,0.0,0,-38.6204,380.76,1.88457,17.6221,0.000112083,0.0005298816920502973,0.009337628165479544,-0.006642791692050298,-0.09534092816547955
55.78,0.299573,0.000309381,17.6195,0.89596,-0.0741721,-0.00859453,0.0,0,-38.7293,381.095,1.8846,17.6195,0.000309381,0.0014624118007937371,0.02576696472408525,-0.010056941800793737,-0.09993906472408526
55.8,0.3,0.000309822,17.6289,0.889484,-0.06028,-0.00828204,0.0,0,-38.8381,381.43,1.88463,17.6289,0.000309822,0.0014652661334541852,0.025831030140050486,-0.009747306133454184,-0.08611103014005049
55.82,0.416037,0.000429658,17.7661,0.877219,-0.0474081,-0.00506415,0.0,0,-38.947,381.766,1.88466,17.7661,0.000429658,0.0020475944673968133,0.03637776806721853,-0.007111744467396814,-0.08378586806721852
55.84,0.652242,0.000673596,17.6861,0.867184,-0.0350045,-0.00602485,0.0,0,-39.0568,382.104,1.88471,17.6861,0.000673596,0.003195875300769998,0.056522570156948254,-0.009220725300769998,-0.09152707015694825
55.86,0.7,0.000722917,17.5975,0.868245,-0.0266787,-0.0059859,0.0,0,-39.1661,382.441,1.88478,17.5975,0.000722917,0.0034129500595898184,0.06005938867363183,-0.009398850059589818,-0.08673808867363184
55.88,0.7,0.000722917,17.7606,0.880727,-0.0237956,-0.00401745,0.0,0,-39.2748,382.776,1.88485,17.7606,0.000722917,0.003444110516091718,0.061169469232098574,-0.007461560516091718,-0.08496506923209857
55.9,0.709823,0.000733062,17.7251,0.897974,-0.0193945,-0.00132142,0.0,0,-39.3846,383.114,1.88492,17.7251,0.000733062,0.003485566807187768,0.06178202021408391,-0.004806986807187768,-0.0811765202140839
55.92,0.791479,0.000817391,17.7279,0.912974,-0.00897814,-0.000102252,0.0,0,-39.4942,383.451,1.885,17.7279,0.000817391,0.003887139700574374,0.06891082389781246,-0.003989391700574374,-0.07788896389781245
55.94,0.752501,0.000777137,17.7346,0.921932,0.00363845,-0.00274271,0.0,0,-39.6039,383.788,1.88508,17.7346,0.000777137,0.003697085778930731,0.06556633745502494,-0.006439795778930731,-0.061927887455024935
55.96,0.8,0.000826191,17.7837,0.924599,0.015031,-0.00326155,0.0,0,-39.7136,384.126,1.88515,17.7837,0.000826191,0.003941169756581472,0.07008858060011793,-0.007202719756581473,-0.05505758060011792
55.98,0.8,0.000826191,17.7888,0.922862,0.0272469,-0.0020064,0.0,0,-39.8236,384.464,1.88523,17.7888,0.000826191,0.003942283009499051,0.07012848399937671,-0.0059486830094990515,-0.04288158399937671
56.0,0.8,0.000826191,17.8371,0.917555,0.0412228,-0.0028082,0.0,0,-39.9337,384.803,1.88531,17.8371,0.000826191,0.003952825451411707,0.07050694285937575,-0.006761025451411707,-0.029284142859375757
56.02,0.8,0.000826191,17.8467,0.90727,0.0535205,-0.00553708,0.0,0,-40.0442,385.142,1.88539,17.8467,0.000826191,0.003954920688670316,0.07058228305449252,-0.009492000688670316,-0.01706178305449252
56.04,0.8,0.000826191,17.8385,0.89221,0.0635204,-0.00256394,0.0,0,-40.1547,385.482,1.88547,17.8385,0.000826191,0.003953131010047764,0.07051792752273704,-0.006517071010047764,-0.006997527522737038
56.06,0.854847,0.000882834,17.8641,0.876602,0.0747792,-0.00263133,0.0,0,-40.2652,385.821,1.88555,17.8641,0.000882834,0.004230124891406669,0.07556737407257788,-0.0068614548914066684,-0.0007881740725778769
56.08,0.9,0.000929465,17.8306,0.865209,0.0876019,-0.00519493,0.0,0,-40.3759,386.161,1.88564,17.8306,0.000929465,0.004445333484995901,0.07926296323756792,-0.0096402634849959,0.008338936762432081
56.1,0.904942,0.000934569,17.8662,0.859414,0.0994004,-0.00515711,0.0,0,-40.4864,386.5,1.88573,17.8662,0.000934569,0.0044785332205399325,0.08001437022481053,-0.009635643220539933,0.019386029775189467
56.12,1.0,0.00103274,17.9115,0.857049,0.11088,-0.00561858,0.0,0,-40.5971,386.84,1.88582,17.9115,0.00103274,0.004961334381926893,0.08886494078188355,-0.010579914381926892,0.02201505921811646
56.14,1.05208,0.00108653,17.9207,0.854731,0.124056,-0.00634245,0.0,0,-40.7082,387.181,1.88593,17.9207,0.00108653,0.0052223845684631984,0.09358878713605844,-0.0115648345684632,0.030467212863941565
56.16,1.2,0.00123929,17.9352,0.849958,0.137124,-0.00539528,0.0,0,-40.8193,387.522,1.88604,17.9352,0.00123929,0.0059613691281916485,0.10691834758794284,-0.011356649128191648,0.030205652412057152
56.18,1.20462,0.00124406,17.9199,0.841752,0.145904,-0.00738151,0.0,0,-40.9306,387.863,1.88616,17.9199,0.00124406,0.005979287212742218,0.10714822892361926,-0.013360797212742217,0.03875577107638074
56.2,1.31464,0.00135768,17.9389,0.831334,0.148857,-0.00530725,0.0,0,-41.0419,388.204,1.88628,17.9389,0.00135768,0.006532189109671928,0.11718028721949375,-0.011839439109671928,0.03167671278050624
56.22,1.45259,0.00150015,17.9398,0.821598,0.146937,-0.00313703,0.0,0,-41.1533,388.545,1.88642,17.9398,0.00150015,0.007218010825134808,0.12948967060075345,-0.010355040825134807,0.017447329399246564
56.24,1.5,0.00154911,17.9514,0.814517,0.139479,-0.00533866,0.0,0,-41.2647,388.886,1.88657,17.9514,0.00154911,0.007458329280587455,0.13388745224753765,-0.012796989280587454,0.005591547752462345
56.26,1.50849,0.00155788,17.9759,0.8111,0.127514,-0.00341314,0.0,0,-41.3763,389.228,1.88672,17.9759,0.00155788,0.007510632969489367,0.13501038719624392,-0.010923772969489367,-0.007496387196243931
56.28,1.7,0.00175566,17.9975,0.813444,0.116931,-0.00165724,0.0,0,-41.4881,389.57,1.88688,17.9975,0.00175566,0.00847415822939035,0.1525136627334528,-0.01013139822939035,-0.0355826627334528
56.3,1.7,0.00175566,18.0185,0.822389,0.111383,-0.00542694,0.0,0,-41.6,389.912,1.88706,18.0185,0.00175566,0.008483893685471531,0.1528670383716688,-0.013910833685471531,-0.041484038371668794
56.32,1.7,0.00175566,18.0525,0.833604,0.109914,-0.00130441,0.0,0,-41.7122,390.254,1.88723,18.0525,0.00175566,0.008499654733188994,0.1534400170708943,-0.009804064733188995,-0.043526017070894304
56.34,1.75299,0.00181038,18.1367,0.841179,0.113199,-3.21603e-05,0.0,0,-41.8246,390.598,1.8874,18.1367,0.00181038,0.008804812702049301,0.15969024653325756,-0.008836973002049301,-0.04649124653325756
56.36,1.8,0.00185893,18.0202,0.843726,0.121582,-0.00131489,0.0,0,-41.9376,390.943,1.88758,18.0202,0.00185893,0.00898376191664793,0.161889186490379,-0.01029865191664793,-0.04030718649037901
56.38,1.8,0.00185893,18.0304,0.842585,0.129218,-0.00156274,0.0,0,-42.05,391.285,1.88776,18.0304,0.00185893,0.00898876848858526,0.16207109135658768,-0.01055150848858526,-0.03285309135658768
56.4,1.85658,0.00191736,18.1042,0.837839,0.13042,0.000467063,0.0,0,-42.1625,391.628,1.88795,18.1042,0.00191736,0.00930866324483533,0.1685259011171478,-0.00884160024483533,-0.03810590111714779
56.42,1.9,0.0019622,18.12,0.829489,0.12622,0.00131014,0.0,0,-42.2755,391.972,1.88814,18.12,0.0019622,0.009534543473718722,0.17276592774378324,-0.008224403473718722,-0.046545927743783244
56.44,1.9,0.0019622,18.1343,0.820335,0.118732,-0.000536781,0.0,0,-42.3886,392.317,1.88833,18.1343,0.0019622,0.009541950468864661,0.1730365923875324,-0.010078731468864661,-0.05430459238753241
56.46,1.9,0.0019622,18.1102,0.816296,0.107711,0.0,0.0,0,-42.502,392.661,1.88852,18.1102,0.0019622,0.009529467192357408,0.1725805567470311,-0.009529467192357408,-0.0648695567470311
56.48,1.9,0.0019622,18.1384,0.82157,0.0950314,0.000194656,0.0,0,-42.6152,393.006,1.88871,18.1384,0.0019622,0.009544074102034804,0.1731142336923481,-0.009349418102034804,-0.0780828336923481
56.5,1.9,0.0019622,18.1433,0.832972,0.0848646,-0.000633765,0.0,0,-42.7287,393.35,1.88891,18.1433,0.0019622,0.009546612072972136,0.17320704682355537,-0.010180377072972136,-0.08834244682355537
56.52,1.9,0.0019622,18.1626,0.842548,0.0793043,-0.000698208,0.0,0,-42.8423,393.695,1.8891,18.1626,0.0019622,0.009556608256245113,0.1735728531148775,-0.010254816256245114,-0.0942685531148775
56.54,1.9,0.0019622,18.203,0.845847,0.0775718,0.000721121,0.0,0,-42.956,394.04,1.88929,18.203,0.0019622,0.009577531283418714,0.17433980195207086,-0.008856410283418714,-0.09676800195207086
56.56,1.9,0.0019622,18.2068,0.844405,0.0766337,-0.0016223,0.0,0,-43.0701,394.386,1.88948,18.2068,0.0019622,0.00957949917757505,0.17441202562627345,-0.01120179917757505,-0.09777832562627345
56.58,1.9,0.0019622,18.2303,0.840297,0.0727299,-0.00057721,0.0,0,-43.1843,394.732,1.88968,18.2303,0.0019622,0.009591668615863707,0.17485899636778013,-0.010168878615863707,-0.10212909636778013
56.6,1.9,0.0019622,18.2143,0.83369,0.0655654,-0.000785282,0.0,0,-43.2987,395.078,1.88987,18.2143,0.0019622,0.009583383121953372,0.17455461519819532,-0.010368665121953372,-0.10898921519819532
56.62,1.9,0.0019622,18.2193,0.827506,0.0590641,-0.000351796,0.0,0,-43.413,395.425,1.89006,18.2193,0.0019622,0.00958597237597681,0.1746497065096343,-0.00993776837597681,-0.11558560650963429
56.64,1.9,0.0019622,18.2178,0.828731,0.0577761,0.000343855,0.0,0,-43.5275,395.771,1.89026,18.2178,0.0019622,0.009585195603317671,0.17462117646212066,-0.00924134060331767,-0.11684507646212067
56.66,1.9,0.0019622,18.2403,0.842497,0.0650545,-0.00181986,0.0,0,-43.642,396.117,1.89045,18.2403,0.0019622,0.009596846873750444,0.17504936603127025,-0.011416706873750444,-0.10999486603127025
56.68,1.9,0.0019622,18.2918,0.865709,0.0815785,0.000417117,0.0,0,-43.7567,396.463,1.89064,18.2918,0.0019622,0.009623512757355943,0.1760313706550034,-0.009206395757355943,-0.09445287065500341
56.7,1.88571,0.00194745,18.2974,0.886803,0.102631,0.0,0.0,0,-43.8719,396.811,1.89084,18.2974,0.00194745,0.009554049508592807,0.17481426547852602,-0.009554049508592807,-0.07218326547852602
56.72,1.74756,0.00180478,18.3002,0.895108,0.122902,-0.000518433,0.0,0,-43.9871,397.158,1.89103,18.3002,0.00180478,0.008855452548321076,0.16205655272478536,-0.009373885548321076,-0.039154552724785366
56.74,1.7,0.00175566,18.3043,0.890682,0.143131,0.00273207,0.0,0,-44.1024,397.506,1.8912,18.3043,0.00175566,0.008616335893015723,0.15771599708652773,-0.0058842658930157235,-0.014584997086527718
56.76,1.7,0.00175566,18.3289,0.88065,0.163675,0.00234996,0.0,0,-44.2178,397.853,1.89137,18.3289,0.00175566,0.008627731130054734,0.1581368211096602,-0.006277771130054734,0.005538178890339779
56.78,1.7,0.00175566,18.3114,0.868296,0.178052,0.000426346,0.0,0,-44.3334,398.201,1.89155,18.3114,0.00175566,0.008619624837752611,0.15783739825402315,-0.008193278837752612,0.020214601745976835
56.8,1.6,0.00165238,18.3378,0.851787,0.180233,0.00176496,0.0,0,-44.4489,398.549,1.89172,18.3378,0.00165238,0.008124067646515376,0.1489775276882697,-0.006359107646515376,0.031255472311730315
56.82,1.6,0.00165238,18.383,0.831005,0.170917,0.00147102,0.0,0,-44.5647,398.897,1.89188,18.383,0.00165238,0.008143771273435638,0.14970694731956732,-0.006672751273435638,0.02121005268043269
56.84,1.6,0.00165238,18.3182,0.808958,0.154738,0.00276058,0.0,0,-44.6808,399.246,1.89204,18.3182,0.00165238,0.008115522868265793,0.14866177100546646,-0.005354942868265792,0.006076228994533528
56.86,1.5,0.00154911,18.4686,0.78646,0.138452,0.00316953,0.0,0,-44.7966,399.594,1.89221,18.4686,0.00154911,0.00766977991718552,0.14165009737853249,-0.00450024991718552,-0.003198097378532494
56.88,1.5,0.00154911,18.5819,0.761084,0.13026,0.00380837,0.0,0,-44.9133,399.945,1.89236,18.5819,0.00154911,0.007716062836427396,0.14337910802021023,-0.003907692836427396,-0.01311910802021024
56.9,1.5,0.00154911,18.4326,0.734525,0.13535,0.00146666,0.0,0,-45.0308,400.297,1.89251,18.4326,0.00154911,0.0076550710498823095,0.14110286263406066,-0.00618841104988231,-0.0057528626340606626
56.92,1.39373,0.00143936,18.4241,0.714947,0.152749,0.0,0.0,0,-45.1475,400.647,1.89266,18.4241,0.00143936,0.007109503376915827,0.1309862011666349,-0.007109503376915827,0.0217627988333651
56.94,1.2,0.00123929,18.3987,0.708735,0.176939,-0.00114552,0.0,0,-45.2641,400.997,1.8928,18.3987,0.00123929,0.0061129832420864175,0.11247094477617538,-0.007258503242086417,0.06446805522382464
56.96,1.19387,0.00123296,18.3816,0.714982,0.201181,-0.00208029,0.0,0,-45.3806,401.346,1.89292,18.3816,0.00123296,0.006076197823873291,0.11169023791930928,-0.008156487823873291,0.08949076208069072
56.98,1.0,0.00103274,18.3984,0.726473,0.217994,-0.00145278,0.0,0,-45.4971,401.695,1.89304,18.3984,0.00103274,0.00509406195666109,0.0937225895034334,-0.00654684195666109,0.12427141049656659
57.0,0.885935,0.00091494,18.4394,0.735543,0.219585,-0.0042,0.0,0,-45.6137,402.044,1.89313,18.4394,0.00091494,0.004522899710687973,0.08339955692525981,-0.008722899710687973,0.13618544307474018
57.02,0.8,0.000826191,18.4121,0.741707,0.204926,-0.00382554,0.0,0,-45.7306,402.394,1.89322,18.4121,0.000826191,0.004078229818610485,0.0750887752432381,-0.007903769818610485,0.1298372247567619
57.04,0.7,0.000722917,18.424,0.748845,0.182042,-0.00392392,0.0,0,-45.8473,402.743,1.89329,18.424,0.000722917,0.0035707194534508077,0.06578693521037768,-0.007494639453450807,0.11625506478962233
57.06,0.7,0.000722917,18.4107,0.756262,0.156989,-0.00374716,0.0,0,-45.9642,403.093,1.89336,18.4107,0.000722917,0.003568183318164892,0.06569275261573837,-0.007315343318164892,0.09129624738426162
57.08,0.6,0.000619644,18.4512,0.759126,0.129259,-0.00513451,0.0,0,-46.0809,403.442,1.89343,18.4512,0.000619644,0.003065066262929644,0.05655415063056745,-0.008199576262929643,0.07270484936943256
57.1,0.6,0.000619644,18.4938,0.75546,0.100007,-0.00292321,0.0,0,-46.198,403.793,1.89349,18.4938,0.000619644,0.00307202805217262,0.05681347239127,-0.00599523805217262,0.04319352760873
57.12,0.6,0.000619644,18.4909,0.748155,0.073095,-0.00331562,0.0,0,-46.3154,404.143,1.89355,18.4909,0.000619644,0.003071554152456143,0.0567958006776513,-0.006387174152456143,0.016299199322348697
57.14,0.6,0.000619644,18.5444,0.740667,0.0488606,-0.00574329,0.0,0,-46.4327,404.494,1.89362,18.5444,0.000619644,0.003080296198662701,0.057122244826480595,-0.0088235861986627,-0.008261644826480598
57.16,0.6,0.000619644,18.5444,0.733844,0.0262331,-0.0029023,0.0,0,-46.5504,404.846,1.89368,18.5444,0.000619644,0.003080296198662701,0.057122244826480595,-0.005982596198662701,-0.030889144826480596
57.18,0.6,0.000619644,18.5468,0.727442,0.00757298,-0.00197092,0.0,0,-46.6682,405.198,1.89374,18.5468,0.000619644,0.0030806883361294657,0.05713691043252598,-0.005051608336129465,-0.04956393043252598
57.2,0.583196,0.00060229,18.6109,0.722564,-0.004675,-0.00246722,0.0,0,-46.786,405.55,1.8938,18.6109,0.00060229,0.0030045884311008303,0.05591809483237444,-0.00547180843110083,-0.06059309483237444
57.22,0.5,0.00051637,18.6408,0.721851,-0.0113105,-0.00277655,0.0,0,-46.9042,405.903,1.89386,18.6408,0.00051637,0.002580037468767626,0.04809396244780356,-0.005356587468767627,-0.05940446244780356
57.24,0.5,0.00051637,18.6999,0.725816,-0.0128325,-0.0027523,0.0,0,-47.0226,406.257,1.89391,18.6999,0.00051637,0.0025880817803622114,0.04839687048459532,-0.005340381780362211,-0.061229370484595314
57.26,0.5,0.00051637,18.744,0.729431,-0.00891827,-0.0016,0.0,0,-47.1414,406.612,1.89396,18.744,0.00051637,0.0025940835590703365,0.04862350223121439,-0.004194083559070336,-0.057541772231214386
57.28,0.494252,0.000510434,18.7335,0.727047,-0.00384059,-0.00277701,0.0,0,-47.2605,406.967,1.89401,18.7335,0.000510434,0.0025628504172865146,0.04801115829223692,-0.0053398604172865145,-0.05185174829223692
57.3,0.385408,0.000398025,18.741,0.718838,-0.00418324,-0.00268326,0.0,0,-47.3796,407.323,1.89406,18.741,0.000398025,0.0019992400274514203,0.037467757354467064,-0.0046825000274514205,-0.04165099735446706
57.32,0.2,0.000206548,18.7674,0.708199,-0.00955241,-0.00317994,0.0,0,-47.4987,407.678,1.8941,18.7674,0.000206548,0.0010389070775839637,0.01949758468784928,-0.004218847077583964,-0.02904999468784928
57.34,0.2,0.000206548,18.7782,0.696982,-0.0135017,-0.000435886,0.0,0,-47.618,408.034,1.89411,18.7782,0.000206548,0.0010394949266068088,0.019519843630807977,-0.0014753809266068087,-0.033021543630807976
57.36,0.143465,0.000148162,18.7869,0.687333,-0.0134065,-0.00247423,0.0,0,-47.7373,408.39,1.89413,18.7869,0.000148162,0.0007459951478267981,0.014014936242707271,-0.003220225147826798,-0.02742143624270727
57.38,-0.101456,-0.000104777,18.7947,0.684896,-0.0124229,-0.00454149,0.0,0,-47.8568,408.747,1.89414,18.7947,-0.000104777,-0.0005277671815860028,-0.009919225847754447,-0.004013722818413997,-0.002503674152245554
57.4,-0.2,-0.000206548,18.8096,0.695023,-0.0136007,-0.00208578,0.0,0,-47.9762,409.103,1.89412,18.8096,-0.000206548,-0.0010412039461726674,-0.019584629745929404,-0.0010445760538273328,0.005983929745929404
57.42,-0.220531,-0.000227751,18.7864,0.716293,-0.018902,-0.00339469,0.0,0,-48.0958,409.46,1.8941,18.7864,-0.000227751,-0.0011466954858943463,-0.02154228007620555,-0.0022479945141056536,0.0026402800762055506
57.44,-0.452898,-0.000467725,18.793,0.741451,-0.0310375,-0.00190522,0.0,0,-48.2152,409.817,1.89407,18.793,-0.000467725,-0.00235574571420349,-0.044271529207026185,0.00045052571420349,0.013234029207026186
57.46,-0.6,-0.000619644,18.8059,0.764256,-0.0493212,-0.006,0.0,0,-48.3346,410.173,1.89401,18.8059,-0.000619644,-0.003123008072480451,-0.058730977510260116,-0.002876991927519549,0.009409777510260113
57.48,-0.697051,-0.000719872,18.7728,0.782455,-0.066661,-0.006,0.0,0,-48.4541,410.53,1.89394,18.7728,-0.000719872,-0.0036218788073601777,-0.06799280647481114,-0.0023781211926398225,0.0013318064748111397
57.5,-0.7,-0.000722917,18.8516,0.793955,-0.0776662,-0.00864817,0.0,0,-48.5734,410.886,1.89386,18.8516,-0.000722917,-0.0036522093766633884,-0.06884999028510753,-0.004995960623336612,-0.00881620971489247
57.52,-0.752417,-0.000777051,18.8667,0.79498,-0.082956,-0.0127272,0.0,0,-48.6931,411.244,1.89379,18.8667,-0.000777051,-0.003928788237265044,-0.07412326903600842,-0.008798411762734954,-0.008832730963991578
57.54,-1.3449,-0.00138894,18.8277,0.785144,-0.0832801,-0.004,0.0,0,-48.8129,411.602,1.89369,18.8277,-0.00138894,-0.007008244679725873,-0.13194912835647482,0.003008244679725873,0.048669028356474825
57.56,-1.27468,-0.00131641,18.7297,0.770477,-0.086038,-0.00988276,0.0,0,-48.9325,411.959,1.89354,18.7297,-0.00131641,-0.0066082796643992065,-0.12377109563029783,-0.0032744803356007943,0.03773309563029782
57.58,-2.20593,-0.00227815,18.7683,0.75773,-0.103531,-0.0136044,0.0,0,-49.0513,412.314,1.89338,18.7683,-0.00227815,-0.011459330625461943,-0.2150721549778574,-0.002145069374538058,0.1115411549778574
57.6,-2.41303,-0.00249204,18.8922,0.746453,-0.132565,-0.0026,0.0,0,-49.1703,412.67,1.89312,18.8922,-0.00249204,-0.012616578153827098,-0.2383549177977323,0.010016578153827099,0.10578991779773231
57.62,-2.6,-0.00268512,18.8995,0.732684,-0.167014,-0.00874299,0.0,0,-49.29,413.029,1.89285,18.8995,-0.00268512,-0.01359926239949757,-0.25701925971930434,0.004856272399497569,0.09000525971930434
57.64,-2.70887,-0.00279755,18.8973,0.718569,-0.21354,-0.0157163,0.0,0,-49.4096,413.388,1.89257,18.8973,-0.00279755,-0.01416706547041461,-0.267719286314066,-0.0015492345295853895,0.05417928631406599
57.66,-2.66049,-0.00274759,19.0108,0.704445,-0.267086,-0.00542049,0.0,0,-49.5291,413.746,1.89228,19.0108,-0.00274759,-0.01399620235601752,-0.2660790037497779,0.00857571235601752,-0.001006996250222103
57.68,-1.98658,-0.00205162,18.9205,0.680999,-0.307833,-0.00532525,0.0,0,-49.6493,414.107,1.89202,18.9205,-0.00205162,-0.010402129368167862,-0.19681348871042004,0.005076879368167862,-0.11101951128957999
57.7,-1.57277,-0.00162427,18.955,0.645507,-0.325367,-0.00501781,0.0,0,-49.7688,414.467,1.89184,18.955,-0.00162427,-0.008250134552525011,-0.15638130044311158,0.003232324552525011,-0.16898569955688844
57.72,-1.26291,-0.00130425,18.8109,0.607786,-0.320412,-0.0109549,0.0,0,-49.8884,414.826,1.89169,18.8109,-0.00130425,-0.006575146099009751,-0.12368441575386253,-0.004379753900990249,-0.19672758424613745
57.74,-0.668296,-0.000690175,18.9535,0.572957,-0.300026,-0.00511096,0.0,0,-50.0071,415.184,1.89158,18.9535,-0.000690175,-0.0035053221447317235,-0.06643812327017272,-0.0016056378552682768,-0.23358787672982728
57.76,-0.11369,-0.000117412,18.9676,0.538954,-0.277053,-0.00547379,0.0,0,-50.1266,415.543,1.89154,18.9676,-0.000117412,-0.0005967584572481393,-0.011319075713699807,-0.004877031542751861,-0.26573392428630016
57.78,-0.387379,-0.000400061,18.9426,0.509146,-0.25863,-0.00926117,0.0,0,-50.2463,415.903,1.89154,18.9426,-0.000400061,-0.002030716558669815,-0.038467051484258837,-0.0072304534413301855,-0.2201629485157412
57.8,-0.713038,-0.000736383,18.9437,0.490904,-0.240534,-0.00310431,0.0,0,-50.3657,416.263,1.89148,18.9437,-0.000736383,-0.003738106688934139,-0.07081357168316164,0.0006337966889341392,-0.16972042831683837
57.82,-0.833112,-0.000860388,18.968,0.486206,-0.220319,-0.0060883,0.0,0,-50.4852,416.623,1.8914,18.968,-0.000860388,-0.0043731014098058515,-0.0829489875411974,-0.0017151985901941481,-0.1373700124588026
57.84,-1.31368,-0.00135669,18.9019,0.493684,-0.207527,-0.00693161,0.0,0,-50.6047,416.983,1.89129,18.9019,-0.00135669,-0.006872040526725079,-0.12989462283210476,-5.9569473274921625e-05,-0.07763237716789523
57.86,-1.62993,-0.0016833,18.9572,0.512752,-0.213964,-0.0052,0.0,0,-50.7238,417.342,1.89113,18.9572,-0.0016833,-0.008550940876505401,-0.1621018963840882,0.0033509408765054014,-0.051862103615911787
57.88,-2.09921,-0.00216794,18.9777,0.542299,-0.242072,-0.0059979,0.0,0,-50.8432,417.702,1.89094,18.9777,-0.00216794,-0.011024560306441276,-0.2092207981275506,0.0050266603064412765,-0.032851201872449415
57.9,-2.10873,-0.00217777,18.941,0.586147,-0.293528,-0.0103922,0.0,0,-50.9627,418.062,1.8907,18.941,-0.00217777,-0.011053497274656992,-0.20936429187927807,0.0006612972746569915,-0.08416370812072194
57.92,-2.10743,-0.00217643,18.9296,0.653866,-0.375942,-0.0128068,0.0,0,-51.0818,418.422,1.89048,18.9296,-0.00217643,-0.011040160416234686,-0.2089858206151561,-0.0017666395837653143,-0.1669561793848439
57.94,-2.18662,-0.00225821,19.034,0.743278,-0.484912,-0.0102,0.0,0,-51.2008,418.781,1.89025,19.034,-0.00225821,-0.011517091874309424,-0.21921632673560557,0.0013170918743094229,-0.26569567326439447
