t_s,delta_wheel_deg,delta_road_rad,v_mps,a_long_mps2,accel_pedal_pct,brake_pedal_state,di_torque_actual_nm,wheel_FL_kph,wheel_FR_kph,wheel_RL_kph,wheel_RR_kph,x_m,y_m,psi_rad,v_state_mps,delta_state_rad,psi_dot_rads,a_y_mps2
0,-2,-0.00290888,35.0222,-0.0223201,21.4408,2,216,120.216,120.2,120.36,120.432,0,0,0,35.0222,-0.00290888,-0.0354351,-1.24101
0.02,-2,-0.00290888,35.0222,-0.0182595,21.2,2,216,119.96,120.12,120.44,120.2,0.70044,-0.0002482,-0.000708697,35.0222,-0.00290888,-0.0354351,-1.24101
0.04,-2,-0.00290888,35.0222,-0.0044675,21.3582,2,216,120.151,120.152,120.32,120.407,1.40088,-0.0009928,-0.00141739,35.0222,-0.00290888,-0.0354351,-1.24101
0.06,-2,-0.00290888,35.0222,0.0230283,21.2,2,216,120.122,120.28,120.367,120.393,2.10132,-0.00223381,-0.00212609,35.0222,-0.00290888,-0.0354351,-1.24101
0.08,-2,-0.00290888,35.0222,0.0677797,21.2,2,216,119.944,120.16,120.36,120.2,2.80177,-0.00397123,-0.0028348,35.0222,-0.00290888,-0.0354351,-1.24101
0.1,-2,-0.00290888,35.0222,0.127756,21.2,2,216,120.199,120.176,120.344,120.44,3.50222,-0.0062051,-0.00354352,35.0222,-0.00290888,-0.0354351,-1.24101
0.12,-2,-0.00290888,35.0222,0.18882,21.2,2,216,120.135,120.32,120.296,120.375,4.20269,-0.00893544,-0.00425224,35.0222,-0.00290888,-0.0354351,-1.24101
0.14,-2,-0.00290888,35.0265,0.225097,21.4432,2,216.784,120.016,120.184,120.358,120.247,4.90316,-0.0121623,-0.00496098,35.0265,-0.00290888,-0.0354394,-1.24132
0.16,-2,-0.00290888,35.0444,0.216174,21.2,2,216,120.135,120.183,120.433,120.44,5.60373,-0.0158861,-0.00566982,35.0444,-0.00290888,-0.0354575,-1.24259
0.18,-2,-0.00290888,35.0444,0.167159,21.2,2,216,120.191,120.345,120.295,120.396,6.30465,-0.0201088,-0.00637901,35.0444,-0.00290888,-0.0354575,-1.24259
0.2,-2.05761,-0.00299267,35.0444,0.103853,21.2,2,216,119.96,120.086,120.371,120.297,7.00556,-0.0248297,-0.0070933,35.0444,-0.00299267,-0.0364788,-1.27838
0.22,-2,-0.00290888,35.0444,0.0496898,21.2,2,216,120.105,120.195,120.33,120.44,7.70645,-0.0300571,-0.0078229,35.0444,-0.00290888,-0.0354575,-1.24259
0.24,-2,-0.00290888,35.0444,0.0139131,21.2,2,216,120.135,120.304,120.368,120.344,8.40732,-0.0357874,-0.00852696,35.0444,-0.00290888,-0.0354575,-1.24259
0.26,-2,-0.00290888,35.0444,-0.00461802,21.2,2,216,119.96,120.147,120.44,120.306,9.10818,-0.0420123,-0.00923611,35.0444,-0.00290888,-0.0354575,-1.24259
0.28,-2,-0.00290888,35.0444,-0.0110192,21.2,2,216,120.1,120.149,120.44,120.523,9.80904,-0.0487342,-0.00994526,35.0444,-0.00290888,-0.0354575,-1.24259
0.3,-2,-0.00290888,35.0444,-0.0106611,21.2,2,216,120.139,120.295,120.465,120.459,10.5099,-0.0559531,-0.0106544,35.0444,-0.00290888,-0.0354575,-1.24259
0.32,-2,-0.00290888,35.0444,-0.00756722,21.2,2,214.85,120.017,120.2,120.44,120.314,11.2107,-0.063669,-0.0113636,35.0444,-0.00290888,-0.0354575,-1.24259
0.34,-2,-0.00290888,35.0444,-0.00412191,21.2,2,216,120.189,120.174,120.398,120.48,11.9116,-0.0718819,-0.0120727,35.0444,-0.00290888,-0.0354575,-1.24259
0.36,-2,-0.00290888,35.0444,-0.00140598,21.2,2,214,120.169,120.335,120.391,120.394,12.6124,-0.0805918,-0.0127819,35.0444,-0.00290888,-0.0354575,-1.24259
0.38,-1.9609,-0.00285202,35.0444,0.000291031,21.2,2,214,120.04,120.2,120.456,120.336,13.3132,-0.0897979,-0.0134875,35.0444,-0.00285202,-0.0347644,-1.2183
0.4,-2,-0.00290888,35.0444,0.0010174,21.2,2,213.196,120.216,120.248,120.376,120.464,14.0141,-0.0994945,-0.0141828,35.0444,-0.00290888,-0.0354575,-1.24259
0.42,-1.938,-0.0028187,35.0444,0.000855663,21.2,2,212,120.244,120.345,120.366,120.36,14.7149,-0.109683,-0.0148899,35.0444,-0.0028187,-0.0343583,-1.20407
0.44,-2,-0.00290888,35.0444,-0.000212741,21.2,2,212,120.07,120.23,120.44,120.335,15.4157,-0.120359,-0.0155771,35.0444,-0.00290888,-0.0354575,-1.24259
0.46,-2,-0.00290888,35.0444,-0.00227734,21.2,2,210,120.244,120.297,120.389,120.463,16.1165,-0.131527,-0.0162918,35.0444,-0.00290888,-0.0354575,-1.24259
0.48,-1.9,-0.00276344,35.0444,-0.00530231,21.2,2,210,120.183,120.304,120.392,120.295,16.8173,-0.143191,-0.016992,35.0444,-0.00276344,-0.0336847,-1.18046
0.5,-1.9,-0.00276344,35.0444,-0.00876546,21.2,2,208.805,120,120.176,120.408,120.344,17.5181,-0.155334,-0.0176569,35.0444,-0.00276344,-0.0336847,-1.18046
0.52,-1.93808,-0.00281883,35.0444,-0.0111709,21.2,2,208,120.211,120.246,120.345,120.49,18.2188,-0.167946,-0.0183339,35.0444,-0.00281883,-0.0343598,-1.20412
0.54,-2,-0.00290888,35.0444,-0.00956994,21.2,2,207.195,120.183,120.296,120.392,120.344,18.9196,-0.181038,-0.01903,35.0444,-0.00290888,-0.0354575,-1.24259
0.56,-2,-0.00290888,35.0444,0.000602753,21.2,2,208,120.014,120.16,120.48,120.401,19.6203,-0.194625,-0.0197446,35.0444,-0.00290888,-0.0354575,-1.24259
0.58,-1.9,-0.00276344,35.0444,0.0248446,21.2,2,205.182,120.242,120.249,120.464,120.6,20.3211,-0.208709,-0.0204449,35.0444,-0.00276344,-0.0336847,-1.18046
0.6,-2,-0.00290888,35.0444,0.0673059,21.2,2,206,120.195,120.32,120.48,120.424,21.0218,-0.223274,-0.0211186,35.0444,-0.00290888,-0.0354575,-1.24259
0.62,-2,-0.00290888,35.0444,0.126149,21.2,2,204,120.04,120.272,120.464,120.344,21.7226,-0.238325,-0.0218367,35.0444,-0.00290888,-0.0354575,-1.24259
0.64,-1.94211,-0.00282469,35.0444,0.187282,21.2,2,204.842,120.221,120.177,120.343,120.6,22.4233,-0.253877,-0.0225407,35.0444,-0.00282469,-0.0344313,-1.20662
0.66,-2,-0.00290888,35.0483,0.224531,21.2,2,204,120.263,120.454,120.44,120.331,23.1241,-0.269916,-0.0232294,35.0483,-0.00290888,-0.0354614,-1.24286
0.68,-2,-0.00290888,35.0667,0.216725,21.2,2,202,120.092,120.289,120.466,120.391,23.8249,-0.286449,-0.0239438,35.0667,-0.00290888,-0.03548,-1.24417
0.7,-2,-0.00290888,35.0667,0.168301,21.2,2,203.189,120.29,120.297,120.391,120.431,24.526,-0.303489,-0.0246534,35.0667,-0.00290888,-0.03548,-1.24417
0.72,-2,-0.00290888,35.0667,0.104991,21.2,2,202,120.222,120.45,120.48,120.412,25.2272,-0.321028,-0.025363,35.0667,-0.00290888,-0.03548,-1.24417
0.74,-2,-0.00290888,35.0667,0.0505275,21.2,2,202,120.014,120.16,120.44,120.454,25.9283,-0.339063,-0.0260727,35.0667,-0.00290888,-0.03548,-1.24417
0.76,-2,-0.00290888,35.0667,0.0144121,21.2,2,202,120.385,120.385,120.328,120.44,26.6294,-0.357595,-0.0267823,35.0667,-0.00290888,-0.03548,-1.24417
0.78,-2,-0.00290888,35.0667,-0.00438461,21.2,2,202.704,120.13,120.304,120.48,120.424,27.3305,-0.376625,-0.0274919,35.0667,-0.00290888,-0.03548,-1.24417
0.8,-2,-0.00290888,35.0667,-0.0109603,21.2,2,202,120.072,120.176,120.44,120.271,28.0316,-0.396153,-0.0282015,35.0667,-0.00290888,-0.03548,-1.24417
0.82,-2,-0.00290888,35.0667,-0.0107173,21.2,2,202.802,120.312,120.336,120.432,120.64,28.7326,-0.416177,-0.0289111,35.0667,-0.00290888,-0.03548,-1.24417
0.84,-2,-0.00290888,35.0667,-0.00772606,21.2,2,202.547,120.222,120.302,120.48,120.422,29.4336,-0.436699,-0.0296207,35.0667,-0.00290888,-0.03548,-1.24417
0.86,-2,-0.00290888,35.0667,-0.00440937,21.2,2,202,120.087,120.177,120.473,120.386,30.1346,-0.457719,-0.0303303,35.0667,-0.00290888,-0.03548,-1.24417
0.88,-2,-0.00290888,35.0667,-0.00185604,21.2,2,203.198,120.296,120.408,120.432,120.568,30.8356,-0.479236,-0.0310399,35.0667,-0.00290888,-0.03548,-1.24417
0.9,-2,-0.00290888,35.0667,-0.000309921,21.2,2,202,120.242,120.378,120.464,120.393,31.5366,-0.501251,-0.0317495,35.0667,-0.00290888,-0.03548,-1.24417
0.92,-2,-0.00290888,35.0667,0.000401295,21.2,2,202,120.12,120.249,120.433,120.407,32.2376,-0.523763,-0.0324591,35.0667,-0.00290888,-0.03548,-1.24417
0.94,-2,-0.00290888,35.0667,0.00057819,21.2,2,202,120.334,120.334,120.388,120.614,32.9386,-0.546772,-0.0331687,35.0667,-0.00290888,-0.03548,-1.24417
0.96,-2.03988,-0.00296688,35.0667,0.000497693,21.2,2,202,120.136,120.408,120.48,120.296,33.6395,-0.570279,-0.0338818,35.0667,-0.00296688,-0.0361875,-1.26897
0.98,-2.1,-0.00305433,35.0667,0.000357459,21.2,2,202,120.16,120.326,120.486,120.365,34.3404,-0.594293,-0.0346144,35.0667,-0.00305433,-0.037254,-1.30638
1,-2.1,-0.00305433,35.0667,0.000272635,21.2,2,202,120.335,120.335,120.39,120.52,35.0413,-0.618827,-0.0353649,35.0667,-0.00305433,-0.037254,-1.30638
1.02,-2.1,-0.00305433,35.0667,0.000290439,21.2,2,202,120.169,120.434,120.465,120.44,35.7422,-0.643885,-0.0361099,35.0667,-0.00305433,-0.037254,-1.30638
1.04,-2.16475,-0.00314849,35.0667,0.000400956,21.2,2,202,120.092,120.186,120.52,120.468,36.4431,-0.669467,-0.0368608,35.0667,-0.00314849,-0.0384026,-1.34665
1.06,-2.16901,-0.0031547,35.0667,0.000534872,21.2,2,202,120.246,120.261,120.41,120.48,37.1439,-0.695584,-0.0376349,35.0667,-0.0031547,-0.0384783,-1.34931
1.08,-2.2,-0.00319977,35.0667,0.000550097,21.2,2,202,120.122,120.364,120.44,120.44,37.8448,-0.722243,-0.0384076,35.0667,-0.00319977,-0.0390281,-1.36858
1.1,-2.15994,-0.00314151,35.0667,0.000220673,21.2,2,202,120.072,120.16,120.52,120.456,38.5456,-0.749446,-0.0391874,35.0667,-0.00314151,-0.0383174,-1.34366
1.12,-2.1394,-0.00311164,35.0667,-0.000745981,21.2,2,202,120.247,120.336,120.44,120.552,39.2463,-0.77719,-0.0399484,35.0667,-0.00311164,-0.0379531,-1.33089
1.14,-2.2,-0.00319977,35.0667,-0.00262518,21.2,2,202,120.113,120.257,120.6,120.504,39.9471,-0.805466,-0.040711,35.0667,-0.00319977,-0.0390281,-1.36858
1.16,-2.1,-0.00305433,35.0667,-0.00548019,21.2,2,202,120.04,120.175,120.57,120.525,40.6478,-0.834283,-0.041488,35.0667,-0.00305433,-0.037254,-1.30638
1.18,-2.2,-0.00319977,35.0667,-0.00882525,20.9552,2,201.224,120.336,120.36,120.456,120.52,41.3486,-0.863632,-0.0422331,35.0667,-0.00319977,-0.0390281,-1.36858
1.2,-2.2,-0.00319977,35.0667,-0.0111649,21.2,2,200.785,120.144,120.273,120.504,120.409,42.0493,-0.893518,-0.0430225,35.0667,-0.00319977,-0.0390281,-1.36858
1.22,-2.2,-0.00319977,35.0667,-0.00953581,21.2,2,200.753,120.17,120.32,120.48,120.5,42.7499,-0.923956,-0.0438031,35.0667,-0.00319977,-0.0390281,-1.36858
1.24,-2.2,-0.00319977,35.0667,0.000644384,21.2,2,200,120.296,120.392,120.44,120.568,43.4506,-0.95494,-0.0445837,35.0667,-0.00319977,-0.0390281,-1.36858
1.26,-2.2,-0.00319977,35.0667,0.0248858,21.2,2,200,120.253,120.413,120.467,120.28,44.1512,-0.986471,-0.0453642,35.0667,-0.00319977,-0.0390281,-1.36858
1.28,-2.2,-0.00319977,35.0667,0.067345,21.2,2,200,120.172,120.346,120.466,120.416,44.8518,-1.01855,-0.0461448,35.0667,-0.00319977,-0.0390281,-1.36858
1.3,-2.2,-0.00319977,35.0667,0.126183,21.2,2,200,120.392,120.456,120.28,120.504,45.5524,-1.05117,-0.0469254,35.0667,-0.00319977,-0.0390281,-1.36858
1.32,-2.2,-0.00319977,35.0667,0.187303,21.2,2,200,120.266,120.399,120.534,120.36,46.253,-1.08435,-0.047706,35.0667,-0.00319977,-0.0390281,-1.36858
1.34,-2.2,-0.00319977,35.0705,0.224532,21.2,2,200,120.146,120.32,120.438,120.468,46.9535,-1.11807,-0.0484866,35.0705,-0.00319977,-0.0390324,-1.36889
1.36,-2.2,-0.00319977,35.0889,0.216706,21.2,2,200,120.456,120.456,120.368,120.504,47.6541,-1.15234,-0.0492673,35.0889,-0.00319977,-0.0390528,-1.37032
1.38,-2.2,-0.00319977,35.0889,0.168274,21.2,2,200,120.166,120.373,120.497,120.343,48.3551,-1.18718,-0.0500484,35.0889,-0.00319977,-0.0390528,-1.37032
1.4,-2.2,-0.00319977,35.0889,0.104965,21.2,2,202,120.135,120.295,120.465,120.495,49.056,-1.22256,-0.0508294,35.0889,-0.00319977,-0.0390528,-1.37032
1.42,-2.2,-0.00319977,35.0889,0.0505062,21.2,2,202,120.465,120.455,120.455,120.569,49.7569,-1.25849,-0.0516105,35.0889,-0.00319977,-0.0390528,-1.37032
1.44,-2.2,-0.00319977,35.0889,0.0143918,21.2,2,202,120.171,120.396,120.571,120.411,50.4577,-1.29497,-0.0523916,35.0889,-0.00319977,-0.0390528,-1.37032
1.46,-2.2,-0.00319977,35.0889,-0.00440859,21.2,2,202,120.136,120.32,120.496,120.527,51.1585,-1.33199,-0.0531727,35.0889,-0.00319977,-0.0390528,-1.37032
1.48,-2.2,-0.00319977,35.0889,-0.0109904,21.2,2,202,120.316,120.379,120.5,120.62,51.8593,-1.36956,-0.0539537,35.0889,-0.00319977,-0.0390528,-1.37032
1.5,-2.2,-0.00319977,35.0889,-0.0107492,21.2,2,204,120.177,120.37,120.52,120.393,52.5601,-1.40768,-0.0547348,35.0889,-0.00319977,-0.0390528,-1.37032
1.52,-2.2,-0.00319977,35.0889,-0.0077436,21.2,2,204,120.185,120.345,120.495,120.556,53.2608,-1.44635,-0.0555158,35.0889,-0.00319977,-0.0390528,-1.37032
1.54,-2.2,-0.00319977,35.0889,-0.00438052,21.2,2,204.755,120.405,120.48,120.49,120.55,53.9614,-1.48556,-0.0562969,35.0889,-0.00319977,-0.0390528,-1.37032
1.56,-2.2,-0.00319977,35.0889,-0.00173256,21.2,2,206,120.16,120.32,120.551,120.391,54.6621,-1.52532,-0.0570779,35.0889,-0.00319977,-0.0390528,-1.37032
1.58,-2.13854,-0.00311038,35.0889,-3.6717e-05,21.4458,2,208,120.274,120.465,120.495,120.554,55.3627,-1.56563,-0.0578535,35.0889,-0.00311038,-0.0379618,-1.33204
1.6,-2.1,-0.00305433,35.0889,0.000859528,21.6,2,208,120.419,120.46,120.521,120.559,56.0633,-1.60647,-0.0586039,35.0889,-0.00305433,-0.0372777,-1.30803
1.62,-2.1,-0.00305433,35.0889,0.00118568,21.6,2,208.57,120.184,120.32,120.52,120.409,56.7639,-1.64783,-0.059346,35.0889,-0.00305433,-0.0372777,-1.30803
1.64,-2.1,-0.00305433,35.0889,0.00106994,21.6,2,210,120.184,120.32,120.64,120.649,57.4644,-1.68972,-0.0600916,35.0889,-0.00305433,-0.0372777,-1.30803
1.66,-2.14207,-0.00311552,35.0889,0.000470337,21.6,2,212,120.36,120.44,120.463,120.524,58.1649,-1.73212,-0.0608409,35.0889,-0.00311552,-0.0380245,-1.33424
1.68,-2.1,-0.00305433,35.0889,-0.000801109,21.6,2,213.163,120.2,120.337,120.567,120.36,58.8653,-1.77506,-0.0616013,35.0889,-0.00305433,-0.0372777,-1.30803
1.7,-2.1,-0.00305433,35.0889,-0.00295609,21.6,2,215.543,120.23,120.343,120.6,120.663,59.5658,-1.81853,-0.0623432,35.0889,-0.00305433,-0.0372777,-1.30803
1.72,-2.1,-0.00305433,35.0889,-0.00598711,21.6,2,216,120.455,120.48,120.556,120.615,60.2662,-1.86251,-0.0630887,35.0889,-0.00305433,-0.0372777,-1.30803
1.74,-2.16147,-0.00314372,35.0889,-0.00928805,21.8459,2,217.229,120.175,120.335,120.64,120.455,60.9665,-1.90702,-0.0638397,35.0889,-0.00314372,-0.0383687,-1.34632
1.76,-2.1,-0.00305433,35.0889,-0.0111731,22,2,219.22,120.273,120.393,120.551,120.624,61.6669,-1.95206,-0.0646071,35.0889,-0.00305433,-0.0372777,-1.30803
1.78,-2.16039,-0.00314216,35.0889,-0.00844321,22,2,221.601,120.408,120.496,120.488,120.568,62.3672,-1.99762,-0.0653526,35.0889,-0.00314216,-0.0383497,-1.34565
1.8,-2.15651,-0.00313652,35.0889,0.00366423,22,2,224,120.2,120.36,120.565,120.44,63.0674,-2.04372,-0.0661246,35.0889,-0.00313652,-0.0382809,-1.34323
1.82,-2.2,-0.00319977,35.0889,0.030574,22,2,229.429,120.269,120.406,120.554,120.623,63.7676,-2.09036,-0.0668937,35.0889,-0.00319977,-0.0390528,-1.37032
1.84,-2.1,-0.00305433,35.0889,0.0757593,22.4,2,225.771,120.458,120.485,120.547,120.573,64.4678,-2.13755,-0.0676697,35.0889,-0.00305433,-0.0372777,-1.30803
1.86,-2.2,-0.00319977,35.0889,0.13569,22.4,2,230.542,120.294,120.454,120.572,120.44,65.168,-2.18526,-0.0684153,35.0889,-0.00319977,-0.0390528,-1.37032
1.88,-2.16049,-0.00314231,35.0889,0.194087,22.4,2,234.864,120.257,120.464,120.616,120.664,65.8682,-2.23351,-0.0692018,35.0889,-0.00314231,-0.0383515,-1.34571
1.9,-2.2,-0.00319977,35.0958,0.224655,22.6501,2,237.002,120.455,120.52,120.595,120.63,66.5683,-2.28231,-0.0699688,35.0958,-0.00319977,-0.0390605,-1.37086
1.92,-2.2,-0.00319977,35.1111,0.209512,22.8,2,239.041,120.174,120.32,120.64,120.571,67.2685,-2.33166,-0.0707536,35.1111,-0.00319977,-0.0390775,-1.37206
1.94,-2.2,-0.00319977,35.1111,0.156419,22.8,2,245.222,120.282,120.442,120.496,120.64,67.969,-2.38158,-0.0715352,35.1111,-0.00319977,-0.0390775,-1.37206
1.96,-2.2,-0.00319977,35.1111,0.0912058,22.8,2,250.792,120.408,120.528,120.576,120.544,68.6694,-2.43205,-0.0723168,35.1111,-0.00319977,-0.0390775,-1.37206
1.98,-2.2,-0.00319977,35.1111,0.036147,22.8,2,257.219,120.2,120.32,120.664,120.537,69.3698,-2.48306,-0.0730984,35.1111,-0.00319977,-0.0390775,-1.37206
2,-2.2,-0.00319977,35.1111,0.00074629,22.8,2,262.836,120.27,120.463,120.657,120.807,70.0701,-2.53462,-0.0738799,35.1111,-0.00319977,-0.0390775,-1.37206
2.02,-2.2,-0.00319977,35.1111,-0.0136011,22.8,2,265.193,120.456,120.456,120.712,120.705,70.7704,-2.58673,-0.0746615,35.1111,-0.00319977,-0.0390775,-1.37206
2.04,-2.15747,-0.00313791,35.1111,-0.0074879,22.8,2,269.149,120.297,120.429,120.783,120.486,71.4707,-2.63938,-0.0754392,35.1111,-0.00313791,-0.038322,-1.34553
2.06,-2.2,-0.00319977,35.1111,0.0190874,23.2,2,276.062,120.282,120.44,120.614,120.8,72.1709,-2.69257,-0.0762057,35.1111,-0.00319977,-0.0390775,-1.37206
2.08,-2.13582,-0.00310643,35.1111,0.0656426,23.2,2,279.582,120.549,120.491,120.674,120.657,72.871,-2.74631,-0.0769853,35.1111,-0.00310643,-0.0379376,-1.33203
2.1,-2.2,-0.00319977,35.1111,0.126567,23.2,2,279.14,120.337,120.566,120.777,120.588,73.5712,-2.80058,-0.0777441,35.1111,-0.00319977,-0.0390775,-1.37206
2.12,-2.2,-0.00319977,35.1111,0.185119,23.2,2,279.696,120.361,120.44,120.617,120.794,74.2713,-2.8554,-0.0785314,35.1111,-0.00319977,-0.0390775,-1.37206
2.14,-2.2,-0.00319977,35.1173,0.215411,23.2,2,287.123,120.573,120.587,120.747,120.622,74.9714,-2.91076,-0.0793129,35.1173,-0.00319977,-0.0390844,-1.37254
2.16,-2.13807,-0.0031097,35.1333,0.200577,23.4477,2,290.551,120.32,120.55,120.79,120.73,75.6715,-2.96669,-0.0800892,35.1333,-0.0031097,-0.0380015,-1.33512
2.18,-2.1446,-0.00311919,35.1333,0.150978,23.6,2,295.108,120.475,120.484,120.636,120.76,76.3719,-3.02317,-0.0808443,35.1333,-0.00311919,-0.0381176,-1.3392
2.2,-2.16356,-0.00314677,35.1333,0.0973441,23.6,2,294.38,120.553,120.665,120.716,120.655,77.0723,-3.08018,-0.081609,35.1333,-0.00314677,-0.0384545,-1.35104
2.22,-2.1,-0.00305433,35.1333,0.0679088,23.6,2,301.284,120.294,120.494,120.789,120.757,77.7727,-3.13773,-0.0823741,35.1333,-0.00305433,-0.0373249,-1.31135
2.24,-2.1,-0.00305433,35.1333,0.0760149,23.6,2,305.231,120.517,120.563,120.711,120.8,78.4729,-3.19581,-0.083115,35.1333,-0.00305433,-0.0373249,-1.31135
2.26,-2.16072,-0.00314264,35.1333,0.119719,23.6,2,312.072,120.559,120.656,120.873,120.776,79.1732,-3.25441,-0.0838669,35.1333,-0.00314264,-0.0384041,-1.34926
2.28,-2.1,-0.00305433,35.1333,0.182372,23.6,2,311.234,120.33,120.505,120.845,120.81,79.8734,-3.31354,-0.084635,35.1333,-0.00305433,-0.0373249,-1.31135
2.3,-2.16005,-0.00314166,35.14,0.238036,23.6,2,317.201,120.656,120.648,120.784,120.96,80.5735,-3.37321,-0.0853815,35.14,-0.00314166,-0.0383995,-1.34936
2.32,-2.1,-0.00305433,35.1556,0.269053,23.8444,2,330,120.589,120.631,121,120.862,81.2738,-3.43341,-0.0861495,35.1556,-0.00305433,-0.0373485,-1.31301
2.34,-2.1,-0.00305433,35.1556,0.279194,24,2,316.654,120.36,120.6,120.84,120.775,81.9743,-3.49418,-0.0868912,35.1556,-0.00305433,-0.0373485,-1.31301
2.36,-2.15746,-0.0031379,35.1556,0.280417,24,2,334.807,120.75,120.692,120.891,121.046,82.6748,-3.55546,-0.0876434,35.1556,-0.0031379,-0.0383704,-1.34893
2.38,-2.1711,-0.00315774,35.162,0.272681,24,2,328.825,120.652,120.8,120.943,120.826,83.3753,-3.61728,-0.0884171,35.162,-0.00315774,-0.0386201,-1.35796
2.4,-2.15653,-0.00313654,35.1778,0.251026,24,2,333.131,120.29,120.617,120.885,120.838,84.0758,-3.67965,-0.0891895,35.1778,-0.00313654,-0.0383781,-1.35006
2.42,-2.15659,-0.00313663,35.1778,0.224868,24,2,341.659,120.804,120.731,120.909,121.097,84.7766,-3.74259,-0.0899558,35.1778,-0.00313663,-0.0383792,-1.35009
2.44,-2.16053,-0.00314237,35.1778,0.212135,24,2,338,120.622,120.792,121.032,120.887,85.4773,-3.80607,-0.0907238,35.1778,-0.00314237,-0.0384493,-1.35256
2.46,-2.1,-0.00305433,35.1778,0.215274,24,2,340.41,120.432,120.64,120.888,120.936,86.178,-3.87008,-0.0914878,35.1778,-0.00305433,-0.0373721,-1.31467
2.48,-2.16011,-0.00314176,35.1844,0.215671,24,2,350.011,120.76,120.728,121.144,121.128,86.8786,-3.93463,-0.0922353,35.1844,-0.00314176,-0.0384491,-1.35281
2.5,-2.14141,-0.00311455,35.2,0.196703,24,2,342.625,120.619,120.777,121.026,121.01,87.5793,-3.99971,-0.093008,35.2,-0.00311455,-0.038133,-1.34228
2.52,-2.13996,-0.00311244,35.2,0.166657,24,2,354.406,120.568,120.68,121.032,121.056,88.2803,-4.06537,-0.0937689,35.2,-0.00311244,-0.0381072,-1.34137
2.54,-2.15857,-0.00313951,35.2,0.152245,24,2,352,120.734,120.75,121.033,121.137,88.9812,-4.13155,-0.0945326,35.2,-0.00313951,-0.0384386,-1.35304
2.56,-2.14203,-0.00311545,35.2,0.172752,24,2,353.159,120.707,120.874,121.12,121.034,89.6821,-4.19828,-0.0953016,35.2,-0.00311545,-0.0381441,-1.34267
2.58,-2.2,-0.00319977,35.2,0.223794,24,2,358.361,120.6,120.713,121.16,121.191,90.3829,-4.26554,-0.0960682,35.2,-0.00319977,-0.0391765,-1.37901
2.6,-2.1,-0.00305433,35.2071,0.28179,24,2,358.368,120.886,120.903,121.08,121.24,91.0837,-4.33335,-0.0968481,35.2071,-0.00305433,-0.0374032,-1.31686
2.62,-2.1,-0.00305433,35.2222,0.323484,24,2,359.817,120.764,120.896,121.28,121.094,91.7845,-4.4017,-0.0975873,35.2222,-0.00305433,-0.0374193,-1.31799
2.64,-2.16069,-0.0031426,35.2222,0.34053,24,2,353.963,120.729,120.84,121.136,121.129,92.4857,-4.47061,-0.0983411,35.2222,-0.0031426,-0.0385007,-1.35608
2.66,-2.16299,-0.00314594,35.2292,0.334993,24,2,362.74,120.941,120.945,121.13,121.24,93.1867,-4.54005,-0.0991168,35.2292,-0.00314594,-0.0385493,-1.35806
2.68,-2.1,-0.00305433,35.2444,0.313923,24,2,363.263,120.789,120.975,121.24,121.109,93.8879,-4.61005,-0.0998825,35.2444,-0.00305433,-0.0374429,-1.31965
2.7,-2.1606,-0.00314247,35.2444,0.292061,24.1576,2,364.788,120.8,120.976,121.16,121.193,94.5893,-4.6806,-0.100631,35.2444,-0.00314247,-0.0385235,-1.35774
2.72,-2.2,-0.00319977,35.2444,0.282213,24,2,370,121.015,121.047,121.144,121.24,95.2907,-4.7517,-0.101411,35.2444,-0.00319977,-0.0392259,-1.3825
2.74,-2.2,-0.00319977,35.2509,0.280727,24.4,2,367.784,120.867,121.051,121.263,121.194,95.992,-4.82334,-0.102199,35.2509,-0.00319977,-0.0392331,-1.383
2.76,-2.15662,-0.00313667,35.2667,0.27711,24.1735,2,368.265,120.8,120.892,121.32,121.371,96.6933,-4.89554,-0.10298,35.2667,-0.00313667,-0.0384767,-1.35694
2.78,-2.17033,-0.00315661,35.2667,0.272785,24.4,2,368.006,121.029,121.046,121.24,121.331,97.395,-4.96833,-0.103747,35.2667,-0.00315661,-0.0387212,-1.36557
2.8,-2.16387,-0.00314722,35.2667,0.274666,24.4,2,370.123,120.949,121.043,121.32,121.16,98.0965,-5.04165,-0.104522,35.2667,-0.00314722,-0.038606,-1.36151
2.82,-2.16423,-0.00314774,35.2736,0.278354,24.4,2,372,120.857,120.974,121.371,121.397,98.798,-5.11551,-0.105293,35.2736,-0.00314774,-0.0386201,-1.36227
2.84,-2.2,-0.00319977,35.2889,0.275424,24.4,2,375.554,121.058,121.073,121.353,121.44,99.4996,-5.18994,-0.106069,35.2889,-0.00319977,-0.0392754,-1.38598
2.86,-2.2,-0.00319977,35.2889,0.270182,24.2398,2,376.398,120.952,121.096,121.512,121.4,100.201,-5.26494,-0.106858,35.2889,-0.00319977,-0.0392754,-1.38598
2.88,-2.16096,-0.00314299,35.2889,0.271964,24.4,2,376,120.887,121.096,121.487,121.489,100.903,-5.34049,-0.10764,35.2889,-0.00314299,-0.0385785,-1.36139
2.9,-2.15822,-0.003139,35.2953,0.277967,24.4,2,373.671,121.143,121.143,121.333,121.44,101.605,-5.41659,-0.108408,35.2953,-0.003139,-0.0385365,-1.36016
2.92,-2.15882,-0.00313987,35.3111,0.280721,24.4,2,377.647,121.009,121.136,121.584,121.424,102.307,-5.49325,-0.109178,35.3111,-0.00313987,-0.0385644,-1.36175
2.94,-2.14305,-0.00311694,35.3111,0.285254,24.4,2,380.278,121,121.16,121.52,121.583,103.009,-5.57047,-0.109948,35.3111,-0.00311694,-0.0382828,-1.35181
2.96,-2.16026,-0.00314197,35.3111,0.301207,24.4,2,375.144,121.264,121.28,121.392,121.488,103.711,-5.64824,-0.110714,35.3111,-0.00314197,-0.0385902,-1.36266
2.98,-2.16327,-0.00314635,35.318,0.324117,24.4,2,378,121.044,121.255,121.651,121.425,104.413,-5.72655,-0.111488,35.318,-0.00314635,-0.0386515,-1.36509
3,-2.2,-0.00319977,35.3333,0.34019,24.4,2,378.895,121.12,121.24,121.538,121.644,105.115,-5.80541,-0.112265,35.3333,-0.00319977,-0.0393248,-1.38948
3.02,-2.2,-0.00319977,35.3333,0.342212,24.4,2,376.372,121.28,121.357,121.503,121.497,105.817,-5.88486,-0.113054,35.3333,-0.00319977,-0.0393248,-1.38948
3.04,-2.16242,-0.00314511,35.3402,0.329753,24.4,2,380,121.135,121.325,121.65,121.475,106.519,-5.96487,-0.113838,35.3402,-0.00314511,-0.0386606,-1.36627
3.06,-2.13927,-0.00311144,35.3556,0.306511,24.4,2,380.356,121.12,121.209,121.607,121.744,107.221,-6.04543,-0.114605,35.3556,-0.00311144,-0.0382633,-1.35282
3.08,-2.16088,-0.00314287,35.3556,0.284453,24.4,2,380,121.4,121.393,121.537,121.647,107.924,-6.12657,-0.115371,35.3556,-0.00314287,-0.0386499,-1.36649
3.1,-2.1611,-0.0031432,35.3556,0.274925,24.4,2,381.222,121.136,121.302,121.778,121.618,108.626,-6.20825,-0.116146,35.3556,-0.0031432,-0.0386539,-1.36663
3.12,-2.2,-0.00319977,35.3621,0.274401,24.4,2,380,121.192,121.376,121.712,121.72,109.329,-6.29047,-0.116922,35.3621,-0.00319977,-0.0393569,-1.39175
3.14,-2.1,-0.00305433,35.3778,0.273998,24.4,2,380.848,121.371,121.451,121.772,121.76,110.031,-6.37326,-0.117704,35.3778,-0.00305433,-0.0375846,-1.32966
3.16,-2.2,-0.00319977,35.3778,0.277667,24.4,2,382,121.16,121.262,121.738,121.702,110.734,-6.45662,-0.118456,35.3778,-0.00319977,-0.0393743,-1.39298
3.18,-2.1443,-0.00311876,35.3778,0.294759,24.4,2,383.114,121.347,121.529,121.738,121.858,111.436,-6.54052,-0.119247,35.3778,-0.00311876,-0.0383774,-1.35771
3.2,-2.2,-0.00319977,35.3848,0.321681,24.4,2,380.755,121.498,121.549,121.796,121.764,112.139,-6.62497,-0.120015,35.3848,-0.00319977,-0.0393821,-1.39353
3.22,-2.13674,-0.00310776,35.4,0.346578,24.4,2,381.469,121.28,121.425,121.865,121.672,112.842,-6.70999,-0.120802,35.4,-0.00310776,-0.0382661,-1.35462
3.24,-2.2,-0.00319977,35.4,0.36403,24.4,2,384,121.392,121.568,121.808,122.04,113.545,-6.79558,-0.121567,35.4,-0.00319977,-0.039399,-1.39473
3.26,-2.14266,-0.00311637,35.4064,0.372857,24.4,2,382,121.588,121.634,121.76,121.765,114.247,-6.88173,-0.122356,35.4064,-0.00311637,-0.0383791,-1.35886
3.28,-2.1,-0.00305433,35.4222,0.370704,24.4,2,382,121.4,121.56,121.806,121.692,114.95,-6.96843,-0.123115,35.4222,-0.00305433,-0.0376318,-1.333
3.3,-2.16435,-0.00314791,35.4222,0.357754,24.4,2,382,121.529,121.637,121.869,122,115.653,-7.0557,-0.123869,35.4222,-0.00314791,-0.0387848,-1.37385
3.32,-2.16384,-0.00314718,35.4291,0.335959,24.4,2,384,121.632,121.694,121.88,121.818,116.356,-7.14352,-0.124651,35.4291,-0.00314718,-0.0387834,-1.37406
3.34,-2.15878,-0.00313981,35.4444,0.308678,24.4,2,384,121.367,121.52,121.904,121.838,117.06,-7.2319,-0.125426,35.4444,-0.00313981,-0.0387093,-1.37203
3.36,-2.15725,-0.0031376,35.4444,0.286114,24.4,2,384,121.515,121.612,121.908,122.057,117.763,-7.32086,-0.1262,35.4444,-0.0031376,-0.038682,-1.37106
3.38,-2.2,-0.00319977,35.4444,0.277286,24.4,2,384,121.668,121.72,121.966,121.874,118.466,-7.41036,-0.126977,35.4444,-0.00319977,-0.0394485,-1.39823
3.4,-2.1,-0.00305433,35.4515,0.276427,24.4,2,384,121.44,121.68,122.025,121.912,119.169,-7.50041,-0.127761,35.4515,-0.00305433,-0.0376628,-1.3352
3.42,-2.13791,-0.00310947,35.4667,0.272677,24.4,2,384,121.524,121.57,122.03,122.2,119.873,-7.59103,-0.128509,35.4667,-0.00310947,-0.0383593,-1.36048
3.44,-2.1,-0.00305433,35.4667,0.267915,24.4,2,384,121.714,121.79,122.16,122.09,120.576,-7.68221,-0.129276,35.4667,-0.00305433,-0.037679,-1.33635
3.46,-2.1,-0.00305433,35.4667,0.269533,24.4,2,384,121.52,121.736,122.112,122.048,121.28,-7.77392,-0.130026,35.4667,-0.00305433,-0.037679,-1.33635
3.48,-2.1,-0.00305433,35.4737,0.27389,24.4,2,384,121.675,121.703,121.962,122.108,121.983,-7.86617,-0.13078,35.4737,-0.00305433,-0.0376865,-1.33688
3.5,-2.1,-0.00305433,35.4889,0.274098,24.4,2,384,121.742,121.855,122.209,122.065,122.686,-7.95896,-0.131534,35.4889,-0.00305433,-0.0377026,-1.33802
3.52,-2.1,-0.00305433,35.4889,0.276566,24.4,2,384,121.584,121.76,122.129,122.184,123.39,-8.05232,-0.132288,35.4889,-0.00305433,-0.0377026,-1.33802
3.54,-2.1,-0.00305433,35.4889,0.292428,24.4,2,384,121.794,121.828,122.04,122.16,124.094,-8.14622,-0.133042,35.4889,-0.00305433,-0.0377026,-1.33802
3.56,-2.1,-0.00305433,35.4952,0.318803,24.4,2,384,121.783,121.952,122.184,122.08,124.797,-8.24064,-0.133796,35.4952,-0.00305433,-0.0377093,-1.3385
3.58,-2.1,-0.00305433,35.5111,0.343833,24.4,2,384,121.705,121.855,122.19,122.181,125.501,-8.33561,-0.13455,35.5111,-0.00305433,-0.0377262,-1.3397
3.6,-2.1,-0.00305433,35.5111,0.362475,24.4,2,384,121.919,121.948,122.08,122.217,126.205,-8.43116,-0.135305,35.5111,-0.00305433,-0.0377262,-1.3397
3.62,-2.1,-0.00305433,35.5172,0.374978,24.4,2,384,121.844,122.018,122.24,122.115,126.908,-8.52724,-0.136059,35.5172,-0.00305433,-0.0377327,-1.34016
3.64,-2.1,-0.00305433,35.5333,0.380883,24.4,2,384,121.703,121.88,122.274,122.253,127.612,-8.62387,-0.136814,35.5333,-0.00305433,-0.0377498,-1.34138
3.66,-2.1,-0.00305433,35.5333,0.381646,24.4,2,384,121.999,121.992,122.184,122.336,128.316,-8.72107,-0.137569,35.5333,-0.00305433,-0.0377498,-1.34138
3.68,-2.1,-0.00305433,35.54,0.378346,24.4,2,384,121.86,122.033,122.273,122.2,129.02,-8.8188,-0.138324,35.54,-0.00305433,-0.037757,-1.34188
3.7,-2.1,-0.00305433,35.5556,0.368869,24.4,2,384,121.84,121.92,122.304,122.372,129.724,-8.91709,-0.13908,35.5556,-0.00305433,-0.0377734,-1.34306
3.72,-2.16435,-0.00314792,35.5556,0.352456,24.4,2,384,121.997,122.051,122.386,122.374,130.429,-9.01595,-0.139841,35.5556,-0.00314792,-0.0389309,-1.38421
3.74,-2.1,-0.00305433,35.5623,0.329454,24.4,2,384,121.896,122.087,122.431,122.24,131.133,-9.11535,-0.14062,35.5623,-0.00305433,-0.0377806,-1.34357
3.76,-2.1,-0.00305433,35.5778,0.301772,24.4,2,384,121.92,122,122.36,122.471,131.837,-9.21531,-0.141369,35.5778,-0.00305433,-0.037797,-1.34473
3.78,-2.1,-0.00305433,35.5778,0.279138,24.4,2,384,122.111,122.175,122.32,122.409,132.541,-9.31584,-0.142125,35.5778,-0.00305433,-0.037797,-1.34473
3.8,-2.1,-0.00305433,35.5778,0.271256,24.4,2,384,121.972,122.126,122.468,122.343,133.246,-9.41691,-0.142881,35.5778,-0.00305433,-0.037797,-1.34473
3.82,-2.1,-0.00305433,35.584,0.273428,24.4,2,384,121.92,122.063,122.537,122.503,133.95,-9.5185,-0.143637,35.584,-0.00305433,-0.0378036,-1.3452
3.84,-2.1,-0.00305433,35.6,0.275649,24.4,2,384,122.258,122.289,122.369,122.495,134.655,-9.62065,-0.144394,35.6,-0.00305433,-0.0378206,-1.34641
3.86,-2.1,-0.00305433,35.6,0.280923,24.4,2,384,122.03,122.19,122.48,122.375,135.359,-9.72338,-0.14515,35.6,-0.00305433,-0.0378206,-1.34641
3.88,-2.1,-0.00305433,35.6,0.297842,24.4,2,384,122.065,122.16,122.48,122.545,136.064,-9.82664,-0.145907,35.6,-0.00305433,-0.0378206,-1.34641
3.9,-2.1,-0.00305433,35.6064,0.32142,24.4,2,384,122.286,122.36,122.573,122.514,136.768,-9.93043,-0.146663,35.6064,-0.00305433,-0.0378275,-1.3469
3.92,-2.1,-0.00305433,35.6222,0.337438,24.4,2,384,121.972,122.229,122.537,122.446,137.473,-10.0348,-0.14742,35.6222,-0.00305433,-0.0378443,-1.3481
3.94,-2.03892,-0.00296548,35.6222,0.338807,24.4,2,384,122.024,122.16,122.536,122.664,138.177,-10.1397,-0.148171,35.6222,-0.00296548,-0.0367434,-1.30888
3.96,-2.03785,-0.00296394,35.6292,0.326384,24.4,2,384,122.335,122.37,122.595,122.59,138.882,-10.2451,-0.1489,35.6292,-0.00296394,-0.0367315,-1.30871
3.98,-2,-0.00290888,35.6444,0.30621,24.4,2,384,122.03,122.245,122.61,122.52,139.587,-10.3511,-0.149632,35.6444,-0.00290888,-0.0360646,-1.2855
4,-2,-0.00290888,35.6444,0.293041,24.4,2,384,122.109,122.206,122.72,122.766,140.292,-10.4577,-0.15035,35.6444,-0.00290888,-0.0360646,-1.2855
4.02,-2,-0.00290888,35.6444,0.300404,24.4,2,384,122.468,122.383,122.765,122.755,140.997,-10.5647,-0.151071,35.6444,-0.00290888,-0.0360646,-1.2855
4.04,-1.93996,-0.00282156,35.6507,0.324306,24.4,2,384,122.24,122.352,122.72,122.664,141.701,-10.6722,-0.151787,35.6507,-0.00282156,-0.0349881,-1.24735
4.06,-1.9,-0.00276344,35.6667,0.349754,24.4,2,384,122.049,122.313,122.696,122.769,142.406,-10.7803,-0.152478,35.6667,-0.00276344,-0.0342827,-1.22275
4.08,-1.9,-0.00276344,35.6667,0.367646,24.4,2,384,122.609,122.633,122.8,122.727,143.111,-10.8889,-0.15316,35.6667,-0.00276344,-0.0342827,-1.22275
4.1,-1.9,-0.00276344,35.6739,0.374568,24.4,2,384,122.242,122.426,122.673,122.734,143.816,-10.998,-0.153845,35.6739,-0.00276344,-0.0342897,-1.22325
4.12,-1.9,-0.00276344,35.6889,0.367526,24.4,2,384,122.219,122.422,122.506,122.814,144.521,-11.1076,-0.154531,35.6889,-0.00276344,-0.0343041,-1.22428
4.14,-1.9,-0.00276344,35.6889,0.346123,24.4,2,384,122.656,122.704,123.008,122.752,145.227,-11.2177,-0.155217,35.6889,-0.00276344,-0.0343041,-1.22428
4.16,-1.9,-0.00276344,35.6954,0.310988,24.4,2,384,122.29,122.497,122.764,122.64,145.932,-11.3283,-0.155904,35.6954,-0.00276344,-0.0343103,-1.22472
4.18,-1.9,-0.00276344,35.7111,0.265139,24.4,2,384,122.361,122.469,122.68,122.812,146.637,-11.4394,-0.15659,35.7111,-0.00276344,-0.0343255,-1.2258
4.2,-1.9,-0.00276344,35.7111,0.223068,24.4,2,384,122.579,122.611,122.88,122.829,147.343,-11.551,-0.157276,35.7111,-0.00276344,-0.0343255,-1.2258
4.22,-1.9,-0.00276344,35.7111,0.204472,24.4,2,384,122.32,122.495,122.815,122.77,148.048,-11.6631,-0.157963,35.7111,-0.00276344,-0.0343255,-1.2258
4.24,-1.9,-0.00276344,35.7111,0.212879,24.4,2,384,122.467,122.529,122.72,122.929,148.753,-11.7757,-0.15865,35.7111,-0.00276344,-0.0343255,-1.2258
4.26,-1.9,-0.00276344,35.7176,0.230939,24.4,2,384,122.588,122.594,122.983,122.914,149.459,-11.8888,-0.159336,35.7176,-0.00276344,-0.0343317,-1.22624
4.28,-1.85814,-0.00270255,35.7333,0.242407,24.4,2,384,122.383,122.52,122.96,122.973,150.164,-12.0024,-0.160019,35.7333,-0.00270255,-0.03359,-1.20028
4.3,-1.9,-0.00276344,35.7333,0.252128,24.4,2,384,122.4,122.543,122.96,123.086,150.87,-12.1165,-0.160691,35.7333,-0.00276344,-0.0343468,-1.22733
4.32,-1.9,-0.00276344,35.7333,0.274831,24.4,2,384,122.555,122.677,123.037,122.885,151.575,-12.2311,-0.161382,35.7333,-0.00276344,-0.0343468,-1.22733
4.34,-1.9,-0.00276344,35.7338,0.309785,24.4,2,384,122.482,122.642,123.033,123.12,152.28,-12.3462,-0.162069,35.7338,-0.00276344,-0.0343473,-1.22736
4.36,-1.8,-0.00261799,35.7556,0.34231,24.4,2,384.007,122.8,122.84,122.96,123.04,152.986,-12.4618,-0.162747,35.7556,-0.00261799,-0.0325593,-1.16418
4.38,-1.89872,-0.00276158,35.7556,0.36458,24.4,2,386,122.639,122.719,123.119,122.882,153.691,-12.5779,-0.163398,35.7556,-0.00276158,-0.0343451,-1.22803
4.4,-1.8,-0.00261799,35.7557,0.376078,24.4,2,386,122.561,122.722,123.039,123.121,154.397,-12.6945,-0.164085,35.7557,-0.00261799,-0.0325594,-1.16419
4.42,-1.8,-0.00261799,35.7774,0.373472,24.4,2,386,122.873,122.879,123.038,123.043,155.103,-12.8115,-0.164727,35.7774,-0.00261799,-0.0325792,-1.1656
4.44,-1.8,-0.00261799,35.7778,0.355113,24.4,2,386,122.64,122.72,123.157,122.97,155.809,-12.9291,-0.165379,35.7778,-0.00261799,-0.0325796,-1.16562
4.46,-1.8,-0.00261799,35.7778,0.322051,24.4,2,386,122.563,122.72,123.043,123.197,156.514,-13.0472,-0.16603,35.7778,-0.00261799,-0.0325796,-1.16562
4.48,-1.89255,-0.0027526,35.8,0.275566,24.4,2,386,122.874,122.96,123.123,123.148,157.22,-13.1657,-0.16669,35.8,-0.0027526,-0.034276,-1.22708
4.5,-1.8,-0.00261799,35.8,0.229022,24.4,2,386,122.68,122.8,123.2,123.051,157.926,-13.2847,-0.167376,35.8,-0.00261799,-0.0325998,-1.16707
4.52,-1.8,-0.00261799,35.8,0.208518,24.4,2,386,122.642,122.802,123.159,123.281,158.632,-13.4042,-0.16802,35.8,-0.00261799,-0.0325998,-1.16707
4.54,-1.8,-0.00261799,35.8,0.228089,24.4,2,386,122.958,122.959,123.28,123.279,159.338,-13.5242,-0.168672,35.8,-0.00261799,-0.0325998,-1.16707
4.56,-1.8,-0.00261799,35.8,0.273693,24.4,2,386,122.721,122.801,123.32,123.16,160.044,-13.6446,-0.169324,35.8,-0.00261799,-0.0325998,-1.16707
4.58,-1.8,-0.00261799,35.8222,0.319345,24.4,2,386,122.68,122.96,123.2,123.32,160.75,-13.7655,-0.169976,35.8222,-0.00261799,-0.03262,-1.16852
4.6,-1.8,-0.00261799,35.8222,0.352156,24.4,2,386,122.96,122.96,123.32,123.2,161.456,-13.887,-0.170628,35.8222,-0.00261799,-0.03262,-1.16852
4.62,-1.8,-0.00261799,35.8229,0.372152,24.4,2,386,122.878,123,123.32,123.29,162.162,-14.0089,-0.171281,35.8229,-0.00261799,-0.0326206,-1.16857
4.64,-1.8,-0.00261799,35.8444,0.380598,24.4,2,386,122.735,123.003,123.2,123.432,162.868,-14.1312,-0.171933,35.8444,-0.00261799,-0.0326403,-1.16997
4.66,-1.8,-0.00261799,35.8444,0.381602,24.4,2,386,123.118,123.118,123.285,123.161,163.574,-14.2541,-0.172586,35.8444,-0.00261799,-0.0326403,-1.16997
4.68,-1.8,-0.00261799,35.8446,0.379453,24.4,2,386,122.879,123,123.519,123.363,164.281,-14.3775,-0.173239,35.8446,-0.00261799,-0.0326404,-1.16998
4.7,-1.8,-0.00261799,35.8667,0.372175,24.4,2,388,122.847,123.122,123.202,123.437,164.987,-14.5013,-0.173892,35.8667,-0.00261799,-0.0326605,-1.17142
4.72,-1.8,-0.00261799,35.8667,0.358497,24.4,2,388,123.199,123.2,123.438,123.281,165.693,-14.6256,-0.174545,35.8667,-0.00261799,-0.0326605,-1.17142
4.74,-1.8,-0.00261799,35.8667,0.339174,24.4,2,388,122.844,123.042,123.481,123.436,166.4,-14.7505,-0.175198,35.8667,-0.00261799,-0.0326605,-1.17142
4.76,-1.8,-0.00261799,35.8889,0.313265,24.4,2,388,123.014,123.162,123.288,123.478,167.106,-14.8757,-0.175852,35.8889,-0.00261799,-0.0326807,-1.17288
4.78,-1.8,-0.00261799,35.8889,0.287898,24.4,2,388,123.15,123.198,123.518,123.32,167.813,-15.0015,-0.176505,35.8889,-0.00261799,-0.0326807,-1.17288
4.8,-1.8,-0.00261799,35.8889,0.27622,24.4,2,388,122.884,123.12,123.44,123.524,168.52,-15.1278,-0.177159,35.8889,-0.00261799,-0.0326807,-1.17288
4.82,-1.8,-0.00261799,35.8892,0.276442,24.4,2,388,123.124,123.161,123.445,123.598,169.226,-15.2546,-0.177813,35.8892,-0.00261799,-0.032681,-1.17289
4.84,-1.8,-0.00261799,35.9111,0.274136,24.4,2,388,123.156,123.278,123.6,123.481,169.933,-15.3818,-0.178466,35.9111,-0.00261799,-0.032701,-1.17433
4.86,-1.8,-0.00261799,35.9111,0.267578,24.4,2,388,123.04,123.16,123.6,123.639,170.639,-15.5095,-0.17912,35.9111,-0.00261799,-0.032701,-1.17433
4.88,-1.8,-0.00261799,35.9111,0.26793,24.4,2,388,123.277,123.279,123.52,123.64,171.346,-15.6377,-0.179774,35.9111,-0.00261799,-0.032701,-1.17433
4.9,-1.8,-0.00261799,35.9111,0.274987,24.4,2,388,123.161,123.32,123.64,123.521,172.053,-15.7664,-0.180428,35.9111,-0.00261799,-0.032701,-1.17433
4.92,-1.8,-0.00261799,35.9333,0.277371,24.4,2,388,123.123,123.205,123.632,123.68,172.759,-15.8955,-0.181082,35.9333,-0.00261799,-0.0327212,-1.17578
4.94,-1.8,-0.00261799,35.9333,0.276853,24.4,2,388,123.44,123.443,123.528,123.632,173.466,-16.0252,-0.181737,35.9333,-0.00261799,-0.0327212,-1.17578
4.96,-1.8,-0.00261799,35.9333,0.287905,24.4,2,388,123.197,123.357,123.68,123.526,174.173,-16.1553,-0.182391,35.9333,-0.00261799,-0.0327212,-1.17578
4.98,-1.8,-0.00261799,35.9338,0.312405,24.4,2,387.917,123.165,123.287,123.753,123.8,174.88,-16.2859,-0.183046,35.9338,-0.00261799,-0.0327216,-1.17581
5,-1.8,-0.00261799,35.9556,0.337649,24.4,2,386,123.517,123.52,123.76,123.677,175.587,-16.417,-0.1837,35.9556,-0.00261799,-0.0327414,-1.17724
5.02,-1.8,-0.00261799,35.9556,0.357006,24.4,2,386,123.281,123.361,123.681,123.521,176.294,-16.5486,-0.184355,35.9556,-0.00261799,-0.0327414,-1.17724
5.04,-1.7,-0.00247255,35.9556,0.371402,24.4,2,386,123.201,123.36,123.758,123.839,177.001,-16.6806,-0.185001,35.9556,-0.00247255,-0.0309225,-1.11183
5.06,-1.7,-0.00247255,35.9773,0.37942,24.4,2,386,123.512,123.597,123.795,123.763,177.707,-16.8131,-0.185611,35.9773,-0.00247255,-0.0309411,-1.11318
5.08,-1.7,-0.00247255,35.9778,0.381438,24.4,2,385.871,123.435,123.44,123.8,123.688,178.415,-16.9462,-0.186229,35.9778,-0.00247255,-0.0309416,-1.11321
5.1,-1.6,-0.00232711,35.9785,0.379575,24.4,2,385.879,123.29,123.445,123.755,123.92,179.122,-17.0796,-0.186839,35.9785,-0.00232711,-0.029122,-1.04777
5.12,-1.6,-0.00232711,36,0.371899,24.4,2,384,123.639,123.641,123.921,123.799,179.829,-17.2135,-0.187413,36,-0.00232711,-0.0291395,-1.04902
5.14,-1.6,-0.00232711,36,0.357956,24.4,2,384,123.36,123.52,123.959,123.801,180.536,-17.3479,-0.187995,36,-0.00232711,-0.0291395,-1.04902
5.16,-1.6,-0.00232711,36,0.338799,24.4,2,384,123.321,123.441,123.763,123.959,181.244,-17.4826,-0.188578,36,-0.00232711,-0.0291395,-1.04902
5.18,-1.5,-0.00218166,36.0222,0.313286,24.4,2,384,123.63,123.677,123.963,123.84,181.951,-17.6178,-0.189152,36.0222,-0.00218166,-0.0273351,-0.984671
5.2,-1.5,-0.00218166,36.0222,0.288252,24.4,2,383.825,123.367,123.52,123.96,123.96,182.659,-17.7535,-0.18969,36.0222,-0.00218166,-0.0273351,-0.984671
5.22,-1.5,-0.00218166,36.0222,0.276635,24.4,2,381.877,123.377,123.61,123.847,123.922,183.366,-17.8895,-0.190236,36.0222,-0.00218166,-0.0273351,-0.984671
5.24,-1.5,-0.00218166,36.0228,0.276735,24.4,2,382.105,123.752,123.832,124.004,123.922,184.074,-18.026,-0.190783,36.0228,-0.00218166,-0.0273355,-0.984703
5.26,-1.5,-0.00218166,36.0444,0.274571,24.4,2,382,123.518,123.6,124.08,124.08,184.781,-18.1628,-0.19133,36.0444,-0.00218166,-0.027352,-0.985886
5.28,-1.5,-0.00218166,36.0444,0.268792,24.4,2,383.949,123.446,123.683,123.961,124.078,185.489,-18.3001,-0.191877,36.0444,-0.00218166,-0.027352,-0.985886
5.3,-1.5,-0.00218166,36.0444,0.270382,24.4,2,380.05,123.757,123.796,124.081,123.96,186.196,-18.4378,-0.192424,36.0444,-0.00218166,-0.027352,-0.985886
5.32,-1.5,-0.00218166,36.0444,0.278308,24.3951,2,380.025,123.482,123.6,124.08,124.079,186.904,-18.5758,-0.192971,36.0444,-0.00218166,-0.027352,-0.985886
5.34,-1.5,-0.00218166,36.0664,0.279615,24.4,2,380,123.517,123.797,123.92,124.117,187.612,-18.7143,-0.193518,36.0664,-0.00218166,-0.0273687,-0.98709
5.36,-1.5,-0.00218166,36.0667,0.273765,24,2,380,123.9,123.79,124.24,124,188.319,-18.8532,-0.194066,36.0667,-0.00218166,-0.0273688,-0.987102
5.38,-1.5,-0.00218166,36.0667,0.272923,24,2,379.864,123.36,123.643,124.229,124.243,189.027,-18.9925,-0.194613,36.0667,-0.00218166,-0.0273688,-0.987102
5.4,-1.5,-0.00218166,36.0672,0.278153,24.1915,2,378.096,123.772,123.844,124.09,124.274,189.735,-19.1322,-0.19516,36.0672,-0.00218166,-0.0273692,-0.987132
5.42,-1.5,-0.00218166,36.0888,0.279479,24,2,378.019,123.841,123.801,124.32,124.081,190.443,-19.2723,-0.195708,36.0888,-0.00218166,-0.0273856,-0.988314
5.44,-1.5,-0.00218166,36.0889,0.27937,24,2,377.836,123.527,123.8,124.007,124.247,191.151,-19.4129,-0.196256,36.0889,-0.00218166,-0.0273857,-0.988319
5.46,-1.5,-0.00218166,36.0889,0.291652,24,2,376.024,123.921,123.92,124.321,124.318,191.859,-19.5538,-0.196803,36.0889,-0.00218166,-0.0273857,-0.988319
5.48,-1.5,-0.00218166,36.089,0.316157,24,2,377.975,123.839,123.96,124.319,124.081,192.566,-19.6952,-0.197351,36.089,-0.00218166,-0.0273857,-0.988323
5.5,-1.5,-0.00218166,36.1111,0.337006,24,2,374.012,123.76,123.92,124.16,124.32,193.274,-19.8369,-0.197899,36.1111,-0.00218166,-0.0274026,-0.989537
5.52,-1.5,-0.00218166,36.1111,0.344149,24,2,374.041,124.074,123.959,124.238,124.123,193.982,-19.9791,-0.198447,36.1111,-0.00218166,-0.0274026,-0.989537
5.54,-1.5,-0.00218166,36.1111,0.336576,24,2,373.956,123.804,123.963,124.32,124.159,194.69,-20.1217,-0.198995,36.1111,-0.00218166,-0.0274026,-0.989537
5.56,-1.50581,-0.00219011,36.1333,0.315041,24,2,372,123.92,124,124.233,124.32,195.398,-20.2647,-0.199544,36.1333,-0.00219011,-0.0275256,-0.99459
5.58,-1.5,-0.00218166,36.1333,0.289512,24,2,372,123.953,123.96,124.244,124.273,196.107,-20.4081,-0.200094,36.1333,-0.00218166,-0.0274194,-0.990755
5.6,-1.5,-0.00218166,36.1333,0.275986,24,2,370.113,123.845,124.005,124.32,124.289,196.815,-20.552,-0.200642,36.1333,-0.00218166,-0.0274194,-0.990755
5.62,-1.5,-0.00218166,36.1333,0.275057,24,2,370.008,123.84,124,124.32,124.52,197.523,-20.6962,-0.201191,36.1333,-0.00218166,-0.0274194,-0.990755
5.64,-1.5,-0.00218166,36.1555,0.274181,24,2,370,124.078,124,124.28,124.122,198.231,-20.8408,-0.201739,36.1555,-0.00218166,-0.0274362,-0.991969
5.66,-1.5,-0.00218166,36.1556,0.273411,24,2,368,123.84,123.998,124.523,124.528,198.94,-20.9859,-0.202288,36.1556,-0.00218166,-0.0274363,-0.991974
5.68,-1.5,-0.00218166,36.1556,0.285748,24,2,371.95,123.807,123.925,124.398,124.595,199.648,-21.1314,-0.202837,36.1556,-0.00218166,-0.0274363,-0.991974
5.7,-1.5,-0.00218166,36.1558,0.311989,24,2,368,124.272,124.319,124.443,124.283,200.356,-21.2773,-0.203385,36.1558,-0.00218166,-0.0274365,-0.991989
5.72,-1.5,-0.00218166,36.1778,0.338525,24,2,369.849,123.809,123.997,124.557,124.6,201.065,-21.4235,-0.203934,36.1778,-0.00218166,-0.0274531,-0.993194
5.74,-1.59683,-0.0023225,36.1778,0.358027,24,2,366.063,124.075,124.076,124.404,124.523,201.773,-21.5703,-0.204492,36.1778,-0.0023225,-0.0292254,-1.05731
5.76,-1.50218,-0.00218483,36.178,0.371326,24,2,367.956,124.313,124.437,124.56,124.44,202.482,-21.7174,-0.205077,36.178,-0.00218483,-0.0274932,-0.994648
5.78,-1.50292,-0.0021859,36.2,0.377922,24,2,364,123.963,124.237,124.442,124.52,203.19,-21.865,-0.205618,36.2,-0.0021859,-0.0275234,-0.996347
5.8,-1.6,-0.00232711,36.2,0.379702,24,2,365.928,124.244,124.283,124.561,124.56,203.899,-22.013,-0.206178,36.2,-0.00232711,-0.0293013,-1.06071
5.82,-1.6,-0.00232711,36.2,0.379323,24,2,360.004,124.4,124.52,124.52,124.52,204.608,-22.1615,-0.206773,36.2,-0.00232711,-0.0293013,-1.06071
5.84,-1.6,-0.00232711,36.2221,0.373505,24,2,364,124.12,124.281,124.519,124.559,205.316,-22.3103,-0.207359,36.2221,-0.00232711,-0.0293192,-1.062
5.86,-1.6,-0.00232711,36.2222,0.359875,24,2,360.123,124.332,124.327,124.605,124.598,206.025,-22.4597,-0.207945,36.2222,-0.00232711,-0.0293193,-1.06201
5.88,-1.6,-0.00232711,36.223,0.339066,24,2,363.864,124.381,124.432,124.56,124.525,206.734,-22.6095,-0.208532,36.223,-0.00232711,-0.0293199,-1.06206
5.9,-1.6,-0.00232711,36.2444,0.311321,24,2,362,124.123,124.283,124.557,124.717,207.443,-22.7597,-0.209118,36.2444,-0.00232711,-0.0293373,-1.06331
5.92,-1.6,-0.00232711,36.2444,0.2852,24,2,361.946,124.403,124.44,124.721,124.6,208.152,-22.9104,-0.209705,36.2444,-0.00232711,-0.0293373,-1.06331
5.94,-1.6,-0.00232711,36.2444,0.274447,24,2,361.955,124.276,124.319,124.72,124.564,208.861,-23.0615,-0.210292,36.2444,-0.00232711,-0.0293373,-1.06331
5.96,-1.6,-0.00232711,36.2444,0.277064,24,2,361.966,124.159,124.319,124.72,124.917,209.57,-23.2131,-0.210879,36.2444,-0.00232711,-0.0293373,-1.06331
5.98,-1.6,-0.00232711,36.2666,0.277982,24,2,360,124.56,124.52,124.88,124.76,210.279,-23.365,-0.211465,36.2666,-0.00232711,-0.0293553,-1.06462
6,-1.59961,-0.00232654,36.2667,0.274627,24,2,360,124.16,124.4,124.88,124.601,210.988,-23.5175,-0.212052,36.2667,-0.00232654,-0.0293481,-1.06436
6.02,-1.5,-0.00218166,36.2667,0.277236,24,2,360,124.276,124.439,124.76,124.997,211.697,-23.6704,-0.21263,36.2667,-0.00218166,-0.0275206,-0.99808
6.04,-1.5,-0.00218166,36.2675,0.284742,23.7839,2,358.297,124.668,124.563,124.982,124.828,212.406,-23.8236,-0.213172,36.2675,-0.00218166,-0.0275212,-0.998125
6.06,-1.5,-0.00218166,36.2889,0.284628,23.6,2,357.781,124.237,124.517,124.687,124.727,213.115,-23.9773,-0.213722,36.2889,-0.00218166,-0.0275375,-0.999304
6.08,-1.5,-0.00218166,36.2889,0.276073,23.6,2,356.08,124.291,124.406,124.92,124.997,213.824,-24.1314,-0.214273,36.2889,-0.00218166,-0.0275375,-0.999304
6.1,-1.5,-0.00218166,36.2889,0.269166,23.6,2,357.826,124.711,124.72,124.913,124.758,214.534,-24.286,-0.214824,36.2889,-0.00218166,-0.0275375,-0.999304
6.12,-1.5,-0.00218166,36.2897,0.261959,23.3832,2,348.31,124.28,124.514,124.729,124.889,215.243,-24.4409,-0.215374,36.2897,-0.00218166,-0.0275381,-0.999351
6.14,-1.5,-0.00218166,36.3111,0.242758,23.2,2,355.548,124.341,124.458,124.781,124.917,215.952,-24.5962,-0.215925,36.3111,-0.00218166,-0.0275543,-1.00053
6.16,-1.59572,-0.00232088,36.3111,0.215965,22.988,2,349.914,124.673,124.715,125.035,124.875,216.661,-24.752,-0.216485,36.3111,-0.00232088,-0.0293127,-1.06438
6.18,-1.5,-0.00218166,36.3111,0.203897,22.5898,2,347.813,124.326,124.52,124.878,124.924,217.37,-24.9082,-0.217071,36.3111,-0.00218166,-0.0275543,-1.00053
6.2,-1.59566,-0.0023208,36.3111,0.219169,22.4,2,343.826,124.409,124.603,124.847,125,218.079,-25.0648,-0.217623,36.3111,-0.0023208,-0.0293116,-1.06434
6.22,-1.5,-0.00218166,36.3111,0.248051,22,2,339.987,124.6,124.72,125.04,124.92,218.789,-25.2218,-0.218209,36.3111,-0.00218166,-0.0275544,-1.00053
6.24,-1.5991,-0.00232579,36.3332,0.267517,21.6,2,339.964,124.52,124.56,125,125.079,219.498,-25.3793,-0.21876,36.3332,-0.00232579,-0.0293926,-1.06793
6.26,-1.5,-0.00218166,36.3333,0.272721,21.2,2,320.122,124.532,124.685,124.927,125.038,220.207,-25.5372,-0.219348,36.3333,-0.00218166,-0.0275712,-1.00175
6.28,-1.5,-0.00218166,36.3333,0.274251,21.2,2,329.336,124.713,124.833,125.002,124.882,220.916,-25.6955,-0.21989,36.3333,-0.00218166,-0.0275712,-1.00175
6.3,-1.50543,-0.00218956,36.3339,0.272437,20.8,2,309.783,124.558,124.6,125.071,125.08,221.625,-25.8542,-0.220442,36.3339,-0.00218956,-0.0276715,-1.00542
6.32,-1.5995,-0.00232638,36.3556,0.257222,20.8,2,304.01,124.681,124.761,124.88,124.999,222.334,-26.0133,-0.221005,36.3556,-0.00232638,-0.0294181,-1.06951
6.34,-1.5,-0.00218166,36.3556,0.23295,20.4051,2,294.152,124.762,124.881,124.999,124.88,223.044,-26.1729,-0.221593,36.3556,-0.00218166,-0.0275881,-1.00298
6.36,-1.5,-0.00218166,36.3556,0.219791,20.4,2,283.642,124.56,124.685,124.993,125.038,223.753,-26.3329,-0.222136,36.3556,-0.00218166,-0.0275881,-1.00298
6.38,-1.50655,-0.00219119,36.3556,0.225983,20.4,2,273.607,124.845,124.995,125.003,124.92,224.462,-26.4933,-0.222688,36.3556,-0.00219119,-0.0277086,-1.00736
6.4,-1.6,-0.00232711,36.3562,0.232123,20.3757,2,262.301,124.71,124.758,125.033,124.887,225.172,-26.6541,-0.223251,36.3562,-0.00232711,-0.0294278,-1.06988
6.42,-1.6,-0.00232711,36.3778,0.210508,19.7989,2,248.005,124.56,124.72,124.88,125.04,225.881,-26.8153,-0.223849,36.3778,-0.00232711,-0.0294452,-1.07115
6.44,-1.6,-0.00232711,36.3778,0.156184,19.3959,2,243.895,124.88,124.88,125.077,124.991,226.59,-26.9771,-0.224438,36.3778,-0.00232711,-0.0294452,-1.07115
6.46,-1.6,-0.00232711,36.3778,0.0902573,18.5939,2,202.198,124.719,124.76,125.04,124.881,227.299,-27.1392,-0.225026,36.3778,-0.00232711,-0.0294452,-1.07115
6.48,-1.6,-0.00232711,36.3778,0.0371821,17.5986,2,247.915,124.56,124.72,124.92,125.08,228.009,-27.3018,-0.225615,36.3778,-0.00232711,-0.0294452,-1.07115
6.5,-1.6,-0.00232711,36.3778,0.0102986,16.999,2,198.134,124.92,124.88,125.08,125,228.718,-27.4647,-0.226204,36.3778,-0.00232711,-0.0294452,-1.07115
6.52,-1.6,-0.00232711,36.3778,0.0140797,16.006,2,241.551,124.683,124.722,125.08,125.079,229.427,-27.6281,-0.226793,36.3778,-0.00232711,-0.0294452,-1.07115
6.54,-1.6,-0.00232711,36.3778,0.0484779,15.0025,2,199.506,124.613,124.773,124.93,125.073,230.136,-27.7919,-0.227382,36.3778,-0.00232711,-0.0294452,-1.07115
6.56,-1.6,-0.00232711,36.3778,0.108262,13.5871,2,190.492,124.91,124.993,125.08,124.88,230.844,-27.9561,-0.227971,36.3778,-0.00232711,-0.0294452,-1.07115
6.58,-1.6,-0.00232711,36.3778,0.177631,11.7532,2,184.844,124.683,124.843,125.074,125.049,231.553,-28.1208,-0.22856,36.3778,-0.00232711,-0.0294452,-1.07115
6.6,-1.6,-0.00232711,36.3786,0.227836,9.94442,2,163.305,124.734,124.888,124.891,125.149,232.262,-28.2858,-0.229149,36.3786,-0.00232711,-0.0294459,-1.0712
6.62,-1.6,-0.00232711,36.4,0.232192,7.18255,2,173.396,124.917,124.999,125,124.88,232.97,-28.4513,-0.229738,36.4,-0.00232711,-0.0294632,-1.07246
6.64,-1.6,-0.00232711,36.4,0.189114,4.38976,2,90.1097,124.72,124.88,125,125,233.679,-28.6173,-0.230327,36.4,-0.00232711,-0.0294632,-1.07246
6.66,-1.6,-0.00232711,36.4,0.120404,1.23654,2,137.147,124.72,124.995,124.881,125.001,234.388,-28.7838,-0.230916,36.4,-0.00232711,-0.0294632,-1.07246
6.68,-1.6,-0.00232711,36.4,0.0465191,0,2,71.411,124.903,124.983,124.883,124.728,235.096,-28.9506,-0.231506,36.4,-0.00232711,-0.0294632,-1.07246
6.7,-1.6,-0.00232711,36.4,-0.0269532,0,2,98,124.605,124.722,124.915,125,235.805,-29.1178,-0.232095,36.4,-0.00232711,-0.0294632,-1.07246
6.72,-1.6,-0.00232711,36.4,-0.102667,0,2,26.9925,124.727,125,124.841,124.875,236.513,-29.2855,-0.232684,36.4,-0.00232711,-0.0294632,-1.07246
6.74,-1.6,-0.00232711,36.4,-0.178324,0,2,-6.25262,124.758,124.878,124.839,124.681,237.222,-29.4536,-0.233274,36.4,-0.00232711,-0.0294632,-1.07246
6.76,-1.6,-0.00232711,36.4,-0.239586,0,2,-80.4483,124.521,124.68,124.838,124.877,237.93,-29.622,-0.233863,36.4,-0.00232711,-0.0294632,-1.07246
6.78,-1.6,-0.00232711,36.378,-0.272288,0,2,76.0559,124.755,124.917,124.838,124.841,238.638,-29.791,-0.234452,36.378,-0.00232711,-0.0294454,-1.07117
6.8,-1.6,-0.00232711,36.3778,-0.283444,0,2,-42.6488,124.763,124.763,124.879,124.681,239.346,-29.9602,-0.235041,36.3778,-0.00232711,-0.0294452,-1.07115
6.82,-1.6,-0.00232711,36.3778,-0.295401,0,2,-80.9487,124.52,124.686,124.72,124.766,240.053,-30.1298,-0.23563,36.3778,-0.00232711,-0.0294452,-1.07115
6.84,-1.6,-0.00232711,36.377,-0.318378,0,2,-3.24745,124.846,124.883,124.757,124.708,240.76,-30.2998,-0.236219,36.377,-0.00232711,-0.0294446,-1.07111
6.86,-1.6,-0.00232711,36.3556,-0.34761,0,2,-176.284,124.597,124.754,124.674,124.443,241.468,-30.4703,-0.236807,36.3556,-0.00232711,-0.0294273,-1.06984
6.88,-1.6,-0.00232711,36.3556,-0.383089,0,2,-156.048,124.446,124.566,124.318,124.516,242.174,-30.6411,-0.237396,36.3556,-0.00232711,-0.0294273,-1.06984
6.9,-1.6,-0.00232711,36.355,-0.42985,0,2,-212.807,124.758,124.766,124.4,124.312,242.881,-30.8123,-0.237984,36.355,-0.00232711,-0.0294268,-1.06981
6.92,-1.6,-0.00232711,36.3333,-0.485549,0,2,-393.567,124.519,124.677,124.316,124.241,243.587,-30.9839,-0.238573,36.3333,-0.00232711,-0.0294093,-1.06854
6.94,-1.6,-0.00232711,36.3332,-0.544563,0,2,-376.963,124.401,124.442,124.001,124.119,244.293,-31.1558,-0.239161,36.3332,-0.00232711,-0.0294092,-1.06853
6.96,-1.50239,-0.00218514,36.3114,-0.606283,0,2,-438.766,124.559,124.717,124.081,123.961,244.999,-31.3281,-0.23974,36.3114,-0.00218514,-0.0275985,-1.00214
6.98,-1.5,-0.00218166,36.3111,-0.670754,0,2,-441.743,124.321,124.442,123.961,124.078,245.704,-31.5007,-0.240283,36.3111,-0.00218166,-0.0275543,-1.00053
7,-1.50165,-0.00218406,36.2891,-0.734446,0,2,-471.539,124.241,124.399,123.802,123.803,246.41,-31.6737,-0.240834,36.2891,-0.00218406,-0.0275678,-1.00041
7.02,-1.59285,-0.0023167,36.2667,-0.798255,0,2,-473.004,124.317,124.506,123.686,123.76,247.114,-31.8469,-0.241393,36.2667,-0.0023167,-0.0292241,-1.05986
7.04,-1.5,-0.00218166,36.266,-0.869379,0,2,-488.886,124.24,124.24,123.763,123.792,247.818,-32.0205,-0.241978,36.266,-0.00218166,-0.0275201,-0.998043
7.06,-1.5,-0.00218166,36.2441,-0.943898,0,2,-504.251,124.081,124.241,123.675,123.675,248.522,-32.1945,-0.242519,36.2441,-0.00218166,-0.0275035,-0.996839
7.08,-1.59904,-0.00232572,36.222,-0.999966,0,2,-588.965,124.118,124.158,123.362,123.44,249.226,-32.3687,-0.243078,36.222,-0.00232572,-0.0293017,-1.06137
7.1,-1.5,-0.00218166,36.1998,-1.01611,0,2,-532.126,123.96,124.08,123.637,123.598,249.929,-32.5432,-0.243664,36.1998,-0.00218166,-0.0274698,-0.994402
7.12,-1.5,-0.00218166,36.177,-0.988064,0,2,-584.148,123.932,124.074,123.317,123.348,250.631,-32.718,-0.244204,36.177,-0.00218166,-0.0274525,-0.993149
7.14,-1.5,-0.00218166,36.1547,-0.933381,0,2,-593.317,123.948,123.997,123.197,123.126,251.333,-32.8931,-0.244753,36.1547,-0.00218166,-0.0274357,-0.991929
7.16,-1.5,-0.00218166,36.1333,-0.888111,0,2,-553.82,123.799,123.997,123.2,123.281,252.034,-33.0685,-0.245302,36.1333,-0.00218166,-0.0274194,-0.990755
7.18,-1.59754,-0.00232353,36.1331,-0.887144,0,2,-595.606,123.803,123.918,123.2,123.195,252.735,-33.2441,-0.245859,36.1331,-0.00232353,-0.0292022,-1.05516
7.2,-1.5,-0.00218166,36.1108,-0.938103,0,2,-656.558,123.754,123.799,122.997,122.844,253.436,-33.4202,-0.246443,36.1108,-0.00218166,-0.0274023,-0.989521
7.22,-1.59867,-0.00232517,36.089,-1.02165,0,2,-593.146,123.481,123.681,122.998,123.197,254.136,-33.5965,-0.246991,36.089,-0.00232517,-0.0291872,-1.05334
7.24,-1.5,-0.00218166,36.0657,-1.11586,0,2,-664.702,123.529,123.6,122.874,122.828,254.835,-33.7731,-0.247575,36.0657,-0.00218166,-0.0273681,-0.987051
7.26,-1.54887,-0.00225274,36.0438,-1.20901,0,2,-674.165,123.349,123.516,122.796,122.644,255.535,-33.95,-0.248117,36.0438,-0.00225274,-0.0282427,-1.01797
7.28,-1.5,-0.00218166,36.0215,-1.29039,0,2,-622.826,123.16,123.32,122.635,122.877,256.233,-34.1272,-0.248682,36.0215,-0.00218166,-0.0273346,-0.984632
7.3,-1.5,-0.00218166,35.9988,-1.34023,0,2,-615.269,123.318,123.318,122.642,122.627,256.931,-34.3046,-0.249224,35.9988,-0.00218166,-0.0273173,-0.983392
7.32,-1.5,-0.00218166,35.9556,-1.34025,0,2,-623.955,123.001,123.12,122.68,122.4,257.628,-34.4824,-0.24977,35.9556,-0.00218166,-0.0272845,-0.981032
7.34,-1.5,-0.00218166,35.9335,-1.29503,0,2,-625.718,122.959,123.12,122.362,122.639,258.325,-34.6602,-0.250316,35.9335,-0.00218166,-0.0272678,-0.979828
7.36,-1.5,-0.00218166,35.9116,-1.23075,0,2,-632,123.153,123.16,122.398,122.252,259.021,-34.8384,-0.250861,35.9116,-0.00218166,-0.0272512,-0.978635
7.38,-1.4,-0.00203622,35.8882,-1.17219,0,2,-636.127,122.795,122.96,122.23,122.05,259.716,-35.0168,-0.251396,35.8882,-0.00203622,-0.0254178,-0.9122
7.4,-1.39596,-0.00203035,35.8662,-1.13007,0,2,-613.211,122.8,122.96,122.078,122.317,260.411,-35.1955,-0.251895,35.8662,-0.00203035,-0.025329,-0.908456
7.42,-1.3,-0.00189077,35.8446,-1.10457,0,2,-636.058,122.958,122.96,122.08,122.002,261.106,-35.3744,-0.252393,35.8446,-0.00189077,-0.0235736,-0.844984
7.44,-1.2,-0.00174533,35.8214,-1.09159,0,2,-660,122.634,122.717,121.843,121.769,261.8,-35.5535,-0.252846,35.8214,-0.00174533,-0.0217462,-0.778978
7.46,-1.09719,-0.0015958,35.7997,-1.08733,0,2,-655.944,122.56,122.681,121.84,121.919,262.493,-35.7328,-0.253263,35.7997,-0.0015958,-0.0198711,-0.711378
7.48,-0.899046,-0.00130761,35.7776,-1.09087,0,2,-654.573,122.677,122.718,121.759,121.678,263.186,-35.9123,-0.253633,35.7776,-0.00130761,-0.0162724,-0.582187
7.5,-0.8,-0.00116355,35.7554,-1.10402,0,2,-656.625,122.36,122.48,121.68,121.601,263.878,-36.0919,-0.253931,35.7554,-0.00116355,-0.0144707,-0.517406
7.52,-0.702055,-0.0010211,35.7336,-1.1302,0,2,-660.863,122.321,122.402,121.562,121.68,264.57,-36.2716,-0.254203,35.7336,-0.0010211,-0.0126913,-0.453505
7.54,-0.7,-0.00101811,35.7103,-1.17278,0,2,-662.752,122.394,122.471,121.551,121.431,265.262,-36.4513,-0.254447,35.7103,-0.00101811,-0.0126459,-0.451589
7.56,-0.703568,-0.0010233,35.6885,-1.23148,0,2,-696.858,122.16,122.237,121.401,121.401,265.953,-36.6311,-0.2547,35.6885,-0.0010233,-0.0127026,-0.453337
7.58,-1.0041,-0.00146041,35.6662,-1.29506,0,2,-665.754,122.002,122.083,121.397,121.435,266.643,-36.811,-0.254982,35.6662,-0.00146041,-0.0181173,-0.646177
7.6,-1.20341,-0.00175029,35.6437,-1.33747,0,2,-669.092,122.079,122.157,121.279,121.159,267.333,-36.991,-0.255389,35.6437,-0.00175029,-0.0216998,-0.773463
7.62,-1.4,-0.00203622,35.5992,-1.33343,0,2,-670,121.994,121.994,121.243,121.28,268.023,-37.1712,-0.255859,35.5992,-0.00203622,-0.0252132,-0.897568
7.64,-1.5,-0.00218166,35.577,-1.28378,0,2,-672.141,121.728,121.883,121.157,121.149,268.711,-37.3514,-0.256389,35.577,-0.00218166,-0.0269973,-0.960482
7.66,-1.5,-0.00218166,35.5553,-1.21522,0,2,-680.279,121.877,121.918,120.803,120.84,269.399,-37.532,-0.256938,35.5553,-0.00218166,-0.0269808,-0.95931
7.68,-1.5,-0.00218166,35.5331,-1.15483,0,2,-675.674,121.718,121.719,121.158,121.119,270.087,-37.7128,-0.257477,35.5331,-0.00218166,-0.0269639,-0.958113
7.7,-1.49915,-0.00218042,35.511,-1.11493,0,2,-676.034,121.442,121.72,120.839,120.958,270.774,-37.8939,-0.258016,35.511,-0.00218042,-0.0269319,-0.956378
7.72,-1.49715,-0.00217752,35.4892,-1.09684,0,2,-678.057,121.719,121.721,120.643,120.643,271.46,-38.0753,-0.258555,35.4892,-0.00217752,-0.0268795,-0.953934
7.74,-1.49351,-0.00217222,35.466,-1.09879,0,2,-678.13,121.432,121.512,120.792,120.763,272.146,-38.2569,-0.259092,35.466,-0.00217222,-0.0267966,-0.950365
7.76,-1.4,-0.00203622,35.4443,-1.12045,0,2,-680,121.242,121.521,120.521,120.758,272.831,-38.4387,-0.259619,35.4443,-0.00203622,-0.0251035,-0.889776
7.78,-1.4,-0.00203622,35.4222,-1.16242,0,2,-682.012,121.439,121.439,120.52,120.48,273.516,-38.6208,-0.260112,35.4222,-0.00203622,-0.0250878,-0.888664
7.8,-1.4,-0.00203622,35.4,-1.22153,0,2,-695.984,121.12,121.16,120.52,120.52,274.201,-38.8032,-0.260614,35.4,-0.00203622,-0.0250721,-0.887552
7.82,-1.4,-0.00203622,35.3769,-1.28457,0,2,-684.47,121.013,121.243,120.32,120.434,274.884,-38.9857,-0.261115,35.3769,-0.00203622,-0.0250557,-0.886394
7.84,-1.4,-0.00203622,35.3539,-1.32751,0,2,-695.231,121.062,121.108,120.283,120.348,275.568,-39.1685,-0.261616,35.3539,-0.00203622,-0.0250394,-0.88524
7.86,-1.4,-0.00203622,35.3106,-1.33108,0,2,-684.19,120.798,120.916,120.312,120.162,276.25,-39.3514,-0.262117,35.3106,-0.00203622,-0.0250087,-0.883073
7.88,-1.4,-0.00203622,35.2883,-1.3029,0,2,-686.208,120.768,120.96,120.12,120.2,276.932,-39.5345,-0.262617,35.2883,-0.00203622,-0.024993,-0.88196
7.9,-1.4,-0.00203622,35.2661,-1.2741,0,2,-684.102,120.792,120.95,120.002,119.998,277.613,-39.7179,-0.263116,35.2661,-0.00203622,-0.0249772,-0.880849
7.92,-1.4,-0.00203622,35.2441,-1.2711,0,2,-684.189,120.519,120.636,120.037,120.039,278.294,-39.9014,-0.263616,35.2441,-0.00203622,-0.0249617,-0.879751
7.94,-1.4,-0.00203622,35.2219,-1.29439,0,2,-690.062,120.525,120.682,119.84,119.955,278.974,-40.0852,-0.264115,35.2219,-0.00203622,-0.0249459,-0.878642
7.96,-1.4,-0.00203622,35.2001,-1.31875,0,2,-690.02,120.601,120.681,119.682,119.681,279.654,-40.2692,-0.264613,35.2001,-0.00203622,-0.0249305,-0.877556
7.98,-1.39831,-0.00203376,35.1559,-1.31527,0,2,-692,120.203,120.322,119.72,119.798,280.333,-40.4534,-0.265112,35.1559,-0.00203376,-0.0248692,-0.874299
8,-1.30114,-0.00189244,35.1335,-1.28063,0,2,-693.908,120.319,120.598,119.482,119.52,281.012,-40.6377,-0.2656,35.1335,-0.00189244,-0.0231262,-0.812505
8.02,-1.39359,-0.00202689,35.1104,-1.23992,0,2,-694,120.307,120.31,119.483,119.48,281.689,-40.8223,-0.266062,35.1104,-0.00202689,-0.0247531,-0.86909
8.04,-1.3,-0.00189077,35.0883,-1.2218,0,2,-694.114,120.035,120.2,119.391,119.391,282.366,-41.007,-0.266557,35.0883,-0.00189077,-0.0230762,-0.809703
8.06,-1.3,-0.00189077,35.0664,-1.23827,0,2,-699.945,120.047,120.199,119.164,119.321,283.043,-41.192,-0.26701,35.0664,-0.00189077,-0.0230618,-0.808693
8.08,-1.3,-0.00189077,35.0441,-1.27899,0,2,-696,120.112,120.115,119.24,119.078,283.719,-41.3771,-0.267471,35.0441,-0.00189077,-0.0230472,-0.807668
8.1,-1.4,-0.00203622,35.0215,-1.31508,0,2,-699.93,119.676,119.879,119.196,119.201,284.395,-41.5624,-0.267941,35.0215,-0.00203622,-0.024804,-0.868672
8.12,-1.4076,-0.00204727,34.9769,-1.31995,0,2,-697.848,119.815,119.88,118.892,119.142,285.07,-41.7479,-0.268446,34.9769,-0.00204727,-0.0249069,-0.871167
8.14,-1.5071,-0.00219198,34.9548,-1.29614,0,2,-698,119.78,119.831,119.049,118.84,285.744,-41.9336,-0.268953,34.9548,-0.00219198,-0.0266506,-0.931566
8.16,-1.6,-0.00232711,34.9332,-1.27292,0,2,-699.949,119.481,119.678,118.876,118.919,286.418,-42.1195,-0.269503,34.9332,-0.00232711,-0.028276,-0.98777
8.18,-1.7,-0.00247255,34.911,-1.27584,0,2,-699.946,119.561,119.639,118.682,118.838,287.091,-42.3056,-0.270086,34.911,-0.00247255,-0.0300241,-1.04817
8.2,-1.7,-0.00247255,34.8887,-1.30385,0,2,-699.948,119.358,119.519,118.839,118.679,287.764,-42.492,-0.270695,34.8887,-0.00247255,-0.030005,-1.04684
8.22,-1.7,-0.00247255,34.8668,-1.32943,0,2,-701.924,119.358,119.401,118.602,118.718,288.436,-42.6788,-0.271295,34.8668,-0.00247255,-0.0299861,-1.04552
8.24,-1.7,-0.00247255,34.8225,-1.32105,0,2,-703.934,119.24,119.36,118.519,118.561,289.107,-42.8658,-0.271894,34.8225,-0.00247255,-0.029948,-1.04286
8.26,-1.7,-0.00247255,34.7993,-1.27299,0,2,-704.235,119.191,119.351,118.132,118.245,289.778,-43.0529,-0.272493,34.7993,-0.00247255,-0.0299281,-1.04148
8.28,-1.7,-0.00247255,34.7771,-1.20907,0,2,-704,119.075,119.08,118.438,118.515,290.448,-43.2404,-0.273091,34.7771,-0.00247255,-0.029909,-1.04015
8.3,-1.7,-0.00247255,34.7549,-1.15878,0,2,-706,119.047,119.245,118.311,118.231,291.117,-43.4281,-0.273689,34.7549,-0.00247255,-0.0298899,-1.03882
8.32,-1.7,-0.00247255,34.733,-1.14005,0,2,-708,118.995,119.151,118.004,118.081,291.786,-43.6161,-0.274287,34.733,-0.00247255,-0.029871,-1.03751
8.34,-1.7,-0.00247255,34.711,-1.15868,0,2,-707.972,118.72,118.841,118.118,118.119,292.455,-43.8044,-0.274884,34.711,-0.00247255,-0.0298521,-1.03619
8.36,-1.7,-0.00247255,34.6891,-1.21016,0.843735,2,-709.923,118.838,118.998,117.922,118.002,293.123,-43.993,-0.275481,34.6891,-0.00247255,-0.0298333,-1.03489
8.38,-1.79903,-0.00261658,34.6669,-1.27666,3.56515,2,-698.105,118.604,118.723,117.96,117.92,293.79,-44.1818,-0.276086,34.6669,-0.00261658,-0.0315509,-1.09377
8.4,-1.8,-0.00261799,34.6448,-1.32629,4.7881,2,-685.94,118.44,118.6,117.805,117.84,294.457,-44.371,-0.276725,34.6448,-0.00261799,-0.0315479,-1.09297
8.42,-1.8,-0.00261799,34.5996,-1.33014,4.8,2,-669.699,118.445,118.598,117.763,117.837,295.123,-44.5604,-0.277356,34.5996,-0.00261799,-0.0315067,-1.09012
8.44,-1.8,-0.00261799,34.5775,-1.28788,4.8,2,-651.694,118.396,118.437,117.678,117.637,295.788,-44.75,-0.277986,34.5775,-0.00261799,-0.0314866,-1.08873
8.46,-1.8,-0.00261799,34.5559,-1.22654,4.8,2,-632.261,118.24,118.281,117.677,117.675,296.453,-44.9399,-0.278616,34.5559,-0.00261799,-0.0314669,-1.08737
8.48,-1.8,-0.00261799,34.5337,-1.1732,5.2,2,-564.503,118.237,118.397,117.604,117.683,297.117,-45.1302,-0.279245,34.5337,-0.00261799,-0.0314467,-1.08597
8.5,-1.8,-0.00261799,34.5115,-1.13852,5.2,2,-590.301,118.167,118.246,117.484,117.445,297.781,-45.3207,-0.279873,34.5115,-0.00261799,-0.0314265,-1.08457
8.52,-1.8,-0.00261799,34.4883,-1.12096,6,2,-571.349,117.958,118.076,117.593,117.48,298.444,-45.5115,-0.280502,34.4883,-0.00261799,-0.0314053,-1.08312
8.54,-1.8,-0.00261799,34.4661,-1.11494,6.4,2,-526.816,117.966,118.12,117.282,117.478,299.106,-45.7026,-0.28113,34.4661,-0.00261799,-0.0313851,-1.08172
8.56,-1.8,-0.00261799,34.4443,-1.11406,7.00608,2,-561.547,117.918,118,117.32,117.318,299.768,-45.894,-0.281757,34.4443,-0.00261799,-0.0313653,-1.08036
8.58,-1.8,-0.00261799,34.4221,-1.11082,7.80356,2,-529.786,117.84,118.079,117.28,117.201,300.43,-46.0857,-0.282384,34.4221,-0.00261799,-0.0313451,-1.07896
8.6,-1.8,-0.00261799,34.4,-1.09644,8.40273,2,-452.102,117.8,117.96,117.2,117.32,301.091,-46.2776,-0.283011,34.4,-0.00261799,-0.0313249,-1.07758
8.62,-1.8,-0.00261799,34.3772,-1.06299,10.0241,2,-545.563,117.752,117.84,117.198,117.16,301.751,-46.4699,-0.283637,34.3772,-0.00261799,-0.0313042,-1.07615
8.64,-1.8,-0.00261799,34.355,-1.00784,11.224,2,-453.041,117.52,117.831,117.206,117.206,302.411,-46.6625,-0.284263,34.355,-0.00261799,-0.0312839,-1.07476
8.66,-1.9,-0.00276344,34.3331,-0.939532,12.207,2,-383.722,117.643,117.682,117.158,117.196,303.07,-46.8553,-0.284897,34.3331,-0.00276344,-0.0330009,-1.13303
8.68,-1.9,-0.00276344,34.3111,-0.879356,13.0016,2,-441.916,117.599,117.679,117.041,116.96,303.729,-47.0485,-0.285566,34.3111,-0.00276344,-0.0329798,-1.13157
8.7,-1.9,-0.00276344,34.3111,-0.84609,13.399,2,-367.91,117.201,117.44,117.12,117.161,304.387,-47.2419,-0.286225,34.3111,-0.00276344,-0.0329797,-1.13157
8.72,-1.9,-0.00276344,34.2891,-0.834384,13.8074,2,-287.222,117.438,117.517,117.04,117.163,305.045,-47.4359,-0.286885,34.2891,-0.00276344,-0.0329586,-1.13012
8.74,-1.9,-0.00276344,34.2672,-0.821235,14,2,-308.38,117.37,117.443,117.158,116.96,305.703,-47.6301,-0.287544,34.2672,-0.00276344,-0.0329376,-1.12868
8.76,-1.9,-0.00276344,34.2444,-0.79514,14,2,-303.932,117.045,117.28,117.033,117.047,306.36,-47.8246,-0.288202,34.2444,-0.00276344,-0.0329157,-1.12718
8.78,-1.9,-0.00276344,34.2439,-0.76104,14,2,-229.481,117.167,117.318,117.047,117.196,307.016,-48.0195,-0.288861,34.2439,-0.00276344,-0.0329152,-1.12715
8.8,-1.9,-0.00276344,34.2218,-0.721156,14.206,2,-229.566,117.197,117.276,117.153,116.957,307.672,-48.2147,-0.289519,34.2218,-0.00276344,-0.0328939,-1.12569
8.82,-1.9,-0.00276344,34.2,-0.673776,14.4,2,-261.333,117.04,117.2,117,116.961,308.328,-48.4103,-0.290176,34.2,-0.00276344,-0.032873,-1.12426
8.84,-1.9,-0.00276344,34.2,-0.624763,14.4,2,-114.032,117,117.2,117,117.12,308.983,-48.6062,-0.290834,34.2,-0.00276344,-0.032873,-1.12426
8.86,-1.9,-0.00276344,34.178,-0.582416,14.4,2,-180.11,117.2,117.2,116.999,116.884,309.638,-48.8025,-0.291491,34.178,-0.00276344,-0.0328518,-1.12281
8.88,-1.9,-0.00276344,34.1778,-0.54743,14.4,2,-114.772,116.961,117.16,117.039,116.879,310.293,-48.9991,-0.292148,34.1778,-0.00276344,-0.0328516,-1.1228
8.9,-1.9,-0.00276344,34.1558,-0.514868,14.4,2,-158.071,116.881,117.159,116.842,117.04,310.947,-49.1962,-0.292805,34.1558,-0.00276344,-0.0328305,-1.12135
8.92,-1.9,-0.00276344,34.1552,-0.481438,14.8,2,-149.781,117.153,117.156,116.84,116.719,311.601,-49.3935,-0.293461,34.1552,-0.00276344,-0.0328299,-1.12131
8.94,-1.9,-0.00276344,34.1333,-0.451884,14.8,2,-141.937,116.84,117.039,116.84,116.728,312.255,-49.5913,-0.294118,34.1333,-0.00276344,-0.0328089,-1.11988
8.96,-1.9,-0.00276344,34.1333,-0.437919,14.8,2,-136.006,116.84,117.04,116.8,116.88,312.908,-49.7894,-0.294774,34.1333,-0.00276344,-0.0328089,-1.11988
8.98,-2,-0.00290888,34.1333,-0.443286,15.0099,2,-157.645,117.04,117.12,116.839,116.72,313.561,-49.9879,-0.295439,34.1333,-0.00290888,-0.0345357,-1.17882
9,-1.90203,-0.00276639,34.1114,-0.453519,15.2,2,-124.284,116.683,116.882,116.801,116.719,314.214,-50.1869,-0.29613,34.1114,-0.00276639,-0.0328227,-1.11963
9.02,-2,-0.00290888,34.1106,-0.449167,15.2,2,-106.976,116.808,116.964,116.792,116.878,314.867,-50.3862,-0.296786,34.1106,-0.00290888,-0.0345127,-1.17725
9.04,-2,-0.00290888,34.0889,-0.424677,15.2,2,-113.863,116.995,117.035,116.8,116.719,315.519,-50.5859,-0.297485,34.0889,-0.00290888,-0.0344907,-1.17575
9.06,-2,-0.00290888,34.0889,-0.389373,15.6,2,-109.834,116.682,116.84,116.72,116.643,316.17,-50.7859,-0.298174,34.0889,-0.00290888,-0.0344907,-1.17575
9.08,-2,-0.00290888,34.0885,-0.352136,15.6,2,-101.317,116.686,116.883,116.834,116.842,316.822,-50.9864,-0.298864,34.0885,-0.00290888,-0.0344903,-1.17572
9.1,-2,-0.00290888,34.0667,-0.314661,16,2,-97.8497,116.955,116.878,116.718,116.714,317.473,-51.1874,-0.299554,34.0667,-0.00290888,-0.0344682,-1.17422
9.12,-2,-0.00290888,34.0667,-0.283771,16,2,-109.979,116.677,116.803,116.68,116.57,318.124,-51.3886,-0.300243,34.0667,-0.00290888,-0.0344682,-1.17422
9.14,-2,-0.00290888,34.0667,-0.270941,16.4,2,-57.88,116.646,116.806,116.671,116.8,318.775,-51.5903,-0.300932,34.0667,-0.00290888,-0.0344682,-1.17422
9.16,-2,-0.00290888,34.0663,-0.272617,16.4115,2,-79.8848,116.878,116.879,116.679,116.637,319.426,-51.7925,-0.301622,34.0663,-0.00290888,-0.0344679,-1.1742
9.18,-2,-0.00290888,34.0444,-0.273245,16.8,2,-66.3911,116.64,116.798,116.64,116.486,320.076,-51.9951,-0.302311,34.0444,-0.00290888,-0.0344458,-1.17269
9.2,-2,-0.00290888,34.0444,-0.270523,17.2,2,-69.4426,116.641,116.723,116.637,116.719,320.726,-52.198,-0.303,34.0444,-0.00290888,-0.0344458,-1.17269
9.22,-2,-0.00290888,34.0444,-0.275048,17.6,2,-51.9518,116.799,116.84,116.678,116.68,321.376,-52.4014,-0.303689,34.0444,-0.00290888,-0.0344458,-1.17269
9.24,-2,-0.00290888,34.0444,-0.285462,18,2,-85.2255,116.563,116.683,116.681,116.521,322.025,-52.6052,-0.304378,34.0444,-0.00290888,-0.0344458,-1.17269
9.26,-2,-0.00290888,34.0222,-0.28803,18,2,-26.5833,116.52,116.642,116.633,116.68,322.675,-52.8095,-0.305066,34.0222,-0.00290888,-0.0344233,-1.17116
9.28,-2,-0.00290888,34.0222,-0.280604,18,2,-31.5072,116.678,116.718,116.522,116.633,323.324,-53.0141,-0.305755,34.0222,-0.00290888,-0.0344233,-1.17116
9.3,-2,-0.00290888,34.0222,-0.27244,18,2,-10.4799,116.518,116.565,116.567,116.482,323.972,-53.2191,-0.306443,34.0222,-0.00290888,-0.0344233,-1.17116
9.32,-2,-0.00290888,34.0219,-0.260451,18,2,-12.6123,116.478,116.562,116.677,116.681,324.621,-53.4246,-0.307132,34.0219,-0.00290888,-0.034423,-1.17114
9.34,-2,-0.00290888,34,-0.231002,18.4,2,-5.89363,116.64,116.68,116.523,116.719,325.27,-53.6305,-0.30782,34,-0.00290888,-0.0344008,-1.16963
9.36,-2,-0.00290888,34,-0.187302,18.4,2,0,116.522,116.562,116.68,116.522,325.917,-53.8367,-0.308508,34,-0.00290888,-0.0344008,-1.16963
9.38,-2,-0.00290888,34,-0.153891,18.4,2,8.07022,116.4,116.521,116.68,116.677,326.565,-54.0434,-0.309196,34,-0.00290888,-0.0344008,-1.16963
9.4,-2,-0.00290888,34,-0.151651,18.4,2,15.9175,116.635,116.718,116.482,116.562,327.213,-54.2506,-0.309884,34,-0.00290888,-0.0344008,-1.16963
9.42,-2,-0.00290888,34,-0.177649,18.4,2,21.2661,116.476,116.559,116.524,116.4,327.86,-54.4581,-0.310572,34,-0.00290888,-0.0344008,-1.16963
9.44,-2,-0.00290888,33.9999,-0.205854,18.4,2,0,116.36,116.52,116.56,116.56,328.508,-54.6662,-0.31126,33.9999,-0.00290888,-0.0344007,-1.16962
9.46,-2,-0.00290888,33.9783,-0.208959,18.4,2,30.5637,116.551,116.675,116.405,116.56,329.155,-54.8746,-0.311948,33.9783,-0.00290888,-0.0343788,-1.16813
9.48,-2,-0.00290888,33.9778,-0.186109,18.8,2,-29.7241,116.512,116.52,116.482,116.396,329.802,-55.0834,-0.312635,33.9778,-0.00290888,-0.0343783,-1.1681
9.5,-2,-0.00290888,33.9778,-0.162936,18.8,2,42.0996,116.36,116.522,116.518,116.484,330.448,-55.2926,-0.313323,33.9778,-0.00290888,-0.0343783,-1.1681
9.52,-2,-0.00290888,33.9778,-0.16344,18.8,2,14.5828,116.561,116.64,116.403,116.639,331.095,-55.5023,-0.31401,33.9778,-0.00290888,-0.0343783,-1.1681
9.54,-2,-0.00290888,33.9778,-0.187437,18.8,2,83.7528,116.399,116.48,116.56,116.479,331.741,-55.7124,-0.314698,33.9778,-0.00290888,-0.0343783,-1.1681
9.56,-2,-0.00290888,33.9778,-0.210026,18.8,2,53.9455,116.318,116.48,116.482,116.478,332.387,-55.9229,-0.315386,33.9778,-0.00290888,-0.0343783,-1.1681
9.58,-2,-0.00290888,33.9559,-0.203654,18.8,2,89.1182,116.398,116.558,116.363,116.64,333.033,-56.1339,-0.316073,33.9559,-0.00290888,-0.0343561,-1.16659
9.6,-2,-0.00290888,33.9556,-0.167099,18.8,2,60.3875,116.39,116.475,116.52,116.357,333.678,-56.3452,-0.31676,33.9556,-0.00290888,-0.0343558,-1.16657
9.62,-2,-0.00290888,33.9556,-0.127119,18.8,2,71.9967,116.24,116.36,116.52,116.48,334.323,-56.557,-0.317447,33.9556,-0.00290888,-0.0343558,-1.16657
9.64,-2,-0.00290888,33.9556,-0.112345,18.8,2,64,116.24,116.519,116.52,116.68,334.968,-56.7692,-0.318134,33.9556,-0.00290888,-0.0343558,-1.16657
9.66,-2.09631,-0.00304897,33.9556,-0.133224,18.8,2,78.8109,116.403,116.481,116.52,116.483,335.613,-56.9818,-0.31883,33.9556,-0.00304897,-0.0360103,-1.22275
9.68,-2,-0.00290888,33.9556,-0.177493,18.8,2,78,116.237,116.4,116.56,116.411,336.258,-57.1949,-0.31955,33.9556,-0.00290888,-0.0343558,-1.16657
9.7,-2,-0.00290888,33.955,-0.214093,18.8,2,75.7932,116.214,116.482,116.476,116.634,336.903,-57.4085,-0.320229,33.955,-0.00290888,-0.0343552,-1.16653
9.72,-2,-0.00290888,33.9333,-0.212756,18.8,2,74.0392,116.479,116.479,116.52,116.399,337.547,-57.6224,-0.320916,33.9333,-0.00290888,-0.0343333,-1.16504
9.74,-2,-0.00290888,33.9333,-0.170042,18.8,2,72.0818,116.321,116.479,116.52,116.359,338.191,-57.8367,-0.321602,33.9333,-0.00290888,-0.0343333,-1.16504
9.76,-2,-0.00290888,33.9333,-0.109071,18.8,2,74.1157,116.216,116.482,116.32,116.518,338.835,-58.0515,-0.322289,33.9333,-0.00290888,-0.0343333,-1.16504
9.78,-2.09419,-0.00304587,33.9333,-0.0545636,18.8,2,76,116.513,116.518,116.482,116.358,339.479,-58.2666,-0.322984,33.9333,-0.00304587,-0.0359502,-1.21991
9.8,-2.00513,-0.00291634,33.9333,-0.0173966,18.8,2,79.6923,116.24,116.476,116.518,116.366,340.122,-58.4823,-0.323703,33.9333,-0.00291634,-0.0344214,-1.16803
9.82,-2.1,-0.00305433,33.9333,0.00270468,18.8,2,78,116.243,116.52,116.319,116.48,340.765,-58.6984,-0.324392,33.9333,-0.00305433,-0.03605,-1.2233
9.84,-2.1,-0.00305433,33.9333,0.0105882,18.8,2,76.009,116.52,116.52,116.399,116.321,341.409,-58.9149,-0.325121,33.9333,-0.00305433,-0.03605,-1.2233
9.86,-2.1,-0.00305433,33.9333,0.0117021,18.8,2,79.9495,116.164,116.36,116.519,116.32,342.052,-59.1319,-0.325842,33.9333,-0.00305433,-0.03605,-1.2233
9.88,-2.1,-0.00305433,33.9333,0.0102245,18.8,2,74.2205,116.239,116.398,116.321,116.519,342.694,-59.3494,-0.326563,33.9333,-0.00305433,-0.03605,-1.2233
9.9,-2.1,-0.00305433,33.9333,0.00849774,18.8,2,87.8342,116.48,116.481,116.476,116.363,343.337,-59.5673,-0.327284,33.9333,-0.00305433,-0.03605,-1.2233
9.92,-2.1,-0.00305433,33.9333,0.00708325,18.8,2,84,116.2,116.32,116.477,116.327,343.98,-59.7857,-0.328005,33.9333,-0.00305433,-0.03605,-1.2233
9.94,-2.1,-0.00305433,33.9333,0.00501605,19.2,2,93.7501,116.165,116.402,116.48,116.562,344.622,-60.0046,-0.328726,33.9333,-0.00305433,-0.03605,-1.2233
9.96,-2.1,-0.00305433,33.9333,0.000139542,19.2,2,86,116.398,116.519,116.558,116.523,345.264,-60.2239,-0.329447,33.9333,-0.00305433,-0.03605,-1.2233
9.98,-2.1,-0.00305433,33.9333,-0.0103398,19.2,2,90.1156,116.243,116.321,116.481,116.322,345.907,-60.4437,-0.330168,33.9333,-0.00305433,-0.03605,-1.2233
10,-2.09454,-0.00304638,33.9333,-0.028746,19.2,2,88.437,116.089,116.329,116.471,116.52,346.548,-60.664,-0.330889,33.9333,-0.00304638,-0.0359562,-1.22012
10.02,-2.1,-0.00305433,33.9333,-0.0548807,19.2,2,90,116.478,116.518,116.401,116.477,347.19,-60.8847,-0.331608,33.9333,-0.00305433,-0.03605,-1.2233
10.04,-2.1,-0.00305433,33.9333,-0.0827939,19.2,2,95.9971,116.2,116.24,116.56,116.32,347.832,-61.1059,-0.332329,33.9333,-0.00305433,-0.03605,-1.2233
10.06,-2.1,-0.00305433,33.9333,-0.102767,19.2,2,92,116.16,116.399,116.402,116.518,348.473,-61.3275,-0.33305,33.9333,-0.00305433,-0.03605,-1.2233
10.08,-2.1,-0.00305433,33.9113,-0.115503,19.2,2,92.0335,116.517,116.521,116.358,116.481,349.115,-61.5496,-0.333771,33.9113,-0.00305433,-0.0360266,-1.22171
10.1,-2.1,-0.00305433,33.9331,-0.134808,19.2,2,93.9671,116.203,116.243,116.48,116.242,349.755,-61.772,-0.334492,33.9331,-0.00305433,-0.0360498,-1.22328
10.12,-2.1,-0.00305433,33.9332,-0.160035,19.2,2,94.0188,116.16,116.401,116.4,116.481,350.396,-61.9951,-0.335213,33.9332,-0.00305433,-0.0360499,-1.22329
10.14,-2.1,-0.00305433,33.9112,-0.166589,19.2,2,94.0134,116.399,116.401,116.4,116.52,351.037,-62.2185,-0.335934,33.9112,-0.00305433,-0.0360265,-1.2217
10.16,-2.1,-0.00305433,33.9111,-0.139879,19.2,2,95.6022,116.155,116.32,116.4,116.165,351.677,-62.4423,-0.336654,33.9111,-0.00305433,-0.0360264,-1.2217
10.18,-2.1,-0.00305433,33.9111,-0.0936705,19.2,2,96.2748,116.085,116.245,116.395,116.523,352.317,-62.6666,-0.337375,33.9111,-0.00305433,-0.0360264,-1.2217
10.2,-2.1,-0.00305433,33.9111,-0.0493299,19.2,2,96.1347,116.4,116.331,116.331,116.509,352.957,-62.8913,-0.338095,33.9111,-0.00305433,-0.0360264,-1.2217
10.22,-2.1,-0.00305433,33.9111,-0.0177157,19.2,2,99.9951,116.24,116.4,116.52,116.24,353.597,-63.1165,-0.338816,33.9111,-0.00305433,-0.0360264,-1.2217
10.24,-2.1,-0.00305433,33.9111,0.000114705,19.2,2,98,116.041,116.163,116.481,116.556,354.236,-63.3422,-0.339536,33.9111,-0.00305433,-0.0360264,-1.2217
10.26,-2.1,-0.00305433,33.9111,0.00744419,19.2,2,101.891,116.407,116.369,116.407,116.476,354.876,-63.5683,-0.340257,33.9111,-0.00305433,-0.0360264,-1.2217
10.28,-2.1,-0.00305433,33.9111,0.00846121,19.2,2,100,116.235,116.471,116.4,116.322,355.515,-63.7948,-0.340977,33.9111,-0.00305433,-0.0360264,-1.2217
10.3,-2.1,-0.00305433,33.9111,0.00659803,19.2,2,100,116.16,116.206,116.389,116.472,356.154,-64.0219,-0.341698,33.9111,-0.00305433,-0.0360264,-1.2217
10.32,-2.1,-0.00305433,33.9111,0.00404862,19.2,2,100.055,116.363,116.48,116.327,116.361,356.793,-64.2494,-0.342418,33.9111,-0.00305433,-0.0360264,-1.2217
10.34,-2.1,-0.00305433,33.9111,0.00190381,19.2,2,100.069,116.239,116.32,116.479,116.477,357.432,-64.4773,-0.343139,33.9111,-0.00305433,-0.0360264,-1.2217
10.36,-2.1,-0.00305433,33.9111,0.000504745,19.2,2,102.031,116.2,116.359,116.242,116.399,358.07,-64.7057,-0.343859,33.9111,-0.00305433,-0.0360264,-1.2217
10.38,-2.1,-0.00305433,33.9111,-0.000208983,19.2,2,101.99,116.359,116.48,116.201,116.48,358.709,-64.9346,-0.34458,33.9111,-0.00305433,-0.0360264,-1.2217
10.4,-2.1,-0.00305433,33.9111,-0.000447223,19.2,2,102,116.361,116.32,116.479,116.241,359.347,-65.1639,-0.345301,33.9111,-0.00305433,-0.0360264,-1.2217
10.42,-2.1,-0.00305433,33.9111,-0.000424899,19.2,2,102.136,116.04,116.357,116.325,116.368,359.985,-65.3937,-0.346021,33.9111,-0.00305433,-0.0360264,-1.2217
10.44,-2.1,-0.00305433,33.9111,-0.000301037,19.2,2,104,116.251,116.362,116.322,116.514,360.623,-65.624,-0.346742,33.9111,-0.00305433,-0.0360264,-1.2217
10.46,-2.19834,-0.00319735,33.9111,-0.00016868,19.2,2,104,116.323,116.361,116.478,116.203,361.261,-65.8547,-0.347471,33.9111,-0.00319735,-0.0377134,-1.2789
10.48,-2.2,-0.00319977,33.9111,-6.85296e-05,19.2,2,104,116.041,116.32,116.205,116.397,361.899,-66.0859,-0.348233,33.9111,-0.00319977,-0.037742,-1.27987
10.5,-2.2,-0.00319977,33.9111,-8.69664e-06,19.2,2,107.921,116.198,116.318,116.321,116.482,362.536,-66.3176,-0.348988,33.9111,-0.00319977,-0.037742,-1.27987
10.52,-2.2,-0.00319977,33.9111,1.8349e-05,19.2,2,106,116.194,116.358,116.556,116.32,363.173,-66.5497,-0.349743,33.9111,-0.00319977,-0.037742,-1.27987
10.54,-2.2,-0.00319977,33.9111,2.45625e-05,19.2,2,106,116.085,116.316,116.4,116.484,363.81,-66.7824,-0.350498,33.9111,-0.00319977,-0.037742,-1.27987
10.56,-2.2,-0.00319977,33.9111,2.04999e-05,19.3941,2,108.033,116.243,116.321,116.4,116.518,364.447,-67.0155,-0.351253,33.9111,-0.00319977,-0.037742,-1.27987
10.58,-2.2,-0.00319977,33.9111,1.32914e-05,19.3962,2,106.045,116.238,116.399,116.4,116.319,365.084,-67.2491,-0.352008,33.9111,-0.00319977,-0.037742,-1.27987
10.6,-2.2,-0.00319977,33.9111,6.72941e-06,19.6,2,110,116.082,116.319,116.4,116.402,365.721,-67.4832,-0.352763,33.9111,-0.00319977,-0.037742,-1.27987
10.62,-2.2,-0.00319977,33.9111,2.20493e-06,19.6,2,110,116.212,116.362,116.32,116.473,366.357,-67.7177,-0.353517,33.9111,-0.00319977,-0.037742,-1.27987
10.64,-2.2,-0.00319977,33.9111,-2.57403e-07,19.6,2,111.879,116.313,116.473,116.395,116.24,366.993,-67.9528,-0.354272,33.9111,-0.00319977,-0.037742,-1.27987
10.66,-2.2,-0.00319977,33.9111,-1.20369e-06,19.6,2,108.002,116.16,116.32,116.32,116.36,367.629,-68.1883,-0.355027,33.9111,-0.00319977,-0.037742,-1.27987
10.68,-2.2,-0.00319977,33.9111,-1.26833e-06,19.6,2,112.041,116.16,116.397,116.4,116.481,368.265,-68.4243,-0.355782,33.9111,-0.00319977,-0.037742,-1.27987
10.7,-2.2,-0.00319977,33.9111,-9.51171e-07,19.6,2,114,116.4,116.52,116.4,116.321,368.901,-68.6608,-0.356537,33.9111,-0.00319977,-0.037742,-1.27987
10.72,-2.2,-0.00319977,33.9111,-5.62052e-07,19.6,2,112.135,116.163,116.32,116.4,116.331,369.536,-68.8977,-0.357292,33.9111,-0.00319977,-0.037742,-1.27987
10.74,-2.2,-0.00319977,33.9111,-2.49397e-07,19.6,2,117.887,116.165,116.362,116.358,116.48,370.171,-69.1352,-0.358046,33.9111,-0.00319977,-0.037742,-1.27987
10.76,-2.2,-0.00319977,33.9111,-5.57643e-08,19.6,2,116.051,116.239,116.357,116.48,116.357,370.807,-69.3731,-0.358801,33.9111,-0.00319977,-0.037742,-1.27987
10.78,-2.2,-0.00319977,33.9111,3.07689e-08,19.6,2,118,116.161,116.32,116.359,116.245,371.441,-69.6115,-0.359556,33.9111,-0.00319977,-0.037742,-1.27987
10.8,-2.2,-0.00319977,33.9111,4.1405e-08,19.6,2,118.094,116.083,116.321,116.396,116.519,372.076,-69.8504,-0.360311,33.9111,-0.00319977,-0.037742,-1.27987
10.82,-2.2,-0.00319977,33.9111,8.61155e-09,19.6,2,120,116.319,116.32,116.4,116.36,372.711,-70.0897,-0.361066,33.9111,-0.00319977,-0.037742,-1.27987
10.84,-2.2,-0.00319977,33.9111,-3.86161e-08,19.6,2,120,116.161,116.319,116.518,116.359,373.345,-70.3296,-0.361821,33.9111,-0.00319977,-0.037742,-1.27987
10.86,-2.2,-0.00319977,33.9111,-7.15273e-08,19.6,2,122.081,116.16,116.32,116.52,116.558,373.979,-70.5699,-0.362575,33.9111,-0.00319977,-0.037742,-1.27987
10.88,-2.2,-0.00319977,33.9111,-5.58258e-08,19.6,2,123.847,116.351,116.351,116.326,116.351,374.613,-70.8107,-0.36333,33.9111,-0.00319977,-0.037742,-1.27987
10.9,-2.2,-0.00319977,33.9111,5.11143e-08,19.6,2,118.26,116.16,116.248,116.48,116.256,375.247,-71.0519,-0.364085,33.9111,-0.00319977,-0.037742,-1.27987
10.92,-2.2,-0.00319977,33.9111,2.93719e-07,19.6,2,124,116.16,116.323,116.511,116.557,375.881,-71.2937,-0.36484,33.9111,-0.00319977,-0.037742,-1.27987
10.94,-2.2,-0.00319977,33.9111,6.95435e-07,19.6,2,124,116.36,116.36,116.362,116.315,376.514,-71.5359,-0.365595,33.9111,-0.00319977,-0.037742,-1.27987
10.96,-2.2,-0.00319977,33.9111,1.21388e-06,19.6,2,124,116.24,116.4,116.4,116.241,377.148,-71.7786,-0.36635,33.9111,-0.00319977,-0.037742,-1.27987
10.98,-2.2,-0.00319977,33.9111,1.67372e-06,19.6,2,124,116.16,116.32,116.4,116.52,377.781,-72.0218,-0.367105,33.9111,-0.00319977,-0.037742,-1.27987
11,-2.2,-0.00319977,33.9111,1.69072e-06,19.6,2,125.981,116.358,116.399,116.36,116.401,378.414,-72.2655,-0.367859,33.9111,-0.00319977,-0.037742,-1.27987
11.02,-2.2,-0.00319977,33.9111,6.24498e-07,19.6,2,126,116.243,116.361,116.4,116.24,379.047,-72.5096,-0.368614,33.9111,-0.00319977,-0.037742,-1.27987
11.04,-2.2,-0.00319977,33.9111,-2.36799e-06,19.6,2,124.043,116.08,116.242,116.363,116.517,379.679,-72.7542,-0.369369,33.9111,-0.00319977,-0.037742,-1.27987
11.06,-2.2,-0.00319977,33.9111,-8.07007e-06,19.6,2,125.885,116.358,116.473,116.254,116.315,380.312,-72.9993,-0.370124,33.9111,-0.00319977,-0.037742,-1.27987
11.08,-2.2,-0.00319977,33.9111,-1.66085e-05,19.6,2,126.256,116.152,116.2,116.48,116.323,380.944,-73.2449,-0.370879,33.9111,-0.00319977,-0.037742,-1.27987
11.1,-2.2,-0.00319977,33.9111,-2.64366e-05,19.6,2,128,116.155,116.247,116.358,116.52,381.576,-73.4909,-0.371634,33.9111,-0.00319977,-0.037742,-1.27987
11.12,-2.2,-0.00319977,33.9111,-3.29649e-05,19.6,2,128.019,116.241,116.399,116.361,116.519,382.208,-73.7375,-0.372388,33.9111,-0.00319977,-0.037742,-1.27987
11.14,-2.2,-0.00319977,33.9111,-2.72324e-05,19.6037,2,128.019,116.199,116.241,116.401,116.24,382.839,-73.9845,-0.373143,33.9111,-0.00319977,-0.037742,-1.27987
11.16,-2.2,-0.00319977,33.9111,4.45446e-06,20,2,128.06,116.08,116.242,116.52,116.512,383.471,-74.232,-0.373898,33.9111,-0.00319977,-0.037742,-1.27987
11.18,-2.2,-0.00319977,33.9111,7.83035e-05,20,2,130,116.317,116.319,116.322,116.639,384.102,-74.4799,-0.374653,33.9111,-0.00319977,-0.037742,-1.27987
11.2,-2.2,-0.00319977,33.9111,0.000206019,20,2,131.979,116.242,116.321,116.48,116.243,384.733,-74.7283,-0.375408,33.9111,-0.00319977,-0.037742,-1.27987
11.22,-2.2,-0.00319977,33.9111,0.000380745,20,2,132,116.086,116.24,116.397,116.409,385.364,-74.9773,-0.376163,33.9111,-0.00319977,-0.037742,-1.27987
11.24,-2.2,-0.00319977,33.9111,0.000555146,20,2,132,116.238,116.395,116.321,116.403,385.995,-75.2266,-0.376917,33.9111,-0.00319977,-0.037742,-1.27987
11.26,-2.10499,-0.00306158,33.9111,0.000614765,20,2,134.1,116.236,116.398,116.476,116.398,386.625,-75.4765,-0.377664,33.9111,-0.00306158,-0.0361119,-1.2246
11.28,-2.1,-0.00305433,33.9111,0.000357359,20.0279,2,132.279,116.2,116.32,116.363,116.48,387.256,-75.7268,-0.378378,33.9111,-0.00305433,-0.0360264,-1.2217
11.3,-2.1,-0.00305433,33.9111,-0.000499781,20.4,2,137.86,116.251,116.486,116.363,116.397,387.886,-75.9776,-0.379098,33.9111,-0.00305433,-0.0360264,-1.2217
11.32,-2.1,-0.00305433,33.9111,-0.0022495,20.4,2,138,116.315,116.393,116.403,116.32,388.516,-76.2288,-0.379818,33.9111,-0.00305433,-0.0360264,-1.2217
11.34,-2.1,-0.00305433,33.9111,-0.00501781,20.4,2,141.911,116.2,116.244,116.398,116.404,389.145,-76.4805,-0.380539,33.9111,-0.00305433,-0.0360264,-1.2217
11.36,-2.1,-0.00305433,33.9111,-0.00844413,20.4,2,140.094,116.203,116.48,116.321,116.479,389.775,-76.7326,-0.381259,33.9111,-0.00305433,-0.0360264,-1.2217
11.38,-2.09722,-0.00305029,33.9111,-0.0112249,20.4,2,146,116.318,116.357,116.4,116.32,390.404,-76.9852,-0.38198,33.9111,-0.00305029,-0.0359788,-1.22008
11.4,-2,-0.00290888,33.9111,-0.0106244,20.4,2,144.135,116.2,116.321,116.481,116.363,391.034,-77.2383,-0.382691,33.9111,-0.00290888,-0.0343109,-1.16352
11.42,-2.09786,-0.00305121,33.9111,-0.00222503,20.4,2,150.043,116.083,116.399,116.403,116.638,391.663,-77.4917,-0.383377,33.9111,-0.00305121,-0.0359897,-1.22045
11.44,-2,-0.00290888,33.9111,0.0195765,20.4,2,155.696,116.397,116.357,116.483,116.471,392.292,-77.7456,-0.384097,33.9111,-0.00290888,-0.0343109,-1.16352
11.46,-2,-0.00290888,33.9111,0.0595941,20.4,2,154,116.239,116.399,116.559,116.403,392.92,-78,-0.384775,33.9111,-0.00290888,-0.0343109,-1.16352
11.48,-2,-0.00290888,33.9111,0.117583,20.4,2,156.039,116.086,116.402,116.399,116.559,393.549,-78.2548,-0.385461,33.9111,-0.00290888,-0.0343109,-1.16352
11.5,-2,-0.00290888,33.9111,0.181443,20.4,2,158.042,116.516,116.477,116.482,116.322,394.177,-78.51,-0.386147,33.9111,-0.00290888,-0.0343109,-1.16352
11.52,-2,-0.00290888,33.912,0.224905,20.4316,2,160,116.163,116.363,116.667,116.529,394.806,-78.7657,-0.386833,33.912,-0.00290888,-0.0343117,-1.16358
11.54,-2,-0.00290888,33.9333,0.223316,20.7687,2,162.157,116.222,116.483,116.32,116.554,395.434,-79.0218,-0.38752,33.9333,-0.00290888,-0.0343333,-1.16504
11.56,-2,-0.00290888,33.9333,0.17757,20.4225,2,164,116.509,116.511,116.56,116.4,396.062,-79.2785,-0.388206,33.9333,-0.00290888,-0.0343333,-1.16504
11.58,-2,-0.00290888,33.9333,0.113106,20.8,2,166,116.165,116.4,116.555,116.485,396.69,-79.5356,-0.388893,33.9333,-0.00290888,-0.0343333,-1.16504
11.6,-2,-0.00290888,33.9333,0.0553535,20.4,2,168,116.25,116.52,116.48,116.56,397.318,-79.7932,-0.38958,33.9333,-0.00290888,-0.0343333,-1.16504
11.62,-2,-0.00290888,33.9333,0.0150875,20.8,2,168.075,116.477,116.478,116.559,116.478,397.946,-80.0511,-0.390266,33.9333,-0.00290888,-0.0343333,-1.16504
11.64,-2,-0.00290888,33.9333,-0.00822256,20.8,2,164.072,116.2,116.32,116.56,116.402,398.573,-80.3095,-0.390953,33.9333,-0.00290888,-0.0343333,-1.16504
11.66,-2,-0.00290888,33.9333,-0.0192628,20.8,2,173.877,116.24,116.398,116.52,116.676,399.201,-80.5684,-0.39164,33.9333,-0.00290888,-0.0343333,-1.16504
11.68,-2,-0.00290888,33.9333,-0.0223515,20.8,2,172.165,116.47,116.51,116.557,116.51,399.828,-80.8276,-0.392326,33.9333,-0.00290888,-0.0343333,-1.16504
11.7,-1.9018,-0.00276605,33.9333,-0.0191104,20.8,2,174,116.242,116.321,116.559,116.4,400.455,-81.0873,-0.393005,33.9333,-0.00276605,-0.0326475,-1.10784
11.72,-1.9,-0.00276344,33.9333,-0.0077779,20.8,2,176.232,116.202,116.369,116.673,116.72,401.082,-81.3474,-0.393649,33.9333,-0.00276344,-0.0326167,-1.10679
11.74,-1.9,-0.00276344,33.9333,0.0160648,20.8,2,179.895,116.32,116.51,116.64,116.632,401.708,-81.608,-0.394301,33.9333,-0.00276344,-0.0326167,-1.10679
11.76,-1.9,-0.00276344,33.9333,0.057105,20.8,2,172.116,116.323,116.362,116.64,116.482,402.335,-81.8689,-0.394954,33.9333,-0.00276344,-0.0326167,-1.10679
11.78,-1.9,-0.00276344,33.9333,0.11568,20.8,2,181.902,116.473,116.52,116.558,116.679,402.961,-82.1302,-0.395606,33.9333,-0.00276344,-0.0326167,-1.10679
11.8,-1.9,-0.00276344,33.9333,0.180519,20.8,2,178.102,116.32,116.519,116.56,116.559,403.587,-82.392,-0.396258,33.9333,-0.00276344,-0.0326167,-1.10679
11.82,-1.9,-0.00276344,33.9334,0.225538,20.8,2,179.988,116.4,116.48,116.64,116.48,404.213,-82.6541,-0.396911,33.9334,-0.00276344,-0.0326167,-1.10679
11.84,-1.9,-0.00276344,33.9555,0.225161,20.8,2,181.967,116.32,116.48,116.8,116.799,404.839,-82.9167,-0.397563,33.9555,-0.00276344,-0.032638,-1.10824
11.86,-1.9,-0.00276344,33.9556,0.179189,20.8,2,180.229,116.473,116.677,116.363,116.525,405.465,-83.1799,-0.398216,33.9556,-0.00276344,-0.032638,-1.10824
11.88,-1.9,-0.00276344,33.9556,0.112927,20.8,2,178.322,116.541,116.474,116.573,116.486,406.091,-83.4434,-0.398869,33.9556,-0.00276344,-0.032638,-1.10824
11.9,-1.9,-0.00276344,33.9556,0.0525372,20.8,2,182,116.202,116.4,116.72,116.678,406.717,-83.7074,-0.399521,33.9556,-0.00276344,-0.032638,-1.10824
11.92,-1.9,-0.00276344,33.9556,0.00992735,20.8,2,182,116.57,116.678,116.527,116.633,407.343,-83.9717,-0.400174,33.9556,-0.00276344,-0.032638,-1.10824
11.94,-1.9,-0.00276344,33.9556,-0.0138101,20.8,2,181.746,116.502,116.475,116.565,116.483,407.968,-84.2365,-0.400827,33.9556,-0.00276344,-0.032638,-1.10824
11.96,-1.9,-0.00276344,33.9556,-0.020998,20.8,2,184,116.201,116.404,116.554,116.68,408.593,-84.5017,-0.40148,33.9556,-0.00276344,-0.032638,-1.10824
11.98,-1.9,-0.00276344,33.9556,-0.0129829,20.8,2,184,116.563,116.56,116.648,116.718,409.218,-84.7673,-0.402132,33.9556,-0.00276344,-0.032638,-1.10824
12,-1.8,-0.00261799,33.9556,0.0112513,20.8,2,186,116.393,116.481,116.796,116.559,409.843,-85.0333,-0.402777,33.9556,-0.00261799,-0.0309202,-1.04991
12.02,-1.8,-0.00261799,33.9556,0.0535802,20.8,2,184,116.2,116.48,116.56,116.721,410.468,-85.2997,-0.403386,33.9556,-0.00261799,-0.0309202,-1.04991
12.04,-1.8,-0.00261799,33.9556,0.112299,20.8,2,185.996,116.519,116.52,116.64,116.84,411.092,-85.5664,-0.404005,33.9556,-0.00261799,-0.0309202,-1.04991
12.06,-1.8,-0.00261799,33.9556,0.175026,20.8,2,186,116.407,116.521,116.724,116.641,411.717,-85.8336,-0.404623,33.9556,-0.00261799,-0.0309202,-1.04991
12.08,-1.8,-0.00261799,33.9563,0.216148,20.8,2,186,116.363,116.48,116.68,116.72,412.341,-86.1012,-0.405242,33.9563,-0.00261799,-0.0309209,-1.04996
12.1,-1.8,-0.00261799,33.9776,0.212556,20.8,2,186,116.479,116.559,116.68,116.72,412.965,-86.3691,-0.40586,33.9776,-0.00261799,-0.0309403,-1.05127
12.12,-1.7,-0.00247255,33.9778,0.167907,20.8,2,186,116.558,116.679,116.798,116.64,413.589,-86.6376,-0.40647,33.9778,-0.00247255,-0.0292215,-0.992883
12.14,-1.79901,-0.00261656,33.9778,0.112147,20.8,2,187.98,116.399,116.48,116.68,116.8,414.213,-86.9065,-0.407055,33.9778,-0.00261656,-0.0309235,-1.05071
12.16,-1.79747,-0.00261432,33.9778,0.0766358,20.8,2,186,116.359,116.558,116.564,116.8,414.837,-87.1757,-0.407682,33.9778,-0.00261432,-0.030897,-1.04981
12.18,-1.7,-0.00247255,33.9778,0.077312,20.8,2,187.973,116.64,116.681,116.68,116.641,415.461,-87.4453,-0.408291,33.9778,-0.00247255,-0.0292215,-0.992883
12.2,-1.7,-0.00247255,33.9778,0.113465,20.8,2,187.991,116.56,116.64,116.68,116.68,416.085,-87.7153,-0.408867,33.9778,-0.00247255,-0.0292215,-0.992883
12.22,-1.6,-0.00232711,33.9778,0.167821,20.8,2,187.849,116.492,116.643,116.578,116.683,416.708,-87.9857,-0.409443,33.9778,-0.00232711,-0.0275026,-0.934478
12.24,-1.5,-0.00218166,33.9785,0.208402,20.8,2,188,116.557,116.635,116.88,116.72,417.332,-88.2564,-0.409976,33.9785,-0.00218166,-0.0257842,-0.87611
12.26,-1.4,-0.00203622,34,0.206461,20.8,2,188,116.519,116.64,116.839,116.798,417.955,-88.5275,-0.410474,34,-0.00203622,-0.0240805,-0.818738
12.28,-1.4,-0.00203622,34,0.16148,20.8,2,188,116.487,116.681,116.64,116.719,418.578,-88.799,-0.410947,34,-0.00203622,-0.0240805,-0.818738
12.3,-1.4,-0.00203622,34,0.100573,20.8,2,188,116.674,116.678,116.685,116.643,419.202,-89.0708,-0.411429,34,-0.00203622,-0.0240805,-0.818738
12.32,-1.30089,-0.00189207,34,0.0536046,20.8,2,188,116.48,116.639,116.84,116.841,419.825,-89.3429,-0.411902,34,-0.00189207,-0.0223758,-0.760777
12.34,-1.39968,-0.00203575,34,0.0373987,20.8,2,189.994,116.521,116.68,116.72,116.88,420.448,-89.6153,-0.41235,34,-0.00203575,-0.024075,-0.818549
12.36,-1.3,-0.00189077,34,0.0566126,20.8,2,189.972,116.68,116.8,116.839,116.682,421.071,-89.8879,-0.412831,34,-0.00189077,-0.0223605,-0.760256
12.38,-1.3,-0.00189077,34,0.106185,20.8,2,189.988,116.48,116.56,116.84,116.799,421.694,-90.1609,-0.41327,34,-0.00189077,-0.0223605,-0.760256
12.4,-1.2005,-0.00174606,34,0.168545,20.8,2,190,116.56,116.72,116.72,116.88,422.316,-90.4341,-0.413708,34,-0.00174606,-0.0206491,-0.702069
12.42,-1.19496,-0.001738,34.0006,0.213014,20.8,2,190,116.716,116.794,116.84,116.796,422.939,-90.7076,-0.414112,34.0006,-0.001738,-0.0205541,-0.69885
12.44,-1.1,-0.00159989,34.0222,0.212151,20.8,2,190,116.525,116.68,116.84,116.803,423.562,-90.9814,-0.414515,34.0222,-0.00159989,-0.0189328,-0.644135
12.46,-1.00209,-0.00145748,34.0222,0.166187,20.8,2,190,116.562,116.797,116.84,116.88,424.184,-91.2556,-0.414877,34.0222,-0.00145748,-0.0172476,-0.586801
12.48,-0.991877,-0.00144263,34.0222,0.102376,20.8,2,190.162,116.83,116.837,116.874,116.794,424.807,-91.53,-0.415213,34.0222,-0.00144263,-0.0170718,-0.58082
12.5,-0.9,-0.001309,34.0222,0.0502396,20.8,2,192,116.641,116.8,116.839,116.799,425.43,-91.8046,-0.415545,34.0222,-0.001309,-0.0154904,-0.527019
12.52,-0.8,-0.00116355,34.0222,0.0261808,20.8263,2,192,116.531,116.683,116.84,116.955,426.052,-92.0794,-0.415839,34.0222,-0.00116355,-0.0137693,-0.468461
12.54,-0.7,-0.00101811,34.0222,0.035268,21.2,2,192,116.833,116.795,116.878,116.833,426.675,-92.3543,-0.416097,34.0222,-0.00101811,-0.0120481,-0.409904
12.56,-0.7,-0.00101811,34.0222,0.0750289,21.2,2,194,116.56,116.678,116.878,116.804,427.297,-92.6294,-0.416329,34.0222,-0.00101811,-0.0120481,-0.409904
12.58,-0.7,-0.00101811,34.0222,0.134066,21.2,2,192.193,116.526,116.686,116.802,116.88,427.919,-92.9047,-0.41657,34.0222,-0.00101811,-0.0120481,-0.409904
12.6,-0.7,-0.00101811,34.0222,0.189094,21.2,2,196.091,116.838,116.796,117.038,116.88,428.542,-93.1801,-0.416811,34.0222,-0.00101811,-0.0120481,-0.409904
12.62,-0.7,-0.00101811,34.0333,0.211836,21.2,2,198,116.64,116.68,117.04,116.96,429.164,-93.4557,-0.417052,34.0333,-0.00101811,-0.012052,-0.41017
12.64,-0.7,-0.00101811,34.0444,0.189347,21.2,2,201.96,116.52,116.72,116.96,117.04,429.786,-93.7315,-0.417293,34.0444,-0.00101811,-0.012056,-0.410439
12.66,-0.7,-0.00101811,34.0444,0.136552,21.2,2,200.121,116.88,116.838,117.04,116.953,430.408,-94.0075,-0.417534,34.0444,-0.00101811,-0.012056,-0.410439
12.68,-0.7,-0.00101811,34.0444,0.0836709,21.6,2,202.184,116.716,116.72,117.036,116.807,431.031,-94.2837,-0.417775,34.0444,-0.00101811,-0.012056,-0.410439
12.7,-0.804504,-0.0011701,34.0444,0.0552924,21.6,2,204.09,116.644,116.725,116.878,117.002,431.653,-94.56,-0.418025,34.0444,-0.0011701,-0.0138558,-0.471714
12.72,-0.9,-0.001309,34.0444,0.0621683,21.6,2,206.079,116.958,116.878,117.04,116.958,432.275,-94.8365,-0.41832,34.0444,-0.001309,-0.0155006,-0.527708
12.74,-1,-0.00145444,34.0444,0.10219,21.6,2,208.001,116.72,116.8,117.12,116.84,432.898,-95.1132,-0.418647,34.0444,-0.00145444,-0.0172228,-0.586342
12.76,-1.09851,-0.00159772,34.0444,0.15936,21.6,2,210,116.799,116.84,116.88,116.96,433.52,-95.3902,-0.419008,34.0444,-0.00159772,-0.0189195,-0.644104
12.78,-1.2,-0.00174533,34.0444,0.204274,21.6,2,211.967,116.958,116.88,116.999,117,434.142,-95.6673,-0.419404,34.0444,-0.00174533,-0.0206674,-0.703611
12.8,-1.3,-0.00189077,34.0667,0.211117,21.6,2,215.975,116.841,116.84,117.04,116.84,434.763,-95.9447,-0.419835,34.0667,-0.00189077,-0.0224043,-0.763241
12.82,-1.4,-0.00203622,34.0667,0.182645,21.6,2,218,116.68,116.728,117.035,117.157,435.386,-96.2226,-0.4203,34.0667,-0.00203622,-0.0241277,-0.821951
12.84,-1.4,-0.00203622,34.0667,0.148731,21.6,2,220,116.88,116.956,117.04,116.956,436.008,-96.5008,-0.420791,34.0667,-0.00203622,-0.0241277,-0.821951
12.86,-1.4,-0.00203622,34.0667,0.138136,21.6,2,212.394,116.797,116.8,117.117,116.886,436.629,-96.7793,-0.421274,34.0667,-0.00203622,-0.0241277,-0.821951
12.88,-1.4,-0.00203622,34.0667,0.157456,21.6,2,226.115,116.795,116.847,117.035,117.16,437.251,-97.058,-0.421756,34.0667,-0.00203622,-0.0241277,-0.821951
12.9,-1.40555,-0.00204429,34.0667,0.189403,21.6,2,220.333,116.884,116.998,117.122,117.153,437.873,-97.3371,-0.422239,34.0667,-0.00204429,-0.0242234,-0.825212
12.92,-1.5,-0.00218166,34.078,0.206382,21.6,2,226.037,116.879,116.88,117.2,117.041,438.494,-97.6165,-0.422732,34.078,-0.00218166,-0.0258597,-0.881247
12.94,-1.5,-0.00218166,34.0889,0.194906,21.6,2,233.975,116.839,116.88,117.2,117.28,439.116,-97.8963,-0.423258,34.0889,-0.00218166,-0.025868,-0.881812
12.96,-1.5,-0.00218166,34.0889,0.168834,21.6,2,230,116.958,117.039,117.041,117.161,439.737,-98.1765,-0.423775,34.0889,-0.00218166,-0.025868,-0.881812
12.98,-1.59939,-0.00232622,34.0889,0.154607,21.6,2,231.988,116.961,116.96,117.12,116.96,440.359,-98.457,-0.424301,34.0889,-0.00232622,-0.0275821,-0.940242
13,-1.6,-0.00232711,34.0889,0.166008,21.6,2,233.949,116.721,116.841,117.161,117.198,440.98,-98.7379,-0.424861,34.0889,-0.00232711,-0.0275926,-0.940599
13.02,-1.6,-0.00232711,34.0889,0.192424,21.6,2,232.119,117.047,117.158,117.047,117.195,441.601,-99.0191,-0.425413,34.0889,-0.00232711,-0.0275926,-0.940599
13.04,-1.6,-0.00232711,34.0966,0.207254,21.6,2,236.091,116.991,116.96,117.2,117.12,442.222,-99.3006,-0.425965,34.0966,-0.00232711,-0.0275988,-0.941025
13.06,-1.7,-0.00247255,34.1111,0.192214,21.6,2,236,116.84,116.963,117.199,117.202,442.843,-99.5826,-0.426526,34.1111,-0.00247255,-0.0293362,-1.00069
13.08,-1.64875,-0.00239801,34.1111,0.156337,21.6,2,236.185,117.003,117.159,117.204,117.319,443.464,-99.865,-0.427117,34.1111,-0.00239801,-0.0284518,-0.970521
13.1,-1.60219,-0.0023303,34.1111,0.127221,21.6,2,241.912,116.957,116.96,117.277,117.159,444.085,-100.148,-0.427677,34.1111,-0.0023303,-0.0276484,-0.943118
13.12,-1.7,-0.00247255,34.1111,0.126425,21.6221,2,238,116.84,116.962,117.162,117.282,444.706,-100.431,-0.428235,34.1111,-0.00247255,-0.0293362,-1.00069
13.14,-1.7,-0.00247255,34.1111,0.154573,21.6,2,242.08,116.886,117.043,117.205,117.315,445.326,-100.714,-0.42883,34.1111,-0.00247255,-0.0293362,-1.00069
13.16,-1.60029,-0.00232752,34.1111,0.190539,21.6011,2,241.989,117.04,117,117.28,117.12,445.947,-100.998,-0.429408,34.1111,-0.00232752,-0.0276155,-0.941995
13.18,-1.60027,-0.00232749,34.1223,0.20375,22,2,242,116.88,117,117.28,117.32,446.567,-101.283,-0.429952,34.1223,-0.00232749,-0.0276242,-0.942603
13.2,-1.7,-0.00247255,34.1333,0.178132,22,2,244.016,116.842,117.12,117.281,117.439,447.187,-101.567,-0.430513,34.1333,-0.00247255,-0.0293553,-1.00199
13.22,-1.7,-0.00247255,34.1333,0.126339,22,2,242.154,117.111,117.037,117.366,117.28,447.808,-101.852,-0.431109,34.1333,-0.00247255,-0.0293553,-1.00199
13.24,-1.69249,-0.00246163,34.1333,0.077677,22,2,244,116.84,117.003,117.354,117.36,448.428,-102.138,-0.431695,34.1333,-0.00246163,-0.0292257,-0.997569
13.26,-1.6,-0.00232711,34.1333,0.0571308,22,2,244.122,116.9,117.2,117.17,117.355,449.048,-102.424,-0.432271,34.1333,-0.00232711,-0.0276285,-0.943054
13.28,-1.6,-0.00232711,34.1333,0.0765338,22,2,246,117.188,117.157,117.366,117.2,449.667,-102.71,-0.432816,34.1333,-0.00232711,-0.0276285,-0.943054
13.3,-1.6,-0.00232711,34.1333,0.134121,22,2,246,116.88,117.12,117.32,117.329,450.287,-102.996,-0.433368,34.1333,-0.00232711,-0.0276285,-0.943054
13.32,-1.6,-0.00232711,34.1333,0.213363,22,2,248,117.014,117.205,117.211,117.436,450.907,-103.283,-0.433921,34.1333,-0.00232711,-0.0276285,-0.943054
13.34,-1.6,-0.00232711,34.141,0.286689,22,2,247.937,117.315,117.277,117.479,117.277,451.526,-103.57,-0.434474,34.141,-0.00232711,-0.0276347,-0.943475
13.36,-1.6,-0.00232711,34.1556,0.330538,22,2,247.971,117.041,117.2,117.319,117.322,452.145,-103.858,-0.435026,34.1556,-0.00232711,-0.0276465,-0.944282
13.38,-1.6,-0.00232711,34.1556,0.336717,22,2,250,117.122,117.281,117.202,117.439,452.765,-104.146,-0.435579,34.1556,-0.00232711,-0.0276465,-0.944282
13.4,-1.5,-0.00218166,34.1631,0.307293,22,2,252,117.28,117.28,117.48,117.32,453.384,-104.434,-0.436124,34.1631,-0.00218166,-0.0259244,-0.885658
13.42,-1.5,-0.00218166,34.1778,0.251384,22.0255,2,248.255,117.123,117.2,117.32,117.33,454.003,-104.723,-0.436633,34.1778,-0.00218166,-0.0259355,-0.886417
13.44,-1.5,-0.00218166,34.1778,0.191512,22,2,254.097,117.128,117.32,117.326,117.478,454.623,-105.013,-0.437152,34.1778,-0.00218166,-0.0259355,-0.886417
13.46,-1.5,-0.00218166,34.1778,0.156988,22.3994,2,254.003,117.32,117.32,117.36,117.32,455.242,-105.302,-0.437671,34.1778,-0.00218166,-0.0259355,-0.886417
13.48,-1.5,-0.00218166,34.1778,0.163362,22.4,2,250.062,117.161,117.2,117.48,117.478,455.861,-105.592,-0.43819,34.1778,-0.00218166,-0.0259355,-0.886417
13.5,-1.5,-0.00218166,34.1778,0.201104,22.4,2,257.989,117.12,117.319,117.48,117.64,456.48,-105.882,-0.438708,34.1778,-0.00218166,-0.0259355,-0.886417
13.52,-1.5,-0.00218166,34.1857,0.243962,22.4,2,261.844,117.431,117.354,117.526,117.44,457.099,-106.173,-0.439227,34.1857,-0.00218166,-0.0259415,-0.886827
13.54,-1.5,-0.00218166,34.2,0.271293,22.4,2,260.132,117.16,117.28,117.595,117.528,457.718,-106.464,-0.439746,34.2,-0.00218166,-0.0259523,-0.88757
13.56,-1.5,-0.00218166,34.2,0.282038,22.4,2,262,117.168,117.363,117.443,117.677,458.336,-106.755,-0.440265,34.2,-0.00218166,-0.0259523,-0.88757
13.58,-1.5,-0.00218166,34.2,0.282228,22.4,2,264,117.475,117.435,117.678,117.517,458.955,-107.047,-0.440784,34.2,-0.00218166,-0.0259523,-0.88757
13.6,-1.5,-0.00218166,34.2114,0.2697,22.4,2,266,117.28,117.36,117.596,117.529,459.574,-107.339,-0.441303,34.2114,-0.00218166,-0.025961,-0.888163
13.62,-1.5,-0.00218166,34.2222,0.243951,22.4,2,266,117.281,117.441,117.482,117.68,460.192,-107.631,-0.441823,34.2222,-0.00218166,-0.0259692,-0.888723
13.64,-1.5,-0.00218166,34.2222,0.219315,22.4,2,267.98,117.479,117.48,117.679,117.522,460.811,-107.924,-0.442342,34.2222,-0.00218166,-0.0259692,-0.888723
13.66,-1.5,-0.00218166,34.2222,0.212491,22.4,2,268.282,117.32,117.477,117.752,117.537,461.43,-108.217,-0.442861,34.2222,-0.00218166,-0.0259692,-0.888723
13.68,-1.5,-0.00218166,34.2222,0.22119,22.4,2,272.14,117.328,117.446,117.526,117.792,462.048,-108.511,-0.443381,34.2222,-0.00218166,-0.0259692,-0.888723
13.7,-1.5,-0.00218166,34.234,0.226379,22.4,2,272.166,117.477,117.59,117.753,117.593,462.666,-108.804,-0.4439,34.234,-0.00218166,-0.0259781,-0.889336
13.72,-1.4,-0.00203622,34.2444,0.217194,22.4229,2,266.572,117.32,117.433,117.76,117.689,463.285,-109.099,-0.444411,34.2444,-0.00203622,-0.0242536,-0.830553
13.74,-1.4,-0.00203622,34.2444,0.20535,22.7885,2,274.172,117.32,117.445,117.68,117.799,463.903,-109.393,-0.444888,34.2444,-0.00203622,-0.0242536,-0.830553
13.76,-1.4,-0.00203622,34.2444,0.20948,22.8,2,276.091,117.599,117.598,117.759,117.679,464.521,-109.688,-0.445373,34.2444,-0.00203622,-0.0242536,-0.830553
13.78,-1.4,-0.00203622,34.2444,0.231314,22.8,2,277.949,117.359,117.36,117.803,117.686,465.139,-109.983,-0.445858,34.2444,-0.00203622,-0.0242536,-0.830553
13.8,-1.4,-0.00203622,34.2557,0.255515,22.8,2,280,117.285,117.486,117.838,117.92,465.757,-110.279,-0.446343,34.2557,-0.00203622,-0.0242616,-0.8311
13.82,-1.4,-0.00203622,34.2667,0.2719,22.8,2,286.004,117.76,117.759,117.92,117.92,466.375,-110.575,-0.446828,34.2667,-0.00203622,-0.0242694,-0.831631
13.84,-1.4,-0.00203622,34.2667,0.287154,22.8,2,287.99,117.522,117.521,117.96,117.76,466.993,-110.871,-0.447314,34.2667,-0.00203622,-0.0242694,-0.831631
13.86,-1.4,-0.00203622,34.2667,0.30908,22.8,2,287.872,117.37,117.61,117.763,117.963,467.611,-111.168,-0.447799,34.2667,-0.00203622,-0.0242694,-0.831631
13.88,-1.4,-0.00203622,34.2786,0.331691,22.8,2,287.734,117.835,117.8,117.923,117.835,468.229,-111.465,-0.448284,34.2786,-0.00203622,-0.0242778,-0.832209
13.9,-1.30669,-0.00190051,34.2889,0.344476,22.8268,2,289.732,117.517,117.755,117.947,117.691,468.846,-111.762,-0.448762,34.2889,-0.00190051,-0.0226666,-0.777211
13.92,-1.30239,-0.00189425,34.2889,0.343628,23.2,2,292.048,117.602,117.644,117.682,117.842,469.464,-112.06,-0.449207,34.2889,-0.00189425,-0.022592,-0.774654
13.94,-1.39869,-0.00203431,34.3001,0.329126,23.2,2,294.079,117.798,117.839,117.999,117.919,470.082,-112.358,-0.449667,34.3001,-0.00203431,-0.0242704,-0.832477
13.96,-1.3994,-0.00203534,34.3111,0.305146,23.2,2,296.024,117.6,117.76,117.92,117.84,470.7,-112.656,-0.450161,34.3111,-0.00203534,-0.0242904,-0.83343
13.98,-1.3,-0.00189077,34.3111,0.282727,23.2,2,299.993,117.68,117.68,117.92,117.96,471.318,-112.955,-0.450638,34.3111,-0.00189077,-0.0225651,-0.774233
14,-1.3,-0.00189077,34.3111,0.26773,23.2,2,302.025,117.681,117.84,118,117.96,471.935,-113.254,-0.451081,34.3111,-0.00189077,-0.0225651,-0.774233
14.02,-1.3,-0.00189077,34.3221,0.251937,23.2,2,304,117.68,117.76,117.96,117.92,472.553,-113.553,-0.451532,34.3221,-0.00189077,-0.0225723,-0.774728
14.04,-1.3,-0.00189077,34.3333,0.228744,23.2,2,309.93,117.522,117.68,118.12,118.118,473.171,-113.853,-0.451983,34.3333,-0.00189077,-0.0225797,-0.775236
14.06,-1.2,-0.00174533,34.3333,0.209004,23.2,2,308.02,117.794,117.918,117.999,118.001,473.788,-114.153,-0.452426,34.3333,-0.00174533,-0.0208428,-0.715603
14.08,-1.19165,-0.00173319,34.3333,0.209046,23.2,2,310.668,117.747,117.687,118.16,118.013,474.406,-114.453,-0.452834,34.3333,-0.00173319,-0.0206978,-0.710626
14.1,-1.1,-0.00159989,34.3333,0.228285,23.2,2,319.897,117.6,117.799,118.121,118.239,475.023,-114.754,-0.453239,34.3333,-0.00159989,-0.0191059,-0.655969
14.12,-1.1,-0.00159989,34.3448,0.249457,23.2,2,314.084,117.92,117.917,118.16,118.118,475.641,-115.055,-0.453613,34.3448,-0.00159989,-0.0191123,-0.656408
14.14,-1.1,-0.00159989,34.3556,0.261309,23.2,2,316.052,117.797,117.762,118.237,118.082,476.258,-115.356,-0.453996,34.3556,-0.00159989,-0.0191183,-0.656818
14.16,-1.09875,-0.00159807,34.3556,0.27065,23.205,2,320,117.76,117.841,118.12,118.24,476.876,-115.657,-0.454378,34.3556,-0.00159807,-0.0190965,-0.656072
14.18,-1,-0.00145444,34.3556,0.28691,23.6,2,320.054,117.963,118,118.24,118.119,477.493,-115.959,-0.454751,34.3556,-0.00145444,-0.0173802,-0.597108
14.2,-1,-0.00145444,34.3667,0.307539,23.6,2,324,117.918,117.959,118.239,118.081,478.11,-116.261,-0.45509,34.3667,-0.00145444,-0.0173859,-0.597495
14.22,-1,-0.00145444,34.3778,0.327927,23.6,2,324,117.76,117.84,118.16,118.32,478.728,-116.563,-0.455438,34.3778,-0.00145444,-0.0173915,-0.59788
14.24,-1,-0.00145444,34.3778,0.350901,23.6,2,328.032,118.075,118.117,118.237,118.241,479.345,-116.866,-0.455786,34.3778,-0.00145444,-0.0173915,-0.59788
14.26,-1,-0.00145444,34.3793,0.374916,23.6,2,330,117.989,117.997,118.317,118.128,479.962,-117.168,-0.456134,34.3793,-0.00145444,-0.0173922,-0.597933
14.28,-1,-0.00145444,34.4,0.387501,23.6,2,332,117.84,117.848,118.157,118.326,480.58,-117.471,-0.456482,34.4,-0.00145444,-0.0174027,-0.598653
14.3,-1,-0.00145444,34.4,0.37859,23.6,2,332.143,118.129,118.123,118.403,118.394,481.197,-117.775,-0.45683,34.4,-0.00145444,-0.0174027,-0.598653
14.32,-0.993949,-0.00144564,34.4117,0.349837,23.6,2,336,118.07,118.08,118.433,118.245,481.815,-118.078,-0.457177,34.4117,-0.00144564,-0.0173033,-0.595436
14.34,-1,-0.00145444,34.4222,0.313572,23.6,2,336.096,117.92,117.962,118.278,118.4,482.432,-118.382,-0.457523,34.4222,-0.00145444,-0.017414,-0.599427
14.36,-1,-0.00145444,34.4222,0.288028,23.6,2,340,118.124,118.124,118.443,118.4,483.05,-118.687,-0.457872,34.4222,-0.00145444,-0.017414,-0.599427
14.38,-0.90466,-0.00131577,34.4222,0.283446,23.6,2,342.047,118.113,118.118,118.516,118.44,483.667,-118.991,-0.458212,34.4222,-0.00131577,-0.0157537,-0.542278
14.4,-1,-0.00145444,34.4336,0.293847,23.6,2,343.6,117.96,118.006,118.4,118.44,484.285,-119.296,-0.458527,34.4336,-0.00145444,-0.0174197,-0.599825
14.42,-1,-0.00145444,34.4444,0.311188,23.6,2,340.02,118.159,118.279,118.519,118.44,484.902,-119.601,-0.458884,34.4444,-0.00145444,-0.0174252,-0.600201
14.44,-1,-0.00145444,34.4444,0.336479,23.6,2,342.066,118.241,118.241,118.6,118.52,485.52,-119.906,-0.459233,34.4444,-0.00145444,-0.0174252,-0.600201
14.46,-1,-0.00145444,34.4453,0.367768,24,2,347.838,118.12,118.165,118.517,118.6,486.138,-120.212,-0.459581,34.4453,-0.00145444,-0.0174257,-0.600233
14.48,-1,-0.00145444,34.4667,0.393131,24,2,346.127,118.247,118.4,118.605,118.558,486.755,-120.517,-0.45993,34.4667,-0.00145444,-0.0174364,-0.600976
14.5,-1,-0.00145444,34.4667,0.403576,24,2,351.719,118.313,118.318,118.598,118.522,487.373,-120.823,-0.460278,34.4667,-0.00145444,-0.0174364,-0.600976
14.52,-1,-0.00145444,34.4778,0.400447,24,2,348.013,118.16,118.24,118.52,118.6,487.99,-121.13,-0.460627,34.4778,-0.00145444,-0.0174421,-0.601363
14.54,-1.1,-0.00159989,34.4889,0.390644,24,2,350.058,118.238,118.438,118.558,118.56,488.608,-121.436,-0.460985,34.4889,-0.00159989,-0.0191925,-0.661926
14.56,-1.10752,-0.00161083,34.4889,0.381189,24,2,354.028,118.391,118.317,118.683,118.569,489.226,-121.743,-0.461378,34.4889,-0.00161083,-0.0193237,-0.666453
14.58,-1.2,-0.00174533,34.4999,0.374423,24,2,356.005,118.24,118.24,118.72,118.76,489.844,-122.051,-0.461773,34.4999,-0.00174533,-0.0209439,-0.722564
14.6,-1.2,-0.00174533,34.5111,0.369446,24,2,356.012,118.28,118.44,118.719,118.76,490.461,-122.358,-0.4622,34.5111,-0.00174533,-0.0209507,-0.723033
14.62,-1.2,-0.00174533,34.5111,0.366612,24,2,356.159,118.397,118.32,118.84,118.682,491.079,-122.666,-0.462619,34.5111,-0.00174533,-0.0209507,-0.723033
14.64,-1.2,-0.00174533,34.5225,0.365639,24,2,362,118.32,118.403,118.836,118.88,491.697,-122.974,-0.463038,34.5225,-0.00174533,-0.0209576,-0.723511
14.66,-1.2,-0.00174533,34.5333,0.3662,24,2,358.026,118.399,118.599,118.72,118.88,492.314,-123.283,-0.463458,34.5333,-0.00174533,-0.0209642,-0.723964
14.68,-1.2,-0.00174533,34.5333,0.370799,24,2,358.034,118.52,118.521,118.84,118.721,492.932,-123.592,-0.463877,34.5333,-0.00174533,-0.0209642,-0.723964
14.7,-1.29948,-0.00189002,34.5447,0.381209,24,2,364,118.4,118.52,118.92,118.92,493.55,-123.901,-0.464305,34.5447,-0.00189002,-0.0227097,-0.7845
14.72,-1.3,-0.00189077,34.5556,0.397656,24,2,364.13,118.57,118.683,118.843,118.91,494.168,-124.211,-0.464768,34.5556,-0.00189077,-0.0227258,-0.785304
14.74,-1.3,-0.00189077,34.5556,0.420021,24,2,364.103,118.674,118.676,118.882,118.726,494.786,-124.52,-0.465223,34.5556,-0.00189077,-0.0227258,-0.785304
14.76,-1.30331,-0.00189558,34.5672,0.441981,24,2,366,118.52,118.604,118.996,119,495.403,-124.831,-0.465677,34.5672,-0.00189558,-0.0227913,-0.787831
14.78,-1.4,-0.00203622,34.5778,0.450989,24,2,368,118.611,118.76,118.924,119.035,496.021,-125.141,-0.466142,34.5778,-0.00203622,-0.0244897,-0.8468
14.8,-1.4,-0.00203622,34.5892,0.440626,24,2,368.074,118.757,118.68,119,118.884,496.639,-125.452,-0.46664,34.5892,-0.00203622,-0.0244978,-0.84736
14.82,-1.4,-0.00203622,34.6,0.418249,24,2,368.041,118.56,118.722,118.998,119.041,497.257,-125.764,-0.46713,34.6,-0.00203622,-0.0245055,-0.847889
14.84,-1.4,-0.00203622,34.6,0.39669,24,2,370,118.682,118.92,119.04,119.039,497.874,-126.076,-0.467621,34.6,-0.00203622,-0.0245055,-0.847889
14.86,-1.4,-0.00203622,34.6111,0.381742,24,2,368.016,118.841,118.721,119.08,118.88,498.492,-126.388,-0.468111,34.6111,-0.00203622,-0.0245133,-0.848434
14.88,-1.4,-0.00203622,34.6222,0.372605,24,2,370,118.56,118.681,119.08,119.2,499.11,-126.7,-0.468601,34.6222,-0.00203622,-0.0245212,-0.848979
14.9,-1.4,-0.00203622,34.6222,0.368112,24,2,371.993,118.72,118.92,119.08,119.2,499.728,-127.013,-0.469092,34.6222,-0.00203622,-0.0245212,-0.848979
14.92,-1.40688,-0.00204622,34.634,0.366039,24,2,372,118.869,118.766,119.237,119.006,500.345,-127.326,-0.469583,34.634,-0.00204622,-0.0246501,-0.853732
14.94,-1.40564,-0.00204442,34.6444,0.364292,24,2,372,118.718,118.878,119.16,119.249,500.963,-127.64,-0.470076,34.6444,-0.00204442,-0.0246358,-0.853494
14.96,-1.40375,-0.00204167,34.6444,0.363663,24,2,375.85,118.689,118.843,119.244,119.394,501.581,-127.954,-0.470569,34.6444,-0.00204167,-0.0246026,-0.852344
14.98,-1.49678,-0.00217697,34.656,0.364382,24,2,374,118.917,118.92,119.359,119.161,502.198,-128.268,-0.471069,34.656,-0.00217697,-0.0262418,-0.909435
15,-1.40229,-0.00203954,34.6667,0.366503,24,2,374,118.759,118.88,119.317,119.36,502.816,-128.583,-0.471594,34.6667,-0.00203954,-0.0245928,-0.852551
15.02,-1.5,-0.00218166,34.6667,0.372832,24,2,374,118.862,119.055,119.204,119.309,503.433,-128.898,-0.472086,34.6667,-0.00218166,-0.0263065,-0.911957
15.04,-1.5,-0.00218166,34.6777,0.384786,24,2,374,119.08,119.042,119.398,119.319,504.051,-129.214,-0.47262,34.6777,-0.00218166,-0.0263148,-0.912536
15.06,-1.5,-0.00218166,34.6889,0.401233,24,2,374,118.84,118.895,119.394,119.474,504.668,-129.53,-0.473147,34.6889,-0.00218166,-0.0263233,-0.913127
15.08,-1.5,-0.00218166,34.6889,0.420086,24,2,374,118.937,119.237,119.326,119.352,505.286,-129.846,-0.473673,34.6889,-0.00218166,-0.0263233,-0.913127
15.1,-1.5,-0.00218166,34.7002,0.432972,24,2,374,119.152,119.04,119.475,119.248,505.903,-130.163,-0.4742,34.7002,-0.00218166,-0.0263319,-0.913723
15.12,-1.50886,-0.00219455,34.7111,0.4258,24,2,374,119.04,119.167,119.346,119.407,506.521,-130.48,-0.474727,34.7111,-0.00219455,-0.0264958,-0.919698
15.14,-1.50773,-0.00219291,34.7225,0.3929,24,2,374,119.043,119.191,119.369,119.548,507.138,-130.797,-0.475258,34.7225,-0.00219291,-0.0264847,-0.919613
15.16,-1.6,-0.00232711,34.7333,0.347724,24,2,372.111,119.076,119.049,119.52,119.322,507.756,-131.115,-0.475796,34.7333,-0.00232711,-0.0281142,-0.976499
15.18,-1.59397,-0.00231833,34.7333,0.314897,24,2,374,119.005,119.24,119.51,119.565,508.373,-131.434,-0.476366,34.7333,-0.00231833,-0.0280082,-0.972818
15.2,-1.6,-0.00232711,34.7333,0.308301,24,2,374,119.207,119.245,119.405,119.511,508.991,-131.752,-0.476926,34.7333,-0.00232711,-0.0281142,-0.976499
15.22,-1.6,-0.00232711,34.7447,0.320646,24,2,374,119.195,119.2,119.52,119.369,509.608,-132.072,-0.477489,34.7447,-0.00232711,-0.0281234,-0.977137
15.24,-1.6,-0.00232711,34.7556,0.337813,24,2,374,119,119.08,119.8,119.84,510.225,-132.391,-0.478051,34.7556,-0.00232711,-0.0281322,-0.977749
15.26,-1.6,-0.00232711,34.7556,0.352974,24,2,374,119.176,119.327,119.793,119.627,510.842,-132.711,-0.478614,34.7556,-0.00232711,-0.0281322,-0.977749
15.28,-1.6,-0.00232711,34.7666,0.363771,24,2,374,119.321,119.321,119.562,119.48,511.459,-133.031,-0.479177,34.7666,-0.00232711,-0.0281411,-0.978368
15.3,-1.6,-0.00232711,34.7778,0.369876,24,2,374,119.196,119.247,119.56,119.727,512.076,-133.352,-0.47974,34.7778,-0.00232711,-0.0281502,-0.979
15.32,-1.6,-0.00232711,34.7778,0.374674,24,2,374,119.213,119.405,119.803,119.795,512.693,-133.673,-0.480303,34.7778,-0.00232711,-0.0281502,-0.979
15.34,-1.6,-0.00232711,34.7895,0.381516,24,2,374,119.474,119.36,119.838,119.644,513.31,-133.995,-0.480866,34.7895,-0.00232711,-0.0281596,-0.979657
15.36,-1.6,-0.00232711,34.8,0.392697,24,2,374,119.239,119.323,119.792,119.839,513.927,-134.317,-0.481429,34.8,-0.00232711,-0.0281681,-0.980252
15.38,-1.6,-0.00232711,34.8,0.410311,24,2,372,119.331,119.566,119.644,119.674,514.543,-134.64,-0.481992,34.8,-0.00232711,-0.0281681,-0.980252
15.4,-1.6,-0.00232711,34.8114,0.430431,24,2,372,119.514,119.516,119.84,119.646,515.16,-134.962,-0.482556,34.8114,-0.00232711,-0.0281773,-0.980892
15.42,-1.6,-0.00232711,34.8222,0.44262,24,2,372,119.32,119.4,119.8,119.88,515.777,-135.286,-0.483119,34.8222,-0.00232711,-0.0281861,-0.981504
15.44,-1.6,-0.00232711,34.8296,0.439675,24,2,372,119.477,119.676,119.796,119.88,516.394,-135.609,-0.483683,34.8296,-0.00232711,-0.0281921,-0.981922
15.46,-1.6,-0.00232711,34.8444,0.424075,24,2,372,119.556,119.558,119.879,119.722,517.01,-135.934,-0.484247,34.8444,-0.00232711,-0.0282041,-0.982757
15.48,-1.6,-0.00232711,34.8444,0.404277,24,2,372.056,119.402,119.485,119.839,119.882,517.627,-136.258,-0.484811,34.8444,-0.00232711,-0.0282041,-0.982757
15.5,-1.6,-0.00232711,34.8556,0.386778,24,2,372,119.526,119.801,119.96,119.956,518.244,-136.583,-0.485375,34.8556,-0.00232711,-0.0282132,-0.983388
15.52,-1.69917,-0.00247135,34.8667,0.375042,24,2,372,119.68,119.681,119.96,119.84,518.86,-136.909,-0.485948,34.8667,-0.00247135,-0.0299714,-1.045
15.54,-1.7,-0.00247255,34.8667,0.372262,24,2,372,119.52,119.537,119.88,120.003,519.477,-137.235,-0.486557,34.8667,-0.00247255,-0.029986,-1.04551
15.56,-1.7,-0.00247255,34.878,0.379191,24,2,372,119.576,119.843,120.045,120.037,520.093,-137.561,-0.487157,34.878,-0.00247255,-0.0299958,-1.04619
15.58,-1.7,-0.00247255,34.8889,0.394658,24,2,370,119.717,119.68,120.037,119.886,520.709,-137.888,-0.487757,34.8889,-0.00247255,-0.0300051,-1.04684
15.6,-1.7,-0.00247255,34.8889,0.417343,24,2,371.988,119.68,119.72,120,120.04,521.326,-138.215,-0.488357,34.8889,-0.00247255,-0.0300051,-1.04684
15.62,-1.7,-0.00247255,34.9005,0.44016,24,2,372,119.575,119.96,120.12,120.12,521.942,-138.542,-0.488957,34.9005,-0.00247255,-0.0300151,-1.04754
15.64,-1.7,-0.00247255,34.9111,0.450201,24,2,370.075,119.877,119.839,120.16,120.004,522.558,-138.871,-0.489557,34.9111,-0.00247255,-0.0300242,-1.04818
15.66,-1.7,-0.00247255,34.9224,0.440828,24,2,371.989,119.72,119.8,120.159,120.2,523.174,-139.199,-0.490158,34.9224,-0.00247255,-0.0300339,-1.04886
15.68,-1.7,-0.00247255,34.9333,0.419115,24,2,370,119.721,120,120.16,120.16,523.791,-139.528,-0.490759,34.9333,-0.00247255,-0.0300433,-1.04951
15.7,-1.7,-0.00247255,34.9333,0.397681,24,2,370,119.997,119.959,120.201,120.003,524.407,-139.858,-0.49136,34.9333,-0.00247255,-0.0300433,-1.04951
15.72,-1.7,-0.00247255,34.9447,0.382513,24,2,370,119.677,119.849,120.188,120.274,525.023,-140.187,-0.491961,34.9447,-0.00247255,-0.0300531,-1.0502
15.74,-1.7,-0.00247255,34.9556,0.373409,24,2,370,119.821,120.12,120.168,120.275,525.639,-140.518,-0.492562,34.9556,-0.00247255,-0.0300624,-1.05085
15.76,-1.7,-0.00247255,34.9556,0.369688,24,2,371.887,120.029,119.88,120.32,120.285,526.255,-140.849,-0.493163,34.9556,-0.00247255,-0.0300624,-1.05085
15.78,-1.7,-0.00247255,34.9674,0.36905,24,2,370,119.792,119.965,120.197,120.317,526.87,-141.18,-0.493764,34.9674,-0.00247255,-0.0300726,-1.05156
15.8,-1.7,-0.00247255,34.9778,0.368708,24,2,370.127,119.858,120.115,120.445,120.32,527.486,-141.512,-0.494366,34.9778,-0.00247255,-0.0300816,-1.05219
15.82,-1.7,-0.00247255,34.9778,0.368087,24,2,370,120.035,119.96,120.518,120.285,528.102,-141.844,-0.494968,34.9778,-0.00247255,-0.0300816,-1.05219
15.84,-1.7,-0.00247255,34.989,0.365075,24,2,370,119.84,119.962,120.318,120.481,528.718,-142.176,-0.495569,34.989,-0.00247255,-0.0300912,-1.05286
15.86,-1.7,-0.00247255,35,0.356556,24,2,369.975,119.963,120.16,120.441,120.478,529.333,-142.509,-0.496171,35,-0.00247255,-0.0301007,-1.05352
15.88,-1.7,-0.00247255,35,0.342809,24,2,370,120.037,120,120.598,120.323,529.949,-142.843,-0.496773,35,-0.00247255,-0.0301007,-1.05352
15.9,-1.7,-0.00247255,35.0116,0.326327,24,2,370,119.96,120.041,120.479,120.521,530.564,-143.176,-0.497375,35.0116,-0.00247255,-0.0301106,-1.05422
15.92,-1.7,-0.00247255,35.0222,0.314189,24,2,368,120.126,120.274,120.52,120.517,531.179,-143.511,-0.497978,35.0222,-0.00247255,-0.0301198,-1.05486
15.94,-1.7,-0.00247255,35.0222,0.319804,24,2,368,120.115,120.12,120.482,120.445,531.795,-143.846,-0.49858,35.0222,-0.00247255,-0.0301198,-1.05486
15.96,-1.7,-0.00247255,35.0222,0.348089,24,2,368,120.12,120.167,120.518,120.52,532.41,-144.181,-0.499182,35.0222,-0.00247255,-0.0301198,-1.05486
15.98,-1.7,-0.00247255,35.0339,0.382425,24,2,368,120.327,120.436,120.596,120.478,533.025,-144.516,-0.499785,35.0339,-0.00247255,-0.0301298,-1.05557
16,-1.7,-0.00247255,35.0444,0.397076,24,2,367.88,120.19,120.16,120.525,120.49,533.64,-144.852,-0.500388,35.0444,-0.00247255,-0.0301389,-1.0562
16.02,-1.7,-0.00247255,35.0558,0.380489,24,2,368,120.042,120.205,120.52,120.641,534.255,-145.189,-0.50099,35.0558,-0.00247255,-0.0301487,-1.05689
16.04,-1.7,-0.00247255,35.0667,0.345235,24,2,367.989,120.36,120.48,120.64,120.6,534.87,-145.526,-0.501593,35.0667,-0.00247255,-0.030158,-1.05754
16.06,-1.7,-0.00247255,35.0667,0.317381,24,2,368,120.298,120.28,120.52,120.49,535.484,-145.863,-0.502197,35.0667,-0.00247255,-0.030158,-1.05754
16.08,-1.7,-0.00247255,35.0667,0.312967,24,2,364.161,120.157,120.323,120.496,120.69,536.099,-146.201,-0.5028,35.0667,-0.00247255,-0.030158,-1.05754
16.1,-1.7,-0.00247255,35.0777,0.326366,24,2,367.835,120.323,120.44,120.84,120.673,536.714,-146.539,-0.503403,35.0777,-0.00247255,-0.0301675,-1.05821
16.12,-1.7,-0.00247255,35.0889,0.343997,24,2,366,120.32,120.361,120.759,120.642,537.328,-146.878,-0.504006,35.0889,-0.00247255,-0.0301771,-1.05888
16.14,-1.7,-0.00247255,35.0889,0.358784,24,2,366,120.32,120.36,120.64,120.8,537.943,-147.217,-0.50461,35.0889,-0.00247255,-0.0301771,-1.05888
16.16,-1.7,-0.00247255,35.1005,0.368175,24,2,366,120.357,120.479,120.838,120.761,538.557,-147.556,-0.505214,35.1005,-0.00247255,-0.0301871,-1.05958
16.18,-1.7,-0.00247255,35.1111,0.371877,24,2,366,120.44,120.44,120.839,120.759,539.171,-147.896,-0.505817,35.1111,-0.00247255,-0.0301962,-1.06022
16.2,-1.7,-0.00247255,35.1111,0.372673,24,2,364.04,120.36,120.44,120.763,120.92,539.785,-148.237,-0.506421,35.1111,-0.00247255,-0.0301962,-1.06022
16.22,-1.7,-0.00247255,35.1227,0.372148,24,2,365.906,120.526,120.754,120.762,120.68,540.399,-148.578,-0.507025,35.1227,-0.00247255,-0.0302062,-1.06092
16.24,-1.7,-0.00247255,35.1333,0.370667,24,2,364.068,120.517,120.481,120.921,120.845,541.013,-148.919,-0.50763,35.1333,-0.00247255,-0.0302153,-1.06157
16.26,-1.7,-0.00247255,35.1333,0.370248,24,2,363.97,120.48,120.602,120.801,120.999,541.628,-149.261,-0.508234,35.1333,-0.00247255,-0.0302153,-1.06157
16.28,-1.7,-0.00247255,35.1444,0.371009,24,2,363.993,120.639,120.76,120.92,120.8,542.241,-149.603,-0.508838,35.1444,-0.00247255,-0.0302248,-1.06223
16.3,-1.7,-0.00247255,35.1556,0.371332,24,2,364,120.483,120.602,120.92,120.799,542.855,-149.946,-0.509443,35.1556,-0.00247255,-0.0302344,-1.06291
16.32,-1.7,-0.00247255,35.1556,0.371558,24,2,364,120.6,120.647,120.769,121,543.469,-150.289,-0.510048,35.1556,-0.00247255,-0.0302344,-1.06291
16.34,-1.7,-0.00247255,35.1671,0.37143,24,2,364,120.678,120.798,120.998,120.917,544.083,-150.632,-0.510652,35.1671,-0.00247255,-0.0302444,-1.06361
16.36,-1.7,-0.00247255,35.1778,0.370171,24,2,364,120.6,120.679,120.963,120.963,544.696,-150.976,-0.511257,35.1778,-0.00247255,-0.0302536,-1.06425
16.38,-1.7,-0.00247255,35.1778,0.369068,24,2,364,120.6,120.6,121.12,121.12,545.31,-151.321,-0.511863,35.1778,-0.00247255,-0.0302536,-1.06425
16.4,-1.60111,-0.00232872,35.1892,0.368176,24,2,364,120.678,120.958,121.161,121.001,545.923,-151.665,-0.512459,35.1892,-0.00232872,-0.0285029,-1.00299
16.42,-1.6,-0.00232711,35.2,0.366712,24,2,362,120.64,120.676,121.005,121.122,546.536,-152.011,-0.51302,35.2,-0.00232711,-0.0284919,-1.00292
16.44,-1.6,-0.00232711,35.2,0.366224,24,2,362.043,120.68,120.687,121.08,121.119,547.15,-152.357,-0.51359,35.2,-0.00232711,-0.0284919,-1.00292
16.46,-1.6,-0.00232711,35.211,0.367258,24,2,362.022,120.917,121.119,121.12,121.12,547.763,-152.703,-0.51416,35.211,-0.00232711,-0.0285008,-1.00354
16.48,-1.69203,-0.00246096,35.2222,0.369447,24,2,363.841,120.68,120.68,121.243,121.24,548.376,-153.049,-0.514738,35.2222,-0.00246096,-0.0301498,-1.06194
16.5,-1.6,-0.00232711,35.2222,0.374924,24,2,362,120.764,120.938,121.174,121.167,548.989,-153.396,-0.515341,35.2222,-0.00232711,-0.0285099,-1.00418
16.52,-1.6,-0.00232711,35.2337,0.385198,24,2,362,120.999,121.155,121.237,121.238,549.602,-153.744,-0.515903,35.2337,-0.00232711,-0.0285192,-1.00484
16.54,-1.6,-0.00232711,35.2444,0.400119,24,2,362,120.84,120.84,121.08,121.24,550.215,-154.091,-0.516474,35.2444,-0.00232711,-0.0285279,-1.00545
16.56,-1.6,-0.00232711,35.2444,0.418541,24,2,360.16,120.8,121.01,121.253,121.28,550.828,-154.44,-0.517044,35.2444,-0.00232711,-0.0285279,-1.00545
16.58,-1.6,-0.00232711,35.2554,0.43208,24,2,361.834,121.007,121.117,121.317,121.233,551.441,-154.788,-0.517615,35.2554,-0.00232711,-0.0285368,-1.00607
16.6,-1.6,-0.00232711,35.2667,0.425827,24,2,360,121.073,121.073,121.24,121.28,552.053,-155.137,-0.518186,35.2667,-0.00232711,-0.0285459,-1.00672
16.62,-1.6,-0.00232711,35.2782,0.39342,24,2,360.077,120.84,121.122,121.246,121.32,552.666,-155.487,-0.518757,35.2782,-0.00232711,-0.0285552,-1.00737
16.64,-1.6,-0.00232711,35.2889,0.348326,24,2,360,120.999,121.155,121.401,121.283,553.279,-155.837,-0.519328,35.2889,-0.00232711,-0.0285639,-1.00799
16.66,-1.6,-0.00232711,35.2889,0.315536,24,2,360,120.84,120.96,121.52,121.52,553.891,-156.188,-0.519899,35.2889,-0.00232711,-0.0285639,-1.00799
16.68,-1.6,-0.00232711,35.2889,0.309155,24,2,360,120.92,121.16,121.32,121.4,554.504,-156.538,-0.52047,35.2889,-0.00232711,-0.0285639,-1.00799
16.7,-1.6,-0.00232711,35.3003,0.321908,24,2,360,121.119,121.161,121.32,121.28,555.116,-156.89,-0.521042,35.3003,-0.00232711,-0.0285731,-1.00864
16.72,-1.6,-0.00232711,35.3111,0.339553,24,2,360,121.005,121.008,121.525,121.608,555.728,-157.241,-0.521613,35.3111,-0.00232711,-0.0285819,-1.00926
16.74,-1.6,-0.00232711,35.3111,0.355018,24,2,360,121.004,121.32,121.68,121.676,556.341,-157.593,-0.522185,35.3111,-0.00232711,-0.0285819,-1.00926
16.76,-1.6,-0.00232711,35.3225,0.365789,23.6076,2,358,121.24,121.238,121.598,121.518,556.953,-157.946,-0.522757,35.3225,-0.00232711,-0.0285911,-1.00991
16.78,-1.6,-0.00232711,35.3333,0.371549,24,2,358,121.12,121.162,121.599,121.563,557.565,-158.299,-0.523329,35.3333,-0.00232711,-0.0285998,-1.01053
16.8,-1.6,-0.00232711,35.3333,0.375123,23.9945,2,359.972,121.082,121.4,121.559,121.678,558.177,-158.652,-0.523901,35.3333,-0.00232711,-0.0285998,-1.01053
16.82,-1.6,-0.00232711,35.3442,0.377597,24,2,354.328,121.427,121.317,121.447,121.33,558.789,-159.006,-0.524473,35.3442,-0.00232711,-0.0286086,-1.01115
16.84,-1.6,-0.00232711,35.3556,0.377591,23.6,2,356.149,121.12,121.283,121.594,121.683,559.401,-159.36,-0.525045,35.3556,-0.00232711,-0.0286178,-1.0118
16.86,-1.5047,-0.0021885,35.3556,0.374803,23.6,2,357.812,121.171,121.444,121.524,121.672,560.012,-159.715,-0.525609,35.3556,-0.0021885,-0.0269133,-0.951534
16.88,-1.59414,-0.00231858,35.3673,0.367956,23.6,2,356,121.506,121.431,121.68,121.449,560.624,-160.07,-0.526147,35.3673,-0.00231858,-0.0285225,-1.00876
16.9,-1.5,-0.00218166,35.3778,0.355493,23.6,2,356,121.122,121.282,121.673,121.76,561.236,-160.425,-0.526717,35.3778,-0.00218166,-0.0268461,-0.949754
16.92,-1.5,-0.00218166,35.3778,0.338931,23.6,2,356,121.246,121.521,121.721,121.678,561.847,-160.781,-0.527245,35.3778,-0.00218166,-0.0268461,-0.949754
16.94,-1.5,-0.00218166,35.389,0.321022,23.6,2,355.964,121.438,121.399,121.76,121.602,562.459,-161.137,-0.527782,35.389,-0.00218166,-0.0268546,-0.950357
16.96,-1.5,-0.00218166,35.4,0.308637,23.6,2,357.954,121.28,121.399,121.72,121.839,563.07,-161.494,-0.528319,35.4,-0.00218166,-0.0268629,-0.950948
16.98,-1.5,-0.00218166,35.4,0.31567,23.6,2,355.969,121.28,121.599,121.838,121.84,563.682,-161.851,-0.528857,35.4,-0.00218166,-0.0268629,-0.950948
17,-1.5,-0.00218166,35.4,0.348831,23.6,2,354.038,121.559,121.443,121.88,121.721,564.293,-162.208,-0.529394,35.4,-0.00218166,-0.0268629,-0.950948
17.02,-1.5,-0.00218166,35.4115,0.393957,23.6,2,354,121.32,121.446,121.874,121.924,564.904,-162.566,-0.529931,35.4115,-0.00218166,-0.0268717,-0.951569
17.04,-1.5,-0.00218166,35.4222,0.426949,23.6,2,353.939,121.409,121.681,121.881,121.876,565.515,-162.924,-0.530469,35.4222,-0.00218166,-0.0268798,-0.952142
17.06,-1.5,-0.00218166,35.4334,0.434975,23.6,2,353.992,121.68,121.601,121.92,121.72,566.126,-163.283,-0.531006,35.4334,-0.00218166,-0.0268883,-0.952743
17.08,-1.5,-0.00218166,35.4444,0.423441,23.6,2,352,121.44,121.6,121.84,122,566.737,-163.642,-0.531544,35.4444,-0.00218166,-0.0268967,-0.953337
17.1,-1.5,-0.00218166,35.4444,0.405086,23.6,2,352,121.52,121.839,121.919,121.881,567.348,-164.001,-0.532082,35.4444,-0.00218166,-0.0268967,-0.953337
17.12,-1.5,-0.00218166,35.456,0.386258,23.6,2,350.102,121.714,121.604,121.92,121.886,567.959,-164.361,-0.53262,35.456,-0.00218166,-0.0269055,-0.953961
17.14,-1.5,-0.00218166,35.4667,0.366804,23.6,2,350,121.559,121.682,121.88,122.039,568.57,-164.722,-0.533158,35.4667,-0.00218166,-0.0269135,-0.954533
17.16,-1.5,-0.00218166,35.4667,0.345876,23.6,2,350,121.562,121.839,121.999,121.88,569.181,-165.082,-0.533697,35.4667,-0.00218166,-0.0269135,-0.954533
17.18,-1.5,-0.00218166,35.4779,0.321804,23.6,2,349.975,121.758,121.68,122.001,121.882,569.791,-165.443,-0.534235,35.4779,-0.00218166,-0.026922,-0.955136
17.2,-1.5,-0.00218166,35.4889,0.296096,23.6,2,351.951,121.52,121.72,122,122.16,570.402,-165.805,-0.534774,35.4889,-0.00218166,-0.0269304,-0.95573
17.22,-1.5,-0.00218166,35.4889,0.277818,23.6,2,348,121.679,121.839,122.079,122.001,571.013,-166.167,-0.535312,35.4889,-0.00218166,-0.0269304,-0.95573
17.24,-1.5,-0.00218166,35.4889,0.272243,23.6,2,346.036,121.762,121.722,122.16,122.038,571.623,-166.529,-0.535851,35.4889,-0.00218166,-0.0269304,-0.95573
17.26,-1.6,-0.00232711,35.5008,0.272074,23.2305,2,344.153,121.597,121.729,122.043,122.311,572.233,-166.892,-0.536399,35.5008,-0.00232711,-0.0287354,-1.02013
17.28,-1.6,-0.00232711,35.5111,0.271628,23.2,2,344,121.734,121.917,122.24,122.077,572.843,-167.255,-0.536982,35.5111,-0.00232711,-0.0287437,-1.02072
17.3,-1.6,-0.00232711,35.5111,0.2785,23.2,2,344,121.762,121.762,122.201,122.079,573.454,-167.618,-0.537557,35.5111,-0.00232711,-0.0287437,-1.02072
17.32,-1.60565,-0.00233532,35.5111,0.299667,23.2,2,343.887,121.72,121.849,122.085,122.238,574.064,-167.982,-0.538133,35.5111,-0.00233532,-0.0288453,-1.02433
17.34,-1.7,-0.00247255,35.5225,0.327892,23.2,2,343.752,121.884,122.036,122.201,122.158,574.673,-168.346,-0.538719,35.5225,-0.00247255,-0.03055,-1.08521
17.36,-1.7,-0.00247255,35.5333,0.35164,23.2,2,339.992,121.879,121.84,122.24,122.24,575.283,-168.711,-0.539338,35.5333,-0.00247255,-0.0305593,-1.08588
17.38,-1.7,-0.00247255,35.5333,0.366359,23.2,2,336.011,121.84,122.001,122.081,122.24,575.893,-169.076,-0.539949,35.5333,-0.00247255,-0.0305593,-1.08588
17.4,-1.79912,-0.00261671,35.5449,0.370611,23.2,2,334.035,121.999,122.16,122.24,122.161,576.502,-169.442,-0.540569,35.5449,-0.00261671,-0.0323516,-1.14993
17.42,-1.8,-0.00261799,35.5556,0.363805,23.2,2,336.124,121.915,121.882,122.24,122.322,577.112,-169.808,-0.541226,35.5556,-0.00261799,-0.0323772,-1.15119
17.44,-1.8,-0.00261799,35.5556,0.348258,23.2,2,334.064,121.84,122.003,122.204,122.359,577.721,-170.174,-0.541873,35.5556,-0.00261799,-0.0323772,-1.15119
17.46,-1.8,-0.00261799,35.5667,0.326701,23.2,2,328.02,122.04,122.08,122.32,122.2,578.331,-170.541,-0.542521,35.5667,-0.00261799,-0.0323874,-1.15191
17.48,-1.7001,-0.0024727,35.5778,0.304909,23.2,2,328.004,121.92,122,122.24,122.32,578.94,-170.909,-0.54316,35.5778,-0.0024727,-0.0305994,-1.08866
17.5,-1.8,-0.00261799,35.5778,0.295247,23.2,2,330,121.88,122.039,122.32,122.4,579.549,-171.277,-0.543772,35.5778,-0.00261799,-0.0323974,-1.15263
17.52,-1.8,-0.00261799,35.5778,0.304286,22.8,2,328,122.235,122.31,122.405,122.323,580.158,-171.645,-0.544429,35.5778,-0.00261799,-0.0323974,-1.15263
17.54,-1.8,-0.00261799,35.5894,0.322141,22.8,2,329.788,121.916,122.034,122.476,122.522,580.766,-172.014,-0.545077,35.5894,-0.00261799,-0.032408,-1.15338
17.56,-1.8,-0.00261799,35.6,0.334208,22.8,2,329.805,121.925,122.166,122.404,122.516,581.375,-172.383,-0.545725,35.6,-0.00261799,-0.0324177,-1.15407
17.58,-1.8,-0.00261799,35.6,0.334071,22.8,2,323.911,122.315,122.348,122.518,122.362,581.983,-172.753,-0.546373,35.6,-0.00261799,-0.0324177,-1.15407
17.6,-1.8,-0.00261799,35.6118,0.321777,22.8,2,320,122.042,122.084,122.358,122.476,582.592,-173.123,-0.547022,35.6118,-0.00261799,-0.0324284,-1.15484
17.62,-1.8,-0.00261799,35.6222,0.304198,22.8,2,318.013,122.08,122.359,122.399,122.479,583.2,-173.494,-0.54767,35.6222,-0.00261799,-0.0324379,-1.15551
17.64,-1.8,-0.00261799,35.6222,0.296071,22.8,2,317.192,122.245,122.312,122.555,122.4,583.808,-173.865,-0.548319,35.6222,-0.00261799,-0.0324379,-1.15551
17.66,-1.8,-0.00261799,35.6222,0.305772,22.8,2,313.925,122.317,122.36,122.476,122.521,584.416,-174.237,-0.548968,35.6222,-0.00261799,-0.0324379,-1.15551
17.68,-1.8,-0.00261799,35.6337,0.324252,22.4,2,311.918,122.002,122.397,122.522,122.518,585.024,-174.609,-0.549617,35.6337,-0.00261799,-0.0324484,-1.15625
17.7,-1.8,-0.00261799,35.6444,0.337059,22.4,2,308,122.404,122.36,122.521,122.404,585.631,-174.981,-0.550266,35.6444,-0.00261799,-0.0324581,-1.15695
17.72,-1.70109,-0.00247414,35.6444,0.337428,22.4,2,309.978,122.362,122.4,122.639,122.678,586.239,-175.354,-0.550906,35.6444,-0.00247414,-0.0306746,-1.09338
17.74,-1.8,-0.00261799,35.6558,0.324351,22.4,2,301.709,122.015,122.369,122.48,122.505,586.846,-175.728,-0.55152,35.6558,-0.00261799,-0.0324685,-1.15769
17.76,-1.8,-0.00261799,35.6667,0.302769,22.3736,2,300,122.517,122.397,122.651,122.418,587.454,-176.102,-0.552178,35.6667,-0.00261799,-0.0324784,-1.1584
17.78,-1.8,-0.00261799,35.6667,0.285371,22,2,302.952,122.308,122.323,122.665,122.717,588.061,-176.476,-0.552828,35.6667,-0.00261799,-0.0324784,-1.1584
17.8,-1.8,-0.00261799,35.6667,0.279787,22,2,290.258,122.101,122.523,122.528,122.557,588.668,-176.851,-0.553477,35.6667,-0.00261799,-0.0324784,-1.1584
17.82,-1.8,-0.00261799,35.6781,0.279104,22,2,290,122.514,122.397,122.8,122.647,589.275,-177.226,-0.554127,35.6781,-0.00261799,-0.0324888,-1.15914
17.84,-1.8,-0.00261799,35.6889,0.276033,21.6,2,297.549,122.24,122.323,122.678,122.877,589.881,-177.602,-0.554777,35.6889,-0.00261799,-0.0324986,-1.15984
17.86,-1.8,-0.00261799,35.6889,0.275506,21.6,2,285.963,122.32,122.639,122.68,122.64,590.488,-177.978,-0.555427,35.6889,-0.00261799,-0.0324986,-1.15984
17.88,-1.8,-0.00261799,35.6889,0.282177,21.6,2,283.944,122.558,122.479,122.8,122.641,591.094,-178.354,-0.556077,35.6889,-0.00261799,-0.0324986,-1.15984
17.9,-1.8,-0.00261799,35.7004,0.288306,21.6,2,285.915,122.32,122.401,122.68,122.8,591.701,-178.731,-0.556727,35.7004,-0.00261799,-0.0325091,-1.16059
17.92,-1.70826,-0.00248457,35.7111,0.285926,21.5669,2,280.843,122.42,122.717,122.793,122.793,592.307,-179.109,-0.557369,35.7111,-0.00248457,-0.0308615,-1.1021
17.94,-1.8,-0.00261799,35.7111,0.278212,21.2,2,265.727,122.546,122.475,122.72,122.683,592.913,-179.487,-0.557986,35.7111,-0.00261799,-0.0325188,-1.16128
17.96,-1.8,-0.00261799,35.7111,0.266878,21.2,2,263.319,122.362,122.488,122.643,122.723,593.518,-179.865,-0.558645,35.7111,-0.00261799,-0.0325188,-1.16128
17.98,-1.70312,-0.00247709,35.7226,0.241577,21.2,2,267.501,122.486,122.72,122.878,122.796,594.124,-180.244,-0.559286,35.7226,-0.00247709,-0.0307785,-1.09949
18,-1.8,-0.00261799,35.7333,0.195522,21.2,2,250,122.556,122.52,122.72,122.684,594.73,-180.623,-0.559902,35.7333,-0.00261799,-0.0325391,-1.16273
18.02,-1.8,-0.00261799,35.7333,0.142388,21.2,2,248.013,122.36,122.52,122.68,122.84,595.335,-181.003,-0.560562,35.7333,-0.00261799,-0.0325391,-1.16273
18.04,-1.8,-0.00261799,35.7333,0.107393,21.2,2,257.578,122.478,122.718,122.958,122.841,595.94,-181.383,-0.561212,35.7333,-0.00261799,-0.0325391,-1.16273
18.06,-1.8,-0.00261799,35.7333,0.106995,20.8,2,234.152,122.548,122.517,122.72,122.732,596.545,-181.764,-0.561863,35.7333,-0.00261799,-0.0325391,-1.16273
18.08,-1.8,-0.00261799,35.7333,0.138617,20.8,2,233.839,122.406,122.533,122.693,122.837,597.15,-182.145,-0.562514,35.7333,-0.00261799,-0.0325391,-1.16273
18.1,-1.8,-0.00261799,35.7333,0.181039,20.8,2,228,122.568,122.715,122.885,122.725,597.754,-182.526,-0.563165,35.7333,-0.00261799,-0.0325391,-1.16273
18.12,-1.8,-0.00261799,35.7444,0.205973,20.7979,2,226.021,122.56,122.52,122.88,122.88,598.358,-182.908,-0.563816,35.7444,-0.00261799,-0.0325492,-1.16345
18.14,-1.8,-0.00261799,35.7556,0.200618,20.4,2,220.117,122.52,122.639,122.801,122.96,598.963,-183.29,-0.564467,35.7556,-0.00261799,-0.0325593,-1.16418
18.16,-1.7,-0.00247255,35.7556,0.179758,20.4,2,216,122.568,122.677,122.952,122.837,599.567,-183.673,-0.565109,35.7556,-0.00247255,-0.0307505,-1.0995
18.18,-1.7,-0.00247255,35.7556,0.170141,20.4,2,213.071,122.714,122.72,122.8,122.886,600.171,-184.056,-0.565715,35.7556,-0.00247255,-0.0307505,-1.0995
18.2,-1.69544,-0.00246592,35.7556,0.184233,20,2,208.274,122.518,122.68,122.804,122.949,600.774,-184.44,-0.566329,35.7556,-0.00246592,-0.0306679,-1.09655
18.22,-1.6,-0.00232711,35.7556,0.208547,20,2,204.087,122.723,122.8,122.841,122.683,601.378,-184.824,-0.566934,35.7556,-0.00232711,-0.0289416,-1.03482
18.24,-1.6,-0.00232711,35.7667,0.214617,20,2,202.098,122.679,122.719,122.959,123.04,601.981,-185.208,-0.567504,35.7667,-0.00232711,-0.0289506,-1.03547
18.26,-1.50073,-0.00218272,35.7778,0.184782,19.6029,2,190.175,122.56,122.719,122.721,122.881,602.584,-185.593,-0.568074,35.7778,-0.00218272,-0.0271628,-0.971824
18.28,-1.5,-0.00218166,35.7778,0.127937,19.6,2,193.991,122.879,122.879,122.88,122.681,603.187,-185.978,-0.568608,35.7778,-0.00218166,-0.0271496,-0.971353
18.3,-1.5,-0.00218166,35.7778,0.0686423,19.2001,2,190.001,122.52,122.64,122.88,123,603.79,-186.363,-0.569151,35.7778,-0.00218166,-0.0271496,-0.971353
18.32,-1.4923,-0.00217046,35.7778,0.0274458,18.7692,2,184,122.643,122.843,122.812,122.8,604.392,-186.749,-0.569694,35.7778,-0.00217046,-0.0270103,-0.966367
18.34,-1.49422,-0.00217325,35.7778,0.0142424,18.3769,2,178.728,122.795,122.793,122.951,122.805,604.995,-187.135,-0.570233,35.7778,-0.00217325,-0.0270449,-0.967607
18.36,-1.4,-0.00203622,35.7778,0.0316189,18,2,183.723,122.719,122.68,122.802,122.962,605.597,-187.522,-0.570766,35.7778,-0.00203622,-0.0253396,-0.906596
18.38,-1.4,-0.00203622,35.7778,0.0769535,17.9871,2,171.935,122.52,122.801,123.117,122.994,606.199,-187.908,-0.571264,35.7778,-0.00203622,-0.0253396,-0.906596
18.4,-1.39868,-0.00203429,35.7778,0.139582,17.5947,2,163.868,122.721,122.838,122.999,122.803,606.801,-188.295,-0.571771,35.7778,-0.00203429,-0.0253157,-0.905738
18.42,-1.3,-0.00189077,35.7778,0.196953,16.8085,2,175.532,122.8,122.681,122.96,123.039,607.403,-188.683,-0.572268,35.7778,-0.00189077,-0.0235297,-0.841839
18.44,-1.3,-0.00189077,35.7894,0.221313,16.8,2,151.899,122.528,122.886,122.876,122.876,608.004,-189.07,-0.57273,35.7894,-0.00189077,-0.0235373,-0.842387
18.46,-1.3,-0.00189077,35.8,0.199743,16.4,2,145.97,122.839,122.838,122.961,122.842,608.606,-189.459,-0.573201,35.8,-0.00189077,-0.0235443,-0.842885
18.48,-1.3,-0.00189077,35.8,0.14558,16.3902,2,139.902,122.68,122.723,122.999,122.999,609.207,-189.847,-0.573671,35.8,-0.00189077,-0.0235443,-0.842885
18.5,-1.3,-0.00189077,35.8,0.0850059,16,2,112.335,122.644,122.999,122.957,122.799,609.809,-190.236,-0.574142,35.8,-0.00189077,-0.0235443,-0.842885
18.52,-1.3,-0.00189077,35.8,0.0368826,15.5685,2,102.682,122.874,122.72,122.843,122.853,610.41,-190.625,-0.574613,35.8,-0.00189077,-0.0235443,-0.842885
18.54,-1.3,-0.00189077,35.8,0.00689681,15.2,2,115.834,122.68,122.85,122.88,122.997,611.011,-191.014,-0.575084,35.8,-0.00189077,-0.0235443,-0.842885
18.56,-1.3,-0.00189077,35.8,-0.00736857,14.8,2,102.139,122.694,122.954,122.954,122.794,611.611,-191.404,-0.575555,35.8,-0.00189077,-0.0235443,-0.842885
18.58,-1.3,-0.00189077,35.8,-0.0109332,14.7737,2,93.0523,122.832,122.72,122.84,122.811,612.212,-191.793,-0.576026,35.8,-0.00189077,-0.0235443,-0.842885
18.6,-1.3,-0.00189077,35.8,-0.00846085,14.4,2,87.8768,122.68,122.802,122.805,122.998,612.812,-192.184,-0.576497,35.8,-0.00189077,-0.0235443,-0.842885
18.62,-1.3,-0.00189077,35.8,-0.00321936,14.4,2,77.9606,122.684,122.88,122.958,122.718,613.412,-192.574,-0.576968,35.8,-0.00189077,-0.0235443,-0.842885
18.64,-1.20014,-0.00174553,35.8,0.00277139,14.4,2,69.9945,122.8,122.72,122.84,122.8,614.012,-192.965,-0.57743,35.8,-0.00174553,-0.0217357,-0.778137
18.66,-1.29395,-0.00188197,35.8,0.00799325,14.4,2,78.6689,122.64,122.727,122.847,122.998,614.612,-193.356,-0.577864,35.8,-0.00188197,-0.0234347,-0.838962
18.68,-1.20457,-0.00175198,35.8,0.0105071,14.4,2,49.8171,122.689,122.956,122.956,122.795,615.212,-193.747,-0.578333,35.8,-0.00175198,-0.021816,-0.781013
18.7,-1.20386,-0.00175095,35.8,0.00720286,14.4,2,39.8455,122.794,122.72,122.84,122.803,615.811,-194.138,-0.578761,35.8,-0.00175095,-0.0218031,-0.780551
18.72,-1.20079,-0.00174649,35.8,-0.00636953,14.4,2,29.8411,122.639,122.721,122.721,122.879,616.411,-194.53,-0.579197,35.8,-0.00174649,-0.0217476,-0.778563
18.74,-1.3,-0.00189077,35.8,-0.035025,14.4,2,25.6674,122.717,122.958,122.84,122.682,617.01,-194.922,-0.57964,35.8,-0.00189077,-0.0235443,-0.842885
18.76,-1.29215,-0.00187936,35.8,-0.0811251,14.4,2,11.6861,122.787,122.717,122.794,122.726,617.609,-195.315,-0.580119,35.8,-0.00187936,-0.0234021,-0.837797
18.78,-1.29205,-0.00187921,35.8,-0.139316,14.4,2,5.52312,122.634,122.733,122.69,122.79,618.208,-195.707,-0.580587,35.8,-0.00187921,-0.0234003,-0.837732
18.8,-1.2,-0.00174533,35.8,-0.192081,14.4,2,-4.35473,122.807,122.939,122.8,122.64,618.806,-196.1,-0.581046,35.8,-0.00174533,-0.0217332,-0.778047
18.82,-1.25245,-0.00182161,35.7883,-0.216785,14.4,2,14.1433,122.711,122.642,122.793,122.725,619.405,-196.493,-0.581478,35.7883,-0.00182161,-0.0226757,-0.811524
18.84,-1.2959,-0.00188481,35.7778,-0.206064,14.4,2,-14,122.558,122.802,122.565,122.678,620.003,-196.886,-0.58194,35.7778,-0.00188481,-0.0234555,-0.839185
18.86,-1.20245,-0.00174889,35.7778,-0.178687,14.4,2,5.36347,122.722,122.797,122.72,122.562,620.6,-197.28,-0.582404,35.7778,-0.00174889,-0.021764,-0.778667
18.88,-1.3,-0.00189077,35.7778,-0.163726,14.4,2,7.86782,122.675,122.68,122.717,122.681,621.198,-197.674,-0.58284,35.7778,-0.00189077,-0.0235297,-0.841839
18.9,-1.3,-0.00189077,35.7778,-0.175416,14.4,2,-38.3178,122.48,122.641,122.641,122.718,621.795,-198.068,-0.583319,35.7778,-0.00189077,-0.0235297,-0.841839
18.92,-1.29187,-0.00187895,35.7778,-0.202935,14.4,2,-43.9339,122.72,122.793,122.683,122.523,622.392,-198.462,-0.583789,35.7778,-0.00187895,-0.0233825,-0.836572
18.94,-1.3,-0.00189077,35.766,-0.222285,14.4,2,-50.391,122.555,122.632,122.709,122.683,622.989,-198.856,-0.584257,35.766,-0.00189077,-0.0235219,-0.841282
18.96,-1.2052,-0.0017529,35.7556,-0.221298,14.4,2,-56.2081,122.484,122.575,122.56,122.628,623.585,-199.251,-0.584719,35.7556,-0.0017529,-0.0218003,-0.779482
18.98,-1.3,-0.00189077,35.7556,-0.211637,14.4,2,-61.6252,122.79,122.86,122.642,122.415,624.182,-199.646,-0.585155,35.7556,-0.00189077,-0.023515,-0.840793
19,-1.3,-0.00189077,35.7556,-0.211652,14.4,2,-68.2239,122.48,122.48,122.555,122.672,624.778,-200.041,-0.585634,35.7556,-0.00189077,-0.023515,-0.840793
19.02,-1.3,-0.00189077,35.7556,-0.222222,14.4,2,-71.1509,122.482,122.686,122.52,122.398,625.374,-200.436,-0.586104,35.7556,-0.00189077,-0.023515,-0.840793
19.04,-1.20265,-0.00174918,35.7442,-0.227432,14.4,2,-89.6825,122.677,122.675,122.521,122.404,625.969,-200.832,-0.586566,35.7442,-0.00174918,-0.0217472,-0.777335
19.06,-1.3,-0.00189077,35.7333,-0.218864,14.4,2,-78.5391,122.477,122.525,122.475,122.4,626.564,-201.228,-0.587001,35.7333,-0.00189077,-0.0235004,-0.839748
19.08,-1.3,-0.00189077,35.7333,-0.210438,14.4,2,-72.5477,122.365,122.678,122.518,122.475,627.159,-201.624,-0.58748,35.7333,-0.00189077,-0.0235004,-0.839748
19.1,-1.3,-0.00189077,35.7333,-0.223107,14.4,2,-84.0584,122.636,122.52,122.478,122.322,627.754,-202.02,-0.58795,35.7333,-0.00189077,-0.0235004,-0.839748
19.12,-1.3,-0.00189077,35.7333,-0.260198,14.4,2,-86.4892,122.398,122.558,122.358,122.4,628.349,-202.416,-0.58842,35.7333,-0.00189077,-0.0235004,-0.839748
19.14,-1.3,-0.00189077,35.7217,-0.305488,14.4,2,-92.1394,122.248,122.52,122.398,122.388,628.943,-202.813,-0.588889,35.7217,-0.00189077,-0.0234928,-0.839202
19.16,-1.3,-0.00189077,35.7111,-0.342787,14.0098,2,-92.1963,122.517,122.478,122.399,122.087,629.537,-203.21,-0.589359,35.7111,-0.00189077,-0.0234858,-0.838704
19.18,-1.3,-0.00189077,35.7111,-0.367069,14.0142,2,-95.929,122.24,122.32,122.316,122.516,630.13,-203.607,-0.589829,35.7111,-0.00189077,-0.0234858,-0.838704
19.2,-1.3,-0.00189077,35.6999,-0.377742,14.3904,2,-101.857,122.207,122.482,122.318,122.157,630.724,-204.005,-0.590299,35.6999,-0.00189077,-0.0234784,-0.838176
19.22,-1.3,-0.00189077,35.6889,-0.374598,14,2,-97.9953,122.48,122.52,122.32,122.16,631.317,-204.402,-0.590768,35.6889,-0.00189077,-0.0234712,-0.837661
19.24,-1.3,-0.00189077,35.6889,-0.35946,14.4,2,-99.6859,122.202,122.203,122.321,122.4,631.909,-204.8,-0.591238,35.6889,-0.00189077,-0.0234712,-0.837661
19.26,-1.20713,-0.0017557,35.677,-0.334108,14.4,2,-118.717,122.097,122.363,122.32,122.086,632.502,-205.198,-0.591699,35.677,-0.0017557,-0.0217872,-0.777301
19.28,-1.3,-0.00189077,35.6667,-0.30305,14.3673,2,-102.163,122.313,122.36,122.307,122.313,633.094,-205.596,-0.592134,35.6667,-0.00189077,-0.0234566,-0.836618
19.3,-1.3,-0.00189077,35.6667,-0.276633,14.4,2,-104.413,122.24,122.32,122.04,122.077,633.686,-205.994,-0.592612,35.6667,-0.00189077,-0.0234566,-0.836618
19.32,-1.3,-0.00189077,35.6667,-0.259297,14.4,2,-102.137,122.248,122.403,122.08,121.997,634.277,-206.393,-0.593081,35.6667,-0.00189077,-0.0234566,-0.836618
19.34,-1.3,-0.00189077,35.6554,-0.241922,14.4,2,-105.763,122.396,122.32,122.201,122.163,634.869,-206.791,-0.59355,35.6554,-0.00189077,-0.0234492,-0.83609
19.36,-1.3,-0.00189077,35.6444,-0.21863,14.4,2,-113.984,122.08,122.24,122.08,122.24,635.46,-207.19,-0.594019,35.6444,-0.00189077,-0.023442,-0.835576
19.38,-1.3,-0.00189077,35.6444,-0.202635,14.4,2,-119.928,122.202,122.52,122.159,121.84,636.05,-207.589,-0.594488,35.6444,-0.00189077,-0.023442,-0.835576
19.4,-1.3,-0.00189077,35.6444,-0.213684,14.4,2,-115.961,122.361,122.202,121.921,122.039,636.641,-207.989,-0.594956,35.6444,-0.00189077,-0.023442,-0.835576
19.42,-1.3,-0.00189077,35.6444,-0.254756,14.4,2,-119.511,122.038,122.092,121.768,122.038,637.231,-208.388,-0.595425,35.6444,-0.00189077,-0.023442,-0.835576
19.44,-1.3,-0.00189077,35.6331,-0.310187,14.4,2,-110.206,122.045,122.356,122.083,121.88,637.821,-208.788,-0.595894,35.6331,-0.00189077,-0.0234345,-0.835042
19.46,-1.3,-0.00189077,35.6222,-0.364407,14.4,2,-108.025,122.16,122.04,122.08,122,638.411,-209.188,-0.596363,35.6222,-0.00189077,-0.0234273,-0.834534
19.48,-1.3,-0.00189077,35.6222,-0.411619,14.4,2,-110,122,122.04,121.88,122,639,-209.589,-0.596831,35.6222,-0.00189077,-0.0234273,-0.834534
19.5,-1.3,-0.00189077,35.6109,-0.446585,14.4,2,-111.926,121.919,122.16,122,121.921,639.589,-209.989,-0.5973,35.6109,-0.00189077,-0.0234199,-0.834002
19.52,-1.3,-0.00189077,35.6,-0.460093,14.4,2,-110,122.07,122,122.002,122.042,640.178,-210.39,-0.597768,35.6,-0.00189077,-0.0234127,-0.833493
19.54,-1.3,-0.00189077,35.5884,-0.44914,14.4,2,-108.096,121.836,122.002,121.92,121.992,640.766,-210.791,-0.598236,35.5884,-0.00189077,-0.0234051,-0.832953
19.56,-1.3,-0.00189077,35.5778,-0.423855,14.4,2,-108.059,122.002,122.078,121.842,121.762,641.354,-211.192,-0.598704,35.5778,-0.00189077,-0.0233981,-0.832453
19.58,-1.3,-0.00189077,35.5778,-0.39884,14.4,2,-109.918,121.917,121.88,121.918,121.997,641.942,-211.593,-0.599172,35.5778,-0.00189077,-0.0233981,-0.832453
19.6,-1.3,-0.00189077,35.5665,-0.380736,14.4,2,-111.932,121.76,122.003,121.84,121.875,642.529,-211.994,-0.59964,35.5665,-0.00189077,-0.0233907,-0.831928
19.62,-1.30844,-0.00190305,35.5556,-0.369211,14.4,2,-110,122.04,122.066,121.767,121.607,643.116,-212.396,-0.600109,35.5556,-0.00190305,-0.0235354,-0.836813
19.64,-1.4,-0.00203622,35.5556,-0.363596,14.4,2,-108.129,121.825,121.835,121.835,121.843,643.703,-212.797,-0.600588,35.5556,-0.00203622,-0.0251822,-0.895369
19.66,-1.4,-0.00203622,35.5439,-0.362326,14.4,2,-109.905,121.684,121.888,121.722,121.756,644.29,-213.199,-0.6011,35.5439,-0.00203622,-0.025174,-0.894781
19.68,-1.4,-0.00203622,35.5333,-0.364258,14.4,2,-108,122.032,122.068,121.758,121.6,644.876,-213.601,-0.601604,35.5333,-0.00203622,-0.0251665,-0.89425
19.7,-1.40472,-0.00204308,35.5333,-0.371407,14.4,2,-108,121.672,121.714,121.674,121.72,645.462,-214.004,-0.602107,35.5333,-0.00204308,-0.0252513,-0.897262
19.72,-1.40136,-0.00203819,35.5222,-0.384689,14.4,2,-108,121.601,121.841,121.602,121.679,646.047,-214.406,-0.602612,35.5222,-0.00203819,-0.025183,-0.894554
19.74,-1.5,-0.00218166,35.5111,-0.402744,14.4,2,-108,121.759,121.841,121.76,121.6,646.632,-214.809,-0.603125,35.5111,-0.00218166,-0.0269473,-0.956927
19.76,-1.5,-0.00218166,35.5111,-0.42334,14.4,2,-106,121.557,121.526,121.512,121.672,647.217,-215.212,-0.603672,35.5111,-0.00218166,-0.0269473,-0.956927
19.78,-1.5,-0.00218166,35.4993,-0.437942,14.4266,2,-106,121.52,121.765,121.608,121.563,647.801,-215.615,-0.604211,35.4993,-0.00218166,-0.0269383,-0.956293
19.8,-1.5,-0.00218166,35.4889,-0.43216,14.8,2,-104.092,121.718,121.711,121.674,121.52,648.386,-216.019,-0.60475,35.4889,-0.00218166,-0.0269304,-0.95573
19.82,-1.5,-0.00218166,35.4775,-0.399082,14.8,2,-104.051,121.559,121.522,121.599,121.561,648.969,-216.423,-0.605288,35.4775,-0.00218166,-0.0269218,-0.955118
19.84,-1.5,-0.00218166,35.4667,-0.349259,14.8,2,-103.981,121.441,121.761,121.599,121.559,649.553,-216.826,-0.605827,35.4667,-0.00218166,-0.0269135,-0.954533
19.86,-1.5,-0.00218166,35.4667,-0.303214,15.1972,2,-102,121.759,121.761,121.52,121.4,650.136,-217.23,-0.606365,35.4667,-0.00218166,-0.0269135,-0.954533
19.88,-1.5,-0.00218166,35.4667,-0.271151,15.2,2,-98.032,121.522,121.441,121.44,121.519,650.718,-217.635,-0.606903,35.4667,-0.00218166,-0.0269135,-0.954533
19.9,-1.5,-0.00218166,35.4553,-0.245322,15.2,2,-96.0963,121.401,121.757,121.438,121.402,651.301,-218.039,-0.607441,35.4553,-0.00218166,-0.0269049,-0.953922
19.92,-1.59341,-0.00231752,35.4444,-0.218869,15.2,2,-97.7363,121.757,121.595,121.395,121.245,651.883,-218.444,-0.607988,35.4444,-0.00231752,-0.0285716,-1.0127
19.94,-1.6,-0.00232711,35.4444,-0.202964,15.2215,2,-97.7847,121.514,121.684,121.316,121.282,652.465,-218.849,-0.608568,35.4444,-0.00232711,-0.0286898,-1.01689
19.96,-1.6,-0.00232711,35.4444,-0.214835,15.6,2,-91.8357,121.33,121.753,121.32,121.323,653.046,-219.255,-0.609143,35.4444,-0.00232711,-0.0286898,-1.01689
19.98,-1.6,-0.00232711,35.4444,-0.25468,15.9873,2,-90,121.711,121.4,121.4,121.281,653.627,-219.661,-0.609716,35.4444,-0.00232711,-0.0286898,-1.01689
20,-1.6,-0.00232711,35.4331,-0.303934,16,2,-86.2211,121.279,121.521,121.317,121.4,654.208,-220.067,-0.61029,35.4331,-0.00232711,-0.0286806,-1.01624
20.02,-1.6,-0.00232711,35.4222,-0.344496,16,2,-79.9682,121.284,121.559,121.28,121.277,654.789,-220.473,-0.610864,35.4222,-0.00232711,-0.0286718,-1.01562
20.04,-1.6,-0.00232711,35.4222,-0.369818,16,2,-89.9478,121.56,121.401,121.399,121.08,655.369,-220.879,-0.611437,35.4222,-0.00232711,-0.0286718,-1.01562
20.06,-1.6,-0.00232711,35.4108,-0.378312,16,2,-71.8498,121.129,121.326,121.24,121.52,655.949,-221.286,-0.61201,35.4108,-0.00232711,-0.0286625,-1.01496
20.08,-1.69241,-0.00246151,35.4,-0.369167,16,2,-55.0629,121.335,121.523,121.52,121.388,656.528,-221.693,-0.612592,35.4,-0.00246151,-0.0303087,-1.07293
20.1,-1.6,-0.00232711,35.4,-0.343785,16,2,-62.1415,121.306,121.317,121.429,121.246,657.107,-222.1,-0.613198,35.4,-0.00232711,-0.0286538,-1.01434
20.12,-1.6,-0.00232711,35.3886,-0.30404,16.4,2,-56.044,121.163,121.244,121.123,121.319,657.686,-222.508,-0.613763,35.3886,-0.00232711,-0.0286446,-1.01369
20.14,-1.6,-0.00232711,35.3778,-0.256747,16.4,2,-57.874,121.241,121.519,121.399,121.239,658.265,-222.916,-0.614336,35.3778,-0.00232711,-0.0286358,-1.01307
20.16,-1.6,-0.00232711,35.3778,-0.219976,16.4,2,-61.8925,121.32,121.281,121.161,121.12,658.843,-223.324,-0.614908,35.3778,-0.00232711,-0.0286358,-1.01307
20.18,-1.6,-0.00232711,35.3778,-0.211153,16.4,2,-44.0581,121.161,121.24,121.12,121.24,659.421,-223.732,-0.615481,35.3778,-0.00232711,-0.0286358,-1.01307
20.2,-1.6,-0.00232711,35.3778,-0.227731,16.4,2,-48,121.138,121.44,121.313,121.153,659.998,-224.141,-0.616054,35.3778,-0.00232711,-0.0286358,-1.01307
20.22,-1.6,-0.00232711,35.3661,-0.249635,16.4,2,-45.8869,121.271,121.158,121.16,121.089,660.575,-224.55,-0.616626,35.3661,-0.00232711,-0.0286264,-1.0124
20.24,-1.6,-0.00232711,35.3556,-0.262825,16.4,2,-42,121.082,121.17,121.12,121.237,661.152,-224.959,-0.617199,35.3556,-0.00232711,-0.0286178,-1.0118
20.26,-1.6,-0.00232711,35.3556,-0.27124,16.4,2,-39.9145,121.124,121.517,121.162,121.08,661.729,-225.368,-0.617771,35.3556,-0.00232711,-0.0286178,-1.0118
20.28,-1.6,-0.00232711,35.3556,-0.281174,16.8,2,-36.2953,121.276,121.12,121.236,121.121,662.305,-225.778,-0.618343,35.3556,-0.00232711,-0.0286178,-1.0118
20.3,-1.6,-0.00232711,35.3443,-0.287245,16.8,2,-33.8482,121.119,121.162,121.003,121.16,662.881,-226.188,-0.618916,35.3443,-0.00232711,-0.0286087,-1.01116
20.32,-1.6,-0.00232711,35.3333,-0.283847,16.8,2,-31.9884,121.08,121.32,121.28,121.16,663.457,-226.598,-0.619488,35.3333,-0.00232711,-0.0285998,-1.01053
20.34,-1.6,-0.00232711,35.3333,-0.276787,16.8,2,-30.0345,121.122,121.083,121.083,120.962,664.032,-227.009,-0.62006,35.3333,-0.00232711,-0.0285998,-1.01053
20.36,-1.6,-0.00232711,35.3333,-0.271039,16.8,2,-26,120.803,120.976,121.006,121.117,664.607,-227.419,-0.620632,35.3333,-0.00232711,-0.0285998,-1.01053
20.38,-1.6,-0.00232711,35.3219,-0.259634,16.8,2,-31.5235,121.179,121.32,121.08,120.997,665.182,-227.83,-0.621204,35.3219,-0.00232711,-0.0285906,-1.00987
20.4,-1.6,-0.00232711,35.3111,-0.237734,16.7665,2,-14.8368,121.13,121.067,121.083,121.12,665.756,-228.242,-0.621775,35.3111,-0.00232711,-0.0285819,-1.00926
20.42,-1.6,-0.00232711,35.3111,-0.216878,16.4,2,-23.9141,120.685,120.969,121.007,121.08,666.33,-228.653,-0.622347,35.3111,-0.00232711,-0.0285819,-1.00926
20.44,-1.5,-0.00218166,35.3111,-0.212028,16.4,2,-6.13283,121.162,121.279,121.32,121.12,666.903,-229.065,-0.62291,35.3111,-0.00218166,-0.0267955,-0.946178
20.46,-1.5,-0.00218166,35.3111,-0.219597,16.4,2,-27.5493,121.099,120.997,121.093,120.997,667.477,-229.477,-0.623437,35.3111,-0.00218166,-0.0267955,-0.946178
20.48,-1.5,-0.00218166,35.2998,-0.219122,16.4,2,-27.3995,120.84,121.012,120.664,120.926,668.05,-229.89,-0.623973,35.2998,-0.00218166,-0.0267869,-0.94557
20.5,-1.5,-0.00218166,35.2889,-0.198388,16.3711,2,-16.434,121.086,121.271,121.16,120.96,668.623,-230.302,-0.624508,35.2889,-0.00218166,-0.0267786,-0.944988
20.52,-1.4,-0.00203622,35.2889,-0.16956,16,2,-20.0743,121.076,120.999,120.997,121,669.195,-230.715,-0.625035,35.2889,-0.00203622,-0.0249934,-0.881988
20.54,-1.3972,-0.00203214,35.2889,-0.156115,15.9888,2,-20.1122,120.956,121.003,120.804,120.96,669.768,-231.128,-0.625526,35.2889,-0.00203214,-0.0249433,-0.880222
20.56,-1.3,-0.00189077,35.2889,-0.168365,15.1964,2,-23.9822,120.961,121.119,120.96,120.84,670.34,-231.542,-0.626015,35.2889,-0.00189077,-0.0232081,-0.818989
20.58,-1.24923,-0.00181693,35.2889,-0.192882,13.9817,2,-22.0915,120.998,120.96,120.959,120.959,670.911,-231.955,-0.626466,35.2889,-0.00181693,-0.0223018,-0.787004
20.6,-1.2,-0.00174533,35.2778,-0.203845,12.3769,2,-24.1734,120.838,121.002,120.803,120.84,671.483,-232.369,-0.626903,35.2778,-0.00174533,-0.0214161,-0.755513
20.62,-1.2,-0.00174533,35.2667,-0.188552,10.7689,2,-26.7776,120.969,120.994,120.849,120.8,672.054,-232.783,-0.627327,35.2667,-0.00174533,-0.0214094,-0.755038
20.64,-1.19412,-0.00173677,35.2667,-0.161902,9.15295,2,-28.5882,120.951,120.84,121,120.967,672.625,-233.197,-0.627755,35.2667,-0.00173677,-0.0213045,-0.751337
20.66,-1.1,-0.00159989,35.2667,-0.152457,7.17697,2,-38.403,120.761,120.961,120.96,121.073,673.196,-233.612,-0.628172,35.2667,-0.00159989,-0.0196253,-0.692118
20.68,-1.09772,-0.00159657,35.2667,-0.17707,5.17265,2,-50.4102,121.002,121.076,120.921,120.68,673.767,-234.026,-0.628556,35.2667,-0.00159657,-0.0195846,-0.690684
20.7,-1,-0.00145444,35.2667,-0.228752,2.38295,2,-70.0568,120.839,120.839,120.839,120.842,674.337,-234.441,-0.628939,35.2667,-0.00145444,-0.0178412,-0.629198
20.72,-1,-0.00145444,35.2558,-0.284988,0,2,-81.839,120.76,120.852,120.766,120.791,674.907,-234.856,-0.629287,35.2558,-0.00145444,-0.0178357,-0.628811
20.74,-1,-0.00145444,35.2444,-0.328092,0,2,-107.518,120.96,120.987,120.837,120.603,675.477,-235.271,-0.629644,35.2444,-0.00145444,-0.0178299,-0.628405
20.76,-0.9,-0.001309,35.2444,-0.355735,0,2,-93.2309,120.794,120.8,120.676,120.76,676.047,-235.686,-0.629991,35.2444,-0.001309,-0.0160469,-0.565565
20.78,-0.9,-0.001309,35.2328,-0.374368,0,2,-161.526,120.68,120.922,120.647,120.633,676.616,-236.102,-0.630303,35.2328,-0.001309,-0.0160416,-0.56519
20.8,-0.9,-0.001309,35.2222,-0.393871,0,2,-195.088,120.92,120.913,120.678,120.52,677.185,-236.517,-0.630624,35.2222,-0.001309,-0.0160368,-0.564852
20.82,-0.9,-0.001309,35.2222,-0.425403,0,2,-208.759,120.757,120.68,120.599,120.6,677.754,-236.932,-0.630945,35.2222,-0.001309,-0.0160368,-0.564852
20.84,-0.9,-0.001309,35.2113,-0.472887,0,2,-299.706,120.6,120.76,120.48,120.6,678.323,-237.348,-0.631265,35.2113,-0.001309,-0.0160318,-0.564502
20.86,-0.848672,-0.00123434,35.2,-0.530368,0,2,-269.841,120.76,120.674,120.48,120.32,678.891,-237.764,-0.631581,35.2,-0.00123434,-0.0151127,-0.531966
20.88,-0.8,-0.00116355,35.1886,-0.590476,0,2,-326.109,120.59,120.6,120.347,120.434,679.459,-238.179,-0.631875,35.1886,-0.00116355,-0.0142413,-0.501131
20.9,-0.8,-0.00116355,35.1778,-0.647823,0,2,-359.444,120.433,120.64,120.211,120.306,680.027,-238.595,-0.632155,35.1778,-0.00116355,-0.0142369,-0.500824
20.92,-0.8,-0.00116355,35.1662,-0.694956,0,2,-335.105,120.6,120.513,120.28,120.12,680.594,-239.011,-0.63244,35.1662,-0.00116355,-0.0142323,-0.500495
20.94,-0.8,-0.00116355,35.1441,-0.724907,0,2,-387.266,120.436,120.363,120.197,120.2,681.162,-239.426,-0.632724,35.1441,-0.00116355,-0.0142233,-0.499867
20.96,-0.8,-0.00116355,35.1333,-0.738359,0,2,-428.243,120.32,120.52,120.119,120.118,681.728,-239.842,-0.633009,35.1333,-0.00116355,-0.014219,-0.499559
20.98,-0.8,-0.00116355,35.1221,-0.74089,0,2,-421.803,120.479,120.438,119.96,119.841,682.295,-240.258,-0.633293,35.1221,-0.00116355,-0.0142144,-0.499239
21,-0.8,-0.00116355,35.0995,-0.737322,0,2,-408.38,120.279,120.28,119.959,119.96,682.861,-240.673,-0.633577,35.0995,-0.00116355,-0.0142053,-0.498597
21.02,-0.8,-0.00116355,35.0889,-0.734439,0,2,-491.27,120.163,120.366,119.794,119.828,683.426,-241.089,-0.633861,35.0889,-0.00116355,-0.014201,-0.498296
21.04,-0.8,-0.00116355,35.0771,-0.741145,0,2,-506.773,120.47,120.35,119.68,119.56,683.991,-241.505,-0.634145,35.0771,-0.00116355,-0.0141962,-0.497962
21.06,-0.8,-0.00116355,35.055,-0.765184,0,2,-522.632,120.154,120.16,119.632,119.678,684.556,-241.92,-0.634429,35.055,-0.00116355,-0.0141873,-0.497334
21.08,-0.8,-0.00116355,35.0444,-0.813951,0,2,-556.87,120.045,120.205,119.52,119.512,685.121,-242.336,-0.634713,35.0444,-0.00116355,-0.014183,-0.497035
21.1,-0.8,-0.00116355,35.0331,-0.888608,0,2,-594.06,120.196,120.114,119.514,119.362,685.685,-242.751,-0.634997,35.0331,-0.00116355,-0.0141784,-0.496712
21.12,-0.8,-0.00116355,35.0112,-0.974893,0,2,-607.833,119.88,119.88,119.399,119.4,686.249,-243.167,-0.63528,35.0112,-0.00116355,-0.0141695,-0.496092
21.14,-0.8,-0.00116355,34.9891,-1.04978,0,2,-623.593,119.84,119.999,119.24,119.241,686.812,-243.582,-0.635563,34.9891,-0.00116355,-0.0141606,-0.495466
21.16,-0.8,-0.00116355,34.9664,-1.09646,0,2,-616.267,119.988,119.868,119.237,119.086,687.375,-243.998,-0.635847,34.9664,-0.00116355,-0.0141514,-0.494823
21.18,-0.8,-0.00116355,34.9441,-1.10891,0,2,-600.153,119.68,119.68,119.074,119.163,687.938,-244.413,-0.636129,34.9441,-0.00116355,-0.0141424,-0.494194
21.2,-0.8,-0.00116355,34.9221,-1.08768,0,2,-604.623,119.643,119.803,119.163,119.074,688.5,-244.828,-0.636412,34.9221,-0.00116355,-0.0141335,-0.493571
21.22,-0.8,-0.00116355,34.8996,-1.03723,0,2,-618.089,119.716,119.673,119.073,119,689.061,-245.243,-0.636695,34.8996,-0.00116355,-0.0141244,-0.492934
21.24,-0.8,-0.00116355,34.8775,-0.968997,0,2,-622.122,119.48,119.519,118.838,119.035,689.622,-245.658,-0.636977,34.8775,-0.00116355,-0.0141154,-0.492311
21.26,-0.8,-0.00116355,34.8554,-0.905975,0,2,-628.086,119.361,119.56,118.88,118.838,690.183,-246.073,-0.637259,34.8554,-0.00116355,-0.0141065,-0.491686
21.28,-0.8,-0.00116355,34.8444,-0.876885,0,2,-636.107,119.517,119.477,118.758,118.68,690.743,-246.488,-0.637541,34.8444,-0.00116355,-0.014102,-0.491378
21.3,-0.8,-0.00116355,34.8332,-0.896948,0,2,-642.091,119.239,119.318,118.599,118.72,691.303,-246.903,-0.637823,34.8332,-0.00116355,-0.0140975,-0.491061
21.32,-0.8,-0.00116355,34.8112,-0.956474,0,2,-652.004,119.16,119.36,118.56,118.56,691.862,-247.317,-0.638105,34.8112,-0.00116355,-0.0140886,-0.49044
21.34,-0.8,-0.00116355,34.7891,-1.03358,0,2,-669.859,119.319,119.241,118.52,118.321,692.421,-247.732,-0.638387,34.7891,-0.00116355,-0.0140796,-0.489818
21.36,-0.8,-0.00116355,34.7664,-1.1136,0,2,-658.298,119.077,119.151,118.317,118.551,692.98,-248.147,-0.638669,34.7664,-0.00116355,-0.0140705,-0.489179
21.38,-0.8,-0.00116355,34.7442,-1.19286,0,2,-662.156,118.883,119.043,118.394,118.304,693.538,-248.561,-0.63895,34.7442,-0.00116355,-0.0140615,-0.488554
21.4,-0.8,-0.00116355,34.7221,-1.2683,0,2,-684.767,119.074,119.028,118.234,118.123,694.095,-248.975,-0.639231,34.7221,-0.00116355,-0.0140525,-0.487933
21.42,-0.8,-0.00116355,34.6995,-1.3265,0,2,-679.682,118.758,118.758,118.115,118.278,694.652,-249.39,-0.639512,34.6995,-0.00116355,-0.0140434,-0.487299
21.44,-0.8,-0.00116355,34.6664,-1.3466,0,2,-693.753,118.602,118.882,118.079,117.997,695.209,-249.804,-0.639793,34.6664,-0.00116355,-0.01403,-0.48637
21.46,-0.8,-0.00116355,34.633,-1.31935,0,2,-689.261,118.865,118.705,117.849,117.923,695.765,-250.218,-0.640073,34.633,-0.00116355,-0.0140165,-0.485432
21.48,-0.8,-0.00116355,34.6108,-1.25936,0,2,-681.88,118.52,118.449,117.944,118.061,696.32,-250.631,-0.640353,34.6108,-0.00116355,-0.0140075,-0.48481
21.5,-0.8,-0.00116355,34.5887,-1.19323,0,2,-683.823,118.404,118.716,117.804,117.76,696.875,-251.045,-0.640633,34.5887,-0.00116355,-0.0139985,-0.484192
21.52,-0.8,-0.00116355,34.5661,-1.14037,0,2,-684.233,118.558,118.431,117.76,117.755,697.429,-251.458,-0.640913,34.5661,-0.00116355,-0.0139894,-0.483559
21.54,-0.8,-0.00116355,34.544,-1.10803,0,2,-689.978,118.316,118.396,117.745,117.518,697.983,-251.871,-0.641193,34.544,-0.00116355,-0.0139805,-0.482942
21.56,-0.8,-0.00116355,34.5219,-1.09677,0,2,-690.058,118.08,118.318,117.445,117.64,698.536,-252.285,-0.641473,34.5219,-0.00116355,-0.0139715,-0.482324
21.58,-0.8,-0.00116355,34.4997,-1.10575,0,2,-694,118.397,118.24,117.363,117.432,699.089,-252.698,-0.641752,34.4997,-0.00116355,-0.0139625,-0.481702
21.6,-0.8,-0.00116355,34.4771,-1.13495,0,2,-713.432,118.114,118.235,117.359,117.324,699.642,-253.111,-0.642031,34.4771,-0.00116355,-0.0139534,-0.481072
21.62,-0.8,-0.00116355,34.4553,-1.18369,0,2,-697.852,117.849,118.006,117.197,117.342,700.194,-253.524,-0.64231,34.4553,-0.00116355,-0.0139446,-0.480464
21.64,-0.8,-0.00116355,34.4333,-1.24498,0,2,-705.628,118.15,118.11,117.125,117.002,700.745,-253.936,-0.642589,34.4333,-0.00116355,-0.0139356,-0.47985
21.66,-0.8,-0.00116355,34.4107,-1.30042,0,2,-702,117.795,117.796,117.275,117.359,701.296,-254.349,-0.642867,34.4107,-0.00116355,-0.0139265,-0.47922
21.68,-0.8,-0.00116355,34.3769,-1.32745,0,2,-704.731,117.683,117.845,116.878,116.992,701.847,-254.761,-0.643146,34.3769,-0.00116355,-0.0139128,-0.478278
21.7,-0.8,-0.00116355,34.3442,-1.31963,0,2,-713.693,117.834,117.828,116.885,116.803,702.397,-255.174,-0.643424,34.3442,-0.00116355,-0.0138996,-0.477369
21.72,-0.8,-0.00116355,34.3222,-1.29622,0,2,-696.065,117.44,117.44,116.68,116.84,702.946,-255.586,-0.643702,34.3222,-0.00116355,-0.0138907,-0.47676
21.74,-0.8,-0.00116355,34.3002,-1.28506,0,2,-714.017,117.36,117.599,116.64,116.681,703.495,-255.998,-0.64398,34.3002,-0.00116355,-0.0138818,-0.476148
21.76,-0.8,-0.00116355,34.2775,-1.29732,0,2,-706.3,117.477,117.465,116.717,116.714,704.043,-256.409,-0.644257,34.2775,-0.00116355,-0.0138726,-0.475518
21.78,-0.8,-0.00116355,34.2548,-1.3185,0,2,-717.554,117.271,117.274,116.634,116.631,704.591,-256.821,-0.644534,34.2548,-0.00116355,-0.0138634,-0.474887
21.8,-0.8,-0.00116355,34.2213,-1.32126,0,2,-710.127,117.115,117.32,116.405,116.517,705.139,-257.233,-0.644812,34.2213,-0.00116355,-0.0138498,-0.47396
21.82,-0.7,-0.00101811,34.1887,-1.29055,0,2,-713.884,117.199,117.197,116.361,116.398,705.685,-257.644,-0.64508,34.1887,-0.00101811,-0.0121071,-0.413926
21.84,-0.7,-0.00101811,34.1667,-1.23728,0,2,-710.024,117.039,117.04,116.4,116.32,706.231,-258.055,-0.645313,34.1667,-0.00101811,-0.0120993,-0.413392
21.86,-0.7,-0.00101811,34.1447,-1.18626,0,2,-716,116.877,117.046,116.086,116.308,706.777,-258.466,-0.645555,34.1447,-0.00101811,-0.0120915,-0.412859
21.88,-0.7,-0.00101811,34.1218,-1.15713,0,2,-717.667,116.999,116.975,116.08,116,707.322,-258.877,-0.645797,34.1218,-0.00101811,-0.0120834,-0.412307
21.9,-0.7,-0.00101811,34.0992,-1.15861,0,2,-717.934,116.803,116.722,116.001,116,707.867,-259.287,-0.646039,34.0992,-0.00101811,-0.0120754,-0.411761
21.92,-0.7,-0.00101811,34.0772,-1.19066,0,2,-718.225,116.715,116.805,115.887,116.033,708.411,-259.698,-0.64628,34.0772,-0.00101811,-0.0120676,-0.41123
21.94,-0.7,-0.00101811,34.0552,-1.2432,0,2,-720,116.718,116.828,115.84,115.72,708.955,-260.108,-0.646521,34.0552,-0.00101811,-0.0120598,-0.410698
21.96,-0.7,-0.00101811,34.0329,-1.29325,0,2,-727.673,116.56,116.482,115.827,115.865,709.499,-260.518,-0.646762,34.0329,-0.00101811,-0.0120519,-0.410161
21.98,-0.7,-0.00101811,33.9987,-1.31354,0,2,-727.618,116.507,116.64,115.615,115.61,710.042,-260.928,-0.647003,33.9987,-0.00101811,-0.0120398,-0.409337
22,-0.694891,-0.00101068,33.9663,-1.29404,0,2,-720.307,116.366,116.506,115.674,115.674,710.584,-261.338,-0.647244,33.9663,-0.00101068,-0.0119405,-0.405576
22.02,-0.6,-0.000872665,33.9444,-1.2531,0,2,-724.029,116.398,116.24,115.52,115.441,711.126,-261.748,-0.647474,33.9444,-0.000872665,-0.0103033,-0.34974
22.04,-0.6,-0.000872665,33.9223,-1.2222,0,2,-727.991,116.08,116.24,115.44,115.52,711.667,-262.157,-0.647671,33.9223,-0.000872665,-0.0102966,-0.349285
22.06,-0.592359,-0.000861551,33.9002,-1.22279,0,2,-726,116.098,116.154,115.419,115.425,712.208,-262.566,-0.647877,33.9002,-0.000861551,-0.0101589,-0.344388
22.08,-0.5,-0.000727221,33.878,-1.25563,0,2,-726,116.023,116,115.379,115.219,712.748,-262.975,-0.648071,33.878,-0.000727221,-0.00856931,-0.290311
22.1,-0.449882,-0.000654327,33.8555,-1.30179,0,2,-724.17,115.72,115.88,115.2,115.32,713.288,-263.384,-0.64823,33.8555,-0.000654327,-0.00770524,-0.260865
22.12,-0.4,-0.000581776,33.8218,-1.33503,0,2,-728,115.884,115.919,115.078,115.115,713.828,-263.793,-0.648376,33.8218,-0.000581776,-0.00684407,-0.231479
22.14,-0.398956,-0.000580258,33.7888,-1.34374,0,2,-728,115.877,115.759,115.16,114.921,714.366,-264.201,-0.648508,33.7888,-0.000580258,-0.00681956,-0.230425
22.16,-0.3,-0.000436332,33.7668,-1.34039,0,2,-726.812,115.45,115.563,114.897,114.997,714.905,-264.609,-0.648636,33.7668,-0.000436332,-0.00512471,-0.173045
22.18,-0.3,-0.000436332,33.7446,-1.34255,0,2,-730,115.619,115.641,114.76,114.701,715.443,-265.017,-0.64873,33.7446,-0.000436332,-0.00512134,-0.172818
22.2,-0.3,-0.000436332,33.722,-1.34798,0,2,-730.171,115.459,115.42,114.839,114.701,715.98,-265.425,-0.648832,33.722,-0.000436332,-0.00511792,-0.172586
22.22,-0.3,-0.000436332,33.6878,-1.33641,0,2,-732.115,115.32,115.402,114.515,114.751,716.517,-265.832,-0.648935,33.6878,-0.000436332,-0.00511272,-0.172236
22.24,-0.3,-0.000436332,33.6552,-1.2956,0,2,-732,115.285,115.516,114.6,114.478,717.054,-266.239,-0.649037,33.6552,-0.000436332,-0.00510777,-0.171903
22.26,-0.3,-0.000436332,33.633,-1.23834,0,2,-733.943,115.397,115.277,114.477,114.362,717.59,-266.646,-0.649139,33.633,-0.000436332,-0.00510441,-0.171677
22.28,-0.3,-0.000436332,33.6107,-1.19142,0,2,-734,115.118,115.122,114.358,114.478,718.126,-267.052,-0.649241,33.6107,-0.000436332,-0.00510102,-0.171449
22.3,-0.3,-0.000436332,33.5887,-1.17558,0,2,-734.075,114.966,115.237,114.277,114.313,718.661,-267.459,-0.649343,33.5887,-0.000436332,-0.00509768,-0.171224
22.32,-0.3,-0.000436332,33.5667,-1.19681,0,2,-739.999,115,114.84,114.2,114.12,719.196,-267.865,-0.649445,33.5667,-0.000436332,-0.00509434,-0.171
22.34,-0.3,-0.000436332,33.5447,-1.24529,0,2,-736,114.761,114.839,114.042,114.121,719.73,-268.271,-0.649547,33.5447,-0.000436332,-0.005091,-0.170776
22.36,-0.3,-0.000436332,33.5219,-1.2961,0,2,-736.147,114.742,114.879,113.981,114.078,720.264,-268.676,-0.649649,33.5219,-0.000436332,-0.00508755,-0.170545
22.38,-0.3,-0.000436332,33.4882,-1.31969,0,2,-738,114.834,114.674,114,113.954,720.798,-269.082,-0.64975,33.4882,-0.000436332,-0.00508243,-0.170202
22.4,-0.3,-0.000436332,33.4553,-1.30383,0,2,-738,114.539,114.6,113.919,113.88,721.331,-269.487,-0.649852,33.4553,-0.000436332,-0.00507744,-0.169867
22.42,-0.3,-0.000436332,33.4327,-1.26515,0,2,-738.107,114.442,114.6,113.686,113.876,721.863,-269.892,-0.649954,33.4327,-0.000436332,-0.00507401,-0.169638
22.44,-0.3,-0.000436332,33.4109,-1.2342,0,2,-740,114.597,114.477,113.679,113.677,722.396,-270.296,-0.650055,33.4109,-0.000436332,-0.0050707,-0.169417
22.46,-0.3,-0.000436332,33.3884,-1.23197,0,2,-740,114.323,114.321,113.679,113.521,722.927,-270.7,-0.650156,33.3884,-0.000436332,-0.00506729,-0.169189
22.48,-0.3,-0.000436332,33.3657,-1.25881,0,2,-741.893,114.2,114.32,113.482,113.561,723.459,-271.104,-0.650258,33.3657,-0.000436332,-0.00506384,-0.168959
22.5,-0.3,-0.000436332,33.3438,-1.29559,0,2,-742,114.358,114.321,113.361,113.362,723.99,-271.508,-0.650359,33.3438,-0.000436332,-0.00506051,-0.168736
22.52,-0.3,-0.000436332,33.3102,-1.3156,0,2,-743.74,114.037,114.037,113.398,113.323,724.52,-271.912,-0.65046,33.3102,-0.000436332,-0.00505542,-0.168397
22.54,-0.3,-0.000436332,33.2775,-1.30679,0,2,-744,113.999,114.004,113.2,113.316,725.05,-272.315,-0.650561,33.2775,-0.000436332,-0.00505044,-0.168066
22.56,-0.3,-0.000436332,33.2553,-1.28354,0,2,-744,113.998,113.879,113.16,113.04,725.579,-272.718,-0.650662,33.2553,-0.000436332,-0.00504708,-0.167842
22.58,-0.3,-0.000436332,33.233,-1.27159,0,2,-749.874,113.719,113.682,112.999,113.079,726.108,-273.121,-0.650763,33.233,-0.000436332,-0.0050437,-0.167617
22.6,-0.3,-0.000436332,33.2106,-1.28322,0,2,-744.033,113.679,113.801,112.92,112.999,726.637,-273.523,-0.650864,33.2106,-0.000436332,-0.00504029,-0.167391
22.62,-0.3,-0.000436332,33.1883,-1.30707,0,2,-745.87,113.643,113.784,113.032,112.92,727.165,-273.926,-0.650965,33.1883,-0.000436332,-0.00503691,-0.167167
22.64,-0.3,-0.000436332,33.155,-1.31931,0,2,-746.207,113.636,113.521,112.836,112.759,727.693,-274.328,-0.651065,33.155,-0.000436332,-0.00503186,-0.166831
22.66,-0.30002,-0.000436361,33.1222,-1.30811,0,2,-750,113.32,113.48,112.6,112.72,728.22,-274.73,-0.651166,33.1222,-0.000436361,-0.00502722,-0.166513
22.68,-0.4,-0.000581776,33.1001,-1.2866,0,2,-744.003,113.48,113.36,112.6,112.6,728.747,-275.131,-0.651275,33.1001,-0.000581776,-0.00669803,-0.221706
22.7,-0.4,-0.000581776,33.0779,-1.27823,0,2,-748,113.241,113.32,112.56,112.4,729.273,-275.532,-0.651417,33.0779,-0.000581776,-0.00669355,-0.221408
22.72,-0.4,-0.000581776,33.0552,-1.29227,0,2,-746,113.059,113.16,112.458,112.581,729.799,-275.933,-0.651551,33.0552,-0.000581776,-0.00668896,-0.221105
22.74,-0.4,-0.000581776,33.0327,-1.3142,0,2,-750.123,113.052,113.21,112.28,112.413,730.324,-276.334,-0.651685,33.0327,-0.000581776,-0.0066844,-0.220804
22.76,-0.4,-0.000581776,32.9985,-1.31802,0,2,-750.153,113.185,113.142,112.28,112.086,730.849,-276.735,-0.651818,32.9985,-0.000581776,-0.00667749,-0.220347
22.78,-0.4,-0.000581776,32.9664,-1.29151,0,2,-750,112.843,112.73,112.154,112.314,731.374,-277.135,-0.651952,32.9664,-0.000581776,-0.00667098,-0.219918
22.8,-0.4,-0.000581776,32.9444,-1.24926,0,2,-752.128,112.88,113.06,112.02,112.02,731.898,-277.535,-0.652085,32.9444,-0.000581776,-0.00666653,-0.219625
22.82,-0.4,-0.000581776,32.9218,-1.21915,0,2,-755.922,112.837,112.678,111.998,111.998,732.421,-277.934,-0.652218,32.9218,-0.000581776,-0.00666196,-0.219324
22.84,-0.4,-0.000581776,32.8998,-1.22054,0,2,-754,112.556,112.682,111.838,111.684,732.944,-278.334,-0.652352,32.8998,-0.000581776,-0.00665751,-0.219031
22.86,-0.400392,-0.000582346,32.8778,-1.25354,0,2,-753.992,112.521,112.72,111.84,112,733.467,-278.733,-0.652485,32.8778,-0.000582346,-0.00665956,-0.218951
22.88,-0.5,-0.000727221,32.8555,-1.29873,0,2,-754.033,112.719,112.44,111.68,111.639,733.989,-279.132,-0.652626,32.8555,-0.000727221,-0.00831069,-0.273052
22.9,-0.5,-0.000727221,32.8215,-1.32916,0,2,-760,112.12,112.32,111.68,111.64,734.511,-279.531,-0.652801,32.8215,-0.000727221,-0.00830209,-0.272487
22.92,-0.5,-0.000727221,32.7882,-1.33354,0,2,-756,112.166,112.4,111.434,111.68,735.032,-279.93,-0.652967,32.7882,-0.000727221,-0.00829365,-0.271934
22.94,-0.5,-0.000727221,32.7661,-1.32719,0,2,-756,112.393,112.231,111.527,111.473,735.553,-280.328,-0.653132,32.7661,-0.000727221,-0.00828807,-0.271568
22.96,-0.5,-0.000727221,32.7441,-1.33331,0,2,-754.071,111.921,112.08,111.353,111.36,736.073,-280.726,-0.653298,32.7441,-0.000727221,-0.0082825,-0.271203
22.98,-0.5,-0.000727221,32.7219,-1.35652,0,2,-758,111.961,112,110.966,111.319,736.593,-281.124,-0.653464,32.7219,-0.000727221,-0.00827688,-0.270835
23,-0.5,-0.000727221,32.6886,-1.38119,0,2,-754.045,111.957,111.918,111.431,111.117,737.112,-281.522,-0.653629,32.6886,-0.000727221,-0.00826846,-0.270284
23.02,-0.5,-0.000727221,32.6556,-1.3934,0,2,-757.994,111.68,111.8,111,111,737.631,-281.919,-0.653794,32.6556,-0.000727221,-0.00826012,-0.269739
23.04,-0.5,-0.000727221,32.633,-1.39342,0,2,-760,111.641,111.759,110.96,111.121,738.149,-282.317,-0.65396,32.633,-0.000727221,-0.0082544,-0.269366
23.06,-0.5,-0.000727221,32.6104,-1.38273,0,2,-760,111.528,111.76,110.997,110.944,738.667,-282.713,-0.654125,32.6104,-0.000727221,-0.00824867,-0.268992
23.08,-0.5,-0.000727221,32.5761,-1.35338,0,2,-762.163,111.637,111.63,110.79,110.677,739.184,-283.11,-0.654289,32.5761,-0.000727221,-0.00824001,-0.268428
23.1,-0.5,-0.000727221,32.544,-1.30256,0,2,-762,111.434,111.368,110.68,110.72,739.701,-283.507,-0.654454,32.544,-0.000727221,-0.00823188,-0.267898
23.12,-0.5,-0.000727221,32.5221,-1.2472,0,2,-762.028,111.52,111.637,110.637,110.518,740.217,-283.903,-0.654619,32.5221,-0.000727221,-0.00822635,-0.267539
23.14,-0.5,-0.000727221,32.5001,-1.21359,0,2,-763.984,111.318,111.279,110.52,110.36,740.733,-284.299,-0.654783,32.5001,-0.000727221,-0.00822077,-0.267175
23.16,-0.5,-0.000727221,32.478,-1.21747,0,2,-762,111.12,111.18,110.461,110.439,741.248,-284.694,-0.654948,32.478,-0.000727221,-0.00821518,-0.266812
23.18,-0.5,-0.000727221,32.4557,-1.25481,0,2,-767.968,111.28,111.32,110.24,110.32,741.763,-285.09,-0.655112,32.4557,-0.000727221,-0.00820955,-0.266447
23.2,-0.5,-0.000727221,32.433,-1.3033,0,2,-766,111.003,110.962,110.32,110.24,742.278,-285.485,-0.655276,32.433,-0.000727221,-0.00820382,-0.266075
23.22,-0.5,-0.000727221,32.3986,-1.33511,0,2,-768.14,110.84,110.954,110.186,110.16,742.792,-285.88,-0.65544,32.3986,-0.000727221,-0.0081951,-0.265509
23.24,-0.5,-0.000727221,32.3661,-1.33911,0,2,-771.763,110.875,110.998,110.042,110.087,743.305,-286.275,-0.655604,32.3661,-0.000727221,-0.00818688,-0.264977
23.26,-0.5,-0.000727221,32.3439,-1.32969,0,2,-767.916,110.797,110.682,110.072,110.032,743.818,-286.67,-0.655767,32.3439,-0.000727221,-0.00818128,-0.264615
23.28,-0.5,-0.000727221,32.3216,-1.32734,0,2,-768,110.678,110.678,109.817,109.798,744.33,-287.064,-0.655931,32.3216,-0.000727221,-0.00817564,-0.26425
23.3,-0.5,-0.000727221,32.2996,-1.33358,0,2,-768,110.404,110.64,109.88,109.996,744.843,-287.458,-0.656094,32.2996,-0.000727221,-0.00817007,-0.26389
23.32,-0.5,-0.000727221,32.2665,-1.33133,0,2,-770,110.68,110.56,109.839,109.679,745.354,-287.852,-0.656258,32.2665,-0.000727221,-0.0081617,-0.26335
23.34,-0.5,-0.000727221,32.2335,-1.30951,0,2,-770,110.401,110.401,109.6,109.44,745.865,-288.246,-0.656421,32.2335,-0.000727221,-0.00815335,-0.262811
23.36,-0.5,-0.000727221,32.2108,-1.28005,0,2,-769.839,110.158,110.2,109.579,109.68,746.376,-288.639,-0.656584,32.2108,-0.000727221,-0.0081476,-0.262441
23.38,-0.5,-0.000727221,32.1886,-1.26645,0,2,-772,110.176,110.25,109.446,109.547,746.886,-289.032,-0.656747,32.1886,-0.000727221,-0.00814199,-0.26208
23.4,-0.4,-0.000581776,32.1667,-1.27966,0,2,-772,110.321,110.4,109.4,109.28,747.395,-289.425,-0.656902,32.1667,-0.000581776,-0.00650917,-0.209379
23.42,-0.4,-0.000581776,32.1443,-1.30662,0,2,-772.078,109.919,110.037,109.237,109.396,747.905,-289.818,-0.657024,32.1443,-0.000581776,-0.00650463,-0.209087
23.44,-0.4,-0.000581776,32.1115,-1.32076,0,2,-776.022,109.998,110.038,109.079,109.001,748.413,-290.21,-0.657154,32.1115,-0.000581776,-0.006498,-0.208661
23.46,-0.4,-0.000581776,32.0777,-1.30755,0,2,-770,109.993,109.914,109.238,109.155,748.922,-290.603,-0.657283,32.0777,-0.000581776,-0.00649114,-0.20822
23.48,-0.5,-0.000727221,32.0548,-1.28009,0,2,-774,109.76,109.712,109.146,109.016,749.429,-290.994,-0.657421,32.0548,-0.000727221,-0.00810815,-0.259905
23.5,-0.5,-0.000727221,32.0328,-1.26618,0,2,-776.237,109.711,109.84,108.838,108.668,749.936,-291.386,-0.657592,32.0328,-0.000727221,-0.00810258,-0.259548
23.52,-0.5,-0.000727221,32.0108,-1.28236,0,2,-776.131,109.677,109.58,108.684,108.763,750.443,-291.777,-0.657754,32.0108,-0.000727221,-0.00809702,-0.259192
23.54,-0.5,-0.000727221,31.9888,-1.3208,0,2,-774.042,109.437,109.397,108.8,108.641,750.95,-292.169,-0.657915,31.9888,-0.000727221,-0.00809144,-0.258835
23.56,-0.5,-0.000727221,31.9555,-1.3586,0,2,-778,109.122,109.003,108.638,108.68,751.456,-292.56,-0.658077,31.9555,-0.000727221,-0.00808301,-0.258296
23.58,-0.5,-0.000727221,31.9221,-1.38111,0,2,-778.063,109.557,109.599,108.479,108.477,751.961,-292.951,-0.658239,31.9221,-0.000727221,-0.00807458,-0.257758
23.6,-0.5,-0.000727221,31.8996,-1.39278,0,2,-778,109,109.078,108.52,108.321,752.466,-293.341,-0.6584,31.8996,-0.000727221,-0.00806888,-0.257394
23.62,-0.5,-0.000727221,31.8771,-1.4016,0,2,-779.729,108.925,108.774,108.584,108.517,752.97,-293.731,-0.658561,31.8771,-0.000727221,-0.0080632,-0.257032
23.64,-0.504992,-0.00073448,31.8435,-1.4046,0,2,-779.8,109.006,109.28,108.162,107.604,753.474,-294.121,-0.658723,31.8435,-0.00073448,-0.00813511,-0.25905
23.66,-0.601434,-0.00087475,31.8108,-1.398,0,2,-777.971,108.957,109.273,108.159,108.434,753.978,-294.511,-0.658894,31.8108,-0.00087475,-0.0096788,-0.307891
23.68,-0.7,-0.00101811,31.7886,-1.38762,0,2,-782.165,108.682,108.679,107.999,107.641,754.48,-294.9,-0.659103,31.7886,-0.00101811,-0.0112571,-0.357849
23.7,-0.7,-0.00101811,31.7666,-1.37621,0,2,-783.96,108.761,108.959,107.839,108.159,754.983,-295.29,-0.659336,31.7666,-0.00101811,-0.0112493,-0.357353
23.72,-0.7,-0.00101811,31.7338,-1.35262,0,2,-784,108.78,108.802,107.82,107.924,755.485,-295.679,-0.659561,31.7338,-0.00101811,-0.0112377,-0.356615
23.74,-0.7,-0.00101811,31.6999,-1.30779,0,2,-784,108.539,108.519,107.838,107.6,755.986,-296.068,-0.659786,31.6999,-0.00101811,-0.0112257,-0.355854
23.76,-0.7,-0.00101811,31.6773,-1.25353,0,2,-784,108.48,108.754,107.493,107.413,756.487,-296.456,-0.66001,31.6773,-0.00101811,-0.0112177,-0.355346
23.78,-0.705308,-0.00102583,31.6551,-1.21548,0,2,-786,108.436,108.358,107.703,107.716,756.987,-296.844,-0.660235,31.6551,-0.00102583,-0.0112948,-0.357539
23.8,-0.8,-0.00116355,31.6331,-1.21243,0,2,-786.228,108.36,108.321,107.48,107.478,757.487,-297.233,-0.660469,31.6331,-0.00116355,-0.0128024,-0.404978
23.82,-0.8,-0.00116355,31.6111,-1.24436,0,2,-791.964,108.199,108.479,107.559,107.322,757.986,-297.621,-0.660732,31.6111,-0.00116355,-0.0127935,-0.404415
23.84,-0.8,-0.00116355,31.589,-1.29188,0,2,-788,108.12,108.16,107.24,107.48,758.485,-298.009,-0.660988,31.589,-0.00116355,-0.0127845,-0.40385
23.86,-0.8,-0.00116355,31.556,-1.32735,0,2,-793.503,108.101,108.02,107.22,107.241,758.983,-298.396,-0.661243,31.556,-0.00116355,-0.0127712,-0.403006
23.88,-0.8,-0.00116355,31.5223,-1.33731,0,2,-787.61,107.84,107.98,107.34,107.259,759.481,-298.784,-0.661499,31.5223,-0.00116355,-0.0127575,-0.402146
23.9,-0.8,-0.00116355,31.4995,-1.33428,0,2,-787.995,107.96,107.96,107.04,107.2,759.978,-299.171,-0.661754,31.4995,-0.00116355,-0.0127483,-0.401565
23.92,-0.9,-0.001309,31.4775,-1.33971,0,2,-790,107.948,107.714,106.994,106.917,760.475,-299.558,-0.662017,31.4775,-0.001309,-0.0143318,-0.451129
23.94,-0.9,-0.001309,31.4553,-1.35794,0,2,-789.683,107.64,107.64,107.037,106.92,760.972,-299.945,-0.662311,31.4553,-0.001309,-0.0143217,-0.450495
23.96,-0.9,-0.001309,31.4208,-1.37487,0,2,-790,107.482,107.635,106.88,107,761.467,-300.332,-0.662597,31.4208,-0.001309,-0.014306,-0.449506
23.98,-0.805765,-0.00117194,31.3882,-1.3809,0,2,-792,107.555,107.48,106.831,106.702,761.963,-300.718,-0.662876,31.3882,-0.00117194,-0.0127948,-0.401604
24,-0.9,-0.001309,31.3661,-1.38304,0,2,-797.776,107.355,107.359,106.677,106.409,762.457,-301.104,-0.663132,31.3661,-0.001309,-0.0142811,-0.447943
24.02,-0.9,-0.001309,31.3441,-1.38895,0,2,-793.929,107.08,107.321,106.516,106.757,762.951,-301.49,-0.663425,31.3441,-0.001309,-0.0142711,-0.447315
24.04,-0.9,-0.001309,31.3108,-1.39296,0,2,-797.908,107.36,107.318,106.32,106.398,763.445,-301.876,-0.66371,31.3108,-0.001309,-0.0142559,-0.446365
24.06,-0.90364,-0.00131429,31.2775,-1.38839,0,2,-797.927,107.076,107.079,106.322,106.24,763.938,-302.262,-0.663995,31.2775,-0.00131429,-0.0142984,-0.447218
24.08,-1,-0.00145444,31.2551,-1.38049,0,2,-794.079,106.84,107.041,106.317,106.318,764.43,-302.647,-0.664289,31.2551,-0.00145444,-0.0158118,-0.494198
24.1,-1.1,-0.00159989,31.2332,-1.37459,0,2,-794.128,107.001,107.077,105.923,106.118,764.922,-303.033,-0.664621,31.2332,-0.00159989,-0.0173807,-0.542856
24.12,-1.10908,-0.0016131,31.2004,-1.36416,0,2,-797.818,107.025,106.913,106.08,106.007,765.414,-303.418,-0.664977,31.2004,-0.0016131,-0.0175058,-0.546188
24.14,-1.2,-0.00174533,31.1665,-1.34459,0,2,-800,106.603,106.721,105.95,105.843,765.904,-303.803,-0.665334,31.1665,-0.00174533,-0.0189203,-0.589678
24.16,-1.3,-0.00189077,31.1438,-1.32916,0,2,-800.113,106.563,106.719,105.682,105.842,766.394,-304.188,-0.665728,31.1438,-0.00189077,-0.0204821,-0.63789
24.18,-1.3,-0.00189077,31.1216,-1.33741,0,2,-798.201,106.557,106.518,105.914,105.679,766.884,-304.572,-0.666145,31.1216,-0.00189077,-0.0204675,-0.636982
24.2,-1.3,-0.00189077,31.0996,-1.3712,0,2,-802,106.32,106.4,105.637,105.598,767.373,-304.957,-0.666554,31.0996,-0.00189077,-0.020453,-0.636081
24.22,-1.4,-0.00203622,31.0662,-1.41174,0,2,-804,106.239,106.4,105.52,105.639,767.862,-305.341,-0.666971,31.0662,-0.00203622,-0.0220026,-0.683537
24.24,-1.4,-0.00203622,31.0333,-1.43887,0,2,-798.046,106.28,106.279,105.44,105.479,768.349,-305.726,-0.667419,31.0333,-0.00203622,-0.0219793,-0.682091
24.26,-1.4,-0.00203622,31.0112,-1.44357,0,2,-803.995,106.24,106.12,105.44,105.36,768.837,-306.11,-0.667858,31.0112,-0.00203622,-0.0219637,-0.681119
24.28,-1.4,-0.00203622,30.9778,-1.42413,0,2,-804.02,105.999,106.16,105.32,105.36,769.323,-306.494,-0.668297,30.9778,-0.00203622,-0.02194,-0.679652
24.3,-1.4,-0.00203622,30.9439,-1.38669,0,2,-806,105.84,106.12,105.28,105.32,769.809,-306.878,-0.668736,30.9439,-0.00203622,-0.0219161,-0.67817
24.32,-1.4,-0.00203622,30.9213,-1.34986,0,2,-807.957,106.078,106.001,105.119,105.122,770.295,-307.261,-0.669174,30.9213,-0.00203622,-0.0219,-0.677178
24.34,-1.4,-0.00203622,30.8993,-1.33178,0,2,-810,105.642,105.762,105,104.848,770.779,-307.645,-0.669612,30.8993,-0.00203622,-0.0218844,-0.676212
24.36,-1.40604,-0.002045,30.8771,-1.32972,0,2,-810.242,105.644,105.839,104.834,105.038,771.264,-308.028,-0.67005,30.8771,-0.002045,-0.0219631,-0.678157
24.38,-1.4,-0.00203622,30.843,-1.32294,0,2,-812,105.756,105.756,104.839,104.717,771.747,-308.412,-0.670489,30.843,-0.00203622,-0.0218446,-0.673752
24.4,-1.5,-0.00218166,30.8106,-1.29896,0,2,-812,105.477,105.48,104.72,104.638,772.23,-308.795,-0.670933,30.8106,-0.00218166,-0.0233803,-0.72036
24.42,-1.5,-0.00218166,30.7887,-1.2698,0,2,-812.038,105.36,105.522,104.521,104.719,772.713,-309.178,-0.671408,30.7887,-0.00218166,-0.0233637,-0.719336
24.44,-1.5,-0.00218166,30.7663,-1.2588,0,2,-815.969,105.478,105.521,104.521,104.68,773.194,-309.561,-0.671875,30.7663,-0.00218166,-0.0233467,-0.71829
24.46,-1.6,-0.00232711,30.7437,-1.2772,0,2,-821.957,105.283,105.282,104.521,104.402,773.676,-309.944,-0.67235,30.7437,-0.00232711,-0.0248848,-0.76505
24.48,-1.7,-0.00247255,30.7213,-1.31486,0,2,-816,105.113,105.16,104.358,104.362,774.157,-310.327,-0.672863,30.7213,-0.00247255,-0.0264209,-0.811687
24.5,-1.7,-0.00247255,30.6876,-1.35084,0,2,-816.148,104.966,105.117,104.24,104.398,774.637,-310.71,-0.673399,30.6876,-0.00247255,-0.0263919,-0.809903
24.52,-1.7,-0.00247255,30.6551,-1.37514,0,2,-817.905,104.997,104.96,104.356,104.197,775.116,-311.093,-0.673926,30.6551,-0.00247255,-0.026364,-0.808191
24.54,-1.7,-0.00247255,30.6331,-1.39645,0,2,-816.066,104.719,104.8,104.158,104.041,775.595,-311.475,-0.674453,30.6331,-0.00247255,-0.026345,-0.80703
24.56,-1.7,-0.00247255,30.6109,-1.42382,0,2,-820,104.561,104.8,103.92,104.159,776.073,-311.858,-0.67498,30.6109,-0.00247255,-0.026326,-0.805864
24.58,-1.7,-0.00247255,30.5772,-1.4509,0,2,-820,104.798,104.718,103.841,103.919,776.551,-312.24,-0.675506,30.5772,-0.00247255,-0.026297,-0.80409
24.6,-1.7,-0.00247255,30.5438,-1.46577,0,2,-819.959,104.479,104.559,103.88,103.76,777.028,-312.622,-0.676032,30.5438,-0.00247255,-0.0262682,-0.802331
24.62,-1.7,-0.00247255,30.5213,-1.46371,0,2,-819.962,104.361,104.402,103.84,103.72,777.504,-313.005,-0.676557,30.5213,-0.00247255,-0.0262489,-0.801148
24.64,-1.7,-0.00247255,30.4873,-1.44552,0,2,-823.844,104.362,104.515,103.522,103.598,777.98,-313.387,-0.677082,30.4873,-0.00247255,-0.0262197,-0.799367
24.66,-1.7,-0.00247255,30.455,-1.4169,0,2,-824.085,104.317,104.24,103.557,103.439,778.454,-313.769,-0.677606,30.455,-0.00247255,-0.0261919,-0.797673
24.68,-1.7,-0.00247255,30.4327,-1.38918,0,2,-826,104.08,104.201,103.397,103.28,778.929,-314.151,-0.678129,30.4327,-0.00247255,-0.0261727,-0.796508
24.7,-1.7,-0.00247255,30.4106,-1.3667,0,2,-826.111,104.041,104.24,103.237,103.279,779.402,-314.532,-0.678653,30.4106,-0.00247255,-0.0261537,-0.795352
24.72,-1.7,-0.00247255,30.3773,-1.33943,0,2,-831.878,104.158,104.158,103.239,103.238,779.875,-314.914,-0.679175,30.3773,-0.00247255,-0.0261251,-0.793609
24.74,-1.7,-0.00247255,30.3444,-1.30045,0,2,-830.142,103.879,103.92,103,102.999,780.348,-315.296,-0.679698,30.3444,-0.00247255,-0.0260968,-0.791891
24.76,-1.7,-0.00247255,30.3223,-1.26346,0,2,-836.012,103.76,103.88,103,102.92,780.82,-315.677,-0.680219,30.3223,-0.00247255,-0.0260777,-0.790735
24.78,-1.7,-0.00247255,30.2999,-1.25317,0,2,-832,103.84,103.919,102.84,102.96,781.291,-316.059,-0.680741,30.2999,-0.00247255,-0.0260585,-0.789572
24.8,-1.7,-0.00247255,30.2778,-1.28276,0,2,-832,103.72,103.68,102.92,102.8,781.761,-316.44,-0.681262,30.2778,-0.00247255,-0.0260395,-0.788419
24.82,-1.7,-0.00247255,30.2557,-1.34247,0,2,-836,103.436,103.564,102.789,102.651,782.231,-316.821,-0.681782,30.2557,-0.00247255,-0.0260205,-0.787268
24.84,-1.7,-0.00247255,30.2228,-1.40713,0,2,-834.486,103.361,103.6,102.68,102.76,782.701,-317.202,-0.682302,30.2228,-0.00247255,-0.0259922,-0.785558
24.86,-1.7,-0.00247255,30.1887,-1.45576,0,2,-834.129,103.435,103.319,102.6,102.635,783.17,-317.584,-0.682822,30.1887,-0.00247255,-0.0259629,-0.783787
24.88,-1.7,-0.00247255,30.1659,-1.48242,0,2,-836,103.119,103.237,102.519,102.436,783.638,-317.964,-0.683341,30.1659,-0.00247255,-0.0259433,-0.782602
24.9,-1.7,-0.00247255,30.1325,-1.48963,0,2,-836,103.076,103.16,102.359,102.441,784.105,-318.345,-0.68386,30.1325,-0.00247255,-0.0259145,-0.780867
24.92,-1.7,-0.00247255,30.0999,-1.48233,0,2,-834.076,103.079,103.119,102.281,102.439,784.572,-318.726,-0.684378,30.0999,-0.00247255,-0.0258865,-0.779179
24.94,-1.7,-0.00247255,30.0778,-1.46634,0,2,-834.021,102.919,102.92,102.319,102.159,785.038,-319.107,-0.684895,30.0778,-0.00247255,-0.0258675,-0.778036
24.96,-1.7,-0.00247255,30.0447,-1.44473,0,2,-839.979,102.8,102.84,102.16,102.04,785.504,-319.487,-0.685412,30.0447,-0.00247255,-0.025839,-0.776323
24.98,-1.7,-0.00247255,30.0112,-1.42107,0.000683591,2,-840,102.6,102.92,102,102.12,785.969,-319.867,-0.685929,30.0112,-0.00247255,-0.0258102,-0.774595
25,-1.7,-0.00247255,29.9886,-1.40465,0.4,2,-840,102.759,102.841,101.841,101.961,786.433,-320.247,-0.686445,29.9886,-0.00247255,-0.0257907,-0.773427
25.02,-1.7,-0.00247255,29.9659,-1.40031,0.827165,2,-838,102.515,102.597,101.8,101.676,786.897,-320.627,-0.68696,29.9659,-0.00247255,-0.0257713,-0.77226
25.04,-1.7,-0.00247255,29.9322,-1.39956,1.6,2,-837.774,102.319,102.598,101.679,101.642,787.36,-321.008,-0.687476,29.9322,-0.00247255,-0.0257422,-0.770521
25.06,-1.7,-0.00247255,29.8995,-1.39358,1.61786,2,-831.821,102.519,102.516,101.481,101.718,787.822,-321.387,-0.68799,29.8995,-0.00247255,-0.0257141,-0.76884
25.08,-1.7,-0.00247255,29.8772,-1.38448,2,2,-823.797,102.315,102.358,101.559,101.359,788.284,-321.767,-0.688504,29.8772,-0.00247255,-0.025695,-0.767696
25.1,-1.7,-0.00247255,29.8549,-1.37321,2,2,-814,102.121,102.281,101.477,101.244,788.745,-322.147,-0.689018,29.8549,-0.00247255,-0.0256758,-0.766548
25.12,-1.7,-0.00247255,29.8207,-1.35006,2.4,2,-814.818,102.166,102.359,101.199,101.476,789.205,-322.526,-0.689531,29.8207,-0.00247255,-0.0256464,-0.764792
25.14,-1.7,-0.00247255,29.7883,-1.31044,2.8,2,-808.63,102.111,101.955,101.323,101.315,789.665,-322.906,-0.690044,29.7883,-0.00247255,-0.0256185,-0.763132
25.16,-1.7,-0.00247255,29.7662,-1.27011,2.8,2,-783.734,101.684,101.805,101.238,101.157,790.124,-323.285,-0.690556,29.7662,-0.00247255,-0.0255995,-0.762
25.18,-1.7,-0.00247255,29.7439,-1.25395,2.8,2,-773.493,101.878,102.116,101.08,101.16,790.583,-323.664,-0.691068,29.7439,-0.00247255,-0.0255804,-0.760861
25.2,-1.8,-0.00261799,29.7219,-1.27348,2.8,2,-775.3,101.716,101.636,101.079,101.197,791.041,-324.043,-0.691587,29.7219,-0.00261799,-0.027065,-0.804423
25.22,-1.79753,-0.0026144,29.6998,-1.31699,2.8,2,-757.852,101.56,101.641,101.076,100.878,791.499,-324.422,-0.692135,29.6998,-0.0026144,-0.0270078,-0.802126
25.24,-1.8,-0.00261799,29.6666,-1.35936,2.8,2,-747.952,101.479,101.559,100.682,100.682,791.956,-324.801,-0.692675,29.6666,-0.00261799,-0.0270146,-0.801432
25.26,-1.8,-0.00261799,29.6333,-1.38419,2.8,2,-742.006,101.24,101.36,100.999,101.039,792.412,-325.18,-0.693215,29.6333,-0.00261799,-0.0269844,-0.799637
25.28,-1.8,-0.00261799,29.611,-1.39345,2.8,2,-736.06,101.479,101.479,100.679,100.519,792.867,-325.559,-0.693755,29.611,-0.00261799,-0.0269641,-0.798434
25.3,-1.8,-0.00261799,29.5888,-1.39103,2.8,2,-740.005,101.24,101.24,100.56,100.4,793.322,-325.937,-0.694294,29.5888,-0.00261799,-0.0269438,-0.797236
25.32,-1.8,-0.00261799,29.5555,-1.36874,2.8,2,-710,101.16,101.32,100.6,100.72,793.777,-326.316,-0.694832,29.5555,-0.00261799,-0.0269135,-0.795444
25.34,-1.8,-0.00261799,29.5224,-1.31939,2.8,2,-702.063,101.16,101.4,100.441,100.521,794.231,-326.694,-0.69537,29.5224,-0.00261799,-0.0268834,-0.793661
25.36,-1.8,-0.00261799,29.5003,-1.25313,3.2,2,-722.14,100.994,100.929,100.501,100.424,794.684,-327.073,-0.695908,29.5003,-0.00261799,-0.0268632,-0.792473
25.38,-1.8,-0.00261799,29.4781,-1.18998,3.2,2,-722.153,100.92,101.08,100.148,99.9692,795.136,-327.451,-0.696445,29.4781,-0.00261799,-0.026843,-0.79128
25.4,-1.8,-0.00261799,29.4555,-1.143,3.2,2,-719.855,100.841,101.039,100.164,100.32,795.588,-327.829,-0.696981,29.4555,-0.00261799,-0.0268224,-0.790067
25.42,-1.8,-0.00261799,29.433,-1.114,3.2,2,-717.933,100.879,100.84,100.117,100.233,796.04,-328.207,-0.697518,29.433,-0.00261799,-0.0268019,-0.788861
25.44,-1.8,-0.00261799,29.4112,-1.09882,3.2,2,-730.034,100.72,100.76,99.8402,99.8002,796.491,-328.585,-0.698053,29.4112,-0.00261799,-0.0267821,-0.787693
25.46,-1.8,-0.00261799,29.3887,-1.09218,3.6,2,-711.862,100.559,100.76,99.96,100.004,796.941,-328.963,-0.698589,29.3887,-0.00261799,-0.0267616,-0.786489
25.48,-1.8,-0.00261799,29.3659,-1.09093,3.6,2,-704.268,100.677,100.675,99.8373,99.916,797.391,-329.341,-0.699124,29.3659,-0.00261799,-0.0267409,-0.785271
25.5,-1.8,-0.00261799,29.344,-1.09606,3.6,2,-727.679,100.515,100.44,99.7989,99.68,797.84,-329.719,-0.699659,29.344,-0.00261799,-0.0267209,-0.784097
25.52,-1.8,-0.00261799,29.322,-1.11215,3.6,2,-704,100.24,100.4,99.7995,99.68,798.289,-330.097,-0.700193,29.322,-0.00261799,-0.0267009,-0.782923
25.54,-1.8,-0.00261799,29.2999,-1.14462,3.6,2,-702,100.24,100.4,99.5205,99.76,798.737,-330.475,-0.700727,29.2999,-0.00261799,-0.0266808,-0.781745
25.56,-1.8,-0.00261799,29.2779,-1.19577,3.6,2,-700.004,100.28,100.32,99.5999,99.76,799.185,-330.853,-0.70126,29.2779,-0.00261799,-0.0266607,-0.780567
25.58,-1.8,-0.00261799,29.2557,-1.25915,3.6,2,-698,100.597,100.12,99.5205,99.3607,799.632,-331.23,-0.701793,29.2557,-0.00261799,-0.0266405,-0.779384
25.6,-1.8985,-0.00276126,29.2332,-1.31509,3.6,2,-705.88,100.001,100,99.48,99.48,800.078,-331.608,-0.702333,29.2332,-0.00276126,-0.0280767,-0.820773
25.62,-1.9,-0.00276344,29.1993,-1.33777,3.6,2,-693.842,99.6471,100.117,99.4376,99.4776,800.524,-331.986,-0.702902,29.1993,-0.00276344,-0.0280664,-0.819519
25.64,-1.9,-0.00276344,29.1665,-1.3155,3.6,2,-697.682,100.158,99.8395,99.2791,99.2786,800.97,-332.363,-0.703463,29.1665,-0.00276344,-0.0280348,-0.817678
25.66,-1.9,-0.00276344,29.1445,-1.26195,3.6,2,-691.934,100.001,99.8002,99.2003,99.1605,801.414,-332.741,-0.704023,29.1445,-0.00276344,-0.0280136,-0.816442
25.68,-1.9,-0.00276344,29.1222,-1.20247,3.6,2,-691.933,99.6007,99.9195,99.3168,99.1598,801.858,-333.118,-0.704583,29.1222,-0.00276344,-0.0279922,-0.815197
25.7,-1.9,-0.00276344,29.0995,-1.15449,4,2,-691.996,99.8399,99.64,99.16,99.12,802.302,-333.495,-0.705143,29.0995,-0.00276344,-0.0279704,-0.813927
25.72,-1.9,-0.00276344,29.077,-1.12277,4,2,-689.693,99.7877,99.6769,99.1539,98.8354,802.744,-333.872,-0.705702,29.077,-0.00276344,-0.0279487,-0.812663
25.74,-2,-0.00290888,29.0549,-1.10511,4,2,-690.135,99.3214,99.52,98.7145,98.7282,803.187,-334.249,-0.706268,29.0549,-0.00290888,-0.0293974,-0.854136
25.76,-2,-0.00290888,29.0327,-1.09724,4,2,-691.444,99.2078,99.6011,98.7222,98.9533,803.629,-334.626,-0.706863,29.0327,-0.00290888,-0.0293749,-0.852833
25.78,-2,-0.00290888,29.0104,-1.09526,4,2,-685.861,99.5944,99.473,98.72,98.7172,804.07,-335.004,-0.70745,29.0104,-0.00290888,-0.0293524,-0.851523
25.8,-1.9,-0.00276344,28.9884,-1.09672,4,2,-689.441,99.1177,99.2034,98.6366,98.6366,804.511,-335.381,-0.70803,28.9884,-0.00276344,-0.0278636,-0.807724
25.82,-1.9,-0.00276344,28.9666,-1.10046,4,2,-683.979,99.12,99.3592,98.6729,98.5212,804.951,-335.758,-0.70858,28.9666,-0.00276344,-0.0278426,-0.806505
25.84,-1.9,-0.00276344,28.9446,-1.10567,4,2,-695.971,99.1998,99.1602,98.5189,98.64,805.39,-336.135,-0.709136,28.9446,-0.00276344,-0.0278215,-0.805281
25.86,-1.9,-0.00276344,28.9225,-1.11116,4,2,-670.832,98.99,99.15,98.5567,98.3567,805.829,-336.512,-0.709693,28.9225,-0.00276344,-0.0278003,-0.804053
25.88,-1.9,-0.00276344,28.9002,-1.11533,4,2,-678.54,98.8436,98.88,98.2036,98.3236,806.268,-336.888,-0.710248,28.9002,-0.00276344,-0.0277788,-0.802813
25.9,-1.9,-0.00276344,28.8775,-1.11685,4,2,-676.107,98.7221,98.9984,98.3189,98.3995,806.706,-337.265,-0.710804,28.8775,-0.00276344,-0.027757,-0.801553
25.92,-1.9,-0.00276344,28.8549,-1.11564,4,2,-666.402,98.72,98.8346,98.2,98.204,807.143,-337.642,-0.711359,28.8549,-0.00276344,-0.0277353,-0.8003
25.94,-1.9,-0.00276344,28.8329,-1.11292,4,2,-674,98.6769,98.56,98.2359,98.3138,807.58,-338.019,-0.711913,28.8329,-0.00276344,-0.0277141,-0.799077
25.96,-1.9,-0.00276344,28.8108,-1.1103,4.01386,2,-672,98.5158,98.84,98.1945,97.8428,808.016,-338.396,-0.712467,28.8108,-0.00276344,-0.0276929,-0.797853
25.98,-1.9,-0.00276344,28.7885,-1.10885,4.01289,2,-672,98.5206,98.6749,97.9974,98.08,808.452,-338.772,-0.713021,28.7885,-0.00276344,-0.0276714,-0.796619
26,-1.9,-0.00276344,28.7664,-1.10908,4.01248,2,-668.125,98.5163,98.325,97.8425,98.0338,808.887,-339.149,-0.713574,28.7664,-0.00276344,-0.0276503,-0.795399
26.02,-1.9,-0.00276344,28.7445,-1.1108,4.4,2,-675.989,98.32,98.52,97.88,97.7197,809.322,-339.525,-0.714127,28.7445,-0.00276344,-0.0276291,-0.794185
26.04,-1.9,-0.00276344,28.7224,-1.1128,4.4,2,-672,98.2408,98.3616,97.7216,97.7188,809.756,-339.902,-0.714679,28.7224,-0.00276344,-0.0276079,-0.792967
26.06,-1.9,-0.00276344,28.6998,-1.11323,4.4,2,-668.308,98.3938,98.3584,97.5969,97.8676,810.19,-340.278,-0.715231,28.6998,-0.00276344,-0.0275862,-0.791717
26.08,-1.892,-0.0027518,28.677,-1.11114,4.4,2,-672,98.0768,98.1936,97.5984,97.2864,810.623,-340.655,-0.715782,28.677,-0.0027518,-0.0274481,-0.78713
26.1,-1.89347,-0.00275394,28.6551,-1.1073,4.4,2,-670.131,98.04,98.0854,97.5587,97.5987,811.056,-341.031,-0.71633,28.6551,-0.00275394,-0.0274485,-0.78654
26.12,-1.8,-0.00261799,28.6332,-1.10344,4.4,2,-670,97.9214,98.1995,97.3991,97.5177,811.487,-341.407,-0.716872,28.6332,-0.00261799,-0.0260736,-0.74657
26.14,-1.80074,-0.00261907,28.6111,-1.1008,4.4,2,-670,97.9991,97.9994,97.2412,97.3206,811.919,-341.784,-0.717387,28.6111,-0.00261907,-0.0260642,-0.745728
26.16,-1.80765,-0.00262911,28.5891,-1.09993,4.4,2,-668,97.8769,97.88,97.1569,97.2339,812.35,-342.16,-0.717909,28.5891,-0.00262911,-0.0261441,-0.747436
26.18,-1.8,-0.00261799,28.5669,-1.10145,4.4,2,-667.84,97.7072,97.9168,97.3136,97.1296,812.78,-342.536,-0.718431,28.5669,-0.00261799,-0.0260133,-0.74312
26.2,-1.8,-0.00261799,28.5444,-1.10735,4.4,2,-667.856,97.6059,97.8356,97.2727,97.2756,813.21,-342.912,-0.718951,28.5444,-0.00261799,-0.0259927,-0.741946
26.22,-1.8,-0.00261799,28.5217,-1.12198,4.4,2,-666,97.7161,97.719,97,97.1161,813.639,-343.288,-0.71947,28.5217,-0.00261799,-0.0259721,-0.740771
26.24,-1.8,-0.00261799,28.4997,-1.15126,4.4,2,-667.934,97.32,97.52,96.9227,96.9573,814.068,-343.664,-0.71999,28.4997,-0.00261799,-0.0259521,-0.739625
26.26,-1.8,-0.00261799,28.4776,-1.19882,4.4,2,-664.042,97.3208,97.5604,96.9992,96.9604,814.496,-344.039,-0.720509,28.4776,-0.00261799,-0.0259319,-0.738479
26.28,-1.8,-0.00261799,28.4554,-1.2595,4.4,2,-665.954,97.4382,97.5177,96.68,96.92,814.924,-344.415,-0.721027,28.4554,-0.00261799,-0.0259117,-0.737327
26.3,-1.8,-0.00261799,28.4331,-1.31429,4.40419,2,-663.979,97.24,97.2798,96.9196,96.7998,815.351,-344.791,-0.721545,28.4331,-0.00261799,-0.0258914,-0.736171
26.32,-1.8,-0.00261799,28.3993,-1.33732,4.8,2,-664,97.1593,97.2407,96.6786,96.6364,815.778,-345.166,-0.722063,28.3993,-0.00261799,-0.0258607,-0.734426
26.34,-1.8,-0.00261799,28.3665,-1.31614,4.8,2,-663.946,96.9622,97.28,96.5211,96.6,816.204,-345.542,-0.72258,28.3665,-0.00261799,-0.0258308,-0.732729
26.36,-1.8,-0.00261799,28.3444,-1.26318,4.8,2,-662,97.1596,97.1189,96.48,96.6796,816.629,-345.917,-0.723096,28.3444,-0.00261799,-0.0258107,-0.731587
26.38,-1.8,-0.00261799,28.3222,-1.20228,4.8,2,-662,96.9595,96.9201,96.4796,96.4396,817.054,-346.292,-0.723612,28.3222,-0.00261799,-0.0257905,-0.730443
26.4,-1.8,-0.00261799,28.2998,-1.14871,4.8,2,-660.036,96.8,97.1171,96.5171,96.1629,817.478,-346.667,-0.724127,28.2998,-0.00261799,-0.0257701,-0.729289
26.42,-1.8,-0.00261799,28.2777,-1.10398,4.8,2,-660,96.9209,96.9953,96.1963,96.36,817.902,-347.042,-0.724643,28.2777,-0.00261799,-0.0257499,-0.728148
26.44,-1.8,-0.00261799,28.2555,-1.06237,4.8,2,-658,96.7968,96.7622,96.1254,96.3146,818.325,-347.417,-0.725157,28.2555,-0.00261799,-0.0257297,-0.727005
26.46,-1.8,-0.00261799,28.2331,-1.01929,4.8,2,-657.953,96.64,96.7991,96.2763,95.9991,818.748,-347.791,-0.725672,28.2331,-0.00261799,-0.0257093,-0.725851
26.48,-1.8,-0.00261799,28.2109,-0.97932,4.80862,2,-657.957,96.5983,96.76,95.9609,96.0434,819.17,-348.166,-0.726186,28.2109,-0.00261799,-0.0256891,-0.724714
26.5,-1.8,-0.00261799,28.1884,-0.960411,5.2,2,-656.01,96.6399,96.6798,95.9999,96.1596,819.592,-348.541,-0.726699,28.1884,-0.00261799,-0.0256686,-0.723558
26.52,-1.8,-0.00261799,28.1778,-0.983828,5.2,2,-652,96.4714,96.5085,95.9914,95.8371,820.013,-348.915,-0.727213,28.1778,-0.00261799,-0.0256589,-0.723012
26.54,-1.79558,-0.00261156,28.1663,-1.05081,5.2,2,-650,96.3191,96.3618,95.8409,95.8391,820.433,-349.29,-0.727725,28.1663,-0.00261156,-0.0255854,-0.720646
26.56,-1.7,-0.00247255,28.1329,-1.13535,5.2,2,-648,96.1633,96.4408,95.8375,95.8392,820.854,-349.665,-0.72823,28.1329,-0.00247255,-0.0241948,-0.680672
26.58,-1.7,-0.00247255,28.1111,-1.20558,5.2,2,-648.197,96.3174,96.3174,95.6407,95.7213,821.273,-350.039,-0.728707,28.1111,-0.00247255,-0.0241761,-0.679617
26.6,-1.7,-0.00247255,28.0877,-1.24265,5.2,2,-646.046,95.9996,95.9996,95.6787,95.64,821.693,-350.413,-0.72919,28.0877,-0.00247255,-0.0241559,-0.678483
26.62,-1.7,-0.00247255,28.0553,-1.2425,5.2,2,-645.85,95.954,96.123,95.634,95.474,822.111,-350.788,-0.729673,28.0553,-0.00247255,-0.0241281,-0.676923
26.64,-1.7,-0.00247255,28.0333,-1.21466,5.2,2,-641.747,95.8438,96.1124,95.5575,95.6375,822.529,-351.162,-0.730155,28.0333,-0.00247255,-0.0241092,-0.67586
26.66,-1.7,-0.00247255,28.0107,-1.17737,5.2,2,-642.056,95.9589,95.84,95.3606,95.6378,822.947,-351.535,-0.730637,28.0107,-0.00247255,-0.0240897,-0.674769
26.68,-1.6,-0.00232711,27.9885,-1.14615,5.2,2,-640.078,95.7184,95.8016,95.3169,95.1553,823.364,-351.909,-0.731112,27.9885,-0.00232711,-0.0226547,-0.634072
26.7,-1.6,-0.00232711,27.9665,-1.12742,5.2,2,-641.95,95.638,95.878,95.357,95.047,823.78,-352.283,-0.731558,27.9665,-0.00232711,-0.0226369,-0.633076
26.72,-1.6,-0.00232711,27.9446,-1.11982,5.2,2,-641.993,95.7992,95.7203,95.1603,95.3599,824.196,-352.657,-0.73201,27.9446,-0.00232711,-0.0226192,-0.632083
26.74,-1.6,-0.00232711,27.9219,-1.11745,5.2,2,-639.962,95.6823,95.6792,95,95.0823,824.612,-353.03,-0.732462,27.9219,-0.00232711,-0.0226008,-0.63106
26.76,-1.6,-0.00232711,27.8992,-1.11294,5.2,2,-642,95.4028,95.5186,95.0386,94.9172,825.027,-353.403,-0.732914,27.8992,-0.00232711,-0.0225825,-0.630033
26.78,-1.5,-0.00218166,27.8775,-1.09927,5.2,2,-642,95.4061,95.5292,94.8339,94.8461,825.441,-353.777,-0.733359,27.8775,-0.00218166,-0.0211546,-0.589738
26.8,-1.5,-0.00218166,27.8554,-1.07017,5.23045,2,-641.848,95.5154,95.6307,94.72,94.8354,825.855,-354.15,-0.733774,27.8554,-0.00218166,-0.0211378,-0.588804
26.82,-1.5,-0.00218166,27.8328,-1.02236,5.6,2,-641.775,95.3155,95.3155,94.8733,94.76,826.268,-354.523,-0.734197,27.8328,-0.00218166,-0.0211206,-0.587846
26.84,-1.5,-0.00218166,27.8107,-0.961495,5.6,2,-638,95.3183,95.3634,94.6017,94.6749,826.681,-354.896,-0.734619,27.8107,-0.00218166,-0.0211039,-0.586914
26.86,-1.4,-0.00203622,27.7885,-0.907312,5.6,2,-638,95.1614,95.4786,94.6,94.5207,827.094,-355.269,-0.735034,27.7885,-0.00203622,-0.0196812,-0.546912
26.88,-1.4,-0.00203622,27.7778,-0.886661,6,2,-634,95.3179,95.3168,94.56,94.72,827.506,-355.641,-0.735421,27.7778,-0.00203622,-0.0196736,-0.54649
26.9,-1.4,-0.00203622,27.7663,-0.91266,6.4,2,-632.376,95.0325,95.04,94.5525,94.4344,827.918,-356.014,-0.735814,27.7663,-0.00203622,-0.0196655,-0.546039
26.92,-1.4,-0.00203622,27.7443,-0.972157,6.40804,2,-633.839,94.9192,95.2008,94.5184,94.3224,828.329,-356.387,-0.736207,27.7443,-0.00203622,-0.0196499,-0.545173
26.94,-1.4,-0.00203622,27.7223,-1.03781,6.8,2,-635.949,94.9198,95.1604,94.4002,94.5196,828.74,-356.759,-0.7366,27.7223,-0.00203622,-0.0196343,-0.544309
26.96,-1.30803,-0.00190245,27.6997,-1.0878,6.8,2,-611.679,94.9139,94.84,94.2461,94.397,829.151,-357.131,-0.736986,27.6997,-0.00190245,-0.0183295,-0.507722
26.98,-1.30174,-0.00189331,27.6769,-1.11264,6.8,2,-604.07,94.7615,94.84,94.3985,94.3207,829.561,-357.504,-0.737346,27.6769,-0.00189331,-0.0182264,-0.50445
27,-1.29304,-0.00188065,27.6549,-1.11105,6.82783,2,-595.861,94.5944,94.8317,94.2428,94.1023,829.97,-357.876,-0.737709,27.6549,-0.00188065,-0.0180902,-0.500284
27.02,-1.2,-0.00174533,27.6329,-1.08482,7.2,2,-570.657,94.6,94.6772,94.2762,94.4372,830.379,-358.248,-0.738064,27.6329,-0.00174533,-0.0167751,-0.463546
27.04,-1.19638,-0.00174006,27.6108,-1.03733,7.2,2,-581.855,94.5586,94.5614,94.1214,94.1571,830.788,-358.62,-0.738392,27.6108,-0.00174006,-0.0167111,-0.461408
27.06,-1.0987,-0.001598,27.5887,-0.97714,7.2052,2,-577.922,94.519,94.5184,93.9995,93.96,831.196,-358.991,-0.738719,27.5887,-0.001598,-0.0153345,-0.42306
27.08,-0.997906,-0.0014514,27.5666,-0.92261,7.6,2,-567.414,94.2792,94.3242,94,93.8433,831.604,-359.363,-0.739012,27.5666,-0.0014514,-0.0139166,-0.383632
27.1,-0.801191,-0.00116529,27.5556,-0.896,7.6,2,-530.119,94.4376,94.52,94,94,832.011,-359.734,-0.739269,27.5556,-0.00116529,-0.0111687,-0.307761
27.12,-0.647469,-0.000941706,27.5439,-0.904481,7.62331,2,-572.601,94.3965,94.12,93.8423,93.9177,832.418,-360.105,-0.739468,27.5439,-0.000941706,-0.009022,-0.248501
27.14,-0.495415,-0.000720552,27.5219,-0.929785,7.61834,2,-546.275,94.1582,94.3292,93.8,93.7472,832.825,-360.476,-0.739627,27.5219,-0.000720552,-0.00689771,-0.189838
27.16,-0.295043,-0.000429123,27.4996,-0.943671,8,2,-537.901,94.004,94.2721,93.676,93.522,833.232,-360.847,-0.739741,27.4996,-0.000429123,-0.00410459,-0.112875
27.18,-0.0939849,-0.000136696,27.4773,-0.932927,7.6,2,-531.88,94.3104,93.9792,93.4896,93.8072,833.638,-361.218,-0.739795,27.4773,-0.000136696,-0.00130644,-0.0358974
27.2,0.102131,0.000148544,27.4553,-0.909746,8,2,-522.085,93.9966,94.2757,93.7583,93.6332,834.043,-361.588,-0.739793,27.4553,0.000148544,0.00141855,0.0389467
27.22,0.249966,0.00036356,27.4444,-0.899594,8,2,-523.983,93.841,93.841,93.5993,93.4803,834.449,-361.958,-0.739741,27.4444,0.00036356,0.00347051,0.0952461
27.24,0.399724,0.000581375,27.4335,-0.915059,8,2,-527.983,93.96,94.0797,93.4402,93.52,834.854,-362.328,-0.739651,27.4335,0.000581375,0.00554752,0.152188
27.26,0.4,0.000581776,27.4107,-0.941945,8,2,-541.609,93.84,93.9584,93.36,93.2065,835.259,-362.698,-0.73953,27.4107,0.000581776,0.00554675,0.15204
27.28,0.4,0.000581776,27.3884,-0.954492,8,2,-513.969,93.7999,93.6796,93.5993,93.5199,835.664,-363.067,-0.739419,27.3884,0.000581776,0.00554224,0.151793
27.3,0.49916,0.000725999,27.3663,-0.941066,8,2,-511.899,93.6807,93.5993,93.2007,93.0437,836.069,-363.436,-0.739301,27.3663,0.000725999,0.00691057,0.189117
27.32,0.5,0.000727221,27.3437,-0.914802,8,2,-509.251,93.6445,93.794,93.36,93.2045,836.473,-363.805,-0.739156,27.3437,0.000727221,0.00691648,0.189122
27.34,0.5,0.000727221,27.3333,-0.901806,8,2,-510,93.6786,93.48,93.12,93.3186,836.877,-364.173,-0.739018,27.3333,0.000727221,0.00691387,0.188979
27.36,0.5,0.000727221,27.3215,-0.915353,8,2,-509.877,93.4788,93.4849,93.1975,93.1175,837.281,-364.541,-0.73888,27.3215,0.000727221,0.00691088,0.188816
27.38,0.5,0.000727221,27.2998,-0.941548,8,2,-511.032,93.4312,93.5082,93.1571,92.8059,837.685,-364.909,-0.738741,27.2998,0.000727221,0.00690539,0.188516
27.4,0.5,0.000727221,27.2778,-0.953354,8,2,-506,93.4458,93.32,93.1142,93.1716,838.089,-365.276,-0.738603,27.2778,0.000727221,0.00689981,0.188211
27.42,0.501414,0.000729276,27.2552,-0.935806,8,2,-496.512,93.4366,93.4366,92.8046,93.1509,838.492,-365.643,-0.738465,27.2552,0.000729276,0.00691359,0.188431
27.44,0.501042,0.000728736,27.2333,-0.897788,8,2,-508,93.28,93.2,93,92.7992,838.895,-366.01,-0.738327,27.2333,0.000728736,0.00690291,0.187989
27.46,0.6,0.000872665,27.2222,-0.862244,8,2,-508.308,93.1969,93.2,92.8677,92.6462,839.298,-366.377,-0.738182,27.2222,0.000872665,0.00826291,0.224935
27.48,0.6,0.000872665,27.211,-0.843326,8,2,-508,93.32,93.1987,92.7187,92.6787,839.7,-366.743,-0.73801,27.211,0.000872665,0.0082595,0.224749
27.5,0.6,0.000872665,27.1884,-0.836673,8,2,-508,93.2713,93.1578,92.6444,92.7956,840.103,-367.109,-0.737845,27.1884,0.000872665,0.00825266,0.224377
27.52,0.6,0.000872665,27.1664,-0.835811,8,2,-506.06,93,93.04,92.6788,92.6752,840.505,-367.475,-0.73768,27.1664,0.000872665,0.00824598,0.224014
27.54,0.597733,0.000869368,27.1556,-0.845538,8,2,-508,92.8836,93.0009,92.5591,92.4818,840.907,-367.84,-0.737515,27.1556,0.000869368,0.00821154,0.222989
27.56,0.500969,0.00072863,27.1444,-0.868539,8,2,-508.039,93.1984,92.9988,92.52,92.5212,841.309,-368.205,-0.737358,27.1444,0.00072863,0.00687939,0.186737
27.58,0.6,0.000872665,27.1222,-0.891257,8,2,-508,92.839,92.7993,92.5203,92.5587,841.711,-368.57,-0.73722,27.1222,0.000872665,0.00823255,0.223285
27.6,0.6,0.000872665,27.0995,-0.897453,8,2,-508.03,92.8403,92.8003,92.3997,92.3586,842.112,-368.934,-0.737049,27.0995,0.000872665,0.00822566,0.222911
27.62,0.6,0.000872665,27.0769,-0.891239,8,2,-508.046,92.8795,92.8395,92.3605,92.1625,842.513,-369.298,-0.736884,27.0769,0.000872665,0.00821881,0.22254
27.64,0.6,0.000872665,27.0667,-0.895325,8,2,-506,92.72,92.6349,92.3898,92.3625,842.914,-369.662,-0.73672,27.0667,0.000872665,0.0082157,0.222372
27.66,0.6,0.000872665,27.0551,-0.924304,8,2,-506,92.6755,92.3985,92.3495,92.3525,843.315,-370.026,-0.736556,27.0551,0.000872665,0.00821218,0.222181
27.68,0.6,0.000872665,27.0328,-0.96695,8,2,-506.104,92.5179,92.5684,92.0946,92.0779,843.716,-370.389,-0.736392,27.0328,0.000872665,0.00820543,0.221816
27.7,0.6,0.000872665,27.0108,-0.99782,8,2,-504.084,92.4051,92.6282,92.2366,92.0834,844.116,-370.752,-0.736228,27.0108,0.000872665,0.00819874,0.221454
27.72,0.7,0.00101811,26.9888,-0.999117,8.003,2,-504,92.5197,92.2003,91.9994,92.0797,844.517,-371.115,-0.736057,26.9888,0.00101811,0.00955742,0.257944
27.74,0.79951,0.00116284,26.9668,-0.971191,8.4,2,-504,92.3606,92.3594,92.0792,91.9206,844.916,-371.477,-0.735852,26.9668,0.00116284,0.0109072,0.294132
27.76,0.8,0.00116355,26.9447,-0.932071,8.4,2,-502,92.24,92.2366,92.0366,91.8434,845.316,-371.839,-0.735627,26.9447,0.00116355,0.0109049,0.293829
27.78,0.8,0.00116355,26.9333,-0.906238,8.4331,2,-496.165,92.2466,92.1901,91.88,92.0668,845.716,-372.2,-0.735409,26.9333,0.00116355,0.0109003,0.293581
27.8,0.850743,0.00123736,26.9221,-0.903044,8.8,2,-496,92.24,92.0834,91.7217,91.5983,846.115,-372.561,-0.735188,26.9221,0.00123736,0.0115868,0.311942
27.82,0.9,0.001309,26.8995,-0.906146,8.81998,2,-493.9,92.156,92.156,91.872,91.568,846.514,-372.922,-0.734949,26.8995,0.001309,0.0122474,0.329449
27.84,0.9,0.001309,26.8774,-0.891012,9.21991,2,-490,92.078,92.04,91.72,91.598,846.913,-373.283,-0.734701,26.8774,0.001309,0.0122374,0.328908
27.86,0.9,0.001309,26.8552,-0.850257,9.61545,2,-483.923,92.0846,92.0769,91.6,91.5985,847.312,-373.643,-0.734457,26.8552,0.001309,0.0122273,0.328366
27.88,0.9,0.001309,26.8444,-0.795808,10,2,-470,92.0783,91.9183,91.4433,91.56,847.711,-374.003,-0.734212,26.8444,0.001309,0.0122224,0.328103
27.9,0.9,0.001309,26.8331,-0.739983,10.4,2,-463.804,92,91.8852,91.6761,91.5587,848.109,-374.362,-0.733968,26.8331,0.001309,0.0122172,0.327825
27.92,0.9,0.001309,26.811,-0.685883,10.8,2,-459.773,91.9187,92.0774,91.5181,91.2781,848.507,-374.722,-0.733723,26.811,0.001309,0.0122072,0.327286
27.94,0.9,0.001309,26.8,-0.637168,11.2,2,-485.559,91.9207,91.8393,91.44,91.3207,848.906,-375.081,-0.733479,26.8,0.001309,0.0122021,0.327017
27.96,0.9,0.001309,26.7891,-0.603979,11.6,2,-424.568,91.9164,91.8328,91.3307,91.5493,849.304,-375.439,-0.733235,26.7891,0.001309,0.0121972,0.326751
27.98,0.9,0.001309,26.7778,-0.595376,11.6331,2,-409.337,91.76,91.6099,91.44,91.2833,849.702,-375.798,-0.732991,26.7778,0.001309,0.012192,0.326475
28,0.9,0.001309,26.7664,-0.612843,12,2,-403.969,91.7206,91.7594,91.5188,91.1625,850.1,-376.156,-0.732748,26.7664,0.001309,0.0121869,0.326199
28.02,0.9,0.001309,26.7556,-0.649227,12.4,2,-422.408,91.72,91.6701,91.32,91.2726,850.498,-376.514,-0.732504,26.7556,0.001309,0.0121819,0.325933
28.04,0.9,0.001309,26.7439,-0.689595,12.4,2,-363.246,91.6735,91.44,91.2865,91.2822,850.895,-376.872,-0.73226,26.7439,0.001309,0.0121766,0.32565
28.06,0.8,0.00116355,26.7217,-0.718509,12.4192,2,-335.904,91.52,91.4438,91.3181,91.2342,851.293,-377.229,-0.732024,26.7217,0.00116355,0.0108146,0.288986
28.08,0.8,0.00116355,26.7111,-0.729121,12.8,2,-325.457,91.4,91.44,91.3891,91.0854,851.691,-377.586,-0.731814,26.7111,0.00116355,0.0108104,0.288757
28.1,0.794148,0.00115504,26.6996,-0.720808,12.8,2,-308.489,91.5153,91.433,91.2777,91.2777,852.088,-377.943,-0.731598,26.6996,0.00115504,0.0107267,0.286398
28.12,0.7,0.00101811,26.6777,-0.693911,13.2,2,-297.235,91.3986,91.2779,91.1642,91.2386,852.485,-378.3,-0.731391,26.6777,0.00101811,0.00944724,0.252031
28.14,0.699925,0.001018,26.6667,-0.654249,13.2,2,-285.995,91.28,91.2401,91.32,91.12,852.882,-378.656,-0.731208,26.6667,0.001018,0.00944231,0.251795
28.16,0.6,0.000872665,26.6558,-0.614067,13.2,2,-275.514,91.2432,91.3168,91.2335,91.0097,853.279,-379.012,-0.731026,26.6558,0.000872665,0.00809097,0.215671
28.18,0.6,0.000872665,26.6444,-0.58268,13.2,2,-254.144,91.4386,91.1611,91.16,91.1596,853.676,-379.368,-0.730871,26.6444,0.000872665,0.00808754,0.215488
28.2,0.6,0.000872665,26.6336,-0.560906,13.2,2,-255.498,91.3144,91.1572,91.1228,91.1061,854.073,-379.723,-0.730709,26.6336,0.000872665,0.00808424,0.215312
28.22,0.500798,0.00072838,26.6222,-0.543795,13.2,2,-249.777,91.121,91.12,91.16,90.8406,854.469,-380.079,-0.730554,26.6222,0.00072838,0.00674473,0.17956
28.24,0.5,0.000727221,26.6113,-0.525037,13.2,2,-210.228,91.1203,91.16,91.16,90.8405,854.866,-380.434,-0.730426,26.6113,0.000727221,0.00673124,0.179127
28.26,0.5,0.000727221,26.6,-0.500632,13.2341,2,-235.489,91.3166,91.12,90.9566,91.0698,855.262,-380.789,-0.730292,26.6,0.000727221,0.00672837,0.178975
28.28,0.5,0.000727221,26.589,-0.472655,13.6,2,-233.418,91.1522,91.1045,90.9716,90.9122,855.659,-381.144,-0.730157,26.589,0.000727221,0.00672558,0.178826
28.3,0.5,0.000727221,26.5778,-0.450386,13.6,2,-216.083,91.1197,90.96,90.9211,90.8003,856.055,-381.498,-0.730023,26.5778,0.000727221,0.00672275,0.178676
28.32,0.5,0.000727221,26.5778,-0.442339,13.6,2,-219.847,91.0861,91.0923,90.92,90.6861,856.451,-381.853,-0.729888,26.5778,0.000727221,0.00672275,0.178676
28.34,0.5,0.000727221,26.566,-0.4446,13.6,2,-215.867,91.12,91.1093,91.1067,90.808,856.847,-382.207,-0.729754,26.566,0.000727221,0.00671977,0.178517
28.36,0.5,0.000727221,26.5556,-0.442884,13.6,2,-212.434,91.1135,90.76,90.84,90.9135,857.243,-382.561,-0.729619,26.5556,0.000727221,0.00671713,0.178377
28.38,0.5,0.000727221,26.5438,-0.428275,13.6,2,-209.868,90.9521,91.0158,90.8026,90.6694,857.639,-382.915,-0.729485,26.5438,0.000727221,0.00671415,0.178219
28.4,0.494355,0.00071901,26.5333,-0.406752,13.6,2,-239.855,90.809,91.1087,90.84,90.5358,858.034,-383.269,-0.729351,26.5333,0.00071901,0.00663574,0.176068
28.42,0.4,0.000581776,26.5333,-0.391249,13.6,2,-203.498,91.1194,90.6812,90.7976,90.9188,858.43,-383.622,-0.729225,26.5333,0.000581776,0.00536921,0.142463
28.44,0.4,0.000581776,26.5224,-0.388447,13.6,2,-215.845,90.8408,90.8397,90.7596,90.6805,858.826,-383.976,-0.729124,26.5224,0.000581776,0.005367,0.142346
28.46,0.4,0.000581776,26.5111,-0.39817,13.6,2,-235.386,90.8075,90.835,90.84,90.49,859.221,-384.329,-0.729017,26.5111,0.000581776,0.00536471,0.142224
28.48,0.4,0.000581776,26.5111,-0.417964,13.6,2,-198,90.846,90.6889,90.68,90.686,859.617,-384.682,-0.72891,26.5111,0.000581776,0.00536471,0.142224
28.5,0.4,0.000581776,26.4994,-0.43951,13.6,2,-195.764,90.7976,90.92,90.7553,90.5929,860.012,-385.035,-0.728802,26.4994,0.000581776,0.00536234,0.142099
28.52,0.3,0.000436332,26.4889,-0.449096,13.6,2,-196.177,90.8018,90.6329,90.76,90.6018,860.408,-385.388,-0.728702,26.4889,0.000436332,0.00402016,0.10649
28.54,0.2,0.000290888,26.4775,-0.439573,13.6,2,-176.525,90.7965,90.6447,90.6023,90.6388,860.803,-385.741,-0.728635,26.4775,0.000290888,0.00267896,0.0709321
28.56,0.2,0.000290888,26.4667,-0.41768,13.6,2,-193.943,90.6057,90.8377,90.7566,90.4377,861.198,-386.094,-0.728588,26.4667,0.000290888,0.00267786,0.070874
28.58,0.2,0.000290888,26.4667,-0.39584,13.6,2,-192,90.839,90.598,90.5961,90.601,861.593,-386.446,-0.728534,26.4667,0.000290888,0.00267786,0.070874
28.6,0.2,0.000290888,26.4552,-0.380022,13.6,2,-191.86,90.6781,90.5228,90.6019,90.5935,861.988,-386.798,-0.728481,26.4552,0.000290888,0.0026767,0.0708126
28.62,0.2,0.000290888,26.4444,-0.370335,13.6214,2,-191.893,90.5957,90.76,90.68,90.1979,862.382,-387.15,-0.728427,26.4444,0.000290888,0.00267561,0.070755
28.64,0.2,0.000290888,26.4444,-0.366603,13.6,2,-189.922,90.6447,90.6337,90.4369,90.4463,862.777,-387.502,-0.728374,26.4444,0.000290888,0.00267561,0.070755
28.66,0.2,0.000290888,26.4334,-0.366596,13.6,2,-188,90.76,90.48,90.4397,90.5203,863.172,-387.854,-0.72832,26.4334,0.000290888,0.00267449,0.0706958
28.68,0.19113,0.000277987,26.4222,-0.366966,14,2,-188,90.5894,90.5929,90.5858,90.3458,863.566,-388.206,-0.728267,26.4222,0.000277987,0.0025548,0.0675034
28.7,0.1,0.000145444,26.4222,-0.36715,14,2,-188,90.48,90.5991,90.44,90.3186,863.96,-388.558,-0.728223,26.4222,0.000145444,0.00133668,0.0353181
28.72,-0.00379604,-5.52111e-06,26.4104,-0.367056,14,2,-184.151,90.603,90.5909,90.2921,90.286,864.355,-388.91,-0.728209,26.4104,-5.52111e-06,-5.07181e-05,-0.00133948
28.74,-0.1,-0.000145444,26.4,-0.367227,14,2,-185.87,90.5148,90.36,90.4774,90.2826,864.749,-389.261,-0.728224,26.4,-0.000145444,-0.00133556,-0.0352587
28.76,-0.305012,-0.000443622,26.4,-0.371012,14,2,-183.9,90.326,90.364,90.436,90.36,865.143,-389.612,-0.728271,26.4,-0.000443622,-0.00407361,-0.107543
28.78,-0.453116,-0.000659031,26.3882,-0.380716,14,2,-181.865,90.4773,90.4773,90.2054,90.3011,865.537,-389.964,-0.728376,26.3882,-0.000659031,-0.00604892,-0.15962
28.8,-0.505978,-0.000735915,26.3778,-0.397123,14.0239,2,-180.239,90.36,90.4728,90.2143,90.1248,865.931,-390.315,-0.72851,26.3778,-0.000735915,-0.00675193,-0.178101
28.82,-0.704946,-0.0010253,26.3778,-0.420511,14.4,2,-172.297,90.364,90.28,90.356,90.204,866.324,-390.666,-0.728662,26.3778,-0.0010253,-0.00940703,-0.248137
28.84,-0.803089,-0.00116805,26.3664,-0.444143,14.4,2,-175.938,90.3625,90.2025,90.2025,90.1988,866.718,-391.018,-0.72887,26.3664,-0.00116805,-0.0107121,-0.282439
28.86,-0.9,-0.001309,26.3556,-0.454086,14.4,2,-169.962,90.2746,90.3192,90.2815,90.1969,867.111,-391.369,-0.729097,26.3556,-0.001309,-0.0119998,-0.316261
28.88,-0.901113,-0.00131062,26.3444,-0.441851,14.8,2,-177.8,90.1227,90.28,90.3182,90.1204,867.504,-391.72,-0.729343,26.3444,-0.00131062,-0.0120095,-0.316383
28.9,-1,-0.00145444,26.3333,-0.412423,14.8,2,-165.994,90.52,90.2,90.0001,90.16,867.897,-392.071,-0.72959,26.3333,-0.00145444,-0.0133218,-0.350809
28.92,-1,-0.00145444,26.3333,-0.376658,14.8312,2,-161.688,90.2613,90.1725,90.2831,90.04,868.289,-392.422,-0.729863,26.3333,-0.00145444,-0.0133218,-0.350809
28.94,-1,-0.00145444,26.3226,-0.34003,15.2315,2,-144.787,90,90.4337,90.3443,90.0337,868.682,-392.773,-0.73013,26.3226,-0.00145444,-0.0133164,-0.350522
28.96,-1.1,-0.00159989,26.3111,-0.305387,15.6,2,-149.682,90.2991,90.2736,89.96,90.0495,869.074,-393.124,-0.730403,26.3111,-0.00159989,-0.0146417,-0.385239
28.98,-1.1,-0.00159989,26.3111,-0.279714,15.6,2,-144.032,90.3626,90.2,90.1174,90.1994,869.466,-393.476,-0.730702,26.3111,-0.00159989,-0.0146417,-0.385239
29,-1.10815,-0.00161174,26.3111,-0.264955,15.6326,2,-139.022,90,90.1633,90.2604,90.0335,869.857,-393.827,-0.730995,26.3111,-0.00161174,-0.0147502,-0.388093
29.02,-1.20543,-0.00175322,26.2995,-0.250455,16,2,-127.845,90.16,90.2757,89.8778,89.9557,870.249,-394.178,-0.731297,26.2995,-0.00175322,-0.0160379,-0.421787
29.04,-1.3,-0.00189077,26.2889,-0.228611,16,2,-117.916,90.28,90.2766,89.8934,89.96,870.641,-394.529,-0.731631,26.2889,-0.00189077,-0.0172892,-0.454513
29.06,-1.30411,-0.00189675,26.2889,-0.209533,16,2,-109.836,90.1967,90.1584,90.1584,90.0049,871.032,-394.881,-0.731983,26.2889,-0.00189675,-0.0173438,-0.45595
29.08,-1.4,-0.00203622,26.2889,-0.20798,16.0153,2,-101.847,90.0015,90.0431,89.9954,89.96,871.423,-395.232,-0.732337,26.2889,-0.00203622,-0.0186191,-0.489476
29.1,-1.5,-0.00218166,26.2889,-0.221184,16.4,2,-105.587,90.0388,90.1988,90,89.9576,871.814,-395.584,-0.732722,26.2889,-0.00218166,-0.0199491,-0.524439
29.12,-1.5,-0.00218166,26.2774,-0.23012,16.4,2,-97.9376,90.1979,90.16,90.1188,89.9988,872.204,-395.935,-0.733128,26.2774,-0.00218166,-0.0199403,-0.52398
29.14,-1.5,-0.00218166,26.2667,-0.223604,16.4,2,-66.9673,90.1103,90.04,89.9968,90.0464,872.595,-396.287,-0.733526,26.2667,-0.00218166,-0.0199322,-0.523552
29.16,-1.5,-0.00218166,26.2667,-0.212466,16.4,2,-75.6135,89.8916,90.0039,89.9884,89.9523,872.985,-396.639,-0.733925,26.2667,-0.00218166,-0.0199322,-0.523552
29.18,-1.5,-0.00218166,26.2667,-0.213892,16.4,2,-70.0031,90.0399,90.1199,89.9998,89.88,873.375,-396.991,-0.734324,26.2667,-0.00218166,-0.0199322,-0.523552
29.2,-1.5,-0.00218166,26.2667,-0.227652,16.8,2,-63.6592,89.9634,90.0366,90.04,90.0034,873.765,-397.343,-0.734722,26.2667,-0.00218166,-0.0199322,-0.523552
29.22,-1.5,-0.00218166,26.255,-0.236693,16.8,2,-37.2091,89.9976,89.9976,89.9552,90.0024,874.154,-397.695,-0.735121,26.255,-0.00218166,-0.0199233,-0.523086
29.24,-1.5,-0.00218166,26.2444,-0.230982,16.8,2,-78.2632,89.878,89.8841,89.8841,89.88,874.544,-398.047,-0.735519,26.2444,-0.00218166,-0.0199153,-0.522667
29.26,-1.5,-0.00218166,26.2444,-0.221284,16.8,2,-47.9067,89.8781,90.04,90.04,89.8763,874.933,-398.4,-0.735918,26.2444,-0.00218166,-0.0199153,-0.522667
29.28,-1.5,-0.00218166,26.2444,-0.223076,16.8,2,-27.0119,89.9566,90.0333,89.9983,89.9634,875.322,-398.752,-0.736316,26.2444,-0.00218166,-0.0199153,-0.522667
29.3,-1.5,-0.00218166,26.2444,-0.232557,16.8,2,-16.6341,89.96,89.88,89.807,90.04,875.711,-399.105,-0.736714,26.2444,-0.00218166,-0.0199153,-0.522667
29.32,-1.5,-0.00218166,26.2334,-0.227135,16.8,2,-37.9046,89.8799,89.8804,90.1196,89.9597,876.099,-399.457,-0.737112,26.2334,-0.00218166,-0.0199069,-0.522226
29.34,-1.5,-0.00218166,26.2222,-0.190398,16.8,2,-33.9865,89.8,90.04,90.0395,89.8,876.488,-399.81,-0.73751,26.2222,-0.00218166,-0.0198985,-0.521782
29.36,-1.5,-0.00218166,26.2222,-0.129875,16.8,2,-32,90.0393,90.0001,89.8802,89.9595,876.876,-400.163,-0.737908,26.2222,-0.00218166,-0.0198985,-0.521782
29.38,-1.4,-0.00203622,26.2222,-0.067587,16.8,2,-21.9802,89.9588,89.88,89.8008,89.8808,877.264,-400.516,-0.7383,26.2222,-0.00203622,-0.0185719,-0.486997
29.4,-1.4,-0.00203622,26.2222,-0.0212177,16.8,2,-25.995,89.8,89.88,89.9999,89.8401,877.651,-400.869,-0.738664,26.2222,-0.00203622,-0.0185719,-0.486997
29.42,-1.4,-0.00203622,26.2222,0.00180307,16.8,2,-23.8699,89.84,90,89.9496,89.84,878.039,-401.222,-0.739036,26.2222,-0.00203622,-0.0185719,-0.486997
29.44,-1.4,-0.00203622,26.2222,-0.000154231,16.8,2,-21.9161,90,89.9983,89.8034,89.9566,878.427,-401.575,-0.739407,26.2222,-0.00203622,-0.0185719,-0.486997
29.46,-1.4,-0.00203622,26.2222,-0.0268343,16.8,2,-33.943,89.9598,89.9598,89.8401,89.84,878.814,-401.929,-0.739779,26.2222,-0.00203622,-0.0185719,-0.486997
29.48,-1.4,-0.00203622,26.2222,-0.0757747,16.8,2,-17.9891,89.88,89.88,89.88,89.8001,879.201,-402.282,-0.74015,26.2222,-0.00203622,-0.0185719,-0.486997
29.5,-1.4,-0.00203622,26.2222,-0.137817,17.2,2,-12.0729,89.8405,89.9995,89.959,89.7215,879.589,-402.636,-0.740522,26.2222,-0.00203622,-0.0185719,-0.486997
29.52,-1.4,-0.00203622,26.2222,-0.192368,17.2,2,-14,89.877,89.8679,89.886,89.88,879.976,-402.99,-0.740893,26.2222,-0.00203622,-0.0185719,-0.486997
29.54,-1.4,-0.00203622,26.211,-0.213646,16.8284,2,-13.8578,89.7143,89.6428,89.7257,89.8428,880.363,-403.344,-0.741264,26.211,-0.00203622,-0.018564,-0.486581
29.56,-1.3,-0.00189077,26.2,-0.190914,16.8273,2,-10,89.7364,89.8991,89.8691,89.72,880.749,-403.698,-0.741629,26.2,-0.00189077,-0.0172307,-0.451445
29.58,-1.3,-0.00189077,26.2,-0.140875,17.2,2,-10.2799,90.0288,90.1004,89.8372,89.68,881.135,-404.052,-0.741967,26.2,-0.00189077,-0.0172307,-0.451445
29.6,-1.3,-0.00189077,26.2,-0.0947863,17.2,2,-7.52119,89.7832,89.6352,89.8,89.88,881.522,-404.406,-0.742312,26.2,-0.00189077,-0.0172307,-0.451445
29.62,-1.3,-0.00189077,26.2,-0.0769988,17.2,2,-5.98926,89.5599,89.7996,89.8399,89.88,881.908,-404.76,-0.742656,26.2,-0.00189077,-0.0172307,-0.451445
29.64,-1.29231,-0.00187958,26.2,-0.0956895,17.2,2,-0.307788,89.8369,89.56,90.0492,89.8923,882.294,-405.115,-0.743,26.2,-0.00187958,-0.0171287,-0.448773
29.66,-1.1,-0.00159989,26.2,-0.142239,17.2,2,19.802,89.56,89.7339,90.4202,89.9481,882.679,-405.469,-0.74333,26.2,-0.00159989,-0.0145798,-0.381992
29.68,-1.1,-0.00159989,26.2,-0.19189,17.2,2,-9.37528,89.85,90.1025,89.615,89.5175,883.065,-405.824,-0.743609,26.2,-0.00159989,-0.0145798,-0.381992
29.7,-1.1,-0.00159989,26.1884,-0.213423,17.222,2,-21.5595,89.9512,89.5134,89.182,89.7288,883.451,-406.179,-0.7439,26.1884,-0.00159989,-0.0145734,-0.381654
29.72,-0.998303,-0.00145197,26.1778,-0.190845,17.6,2,11.7989,89.52,89.5734,90.0067,89.8,883.836,-406.533,-0.744185,26.1778,-0.00145197,-0.0132207,-0.346088
29.74,-0.9,-0.001309,26.1778,-0.135649,17.6,2,21.9789,89.6408,89.9583,90.2766,89.6408,884.221,-406.888,-0.744436,26.1778,-0.001309,-0.0119188,-0.312009
29.76,-0.9,-0.001309,26.1778,-0.0738144,17.6,2,4.09078,89.9586,89.6409,89.8009,89.9984,884.606,-407.243,-0.744668,26.1778,-0.001309,-0.0119188,-0.312009
29.78,-0.8,-0.00116355,26.1778,-0.0258277,17.2324,2,11.5137,89.787,89.9503,89.7265,89.7005,884.991,-407.598,-0.7449,26.1778,-0.00116355,-0.0105945,-0.277341
29.8,-0.8,-0.00116355,26.1778,-0.000864443,17.2301,2,10.1968,89.646,89.56,89.631,89.375,885.376,-407.952,-0.745105,26.1778,-0.00116355,-0.0105945,-0.277341
29.82,-0.8,-0.00116355,26.1778,-0.00151519,17.6,2,2.52283,89.8355,89.8475,89.717,89.8,885.761,-408.308,-0.745317,26.1778,-0.00116355,-0.0105945,-0.277341
29.84,-0.8,-0.00116355,26.1778,-0.0279594,17.6,2,10,89.7974,89.9908,89.84,89.72,886.145,-408.663,-0.745529,26.1778,-0.00116355,-0.0105945,-0.277341
29.86,-0.798661,-0.0011616,26.1778,-0.0778348,17.6,2,17.8393,89.7989,89.5616,89.5632,89.72,886.53,-409.018,-0.74574,26.1778,-0.0011616,-0.0105768,-0.276877
29.88,-0.7,-0.00101811,26.1778,-0.141782,17.6,2,20,89.6796,89.8412,89.7992,89.6392,886.915,-409.373,-0.745945,26.1778,-0.00101811,-0.0092702,-0.242673
29.9,-0.7,-0.00101811,26.1778,-0.198604,17.6,2,8.06707,89.5605,89.8392,89.8797,89.4808,887.299,-409.728,-0.746124,26.1778,-0.00101811,-0.0092702,-0.242673
29.92,-0.7,-0.00101811,26.1664,-0.221373,17.6,2,20.482,89.84,89.6464,89.7904,89.9871,887.683,-410.084,-0.74631,26.1664,-0.00101811,-0.00926618,-0.242463
29.94,-0.6,-0.000872665,26.1556,-0.197413,17.6,2,30.7033,89.7135,89.827,89.5362,89.6335,888.068,-410.439,-0.746488,26.1556,-0.000872665,-0.00793914,-0.207653
29.96,-0.6,-0.000872665,26.1556,-0.140361,17.6,2,22.4404,89.72,89.5776,89.8371,89.5717,888.452,-410.794,-0.74664,26.1556,-0.000872665,-0.00793914,-0.207653
29.98,-0.6,-0.000872665,26.1556,-0.0775402,17.6,2,22,89.5171,89.84,89.8371,89.5571,888.835,-411.15,-0.746799,26.1556,-0.000872665,-0.00793914,-0.207653
30,-0.6,-0.000872665,26.1556,-0.0301242,17.6,2,22.1237,89.6499,89.6701,89.7951,89.68,889.219,-411.505,-0.746958,26.1556,-0.000872665,-0.00793914,-0.207653
30.02,-0.6,-0.000872665,26.1556,-0.0072449,17.2,2,24,89.8367,89.5613,89.6433,89.8026,889.603,-411.86,-0.747117,26.1556,-0.000872665,-0.00793914,-0.207653
30.04,-0.6,-0.000872665,26.1556,-0.0105579,17.5991,2,25.9954,89.5199,89.6402,89.8799,89.7198,889.987,-412.216,-0.747276,26.1556,-0.000872665,-0.00793914,-0.207653
30.06,-0.6,-0.000872665,26.1556,-0.0381316,17.2297,2,27.7027,89.4859,89.64,89.8251,89.5319,890.371,-412.572,-0.747434,26.1556,-0.000872665,-0.00793914,-0.207653
30.08,-0.6,-0.000872665,26.1556,-0.0840327,17.2341,2,24.3406,89.72,89.5668,89.6468,89.8264,890.754,-412.927,-0.747593,26.1556,-0.000872665,-0.00793914,-0.207653
30.1,-0.591578,-0.000860415,26.1556,-0.133987,17.2,2,24.3369,89.6299,89.6333,89.8501,89.72,891.138,-413.283,-0.747751,26.1556,-0.000860415,-0.0078277,-0.204738
30.12,-0.5,-0.000727221,26.1556,-0.161641,17.2,2,29.8137,89.5237,89.565,89.835,89.6812,891.521,-413.639,-0.747901,26.1556,-0.000727221,-0.00661595,-0.173044
30.14,-0.5,-0.000727221,26.1443,-0.137499,17.5924,2,25.9621,89.64,89.72,89.64,89.56,891.905,-413.994,-0.748027,26.1443,-0.000727221,-0.00661311,-0.172895
30.16,-0.5,-0.000727221,26.1333,-0.054237,17.2025,2,24,89.72,89.6403,89.7205,89.64,892.288,-414.35,-0.74816,26.1333,-0.000727221,-0.00661033,-0.17275
30.18,-0.5,-0.000727221,26.1333,0.0563302,17.6,2,24,89.72,89.7194,89.8006,89.8,892.671,-414.706,-0.748292,26.1333,-0.000727221,-0.00661033,-0.17275
30.2,-0.5,-0.000727221,26.1445,0.142189,17.2,2,24.0329,89.56,89.6413,89.798,89.6387,893.054,-415.061,-0.748424,26.1445,-0.000727221,-0.00661314,-0.172897
30.22,-0.5,-0.000727221,26.1556,0.171291,17.2,2,24.0204,89.6392,89.8388,89.7988,89.4808,893.437,-415.417,-0.748556,26.1556,-0.000727221,-0.00661595,-0.173044
30.24,-0.5,-0.000727221,26.1556,0.14973,17.2,2,24,89.9967,89.8425,89.6808,89.6775,893.82,-415.773,-0.748689,26.1556,-0.000727221,-0.00661595,-0.173044
30.26,-0.5,-0.000727221,26.1556,0.103767,17.6,2,24,89.6309,89.8,89.5721,89.72,894.204,-416.129,-0.748821,26.1556,-0.000727221,-0.00661595,-0.173044
30.28,-0.6,-0.000872665,26.1556,0.0537701,17.2324,2,24,89.7265,89.72,89.707,89.5568,894.587,-416.485,-0.74896,26.1556,-0.000872665,-0.00793914,-0.207653
30.3,-0.6,-0.000872665,26.1556,0.00521904,17.2,2,24,89.6342,89.7287,89.6771,89.4858,894.97,-416.842,-0.749125,26.1556,-0.000872665,-0.00793914,-0.207653
30.32,-0.6,-0.000872665,26.1556,-0.0460165,17.2,2,24,89.639,89.8005,89.719,89.7969,895.353,-417.198,-0.749284,26.1556,-0.000872665,-0.00793914,-0.207653
30.34,-0.6,-0.000872665,26.1556,-0.10475,17.23,2,24,89.782,89.511,89.412,89.671,895.736,-417.554,-0.749443,26.1556,-0.000872665,-0.00793914,-0.207653
30.36,-0.6,-0.000872665,26.1556,-0.16702,17.2,2,24,89.52,89.5331,89.6531,89.4826,896.119,-417.911,-0.749602,26.1556,-0.000872665,-0.00793914,-0.207653
30.38,-0.6,-0.000872665,26.1556,-0.21326,17.2,2,24,89.4858,89.72,89.8685,89.4115,896.502,-418.267,-0.749761,26.1556,-0.000872665,-0.00793914,-0.207653
30.4,-0.6,-0.000872665,26.144,-0.214718,17.2,2,24,89.7959,89.5641,89.64,89.8421,896.884,-418.624,-0.749919,26.144,-0.000872665,-0.00793564,-0.207469
30.42,-0.6,-0.000872665,26.1333,-0.155515,17.2,2,24,89.5591,89.7196,89.7218,89.8387,897.267,-418.98,-0.750078,26.1333,-0.000872665,-0.0079324,-0.2073
30.44,-0.6,-0.000872665,26.1333,-0.0484884,17.2,2,24,89.5597,89.6402,89.8402,89.5607,897.649,-419.336,-0.750237,26.1333,-0.000872665,-0.0079324,-0.2073
30.46,-0.6,-0.000872665,26.1333,0.0714107,17.2,2,24,89.64,89.7282,89.7255,89.6882,898.032,-419.693,-0.750395,26.1333,-0.000872665,-0.0079324,-0.2073
30.48,-0.6,-0.000872665,26.1333,0.161933,17.2,2,24,89.8,89.7921,89.7921,89.8321,898.414,-420.049,-0.750554,26.1333,-0.000872665,-0.0079324,-0.2073
30.5,-0.69746,-0.00101441,26.1448,0.186686,17.2,2,24,89.832,89.558,89.644,89.674,898.796,-420.406,-0.750719,26.1448,-0.00101441,-0.00922495,-0.241185
30.52,-0.6,-0.000872665,26.1556,0.132988,17.2,2,24,89.6406,89.7225,89.64,89.4787,899.179,-420.762,-0.750904,26.1556,-0.000872665,-0.00793914,-0.207653
30.54,-0.6,-0.000872665,26.1556,0.0233855,17.2,2,24,89.56,89.7977,89.7965,89.3623,899.561,-421.119,-0.751056,26.1556,-0.000872665,-0.00793914,-0.207653
30.56,-0.6,-0.000872665,26.1556,-0.09574,17.2,2,24,89.72,89.52,89.6399,89.68,899.943,-421.476,-0.751215,26.1556,-0.000872665,-0.00793914,-0.207653
30.58,-0.699644,-0.00101759,26.1446,-0.181596,17.2,2,22.0071,89.6801,89.56,89.5201,89.68,900.326,-421.833,-0.75138,26.1446,-0.00101759,-0.00925373,-0.241935
30.6,-0.6,-0.000872665,26.1333,-0.220255,16.8,2,22,89.4002,89.48,89.5602,89.4805,900.708,-422.19,-0.751565,26.1333,-0.000872665,-0.0079324,-0.2073
30.62,-0.605594,-0.0008808,26.1333,-0.23116,16.8,2,22,89.4067,89.5222,89.64,89.5645,901.089,-422.547,-0.751718,26.1333,-0.0008808,-0.00800635,-0.209233
30.64,-0.6,-0.000872665,26.1333,-0.243447,16.8,2,22,89.5575,89.5163,89.6375,89.5575,901.471,-422.904,-0.751878,26.1333,-0.000872665,-0.0079324,-0.2073
30.66,-0.6,-0.000872665,26.1333,-0.26683,16.8,2,20.0351,89.48,89.3214,89.7172,89.6372,901.853,-423.261,-0.752036,26.1333,-0.000872665,-0.0079324,-0.2073
30.68,-0.6,-0.000872665,26.1225,-0.28823,16.4,2,22,89.32,89.2531,89.7134,89.56,902.235,-423.618,-0.752195,26.1225,-0.000872665,-0.00792912,-0.207129
30.7,-0.6,-0.000872665,26.1111,-0.293176,15.9675,2,18.1626,89.2465,89.5233,89.64,89.4833,902.616,-423.975,-0.752353,26.1111,-0.000872665,-0.00792565,-0.206948
30.72,-0.6,-0.000872665,26.1111,-0.279052,15.584,2,21.8395,89.4768,89.3936,89.7936,89.8,902.997,-424.332,-0.752512,26.1111,-0.000872665,-0.00792565,-0.206948
30.74,-0.6,-0.000872665,26.1111,-0.242654,15.1926,2,19.8512,89.3993,89.2022,89.5222,89.6385,903.378,-424.689,-0.75267,26.1111,-0.000872665,-0.00792565,-0.206948
30.76,-0.6,-0.000872665,26.1,-0.170654,14.7941,2,13.9122,89.4012,89.5641,89.64,89.4012,903.759,-425.046,-0.752829,26.1,-0.000872665,-0.00792227,-0.206771
30.78,-0.6,-0.000872665,26.0889,-0.0591999,14.4,2,13.898,89.4014,89.7973,89.5593,89.522,904.14,-425.403,-0.752987,26.0889,-0.000872665,-0.00791891,-0.206595
30.8,-0.7,-0.00101811,26.0889,0.0639683,14.4,2,0.0913206,89.64,89.52,89.6789,89.7185,904.521,-425.76,-0.753152,26.0889,-0.00101811,-0.00923873,-0.241028
30.82,-0.7,-0.00101811,26.0999,0.152856,14.4,2,6.03184,89.64,89.6787,89.56,89.4013,904.902,-426.117,-0.753343,26.0999,-0.00101811,-0.00924261,-0.241231
30.84,-0.708326,-0.00103022,26.1111,0.180614,14.4,2,-7.66695,89.6433,89.7267,89.56,89.4133,905.282,-426.474,-0.753529,26.1111,-0.00103022,-0.00935658,-0.244311
30.86,-0.8,-0.00116355,26.1111,0.157012,14,2,-15.8423,89.5663,89.8,89.5042,89.5568,905.663,-426.831,-0.753723,26.1111,-0.00116355,-0.0105675,-0.27593
30.88,-0.9,-0.001309,26.1111,0.110616,14,2,-22.4588,89.8062,89.72,89.3138,89.3015,906.044,-427.188,-0.753947,26.1111,-0.001309,-0.0118885,-0.310421
30.9,-0.9,-0.001309,26.1111,0.0628336,14,2,-32.2932,89.8683,89.6683,89.3317,89.2029,906.425,-427.546,-0.754191,26.1111,-0.001309,-0.0118885,-0.310421
30.92,-0.9,-0.001309,26.1111,0.0187884,13.6,2,-28.893,89.5667,89.5267,89.48,89.2467,906.805,-427.904,-0.754429,26.1111,-0.001309,-0.0118885,-0.310421
30.94,-0.9,-0.001309,26.1111,-0.0278079,13.6,2,-80.2508,89.6817,89.68,89.3933,89.2017,907.186,-428.261,-0.754666,26.1111,-0.001309,-0.0118885,-0.310421
30.96,-0.9,-0.001309,26.1111,-0.0863322,13.2,2,-84.3837,89.5587,89.4787,89.3206,89.3187,907.566,-428.619,-0.754904,26.1111,-0.001309,-0.0118885,-0.310421
30.98,-0.9,-0.001309,26.1111,-0.160205,12.8,2,-119.631,89.5197,89.3997,89.5209,89.48,907.946,-428.977,-0.755142,26.1111,-0.001309,-0.0118885,-0.310421
31,-0.9,-0.001309,26.1111,-0.239548,12.401,2,-71.9905,89.48,89.3999,89.3607,89.3603,908.327,-429.335,-0.75538,26.1111,-0.001309,-0.0118885,-0.310421
31.02,-0.9,-0.001309,26.0992,-0.304989,12.4,2,-84.2765,89.2514,89.3628,89.4,89.2571,908.707,-429.693,-0.755618,26.0992,-0.001309,-0.0118831,-0.310139
31.04,-0.893404,-0.0012994,26.0889,-0.343149,12.4,2,-92.5699,89.48,89.3974,89.5442,89.6294,909.086,-430.051,-0.755855,26.0889,-0.0012994,-0.0117913,-0.307622
31.06,-0.8,-0.00116355,26.0889,-0.35367,12.3835,2,-100.248,89.3583,89.3583,89.3716,89.4767,909.466,-430.409,-0.756084,26.0889,-0.00116355,-0.0105585,-0.275461
31.08,-0.8,-0.00116355,26.0774,-0.341735,12,2,-78.3139,89.3153,89.3216,89.7969,89.36,909.846,-430.767,-0.756289,26.0774,-0.00116355,-0.0105539,-0.275218
31.1,-0.8,-0.00116355,26.0667,-0.31607,11.9869,2,-115.506,89.0826,89.3252,89.4748,89.2439,910.225,-431.125,-0.7565,26.0667,-0.00116355,-0.0105496,-0.274992
31.12,-0.8,-0.00116355,26.0667,-0.290425,11.6,2,-97.0205,89.3731,89.48,89.3233,89.4735,910.604,-431.482,-0.756711,26.0667,-0.00116355,-0.0105496,-0.274992
31.14,-0.8,-0.00116355,26.0667,-0.27146,11.2,2,-143.036,89.5039,89.3471,89.3632,89.4671,910.983,-431.84,-0.756922,26.0667,-0.00116355,-0.0105496,-0.274992
31.16,-0.8,-0.00116355,26.0549,-0.251073,11.2,2,-132.002,89.16,89.33,89.3575,89.155,911.362,-432.198,-0.757133,26.0549,-0.00116355,-0.0105448,-0.274744
31.18,-0.8,-0.00116355,26.0444,-0.223188,11.6,2,-171.257,89.1756,89.5174,89.1922,89.013,911.74,-432.556,-0.757344,26.0444,-0.00116355,-0.0105406,-0.274523
31.2,-0.8,-0.00116355,26.0444,-0.19935,11.6,2,-140.794,89.5509,89.3132,89.1691,89.3577,912.119,-432.914,-0.757555,26.0444,-0.00116355,-0.0105406,-0.274523
31.22,-0.8,-0.00116355,26.0444,-0.19642,11.6,2,-190.148,89.1951,89.242,89.361,89.2341,912.497,-433.272,-0.757765,26.0444,-0.00116355,-0.0105406,-0.274523
31.24,-0.8,-0.00116355,26.0444,-0.214943,11.2,2,-200.766,89.1629,89.36,89.1553,88.8806,912.876,-433.63,-0.757976,26.0444,-0.00116355,-0.0105406,-0.274523
31.26,-0.8,-0.00116355,26.0335,-0.24005,11.5993,2,-248.007,89.3999,89.36,88.84,88.92,913.254,-433.988,-0.758187,26.0335,-0.00116355,-0.0105361,-0.274291
31.28,-0.8,-0.00116355,26.0222,-0.264148,11.6,2,-186.369,89.3489,89.3926,89.08,89.1526,913.632,-434.346,-0.758398,26.0222,-0.00116355,-0.0105316,-0.274055
31.3,-0.8,-0.00116355,26.0222,-0.298634,11.6,2,-231.483,89.24,89.2015,89.001,89.001,914.01,-434.704,-0.758608,26.0222,-0.00116355,-0.0105316,-0.274055
31.32,-0.8,-0.00116355,26.0222,-0.356726,11.6,2,-237.811,89.1916,89.0884,88.8428,88.9256,914.387,-435.062,-0.758819,26.0222,-0.00116355,-0.0105316,-0.274055
31.34,-0.793069,-0.00115347,26.0105,-0.434442,11.6,2,-247.05,89.0055,89.2455,89.16,88.8428,914.765,-435.42,-0.759029,26.0105,-0.00115347,-0.0104356,-0.271436
31.36,-0.7,-0.00101811,26,-0.516279,11.2,2,-249.882,89.0706,89.0682,89.0282,88.9153,915.142,-435.778,-0.759231,26,-0.00101811,-0.00920725,-0.239388
31.38,-0.7,-0.00101811,25.9882,-0.590154,11.2,2,-282.283,89.0057,88.8428,88.6113,88.8687,915.519,-436.136,-0.759409,25.9882,-0.00101811,-0.00920306,-0.239171
31.4,-0.7,-0.00101811,25.9778,-0.648749,11.2,2,-262.118,89.0659,89.04,88.8329,88.68,915.896,-436.494,-0.759593,25.9778,-0.00101811,-0.00919938,-0.238979
31.42,-0.7,-0.00101811,25.9665,-0.682559,11.2,2,-268.343,88.5606,88.8381,88.7594,88.6825,916.273,-436.852,-0.759777,25.9665,-0.00101811,-0.00919538,-0.238772
31.44,-0.7,-0.00101811,25.9445,-0.682121,11.2,2,-281.791,88.8808,88.721,88.8396,88.92,916.649,-437.209,-0.759961,25.9445,-0.00101811,-0.00918761,-0.238368
31.46,-0.692099,-0.00100662,25.9333,-0.648491,10.8,2,-278,89.0516,89.0274,88.7295,88.7442,917.025,-437.567,-0.760144,25.9333,-0.00100662,-0.00907998,-0.235474
31.48,-0.6,-0.000872665,25.9214,-0.594348,10.8,2,-284.155,88.5693,88.72,88.9386,88.5848,917.401,-437.924,-0.760319,25.9214,-0.000872665,-0.00786808,-0.203952
31.5,-0.693465,-0.0010086,25.9111,-0.534201,10.8,2,-225.529,88.7305,88.6931,88.7286,88.6722,917.776,-438.281,-0.760476,25.9111,-0.0010086,-0.00909011,-0.235535
31.52,-0.6,-0.000872665,25.8997,-0.47974,10.8,2,-292.14,88.9144,88.8814,88.2512,88.5586,918.152,-438.638,-0.760658,25.8997,-0.000872665,-0.00786147,-0.203609
31.54,-0.6,-0.000872665,25.8889,-0.442271,10.8,2,-297.464,88.68,88.7123,88.76,88.6815,918.527,-438.996,-0.760809,25.8889,-0.000872665,-0.0078582,-0.20344
31.56,-0.597114,-0.000868466,25.8889,-0.428863,10.8,2,-271.039,88.7235,88.5681,88.5165,88.4308,918.902,-439.353,-0.760966,25.8889,-0.000868466,-0.00782039,-0.202461
31.58,-0.5,-0.000727221,25.8776,-0.433372,10.4,2,-334.188,88.6772,88.9981,88.1628,87.9256,919.277,-439.71,-0.761116,25.8776,-0.000727221,-0.00654564,-0.169385
31.6,-0.5,-0.000727221,25.8667,-0.439927,10.4,2,-339.576,88.7221,88.7165,88.5151,88.44,919.651,-440.067,-0.761241,25.8667,-0.000727221,-0.00654288,-0.169242
31.62,-0.5,-0.000727221,25.8548,-0.439454,10.4,2,-318.903,88.865,88.563,88.24,88.5759,920.026,-440.423,-0.761371,25.8548,-0.000727221,-0.00653988,-0.169087
31.64,-0.5,-0.000727221,25.8444,-0.438534,10.4,2,-336.441,88.56,88.68,88.2444,88.0756,920.4,-440.78,-0.761502,25.8444,-0.000727221,-0.00653726,-0.168952
31.66,-0.447727,-0.000651193,25.8444,-0.448898,10.4,2,-385.758,88.5241,88.6061,88.3918,88.0902,920.774,-441.137,-0.76163,25.8444,-0.000651193,-0.00585381,-0.151289
31.68,-0.4,-0.000581776,25.8327,-0.470888,10.4,2,-330.138,88.7117,88.6689,88.1545,88.3889,921.148,-441.493,-0.76174,25.8327,-0.000581776,-0.00522743,-0.135039
31.7,-0.3,-0.000436332,25.8222,-0.491991,10.3824,2,-334.703,88.5982,88.4435,88.1288,88.0818,921.522,-441.85,-0.761835,25.8222,-0.000436332,-0.00391898,-0.101197
31.72,-0.3,-0.000436332,25.8113,-0.499019,10,2,-344.004,88.52,88.56,88.1601,88.0001,921.895,-442.206,-0.761907,25.8113,-0.000436332,-0.00391732,-0.101111
31.74,-0.2,-0.000290888,25.8,-0.48717,10,2,-342.153,88.3292,88.5139,88.12,88,922.269,-442.563,-0.761979,25.8,-0.000290888,-0.00261041,-0.0673485
31.76,-0.2,-0.000290888,25.7887,-0.462809,9.96815,2,-345.681,88.5968,88.52,88.1104,88.16,922.642,-442.919,-0.762024,25.7887,-0.000290888,-0.00260926,-0.0672895
31.78,-0.2,-0.000290888,25.7778,-0.442707,9.6,2,-350.152,88.5018,88.4279,88.0861,88.0739,923.015,-443.275,-0.762076,25.7778,-0.000290888,-0.00260816,-0.0672325
31.8,-0.2,-0.000290888,25.7778,-0.444539,9.2,2,-358.381,88.2451,88.2451,88.1498,87.9625,923.388,-443.631,-0.762129,25.7778,-0.000290888,-0.00260816,-0.0672325
31.82,-0.2,-0.000290888,25.7664,-0.473385,8.78805,2,-360.06,88.2788,88.3964,87.9988,87.9552,923.761,-443.987,-0.762181,25.7664,-0.000290888,-0.00260701,-0.0671732
31.84,-0.1,-0.000145444,25.7556,-0.521091,7.98598,2,-364,88.28,88.24,88,88,924.133,-444.342,-0.762226,25.7556,-0.000145444,-0.00130295,-0.0335583
31.86,-0.1,-0.000145444,25.7442,-0.577202,7.19033,2,-372.097,88.279,88.2371,87.92,88.08,924.506,-444.698,-0.762246,25.7442,-0.000145444,-0.00130238,-0.0335288
31.88,-0.1,-0.000145444,25.7333,-0.633478,6.79098,2,-378.406,88.12,88.0036,87.9173,87.7973,924.878,-445.053,-0.762272,25.7333,-0.000145444,-0.00130183,-0.0335004
31.9,-0.1,-0.000145444,25.7222,-0.680758,6.4,2,-407.796,87.9994,88.28,87.8412,87.68,925.25,-445.409,-0.762298,25.7222,-0.000145444,-0.00130127,-0.0334715
31.92,-0.00134547,-1.9569e-06,25.6996,-0.712379,6.00538,2,-397.946,87.9995,88.1222,87.92,87.9168,925.622,-445.764,-0.762318,25.6996,-1.9569e-06,-1.74927e-05,-0.000449555
31.94,0,0,25.6889,-0.732011,6,2,-375.924,88,87.8408,87.6415,87.8408,925.994,-446.119,-0.762311,25.6889,0,0,0
31.96,0.0076329,1.11016e-05,25.6776,-0.750735,5.56947,2,-387.527,87.9478,87.8122,87.8247,87.7417,926.365,-446.474,-0.762311,25.6776,1.11016e-05,9.91523e-05,0.00254599
31.98,0.1,0.000145444,25.6548,-0.779684,4.76985,2,-436.603,87.591,87.914,87.674,87.483,926.737,-446.828,-0.762302,25.6548,0.000145444,0.00129786,0.0332962
32,0.106746,0.000155255,25.6444,-0.828986,3.97302,2,-450.675,87.7708,87.6746,87.4773,87.6,927.108,-447.182,-0.76227,25.6444,0.000155255,0.00138485,0.0355137
32.02,0.3,0.000436332,25.6332,-0.900969,2.78885,2,-481.833,87.7944,87.6,87.4411,87.4367,927.479,-447.536,-0.762229,25.6332,0.000436332,0.00389029,0.0997203
32.04,0.4,0.000581776,25.6111,-0.980354,1.99468,2,-482.16,87.36,87.48,87.5989,87.28,927.849,-447.89,-0.762133,25.6111,0.000581776,0.00518259,0.132732
32.06,0.4,0.000581776,25.589,-1.04128,1.6,2,-502.93,87.4837,87.4837,87.3377,87.3563,928.22,-448.244,-0.762022,25.589,0.000581776,0.00517811,0.132503
32.08,0.5,0.000727221,25.5667,-1.06363,1.6,2,-526.058,87.6397,87.5994,86.9612,87.3197,928.59,-448.597,-0.761912,25.5667,0.000727221,0.006467,0.16534
32.1,0.599777,0.00087234,25.5442,-1.04011,1.6,2,-520.031,87.4803,87.4801,87.1998,87.1204,928.96,-448.95,-0.76177,25.5442,0.00087234,0.0077507,0.197986
32.12,0.604629,0.000879398,25.5218,-0.976848,1.6,2,-540.741,87.36,87.2056,87.4196,87,929.329,-449.302,-0.761609,25.5218,0.000879398,0.00780655,0.199237
32.14,0.7,0.00101811,25.4996,-0.894058,1.6,2,-569.909,87.32,87.36,86.72,86.9491,929.699,-449.654,-0.761446,25.4996,0.00101811,0.00903005,0.230263
32.16,0.8,0.00116355,25.4889,-0.81933,1.6,2,-570.115,87.5281,87.48,86.8027,86.8013,930.068,-450.006,-0.761253,25.4889,0.00116355,0.0103157,0.262936
32.18,0.8,0.00116355,25.4775,-0.771392,2,2,-523.49,87.673,87.5142,86.7953,86.7977,930.437,-450.358,-0.76104,25.4775,0.00116355,0.0103111,0.262701
32.2,0.8,0.00116355,25.4555,-0.753184,2,2,-658.193,87.16,87.04,86.6377,86.5161,930.805,-450.709,-0.760834,25.4555,0.00116355,0.0103022,0.262247
32.22,0.8,0.00116355,25.4444,-0.760137,2,2,-750.972,87.3576,87.2771,86.4015,86.3595,931.174,-451.06,-0.760628,25.4444,0.00116355,0.0102977,0.26202
32.24,0.8,0.00116355,25.4336,-0.78341,2,2,-712.112,87.3166,87.3463,86.3634,86.3634,931.543,-451.41,-0.760422,25.4336,0.00116355,0.0102934,0.261797
32.26,0.892105,0.00129751,25.4114,-0.80909,2.03158,2,-700.632,87.2,87.0368,86.5074,86.4863,931.911,-451.761,-0.76021,25.4114,0.00129751,0.0114684,0.291429
32.28,0.9,0.001309,25.3891,-0.830981,2.4,2,-718.521,87.1496,86.96,86.1496,86.3217,932.279,-452.111,-0.759975,25.3891,0.001309,0.0115598,0.293492
32.3,0.808837,0.00117641,25.3778,-0.859939,2.4,2,-804.242,86.9965,87.04,85.9047,85.7741,932.647,-452.461,-0.759749,25.3778,0.00117641,0.0103842,0.263528
32.32,0.9,0.001309,25.3661,-0.908096,2.82179,2,-755.961,86.8865,86.9913,86.32,86.0953,933.015,-452.81,-0.759541,25.3661,0.001309,0.0115493,0.292961
32.34,0.9,0.001309,25.344,-0.971075,3.22185,2,-824.076,86.9556,86.72,86.1513,86.3069,933.383,-453.159,-0.759305,25.344,0.001309,0.0115392,0.29245
32.36,0.804244,0.00116972,25.3218,-1.03467,3.6,2,-804.133,86.7183,86.7166,86.0451,86.0332,933.751,-453.508,-0.75908,25.3218,0.00116972,0.0103024,0.260876
32.38,0.895147,0.00130194,25.2995,-1.09146,4,2,-780.485,86.6361,86.64,86.04,85.8819,934.118,-453.856,-0.758874,25.2995,0.00130194,0.0114569,0.289853
32.4,0.9,0.001309,25.2776,-1.14482,4.01405,2,-768.983,86.64,86.6758,85.9958,85.88,934.485,-454.204,-0.758639,25.2776,0.001309,0.011509,0.290919
32.42,0.9,0.001309,25.2552,-1.20149,4.4,2,-817.611,86.4828,86.3635,85.88,85.9193,934.852,-454.552,-0.758409,25.2552,0.001309,0.0114988,0.290404
32.44,0.9,0.001309,25.2328,-1.26191,4.8,2,-767.874,86.36,86.3124,85.7301,85.84,935.218,-454.899,-0.758179,25.2328,0.001309,0.0114886,0.289889
32.46,0.9,0.001309,25.2108,-1.31368,4.8134,2,-754.201,86.3146,86.2387,85.8346,85.7187,935.585,-455.246,-0.757949,25.2108,0.001309,0.0114786,0.289383
32.48,0.9,0.001309,25.1772,-1.3374,5.2,2,-757.867,86.0027,86.1573,85.832,85.5213,935.951,-455.592,-0.75772,25.1772,0.001309,0.0114633,0.288612
32.5,0.9,0.001309,25.1438,-1.32693,5.2,2,-749.84,86.1587,85.9987,85.5994,85.7194,936.316,-455.938,-0.757491,25.1438,0.001309,0.0114481,0.287848
32.52,0.9,0.001309,25.1214,-1.30132,5.2,2,-738.059,86.0024,85.8812,85.2494,85.4471,936.681,-456.283,-0.757262,25.1214,0.001309,0.0114378,0.287334
32.54,0.9,0.001309,25.0993,-1.28957,5.22669,2,-733.333,85.7573,85.8427,85.7093,85.3947,937.046,-456.628,-0.757033,25.0993,0.001309,0.0114278,0.286831
32.56,1,0.00145444,25.0772,-1.30421,5.6,2,-722.103,85.68,85.6738,85.3876,85.2359,937.411,-456.973,-0.756798,25.0772,0.00145444,0.0126864,0.31814
32.58,1,0.00145444,25.0551,-1.32972,6,2,-719.662,85.8355,85.569,85.0845,85.2777,937.776,-457.317,-0.756539,25.0551,0.00145444,0.0126752,0.317577
32.6,1,0.00145444,25.0208,-1.3342,6,2,-704,85.6765,85.7541,85.1212,85.16,938.14,-457.661,-0.756285,25.0208,0.00145444,0.0126579,0.31671
32.62,1.00786,0.00146588,24.9887,-1.29542,6.4,2,-691.685,85.5231,85.3263,85.2211,84.9969,938.504,-458.004,-0.756032,24.9887,0.00146588,0.012741,0.31838
32.64,1.10699,0.00161005,24.9666,-1.21594,6.42795,2,-693.72,85.5116,85.5684,84.8028,84.8344,938.867,-458.346,-0.75577,24.9666,0.00161005,0.0139817,0.349076
32.66,1.2,0.00174533,24.944,-1.11341,6.8,2,-683.756,85.44,85.5886,84.8,84.8335,939.23,-458.689,-0.755479,24.944,0.00174533,0.0151428,0.377721
32.68,1.20383,0.0017509,24.9219,-1.00653,6.8,2,-673.77,85.56,85.24,84.7985,84.7692,939.593,-459.031,-0.75517,24.9219,0.0017509,0.0151776,0.378254
32.7,1.3,0.00189077,24.8998,-0.913939,6.8,2,-632.7,85.4353,85.2835,84.6788,84.9083,939.956,-459.372,-0.75486,24.8998,0.00189077,0.0163756,0.407751
32.72,1.3,0.00189077,24.8889,-0.852593,6.8,2,-721.46,85.2403,85.3207,84.521,84.3613,940.319,-459.713,-0.754527,24.8889,0.00189077,0.0163685,0.407393
32.74,1.4,0.00203622,24.8776,-0.82491,7.2,2,-642.161,85.3264,85.2671,84.6,84.5057,940.682,-460.054,-0.754193,24.8776,0.00203622,0.0176196,0.438332
32.76,1.4,0.00203622,24.8548,-0.81521,7.2,2,-615.007,85.3171,85.08,84.4714,84.6285,941.044,-460.394,-0.753834,24.8548,0.00203622,0.0176034,0.43753
32.78,1.4,0.00203622,24.8326,-0.80928,7.2,2,-679.194,85.157,85.117,84.606,84.434,941.407,-460.734,-0.753482,24.8326,0.00203622,0.0175877,0.436747
32.8,1.4,0.00203622,24.8222,-0.808832,7.2,2,-617.298,84.9974,85.0696,84.5096,84.5096,941.769,-461.074,-0.753131,24.8222,0.00203622,0.0175804,0.436383
32.82,1.4,0.00203622,24.8108,-0.818463,7.2,2,-656.998,85.085,84.9613,84.3213,84.32,942.131,-461.413,-0.752779,24.8108,0.00203622,0.0175723,0.435983
32.84,1.4,0.00203622,24.7887,-0.832586,7.2,2,-604.165,85.1556,84.9567,84.4378,84.3589,942.493,-461.752,-0.752428,24.7887,0.00203622,0.0175566,0.435207
32.86,1.5,0.00218166,24.7666,-0.847025,7.2,2,-607.881,84.8392,84.6796,84.3212,84.2804,942.855,-462.091,-0.752071,24.7666,0.00218166,0.0187939,0.465462
32.88,1.5,0.00218166,24.7556,-0.869534,7.2,2,-621.531,84.7994,84.8,84.3181,84.2,943.216,-462.429,-0.751689,24.7556,0.00218166,0.0187855,0.465046
32.9,1.5,0.00218166,24.744,-0.904973,7.2,2,-602.285,84.7607,84.799,84.2793,84.119,943.578,-462.767,-0.751313,24.744,0.00218166,0.0187767,0.46461
32.92,1.5,0.00218166,24.7215,-0.939828,7.6,2,-586,84.7884,84.6371,84.2858,84.2829,943.94,-463.105,-0.750938,24.7215,0.00218166,0.0187596,0.463766
32.94,1.50699,0.00219183,24.6994,-0.952866,7.6,2,-580.14,84.5944,84.4316,84.12,84.1972,944.301,-463.442,-0.750562,24.6994,0.00219183,0.0188303,0.465096
32.96,1.50268,0.00218555,24.6773,-0.937491,7.6,2,-582.106,84.5179,84.3285,84.1915,83.96,944.662,-463.779,-0.750186,24.6773,0.00218555,0.0187595,0.462933
32.98,1.6,0.00232711,24.6551,-0.911026,7.6,2,-579.909,84.3145,84.4363,84.0437,83.9563,945.023,-464.115,-0.749805,24.6551,0.00232711,0.0199566,0.492031
33,1.6,0.00232711,24.6444,-0.902812,7.6,2,-571.631,84.36,84.1971,84.12,84,945.384,-464.451,-0.7494,24.6444,0.00232711,0.0199479,0.491606
33.02,1.6,0.00232711,24.6334,-0.928244,7.6,2,-581.993,84.3599,84.16,83.88,83.88,945.745,-464.786,-0.749001,24.6334,0.00232711,0.019939,0.491164
33.04,1.6,0.00232711,24.6114,-0.973483,7.6,2,-575.987,84.1601,84.16,83.9598,83.88,946.106,-465.122,-0.748602,24.6114,0.00232711,0.0199212,0.490287
33.06,1.6,0.00232711,24.5892,-1.00792,7.6,2,-575.985,84.0399,84.04,83.88,83.72,946.466,-465.456,-0.748204,24.5892,0.00232711,0.0199032,0.489403
33.08,1.6,0.00232711,24.5668,-1.00722,7.6,2,-574,84.2,84.1486,83.7162,83.72,946.826,-465.791,-0.747806,24.5668,0.00232711,0.0198851,0.488513
33.1,1.69849,0.00247035,24.5443,-0.96582,7.6,2,-560.212,84.1606,84.0006,83.68,83.6412,947.187,-466.125,-0.747402,24.5443,0.00247035,0.0210897,0.517632
33.12,1.7,0.00247255,24.5217,-0.89846,7.6,2,-566.418,84,83.8463,83.68,83.5579,947.547,-466.458,-0.746975,24.5217,0.00247255,0.0210892,0.517143
33.14,1.7,0.00247255,24.5111,-0.8307,7.6,2,-574,83.9981,84,83.52,83.5144,947.906,-466.791,-0.746553,24.5111,0.00247255,0.02108,0.516695
33.16,1.7,0.00247255,24.4998,-0.779918,7.6,2,-574,84.0025,83.9992,83.4775,83.1617,948.266,-467.124,-0.746131,24.4998,0.00247255,0.0210703,0.516219
33.18,1.7,0.00247255,24.4777,-0.746668,7.58967,2,-573.948,84.039,83.839,83.361,83.48,948.626,-467.456,-0.74571,24.4777,0.00247255,0.0210513,0.515287
33.2,1.7,0.00247255,24.4667,-0.723817,7.59664,2,-577.95,83.881,83.681,83.3207,83.361,948.985,-467.788,-0.745289,24.4667,0.00247255,0.0210418,0.514823
33.22,1.7,0.00247255,24.4548,-0.703956,7.22982,2,-577.851,83.877,83.843,83.3081,83.086,949.345,-468.12,-0.744869,24.4548,0.00247255,0.0210316,0.514323
33.24,1.7,0.00247255,24.4326,-0.681877,7.23068,2,-577.847,83.7323,83.7908,83.3077,83.1508,949.705,-468.451,-0.744448,24.4326,0.00247255,0.0210125,0.513391
33.26,1.7,0.00247255,24.4222,-0.661096,7.57487,2,-581.623,83.8775,83.6425,83.24,83.165,950.064,-468.782,-0.744028,24.4222,0.00247255,0.0210036,0.512954
33.28,1.7,0.00247255,24.4104,-0.653071,7.2,2,-577.851,83.7881,83.6311,83.08,83.08,950.423,-469.113,-0.743608,24.4104,0.00247255,0.0209934,0.512457
33.3,1.7,0.00247255,24.4,-0.664073,7.2,2,-576,83.64,83.4898,83.1926,83.04,950.783,-469.443,-0.743188,24.4,0.00247255,0.0209845,0.512021
33.32,1.7,0.00247255,24.3887,-0.686855,7.2,2,-578,83.56,83.64,83.08,82.9977,951.142,-469.773,-0.742769,24.3887,0.00247255,0.0209747,0.511547
33.34,1.7,0.00247255,24.3666,-0.708403,7.2,2,-577.962,83.6792,83.4777,83.0008,82.9223,951.501,-470.103,-0.742349,24.3666,0.00247255,0.0209558,0.510621
33.36,1.7,0.00247255,24.3556,-0.722477,7.2,2,-576,83.5192,83.3997,83,82.9994,951.86,-470.432,-0.74193,24.3556,0.00247255,0.0209462,0.510157
33.38,1.7,0.00247255,24.3446,-0.729635,7.2,2,-577.993,83.4,83.36,83.0399,83.0396,952.219,-470.761,-0.741511,24.3446,0.00247255,0.0209368,0.509699
33.4,1.7,0.00247255,24.322,-0.73199,7.2,2,-578,83.4691,83.32,82.8836,82.8327,952.578,-471.09,-0.741093,24.322,0.00247255,0.0209174,0.508752
33.42,1.6,0.00232711,24.3111,-0.735347,7.2,2,-578,83.4,83.3583,82.88,82.7252,952.937,-471.418,-0.740681,24.3111,0.00232711,0.0196781,0.478397
33.44,1.6,0.00232711,24.2998,-0.74846,7.2,2,-578,83.32,83.156,82.9133,82.836,953.296,-471.746,-0.740294,24.2998,0.00232711,0.0196689,0.477951
33.46,1.6,0.00232711,24.2778,-0.778319,7.2,2,-580,83.2383,83.0004,82.7217,82.7213,953.655,-472.074,-0.7399,24.2778,0.00232711,0.0196511,0.477086
33.48,1.6,0.00232711,24.2667,-0.829881,7.2,2,-580,83.0788,83.1583,82.76,82.6788,954.013,-472.401,-0.739507,24.2667,0.00232711,0.0196422,0.47665
33.5,1.6,0.00232711,24.2556,-0.900248,7.2,2,-580,82.9211,82.9197,82.7589,82.44,954.372,-472.728,-0.739115,24.2556,0.00232711,0.0196332,0.476215
33.52,1.6,0.00232711,24.233,-0.97045,7.2,2,-580,83.0406,82.7619,82.6,82.6761,954.73,-473.054,-0.738722,24.233,0.00232711,0.0196149,0.475327
33.54,1.6,0.00232711,24.2103,-1.01424,7.2,2,-582,82.8337,82.72,82.4494,82.52,955.088,-473.381,-0.73833,24.2103,0.00232711,0.0195966,0.47444
33.56,1.6,0.00232711,24.1882,-1.01616,7.2,2,-582,82.8346,82.7227,82.5946,82.32,955.446,-473.706,-0.737938,24.1882,0.00232711,0.0195787,0.473573
33.58,1.5,0.00218166,24.166,-0.979703,7.2,2,-581.874,82.605,82.68,82.4,82.315,955.804,-474.032,-0.737553,24.166,0.00218166,0.0183381,0.44316
33.6,1.5,0.00218166,24.1442,-0.925101,7.2,2,-582,82.72,82.5961,82.2819,82.2419,956.162,-474.356,-0.737192,24.1442,0.00218166,0.0183216,0.442361
33.62,1.5,0.00218166,24.1333,-0.877637,7.2,2,-582,82.72,82.442,82.281,82.241,956.519,-474.681,-0.736826,24.1333,0.00218166,0.0183133,0.441962
33.64,1.5,0.00218166,24.1216,-0.847886,7.2,2,-580,82.56,82.4516,82.2771,82.2342,956.877,-475.005,-0.73646,24.1216,0.00218166,0.0183044,0.441531
33.66,1.5,0.00218166,24.0995,-0.825202,7.2,2,-583.906,82.52,82.5925,82.1219,82.1125,957.234,-475.329,-0.736094,24.0995,0.00218166,0.0182877,0.440723
33.68,1.5,0.00218166,24.0774,-0.796502,7.2,2,-584.155,82.6816,82.4,81.96,81.8016,957.591,-475.652,-0.735728,24.0774,0.00218166,0.0182709,0.439914
33.7,1.5,0.00218166,24.0667,-0.762481,7.2,2,-586,82.595,82.44,81.92,81.92,957.948,-475.975,-0.735363,24.0667,0.00218166,0.0182627,0.439524
33.72,1.5,0.00218166,24.0557,-0.729145,7.2,2,-589.999,82.4,82.32,81.92,81.92,958.305,-476.298,-0.734998,24.0557,0.00218166,0.0182544,0.439122
33.74,1.4,0.00203622,24.0336,-0.697808,7.2,2,-586.319,82.5104,82.32,81.8272,81.7632,958.662,-476.62,-0.734639,24.0336,0.00203622,0.0170218,0.409096
33.76,1.4,0.00203622,24.0222,-0.671561,7.2,2,-588,82.4089,82.437,81.797,81.6311,959.019,-476.942,-0.734305,24.0222,0.00203622,0.0170138,0.408708
33.78,1.4,0.00203622,24.0115,-0.658212,7.23049,2,-588,82.437,82.277,81.6891,81.643,959.375,-477.264,-0.733965,24.0115,0.00203622,0.0170062,0.408343
33.8,1.3,0.00189077,24,-0.659456,7.2,2,-588,82.317,82.157,81.68,81.763,959.732,-477.586,-0.733631,24,0.00189077,0.0157839,0.378813
33.82,1.3,0.00189077,23.9883,-0.664853,7.57663,2,-588,82.28,82.1647,81.68,81.6307,960.088,-477.907,-0.733321,23.9883,0.00189077,0.0157762,0.378444
33.84,1.3,0.00189077,23.9661,-0.662563,7.2,2,-589.876,82.1225,82.1649,81.68,81.44,960.445,-478.228,-0.733006,23.9661,0.00189077,0.0157616,0.377745
33.86,1.3,0.00189077,23.9556,-0.654019,7.21864,2,-588,82.3181,82.1563,81.6,81.4875,960.801,-478.549,-0.732691,23.9556,0.00189077,0.0157546,0.377411
33.88,1.3,0.00189077,23.9441,-0.652694,7.2,2,-586,82.2287,81.9168,81.5968,81.6352,961.157,-478.869,-0.732376,23.9441,0.00189077,0.0157471,0.377049
33.9,1.3,0.00189077,23.9333,-0.668628,7.2,2,-586,81.8482,81.9269,81.6014,81.5945,961.513,-479.189,-0.732061,23.9333,0.00189077,0.01574,0.376711
33.92,1.2966,0.00188583,23.9219,-0.698952,7.58641,2,-586.068,82.0773,81.9946,81.5973,81.44,961.869,-479.509,-0.731746,23.9219,0.00188583,0.0156914,0.375369
33.94,1.29735,0.00188691,23.8999,-0.73473,7.21061,2,-586,81.9179,81.8,81.5179,81.3232,962.225,-479.828,-0.731433,23.8999,0.00188691,0.015686,0.374893
33.96,1.2,0.00174533,23.8889,-0.771563,7.20056,2,-586,81.9199,81.8,81.44,81.4799,962.58,-480.147,-0.731125,23.8889,0.00174533,0.0145023,0.346443
33.98,1.2,0.00174533,23.8779,-0.80656,7.2,2,-586,81.7995,81.5203,81.36,81.3195,962.936,-480.466,-0.730841,23.8779,0.00174533,0.0144956,0.346123
34,1.10055,0.00160068,23.8551,-0.832743,7.2,2,-586,81.6402,81.7591,81.36,81.2,963.292,-480.785,-0.730557,23.8551,0.00160068,0.0132815,0.316832
34.02,1.1,0.00159989,23.8325,-0.850009,7.23255,2,-586,81.613,81.5902,81.4767,81.267,963.647,-481.103,-0.730297,23.8325,0.00159989,0.0132624,0.316075
34.04,1.1,0.00159989,23.8222,-0.872531,7.57023,2,-586,81.5911,81.44,81.046,81.0519,964.002,-481.421,-0.730032,23.8222,0.00159989,0.0132566,0.315803
34.06,1,0.00145444,23.8116,-0.910093,7.23373,2,-586,81.36,81.4299,81.0135,81.1966,964.357,-481.738,-0.729773,23.8116,0.00145444,0.0120461,0.286836
34.08,1,0.00145444,23.7887,-0.95005,7.22946,2,-586,81.4771,81.28,81.2623,81.0341,964.712,-482.056,-0.729539,23.7887,0.00145444,0.0120345,0.286285
34.1,1,0.00145444,23.7663,-0.96863,7.6,2,-586,81.16,81.32,81.04,80.9975,965.066,-482.373,-0.729298,23.7663,0.00145444,0.0120232,0.285747
34.12,1,0.00145444,23.7446,-0.954693,7.6,2,-587.984,81.3584,81.201,80.9607,80.8013,965.42,-482.689,-0.729058,23.7446,0.00145444,0.0120122,0.285226
34.14,0.9,0.001309,23.722,-0.91911,7.23166,2,-586,81.3442,81.04,80.8673,80.9473,965.775,-483.005,-0.728823,23.722,0.001309,0.0108007,0.256215
34.16,0.9,0.001309,23.7111,-0.883731,7.22756,2,-588,81.04,81.0483,80.731,80.8772,966.128,-483.321,-0.728613,23.7111,0.001309,0.0107958,0.255979
34.18,0.8,0.00116355,23.6993,-0.859079,7.6,2,-586.151,81.114,81.114,80.877,80.714,966.482,-483.637,-0.728404,23.6993,0.00116355,0.00959143,0.22731
34.2,0.8,0.00116355,23.6773,-0.834999,7.6,2,-588,81.1224,81.0448,80.7759,80.4752,966.836,-483.952,-0.728218,23.6773,0.00116355,0.00958254,0.226889
34.22,0.749959,0.00109077,23.6555,-0.797257,7.6,2,-588,81.1598,81.1594,80.3611,80.6798,967.189,-484.267,-0.728029,23.6555,0.00109077,0.00897489,0.212306
34.24,0.7,0.00101811,23.6444,-0.743645,7.6,2,-588,81.0404,80.8808,80.56,80.4808,967.542,-484.582,-0.727856,23.6444,0.00101811,0.00837309,0.197977
34.26,0.691442,0.00100566,23.6336,-0.677888,7.6,2,-588,81.1566,81.0103,80.4732,80.4732,967.895,-484.896,-0.727692,23.6336,0.00100566,0.00826693,0.195377
34.28,0.6,0.000872665,23.6114,-0.60391,7.6,2,-588,80.8902,81.0366,80.4,80.343,968.248,-485.211,-0.727533,23.6114,0.000872665,0.00716689,0.16922
34.3,0.6,0.000872665,23.6,-0.534922,7.6,2,-587.831,81.12,80.9966,80.3566,80.2169,968.601,-485.525,-0.727395,23.6,0.000872665,0.00716344,0.169057
34.32,0.594353,0.000864451,23.6,-0.490957,7.6,2,-586,80.9932,80.8755,80.36,80.3977,968.953,-485.838,-0.727252,23.6,0.000864451,0.00709601,0.167466
34.34,0.5,0.000727221,23.5885,-0.479297,7.6,2,-586,80.8493,80.8116,80.3153,80.3507,969.306,-486.152,-0.727116,23.5885,0.000727221,0.00596661,0.140743
34.36,0.5,0.000727221,23.5778,-0.489301,7.6,2,-586,80.9918,80.9539,80.2441,80.1641,969.658,-486.466,-0.727002,23.5778,0.000727221,0.00596391,0.140616
34.38,0.5,0.000727221,23.5662,-0.50719,7.6,2,-584.097,80.8781,80.7961,80.2225,80.1561,970.01,-486.779,-0.726883,23.5662,0.000727221,0.00596097,0.140477
34.4,0.496009,0.000721416,23.5556,-0.527179,7.6,2,-587.92,80.8416,80.7952,80.0928,80.32,970.362,-487.092,-0.726764,23.5556,0.000721416,0.00591073,0.139231
34.42,0.4,0.000581776,23.5446,-0.551224,7.6,2,-582.032,80.8006,80.5213,80.1619,80.0819,970.714,-487.405,-0.726652,23.5446,0.000581776,0.00476441,0.112176
34.44,0.393501,0.000572325,23.5333,-0.585015,7.6,2,-580,80.64,80.6826,80.2348,80.1626,971.066,-487.718,-0.726563,23.5333,0.000572325,0.00468477,0.110248
34.46,0.397269,0.000577805,23.522,-0.633864,7.6,2,-578.055,80.5633,80.6756,80.2,80.0778,971.418,-488.03,-0.726469,23.522,0.000577805,0.00472734,0.111196
34.48,0.3,0.000436332,23.5111,-0.69697,7.6,2,-579.963,80.52,80.3607,80.0393,80.003,971.77,-488.343,-0.72638,23.5111,0.000436332,0.00356823,0.083893
34.5,0.3,0.000436332,23.4998,-0.761944,7.6,2,-575.95,80.4785,80.4785,80.08,80.1585,972.121,-488.655,-0.726315,23.4998,0.000436332,0.00356651,0.0838122
34.52,0.3,0.000436332,23.4776,-0.809876,7.99234,2,-572,80.36,80.32,80.0792,80.0785,972.472,-488.967,-0.726243,23.4776,0.000436332,0.00356314,0.0836539
34.54,0.302226,0.00043957,23.4555,-0.832973,7.6,2,-574,80.2391,80.32,79.8836,79.8827,972.823,-489.279,-0.726172,23.4555,0.00043957,0.0035862,0.084116
34.56,0.3,0.000436332,23.4444,-0.841807,7.6,2,-573.953,80.3181,80.2381,80.0372,79.84,973.174,-489.59,-0.7261,23.4444,0.000436332,0.00355811,0.0834179
34.58,0.3,0.000436332,23.4332,-0.848022,7.6,2,-572,80.1995,80.0795,79.88,79.8795,973.524,-489.901,-0.726029,23.4332,0.000436332,0.0035564,0.0833379
34.6,0.301671,0.000438763,23.4108,-0.850069,7.6,2,-570,80.04,80,79.764,79.8433,973.875,-490.212,-0.725958,23.4108,0.000438763,0.00357279,0.0836419
34.62,0.3,0.000436332,23.3884,-0.845045,7.97882,2,-564.212,80.0336,80.08,79.8694,79.7515,974.225,-490.523,-0.725887,23.3884,0.000436332,0.0035496,0.0830195
34.64,0.3,0.000436332,23.3778,-0.840455,7.61832,2,-570,79.8873,80.0345,79.7182,79.5963,974.575,-490.833,-0.725816,23.3778,0.000436332,0.00354799,0.0829442
34.66,0.3,0.000436332,23.3666,-0.841157,7.6,2,-568.015,80.0397,79.88,79.5203,79.6012,974.924,-491.144,-0.725745,23.3666,0.000436332,0.0035463,0.0828649
34.68,0.3,0.000436332,23.3445,-0.837112,7.6,2,-568,79.8796,79.8398,79.5599,79.6796,975.274,-491.454,-0.725674,23.3445,0.000436332,0.00354294,0.082708
34.7,0.3,0.000436332,23.3218,-0.817068,7.6,2,-569.992,79.8795,79.8397,79.5598,79.5998,975.623,-491.763,-0.725603,23.3218,0.000436332,0.0035395,0.0825477
34.72,0.3,0.000436332,23.3111,-0.783198,7.6,2,-570.144,79.7229,79.88,79.4371,79.3258,975.972,-492.073,-0.725532,23.3111,0.000436332,0.00353788,0.0824718
34.74,0.3,0.000436332,23.2995,-0.742385,7.6,2,-572,80,79.84,79.315,79.315,976.32,-492.382,-0.725462,23.2995,0.000436332,0.00353611,0.0823895
34.76,0.3,0.000436332,23.2775,-0.696197,7.6,2,-572,79.9142,79.7586,79.3171,79.2414,976.669,-492.691,-0.725391,23.2775,0.000436332,0.00353277,0.0822339
34.78,0.397214,0.000577724,23.2667,-0.647463,7.6,2,-572,79.6033,79.68,79.2378,79.32,977.017,-493,-0.725315,23.2667,0.000577724,0.00467538,0.108781
34.8,0.3,0.000436332,23.2554,-0.60439,7.6,2,-572,79.76,79.7619,79.2361,79.1171,977.365,-493.308,-0.725221,23.2554,0.000436332,0.00352942,0.0820781
34.82,0.300129,0.00043652,23.2444,-0.572936,7.6,2,-572,79.76,79.7599,79.2398,79.0799,977.713,-493.617,-0.725156,23.2444,0.00043652,0.00352928,0.0820361
34.84,0.300259,0.000436709,23.2335,-0.551796,7.6,2,-574,79.72,79.5601,78.9608,79.0003,978.061,-493.925,-0.725086,23.2335,0.000436709,0.00352915,0.0819945
34.86,0.3,0.000436332,23.2222,-0.535219,7.6,2,-574,79.7168,79.6736,79.0704,79.0832,978.409,-494.233,-0.725015,23.2222,0.000436332,0.00352438,0.081844
34.88,0.3,0.000436332,23.2108,-0.517886,7.6,2,-574,79.6738,79.56,78.9693,79.0707,978.756,-494.541,-0.724945,23.2108,0.000436332,0.00352265,0.0817636
34.9,0.3,0.000436332,23.2,-0.498899,7.6,2,-574.169,79.5234,79.6068,79.0101,78.9234,979.104,-494.849,-0.724874,23.2,0.000436332,0.00352101,0.0816875
34.92,0.3,0.000436332,23.1884,-0.484921,7.6,2,-574,79.68,79.5525,79.0744,78.96,979.451,-495.156,-0.724804,23.1884,0.000436332,0.00351925,0.0816056
34.94,0.3,0.000436332,23.1778,-0.489449,7.6,2,-575.904,79.5542,79.4,78.9981,78.9219,979.798,-495.464,-0.724733,23.1778,0.000436332,0.00351764,0.0815311
34.96,0.3,0.000436332,23.1778,-0.521157,7.6,2,-574,79.401,79.439,78.8431,79.0021,980.145,-495.771,-0.724663,23.1778,0.000436332,0.00351764,0.0815311
34.98,0.3,0.000436332,23.1667,-0.569763,7.6,2,-574,79.4392,79.3996,78.9992,78.8396,980.492,-496.078,-0.724593,23.1667,0.000436332,0.00351595,0.081453
35,0.3,0.000436332,23.1439,-0.61422,7.6,2,-575.992,79.1605,79.32,78.9197,78.76,980.839,-496.385,-0.724522,23.1439,0.000436332,0.00351251,0.0812932
35.02,0.3,0.000436332,23.1333,-0.647346,7.6,2,-576,79.3165,79.24,78.8009,78.8383,981.186,-496.692,-0.724452,23.1333,0.000436332,0.00351089,0.0812187
35.04,0.393367,0.00057213,23.1217,-0.680808,7.6,2,-576,79.3841,79.0827,78.792,78.8,981.532,-496.998,-0.724376,23.1217,0.00057213,0.00460125,0.106388
35.06,0.3,0.000436332,23.1111,-0.72556,7.6,2,-575.912,79,79.12,78.8435,78.9147,981.878,-497.305,-0.724284,23.1111,0.000436332,0.00350752,0.0810627
35.08,0.3,0.000436332,23.0997,-0.775586,7.6,2,-574.07,78.9614,79,78.8,78.6386,982.224,-497.611,-0.72422,23.0997,0.000436332,0.00350579,0.0809826
35.1,0.3,0.000436332,23.0771,-0.813327,7.6,2,-576,79.0777,78.9989,78.7531,78.4811,982.57,-497.917,-0.72415,23.0771,0.000436332,0.00350236,0.0808242
35.12,0.3,0.000436332,23.0546,-0.830789,7.6,2,-577.967,78.9607,78.842,78.5987,78.6774,982.916,-498.222,-0.72408,23.0546,0.000436332,0.00349895,0.080667
35.14,0.3,0.000436332,23.0444,-0.838257,7.2,2,-576,78.76,78.6862,78.7538,78.7877,983.261,-498.528,-0.72401,23.0444,0.000436332,0.0034974,0.0805957
35.16,0.3,0.000436332,23.0333,-0.846312,7.2,2,-578.141,78.7544,78.7915,78.4287,78.4428,983.606,-498.833,-0.72394,23.0333,0.000436332,0.00349571,0.0805175
35.18,0.3,0.000436332,23.0105,-0.851202,7.2,2,-580,78.7624,78.7624,78.2898,78.2727,983.951,-499.138,-0.72387,23.0105,0.000436332,0.00349225,0.0803582
35.2,0.3,0.000436332,22.9884,-0.847413,7.2,2,-579.795,78.7559,78.7518,78.44,78.2882,984.296,-499.443,-0.7238,22.9884,0.000436332,0.00348889,0.0802039
35.22,0.3,0.000436332,22.9778,-0.839707,7.2,2,-574.162,78.5968,78.36,78.36,78.4368,984.64,-499.747,-0.72373,22.9778,0.000436332,0.00348729,0.0801301
35.24,0.3,0.000436332,22.9664,-0.830022,7.2,2,-582.069,78.6014,78.5283,78.2772,78.2772,984.985,-500.051,-0.723661,22.9664,0.000436332,0.00348557,0.0800511
35.26,0.3,0.000436332,22.9443,-0.806239,7.2,2,-585.928,78.4814,78.6771,78.1214,78.2757,985.329,-500.355,-0.723591,22.9443,0.000436332,0.0034822,0.0798964
35.28,0.3,0.000436332,22.9219,-0.757901,7.2,2,-582,78.68,78.52,78.3125,77.9985,985.672,-500.659,-0.723521,22.9219,0.000436332,0.00347881,0.079741
35.3,0.3,0.000436332,22.9111,-0.69368,7.2,2,-588.065,78.6348,78.5148,78.0387,78.1213,986.016,-500.962,-0.723452,22.9111,0.000436332,0.00347717,0.0796658
35.32,0.3,0.000436332,22.9001,-0.633235,7.2,2,-593.946,78.4405,78.36,77.8421,78.0416,986.359,-501.265,-0.723382,22.9001,0.000436332,0.0034755,0.0795895
35.34,0.3,0.000436332,22.8889,-0.588937,7.2,2,-592,78.4768,78.6368,78.0238,77.7395,986.703,-501.569,-0.723313,22.8889,0.000436332,0.0034738,0.0795113
35.36,0.291958,0.000424635,22.8781,-0.560297,7.2,2,-592,78.3729,78.4336,77.8497,78.0943,987.046,-501.871,-0.723244,22.8781,0.000424635,0.00337909,0.0773072
35.38,0.2,0.000290888,22.8667,-0.539322,7.2,2,-594.473,78.6274,78.4463,77.8,77.6526,987.389,-502.174,-0.723182,22.8667,0.000290888,0.00231362,0.0529047
35.4,0.19314,0.00028091,22.8549,-0.517341,7.2,2,-594,78.4427,78.5063,77.8318,77.8745,987.731,-502.477,-0.723141,22.8549,0.00028091,0.00223311,0.0510376
35.42,0.1,0.000145444,22.8444,-0.490049,7.2,2,-596,78.3168,78.0432,77.84,77.72,988.074,-502.779,-0.723103,22.8444,0.000145444,0.00115568,0.0264009
35.44,0.0982665,0.000142923,22.8333,-0.460785,7.2,2,-596.035,78.1628,78.4414,77.7221,77.8,988.416,-503.081,-0.723085,22.8333,0.000142923,0.0011351,0.025918
35.46,-0.1,-0.000145444,22.8222,-0.440832,7.2,2,-596.16,78.5904,78.4544,77.68,77.6304,988.759,-503.384,-0.723074,22.8222,-0.000145444,-0.00115456,-0.0263496
35.48,-0.1,-0.000145444,22.8222,-0.441526,7.2,2,-601.71,78.1513,77.9629,77.8655,77.6829,989.101,-503.686,-0.723108,22.8222,-0.000145444,-0.00115456,-0.0263496
35.5,-0.106474,-0.00015486,22.8105,-0.462443,7.2,2,-600,78.0555,78.2155,77.6722,77.8322,989.443,-503.988,-0.723132,22.8105,-0.00015486,-0.00122867,-0.0280267
35.52,-0.2,-0.000290888,22.8,-0.491719,7.2,2,-602.079,78.3137,78.4289,77.6863,77.5537,989.785,-504.289,-0.723162,22.8,-0.000290888,-0.00230687,-0.0525966
35.54,-0.3,-0.000436332,22.7886,-0.518145,7.2,2,-604.169,78.0068,77.9617,77.3268,77.4885,990.127,-504.591,-0.723219,22.7886,-0.000436332,-0.00345858,-0.0788163
35.56,-0.30325,-0.000441059,22.7778,-0.538543,7.2,2,-601.805,78.1561,78.1213,78.0335,77.7922,990.468,-504.893,-0.723295,22.7778,-0.000441059,-0.00349438,-0.0795943
35.58,-0.4,-0.000581776,22.7665,-0.556354,7.2,2,-602,78.0415,78.1156,77.4771,77.4807,990.81,-505.194,-0.72337,22.7665,-0.000581776,-0.00460697,-0.104885
35.6,-0.5,-0.000727221,22.7556,-0.578054,7.2,2,-604.048,78.039,77.7238,77.2515,77.4857,991.151,-505.495,-0.723474,22.7556,-0.000727221,-0.00575593,-0.130979
35.62,-0.5,-0.000727221,22.7439,-0.609939,7.2,2,-601.775,77.7155,78.0068,77.822,77.631,991.492,-505.797,-0.723594,22.7439,-0.000727221,-0.00575299,-0.130845
35.64,-0.494984,-0.000719924,22.7333,-0.653968,7.2,2,-604.1,77.848,77.948,77.472,77.23,991.833,-506.098,-0.723709,22.7333,-0.000719924,-0.00569262,-0.129412
35.66,-0.497724,-0.00072391,22.7221,-0.70451,6.8,2,-617.863,77.9536,77.68,77.3609,77.2064,992.173,-506.399,-0.723823,22.7221,-0.00072391,-0.00572131,-0.13
35.68,-0.5,-0.000727221,22.6999,-0.752769,6.8,2,-604,77.52,77.639,77.2395,77.68,992.514,-506.7,-0.723938,22.6999,-0.000727221,-0.00574187,-0.13034
35.7,-0.5,-0.000727221,22.6889,-0.7942,6.79813,2,-608.009,77.6802,77.6404,77.5206,77.3591,992.854,-507,-0.724052,22.6889,-0.000727221,-0.00573907,-0.130213
35.72,-0.5,-0.000727221,22.677,-0.824473,6.4,2,-606.115,77.5646,77.72,77.2515,77.0823,993.194,-507.301,-0.724167,22.677,-0.000727221,-0.00573606,-0.130077
35.74,-0.5,-0.000727221,22.6549,-0.833529,6.4,2,-612.137,77.4827,77.52,77.1627,77.309,993.533,-507.601,-0.724282,22.6549,-0.000727221,-0.00573049,-0.129824
35.76,-0.59274,-0.000862106,22.6327,-0.816166,6.4,2,-609.274,77.6226,77.3971,77.3084,77.1542,993.872,-507.901,-0.724402,22.6327,-0.000862106,-0.00678671,-0.153602
35.78,-0.5,-0.000727221,22.6222,-0.781617,6.4,2,-616.126,77.245,77.2551,77.0025,77.2025,994.211,-508.201,-0.724537,22.6222,-0.000727221,-0.00572221,-0.129449
35.8,-0.5,-0.000727221,22.6107,-0.742502,6,2,-608,77.4,77.5578,77.1555,77.1511,994.55,-508.501,-0.724647,22.6107,-0.000727221,-0.00571928,-0.129317
35.82,-0.598253,-0.000870123,22.5888,-0.704672,6,2,-622.035,77.3607,77.4786,77.0007,77.1558,994.888,-508.801,-0.724767,22.5888,-0.000870123,-0.00683653,-0.154429
35.84,-0.502011,-0.000730146,22.5778,-0.673853,6,2,-620.201,77.32,77.32,76.8384,76.6816,995.227,-509.1,-0.724903,22.5778,-0.000730146,-0.00573394,-0.12946
35.86,-0.599052,-0.000871286,22.5668,-0.658573,6,2,-620.029,77.32,77.3192,76.7608,76.92,995.564,-509.399,-0.725018,22.5668,-0.000871286,-0.006839,-0.154334
35.88,-0.500749,-0.000728311,22.5556,-0.659666,5.6,2,-626.06,77.3191,77.2003,76.84,76.8394,995.902,-509.699,-0.725155,22.5556,-0.000728311,-0.0057139,-0.12888
35.9,-0.6,-0.000872665,22.5444,-0.664272,5.6,2,-634,77.0801,77.24,76.76,76.76,996.24,-509.998,-0.725269,22.5444,-0.000872665,-0.00684303,-0.154272
35.92,-0.5,-0.000727221,22.5223,-0.65628,5.2,2,-639.996,77.3197,77.32,76.8398,76.76,996.577,-510.297,-0.725406,22.5223,-0.000727221,-0.00569692,-0.128308
35.94,-0.500056,-0.000727303,22.5111,-0.632089,4.79977,2,-665.995,77.2,77.1999,76.52,76.3202,996.914,-510.596,-0.725514,22.5111,-0.000727303,-0.00569475,-0.128195
35.96,-0.6,-0.000872665,22.5004,-0.601945,4.4,2,-649.836,77.0866,77.0066,76.5233,76.7436,997.251,-510.894,-0.725634,22.5004,-0.000872665,-0.00682966,-0.15367
35.98,-0.6,-0.000872665,22.4889,-0.578095,4,2,-656,77.0741,77.2,76.6741,76.5941,997.587,-511.193,-0.725776,22.4889,-0.000872665,-0.00682618,-0.153513
36,-0.507045,-0.000737466,22.4772,-0.56783,3.97182,2,-667.241,76.8913,77.0772,76.32,76.4028,997.923,-511.491,-0.725907,22.4772,-0.000737466,-0.00576562,-0.129595
36.02,-0.5,-0.000727221,22.4667,-0.574677,3.58321,2,-672.42,77.16,77.0017,76.405,76.3234,998.26,-511.79,-0.726017,22.4667,-0.000727221,-0.00568286,-0.127675
36.04,-0.5,-0.000727221,22.4554,-0.599043,3.2,2,-709.271,76.9966,77.0366,76.3966,76.44,998.595,-512.088,-0.72613,22.4554,-0.000727221,-0.00568001,-0.127547
36.06,-0.501738,-0.000729748,22.4444,-0.635881,2.8,2,-690.209,76.8807,76.88,76.32,76.3979,998.931,-512.386,-0.726243,22.4444,-0.000729748,-0.00569697,-0.127865
36.08,-0.5,-0.000727221,22.4332,-0.673937,2.39061,2,-700.094,76.9125,76.88,76.3972,76.2409,999.267,-512.684,-0.726357,22.4332,-0.000727221,-0.0056744,-0.127295
36.1,-0.5,-0.000727221,22.4108,-0.703074,1.60001,2,-743.999,76.72,76.92,76.16,76.28,999.602,-512.982,-0.726471,22.4108,-0.000727221,-0.00566874,-0.127041
36.12,-0.6,-0.000872665,22.4,-0.723918,1.1699,2,-734.107,76.917,76.76,76.16,76.006,999.937,-513.28,-0.72659,22.4,-0.000872665,-0.0067992,-0.152302
36.14,-0.597501,-0.000869029,22.3888,-0.745336,0,2,-732.3,76.598,76.598,76.275,76.316,1000.27,-513.577,-0.726731,22.3888,-0.000869029,-0.0067675,-0.151517
36.16,-0.500374,-0.000727764,22.3667,-0.776568,0,2,-758.015,76.5604,76.5607,75.9606,76.12,1000.61,-513.875,-0.726861,22.3667,-0.000727764,-0.00566181,-0.126636
36.18,-0.500412,-0.00072782,22.3556,-0.825902,0,2,-765.984,76.5605,76.76,76.12,75.9208,1000.94,-514.172,-0.726969,22.3556,-0.00072782,-0.00565942,-0.126519
36.2,-0.5,-0.000727221,22.344,-0.895305,0,2,-787.949,76.5194,76.402,75.9997,75.9203,1001.27,-514.469,-0.727082,22.344,-0.000727221,-0.00565183,-0.126285
36.22,-0.597703,-0.000869323,22.3214,-0.972705,0,2,-819.647,76.5591,76.3182,75.8037,75.9182,1001.61,-514.766,-0.7272,22.3214,-0.000869323,-0.0067494,-0.150656
36.24,-0.592714,-0.000862067,22.2994,-1.03944,0,2,-794.477,76.2683,76.4283,75.9025,75.8283,1001.94,-515.062,-0.72734,22.2994,-0.000862067,-0.00668646,-0.149104
36.26,-0.6,-0.000872665,22.2773,-1.08474,0,2,-835.837,76.1265,76.1557,75.6843,75.7935,1002.27,-515.359,-0.727474,22.2773,-0.000872665,-0.00676195,-0.150638
36.28,-0.6,-0.000872665,22.2551,-1.10896,0,2,-815.595,76.24,76.2476,75.6838,75.6876,1002.61,-515.655,-0.72761,22.2551,-0.000872665,-0.00675521,-0.150338
36.3,-0.6,-0.000872665,22.233,-1.11821,0,2,-812.608,75.9584,76.2305,75.6705,75.5121,1002.94,-515.951,-0.727745,22.233,-0.000872665,-0.0067485,-0.150039
36.32,-0.6,-0.000872665,22.211,-1.11941,0,2,-881.287,76.0815,75.8392,75.4408,75.3615,1003.27,-516.247,-0.72788,22.211,-0.000872665,-0.00674182,-0.149742
36.34,-0.6,-0.000872665,22.1889,-1.11776,0,2,-894.672,76.0715,75.9632,75.4768,75.5242,1003.6,-516.542,-0.728014,22.1889,-0.000872665,-0.00673512,-0.149445
36.36,-0.6,-0.000872665,22.1668,-1.11593,0,2,-916.012,75.6,75.9198,75.2798,75.5192,1003.93,-516.837,-0.728149,22.1668,-0.000872665,-0.00672841,-0.149147
36.38,-0.6,-0.000872665,22.1446,-1.1145,0,2,-924.964,75.938,75.8,75.1489,74.96,1004.26,-517.132,-0.728284,22.1446,-0.000872665,-0.00672167,-0.148849
36.4,-0.6,-0.000872665,22.1219,-1.11317,0,2,-939.24,75.8036,75.7604,75.3213,74.9996,1004.59,-517.427,-0.728418,22.1219,-0.000872665,-0.00671479,-0.148544
36.42,-0.6,-0.000872665,22.0995,-1.11209,0,2,-946.247,75.4482,75.6016,74.6849,75.1518,1004.92,-517.721,-0.728552,22.0995,-0.000872665,-0.006708,-0.148244
36.44,-0.7,-0.00101811,22.0777,-1.11195,0,2,-944.242,75.7968,75.5984,75.0008,74.84,1005.25,-518.015,-0.728692,22.0777,-0.00101811,-0.00781827,-0.17261
36.46,-0.60059,-0.000873522,22.0557,-1.11287,0,2,-957.988,75.3219,75.52,74.9605,74.84,1005.58,-518.309,-0.728848,22.0557,-0.000873522,-0.00670127,-0.147801
36.48,-0.609486,-0.000886461,22.0334,-1.11359,0,2,-1013.25,75.6152,75.6248,74.3866,74.661,1005.91,-518.603,-0.728977,22.0334,-0.000886461,-0.00679366,-0.149688
36.5,-0.7,-0.00101811,22.0107,-1.1124,0,2,-981.993,75.3613,75.3205,74.9589,74.48,1006.24,-518.896,-0.729118,22.0107,-0.00101811,-0.00779454,-0.171563
36.52,-0.606163,-0.000881628,21.9882,-1.10874,0,2,-994,75.0647,75.2849,74.3778,74.5225,1006.57,-519.189,-0.729274,21.9882,-0.000881628,-0.00674276,-0.148261
36.54,-0.7,-0.00101811,21.9662,-1.10395,0,2,-1007.76,75.6654,75.4327,74.2365,74.5551,1006.9,-519.482,-0.729409,21.9662,-0.00101811,-0.00777876,-0.170869
36.56,-0.7,-0.00101811,21.944,-1.10078,0,2,-929.426,74.8308,75.1154,74.4992,74.2308,1007.22,-519.775,-0.72957,21.944,-0.00101811,-0.00777091,-0.170525
36.58,-0.7,-0.00101811,21.9218,-1.10299,0,2,-1088.75,75.1343,75.1582,74.0471,74.1618,1007.55,-520.067,-0.729725,21.9218,-0.00101811,-0.00776305,-0.17018
36.6,-0.7,-0.00101811,21.8999,-1.115,0,2,-1016.09,75.4208,74.9948,74.2383,74.1617,1007.88,-520.36,-0.72988,21.8999,-0.00101811,-0.00775529,-0.16984
36.62,-0.7,-0.00101811,21.8774,-1.14117,0,2,-1078.69,74.5684,74.88,73.9254,74.0823,1008.2,-520.651,-0.730035,21.8774,-0.00101811,-0.00774733,-0.169492
36.64,-0.8,-0.00116355,21.8549,-1.18401,0,2,-1078.28,74.8493,74.9476,74.2094,74.1507,1008.53,-520.943,-0.730195,21.8549,-0.00116355,-0.00884498,-0.193306
36.66,-0.8,-0.00116355,21.833,-1.23982,0,2,-1030.61,74.8299,74.682,73.9697,73.8739,1008.85,-521.235,-0.730378,21.833,-0.00116355,-0.00883611,-0.192918
36.68,-0.8,-0.00116355,21.8109,-1.29401,0,2,-1115.12,74.5209,74.6791,73.3263,73.68,1009.18,-521.526,-0.730554,21.8109,-0.00116355,-0.00882718,-0.192529
36.7,-0.8,-0.00116355,21.7776,-1.32696,0,2,-1037.35,74.6369,74.4777,74.0431,73.7631,1009.5,-521.817,-0.730731,21.7776,-0.00116355,-0.00881369,-0.191941
36.72,-0.8,-0.00116355,21.7446,-1.33329,0,2,-1069.7,74.3607,74.3202,73.6831,73.761,1009.83,-522.107,-0.730907,21.7446,-0.00116355,-0.00880034,-0.19136
36.74,-0.8,-0.00116355,21.7225,-1.33163,0,2,-1077.81,74.346,74.5095,73.607,73.7025,1010.15,-522.397,-0.731083,21.7225,-0.00116355,-0.00879142,-0.190972
36.76,-0.8,-0.00116355,21.7003,-1.34662,0,2,-1048.97,74.2,74.2245,73.56,73.4031,1010.48,-522.687,-0.731259,21.7003,-0.00116355,-0.00878241,-0.190581
36.78,-0.8,-0.00116355,21.6779,-1.38346,0,2,-1065.79,74.16,74.0438,73.5369,73.3123,1010.8,-522.977,-0.731434,21.6779,-0.00116355,-0.00877337,-0.190189
36.8,-0.8,-0.00116355,21.6438,-1.42643,0,2,-1030.28,74.0019,74.0405,73.2409,73.3981,1011.12,-523.266,-0.73161,21.6438,-0.00116355,-0.00875957,-0.189591
36.82,-0.8,-0.00116355,21.6105,-1.45957,0,2,-1056.49,73.8775,73.6849,73.1225,73.2701,1011.44,-523.555,-0.731785,21.6105,-0.00116355,-0.00874607,-0.189007
36.84,-0.8,-0.00116355,21.5884,-1.47871,0,2,-1052.98,73.7132,73.9246,73.2777,73.0732,1011.76,-523.844,-0.731959,21.5884,-0.00116355,-0.00873713,-0.188621
36.86,-0.8,-0.00116355,21.5548,-1.48473,0,2,-1062,73.6834,73.8665,72.9583,73.0817,1012.08,-524.132,-0.732134,21.5548,-0.00116355,-0.00872355,-0.188035
36.88,-0.8,-0.00116355,21.5218,-1.47919,0,2,-1064,73.6721,73.4439,72.838,72.6701,1012.41,-524.42,-0.732308,21.5218,-0.00116355,-0.00871019,-0.187459
36.9,-0.8,-0.00116355,21.4997,-1.46549,0,2,-1065.62,73.32,73.597,72.7985,72.6905,1012.73,-524.708,-0.732482,21.4997,-0.00116355,-0.00870124,-0.187074
36.92,-0.8,-0.00116355,21.4666,-1.44584,0,2,-1065.99,73.3999,73.2404,72.6402,72.8402,1013.04,-524.995,-0.732656,21.4666,-0.00116355,-0.00868785,-0.186499
36.94,-0.8,-0.00116355,21.4335,-1.42317,0,2,-1054.02,73.2797,73.4005,72.6399,72.4395,1013.36,-525.282,-0.73283,21.4335,-0.00116355,-0.00867443,-0.185923
36.96,-0.8,-0.00116355,21.4114,-1.40433,0,2,-1063.96,73.2836,73.3747,72.32,72.4617,1013.68,-525.569,-0.733003,21.4114,-0.00116355,-0.00866548,-0.18554
36.98,-0.8,-0.00116355,21.3891,-1.38886,0,2,-1071.96,73.3932,73.2468,72.3566,72.2527,1014,-525.855,-0.733177,21.3891,-0.00116355,-0.00865648,-0.185155
37,-0.8,-0.00116355,21.3551,-1.36135,0,2,-1076.03,73.0045,73.2806,72.2806,72.0389,1014.32,-526.142,-0.73335,21.3551,-0.00116355,-0.00864272,-0.184566
37.02,-0.8,-0.00116355,21.3218,-1.30912,0,2,-1076.22,72.9674,72.8459,71.8474,72.3185,1014.63,-526.427,-0.733522,21.3218,-0.00116355,-0.00862923,-0.183991
37.04,-0.8,-0.00116355,21.2998,-1.24017,0,2,-1070,73.157,73.2415,72.2739,71.8724,1014.95,-526.713,-0.733695,21.2998,-0.00116355,-0.00862034,-0.183612
37.06,-0.8,-0.00116355,21.2778,-1.175,0,2,-1085.93,72.9181,73.0766,71.84,72.041,1015.27,-526.998,-0.733867,21.2778,-0.00116355,-0.00861141,-0.183232
37.08,-0.800243,-0.00116391,21.2556,-1.1284,0,2,-1096,72.7604,72.8402,71.8001,71.7198,1015.58,-527.283,-0.734039,21.2556,-0.00116391,-0.00860506,-0.182906
37.1,-0.9,-0.001309,21.233,-1.10489,0,2,-1090.06,72.92,72.8406,71.9592,71.8386,1015.9,-527.567,-0.734217,21.233,-0.001309,-0.00966747,-0.20527
37.12,-0.905978,-0.00131769,21.2106,-1.10468,0,2,-1088.96,72.5904,72.64,71.64,71.7833,1016.21,-527.852,-0.734416,21.2106,-0.00131769,-0.00972138,-0.206196
37.14,-1.00261,-0.00145823,21.1885,-1.12826,0,2,-1102.98,72.4441,72.602,71.802,71.4123,1016.53,-528.136,-0.734615,21.1885,-0.00145823,-0.0107471,-0.227715
37.16,-1.1,-0.00159989,21.1664,-1.17558,0,2,-1078.12,72.6364,72.5152,71.68,71.9916,1016.84,-528.42,-0.734841,21.1664,-0.00159989,-0.0117787,-0.249314
37.18,-1.10295,-0.00160418,21.1442,-1.24112,0,2,-1086.12,72.3588,72.36,71.5141,71.3212,1017.16,-528.704,-0.735081,21.1442,-0.00160418,-0.011798,-0.249459
37.2,-1.2,-0.00174533,21.1217,-1.30922,0,2,-1088,72.1993,72.3189,71.4007,71.6404,1017.47,-528.987,-0.735323,21.1217,-0.00174533,-0.0128224,-0.27083
37.22,-1.2076,-0.00175638,21.0884,-1.35991,0,2,-1088,72.04,72.1139,71.56,71.3848,1017.78,-529.27,-0.735585,21.0884,-0.00175638,-0.0128832,-0.271687
37.24,-1.3,-0.00189077,21.0555,-1.38602,0,2,-1088,71.96,72.1262,71.3014,71.3262,1018.1,-529.553,-0.735847,21.0555,-0.00189077,-0.0138474,-0.291562
37.26,-1.30687,-0.00190077,21.0327,-1.39986,0,2,-1088.27,71.9973,72.0263,71.0992,71.349,1018.41,-529.836,-0.736129,21.0327,-0.00190077,-0.0139055,-0.292471
37.28,-1.4,-0.00203622,21.0105,-1.41576,0,2,-1090,71.875,71.72,71.34,71.01,1018.72,-530.118,-0.736413,21.0105,-0.00203622,-0.0148807,-0.31265
37.3,-1.4,-0.00203622,20.977,-1.43458,0,2,-1090,71.7122,71.72,71,71.1941,1019.03,-530.4,-0.736715,20.977,-0.00203622,-0.014857,-0.311656
37.32,-1.4,-0.00203622,20.9444,-1.45212,0,2,-1090,71.56,71.6402,70.8803,70.9203,1019.34,-530.682,-0.737012,20.9444,-0.00203622,-0.0148339,-0.310687
37.34,-1.40048,-0.00203692,20.9224,-1.46973,0,2,-1088,71.2412,71.4808,70.7202,70.8792,1019.65,-530.963,-0.737308,20.9224,-0.00203692,-0.0148234,-0.31014
37.36,-1.5,-0.00218166,20.8893,-1.49037,0,2,-1088.98,71.6648,71.6134,70.76,70.68,1019.96,-531.244,-0.73761,20.8893,-0.00218166,-0.0158516,-0.331128
37.38,-1.5,-0.00218166,20.8557,-1.51618,0,2,-1091.97,71.1813,71.1525,70.5925,70.5963,1020.27,-531.525,-0.737932,20.8557,-0.00218166,-0.0158262,-0.330066
37.4,-1.5,-0.00218166,20.833,-1.54962,0,2,-1096,71.0394,71.1588,70.5594,70.56,1020.58,-531.806,-0.738248,20.833,-0.00218166,-0.0158089,-0.329348
37.42,-1.50438,-0.00218803,20.7989,-1.58765,0,2,-1096.09,71.1565,71.1547,70.2782,70.3288,1020.89,-532.086,-0.738564,20.7989,-0.00218803,-0.0158291,-0.329228
37.44,-1.6,-0.00232711,20.7665,-1.61925,0,2,-1090.07,70.8373,70.92,70.1587,70.3133,1021.19,-532.366,-0.738886,20.7665,-0.00232711,-0.016809,-0.349063
37.46,-1.60001,-0.00232711,20.7335,-1.63255,0,2,-1098,70.88,70.92,70.08,70,1021.5,-532.645,-0.739227,20.7335,-0.00232711,-0.0167824,-0.347957
37.48,-1.7,-0.00247255,20.7001,-1.62065,0,2,-1095.01,70.7526,70.7563,70.4795,69.9963,1021.81,-532.924,-0.739568,20.7001,-0.00247255,-0.0178025,-0.368514
37.5,-1.7,-0.00247255,20.6659,-1.58416,0,2,-1101.96,70.6008,70.6011,69.8027,69.9204,1022.11,-533.203,-0.739929,20.6659,-0.00247255,-0.0177731,-0.367297
37.52,-1.7,-0.00247255,20.6326,-1.53246,0,2,-1113.3,70.52,70.6056,69.3138,69.7628,1022.42,-533.482,-0.740284,20.6326,-0.00247255,-0.0177444,-0.366114
37.54,-1.7,-0.00247255,20.611,-1.47691,0,2,-1101.55,70.437,70.557,69.837,69.674,1022.72,-533.76,-0.740638,20.611,-0.00247255,-0.0177259,-0.365349
37.56,-1.7,-0.00247255,20.5777,-1.42169,0,2,-1102.01,70.52,70.56,69.509,69.44,1023.02,-534.038,-0.740993,20.5777,-0.00247255,-0.0176973,-0.364169
37.58,-1.70565,-0.00248077,20.5439,-1.36974,0,2,-1106,70.4287,70.3019,69.1955,69.1977,1023.33,-534.316,-0.741347,20.5439,-0.00248077,-0.0177268,-0.364178
37.6,-1.8,-0.00261799,20.5219,-1.33331,0,2,-1107.89,70.1268,70.1358,69.28,69.5155,1023.63,-534.593,-0.741706,20.5219,-0.00261799,-0.0186874,-0.3835
37.62,-1.9,-0.00276344,20.5,-1.3237,0,2,-1108,70.2797,70.5582,69.1997,69.1592,1023.93,-534.87,-0.74209,20.5,-0.00276344,-0.0197046,-0.403944
37.64,-1.9,-0.00276344,20.4781,-1.33103,0,2,-1111.99,70.0006,69.921,69.16,69.0001,1024.23,-535.147,-0.742489,20.4781,-0.00276344,-0.0196835,-0.403079
37.66,-2,-0.00290888,20.4441,-1.32687,0,2,-1110,70.08,70.32,69.0373,69.1119,1024.54,-535.424,-0.742887,20.4441,-0.00290888,-0.0206851,-0.422889
37.68,-2,-0.00290888,20.4104,-1.29172,0,2,-1125.61,69.9974,69.9842,68.9521,68.84,1024.84,-535.7,-0.743306,20.4104,-0.00290888,-0.020651,-0.421496
37.7,-2.1,-0.00305433,20.3884,-1.23377,0,2,-1119.55,69.9133,69.7645,68.9622,69.0289,1025.14,-535.976,-0.743724,20.3884,-0.00305433,-0.0216602,-0.441618
37.72,-2.20283,-0.00320388,20.3665,-1.17804,0,2,-1117.83,69.6777,69.9166,68.7966,68.5679,1025.44,-536.252,-0.744167,20.3665,-0.00320388,-0.0226964,-0.462245
37.74,-2.4,-0.00349066,20.3444,-1.14523,0,2,-1112.04,69.6435,69.76,68.8818,69.3495,1025.74,-536.528,-0.744636,20.3444,-0.00349066,-0.0247011,-0.502527
37.76,-2.50482,-0.00364311,20.322,-1.14426,0,2,-1114.15,69.7904,69.7542,68.7884,68.3961,1026.04,-536.804,-0.745146,20.322,-0.00364311,-0.0257515,-0.523323
37.78,-2.70406,-0.0039329,20.2996,-1.17501,0,2,-1117.92,69.36,69.6335,68.68,68.6914,1026.33,-537.079,-0.745676,20.2996,-0.0039329,-0.0277693,-0.563706
37.8,-2.80293,-0.00407669,20.2776,-1.22898,0,2,-1114.18,69.48,69.4365,68.4847,68.5553,1026.63,-537.355,-0.746246,20.2776,-0.00407669,-0.0287534,-0.58305
37.82,-2.99914,-0.00436207,20.2557,-1.28686,0,2,-1114.02,69.2817,69.32,68.7193,68.4793,1026.93,-537.63,-0.746836,20.2557,-0.00436207,-0.030733,-0.62252
37.84,-3.1,-0.00450877,20.2228,-1.32478,0,2,-1114.97,69.0107,69.3093,68.3236,68.6258,1027.23,-537.905,-0.747466,20.2228,-0.00450877,-0.031715,-0.641368
37.86,-3.10765,-0.00451989,20.1892,-1.33364,0,2,-1114,69.2708,69.2,68.5108,68.36,1027.52,-538.18,-0.748105,20.1892,-0.00451989,-0.0317404,-0.640815
37.88,-3.2,-0.00465421,20.1665,-1.33024,0,2,-1116,68.9514,69.1114,68.3971,68.3856,1027.82,-538.455,-0.748745,20.1665,-0.00465421,-0.0326469,-0.658373
37.9,-3.2,-0.00465421,20.1439,-1.34108,0,2,-1118.13,68.8375,68.8375,68.0375,68.05,1028.11,-538.729,-0.749402,20.1439,-0.00465421,-0.0326103,-0.656899
37.92,-3.2,-0.00465421,20.122,-1.37651,0,2,-1117.95,68.679,68.84,68.16,68.3532,1028.41,-539.003,-0.750054,20.122,-0.00465421,-0.0325748,-0.655468
37.94,-3.19737,-0.00465039,20.0888,-1.42637,0,2,-1118,68.6368,68.7958,68.0758,68.0389,1028.7,-539.278,-0.750705,20.0888,-0.00465039,-0.0324944,-0.652773
37.96,-3.10077,-0.00450988,20.0557,-1.47751,0,2,-1118,68.4794,68.56,67.84,68.0397,1029,-539.552,-0.751349,20.0557,-0.00450988,-0.0314606,-0.630963
37.98,-3.10059,-0.00450962,20.0334,-1.52429,0,2,-1114.02,68.4,68.4805,67.8798,67.8409,1029.29,-539.825,-0.751973,20.0334,-0.00450962,-0.031424,-0.62953
38,-3.19898,-0.00465272,19.9993,-1.56134,0,2,-1118.02,68.3612,68.4012,67.722,67.6012,1029.58,-540.099,-0.752606,19.9993,-0.00465272,-0.0323658,-0.647293
38.02,-3.1,-0.00450877,19.966,-1.5805,0,2,-1119.87,68.0746,68.2,67.52,67.6719,1029.87,-540.372,-0.753253,19.966,-0.00450877,-0.0313123,-0.625182
38.04,-3.1,-0.00450877,19.9326,-1.58046,0,2,-1121.77,67.9955,68.1932,67.4332,67.4445,1030.16,-540.645,-0.753873,19.9326,-0.00450877,-0.0312598,-0.623087
38.06,-3.1,-0.00450877,19.8997,-1.57135,0,2,-1120.07,67.8814,68.16,67.4,67.5117,1030.45,-540.918,-0.754498,19.8997,-0.00450877,-0.0312083,-0.621035
38.08,-3.1,-0.00450877,19.8775,-1.56331,0,2,-1124,67.9174,68.0361,67.2736,67.1574,1030.74,-541.19,-0.755122,19.8775,-0.00450877,-0.0311734,-0.619649
38.1,-3.1,-0.00450877,19.8434,-1.55234,0,2,-1124,67.759,67.762,66.959,66.922,1031.03,-541.463,-0.755745,19.8434,-0.00450877,-0.03112,-0.617527
38.12,-3.1,-0.00450877,19.8105,-1.52308,0,2,-1123.78,67.7178,67.88,67.0129,66.9686,1031.32,-541.735,-0.756367,19.8105,-0.00450877,-0.0310684,-0.615482
38.14,-3.09513,-0.00450168,19.7771,-1.46731,0,2,-1128,67.56,67.7581,66.7483,66.9122,1031.61,-542.007,-0.756987,19.7771,-0.00450168,-0.0309672,-0.612442
38.16,-3.09652,-0.0045037,19.7442,-1.39783,0,2,-1133.79,67.52,67.7214,66.68,66.7516,1031.9,-542.278,-0.757606,19.7442,-0.0045037,-0.0309295,-0.610678
38.18,-3.00402,-0.00436917,19.722,-1.34411,0,2,-1133.76,67.5152,67.7136,66.6768,66.4848,1032.18,-542.549,-0.75822,19.722,-0.00436917,-0.0299719,-0.591105
38.2,-3.00202,-0.00436626,19.7,-1.33116,0,2,-1130,67.3984,67.3976,66.52,66.6376,1032.47,-542.821,-0.758814,19.7,-0.00436626,-0.0299185,-0.589393
38.22,-3.1,-0.00450877,19.6779,-1.35914,0,2,-1130,67.2409,67.28,66.3617,66.3221,1032.75,-543.092,-0.759417,19.6779,-0.00450877,-0.0308605,-0.607271
38.24,-3.1,-0.00450877,19.6451,-1.40544,0,2,-1133.03,67.12,67.3168,66.36,66.32,1033.04,-543.362,-0.760038,19.6451,-0.00450877,-0.030809,-0.605248
38.26,-3.1,-0.00450877,19.6109,-1.44692,0,2,-1133.02,66.9936,67.1568,66.16,66.3104,1033.32,-543.633,-0.760654,19.6109,-0.00450877,-0.0307553,-0.60314
38.28,-3.1,-0.00450877,19.5887,-1.47393,0,2,-1137.53,67,67.1473,66.16,66.1105,1033.61,-543.903,-0.761269,19.5887,-0.00450877,-0.0307204,-0.601772
38.3,-3.1,-0.00450877,19.5556,-1.48466,0,2,-1139.01,66.9121,66.84,66.1147,66.04,1033.89,-544.173,-0.761883,19.5556,-0.00450877,-0.0306686,-0.599742
38.32,-3.0964,-0.00450353,19.5219,-1.48002,0,2,-1134.14,66.7957,66.8,65.9571,65.9557,1034.17,-544.443,-0.762495,19.5219,-0.00450353,-0.0305802,-0.596984
38.34,-3,-0.00436332,19.4997,-1.46418,0,2,-1134.07,66.6386,66.68,65.9572,65.8786,1034.46,-544.713,-0.763102,19.4997,-0.00436332,-0.0295945,-0.577085
38.36,-3,-0.00436332,19.4664,-1.44195,0,2,-1130.14,66.5182,66.6391,65.8009,65.8818,1034.74,-544.982,-0.763688,19.4664,-0.00436332,-0.0295439,-0.575114
38.38,-3,-0.00436332,19.4332,-1.4207,0,2,-1136.03,66.36,66.6005,65.8378,65.8378,1035.02,-545.251,-0.764279,19.4332,-0.00436332,-0.0294936,-0.573155
38.4,-3,-0.00436332,19.4112,-1.41305,0,2,-1138.05,66.36,66.4796,65.48,65.48,1035.3,-545.52,-0.764868,19.4112,-0.00436332,-0.0294601,-0.571857
38.42,-2.9,-0.00421788,19.3887,-1.42438,0,2,-1140.95,66.3116,66.3172,65.5572,65.4688,1035.58,-545.789,-0.765452,19.3887,-0.00421788,-0.0284451,-0.551515
38.44,-2.9,-0.00421788,19.3546,-1.44267,0,2,-1138.11,66.1111,66.1978,65.3578,65.3289,1035.86,-546.058,-0.766016,19.3546,-0.00421788,-0.0283951,-0.549578
38.46,-2.9,-0.00421788,19.3221,-1.4504,0,2,-1139.96,65.9608,66.1592,65.3592,65.4754,1036.14,-546.326,-0.766583,19.3221,-0.00421788,-0.0283473,-0.547729
38.48,-2.9,-0.00421788,19.2999,-1.43719,0,2,-1140.02,66.04,66.12,65.0815,65.1995,1036.42,-546.594,-0.76715,19.2999,-0.00421788,-0.0283149,-0.546476
38.5,-2.8,-0.00407243,19.2658,-1.3988,0,2,-1142,65.9599,66.04,65.1999,65.0399,1036.69,-546.862,-0.767711,19.2658,-0.00407243,-0.0272901,-0.525764
38.52,-2.8,-0.00407243,19.2327,-1.34078,0,2,-1142,65.8421,65.9537,65.0042,65.0042,1036.97,-547.129,-0.768251,19.2327,-0.00407243,-0.0272433,-0.523962
38.54,-2.8,-0.00407243,19.2107,-1.28479,0,2,-1145.9,65.8301,65.8,65.078,64.9881,1037.25,-547.396,-0.768796,19.2107,-0.00407243,-0.0272121,-0.522764
38.56,-2.89594,-0.00421197,19.1887,-1.2572,0,2,-1143.92,65.48,65.8,64.9167,64.8433,1037.52,-547.663,-0.769344,19.1887,-0.00421197,-0.0281122,-0.539435
38.58,-2.8,-0.00407243,19.1666,-1.26826,0,2,-1144.05,65.6389,65.6805,64.7179,64.8784,1037.8,-547.93,-0.769906,19.1666,-0.00407243,-0.0271496,-0.520364
38.6,-2.7,-0.00392699,19.1442,-1.30428,0,2,-1146,65.5192,65.7197,64.6019,64.76,1038.07,-548.197,-0.770439,19.1442,-0.00392699,-0.0261493,-0.500607
38.62,-2.7,-0.00392699,19.1104,-1.34031,0,2,-1146,65.2427,65.3987,64.752,64.6,1038.35,-548.463,-0.770957,19.1104,-0.00392699,-0.0261032,-0.498844
38.64,-2.7,-0.00392699,19.0777,-1.36383,0,2,-1146.4,65.3973,65.36,64.396,64.5173,1038.62,-548.73,-0.771479,19.0777,-0.00392699,-0.0260585,-0.497135
38.66,-2.7,-0.00392699,19.0557,-1.38371,0,2,-1150,65.1601,65.2401,64.3999,64.44,1038.89,-548.995,-0.771999,19.0557,-0.00392699,-0.0260284,-0.495989
38.68,-2.7,-0.00392699,19.0335,-1.41217,0,2,-1148,64.9164,65.1527,64.3782,64.3309,1039.17,-549.261,-0.77252,19.0335,-0.00392699,-0.0259981,-0.494834
38.7,-2.79909,-0.00407111,18.9994,-1.44895,0,2,-1146.02,64.7611,65.0404,64.16,64.44,1039.44,-549.527,-0.773044,18.9994,-0.00407111,-0.026904,-0.51116
38.72,-2.8,-0.00407243,18.9663,-1.49001,0,2,-1146.1,64.8781,64.9124,64.3924,64.0819,1039.71,-549.792,-0.773586,18.9663,-0.00407243,-0.0268658,-0.509545
38.74,-2.8,-0.00407243,18.9444,-1.53642,0,2,-1152,64.717,64.756,63.957,64.1541,1039.98,-550.057,-0.774123,18.9444,-0.00407243,-0.0268349,-0.508371
38.76,-2.8,-0.00407243,18.9115,-1.58513,0,2,-1150.01,64.5602,64.6,63.9196,63.7607,1040.25,-550.322,-0.77466,18.9115,-0.00407243,-0.0267882,-0.506605
38.78,-2.8,-0.00407243,18.878,-1.62335,0,2,-1148.05,64.4365,64.56,63.9565,64,1040.52,-550.586,-0.775195,18.878,-0.00407243,-0.0267409,-0.504815
38.8,-2.79176,-0.00406046,18.8441,-1.63775,0,2,-1151.01,64.2334,64.4,63.6367,63.7468,1040.79,-550.85,-0.775729,18.8441,-0.00406046,-0.0266143,-0.501524
38.82,-2.7,-0.00392699,18.8106,-1.62321,0,2,-1152,64.2442,64.4379,63.5158,63.7474,1041.06,-551.114,-0.776256,18.8106,-0.00392699,-0.0256938,-0.483316
38.84,-2.7,-0.00392699,18.7771,-1.58452,0,2,-1153.81,64.2343,64.2362,63.4419,63.3638,1041.33,-551.377,-0.776765,18.7771,-0.00392699,-0.0256479,-0.481593
38.86,-2.7,-0.00392699,18.7442,-1.53446,0,2,-1148.19,64.0775,63.9613,63.5175,63.4299,1041.6,-551.64,-0.777278,18.7442,-0.00392699,-0.025603,-0.479908
38.88,-2.7,-0.00392699,18.722,-1.48567,0,2,-1156.05,64,64.1242,63.12,63.0073,1041.86,-551.903,-0.777789,18.722,-0.00392699,-0.0255727,-0.478772
38.9,-2.7,-0.00392699,18.6888,-1.44235,0,2,-1156,63.9178,64.1533,63.04,63.1985,1042.13,-552.166,-0.7783,18.6888,-0.00392699,-0.0255273,-0.477073
38.92,-2.7,-0.00392699,18.6552,-1.40587,0,2,-1156,63.6824,63.7608,63.0008,63.0416,1042.4,-552.428,-0.77881,18.6552,-0.00392699,-0.0254815,-0.475364
38.94,-2.7,-0.00392699,18.6328,-1.38327,0,2,-1158.28,63.8344,64.1431,62.9431,62.8659,1042.66,-552.69,-0.77932,18.6328,-0.00392699,-0.0254508,-0.474218
38.96,-2.7,-0.00392699,18.6108,-1.37805,0,2,-1159.91,63.6383,63.4783,62.88,62.7269,1042.93,-552.952,-0.779828,18.6108,-0.00392699,-0.0254208,-0.473103
38.98,-2.7,-0.00392699,18.5776,-1.38092,0,2,-1160,63.5986,63.7618,62.7191,62.7182,1043.19,-553.213,-0.780336,18.5776,-0.00392699,-0.0253755,-0.471417
39,-2.7,-0.00392699,18.544,-1.3835,0,2,-1160,63.4403,63.761,62.481,62.6395,1043.45,-553.475,-0.780843,18.544,-0.00392699,-0.0253296,-0.469711
39.02,-2.7,-0.00392699,18.5216,-1.39141,0,2,-1160,63.3178,63.1711,62.6733,62.6534,1043.72,-553.736,-0.78135,18.5216,-0.00392699,-0.0252989,-0.468576
39.04,-2.7,-0.00392699,18.4996,-1.41159,0,2,-1166.32,63.2,63.6379,62.3958,62.4631,1043.98,-553.996,-0.781855,18.4996,-0.00392699,-0.025269,-0.467467
39.06,-2.8,-0.00407243,18.4658,-1.43793,0,2,-1165.86,63.1573,63.1493,62.4054,62.0321,1044.24,-554.257,-0.782365,18.4658,-0.00407243,-0.026157,-0.48301
39.08,-2.8,-0.00407243,18.4328,-1.46017,0,2,-1160.11,63.151,63.1245,62.3155,62.6553,1044.5,-554.517,-0.782892,18.4328,-0.00407243,-0.0261101,-0.481282
39.1,-2.8,-0.00407243,18.4109,-1.47496,0,2,-1164,62.8781,63.0325,62.2,61.9181,1044.76,-554.777,-0.783414,18.4109,-0.00407243,-0.0260792,-0.48014
39.12,-2.8,-0.00407243,18.3771,-1.48187,0,2,-1164,62.8005,62.88,62.0814,62.2359,1045.03,-555.037,-0.783935,18.3771,-0.00407243,-0.0260313,-0.478379
39.14,-2.8,-0.00407243,18.3438,-1.48125,0,2,-1164,62.6707,62.8738,62.0769,62.1291,1045.29,-555.296,-0.784455,18.3438,-0.00407243,-0.0259841,-0.476648
39.16,-2.8,-0.00407243,18.3217,-1.47662,0,2,-1167.9,62.5642,62.7158,61.9158,61.7683,1045.54,-555.555,-0.784975,18.3217,-0.00407243,-0.0259528,-0.475501
39.18,-2.8,-0.00407243,18.288,-1.47121,0,2,-1166.1,62.6359,62.6359,61.84,62.1517,1045.8,-555.814,-0.785493,18.288,-0.00407243,-0.0259051,-0.473753
39.2,-2.8,-0.00407243,18.2554,-1.46785,0,2,-1166,62.3567,62.5156,61.8756,61.6756,1046.06,-556.072,-0.786011,18.2554,-0.00407243,-0.0258588,-0.472063
39.22,-2.8,-0.00407243,18.2335,-1.4714,0,2,-1171.99,62.24,62.36,61.6001,61.4401,1046.32,-556.331,-0.786528,18.2335,-0.00407243,-0.0258278,-0.47093
39.24,-2.8,-0.00407243,18.2005,-1.48482,0,2,-1168,62.1889,62.3126,61.5563,61.5563,1046.58,-556.589,-0.787044,18.2005,-0.00407243,-0.0257812,-0.469231
39.26,-2.8,-0.00407243,18.1668,-1.50865,0,2,-1168,61.9164,62.1964,61.3893,61.4472,1046.83,-556.846,-0.787559,18.1668,-0.00407243,-0.0257334,-0.467495
39.28,-2.8,-0.00407243,18.1445,-1.5436,0,2,-1172,62.1599,62.24,61.28,61.4001,1047.09,-557.104,-0.788073,18.1445,-0.00407243,-0.0257018,-0.466347
39.3,-2.8,-0.00407243,18.1102,-1.58548,0,2,-1169.98,61.8423,61.8418,61.2814,61.1223,1047.35,-557.361,-0.788587,18.1102,-0.00407243,-0.0256533,-0.464587
39.32,-2.8969,-0.00421336,18.077,-1.62381,0,2,-1171.97,61.68,61.835,61.2375,61.1588,1047.6,-557.618,-0.789104,18.077,-0.00421336,-0.0264923,-0.478903
39.34,-2.9,-0.00421788,18.0432,-1.65046,0,2,-1172,61.7043,61.7074,60.9106,60.96,1047.86,-557.874,-0.789638,18.0432,-0.00421788,-0.0264711,-0.477623
39.36,-2.9,-0.00421788,18.0105,-1.66453,0,2,-1170.06,61.3175,61.445,60.8075,60.835,1048.11,-558.13,-0.790167,18.0105,-0.00421788,-0.0264231,-0.475893
39.38,-2.9,-0.00421788,17.9764,-1.66962,0,2,-1172,61.2456,61.56,60.7488,60.8,1048.36,-558.386,-0.790695,17.9764,-0.00421788,-0.0263732,-0.474096
39.4,-2.9,-0.00421788,17.944,-1.67006,0,2,-1174,61.3932,61.391,60.6023,60.7465,1048.61,-558.641,-0.791222,17.944,-0.00421788,-0.0263256,-0.472387
39.42,-2.9,-0.00421788,17.9108,-1.66844,0,2,-1174,61.2777,61.2783,60.5989,60.4406,1048.87,-558.896,-0.791748,17.9108,-0.00421788,-0.0262769,-0.470642
39.44,-2.9,-0.00421788,17.8779,-1.66425,0,2,-1174,60.9205,61.1201,60.6397,60.48,1049.12,-559.151,-0.792273,17.8779,-0.00421788,-0.0262287,-0.468915
39.46,-2.9,-0.00421788,17.8443,-1.65471,0,2,-1175.59,60.8481,60.9254,60.0189,60.1444,1049.37,-559.405,-0.792797,17.8443,-0.00421788,-0.0261794,-0.467153
39.48,-2.9,-0.00421788,17.8105,-1.63777,0,2,-1177.64,60.9034,61.1081,60.2729,60.3481,1049.62,-559.659,-0.79332,17.8105,-0.00421788,-0.0261298,-0.465384
39.5,-2.9,-0.00421788,17.777,-1.61571,0,2,-1175.11,60.4886,60.7622,59.9914,59.7265,1049.87,-559.913,-0.793842,17.777,-0.00421788,-0.0260805,-0.463632
39.52,-2.9,-0.00421788,17.7443,-1.59456,0,2,-1181.96,60.8361,60.7977,59.6831,60.0369,1050.12,-560.167,-0.794364,17.7443,-0.00421788,-0.0260326,-0.46193
39.54,-2.9,-0.00421788,17.7221,-1.5764,0,2,-1180,60.4787,60.5974,59.8413,59.7238,1050.37,-560.42,-0.794884,17.7221,-0.00421788,-0.0260001,-0.460778
39.56,-2.9,-0.00421788,17.6779,-1.55628,0,2,-1184.49,60.5597,60.6098,59.7603,59.6306,1050.61,-560.672,-0.795403,17.6779,-0.00421788,-0.0259351,-0.458478
39.58,-2.9,-0.00421788,17.6529,-1.53152,0,2,-1187.86,60.2709,60.357,59.4679,59.5449,1050.86,-560.925,-0.795922,17.6529,-0.00421788,-0.0258985,-0.457185
39.6,-2.9,-0.00421788,17.6224,-1.50696,0,2,-1183.01,60.16,60.32,59.4194,59.3762,1051.11,-561.177,-0.796439,17.6224,-0.00421788,-0.0258537,-0.455604
39.62,-2.9,-0.00421788,17.589,-1.48939,0,2,-1178.01,60.1999,60.32,59.5202,59.4802,1051.35,-561.429,-0.796956,17.589,-0.00421788,-0.0258048,-0.45388
39.64,-2.9,-0.00421788,17.5671,-1.48142,0,2,-1186.89,60.1496,60.16,59.1391,59.2226,1051.6,-561.68,-0.797471,17.5671,-0.00421788,-0.0257726,-0.452749
39.66,-2.9,-0.00421788,17.5333,-1.47932,0,2,-1186,59.9926,59.9975,59.0947,59.0098,1051.84,-561.931,-0.797986,17.5333,-0.00421788,-0.0257231,-0.451012
39.68,-2.9,-0.00421788,17.4995,-1.47804,0,2,-1190.21,59.84,59.9558,59.1832,59.0716,1052.09,-562.182,-0.7985,17.4995,-0.00421788,-0.0256734,-0.449272
39.7,-2.9,-0.00421788,17.4774,-1.47685,0,2,-1188,59.8327,59.9927,58.7709,58.92,1052.33,-562.433,-0.799013,17.4774,-0.00421788,-0.025641,-0.448137
39.72,-2.9,-0.00421788,17.4442,-1.47588,0,2,-1191.93,59.5178,59.68,59.0734,58.9985,1052.58,-562.683,-0.799526,17.4442,-0.00421788,-0.0255923,-0.446438
39.74,-2.9,-0.00421788,17.4112,-1.47467,0,2,-1193.92,59.4817,59.5596,58.405,58.7229,1052.82,-562.933,-0.800037,17.4112,-0.00421788,-0.0255439,-0.444749
39.76,-2.9,-0.00421788,17.389,-1.47431,0,2,-1190,59.64,59.52,58.92,58.7201,1053.06,-563.183,-0.800548,17.389,-0.00421788,-0.0255114,-0.443618
39.78,-2.9,-0.00421788,17.356,-1.47442,0,2,-1190.98,59.2099,59.5068,58.56,58.5732,1053.3,-563.432,-0.801057,17.356,-0.00421788,-0.025463,-0.441937
39.8,-2.9,-0.00421788,17.3221,-1.474,0,2,-1192,59.3137,59.1873,58.5505,58.5378,1053.55,-563.681,-0.801566,17.3221,-0.00421788,-0.0254133,-0.440212
39.82,-2.9,-0.00421788,17.2998,-1.4759,0,2,-1197.87,58.9983,59.2425,58.2408,58.165,1053.79,-563.93,-0.802074,17.2998,-0.00421788,-0.0253804,-0.439075
39.84,-2.9,-0.00421788,17.2668,-1.48402,0,2,-1192.06,58.9222,59.1583,58.5561,58.5561,1054.03,-564.179,-0.802581,17.2668,-0.00421788,-0.0253321,-0.437405
39.86,-2.9,-0.00421788,17.2335,-1.50161,0,2,-1197.99,58.9211,58.8811,58.1211,58.2403,1054.27,-564.427,-0.803087,17.2335,-0.00421788,-0.0252833,-0.43572
39.88,-2.9,-0.00421788,17.2114,-1.53196,0,2,-1198,58.5635,58.833,57.9775,58.007,1054.5,-564.675,-0.803593,17.2114,-0.00421788,-0.0252507,-0.434599
39.9,-2.94924,-0.00428949,17.1774,-1.57274,0,2,-1196.03,58.8334,58.7167,58.1467,58.0667,1054.74,-564.922,-0.804099,17.1774,-0.00428949,-0.0256288,-0.440238
39.92,-2.90552,-0.0042259,17.1439,-1.61544,0,2,-1194.33,58.5446,58.5956,57.949,58.109,1054.98,-565.17,-0.804612,17.1439,-0.0042259,-0.0251996,-0.43202
39.94,-3,-0.00436332,17.1106,-1.65453,0,2,-1203.93,58.2429,58.3971,57.64,57.6326,1055.22,-565.417,-0.805117,17.1106,-0.00436332,-0.0259685,-0.444336
39.96,-3,-0.00436332,17.0778,-1.69131,0,2,-1204,58.3983,58.3213,57.8379,57.4821,1055.46,-565.663,-0.80564,17.0778,-0.00436332,-0.0259188,-0.442635
39.98,-2.99974,-0.00436295,17.0446,-1.72833,0,2,-1203.99,58,58.3996,57.4397,57.7597,1055.69,-565.909,-0.806158,17.0446,-0.00436295,-0.0258661,-0.440876
40,-2.99954,-0.00436265,17.0108,-1.76273,0,2,-1205.97,58.1194,57.9613,57.4394,57.3613,1055.93,-566.155,-0.806675,17.0108,-0.00436265,-0.0258131,-0.439102
40.02,-3,-0.00436332,16.9771,-1.78448,0,2,-1209.95,57.9979,58,57.304,57.3147,1056.16,-566.4,-0.807191,16.9771,-0.00436332,-0.025766,-0.437432
40.04,-2.90141,-0.00421993,16.9335,-1.78376,0,2,-1203.89,57.7589,57.9977,57.1251,57.1994,1056.4,-566.646,-0.807701,16.9335,-0.00421993,-0.0248551,-0.420884
40.06,-3,-0.00436332,16.9001,-1.76201,0,2,-1210.03,57.6793,57.7587,57.3127,57.1187,1056.63,-566.89,-0.808198,16.9001,-0.00436332,-0.025649,-0.433471
40.08,-3,-0.00436332,16.8666,-1.73138,0,2,-1217.91,57.5973,57.6395,56.6423,56.8791,1056.86,-567.134,-0.808715,16.8666,-0.00436332,-0.0255982,-0.431754
40.1,-2.9,-0.00421788,16.833,-1.70348,0,2,-1214,57.3201,57.6,56.8796,56.6398,1057.1,-567.378,-0.809222,16.833,-0.00421788,-0.0246956,-0.4157
40.12,-2.90493,-0.00422505,16.7989,-1.68323,0,2,-1214.1,57.518,57.5921,56.64,56.9561,1057.33,-567.622,-0.809711,16.7989,-0.00422505,-0.0246876,-0.414724
40.14,-2.90496,-0.0042251,16.7663,-1.67036,0,2,-1218.4,57.2681,57.2721,56.5521,56.4601,1057.56,-567.865,-0.810205,16.7663,-0.0042251,-0.0246399,-0.413122
40.16,-3,-0.00436332,16.733,-1.66125,0,2,-1219.92,57.0016,57.2805,56.4011,56.24,1057.79,-568.107,-0.810701,16.733,-0.00436332,-0.0253955,-0.424943
40.18,-3,-0.00436332,16.7,-1.65018,0,2,-1220,57.0391,57.1174,56.3957,56.3209,1058.02,-568.35,-0.811212,16.7,-0.00436332,-0.0253453,-0.423265
40.2,-3.09921,-0.00450762,16.6656,-1.6321,0,2,-1222.02,56.9997,57.04,56.0797,56.199,1058.25,-568.592,-0.811723,16.6656,-0.00450762,-0.0261297,-0.435467
40.22,-3.09975,-0.00450841,16.6329,-1.60614,0,2,-1227.99,56.8004,57.04,56.04,55.9204,1058.48,-568.833,-0.812249,16.6329,-0.00450841,-0.026083,-0.433836
40.24,-3.1,-0.00450877,16.6005,-1.5776,0,2,-1226.05,56.6794,56.8804,56.04,55.8798,1058.71,-569.075,-0.81277,16.6005,-0.00450877,-0.0260342,-0.432181
40.26,-3.15165,-0.00458388,16.567,-1.55687,0,2,-1227.85,56.828,56.72,55.618,55.883,1058.94,-569.316,-0.813293,16.567,-0.00458388,-0.0264146,-0.437611
40.28,-3.1,-0.00450877,16.5448,-1.5515,0,2,-1224.48,56.3968,56.6768,56.0143,55.8271,1059.16,-569.556,-0.813821,16.5448,-0.00450877,-0.0259468,-0.429284
40.3,-3.1,-0.00450877,16.511,-1.55609,0,2,-1241.58,56.4084,56.48,55.4288,55.3944,1059.39,-569.797,-0.814337,16.511,-0.00450877,-0.0258939,-0.427534
40.32,-3.1,-0.00450877,16.4775,-1.55545,0,2,-1237.88,56.5167,56.4,55.4008,55.4058,1059.62,-570.037,-0.814854,16.4775,-0.00450877,-0.0258413,-0.425801
40.34,-3.1,-0.00450877,16.4444,-1.54042,0,2,-1230.15,56.1571,56.36,55.5171,55.5541,1059.84,-570.276,-0.815371,16.4444,-0.00450877,-0.0257894,-0.424091
40.36,-3.10096,-0.00451017,16.4112,-1.51692,0,2,-1241.94,56.1608,56.3192,55.2796,55.32,1060.07,-570.515,-0.815886,16.4112,-0.00451017,-0.0257453,-0.422511
40.38,-3.2,-0.00465421,16.3889,-1.49807,0,2,-1238.02,56.1581,56.079,55.001,55.2786,1060.29,-570.754,-0.816405,16.3889,-0.00465421,-0.0265314,-0.434821
40.4,-3.3,-0.00479966,16.3557,-1.49185,0,2,-1238,55.9197,56,55.0811,55.1191,1060.52,-570.993,-0.816943,16.3557,-0.00479966,-0.0273052,-0.446596
40.42,-3.4,-0.0049451,16.3221,-1.50117,0,2,-1240.28,55.72,55.8311,55.3067,55.0711,1060.74,-571.231,-0.817497,16.3221,-0.0049451,-0.0280748,-0.45824
40.44,-3.4,-0.0049451,16.2997,-1.52838,0,2,-1245.91,55.68,55.6836,54.7947,54.9164,1060.96,-571.469,-0.818062,16.2997,-0.0049451,-0.0280362,-0.456982
40.46,-3.5,-0.00509054,16.2666,-1.57049,0,2,-1242.02,55.5587,55.7594,54.8406,54.9191,1061.19,-571.707,-0.818626,16.2666,-0.00509054,-0.0288023,-0.468516
40.48,-3.5,-0.00509054,16.2334,-1.61721,0,2,-1242,55.3201,55.52,54.7998,54.8,1061.41,-571.945,-0.819206,16.2334,-0.00509054,-0.0287435,-0.466604
40.5,-3.5,-0.00509054,16.1993,-1.65985,0,2,-1243.99,55.4,55.4007,54.4409,54.6807,1061.63,-572.182,-0.81978,16.1993,-0.00509054,-0.028683,-0.464644
40.52,-3.5,-0.00509054,16.166,-1.69733,0,2,-1244.12,55.1177,55.16,54.6753,54.5177,1061.85,-572.418,-0.820353,16.166,-0.00509054,-0.0286242,-0.462739
40.54,-3.50651,-0.00510002,16.1322,-1.7324,0,2,-1246,55.1122,55.1548,54.44,54.36,1062.07,-572.654,-0.820925,16.1322,-0.00510002,-0.0286175,-0.461665
40.56,-3.6,-0.00523599,16.0996,-1.76375,0,2,-1248,54.9521,54.922,54.318,54.2761,1062.29,-572.89,-0.821501,16.0996,-0.00523599,-0.029321,-0.472057
40.58,-3.6,-0.00523599,16.066,-1.78184,0,2,-1250,54.76,54.92,54.04,54.1585,1062.51,-573.126,-0.822091,16.066,-0.00523599,-0.0292599,-0.470089
40.6,-3.7,-0.00538143,16.0209,-1.77653,0,2,-1250,54.6775,54.8,54.1612,54.0425,1062.73,-573.361,-0.822679,16.0209,-0.00538143,-0.0299883,-0.480439
40.62,-3.7,-0.00538143,15.9885,-1.75015,0,2,-1251.99,54.6,54.8,53.882,54.12,1062.95,-573.596,-0.823282,15.9885,-0.00538143,-0.0299276,-0.478498
40.64,-3.7,-0.00538143,15.9562,-1.71629,0,2,-1257.95,54.4805,54.5218,53.6805,53.8018,1063.16,-573.83,-0.82388,15.9562,-0.00538143,-0.0298671,-0.476565
40.66,-3.8,-0.00552688,15.9222,-1.68659,0,2,-1257.88,54.3577,54.4353,53.7906,53.64,1063.38,-574.064,-0.824481,15.9222,-0.00552688,-0.0306091,-0.487364
40.68,-3.80603,-0.00553565,15.8878,-1.66583,0,2,-1258,54.2728,54.3128,53.56,53.56,1063.6,-574.298,-0.825097,15.8878,-0.00553565,-0.0305913,-0.486028
40.7,-3.9,-0.00567232,15.8552,-1.65654,0,2,-1257.89,54.04,54.2,53.5495,53.5495,1063.81,-574.531,-0.825712,15.8552,-0.00567232,-0.0312823,-0.495985
40.72,-4,-0.00581776,15.8223,-1.66137,0,2,-1260,53.9997,54.1597,53.24,53.2,1064.03,-574.764,-0.826345,15.8223,-0.00581776,-0.0320178,-0.506594
40.74,-4.00838,-0.00582996,15.7892,-1.68152,0,2,-1261.33,53.8,54,53.2333,53.24,1064.24,-574.996,-0.826989,15.7892,-0.00582996,-0.0320179,-0.505537
40.76,-4.1,-0.00596321,15.7564,-1.71458,0,2,-1262.15,53.8741,53.9882,53.0029,53.1512,1064.45,-575.229,-0.827633,15.7564,-0.00596321,-0.0326816,-0.514943
40.78,-4.1,-0.00596321,15.7226,-1.75226,0,2,-1258.47,53.6307,53.6707,53.0738,53,1064.67,-575.46,-0.828289,15.7226,-0.00596321,-0.0326115,-0.512736
40.8,-4.1,-0.00596321,15.6886,-1.78087,0,2,-1263.83,53.52,53.64,52.8299,52.8333,1064.88,-575.692,-0.828941,15.6886,-0.00596321,-0.0325411,-0.510524
40.82,-4.10342,-0.00596818,15.6438,-1.79034,0,2,-1266,53.4718,53.5159,52.7214,52.7545,1065.09,-575.923,-0.829591,15.6438,-0.00596818,-0.0324752,-0.508034
40.84,-4.2,-0.00610865,15.611,-1.78518,0,2,-1260.2,53.1987,53.3213,52.6746,52.5173,1065.3,-576.154,-0.830244,15.611,-0.00610865,-0.0331699,-0.517816
40.86,-4.20042,-0.00610926,15.5778,-1.78029,0,2,-1265.97,53.0793,53.2397,52.3993,52.52,1065.51,-576.384,-0.83091,15.5778,-0.00610926,-0.0331027,-0.515668
40.88,-4.3,-0.0062541,15.5445,-1.78395,0,2,-1267.98,53.0002,53.1596,52.3204,52.4395,1065.72,-576.614,-0.831575,15.5445,-0.0062541,-0.0338149,-0.525635
40.9,-4.4,-0.00639954,15.5102,-1.78999,0,2,-1268,52.9997,52.9998,52.2398,52.1599,1065.93,-576.843,-0.832259,15.5102,-0.00639954,-0.034525,-0.53549
40.92,-4.40747,-0.00641041,15.4662,-1.7882,0,2,-1270.15,52.76,52.877,52.12,52.12,1066.14,-577.073,-0.832953,15.4662,-0.00641041,-0.0344856,-0.533362
40.94,-4.5,-0.00654498,15.4332,-1.77909,0,2,-1270.31,52.7077,52.8216,51.9847,51.9877,1066.35,-577.301,-0.833645,15.4332,-0.00654498,-0.0351344,-0.542237
40.96,-4.5,-0.00654498,15.399,-1.77316,0,2,-1270.13,52.5149,52.56,51.6953,51.6425,1066.55,-577.53,-0.834351,15.399,-0.00654498,-0.0350566,-0.539836
40.98,-4.6,-0.00669043,15.3663,-1.77641,0,2,-1266.33,52.3967,52.5967,51.8319,51.7567,1066.76,-577.758,-0.835055,15.3663,-0.00669043,-0.0357594,-0.549489
41,-4.60367,-0.00669576,15.3329,-1.78142,0,2,-1272.15,52.2785,52.4,51.5971,51.64,1066.97,-577.985,-0.835773,15.3329,-0.00669576,-0.0357103,-0.547543
41.02,-4.7,-0.00683587,15.2892,-1.77503,0,2,-1272.01,52.24,52.3202,51.4801,51.4805,1067.17,-578.213,-0.836491,15.2892,-0.00683587,-0.0363536,-0.555816
41.04,-4.70891,-0.00684883,15.2559,-1.75284,0,2,-1272.18,52.08,52.2764,51.2871,51.36,1067.38,-578.439,-0.837221,15.2559,-0.00684883,-0.0363431,-0.554446
41.06,-4.8,-0.00698132,15.223,-1.72085,0,2,-1274.16,51.9936,52.0577,51.3536,51.3473,1067.58,-578.666,-0.837951,15.223,-0.00698132,-0.0369664,-0.562739
41.08,-4.8,-0.00698132,15.1887,-1.68523,0,2,-1276,52.0065,51.986,51.0368,51.04,1067.78,-578.892,-0.838693,15.1887,-0.00698132,-0.036883,-0.560204
41.1,-4.80676,-0.00699115,15.1547,-1.64778,0,2,-1276,51.7811,52.2102,51.0027,51,1067.99,-579.118,-0.83943,15.1547,-0.00699115,-0.0368524,-0.558488
41.12,-4.9,-0.00712676,15.1224,-1.60949,0,2,-1281.97,51.4802,51.5214,50.9604,50.8806,1068.19,-579.343,-0.84017,15.1224,-0.00712676,-0.037487,-0.566892
41.14,-5.00851,-0.00728458,15.0896,-1.57448,0,2,-1278,51.6298,51.84,50.8034,50.8068,1068.39,-579.568,-0.840927,15.0896,-0.00728458,-0.0382342,-0.576939
41.16,-5.1,-0.00741765,15.0554,-1.55177,0,2,-1281.84,51.4338,51.5875,50.6706,50.8306,1068.59,-579.793,-0.841698,15.0554,-0.00741765,-0.0388445,-0.58482
41.18,-5.2,-0.00756309,15.0326,-1.5507,0,2,-1278.13,51.3574,51.4879,50.64,50.56,1068.79,-580.017,-0.842482,15.0326,-0.00756309,-0.0395463,-0.594485
41.2,-5.2,-0.00756309,14.999,-1.57143,0,2,-1280,51.16,51.3004,50.5088,50.6288,1068.99,-580.242,-0.843275,14.999,-0.00756309,-0.0394576,-0.591823
41.22,-5.20312,-0.00756763,14.9663,-1.60461,0,2,-1279.94,51.2763,51.1637,50.4,50.52,1069.19,-580.465,-0.844064,14.9663,-0.00756763,-0.0393955,-0.589606
41.24,-5.3,-0.00770854,14.9329,-1.64132,0,2,-1283.93,50.8712,51.1912,50.3556,50.0771,1069.39,-580.689,-0.844855,14.9329,-0.00770854,-0.0400392,-0.597901
41.26,-5.3,-0.00770854,14.8999,-1.67882,0,2,-1280.11,50.7246,50.8031,50.2385,50.3215,1069.59,-580.912,-0.845658,14.8999,-0.00770854,-0.0399508,-0.595263
41.28,-5.3,-0.00770854,14.8666,-1.71717,0,2,-1283.98,50.7966,50.9985,49.9966,50.1546,1069.78,-581.135,-0.846456,14.8666,-0.00770854,-0.0398615,-0.592605
41.3,-5.30015,-0.00770876,14.8334,-1.75323,0,2,-1281.99,50.4002,50.7198,50.0402,49.7606,1069.98,-581.358,-0.847253,14.8334,-0.00770876,-0.0397736,-0.589978
41.32,-5.4,-0.00785398,14.7993,-1.77822,0,2,-1274.06,50.5594,50.5206,49.8845,50.1994,1070.18,-581.58,-0.848051,14.7993,-0.00785398,-0.0404299,-0.598334
41.34,-5.5,-0.00799943,14.7551,-1.78539,0,2,-1283.84,50.24,50.4096,49.76,49.76,1070.37,-581.801,-0.848866,14.7551,-0.00799943,-0.0410557,-0.605782
41.36,-5.5,-0.00799943,14.7226,-1.78044,0,2,-1284,50.3102,50.4939,49.5404,49.6735,1070.57,-582.023,-0.84969,14.7226,-0.00799943,-0.0409651,-0.603112
41.38,-5.5,-0.00799943,14.6896,-1.7776,0,2,-1284,49.9882,50.003,49.5689,49.4164,1070.76,-582.244,-0.850508,14.6896,-0.00799943,-0.0408734,-0.600415
41.4,-5.5,-0.00799943,14.6556,-1.78396,0,2,-1284.14,49.8828,50.2085,49.4259,49.1911,1070.95,-582.464,-0.851325,14.6556,-0.00799943,-0.0407786,-0.597634
41.42,-5.5,-0.00799943,14.6217,-1.79268,0,2,-1286.06,49.8349,50.0311,48.9587,49.5034,1071.15,-582.685,-0.852139,14.6217,-0.00799943,-0.0406844,-0.594874
41.44,-5.5,-0.00799943,14.578,-1.79315,0,2,-1285.99,49.6001,49.7602,49.2801,48.9602,1071.34,-582.905,-0.852952,14.578,-0.00799943,-0.0405629,-0.591326
41.46,-5.59284,-0.00813445,14.5443,-1.7849,0,2,-1282.29,49.7085,49.9057,48.9771,49.2285,1071.53,-583.124,-0.853766,14.5443,-0.00813445,-0.0411523,-0.598532
41.48,-5.6,-0.00814487,14.5099,-1.77758,0,2,-1291.75,49.5225,49.4075,48.6951,48.7975,1071.72,-583.343,-0.854591,14.5099,-0.00814487,-0.0411075,-0.596466
41.5,-5.59499,-0.00813759,14.4773,-1.77731,0,2,-1291.8,49.43,49.672,48.792,48.676,1071.91,-583.562,-0.855413,14.4773,-0.00813759,-0.0409784,-0.593258
41.52,-5.50294,-0.00800371,14.4439,-1.77749,0,2,-1287.94,49.12,49.3141,48.5235,48.6388,1072.1,-583.78,-0.856228,14.4439,-0.00800371,-0.0402111,-0.580803
41.54,-5.6,-0.00814487,14.3997,-1.76676,0,2,-1290,49.1585,49.24,48.6355,48.4755,1072.29,-583.998,-0.857031,14.3997,-0.00814487,-0.0407951,-0.587436
41.56,-5.5,-0.00799943,14.3666,-1.74447,0,2,-1295.9,48.996,49.276,48.196,48.195,1072.48,-584.216,-0.857846,14.3666,-0.00799943,-0.0399745,-0.574297
41.58,-5.5,-0.00799943,14.333,-1.72294,0,2,-1291.88,48.8417,49.0783,48.2808,48.3633,1072.67,-584.433,-0.858641,14.333,-0.00799943,-0.0398811,-0.571616
41.6,-5.5,-0.00799943,14.2994,-1.71602,0,2,-1292,48.9133,48.9171,48.1923,48.2723,1072.85,-584.65,-0.859437,14.2994,-0.00799943,-0.0397877,-0.568942
41.62,-5.5,-0.00799943,14.2662,-1.73,0,2,-1297.53,48.6156,48.6987,47.8493,47.8156,1073.04,-584.866,-0.860232,14.2662,-0.00799943,-0.0396954,-0.566303
41.64,-5.49254,-0.00798858,14.2333,-1.76086,0,2,-1290.3,48.7391,48.8161,47.9481,48.0251,1073.23,-585.082,-0.861025,14.2333,-0.00798858,-0.03955,-0.562926
41.66,-5.4,-0.00785398,14.1991,-1.79516,0,2,-1294.08,48.1617,48.1668,47.8349,47.7949,1073.41,-585.298,-0.861811,14.1991,-0.00785398,-0.0387901,-0.550782
41.68,-5.4,-0.00785398,14.1547,-1.81886,0,2,-1294,48.3221,48.6041,47.6421,47.56,1073.6,-585.513,-0.862583,14.1547,-0.00785398,-0.0386689,-0.547346
41.7,-5.4,-0.00785398,14.122,-1.82751,0,2,-1294,48.1932,48.4274,47.3589,47.6309,1073.78,-585.728,-0.863355,14.122,-0.00785398,-0.0385795,-0.54482
41.72,-5.4,-0.00785398,14.089,-1.82336,0,2,-1296,47.8001,47.8801,47.52,47.48,1073.96,-585.942,-0.864126,14.089,-0.00785398,-0.0384895,-0.54228
41.74,-5.4,-0.00785398,14.0449,-1.80901,0,2,-1290.34,47.9897,48.2926,47.4526,47.3966,1074.14,-586.157,-0.864895,14.0449,-0.00785398,-0.0383689,-0.538888
41.76,-5.4,-0.00785398,14.0114,-1.79143,0,2,-1296.35,47.8,47.7931,47.0435,47.1896,1074.33,-586.37,-0.865661,14.0114,-0.00785398,-0.0382773,-0.536318
41.78,-5.4,-0.00785398,13.9783,-1.78212,0,2,-1296,47.7058,47.8,47.0765,47,1074.51,-586.583,-0.866426,13.9783,-0.00785398,-0.0381869,-0.533788
41.8,-5.4,-0.00785398,13.9446,-1.78518,0,2,-1298,47.48,47.6666,46.9167,46.8833,1074.69,-586.796,-0.867188,13.9446,-0.00785398,-0.038095,-0.531221
41.82,-5.4,-0.00785398,13.9105,-1.79098,0,2,-1298,47.48,47.4811,46.8411,46.8422,1074.87,-587.009,-0.867949,13.9105,-0.00785398,-0.0380018,-0.528625
41.84,-5.4,-0.00785398,13.8655,-1.78739,0,2,-1298,47.3114,47.6657,46.6886,46.6801,1075.05,-587.221,-0.868708,13.8655,-0.00785398,-0.0378789,-0.52521
41.86,-5.4,-0.00785398,13.8329,-1.77508,0,2,-1297.67,47.04,47.1912,46.4176,46.2729,1075.23,-587.432,-0.869465,13.8329,-0.00785398,-0.0377898,-0.522742
41.88,-5.4,-0.00785398,13.799,-1.76616,0,2,-1292.35,47.0377,47.2446,46.7038,46.9654,1075.41,-587.643,-0.87022,13.799,-0.00785398,-0.0376971,-0.520181
41.9,-5.4,-0.00785398,13.7662,-1.76849,0,2,-1305.9,46.996,47.192,46.076,45.954,1075.58,-587.854,-0.870973,13.7662,-0.00785398,-0.0376076,-0.517716
41.92,-5.4,-0.00785398,13.7329,-1.77648,0,2,-1297.95,46.8764,46.7591,46.1582,46.2418,1075.76,-588.065,-0.871724,13.7329,-0.00785398,-0.0375166,-0.515213
41.94,-5.4,-0.00785398,13.6889,-1.77978,0,2,-1300,46.68,46.8791,46.12,46.1564,1075.94,-588.275,-0.872473,13.6889,-0.00785398,-0.0373963,-0.511912
41.96,-5.4,-0.00785398,13.6557,-1.77755,0,2,-1300,46.6001,46.6801,45.9601,45.8002,1076.11,-588.484,-0.87322,13.6557,-0.00785398,-0.0373058,-0.509437
41.98,-5.4,-0.00785398,13.6227,-1.77813,0,2,-1300,46.5104,46.6,45.6864,45.7536,1076.29,-588.693,-0.873965,13.6227,-0.00785398,-0.0372154,-0.506974
42,-5.4,-0.00785398,13.5887,-1.78471,0,2,-1301.82,46.2694,46.5129,45.6765,45.64,1076.46,-588.902,-0.874709,13.5887,-0.00785398,-0.0371225,-0.504445
42.02,-5.49459,-0.00799156,13.5544,-1.7883,0,2,-1300,46.1222,46.3178,45.6313,45.5243,1076.64,-589.11,-0.875453,13.5544,-0.00799156,-0.0376776,-0.510698
42.04,-5.40556,-0.00786207,13.5103,-1.778,0,2,-1301.89,46.12,46.2355,45.4355,45.5178,1076.81,-589.318,-0.876206,13.5103,-0.00786207,-0.0369465,-0.499159
42.06,-5.49704,-0.00799512,13.4775,-1.75514,0,2,-1300.06,45.9988,46.1588,45.28,45.1588,1076.98,-589.526,-0.876944,13.4775,-0.00799512,-0.0374805,-0.505142
42.08,-5.5,-0.00799943,13.4438,-1.73268,0,2,-1299.87,45.8349,45.9587,45.28,45.2864,1077.15,-589.733,-0.877696,13.4438,-0.00799943,-0.037407,-0.502893
42.1,-5.49722,-0.00799539,13.4105,-1.72283,0,2,-1300.06,45.6411,45.7989,45.1989,45.2689,1077.33,-589.939,-0.878443,13.4105,-0.00799539,-0.0372954,-0.50015
42.12,-5.5,-0.00799943,13.3761,-1.72929,0,2,-1302,45.7538,45.8369,44.9875,44.6894,1077.5,-590.145,-0.879188,13.3761,-0.00799943,-0.0372187,-0.497843
42.14,-5.49266,-0.00798876,13.3438,-1.74621,0,2,-1302,45.4312,45.6683,44.8029,44.9971,1077.67,-590.351,-0.879931,13.3438,-0.00798876,-0.0370793,-0.49478
42.16,-5.4,-0.00785398,13.3102,-1.75933,0,2,-1302,45.32,45.4445,44.7933,44.6778,1077.84,-590.557,-0.880669,13.3102,-0.00785398,-0.0363617,-0.483981
42.18,-5.4,-0.00785398,13.2657,-1.75533,0,2,-1302,45.2762,45.5962,44.5581,44.68,1078.01,-590.762,-0.881392,13.2657,-0.00785398,-0.0362404,-0.480755
42.2,-5.5,-0.00799943,13.2331,-1.73539,0,2,-1302,45.1585,45.274,44.5585,44.477,1078.17,-590.966,-0.882119,13.2331,-0.00799943,-0.0368206,-0.48725
42.22,-5.5,-0.00799943,13.2,-1.71502,0,2,-1301.99,45.04,45.1598,44.3998,44.48,1078.34,-591.171,-0.882858,13.2,-0.00799943,-0.0367286,-0.484817
42.24,-5.5,-0.00799943,13.1668,-1.71012,0,2,-1302,45.0392,44.9998,44.3598,44.32,1078.51,-591.374,-0.883591,13.1668,-0.00799943,-0.0366363,-0.482384
42.26,-5.5,-0.00799943,13.1339,-1.72715,0,2,-1302.15,44.7138,44.96,44.2276,44.3107,1078.68,-591.578,-0.884323,13.1339,-0.00799943,-0.0365448,-0.479977
42.28,-5.5,-0.00799943,13.1003,-1.76132,0,2,-1304,44.64,44.787,43.9935,43.9167,1078.84,-591.781,-0.885053,13.1003,-0.00799943,-0.0364512,-0.477523
42.3,-5.5,-0.00799943,13.0664,-1.79893,0,2,-1304,44.4734,44.6433,44.0033,43.8833,1079.01,-591.983,-0.885781,13.0664,-0.00799943,-0.0363568,-0.475053
42.32,-5.5,-0.00799943,13.0214,-1.82692,0,2,-1302.09,44.3165,44.6731,43.9896,43.9131,1079.17,-592.185,-0.886507,13.0214,-0.00799943,-0.0362317,-0.471788
42.34,-5.5,-0.00799943,12.9887,-1.84279,0,2,-1304,44.1986,44.32,43.5945,43.7186,1079.34,-592.387,-0.887231,12.9887,-0.00799943,-0.0361408,-0.469423
42.36,-5.49797,-0.00799647,12.9555,-1.85103,0,2,-1304,44.1584,44.3592,43.5233,43.5984,1079.5,-592.588,-0.887953,12.9555,-0.00799647,-0.0360349,-0.466848
42.38,-5.5,-0.00799943,12.911,-1.8553,0,2,-1302.03,43.9989,44.1561,43.5183,43.5211,1079.66,-592.789,-0.888672,12.911,-0.00799943,-0.0359243,-0.463817
42.4,-5.5,-0.00799943,12.8779,-1.85983,0,2,-1304.02,43.9196,43.8408,43.3192,43.3984,1079.83,-592.989,-0.88939,12.8779,-0.00799943,-0.0358322,-0.461442
42.42,-5.5,-0.00799943,12.8441,-1.86922,0,2,-1304,43.7105,43.8776,43.2329,43.12,1079.99,-593.189,-0.890105,12.8441,-0.00799943,-0.0357384,-0.459028
42.44,-5.49502,-0.00799218,12.7992,-1.88515,0,2,-1304,43.6,43.676,43.076,43.152,1080.15,-593.388,-0.890819,12.7992,-0.00799218,-0.0355812,-0.455411
42.46,-5.5,-0.00799943,12.7666,-1.90781,0,2,-1304,43.5162,43.5592,42.9577,42.9177,1080.31,-593.587,-0.89153,12.7666,-0.00799943,-0.0355226,-0.453501
42.48,-5.5,-0.00799943,12.7333,-1.93192,0,2,-1306,43.1604,43.5196,42.7998,42.7992,1080.47,-593.786,-0.892239,12.7333,-0.00799943,-0.03543,-0.451142
42.5,-5.4002,-0.00785427,12.6881,-1.9431,0,2,-1306,43.1602,43.3202,42.76,42.5202,1080.63,-593.984,-0.892943,12.6881,-0.00785427,-0.0346636,-0.439815
42.52,-5.4,-0.00785398,12.6431,-1.93196,0,2,-1304.13,43.08,43.2723,42.48,42.6749,1080.79,-594.181,-0.893632,12.6431,-0.00785398,-0.0345393,-0.436683
42.54,-5.3,-0.00770854,12.6105,-1.90617,0,2,-1306,42.9972,43.0744,42.4715,42.4231,1080.95,-594.378,-0.894319,12.6105,-0.00770854,-0.0338123,-0.42639
42.56,-5.3,-0.00770854,12.5765,-1.87836,0,2,-1306,42.7971,42.9229,42.3112,42.1746,1081.1,-594.574,-0.894991,12.5765,-0.00770854,-0.0337211,-0.424094
42.58,-5.3,-0.00770854,12.5319,-1.8535,0,2,-1304.14,42.7544,42.8344,42.1572,42.3459,1081.26,-594.77,-0.895664,12.5319,-0.00770854,-0.0336017,-0.421094
42.6,-5.3,-0.00770854,12.4996,-1.83247,0,2,-1307.88,42.5952,42.68,41.9976,41.9528,1081.42,-594.966,-0.896335,12.4996,-0.00770854,-0.0335149,-0.418922
42.62,-5.3,-0.00770854,12.4665,-1.81434,0,2,-1306,42.44,42.6391,41.9591,41.8409,1081.57,-595.161,-0.897005,12.4665,-0.00770854,-0.0334263,-0.416711
42.64,-5.3,-0.00770854,12.4225,-1.79557,0,2,-1308,42.3595,42.44,41.7195,41.8386,1081.73,-595.355,-0.897672,12.4225,-0.00770854,-0.0333082,-0.413771
42.66,-5.3,-0.00770854,12.3892,-1.77717,0,2,-1308.15,42.151,42.477,41.64,41.517,1081.88,-595.549,-0.898338,12.3892,-0.00770854,-0.0332191,-0.411559
42.68,-5.3,-0.00770854,12.3553,-1.76693,0,2,-1307.86,42.04,42.3091,41.4719,41.4827,1082.04,-595.743,-0.899001,12.3553,-0.00770854,-0.033128,-0.409306
42.7,-5.3,-0.00770854,12.3217,-1.76883,0,2,-1308,42.0377,42.0446,41.3977,41.4754,1082.19,-595.936,-0.899663,12.3217,-0.00770854,-0.0330381,-0.407087
42.72,-5.3,-0.00770854,12.2886,-1.77591,0,2,-1308,41.8783,42.0365,41.3174,41.3565,1082.34,-596.129,-0.900322,12.2886,-0.00770854,-0.0329492,-0.4049
42.74,-5.3,-0.00770854,12.2446,-1.77834,0,2,-1308,41.7194,41.8394,41.1587,41.1994,1082.5,-596.321,-0.90098,12.2446,-0.00770854,-0.0328312,-0.402004
42.76,-5.20064,-0.00756402,12.2113,-1.77667,0,2,-1308,41.68,41.7205,41.08,41.0805,1082.65,-596.513,-0.901633,12.2113,-0.00756402,-0.0321281,-0.392326
42.78,-5.2,-0.00756309,12.1782,-1.78115,0,2,-1308,41.4,41.5567,40.9902,40.9902,1082.8,-596.704,-0.902272,12.1782,-0.00756309,-0.032037,-0.390152
42.8,-5.2,-0.00756309,12.1441,-1.79724,0,2,-1308,41.3606,41.52,40.8406,40.8406,1082.95,-596.895,-0.902911,12.1441,-0.00756309,-0.0319475,-0.387975
42.82,-5.19371,-0.00755395,12.1099,-1.81769,0,2,-1308,41.1975,41.36,40.7099,40.6725,1083.1,-597.086,-0.903549,12.1099,-0.00755395,-0.0318189,-0.385323
42.84,-5.1,-0.00741765,12.0656,-1.83088,0,2,-1308.13,41.0773,41.3146,40.5227,40.56,1083.25,-597.276,-0.904182,12.0656,-0.00741765,-0.0311305,-0.375609
42.86,-5.1,-0.00741765,12.0329,-1.83203,0,2,-1308,40.9957,41.1535,40.5157,40.5157,1083.4,-597.465,-0.9048,12.0329,-0.00741765,-0.031046,-0.373572
42.88,-5.1,-0.00741765,11.9992,-1.82195,0,2,-1308,40.8783,40.9967,40.3167,40.4,1083.55,-597.654,-0.90542,11.9992,-0.00741765,-0.0309591,-0.371484
42.9,-5,-0.00727221,11.9551,-1.80263,0,2,-1308,40.836,40.84,40.1213,40.236,1083.7,-597.843,-0.906036,11.9551,-0.00727221,-0.0302404,-0.361527
42.92,-5,-0.00727221,11.9223,-1.78158,0,2,-1309.99,40.6,40.7597,40.08,40.08,1083.84,-598.031,-0.906636,11.9223,-0.00727221,-0.0301574,-0.359545
42.94,-5,-0.00727221,11.8893,-1.77068,0,2,-1310,40.52,40.6,39.96,40,1083.99,-598.218,-0.907239,11.8893,-0.00727221,-0.030074,-0.357557
42.96,-4.9912,-0.00725941,11.8558,-1.77355,0,2,-1310,40.393,40.52,39.7965,39.76,1084.14,-598.405,-0.907839,11.8558,-0.00725941,-0.0299366,-0.354923
42.98,-4.9,-0.00712676,11.8218,-1.7801,0,2,-1310,40.234,40.431,39.797,39.677,1084.28,-598.592,-0.908434,11.8218,-0.00712676,-0.0293052,-0.346439
43,-4.9,-0.00712676,11.7768,-1.77855,0,2,-1310,40.1125,40.24,39.6675,39.52,1084.43,-598.778,-0.909016,11.7768,-0.00712676,-0.0291937,-0.343807
43.02,-4.8,-0.00698132,11.7442,-1.77083,0,2,-1310,39.9591,40.2382,39.44,39.44,1084.57,-598.964,-0.909596,11.7442,-0.00698132,-0.0285188,-0.334932
43.04,-4.8,-0.00698132,11.711,-1.77049,0,2,-1310,39.842,39.959,39.32,39.36,1084.71,-599.149,-0.910163,11.711,-0.00698132,-0.0284381,-0.333039
43.06,-4.79966,-0.00698082,11.6779,-1.78556,0,2,-1310,39.8397,39.9196,39.3196,39.3196,1084.86,-599.333,-0.910731,11.6779,-0.00698082,-0.0283556,-0.331133
43.08,-4.7,-0.00683587,11.6446,-1.80889,0,2,-1310,39.6,39.68,39.12,39.16,1085,-599.518,-0.911294,11.6446,-0.00683587,-0.0276877,-0.322413
43.1,-4.7,-0.00683587,11.5995,-1.82667,0,2,-1310,39.6,39.6401,38.9603,39.0403,1085.14,-599.701,-0.911844,11.5995,-0.00683587,-0.0275806,-0.319922
43.12,-4.7,-0.00683587,11.5663,-1.83204,0,2,-1310.09,39.3566,39.4783,38.9566,38.8783,1085.29,-599.885,-0.912395,11.5663,-0.00683587,-0.0275017,-0.318094
43.14,-4.7,-0.00683587,11.5333,-1.8254,0,2,-1310.05,39.2781,39.4381,38.7972,38.7191,1085.43,-600.067,-0.912944,11.5333,-0.00683587,-0.027423,-0.316278
43.16,-4.7,-0.00683587,11.4892,-1.80896,0,2,-1310.01,39.1602,39.2805,38.5607,38.6402,1085.57,-600.25,-0.913492,11.4892,-0.00683587,-0.0273181,-0.313862
43.18,-4.7,-0.00683587,11.4557,-1.79013,0,2,-1310,38.96,39.1599,38.5599,38.5198,1085.71,-600.431,-0.914037,11.4557,-0.00683587,-0.0272387,-0.312039
43.2,-4.60196,-0.00669328,11.4219,-1.78177,0,2,-1310,39.0384,39.1984,38.4016,38.4,1085.85,-600.613,-0.914578,11.4219,-0.00669328,-0.0265916,-0.303725
43.22,-4.6,-0.00669043,11.3885,-1.79068,0,2,-1310,38.6363,38.8309,38.2382,38.3163,1085.99,-600.793,-0.915106,11.3885,-0.00669043,-0.0265026,-0.301824
43.24,-4.6,-0.00669043,11.355,-1.80984,0,2,-1310,38.6484,38.7234,38.1949,38.1983,1086.12,-600.974,-0.915635,11.355,-0.00669043,-0.0264247,-0.300052
43.26,-4.5,-0.00654498,11.3106,-1.82592,0,2,-1310.07,38.6708,38.7147,37.9974,38.036,1086.26,-601.153,-0.91616,11.3106,-0.00654498,-0.0257492,-0.291239
43.28,-4.5,-0.00654498,11.2775,-1.8313,0,2,-1310,38.2423,38.48,37.9188,37.92,1086.4,-601.333,-0.916671,11.2775,-0.00654498,-0.0256739,-0.289538
43.3,-4.5,-0.00654498,11.2442,-1.82431,0,2,-1312,38.3951,38.4726,37.9151,37.8788,1086.54,-601.511,-0.917184,11.2442,-0.00654498,-0.025598,-0.28783
43.32,-4.5,-0.00654498,11.1992,-1.80577,0,2,-1312,38.0828,38.1614,37.7207,37.6828,1086.67,-601.69,-0.917695,11.1992,-0.00654498,-0.0254956,-0.285531
43.34,-4.4,-0.00639954,11.1665,-1.78375,0,2,-1312,38.1509,38.3478,37.557,37.557,1086.81,-601.867,-0.918202,11.1665,-0.00639954,-0.0248561,-0.277556
43.36,-4.4,-0.00639954,11.1328,-1.77286,0,2,-1312,37.7167,37.8767,37.4367,37.3934,1086.94,-602.044,-0.918695,11.1328,-0.00639954,-0.0247812,-0.275886
43.38,-4.4,-0.00639954,11.0997,-1.78109,0,2,-1313.84,37.8466,37.9299,37.2767,37.2701,1087.08,-602.221,-0.91919,11.0997,-0.00639954,-0.0247075,-0.274247
43.4,-4.3,-0.0062541,11.0664,-1.80189,0,2,-1312,37.7034,37.9001,37.1534,37.12,1087.21,-602.397,-0.91968,11.0664,-0.0062541,-0.0240734,-0.266406
43.42,-4.3,-0.0062541,11.0214,-1.823,0,2,-1312,37.443,37.5215,37.08,37.0815,1087.35,-602.573,-0.920158,11.0214,-0.0062541,-0.0239755,-0.264243
43.44,-4.2,-0.00610865,10.9888,-1.83907,0,2,-1312,37.5156,37.5571,36.92,36.9985,1087.48,-602.748,-0.920634,10.9888,-0.00610865,-0.0233488,-0.256577
43.46,-4.2,-0.00610865,10.9558,-1.85037,0,2,-1312,37.2807,37.3214,36.6786,36.7965,1087.61,-602.923,-0.921098,10.9558,-0.00610865,-0.0232785,-0.255034
43.48,-4.2,-0.00610865,10.911,-1.85625,0,2,-1311.97,37.2763,37.3179,36.6043,36.6027,1087.75,-603.097,-0.921562,10.911,-0.00610865,-0.0231834,-0.252953
43.5,-4.2,-0.00610865,10.8772,-1.8578,0,2,-1312,36.8396,36.96,36.7968,36.7576,1087.88,-603.271,-0.922025,10.8772,-0.00610865,-0.0231116,-0.251389
43.52,-4.2,-0.00610865,10.8437,-1.85817,0,2,-1312,36.9596,37.0797,36.2007,36.2806,1088.01,-603.444,-0.922487,10.8437,-0.00610865,-0.0230404,-0.249844
43.54,-4.2,-0.00610865,10.8006,-1.8579,0,2,-1312,36.7828,36.8262,36.3531,36.2,1088.14,-603.616,-0.922947,10.8006,-0.00610865,-0.0229489,-0.247863
43.56,-4.10802,-0.00597487,10.7665,-1.85631,0,2,-1312,36.52,36.6896,36.1936,36.1568,1088.27,-603.788,-0.923402,10.7665,-0.00597487,-0.0223754,-0.240905
43.58,-4.1,-0.00596321,10.7318,-1.85328,0,2,-1312,36.514,36.6649,36,35.997,1088.4,-603.96,-0.923846,10.7318,-0.00596321,-0.0222597,-0.238887
43.6,-4.1,-0.00596321,10.6879,-1.84918,0,2,-1312,36.48,36.443,35.7939,35.8739,1088.53,-604.131,-0.924291,10.6879,-0.00596321,-0.0221686,-0.236935
43.62,-4.09846,-0.00596097,10.6555,-1.84685,0,2,-1310,36.3169,36.4769,35.8837,35.6831,1088.66,-604.301,-0.924733,10.6555,-0.00596097,-0.0220932,-0.235413
43.64,-4.09978,-0.00596289,10.6227,-1.84797,0,2,-1310,36.0003,36.0405,35.8805,35.88,1088.79,-604.471,-0.925174,10.6227,-0.00596289,-0.0220323,-0.234042
43.66,-3.9,-0.00567232,10.5776,-1.84931,0,2,-1314,36.1573,36.16,35.36,35.4,1088.91,-604.641,-0.925609,10.5776,-0.00567232,-0.0208696,-0.220751
43.68,-3.8,-0.00552688,10.5439,-1.84872,0,2,-1314,35.8243,35.9533,35.4045,35.3978,1089.04,-604.809,-0.926018,10.5439,-0.00552688,-0.0202697,-0.213721
43.7,-3.7,-0.00538143,10.5104,-1.84752,0,2,-1314,35.6877,35.8458,35.32,35.32,1089.17,-604.978,-0.926417,10.5104,-0.00538143,-0.0196736,-0.206778
43.72,-3.69916,-0.00538022,10.4667,-1.84678,0,2,-1314,35.7973,35.7193,35.2393,35.159,1089.29,-605.145,-0.926807,10.4667,-0.00538022,-0.0195873,-0.205014
43.74,-3.5999,-0.00523584,10.4335,-1.84814,0,2,-1314,35.4801,35.5601,34.9998,35.0398,1089.42,-605.313,-0.927195,10.4335,-0.00523584,-0.0190013,-0.19825
43.76,-3.5,-0.00509054,10.4005,-1.85242,0,2,-1313.82,35.5022,35.6187,34.8942,34.84,1089.54,-605.479,-0.92757,10.4005,-0.00509054,-0.0184155,-0.19153
43.78,-3.5,-0.00509054,10.3561,-1.85663,0,2,-1312.17,35.1496,35.24,34.9027,34.9062,1089.67,-605.645,-0.927935,10.3561,-0.00509054,-0.0183369,-0.189899
43.8,-3.5,-0.00509054,10.322,-1.8585,0,2,-1314,35.2089,35.314,34.446,34.56,1089.79,-605.811,-0.928301,10.322,-0.00509054,-0.0182766,-0.188651
43.82,-3.49622,-0.00508505,10.288,-1.85841,0,2,-1314,35.0724,35.1509,34.5585,34.5985,1089.91,-605.976,-0.928665,10.288,-0.00508505,-0.0181966,-0.187206
43.84,-3.4,-0.0049451,10.2441,-1.85676,0,2,-1314,34.843,34.8815,34.397,34.4341,1090.04,-606.14,-0.929026,10.2441,-0.0049451,-0.0176203,-0.180504
43.86,-3.3,-0.00479966,10.2111,-1.85498,0,2,-1314,34.8764,34.8773,34.3164,34.2382,1090.16,-606.304,-0.929373,10.2111,-0.00479966,-0.0170469,-0.174067
43.88,-3.2,-0.00465421,10.1777,-1.85376,0,2,-1314,34.5594,34.7194,34.0788,34.2781,1090.28,-606.468,-0.929708,10.1777,-0.00465421,-0.0164764,-0.167692
43.9,-3.10008,-0.00450889,10.1323,-1.85103,0,2,-1314,34.56,34.6001,34.0799,33.9602,1090.4,-606.63,-0.930032,10.1323,-0.00450889,-0.0158907,-0.161008
43.92,-3.002,-0.00436624,10.0991,-1.84724,0,2,-1314,34.4024,34.4032,34.1568,33.9984,1090.52,-606.793,-0.930344,10.0991,-0.00436624,-0.0153376,-0.154896
43.94,-2.99272,-0.00435273,10.0665,-1.84526,0,2,-1314,34.24,34.3171,33.7484,33.7513,1090.64,-606.954,-0.930647,10.0665,-0.00435273,-0.0152407,-0.153421
43.96,-2.9,-0.00421788,10.0222,-1.84544,0,2,-1314,34.2248,34.2324,33.64,33.6,1090.76,-607.115,-0.930949,10.0222,-0.00421788,-0.0147036,-0.147363
43.98,-2.8942,-0.00420944,9.98831,-1.84855,0,2,-1314,33.84,34.08,33.5154,33.473,1090.88,-607.276,-0.93124,9.98831,-0.00420944,-0.0146245,-0.146074
44,-2.8,-0.00407243,9.95476,-1.85754,0,2,-1314,33.92,33.992,33.356,33.358,1091,-607.436,-0.93153,9.95476,-0.00407243,-0.014101,-0.140372
44.02,-2.8,-0.00407243,9.91101,-1.87409,0,2,-1314,33.8375,33.76,33.2015,33.3195,1091.12,-607.595,-0.931809,9.91101,-0.00407243,-0.014039,-0.139141
44.04,-2.8,-0.00407243,9.878,-1.89817,0,2,-1314,33.52,33.68,33.2,33.16,1091.24,-607.754,-0.932089,9.878,-0.00407243,-0.0139923,-0.138216
44.06,-2.8,-0.00407243,9.84494,-1.92353,0,2,-1314,33.48,33.4799,32.9602,32.9601,1091.36,-607.913,-0.932368,9.84494,-0.00407243,-0.0139454,-0.137292
44.08,-2.8,-0.00407243,9.8002,-1.93464,0,2,-1312,33.3602,33.44,33.0001,33,1091.47,-608.07,-0.932647,9.8002,-0.00407243,-0.013882,-0.136047
44.1,-2.7,-0.00392699,9.75533,-1.92092,0,2,-1316,33.2005,33.2803,32.6811,32.8003,1091.59,-608.228,-0.932921,9.75533,-0.00392699,-0.013325,-0.12999
44.12,-2.7,-0.00392699,9.72206,-1.88934,0,2,-1316,33.1561,33.199,32.719,32.559,1091.71,-608.384,-0.933185,9.72206,-0.00392699,-0.0132795,-0.129104
44.14,-2.59785,-0.00377842,9.68896,-1.85352,0,2,-1315.96,32.9583,33.1174,32.5583,32.5191,1091.82,-608.54,-0.933447,9.68896,-0.00377842,-0.0127336,-0.123376
44.16,-2.5,-0.0036361,9.64472,-1.8215,0,2,-1316,32.8762,32.8762,32.3562,32.3562,1091.94,-608.695,-0.933697,9.64472,-0.0036361,-0.012198,-0.117647
44.18,-2.40023,-0.00349099,9.61121,-1.80105,0,2,-1314,32.7203,32.8001,32.32,32.2003,1092.05,-608.85,-0.933935,9.61121,-0.00349099,-0.0116705,-0.112168
44.2,-2.4,-0.00349066,9.57693,-1.80307,0,2,-1316,32.64,32.84,32.1605,32.0805,1092.17,-609.004,-0.934166,9.57693,-0.00349066,-0.0116278,-0.111359
44.22,-2.29302,-0.00333506,9.5437,-1.8308,0,2,-1316,32.5488,32.5088,31.9172,32.0372,1092.28,-609.158,-0.934395,9.5437,-0.00333506,-0.0110709,-0.105658
44.24,-2.2,-0.00319977,9.51006,-1.87016,0,2,-1316,32.3121,32.4747,31.9147,31.9947,1092.39,-609.311,-0.934612,9.51006,-0.00319977,-0.0105844,-0.100658
44.26,-2.19447,-0.00319173,9.46579,-1.89716,0,2,-1316,32.2378,32.2356,31.7556,31.8334,1092.51,-609.464,-0.93482,9.46579,-0.00319173,-0.0105086,-0.0994726
44.28,-2.1,-0.00305433,9.42122,-1.89943,0,2,-1316,32.1918,32.0841,31.6759,31.598,1092.62,-609.616,-0.935028,9.42122,-0.00305433,-0.0100089,-0.0942959
44.3,-2.1,-0.00305433,9.38855,-1.88666,0,2,-1316,31.9954,32.0724,31.5509,31.517,1092.73,-609.767,-0.935225,9.38855,-0.00305433,-0.00997419,-0.0936432
44.32,-2.1,-0.00305433,9.35542,-1.87575,0,2,-1316,31.8796,31.76,31.2804,31.3993,1092.84,-609.918,-0.935424,9.35542,-0.00305433,-0.00993899,-0.0929835
44.34,-2.1,-0.00305433,9.31136,-1.87555,0,2,-1316,31.6786,31.7595,31.3195,31.2386,1092.95,-610.069,-0.935623,9.31136,-0.00305433,-0.00989218,-0.0921097
44.36,-2.1,-0.00305433,9.27804,-1.88812,0,2,-1316,31.56,31.5933,31.2265,31.0699,1093.06,-610.218,-0.93582,9.27804,-0.00305433,-0.00985678,-0.0914516
44.38,-2.1,-0.00305433,9.24503,-1.90948,0,2,-1316,31.5042,31.44,30.9137,30.92,1093.17,-610.367,-0.936017,9.24503,-0.00305433,-0.00982171,-0.090802
44.4,-2.1,-0.00305433,9.19976,-1.92924,0,2,-1316,31.2335,31.4368,30.8,30.7968,1093.28,-610.516,-0.936213,9.19976,-0.00305433,-0.00977362,-0.089915
44.42,-2,-0.00290888,9.1549,-1.94497,0,2,-1316,31.12,31.2763,30.7563,30.6388,1093.39,-610.664,-0.936406,9.1549,-0.00290888,-0.00926282,-0.0848001
44.44,-2,-0.00290888,9.12225,-1.97146,0,2,-1317.97,31,31.0783,30.5189,30.4389,1093.5,-610.811,-0.936588,9.12225,-0.00290888,-0.00922978,-0.0841964
44.46,-1.9,-0.00276344,9.08925,-2.02228,0,2,-1317.84,30.9505,30.9105,30.4337,30.36,1093.61,-610.958,-0.93677,9.08925,-0.00276344,-0.00873657,-0.0794088
44.48,-1.9,-0.00276344,9.04487,-2.08995,0,2,-1316,30.7608,30.7604,30.2808,30.3204,1093.71,-611.104,-0.936942,9.04487,-0.00276344,-0.00869391,-0.0786353
44.5,-1.9,-0.00276344,8.99983,-2.1538,0,2,-1318,30.6372,30.5944,30.1144,30.1516,1093.82,-611.249,-0.937116,8.99983,-0.00276344,-0.00865063,-0.0778542
44.52,-1.8,-0.00261799,8.95502,-2.1997,0,2,-1318,30.3552,30.4376,29.8788,29.96,1093.93,-611.394,-0.937286,8.95502,-0.00261799,-0.00815452,-0.0730239
44.54,-1.8,-0.00261799,8.91093,-2.22603,0,2,-1316.05,30.16,30.3171,29.7981,29.9581,1094.03,-611.538,-0.937446,8.91093,-0.00261799,-0.00811437,-0.0723066
44.56,-1.79763,-0.00261455,8.86654,-2.23769,0,2,-1318,30.1572,30.0381,29.7981,29.7962,1094.14,-611.681,-0.937608,8.86654,-0.00261455,-0.00806331,-0.0714936
44.58,-1.7,-0.00247255,8.82202,-2.23999,0,2,-1318.03,29.8786,29.9607,29.6372,29.5593,1094.24,-611.824,-0.937767,8.82202,-0.00247255,-0.0075871,-0.0669335
44.6,-1.6,-0.00232711,8.77699,-2.2369,0,2,-1318,29.7195,29.8775,29.358,29.3595,1094.35,-611.966,-0.937914,8.77699,-0.00232711,-0.00710435,-0.0623548
44.62,-1.49757,-0.00217813,8.73231,-2.23161,0,2,-1318,29.6343,29.64,29.1562,29.1981,1094.45,-612.107,-0.938051,8.73231,-0.00217813,-0.00661571,-0.0577705
44.64,-1.39742,-0.00203247,8.68826,-2.22664,0,2,-1316,29.398,29.6339,29.038,29.0759,1094.55,-612.247,-0.938179,8.68826,-0.00203247,-0.00614213,-0.0533644
44.66,-1.3,-0.00189077,8.64403,-2.22291,0,2,-1318,29.3181,29.32,28.8771,28.8371,1094.66,-612.387,-0.938297,8.64403,-0.00189077,-0.00568485,-0.04914
44.68,-1.297,-0.00188641,8.59968,-2.21931,0,2,-1318,29.1964,29.2376,28.7164,28.5988,1094.76,-612.526,-0.938408,8.59968,-0.00188641,-0.00564261,-0.0485246
44.7,-1.2,-0.00174533,8.55447,-2.2144,0,2,-1319.98,28.9991,28.9987,28.5191,28.52,1094.86,-612.665,-0.938518,8.55447,-0.00174533,-0.00519318,-0.0444249
44.72,-1.1,-0.00159989,8.50974,-2.20912,0,2,-1318,28.8698,28.8349,28.4,28.3949,1094.96,-612.802,-0.938618,8.50974,-0.00159989,-0.00473552,-0.040298
44.74,-1,-0.00145444,8.46574,-2.20782,0,2,-1318,28.5953,28.6753,28.2707,28.1553,1095.06,-612.939,-0.938708,8.46574,-0.00145444,-0.00428276,-0.0362567
44.76,-0.995604,-0.00144805,8.42154,-2.21703,0,2,-1316.09,28.5165,28.5147,27.993,28.0747,1095.16,-613.075,-0.938791,8.42154,-0.00144805,-0.00424167,-0.0357214
44.78,-0.897052,-0.00130471,8.37725,-2.2433,0,2,-1316.06,28.3929,28.2788,27.8376,27.8376,1095.26,-613.211,-0.938874,8.37725,-0.00130471,-0.00380169,-0.0318477
44.8,-0.7,-0.00101811,8.33311,-2.29038,0,2,-1318.04,28.0782,28.08,27.68,27.7573,1095.36,-613.346,-0.938943,8.33311,-0.00101811,-0.00295096,-0.0245907
44.82,-0.600767,-0.00087378,8.28927,-2.3538,0,2,-1318.02,27.9603,28.0006,27.6403,27.5209,1095.46,-613.48,-0.938996,8.28927,-0.00087378,-0.0025193,-0.0208832
44.84,-0.291463,-0.000423916,8.24519,-2.41566,0,2,-1318,27.7863,27.7966,27.4698,27.3463,1095.55,-613.613,-0.939038,8.24519,-0.000423916,-0.00121575,-0.010024
44.86,0.0138609,2.01598e-05,8.1887,-2.45174,0,2,-1318,27.5172,27.6372,27.2745,27.1145,1095.65,-613.746,-0.939049,8.1887,2.01598e-05,5.742e-05,0.000470195
44.88,0.410286,0.000596737,8.13229,-2.45366,0,2,-1318,27.4359,27.4738,27.1138,27.0359,1095.75,-613.878,-0.939033,8.13229,0.000596737,0.00168794,0.0137269
44.9,0.651514,0.000947589,8.08822,-2.44045,0,2,-1320,27.3129,27.3182,26.8347,26.8382,1095.84,-614.009,-0.938987,8.08822,0.000947589,0.00266585,0.0215619
44.92,1.10245,0.00160344,8.04417,-2.43943,0,2,-1320.05,27.118,27.1961,26.559,26.7941,1095.94,-614.139,-0.938919,8.04417,0.00160344,0.00448639,0.0360892
44.94,1.40125,0.00203803,8.00011,-2.4585,0,2,-1320,26.9985,26.879,26.5195,26.399,1096.03,-614.268,-0.938815,8.00011,0.00203803,0.00567113,0.0453697
44.96,1.5492,0.00225322,7.94498,-2.48396,0,2,-1320,26.8294,26.8365,26.3565,26.3235,1096.13,-614.397,-0.938693,7.94498,0.00225322,0.00622673,0.0494712
44.98,1.69944,0.00247173,7.88914,-2.50353,0,2,-1320,26.6802,26.6807,26.2007,26.2009,1096.22,-614.525,-0.938563,7.88914,0.00247173,0.00678257,0.0535086
45,1.8,0.00261799,7.84388,-2.5208,0,2,-1320,26.4803,26.3604,26.0404,25.9206,1096.31,-614.652,-0.938422,7.84388,0.00261799,0.00714271,0.0560266
45.02,1.80652,0.00262748,7.79882,-2.54214,0,2,-1318.13,26.3148,26.3122,25.8722,25.8722,1096.41,-614.778,-0.938278,7.79882,0.00262748,0.00712739,0.0555852
45.04,1.80598,0.00262669,7.74315,-2.56183,0,2,-1320,26.1928,26.0752,25.68,25.6,1096.5,-614.903,-0.938136,7.74315,0.00262669,0.00707441,0.0547782
45.06,1.80352,0.00262312,7.68834,-2.56902,0,2,-1320,26.0358,25.9172,25.5172,25.5586,1096.59,-615.028,-0.937995,7.68834,0.00262312,0.00701477,0.0539319
45.08,1.9,0.00276344,7.64394,-2.55798,0,2,-1320,25.8365,25.7576,25.4388,25.3965,1096.68,-615.151,-0.937853,7.64394,0.00276344,0.00734734,0.0561626
45.1,2,0.00290888,7.58725,-2.52738,0,2,-1319.95,25.6778,25.56,25.2767,25.2367,1096.77,-615.274,-0.937703,7.58725,0.00290888,0.00767668,0.0582449
45.12,2,0.00290888,7.53188,-2.4843,0,2,-1320,25.5145,25.4372,24.9972,24.9945,1096.86,-615.396,-0.937548,7.53188,0.00290888,0.00762066,0.0573979
45.14,2,0.00290888,7.48798,-2.44888,0,2,-1320,25.2778,25.3156,24.9135,24.8,1096.95,-615.517,-0.937396,7.48798,0.00290888,0.00757625,0.0567308
45.16,2.1,0.00305433,7.44411,-2.43897,0,2,-1320,25.158,25.119,24.76,24.758,1097.04,-615.637,-0.937243,7.44411,0.00305433,0.00790845,0.0588714
45.18,2.1,0.00305433,7.39981,-2.44834,0,2,-1320,24.9593,24.9993,24.758,24.598,1097.12,-615.757,-0.937084,7.39981,0.00305433,0.00786139,0.0581728
45.2,2.1,0.00305433,7.34448,-2.44937,0,2,-1320,24.8392,24.9167,24.4375,24.4375,1097.21,-615.876,-0.936927,7.34448,0.00305433,0.00780262,0.0573062
45.22,2.198,0.00319686,7.28821,-2.4201,0,2,-1320,24.8,24.6424,24.32,24.2808,1097.3,-615.994,-0.936769,7.28821,0.00319686,0.00810416,0.0590648
45.24,2.2,0.00319977,7.24424,-2.36261,0,2,-1320,24.5912,24.5171,24.2712,24.16,1097.38,-616.111,-0.936606,7.24424,0.00319977,0.00806261,0.0584075
45.26,2.20526,0.00320742,7.20024,-2.29252,0,2,-1320,24.44,24.3558,24.1074,23.9979,1097.47,-616.227,-0.936445,7.20024,0.00320742,0.00803278,0.0578379
45.28,2.3,0.00334521,7.1547,-2.22,0,2,-1320.1,24.3138,24.2,23.8759,23.8759,1097.56,-616.343,-0.936283,7.1547,0.00334521,0.0083249,0.0595621
45.3,2.3,0.00334521,7.11056,-2.14684,0,2,-1322,24.1582,24.12,23.7182,23.7182,1097.64,-616.458,-0.936116,7.11056,0.00334521,0.00827354,0.0588295
45.32,2.3,0.00334521,7.06677,-2.07576,0,2,-1322,24.0405,23.9611,23.6403,23.6403,1097.72,-616.572,-0.935951,7.06677,0.00334521,0.00822259,0.0581071
45.34,2.3,0.00334521,7.02254,-2.01803,0,2,-1320.01,23.84,23.8,23.5195,23.5198,1097.81,-616.685,-0.935787,7.02254,0.00334521,0.00817113,0.0573821
45.36,2.29065,0.00333162,6.98906,-1.98879,0,2,-1322,23.7163,23.7163,23.3125,23.385,1097.89,-616.798,-0.935624,6.98906,0.00333162,0.00809911,0.0566051
45.38,2.3,0.00334521,6.95598,-1.98944,0,2,-1322,23.5534,23.5167,23.2334,23.2,1097.97,-616.91,-0.935462,6.95598,0.00334521,0.00809368,0.0562995
45.4,2.2,0.00319977,6.91087,-1.99883,0,2,-1322,23.4734,23.4734,23.1534,23.1501,1098.06,-617.022,-0.935303,6.91087,0.00319977,0.00769157,0.0531555
45.42,2.2,0.00319977,6.86634,-1.99128,0,2,-1322,23.319,23.3194,22.9994,22.9197,1098.14,-617.133,-0.935151,6.86634,0.00319977,0.00764202,0.0524727
45.44,2.2,0.00319977,6.82288,-1.96116,0,2,-1322,23.1606,23.2006,22.8412,22.8406,1098.22,-617.243,-0.934998,6.82288,0.00319977,0.00759364,0.0518104
45.46,2.19353,0.00319036,6.7889,-1.92367,0,2,-1322,23.0374,23.0374,22.7174,22.7174,1098.3,-617.352,-0.934847,6.7889,0.00319036,0.00753359,0.0511448
45.48,2.1,0.00305433,6.75454,-1.89553,0,2,-1322,22.9178,22.9178,22.5978,22.5535,1098.38,-617.461,-0.934699,6.75454,0.00305433,0.00717587,0.0484697
45.5,2.09583,0.00304827,6.7103,-1.8838,0,2,-1322,22.8367,22.835,22.515,22.435,1098.46,-617.57,-0.934557,6.7103,0.00304827,0.00711473,0.047742
45.52,2.1,0.00305433,6.6776,-1.88935,0,2,-1322,22.6779,22.5989,22.3189,22.2789,1098.54,-617.677,-0.934415,6.6776,0.00305433,0.00709413,0.0473717
45.54,2.1,0.00305433,6.64449,-1.9058,0,2,-1322,22.5593,22.5186,22.2386,22.1593,1098.62,-617.784,-0.934274,6.64449,0.00305433,0.00705896,0.0469032
45.56,2.1,0.00305433,6.60041,-1.9173,0,2,-1322,22.4406,22.3209,22.1203,22.0803,1098.7,-617.891,-0.934133,6.60041,0.00305433,0.00701212,0.0462829
45.58,2.1,0.00305433,6.5561,-1.91269,0,2,-1322,22.277,22.24,21.957,21.951,1098.78,-617.997,-0.933993,6.5561,0.00305433,0.00696506,0.0456636
45.6,2.1,0.00305433,6.52215,-1.89836,0,2,-1322,22.1567,22.1469,21.8367,21.7967,1098.85,-618.102,-0.933854,6.52215,0.00305433,0.00692899,0.0451919
45.62,2.1,0.00305433,6.48849,-1.88816,0,2,-1322,21.9989,21.9589,21.6789,21.6779,1098.93,-618.206,-0.933716,6.48849,0.00305433,0.00689323,0.0447267
45.64,2.1,0.00305433,6.44467,-1.88982,0,2,-1322,21.8396,21.84,21.48,21.52,1099.01,-618.31,-0.933579,6.44467,0.00305433,0.00684668,0.0441246
45.66,2.09226,0.00304306,6.41141,-1.9045,0,2,-1322,21.76,21.7507,21.4338,21.4338,1099.08,-618.414,-0.933442,6.41141,0.00304306,0.00678622,0.0435092
45.68,2.1,0.00305433,6.37831,-1.92511,0,2,-1322,21.6305,21.6,21.32,21.3168,1099.16,-618.516,-0.933307,6.37831,0.00305433,0.00677618,0.0432206
45.7,2.00159,0.00291119,6.333,-1.93548,0,2,-1322,21.4806,21.5213,21.2019,21.2013,1099.24,-618.619,-0.933173,6.333,0.00291119,0.00641275,0.0406119
45.72,2,0.00290888,6.28818,-1.9256,0,2,-1322,21.4353,21.3184,21.04,21.0384,1099.31,-618.72,-0.933047,6.28818,0.00290888,0.00636231,0.0400074
45.74,1.997,0.00290452,6.25539,-1.90341,0,2,-1322,21.1988,21.2,20.9564,20.8788,1099.39,-618.821,-0.93292,6.25539,0.00290452,0.00631964,0.0395318
45.76,1.9,0.00276344,6.22194,-1.88213,0,2,-1322,21.1177,21.1554,20.7977,20.72,1099.46,-618.921,-0.932796,6.22194,0.00276344,0.00598052,0.0372104
45.78,1.9,0.00276344,6.17735,-1.86653,0,2,-1322,20.999,20.96,20.6379,20.679,1099.53,-619.021,-0.932678,6.17735,0.00276344,0.00593766,0.036679
45.8,1.8,0.00261799,6.14435,-1.85639,0,2,-1322,20.8391,20.9573,20.52,20.5191,1099.61,-619.12,-0.932561,6.14435,0.00261799,0.0055951,0.0343782
45.82,1.8,0.00261799,6.11033,-1.85001,0,2,-1322,20.7217,20.6835,20.4809,20.4017,1099.68,-619.218,-0.932451,6.11033,0.00261799,0.00556412,0.0339987
45.84,1.8,0.00261799,6.06534,-1.84425,0,2,-1322,20.5569,20.6306,20.24,20.3106,1099.75,-619.316,-0.93234,6.06534,0.00261799,0.00552315,0.0334998
45.86,1.8,0.00261799,6.03287,-1.83913,0,2,-1322,20.5179,20.4738,20.08,20.08,1099.82,-619.413,-0.93223,6.03287,0.00261799,0.00549358,0.0331421
45.88,1.7,0.00247255,5.99915,-1.8374,0,2,-1322,20.3964,20.32,20,20.0382,1099.9,-619.509,-0.932122,5.99915,0.00247255,0.00515938,0.0309519
45.9,1.6,0.00232711,5.9551,-1.84067,0,2,-1322,20.2386,20.1957,19.9171,19.9186,1099.97,-619.606,-0.932022,5.9551,0.00232711,0.00482023,0.028705
45.92,1.49894,0.00218012,5.92224,-1.85183,0,2,-1322,20.1592,20.0004,19.7596,19.8392,1100.04,-619.701,-0.931929,5.92224,0.00218012,0.00449086,0.0265959
45.94,1.4,0.00203622,5.88933,-1.87361,0,2,-1322,20.0002,20.0001,19.6801,19.6802,1100.11,-619.796,-0.931843,5.88933,0.00203622,0.00417112,0.0245651
45.96,1.1,0.00159989,5.84415,-1.90397,0,2,-1322,19.8431,19.8306,19.5506,19.5969,1100.18,-619.89,-0.931765,5.84415,0.00159989,0.00325217,0.0190061
45.98,0.893239,0.00129916,5.81043,-1.93812,0,2,-1324,19.7492,19.6746,19.3919,19.4,1100.25,-619.983,-0.931708,5.81043,0.00129916,0.00262563,0.0152561
46,0.688268,0.00100105,5.77643,-1.96599,0,2,-1323.88,19.56,19.553,19.2777,19.3153,1100.32,-620.076,-0.931662,5.77643,0.00100105,0.00201129,0.0116181
46.02,0.391148,0.000568902,5.73226,-1.96718,0,2,-1324,19.1322,19.5438,19.1554,19.1577,1100.39,-620.169,-0.931629,5.73226,0.000568902,0.00113429,0.00650207
46.04,0.0899854,0.000130878,5.68825,-1.92408,0,2,-1324,18.8781,18.764,18.998,19.114,1100.45,-620.26,-0.931615,5.68825,0.000130878,0.000258946,0.00147295
46.06,-0.251037,-0.000365119,5.64398,-1.8453,0,2,-1324,20.51,19.4287,18.9171,18.8371,1100.52,-620.351,-0.931619,5.64398,-0.000365119,-0.000716774,-0.00404546
46.08,-0.506364,-0.000736477,5.61083,-1.76861,0,2,-1323.94,18.9669,20.012,18.7987,18.68,1100.59,-620.442,-0.931642,5.61083,-0.000736477,-0.0014373,-0.00806447
46.1,-0.802804,-0.00116763,5.58836,-1.73262,0,2,-1324,18.2258,18.2778,18.6366,18.6389,1100.66,-620.532,-0.931678,5.58836,-0.00116763,-0.00226962,-0.0126834
46.12,-1,-0.00145444,5.55441,-1.74572,0,2,-1324.12,19.8167,18.9433,18.4777,18.4353,1100.72,-620.621,-0.93173,5.55441,-0.00145444,-0.00280994,-0.0156076
46.14,-1.1,-0.00159989,5.51051,-1.78927,0,2,-1325.91,18.4108,19.2126,18.3582,18.3637,1100.79,-620.71,-0.931791,5.51051,-0.00159989,-0.0030665,-0.016898
46.16,-1.2,-0.00174533,5.47769,-1.84311,0,2,-1324,18.0521,18.2815,18.2,18.3585,1100.85,-620.798,-0.931854,5.47769,-0.00174533,-0.00332535,-0.0182152
46.18,-1.2,-0.00174533,5.44437,-1.89342,0,2,-1323.98,18.9567,18.6004,18.1189,18.1996,1100.92,-620.886,-0.931922,5.44437,-0.00174533,-0.00330512,-0.0179943
46.2,-1.30019,-0.00189105,5.39896,-1.92876,0,2,-1324,17.8794,18.4792,17.9998,18.1197,1100.98,-620.973,-0.931989,5.39896,-0.00189105,-0.00355121,-0.0191728
46.22,-1.4,-0.00203622,5.35383,-1.95027,0.831996,2,-1321.68,18.0352,18.0336,17.8304,17.9504,1101.05,-621.059,-0.932063,5.35383,-0.00203622,-0.00379185,-0.0203009
46.24,-1.50747,-0.00219252,5.32209,-1.97747,1.6,2,-1313.7,18.3212,17.84,17.717,17.794,1101.11,-621.145,-0.932141,5.32209,-0.00219252,-0.00405872,-0.0216009
46.26,-1.90668,-0.00277315,5.28894,-2.0272,2.02631,2,-1302.55,17.4826,17.84,17.6347,17.56,1101.17,-621.23,-0.932229,5.28894,-0.00277315,-0.0051016,-0.0269821
46.28,-2.10949,-0.00306813,5.24348,-2.09381,3.21898,2,-1254.95,17.8019,17.6705,17.4743,17.4762,1101.24,-621.315,-0.932338,5.24348,-0.00306813,-0.00559573,-0.0293411
46.3,-2.40367,-0.003496,5.19943,-2.15816,4,2,-1257.19,17.5483,17.3615,17.3171,17.3171,1101.3,-621.398,-0.932457,5.19943,-0.003496,-0.00632253,-0.0328736
46.32,-2.699,-0.00392554,5.15577,-2.20533,4.398,2,-1190.23,17.1604,17.4796,17.2002,17.2002,1101.36,-621.482,-0.93259,5.15577,-0.00392554,-0.00703975,-0.0362954
46.34,-2.9,-0.00421788,5.11195,-2.22759,5.2,2,-1184.62,17.2369,17.1477,17.0369,17.0369,1101.42,-621.564,-0.932737,5.11195,-0.00421788,-0.00749973,-0.0383383
46.36,-3,-0.00436332,5.06679,-2.21952,5.6,2,-1161.63,16.986,16.927,16.9106,16.9906,1101.48,-621.646,-0.93289,5.06679,-0.00436332,-0.0076898,-0.0389626
46.38,-3,-0.00436332,5.02135,-2.17774,6.0185,2,-1100.3,16.8437,17.0708,16.72,16.7582,1101.54,-621.727,-0.933044,5.02135,-0.00436332,-0.00762084,-0.0382669
46.4,-3.00379,-0.00436884,4.9773,-2.10521,6.41516,2,-999.469,16.8355,16.5985,16.5985,16.677,1101.6,-621.807,-0.933196,4.9773,-0.00436884,-0.00756353,-0.0376459
46.42,-3.00074,-0.0043644,4.93373,-2.01374,7.19704,2,-922.473,16.5612,16.6791,16.5203,16.5603,1101.66,-621.887,-0.933347,4.93373,-0.0043644,-0.0074897,-0.0369521
46.44,-3.09311,-0.00449875,4.90003,-1.91782,7.62754,2,-968.623,16.4455,16.549,16.4372,16.4317,1101.72,-621.966,-0.933497,4.90003,-0.00449875,-0.00766754,-0.0375712
46.46,-3.00389,-0.00436899,4.86611,-1.82227,8.41557,2,-925.221,16.5153,16.4016,16.3184,16.3184,1101.78,-622.044,-0.93365,4.86611,-0.00436899,-0.00739482,-0.035984
46.48,-3.1,-0.00450877,4.8219,-1.72225,9.2,2,-878.197,16.28,16.4369,16.2384,16.1584,1101.84,-622.122,-0.933797,4.8219,-0.00450877,-0.00756208,-0.0364636
46.5,-3.1,-0.00450877,4.78842,-1.61799,9.60512,2,-720.512,16.319,16.1595,16.159,16.079,1101.89,-622.2,-0.933949,4.78842,-0.00450877,-0.00750957,-0.035959
46.52,-3.2,-0.00465421,4.76602,-1.51662,10.4269,2,-728.556,16.1173,16.1654,16,15.9573,1101.95,-622.276,-0.9341,4.76602,-0.00465421,-0.00771556,-0.0367725
46.54,-3.2,-0.00465421,4.73229,-1.41943,10.8254,2,-704.093,16.1124,16.1124,15.92,15.84,1102.01,-622.353,-0.934255,4.73229,-0.00465421,-0.00766095,-0.0362539
46.56,-3.2,-0.00465421,4.69947,-1.32416,11.2211,2,-646.738,15.9537,15.96,15.84,15.7937,1102.06,-622.429,-0.934408,4.69947,-0.00465421,-0.00760783,-0.0357528
46.58,-3.2,-0.00465421,4.67726,-1.23823,11.623,2,-624.46,15.8023,16.0754,15.657,15.7623,1102.12,-622.504,-0.93456,4.67726,-0.00465421,-0.00757186,-0.0354155
46.6,-3.1,-0.00450877,4.65529,-1.17525,12.4198,2,-589.385,15.84,15.838,15.162,15.5042,1102.17,-622.579,-0.934709,4.65529,-0.00450877,-0.00730078,-0.0339872
46.62,-3.1,-0.00450877,4.63348,-1.14082,13.5968,2,-566.199,15.6806,15.8,15.2,15.1602,1102.23,-622.654,-0.934854,4.63348,-0.00450877,-0.00726658,-0.0336696
46.64,-3.1,-0.00450877,4.61151,-1.12756,15.6654,2,-560.644,15.4898,15.6669,15.0262,15.12,1102.28,-622.728,-0.934999,4.61151,-0.00450877,-0.00723213,-0.033351
46.66,-3.20295,-0.0046585,4.58882,-1.1196,17.2232,2,-355.486,15.6284,15.52,15.6377,15.2939,1102.34,-622.802,-0.935144,4.58882,-0.0046585,-0.00743553,-0.0341203
46.68,-3.30757,-0.00481067,4.56603,-1.09841,18.4303,2,-475.306,15.283,15.4309,15.197,15.5049,1102.39,-622.876,-0.935295,4.56603,-0.00481067,-0.00764029,-0.0348858
46.7,-3.40551,-0.00495312,4.54399,-1.04715,18.8,2,-372.266,15.44,15.2044,15.3688,15.2066,1102.45,-622.949,-0.93545,4.54399,-0.00495312,-0.00782856,-0.0355729
46.72,-3.6,-0.00523599,4.52211,-0.955018,19.2,2,-278.401,15.3194,15.2013,15.48,15.3219,1102.5,-623.022,-0.935609,4.52211,-0.00523599,-0.0082358,-0.0372431
46.74,-3.50155,-0.00509279,4.50003,-0.822303,19.2,2,-236.918,15.16,15.1994,15.44,15.36,1102.55,-623.095,-0.935775,4.50003,-0.00509279,-0.00797145,-0.0358718
46.76,-3.49979,-0.00509024,4.48889,-0.660645,19.2,2,-133.904,15.2801,15.1601,15.48,15.44,1102.61,-623.167,-0.935933,4.48889,-0.00509024,-0.00794773,-0.0356765
46.78,-3.29855,-0.00479755,4.47778,-0.485337,19.2,2,-18.3332,15.2791,15.2794,15.48,15.44,1102.66,-623.239,-0.936089,4.47778,-0.00479755,-0.00747219,-0.0334588
46.8,-2.99969,-0.00436287,4.46667,-0.309441,19.2,2,-45.9568,15.1606,15.1604,15.4398,15.52,1102.71,-623.311,-0.936233,4.46667,-0.00436287,-0.00677831,-0.0302764
46.82,-2.79417,-0.00406396,4.46667,-0.143145,19.2,2,-16.7174,15.4353,15.367,15.36,15.52,1102.77,-623.383,-0.936363,4.46667,-0.00406396,-0.00631389,-0.028202
46.84,-2.69463,-0.00391919,4.46667,0.00978294,19.2,2,5.67804,15.1157,15.4228,15.4421,15.6021,1102.82,-623.455,-0.936486,4.46667,-0.00391919,-0.00608897,-0.0271974
46.86,-2.6,-0.00378155,4.46667,0.153622,19.2,2,18.2484,15.1683,14.7316,15.4417,15.6383,1102.87,-623.527,-0.936605,4.46667,-0.00378155,-0.00587513,-0.0262422
46.88,-2.6,-0.00378155,4.46667,0.291742,19.2147,2,22.0954,15.4356,15.6532,15.52,15.52,1102.93,-623.599,-0.936722,4.46667,-0.00378155,-0.00587513,-0.0262422
46.9,-2.70219,-0.00393018,4.47783,0.419353,19.6088,2,-23.4733,15.2026,15.6712,15.52,15.6009,1102.98,-623.671,-0.93684,4.47783,-0.00393018,-0.00612131,-0.0274102
46.92,-2.90344,-0.00422289,4.48889,0.53033,20.0273,2,59.3649,15.6482,15.1418,15.6427,15.64,1103.03,-623.743,-0.936966,4.48889,-0.00422289,-0.00659346,-0.0295973
46.94,-3.01206,-0.00438086,4.50048,0.626192,20.4241,2,43.3262,15.5152,15.8072,15.68,15.64,1103.08,-623.816,-0.937102,4.50048,-0.00438086,-0.00685777,-0.0308632
46.96,-3.30339,-0.00480459,4.51111,0.711788,21.2136,2,78.7464,15.4481,15.7505,15.7573,15.68,1103.14,-623.888,-0.937244,4.51111,-0.00480459,-0.00753885,-0.0340086
46.98,-3.39939,-0.00494421,4.5223,0.783642,21.6049,2,120.073,15.84,15.6024,15.68,15.64,1103.19,-623.961,-0.937399,4.5223,-0.00494421,-0.00777718,-0.0351707
47,-3.3,-0.00479966,4.54494,0.830353,22.4,2,129.732,15.7588,15.9188,15.6404,15.68,1103.25,-624.034,-0.937555,4.54494,-0.00479966,-0.00758759,-0.0344851
47.02,-3.09221,-0.00449743,4.56691,0.848867,22.8,2,150.182,15.7725,15.7631,15.6862,15.6894,1103.3,-624.108,-0.937703,4.56691,-0.00449743,-0.00714418,-0.0326268
47.04,-2.8919,-0.0042061,4.57778,0.851597,23.2,2,188.972,15.9103,15.9232,15.7632,15.8368,1103.35,-624.181,-0.937842,4.57778,-0.0042061,-0.00669729,-0.0306587
47.06,-2.7,-0.00392699,4.5893,0.849375,23.2,2,173.007,15.7621,15.92,15.8021,15.8021,1103.41,-624.255,-0.937972,4.5893,-0.00392699,-0.0062686,-0.0287685
47.08,-2.6,-0.00378155,4.61141,0.838171,23.2,2,239.179,15.9213,15.9613,15.84,15.92,1103.46,-624.33,-0.938094,4.61141,-0.00378155,-0.00606552,-0.0279706
47.1,-2.6,-0.00378155,4.63398,0.81264,23.2,2,330.374,15.9175,15.9588,15.9212,15.9212,1103.52,-624.404,-0.938214,4.63398,-0.00378155,-0.00609519,-0.028245
47.12,-2.6,-0.00378155,4.64444,0.780494,23.2,2,318.717,15.9176,15.9588,15.9988,15.9988,1103.57,-624.479,-0.938336,4.64444,-0.00378155,-0.00610896,-0.0283727
47.14,-2.70677,-0.00393683,4.65607,0.753461,23.2,2,306.677,16.0054,16.08,16.12,16.0827,1103.63,-624.554,-0.93846,4.65607,-0.00393683,-0.00637575,-0.029686
47.16,-2.8,-0.00407243,4.67807,0.736531,23.2,2,324.518,16,16,16.1652,16.1635,1103.68,-624.629,-0.93859,4.67807,-0.00407243,-0.00662652,-0.0309993
47.18,-2.8,-0.00407243,4.68889,0.73221,23.2,2,342.136,16.0027,16.0809,16.2809,16.2418,1103.74,-624.705,-0.938724,4.68889,-0.00407243,-0.00664184,-0.0311429
47.2,-2.74966,-0.00399922,4.70008,0.74279,23.2,2,368.406,16.16,16.1212,16.4,16.4,1103.79,-624.781,-0.938856,4.70008,-0.00399922,-0.00653799,-0.0307291
47.22,-2.6009,-0.00378286,4.72202,0.767613,23.2,2,376.054,16.16,16.1204,16.4,16.3207,1103.85,-624.857,-0.938985,4.72202,-0.00378286,-0.00621314,-0.0293386
47.24,-2.5,-0.0036361,4.73333,0.804717,23.2,2,462.303,16.283,16.32,16.3261,16.4091,1103.9,-624.933,-0.939106,4.73333,-0.0036361,-0.00598642,-0.0283357
47.26,-2.4,-0.00349066,4.74459,0.847504,23.2,2,466.773,16.3941,16.32,16.44,16.52,1103.96,-625.009,-0.939224,4.74459,-0.00349066,-0.00576063,-0.0273318
47.28,-2.4,-0.00349066,4.76736,0.879896,23.2,2,402.275,16.3255,16.4028,16.44,16.5228,1104.02,-625.086,-0.939338,4.76736,-0.00349066,-0.00578828,-0.0275948
47.3,-2.4,-0.00349066,4.78934,0.888972,23.2,2,412.133,16.5222,16.5155,16.5222,16.6822,1104.07,-625.163,-0.939454,4.78934,-0.00349066,-0.00581496,-0.0278498
47.32,-2.4,-0.00349066,4.81119,0.883773,23.2,2,444.204,16.5598,16.5204,16.5602,16.7202,1104.13,-625.241,-0.939571,4.81119,-0.00349066,-0.00584149,-0.0281046
47.34,-2.5,-0.0036361,4.82222,0.891301,23.2,2,467.96,16.5612,16.68,16.6808,16.72,1104.19,-625.319,-0.939689,4.82222,-0.0036361,-0.00609884,-0.02941
47.36,-2.5,-0.0036361,4.83317,0.92993,23.2,2,430.097,16.68,16.68,16.76,16.72,1104.24,-625.397,-0.939812,4.83317,-0.0036361,-0.00611269,-0.0295437
47.38,-2.5,-0.0036361,4.85528,0.991515,23.2,2,474,16.7232,16.7727,16.9263,16.8432,1104.3,-625.475,-0.939935,4.85528,-0.0036361,-0.00614066,-0.0298146
47.4,-2.5,-0.0036361,4.87782,1.05142,23.2,2,478.963,16.84,16.917,16.9261,16.88,1104.36,-625.553,-0.940058,4.87782,-0.0036361,-0.00616916,-0.030092
47.42,-2.5,-0.0036361,4.90019,1.08831,23.2,2,441.827,16.8427,16.922,17.0827,17.0007,1104.42,-625.632,-0.940181,4.90019,-0.0036361,-0.00619745,-0.0303687
47.44,-2.5,-0.0036361,4.92208,1.09102,23.2,2,446.105,17.0806,17.0397,17.2003,17.2012,1104.47,-625.712,-0.940306,4.92208,-0.0036361,-0.00622513,-0.0306406
47.46,-2.5,-0.0036361,4.94463,1.0559,23.2,2,491.708,17.1967,17.0499,17.3134,17.3468,1104.53,-625.791,-0.94043,4.94463,-0.0036361,-0.00625365,-0.030922
47.48,-2.49365,-0.00362687,4.96731,0.987081,23.2,2,446.35,17.0876,17.3625,17.0273,17.1397,1104.59,-625.871,-0.940556,4.96731,-0.00362687,-0.00626638,-0.031127
47.5,-2.2973,-0.00334129,4.98949,0.899845,23.2,2,424.914,17.3222,17.3135,16.7643,16.4465,1104.65,-625.952,-0.940679,4.98949,-0.00334129,-0.00579874,-0.0289327
47.52,-2.2,-0.00319977,5,0.815348,23.2,2,473.467,17.32,17.3236,16.92,16.8542,1104.71,-626.033,-0.940791,5,-0.00319977,-0.00556484,-0.0278242
47.54,-2.19614,-0.00319416,5.01129,0.74502,23.2,2,437.846,17.3215,17.4754,16.9231,17.1985,1104.77,-626.114,-0.940901,5.01129,-0.00319416,-0.00556763,-0.027901
47.56,-1.99756,-0.00290534,5.03342,0.685669,23.2,2,440.341,17.36,17.2429,17.0819,16.9219,1104.83,-626.195,-0.94101,5.03342,-0.00290534,-0.00508655,-0.0256027
47.58,-1.9,-0.00276344,5.04444,0.632829,23.2,2,440.295,17.3185,17.4785,17.0815,17.203,1104.88,-626.276,-0.941108,5.04444,-0.00276344,-0.00484871,-0.0244591
47.6,-1.89875,-0.00276161,5.05606,0.58927,23.2,2,464.125,17.3205,17.3185,17.24,17.3595,1104.94,-626.358,-0.941204,5.05606,-0.00276161,-0.00485667,-0.0245556
47.62,-1.79683,-0.00261338,5.06667,0.559089,23.2,2,471.626,17.3575,17.25,17.3225,17.3625,1105,-626.44,-0.9413,5.06667,-0.00261338,-0.00460562,-0.0233351
47.64,-1.6975,-0.00246891,5.07809,0.542516,23.2,2,472.787,17.322,17.358,17.4059,17.482,1105.06,-626.522,-0.94139,5.07809,-0.00246891,-0.00436083,-0.0221447
47.66,-1.59904,-0.00232571,5.08889,0.537679,23.2,2,491.81,17.4015,17.3215,17.5615,17.5623,1105.12,-626.604,-0.941475,5.08889,-0.00232571,-0.00411663,-0.0209491
47.68,-1.5,-0.00218166,5.10006,0.543478,23.2,2,472.117,17.4788,17.48,17.6804,17.6404,1105.18,-626.686,-0.941554,5.10006,-0.00218166,-0.00387013,-0.0197379
47.7,-1.5,-0.00218166,5.11111,0.560596,23.2,2,489.943,17.4006,17.4006,17.7206,17.7209,1105.24,-626.769,-0.941631,5.11111,-0.00218166,-0.00387852,-0.0198235
47.72,-1.5,-0.00218166,5.12243,0.590735,23.2,2,474.235,17.5577,17.48,17.8388,17.8788,1105.3,-626.851,-0.941708,5.12243,-0.00218166,-0.0038871,-0.0199114
47.74,-1.4,-0.00203622,5.13333,0.633793,23.2,2,487.363,17.56,17.64,17.96,17.9651,1105.36,-626.934,-0.941785,5.13333,-0.00203622,-0.00363569,-0.0186632
47.76,-1.4,-0.00203622,5.14488,0.68591,23.2,2,470.478,17.6824,17.6824,18.0448,18.0448,1105.42,-627.018,-0.941856,5.14488,-0.00203622,-0.00364386,-0.0187472
47.78,-1.4,-0.00203622,5.16705,0.74466,23.2,2,483.36,17.72,17.8,18.2,18.1584,1105.48,-627.101,-0.941929,5.16705,-0.00203622,-0.00365957,-0.0189092
47.8,-1.4,-0.00203622,5.17778,0.814931,23.2,2,470.262,17.8026,17.8413,18.2026,18.1613,1105.55,-627.185,-0.942003,5.17778,-0.00203622,-0.00366716,-0.0189878
47.82,-1.4,-0.00203622,5.18876,0.900007,23.2,2,474.024,17.9595,17.9993,18.28,18.2,1105.61,-627.268,-0.942076,5.18876,-0.00203622,-0.00367494,-0.0190684
47.84,-1.4,-0.00203622,5.2107,0.988155,22.8302,2,475.698,18,18.003,18.28,18.28,1105.67,-627.353,-0.94215,5.2107,-0.00203622,-0.00369048,-0.01923
47.86,-1.4,-0.00203622,5.23336,1.05775,23.2,2,470.137,18.1227,18.2,18.28,18.32,1105.73,-627.437,-0.942224,5.23336,-0.00203622,-0.00370653,-0.0193976
47.88,-1.4,-0.00203622,5.25616,1.09301,23.2,2,469.76,18.16,18.2,18.2824,18.36,1105.79,-627.522,-0.942298,5.25616,-0.00203622,-0.00372268,-0.019567
47.9,-1.4,-0.00203622,5.27829,1.08974,23.2,2,468,18.2045,18.2845,18.3268,18.36,1105.85,-627.607,-0.942373,5.27829,-0.00203622,-0.00373835,-0.0197321
47.92,-1.4,-0.00203622,5.30029,1.05184,23.2,2,468,18.32,18.36,18.44,18.36,1105.92,-627.693,-0.942447,5.30029,-0.00203622,-0.00375393,-0.0198969
47.94,-1.4,-0.00203622,5.3223,0.989742,23.2,2,468,18.4412,18.3212,18.4412,18.4376,1105.98,-627.779,-0.942523,5.3223,-0.00203622,-0.00376952,-0.0200625
47.96,-1.4,-0.00203622,5.34437,0.922054,23.2,2,468,18.48,18.4801,18.4799,18.44,1106.04,-627.865,-0.942598,5.34437,-0.00203622,-0.00378515,-0.0202292
47.98,-1.4,-0.00203622,5.35556,0.869795,23.2,2,468,18.48,18.52,18.44,18.4801,1106.1,-627.951,-0.942674,5.35556,-0.00203622,-0.00379308,-0.020314
48,-1.4,-0.00203622,5.36706,0.840063,23.2,2,466.009,18.5996,18.5198,18.48,18.5204,1106.17,-628.038,-0.94275,5.36706,-0.00203622,-0.00380122,-0.0204014
48.02,-1.4,-0.00203622,5.38948,0.820511,23.2,2,467.877,18.6,18.6425,18.5249,18.6,1106.23,-628.125,-0.942826,5.38948,-0.00203622,-0.0038171,-0.0205722
48.04,-1.4,-0.00203622,5.41141,0.797917,23.2,2,466,18.6419,18.64,18.64,18.5963,1106.29,-628.213,-0.942903,5.41141,-0.00203622,-0.00383263,-0.02074
48.06,-1.4,-0.00203622,5.42222,0.773736,23.2,2,466,18.6818,18.6409,18.68,18.64,1106.36,-628.3,-0.942979,5.42222,-0.00203622,-0.00384029,-0.0208229
48.08,-1.4,-0.00203622,5.43337,0.754696,23.2,2,466,18.6807,18.68,18.6807,18.68,1106.42,-628.388,-0.943056,5.43337,-0.00203622,-0.00384819,-0.0209086
48.1,-1.4,-0.00203622,5.45589,0.741516,23.2,2,466,18.7601,18.6802,18.84,18.7602,1106.48,-628.476,-0.943133,5.45589,-0.00203622,-0.00386413,-0.0210823
48.12,-1.5,-0.00218166,5.46667,0.733036,23.2,2,466,18.8024,18.7648,18.84,18.92,1106.55,-628.565,-0.943212,5.46667,-0.00218166,-0.00414833,-0.0226775
48.14,-1.5,-0.00218166,5.4782,0.728969,23.2,2,466,18.8442,18.84,18.9221,18.9621,1106.61,-628.653,-0.943297,5.4782,-0.00218166,-0.00415708,-0.0227733
48.16,-1.5,-0.00218166,5.50027,0.72833,23.2,2,466,18.9216,18.9233,19,19.0033,1106.68,-628.742,-0.94338,5.50027,-0.00218166,-0.00417382,-0.0229571
48.18,-1.5,-0.00218166,5.51111,0.732966,23.2,2,466,18.9612,19,19.0812,19.08,1106.74,-628.831,-0.943463,5.51111,-0.00218166,-0.00418205,-0.0230478
48.2,-1.40249,-0.00203984,5.52236,0.7469,23.2,2,466,19,19.002,19.121,19.082,1106.81,-628.921,-0.943546,5.52236,-0.00203984,-0.00391817,-0.0216375
48.22,-1.5,-0.00218166,5.54429,0.77185,23.2,2,466,19.0797,19.1199,19.16,19.16,1106.87,-629.01,-0.943624,5.54429,-0.00218166,-0.00420723,-0.0233261
48.24,-1.5,-0.00218166,5.55556,0.80789,23.2,2,466.15,19.123,19.16,19.243,19.283,1106.94,-629.1,-0.94371,5.55556,-0.00218166,-0.00421578,-0.023421
48.26,-1.5,-0.00218166,5.56672,0.849635,23.2,2,468,19.1655,19.2427,19.2827,19.4,1107,-629.19,-0.943794,5.56672,-0.00218166,-0.00422425,-0.0235152
48.28,-1.5,-0.00218166,5.58956,0.881386,23.2,2,468,19.28,19.32,19.4027,19.4027,1107.07,-629.281,-0.943879,5.58956,-0.00218166,-0.00424158,-0.0237086
48.3,-1.5,-0.00218166,5.61161,0.890133,23.2,2,468,19.3247,19.3247,19.52,19.44,1107.13,-629.371,-0.943964,5.61161,-0.00218166,-0.00425831,-0.023896
48.32,-1.5,-0.00218166,5.63342,0.884723,23.2,2,468,19.4408,19.4408,19.56,19.5204,1107.2,-629.462,-0.944049,5.63342,-0.00218166,-0.00427486,-0.0240821
48.34,-1.5,-0.00218166,5.64444,0.891854,23.2,2,468,19.56,19.5201,19.6001,19.6,1107.26,-629.554,-0.944135,5.64444,-0.00218166,-0.00428323,-0.0241765
48.36,-1.5,-0.00218166,5.65528,0.9293,23.2,2,468,19.6,19.6,19.72,19.6831,1107.33,-629.645,-0.944221,5.65528,-0.00218166,-0.00429145,-0.0242694
48.38,-1.5,-0.00218166,5.67749,0.988102,23.2,2,468,19.683,19.68,19.76,19.7659,1107.4,-629.737,-0.944307,5.67749,-0.00218166,-0.00430831,-0.0244604
48.4,-1.5,-0.00218166,5.70017,1.04323,23.2,2,468,19.72,19.7231,19.8431,19.84,1107.46,-629.829,-0.944393,5.70017,-0.00218166,-0.00432552,-0.0246562
48.42,-1.5,-0.00218166,5.7226,1.07429,23.2,2,468,19.7653,19.84,19.88,19.847,1107.53,-629.922,-0.94448,5.7226,-0.00218166,-0.00434254,-0.0248506
48.44,-1.5,-0.00218166,5.74442,1.07311,23.2,2,468.027,19.9195,19.8405,19.88,19.8805,1107.6,-630.015,-0.944567,5.74442,-0.00218166,-0.0043591,-0.0250405
48.46,-1.5,-0.00218166,5.76653,1.04082,23.2,2,470,19.8804,19.92,19.9209,19.9213,1107.67,-630.108,-0.944654,5.76653,-0.00218166,-0.00437587,-0.0252336
48.48,-1.5,-0.00218166,5.78892,0.987315,23.2,2,470,20.0004,19.92,20.0404,20.04,1107.73,-630.202,-0.944742,5.78892,-0.00218166,-0.00439286,-0.0254299
48.5,-1.5,-0.00218166,5.81153,0.933767,23.2,2,470,20.0397,20.0403,20.0806,20.0806,1107.8,-630.296,-0.94483,5.81153,-0.00218166,-0.00441002,-0.0256289
48.52,-1.5,-0.00218166,5.82222,0.905642,23.2,2,470,20.0424,20.0847,20.2,20.2,1107.87,-630.39,-0.944918,5.82222,-0.00218166,-0.00441814,-0.0257234
48.54,-1.4,-0.00203622,5.8339,0.912393,23.2,2,470,20.2,20.2026,20.24,20.24,1107.94,-630.484,-0.945005,5.8339,-0.00203622,-0.00413186,-0.0241048
48.56,-1.4,-0.00203622,5.85608,0.936331,23.2,2,470,20.2,20.32,20.2445,20.32,1108.01,-630.579,-0.945086,5.85608,-0.00203622,-0.00414757,-0.0242885
48.58,-1.3,-0.00189077,5.87831,0.948281,23.2,2,470,20.2443,20.3222,20.3222,20.36,1108.08,-630.674,-0.945168,5.87831,-0.00189077,-0.00386593,-0.0227251
48.6,-1.3,-0.00189077,5.90026,0.93268,23.2,2,470,20.32,20.3621,20.4,20.4042,1108.14,-630.77,-0.945244,5.90026,-0.00189077,-0.00388037,-0.0228952
48.62,-1.3,-0.00189077,5.92214,0.897904,23.2,2,470,20.3597,20.4,20.4795,20.48,1108.21,-630.865,-0.945322,5.92214,-0.00189077,-0.00389476,-0.0230653
48.64,-1.3,-0.00189077,5.93333,0.86557,23.2,2,470,20.3998,20.48,20.5598,20.5598,1108.28,-630.962,-0.9454,5.93333,-0.00189077,-0.00390212,-0.0231526
48.66,-1.3,-0.00189077,5.94456,0.847971,23.2,2,470,20.56,20.52,20.64,20.56,1108.35,-631.058,-0.945478,5.94456,-0.00189077,-0.0039095,-0.0232403
48.68,-1.3,-0.00189077,5.96732,0.838862,23.2,2,470,20.64,20.56,20.6452,20.5652,1108.42,-631.155,-0.945556,5.96732,-0.00189077,-0.00392448,-0.0234186
48.7,-1.3,-0.00189077,5.98936,0.83012,23.2,2,472,20.64,20.64,20.7244,20.6422,1108.49,-631.251,-0.945635,5.98936,-0.00189077,-0.00393897,-0.0235919
48.72,-1.3,-0.00189077,6,0.825392,23.2,2,472,20.6812,20.6412,20.7975,20.7225,1108.56,-631.349,-0.945714,6,-0.00189077,-0.00394597,-0.0236758
48.74,-1.3,-0.00189077,6.01113,0.8275,23.2,2,472,20.72,20.6825,20.84,20.8008,1108.63,-631.446,-0.945793,6.01113,-0.00189077,-0.00395329,-0.0237637
48.76,-1.29942,-0.00188994,6.03322,0.826282,23.2,2,472,20.8002,20.8002,20.8805,20.88,1108.7,-631.544,-0.945872,6.03322,-0.00188994,-0.00396605,-0.0239281
48.78,-1.19985,-0.00174511,6.05547,0.811939,23.2,2,472,20.84,20.8001,20.96,20.9599,1108.77,-631.642,-0.94595,6.05547,-0.00174511,-0.00367565,-0.0222578
48.8,-1.00048,-0.00145514,6.06667,0.789204,23.2,2,472,20.84,20.8798,20.96,20.9596,1108.84,-631.74,-0.946019,6.06667,-0.00145514,-0.00307056,-0.018628
48.82,-0.9,-0.001309,6.07839,0.768253,23.2,2,472,20.96,20.96,21.0447,21.0023,1108.92,-631.839,-0.946076,6.07839,-0.001309,-0.00276751,-0.016822
48.84,-0.9,-0.001309,6.10042,0.753124,23.2,2,472,20.96,21.0022,21.1222,21.0443,1108.99,-631.937,-0.946129,6.10042,-0.001309,-0.00277754,-0.0169442
48.86,-0.9,-0.001309,6.11111,0.74433,23.2,2,472,21.0442,21,21.2042,21.1221,1109.06,-632.036,-0.946185,6.11111,-0.001309,-0.00278241,-0.0170036
48.88,-0.9,-0.001309,6.12263,0.740354,23.2,2,472,21.12,21.1219,21.28,21.1619,1109.13,-632.136,-0.946241,6.12263,-0.001309,-0.00278765,-0.0170678
48.9,-0.9,-0.001309,6.14467,0.736128,23.2,2,472,21.1215,21.16,21.28,21.2,1109.2,-632.235,-0.946297,6.14467,-0.001309,-0.00279769,-0.0171909
48.92,-0.899232,-0.00130788,6.15556,0.727332,23.2,2,472,21.1603,21.1603,21.2,21.2006,1109.27,-632.335,-0.946353,6.15556,-0.00130788,-0.00280026,-0.0172371
48.94,-0.8,-0.00116355,6.16654,0.710985,23.2,2,472,21.2,21.28,21.2801,21.2801,1109.35,-632.435,-0.946407,6.16654,-0.00116355,-0.00249569,-0.0153897
48.96,-0.8,-0.00116355,6.18858,0.683826,23.2,2,472,21.2,21.2833,21.3233,21.32,1109.42,-632.535,-0.946456,6.18858,-0.00116355,-0.0025046,-0.0154999
48.98,-0.792647,-0.00115286,6.2,0.649199,23.2,2,472,21.3229,21.36,21.48,21.32,1109.49,-632.636,-0.946506,6.2,-0.00115286,-0.00248617,-0.0154142
49,-0.793733,-0.00115444,6.21172,0.61989,23.2,2,472,21.365,21.36,21.48,21.3225,1109.56,-632.736,-0.946555,6.21172,-0.00115444,-0.00249428,-0.0154938
49.02,-0.7,-0.00101811,6.22222,0.608499,23.2,2,472,21.4782,21.36,21.48,21.36,1109.64,-632.837,-0.946604,6.22222,-0.00101811,-0.00220344,-0.0137103
49.04,-0.7,-0.00101811,6.23361,0.618452,23.2,2,472,21.3332,21.3638,21.5238,21.4819,1109.71,-632.938,-0.946646,6.23361,-0.00101811,-0.00220748,-0.0137606
49.06,-0.7,-0.00101811,6.24444,0.641683,23.2,2,472,21.68,21.5248,21.5952,21.64,1109.78,-633.04,-0.946691,6.24444,-0.00101811,-0.00221131,-0.0138084
49.08,-0.7,-0.00101811,6.25592,0.660844,23.2,2,472,21.4756,21.52,21.6,21.6415,1109.85,-633.141,-0.946735,6.25592,-0.00101811,-0.00221538,-0.0138592
49.1,-0.7,-0.00101811,6.27847,0.659767,23.2,2,472,21.5253,21.524,21.64,21.76,1109.93,-633.243,-0.946779,6.27847,-0.00101811,-0.00222336,-0.0139593
49.12,-0.7,-0.00101811,6.28889,0.636798,23.2,2,472,21.68,21.5211,21.6004,21.76,1110,-633.345,-0.946824,6.28889,-0.00101811,-0.00222705,-0.0140057
49.14,-0.7,-0.00101811,6.30012,0.604011,23.2,2,471.842,21.6032,21.6063,21.6063,21.7632,1110.07,-633.447,-0.946868,6.30012,-0.00101811,-0.00223103,-0.0140558
49.16,-0.705383,-0.00102594,6.31111,0.574255,23.2,2,470,21.68,21.6778,21.7622,21.8022,1110.15,-633.549,-0.946913,6.31111,-0.00102594,-0.00225211,-0.0142133
49.18,-0.8,-0.00116355,6.32261,0.554198,23.2,2,471.915,21.6834,21.76,21.8434,21.9217,1110.22,-633.652,-0.94696,6.32261,-0.00116355,-0.00255885,-0.0161786
49.2,-0.9,-0.001309,6.33333,0.546501,23.2,2,470,21.7625,21.8013,21.9213,21.96,1110.3,-633.755,-0.947014,6.33333,-0.001309,-0.00288359,-0.0182627
49.22,-0.9,-0.001309,6.34432,0.552701,23.2,2,470,21.84,21.84,21.96,21.96,1110.37,-633.858,-0.947073,6.34432,-0.001309,-0.00288859,-0.0183262
49.24,-1.00815,-0.00146629,6.35556,0.573867,23.2,2,470,21.7967,21.9233,22.0735,21.9633,1110.44,-633.961,-0.947133,6.35556,-0.00146629,-0.00324143,-0.0206011
49.26,-1.10756,-0.00161089,6.36632,0.609441,23.2,2,470,21.8091,21.96,22.0061,22.0091,1110.52,-634.064,-0.947201,6.36632,-0.00161089,-0.0035671,-0.0227093
49.28,-1.20721,-0.00175581,6.37778,0.654093,23.2,2,470,22,21.9229,22.12,22.08,1110.59,-634.167,-0.947276,6.37778,-0.00175581,-0.00389502,-0.0248416
49.3,-1.40586,-0.00204474,6.3894,0.695992,23.2,2,470,22,22.0047,22.1647,22.12,1110.67,-634.271,-0.947359,6.3894,-0.00204474,-0.00454424,-0.029035
49.32,-1.6,-0.00232711,6.41125,0.72286,23.2,2,471.973,22.0805,22.12,22.2389,22.1595,1110.74,-634.375,-0.947456,6.41125,-0.00232711,-0.00518946,-0.0332709
49.34,-1.70128,-0.00247441,6.42222,0.730154,23.2,2,470,22.1215,22.16,22.1615,22.16,1110.82,-634.479,-0.947565,6.42222,-0.00247441,-0.00552739,-0.0354981
49.36,-1.80021,-0.00261831,6.43327,0.718531,23.2,2,470,22.16,22.1602,22.32,22.24,1110.89,-634.584,-0.947679,6.43327,-0.00261831,-0.00585889,-0.0376918
49.38,-1.9,-0.00276344,6.4555,0.68923,23.2,2,470,22.1609,22.24,22.32,22.3209,1110.97,-634.688,-0.947799,6.4555,-0.00276344,-0.00620501,-0.0400564
49.4,-1.99887,-0.00290723,6.46667,0.649727,23.2,2,470,22.2795,22.24,22.2805,22.3209,1111.04,-634.793,-0.947927,6.46667,-0.00290723,-0.00653918,-0.0422867
49.42,-2,-0.00290888,6.47822,0.615976,23.2,2,470,22.32,22.4,22.4,22.4,1111.12,-634.898,-0.948059,6.47822,-0.00290888,-0.00655458,-0.042462
49.44,-2,-0.00290888,6.48889,0.602809,23.2,2,470,22.3981,22.3981,22.3219,22.4009,1111.19,-635.004,-0.94819,6.48889,-0.00290888,-0.00656538,-0.042602
49.46,-2,-0.00290888,6.49976,0.615464,22.8319,2,469.841,22.2336,22.3936,22.4032,22.5232,1111.27,-635.109,-0.948322,6.49976,-0.00290888,-0.00657638,-0.0427448
49.48,-2.10809,-0.00306609,6.51111,0.647828,23.2,2,468,22.4162,22.3265,22.4368,22.56,1111.35,-635.215,-0.948455,6.51111,-0.00306609,-0.00694391,-0.0452126
49.5,-2.20676,-0.0032096,6.5229,0.684886,23.173,2,468,22.7065,22.4454,22.6,22.5627,1111.42,-635.321,-0.948598,6.5229,-0.0032096,-0.00728207,-0.0475002
49.52,-2.40437,-0.00349702,6.54475,0.711723,23.2,2,469.913,22.2852,22.5235,22.7217,22.6035,1111.5,-635.427,-0.948748,6.54475,-0.00349702,-0.00796076,-0.0521012
49.54,-2.60236,-0.00378498,6.55556,0.722817,23.2,2,468,22.6819,22.6,22.88,22.84,1111.57,-635.533,-0.948914,6.55556,-0.00378498,-0.00863052,-0.0565778
49.56,-2.80151,-0.00407463,6.56663,0.719256,23.2,2,468,22.6776,22.6824,22.7588,22.8382,1111.65,-635.64,-0.949094,6.56663,-0.00407463,-0.0093067,-0.0611137
49.58,-3.09978,-0.00450845,6.58883,0.703265,23.2,2,468,22.56,22.84,22.68,22.8399,1111.73,-635.747,-0.949288,6.58883,-0.00450845,-0.0103324,-0.0680782
49.6,-3.1,-0.00450877,6.6,0.682446,23.2,2,469.981,22.8789,22.6007,22.7596,22.8393,1111.8,-635.854,-0.9495,6.6,-0.00450877,-0.0103506,-0.0683142
49.62,-3.25128,-0.0047288,6.6114,0.669672,23.2,2,467.919,22.6768,22.8816,22.8416,22.88,1111.88,-635.962,-0.94971,6.6114,-0.0047288,-0.0108745,-0.0718956
49.64,-3.40219,-0.00494829,6.62222,0.670484,23.2,2,466,22.7635,22.8791,22.8409,22.8409,1111.96,-636.069,-0.949933,6.62222,-0.00494829,-0.0113979,-0.0754793
49.66,-3.60819,-0.0052479,6.6331,0.675105,22.8,2,464,22.9902,22.88,22.9298,22.8833,1112.03,-636.177,-0.950167,6.6331,-0.0052479,-0.0121079,-0.0803127
49.68,-3.8076,-0.00553793,6.6558,0.668031,22.8,2,466,22.843,22.9261,23.043,23.0061,1112.11,-636.285,-0.950416,6.6558,-0.00553793,-0.0128208,-0.0853325
49.7,-4,-0.00581776,6.66667,0.64434,22.8,2,466,23,22.9951,23.0751,23.16,1112.19,-636.394,-0.950679,6.66667,-0.00581776,-0.0134906,-0.0899375
49.72,-4.1,-0.00596321,6.67777,0.611598,22.8,2,466,22.92,22.8812,22.92,23.1604,1112.27,-636.502,-0.950954,6.67777,-0.00596321,-0.0138509,-0.0924934
49.74,-4.1,-0.00596321,6.68889,0.577663,22.8,2,466,22.9998,23.0798,22.9998,23.1601,1112.34,-636.611,-0.951233,6.68889,-0.00596321,-0.013874,-0.0928016
49.76,-4.2,-0.00610865,6.69971,0.543158,22.8,2,463.669,23.04,23.04,23.08,23.04,1112.42,-636.72,-0.951513,6.69971,-0.00610865,-0.0142354,-0.095373
49.78,-4.2075,-0.00611956,6.71111,0.504562,22.8,2,460,23.003,23.08,23.092,23.163,1112.5,-636.829,-0.9518,6.71111,-0.00611956,-0.0142851,-0.0958687
49.8,-4.3065,-0.00626355,6.7228,0.461541,22.8,2,460,23.04,23.08,23.2,23.2078,1112.58,-636.939,-0.952087,6.7228,-0.00626355,-0.0146466,-0.0984665
49.82,-4.40257,-0.00640328,6.73333,0.421278,22.8,2,458,23.08,23.08,23.2031,23.32,1112.66,-637.048,-0.952384,6.73333,-0.00640328,-0.0149969,-0.100979
49.84,-4.50335,-0.00654985,6.73333,0.3923,22.8,2,457.933,23.0787,23.16,23.24,23.24,1112.73,-637.158,-0.952687,6.73333,-0.00654985,-0.0153402,-0.10329
49.86,-4.6,-0.00669043,6.74445,0.374492,22.8,2,456,23.0423,23.1992,23.2415,23.24,1112.81,-637.268,-0.952998,6.74445,-0.00669043,-0.0156953,-0.105856
49.88,-4.6,-0.00669043,6.75556,0.36124,22.8,2,456,23.2,23.2,23.3993,23.3207,1112.89,-637.378,-0.953313,6.75556,-0.00669043,-0.0157211,-0.106205
49.9,-4.69955,-0.00683523,6.75556,0.346857,22.4018,2,457.991,23.1602,23.2398,23.2404,23.4796,1112.97,-637.488,-0.95363,6.75556,-0.00683523,-0.0160614,-0.108504
49.92,-4.7,-0.00683587,6.76731,0.327049,22.4,2,450,23.2,23.3148,23.1548,23.3123,1113.05,-637.599,-0.953953,6.76731,-0.00683587,-0.0160908,-0.108892
49.94,-4.7,-0.00683587,6.77778,0.302005,22.4,2,448,23.1624,23.32,23.2024,23.2376,1113.13,-637.709,-0.954275,6.77778,-0.00683587,-0.0161157,-0.109229
49.96,-4.6,-0.00669043,6.77778,0.278995,22.4,2,445.941,23.1612,23.3176,23.3176,23.1988,1113.2,-637.82,-0.954595,6.77778,-0.00669043,-0.0157728,-0.106905
49.98,-4.7,-0.00683587,6.77778,0.26009,22.4,2,442,23.24,23.2413,23.2006,23.2006,1113.28,-637.93,-0.954911,6.77778,-0.00683587,-0.0161157,-0.109229
50,-4.8,-0.00698132,6.7894,0.234396,22.4,2,439.956,23.2396,23.32,23.2413,23.3596,1113.36,-638.041,-0.955237,6.7894,-0.00698132,-0.0164869,-0.111936
50.02,-4.9,-0.00712676,6.8,0.195269,22.4,2,439.546,23.24,23.246,23.32,23.406,1113.44,-638.152,-0.95557,6.8,-0.00712676,-0.0168566,-0.114625
50.04,-5.00647,-0.00728161,6.8,0.157146,22.4,2,436,23.2452,23.24,23.4052,23.4722,1113.52,-638.263,-0.955911,6.8,-0.00728161,-0.0172229,-0.117116
50.06,-5.21137,-0.00757963,6.8,0.145159,22.4,2,434,23.24,23.3615,23.48,23.3615,1113.6,-638.374,-0.956261,6.8,-0.00757963,-0.0179278,-0.121909
50.08,-5.70929,-0.00830382,6.8,0.172224,22.4,2,434.093,23.32,23.3163,23.3619,23.48,1113.67,-638.485,-0.956632,6.8,-0.00830382,-0.0196408,-0.133557
50.1,-6.00148,-0.0087288,6.8,0.228267,22.4,2,434.367,23.36,23.3237,23.4818,23.5218,1113.75,-638.597,-0.957038,6.8,-0.0087288,-0.020646,-0.140393
50.12,-6.70474,-0.00975165,6.81137,0.288946,22.4,2,428.3,23.3209,23.5174,23.52,23.56,1113.83,-638.708,-0.957468,6.81137,-0.00975165,-0.0231041,-0.157371
50.14,-7.33231,-0.0106644,6.82222,0.335545,22.4,2,431.742,23.4052,23.3678,23.56,23.5652,1113.91,-638.819,-0.957953,6.82222,-0.0106644,-0.025307,-0.17265
50.16,-8.22704,-0.0119657,6.82222,0.364066,22.4,2,429.892,23.3957,23.5222,23.56,23.6335,1113.99,-638.931,-0.958486,6.82222,-0.0119657,-0.0283954,-0.19372
50.18,-9.43568,-0.0137236,6.83383,0.377417,22.4,2,425.643,23.3295,23.52,23.56,23.5224,1114.07,-639.043,-0.959091,6.83383,-0.0137236,-0.0326229,-0.22294
50.2,-10.5371,-0.0153256,6.84444,0.380331,22.4,2,428,23.5179,23.5642,23.5642,23.6421,1114.14,-639.155,-0.959783,6.84444,-0.0153256,-0.0364881,-0.249741
50.22,-11.8146,-0.0171837,6.84444,0.37921,22.4,2,418.065,23.4,23.64,23.6407,23.6807,1114.22,-639.267,-0.960555,6.84444,-0.0171837,-0.0409128,-0.280026
50.24,-13.4152,-0.0195116,6.85562,0.377407,22.4,2,419.957,23.4809,23.6791,23.68,23.6809,1114.3,-639.379,-0.961423,6.85562,-0.0195116,-0.0465325,-0.319009
50.26,-14.9181,-0.0216974,6.86667,0.375292,22.4,2,420,23.5173,23.68,23.6409,23.7982,1114.38,-639.492,-0.962409,6.86667,-0.0216974,-0.0518304,-0.355902
50.28,-16.8242,-0.0244698,6.86667,0.3741,22.4,2,417.879,23.4824,23.6812,23.68,23.7236,1114.46,-639.604,-0.963505,6.86667,-0.0244698,-0.0584554,-0.401394
50.3,-18.5064,-0.0269165,6.87842,0.373719,22.4,2,421.894,23.6386,23.72,23.6793,23.9579,1114.54,-639.717,-0.964737,6.87842,-0.0269165,-0.0644131,-0.44306
50.32,-19.2941,-0.0280621,6.88889,0.373104,22.4,2,412.054,23.5205,23.7989,23.64,23.8795,1114.62,-639.831,-0.966069,6.88889,-0.0280621,-0.0672582,-0.463334
50.34,-21.0803,-0.03066,6.88889,0.37271,22.4,2,413.679,23.56,23.84,23.72,23.88,1114.69,-639.944,-0.96746,6.88889,-0.03066,-0.0734886,-0.506255
50.36,-22.9699,-0.0334084,6.90015,0.370749,22,2,412,23.56,23.84,23.68,23.96,1114.77,-640.058,-0.968995,6.90015,-0.0334084,-0.0802117,-0.553473
50.38,-24.6652,-0.0358741,6.91111,0.363646,22,2,409.71,23.6342,23.8858,23.6429,23.96,1114.85,-640.171,-0.970662,6.91111,-0.0358741,-0.0862735,-0.596246
50.4,-26.4539,-0.0384756,6.91111,0.350083,22,2,406.12,23.5576,23.9976,23.6776,24,1114.93,-640.286,-0.97245,6.91111,-0.0384756,-0.0925359,-0.639526
50.42,-28.2109,-0.0410311,6.92225,0.329298,22,2,403.978,23.5609,24,23.68,24.0013,1115.01,-640.4,-0.974364,6.92225,-0.0410311,-0.0988477,-0.684249
50.44,-29.9952,-0.0436263,6.93333,0.303595,21.6024,2,402,23.5605,24.0398,23.7198,24.0405,1115.08,-640.515,-0.976404,6.93333,-0.0436263,-0.105276,-0.729912
50.46,-32.0565,-0.0466243,6.93333,0.281891,21.6,2,399.874,23.52,24.1575,23.72,24.12,1115.16,-640.63,-0.978578,6.93333,-0.0466243,-0.11252,-0.780141
50.48,-33.8459,-0.0492268,6.93333,0.268274,21.2,2,395.885,23.56,24.1223,23.64,24.0377,1115.24,-640.745,-0.980897,6.93333,-0.0492268,-0.118811,-0.823757
50.5,-35.4444,-0.0515517,6.94487,0.253575,21.1803,2,384.197,23.52,24.16,23.64,24.0099,1115.31,-640.86,-0.983334,6.94487,-0.0515517,-0.124639,-0.865602
50.52,-37.2149,-0.0541268,6.95556,0.230969,20.8,2,385.851,23.52,24.16,23.64,24.16,1115.39,-640.976,-0.985887,6.95556,-0.0541268,-0.131078,-0.911723
50.54,-38.8154,-0.0564547,6.95556,0.210845,20.4,2,368.092,23.5594,24.1606,23.68,24.1206,1115.47,-641.092,-0.988569,6.95556,-0.0564547,-0.136727,-0.951015
50.56,-40.7126,-0.0592141,6.95556,0.207985,20,2,367.874,23.52,24.1994,23.6794,24.2,1115.54,-641.208,-0.991366,6.95556,-0.0592141,-0.143426,-0.997606
50.58,-42.4062,-0.0616774,6.95556,0.219538,20,2,359.969,23.5606,24.1603,23.6403,24.2006,1115.62,-641.325,-0.994298,6.95556,-0.0616774,-0.149407,-1.03921
50.6,-43.9018,-0.0638525,6.96704,0.226429,20,2,351.985,23.5599,24.2798,23.7199,24.32,1115.7,-641.442,-0.997344,6.96704,-0.0638525,-0.154946,-1.07951
50.62,-45.3305,-0.0659305,6.97778,0.217718,19.6,2,340.268,23.52,24.28,23.6427,24.36,1115.77,-641.559,-1.0005,6.97778,-0.0659305,-0.160249,-1.11818
50.64,-46.2291,-0.0672374,6.97778,0.205143,19.6,2,327.806,23.56,24.2819,23.72,24.3639,1115.85,-641.677,-1.00374,6.97778,-0.0672374,-0.163435,-1.14041
50.66,-47.6162,-0.069255,6.97778,0.207803,19.2,2,331.629,23.52,24.36,23.7981,24.44,1115.92,-641.794,-1.00705,6.97778,-0.069255,-0.168355,-1.17474
50.68,-49.0099,-0.071282,6.97778,0.228435,18.8,2,310,23.5611,24.3206,23.7194,24.48,1116,-641.913,-1.01047,6.97778,-0.071282,-0.173299,-1.20924
50.7,-50.3072,-0.0731689,6.98942,0.25346,18.7952,2,319.88,23.56,24.44,23.7195,24.4805,1116.07,-642.031,-1.01399,6.98942,-0.0731689,-0.178199,-1.24551
50.72,-51.5386,-0.0749599,7,0.275276,18.4,2,279.537,23.64,24.5169,23.6893,24.6,1116.14,-642.15,-1.0176,7,-0.0749599,-0.182854,-1.27998
50.74,-52.5262,-0.0763962,7,0.303103,18.3738,2,280.561,23.6774,24.52,23.8026,24.6026,1116.22,-642.269,-1.02129,7,-0.0763962,-0.186371,-1.3046
50.76,-53.4154,-0.0776896,7,0.345465,18,2,228.206,23.6421,24.64,23.8379,24.6,1116.29,-642.389,-1.02506,7,-0.0776896,-0.189539,-1.32677
50.78,-54.0135,-0.0785595,7.01155,0.392788,18,2,227.008,23.72,24.76,23.72,24.6,1116.36,-642.509,-1.02888,7.01155,-0.0785595,-0.191986,-1.34612
50.8,-54.5081,-0.0792789,7.02222,0.426635,17.6,2,212.163,23.7233,24.6849,23.7184,24.64,1116.43,-642.629,-1.03274,7.02222,-0.0792789,-0.194046,-1.36264
50.82,-54.9006,-0.0798497,7.0333,0.440049,17.6,2,221.987,23.72,24.84,23.8,24.6403,1116.51,-642.75,-1.03664,7.0333,-0.0798497,-0.195758,-1.37682
50.84,-55.4163,-0.0805997,7.04444,0.443833,17.6,2,209.674,23.8,24.8335,23.8367,24.8,1116.58,-642.871,-1.04057,7.04444,-0.0805997,-0.197918,-1.39422
50.86,-55.8077,-0.081169,7.04444,0.454416,17.2,2,200.305,23.84,24.8091,23.803,24.803,1116.65,-642.993,-1.04455,7.04444,-0.081169,-0.199322,-1.40411
50.88,-56.2141,-0.0817601,7.05628,0.477447,17.1718,2,189.718,23.8856,24.92,23.88,24.9313,1116.72,-643.115,-1.04855,7.05628,-0.0817601,-0.201117,-1.41914
50.9,-56.6124,-0.0823394,7.06667,0.50581,16.8,2,179.629,23.885,24.84,23.96,25.08,1116.79,-643.237,-1.05259,7.06667,-0.0823394,-0.202846,-1.43345
50.92,-57.0026,-0.0829069,7.07804,0.530679,16.4,2,138.304,23.961,25.078,23.961,25.08,1116.86,-643.36,-1.05666,7.07804,-0.0829069,-0.204579,-1.44802
50.94,-57.2059,-0.0832026,7.08889,0.548621,16.3882,2,159.823,24,25.0776,24,25.08,1116.93,-643.484,-1.06077,7.08889,-0.0832026,-0.205627,-1.45767
50.96,-57.6051,-0.0837832,7.10006,0.560467,16,2,167.898,24.12,25.003,24.04,25.08,1117,-643.608,-1.0649,7.10006,-0.0837832,-0.207395,-1.47252
50.98,-58.0006,-0.0843585,7.11111,0.568439,15.6,2,137.976,24.12,25.1598,23.9602,25.12,1117.07,-643.732,-1.06906,7.11111,-0.0843585,-0.209151,-1.4873
51,-58.1998,-0.0846482,7.12258,0.574349,15.2008,2,128.012,24.0402,25.1599,24,25.1599,1117.13,-643.857,-1.07326,7.12258,-0.0846482,-0.210211,-1.49725
51.02,-58.5063,-0.085094,7.13333,0.578383,14.8,2,75.3694,24.16,25.24,24.0076,25.1575,1117.2,-643.983,-1.07748,7.13333,-0.085094,-0.211643,-1.50972
51.04,-58.7,-0.0853757,7.14489,0.578006,14.4,2,94.3655,24.1576,25.2776,24.16,25.12,1117.27,-644.109,-1.08172,7.14489,-0.0853757,-0.212691,-1.51965
51.06,-58.8051,-0.0855285,7.15556,0.567249,14,2,91.7975,24.2,25.2861,24.158,25.12,1117.34,-644.235,-1.08598,7.15556,-0.0855285,-0.213392,-1.52693
51.08,-58.9043,-0.0856729,7.16706,0.537128,13.6,2,73.8271,24.1983,25.3183,24.12,25.1217,1117.4,-644.362,-1.09026,7.16706,-0.0856729,-0.214097,-1.53445
51.1,-59.0035,-0.0858171,7.17778,0.478288,13.5862,2,44.2076,24.1614,25.2842,24.12,25.1214,1117.47,-644.489,-1.09455,7.17778,-0.0858171,-0.21478,-1.54164
51.12,-59.1057,-0.0859657,7.18947,0.387299,13.2,2,51.6592,24.3132,25.4,24.1245,25.16,1117.54,-644.617,-1.09885,7.18947,-0.0859657,-0.215504,-1.54936
51.14,-59.2041,-0.0861089,7.2,0.274274,13.2,2,37.669,24.16,25.28,24.2,25.12,1117.6,-644.745,-1.10317,7.2,-0.0861089,-0.216181,-1.55651
51.16,-59.3013,-0.0862502,7.2,0.16214,13.2,2,21.8509,24.28,25.398,24.12,25.159,1117.66,-644.874,-1.10749,7.2,-0.0862502,-0.216538,-1.55907
51.18,-59.4,-0.0863938,7.2,0.0734609,13.2,2,-44.4484,24.3193,25.2793,24.1593,25.1593,1117.73,-645.003,-1.11183,7.2,-0.0863938,-0.2169,-1.56168
51.2,-59.4,-0.0863938,7.2,0.0178664,13.1942,2,-8.11642,24.2,25.2806,24.1594,25.1612,1117.79,-645.132,-1.11617,7.2,-0.0863938,-0.2169,-1.56168
51.22,-59.4,-0.0863938,7.2,-0.00798411,12.8,2,-4.10457,24.1603,25.2803,24.12,25.24,1117.86,-645.262,-1.12051,7.2,-0.0863938,-0.2169,-1.56168
51.24,-59.5,-0.0865392,7.2,-0.013205,12.8,2,52,24.2,25.2432,24.16,25.24,1117.92,-645.391,-1.12485,7.2,-0.0865392,-0.217267,-1.56432
51.26,-59.5,-0.0865392,7.2,-0.00732176,12.4,2,35.6745,24.16,25.32,24.12,25.2796,1117.98,-645.522,-1.12919,7.2,-0.0865392,-0.217267,-1.56432
51.28,-59.5,-0.0865392,7.2,0.00148968,12.4,2,-56.0674,24.2,25.1597,24.12,25.28,1118.04,-645.652,-1.13354,7.2,-0.0865392,-0.217267,-1.56432
51.3,-59.5,-0.0865392,7.2,0.00608658,12.4,2,-36.1975,24.2,25.398,24.12,25.28,1118.1,-645.782,-1.13789,7.2,-0.0865392,-0.217267,-1.56432
51.32,-59.5,-0.0865392,7.2,-0.000564885,12,2,-108.432,24.1622,25.5006,24.1222,25.16,1118.16,-645.913,-1.14223,7.2,-0.0865392,-0.217267,-1.56432
51.34,-59.5,-0.0865392,7.2,-0.0255801,12,2,-104.672,24.1962,25.1277,24.12,25.12,1118.22,-646.044,-1.14658,7.2,-0.0865392,-0.217267,-1.56432
51.36,-59.5,-0.0865392,7.2,-0.0743555,12,2,-139.813,24.12,25.4344,24.12,25.1219,1118.28,-646.176,-1.15092,7.2,-0.0865392,-0.217267,-1.56432
51.38,-59.5,-0.0865392,7.2,-0.145681,12,2,-158.204,24.1586,25.2759,24.0386,25.1586,1118.34,-646.307,-1.15527,7.2,-0.0865392,-0.217267,-1.56432
51.4,-59.4984,-0.0865369,7.2,-0.226512,12,2,-172.836,24.1181,25.2806,24.0394,25.08,1118.4,-646.439,-1.15961,7.2,-0.0865369,-0.217261,-1.56428
51.42,-59.4,-0.0863938,7.18814,-0.296474,12,2,-224.836,24,25.2313,24,25.1171,1118.45,-646.571,-1.16395,7.18814,-0.0863938,-0.216543,-1.55654
51.44,-59.3,-0.0862484,7.17778,-0.343161,12,2,-202.55,24.0437,25.1218,24,25.0037,1118.51,-646.703,-1.16828,7.17778,-0.0862484,-0.215865,-1.54943
51.46,-59.3,-0.0862484,7.17778,-0.36828,12,2,-237.68,24.1176,25.2376,23.8816,25.08,1118.57,-646.836,-1.17259,7.17778,-0.0862484,-0.215865,-1.54943
51.48,-59.2,-0.0861029,7.1665,-0.378369,12,2,-204.62,24.0417,25.0808,23.9992,25.0783,1118.62,-646.968,-1.1769,7.1665,-0.0861029,-0.21516,-1.54195
51.5,-59.2,-0.0861029,7.15556,-0.380047,12,2,-240.08,24,25.16,23.9589,25,1118.68,-647.1,-1.1812,7.15556,-0.0861029,-0.214832,-1.53724
51.52,-59.1925,-0.0860919,7.15556,-0.381122,11.6,2,-250.453,23.96,25.074,23.96,24.92,1118.73,-647.233,-1.1855,7.15556,-0.0860919,-0.214804,-1.53704
51.54,-59.1,-0.0859575,7.14435,-0.386606,11.6,2,-289.346,23.997,25.08,23.886,24.923,1118.78,-647.365,-1.18979,7.14435,-0.0859575,-0.214131,-1.52983
51.56,-59,-0.085812,7.13333,-0.398153,11.2,2,-270.233,23.9553,25,23.88,24.9153,1118.84,-647.498,-1.19407,7.13333,-0.085812,-0.213437,-1.52252
51.58,-58.9,-0.0856666,7.13333,-0.416209,11.2,2,-282.713,23.838,24.96,23.8,24.84,1118.89,-647.631,-1.19833,7.13333,-0.0856666,-0.213074,-1.51993
51.6,-58.7952,-0.0855142,7.12152,-0.43537,10.8,2,-324.081,23.8419,25,23.84,24.8362,1118.94,-647.764,-1.20258,7.12152,-0.0855142,-0.212341,-1.51219
51.62,-58.6926,-0.0853649,7.11111,-0.445073,10.7702,2,-298.298,23.8681,24.96,23.84,24.76,1118.99,-647.897,-1.20683,7.11111,-0.0853649,-0.211658,-1.50513
51.64,-58.4945,-0.0850767,7.09959,-0.441896,10.4,2,-308.222,23.8,24.96,23.8,24.76,1119.04,-648.03,-1.21105,7.09959,-0.0850767,-0.210599,-1.49517
51.66,-58.3971,-0.0849351,7.08889,-0.436507,10.4,2,-319.045,23.8365,24.9588,23.7188,24.76,1119.09,-648.162,-1.21525,7.08889,-0.0849351,-0.20993,-1.48817
51.68,-58.2,-0.0846485,7.08889,-0.443762,10,2,-335.816,23.6818,24.9163,23.64,24.76,1119.14,-648.295,-1.21945,7.08889,-0.0846485,-0.209218,-1.48312
51.7,-58.1971,-0.0846443,7.07764,-0.467172,10,2,-402.4,23.72,24.8389,23.56,24.5977,1119.19,-648.429,-1.22362,7.07764,-0.0846443,-0.208875,-1.47835
51.72,-58.0009,-0.0843589,7.06667,-0.497556,10,2,-368.428,23.6407,24.7604,23.5204,24.52,1119.24,-648.562,-1.22779,7.06667,-0.0843589,-0.207845,-1.46877
51.74,-57.8924,-0.0842011,7.05592,-0.524887,9.96973,2,-382.487,23.5691,24.797,23.557,24.52,1119.28,-648.695,-1.23194,7.05592,-0.0842011,-0.207139,-1.46155
51.76,-57.6926,-0.0839105,7.04444,-0.545964,9.6,2,-370.445,23.643,24.64,23.48,24.48,1119.33,-648.828,-1.23608,7.04444,-0.0839105,-0.206085,-1.45175
51.78,-57.4837,-0.0836067,7.03306,-0.563698,9.6,2,-398.861,23.6302,24.6767,23.4,24.4767,1119.38,-648.961,-1.24019,7.03306,-0.0836067,-0.205003,-1.4418
51.8,-57.0923,-0.0830374,7.02222,-0.583974,9.6,2,-393.533,23.5569,24.5939,23.3969,24.4339,1119.42,-649.094,-1.24427,7.02222,-0.0830374,-0.203287,-1.42753
51.82,-56.7887,-0.0825958,7.01056,-0.61202,9.6,2,-404.113,23.5577,24.52,23.391,24.36,1119.47,-649.227,-1.24832,7.01056,-0.0825958,-0.201866,-1.41519
51.84,-56.3894,-0.082015,7,-0.647927,9.6,2,-412.213,23.4757,24.48,23.3136,24.3179,1119.51,-649.36,-1.25235,7,-0.082015,-0.200138,-1.40096
51.86,-55.9916,-0.0814365,6.98858,-0.684316,9.6,2,-420.084,23.475,24.44,23.1983,24.28,1119.55,-649.493,-1.25633,6.98858,-0.0814365,-0.198396,-1.38651
51.88,-55.4936,-0.0807122,6.96636,-0.712706,9.6,2,-428,23.3562,24.36,23.16,24.1987,1119.6,-649.626,-1.26028,6.96636,-0.0807122,-0.195998,-1.36539
51.9,-54.9954,-0.0799876,6.95556,-0.732987,9.6,2,-430.778,23.24,24.3191,23.1582,24.12,1119.64,-649.758,-1.26418,6.95556,-0.0799876,-0.19393,-1.34889
51.92,-54.6026,-0.0794163,6.94466,-0.750794,9.6,2,-442.289,23.2005,24.28,23.08,24.0016,1119.68,-649.891,-1.26804,6.94466,-0.0794163,-0.192237,-1.33502
51.94,-53.9851,-0.0785181,6.92266,-0.769769,9.6,2,-439.105,23.16,24.197,23.08,23.997,1119.72,-650.023,-1.27186,6.92266,-0.0785181,-0.189452,-1.31151
51.96,-53.4862,-0.0777925,6.91111,-0.79184,9.57232,2,-426.554,23.08,24.1572,23.0372,23.9545,1119.76,-650.156,-1.27562,6.91111,-0.0777925,-0.187381,-1.29501
51.98,-52.983,-0.0770606,6.89942,-0.815555,9.2,2,-435.093,23.0023,24.12,23,23.8377,1119.8,-650.288,-1.27935,6.89942,-0.0770606,-0.185297,-1.27844
52,-52.5432,-0.076421,6.87727,-0.8336,9.5758,2,-433.032,23.04,23.9552,22.92,23.7952,1119.84,-650.42,-1.28303,6.87727,-0.076421,-0.183163,-1.25966
52.02,-52.0892,-0.0757607,6.85525,-0.84387,9.2,2,-409.928,22.9186,23.8414,22.84,23.6786,1119.88,-650.552,-1.28668,6.85525,-0.0757607,-0.180993,-1.24075
52.04,-51.4911,-0.0748907,6.84444,-0.856862,9.6,2,-403.821,22.84,23.8388,22.84,23.68,1119.92,-650.683,-1.29027,6.84444,-0.0748907,-0.178625,-1.22259
52.06,-51.0001,-0.0741766,6.83344,-0.879504,9.20014,2,-396.001,22.88,23.68,22.76,23.56,1119.96,-650.815,-1.29382,6.83344,-0.0741766,-0.176631,-1.20699
52.08,-50.2709,-0.073116,6.8112,-0.900186,9.6,2,-387.806,22.8322,23.6684,22.68,23.5561,1119.99,-650.946,-1.29733,6.8112,-0.073116,-0.173529,-1.18194
52.1,-49.5996,-0.0721397,6.78859,-0.902287,9.6,2,-381.997,22.76,23.5601,22.68,23.52,1120.03,-651.077,-1.30077,6.78859,-0.0721397,-0.170636,-1.15838
52.12,-48.7641,-0.0709245,6.7661,-0.887686,9.6,2,-371.88,22.5976,23.5576,22.56,23.4752,1120.07,-651.208,-1.30415,6.7661,-0.0709245,-0.167196,-1.13127
52.14,-47.7805,-0.0694939,6.75556,-0.876181,9.6,2,-369.513,22.5619,23.3619,22.5581,23.36,1120.1,-651.338,-1.30746,6.75556,-0.0694939,-0.163557,-1.10492
52.16,-46.8905,-0.0681994,6.74432,-0.880627,9.6,2,-355.905,22.5981,23.4781,22.439,23.3571,1120.14,-651.469,-1.3107,6.74432,-0.0681994,-0.160234,-1.08067
52.18,-45.9918,-0.0668923,6.72217,-0.891822,9.6,2,-340.055,22.44,23.3189,22.3984,23.2395,1120.17,-651.599,-1.31387,6.72217,-0.0668923,-0.156638,-1.05294
52.2,-44.8977,-0.065301,6.69996,-0.894075,9.6,2,-337.973,22.44,23.2003,22.2797,23.1992,1120.2,-651.729,-1.31696,6.69996,-0.065301,-0.152395,-1.02104
52.22,-44.2007,-0.0642873,6.67791,-0.889319,9.6,2,-341.984,22.3202,23.2001,22.3198,23.08,1120.24,-651.858,-1.31998,6.67791,-0.0642873,-0.149529,-0.998543
52.24,-42.951,-0.0624697,6.66667,-0.896599,9.6,2,-325.386,22.28,23.04,22.3135,23.04,1120.27,-651.988,-1.32293,6.66667,-0.0624697,-0.145046,-0.966973
52.26,-41.6532,-0.0605821,6.6554,-0.9273,9.6,2,-307.688,22.2769,23.04,22.28,22.9938,1120.3,-652.117,-1.32578,6.6554,-0.0605821,-0.140415,-0.934516
52.28,-40.0509,-0.0582516,6.63261,-0.96861,9.6,2,-302.281,22.1228,22.9172,22.1656,22.88,1120.34,-652.246,-1.32854,6.63261,-0.0582516,-0.134538,-0.892342
52.3,-38.5534,-0.0560736,6.61054,-0.995078,9.6,2,-293.767,22.16,22.84,22.1577,22.84,1120.37,-652.374,-1.33117,6.61054,-0.0560736,-0.129066,-0.8532
52.32,-36.7777,-0.053491,6.58866,-0.990197,9.6,2,-285.851,22.077,22.758,22.116,22.72,1120.4,-652.503,-1.3337,6.58866,-0.053491,-0.122703,-0.808447
52.34,-34.9816,-0.0508787,6.56663,-0.956809,9.6,2,-262.204,21.96,22.5992,21.9992,22.68,1120.43,-652.631,-1.33609,6.56663,-0.0508787,-0.11631,-0.763763
52.36,-33.0957,-0.0481357,6.54449,-0.916921,9.6,2,-273.942,21.96,22.56,21.9598,22.5998,1120.46,-652.758,-1.33835,6.54449,-0.0481357,-0.109658,-0.717657
52.38,-30.8992,-0.0449411,6.53333,-0.900847,9.6,2,-281.978,21.84,22.5599,21.84,22.44,1120.49,-652.885,-1.34047,6.53333,-0.0449411,-0.102196,-0.667679
52.4,-28.8044,-0.0418944,6.52188,-0.925168,9.6,2,-248.024,21.84,22.4002,21.8002,22.44,1120.52,-653.012,-1.34244,6.52188,-0.0418944,-0.0950921,-0.620179
52.42,-27.0715,-0.0393739,6.49955,-0.979703,9.61713,2,-256.202,21.8383,22.2783,21.76,22.28,1120.55,-653.139,-1.34428,6.49955,-0.0393739,-0.089059,-0.578843
52.44,-25.2747,-0.0367606,6.4777,-1.03915,9.60918,2,-227.954,21.7582,22.2382,21.68,22.2791,1120.58,-653.266,-1.346,6.4777,-0.0367606,-0.0828632,-0.536764
52.46,-23.2106,-0.0337584,6.4558,-1.082,10,2,-218.085,21.68,22.16,21.6404,22.1213,1120.61,-653.392,-1.34759,6.4558,-0.0337584,-0.0758332,-0.489564
52.48,-20.9173,-0.030423,6.43314,-1.09687,10,2,-207.549,21.637,21.994,21.64,22.074,1120.63,-653.518,-1.34903,6.43314,-0.030423,-0.068096,-0.438071
52.5,-18.7381,-0.0272535,6.41053,-1.08028,10,2,-210.392,21.6,21.9151,21.5951,21.9575,1120.66,-653.643,-1.35032,6.41053,-0.0272535,-0.0607836,-0.389655
52.52,-16.6533,-0.0242213,6.38858,-1.03534,10.0144,2,-183.785,21.5186,21.7986,21.4814,21.7986,1120.69,-653.768,-1.35146,6.38858,-0.0242213,-0.053833,-0.343916
52.54,-14.2695,-0.0207542,6.36649,-0.973734,10.4,2,-169.817,21.44,21.7576,21.48,21.6788,1120.72,-653.892,-1.35247,6.36649,-0.0207542,-0.0459653,-0.292638
52.56,-12.1728,-0.0177046,6.34433,-0.918345,10.4,2,-134.495,21.359,21.639,21.44,21.64,1120.75,-654.016,-1.35331,6.34433,-0.0177046,-0.0390731,-0.247893
52.58,-9.98281,-0.0145194,6.33333,-0.896517,10.8,2,-141.897,21.28,21.52,21.36,21.5986,1120.77,-654.14,-1.35402,6.33333,-0.0145194,-0.031987,-0.202585
52.6,-7.87626,-0.0114556,6.32181,-0.920563,10.8,2,-108.949,21.2,21.4774,21.32,21.4791,1120.8,-654.264,-1.35459,6.32181,-0.0114556,-0.0251906,-0.15925
52.62,-5.74405,-0.00835439,6.2995,-0.97612,11.2,2,-108.881,21.1983,21.3183,21.2766,21.36,1120.83,-654.387,-1.35503,6.2995,-0.00835439,-0.018306,-0.115319
52.64,-3.45179,-0.00502043,6.27748,-1.0346,11.6,2,-97.0359,21.12,21.1981,21.16,21.28,1120.85,-654.51,-1.35532,6.27748,-0.00502043,-0.0109621,-0.0688141
52.66,-1.47849,-0.00215037,6.25542,-1.07257,12,2,-79.8709,21.1183,21.1183,21.12,21.2,1120.88,-654.632,-1.35548,6.25542,-0.00215037,-0.00467878,-0.0292677
52.68,0.412402,0.000599815,6.23326,-1.07808,12.4,2,-65.3551,20.9995,21.0395,21.12,21.1995,1120.91,-654.754,-1.35551,6.23326,0.000599815,0.00130045,0.00810608
52.7,2.40365,0.00349596,6.21069,-1.04848,12.8,2,-56.0584,20.9601,20.9999,21.0399,21.1197,1120.93,-654.876,-1.35542,6.21069,0.00349596,0.00755215,0.0469041
52.72,4.4648,0.00649379,6.18831,-0.990706,12.8,2,-10.0029,20.9553,20.88,21,21,1120.96,-654.997,-1.35521,6.18831,0.00649379,0.0139778,0.0864989
52.74,6.55207,0.0095296,6.16632,-0.922994,12.8208,2,-34.5631,20.96,20.8779,20.96,20.9558,1120.99,-655.118,-1.35486,6.16632,0.0095296,0.0204398,0.126038
52.76,8.43098,0.0122624,6.15556,-0.867169,13.2,2,-59.0086,20.8788,20.8363,20.96,20.88,1121.01,-655.238,-1.35439,6.15556,0.0122624,0.0262558,0.161619
52.78,9.95722,0.0144822,6.1443,-0.830135,13.2,2,-10.4502,20.8392,20.6792,20.88,20.7984,1121.04,-655.358,-1.35382,6.1443,0.0144822,0.0309527,0.190183
52.8,11.4135,0.0166002,6.12223,-0.797935,13.2,2,21.3713,20.84,20.64,20.88,20.7194,1121.07,-655.478,-1.35315,6.12223,0.0166002,0.0353529,0.216439
52.82,13.1705,0.0191557,6.09982,-0.756395,13.5869,2,-23.8688,20.8013,20.5626,20.8413,20.6413,1121.09,-655.597,-1.3524,6.09982,0.0191557,0.0406472,0.24794
52.84,15.4557,0.0224794,6.08889,-0.710761,13.6,2,-28.8863,20.72,20.6351,20.7951,20.5575,1121.12,-655.716,-1.35152,6.08889,0.0224794,0.0476165,0.289932
52.86,17.1387,0.0249273,6.07723,-0.677599,14,2,-6.7743,20.68,20.48,20.6822,20.5178,1121.15,-655.835,-1.35051,6.07723,0.0249273,0.0527026,0.320286
52.88,18.7466,0.0272658,6.06667,-0.663926,14,2,6.93568,20.68,20.48,20.7173,20.4,1121.17,-655.954,-1.34941,6.06667,0.0272658,0.057549,0.349131
52.9,20.2323,0.0294266,6.05525,-0.659751,14.4,2,-19.078,20.6363,20.3982,20.6818,20.3982,1121.2,-656.072,-1.34821,6.05525,0.0294266,0.0619955,0.375398
52.92,21.5985,0.0314137,6.03345,-0.649941,14.4,2,-7.9827,20.56,20.36,20.6801,20.36,1121.23,-656.19,-1.34693,6.03345,0.0314137,0.0659462,0.397883
52.94,22.5892,0.0328546,6.02222,-0.63124,14.4321,2,-3.83939,20.6336,20.3504,20.6768,20.32,1121.25,-656.307,-1.34557,6.02222,0.0328546,0.0688449,0.4146
52.96,23.6463,0.0343921,6.01149,-0.614152,14.8,2,-2,20.52,20.2,20.6338,20.24,1121.28,-656.424,-1.34417,6.01149,0.0343921,0.0719407,0.432471
52.98,24.934,0.036265,6,-0.610413,14.8272,2,2.23291,20.52,20.2,20.56,20.2373,1121.31,-656.541,-1.34269,6,0.036265,0.0757167,0.4543
53,25.9317,0.0377162,5.98844,-0.623841,15.2,2,0,20.5179,20.0779,20.5579,20.08,1121.33,-656.658,-1.34115,5.98844,0.0377162,0.0785977,0.470677
53.02,26.9125,0.0391426,5.97778,-0.648225,15.2,2,-3.90009,20.52,20.041,20.521,20.079,1121.36,-656.775,-1.33955,5.97778,0.0391426,0.081428,0.486759
53.04,27.8066,0.0404431,5.96671,-0.66773,15.2,2,-1.96682,20.5193,20.0393,20.56,20.04,1121.39,-656.891,-1.33789,5.96671,0.0404431,0.0839805,0.501087
53.06,28.5971,0.0415928,5.94463,-0.665143,15.2,2,0,20.4006,20,20.4806,20.04,1121.42,-657.007,-1.33619,5.94463,0.0415928,0.0860509,0.51154
53.08,29.4369,0.0428142,5.93333,-0.635328,15.2,2,-0.368526,20.48,20.0363,20.48,19.92,1121.44,-657.122,-1.33444,5.93333,0.0428142,0.0884125,0.524581
53.1,30.0942,0.0437703,5.92209,-0.586917,15.2,2,3.84588,20.4015,19.9215,20.4015,19.92,1121.47,-657.238,-1.33265,5.92209,0.0437703,0.0902182,0.53428
53.12,30.6097,0.04452,5.91111,-0.531917,15.2,2,0,20.4,19.9187,20.3613,19.8813,1121.5,-657.353,-1.33083,5.91111,0.04452,0.0915953,0.54143
53.14,31.3074,0.0455347,5.89995,-0.480712,15.2,2,3.90173,20.399,19.841,20.36,19.88,1121.53,-657.467,-1.32899,5.89995,0.0455347,0.0935091,0.551699
53.16,31.9981,0.0465394,5.88889,-0.444394,15.2,2,3.98123,20.3202,19.88,20.36,19.88,1121.56,-657.582,-1.3271,5.88889,0.0465394,0.0953959,0.561776
53.18,32.7334,0.0476089,5.88889,-0.430554,15.2,2,0.334374,20.3567,19.8333,20.32,19.76,1121.59,-657.696,-1.32517,5.88889,0.0476089,0.0975914,0.574705
53.2,33.5349,0.0487745,5.87754,-0.433948,15.2,2,2.17431,20.32,19.84,20.2035,19.76,1121.61,-657.81,-1.3232,5.87754,0.0487745,0.0997918,0.586531
53.22,34.3242,0.0499225,5.86667,-0.439631,15.2,2,0.241595,20.24,19.7576,20.3152,19.68,1121.64,-657.924,-1.32118,5.86667,0.0499225,0.101955,0.598139
53.24,35.0216,0.0509368,5.85512,-0.439061,15.2,2,3.78438,20.3157,19.72,20.2,19.6822,1121.67,-658.037,-1.31912,5.85512,0.0509368,0.103826,0.607913
53.26,35.722,0.0519555,5.84444,-0.438843,15.2,2,6,20.1978,19.7178,20.24,19.68,1121.7,-658.151,-1.31702,5.84444,0.0519555,0.105713,0.617833
53.28,36.515,0.0531089,5.84444,-0.450631,15.2,2,5.90025,20.2,19.676,20.2,19.676,1121.73,-658.264,-1.31489,5.84444,0.0531089,0.108064,0.631574
53.3,37.2134,0.0541247,5.83294,-0.474764,15.2,2,7.91066,20.1564,19.6036,20.2,19.5982,1121.76,-658.377,-1.31271,5.83294,0.0541247,0.109918,0.641145
53.32,37.7018,0.0548351,5.82222,-0.498412,15.2,2,7.95539,20.08,19.5991,20.1987,19.5596,1121.79,-658.489,-1.31049,5.82222,0.0548351,0.111159,0.647193
53.34,38.2024,0.0555632,5.81121,-0.507501,15.2,2,6,20.08,19.5203,20.08,19.44,1121.82,-658.602,-1.30826,5.81121,0.0555632,0.112425,0.653326
53.36,38.7977,0.056429,5.8,-0.495477,15.2,2,6,20.0403,19.56,20.08,19.44,1121.85,-658.714,-1.30599,5.8,0.056429,0.11396,0.66097
53.38,39.324,0.0571945,5.78923,-0.465316,15.2,2,6,20.04,19.44,20.08,19.5568,1121.88,-658.826,-1.3037,5.78923,0.0571945,0.115295,0.667469
53.4,39.8074,0.0578975,5.77778,-0.428692,15.2,2,5.85191,20.037,19.4,20.1541,19.44,1121.91,-658.937,-1.30138,5.77778,0.0578975,0.116485,0.673022
53.42,40.1046,0.0583298,5.77778,-0.398539,15.2,2,6,20.0009,19.4,20.04,19.4391,1121.94,-659.049,-1.29904,5.77778,0.0583298,0.117356,0.678059
53.44,40.4013,0.0587613,5.76676,-0.379369,15.2,2,5.97348,20.04,19.32,20,19.4,1121.97,-659.16,-1.29669,5.76676,0.0587613,0.118001,0.680483
53.46,40.6,0.0590503,5.75556,-0.368986,15.2,2,6,20,19.32,20.0369,19.3938,1122.01,-659.271,-1.29432,5.75556,0.0590503,0.118352,0.681183
53.48,40.7,0.0591958,5.75556,-0.365121,15.2,2,6,20,19.28,19.9169,19.32,1122.04,-659.381,-1.29195,5.75556,0.0591958,0.118645,0.682865
53.5,40.7,0.0591958,5.74387,-0.364906,15.2,2,6,19.9947,19.2826,19.92,19.32,1122.07,-659.492,-1.28958,5.74387,0.0591958,0.118404,0.680096
53.52,40.7,0.0591958,5.73333,-0.365943,15.2,2,6,19.9189,19.3979,19.9979,19.3189,1122.1,-659.602,-1.28721,5.73333,0.0591958,0.118186,0.677602
53.54,40.7,0.0591958,5.73333,-0.368713,15.2,2,6,19.88,19.28,19.92,19.28,1122.13,-659.712,-1.28485,5.73333,0.0591958,0.118186,0.677602
53.56,40.6,0.0590503,5.72236,-0.372374,15.2,2,6,19.8402,19.28,19.8802,19.24,1122.17,-659.822,-1.28249,5.72236,0.0590503,0.11767,0.673348
53.58,40.6,0.0590503,5.71111,-0.374462,15.2,2,6,19.8839,19.2321,19.8761,19.16,1122.2,-659.932,-1.28014,5.71111,0.0590503,0.117438,0.670704
53.6,40.4995,0.0589041,5.71111,-0.374282,15.2,2,6,19.8798,19.1604,19.7606,19.12,1122.23,-660.041,-1.27779,5.71111,0.0589041,0.117147,0.66904
53.62,40.4,0.0587594,5.69964,-0.370183,15.184,2,6,19.7632,19.28,19.8368,19.12,1122.26,-660.15,-1.27545,5.69964,0.0587594,0.116624,0.664713
53.64,40.3972,0.0587553,5.68889,-0.359798,14.8,2,6,19.84,19.1589,19.7623,19.12,1122.3,-660.259,-1.27312,5.68889,0.0587553,0.116396,0.662162
53.66,40.3,0.058614,5.68889,-0.343405,14.8,2,6,19.84,19.16,19.76,19.12,1122.33,-660.368,-1.2708,5.68889,0.058614,0.116115,0.660565
53.68,40.2,0.0584685,5.67785,-0.322074,14.8,2,6,19.68,19.1523,19.68,19.0839,1122.36,-660.476,-1.26848,5.67785,0.0584685,0.115602,0.656368
53.7,40.2,0.0584685,5.66667,-0.30055,14.4,2,6,19.72,19.08,19.72,19.1199,1122.4,-660.585,-1.26617,5.66667,0.0584685,0.115374,0.653785
53.72,40.107,0.0583333,5.66667,-0.29099,14.4,2,6,19.6744,19.08,19.68,19.08,1122.43,-660.693,-1.26387,5.66667,0.0583333,0.115106,0.652269
53.74,40.2,0.0584685,5.66667,-0.300744,14.3752,2,6,19.605,19.075,19.7175,19.005,1122.47,-660.801,-1.26157,5.66667,0.0584685,0.115374,0.653785
53.76,40.2,0.0584685,5.65496,-0.321615,14,2,6,19.5968,19,19.68,19.08,1122.5,-660.909,-1.25926,5.65496,0.0584685,0.115135,0.651087
53.78,40.2,0.0584685,5.64444,-0.341216,13.6,2,6,19.5688,18.9629,19.6741,19,1122.54,-661.016,-1.25696,5.64444,0.0584685,0.114921,0.648667
53.8,40.307,0.0586242,5.64444,-0.354925,13.1719,2,6,19.6716,18.9572,19.6,18.9972,1122.57,-661.123,-1.25466,5.64444,0.0586242,0.115228,0.650398
53.82,40.5,0.0589049,5.63306,-0.36224,12.8,2,6,19.44,18.96,19.6,18.9591,1122.61,-661.231,-1.25235,5.63306,0.0589049,0.115547,0.650886
53.84,40.702,0.0591987,5.62222,-0.36465,12.4,2,6,19.5608,18.9184,19.5576,18.92,1122.64,-661.337,-1.25004,5.62222,0.0591987,0.115902,0.651625
53.86,40.9,0.0594866,5.62222,-0.36737,12.4,2,6,19.5186,18.84,19.56,18.92,1122.68,-661.444,-1.24771,5.62222,0.0594866,0.116467,0.654802
53.88,41,0.0596321,5.61117,-0.375137,12.4,2,6,19.4001,18.84,19.5597,18.84,1122.71,-661.551,-1.24538,5.61117,0.0596321,0.116523,0.653829
53.9,41.0997,0.059777,5.6,-0.39137,12.4,2,6,19.44,18.7603,19.44,18.9197,1122.75,-661.657,-1.24305,5.6,0.059777,0.116574,0.652815
53.92,41.1,0.0597775,5.6,-0.420019,12.4,2,6,19.3943,18.8028,19.32,18.84,1122.78,-661.763,-1.24072,5.6,0.0597775,0.116575,0.652821
53.94,41.1,0.0597775,5.58834,-0.459903,12.4,2,6,19.3172,18.7545,19.3945,18.7917,1122.82,-661.869,-1.23839,5.58834,0.0597775,0.116332,0.650104
53.96,41.1,0.0597775,5.57778,-0.50302,12.4,2,6,19.3181,18.6837,19.28,18.68,1122.86,-661.974,-1.23606,5.57778,0.0597775,0.116113,0.64765
53.98,41.1975,0.0599194,5.56644,-0.542906,12.4,2,6,19.238,18.679,19.32,18.64,1122.89,-662.079,-1.23374,5.56644,0.0599194,0.116152,0.646555
54,41.1021,0.0597805,5.55556,-0.579328,12,2,6,19.24,18.64,19.28,18.6,1122.93,-662.184,-1.23142,5.55556,0.0597805,0.115656,0.642532
54.02,41.1,0.0597775,5.54373,-0.614769,12,2,6,19.1572,18.6372,19.2772,18.52,1122.97,-662.289,-1.22911,5.54373,0.0597775,0.115404,0.639767
54.04,41,0.0596321,5.53333,-0.648261,12,2,6,19.12,18.52,19.2354,18.4823,1123.01,-662.393,-1.22681,5.53333,0.0596321,0.114906,0.635815
54.06,40.7936,0.0593319,5.52177,-0.672036,12,2,6,19.1549,18.52,19.08,18.52,1123.04,-662.497,-1.22452,5.52177,0.0593319,0.114088,0.629966
54.08,40.5941,0.0590417,5.49942,-0.678362,12,2,6,19,18.44,19,18.4776,1123.08,-662.601,-1.22224,5.49942,0.0590417,0.113069,0.621814
54.1,40.1901,0.0584541,5.48889,-0.671231,12,2,6,18.998,18.44,19,18.436,1123.12,-662.704,-1.21999,5.48889,0.0584541,0.111727,0.613255
54.12,39.7048,0.0577483,5.4774,-0.664386,11.6064,2,6,18.9206,18.44,19,18.2813,1123.16,-662.807,-1.21777,5.4774,0.0577483,0.110143,0.603299
54.14,39.3675,0.0572577,5.46667,-0.665699,10.7675,2,6,18.92,18.32,18.9502,18.32,1123.19,-662.91,-1.21559,5.46667,0.0572577,0.108992,0.595821
54.16,38.5712,0.0560995,5.45549,-0.668732,9.54238,2,6,18.8371,18.28,18.92,18.32,1123.23,-663.012,-1.21342,5.45549,0.0560995,0.106564,0.58136
54.18,37.6756,0.0547969,5.43272,-0.662859,7.92665,2,6,18.76,18.2751,18.9151,18.3176,1123.27,-663.114,-1.21132,5.43272,0.0547969,0.10365,0.563102
54.2,36.873,0.0536296,5.42222,-0.649425,5.51904,2,6,18.8373,18.1973,18.8373,18.28,1123.31,-663.216,-1.20927,5.42222,0.0536296,0.101242,0.548957
54.22,35.9859,0.0523394,5.41076,-0.64233,2.74373,2,6,18.6358,18.12,18.7572,18.16,1123.35,-663.317,-1.20727,5.41076,0.0523394,0.098593,0.533463
54.24,35.085,0.0510291,5.4,-0.653302,0,2,6,18.6015,18.117,18.683,18.1585,1123.39,-663.418,-1.20533,5.4,0.0510291,0.0959293,0.518018
54.26,34.1886,0.0497254,5.38867,-0.682914,0,2,6,18.5955,17.96,18.6785,18.117,1123.42,-663.519,-1.20344,5.38867,0.0497254,0.0932781,0.502644
54.28,33.4908,0.0487104,5.3664,-0.728103,0,2,6,18.3624,17.9988,18.5976,18.1176,1123.46,-663.619,-1.20159,5.3664,0.0487104,0.0909937,0.488309
54.3,32.9951,0.0479895,5.35556,-0.792665,0,2,6,18.359,17.88,18.52,18,1123.5,-663.719,-1.19979,5.35556,0.0479895,0.0894636,0.479127
54.32,32.7024,0.0475637,5.34406,-0.882002,0,2,6,18.281,17.841,18.3639,18,1123.54,-663.818,-1.19802,5.34406,0.0475637,0.0884784,0.472834
54.34,32.6917,0.0475482,5.32205,-0.991338,0,2,6,18.1501,17.7934,18.32,17.8767,1123.58,-663.918,-1.19626,5.32205,0.0475482,0.0880851,0.468793
54.36,32.7,0.0475602,5.29986,-1.10884,0,2,6,18.0369,17.6769,18.2738,17.8,1123.62,-664.017,-1.1945,5.29986,0.0475602,0.0877401,0.46501
54.38,32.7065,0.0475696,5.27712,-1.22511,0,2,6,17.96,17.5574,18.2,17.7174,1123.66,-664.115,-1.19275,5.27712,0.0475696,0.087381,0.46112
54.4,32.8107,0.0477212,5.25519,-1.33186,0,2,6,17.8336,17.4757,18.1136,17.6736,1123.7,-664.213,-1.191,5.25519,0.0477212,0.0872956,0.458755
54.42,33.0994,0.0481411,5.22249,-1.41964,0,2,6,17.72,17.3603,18,17.56,1123.74,-664.31,-1.18925,5.22249,0.0481411,0.0875167,0.457055
54.44,33.3158,0.0484559,5.18878,-1.48645,0,2,6,17.6305,17.24,17.8768,17.3968,1123.77,-664.407,-1.1875,5.18878,0.0484559,0.0875213,0.454129
54.46,33.6082,0.0488811,5.16625,-1.54153,0,2,6,17.3984,17.1567,17.7967,17.3167,1123.81,-664.503,-1.18575,5.16625,0.0488811,0.0879072,0.454151
54.48,33.9034,0.0493105,5.1327,-1.59448,0,2,6,17.3586,17.0386,17.64,17.1986,1123.85,-664.598,-1.18399,5.1327,0.0493105,0.0881048,0.452215
54.5,34.2031,0.0497464,5.09941,-1.64822,0,2,6,17.1987,16.9175,17.5187,17.0787,1123.89,-664.693,-1.18222,5.09941,0.0497464,0.0883085,0.450321
54.52,34.4152,0.0500549,5.06628,-1.70368,0,2,6,17.08,16.717,17.3939,16.9939,1123.93,-664.787,-1.18046,5.06628,0.0500549,0.0882797,0.447249
54.54,34.7139,0.0504893,5.03323,-1.76138,0,2,6,17.0744,16.5972,17.2372,16.8344,1123.97,-664.88,-1.17869,5.03323,0.0504893,0.0884663,0.445272
54.56,35.0118,0.0509226,4.99896,-1.81812,0,2,6,16.9106,16.4376,17.08,16.7176,1124.01,-664.973,-1.17692,4.99896,0.0509226,0.0886193,0.443005
54.58,35.4105,0.0515025,4.95455,-1.87057,0,2,6,16.7179,16.3958,17.0758,16.5537,1124.04,-665.065,-1.17515,4.95455,0.0515025,0.088834,0.440133
54.6,35.8133,0.0520883,4.92207,-1.92069,0,2,6,16.6,16.2747,16.9129,16.4,1124.08,-665.156,-1.17337,4.92207,0.0520883,0.0892572,0.43933
54.62,36.2025,0.0526544,4.88833,-1.96789,0,2,6,16.5105,16.0736,16.72,16.2673,1124.12,-665.246,-1.17158,4.88833,0.0526544,0.0896106,0.438046
54.64,36.715,0.0533998,4.8432,-2.00051,0,2,6,16.32,15.957,16.597,16.117,1124.16,-665.336,-1.16978,4.8432,0.0533998,0.0900424,0.436093
54.66,37.2196,0.0541338,4.79924,-2.00821,0,2,6,16.1639,15.838,16.438,15.9961,1124.2,-665.425,-1.16798,4.79924,0.0541338,0.0904539,0.43411
54.68,38.0089,0.0552817,4.75499,-2.00101,0,2,6,16.1153,15.6388,16.3176,15.8388,1124.23,-665.513,-1.16616,4.75499,0.0552817,0.0915242,0.435197
54.7,38.7095,0.0563006,4.7221,-2.00526,0,2,6,15.9562,15.5972,16.1191,15.64,1124.27,-665.6,-1.16432,4.7221,0.0563006,0.09257,0.437125
54.72,39.492,0.0574388,4.68826,-2.038,0,2,6,15.8,15.3624,16.08,15.5224,1124.31,-665.686,-1.16246,4.68826,0.0574388,0.0937684,0.43961
54.74,40.3222,0.0586463,4.64323,-2.09132,0,2,6,15.6311,15.2711,15.8282,15.357,1124.35,-665.772,-1.16057,4.64323,0.0586463,0.0948246,0.440292
54.76,41.0195,0.0596604,4.59895,-2.14422,0,2,6,15.5148,15.1522,15.6852,15.2722,1124.38,-665.857,-1.15866,4.59895,0.0596604,0.0955483,0.439422
54.78,41.7171,0.060675,4.55443,-2.18223,0,2,6,15.3177,14.9532,15.5932,15.0377,1124.42,-665.94,-1.15675,4.55443,0.060675,0.0962365,0.438302
54.8,42.2105,0.0613927,4.5102,-2.2031,0,2,6,15.1537,14.7958,15.4358,14.8779,1124.46,-666.023,-1.15482,4.5102,0.0613927,0.0964318,0.434927
54.82,42.6019,0.0619619,4.46637,-2.21177,0,2,6,14.84,14.6385,15.317,14.7192,1124.49,-666.105,-1.15289,4.46637,0.0619619,0.0963824,0.43048
54.84,42.8012,0.0622519,4.42231,-2.21481,0,2,6,14.8395,14.5195,15.119,14.6385,1124.53,-666.187,-1.15096,4.42231,0.0622519,0.0958794,0.424008
54.86,42.9996,0.0625404,4.37813,-2.21766,0,2,6,14.7203,14.3605,14.8807,14.4005,1124.56,-666.267,-1.14905,4.37813,0.0625404,0.0953627,0.417511
54.88,43.2,0.0628319,4.33385,-2.22439,0,2,6,14.5165,14.1965,14.793,14.233,1124.6,-666.346,-1.14715,4.33385,0.0628319,0.0948393,0.41102
54.9,43.2076,0.0628429,4.28856,-2.23899,0,2,6,14.397,14.037,14.6709,14.0739,1124.64,-666.425,-1.14526,4.28856,0.0628429,0.0938647,0.402544
54.92,43.3,0.0629773,4.2435,-2.26655,0,2,6,14.3129,13.8782,14.4765,13.92,1124.67,-666.503,-1.14339,4.2435,0.0629773,0.0930776,0.394975
54.94,43.3,0.0629773,4.19931,-2.31136,0,2,6,13.9944,13.6763,14.3581,13.8344,1124.71,-666.579,-1.14154,4.19931,0.0629773,0.0921082,0.386791
54.96,43.3029,0.0629815,4.15521,-2.36996,0,2,6,13.8788,13.5565,14.1577,13.68,1124.74,-666.655,-1.13971,4.15521,0.0629815,0.0911473,0.378736
54.98,43.4015,0.0631249,4.11092,-2.42418,0,2,6,13.8776,13.3188,13.9988,13.5188,1124.78,-666.73,-1.13789,4.11092,0.0631249,0.0903813,0.37155
55,43.5,0.0632682,4.0557,-2.44668,0,2,6,13.4395,13.16,13.8784,13.399,1124.81,-666.805,-1.13609,4.0557,0.0632682,0.0893703,0.362459
55.02,43.5,0.0632682,3.9995,-2.42245,0,2,6,13.4086,13.1085,13.7171,13.1571,1124.84,-666.878,-1.13432,3.9995,0.0632682,0.0881319,0.352483
55.04,43.5075,0.0632792,3.95432,-2.36369,0,2,6,13.3819,12.797,13.5509,13.0709,1124.88,-666.95,-1.13256,3.95432,0.0632792,0.0871516,0.344626
55.06,43.6052,0.0634211,3.91024,-2.29906,0,2,6,12.9918,12.7979,13.3938,12.9159,1124.91,-667.021,-1.13083,3.91024,0.0634211,0.0863738,0.337742
55.08,43.7052,0.0635667,3.86576,-2.25288,0,2,6,12.8442,12.5937,13.2716,12.6779,1124.94,-667.091,-1.12911,3.86576,0.0635667,0.0855879,0.330862
55.1,43.9045,0.0638565,3.8219,-2.23684,0,2,6,12.8328,12.44,12.96,12.5946,1124.98,-667.161,-1.12741,3.8219,0.0638565,0.0850037,0.324875
55.12,44.051,0.0640696,3.77734,-2.25311,0,2,6,12.5142,12.3084,12.8342,12.3542,1125.01,-667.229,-1.12571,3.77734,0.0640696,0.0842937,0.318406
55.14,44.3065,0.0644412,3.73233,-2.29772,0,2,6,12.48,12.0374,12.6774,12.1974,1125.04,-667.297,-1.12403,3.73233,0.0644412,0.0837736,0.312671
55.16,44.604,0.0648739,3.68824,-2.35932,0.0160243,2,6,12.3568,11.8832,12.4784,12.1152,1125.07,-667.364,-1.12236,3.68824,0.0648739,0.0833416,0.307384
55.18,44.9073,0.065315,3.64399,-2.41542,0.414531,2,6,12.1556,11.8327,12.3542,11.88,1125.11,-667.43,-1.1207,3.64399,0.065315,0.0829031,0.302098
55.2,45.4027,0.0660356,3.58719,-2.43892,0.805499,2,6,12,11.5595,12.1595,11.7984,1125.14,-667.495,-1.11905,3.58719,0.0660356,0.0825139,0.295993
55.22,45.7162,0.0664915,3.53279,-2.41804,1.2,2,6,11.8768,11.5103,12.0335,11.6303,1125.17,-667.559,-1.1174,3.53279,0.0664915,0.0818251,0.289071
55.24,46.215,0.067217,3.48969,-2.36622,1.6,2,6,11.708,11.314,11.84,11.474,1125.2,-667.622,-1.11577,3.48969,0.067217,0.0817116,0.285148
55.26,46.6217,0.0678085,3.4443,-2.30741,1.6,2,6,11.4713,11.1971,11.7142,11.3113,1125.23,-667.684,-1.11414,3.4443,0.0678085,0.0813605,0.28023
55.28,47.1191,0.0685319,3.39871,-2.25826,2,2,6,11.3524,11.0698,11.52,11.1549,1125.26,-667.746,-1.11251,3.39871,0.0685319,0.0811428,0.275781
55.3,47.7107,0.0693924,3.35473,-2.22538,2,2,6,11.2,10.88,11.3915,10.9936,1125.29,-667.806,-1.11089,3.35473,0.0693924,0.0811015,0.272073
55.32,48.2006,0.070105,3.31099,-2.20935,2,2,6,11.08,10.8395,11.1999,10.8398,1125.32,-667.866,-1.10927,3.31099,0.070105,0.0808688,0.267756
55.34,48.601,0.0706872,3.26684,-2.20691,2,2,6,10.8789,10.5596,11.0792,10.6789,1125.35,-667.925,-1.10766,3.26684,0.0706872,0.0804553,0.262834
55.36,48.8006,0.0709776,3.22247,-2.21268,2,2,6,10.6797,10.5194,10.9197,10.5197,1125.38,-667.983,-1.10605,3.22247,0.0709776,0.0796899,0.256799
55.38,49.0998,0.0714127,3.17808,-2.22126,2,2,6,10.6798,10.2402,10.7203,10.2804,1125.41,-668.04,-1.10447,3.17808,0.0714127,0.0790754,0.251308
55.4,49.2,0.0715585,3.13293,-2.22874,2,2,6,10.6015,10.081,10.6805,10.161,1125.44,-668.096,-1.10289,3.13293,0.0715585,0.0781118,0.244719
55.42,49.2,0.0715585,3.08834,-2.23306,2,2,6,10.318,9.99899,10.515,10.077,1125.46,-668.152,-1.10134,3.08834,0.0715585,0.077,0.237802
55.44,49.2,0.0715585,3.04466,-2.23235,2,2,6,10.1183,9.83889,10.2794,9.91889,1125.49,-668.207,-1.09981,3.04466,0.0715585,0.0759109,0.231123
55.46,49.2,0.0715585,3.00069,-2.22217,2,2,6,9.96,9.67701,10.16,9.75102,1125.52,-668.26,-1.09831,3.00069,0.0715585,0.0748147,0.224496
55.48,49.2,0.0715585,2.95525,-2.19563,2,2,6,9.95187,9.51729,9.95187,9.59458,1125.55,-668.313,-1.09682,2.95525,0.0715585,0.0736818,0.217748
55.5,49.2,0.0715585,2.9101,-2.14857,2,2,6,9.68,9.43513,9.83757,9.47757,1125.57,-668.366,-1.09536,2.9101,0.0715585,0.0725561,0.211146
55.52,49.2,0.0715585,2.86623,-2.08627,2,2,6,9.67913,9.3174,9.67913,9.32,1125.6,-668.417,-1.09392,2.86623,0.0715585,0.0714623,0.204827
55.54,49.2,0.0715585,2.82194,-2.02663,2,2,6,9.47137,9.16,9.59753,9.2763,1125.63,-668.468,-1.0925,2.82194,0.0715585,0.0703581,0.198547
55.56,49.2,0.0715585,2.78885,-1.9918,2,2,6,9.12,9.1174,9.47935,9.11805,1125.65,-668.517,-1.0911,2.78885,0.0715585,0.069533,0.193917
55.58,49.0992,0.0714119,2.75557,-1.98868,2,2,6,9.12,8.87938,9.31969,8.95938,1125.68,-668.566,-1.08972,2.75557,0.0714119,0.0685621,0.188928
55.6,49,0.0712676,2.71062,-2.00028,2,2,6,9.12,8.72005,9.20005,8.80005,1125.7,-668.615,-1.08836,2.71062,0.0712676,0.0673068,0.182443
55.62,48.6959,0.0708253,2.66615,-2.00432,2,2,6,8.87892,8.67676,8.99676,8.71892,1125.73,-668.663,-1.08703,2.66615,0.0708253,0.0657903,0.175407
55.64,48.3968,0.0703903,2.6224,-1.99737,1.6,2,6,8.71871,8.48,8.87935,8.52065,1125.75,-668.709,-1.08573,2.6224,0.0703903,0.0643119,0.168651
55.66,47.9842,0.0697902,2.5887,-1.99365,1.5684,2,6,8.48,8.35684,8.79052,8.47052,1125.78,-668.755,-1.08445,2.5887,0.0697902,0.0629424,0.162939
55.68,47.4766,0.0690519,2.5541,-2.00179,0.737533,2,6,8.64,8.19688,8.63375,8.23688,1125.8,-668.801,-1.08321,2.5541,0.0690519,0.0614421,0.156929
55.7,46.8861,0.0681931,2.50993,-2.01142,0,2,6,8.5061,8.07722,8.47444,8.15444,1125.82,-668.846,-1.082,2.50993,0.0681931,0.0596263,0.149658
55.72,46.3889,0.0674699,2.46622,-2.00691,0,2,6,8.07889,7.99778,8.36,8.03667,1125.85,-668.89,-1.08082,2.46622,0.0674699,0.0579647,0.142954
55.74,45.7941,0.0666048,2.42212,-1.98818,0,2,6,8.03921,7.87921,8.19921,7.87921,1125.87,-668.933,-1.07968,2.42212,0.0666048,0.0561961,0.136114
55.76,45.2948,0.0658786,2.38889,-1.9698,0,2,6,7.88,7.75721,8.15721,7.7593,1125.89,-668.975,-1.07857,2.38889,0.0658786,0.0548191,0.130957
55.78,44.6996,0.0650129,2.35558,-1.95956,0,2,6,7.83948,7.56017,7.91983,7.59983,1125.92,-669.017,-1.07749,2.35558,0.0650129,0.0533423,0.125652
55.8,44.4003,0.0645776,2.31017,-1.94823,0,2,6,7.72,7.52011,7.76017,7.52006,1125.94,-669.058,-1.07644,2.31017,0.0645776,0.0519627,0.120043
55.82,43.9908,0.063982,2.26535,-1.92664,0,2,6,7.55036,7.31759,7.67518,7.39277,1125.96,-669.098,-1.07541,2.26535,0.063982,0.0504833,0.114362
55.84,43.6943,0.0635508,2.23296,-1.90049,0,2,6,7.31772,7.23544,7.55772,7.23544,1125.98,-669.138,-1.07441,2.23296,0.0635508,0.0494253,0.110365
55.86,43.3958,0.0631167,2.19941,-1.87911,0,2,6,7.27833,7.07499,7.43833,7.11833,1126,-669.177,-1.07344,2.19941,0.0631167,0.0483492,0.106339
55.88,43.0964,0.0626812,2.15492,-1.86253,0,2,6,7.15857,6.91715,7.27572,6.95857,1126.02,-669.215,-1.07248,2.15492,0.0626812,0.0470435,0.101375
55.9,42.8972,0.0623915,2.1221,-1.84525,0,2,6,7.07779,6.83779,7.07779,6.83889,1126.04,-669.253,-1.07155,2.1221,0.0623915,0.0461125,0.0978554
55.92,42.8,0.0622501,2.08936,-1.81906,0,2,6,6.92112,6.68112,6.96056,6.76056,1126.06,-669.289,-1.07064,2.08936,0.0622501,0.0452979,0.0946438
55.94,42.7,0.0621046,2.04416,-1.77384,0,2,6,6.67696,6.59392,6.91088,6.63696,1126.08,-669.326,-1.06974,2.04416,0.0621046,0.0442141,0.0903807
55.96,42.7,0.0621046,2.0106,-1.70812,0,2,6,6.67747,6.47241,6.75241,6.51494,1126.1,-669.361,-1.06887,2.0106,0.0621046,0.0434882,0.0874374
55.98,42.7044,0.062111,1.97689,-1.63604,0,2,6,6.63472,6.31824,6.59648,6.35824,1126.12,-669.396,-1.068,1.97689,0.062111,0.0427635,0.0845388
56,42.8044,0.0622564,1.94414,-1.57892,0,2,6,6.43652,6.19826,6.43478,6.27652,1126.14,-669.431,-1.06716,1.94414,0.0622564,0.0421537,0.0819527
56.02,43.0009,0.0625422,1.92224,-1.54927,0,2,6,6.31966,6.11932,6.28,6.15897,1126.16,-669.464,-1.06632,1.92224,0.0625422,0.0418706,0.0804852
56.04,43.1996,0.0628313,1.88941,-1.5395,0,2,6,6.16042,6.00014,6.20028,6.04,1126.18,-669.498,-1.06548,1.88941,0.0628313,0.0413463,0.0781202
56.06,43.3995,0.063122,1.85586,-1.52771,0,2,6,6.04041,5.88041,6.12021,5.96021,1126.2,-669.531,-1.06466,1.85586,0.063122,0.0408006,0.0757204
56.08,43.6093,0.0634272,1.82245,-1.49811,0,2,6,5.95254,5.79254,5.99627,5.79254,1126.21,-669.563,-1.06385,1.82245,0.0634272,0.0402603,0.0733724
56.1,43.8998,0.0638497,1.78861,-1.45565,0,2,6,5.84003,5.68003,5.84009,5.68003,1126.23,-669.594,-1.06305,1.78861,0.0638497,0.0397766,0.0711447
56.12,44.1021,0.0641438,1.76624,-1.41968,0,2,6,5.71837,5.55837,5.71837,5.55837,1126.25,-669.625,-1.06226,1.76624,0.0641438,0.0394606,0.069697
56.14,44.2042,0.0642925,1.74423,-1.40191,0,2,6,5.6366,5.4766,5.6783,5.4766,1126.27,-669.656,-1.06148,1.74423,0.0642925,0.0390593,0.0681283
56.16,44.3009,0.0644331,1.71098,-1.39521,0,2,6,5.51887,5.35962,5.55962,5.35962,1126.28,-669.686,-1.0607,1.71098,0.0644331,0.0383987,0.0656993
56.18,44.5,0.0647226,1.67773,-1.38869,0,2,6,5.4,5.23937,5.39937,5.23937,1126.3,-669.716,-1.05994,1.67773,0.0647226,0.0378222,0.0634552
56.2,44.6,0.0648681,1.65512,-1.3825,0,2,6,5.35971,5.15942,5.32,5.15942,1126.32,-669.745,-1.05919,1.65512,0.0648681,0.0373966,0.0618957
56.22,44.6,0.0648681,1.63264,-1.37791,0,2,6,5.23399,5.037,5.24,5.037,1126.33,-669.773,-1.05844,1.63264,0.0648681,0.0368886,0.0602257
56.24,44.6,0.0648681,1.5989,-1.36694,0,2,6,5.07757,4.91757,5.15515,4.91757,1126.35,-669.802,-1.05771,1.5989,0.0648681,0.0361264,0.0577626
56.26,44.6,0.0648681,1.56627,-1.34545,0,2,6,5.03804,4.87804,4.99607,4.84,1126.36,-669.829,-1.057,1.56627,0.0648681,0.035389,0.0554285
56.28,44.6,0.0648681,1.54406,-1.32596,0,2,6,4.91842,4.75842,4.91842,4.75842,1126.38,-669.856,-1.05629,1.54406,0.0648681,0.0348873,0.0538682
56.3,44.6,0.0648681,1.52199,-1.32373,0,2,6,4.83712,4.68,4.83712,4.67712,1126.39,-669.883,-1.0556,1.52199,0.0648681,0.0343887,0.0523394
56.32,44.6,0.0648681,1.50011,-1.33415,0,2,6,4.72013,4.60026,4.76,4.6,1126.41,-669.909,-1.05492,1.50011,0.0648681,0.0338942,0.0508449
56.34,44.5907,0.0648546,1.46719,-1.33335,0,2,6,4.5963,4.44,4.67259,4.4363,1126.42,-669.935,-1.05425,1.46719,0.0648546,0.0331436,0.0486282
56.36,44.4918,0.0647107,1.43361,-1.30308,0,2,6,4.55672,4.39345,4.56,4.39345,1126.44,-669.96,-1.05359,1.43361,0.0647107,0.0323129,0.0463241
56.38,44.3,0.0644317,1.4114,-1.24886,0,2,6,4.43689,4.31689,4.43689,4.28,1126.45,-669.985,-1.05295,1.4114,0.0644317,0.0316749,0.0447061
56.4,44.0842,0.0641179,1.38874,-1.19103,0,2,6,4.32,4.2337,4.3937,4.2337,1126.46,-670.009,-1.05233,1.38874,0.0641179,0.0310141,0.0430705
56.42,43.7938,0.0636954,1.36634,-1.14585,0,2,6,4.31875,4.15875,4.27875,4.12,1126.48,-670.033,-1.05171,1.36634,0.0636954,0.0303122,0.0414167
56.44,43.4972,0.0632641,1.3445,-1.11861,0,2,6,4.24,4.07889,4.24,4.07889,1126.49,-670.057,-1.05111,1.3445,0.0632641,0.0296251,0.0398308
56.46,43.0847,0.0626641,1.32249,-1.1068,0,2,6,4.15693,4,4.15693,3.96,1126.51,-670.08,-1.05053,1.32249,0.0626641,0.0288631,0.0381711
56.48,42.7466,0.0621724,1.29975,-1.10477,0,2,6,4.07374,3.92,4.07374,3.92,1126.52,-670.103,-1.04996,1.29975,0.0621724,0.0281436,0.0365796
56.5,42.486,0.0617933,1.27717,-1.10754,0,2,6,3.96,3.83719,3.99719,3.79719,1126.53,-670.125,-1.0494,1.27717,0.0617933,0.0274857,0.0351041
56.52,41.9935,0.0610771,1.25523,-1.1124,0,2,6,3.92,3.7987,3.9587,3.7574,1126.54,-670.147,-1.04886,1.25523,0.0610771,0.0266995,0.0335139
56.54,41.5927,0.0604942,1.2331,-1.11782,0,2,6,3.91709,3.68,3.83854,3.67854,1126.56,-670.168,-1.04833,1.2331,0.0604942,0.025978,0.0320336
56.56,41.1976,0.0599195,1.21097,-1.12144,0,2,6,3.79904,3.64,3.76,3.63904,1126.57,-670.19,-1.04782,1.21097,0.0599195,0.0252688,0.0305998
56.58,40.798,0.0593383,1.18875,-1.11919,0,2,6,3.67921,3.6,3.68,3.52,1126.58,-670.21,-1.04732,1.18875,0.0593383,0.0245639,0.0292002
56.6,40.4961,0.0588991,1.1662,-1.10574,0,2,6,3.63921,3.51921,3.63921,3.52472,1126.59,-670.231,-1.04684,1.1662,0.0588991,0.0239192,0.0278945
56.62,40.1907,0.0584549,1.14379,-1.07625,0,2,6,3.52,3.48248,3.59505,3.76248,1126.6,-670.251,-1.04637,1.14379,0.0584549,0.0232822,0.0266298
56.64,39.8943,0.0580239,1.12178,-1.02931,0,2,6,3.48,3.76229,3.51771,3.78855,1126.62,-670.27,-1.04591,1.12178,0.0580239,0.0226655,0.0254259
56.66,39.4944,0.0574423,1.09986,-0.971077,0,2,6,3.44,3.68,3.44,3.36,1126.63,-670.29,-1.04546,1.09986,0.0574423,0.0219993,0.024196
56.68,38.9976,0.0567197,1.07776,-0.918851,0,2,6,3.43935,3.3574,3.36,3.11935,1126.64,-670.309,-1.04503,1.07776,0.0567197,0.0212855,0.0229406
56.7,38.2996,0.0557046,1.06667,-0.894437,0,2,6,3.35996,3.04,3.35996,3.04,1126.65,-670.327,-1.04461,1.06667,0.0557046,0.0206886,0.0220678
56.72,37.4713,0.0544998,1.05502,-0.904999,0,2,6,3.3177,3.12459,3.28,3.16689,1126.66,-670.345,-1.0442,1.05502,0.0544998,0.0200192,0.0211206
56.74,36.5806,0.0532044,1.03298,-0.932494,0,2,6,3.19806,3.27419,3.19806,3.19613,1126.67,-670.363,-1.04381,1.03298,0.0532044,0.0191342,0.0197651
56.76,35.685,0.0519017,1.01085,-0.948588,0,2,7.92506,3.1585,3.04,3.16,3.037,1126.68,-670.381,-1.04343,1.01085,0.0519017,0.0182651,0.0184633
56.78,34.8886,0.0507433,0.988669,-0.938966,0,2,6.05723,3.11771,2.87771,3.11771,2.80114,1126.69,-670.398,-1.04308,0.988669,0.0507433,0.0174649,0.017267
56.8,33.9912,0.0494382,0.966574,-0.913435,0,2,8,3.04,2.84,3.03912,2.84,1126.7,-670.415,-1.04273,0.966574,0.0494382,0.0166346,0.0160786
56.82,33.1096,0.048156,0.955556,-0.894606,0,2,8,3.00077,2.84,3,2.87923,1126.71,-670.432,-1.04241,0.955556,0.048156,0.0160178,0.0153059
56.84,32.3699,0.0470801,0.943779,-0.893648,0,2,8,2.95398,2.99699,2.88,2.99097,1126.72,-670.448,-1.0421,0.943779,0.0470801,0.0154665,0.0145969
56.86,31.5713,0.0459186,0.921609,-0.898415,0,2,9.85637,2.87713,2.84,2.84,2.84,1126.73,-670.464,-1.04179,0.921609,0.0459186,0.01473,0.0135753
56.88,30.8765,0.0449081,0.899404,-0.890112,0,2,10,2.8,2.71061,2.8,2.67061,1126.74,-670.48,-1.0415,0.899404,0.0449081,0.0140583,0.0126441
56.9,30.1799,0.0438949,0.87744,-0.867425,0,2,10,2.79598,2.52201,2.80201,2.56402,1126.75,-670.495,-1.04123,0.87744,0.0438949,0.0134052,0.0117622
56.92,29.5996,0.0430509,0.866667,-0.846705,0,2,12,2.71977,2.64,2.84,2.64023,1126.75,-670.51,-1.04097,0.866667,0.0430509,0.0129857,0.0112543
56.94,29.0971,0.04232,0.855687,-0.83927,0,2,12,2.68,2.68039,2.88,2.72,1126.76,-670.525,-1.04071,0.855687,0.04232,0.0126032,0.0107844
56.96,28.3745,0.0412691,0.833628,-0.838783,0,2,14,2.64,2.7132,2.8,2.62981,1126.77,-670.54,-1.04046,0.833628,0.0412691,0.0119731,0.00998108
56.98,27.6767,0.0402541,0.811408,-0.835981,0,2,14,2.63066,2.48,2.71377,2.51689,1126.78,-670.554,-1.04023,0.811408,0.0402541,0.011367,0.00922326
57,27.0735,0.0393767,0.8,-0.832905,0,2,13.823,2.52,2.34938,2.56,2.31292,1126.79,-670.568,-1.04001,0.8,0.0393767,0.0109627,0.00877014
57.02,26.5796,0.0386585,0.788392,-0.83232,0,2,13.8981,2.48,2.24408,2.39592,2.32204,1126.8,-670.582,-1.03979,0.788392,0.0386585,0.0106063,0.00836195
57.04,25.9866,0.0377959,0.766423,-0.826349,0,2,14,2.47642,2.36,2.32179,2.36,1126.8,-670.595,-1.03959,0.766423,0.0377959,0.0100805,0.00772594
57.06,25.4966,0.0370833,0.744352,-0.808611,0,2,16,2.39932,2.40136,2.36,2.48,1126.81,-670.608,-1.03939,0.744352,0.0370833,0.00960545,0.00714984
57.08,25.095,0.0364992,0.733333,-0.786893,0,2,18,2.32,2.47867,2.48,2.39867,1126.82,-670.621,-1.0392,0.733333,0.0364992,0.00931407,0.00683032
57.1,24.5977,0.0357759,0.721774,-0.773456,0,2,18,2.31938,2.23969,2.47907,2.24,1126.83,-670.633,-1.03902,0.721774,0.0357759,0.00898543,0.00648545
57.12,23.9758,0.0348713,0.699442,-0.773411,0,2,18,2.24,2.19758,2.24,2.19273,1126.83,-670.646,-1.03884,0.699442,0.0348713,0.00848709,0.00593623
57.14,23.2827,0.0338634,0.688889,-0.786544,0,2,18,2.2,2.04,2.2331,2.04,1126.84,-670.658,-1.03868,0.688889,0.0338634,0.00811723,0.00559187
57.16,22.4946,0.032717,0.677757,-0.806094,0,2,18,2.19957,2.04,2,2.03957,1126.85,-670.669,-1.03852,0.677757,0.032717,0.00771551,0.00522924
57.18,21.599,0.0314145,0.655629,-0.816456,0,2,18,2.16,2,2.04,2,1126.86,-670.681,-1.03837,0.655629,0.0314145,0.00716627,0.00469841
57.2,20.6037,0.0299668,0.633016,-0.807144,0,2,18,2.16,2,2.04,2,1126.86,-670.692,-1.03823,0.633016,0.0299668,0.00660006,0.00417794
57.22,19.4812,0.0283343,0.622222,-0.784984,0,2,20.1056,2.04,2,2.2,2,1126.87,-670.703,-1.0381,0.622222,0.0283343,0.00613389,0.00381664
57.24,18.7727,0.0273037,0.610775,-0.763064,0,2,22,2.03818,2.04,2.19818,1.88,1126.87,-670.713,-1.03798,0.610775,0.0273037,0.00580194,0.00354368
57.26,17.4752,0.0254167,0.588651,-0.74803,0,2,22,2,2.04,1.99575,1.88,1126.88,-670.724,-1.03787,0.588651,0.0254167,0.00520514,0.00306401
57.28,16.081,0.0233889,0.577778,-0.743027,0,2,20.0542,1.99675,2.03892,1.88,1.84,1126.89,-670.734,-1.03777,0.577778,0.0233889,0.00470124,0.00271627
57.3,14.5845,0.0212123,0.566591,-0.749655,0,2,23.9227,1.88,2,1.75845,1.84,1126.89,-670.744,-1.03769,0.566591,0.0212123,0.00418105,0.00236895
57.32,12.9235,0.0187965,0.544178,-0.765743,0,2,20,1.88,1.88313,1.68,1.76209,1126.9,-670.753,-1.03761,0.544178,0.0187965,0.0035582,0.0019363
57.34,10.8292,0.0157504,0.533333,-0.787906,0,2,17.8583,1.76,1.76,1.68,1.72,1126.9,-670.762,-1.03754,0.533333,0.0157504,0.00292205,0.00155843
57.36,8.83816,0.0128546,0.521649,-0.809461,0,2,19.7251,1.75725,1.7545,1.6,1.71725,1126.91,-670.772,-1.03749,0.521649,0.0128546,0.0023325,0.00121675
57.38,7.04354,0.0102444,0.499388,-0.817623,0,2,18,1.68,1.6,1.6,1.68,1126.91,-670.78,-1.03745,0.499388,0.0102444,0.00177952,0.000888671
57.4,5.14976,0.00749002,0.477325,-0.806023,0,2,20,1.68,1.6,1.6,1.67553,1126.92,-670.789,-1.03742,0.477325,0.00749002,0.00124356,0.000593583
57.42,3.30098,0.00480108,0.466667,-0.78485,0,2,21.998,1.60008,1.52008,1.6,1.56004,1126.92,-670.797,-1.0374,0.466667,0.00480108,0.000779311,0.000363679
57.44,1.12022,0.0016293,0.455431,-0.768742,0,2,24,1.6,1.44,1.59681,1.56,1126.93,-670.805,-1.03739,0.455431,0.0016293,0.000258099,0.000117546
57.46,-0.745746,-0.00108464,0.432878,-0.764347,0,2,24.1017,1.59593,1.44,1.56,1.51593,1126.93,-670.813,-1.03739,0.432878,-0.00108464,-0.000163311,-7.06936e-05
57.48,-2.63729,-0.00383579,0.422222,-0.773376,0,2,26,1.52,1.39669,1.55834,1.44,1126.94,-670.82,-1.03739,0.422222,-0.00383579,-0.000563326,-0.000237849
57.5,-4.42772,-0.00643985,0.410922,-0.793089,0,2,24,1.52,1.32,1.4,1.44,1126.94,-670.827,-1.03741,0.410922,-0.00643985,-0.000920458,-0.000378237
57.52,-6.09721,-0.00886803,0.389015,-0.814345,0,2,24,1.44028,1.39972,1.4,1.40014,1126.95,-670.834,-1.03743,0.389015,-0.00886803,-0.00119996,-0.000466802
57.54,-8.17631,-0.011892,0.366967,-0.833922,0,2,28,1.32,1.44,1.39322,1.32,1126.95,-670.841,-1.03746,0.366967,-0.011892,-0.00151797,-0.000557045
57.56,-9.86851,-0.0143532,0.355556,-0.863592,0,2,26,1.32,1.44,1.24,1.32,1126.95,-670.847,-1.03749,0.355556,-0.0143532,-0.0017752,-0.000631182
57.58,-11.6489,-0.0169426,0.34428,-0.914373,0,2,22.1396,1.27162,1.39162,1.24,1.23442,1126.96,-670.853,-1.03753,0.34428,-0.0169426,-0.00202906,-0.000698563
57.6,-13.049,-0.018979,0.321875,-0.979018,0,2,22,1.16,1.15755,1.24,1.16,1126.96,-670.858,-1.03757,0.321875,-0.018979,-0.00212507,-0.000684007
57.62,-14.3851,-0.0209223,0.299747,-1.03907,0,2,22,1.16,1.12,1.12297,1.16,1126.96,-670.864,-1.03761,0.299747,-0.0209223,-0.00218168,-0.000653951
57.64,-15.2341,-0.0221571,0.277353,-1.08213,0,2,22,1.15772,1.12,1.08,1.15545,1126.97,-670.869,-1.03766,0.277353,-0.0221571,-0.00213786,-0.000592943
57.66,-16.3152,-0.0237295,0.25534,-1.10715,0,2,20.0608,1.07757,1.07635,1.08,1,1126.97,-670.873,-1.0377,0.25534,-0.0237295,-0.0021079,-0.000538231
57.68,-17.1064,-0.0248802,0.233158,-1.1195,0,2,22.0427,1,0.92,1.08,1,1126.97,-670.878,-1.03774,0.233158,-0.0248802,-0.00201816,-0.000470551
57.7,-17.6034,-0.0256032,0.211136,-1.12563,0,2,21.9656,1,0.92,0.999312,1,1126.97,-670.881,-1.03778,0.211136,-0.0256032,-0.00188067,-0.000397078
57.72,-17.8,-0.0258891,0.188818,-1.13039,0,2,20.2358,0.997642,0.92,0.915283,0.997642,1126.98,-670.885,-1.03782,0.188818,-0.0258891,-0.00170066,-0.000321115
57.74,-17.8,-0.0258891,0.166293,-1.13617,0,2,26.1999,0.916003,0.92,0.84,0.916003,1126.98,-670.888,-1.03785,0.166293,-0.0258891,-0.00149778,-0.000249071
57.76,-17.5956,-0.0255918,0.144137,-1.14258,0,2,32,0.79824,0.916481,0.84,0.79824,1126.98,-670.891,-1.03788,0.144137,-0.0255918,-0.00128332,-0.000184974
57.78,-17.2965,-0.0251567,0.121905,-1.1455,0,2,34.1405,0.75719,0.798595,0.84,0.76,1126.98,-670.893,-1.0379,0.121905,-0.0251567,-0.00106691,-0.000130061
57.8,-16.9942,-0.024717,0.0997936,-1.13561,0,2,40,0.68,0.678838,0.838838,0.76,1126.98,-670.895,-1.03792,0.0997936,-0.024717,-0.000858123,-8.56352e-05
57.82,-16.6992,-0.0242881,0.0778581,-1.0979,0,2,42.0151,0.68,0.64,0.759699,0.76,1126.98,-670.896,-1.03793,0.0778581,-0.0242881,-0.000657876,-5.1221e-05
57.84,-16.2823,-0.0236817,0.0558435,-1.01409,0,2,48,0.68,0.64,0.672923,0.76,1126.98,-670.897,-1.03795,0.0558435,-0.0236817,-0.000460075,-2.56922e-05
57.86,-15.8848,-0.0231035,0.0337634,-0.870717,0,2,52.1519,0.68,0.64,0.593923,0.68,1126.98,-670.898,-1.03795,0.0337634,-0.0231035,-0.000271371,-9.16239e-06
57.88,-15.5992,-0.0226881,0.0110204,-0.672923,0,2,51.8724,0.637447,0.64,0.52,0.6,1126.98,-670.899,-1.03796,0.0110204,-0.0226881,-8.69828e-05,-9.58589e-07
57.9,-15.3888,-0.0223821,0,-0.452171,0,2,55.8879,0.595517,0.6,0.48,0.52,1126.98,-670.899,-1.03796,0,-0.0223821,-0,-0
57.92,-14.9984,-0.0218143,0,-0.252797,0,2,54.0946,0.519369,0.52,0.479369,0.519369,1126.98,-670.899,-1.03796,0,-0.0218143,-0,-0
57.94,-14.7994,-0.0215249,0,-0.105295,0,2,64,0.48,0.48,0.44,0.48,1126.98,-670.899,-1.03796,0,-0.0215249,-0,-0
57.96,-14.5917,-0.0212228,0,-0.0124511,0,2,66.3301,0.44,0.476699,0.36,0.44,1126.98,-670.899,-1.03796,0,-0.0212228,-0,-0
57.98,-14.5,-0.0210894,0,0.0432998,0,2,72.4968,0.44,0.44,0.36,0.433376,1126.98,-670.899,-1.03796,0,-0.0210894,-0,-0
58,-14.5,-0.0210894,0,0.0849907,0,2,80,0.36,0.432929,0.32,0.36,1126.98,-670.899,-1.03796,0,-0.0210894,-0,-0
58.02,-14.5,-0.0210894,0,0.129258,0,2,86,0.36,0.36,0.32,0.357261,1126.98,-670.899,-1.03796,0,-0.0210894,-0,-0
58.04,-14.5,-0.0210894,0,0.177521,0,2,88.2175,0.32,0.357825,0.32,0.32,1126.98,-670.899,-1.03796,0,-0.0210894,-0,-0
58.06,-14.5,-0.0210894,0,0.211142,0,2,92.0551,0.32,0.32,0.28,0.32,1126.98,-670.899,-1.03796,0,-0.0210894,-0,-0
58.08,-14.5,-0.0210894,0.0112156,0.199952,0,2,91.9702,0.32,0.32,0.28,0.319404,1126.98,-670.899,-1.03796,0.0112156,-0.0210894,-8.22837e-05,-9.22862e-07
58.1,-14.5,-0.0210894,0.0222222,0.126566,0,2,90,0.28,0.319552,0.28,0.28,1126.98,-670.899,-1.03796,0.0222222,-0.0210894,-0.000163034,-3.62298e-06
58.12,-14.4,-0.020944,0.0222222,0.00505951,0,2,88,0.28,0.28,0.28,0.28,1126.98,-670.899,-1.03796,0.0222222,-0.020944,-0.000161909,-3.59798e-06
58.14,-14.3951,-0.0209369,0.0222222,-0.125864,0,2,85.8052,0.28,0.28,0.2,0.28,1126.98,-670.9,-1.03797,0.0222222,-0.0209369,-0.000161855,-3.59677e-06
58.16,-14.2983,-0.020796,0.0110563,-0.22774,0,2,80,0.278646,0.28,0.2,0.278646,1126.98,-670.9,-1.03797,0.0110563,-0.020796,-7.99862e-05,-8.84351e-07
58.18,-13.9997,-0.0203617,0,-0.285436,0,2,75.9934,0.2,0.2,0.2,0.2,1126.98,-670.9,-1.03797,0,-0.0203617,-0,-0
58.2,-13.7978,-0.0200681,0,-0.308789,0,2,71.978,0.2,0.2,0.2,0.2,1126.98,-670.9,-1.03797,0,-0.0200681,-0,-0
58.22,-13.5014,-0.019637,0,-0.309291,0,2,66.0569,0.2,0.2,0.2,0.2,1126.98,-670.9,-1.03797,0,-0.019637,-0,-0
58.24,-13.084,-0.0190299,-0.0113058,-0.282888,0,2,61.6802,0.2,0.2,0.196802,0.2,1126.98,-670.9,-1.03797,-0.0113058,-0.0190299,7.48436e-05,-8.4617e-07
58.26,-12.6883,-0.0184544,-0.0222222,-0.222592,0,2,55.6928,0.2,0.2,0.16,0.2,1126.98,-670.9,-1.03797,-0.0222222,-0.0184544,0.000142659,-3.17021e-06
58.28,-12.386,-0.0180148,-0.0222222,-0.135752,0,2,49.8604,0.16,0.197208,0.16,0.16,1126.98,-670.899,-1.03796,-0.0222222,-0.0180148,0.00013926,-3.09466e-06
58.3,-12.0866,-0.0175792,-0.0222222,-0.0384585,0,2,43.866,0.16,0.16,0.16,0.16,1126.98,-670.899,-1.03796,-0.0222222,-0.0175792,0.000135892,-3.01983e-06
58.32,-11.6968,-0.0170122,-0.0222222,0.0580607,0,2,37.8702,0.16,0.16,0.16,0.16,1126.98,-670.899,-1.03796,-0.0222222,-0.0170122,0.000131508,-2.92241e-06
58.34,-11.4,-0.0165806,-0.0222222,0.14642,0,2,32,0.16,0.16,0.16,0.16,1126.98,-670.898,-1.03796,-0.0222222,-0.0165806,0.000128171,-2.84825e-06
58.36,-11.3,-0.0164352,-0.0222222,0.212722,0,2,29.9999,0.16,0.16,0.16,0.16,1126.98,-670.898,-1.03795,-0.0222222,-0.0164352,0.000127047,-2.82326e-06
58.38,-11.2082,-0.0163016,-0.0113113,0.237339,0,2,28,0.16,0.16,0.16,0.16,1126.98,-670.898,-1.03795,-0.0113113,-0.0163016,6.41423e-05,-7.25534e-07
58.4,-11.3,-0.0164352,0,0.212457,0,2,26.0288,0.16,0.16,0.16,0.16,1126.98,-670.897,-1.03795,0,-0.0164352,-0,-0
58.42,-11.3,-0.0164352,0,0.154006,0,2,26,0.16,0.16,0,0.16,1126.98,-670.897,-1.03795,0,-0.0164352,-0,-0
58.44,-11.2,-0.0162897,0,0.0896096,0,2,26.05,0.16,0.16,0,0.156004,1126.98,-670.897,-1.03795,0,-0.0162897,-0,-0
58.46,-11.101,-0.0161458,0,0.0388483,0,2,26.0207,0.00165489,0.16,0,0,1126.98,-670.897,-1.03795,0,-0.0161458,-0,-0
58.48,-11,-0.0159989,0,0.00741186,0,2,26.1413,0,0,0,0,1126.98,-670.897,-1.03795,0,-0.0159989,-0,-0
58.5,-10.9,-0.0158534,0,-0.00756503,0,2,26,0,0,0,0,1126.98,-670.897,-1.03795,0,-0.0158534,-0,-0
58.52,-10.9,-0.0158534,0,-0.0117063,0,2,26,0,0,0,0,1126.98,-670.897,-1.03795,0,-0.0158534,-0,-0
58.54,-10.9,-0.0158534,0,-0.0102572,0,2,25.9321,0,0,0,0,1126.98,-670.897,-1.03795,0,-0.0158534,-0,-0
58.56,-10.9,-0.0158534,0,-0.00689143,0,2,26,0,0,0,0,1126.98,-670.897,-1.03795,0,-0.0158534,-0,-0
58.58,-10.8,-0.015708,0,-0.00364257,0,2,25.9769,0,0,0,0,1126.98,-670.897,-1.03795,0,-0.015708,-0,-0
58.6,-10.7,-0.0155625,0,-0.00131859,0,2,25.9763,0,0,0,0,1126.98,-670.897,-1.03795,0,-0.0155625,-0,-0
58.62,-10.6,-0.0154171,0,-3.46622e-06,0,2,22,0,0,0,0,1126.98,-670.897,-1.03795,0,-0.0154171,-0,-0
58.64,-10.5,-0.0152716,0,0.000540355,0,2,22,0,0,0,0,1126.98,-670.897,-1.03795,0,-0.0152716,-0,-0
58.66,-10.4015,-0.0151283,0,0.000619046,0,2,20.029,0,0,0,0,1126.98,-670.897,-1.03795,0,-0.0151283,-0,-0
58.68,-10.4,-0.0151262,0,0.000484498,0,2,22,0,0,0,0,1126.98,-670.897,-1.03795,0,-0.0151262,-0,-0
58.7,-10.4937,-0.0152625,0,0.000298229,0,2,22,0,0,0,0,1126.98,-670.897,-1.03795,0,-0.0152625,-0,-0
58.72,-10.4,-0.0151262,0,0.000140868,0,2,22,0,0,0,0,1126.98,-670.897,-1.03795,0,-0.0151262,-0,-0
58.74,-10.4,-0.0151262,0,3.79001e-05,0,2,22,0,0,0,0,1126.98,-670.897,-1.03795,0,-0.0151262,-0,-0
58.76,-10.4,-0.0151262,0,-1.48315e-05,0,2,22,0,0,0,0,1126.98,-670.897,-1.03795,0,-0.0151262,-0,-0
58.78,-10.392,-0.0151145,0,-3.25973e-05,0,2,22,0,0,0,0,1126.98,-670.897,-1.03795,0,-0.0151145,-0,-0
58.8,-10.4,-0.0151262,0,-3.11356e-05,0,2,22,0,0,0,0,1126.98,-670.897,-1.03795,0,-0.0151262,-0,-0
58.82,-10.3966,-0.0151212,0,-2.21312e-05,0,2,22,0,0,0,0,1126.98,-670.897,-1.03795,0,-0.0151212,-0,-0
58.84,-10.4,-0.0151262,0,-1.24427e-05,0,2,22,0,0,0,0,1126.98,-670.897,-1.03795,0,-0.0151262,-0,-0
58.86,-10.4,-0.0151262,0,-5.08596e-06,0,2,22,0,0,0,0,1126.98,-670.897,-1.03795,0,-0.0151262,-0,-0
58.88,-10.4,-0.0151262,0,-6.76789e-07,0,2,22,0,0,0,0,1126.98,-670.897,-1.03795,0,-0.0151262,-0,-0
58.9,-10.4,-0.0151262,0,1.32593e-06,0,2,18,0,0,0,0,1126.98,-670.897,-1.03795,0,-0.0151262,-0,-0
58.92,-10.3049,-0.0149878,0,1.7949e-06,0,2,15.9029,0,0,0,0,1126.98,-670.897,-1.03795,0,-0.0149878,-0,-0
58.94,-10.396,-0.0151203,0,1.50418e-06,0,2,13.9196,0,0,0,0,1126.98,-670.897,-1.03795,0,-0.0151203,-0,-0
58.96,-10.3027,-0.0149846,0,9.78317e-07,0,2,10,0,0,0,0,1126.98,-670.897,-1.03795,0,-0.0149846,-0,-0
58.98,-10.3994,-0.0151253,0,4.97267e-07,0,2,8,0,0,0,0,1126.98,-670.897,-1.03795,0,-0.0151253,-0,-0
59,-10.3,-0.0149807,0,1.64516e-07,0,2,6.0027,0,0,0,0,1126.98,-670.897,-1.03795,0,-0.0149807,-0,-0
59.02,-10.3,-0.0149807,0,-1.72339e-08,0,2,4,0,0,0,0,1126.98,-670.897,-1.03795,0,-0.0149807,-0,-0
59.04,-10.3,-0.0149807,0,-8.76106e-08,0,2,4,0,0,0,0,1126.98,-670.897,-1.03795,0,-0.0149807,-0,-0
59.06,-10.3,-0.0149807,0,-9.3023e-08,0,2,3.85649,0,0,0,0,1126.98,-670.897,-1.03795,0,-0.0149807,-0,-0
59.08,-10.3,-0.0149807,0,-7.01577e-08,0,2,1.88498,0,0,0,0,1126.98,-670.897,-1.03795,0,-0.0149807,-0,-0
59.1,-10.3,-0.0149807,0,-4.17888e-08,0,2,0,0,0,0,0,1126.98,-670.897,-1.03795,0,-0.0149807,-0,-0
59.12,-10.3,-0.0149807,0,-1.88026e-08,0,2,0,0,0,0,0,1126.98,-670.897,-1.03795,0,-0.0149807,-0,-0
59.14,-10.3,-0.0149807,0,-4.24053e-09,0,2,0,0,0,0,0,1126.98,-670.897,-1.03795,0,-0.0149807,-0,-0
59.16,-10.3056,-0.0149889,0,2.91491e-09,0,2,0,0,0,0,0,1126.98,-670.897,-1.03795,0,-0.0149889,-0,-0
59.18,-10.3,-0.0149807,0,5.08217e-09,0,2,0,0,0,0,0,1126.98,-670.897,-1.03795,0,-0.0149807,-0,-0
59.2,-10.3,-0.0149807,0,4.60554e-09,0,2,0,0,0,0,0,1126.98,-670.897,-1.03795,0,-0.0149807,-0,-0
59.22,-10.3,-0.0149807,0,3.16611e-09,0,2,0,0,0,0,0,1126.98,-670.897,-1.03795,0,-0.0149807,-0,-0
59.24,-10.3,-0.0149807,0,1.71763e-09,0,2,0,0,0,0,0,1126.98,-670.897,-1.03795,0,-0.0149807,-0,-0
59.26,-10.3,-0.0149807,0,6.56272e-10,0,2,0,0,0,0,0,1126.98,-670.897,-1.03795,0,-0.0149807,-0,-0
59.28,-10.3047,-0.0149876,0,4.11191e-11,0,2,0,0,0,0,0,1126.98,-670.897,-1.03795,0,-0.0149876,-0,-0
59.3,-10.3,-0.0149807,0,-2.23822e-10,0,2,0,0,0,0,0,1126.98,-670.897,-1.03795,0,-0.0149807,-0,-0
59.32,-10.3,-0.0149807,0,-2.85736e-10,0,2,0,0,0,0,0,1126.98,-670.897,-1.03795,0,-0.0149807,-0,-0
