t_s,delta_wheel_deg,delta_road_rad,v_mps,a_long_mps2,a_lat_meas_mps2,yaw_rate_meas_rads,accel_pedal_pct,brake_pressed,x_m,y_m,psi_rad,v_state_mps,delta_state_rad,yaw_rate_pred_rads,a_y_pred_mps2,yaw_rate_resid_rads,a_y_resid_mps2
0.0,2.0,0.00205333,6.59409,0.930758,-0.0149897,0.0206081,0,0,0.0,0.0,0.0,6.59409,0.00205333,0.004531650975798314,0.0298821143830019,0.01607644902420169,-0.0448718143830019
0.02,2.0,0.00205333,6.60212,0.9535,-0.0337821,0.0200593,0,0,0.132068,6.00101e-06,9.08777e-05,6.60212,0.00205333,0.004537155204150102,0.029954843116423473,0.015522144795849896,-0.06373694311642347
0.04,2.0,0.00205333,6.61649,0.97229,-0.0538197,0.0194044,0,0,0.264301,2.40341e-05,0.000181869,6.61649,0.00205333,0.004547005107283323,0.03008521382228903,0.014857394892716676,-0.08390491382228903
0.06,2.0,0.00205333,6.64168,0.985324,-0.0745887,0.0181948,0,0,0.396825,5.41787e-05,0.000273061,6.64168,0.00205333,0.004564271167728209,0.030314428529277092,0.013630528832271793,-0.10490312852927708
0.08,2.0,0.00205333,6.64689,0.992537,-0.0932468,0.0168674,0,0,0.529856,9.65931e-05,0.000364601,6.64689,0.00205333,0.004567842210339077,0.030361944709480705,0.012299557789660924,-0.12360874470948072
0.1,2.0,0.00205333,6.69918,0.994292,-0.105,0.0166,0,0,0.662992,0.000151233,0.000456214,6.69918,0.00205333,0.004603681646926235,0.030840892015455295,0.011996318353073765,-0.1358408920154553
0.12,2.0,0.00205333,6.67161,0.99135,-0.105597,0.0166,0,0,0.797175,0.000218644,0.000548547,6.67161,0.00205333,0.004584785513992753,0.03058790088300919,0.012015214486007248,-0.1361849008830092
0.14,2.0,0.00205333,6.69697,0.985357,-0.0939766,0.0164035,0,0,0.930805,0.00029809,0.0006405,6.69697,0.00205333,0.004602166963408449,0.030820574088937482,0.011801333036591553,-0.12479717408893748
0.16,1.9,0.00195066,6.70296,0.978494,-0.0720317,0.0153944,0,0,1.06494,0.000390144,0.000731647,6.70296,0.00195066,0.004375950293929052,0.02933181978219468,0.011018449706070948,-0.10136351978219468
0.18,1.9,0.00195066,6.72894,0.972706,-0.0430404,0.015,0,0,1.1992,0.00049421,0.000818255,6.72894,0.00195066,0.00439286569456084,0.02955932968675822,0.010607134305439159,-0.07259972968675822
0.2,1.75042,0.00179709,6.73929,0.969044,-0.0113762,0.0152179,0,0,1.33397,0.000610348,0.000904622,6.73929,0.00179709,0.004053235052404358,0.027315926456318165,0.011164664947595642,-0.038692126456318164
0.22,1.61527,0.00165834,6.76684,0.967395,0.0169959,0.0159695,0,0,1.46895,0.000737791,0.000982606,6.76684,0.00165834,0.0037555405193849907,0.025413141808195133,0.01221395948061501,-0.008417241808195131
0.24,1.40237,0.00143977,6.77758,0.966756,0.0341138,0.0163835,0,0,1.60448,0.000875885,0.00105387,6.77758,0.00143977,0.0032657187059725893,0.022133669787225703,0.013117781294027409,0.011980130212774297
0.26,1.10139,0.00113075,6.77502,0.965995,0.0315074,0.0164028,0,0,1.74022,0.00102312,0.00111336,6.77502,0.00113075,0.0025638257787798067,0.017369970927748765,0.013838974221220192,0.014137429072251233
0.28,1.01355,0.00104057,6.80594,0.965243,0.00564005,0.0154813,0,0,1.87592,0.00117747,0.00116024,6.80594,0.00104057,0.002370092665861301,0.016130708478292063,0.013111207334138699,-0.010490658478292062
0.3,1.0,0.00102666,6.82463,0.966484,-0.0361702,0.0157834,0,0,2.01223,0.00133881,0.00120658,6.82463,0.00102666,0.002344813929190941,0.01600248748557437,0.013438586070809059,-0.05217268748557437
0.32,1.0,0.00102666,6.83845,0.971288,-0.0758435,0.0160123,0,0,2.14892,0.00150694,0.00125345,6.83845,0.00102666,0.002349549097806311,0.01606727402789357,0.013662750902193689,-0.09191077402789356
0.34,1.0,0.00102666,6.84704,0.978084,-0.0920971,0.0150161,0,0,2.28588,0.00168185,0.00130058,6.84704,0.00102666,0.00235249226314093,0.01610760862541647,0.012663607736859069,-0.10820470862541648
0.36,1.0,0.00102666,6.87188,0.983594,-0.0715146,0.014211,0,0,2.42302,0.00186344,0.00134776,6.87188,0.00102666,0.002361002942942985,0.01622452890355104,0.011849997057057015,-0.08773912890355104
0.38,1.0,0.00102666,6.87479,0.9865,-0.0167667,0.0134579,0,0,2.56065,0.0020522,0.00139511,6.87479,0.00102666,0.0023619999501579775,0.016238253637346562,0.011095900049842022,-0.03300495363734656
0.4,1.0,0.00102666,6.89135,0.9875,0.053318,0.0124079,0,0,2.69834,0.00224756,0.00144249,6.89135,0.00102666,0.0023676735732076457,0.01631646727872451,0.010040226426792354,0.03700153272127549
0.42,1.0,0.00102666,6.89449,0.986555,0.111277,0.0133948,0,0,2.83637,0.00244993,0.00148997,6.89449,0.00102666,0.0023687493559196317,0.016331318746894342,0.011026050644080368,0.09494568125310565
0.44,1.0,0.00102666,6.92496,0.982667,0.131757,0.0134005,0,0,2.97445,0.00265896,0.00153748,6.92496,0.00102666,0.0023791883443726484,0.016475784117246813,0.01102131165562735,0.1152812158827532
0.46,1.0,0.00102666,6.94472,0.976725,0.101936,0.013,0,0,3.11315,0.00287551,0.0015852,6.94472,0.00102666,0.0023859578895881277,0.016569809474980463,0.010614042110411871,0.08536619052501954
0.48,1.0,0.00102666,6.96294,0.972459,0.027248,0.0135445,0,0,3.25224,0.00309932,0.00163306,6.96294,0.00102666,0.002392199702580316,0.016656742997084587,0.011152300297419683,0.010591257002915414
0.5,1.0,0.00102666,6.97777,0.973353,-0.0712772,0.0143998,0,0,3.39169,0.0033304,0.00168104,6.97777,0.00102666,0.0023972800645509123,0.01672766891602142,0.01200251993544909,-0.08800486891602141
0.52,1.0,0.00102666,7.00237,0.979663,-0.165035,0.0147936,0,0,3.53144,0.00356869,0.00172912,7.00237,0.00102666,0.0024057071615976506,0.01684565165715654,0.01238789283840235,-0.18188065165715653
0.54,1.0,0.00102666,7.01932,0.988606,-0.226545,0.0151969,0,0,3.67168,0.00381457,0.00177737,7.01932,0.00102666,0.002411513487018088,0.016927184849695805,0.012785386512981911,-0.2434721848496958
0.56,1.0,0.00102666,7.03615,0.99613,-0.238682,0.0166031,0,0,3.81227,0.00406784,0.00182574,7.03615,0.00102666,0.0024172785843036043,0.017008334710947808,0.014185821415696395,-0.2556903347109478
0.58,1.0,0.00102666,7.04136,0.998748,-0.201743,0.0168,0,0,3.95319,0.00432854,0.00187423,7.04136,0.00102666,0.0024190632392890057,0.017033495130600033,0.014380936760710993,-0.21877649513060005
0.6,1.0,0.00102666,7.05545,0.995166,-0.13204,0.0164027,0,0,4.09422,0.00459628,0.00192275,7.05545,0.00102666,0.0024238896279878863,0.017101632075787132,0.013978810372012113,-0.14914163207578712
0.62,1.0,0.00102666,7.06925,0.987064,-0.0526158,0.0161944,0,0,4.23553,0.00487141,0.00197137,7.06925,0.00102666,0.0024286165974753337,0.017168497881702504,0.013765783402524667,-0.0697842978817025
0.64,1.0,0.00102666,7.08594,0.978468,0.0158438,0.0160086,0,0,4.37711,0.00515397,0.00202008,7.08594,0.00102666,0.0024343333808318156,0.017249540276571395,0.013574266619168185,-0.0014057402765713933
0.66,1.0,0.00102666,7.11111,0.973808,0.0592539,0.0147876,0,0,4.51902,0.00544412,0.0020689,7.11111,0.00102666,0.0024429545698700377,0.017372118671348524,0.012344645430129962,0.041881781328651474
0.68,1.0,0.00102666,7.11111,0.975196,0.07177,0.0138208,0,0,4.66144,0.00574225,0.0021179,7.11111,0.00102666,0.0024429545698700377,0.017372118671348524,0.011377845430129962,0.054397881328651476
0.7,1.0,0.00102666,7.12502,0.98106,0.0568072,0.0142014,0,0,4.80385,0.00604737,0.0021669,7.12502,0.00102666,0.0024477188837890647,0.017440046001374762,0.011753681116210935,0.03936715399862524
0.72,1.0,0.00102666,7.14432,0.987911,0.0257278,0.0149975,0,0,4.94655,0.00636008,0.002216,7.14432,0.00102666,0.002454329187587037,0.01753451310146182,0.012543170812412963,0.008193286898538179
0.74,0.900313,0.00092432,7.18605,0.993115,-0.00705171,0.015,0,0,5.08963,0.00668062,0.002264,7.18605,0.00092432,0.0022225428719669644,0.015971304205098204,0.012777457128033035,-0.023023014205098204
0.76,0.9,0.000923998,7.17245,0.99591,-0.029868,0.015006,0,0,5.23355,0.0070096,0.00230734,7.17245,0.000923998,0.0022175766027338344,0.01590545730427829,0.012788423397266166,-0.04577345730427829
0.78,0.808917,0.000830486,7.1881,0.99696,-0.0367815,0.0155643,0,0,5.3772,0.00734418,0.00235069,7.1881,0.000830486,0.0019974852725434663,0.014358123887569692,0.013566814727456532,-0.05113962388756969
0.8,0.8,0.000821331,7.21425,0.997799,-0.0279025,0.016,0,0,5.52116,0.00768542,0.00238952,7.21425,0.000821331,0.0019826302296673845,0.014303190134377928,0.014017369770332615,-0.04220569013437793
0.82,0.8,0.000821331,7.24434,1.00011,-0.00848603,0.0156027,0,0,5.66565,0.00803353,0.00242918,7.24434,0.000821331,0.0019908739906313584,0.014422568085290376,0.013611826009368642,-0.022908598085290374
0.84,0.8,0.000821331,7.2556,1.00429,0.0138133,0.014799,0,0,5.81073,0.00838887,0.00246911,7.2556,0.000821331,0.0019939588122052506,0.014467367557836418,0.012805041187794748,-0.0006540675578364172
0.86,0.8,0.000821331,7.27241,1.00858,0.0319122,0.0143926,0,0,5.95605,0.00875057,0.00250911,7.27241,0.000821331,0.001998564044219752,0.014534377140824166,0.012394035955780248,0.017377822859175836
0.88,0.713328,0.000732348,7.28253,1.01087,0.0398006,0.0140267,0,0,6.1017,0.00911889,0.00254811,7.28253,0.000732348,0.0017845115778987494,0.01299575910139498,0.01224218842210125,0.02680484089860502
0.9,0.7,0.000718665,7.29157,1.01121,0.0328847,0.0143955,0,0,6.24755,0.00949309,0.00258265,7.29157,0.000718665,0.0017533371583797243,0.012784580623926846,0.012642162841620275,0.02010011937607316
0.92,0.7,0.000718665,7.29708,1.01174,0.0111807,0.0146,0,0,6.39358,0.0098728,0.00261766,7.29708,0.000718665,0.0017546579266684242,0.012803879263533626,0.012845342073331576,-0.0016231792635336261
0.94,0.7,0.000718665,7.30538,1.01461,-0.0181927,0.0140175,0,0,6.53972,0.0102579,0.00265285,7.30538,0.000718665,0.0017566474509289154,0.012832977155067081,0.012260852549071085,-0.03102567715506708
0.96,0.7,0.000718665,7.32747,1.02006,-0.0434101,0.0136,0,0,6.68603,0.0106486,0.00268809,7.32747,0.000718665,0.0017619423574179599,0.012910579765709378,0.011838057642582039,-0.056320679765709376
0.98,0.7,0.000718665,7.33292,1.02628,-0.0537309,0.0145151,0,0,6.83279,0.0110457,0.00272344,7.33292,0.000718665,0.0017632486826145179,0.01292976152971765,0.012751851317385482,-0.06666066152971764
1.0,0.7,0.000718665,7.33878,1.03106,-0.0455624,0.014604,0,0,6.97965,0.0114483,0.00275881,7.33878,0.000718665,0.0017646532714710567,0.012950402135606361,0.012839346728528944,-0.05851280213560636
1.02,0.7,0.000718665,7.35748,1.03358,-0.0252402,0.0147828,0,0,7.12663,0.0118564,0.0027942,7.35748,0.000718665,0.0017691354200954496,0.013016378470643868,0.013013664579904551,-0.03825657847064387
1.04,0.7,0.000718665,7.35289,1.03342,-0.00556917,0.0138,0,0,7.27399,0.0122707,0.00282969,7.35289,0.000718665,0.0017680352664745723,0.013000168830508219,0.012031964733525427,-0.01856933883050822
1.06,0.7,0.000718665,7.36087,1.02918,0.00153165,0.0141785,0,0,7.42125,0.0126901,0.00286516,7.36087,0.000718665,0.0017699479476181838,0.013028356749184261,0.012408552052381816,-0.01149670674918426
1.08,0.7,0.000718665,7.3814,1.02018,-0.00884586,0.0144297,0,0,7.56867,0.0131151,0.00290067,7.3814,0.000718665,0.0017748685756423758,0.013101014904246634,0.012654831424357624,-0.021946874904246634
1.1,0.7,0.000718665,7.40053,1.00885,-0.0322277,0.0138065,0,0,7.7165,0.0135465,0.00293627,7.40053,0.000718665,0.0017794535326328886,0.013168899251855671,0.01202704646736711,-0.04539659925185567
1.12,0.8,0.000821331,7.43367,0.999787,-0.056418,0.0142,0,0,7.86472,0.0139844,0.00297324,7.43367,0.000821331,0.002042737378301519,0.015185035566958655,0.012157262621698481,-0.07160303556695866
1.14,0.8,0.000821331,7.47515,0.99632,-0.0669742,0.0144078,0,0,8.01359,0.0144302,0.0030155,7.47515,0.000821331,0.0020540983232669235,0.015354693081168744,0.012353701676733077,-0.08232889308116874
1.16,0.8,0.000821331,7.48315,0.997871,-0.054607,0.0146,0,0,8.16329,0.0148847,0.0030567,7.48315,0.000821331,0.0020562893690433287,0.015387521791956585,0.012543710630956672,-0.06999452179195659
1.18,0.71674,0.000735851,7.48586,1.00022,-0.0203414,0.0146,0,0,8.31315,0.0153458,0.00309688,7.48586,0.000735851,0.0018429459966758785,0.01379603571867609,0.012757054003324123,-0.03413743571867609
1.2,0.7,0.000718665,7.48887,0.997864,0.0244941,0.0149985,0,0,8.46307,0.0158128,0.00313256,7.48887,0.000718665,0.00180062480310122,0.013484645069200635,0.01319787519689878,0.011009454930799367
1.22,0.7,0.000718665,7.49161,0.987963,0.0630709,0.014424,0,0,8.61305,0.0162853,0.00316846,7.49161,0.000718665,0.0018012814227600432,0.013494497919563366,0.012622718577239955,0.049576402080436635
1.24,0.7,0.000718665,7.50269,0.97442,0.0809636,0.0136,0,0,8.76307,0.0167634,0.0032046,7.50269,0.000718665,0.0018039366340380002,0.013534377344830564,0.011796063365962,0.06742922265516943
1.26,0.7,0.000718665,7.51386,0.965876,0.0731244,0.0135961,0,0,8.91332,0.0172476,0.00324078,7.51386,0.000718665,0.0018066133732334605,0.01357463996060397,0.01178948662676654,0.059549760039396035
1.28,0.7,0.000718665,7.50338,0.96729,0.0440738,0.0124609,0,0,9.06379,0.0177379,0.00327702,7.50338,0.000718665,0.0018041019843467259,0.013536862747307535,0.010656798015653274,0.030536937252692468
1.3,0.7,0.000718665,7.52776,0.976864,0.00221853,0.0116003,0,0,9.21405,0.0182331,0.00331321,7.52776,0.000718665,0.001809944264220409,0.013624826034427825,0.00979035573577959,-0.011406296034427825
1.32,0.7,0.000718665,7.54693,0.990709,-0.04331,0.0112,0,0,9.3648,0.0187353,0.00334952,7.54693,0.000718665,0.0018145379166126028,0.01369419063902115,0.009385462083387397,-0.05700419063902115
1.34,0.7,0.000718665,7.58599,1.00589,-0.0811708,0.0113988,0,0,9.51594,0.0192443,0.00338592,7.58599,0.000718665,0.0018238973873458309,0.013836067341431599,0.00957490261265417,-0.0950068673414316
1.36,0.7,0.000718665,7.60002,1.02009,-0.099032,0.0116078,0,0,9.66786,0.0197614,0.0034225,7.60002,0.000718665,0.0018272591047829494,0.01388720574153251,0.00978054089521705,-0.11291920574153251
1.38,0.7,0.000718665,7.6026,1.03118,-0.0900359,0.0129033,0,0,9.82006,0.0202851,0.00345916,7.6026,0.000718665,0.0018278772896586067,0.013896619882358522,0.011075422710341393,-0.10393251988235852
1.4,0.7,0.000718665,7.62426,1.03691,-0.0581066,0.0135933,0,0,9.97232,0.0208146,0.00349583,7.62426,0.000718665,0.0018330670823292353,0.013975780033119495,0.011760232917670765,-0.0720823800331195
1.42,0.6,0.000615999,7.65014,1.03505,-0.017019,0.0144077,0,0,10.125,0.0213511,0.00353129,7.65014,0.000615999,0.001576516280609677,0.012060570258943314,0.012831183719390325,-0.029079570258943314
1.44,0.595454,0.000611331,7.66441,1.02443,0.0163871,0.0150091,0,0,10.2782,0.0218945,0.00356154,7.66441,0.000611331,0.0015674778434288071,0.012013792857954184,0.013441622156571192,0.004373307142045818
1.46,0.5,0.000513332,7.68587,1.00528,0.0312294,0.0160931,0,0,10.4317,0.0224435,0.00359167,7.68587,0.000513332,0.0013198767826900373,0.010144401367773878,0.014773223217309962,0.021084998632226123
1.48,0.5,0.000513332,7.69902,0.978839,0.0281684,0.0169202,0,0,10.5856,0.0229983,0.00361688,7.69902,0.000513332,0.0013221270933282104,0.010179082934075758,0.015598072906671789,0.017989317065924243
1.5,0.5,0.000513332,7.70815,0.947999,0.0180052,0.0166088,0,0,10.7398,0.023558,0.0036434,7.70815,0.000513332,0.0013236894525081166,0.010203196853350438,0.015285110547491883,0.007802003146649561
1.52,0.4,0.000410666,7.70302,0.919363,0.0152095,0.0149887,0,0,10.8942,0.0241224,0.00366863,7.70302,0.000410666,0.0010582502696557838,0.008151722992163896,0.013930449730344217,0.0070577770078361045
1.54,0.4,0.000410666,7.72046,0.903839,0.0303252,0.0139835,0,0,11.0484,0.0246898,0.00368853,7.72046,0.000410666,0.0010606377628034418,0.00818861142221346,0.012922862237196558,0.02213658857778654
1.56,0.303787,0.000311887,7.77116,0.912579,0.0644274,0.0130227,0,0,11.203,0.0252616,0.00370852,7.77116,0.000311887,0.0008107896356797426,0.006300775985208989,0.012211910364320257,0.058126624014791003
1.58,0.21495,0.000220681,7.74409,0.949506,0.107748,0.0127701,0,0,11.3586,0.0258398,0.00372231,7.74409,0.000220681,0.000571696831891695,0.004427271718884156,0.012198403168108305,0.10332072828111584
1.6,0.2,0.000205333,7.83152,1.00483,0.143106,0.012996,0,0,11.5137,0.0264178,0.00373239,7.83152,0.000205333,0.0005379201068750859,0.004212732075394373,0.012458079893124915,0.13889326792460563
1.62,0.10668,0.000109525,7.86823,1.05691,0.153811,0.0116401,0,0,11.6705,0.0270039,0.00374172,7.86823,0.000109525,0.00028826762377153316,0.0022681559653878903,0.011351832376228468,0.1515428440346121
1.64,0.1,0.000102666,7.85848,1.08673,0.132479,0.0117973,0,0,11.8281,0.0275939,0.00374615,7.85848,0.000102666,0.0002698812557753805,0.0021208564508857124,0.01152741874422462,0.1303581435491143
1.66,0.1,0.000102666,7.86387,1.09184,0.0835459,0.0141952,0,0,11.9855,0.0281839,0.00375148,7.86387,0.000102666,0.00027006568618874325,0.0021237614476490724,0.013925134313811257,0.08142213855235093
1.68,0.1,0.000102666,7.8847,1.08292,0.018021,0.0146,0,0,12.1429,0.0287752,0.00375689,7.8847,0.000102666,0.000270778416267234,0.00213500657874226,0.014329221583732767,0.015885993421257738
1.7,0.1,0.000102666,7.91381,1.07006,-0.0518533,0.014598,0,0,12.3009,0.0293689,0.00376233,7.91381,0.000102666,0.0002717744242781378,0.0021507711565965696,0.014326225575721862,-0.05400407115659657
1.72,0.1,0.000102666,7.90574,1.05582,-0.112891,0.0157742,0,0,12.4593,0.0299656,0.00376778,7.90574,0.000102666,0.0002714983107093603,0.002146395054907418,0.015502701689290639,-0.11503739505490743
1.74,0.1,0.000102666,7.92769,1.03685,-0.150986,0.0156039,0,0,12.6177,0.0305626,0.00377323,7.92769,0.000102666,0.0002722493186031522,0.0021583082005970236,0.015331650681396847,-0.15314430820059705
1.76,0.1,0.000102666,7.92781,1.00897,-0.156253,0.0150086,0,0,12.7764,0.0311621,0.00377869,7.92781,0.000102666,0.00027225342427733584,0.0021583734195201056,0.014736346575722665,-0.1584113734195201
1.78,0.1,0.000102666,7.93041,0.973105,-0.129224,0.0152197,0,0,12.9352,0.0317624,0.00378415,7.93041,0.000102666,0.00027234238038095613,0.0021597867367969385,0.014947357619619043,-0.13138378673679693
1.8,0.1,0.000102666,7.93884,0.937164,-0.0808419,0.0142065,0,0,13.094,0.0323638,0.00378962,7.93884,0.000102666,0.00027263080119908743,0.002164372309791363,0.013933869198800913,-0.08300627230979135
1.82,0.1,0.000102666,7.96355,0.910939,-0.0260242,0.0134054,0,0,13.253,0.0329666,0.00379508,7.96355,0.000102666,0.000273476199989035,0.0021778413924226797,0.013131923800010964,-0.028202041392422682
1.84,0.1,0.000102666,7.98331,0.900365,0.0241579,0.0132,0,0,13.4124,0.0335722,0.00380057,7.98331,0.000102666,0.0002741522240629545,0.0021886421918840254,0.012925847775937046,0.021969257808115976
1.86,0.1,0.000102666,8.00011,0.906083,0.0658475,0.0132,0,0,13.5723,0.0341801,0.00380607,8.00011,0.000102666,0.00027472696647809394,0.002197845951791064,0.012925273033521907,0.06364965404820894
1.88,0.1,0.000102666,8.01295,0.923963,0.0989653,0.0130254,0,0,13.7324,0.0347902,0.00381158,8.01295,0.000102666,0.00027516622464749513,0.002204893199789146,0.012750233775352504,0.09676040680021086
1.9,0.1,0.000102666,8.04373,0.947191,0.122079,0.0131911,0,0,13.8929,0.0354022,0.0038171,8.04373,0.000102666,0.000276219179982773,0.002221832504602831,0.012914880820017228,0.11985716749539717
1.92,0.1,0.000102666,8.07642,0.970038,0.13156,0.0126324,0,0,14.0539,0.0360175,0.00382264,8.07642,0.000102666,0.0002773374239504544,0.002239893517541929,0.012355062576049547,0.1293201064824581
1.94,0.1,0.000102666,8.09491,0.98841,0.124387,0.0124987,0,0,14.2157,0.0366361,0.00382821,8.09491,0.000102666,0.0002779698978717672,0.0022501413059811473,0.012220730102128232,0.12213685869401886
1.96,0.1,0.000102666,8.11358,0.998137,0.100691,0.0126065,0,0,14.3778,0.0372571,0.00383378,8.11358,0.000102666,0.0002786085118629546,0.0022605124496810312,0.012327891488137045,0.09843048755031897
1.98,0.1,0.000102666,8.12402,0.996062,0.0639621,0.0118666,0,0,14.5402,0.0378804,0.00383937,8.12402,0.000102666,0.0002789656082896452,0.0022663221810572433,0.011587634391710355,0.061695777818942754
2.0,0.104108,0.000106884,8.12216,0.982097,0.0203819,0.0122,0,0,14.7029,0.0385055,0.00384503,8.12216,0.000106884,0.00029036058773212125,0.002358355151254326,0.01190963941226788,0.018023544848745677
2.02,0.2,0.000205333,8.11949,0.959626,-0.0210383,0.0122,0,0,14.8655,0.0391314,0.00385225,8.11949,0.000205333,0.0005576240454577535,0.004527622860853776,0.011642375954542247,-0.025565922860853775
2.04,0.2,0.000205333,8.14155,0.935307,-0.0500585,0.0135871,0,0,15.0281,0.0397587,0.00386478,8.14155,0.000205333,0.0005591331359524381,0.004552210383013572,0.013027966864047561,-0.05461071038301357
2.06,0.3,0.000307999,8.16943,0.916968,-0.0602809,0.0144049,0,0,15.1911,0.0403897,0.0038774,8.16943,0.000307999,0.0008415590907741518,0.006875058082943079,0.013563340909225848,-0.06715595808294308
2.08,0.3,0.000307999,8.16681,0.909074,-0.0530769,0.0149811,0,0,15.3547,0.0410254,0.00389569,8.16681,0.000307999,0.0008412902606104547,0.0068706577132560676,0.014139809739389546,-0.05994755771325607
2.1,0.3,0.000307999,8.19438,0.910479,-0.0354825,0.0157982,0,0,15.5182,0.0416638,0.00391257,8.19438,0.000307999,0.0008441190824981932,0.006917032527241546,0.014954080917501805,-0.042399532527241546
2.12,0.3,0.000307999,8.19444,0.916638,-0.0148382,0.0163947,0,0,15.6823,0.0423071,0.00392951,8.19444,0.000307999,0.000844125238678996,0.006917133620840712,0.015550574761321006,-0.02175533362084071
2.14,0.3,0.000307999,8.20275,0.922109,0.00386167,0.0156062,0,0,15.8464,0.0429532,0.00394644,8.20275,0.000307999,0.0008449778645255974,0.006931142178237344,0.014761222135474403,-0.0030694721782373435
2.16,0.3,0.000307999,8.22484,0.921556,0.0176352,0.0145901,0,0,16.0106,0.0436028,0.00396339,8.22484,0.000307999,0.0008472443010686956,0.006968448817201851,0.013742855698931303,0.01066675118279815
2.18,0.3,0.000307999,8.21176,0.911961,0.0252292,0.0142,0,0,16.1753,0.0442569,0.00398039,8.21176,0.000307999,0.0008459023003812589,0.0069463466741788065,0.013354097699618742,0.018282853325821195
2.2,0.3,0.000307999,8.2166,0.89569,0.0274635,0.0136141,0,0,16.3397,0.0449127,0.00399736,8.2166,0.000307999,0.0008463988846612516,0.00695452107570764,0.012767701115338748,0.02050897892429236
2.22,0.3,0.000307999,8.26772,0.880095,0.0269503,0.0116517,0,0,16.5042,0.0455717,0.00401434,8.26772,0.000307999,0.0008516435850772913,0.007041150701215223,0.010800056414922708,0.019909149298784776
2.24,0.3,0.000307999,8.30208,0.872504,0.0267313,0.0106078,0,0,16.6697,0.0462376,0.00403143,8.30208,0.000307999,0.0008551685577953326,0.007099677780301475,0.009752631442204668,0.019631622219698525
2.26,0.3,0.000307999,8.311,0.875023,0.0286024,0.010995,0,0,16.836,0.0469091,0.00404859,8.311,0.000307999,0.0008560836263191256,0.007114911018338253,0.010138916373680874,0.021487488981661747
2.28,0.3,0.000307999,8.33418,0.883636,0.0314395,0.0119134,0,0,17.0023,0.0475842,0.00406576,8.33418,0.000307999,0.0008584615170838201,0.007154572806449632,0.01105493848291618,0.02428492719355037
2.3,0.3,0.000307999,8.33069,0.89139,0.0308645,0.0131664,0,0,17.1692,0.0482641,0.00408298,8.33069,0.000307999,0.0008581035050919063,0.007148594288834093,0.012308296494908093,0.023715905711165906
2.32,0.3,0.000307999,8.32516,0.89279,0.0224684,0.014209,0,0,17.336,0.0489465,0.0041002,8.32516,0.000307999,0.000857536221560604,0.007139126250287478,0.013351463778439395,0.015329273749712522
2.34,0.3,0.000307999,8.33909,0.886797,0.00576231,0.015,0,0,17.5027,0.0496314,0.0041174,8.33909,0.000307999,0.0008589651927148815,0.007162988048916742,0.014141034807285117,-0.001400678048916742
2.36,0.3,0.000307999,8.34713,0.876764,-0.0157135,0.015,0,0,17.6696,0.0503202,0.00413464,8.34713,0.000307999,0.0008597899408283887,0.007176778408786868,0.01414021005917161,-0.022890278408786865
2.38,0.3,0.000307999,8.36011,0.867421,-0.0362201,0.0157184,0,0,17.8368,0.0510126,0.00415189,8.36011,0.000307999,0.0008611214164125743,0.007199069764564927,0.014857278583587426,-0.043419169764564926
2.4,0.3,0.000307999,8.36111,0.861347,-0.0493616,0.0169908,0,0,18.0041,0.051709,0.00416916,8.36111,0.000307999,0.0008612239943611806,0.00720078855149321,0.01612957600563882,-0.05656238855149321
2.42,0.396161,0.000406725,8.38018,0.858137,-0.0514779,0.016423,0,0,18.1715,0.0524084,0.00418782,8.38018,0.000406725,0.001139863912799901,0.009552264764767475,0.015283136087200099,-0.061030164764767476
2.44,0.4,0.000410666,8.3778,0.856583,-0.0451703,0.0156,0,0,18.3393,0.053113,0.00421214,8.3778,0.000410666,0.0011505832265635999,0.009639356155504528,0.0144494167734364,-0.054809656155504524
2.46,0.5,0.000513332,8.38057,0.856041,-0.0381279,0.0141989,0,0,18.507,0.0538215,0.00423672,8.38057,0.000513332,0.0014387012332631472,0.012057136394448135,0.012760198766736853,-0.050185036394448136
2.48,0.5,0.000513332,8.39893,0.855984,-0.0374565,0.0126833,0,0,18.6748,0.0545349,0.00426702,8.39893,0.000513332,0.0014418399846567122,0.0121099131023328,0.011241460015343287,-0.0495664131023328
2.5,0.6,0.000615999,8.43556,0.856486,-0.0440925,0.0116117,0,0,18.8429,0.0552549,0.0042974,8.43556,0.000615999,0.0017377239730490448,0.014658674838093601,0.009873976026950957,-0.0587511748380936
2.52,0.6,0.000615999,8.44953,0.857837,-0.0512478,0.0115865,0,0,19.0118,0.0559837,0.00433371,8.44953,0.000615999,0.0017405896555035682,0.014707164511867063,0.00984591034449643,-0.06595496451186707
2.54,0.6,0.000615999,8.46089,0.857413,-0.0476262,0.0122,0,0,19.181,0.0567197,0.00436863,8.46089,0.000615999,0.0017429199013220527,0.01474665356389674,0.010457080098677948,-0.06237285356389674
2.56,0.6,0.000615999,8.46932,0.849666,-0.0236621,0.0127887,0,0,19.3504,0.0574627,0.0044036,8.46932,0.000615999,0.0017446490985248834,0.014775991503118764,0.011044050901475116,-0.03843809150311876
2.58,0.6,0.000615999,8.449,0.831336,0.0226609,0.0132,0,0,19.5199,0.0582123,0.0044386,8.449,0.000615999,0.0017404809370787575,0.014705323437378421,0.011459519062921242,0.00795557656262158
2.6,0.6,0.000615999,8.47161,0.804225,0.0838163,0.0132,0,0,19.6891,0.058966,0.00447352,8.47161,0.000615999,0.001745118829210428,0.014783966124727353,0.011454881170789572,0.06903233387527265
2.62,0.6,0.000615999,8.46967,0.77352,0.144657,0.0137957,0,0,19.8587,0.0597277,0.00450853,8.46967,0.000615999,0.0017447208915291723,0.014777210193357886,0.012050979108470828,0.1298797898066421
2.64,0.6,0.000615999,8.4912,0.746861,0.186955,0.0136,0,0,20.0282,0.0604951,0.00454353,8.4912,0.000615999,0.0017491371141777157,0.014852273063905817,0.011850862885822284,0.17210272693609419
2.66,0.6,0.000615999,8.50539,0.73263,0.196649,0.0136,0,0,20.1982,0.0612703,0.00457862,8.50539,0.000615999,0.0017520476813951663,0.014901848828861634,0.011847952318604834,0.18174715117113835
2.68,0.6,0.000615999,8.52869,0.735397,0.171649,0.0141151,0,0,20.3684,0.0620528,0.00461377,8.52869,0.000615999,0.0017568267015089787,0.01498343032089261,0.012358273298491021,0.15666556967910739
2.7,0.6,0.000615999,8.59628,0.753684,0.123394,0.0149947,0,0,20.5392,0.0628435,0.00464901,8.59628,0.000615999,0.0017706890061855896,0.01522133849009306,0.01322401099381441,0.10817266150990694
2.72,0.6,0.000615999,8.61606,0.78214,0.0690568,0.0144125,0,0,20.7112,0.0636466,0.00468453,8.61606,0.000615999,0.0017747454958336021,0.015291313676832065,0.012637754504166397,0.05376548632316794
2.74,0.6,0.000615999,8.61667,0.81379,0.0218686,0.0144,0,0,20.8837,0.0644576,0.00472014,8.61667,0.000615999,0.001774870592907157,0.015293474191785311,0.012625129407092843,0.006575125808214687
2.76,0.6,0.000615999,8.66047,0.840323,-0.0127598,0.0146,0,0,21.0562,0.0652749,0.00475575,8.66047,0.000615999,0.0017838526672412202,0.015449002509062571,0.01281614733275878,-0.02820880250906257
2.78,0.6,0.000615999,8.6508,0.854215,-0.0361524,0.0147454,0,0,21.2296,0.0661025,0.00479154,8.6508,0.000615999,0.0017818696904385348,0.015414598318045678,0.012963530309561466,-0.051566998318045676
2.8,0.7,0.000718665,8.63343,0.852873,-0.0533714,0.0161935,0,0,21.4028,0.0669355,0.00482878,8.63343,0.000718665,0.0020746908986552792,0.01791169864517745,0.01411880910134472,-0.07128309864517746
2.82,0.7,0.000718665,8.63605,0.838841,-0.0695178,0.0164,0,0,21.5756,0.0677738,0.00487189,8.63605,0.000718665,0.002075317733153585,0.017922547709401014,0.014324682266846417,-0.08744034770940101
2.84,0.7,0.000718665,8.6527,0.816727,-0.085849,0.0169981,0,0,21.7485,0.0686197,0.00491353,8.6527,0.000718665,0.0020793011835723183,0.017991569351096196,0.01491879881642768,-0.10384056935109619
2.86,0.7,0.000718665,8.67771,0.792112,-0.0967612,0.0170011,0,0,21.9217,0.0694744,0.00495525,8.67771,0.000718665,0.0020852845412483233,0.018095494516435984,0.014915815458751678,-0.11485669451643599
2.88,0.7,0.000718665,8.70324,0.770794,-0.0915337,0.0164307,0,0,22.0954,0.0703388,0.00499709,8.70324,0.000718665,0.002091392065159613,0.01820188707717975,0.014339307934840386,-0.10973558707717974
2.9,0.7,0.000718665,8.70835,0.755978,-0.0619935,0.0161942,0,0,22.2696,0.0712131,0.00503904,8.70835,0.000718665,0.002092614497937134,0.018223219463110837,0.014101585502062865,-0.08021671946311083
2.92,0.7,0.000718665,8.71108,0.747319,-0.00941954,0.0152131,0,0,22.4439,0.0720951,0.00508103,8.71108,0.000718665,0.002093267574503499,0.01823462130290594,0.0131198324254965,-0.02765416130290594
2.94,0.7,0.000718665,8.71391,0.74337,0.0548412,0.0135987,0,0,22.6183,0.0729848,0.00512302,8.71391,0.000718665,0.0020939445703770224,0.01824644453125404,0.011504755429622978,0.03659475546874596
2.96,0.7,0.000718665,8.71951,0.742968,0.113629,0.0134,0,0,22.7927,0.073882,0.00516503,8.71951,0.000718665,0.002095284200116159,0.01826985153575485,0.011304715799883841,0.09535914846424515
2.98,0.7,0.000718665,8.72472,0.74478,0.150287,0.0132193,0,0,22.9673,0.0747872,0.00520707,8.72472,0.000718665,0.0020965305237821753,0.01829164179145282,0.011122769476217825,0.1319953582085472
3.0,0.7,0.000718665,8.75557,0.747867,0.155104,0.0122006,0,0,23.1419,0.0757002,0.00524913,8.75557,0.000718665,0.002103910180213718,0.018420932856573827,0.010096689819786283,0.13668306714342615
3.02,0.7,0.000718665,8.76374,0.752211,0.129265,0.0127856,0,0,23.3172,0.0766239,0.00529134,8.76374,0.000718665,0.0021058644740788294,0.018455248726063602,0.01067973552592117,0.11080975127393639
3.04,0.7,0.000718665,8.76943,0.757425,0.0839824,0.0133979,0,0,23.4926,0.0775558,0.00533359,8.76943,0.000718665,0.0021072255282009495,0.018479166763771253,0.011290674471799052,0.06550323323622875
3.06,0.7,0.000718665,8.79174,0.76164,0.0349561,0.0146047,0,0,23.6681,0.0784958,0.00537586,8.79174,0.000718665,0.00211256198778708,0.018573095730507187,0.01249213801221292,0.01638300426949281
3.08,0.7,0.000718665,8.80483,0.762679,-0.00449851,0.015,0,0,23.8441,0.0794456,0.00541825,8.80483,0.000718665,0.0021156929750734232,0.01862831697771573,0.012884307024926576,-0.02312682697771573
3.1,0.7,0.000718665,8.82212,0.75948,-0.0275398,0.015,0,0,24.0204,0.0804043,0.0054607,8.82212,0.000718665,0.0021198284589758714,0.018701381044500216,0.012880171541024128,-0.046241181044500215
3.12,0.7,0.000718665,8.81121,0.752049,-0.0339823,0.015,0,0,24.197,0.0813724,0.00550323,8.81121,0.000718665,0.002117218979268595,0.01865526104232124,0.012882781020731404,-0.05263756104232124
3.14,0.7,0.000718665,8.81662,0.741607,-0.0282149,0.0150022,0,0,24.3733,0.0823467,0.00554571,8.81662,0.000718665,0.0021185129614865873,0.018678123746501876,0.012883687038513413,-0.04689302374650188
3.16,0.7,0.000718665,8.80851,0.730559,-0.016574,0.0152056,0,0,24.5498,0.0833292,0.00558821,8.80851,0.000718665,0.0021165731799787867,0.018643856021574944,0.013089026820021213,-0.03521785602157494
3.18,0.7,0.000718665,8.82148,0.721014,-0.00512721,0.0154,0,0,24.7261,0.0843182,0.00563067,8.82148,0.000718665,0.0021196753834869936,0.018698674001922842,0.013280324616513007,-0.023825884001922842
3.2,0.7,0.000718665,8.85489,0.713855,0.00184324,0.0154,0,0,24.9027,0.0853162,0.0056732,8.85489,0.000718665,0.0021276661970021996,0.018840250131172805,0.013272333802997801,-0.016997010131172805
3.22,0.7,0.000718665,8.90293,0.709195,0.00284331,0.015,0,0,25.0799,0.0863255,0.00571589,8.90293,0.000718665,0.0021391553944369894,0.019044750735794903,0.01286084460556301,-0.0162014407357949
3.24,0.7,0.000718665,8.91369,0.70648,-0.000755772,0.015,0,0,25.2581,0.0873479,0.0057588,8.91369,0.000718665,0.0021417286256307667,0.01909070503299871,0.012858271374369233,-0.01984647703299871
3.26,0.7,0.000718665,8.89185,0.704582,-0.0061053,0.0146032,0,0,25.4365,0.0883792,0.00580177,8.89185,0.000718665,0.002136505590176744,0.018997487232013083,0.012466694409823256,-0.025102787232013084
3.28,0.7,0.000718665,8.90198,0.702762,-0.0107655,0.0142544,0,0,25.6145,0.0894156,0.00584464,8.90198,0.000718665,0.0021389282018468144,0.019040696074276307,0.012115471798153185,-0.029806196074276307
3.3,0.7,0.000718665,8.87566,0.700769,-0.0135183,0.0145836,0,0,25.7927,0.0904608,0.00588755,8.87566,0.000718665,0.002132633635806832,0.018928531055985267,0.012450966364193168,-0.03244683105598527
3.32,0.7,0.000718665,8.90017,0.69771,-0.0140538,0.014996,0,0,25.9703,0.0915105,0.00593034,8.90017,0.000718665,0.002138495339230768,0.019032972063361502,0.012857504660769233,-0.033086772063361504
3.34,0.7,0.000718665,8.91741,0.692412,-0.0125191,0.0146,0,0,26.1485,0.0925708,0.00597324,8.91741,0.000718665,0.0021426182455538617,0.019106605369084463,0.012457381754446138,-0.03162570536908446
3.36,0.795188,0.000816391,8.94651,0.685099,-0.00941036,0.0149808,0,0,26.327,0.0936409,0.00601769,8.94651,0.000816391,0.002441882598928216,0.02184632709013727,0.012538917401071785,-0.03125668709013727
3.38,0.8,0.000821331,8.9447,0.677109,-0.00544963,0.0151659,0,0,26.506,0.0947229,0.00606822,8.9447,0.000821331,0.0024561638261794134,0.021969648576027,0.012709736173820586,-0.027419278576027
3.4,0.8,0.000821331,8.94167,0.66933,-0.00101638,0.0146,0,0,26.6851,0.0958137,0.00611757,8.94167,0.000821331,0.002455335737395995,0.021954801903001645,0.012144664262604006,-0.022971181903001646
3.42,0.8,0.000821331,8.95257,0.662327,0.00388892,0.0147851,0,0,26.864,0.0969129,0.00616683,8.95257,0.000821331,0.002458314652021345,0.022008234004246733,0.012326785347978656,-0.018119314004246732
3.44,0.8,0.000821331,8.94449,0.656959,0.00854506,0.0155957,0,0,27.0432,0.0980223,0.00621615,8.94449,0.000821331,0.002456106434016011,0.02196861943799187,0.01313959356598399,-0.01342355943799187
3.46,0.8,0.000821331,8.98045,0.653699,0.0111932,0.0156011,0,0,27.2222,0.0991396,0.00626542,8.98045,0.000821331,0.002465933879370563,0.02214519590699337,0.013135166120629437,-0.010951995906993368
3.48,0.8,0.000821331,8.99095,0.652025,0.0103307,0.0154,0,0,27.402,0.10027,0.0063149,8.99095,0.000821331,0.0024688032997640147,0.022196887028013267,0.012931196700235986,-0.011866187028013267
3.5,0.8,0.000821331,8.98345,0.650627,0.00592382,0.0150108,0,0,27.5819,0.101411,0.00636443,8.98345,0.000821331,0.0024667537186737923,0.022159958694020078,0.012544046281326207,-0.016236138694020078
3.52,0.8,0.000821331,9.01289,0.648189,-0.000418502,0.015,0,0,27.7617,0.10256,0.00641392,9.01289,0.000821331,0.0024747988666678025,0.02230508995740157,0.012525201133332197,-0.022723591957401573
3.54,0.7,0.000718665,9.03104,0.644859,-0.00631242,0.015,0,0,27.9421,0.103721,0.00646201,9.03104,0.000718665,0.0021697897728874867,0.01959545823053781,0.012830210227112513,-0.02590787823053781
3.56,0.7,0.000718665,9.06544,0.642632,-0.00998031,0.015,0,0,28.1228,0.104893,0.00650399,9.06544,0.000718665,0.002178014624831193,0.019744660900529693,0.012821985375168807,-0.029724970900529692
3.58,0.7,0.000718665,9.06404,0.642723,-0.0109366,0.0153615,0,0,28.3043,0.106077,0.00654769,9.06404,0.000718665,0.0021776799013636435,0.01973857773315612,0.013183820098636357,-0.030675177733156117
3.6,0.7,0.000718665,9.03889,0.643517,-0.00980524,0.0149956,0,0,28.4857,0.107269,0.00659138,9.03889,0.000718665,0.002171666704991924,0.019629456463084453,0.012823933295008076,-0.029434696463084453
3.62,0.7,0.000718665,9.03889,0.642926,-0.00772427,0.0144076,0,0,28.6666,0.108465,0.00663495,9.03889,0.000718665,0.002171666704991924,0.019629456463084453,0.012235933295008076,-0.027353726463084455
3.64,0.7,0.000718665,9.08314,0.641162,-0.00530367,0.0142,0,0,28.8475,0.109669,0.00667852,9.08314,0.000718665,0.002182246420718841,0.019821649753888133,0.01201775357928116,-0.025125319753888133
3.66,0.7,0.000718665,9.08611,0.639792,-0.00218105,0.0145995,0,0,29.0293,0.110887,0.0067223,9.08611,0.000718665,0.002182956489893738,0.019834582792388394,0.012416543510106261,-0.022015632792388395
3.68,0.7,0.000718665,9.0835,0.639647,0.00175973,0.0149774,0,0,29.2111,0.112114,0.0067661,9.0835,0.000718665,0.0021823324898909186,0.01982321717192416,0.012795067510109082,-0.01806348717192416
3.7,0.7,0.000718665,9.09166,0.64027,0.00507317,0.0152,0,0,29.3929,0.113348,0.00680988,9.09166,0.000718665,0.0021842833777159735,0.019858761813845206,0.013015716622284026,-0.014785591813845205
3.72,0.7,0.000718665,9.08894,0.640397,0.00572411,0.0153927,0,0,29.5748,0.114591,0.0068537,9.08894,0.000718665,0.0021836330846286963,0.01984691008820514,0.013209066915371305,-0.014122800088205139
3.74,0.7,0.000718665,9.10814,0.639074,0.00375442,0.0152079,0,0,29.7568,0.115842,0.00689752,9.10814,0.000718665,0.0021882233276810325,0.01993064441978472,0.013019676672318967,-0.01617622441978472
3.76,0.7,0.000718665,9.13056,0.636804,0.00194359,0.0154003,0,0,29.939,0.117103,0.00694142,9.13056,0.000718665,0.002193583212327083,0.020028643135145168,0.013206716787672917,-0.01808505313514517
3.78,0.7,0.000718665,9.14861,0.635383,0.00323855,0.0158,0,0,30.1218,0.118375,0.00698543,9.14861,0.000718665,0.002197898232152848,0.020107713745655866,0.013602101767847154,-0.016869163745655866
3.8,0.7,0.000718665,9.16901,0.635976,0.00811865,0.0144257,0,0,30.3049,0.119659,0.00702953,9.16901,0.000718665,0.002202774888946127,0.02019726498449593,0.012222925111053873,-0.012078614984495929
3.82,0.7,0.000718665,9.16389,0.637392,0.0139234,0.014,0,0,30.4884,0.120953,0.00707372,9.16389,0.000718665,0.002201550958921914,0.02017477081695494,0.011798449041078086,-0.006251370816954939
3.84,0.7,0.000718665,9.16624,0.636713,0.0161421,0.0142,0,0,30.6718,0.122254,0.00711789,9.16624,0.000718665,0.0022021127249454973,0.020185093743904415,0.011997887275054504,-0.004042993743904415
3.86,0.7,0.000718665,9.13202,0.631868,0.0112612,0.0140151,0,0,30.8552,0.123564,0.00716208,9.13202,0.000718665,0.0021939322435587405,0.020035033126823292,0.01182116775644126,-0.008773833126823291
3.88,0.7,0.000718665,9.14835,0.623936,-0.000963518,0.0136302,0,0,31.038,0.124877,0.00720609,9.14835,0.000718665,0.002197836077640149,0.02010657368087926,0.011432363922359851,-0.02107009168087926
3.9,0.7,0.000718665,9.1583,0.616518,-0.0173533,0.0139967,0,0,31.2211,0.1262,0.00725019,9.1583,0.000718665,0.002200214664302511,0.020150225960081685,0.01179648533569749,-0.037503525960081684
3.92,0.7,0.000718665,9.17718,0.612614,-0.0325169,0.014,0,0,31.4044,0.127533,0.00729433,9.17718,0.000718665,0.00220472789677897,0.02023318475976203,0.01179527210322103,-0.052750084759762034
3.94,0.7,0.000718665,9.18871,0.612826,-0.0410621,0.0143821,0,0,31.588,0.128877,0.00733857,9.18871,0.000718665,0.002207484055754486,0.020283930817951806,0.012174615944245515,-0.0613460308179518
3.96,0.7,0.000718665,9.2109,0.61586,-0.0403931,0.0151927,0,0,31.7719,0.13023,0.00738286,9.2109,0.000718665,0.002212788260839556,0.020381771391767067,0.012979911739160445,-0.06077487139176707
3.98,0.7,0.000718665,9.20854,0.618923,-0.0318024,0.0159443,0,0,31.9562,0.131596,0.00742725,9.20854,0.000718665,0.002212224145418763,0.020371354532054495,0.013732075854581239,-0.0521737545320545
4.0,0.7,0.000718665,9.23547,0.618463,-0.0186889,0.0158,0,0,32.1405,0.132968,0.00747164,9.23547,0.000718665,0.002218661146606645,0.020490378459651272,0.013581338853393356,-0.03917927845965127
4.02,0.7,0.000718665,9.21947,0.612537,-0.0043808,0.0154016,0,0,32.3254,0.134354,0.00751615,9.21947,0.000718665,0.0022148367464053906,0.020419620938382104,0.01318676325359461,-0.024800420938382105
4.04,0.7,0.000718665,9.23899,0.602316,0.00822597,0.0147946,0,0,32.5099,0.135744,0.00756059,9.23899,0.000718665,0.002219502501190714,0.020505961413475993,0.012575097498809286,-0.012279991413475992
4.06,0.7,0.000718665,9.24693,0.59127,0.0168046,0.0147867,0,0,32.6948,0.137146,0.00760512,9.24693,0.000718665,0.0022214003115860626,0.020541133183214513,0.012565299688413937,-0.0037365331832145132
4.08,0.7,0.000718665,9.25511,0.583298,0.0210694,0.0138763,0,0,32.8798,0.138558,0.00764969,9.25511,0.000718665,0.0022233554606527926,0.020577399357442266,0.011652944539347208,0.0004920006425577321
4.1,0.7,0.000718665,9.2394,0.580575,0.0232481,0.0132,0,0,33.065,0.139979,0.0076943,9.2394,0.000718665,0.0022196004995621893,0.020507776855654893,0.010980399500437811,0.002740323144345108
4.12,0.7,0.000718665,9.26937,0.582474,0.0256634,0.013399,0,0,33.2499,0.141406,0.00773883,9.26937,0.000718665,0.0022267637627931807,0.020640697219922226,0.011172236237206819,0.005022702780077774
4.14,0.7,0.000718665,9.29702,0.58642,0.0282186,0.0136079,0,0,33.4354,0.142845,0.00778351,9.29702,0.000718665,0.0022333721991453013,0.02076370600289785,0.011374527800854697,0.0074548939971021515
4.16,0.7,0.000718665,9.28644,0.589261,0.0283039,0.013989,0,0,33.6215,0.144298,0.00782832,9.28644,0.000718665,0.0022308435816823105,0.020716595070677878,0.011758156418317688,0.007587304929322122
4.18,0.790145,0.000811213,9.28611,0.588732,0.0224231,0.0147606,0,0,33.8073,0.145757,0.00787452,9.28611,0.000811213,0.0025180374986301223,0.023382773196404166,0.012242562501369878,-0.0009596731964041649
4.2,0.8,0.000821331,9.29987,0.585056,0.00906352,0.015393,0,0,33.9931,0.147225,0.00792664,9.29987,0.000821331,0.0025532026204811114,0.023744452454133674,0.012839797379518889,-0.014680932454133674
4.22,0.8,0.000821331,9.33232,0.580652,-0.00902779,0.0154,0,0,34.1793,0.148705,0.00797802,9.33232,0.000821331,0.0025620657363234337,0.023910017312405905,0.012837934263676567,-0.032937807312405906
4.24,0.8,0.000821331,9.33882,0.577549,-0.0260625,0.0165807,0,0,34.366,0.1502,0.00802943,9.33882,0.000821331,0.0025638410335674816,0.023943249921100668,0.01401685896643252,-0.05000574992110067
4.26,0.8,0.000821331,9.33889,0.575681,-0.0365514,0.0168049,0,0,34.5529,0.151705,0.00808087,9.33889,0.000821331,0.0025638601520490676,0.023943607935369517,0.014241039847950934,-0.060495007935369514
4.28,0.8,0.000821331,9.35693,0.573782,-0.037405,0.0160548,0,0,34.7398,0.15322,0.00813231,9.35693,0.000821331,0.002568787183846972,0.024035961864153247,0.01348601281615303,-0.06144096186415325
4.3,0.8,0.000821331,9.36104,0.570957,-0.0283379,0.016,0,0,34.927,0.154748,0.00818385,9.36104,0.000821331,0.0025699096743276115,0.024057027257767743,0.013430090325672389,-0.052394927257767746
4.32,0.7,0.000718665,9.35555,0.567483,-0.0117699,0.0153998,0,0,35.1144,0.156286,0.0082338,9.35555,0.000718665,0.002247360055809347,0.021025289370127136,0.013152439944190653,-0.03279518937012714
4.34,0.7,0.000718665,9.34758,0.564903,0.00771873,0.0141861,0,0,35.3016,0.157831,0.00827728,9.34758,0.000718665,0.002245455416358399,0.020989574140843445,0.0119406445836416,-0.013270844140843445
4.36,0.7,0.000718665,9.36875,0.564961,0.0251194,0.0136116,0,0,35.4886,0.159384,0.00832234,9.36875,0.000718665,0.0022505144847432303,0.02108450757893814,0.01136108551525677,0.004034892421061861
4.38,0.7,0.000718665,9.37196,0.567932,0.0370285,0.0132327,0,0,35.6761,0.160949,0.00836749,9.37196,0.000718665,0.0022512815740402294,0.021098920860642068,0.01098141842595977,0.01592957913935793
4.4,0.7,0.000718665,9.39442,0.572485,0.0420381,0.0128004,0,0,35.8637,0.162522,0.00841266,9.39442,0.000718665,0.0022566486947200697,0.02119990563065212,0.01054375130527993,0.020838194369347883
4.42,0.7,0.000718665,9.41876,0.577124,0.0399961,0.013567,0,0,36.0517,0.164108,0.00845794,9.41876,0.000718665,0.0022624648397800446,0.021309613334326693,0.011304535160219955,0.018686486665673307
4.44,0.7,0.000718665,9.41121,0.58114,0.0318663,0.0142,0,0,36.2401,0.165707,0.00850334,9.41121,0.000718665,0.002260660760922478,0.021275553159801237,0.011939339239077522,0.010590746840198763
4.46,0.7,0.000718665,9.41389,0.584346,0.0195341,0.0148012,0,0,36.4285,0.167312,0.0085487,9.41389,0.000718665,0.002261301151785875,0.02128764029978553,0.012539898848214125,-0.001753540299785531
4.48,0.7,0.000718665,9.41647,0.586789,0.00511775,0.0157476,0,0,36.6169,0.168927,0.00859407,9.41647,0.000718665,0.0022619176447576514,0.021299279644331082,0.013485682355242348,-0.01618152964433108
4.5,0.7,0.000718665,9.44381,0.588886,-0.00897185,0.0154086,0,0,36.8053,0.170551,0.00863945,9.44381,0.000718665,0.0022684503951062324,0.021422814525808187,0.013140149604893767,-0.030394664525808187
4.52,0.7,0.000718665,9.45266,0.590565,-0.0196174,0.0152,0,0,36.9943,0.172188,0.00868497,9.45266,0.000718665,0.002270564992309276,0.0214628788802022,0.012929435007690724,-0.0410802788802022
4.54,0.7,0.000718665,9.43337,0.590197,-0.023472,0.0153993,0,0,37.1835,0.173835,0.00873053,9.43337,0.000718665,0.0022659558468777377,0.021375599907261046,0.013133344153122261,-0.044847599907261046
4.56,0.7,0.000718665,9.46657,0.586408,-0.0184785,0.0156,0,0,37.3722,0.175488,0.008776,9.46657,0.000718665,0.0022738885499579433,0.021525925130375368,0.013326111450042056,-0.040004425130375366
4.58,0.7,0.000718665,9.46409,0.58021,-0.00573852,0.0154268,0,0,37.5617,0.177155,0.00882162,9.46409,0.000718665,0.0022732960018747492,0.021514677958382796,0.01315350399812525,-0.027253197958382797
4.6,0.7,0.000718665,9.45566,0.573344,0.00999282,0.0148046,0,0,37.7511,0.17883,0.00886724,9.45566,0.000718665,0.0022712817977936757,0.02147646844412575,0.012533318202206323,-0.01148364844412575
4.62,0.7,0.000718665,9.44221,0.566185,0.0222516,0.0148,0,0,37.9403,0.180512,0.00891281,9.44221,0.000718665,0.002268068091696585,0.02141557521609841,0.012531931908303415,0.0008360247839015907
4.64,0.7,0.000718665,9.44981,0.558848,0.0260606,0.0149918,0,0,38.1292,0.1822,0.00895832,9.44981,0.000718665,0.0022698840237560212,0.021449972746529884,0.012721915976243978,0.0046106272534701155
4.66,0.7,0.000718665,9.46916,0.552761,0.0201312,0.0148057,0,0,38.3183,0.183899,0.00900387,9.46916,0.000718665,0.0022745073777789802,0.021537674281369608,0.01253119262222102,-0.0014064742813696095
4.68,0.7,0.000718665,9.4876,0.549875,0.00677961,0.015,0,0,38.5078,0.185609,0.0090495,9.4876,0.000718665,0.0022789131627873353,0.021621416523261123,0.012721086837212663,-0.014841806523261123
4.7,0.7,0.000718665,9.51373,0.55113,-0.00948231,0.015,0,0,38.6977,0.187332,0.00909523,9.51373,0.000718665,0.002285156049954771,0.021740357667136206,0.012714843950045228,-0.031222667667136206
4.72,0.7,0.000718665,9.54339,0.555599,-0.0230657,0.0153862,0,0,38.8881,0.189068,0.00914108,9.54339,0.000718665,0.00229224197829353,0.02187575917322669,0.01309395802170647,-0.04494145917322669
4.74,0.7,0.000718665,9.53071,0.559998,-0.0284044,0.0150084,0,0,39.079,0.190818,0.00918708,9.53071,0.000718665,0.0022892127038273593,0.02181782240849445,0.01271918729617264,-0.05022222240849445
4.76,0.7,0.000718665,9.55541,0.560206,-0.0222807,0.0144046,0,0,39.2697,0.192574,0.00923301,9.55541,0.000718665,0.0022951135174993083,0.021930750656248065,0.012109486482500691,-0.04421145065624807
4.78,0.7,0.000718665,9.57352,0.554457,-0.00627927,0.0145712,0,0,39.461,0.194344,0.00927906,9.57352,0.000718665,0.0022994398274477808,0.02201373317686788,0.012271760172552219,-0.02829300317686788
4.8,0.7,0.000718665,9.54764,0.544144,0.0133112,0.0149944,0,0,39.6525,0.196126,0.00932521,9.54764,0.000718665,0.0022932572962643697,0.021895195092105545,0.012701142703735631,-0.008583995092105544
4.82,0.7,0.000718665,9.56381,0.532176,0.0285282,0.015,0,0,39.8436,0.197912,0.00937122,9.56381,0.000718665,0.0022971202156320445,0.021969221289463905,0.012702879784367955,0.006558978710536095
4.84,0.7,0.000718665,9.55844,0.521653,0.0339627,0.015,0,0,40.035,0.19971,0.00941731,9.55844,0.000718665,0.0022958373654815936,0.02194462370771388,0.012704162634518406,0.012018076292286118
4.86,0.7,0.000718665,9.56376,0.514766,0.0293041,0.0148094,0,0,40.2262,0.201516,0.00946338,9.56376,0.000718665,0.0022971082710849583,0.02196899219867148,0.012512291728915041,0.007335107801328518
4.88,0.7,0.000718665,9.58157,0.51209,0.0181244,0.0144342,0,0,40.4176,0.203331,0.00950947,9.58157,0.000718665,0.002301362854562215,0.022050669286387683,0.012132837145437784,-0.003926269286387684
4.9,0.7,0.000718665,9.59166,0.512987,0.00493732,0.0147998,0,0,40.6093,0.205159,0.00955565,9.59166,0.000718665,0.002303773170607982,0.022097008969593754,0.012496026829392017,-0.017159688969593752
4.92,0.7,0.000718665,9.58629,0.516135,-0.00673418,0.0144128,0,0,40.8012,0.206997,0.00960187,9.58629,0.000718665,0.0023024903811954536,0.022072340516350163,0.012110309618804545,-0.028806520516350163
4.94,0.7,0.000718665,9.56961,0.519872,-0.015079,0.0149928,0,0,40.9931,0.208844,0.00964807,9.56961,0.000718665,0.002298505776210681,0.021995803861083497,0.012694294223789319,-0.0370748038610835
4.96,0.7,0.000718665,9.59703,0.522929,-0.0196515,0.0154,0,0,41.1846,0.210696,0.00969419,9.59703,0.000718665,0.002305055948289157,0.02212169108740949,0.013094944051710843,-0.04177319108740949
4.98,0.7,0.000718665,9.59979,0.52466,-0.0203246,0.0146578,0,0,41.3766,0.212562,0.00974045,9.59979,0.000718665,0.002305715248452797,0.022134382184944675,0.012352084751547204,-0.04245898218494468
5.0,0.7,0.000718665,9.60274,0.524179,-0.0168752,0.0147972,0,0,41.5687,0.214437,0.00978671,9.60274,0.000718665,0.0023064199317927117,0.022147950935823144,0.012490780068207289,-0.03902315093582315
5.02,0.7,0.000718665,9.6055,0.520134,-0.0100186,0.0147198,0,0,41.7608,0.216322,0.00983299,9.6055,0.000718665,0.0023070792255387674,0.02216064950091263,0.012412720774461233,-0.03217924950091263
5.04,0.7,0.000718665,9.60281,0.511683,-0.00231024,0.0144,0,0,41.953,0.218217,0.00987928,9.60281,0.000718665,0.0023064366530492577,0.022148272956267943,0.012093563346950742,-0.02445851295626794
5.06,0.7,0.000718665,9.60278,0.499683,0.00317784,0.014797,0,0,42.1452,0.22012,0.00992556,9.60278,0.000718665,0.0023064294867966963,0.02214813494722158,0.012490570513203302,-0.018970294947221578
5.08,0.7,0.000718665,9.59476,0.487346,0.0048284,0.015,0,0,42.3373,0.222031,0.00997184,9.59476,0.000718665,0.0023045136954683945,0.022111255824732334,0.012695486304531605,-0.017282855824732334
5.1,0.7,0.000718665,9.63378,0.479042,0.00244018,0.0150084,0,0,42.5293,0.22395,0.0100181,9.63378,0.000718665,0.002313834418727502,0.022290971746448635,0.012694565581272497,-0.019850791746448635
5.12,0.7,0.000718665,9.65246,0.477498,-0.00380327,0.0153927,0,0,42.7221,0.225886,0.0100645,9.65246,0.000718665,0.002318296297885423,0.022377262283487128,0.013074403702114577,-0.02618053228348713
5.14,0.7,0.000718665,9.64722,0.482299,-0.0133395,0.0149985,0,0,42.9152,0.227834,0.010111,9.64722,0.000718665,0.002317044693081019,0.022353039903985072,0.012681455306918981,-0.03569253990398508
5.16,0.7,0.000718665,9.64726,0.490886,-0.0241934,0.0150008,0,0,43.1082,0.229791,0.0101575,9.64726,0.000718665,0.002317054247358724,0.02235322475837392,0.012683745752641275,-0.04654662475837392
5.18,0.7,0.000718665,9.67815,0.500257,-0.0322177,0.0159184,0,0,43.3013,0.231756,0.010204,9.67815,0.000718665,0.002324432342663901,0.022496204877152638,0.013593967657336097,-0.054713904877152636
5.2,0.7,0.000718665,9.70232,0.507341,-0.0321696,0.0156082,0,0,43.4949,0.233737,0.0102507,9.70232,0.000718665,0.0023302050888476824,0.022608395437628645,0.013277994911152316,-0.054777995437628645
5.22,0.6,0.000615999,9.69149,0.508804,-0.0205443,0.015,0,0,43.6891,0.235731,0.0102957,9.69149,0.000615999,0.001995102858744203,0.019335519404490853,0.013004897141255797,-0.039879819404490854
5.24,0.6,0.000615999,9.68341,0.502731,0.00139598,0.0151962,0,0,43.883,0.237731,0.0103341,9.68341,0.000615999,0.00199344871689914,0.019303381239708303,0.013202751283100861,-0.0179074012397083
5.26,0.6,0.000615999,9.66951,0.491163,0.0267667,0.0148019,0,0,44.0767,0.239738,0.0103741,9.66951,0.000615999,0.001990603047838875,0.01924815607710848,0.012811296952161124,0.007518543922891519
5.28,0.6,0.000615999,9.68488,0.479489,0.0462425,0.0142279,0,0,44.2702,0.241749,0.010414,9.68488,0.000615999,0.0019937496577820167,0.0193092261856599,0.012234150342217982,0.0269332738143401
5.3,0.5,0.000513332,9.68338,0.472703,0.0531497,0.014597,0,0,44.464,0.243771,0.0104524,9.68338,0.000513332,0.0016612004637744716,0.01608603534690444,0.012935799536225529,0.03706366465309556
5.32,0.5,0.000513332,9.69144,0.472818,0.0463724,0.0142209,0,0,44.6578,0.245799,0.0104841,9.69144,0.000513332,0.0016625755020054044,0.016112750723155256,0.012558324497994596,0.030259649276844745
5.34,0.5,0.000513332,9.68341,0.478678,0.0297285,0.0136075,0,0,44.8517,0.247835,0.0105174,9.68341,0.000513332,0.0016612055818181148,0.016086134743033352,0.011946294418181885,0.01364236525696665
5.36,0.5,0.000513332,9.68333,0.486745,0.00909238,0.0136,0,0,45.0454,0.249876,0.0105507,9.68333,0.000513332,0.001661191933701147,0.016085869687366326,0.011938808066298852,-0.006993489687366326
5.38,0.5,0.000513332,9.69106,0.493034,-0.0105704,0.0139724,0,0,45.2392,0.251924,0.0105841,9.69106,0.000513332,0.0016625106743284514,0.016111490695557482,0.012309889325671548,-0.026681890695557483
5.4,0.5,0.000513332,9.70552,0.495491,-0.0262823,0.0136005,0,0,45.4331,0.25398,0.0106174,9.70552,0.000513332,0.0016649775081388127,0.016159472504791408,0.011935522491861188,-0.042441772504791406
5.42,0.5,0.000513332,9.71363,0.494626,-0.0361743,0.0143745,0,0,45.6273,0.256045,0.0106508,9.71363,0.000513332,0.0016663610235777007,0.01618641442945506,0.0127081389764223,-0.05236071442945506
5.44,0.5,0.000513332,9.71114,0.491917,-0.0387803,0.0151968,0,0,45.8216,0.258118,0.0106843,9.71114,0.000513332,0.0016659362471592239,0.016178140127237825,0.013530863752840776,-0.05495844012723782
5.46,0.5,0.000513332,9.73312,0.48793,-0.0337131,0.0150037,0,0,46.016,0.260198,0.0107177,9.73312,0.000513332,0.0016696858169071196,0.01625125241825502,0.013334014183092881,-0.049964352418255024
5.48,0.5,0.000513332,9.73333,0.482334,-0.022435,0.0142145,0,0,46.2107,0.262288,0.0107512,9.73333,0.000513332,0.0016697216401355647,0.016251951731580696,0.012544778359864435,-0.038686951731580696
5.5,0.5,0.000513332,9.75796,0.475024,-0.0079353,0.0135849,0,0,46.4055,0.264385,0.0107847,9.75796,0.000513332,0.0016739231028182768,0.016334074680376634,0.011910976897181723,-0.024269374680376633
5.52,0.5,0.000513332,9.74173,0.466365,0.00622947,0.013089,0,0,46.6007,0.266494,0.0108183,9.74173,0.000513332,0.0016711545586100265,0.016279936498248056,0.011417845441389973,-0.010050466498248055
5.54,0.5,0.000513332,9.73621,0.457273,0.0168195,0.0134,0,0,46.7956,0.268607,0.0108518,9.73621,0.000513332,0.0016702129288138302,0.016261543819646503,0.01172978707118617,0.0005579561803534978
5.56,0.5,0.000513332,9.74675,0.449854,0.0214223,0.0134,0,0,46.9904,0.270724,0.0108854,9.74675,0.000513332,0.001672010888046793,0.01629667212307008,0.011727989111953208,0.005125627876929918
5.58,0.5,0.000513332,9.78316,0.446952,0.018688,0.0136,0,0,47.1854,0.27285,0.0109189,9.78316,0.000513332,0.0016782216123361988,0.016418310548943008,0.011921778387663801,0.002269689451056992
5.6,0.5,0.000513332,9.79158,0.449854,0.00909332,0.013003,0,0,47.3812,0.274991,0.0109526,9.79158,0.000513332,0.0016796578184460724,0.016446503901940194,0.011323342181553928,-0.007353183901940194
5.62,0.5,0.000513332,9.77797,0.456782,-0.0042721,0.0136053,0,0,47.5771,0.27714,0.0109863,9.77797,0.000513332,0.0016773363394352744,0.016400944406907928,0.011927963660564726,-0.02067304440690793
5.64,0.5,0.000513332,9.80649,0.464348,-0.016543,0.0144119,0,0,47.7727,0.279292,0.0110199,9.80649,0.000513332,0.0016822009774430833,0.01649648706328582,0.012729699022556917,-0.03303948706328582
5.66,0.5,0.000513332,9.8354,0.470015,-0.0229587,0.0151909,0,0,47.9689,0.281458,0.0110537,9.8354,0.000513332,0.0016871318909661554,0.016593617000408525,0.013503768109033846,-0.039552317000408524
5.68,0.5,0.000513332,9.84449,0.472897,-0.0205735,0.0151967,0,0,48.1657,0.283637,0.0110876,9.84449,0.000513332,0.0016886822374839836,0.016624215400088703,0.013508017762516016,-0.037197715400088704
5.7,0.5,0.000513332,9.85499,0.473236,-0.00965422,0.0145943,0,0,48.3627,0.285824,0.0111214,9.85499,0.000513332,0.001690473036134827,0.01665959486637836,0.012903826963865172,-0.026313814866378363
5.72,0.5,0.000513332,9.81711,0.471867,0.0063424,0.0140092,0,0,48.5599,0.288021,0.0111554,9.81711,0.000513332,0.001684012362310888,0.016532134602165842,0.012325187637689111,-0.010189734602165842
5.74,0.5,0.000513332,9.84161,0.470089,0.0226003,0.0138,0,0,48.7563,0.290215,0.0111892,9.84161,0.000513332,0.0016881910412519072,0.01661451783349518,0.012111808958748093,0.005985782166504819
5.76,0.6,0.000615999,9.81668,0.469401,0.0347577,0.0147998,0,0,48.9532,0.292422,0.0112247,9.81668,0.000615999,0.002020728871107517,0.01983684869442374,0.012779071128892483,0.014920851305576261
5.78,0.6,0.000615999,9.8244,0.470505,0.0398865,0.015,0,0,49.1496,0.294631,0.011267,9.8244,0.000615999,0.0020223089493382976,0.01986797204187917,0.012977691050661702,0.020018527958120827
5.8,0.6,0.000615999,9.85789,0.472505,0.0373142,0.015,0,0,49.3462,0.29685,0.0113075,9.85789,0.000615999,0.002029163213128973,0.02000326774707197,0.012970836786871026,0.01731093225292803
5.82,0.6,0.000615999,9.85282,0.473511,0.0289349,0.015,0,0,49.5434,0.299084,0.0113483,9.85282,0.000615999,0.002028125582365313,0.019982756300440604,0.012971874417634687,0.008952143699559396
5.84,0.6,0.000615999,9.85549,0.471666,0.0179449,0.015,0,0,49.7406,0.301325,0.011389,9.85549,0.000615999,0.0020286720281160395,0.019993556886377346,0.01297132797188396,-0.002048656886377346
5.86,0.6,0.000615999,9.88512,0.465968,0.00656864,0.0158127,0,0,49.9378,0.303575,0.0114297,9.88512,0.000615999,0.002034735971801491,0.020113609249574355,0.013777964028198508,-0.013544969249574355
5.88,0.6,0.000615999,9.88349,0.457864,-0.00488649,0.015046,0,0,50.1355,0.30584,0.0114705,9.88349,0.000615999,0.0020344023914570745,0.020106995691942083,0.013011597608542926,-0.024993485691942083
5.9,0.5,0.000513332,9.90519,0.450652,-0.0171672,0.0140064,0,0,50.3333,0.308112,0.0115096,9.90519,0.000513332,0.0016990343039596505,0.01682925759723809,0.01230736569604035,-0.033996457597238086
5.92,0.5,0.000513332,9.88039,0.445016,-0.0310961,0.0135985,0,0,50.5315,0.310397,0.011542,9.88039,0.000513332,0.0016948049272255915,0.016745333654910464,0.011903695072774409,-0.04784143365491046
5.94,0.5,0.000513332,9.83711,0.439563,-0.0465066,0.013209,0,0,50.7292,0.312682,0.011576,9.83711,0.000513332,0.0016874235421910396,0.016599371001122895,0.011521576457808961,-0.06310597100112289
5.96,0.5,0.000513332,9.83067,0.435851,-0.0606181,0.0124,0,0,50.926,0.314964,0.0116099,9.83067,0.000513332,0.0016863251552645877,0.016577706114104925,0.010713674844735411,-0.07719580611410493
5.98,0.5,0.000513332,9.82501,0.435435,-0.0678768,0.0131896,0,0,51.1227,0.317251,0.0116437,9.82501,0.000513332,0.0016853597925855245,0.016558676815750704,0.011504240207414475,-0.0844354768157507
6.0,0.5,0.000513332,9.85518,0.435675,-0.0629604,0.0137949,0,0,51.3192,0.319543,0.0116775,9.85518,0.000513332,0.0016905054407598472,0.016660235409667632,0.012104394559240153,-0.07962063540966763
6.02,0.5,0.000513332,9.85827,0.433719,-0.0446268,0.0141899,0,0,51.5164,0.321849,0.0117115,9.85827,0.000513332,0.0016910324407806668,0.016670654379974822,0.012498867559219333,-0.061297454379974824
6.04,0.4,0.000410666,9.87502,0.42899,-0.0171092,0.0143997,0,0,51.7137,0.324162,0.0117437,9.87502,0.000410666,0.0013551125622519279,0.013381763654489032,0.013044587437748072,-0.030490963654489035
6.06,0.4,0.000410666,9.8999,0.422052,0.0116529,0.0143985,0,0,51.9112,0.326485,0.0117692,9.8999,0.000410666,0.001358507013127245,0.013449083579258414,0.013039992986872754,-0.0017961835792584136
6.08,0.305322,0.000313464,9.92163,0.415759,0.0339684,0.0146,0,0,52.1093,0.328819,0.0117948,9.92163,0.000313464,0.0010392199914188028,0.010310756243460537,0.013560780008581198,0.023657643756539466
6.1,0.3,0.000307999,9.8977,0.414322,0.0460927,0.0138154,0,0,52.3078,0.331162,0.011814,9.8977,0.000307999,0.0010186534713049927,0.010082326462935427,0.012796746528695007,0.03601037353706457
6.12,0.3,0.000307999,9.91938,0.420199,0.0492358,0.0130036,0,0,52.5058,0.333504,0.0118343,9.91938,0.000307999,0.00102087178463979,0.010126415163120241,0.01198272821536021,0.039109384836879764
6.14,0.3,0.000307999,9.83963,0.434798,0.0473177,0.0126,0,0,52.7043,0.335855,0.0118548,9.83963,0.000307999,0.001012711290908133,0.009964704399358393,0.011587288709091866,0.037352995600641606
6.16,0.3,0.000307999,9.88175,0.457621,0.0430038,0.0126,0,0,52.9011,0.33819,0.0118751,9.88175,0.000307999,0.0010170214017585916,0.010049951236827963,0.011582978598241409,0.03295384876317204
6.18,0.3,0.000307999,10.05,0.482691,0.0354876,0.0133558,0,0,53.0989,0.34054,0.0118956,10.05,0.000307999,0.001034235119072631,0.010394062946679942,0.012321564880927368,0.02509353705332006
6.2,0.3,0.000307999,10.0223,0.502488,0.022023,0.0136,0,0,53.2999,0.342935,0.0119163,10.0223,0.000307999,0.0010314014752571834,0.010337015005470069,0.012568598524742815,0.011685984994529932
6.22,0.3,0.000307999,9.93342,0.512764,0.00135833,0.0140161,0,0,53.5005,0.345326,0.011937,9.93342,0.000307999,0.001022308322456685,0.010155017936457685,0.012993791677543314,-0.008796687936457685
6.24,0.3,0.000307999,9.93884,0.509258,-0.0245325,0.0149914,0,0,53.6992,0.347701,0.0119575,9.93884,0.000307999,0.0010228628738385196,0.010166070445021233,0.01396853712616148,-0.03469857044502123
6.26,0.3,0.000307999,9.92517,0.48922,-0.0515471,0.0150094,0,0,53.8981,0.350081,0.0119781,9.92517,0.000307999,0.0010214642073195098,0.010138205906561379,0.01398793579268049,-0.06168530590656138
6.28,0.3,0.000307999,9.95431,0.458638,-0.0745712,0.0153674,0,0,54.0967,0.352462,0.0119986,9.95431,0.000307999,0.0010244456693569728,0.010197649770936807,0.014342954330643027,-0.08476884977093681
6.3,0.3,0.000307999,9.98792,0.428901,-0.0876747,0.0152104,0,0,54.2958,0.354854,0.0120191,9.98792,0.000307999,0.001027884289194258,0.010266426049729114,0.014182515710805742,-0.09794112604972911
6.32,0.3,0.000307999,9.9779,0.407015,-0.0858765,0.0148047,0,0,54.4957,0.357258,0.0120397,9.9779,0.000307999,0.0010268591701469807,0.010245898113809559,0.01377784082985302,-0.09612239811380956
6.34,0.3,0.000307999,9.98572,0.393796,-0.0679274,0.0143907,0,0,54.6953,0.359663,0.0120603,9.98572,0.000307999,0.0010276592147158363,0.010261917173572221,0.013363040785284164,-0.07818931717357222
6.36,0.207611,0.000213147,9.95148,0.387786,-0.0368564,0.014,0,0,54.8951,0.362075,0.0120794,9.95148,0.000213147,0.0007087549045259781,0.007053160257292181,0.013291245095474023,-0.04390956025729218
6.38,0.2,0.000205333,9.97581,0.387312,0.00200341,0.0134258,0,0,55.0942,0.364481,0.0120919,9.97581,0.000205333,0.0006844313294790319,0.006827756900930221,0.012741368670520968,-0.004824346900930221
6.4,0.2,0.000205333,9.96419,0.390901,0.0424638,0.0124151,0,0,55.2937,0.366896,0.0121055,9.96419,0.000205333,0.0006836387696094485,0.0068119065917547714,0.011731461230390552,0.03565189340824523
6.42,0.2,0.000205333,9.96113,0.397813,0.0769678,0.0122,0,0,55.4931,0.369311,0.0121192,9.96113,0.000205333,0.0006834300549191587,0.006807735622956879,0.011516569945080843,0.07016006437704313
6.44,0.2,0.000205333,9.98893,0.407496,0.096735,0.0120069,0,0,55.6924,0.371727,0.0121329,9.98893,0.000205333,0.0006853261795364292,0.0068456752345568235,0.01132157382046357,0.08988932476544317
6.46,0.2,0.000205333,9.99158,0.418495,0.0945941,0.0120123,0,0,55.8922,0.374154,0.0121467,9.99158,0.000205333,0.0006855069203522936,0.006849297235253571,0.011326793079647707,0.08774480276474643
6.48,0.2,0.000205333,9.99433,0.428816,0.069102,0.0122,0,0,56.0921,0.376583,0.0121604,9.99433,0.000205333,0.0006856944806779755,0.006853056919074311,0.011514305519322025,0.062248943080925684
6.5,0.2,0.000205333,10.0025,0.436459,0.0270582,0.0122,0,0,56.2921,0.379016,0.0121742,10.0025,0.000205333,0.0006862516999552318,0.006864232628802206,0.01151374830004477,0.020193967371197795
6.52,0.2,0.000205333,10.0055,0.439301,-0.0181895,0.0127799,0,0,56.4922,0.381454,0.012188,10.0055,0.000205333,0.000686456307208007,0.006868338581769714,0.012093443692791993,-0.025057838581769715
6.54,0.2,0.000205333,10.0194,0.436575,-0.0523174,0.0132,0,0,56.6924,0.383895,0.0122017,10.0194,0.000205333,0.0006874043065775819,0.006887378709323423,0.012512595693422418,-0.059204778709323426
6.56,0.1,0.000102666,10.0582,0.430348,-0.0661149,0.0131988,0,0,56.8929,0.386343,0.0122138,10.0582,0.000102666,0.00034502351429935107,0.0034703155115257327,0.012853776485700649,-0.06958521551152573
6.58,0.1,0.000102666,10.0343,0.42312,-0.0589621,0.0137852,0,0,57.0941,0.388801,0.012219,10.0343,0.000102666,0.00034420856067562933,0.003453891960387467,0.01344099143932437,-0.06241599196038747
6.6,0.0965663,9.91411e-05,10.0443,0.415484,-0.0381384,0.0135725,0,0,57.2948,0.391255,0.0122259,10.0443,9.91411e-05,0.0003327199009591849,0.0033419385012043406,0.013239780099040815,-0.04148033850120434
6.62,0.0,0.0,10.0389,0.407977,-0.0144676,0.0120177,0,0,57.4958,0.393713,0.0122308,10.0389,0.0,0.0,0.0,0.0120177,-0.0144676
6.64,0.0,0.0,10.0114,0.402091,0.00308879,0.0122153,0,0,57.6966,0.396169,0.0122291,10.0114,0.0,0.0,0.0,0.0122153,0.00308879
6.66,0.0,0.0,10.0351,0.398586,0.0110153,0.0129844,0,0,57.8969,0.398619,0.0122291,10.0351,0.0,0.0,0.0,0.0129844,0.0110153
6.68,0.0,0.0,10.0334,0.397014,0.0112072,0.0128,0,0,58.0977,0.401074,0.0122291,10.0334,0.0,0.0,0.0,0.0128,0.0112072
6.7,0.0,0.0,10.0168,0.39638,0.00754975,0.0124,0,0,58.2984,0.403529,0.0122291,10.0168,0.0,0.0,0.0,0.0124,0.00754975
6.72,0.0,0.0,10.0329,0.395904,0.00207127,0.0131797,0,0,58.4988,0.40598,0.0122291,10.0329,0.0,0.0,0.0,0.0131797,0.00207127
6.74,0.0,0.0,10.0472,0.395616,-0.0061945,0.0125996,0,0,58.6996,0.408435,0.0122291,10.0472,0.0,0.0,0.0,0.0125996,-0.0061945
6.76,0.0,0.0,10.0584,0.395682,-0.0190428,0.0130016,0,0,58.9006,0.410893,0.0122291,10.0584,0.0,0.0,0.0,0.0130016,-0.0190428
6.78,0.0,0.0,10.0844,0.395238,-0.0355411,0.0130239,0,0,59.1018,0.413354,0.0122291,10.0844,0.0,0.0,0.0,0.0130239,-0.0355411
6.8,0.0,0.0,10.0585,0.392335,-0.0505474,0.0121948,0,0,59.3036,0.415821,0.0122291,10.0585,0.0,0.0,0.0,0.0121948,-0.0505474
6.82,0.0,0.0,10.0855,0.385665,-0.0572172,0.0114092,0,0,59.5048,0.418282,0.0122291,10.0855,0.0,0.0,0.0,0.0114092,-0.0572172
6.84,0.0,0.0,10.0972,0.376749,-0.0511767,0.0112034,0,0,59.7066,0.42075,0.0122291,10.0972,0.0,0.0,0.0,0.0112034,-0.0511767
6.86,0.0,0.0,10.0972,0.369108,-0.032883,0.0122,0,0,59.9086,0.42322,0.0122291,10.0972,0.0,0.0,0.0,0.0122,-0.032883
6.88,0.0,0.0,10.092,0.364885,-0.00753516,0.0123753,0,0,60.1106,0.425691,0.0122291,10.092,0.0,0.0,0.0,0.0123753,-0.00753516
6.9,0.0,0.0,10.0971,0.36398,0.0163147,0.0131792,0,0,60.3125,0.42816,0.0122291,10.0971,0.0,0.0,0.0,0.0131792,0.0163147
6.92,0.0,0.0,10.1083,0.36516,0.0291248,0.0129987,0,0,60.5145,0.43063,0.0122291,10.1083,0.0,0.0,0.0,0.0129987,0.0291248
6.94,0.0,0.0,10.1094,0.366079,0.0243308,0.0127793,0,0,60.7167,0.433104,0.0122291,10.1094,0.0,0.0,0.0,0.0127793,0.0243308
6.96,0.0,0.0,10.1464,0.364882,0.00250521,0.0118273,0,0,60.9189,0.435577,0.0122291,10.1464,0.0,0.0,0.0,0.0118273,0.00250521
6.98,0.0,0.0,10.1555,0.362508,-0.0281592,0.0108021,0,0,61.1219,0.438059,0.0122291,10.1555,0.0,0.0,0.0,0.0108021,-0.0281592
7.0,0.0991512,0.000101795,10.1417,0.360937,-0.0559528,0.0111966,0,0,61.3251,0.440544,0.0122309,10.1417,0.000101795,0.00034491919278412775,0.0034980669774587886,0.010851680807215871,-0.059450866977458786
7.02,0.1,0.000102666,10.1417,0.361147,-0.0708688,0.0114,0,0,61.528,0.443027,0.0122395,10.1417,0.000102666,0.0003478704636620399,0.00352799788132131,0.011052129536337961,-0.07439679788132131
7.04,0.1,0.000102666,10.1665,0.364064,-0.0683045,0.0117935,0,0,61.7309,0.445511,0.0122465,10.1665,0.000102666,0.000348715942392933,0.003545220628337753,0.011444784057607068,-0.07184972062833776
7.06,0.1,0.000102666,10.1556,0.369689,-0.0507094,0.0118,0,0,61.9343,0.448002,0.0122535,10.1556,0.000102666,0.0003483443455098613,0.003537645835259947,0.011451655654490139,-0.05424704583525995
7.08,0.1,0.000102666,10.1529,0.375017,-0.0263311,0.0121895,0,0,62.1374,0.450493,0.0122605,10.1529,0.000102666,0.00034825229744670866,0.0035357707507466885,0.011841247702553293,-0.029866870750746687
7.1,0.1,0.000102666,10.1664,0.375935,-0.00549618,0.0122,0,0,62.3405,0.452984,0.0122675,10.1664,0.000102666,0.0003487125332804315,0.003545151098342179,0.01185128746671957,-0.009041331098342178
7.12,0.1,0.000102666,10.1473,0.371235,0.00328516,0.0122,0,0,62.5439,0.45548,0.0122745,10.1473,0.000102666,0.0003480613815173899,0.0035318832566714102,0.011851938618482612,-0.00024672325667141016
7.14,0.1,0.000102666,10.1616,0.363748,-0.00381216,0.0125923,0,0,62.7469,0.457973,0.0122815,10.1616,0.000102666,0.00034854889515687816,0.003541814453026133,0.012243751104843123,-0.007353974453026133
7.16,0.1,0.000102666,10.1853,0.357112,-0.0247888,0.0120228,0,0,62.9502,0.46047,0.0122885,10.1853,0.000102666,0.0003493568446051015,0.00355830426935634,0.011673443155394899,-0.02834710426935634
7.18,0.2,0.000205333,10.1757,0.352079,-0.0529799,0.0122,0,0,63.154,0.462975,0.0122973,10.1757,0.000205333,0.0006980625632387426,0.007103275224748473,0.011501937436761258,-0.06008317522474848
7.2,0.2,0.000205333,10.1805,0.347462,-0.0795953,0.0122,0,0,63.3576,0.46548,0.012313,10.1805,0.000205333,0.0006983898327507053,0.007109957692318556,0.011501610167249295,-0.08670525769231854
7.22,0.2,0.000205333,10.2082,0.343003,-0.0967651,0.0122,0,0,63.5612,0.467989,0.012327,10.2082,0.000205333,0.0007002783950506171,0.007148581912355709,0.011499721604949383,-0.10391368191235571
7.24,0.3,0.000307999,10.167,0.3392,-0.100145,0.012795,0,0,63.7654,0.470508,0.0123428,10.167,0.000307999,0.0010462023900169057,0.01063673969930188,0.011748797609983095,-0.11078173969930188
7.26,0.3,0.000307999,10.1961,0.335473,-0.089855,0.0124134,0,0,63.9688,0.473021,0.0123656,10.1961,0.000307999,0.0010491784737885186,0.010697528636595115,0.011364221526211481,-0.10055252863659511
7.28,0.396435,0.000407006,10.189,0.329743,-0.0699485,0.0122,0,0,64.1728,0.475546,0.0123883,10.189,0.000407006,0.0013854798658941227,0.014116654353595217,0.010814520134105879,-0.08406515435359521
7.3,0.4,0.000410666,10.1613,0.320782,-0.0464619,0.0122,0,0,64.3766,0.478074,0.0124179,10.1613,0.000410666,0.0013941615341420196,0.014166493596877305,0.01080583846585798,-0.06062839359687731
7.32,0.4,0.000410666,10.1725,0.31121,-0.0242553,0.0118,0,0,64.5799,0.480601,0.0124459,10.1725,0.000410666,0.0013956888228193942,0.014197644550130286,0.010404311177180606,-0.038452944550130284
7.34,0.4,0.000410666,10.1996,0.306543,-0.00530191,0.0118,0,0,64.7834,0.483137,0.0124739,10.1996,0.000410666,0.0013993841880896702,0.0142731589648394,0.010400615811910329,-0.0195750689648394
7.36,0.4,0.000410666,10.2164,0.310658,0.00993351,0.0123945,0,0,64.9874,0.485685,0.012502,10.2164,0.000410666,0.0014016749508165016,0.014320071967521707,0.010992825049183497,-0.0043865619675217075
7.38,0.4,0.000410666,10.1888,0.322025,0.0199532,0.0126,0,0,65.1918,0.488243,0.0125301,10.1888,0.000410666,0.001397911518101785,0.014243040875635467,0.011202088481898215,0.005710159124364534
7.4,0.5,0.000513332,10.1833,0.333776,0.0218785,0.0134051,0,0,65.3956,0.4908,0.01256,10.1833,0.000513332,0.0017464502744029896,0.01778462707932796,0.01165864972559701,0.004093872920672037
7.42,0.5,0.000513332,10.1833,0.338794,0.01447,0.0136,0,0,65.5994,0.493363,0.0125968,10.1833,0.000513332,0.0017464502744029896,0.01778462707932796,0.01185354972559701,-0.0033146270793279614
7.44,0.5,0.000513332,10.1924,0.33565,0.000652664,0.0132,0,0,65.8031,0.495933,0.0126318,10.1924,0.000513332,0.0017480013667903577,0.01781632913087404,0.011451998633209642,-0.01716366513087404
7.46,0.5,0.000513332,10.2349,0.328335,-0.0140076,0.0135796,0,0,66.007,0.498512,0.0126669,10.2349,0.000513332,0.0017552451410416724,0.01796475849404741,0.011824354858958329,-0.03197235849404741
7.48,0.5,0.000513332,10.195,0.320707,-0.0243096,0.0136,0,0,66.2117,0.501109,0.0127021,10.195,0.000513332,0.0017484445313537661,0.017825391997151645,0.011851555468646233,-0.04213499199715165
7.5,0.5,0.000513332,10.1779,0.313195,-0.0271323,0.0141962,0,0,66.4157,0.503703,0.0127372,10.1779,0.000513332,0.0017455298338877395,0.01776582809632602,0.012450670166112262,-0.044898128096326026
7.52,0.5,0.000513332,10.1918,0.304847,-0.0222018,0.0146,0,0,66.6193,0.506301,0.0127722,10.1918,0.000513332,0.0017478990977488518,0.017814238024436747,0.012852100902251149,-0.04001603802443675
7.54,0.5,0.000513332,10.1999,0.297401,-0.0116272,0.0144051,0,0,66.8232,0.508908,0.0128073,10.1999,0.000513332,0.0017492797204387886,0.0178424782205036,0.012655820279561213,-0.0294696782205036
7.56,0.5,0.000513332,10.2054,0.295472,0.00133056,0.0143919,0,0,67.0272,0.511525,0.0128424,10.2054,0.000513332,0.001750217168747634,0.017861666293937102,0.012641682831252365,-0.0165311062939371
7.58,0.5,0.000513332,10.2166,0.301381,0.0126047,0.015,0,0,67.2313,0.514151,0.0128775,10.2166,0.000513332,0.0017521261255097867,0.017900771773883287,0.013247873874490213,-0.005296071773883287
7.6,0.5,0.000513332,10.2361,0.311468,0.0177077,0.0155835,0,0,67.4357,0.516786,0.0129127,10.2361,0.000513332,0.0017554496630290202,0.017968958295731356,0.01382805033697098,-0.0002612582957313564
7.62,0.5,0.000513332,10.2361,0.319172,0.013995,0.0142397,0,0,67.6405,0.519434,0.0129479,10.2361,0.000513332,0.0017554496630290202,0.017968958295731356,0.01248425033697098,-0.003973958295731356
7.64,0.5,0.000513332,10.2306,0.320375,0.00308973,0.013998,0,0,67.8453,0.522089,0.0129831,10.2306,0.000513332,0.001754512266925387,0.017949713198006863,0.012243487733074612,-0.014859983198006863
7.66,0.5,0.000513332,10.2526,0.31513,-0.0101302,0.0136073,0,0,68.0499,0.52475,0.0130184,10.2526,0.000513332,0.0017582617951064897,0.018026754880508793,0.01184903820489351,-0.028156954880508796
7.68,0.5,0.000513332,10.2608,0.306312,-0.0214357,0.0122449,0,0,68.255,0.527424,0.0130536,10.2608,0.000513332,0.0017596593081265768,0.018055512228825177,0.010485240691873423,-0.03949121222882518
7.7,0.5,0.000513332,10.2393,0.297269,-0.0291978,0.0122,0,0,68.4603,0.530107,0.013089,10.2393,0.000513332,0.001755995052814729,0.017980160144285853,0.010444004947185271,-0.04717796014428585
7.72,0.5,0.000513332,10.2581,0.290043,-0.0329897,0.0122,0,0,68.6651,0.532792,0.0131242,10.2581,0.000513332,0.001759199153704737,0.018046040838618563,0.010440800846295263,-0.05103574083861856
7.74,0.502318,0.000515712,10.2305,0.285576,-0.0326251,0.0122093,0,0,68.8703,0.535489,0.0131595,10.2305,0.000515712,0.001762629723694069,0.01803258338825217,0.010446670276305931,-0.05065768338825217
7.76,0.6,0.000615999,10.2226,0.28442,-0.0289869,0.012969,0,0,69.0749,0.538186,0.0131967,10.2226,0.000615999,0.0021037806484108476,0.02150610805644473,0.010865219351589153,-0.05049300805644473
7.78,0.6,0.000615999,10.2572,0.286652,-0.0240243,0.013,0,0,69.2794,0.540889,0.0132406,10.2572,0.000615999,0.0021108570596875533,0.02165148303262717,0.010889142940312447,-0.04567578303262717
7.8,0.6,0.000615999,10.2502,0.291293,-0.0193415,0.0135776,0,0,69.4846,0.54361,0.013283,10.2502,0.000615999,0.002109425451714965,0.021622032765168737,0.011468174548285035,-0.04096353276516874
7.82,0.6,0.000615999,10.2528,0.295658,-0.015372,0.0142,0,0,69.6897,0.546338,0.0133253,10.2528,0.000615999,0.002109957193948491,0.02163296911811509,0.012090042806051509,-0.037004969118115086
7.84,0.6,0.000615999,10.2694,0.296702,-0.0117375,0.0139813,0,0,69.8948,0.549076,0.0133676,10.2694,0.000615999,0.0021133521042442957,0.02170285809932637,0.011867947895755704,-0.03344035809932637
7.86,0.6,0.000615999,10.2668,0.293945,-0.00796389,0.0130376,0,0,70.1002,0.551826,0.0134101,10.2668,0.000615999,0.0021128203780880414,0.021691904257754302,0.010924779621911958,-0.029655794257754303
7.88,0.6,0.000615999,10.2588,0.289348,-0.00416524,0.012979,0,0,70.3056,0.554585,0.0134525,10.2588,0.000615999,0.0021111842818052518,0.02165821731018372,0.010867815718194748,-0.02582345731018372
7.9,0.6,0.000615999,10.2529,0.284236,-0.00131873,0.013394,0,0,70.5108,0.55735,0.0134948,10.2529,0.000615999,0.0021099776455226066,0.021633389801778733,0.011284022354477393,-0.022952119801778734
7.92,0.6,0.000615999,10.2334,0.278438,-0.00070825,0.0137987,0,0,70.7159,0.560122,0.0135372,10.2334,0.000615999,0.0021059895182012228,0.02155143313556039,0.011692710481798778,-0.02225968313556039
7.94,0.6,0.000615999,10.242,0.27229,-0.0031724,0.0136085,0,0,70.9206,0.562898,0.0135794,10.242,0.000615999,0.002107748402040502,0.021587559133698822,0.011500751597959498,-0.02475995913369882
7.96,0.6,0.000615999,10.2552,0.267615,-0.00875307,0.0141791,0,0,71.1255,0.565684,0.0136217,10.2552,0.000615999,0.002110448030699767,0.02164306664443225,0.012068651969300234,-0.030396136644432248
7.98,0.6,0.000615999,10.2501,0.26674,-0.0166148,0.0147915,0,0,71.3306,0.568483,0.0136641,10.2501,0.000615999,0.002109405000040353,0.021621612190913624,0.012682094999959648,-0.03823641219091362
8.0,0.6,0.000615999,10.2667,0.271193,-0.0252538,0.0154019,0,0,71.5356,0.571289,0.0137064,10.2667,0.000615999,0.0021127999270317056,0.02169148301085641,0.013289100072968294,-0.04694528301085641
8.02,0.6,0.000615999,10.2722,0.280185,-0.0327829,0.0156041,0,0,71.741,0.574109,0.0137488,10.2722,0.000615999,0.002113924729593841,0.021714657607333855,0.013490175270406158,-0.05449755760733385
8.04,0.7,0.000718665,10.2726,0.28988,-0.0375098,0.0151941,0,0,71.9465,0.576939,0.013793,10.2726,0.000718665,0.00246633935187187,0.02533571762603897,0.01272776064812813,-0.06284551762603897
8.06,0.7,0.000718665,10.2963,0.296002,-0.0386878,0.015,0,0,72.152,0.579778,0.0138443,10.2963,0.000718665,0.002471993882669613,0.02545239061413114,0.012528006117330386,-0.06414019061413115
8.08,0.7,0.000718665,10.3135,0.297536,-0.0361626,0.015,0,0,72.3579,0.582635,0.0138939,10.3135,0.000718665,0.0024760974394216866,0.025537230941475562,0.012523902560578313,-0.06169983094147556
8.1,0.7,0.000718665,10.3139,0.296567,-0.0298149,0.0144174,0,0,72.5642,0.585507,0.0139436,10.3139,0.000718665,0.00247619286943729,0.025539205636089263,0.01194120713056271,-0.055354105636089265
8.12,0.7,0.000718665,10.2918,0.29514,-0.0203766,0.0138,0,0,72.7706,0.588389,0.0139932,10.2918,0.000718665,0.0024709202564041793,0.025430217094860534,0.011329079743595821,-0.045806817094860536
8.14,0.7,0.000718665,10.297,0.293282,-0.0100794,0.014806,0,0,72.9764,0.591275,0.0140428,10.297,0.000718665,0.0024721608904061825,0.025455840688512463,0.012333839109593818,-0.035535240688512465
8.16,0.7,0.000718665,10.2839,0.289606,-0.00182378,0.015,0,0,73.1824,0.594173,0.0140924,10.2839,0.000718665,0.002469035424500495,0.02539131340202064,0.012530964575499504,-0.02721509340202064
8.18,0.7,0.000718665,10.2961,0.283719,0.00230989,0.014084,0,0,73.3881,0.597077,0.014142,10.2961,0.000718665,0.0024719461661342,0.025451404921134336,0.0116120538338658,-0.023141514921134337
8.2,0.7,0.000718665,10.281,0.277431,0.00207969,0.0138,0,0,73.5941,0.599995,0.0141916,10.281,0.000718665,0.002468343517359043,0.025377039701968324,0.011331656482640957,-0.023297349701968326
8.22,0.7,0.000718665,10.2918,0.273064,-0.00157698,0.0142,0,0,73.7997,0.602919,0.0142411,10.2918,0.000718665,0.0024709202564041793,0.025430217094860534,0.011729079743595822,-0.027007197094860533
8.24,0.7,0.000718665,10.3026,0.271574,-0.00806158,0.0143954,0,0,74.0056,0.605856,0.0142907,10.3026,0.000718665,0.0024734969446042004,0.025483449621479234,0.011921903055395798,-0.03354502962147923
8.26,0.7,0.000718665,10.289,0.272302,-0.0169124,0.0147917,0,0,74.2117,0.608807,0.0143404,10.289,0.000718665,0.002470252217828174,0.02541642506923408,0.012321447782171827,-0.04232882506923408
8.28,0.7,0.000718665,10.2996,0.273606,-0.0263506,0.01424,0,0,74.4175,0.611763,0.0143899,10.2996,0.000718665,0.0024727812029851845,0.025468657278266207,0.011767218797014815,-0.05181925727826621
8.3,0.7,0.000718665,10.319,0.274007,-0.0330308,0.0142,0,0,74.6235,0.614733,0.0144396,10.319,0.000718665,0.002477409596008759,0.02556438962121439,0.011722590403991241,-0.05859518962121439
8.32,0.8,0.000821331,10.2865,0.272859,-0.0333444,0.0142,0,0,74.8299,0.617719,0.0144911,10.2865,0.000821331,0.0028224623924724347,0.0290332594001677,0.011377537607527567,-0.062377659400167706
8.34,0.8,0.000821331,10.3056,0.269994,-0.0252472,0.0133892,0,0,75.0357,0.620707,0.0145495,10.3056,0.000821331,0.0028276703104514168,0.02914083915138812,0.010561529689548583,-0.05438803915138812
8.36,0.8,0.000821331,10.3082,0.265941,-0.00954939,0.0128,0,0,75.2419,0.623713,0.0146062,10.3082,0.000821331,0.002828379227629641,0.029155498754251864,0.009971620772370359,-0.03870488875425186
8.38,0.888494,0.000912185,10.2901,0.262382,0.0102384,0.013154,0,0,75.448,0.62673,0.0146645,10.2901,0.000912185,0.0031357679224654576,0.03226736549896181,0.010018232077534543,-0.022028965498961807
8.4,0.9,0.000923998,10.2919,0.260845,0.0292314,0.0140162,0,0,75.6539,0.629756,0.0147292,10.2919,0.000923998,0.0031769289960418634,0.03269663553436326,0.010839271003958137,-0.0034652355343632556
8.42,0.9,0.000923998,10.308,0.261334,0.0423011,0.0147928,0,0,75.8597,0.632795,0.0147932,10.308,0.000923998,0.0031818676249084923,0.032798691477556735,0.011610932375091507,0.009502408522443266
8.44,1.0,0.00102666,10.3194,0.262953,0.0450542,0.0145967,0,0,76.0659,0.635852,0.0148588,10.3194,0.00102666,0.0035392787526808377,0.036523233160414635,0.011057421247319163,0.008530966839585367
8.46,1.09983,0.00112915,10.3139,0.264989,0.0358058,0.0145997,0,0,76.2724,0.638927,0.0149334,10.3139,0.00112915,0.0038905385477880426,0.0401266255280311,0.010709161452211957,-0.004320825528031098
8.48,1.1,0.00112933,10.3408,0.267056,0.0171998,0.0153749,0,0,76.4787,0.642016,0.0150133,10.3408,0.00112933,0.0039012433982680847,0.04034197773281061,0.011473656601731917,-0.02314217773281061
8.5,1.2,0.001232,10.3419,0.268765,-0.00465866,0.0159857,0,0,76.6855,0.64513,0.0150933,10.3419,0.001232,0.004256364657429235,0.0440188976506674,0.011729335342570764,-0.048677557650667405
8.52,1.3,0.00133466,10.3527,0.269397,-0.0228454,0.0151992,0,0,76.8924,0.648262,0.0151823,10.3527,0.00133466,0.004615823912927492,0.04778624022336445,0.010583376087072507,-0.07063164022336445
8.54,1.3,0.00133466,10.3359,0.268045,-0.0321991,0.0154,0,0,77.0995,0.651416,0.0152767,10.3359,0.00133466,0.004608380806154017,0.04763176317432731,0.010791619193845983,-0.0798308631743273
8.56,1.3,0.00133466,10.328,0.264731,-0.0308325,0.0152117,0,0,77.3062,0.654584,0.0153692,10.328,0.00133466,0.0046048806944644,0.04755920781242832,0.0106068193055356,-0.07839170781242832
8.58,1.3,0.00133466,10.3462,0.261069,-0.0201997,0.0159437,0,0,77.5128,0.657769,0.0154616,10.3462,0.00133466,0.0046129441667102705,0.0477264429376178,0.01133075583328973,-0.0679261429376178
8.6,1.3,0.00133466,10.3277,0.258871,-0.00409849,0.0162047,0,0,77.7198,0.660978,0.0155542,10.3277,0.00133466,0.004604747777831196,0.04755645362510725,0.011599952222168803,-0.05165494362510725
8.62,1.3,0.00133466,10.3251,0.258747,0.0124566,0.0164,0,0,77.9263,0.664201,0.0156466,10.3251,0.00133466,0.0046035958306145435,0.04753258731067823,0.011796404169385457,-0.03507598731067823
8.64,1.4,0.00143733,10.3416,0.260367,0.024335,0.0170012,0,0,78.1329,0.667443,0.0157408,10.3416,0.00143733,0.004965605020358971,0.05135230087854433,0.01203559497964103,-0.027017300878544332
8.66,1.4,0.00143733,10.325,0.262445,0.0281019,0.0168023,0,0,78.3397,0.67071,0.0158422,10.325,0.00143733,0.0049576846095029155,0.0511880935931176,0.011844615390497084,-0.0230861935931176
8.68,1.4,0.00143733,10.3519,0.262533,0.0237322,0.0167868,0,0,78.5462,0.673992,0.0159417,10.3519,0.00143733,0.004970519370828167,0.05145431947487611,0.011816280629171835,-0.02772211947487611
8.7,1.4,0.00143733,10.3582,0.258762,0.0143907,0.0171933,0,0,78.7533,0.677304,0.0160414,10.3582,0.00143733,0.0049735251898354186,0.05151676862135323,0.012219774810164584,-0.03712606862135323
8.72,1.4,0.00143733,10.3639,0.251533,0.00464328,0.0176,0,0,78.9605,0.680638,0.0161413,10.3639,0.00143733,0.004976244710361444,0.051573302553714964,0.012623755289638557,-0.046930022553714965
8.74,1.5,0.00154,10.3613,0.242641,-0.00140603,0.0167856,0,0,79.1678,0.683995,0.0162429,10.3613,0.00154,0.005330374580767352,0.05522961014370477,0.011455225419232648,-0.05663564014370477
8.76,1.5,0.00154,10.3744,0.234105,-0.00149408,0.0164,0,0,79.375,0.687372,0.0163517,10.3744,0.00154,0.0053370710768891804,0.05536891018007911,0.01106292892311082,-0.056862990180079113
8.78,1.5,0.00154,10.3438,0.228056,0.00411016,0.0166,0,0,79.5826,0.690777,0.0164588,10.3438,0.00154,0.005321428628115845,0.05504379344350468,0.011278571371884155,-0.050933633443504676
8.8,1.5,0.00154,10.3528,0.225854,0.0126405,0.0164,0,0,79.7894,0.694194,0.0165656,10.3528,0.00154,0.0053260294397014995,0.05513931758334169,0.011073970560298501,-0.04249881758334169
8.82,1.5,0.00154,10.3501,0.227141,0.0200035,0.0164126,0,0,79.9965,0.697635,0.0166724,10.3501,0.00154,0.005324649204213525,0.055110651728530406,0.011087950795786474,-0.035107151728530406
8.84,1.5,0.00154,10.3555,0.230552,0.0230718,0.0158018,0,0,80.2035,0.701098,0.0167793,10.3555,0.00154,0.005327409668340327,0.055167990820498246,0.010474390331659676,-0.03209619082049825
8.86,1.5,0.00154,10.3556,0.234677,0.0209587,0.0173799,0,0,80.4107,0.704585,0.0168862,10.3556,0.00154,0.0053274607877879885,0.0551690529340173,0.012052439212212012,-0.034210352934017293
8.88,1.5,0.00154,10.3606,0.238298,0.0141983,0.0174333,0,0,80.6178,0.708094,0.0169931,10.3606,0.00154,0.005330016748186978,0.055222171521265996,0.012103283251813021,-0.04102387152126599
8.9,1.5,0.00154,10.3612,0.240821,0.00394316,0.0170037,0,0,80.825,0.711627,0.0171001,10.3612,0.00154,0.0053303234618555075,0.055228547452977284,0.011673376538144493,-0.05128538745297728
8.92,1.5,0.00154,10.3665,0.242403,-0.00771016,0.0175774,0,0,81.0323,0.715182,0.017207,10.3665,0.00154,0.005333032751224188,0.05528488401556554,0.012244367248775812,-0.06299504401556554
8.94,1.5,0.00154,10.3806,0.243163,-0.0176173,0.0183998,0,0,81.2396,0.718761,0.0173141,10.3806,0.00154,0.0053402403546171495,0.055434899025138776,0.013059559645382851,-0.07305219902513878
8.96,1.5,0.00154,10.3418,0.243005,-0.022479,0.0178018,0,0,81.4472,0.722368,0.0174212,10.3418,0.00154,0.0053204062152129835,0.05502257699648963,0.012481393784787017,-0.07750157699648963
8.98,1.5,0.00154,10.3791,0.241909,-0.0204795,0.0172,0,0,81.6541,0.725983,0.017528,10.3791,0.00154,0.005339473597196242,0.055418930412659516,0.011860526402803759,-0.07589843041265952
9.0,1.5,0.00154,10.3664,0.239571,-0.0129238,0.0176,0,0,81.8617,0.729633,0.0176352,10.3664,0.00154,0.0053329816328014056,0.055283820798272494,0.012267018367198596,-0.0682076207982725
9.02,1.5,0.00154,10.353,0.235606,-0.00408815,0.0176,0,0,82.069,0.733301,0.0177422,10.353,0.00154,0.005326131679094834,0.05514144127366881,0.012273868320905167,-0.05922959127366881
9.04,1.5,0.00154,10.3555,0.230388,0.00128652,0.0175977,0,0,82.2761,0.736987,0.0178491,10.3555,0.00154,0.005327409668340327,0.055167990820498246,0.012270290331659675,-0.053881470820498246
9.06,1.5,0.00154,10.35,0.224971,0.000680778,0.016997,0,0,82.4832,0.740695,0.017956,10.35,0.00154,0.0053245980842491275,0.055109590171978466,0.011672401915750873,-0.054428812171978466
9.08,1.5,0.00154,10.3527,0.220383,-0.00538748,0.0164095,0,0,82.6902,0.744424,0.0180628,10.3527,0.00154,0.00532597831999074,0.055138255753368136,0.01108352168000926,-0.060525735753368136
9.1,1.5,0.00154,10.3555,0.216951,-0.01442,0.016,0,0,82.8973,0.748175,0.0181697,10.3555,0.00154,0.005327409668340327,0.055167990820498246,0.010672590331659675,-0.06958799082049824
9.12,1.5,0.00154,10.3862,0.214305,-0.0233771,0.0164078,0,0,83.1044,0.75195,0.0182766,10.3862,0.00154,0.0053431028969259204,0.055494535308052,0.011064697103074079,-0.078871635308052
9.14,1.5,0.00154,10.3941,0.212367,-0.0293032,0.0167774,0,0,83.3122,0.755758,0.0183839,10.3941,0.00154,0.005347141075992298,0.05557871905797154,0.011430258924007702,-0.08488191905797154
9.16,1.5,0.00154,10.3836,0.211418,-0.0299682,0.016211,0,0,83.5201,0.759592,0.0184912,10.3836,0.00154,0.0053417738631001965,0.055466843084887196,0.010869226136899803,-0.0854350430848872
9.18,1.5,0.00154,10.3938,0.210867,-0.0249753,0.016,0,0,83.7277,0.763443,0.0185984,10.3938,0.00154,0.005346987728495123,0.05557552105243261,0.010653012271504878,-0.08055082105243261
9.2,1.5,0.00154,10.3722,0.209405,-0.0157424,0.0166003,0,0,83.9356,0.767321,0.0187057,10.3722,0.00154,0.0053359464857695325,0.05534550413969874,0.011264353514230465,-0.07108790413969875
9.22,1.5,0.00154,10.3508,0.206736,-0.00437428,0.0168,0,0,84.1431,0.771213,0.0188127,10.3508,0.00154,0.005325007043701313,0.055118082907943546,0.011474992956298686,-0.05949236290794355
9.24,1.5,0.00154,10.35,0.203943,0.00686803,0.0177846,0,0,84.3501,0.775119,0.0189196,10.35,0.00154,0.0053245980842491275,0.055109590171978466,0.012460001915750873,-0.04824156017197847
9.26,1.5,0.00154,10.361,0.202032,0.0157493,0.0180088,0,0,84.5571,0.779047,0.0190265,10.361,0.00154,0.005330221224003607,0.05522642210190137,0.012678578775996392,-0.03947712210190137
9.28,1.5,0.00154,10.3638,0.200797,0.0206054,0.0172274,0,0,84.7643,0.783002,0.0191334,10.3638,0.00154,0.005331652550507357,0.05525618070294814,0.011895747449492643,-0.034650780702948136
9.3,1.4,0.00143733,10.3748,0.199122,0.0204745,0.017,0,0,84.9716,0.786979,0.0192386,10.3748,0.00143733,0.0049814451175529875,0.051681496805588735,0.012018554882447014,-0.031206996805588735
9.32,1.4,0.00143733,10.3911,0.196437,0.0150969,0.0164147,0,0,85.1791,0.790982,0.0193368,10.3911,0.00143733,0.0049892216784352935,0.051843501382788974,0.011425478321564708,-0.03674660138278897
9.34,1.4,0.00143733,10.3861,0.193861,0.00570099,0.0173961,0,0,85.3869,0.795011,0.0194369,10.3861,0.00143733,0.004986836255157071,0.05179378002968686,0.01240926374484293,-0.04609279002968686
9.36,1.3,0.00133466,10.4026,0.19346,-0.00494588,0.0166153,0,0,85.5946,0.79906,0.0195352,10.4026,0.00133466,0.004637930355763049,0.048246534318860695,0.01197736964423695,-0.053192414318860695
9.38,1.3,0.00133466,10.4107,0.196193,-0.0141794,0.0165811,0,0,85.8027,0.803134,0.0196265,10.4107,0.00133466,0.0046415185844272695,0.048321457526896976,0.011939581415572732,-0.06250085752689698
9.4,1.3,0.00133466,10.4193,0.200661,-0.0204633,0.0164058,0,0,86.0109,0.807231,0.0197196,10.4193,0.00133466,0.004645328249895655,0.048401068634137796,0.011760471750104346,-0.0688643686341378
9.42,1.3,0.00133466,10.3898,0.203838,-0.0230378,0.0169738,0,0,86.2193,0.81135,0.0198129,10.3898,0.00133466,0.00463225995908024,0.048128254522851875,0.01234154004091976,-0.07116605452285188
9.44,1.3,0.00133466,10.3833,0.203241,-0.0220038,0.0167988,0,0,86.4271,0.815477,0.0199058,10.3833,0.00133466,0.004629380409502013,0.04806824560598225,0.012169419590497986,-0.07007204560598225
9.46,1.3,0.00133466,10.3889,0.198928,-0.0186082,0.0162003,0,0,86.6347,0.819621,0.0199987,10.3889,0.00133466,0.0046318612542741765,0.04811994338452899,0.011568438745725825,-0.06672814338452898
9.48,1.3,0.00133466,10.3808,0.193269,-0.0145682,0.016774,0,0,86.8425,0.823787,0.0200917,10.3808,0.00133466,0.004628272881245562,0.04804517512563393,0.012145727118754439,-0.06261337512563393
9.5,1.3,0.00133466,10.3887,0.188473,-0.0113956,0.0177904,0,0,87.0501,0.827968,0.0201846,10.3887,0.00133466,0.004631772653116288,0.04811809656142918,0.013158627346883714,-0.05951369656142918
9.52,1.3,0.00133466,10.3996,0.18509,-0.0102296,0.0178,0,0,87.2579,0.832172,0.0202775,10.3996,0.00133466,0.00463660136856041,0.04821879959248084,0.01316339863143959,-0.05844839959248084
9.54,1.3,0.00133466,10.4055,0.183146,-0.0111745,0.0181943,0,0,87.4659,0.8364,0.0203706,10.4055,0.00133466,0.00463921503639357,0.04827335206119329,0.01355508496360643,-0.059447852061193296
9.56,1.20275,0.00123482,10.4056,0.183501,-0.0127431,0.0174165,0,0,87.674,0.840649,0.0204619,10.4056,0.00123482,0.004292216536735063,0.04466308839465037,0.013124283463264937,-0.05740618839465037
9.58,1.2,0.001232,10.4222,0.186982,-0.0125595,0.0160003,0,0,87.8821,0.844917,0.0205463,10.4222,0.001232,0.004289202177896151,0.04470292293846926,0.011711097822103847,-0.05726242293846926
9.6,1.2,0.001232,10.4028,0.192347,-0.00841591,0.0162,0,0,88.0905,0.849209,0.0206323,10.4028,0.001232,0.004281269274763412,0.04453718801150882,0.011918730725236587,-0.05295309801150882
9.62,1.10533,0.0011348,10.4163,0.196148,0.00111879,0.0162,0,0,88.2986,0.853511,0.0207165,10.4163,0.0011348,0.0039485783217047404,0.041129576372373085,0.012251421678295259,-0.04001078637237308
9.64,1.1,0.00112933,10.4167,0.195134,0.0158391,0.0156045,0,0,88.5069,0.857836,0.020794,10.4167,0.00112933,0.0039296951724064446,0.04093445570240621,0.011674804827593557,-0.025095355702406213
9.66,1.1,0.00112933,10.4029,0.188547,0.0330053,0.0156,0,0,88.7152,0.862176,0.0208727,10.4029,0.00112933,0.003924522418734623,0.040826414269854415,0.011675477581265376,-0.007821114269854414
9.68,1.1,0.00112933,10.3974,0.178785,0.0476858,0.0156,0,0,88.9233,0.866528,0.0209515,10.3974,0.00112933,0.0039224607772597835,0.04078339368548087,0.011677539222740216,0.006902406314519133
9.7,1.1,0.00112933,10.4082,0.170148,0.05404,0.0159891,0,0,89.1312,0.870893,0.0210302,10.4082,0.00112933,0.003926509071616579,0.04086789171919968,0.01206259092838342,0.013172108280800315
9.72,1.1,0.00112933,10.3861,0.165629,0.047104,0.0166,0,0,89.3394,0.87528,0.021109,10.3861,0.00112933,0.003918224975476631,0.04069507641779784,0.012681775024523369,0.006408923582202158
9.74,1.1,0.00112933,10.3847,0.164676,0.0255294,0.0165896,0,0,89.5471,0.879673,0.0211876,10.3847,0.00112933,0.003917700179728921,0.04068414105643092,0.012671899820271079,-0.015154741056430922
9.76,1.1,0.00112933,10.4321,0.164358,-0.00633998,0.0162103,0,0,89.7548,0.884082,0.0212662,10.4321,0.00112933,0.003935467509779772,0.04105519060877356,0.012274832490220228,-0.04739517060877356
9.78,1.1,0.00112933,10.428,0.162064,-0.0392066,0.016,0,0,89.9634,0.888528,0.0213452,10.428,0.00112933,0.003933930734731041,0.0410230297017753,0.012066069265268958,-0.0802296297017753
9.8,1.1,0.00112933,10.433,0.156954,-0.0626779,0.0162,0,0,90.1719,0.892988,0.0214241,10.433,0.00112933,0.0039358048490824495,0.041062251990477194,0.01226419515091755,-0.10374015199047719
9.82,1.1,0.00112933,10.4063,0.14969,-0.0702995,0.0162,0,0,90.3806,0.897467,0.0215031,10.4063,0.00112933,0.003925796877536973,0.040853020046713005,0.012274203122463027,-0.111152520046713
9.84,1.1,0.00112933,10.3945,0.141722,-0.0619137,0.0152057,0,0,90.5887,0.901951,0.0215819,10.3945,0.00112933,0.003921373721508794,0.040760719148223164,0.011284326278491207,-0.10267441914822317
9.86,1.1,0.00112933,10.4027,0.13486,-0.0421376,0.015,0,0,90.7965,0.906446,0.0216606,10.4027,0.00112933,0.003924447450320544,0.04082484949144952,0.011075552549679455,-0.08296244949144951
9.88,1.1,0.00112933,10.3681,0.13136,-0.0172507,0.0158,0,0,91.0046,0.910961,0.0217393,10.3681,0.00112933,0.003911477498382217,0.04055458985097666,0.011888522501617784,-0.05780528985097666
9.9,1.1,0.00112933,10.3667,0.133444,0.00727956,0.0154173,0,0,91.2119,0.915477,0.0218178,10.3667,0.00112933,0.003910952685233382,0.0405436732020089,0.011506347314766619,-0.0332641132020089
9.92,1.1,0.00112933,10.4135,0.140706,0.0275151,0.0148039,0,0,91.4192,0.920009,0.0218963,10.4135,0.00112933,0.003928495705043627,0.04090939002447182,0.010875404294956374,-0.013394290024471817
9.94,1.1,0.00112933,10.4136,0.148976,0.0405398,0.0152153,0,0,91.6275,0.924578,0.0219751,10.4136,0.00112933,0.003928533188506131,0.04091017321182745,0.011286766811493869,-0.00037037321182745164
9.96,1.1,0.00112933,10.3925,0.153946,0.0442565,0.015986,0,0,91.8357,0.929163,0.022054,10.3925,0.00112933,0.003920624024497998,0.04074508517459545,0.012065375975502002,0.0035114148254045477
9.98,1.1,0.00112933,10.3781,0.154704,0.0380017,0.0156093,0,0,92.0436,0.933756,0.0221327,10.3781,0.00112933,0.003915226124391529,0.04063260824154773,0.01169407387560847,-0.0026309082415477275
10.0,1.1,0.00112933,10.375,0.153002,0.0235,0.0154068,0,0,92.2511,0.938358,0.0222112,10.375,0.00112933,0.003914064057711906,0.04060841459876102,0.011492735942288095,-0.017108414598761022
10.02,1.0083,0.00103518,10.4124,0.150648,0.00545881,0.0152,0,0,92.4586,0.942975,0.0222881,10.4124,0.00103518,0.003600606628545743,0.03749095645906969,0.011599393371454257,-0.03203214645906969
10.04,1.0,0.00102666,10.3918,0.148424,-0.00967169,0.0152,0,0,92.6668,0.947624,0.0223586,10.3918,0.00102666,0.00356395223182513,0.03703587880268038,0.011636047768174871,-0.046707568802680385
10.06,1.0,0.00102666,10.3807,0.146762,-0.0168086,0.0152,0,0,92.8746,0.952279,0.02243,10.3807,0.00102666,0.003560169632732296,0.03695705290650414,0.011639830367267704,-0.05376565290650414
10.08,1.0,0.00102666,10.3992,0.146107,-0.0143082,0.015384,0,0,93.0822,0.956943,0.0225014,10.3992,0.00102666,0.003566473921527194,0.0370884756047456,0.011817526078472806,-0.0513966756047456
10.1,1.0,0.00102666,10.3728,0.146402,-0.00407185,0.0159925,0,0,93.2902,0.961631,0.022573,10.3728,0.00102666,0.0035574774655211822,0.03690100225435812,0.012435022534478818,-0.04097285225435812
10.12,1.0,0.00102666,10.4028,0.146828,0.00892966,0.0167986,0,0,93.4976,0.966322,0.0226444,10.4028,0.00102666,0.0035677006770357834,0.03711407660306784,0.013230899322964217,-0.028184416603067843
10.14,1.0,0.00102666,10.3969,0.146228,0.0183414,0.0164,0,0,93.7056,0.971041,0.0227159,10.3969,0.00102666,0.003565690156794796,0.03707212399117982,0.012834309843205206,-0.018730723991179817
10.16,1.0,0.00102666,10.3863,0.143911,0.0196832,0.0165919,0,0,93.9135,0.975772,0.0227875,10.3863,0.00102666,0.0035620779806896192,0.036996810530836595,0.01302982201931038,-0.017313610530836594
10.18,0.9,0.000923998,10.4098,0.139784,0.0129697,0.0164215,0,0,94.1213,0.980513,0.0228572,10.4098,0.000923998,0.003213091105490789,0.033447635789938014,0.01320840889450921,-0.020477935789938013
10.2,0.9,0.000923998,10.4055,0.133969,0.00253702,0.0157993,0,0,94.3294,0.985278,0.0229199,10.4055,0.000923998,0.0032117723538961007,0.033420097228465874,0.012587527646103897,-0.030883077228465873
10.22,0.9,0.000923998,10.3894,0.126726,-0.00596399,0.0152239,0,0,94.5375,0.990055,0.0229843,10.3894,0.000923998,0.0032068346095765156,0.03331708749273425,0.012017065390423486,-0.039281077492734254
10.24,0.9,0.000923998,10.3722,0.118711,-0.00925029,0.0146006,0,0,94.7453,0.994838,0.0230487,10.3722,0.000923998,0.0032015593418543136,0.03320721380558131,0.011399040658145686,-0.04245750380558131
10.26,0.9,0.000923998,10.3916,0.111871,-0.00793589,0.0149979,0,0,94.9527,0.999626,0.0231129,10.3916,0.000923998,0.003207509341056778,0.03333115406852562,0.01179039065894322,-0.04126704406852562
10.28,0.8,0.000821331,10.397,0.109188,-0.0051844,0.0150165,0,0,95.1605,1.00444,0.0231755,10.397,0.000821331,0.002852589445463379,0.02965837246448275,0.012163910554536621,-0.03484277246448275
10.3,0.8,0.000821331,10.3774,0.111824,-0.00405107,0.0148,0,0,95.3684,1.00926,0.0232309,10.3774,0.000821331,0.0028472460888051103,0.029547011561966152,0.01195275391119489,-0.033598081561966156
10.32,0.8,0.000821331,10.3639,0.117584,-0.0054538,0.0144187,0,0,95.5759,1.01409,0.0232881,10.3639,0.000821331,0.002843565603361154,0.029470429556674664,0.011575134396638846,-0.034924229556674666
10.34,0.8,0.000821331,10.3917,0.122927,-0.00827863,0.014011,0,0,95.7831,1.01892,0.0233451,10.3917,0.000821331,0.0028511445772565775,0.029628239103477175,0.011159855422743422,-0.037906869103477174
10.36,0.703903,0.000722672,10.3944,0.125324,-0.0110936,0.0153844,0,0,95.9909,1.02378,0.0234006,10.3944,0.000722672,0.0025093101125867588,0.026082773034271804,0.012875089887413241,-0.037176373034271806
10.38,0.7,0.000718665,10.3919,0.124072,-0.0132766,0.0151084,0,0,96.1988,1.02865,0.0234492,10.3919,0.000718665,0.0024948003835450947,0.02592571610576227,0.012613599616454904,-0.03920231610576227
10.4,0.599423,0.000615406,10.4138,0.119921,-0.0149499,0.015,0,0,96.4066,1.03353,0.0234974,10.4138,0.000615406,0.0021408165087900815,0.02229403495923815,0.012859183491209918,-0.037243934959238154
10.42,0.5,0.000513332,10.3737,0.11447,-0.016585,0.015,0,0,96.6148,1.03843,0.0235368,10.3737,0.000513332,0.0017788985470870164,0.01845375985791658,0.013221101452912984,-0.03503875985791658
10.44,0.4,0.000410666,10.4053,0.109679,-0.0186654,0.0151971,0,0,96.8223,1.04331,0.0235689,10.4053,0.000410666,0.001427427564810888,0.014852812040126733,0.013769672435189112,-0.033518212040126734
10.46,0.3,0.000307999,10.3863,0.106761,-0.0213558,0.0144114,0,0,97.0304,1.04822,0.023594,10.3863,0.000307999,0.0010686265221218464,0.011099075646714134,0.013342773477878152,-0.032454875646714135
10.48,0.205137,0.000210607,10.3807,0.105708,-0.0241208,0.014,0,0,97.238,1.05312,0.0236119,10.3807,0.000210607,0.0007303259048666619,0.007581294120649357,0.013269674095133339,-0.03170209412064936
10.5,0.2,0.000205333,10.4104,0.105748,-0.0256746,0.0138177,0,0,97.4456,1.05803,0.0236248,10.4104,0.000205333,0.0007140613302193774,0.007433664072115806,0.013103638669780622,-0.033108264072115805
10.52,0.2,0.000205333,10.3439,0.10557,-0.0251171,0.0132236,0,0,97.6538,1.06295,0.023639,10.3439,0.000205333,0.0007095289303843872,0.007339296303003063,0.012514071069615613,-0.032456396303003066
10.54,0.2,0.000205333,10.3196,0.10414,-0.0236305,0.013,0,0,97.8606,1.06784,0.0236533,10.3196,0.000205333,0.0007078725918762324,0.007304961999125967,0.012292127408123767,-0.030935461999125967
10.56,0.296198,0.000304096,10.3685,0.101152,-0.0244846,0.0131924,0,0,98.067,1.07272,0.0236692,10.3685,0.000304096,0.0010532880472575443,0.010921017117989847,0.012139111952742455,-0.03540561711798985
10.58,0.3,0.000307999,10.3614,0.0965454,-0.0307553,0.0126446,0,0,98.2743,1.07763,0.0236921,10.3614,0.000307999,0.0010660808695560134,0.011046090321817676,0.011578519130443988,-0.04180139032181768
10.6,0.3,0.000307999,10.3557,0.0910745,-0.0422604,0.0120112,0,0,98.4815,1.08255,0.0237136,10.3557,0.000307999,0.0010654981134016381,0.011033978812953345,0.010945701886598361,-0.05329437881295334
10.62,0.3,0.000307999,10.3689,0.0863364,-0.0540567,0.0121831,0,0,98.6886,1.08746,0.0237349,10.3689,0.000307999,0.0010668476446603031,0.011062036542718217,0.011116252355339697,-0.06511873654271821
10.64,0.3,0.000307999,10.3447,0.0836819,-0.0589537,0.0129961,0,0,98.8959,1.09238,0.0237563,10.3447,0.000307999,0.0010643734790007403,0.011010624328218957,0.01193172652099926,-0.06996432432821896
10.66,0.3,0.000307999,10.3637,0.0845024,-0.0529198,0.0124084,0,0,99.1028,1.0973,0.0237777,10.3637,0.000307999,0.0010663160150462584,0.011050979285134908,0.011342083984953741,-0.06397077928513491
10.68,0.3,0.000307999,10.3505,0.0897893,-0.0381483,0.011447,0,0,99.31,1.10223,0.0237991,10.3505,0.000307999,0.0010649664708814162,0.0110229354568581,0.010382033529118585,-0.0491712354568581
10.7,0.2,0.000205333,10.37,0.0983219,-0.021037,0.0108078,0,0,99.517,1.10716,0.0238187,10.37,0.000205333,0.0007113078783060681,0.0073762626980339255,0.010096492121693931,-0.028413262698033924
10.72,0.2,0.000205333,10.3941,0.107303,-0.00812342,0.0110912,0,0,99.7243,1.1121,0.0238312,10.3941,0.000205333,0.000712950432483908,0.007410478090280988,0.010378249567516092,-0.015533898090280988
10.74,0.2,0.000205333,10.3384,0.114205,-0.00343479,0.0122441,0,0,99.9322,1.11706,0.0238455,10.3384,0.000205333,0.0007091540454174177,0.007331518183143431,0.011534945954582583,-0.010766308183143431
10.76,0.2,0.000205333,10.3226,0.117054,-0.00765701,0.0131907,0,0,100.139,1.12199,0.0238597,10.3226,0.000205333,0.0007080770821050574,0.007309196487737666,0.012482622917894943,-0.014966206487737665
10.78,0.2,0.000205333,10.3275,0.114595,-0.0188932,0.0130189,0,0,100.345,1.12692,0.0238739,10.3275,0.000205333,0.0007084110803943197,0.007316115432772338,0.01231048891960568,-0.026209315432772336
10.8,0.1,0.000102666,10.3389,0.107052,-0.0343707,0.0125848,0,0,100.552,1.13185,0.0238864,10.3389,0.000102666,0.00035459233235317963,0.003666094664966289,0.01223020766764682,-0.03803679466496629
10.82,0.1,0.000102666,10.339,0.0965069,-0.0517723,0.0122,0,0,100.759,1.13679,0.0238917,10.339,0.000102666,0.0003545957403954641,0.0036661653599487035,0.011845404259604536,-0.0554384653599487
10.84,0.1,0.000102666,10.3529,0.0860932,-0.0690558,0.0123881,0,0,100.965,1.14173,0.0238988,10.3529,0.000102666,0.0003550694521839553,0.0036759985315152704,0.012033030547816046,-0.07273179853151528
10.86,0.1,0.000102666,10.3582,0.0777328,-0.0823921,0.0118187,0,0,101.172,1.14668,0.0239059,10.3582,0.000102666,0.0003552500729172924,0.0036797513052918983,0.011463449927082708,-0.0860718513052919
10.88,0.1,0.000102666,10.3445,0.0707426,-0.0853779,0.0115965,0,0,101.379,1.15163,0.0239131,10.3445,0.000102666,0.00035478318175762995,0.003670054623691803,0.011241716818242369,-0.0890479546236918
10.9,0.1,0.000102666,10.3472,0.0637712,-0.072952,0.0112164,0,0,101.586,1.15658,0.0239202,10.3472,0.000102666,0.0003548751977335698,0.003671964645988794,0.01086152480226643,-0.07662396464598879
10.92,0.1,0.000102666,10.339,0.0573468,-0.0463207,0.0109944,0,0,101.793,1.16153,0.0239273,10.339,0.000102666,0.0003545957403954641,0.0036661653599487035,0.010639804259604535,-0.0499868653599487
10.94,0.1,0.000102666,10.3443,0.0535574,-0.0131957,0.0112028,0,0,102.0,1.16648,0.0239344,10.3443,0.000102666,0.000354776365741261,0.0036699131601373265,0.01084802363425874,-0.016865613160137325
10.96,0.1,0.000102666,10.3278,0.0542773,0.0158813,0.0114004,0,0,102.207,1.17143,0.0239415,10.3278,0.000102666,0.0003542140357727055,0.0036582517186533477,0.011046185964227294,0.012223048281346653
10.98,0.1,0.000102666,10.314,0.0596915,0.0319309,0.011405,0,0,102.413,1.17638,0.0239486,10.314,0.000102666,0.00035374371037019106,0.0036485126287581506,0.011051256289629809,0.02828238737124185
11.0,0.1,0.000102666,10.3305,0.0677418,0.031318,0.0115982,0,0,102.62,1.18132,0.0239557,10.3305,0.000102666,0.00035430605456875433,0.003660158696722517,0.011243893945431245,0.027657841303277482
11.02,0.1,0.000102666,10.336,0.0756615,0.0167261,0.0127621,0,0,102.826,1.18627,0.0239628,10.336,0.000102666,0.00035449349885485233,0.003664044804163754,0.012407606501145148,0.013062055195836246
11.04,0.1,0.000102666,10.3527,0.0818947,-0.00598471,0.0128018,0,0,103.033,1.19122,0.02397,10.3527,0.000102666,0.0003550626362727708,0.0036758569545411145,0.01244673736372723,-0.009660566954541115
11.06,0.1,0.000102666,10.3638,0.085628,-0.0314539,0.0118075,0,0,103.24,1.19619,0.0239771,10.3638,0.000102666,0.00035544091555312143,0.00368371856060944,0.011452059084446879,-0.03513761856060944
11.08,0.1,0.000102666,10.345,0.085757,-0.0551802,0.0121649,0,0,103.447,1.20116,0.0239842,10.345,0.000102666,0.00035480022178759985,0.0036704082943927207,0.0118100997782124,-0.05885060829439272
11.1,0.1,0.000102666,10.339,0.0822205,-0.0729123,0.0128,0,0,103.654,1.20612,0.0239913,10.339,0.000102666,0.0003545957403954641,0.0036661653599487035,0.012445404259604536,-0.07657846535994871
11.12,0.1,0.000102666,10.3223,0.0771443,-0.0825724,0.0124031,0,0,103.861,1.21108,0.0239984,10.3223,0.000102666,0.00035402658866810354,0.003654368656208765,0.012049073411331896,-0.08622676865620876
11.14,0.1,0.000102666,10.3271,0.0726353,-0.0851874,0.0118,0,0,104.067,1.21604,0.0240056,10.3271,0.000102666,0.0003541901789734403,0.003657757397276615,0.011445809821026559,-0.08884515739727661
11.16,0.1,0.000102666,10.2823,0.0688242,-0.0820316,0.0118,0,0,104.273,1.221,0.0240127,10.2823,0.000102666,0.0003526632802271512,0.0036261896462796363,0.011447336719772848,-0.08565778964627964
11.18,0.1,0.000102666,10.2552,0.0647283,-0.0733068,0.0121383,0,0,104.479,1.22593,0.0240197,10.2552,0.000102666,0.0003517395821672354,0.003607159763041432,0.011786560417832765,-0.07691395976304144
11.2,0.1,0.000102666,10.2777,0.0585102,-0.060242,0.0123916,0,0,104.684,1.23086,0.0240268,10.2777,0.000102666,0.0003525064933670502,0.0036229559868785318,0.012039093506632948,-0.06386495598687852
11.22,0.1,0.000102666,10.2696,0.0481677,-0.0458357,0.0118097,0,0,104.89,1.2358,0.0240339,10.2696,0.000102666,0.0003522304089584983,0.003617265407840194,0.011457469591041502,-0.049452965407840194
11.24,0.1,0.000102666,10.2611,0.0345563,-0.0334318,0.0115959,0,0,105.095,1.24074,0.0240409,10.2611,0.000102666,0.0003519406863679482,0.0036112985768901535,0.01124395931363205,-0.03704309857689015
11.26,0.1,0.000102666,10.2585,0.0209423,-0.0254225,0.0101893,0,0,105.3,1.24567,0.024048,10.2585,0.000102666,0.0003518520644441035,0.0036094744030998353,0.009837447935555896,-0.029031974403099837
11.28,0.1,0.000102666,10.2719,0.00883986,-0.0224904,0.0092183,0,0,105.505,1.25061,0.0240551,10.2719,0.000102666,0.00035230880371135156,0.0036188808008426323,0.008865991196288649,-0.026109280800842634
11.3,0.1,0.000102666,10.2805,-0.00209729,-0.0238012,0.008406,0,0,105.711,1.25555,0.0240621,10.2805,0.000102666,0.00035260192900386675,0.003624924131124252,0.008053398070996134,-0.027426124131124253
11.32,0.1,0.000102666,10.2509,-0.0104057,-0.0283682,0.00876142,0,0,105.916,1.2605,0.0240692,10.2509,0.000102666,0.0003515930133379526,0.003604144820426018,0.008409826986662048,-0.03197234482042602
11.34,0.1,0.000102666,10.2306,-0.012115,-0.0357083,0.0096,0,0,106.121,1.26543,0.0240762,10.2306,0.000102666,0.00035090105664002674,0.0035899283500614577,0.009249098943359972,-0.03929822835006146
11.36,0.2,0.000205333,10.2528,-0.00381262,-0.0443376,0.0094009,0,0,106.326,1.27036,0.024085,10.2528,0.000205333,0.0007033189855745981,0.00721098889529924,0.008697581014425401,-0.05154858889529924
11.38,0.2,0.000205333,10.2421,0.0150174,-0.050186,0.00997222,0,0,106.531,1.2753,0.0241009,10.2421,0.000205333,0.0007025895390125964,0.007195992317520914,0.009269630460987404,-0.05738199231752092
11.4,0.2,0.000205333,10.2307,0.0419573,-0.0484069,0.0119689,0,0,106.735,1.28023,0.024115,10.2307,0.000205333,0.0007018123560328084,0.007180031670864853,0.01126708764396719,-0.055586931670864856
11.42,0.2,0.000205333,10.2529,0.0712273,-0.0377036,0.0124,0,0,106.94,1.28517,0.0241291,10.2529,0.000205333,0.0007033258027652037,0.007211129123171357,0.011696674197234795,-0.044914729123171356
11.44,0.2,0.000205333,10.2865,0.0937112,-0.0215682,0.0128116,0,0,107.145,1.29012,0.0241432,10.2865,0.000205333,0.0007056163084810886,0.007258322157190718,0.01210598369151891,-0.02882652215719072
11.46,0.2,0.000205333,10.2997,0.101457,-0.0053209,0.0131905,0,0,107.351,1.29509,0.0241574,10.2997,0.000205333,0.0007065161115864832,0.0072769039945073015,0.012483983888413517,-0.0125978039945073
11.48,0.2,0.000205333,10.2807,0.0929012,0.00648133,0.0126073,0,0,107.557,1.30007,0.0241715,10.2807,0.000205333,0.0007052209335892302,0.007250164851950799,0.01190207906641077,-0.0007688348519507985
11.5,0.199158,0.000204469,10.2778,0.0724849,0.011037,0.012,0,0,107.762,1.30504,0.0241857,10.2778,0.000204469,0.0007020566483600622,0.007215597820515046,0.011297943351639937,0.0038214021794849536
11.52,0.1,0.000102666,10.2778,0.0475632,0.00737996,0.0121878,0,0,107.968,1.31001,0.024198,10.2778,0.000102666,0.00035250990179104725,0.0036230262686280253,0.011835290098208953,0.0037569337313719743
11.54,0.1,0.000102666,10.2639,0.026339,-0.00474339,0.0118008,0,0,108.173,1.31498,0.0242033,10.2639,0.000102666,0.0003520361248934438,0.0036132635822938176,0.011448763875106556,-0.008356653582293818
11.56,0.1,0.000102666,10.275,0.0145959,-0.0253752,0.0121972,0,0,108.379,1.31995,0.0242104,10.275,0.000102666,0.000352414465684074,0.0036210586349038603,0.011844785534315927,-0.028996258634903863
11.58,0.1,0.000102666,10.275,0.0123397,-0.0529268,0.0129684,0,0,108.584,1.32493,0.0242174,10.275,0.000102666,0.000352414465684074,0.0036210586349038603,0.012615985534315926,-0.056547858634903865
11.6,0.2,0.000205333,10.2581,0.0150042,-0.082894,0.0122,0,0,108.789,1.32991,0.0242263,10.2581,0.000205333,0.0007036802949665048,0.007218422833795903,0.011496319705033496,-0.0901124228337959
11.62,0.2,0.000205333,10.25,0.0180336,-0.109159,0.012404,0,0,108.995,1.33488,0.0242422,10.25,0.000205333,0.0007031281037339021,0.007207063063272497,0.011700871896266098,-0.1163660630632725
11.64,0.2,0.000205333,10.25,0.0191372,-0.127049,0.0126,0,0,109.199,1.33985,0.0242563,10.25,0.000205333,0.0007031281037339021,0.007207063063272497,0.011896871896266098,-0.13425606306327248
11.66,0.2,0.000205333,10.2363,0.0172448,-0.134576,0.0126,0,0,109.404,1.34482,0.0242704,10.2363,0.000205333,0.0007021941321401202,0.007187869794825912,0.01189780586785988,-0.14176386979482591
11.68,0.2,0.000205333,10.2169,0.0124286,-0.130993,0.012806,0,0,109.609,1.34979,0.0242845,10.2169,0.000205333,0.0007008715340548859,0.007160734376285364,0.012105128465945114,-0.13815373437628536
11.7,0.2,0.000205333,10.2357,0.00660244,-0.115891,0.0126173,0,0,109.813,1.35475,0.0242985,10.2357,0.000205333,0.0007021532277429912,0.0071870297932089345,0.011915146772257008,-0.12307802979320893
11.72,0.2,0.000205333,10.2497,0.00189905,-0.0902532,0.0116,0,0,110.018,1.35973,0.0243126,10.2497,0.000205333,0.0007031076520504245,0.0072066425012212365,0.010896892347949575,-0.09745984250122124
11.74,0.2,0.000205333,10.2147,-0.000782377,-0.057481,0.011388,0,0,110.223,1.36471,0.0243267,10.2147,0.000205333,0.00070072154576525,0.0071576603735283,0.01068727845423475,-0.06463866037352829
11.76,0.2,0.000205333,10.2384,-0.00140611,-0.022944,0.0110074,0,0,110.427,1.36969,0.0243408,10.2384,0.000205333,0.0007023372971788277,0.00719081018343571,0.010305062702821173,-0.03013481018343571
11.78,0.2,0.000205333,10.2415,-0.000726075,0.00728367,0.0117431,0,0,110.632,1.37467,0.0243549,10.2415,0.000205333,0.00070254863504671,0.0071951518458308805,0.011040551364953289,8.851815416911941e-05
11.8,0.2,0.000205333,10.2167,0.000226315,0.0270017,0.011591,0,0,110.837,1.37966,0.024369,10.2167,0.000205333,0.0007008578987805579,0.007160454894471326,0.010890142101219443,0.019841245105528673
11.82,0.2,0.000205333,10.2193,0.00161102,0.0308735,0.0114,0,0,111.041,1.38464,0.024383,10.2193,0.000205333,0.0007010351569609751,0.007164088579531293,0.010698964843039026,0.023709411420468708
11.84,0.2,0.000205333,10.225,0.00465325,0.0171988,0.0114,0,0,111.245,1.38962,0.0243971,10.225,0.000205333,0.0007014237585072996,0.0071720579307371374,0.0106985762414927,0.010026742069262863
11.86,0.2,0.000205333,10.236,0.00984321,-0.0107094,0.0119948,0,0,111.45,1.39461,0.0244112,10.236,0.000205333,0.0007021736799471307,0.00718744978793883,0.01129262632005287,-0.01789684978793883
11.88,0.3,0.000307999,10.2201,0.0159966,-0.0462451,0.0123822,0,0,111.654,1.39961,0.024427,10.2201,0.000307999,0.0010516328579296224,0.010747792971326534,0.011330567142070378,-0.05699289297132653
11.9,0.300919,0.000308943,10.225,0.0206108,-0.0809349,0.0130037,0,0,111.859,1.40461,0.0244499,10.225,0.000308943,0.0010553586811346,0.010791042514601286,0.0119483413188654,-0.09172594251460128
11.92,0.4,0.000410666,10.2305,0.021338,-0.105105,0.0135958,0,0,112.063,1.40961,0.0244728,10.2305,0.000410666,0.0014035975013779814,0.014359504237847437,0.012192202498622018,-0.11946450423784744
11.94,0.4,0.000410666,10.2246,0.0180606,-0.110713,0.012587,0,0,112.268,1.41462,0.0245027,10.2246,0.000410666,0.0014027930358530623,0.014342997674383223,0.011184206964146936,-0.12505599767438322
11.96,0.493915,0.000507085,10.2008,0.0127338,-0.0950958,0.0122,0,0,112.472,1.41963,0.0245325,10.2008,0.000507085,0.0017281433704452954,0.01762844489323837,0.010471856629554705,-0.11272424489323836
11.98,0.5,0.000513332,10.2054,0.00743511,-0.0621876,0.0122,0,0,112.676,1.42464,0.0245689,10.2054,0.000513332,0.001750217168747634,0.017861666293937102,0.010449782831252367,-0.0800492662939371
12.0,0.5,0.000513332,10.2001,0.00393105,-0.0211535,0.0125947,0,0,112.88,1.42966,0.0246042,10.2001,0.000513332,0.0017493138096318127,0.017843175789625455,0.010845386190368188,-0.03899667578962546
12.02,0.5,0.000513332,10.1806,0.00371366,0.0162876,0.0132,0,0,113.084,1.43468,0.0246393,10.1806,0.000513332,0.0017459900552682886,0.01777522635666434,0.01145400994473171,-0.0014876263566643393
12.04,0.5,0.000513332,10.1861,0.0070002,0.0397334,0.0132,0,0,113.288,1.4397,0.0246743,10.1861,0.000513332,0.001746927536318045,0.017794378577689236,0.011453072463681956,0.021939021422310766
12.06,0.5,0.000513332,10.2026,0.0123744,0.0441151,0.0118153,0,0,113.491,1.44473,0.0247093,10.2026,0.000513332,0.001749739923502841,0.017851896543530085,0.01006556007649716,0.026263203456469913
12.08,0.5,0.000513332,10.2028,0.0170721,0.0314492,0.0121883,0,0,113.695,1.44978,0.0247444,10.2028,0.000513332,0.0017497740125291736,0.017852594295032654,0.010438525987470826,0.013596605704967343
12.1,0.5,0.000513332,10.2,0.017775,0.00879569,0.0124,0,0,113.899,1.45483,0.0247795,10.2,0.000513332,0.0017492967650368436,0.0178428270033758,0.010650703234963156,-0.009047137003375802
12.12,0.5,0.000513332,10.1946,0.0131402,-0.0158583,0.0122113,0,0,114.103,1.45989,0.0248146,10.1946,0.000513332,0.0017483763523258914,0.017823997561421532,0.010462923647674108,-0.033682297561421534
12.14,0.5,0.000513332,10.1861,0.00503508,-0.0361215,0.0122,0,0,114.307,1.46495,0.0248497,10.1861,0.000513332,0.001746927536318045,0.017794378577689236,0.010453072463681956,-0.05391587857768924
12.16,0.5,0.000513332,10.211,-0.00379487,-0.0477242,0.012598,0,0,114.511,1.47002,0.0248847,10.211,0.000513332,0.001751171651973416,0.01788121373830055,0.010846828348026584,-0.06560541373830055
12.18,0.5,0.000513332,10.2111,-0.0116006,-0.0492326,0.0129714,0,0,114.715,1.4751,0.0249199,10.2111,0.000513332,0.0017511886962286913,0.01788156289606079,0.011220211303771307,-0.06711416289606079
12.2,0.5,0.000513332,10.1809,-0.0176977,-0.042526,0.0134,0,0,114.919,1.48019,0.024955,10.1809,0.000513332,0.0017460411908386167,0.017776270759808872,0.011653958809161384,-0.060302270759808874
12.22,0.5,0.000513332,10.1833,-0.0222404,-0.0316548,0.0133988,0,0,115.123,1.48528,0.02499,10.1833,0.000513332,0.0017464502744029896,0.01778462707932796,0.01165234972559701,-0.049439427079327955
12.24,0.5,0.000513332,10.1556,-0.0248616,-0.0209173,0.0132208,0,0,115.326,1.49037,0.0250251,10.1556,0.000513332,0.0017417286603902214,0.01768829958345893,0.011479071339609778,-0.03860559958345893
12.26,0.5,0.000513332,10.1556,-0.0240572,-0.0136191,0.0141736,0,0,115.529,1.49546,0.02506,10.1556,0.000513332,0.0017417286603902214,0.01768829958345893,0.012431871339609778,-0.031307399583458934
12.28,0.5,0.000513332,10.1749,-0.0192118,-0.0121044,0.0140034,0,0,115.732,1.50055,0.025095,10.1749,0.000513332,0.0017450184741649303,0.01775538847278075,0.012258381525835069,-0.02985978847278075
12.3,0.5,0.000513332,10.1777,-0.0119481,-0.0180668,0.0132,0,0,115.936,1.50566,0.02513,10.1777,0.000513332,0.0017454957433257813,0.017765132026846802,0.011454504256674219,-0.0358319320268468
12.32,0.5,0.000513332,10.1668,-0.0052981,-0.0315093,0.0133953,0,0,116.139,1.51078,0.025165,10.1668,0.000513332,0.0017436377890738086,0.017727216673955597,0.011651662210926192,-0.049236516673955594
12.34,0.5,0.000513332,10.1748,-0.00240776,-0.0493024,0.0133946,0,0,116.342,1.5159,0.0252,10.1748,0.000513332,0.001745001428793107,0.017755040537684105,0.011649598571206893,-0.06705744053768412
12.36,0.5,0.000513332,10.1616,-0.0047294,-0.0657794,0.0130134,0,0,116.546,1.52103,0.025235,10.1616,0.000513332,0.0017427514126963069,0.017709142755254793,0.011270648587303693,-0.0834885427552548
12.38,0.5,0.000513332,10.1421,-0.0107953,-0.0754627,0.0120093,0,0,116.749,1.52616,0.0252699,10.1421,0.000513332,0.001739427427258797,0.017641446910001444,0.010269872572741204,-0.09310414691000143
12.4,0.5,0.000513332,10.1442,-0.0174112,-0.0759816,0.0122105,0,0,116.952,1.53129,0.0253048,10.1442,0.000513332,0.0017397854005328293,0.017648731060085125,0.010470714599467171,-0.09363033106008511
12.42,0.5,0.000513332,10.1281,-0.0216021,-0.0688796,0.0126,0,0,117.155,1.53642,0.0253397,10.1281,0.000513332,0.001737040904187369,0.017592923981700093,0.01086295909581263,-0.08647252398170009
12.44,0.5,0.000513332,10.122,-0.0220774,-0.0575269,0.0132044,0,0,117.357,1.54156,0.0253746,10.122,0.000513332,0.001736001043196212,0.017571802559232057,0.011468398956803788,-0.07509870255923205
12.46,0.5,0.000513332,10.0834,-0.0201389,-0.0446714,0.0139994,0,0,117.559,1.5467,0.0254094,10.0834,0.000513332,0.001729420675218194,0.017438440436495138,0.012269979324781806,-0.06210984043649514
12.48,0.5,0.000513332,10.1081,-0.018316,-0.0322788,0.0138033,0,0,117.761,1.55183,0.0254441,10.1081,0.000513332,0.001733631481318633,0.017523720376316873,0.012069668518681366,-0.049802520376316876
12.5,0.5,0.000513332,10.1139,-0.0178035,-0.0228346,0.0139978,0,0,117.963,1.55697,0.0254789,10.1139,0.000513332,0.001734620226558973,0.017543775509394795,0.012263179773441026,-0.0403783755093948
12.52,0.594484,0.000610335,10.1058,-0.0179193,-0.0193803,0.0130331,0,0,118.165,1.56213,0.0255153,10.1058,0.000610335,0.002060765160622036,0.020825680560214173,0.010972334839377965,-0.04020598056021417
12.54,0.6,0.000615999,10.1139,-0.0174199,-0.0234647,0.0120006,0,0,118.367,1.56729,0.0255584,10.1139,0.000615999,0.0020815463798025467,0.021052551930684976,0.009919053620197453,-0.04451725193068498
12.56,0.6,0.000615999,10.1083,-0.0161382,-0.0333233,0.012001,0,0,118.57,1.57246,0.0256002,10.1083,0.000615999,0.002080400798155808,0.021029315387998352,0.009920599201844191,-0.05435261538799835
12.58,0.6,0.000615999,10.0921,-0.0154812,-0.0440607,0.0127682,0,0,118.772,1.57764,0.025642,10.0921,0.000615999,0.0020770867293033565,0.020962166980802405,0.010691113270696644,-0.06502286698080241
12.6,0.7,0.000718665,10.0917,-0.0166217,-0.0493638,0.0128,0,0,118.974,1.58282,0.0256854,10.0917,0.000718665,0.002423170807224183,0.024453912835264286,0.010376829192775817,-0.07381771283526428
12.62,0.7,0.000718665,10.0862,-0.0189524,-0.0443453,0.0126,0,0,119.175,1.58801,0.0257357,10.0862,0.000718665,0.002421858110304728,0.024427345272155544,0.010178141889695272,-0.06877264527215554
12.64,0.7,0.000718665,10.064,-0.0214253,-0.028503,0.01301,0,0,119.377,1.59321,0.0257843,10.064,0.000718665,0.0024165594568571324,0.02432025437381018,0.010593440543142868,-0.05282325437381018
12.66,0.7,0.000718665,10.0772,-0.0241421,-0.00670326,0.0135845,0,0,119.578,1.5984,0.0258328,10.0772,0.000718665,0.0024197100329165938,0.024383901943707098,0.011164789967083406,-0.031087161943707097
12.68,0.7,0.000718665,10.024,-0.0275579,0.0125917,0.0139876,0,0,119.78,1.60361,0.0258813,10.024,0.000718665,0.0024070118033172228,0.024127886316451838,0.011580588196682777,-0.011536186316451837
12.7,0.7,0.000718665,10.0112,-0.0308338,0.0214252,0.0134043,0,0,119.98,1.6088,0.0259296,10.0112,0.000718665,0.0024039564105089095,0.024066488416886796,0.01100034358949109,-0.002641288416886798
12.72,0.7,0.000718665,10.0555,-0.0316991,0.0169308,0.0132003,0,0,120.18,1.614,0.0259778,10.0555,0.000718665,0.002414530637482478,0.024279312825205058,0.010785769362517522,-0.0073485128252050586
12.74,0.8,0.000821331,10.0553,-0.0287591,0.0024279,0.0136158,0,0,120.381,1.61923,0.026028,10.0553,0.000821331,0.0027594077343467754,0.02774667259117713,0.010856392265653225,-0.02531877259117713
12.76,0.8,0.000821331,10.0421,-0.0237599,-0.0158363,0.0143766,0,0,120.582,1.62447,0.0260851,10.0421,0.000821331,0.0027558069368489604,0.027674088840530943,0.011620793063151039,-0.04351038884053095
12.78,0.8,0.000821331,10.0417,-0.020064,-0.0320383,0.0144,0,0,120.783,1.62971,0.0261403,10.0417,0.000821331,0.0027556978204498622,0.027671890803611383,0.011644302179550137,-0.05971019080361138
12.8,0.8,0.000821331,10.0306,-0.0194386,-0.0419086,0.0147976,0,0,120.984,1.63497,0.0261956,10.0306,0.000821331,0.00275266980934597,0.027610929789625687,0.01204493019065403,-0.06951952978962568
12.82,0.8,0.000821331,10.0224,-0.0213776,-0.043316,0.0144114,0,0,121.184,1.64023,0.0262508,10.0224,0.000821331,0.002750432861797339,0.027565938314077647,0.01166096713820266,-0.07088193831407764
12.84,0.9,0.000923998,10.0444,-0.0243667,-0.0370111,0.0142,0,0,121.385,1.64549,0.0263077,10.0444,0.000923998,0.0031009909317188077,0.03114759331455639,0.011099009068281193,-0.06815869331455639
12.86,0.9,0.000923998,9.989,-0.0272115,-0.0259229,0.0142,0,0,121.585,1.65078,0.0263717,9.989,0.000923998,0.0030839884577533627,0.030805960704498342,0.011116011542246639,-0.05672886070449834
12.88,0.9,0.000923998,9.99959,-0.0293947,-0.0129522,0.0147672,0,0,121.785,1.65606,0.0264335,9.99959,0.000923998,0.0030872386990786218,0.030871121222919594,0.011679961300921377,-0.0438233212229196
12.9,0.9,0.000923998,9.99179,-0.0302304,-1.00005e-06,0.0146056,0,0,121.985,1.66135,0.0264954,9.99179,0.000923998,0.0030848447595517277,0.030823121020041356,0.011520755240448273,-0.030824121070041358
12.92,1.0,0.00102666,9.97786,-0.0289086,0.0110528,0.0142,0,0,122.185,1.66665,0.026559,9.97786,0.00102666,0.0034228402405690637,0.03415262072276444,0.010777159759430936,-0.02309982072276444
12.94,1.1,0.00112933,9.98338,-0.0259485,0.0177794,0.0143931,0,0,122.384,1.67196,0.0266311,9.98338,0.00112933,0.0037672085876482918,0.0376094748697562,0.010625891412351708,-0.0198300748697562
12.96,1.19532,0.00122719,9.98604,-0.0233966,0.0181667,0.0142,0,0,122.584,1.67728,0.02671,9.98604,0.00122719,0.004094733687050869,0.04089017438823746,0.010105266312949132,-0.022723474388237457
12.98,1.3,0.00133466,9.96393,-0.0232557,0.0122984,0.0150042,0,0,122.784,1.68262,0.0267956,9.96393,0.00133466,0.004443524326230331,0.04427496533985618,0.01056067567376967,-0.031976565339856176
13.0,1.30243,0.00133716,9.97259,-0.026221,0.00301889,0.0160097,0,0,122.983,1.68797,0.0268866,9.97259,0.00133716,0.004455694200808614,0.04443481143004198,0.011554005799191388,-0.041415921430041976
13.02,1.4,0.00143733,9.99962,-0.031258,-0.0055985,0.016012,0,0,123.182,1.69334,0.0269777,9.99962,0.00143733,0.004802386830205664,0.048022043395061165,0.011209613169794335,-0.053620543395061164
13.04,1.4,0.00143733,9.98333,-0.0359342,-0.0104197,0.0152079,0,0,123.382,1.69875,0.0270757,9.98333,0.00143733,0.004794609535806093,0.04786616921709905,0.010413290464193908,-0.05828586921709905
13.06,1.4,0.00143733,9.98323,-0.0380397,-0.00991976,0.0158029,0,0,123.582,1.70416,0.0271718,9.98323,0.00143733,0.004794561792359642,0.047865213122338546,0.01100833820764036,-0.057784973122338545
13.08,1.4,0.00143733,9.95851,-0.0368727,-0.00385074,0.0162,0,0,123.781,1.7096,0.027268,9.95851,0.00143733,0.004782759353009173,0.047629156844535385,0.011417240646990826,-0.05147989684453538
13.1,1.4,0.00143733,9.94421,-0.0329357,0.00665225,0.0170115,0,0,123.98,1.71503,0.027364,9.94421,0.00143733,0.004775931654521675,0.047492867318210986,0.012235568345478324,-0.04084061731821099
13.12,1.49883,0.0015388,9.92234,-0.0277156,0.0184967,0.0176,0,0,124.179,1.72049,0.0274614,9.92234,0.0015388,0.005101915064852481,0.05062293592458837,0.01249808493514752,-0.03212623592458837
13.14,1.5,0.00154,9.93611,-0.0234815,0.0269839,0.0174179,0,0,124.378,1.72594,0.0275655,9.93611,0.00154,0.00511293824318464,0.05080271680748933,0.01230496175681536,-0.02381881680748933
13.16,1.5,0.00154,9.93611,-0.0220951,0.0279803,0.0178,0,0,124.576,1.73143,0.0276681,9.93611,0.00154,0.00511293824318464,0.05080271680748933,0.01268706175681536,-0.02282241680748933
13.18,1.58815,0.0016305,9.93611,-0.0240614,0.0202724,0.0168948,0,0,124.775,1.73694,0.0277721,9.93611,0.0016305,0.0054134068849732596,0.05378820628385165,0.011481393115026741,-0.033515806283851646
13.2,1.6,0.00164266,9.93889,-0.0283402,0.00595617,0.0160001,0,0,124.973,1.74247,0.0278824,9.93889,0.00164266,0.005455296250758616,0.05421958935370231,0.010544803749241383,-0.048263419353702305
13.22,1.7,0.00174533,9.9201,-0.0328353,-0.0106415,0.0161864,0,0,125.172,1.74802,0.0279937,9.9201,0.00174533,0.005785370999234303,0.0573914588495042,0.010401029000765697,-0.06803295884950421
13.24,1.7,0.00174533,9.90563,-0.0360654,-0.0242979,0.0173923,0,0,125.37,1.75359,0.0281115,9.90563,0.00174533,0.005776981085152034,0.057224637146514545,0.011615318914847964,-0.08152253714651454
13.26,1.7,0.00174533,9.93871,-0.0380056,-0.0307091,0.0174021,0,0,125.568,1.75917,0.0282274,9.93871,0.00174533,0.0057961610304814275,0.05760636359525607,0.011605938969518573,-0.08831546359525606
13.28,1.7,0.00174533,9.93344,-0.0387929,-0.0283648,0.0172,0,0,125.767,1.76479,0.0283436,9.93344,0.00174533,0.00579310553365388,0.057545466232218796,0.011406894466346119,-0.0859102662322188
13.3,1.7,0.00174533,9.89163,-0.0383961,-0.0191339,0.0170024,0,0,125.966,1.77043,0.0284598,9.89163,0.00174533,0.005768863480606958,0.057063463070676196,0.011233536519393043,-0.07619736307067619
13.32,1.7,0.00174533,9.8862,-0.0372347,-0.00698735,0.0173932,0,0,126.163,1.77607,0.0285755,9.8862,0.00174533,0.00576571495596831,0.05700101119769391,0.011627485044031691,-0.06398836119769391
13.34,1.7,0.00174533,9.88304,-0.0354584,0.00456257,0.0178,0,0,126.361,1.78173,0.0286912,9.88304,0.00174533,0.005763882651572553,0.056964682800797604,0.012036117348427446,-0.0524021128007976
13.36,1.7,0.00174533,9.85573,-0.0331596,0.0140769,0.0176,0,0,126.559,1.78741,0.0288068,9.85573,0.00174533,0.00574804671180298,0.05665119641891798,0.01185195328819702,-0.04257429641891798
13.38,1.7,0.00174533,9.87201,-0.0314486,0.0210543,0.017989,0,0,126.756,1.7931,0.0289221,9.87201,0.00174533,0.005757486901881062,0.05683796827023886,0.01223151309811894,-0.035783668270238864
13.4,1.7,0.00174533,9.88308,-0.0316117,0.024306,0.0184,0,0,126.953,1.79882,0.0290375,9.88308,0.00174533,0.0057639058453625765,0.05696514258218597,0.012636094154637423,-0.03265914258218597
13.42,1.7,0.00174533,9.85604,-0.0341474,0.0227399,0.018,0,0,127.151,1.80457,0.0291531,9.85604,0.00174533,0.005748226472235213,0.05665475003940915,0.012251773527764786,-0.03391485003940915
13.44,1.7,0.00174533,9.88611,-0.0387107,0.0168175,0.0178,0,0,127.348,1.81033,0.0292684,9.88611,0.00174533,0.005765662770224207,0.05699997636934124,0.012034337229775793,-0.04018247636934124
13.46,1.7,0.00174533,9.88575,-0.0437413,0.00844114,0.017996,0,0,127.545,1.81613,0.0293841,9.88575,0.00174533,0.005765454027165362,0.056995837149049974,0.01223054597283464,-0.048554697149049975
13.48,1.7,0.00174533,9.85084,-0.0473612,0.000302983,0.0174187,0,0,127.743,1.82195,0.0294997,9.85084,0.00174533,0.005745211123054017,0.05659515553942543,0.011673488876945982,-0.05629217253942543
13.5,1.7,0.00174533,9.85,-0.0489698,-0.00479661,0.0175891,0,0,127.94,1.82777,0.0296149,9.85,0.00174533,0.0057447240256131415,0.05658553165228944,0.011844375974386858,-0.06138214165228944
13.52,1.7,0.00174533,9.87447,-0.048658,-0.00505636,0.0178,0,0,128.137,1.83361,0.0297302,9.87447,0.00174533,0.005758913344533772,0.0568662170531984,0.012041086655466228,-0.061922577053198403
13.54,1.7,0.00174533,9.83882,-0.0464787,-0.000481924,0.0178014,0,0,128.334,1.83949,0.0298457,9.83882,0.00174533,0.0057382409225107825,0.05645751955321754,0.012063159077489217,-0.05693944355321754
13.56,1.7,0.00174533,9.81945,-0.0431978,0.00714089,0.0183998,0,0,128.531,1.84538,0.0299608,9.81945,0.00174533,0.005727008269829884,0.05623607135518105,0.012672791730170118,-0.04909518135518105
13.58,1.7,0.00174533,9.83575,-0.0398372,0.0151334,0.0188,0,0,128.727,1.85127,0.0300756,9.83575,0.00174533,0.005736460656472294,0.05642239290189737,0.013063539343527707,-0.04128899290189737
13.6,1.7,0.00174533,9.83334,-0.0366422,0.0211276,0.0188014,0,0,128.924,1.8572,0.0301907,9.83334,0.00174533,0.0057350631119504,0.056394825501266344,0.0130663368880496,-0.03526722550126635
13.62,1.7,0.00174533,9.84667,-0.0336713,0.0234055,0.0178478,0,0,129.12,1.86314,0.0303057,9.84667,0.00174533,0.005742793025146485,0.05654738779691914,0.012105006974853515,-0.03314188779691914
13.64,1.7,0.00174533,9.84176,-0.0314114,0.0207566,0.0176,0,0,129.317,1.86912,0.0304209,9.84176,0.00174533,0.005739945793741754,0.056491168915015856,0.011860054206258247,-0.035734568915015856
13.66,1.7,0.00174533,9.84439,-0.0305316,0.0133303,0.0172166,0,0,129.514,1.87512,0.030536,9.84439,0.00174533,0.005741470892217229,0.05652127863663437,0.01147512910778277,-0.043190978636634375
13.68,1.60647,0.00164931,9.86331,-0.0314401,0.00349813,0.0164129,0,0,129.711,1.88114,0.0306496,9.86331,0.00164931,0.005435968714265627,0.053616644579103305,0.010976931285734374,-0.0501185145791033
13.7,1.6,0.00164266,9.87497,-0.033615,-0.00529673,0.0167988,0,0,129.908,1.8872,0.0307569,9.87497,0.00164266,0.005420414333373608,0.05352642892963438,0.01137838566662639,-0.05882315892963438
13.72,1.6,0.00164266,9.84161,-0.0358569,-0.0105551,0.017,0,0,130.105,1.89328,0.0308655,9.84161,0.00164266,0.005402207823617346,0.053166422538990704,0.011597792176382654,-0.0637215225389907
13.74,1.6,0.00164266,9.83346,-0.0375325,-0.0113614,0.0171939,0,0,130.302,1.89937,0.0309739,9.83346,0.00164266,0.005397759728881716,0.0530786543835692,0.011796140271118286,-0.0644400543835692
13.76,1.6,0.00164266,9.85511,-0.0386202,-0.00796495,0.0174,0,0,130.499,1.90547,0.0310821,9.85511,0.00164266,0.005409575693914412,0.053311963516852856,0.011990424306085587,-0.061276913516852854
13.78,1.6,0.00164266,9.82353,-0.0390286,-0.00162758,0.0179829,0,0,130.696,1.91161,0.0311906,9.82353,0.00164266,0.005392340062893457,0.05297181437803576,0.012590559937106543,-0.054599394378035765
13.8,1.6,0.00164266,9.79511,-0.0387885,0.00526551,0.0182,0,0,130.892,1.91774,0.0312988,9.79511,0.00164266,0.005376828274832396,0.05266662440309355,0.012823171725167604,-0.047401114403093546
13.82,1.6,0.00164266,9.79168,-0.0380038,0.00981398,0.018,0,0,131.088,1.92388,0.0314066,9.79168,0.00164266,0.005374956110587815,0.052629850248920494,0.012625043889412184,-0.042815870248920494
13.84,1.6,0.00164266,9.7998,-0.0365203,0.00993882,0.0178,0,0,131.283,1.93004,0.0315144,9.7998,0.00164266,0.005379388154805832,0.05271692803946619,0.012420611845194168,-0.04277810803946619
13.86,1.6,0.00164266,9.78929,-0.0344414,0.00532504,0.0178,0,0,131.479,1.93623,0.0316223,9.78929,0.00164266,0.0053736515930421745,0.052604233803251826,0.012426348406957825,-0.04727919380325182
13.88,1.50486,0.00154498,9.78618,-0.0323771,-0.00253608,0.0179903,0,0,131.675,1.94243,0.0317285,9.78618,0.00154498,0.005052512841880655,0.04944480012295563,0.012937787158119347,-0.05198088012295563
13.9,1.5,0.00154,9.78056,-0.0309981,-0.011172,0.0177939,0,0,131.871,1.94865,0.0318281,9.78056,0.00154,0.0050333509826069765,0.049228991286446484,0.012760549017393024,-0.060400991286446486
13.92,1.5,0.00154,9.78056,-0.030546,-0.0182574,0.0174006,0,0,132.066,1.95488,0.031929,9.78056,0.00154,0.0050333509826069765,0.049228991286446484,0.012367249017393021,-0.06748639128644648
13.94,1.5,0.00154,9.79103,-0.0302665,-0.0222334,0.0169901,0,0,132.262,1.96114,0.0320299,9.79103,0.00154,0.0050387086436788926,0.04933414749151934,0.011951391356321108,-0.07156754749151933
13.96,1.5,0.00154,9.76728,-0.0289542,-0.0227452,0.0169899,0,0,132.457,1.96742,0.032131,9.76728,0.00154,0.0050265552609178215,0.04909577266885742,0.011963344739082178,-0.07184097266885742
13.98,1.4,0.00143733,9.73341,-0.0266602,-0.0207623,0.0176027,0,0,132.653,1.9737,0.0322301,9.73341,0.00143733,0.004675262913820268,0.04550625079800733,0.01292743708617973,-0.06626855079800734
14.0,1.3,0.00133466,9.74358,-0.0249194,-0.0176686,0.018,0,0,132.847,1.97998,0.0323206,9.74358,0.00133466,0.0043458141406491,0.04234378774454576,0.013654185859350899,-0.06001238774454576
14.02,1.29752,0.00133211,9.70281,-0.02509,-0.0143438,0.018005,0,0,133.042,1.98629,0.032406,9.70281,0.00133211,0.004319462750886375,0.04191092637392783,0.013685537249113625,-0.056254726373927824
14.04,1.2,0.001232,9.70553,-0.0269984,-0.0112269,0.0182,0,0,133.236,1.99259,0.032491,9.70553,0.001232,0.003995962163661386,0.03878293065828049,0.014204037836338616,-0.05000983065828049
14.06,1.2,0.001232,9.73848,-0.0289191,-0.00885403,0.0178096,0,0,133.43,1.9989,0.0325695,9.73848,0.001232,0.004009452469962268,0.039045972689678146,0.013800147530037731,-0.047900002689678145
14.08,1.2,0.001232,9.72806,-0.0289196,-0.00798528,0.0168333,0,0,133.625,2.00525,0.0326499,9.72806,0.001232,0.004005186422685643,0.038962693831071295,0.012828113577314355,-0.0469479738310713
14.1,1.10235,0.00113174,9.71954,-0.0266163,-0.00882326,0.0162047,0,0,133.819,2.01161,0.0327286,9.71954,0.00113174,0.003676040226533068,0.03572942002339722,0.01252865977346693,-0.04455268002339722
14.12,1.1,0.00112933,9.74111,-0.0232307,-0.0103828,0.016389,0,0,134.013,2.01798,0.0328006,9.74111,0.00112933,0.0036763072897110865,0.035811313702877566,0.012712692710288914,-0.046194113702877564
14.14,1.0,0.00102666,9.72789,-0.0203653,-0.011173,0.0164034,0,0,134.208,2.02437,0.0328726,9.72789,0.00102666,0.003337575163332317,0.03246756405562881,0.013065824836667682,-0.043640564055628814
14.16,1.0,0.00102666,9.7196,-0.0196881,-0.010191,0.016,0,0,134.402,2.03077,0.0329379,9.7196,0.00102666,0.0033347467981159735,0.03241240497896802,0.012665253201884026,-0.042603404978968015
14.18,0.917956,0.000942433,9.71944,-0.0225084,-0.00726041,0.0156718,0,0,134.597,2.03718,0.0330034,9.71944,0.000942433,0.003061114496615077,0.029752318682980446,0.012610685503384922,-0.037012728682980445
14.2,0.9,0.000923998,9.71396,-0.0285494,-0.00322504,0.015,0,0,134.791,2.0436,0.0330631,9.71396,0.000923998,0.0029995530630844143,0.029137538472679476,0.012000446936915585,-0.032362578472679475
14.22,0.8,0.000821331,9.66545,-0.0361593,-1.72372e-05,0.0155726,0,0,134.985,2.05003,0.0331213,9.66545,0.000821331,0.0026530261694884,0.025642691789881655,0.0129195738305116,-0.025659928989881654
14.24,0.700461,0.000719138,9.68606,-0.0429883,0.000307699,0.0156018,0,0,135.178,2.05643,0.0331712,9.68606,0.000719138,0.0023278526915389715,0.022547720841407968,0.013273947308461029,-0.022240021841407966
14.26,0.7,0.000718665,9.67502,-0.0457422,-0.00290727,0.0154,0,0,135.372,2.06286,0.0332162,9.67502,0.000718665,0.0023236847580682977,0.022481696508005942,0.013076315241931702,-0.025388966508005942
14.28,0.7,0.000718665,9.65589,-0.0419985,-0.00889379,0.0152075,0,0,135.565,2.06929,0.0332628,9.65589,0.000718665,0.0023191155674631165,0.02239312481671143,0.012888384432536884,-0.031286914816711434
14.3,0.7,0.000718665,9.67777,-0.0330242,-0.0168501,0.0149992,0,0,135.758,2.07572,0.0333093,9.67777,0.000718665,0.0023243415818092043,0.022494443230185665,0.012674858418190797,-0.039344543230185665
14.32,0.7,0.000718665,9.67506,-0.0228006,-0.0264888,0.0142298,0,0,135.952,2.08217,0.0333559,9.67506,0.000718665,0.0023236943118904057,0.02248188188919839,0.011906105688109596,-0.04897068188919839
14.34,0.699435,0.000718085,9.6445,-0.0149908,-0.0370478,0.0138011,0,0,136.145,2.08863,0.0334025,9.6445,0.000718085,0.0023145255488829473,0.022322441656201588,0.011486574451117053,-0.05937024165620158
14.36,0.6,0.000615999,9.66377,-0.0116805,-0.0460458,0.0136047,0,0,136.338,2.09507,0.0334473,9.66377,0.000615999,0.0019894279100068336,0.019225373753886738,0.011615272089993167,-0.06527117375388673
14.38,0.6,0.000615999,9.68,-0.013007,-0.0495497,0.0130292,0,0,136.531,2.10154,0.0334855,9.68,0.000615999,0.001992750613011158,0.01928982593394801,0.01103644938698884,-0.06883952593394801
14.4,0.6,0.000615999,9.65839,-0.017312,-0.0447473,0.0133979,0,0,136.725,2.10803,0.0335255,9.65839,0.000615999,0.0019883264636913734,0.019204032433652124,0.011409573536308627,-0.06395133243365211
14.42,0.597766,0.000613705,9.6555,-0.0229532,-0.0326396,0.0139911,0,0,136.918,2.11451,0.0335653,9.6555,0.000613705,0.001980332400510279,0.019121099493127,0.01201076759948972,-0.051760699493127
14.44,0.5,0.000513332,9.65004,-0.0296359,-0.0176733,0.0134029,0,0,137.111,2.12099,0.0336034,9.65004,0.000513332,0.0016555124482938396,0.015975761346533484,0.011747387551706161,-0.03364906134653348
14.46,0.5,0.000513332,9.66101,-0.0374795,-0.00489906,0.0126036,0,0,137.304,2.12748,0.033635,9.66101,0.000513332,0.0016573840357995994,0.016012003743700286,0.0109462159642004,-0.020911063743700286
14.48,0.5,0.000513332,9.64211,-0.045842,0.00244027,0.0135701,0,0,137.497,2.13398,0.0336682,9.64211,0.000513332,0.0016541594921174881,0.015949587780540956,0.011915940507882512,-0.013509317780540956
14.5,0.5,0.000513332,9.6362,-0.0527794,0.00364289,0.0136,0,0,137.689,2.14047,0.0337014,9.6362,0.000513332,0.001653151161003241,0.01593009521765943,0.011946848838996759,-0.012287205217659431
14.52,0.5,0.000513332,9.62805,-0.0552652,-0.000658254,0.013414,0,0,137.882,2.14697,0.0337345,9.62805,0.000513332,0.00165176063690563,0.01590323400015925,0.011762239363094371,-0.01656148800015925
14.54,0.5,0.000513332,9.59742,-0.0516173,-0.0102855,0.0136,0,0,138.074,2.15347,0.0337677,9.59742,0.000513332,0.0016465344818362298,0.015802482966664668,0.011953465518163769,-0.026087982966664668
14.56,0.5,0.000513332,9.59448,-0.0434835,-0.0251704,0.0141943,0,0,138.266,2.15995,0.0338007,9.59448,0.000513332,0.0016460328384864757,0.015792829148201723,0.012548267161513525,-0.04096322914820172
14.58,0.5,0.000513332,9.58906,-0.0340999,-0.0432837,0.0137035,0,0,138.458,2.16644,0.0338337,9.58906,0.000513332,0.0016451080336175419,0.015775039640840625,0.012058391966382458,-0.05905873964084063
14.6,0.5,0.000513332,9.58889,-0.026019,-0.0597142,0.0132075,0,0,138.65,2.17293,0.0338667,9.58889,0.000513332,0.0016450790266847007,0.015774481828186658,0.0115624209733153,-0.07548868182818666
14.62,0.5,0.000513332,9.61666,-0.020984,-0.0685174,0.0128,0,0,138.841,2.17942,0.0338997,9.61666,0.000513332,0.0016498172830449274,0.01586573187316683,0.011150182716955073,-0.08438313187316684
14.64,0.5,0.000513332,9.59242,-0.0200526,-0.0665018,0.0127788,0,0,139.034,2.18595,0.0339327,9.59242,0.000513332,0.0016456813453906852,0.01578606665115252,0.011133118654609316,-0.08228786665115252
14.66,0.5,0.000513332,9.6189,-0.0232549,-0.0554281,0.0124,0,0,139.225,2.19246,0.0339657,9.6189,0.000513332,0.0016501994732704634,0.01587310371344126,0.010749800526729535,-0.07130120371344126
14.68,0.5,0.000513332,9.61619,-0.0293753,-0.0403051,0.0130938,0,0,139.418,2.19899,0.0339988,9.61619,0.000513332,0.0016497370911602767,0.01586418531864454,0.011444062908839722,-0.05616928531864454
14.7,0.5,0.000513332,9.58402,-0.0358845,-0.0259307,0.0130079,0,0,139.61,2.20553,0.0340319,9.58402,0.000513332,0.0016442480598087396,0.01575850629016816,0.01136365194019126,-0.04168920629016816
14.72,0.5,0.000513332,9.59436,-0.0399971,-0.014908,0.0129968,0,0,139.801,2.21206,0.0340649,9.59436,0.000513332,0.0016460123631943386,0.015792435176937236,0.011350787636805661,-0.030700435176937234
14.74,0.6,0.000615999,9.57817,-0.0408189,-0.00800328,0.013,0,0,139.993,2.2186,0.0340996,9.57817,0.000615999,0.001971901836907373,0.018887211017211095,0.011028098163092626,-0.026890491017211096
14.76,0.6,0.000615999,9.59937,-0.0394665,-0.00523388,0.0131893,0,0,140.185,2.22513,0.0341407,9.59937,0.000615999,0.00197624264498919,0.018970684359029884,0.01121305735501081,-0.024204564359029884
14.78,0.6,0.000615999,9.57548,-0.0369037,-0.00593867,0.0139853,0,0,140.376,2.23169,0.0341804,9.57548,0.000615999,0.001971351034497141,0.018876632403806683,0.01201394896550286,-0.024815302403806683
14.8,0.6,0.000615999,9.55835,-0.0336817,-0.00856679,0.0141998,0,0,140.568,2.23824,0.0342199,9.55835,0.000615999,0.0019678434493003855,0.01880933643362034,0.012231956550699615,-0.02737612643362034
14.82,0.6,0.000615999,9.58525,-0.0310872,-0.0114454,0.0136249,0,0,140.759,2.24478,0.0342594,9.58525,0.000615999,0.0019733515204251157,0.01891506766115484,0.011651548479574884,-0.03036046766115484
14.84,0.6,0.000615999,9.60272,-0.0304684,-0.0136096,0.0130039,0,0,140.95,2.25135,0.0342989,9.60272,0.000615999,0.0019769285602265567,0.01898389142385876,0.011026971439773443,-0.032593491423858756
14.86,0.6,0.000615999,9.59174,-0.0324589,-0.0147772,0.0135919,0,0,141.142,2.25794,0.0343386,9.59174,0.000615999,0.0019746803816385093,0.018940620803777355,0.011617219618361492,-0.03371782080377736
14.88,0.6,0.000615999,9.58364,-0.0370521,-0.0149987,0.0144,0,0,141.334,2.26453,0.0343782,9.58364,0.000615999,0.00197302186228911,0.018908731240308407,0.01242697813771089,-0.03390743124030841
14.9,0.6,0.000615999,9.55272,-0.0428737,-0.0144477,0.0142019,0,0,141.526,2.27112,0.0344178,9.55272,0.000615999,0.0019666906129778435,0.018787244752405705,0.012235209387022156,-0.03323494475240571
14.92,0.6,0.000615999,9.54202,-0.0472573,-0.013366,0.014587,0,0,141.717,2.2777,0.0344572,9.54202,0.000615999,0.0019644995793273155,0.01874529427593283,0.012622500420672684,-0.03211129427593283
14.94,0.500863,0.000514218,9.51125,-0.0484997,-0.0121396,0.0153983,0,0,141.907,2.28428,0.034495,9.51125,0.000514218,0.001634647019558686,0.015547536464777552,0.013763652980441314,-0.02768713646477755
14.96,0.5,0.000513332,9.51664,-0.047144,-0.0114554,0.0150021,0,0,142.097,2.29084,0.0345261,9.51664,0.000513332,0.0016327503220956122,0.015538297025267989,0.013369349677904388,-0.026993697025267986
14.98,0.5,0.000513332,9.52207,-0.0445631,-0.012457,0.0148191,0,0,142.288,2.29741,0.0345588,9.52207,0.000513332,0.0016336769470857604,0.015555986247536905,0.013185423052914239,-0.028012986247536904
15.0,0.5,0.000513332,9.53311,-0.0419089,-0.0167646,0.0140244,0,0,142.478,2.304,0.0345916,9.53311,0.000513332,0.0016355608876814866,0.015591981853965257,0.012388839112318513,-0.032356581853965255
15.02,0.5,0.000513332,9.53611,-0.0400941,-0.0257722,0.0138,0,0,142.668,2.31059,0.0346244,9.53611,0.000513332,0.0016360728219794304,0.015601770398406267,0.012163927178020568,-0.04137397039840626
15.04,0.5,0.000513332,9.53611,-0.0390946,-0.0386114,0.0138,0,0,142.859,2.3172,0.0346572,9.53611,0.000513332,0.0016360728219794304,0.015601770398406267,0.012163927178020568,-0.054213170398406264
15.06,0.5,0.000513332,9.51424,-0.038676,-0.050239,0.0132126,0,0,143.05,2.32381,0.03469,9.51424,0.000513332,0.001632340761379281,0.01553048176554521,0.01158025923862072,-0.0657694817655452
15.08,0.5,0.000513332,9.49962,-0.0397482,-0.0526699,0.0128,0,0,143.24,2.33041,0.0347227,9.49962,0.000513332,0.0016298458181639756,0.015482915931146866,0.011170154181836025,-0.06815281593114686
15.1,0.5,0.000513332,9.48073,-0.0425236,-0.0401784,0.0129961,0,0,143.43,2.33701,0.0347554,9.48073,0.000513332,0.0016266220966130028,0.015421564910021793,0.011369477903386997,-0.055599964910021796
15.12,0.5,0.000513332,9.48328,-0.0455688,-0.0147968,0.0127991,0,0,143.619,2.3436,0.034788,9.48328,0.000513332,0.0016270572794132897,0.015429839756714463,0.011172042720586712,-0.03022663975671446
15.14,0.5,0.000513332,9.45861,-0.0480455,0.0135807,0.0124,0,0,143.809,2.3502,0.0348207,9.45861,0.000513332,0.0016228470208131853,0.015349877059533803,0.010777152979186815,-0.0017691770595338035
15.16,0.5,0.000513332,9.46918,-0.049218,0.0332562,0.0124,0,0,143.998,2.35679,0.0348532,9.46918,0.000513332,0.0016246509511321245,0.01538411229344129,0.010775349048867875,0.01787208770655871
15.18,0.5,0.000513332,9.47733,-0.0472823,0.0371793,0.0125769,0,0,144.187,2.36339,0.0348858,9.47733,0.000513332,0.0016260418499735054,0.015410535206009402,0.010950858150026496,0.0217687647939906
15.2,0.5,0.000513332,9.46635,-0.0422618,0.0247474,0.0130076,0,0,144.376,2.37001,0.0349184,9.46635,0.000513332,0.0016241679719835103,0.015374942481586103,0.011383432028016489,0.009372457518413896
15.22,0.5,0.000513332,9.45027,-0.0366782,-0.00034717,0.0133934,0,0,144.566,2.37662,0.034951,9.45027,0.000513332,0.0016214236511085244,0.015322891287361355,0.011771976348891475,-0.015670061287361356
15.24,0.5,0.000513332,9.48052,-0.0320536,-0.0321397,0.0136,0,0,144.755,2.38323,0.0349835,9.48052,0.000513332,0.0016265862579461887,0.015420883550184,0.011973413742053811,-0.047560583550184
15.26,0.5,0.000513332,9.47788,-0.0286657,-0.0627893,0.0136,0,0,144.944,2.38986,0.0350161,9.47788,0.000513332,0.0016261357136255921,0.015412319157457728,0.011973864286374408,-0.07820161915745774
15.28,0.5,0.000513332,9.45005,-0.0275728,-0.083791,0.0138953,0,0,145.133,2.3965,0.0350487,9.45005,0.000513332,0.0016213861039161316,0.015322179751312639,0.012273913896083868,-0.09911317975131265
15.3,0.5,0.000513332,9.45547,-0.0292748,-0.089339,0.0142,0,0,145.322,2.40313,0.0350812,9.45547,0.000513332,0.0016223111261651313,0.015339714184120614,0.012577688873834869,-0.10467871418412061
15.32,0.5,0.000513332,9.44744,-0.0322991,-0.0797153,0.013632,0,0,145.511,2.40976,0.0351137,9.44744,0.000513332,0.0016209406566215915,0.015313739596993088,0.012011059343378408,-0.09502903959699309
15.34,0.5,0.000513332,9.45274,-0.0348864,-0.061183,0.0133951,0,0,145.7,2.4164,0.0351462,9.45274,0.000513332,0.001621845202726201,0.015330881021618071,0.0117732547972738,-0.07651388102161807
15.36,0.5,0.000513332,9.43618,-0.0361309,-0.041444,0.0137982,0,0,145.889,2.42304,0.0351788,9.43618,0.000513332,0.0016190188961356976,0.015277353727337748,0.012179181103864303,-0.05672135372733775
15.38,0.5,0.000513332,9.41734,-0.035603,-0.0248924,0.0132153,0,0,146.078,2.42968,0.0352112,9.41734,0.000513332,0.0016158033650270557,0.015216569661603892,0.011599496634972943,-0.04010896966160389
15.4,0.5,0.000513332,9.3972,-0.0335482,-0.0117904,0.0132,0,0,146.266,2.43632,0.0352436,9.3972,0.000513332,0.0016123658434239378,0.015151724303823428,0.011587634156576062,-0.02694212430382343
15.42,0.5,0.000513332,9.39446,-0.0309617,-0.000751407,0.0134,0,0,146.454,2.44294,0.035276,9.39446,0.000513332,0.0016118981676993373,0.015142912860524717,0.011788101832300663,-0.015894319860524718
15.44,0.5,0.000513332,9.40246,-0.0290923,0.00807145,0.0134,0,0,146.641,2.44957,0.0353083,9.40246,0.000513332,0.001613263638274878,0.015168646828334008,0.011786736361725123,-0.007097196828334007
15.46,0.5,0.000513332,9.38931,-0.0290067,0.0122357,0.0135874,0,0,146.829,2.45621,0.0353406,9.38931,0.000513332,0.0016110191363745857,0.015126358087353261,0.011976380863625414,-0.002890658087353261
15.48,0.5,0.000513332,9.38889,-0.0310486,0.00989782,0.0138963,0,0,147.017,2.46285,0.0353729,9.38889,0.000513332,0.0016109474480501464,0.015125008385523539,0.012285352551949853,-0.005227188385523539
15.5,0.5,0.000513332,9.38906,-0.0348289,0.0022782,0.0137978,0,0,147.205,2.46949,0.0354052,9.38906,0.000513332,0.0016109764647589428,0.0151255546862096,0.012186823535241057,-0.012847354686209601
15.52,0.5,0.000513332,9.41656,-0.0396766,-0.00758546,0.0133051,0,0,147.392,2.47614,0.0354375,9.41656,0.000513332,0.001615670235757777,0.015214055715227253,0.011689429764242223,-0.022799515715227252
15.54,0.5,0.000513332,9.41376,-0.0447997,-0.0172059,0.0129864,0,0,147.581,2.48282,0.0354699,9.41376,0.000513332,0.0016151923343865886,0.015205032989755092,0.011371207665613411,-0.032410932989755094
15.56,0.5,0.000513332,9.40585,-0.0492614,-0.0250401,0.0122264,0,0,147.769,2.4895,0.0355023,9.40585,0.000513332,0.0016138422509308357,0.015179558135917799,0.010612557749069164,-0.040219658135917796
15.58,0.5,0.000513332,9.40556,-0.0515516,-0.0296899,0.0127901,0,0,147.957,2.49618,0.0355347,9.40556,0.000513332,0.0016137927532211258,0.015178624567986491,0.011176307246778875,-0.04486852456798649
15.6,0.5,0.000513332,9.38359,-0.0500747,-0.0301579,0.0134,0,0,148.145,2.50286,0.035567,9.38359,0.000513332,0.0016100428053578656,0.015107981567928013,0.011789957194642134,-0.04526588156792802
15.62,0.5,0.000513332,9.39139,-0.0451562,-0.0270255,0.0136103,0,0,148.332,2.50954,0.0355993,9.39139,0.000513332,0.001611374163527145,0.015133043205607193,0.011998925836472855,-0.04215854320560719
15.64,0.5,0.000513332,9.35873,-0.038892,-0.0223383,0.0143954,0,0,148.52,2.51623,0.0356316,9.35873,0.000513332,0.0016057994125270435,0.015028243135999217,0.012789600587472956,-0.037366543135999214
15.66,0.5,0.000513332,9.34461,-0.0327802,-0.0180773,0.0140092,0,0,148.707,2.5229,0.0356638,9.34461,0.000513332,0.0016033891692415166,0.014983046464785968,0.012405810830758483,-0.03306034646478597
15.68,0.4,0.000410666,9.37421,-0.0279329,-0.0152776,0.0134114,0,0,148.894,2.52957,0.0356944,9.37421,0.000410666,0.0012867546037679625,0.012062307874187671,0.012124645396232038,-0.02733990787418767
15.7,0.4,0.000410666,9.35569,-0.0264874,-0.0143029,0.0135973,0,0,149.081,2.53626,0.0357186,9.35569,0.000410666,0.001284225608716208,0.01201481668521014,0.012313074391283792,-0.02631771668521014
15.72,0.4,0.000410666,9.34494,-0.030358,-0.0153067,0.0136,0,0,149.268,2.54294,0.0357443,9.34494,0.000410666,0.0012827576088269357,0.011987292889031184,0.012317242391173064,-0.027293992889031185
15.74,0.4,0.000410666,9.3494,-0.0403868,-0.0183911,0.0141003,0,0,149.455,2.54962,0.03577,9.3494,0.000410666,0.0012833666612633537,0.011998708262815598,0.012816933338736645,-0.0303898082628156
15.76,0.4,0.000410666,9.33086,-0.0569709,-0.0234208,0.0138064,0,0,149.642,2.55631,0.0357958,9.33086,0.000410666,0.0012808348307629485,0.011951290488972765,0.012525565169237052,-0.03537209048897276
15.78,0.4,0.000410666,9.33589,-0.0790598,-0.0294906,0.0134171,0,0,149.828,2.56299,0.0358215,9.33589,0.000410666,0.0012815217374546523,0.011964145973485513,0.012135578262545348,-0.041454745973485516
15.8,0.3,0.000307999,9.3196,-0.104019,-0.0345045,0.0125899,0,0,150.015,2.56968,0.0358455,9.3196,0.000307999,0.0009594712605193117,0.008941888359535776,0.011630428739480688,-0.04344638835953578
15.82,0.3,0.000307999,9.32494,-0.129273,-0.0358328,0.0124,0,0,150.201,2.57636,0.0358632,9.32494,0.000307999,0.0009600182003536038,0.008952112117205334,0.011439981799646396,-0.04478491211720533
15.84,0.3,0.000307999,9.31916,-0.151685,-0.0319682,0.0122,0,0,150.387,2.58305,0.0358824,9.31916,0.000307999,0.0009594261941001757,0.008941046211010594,0.011240573805899825,-0.040909246211010594
15.86,0.3,0.000307999,9.30327,-0.168216,-0.023573,0.0122,0,0,150.574,2.58974,0.0359017,9.30327,0.000307999,0.0009577986598502076,0.00891065953822464,0.011242201340149794,-0.032483659538224643
15.88,0.3,0.000307999,9.25662,-0.18083,-0.0129654,0.012962,0,0,150.76,2.59642,0.0359209,9.25662,0.000307999,0.0009530202841139172,0.008821746622334568,0.012008979715886083,-0.021787146622334566
15.9,0.2,0.000205333,9.23086,-0.19733,-0.00311278,0.0133927,0,0,150.945,2.60307,0.0359384,9.23086,0.000205333,0.0006335886982299267,0.005848568570942701,0.012759111301770074,-0.0089613485709427
15.92,0.2,0.000205333,9.25499,-0.225805,0.00269693,0.0128135,0,0,151.129,2.6097,0.0359495,9.25499,0.000205333,0.000635236564077987,0.005879108048176128,0.012178263435922014,-0.003182178048176128
15.94,0.2,0.000205333,9.2334,-0.269434,0.00134666,0.0124,0,0,151.314,2.61635,0.0359622,9.2334,0.000205333,0.0006337621608649996,0.005851779536130887,0.011766237839135,-0.004505119536130886
15.96,0.2,0.000205333,9.24445,-0.323058,-0.00856006,0.0122,0,0,151.498,2.62299,0.0359749,9.24445,0.000205333,0.0006345167832104258,0.005865758676549621,0.011565483216789576,-0.01442581867654962
15.98,0.2,0.000205333,9.27172,-0.373613,-0.0251702,0.011808,0,0,151.683,2.62964,0.0359876,9.27172,0.000205333,0.000636379036946426,0.005900328244436918,0.011171620963053575,-0.03107052824443692
16.0,0.2,0.000205333,9.24999,-0.40754,-0.0432985,0.0118,0,0,151.868,2.63631,0.0360004,9.24999,0.000205333,0.0006348951136069729,0.005872773451913364,0.011165104886393027,-0.04917127345191336
16.02,0.2,0.000205333,9.22839,-0.418391,-0.0561661,0.011612,0,0,152.053,2.64297,0.0360131,9.22839,0.000205333,0.0006334200153685843,0.005845446935627289,0.010978579984631417,-0.062011546935627285
16.04,0.2,0.000205333,9.21667,-0.408757,-0.0581849,0.0112002,0,0,152.238,2.64961,0.0360258,9.21667,0.000205333,0.0006326196161330418,0.005830646237424923,0.010567580383866959,-0.06401554623742492
16.06,0.2,0.000205333,9.18056,-0.388575,-0.0474239,0.0106001,0,0,152.422,2.65625,0.0360385,9.18056,0.000205333,0.0006301534432137753,0.005785161494630657,0.009969946556786223,-0.05320906149463066
16.08,0.2,0.000205333,9.16145,-0.369819,-0.0266221,0.0111846,0,0,152.605,2.66286,0.0360511,9.16145,0.000205333,0.0006288482455670079,0.005761161759349865,0.010555751754432992,-0.032383261759349864
16.1,0.2,0.000205333,9.15003,-0.35976,-0.00221642,0.0121972,0,0,152.788,2.66947,0.0360637,9.15003,0.000205333,0.0006280682493675252,0.005746843323760336,0.011569131750632474,-0.007963263323760336
16.12,0.2,0.000205333,9.11936,-0.359377,0.0179236,0.0129947,0,0,152.971,2.67606,0.0360763,9.11936,0.000205333,0.0006259733893977114,0.005708476688337913,0.012368726610602288,0.012215123311662088
16.14,0.2,0.000205333,9.10575,-0.365445,0.0274727,0.0124055,0,0,153.153,2.68264,0.0360889,9.10575,0.000205333,0.0006250437491302816,0.005691492118643062,0.011780456250869719,0.021781207881356936
16.16,0.2,0.000205333,9.13553,-0.372037,0.0248725,0.01317,0,0,153.335,2.68921,0.0361014,9.13553,0.000205333,0.0006270778655656058,0.005728688653210559,0.012542922134434394,0.01914381134678944
16.18,0.2,0.000205333,9.13876,-0.373805,0.0137723,0.0141601,0,0,153.518,2.6958,0.0361139,9.13876,0.000205333,0.0006272984841132221,0.00573273029467455,0.013532801515886778,0.00803956970532545
16.2,0.2,0.000205333,9.11111,-0.369635,-0.000605973,0.0141944,0,0,153.7,2.7024,0.0361265,9.11111,0.000205333,0.0006254098700039504,0.005698178120691693,0.013568990129996048,-0.006304151120691693
16.22,0.2,0.000205333,9.11111,-0.361826,-0.0149665,0.0138089,0,0,153.882,2.70898,0.0361391,9.11111,0.000205333,0.0006254098700039504,0.005698178120691693,0.01318349012999605,-0.02066467812069169
16.24,0.2,0.000205333,9.0834,-0.353517,-0.0280831,0.0130028,0,0,154.064,2.71556,0.0361516,9.0834,0.000205333,0.0006235170728753406,0.005663654979755868,0.01237928292712466,-0.03374675497975587
16.26,0.2,0.000205333,9.07778,-0.347735,-0.0392131,0.0124005,0,0,154.246,2.72213,0.0361641,9.07778,0.000205333,0.0006231331751478781,0.005656665874693905,0.011777366824852122,-0.04486976587469391
16.28,0.2,0.000205333,9.07778,-0.346213,-0.0474086,0.0124,0,0,154.427,2.72869,0.0361766,9.07778,0.000205333,0.0006231331751478781,0.005656665874693905,0.011776866824852121,-0.05306526587469391
16.3,0.2,0.000205333,9.07732,-0.348298,-0.0519512,0.0126042,0,0,154.608,2.73526,0.0361891,9.07732,0.000205333,0.0006231017527599508,0.005656094002362957,0.011981098247240049,-0.05760729400236296
16.32,0.2,0.000205333,9.03592,-0.351624,-0.052514,0.0133317,0,0,154.79,2.74182,0.0362015,9.03592,0.000205333,0.0006202736425815291,0.0056047430124752905,0.012711426357418471,-0.058118743012475285
16.34,0.2,0.000205333,9.05256,-0.353845,-0.0487765,0.013796,0,0,154.97,2.74836,0.036214,9.05256,0.000205333,0.0006214103742278373,0.005625354697319951,0.013174589625772162,-0.05440185469731995
16.36,0.2,0.000205333,9.03015,-0.354913,-0.040354,0.0136,0,0,155.151,2.75492,0.0362264,9.03015,0.000205333,0.0006198794683286711,0.00559760458092815,0.012980120531671328,-0.04595160458092815
16.38,0.2,0.000205333,8.9897,-0.357884,-0.0274908,0.0136,0,0,155.332,2.76146,0.0362389,8.9897,0.000205333,0.0006171160474222236,0.005547688131511563,0.012982883952577776,-0.03303848813151156
16.4,0.2,0.000205333,8.96689,-0.365859,-0.0121303,0.012792,0,0,155.511,2.76797,0.0362512,8.96689,0.000205333,0.0006155576589008273,0.005519637816021239,0.012176442341099172,-0.01764993781602124
16.42,0.2,0.000205333,8.97758,-0.378563,0.0019331,0.0126,0,0,155.69,2.77447,0.0362636,8.97758,0.000205333,0.0006162880111253308,0.005532774922918547,0.011983711988874669,-0.003599674922918547
16.44,0.2,0.000205333,8.95811,-0.392509,0.0105361,0.0122,0,0,155.87,2.78097,0.0362759,8.95811,0.000205333,0.0006149577906185495,0.005508859533717935,0.011585042209381452,0.005027240466282065
16.46,0.2,0.000205333,8.93342,-0.403277,0.0112525,0.0122027,0,0,156.049,2.78747,0.0362882,8.93342,0.000205333,0.0006132708724028306,0.005478606276940895,0.011589429127597169,0.005773893723059105
16.48,0.2,0.000205333,8.94426,-0.407679,0.00478305,0.0125926,0,0,156.227,2.79395,0.0363005,8.94426,0.000205333,0.0006140115121195393,0.00549187860739031,0.011978588487880462,-0.0007088286073903107
16.5,0.2,0.000205333,8.9362,-0.404843,-0.00558501,0.0126,0,0,156.406,2.80044,0.0363128,8.9362,0.000205333,0.0006134608162757165,0.005482008546403057,0.011986539183724283,-0.011067018546403056
16.52,0.2,0.000205333,8.92536,-0.396667,-0.0161798,0.0122287,0,0,156.584,2.80693,0.0363251,8.92536,0.000205333,0.0006127201670877371,0.005468748070518205,0.011615979832912264,-0.021648548070518206
16.54,0.2,0.000205333,8.93872,-0.387768,-0.0241526,0.012,0,0,156.763,2.81341,0.0363374,8.93872,0.000205333,0.0006136329948897049,0.005485093524080503,0.011386367005110296,-0.0296376935240805
16.56,0.2,0.000205333,8.90883,-0.382309,-0.027044,0.0123936,0,0,156.941,2.8199,0.0363497,8.90883,0.000205333,0.0006115907209099707,0.005448557762164374,0.011782009279090028,-0.03249255776216437
16.58,0.2,0.000205333,8.87372,-0.380155,-0.0235026,0.0131636,0,0,157.119,2.82638,0.0363619,8.87372,0.000205333,0.0006091916601728843,0.005405796218709327,0.012554408339827116,-0.028908396218709324
16.6,0.2,0.000205333,8.86733,-0.378491,-0.0158999,0.0140301,0,0,157.296,2.83283,0.0363742,8.86733,0.000205333,0.0006087550181934028,0.005398031635476907,0.013421344981806598,-0.02129793163547691
16.62,0.2,0.000205333,8.88838,-0.375768,-0.0109404,0.0145942,0,0,157.474,2.83927,0.0363864,8.88838,0.000205333,0.0006101933918199957,0.005423630739985013,0.013984006608180005,-0.016364030739985012
16.64,0.2,0.000205333,8.853,-0.372302,-0.0154528,0.0144,0,0,157.651,2.84574,0.0363986,8.853,0.000205333,0.0006077758035441553,0.005380639188776407,0.013792224196455843,-0.020833439188776406
16.66,0.2,0.000205333,8.83894,-0.369028,-0.0307433,0.0144,0,0,157.828,2.85218,0.0364108,8.83894,0.000205333,0.0006068150174163227,0.0053636015300418316,0.013793184982583678,-0.036106901530041834
16.68,0.2,0.000205333,8.86054,-0.366697,-0.0508137,0.0142113,0,0,158.005,2.85861,0.0364229,8.86054,0.000205333,0.0006082910385681501,0.005389787078874637,0.013603008961431849,-0.05620348707887464
16.7,0.2,0.000205333,8.83618,-0.365926,-0.0659137,0.0138,0,0,158.182,2.86507,0.0364351,8.83618,0.000205333,0.0006066264111053795,0.005360260161281133,0.01319337358889462,-0.07127396016128114
16.72,0.2,0.000205333,8.81936,-0.36767,-0.0688168,0.0139938,0,0,158.358,2.8715,0.0364473,8.81936,0.000205333,0.0006054769883311753,0.005339919531808434,0.013388323011668826,-0.07415671953180843
16.74,0.2,0.000205333,8.8085,-0.371735,-0.0585992,0.0130174,0,0,158.534,2.87793,0.0364594,8.8085,0.000205333,0.0006047348360151729,0.00532680680303965,0.012412665163984827,-0.06392600680303964
16.76,0.2,0.000205333,8.7947,-0.374903,-0.0391028,0.0122072,0,0,158.71,2.88435,0.0364715,8.7947,0.000205333,0.0006037917513496948,0.005310167315595161,0.011603408248650304,-0.04441296731559516
16.78,0.2,0.000205333,8.7838,-0.373535,-0.0158218,0.0114555,0,0,158.886,2.89076,0.0364836,8.7838,0.000205333,0.0006030468367739092,0.005297042804854663,0.01085245316322609,-0.021118842804854664
16.8,0.2,0.000205333,8.80774,-0.367615,0.00570524,0.0108,0,0,159.062,2.89717,0.0364957,8.80774,0.000205333,0.0006046828985485008,0.005325889752861573,0.010195317101451499,0.00037935024713842743
16.82,0.2,0.000205333,8.74526,-0.360362,0.0216109,0.0117838,0,0,159.238,2.90359,0.0365078,8.74526,0.000205333,0.0006004128813983622,0.005250766755177841,0.011183387118601638,0.016360133244822158
16.84,0.2,0.000205333,8.7468,-0.355927,0.0308893,0.0122195,0,0,159.412,2.90997,0.0365198,8.7468,0.000205333,0.0006005181332923614,0.0052526120082816265,0.011618981866707638,0.025636687991718376
16.86,0.2,0.000205333,8.7203,-0.358293,0.0339323,0.013554,0,0,159.587,2.91636,0.0365319,8.7203,0.000205333,0.0005987069454995408,0.0052209041768396455,0.01295529305450046,0.028711395823160353
16.88,0.2,0.000205333,8.69505,-0.36971,0.030525,0.0134102,0,0,159.761,2.92273,0.0365439,8.69505,0.000205333,0.0005969811219396592,0.005190780704321434,0.012813218878060341,0.025334219295678567
16.9,0.2,0.000205333,8.66936,-0.388925,0.0200687,0.012394,0,0,159.935,2.92908,0.0365558,8.66936,0.000205333,0.0005952251555673358,0.005160221154669238,0.011798774844432664,0.01490847884533076
16.92,0.296421,0.000304325,8.66399,-0.410461,0.00258701,0.0127785,0,0,160.108,2.93541,0.0365692,8.66399,0.000304325,0.0008816419818210072,0.007638537314077388,0.011896858018178993,-0.005051527314077388
16.94,0.3,0.000307999,8.65549,-0.426323,-0.0217169,0.0136031,0,0,160.281,2.94175,0.0365883,8.65549,0.000307999,0.0008914141923922658,0.007715626628109333,0.012711685807607735,-0.029432526628109336
16.96,0.3,0.000307999,8.64727,-0.430942,-0.0524211,0.014398,0,0,160.454,2.94808,0.0366063,8.64727,0.000307999,0.0008905713719219991,0.007701011107279946,0.013507428628078,-0.06012211110727994
16.98,0.3,0.000307999,8.66366,-0.42426,-0.0857698,0.0136122,0,0,160.627,2.95441,0.0366241,8.66366,0.000307999,0.0008922518756656643,0.007730166885129589,0.012719948124334336,-0.09349996688512958
17.0,0.399489,0.000410141,8.65835,-0.409441,-0.112279,0.013998,0,0,160.8,2.96075,0.0366435,8.65835,0.000410141,0.001187425243688634,0.010281143358691484,0.012810574756311366,-0.12256014335869149
17.02,0.4,0.000410666,8.63882,-0.389972,-0.120926,0.0139952,0,0,160.973,2.96709,0.0366687,8.63882,0.000410666,0.0011862752320096908,0.010248018199789958,0.012808924767990308,-0.13117401819978997
17.04,0.4,0.000410666,8.62769,-0.369611,-0.106999,0.0133876,0,0,161.145,2.97343,0.0366925,8.62769,0.000410666,0.0011847535988820548,0.010221686777538715,0.012202846401117944,-0.11722068677753872
17.06,0.4,0.000410666,8.62505,-0.353438,-0.0755885,0.0133929,0,0,161.318,2.97976,0.0367162,8.62505,0.000410666,0.001184392668617332,0.010215445986457919,0.012208507331382668,-0.08580394598645792
17.08,0.4,0.000410666,8.60355,-0.346723,-0.0386401,0.0134,0,0,161.49,2.98609,0.03674,8.60355,0.000410666,0.0011814532201138805,0.010164691851910776,0.01221854677988612,-0.04880479185191077
17.1,0.4,0.000410666,8.56207,-0.350886,-0.00846634,0.0134083,0,0,161.662,2.99241,0.0367636,8.56207,0.000410666,0.0011757818626369045,0.01006712661262756,0.012232518137363094,-0.018533466612627558
17.12,0.4,0.000410666,8.55834,-0.361532,0.00824017,0.0134,0,0,161.833,2.9987,0.0367872,8.55834,0.000410666,0.0011752718604298253,0.01005837617399099,0.012224728139570176,-0.001818206173990991
17.14,0.4,0.000410666,8.5502,-0.371908,0.0119184,0.0136,0,0,162.004,3.005,0.0368108,8.5502,0.000410666,0.0011741588697043517,0.010039293167746148,0.012425841130295648,0.001879106832253851
17.16,0.4,0.000410666,8.55814,-0.377783,0.00728739,0.0136,0,0,162.175,3.01129,0.0368343,8.55814,0.000410666,0.0011752445143853002,0.010057907088341412,0.012424755485614699,-0.0027705170883414116
17.18,0.4,0.000410666,8.5347,-0.379107,-0.000345762,0.0137759,0,0,162.346,3.01759,0.0368578,8.5347,0.000410666,0.0011720395004444844,0.010003005524443541,0.012603860499555516,-0.01034876752444354
17.2,0.4,0.000410666,8.51389,-0.378221,-0.00739378,0.0135917,0,0,162.516,3.02388,0.0368813,8.51389,0.000410666,0.001169193998015386,0.009954389087763214,0.012422506001984614,-0.017348169087763213
17.22,0.4,0.000410666,8.51389,-0.3771,-0.0124933,0.0130077,0,0,162.686,3.03016,0.0369047,8.51389,0.000410666,0.001169193998015386,0.009954389087763214,0.011838506001984614,-0.022447689087763213
17.24,0.4,0.000410666,8.50548,-0.376176,-0.0157852,0.013,0,0,162.857,3.03644,0.0369282,8.50548,0.000410666,0.0011680440122244895,0.009934774985095152,0.01183195598777551,-0.02571997498509515
17.26,0.4,0.000410666,8.49698,-0.375259,-0.0180121,0.0129967,0,0,163.026,3.04272,0.0369516,8.49698,0.000410666,0.0011668817049644183,0.009914970509448564,0.011829818295035582,-0.027927070509448565
17.28,0.4,0.000410666,8.46942,-0.374481,-0.0198718,0.0126,0,0,163.196,3.049,0.0369749,8.46942,0.000410666,0.0011631129921458529,0.009850892437939929,0.011436887007854148,-0.02972269243793993
17.3,0.4,0.000410666,8.45838,-0.374064,-0.0215635,0.0126,0,0,163.365,3.05526,0.0369982,8.45838,0.000410666,0.001161603275234036,0.009825281911174067,0.011438396724765964,-0.031388781911174064
17.32,0.4,0.000410666,8.46107,-0.374439,-0.0224416,0.0124065,0,0,163.534,3.06151,0.0370215,8.46107,0.000410666,0.001161971134289757,0.009831519105205033,0.011244528865710243,-0.03227311910520503
17.34,0.4,0.000410666,8.4608,-0.376666,-0.0211574,0.0136152,0,0,163.703,3.06778,0.0370448,8.4608,0.000410666,0.0011619342117007289,0.009830892978357528,0.012453265788299271,-0.030988292978357528
17.36,0.4,0.000410666,8.42755,-0.381146,-0.0167688,0.0146,0,0,163.872,3.07404,0.0370681,8.42755,0.000410666,0.0011573871488802902,0.00975393806654609,0.013442612851119709,-0.026522738066546092
17.38,0.4,0.000410666,8.40592,-0.385664,-0.00981515,0.0144072,0,0,164.041,3.08029,0.0370912,8.40592,0.000410666,0.001154429043320245,0.009704038183826513,0.013252770956679755,-0.019519188183826513
17.4,0.4,0.000410666,8.38361,-0.386671,-0.0022736,0.01521,0,0,164.209,3.08652,0.0371144,8.38361,0.000410666,0.0011513778413109223,0.00965270278419266,0.014058622158689077,-0.01192630278419266
17.42,0.4,0.000410666,8.40512,-0.383364,0.00292767,0.0152161,0,0,164.376,3.09274,0.0371374,8.40512,0.000410666,0.0011543196339767361,0.009702195041930544,0.014061780366023263,-0.006774525041930544
17.44,0.4,0.000410666,8.39993,-0.378384,0.00275016,0.015,0,0,164.544,3.09898,0.0371606,8.39993,0.000410666,0.0011536098376881243,0.009690241883891604,0.013846390162311876,-0.006940081883891605
17.46,0.4,0.000410666,8.38037,-0.374023,-0.00431731,0.0147951,0,0,164.712,3.10522,0.0371837,8.38037,0.000410666,0.001150934717927523,0.009645258782078274,0.013644165282072478,-0.013962568782078275
17.48,0.4,0.000410666,8.35305,-0.37022,-0.0169399,0.0140087,0,0,164.879,3.11145,0.0372067,8.35305,0.000410666,0.001147198172903478,0.009582603698171398,0.012861501827096522,-0.0265225036981714
17.5,0.4,0.000410666,8.34448,-0.366458,-0.0313248,0.0138019,0,0,165.046,3.11767,0.0372297,8.34448,0.000410666,0.0011460260263465442,0.009562991256328212,0.012655873973653456,-0.040887791256328215
17.52,0.4,0.000410666,8.34174,-0.363635,-0.0431619,0.0132229,0,0,165.213,3.12388,0.0372527,8.34174,0.000410666,0.0011456512645627852,0.009556724979653968,0.012077248735437213,-0.052718624979653975
17.54,0.4,0.000410666,8.33615,-0.363167,-0.0493211,0.0118081,0,0,165.38,3.13009,0.0372756,8.33615,0.000410666,0.0011448866910972128,0.00954394718999003,0.010663213308902787,-0.05886504718999003
17.56,0.4,0.000410666,8.32233,-0.364301,-0.0483649,0.0125908,0,0,165.546,3.1363,0.0372985,8.32233,0.000410666,0.00114299643044265,0.009512393482965778,0.011447803569557349,-0.05787729348296578
17.58,0.4,0.000410666,8.30877,-0.363808,-0.0411443,0.0135863,0,0,165.712,3.14251,0.0373214,8.30877,0.000410666,0.001141141694327563,0.009481483875578026,0.012445158305672438,-0.05062578387557803
17.6,0.4,0.000410666,8.31382,-0.3598,-0.0313151,0.0136,0,0,165.878,3.14871,0.0373443,8.31382,0.000410666,0.001141832437412571,0.00949298935480938,0.012458167562587429,-0.04080808935480938
17.62,0.4,0.000410666,8.3001,-0.354647,-0.0236351,0.0136,0,0,166.044,3.15492,0.0373672,8.3001,0.000410666,0.0011399557927118844,0.009461747075087913,0.012460044207288115,-0.033096847075087914
17.64,0.4,0.000410666,8.26079,-0.352494,-0.020651,0.0136,0,0,166.21,3.16112,0.03739,8.26079,0.000410666,0.0011345786947851656,0.009372516336094348,0.012465421305214833,-0.030023516336094347
17.66,0.4,0.000410666,8.24756,-0.354501,-0.021091,0.0136,0,0,166.375,3.16729,0.0374127,8.24756,0.000410666,0.0011327689326336725,0.009342579738032172,0.012467231067366327,-0.030433579738032172
17.68,0.4,0.000410666,8.25274,-0.357664,-0.0209717,0.0132009,0,0,166.54,3.17346,0.0374354,8.25274,0.000410666,0.0011334775209370328,0.009354295276137887,0.012067422479062968,-0.030325995276137885
17.7,0.404351,0.000415133,8.23598,-0.358052,-0.0157449,0.0136087,0,0,166.705,3.17964,0.0374582,8.23598,0.000415133,0.001143489260117971,0.009417754676546406,0.012465210739882028,-0.025162654676546405
17.72,0.5,0.000513332,8.23065,-0.354646,-0.00287519,0.0138,0,0,166.869,3.18581,0.0374825,8.23065,0.000513332,0.0014130683230138689,0.011630470792814101,0.01238693167698613,-0.014505660792814101
17.74,0.5,0.000513332,8.22226,-0.349941,0.0157021,0.0140014,0,0,167.034,3.19197,0.0375122,8.22226,0.000513332,0.0014116336569027276,0.011606818951805022,0.012589766343097273,0.0040952810481949785
17.76,0.5,0.000513332,8.23328,-0.346953,0.0337574,0.0135934,0,0,167.198,3.19814,0.0375405,8.23328,0.000513332,0.001413518041904229,0.011637889824049251,0.012179881958095771,0.02211951017595075
17.78,0.5,0.000513332,8.22519,-0.346993,0.0439442,0.0128102,0,0,167.363,3.20432,0.0375688,8.22519,0.000513332,0.0014121346805583367,0.011615076053181624,0.011398065319441665,0.032329123946818375
17.8,0.5,0.000513332,8.20004,-0.350447,0.041046,0.0128006,0,0,167.527,3.2105,0.0375971,8.20004,0.000513332,0.0014078340153006457,0.011544295238825907,0.011392765984699354,0.029501704761174093
17.82,0.5,0.000513332,8.16789,-0.356696,0.0241202,0.0126,0,0,167.691,3.21666,0.0376253,8.16789,0.000513332,0.0014023361164790765,0.011454127142428284,0.011197663883520923,0.012666072857571717
17.84,0.5,0.000513332,8.16667,-0.363089,-0.00247395,0.013593,0,0,167.854,3.22281,0.0376534,8.16667,0.000513332,0.0014021274819811412,0.011450712443270925,0.012190872518018859,-0.013924662443270924
17.86,0.5,0.000513332,8.16391,-0.366707,-0.0306656,0.0136,0,0,168.017,3.22896,0.0376814,8.16391,0.000513332,0.0014016554878203348,0.011442989253571309,0.012198344512179665,-0.04210858925357131
17.88,0.5,0.000513332,8.1505,-0.367002,-0.0524,0.0136,0,0,168.18,3.23511,0.0377095,8.1505,0.000513332,0.0013993621849724268,0.011405501488617764,0.012200637815027572,-0.06380550148861777
17.9,0.5,0.000513332,8.13036,-0.366034,-0.062717,0.0148033,0,0,168.343,3.24125,0.0377375,8.13036,0.000513332,0.0013959178717307065,0.011349314827604467,0.013407382128269293,-0.07406631482760447
17.92,0.596752,0.000612664,8.10866,-0.366314,-0.0609971,0.015,0,0,168.505,3.24739,0.0377669,8.10866,0.000612664,0.0016616048315714485,0.013473388633570142,0.013338395168428552,-0.07447048863357014
17.94,0.6,0.000615999,8.10837,-0.368075,-0.0507784,0.0150101,0,0,168.667,3.25351,0.0378015,8.10837,0.000615999,0.001670590163555409,0.013545763164467773,0.013339509836444592,-0.06432416316446778
17.96,0.6,0.000615999,8.11101,-0.369241,-0.0382489,0.0154,0,0,168.829,3.25964,0.037835,8.11101,0.000615999,0.0016711319748490172,0.013554568159320128,0.013728868025150984,-0.05180346815932013
17.98,0.7,0.000718665,8.11111,-0.368043,-0.0296947,0.0150046,0,0,168.991,3.26578,0.0378699,8.11111,0.000718665,0.0019496766468849393,0.0158140417473149,0.013054923353115061,-0.045508741747314896
18.0,0.8,0.000821331,8.08615,-0.364929,-0.02895,0.015,0,0,169.153,3.27192,0.0379117,8.08615,0.000821331,0.002221370629851581,0.01796233611857436,0.012778629370148419,-0.04691233611857436
18.02,0.9,0.000923998,8.07502,-0.362322,-0.0354688,0.0155966,0,0,169.315,3.27805,0.037959,8.07502,0.000923998,0.0024956173154271387,0.020152159734420454,0.01310098268457286,-0.05562095973442045
18.04,0.9,0.000923998,8.07997,-0.362253,-0.0437119,0.015,0,0,169.476,3.28418,0.0380104,8.07997,0.000923998,0.0024971412296276416,0.020176826221154454,0.012502858770372358,-0.06388872622115445
18.06,0.9,0.000923998,8.06145,-0.363993,-0.0452017,0.0151928,0,0,169.638,3.29032,0.0380604,8.06145,0.000923998,0.002491439580027715,0.020084615602414424,0.012701360419972284,-0.06528631560241442
18.08,0.9,0.000923998,8.05841,-0.365295,-0.0332042,0.0148131,0,0,169.799,3.29646,0.0381103,8.05841,0.000923998,0.002490503657648089,0.020069499579827937,0.01232259634235191,-0.05327369957982794
18.1,0.9,0.000923998,8.02552,-0.365696,-0.00763101,0.0144,0,0,169.96,3.3026,0.0381602,8.02552,0.000923998,0.002480377579506902,0.01990631987188423,0.011919622420493098,-0.02753732987188423
18.12,0.9,0.000923998,8.03052,-0.366708,0.0239869,0.0146022,0,0,170.12,3.30872,0.0382099,8.03052,0.000923998,0.002481916995701399,0.01993108407232,0.0121202830042986,0.00405581592768
18.14,0.9,0.000923998,8.01602,-0.369336,0.0510765,0.0147612,0,0,170.28,3.31486,0.0382596,8.01602,0.000923998,0.0024774526585179674,0.019859310059733196,0.012283747341482033,0.0312171899402668
18.16,0.9,0.000923998,7.99756,-0.373036,0.0657927,0.0136214,0,0,170.441,3.32099,0.0383092,7.99756,0.000923998,0.0024717689621295423,0.019768120580768742,0.011149631037870459,0.04602457941923126
18.18,0.9,0.000923998,7.97941,-0.376382,0.065532,0.0140973,0,0,170.6,3.32712,0.0383587,7.97941,0.000923998,0.0024661805671322068,0.0196786658791804,0.011631119432867792,0.04585333412081961
18.2,0.9,0.000923998,7.96959,-0.378362,0.0525168,0.0149942,0,0,170.76,3.33324,0.0384081,7.96959,0.000923998,0.002463156923777683,0.019630350788169385,0.012531043076222315,0.03288644921183062
18.22,0.9,0.000923998,7.9611,-0.379357,0.0321205,0.015,0,0,170.919,3.33936,0.0384574,7.9611,0.000923998,0.0024605427623983983,0.019588626985729888,0.012539457237601602,0.012531873014270115
18.24,0.9,0.000923998,7.95499,-0.380056,0.0104557,0.0152229,0,0,171.078,3.34549,0.0385067,7.95499,0.000923998,0.002458661408934862,0.01955862692146274,0.012764238591065137,-0.009102926921462738
18.26,0.996595,0.00102317,7.93643,-0.380162,-0.00798382,0.0159864,0,0,171.237,3.35161,0.0385573,7.93643,0.00102317,0.002716219471392091,0.021557085699340332,0.01327018052860791,-0.029540905699340335
18.28,1.0,0.00102666,7.90633,-0.379496,-0.0211603,0.0163887,0,0,171.395,3.35773,0.038613,7.90633,0.00102666,0.0027151859199947234,0.02146715589483188,0.013673514080005276,-0.042627455894831884
18.3,1.0,0.00102666,7.89735,-0.378782,-0.0287324,0.0165939,0,0,171.553,3.36384,0.0386675,7.89735,0.00102666,0.0027121133941764314,0.02141850871349924,0.01388178660582357,-0.05015090871349924
18.32,1.1,0.00112933,7.90262,-0.378559,-0.0312968,0.0169887,0,0,171.711,3.36995,0.0387231,7.90262,0.00112933,0.002985318988497668,0.02359184154488144,0.01400338101150233,-0.05488864154488144
18.34,1.1,0.00112933,7.89168,-0.378813,-0.0301774,0.0168006,0,0,171.869,3.37607,0.0387843,7.89168,0.00112933,0.0029812014882001224,0.023526688160399142,0.013819398511799877,-0.05370408816039914
18.36,1.1,0.00112933,7.89718,-0.379365,-0.0272758,0.0164027,0,0,172.027,3.38219,0.038844,7.89718,0.00112933,0.002983271537380326,0.02355943231956916,0.013419428462619672,-0.05083523231956916
18.38,1.2,0.001232,7.85151,-0.379822,-0.0247192,0.0156566,0,0,172.184,3.38832,0.0389051,7.85151,0.001232,0.0032357357595695093,0.0254054116736176,0.01242086424043049,-0.0501246116736176
18.4,1.3,0.00133466,7.86365,-0.38062,-0.0240067,0.0149957,0,0,172.341,3.39443,0.0389726,7.86365,0.00133466,0.0035107633929385624,0.027607414554881325,0.011484936607061439,-0.051614114554881324
18.42,1.3,0.00133466,7.84221,-0.383252,-0.0251572,0.0146099,0,0,172.498,3.40056,0.0390443,7.84221,0.00133466,0.0035012262605710795,0.027457351592913126,0.01110867373942892,-0.05261455159291313
18.44,1.3,0.00133466,7.84165,-0.386988,-0.0264398,0.0144,0,0,172.655,3.40669,0.0391144,7.84165,0.00133466,0.003500977152547524,0.02745343748827429,0.010899022847452476,-0.05389323748827429
18.46,1.3,0.00133466,7.82497,-0.387841,-0.0247078,0.0148004,0,0,172.811,3.41282,0.0391845,7.82497,0.00133466,0.003493557203114751,0.027336980307656834,0.01130684279688525,-0.05204478030765683
18.48,1.3,0.00133466,7.80014,-0.38328,-0.016994,0.0151975,0,0,172.968,3.41896,0.0392545,7.80014,0.00133466,0.0034825114802801978,0.027164077097792783,0.011714988519719801,-0.04415807709779278
18.5,1.3,0.00133466,7.78621,-0.375359,-0.00300855,0.0154,0,0,173.124,3.42508,0.0393242,7.78621,0.00133466,0.0034763144987214694,0.027067314713090092,0.01192368550127853,-0.03007586471309009
18.52,1.3,0.00133466,7.78878,-0.36785,0.0138387,0.015,0,0,173.279,3.43121,0.0393938,7.78878,0.00133466,0.00347745781299222,0.027085153864677546,0.01152254218700778,-0.013246453864677545
18.54,1.3,0.00133466,7.78857,-0.36264,0.0280812,0.0164225,0,0,173.435,3.43734,0.0394635,7.78857,0.00133466,0.0034773643905778285,0.027083695971522756,0.01294513560942217,0.0009975040284772446
18.56,1.3,0.00133466,7.77805,-0.359693,0.035083,0.0171799,0,0,173.59,3.44349,0.0395331,7.77805,0.00133466,0.0034726843377682333,0.02701071241337821,0.013707215662231768,0.008072287586621794
18.58,1.3,0.00133466,7.75265,-0.358745,0.0331034,0.0182015,0,0,173.746,3.44964,0.0396026,7.75265,0.00133466,0.003461384310311535,0.02683490107333672,0.014740115689688464,0.006268498926663278
18.6,1.3,0.00133466,7.71954,-0.360272,0.0234626,0.0177861,0,0,173.901,3.45578,0.039672,7.71954,0.00133466,0.0034466536419762743,0.026606580655381528,0.014339446358023724,-0.003143980655381528
18.62,1.3,0.00133466,7.72489,-0.365231,0.00940406,0.0168233,0,0,174.055,3.46191,0.039741,7.72489,0.00133466,0.0034490339070879154,0.02664340753852437,0.013374266092912084,-0.017239347538524366
18.64,1.3,0.00133466,7.71939,-0.373554,-0.00496511,0.0162,0,0,174.209,3.46805,0.0398101,7.71939,0.00133466,0.003446586905319594,0.026605548491055023,0.012753413094680404,-0.031570658491055024
18.66,1.3,0.00133466,7.70277,-0.382933,-0.0156882,0.016197,0,0,174.363,3.4742,0.0398791,7.70277,0.00133466,0.003439192398812371,0.026491308033799968,0.012757807601187629,-0.04217950803379997
18.68,1.3,0.00133466,7.70002,-0.390265,-0.0205173,0.0154048,0,0,174.517,3.48034,0.0399479,7.70002,0.00133466,0.003437968863163008,0.026472429005732427,0.011966831136836992,-0.04698972900573242
18.7,1.3,0.00133466,7.66664,-0.394494,-0.0195359,0.0148,0,0,174.671,3.48649,0.0400168,7.66664,0.00133466,0.0034231169985553807,0.026243805705804625,0.01137688300144462,-0.04577970570580463
18.72,1.3,0.00133466,7.65862,-0.396928,-0.0139176,0.0146138,0,0,174.824,3.49263,0.0400853,7.65862,0.00133466,0.003419548534946934,0.02618902280071529,0.011194251465053066,-0.04010662280071529
18.74,1.3,0.00133466,7.66108,-0.398799,-0.0048373,0.0147953,0,0,174.977,3.49877,0.0401538,7.66108,0.00133466,0.003420643105232152,0.026205820480631935,0.011374656894767849,-0.031043120480631934
18.76,1.4,0.00143733,7.64462,-0.399552,0.00603159,0.0153917,0,0,175.13,3.50492,0.0402236,7.64462,0.00143733,0.0036758924041569324,0.028100800590666167,0.011715807595843068,-0.022069210590666168
18.78,1.4,0.00143733,7.63103,-0.397742,0.0154383,0.0167556,0,0,175.283,3.51107,0.0402985,7.63103,0.00143733,0.0036693802168362277,0.028001150516083758,0.013086219783163771,-0.012562850516083758
18.8,1.4,0.00143733,7.6277,-0.393001,0.0188141,0.0174105,0,0,175.435,3.51723,0.040372,7.6277,0.00143733,0.003667784497002252,0.02797675980778408,0.013742715502997747,-0.00916265980778408
18.82,1.4,0.00143733,7.62502,-0.386396,0.0128476,0.0177966,0,0,175.587,3.52339,0.0404455,7.62502,0.00143733,0.0036665002487843517,0.02795713772698566,0.014130099751215647,-0.015109537726985658
18.84,1.4,0.00143733,7.61108,-0.379224,-0.00170579,0.0174054,0,0,175.74,3.52955,0.0405189,7.61108,0.00143733,0.003659820166121639,0.027855184069965084,0.013745579833878363,-0.029560974069965083
18.86,1.4,0.00143733,7.60843,-0.372507,-0.0201562,0.0177867,0,0,175.892,3.53572,0.0405922,7.60843,0.00143733,0.0036585502652855223,0.027835823594906328,0.014128149734714476,-0.04799202359490633
18.88,1.4,0.00143733,7.59755,-0.367448,-0.036331,0.0178,0,0,176.044,3.5419,0.0406654,7.59755,0.00143733,0.003653336436092815,0.027756406240036967,0.014146663563907185,-0.06408740624003698
18.9,1.49648,0.00153639,7.57813,-0.365387,-0.0448394,0.0168141,0,0,176.195,3.54808,0.0407398,7.57813,0.00153639,0.0038951748837532905,0.029518141641817323,0.012918925116246708,-0.07435754164181732
18.92,1.5,0.00154,7.57225,-0.367022,-0.0428963,0.0171965,0,0,176.347,3.55426,0.0408192,7.57225,0.00154,0.003901308092145685,0.029541680200750167,0.013295191907854314,-0.07243798020075017
18.94,1.5,0.00154,7.55787,-0.37151,-0.0313894,0.016976,0,0,176.498,3.56044,0.0408973,7.55787,0.00154,0.003893924405564675,0.029429774447085093,0.013082075594435326,-0.060819174447085095
18.96,1.5,0.00154,7.53429,-0.376625,-0.0144163,0.0164,0,0,176.649,3.56662,0.0409753,7.53429,0.00154,0.0038818164943131193,0.029246731194938393,0.012518183505686882,-0.04366303119493839
18.98,1.40324,0.00144066,7.52513,-0.380111,0.00244842,0.0164,0,0,176.8,3.5728,0.0410518,7.52513,0.00144066,0.003627013578181675,0.02729374868758227,0.012772986421818327,-0.02484532868758227
19.0,1.4,0.00143733,7.51109,-0.380926,0.0149706,0.015991,0,0,176.95,3.57898,0.0411231,7.51109,0.00143733,0.0036119010334194467,0.027129313733106473,0.012379098966580552,-0.012158713733106473
19.02,1.4,0.00143733,7.50837,-0.37985,0.0222703,0.0150131,0,0,177.1,3.58516,0.0411954,7.50837,0.00143733,0.0036105974129629183,0.027109701297568387,0.01140250258703708,-0.004839401297568387
19.04,1.4,0.00143733,7.48601,-0.378875,0.0259093,0.0162016,0,0,177.25,3.59134,0.0412677,7.48601,0.00143733,0.0035998807069137187,0.02694874297076317,0.012601719293086282,-0.0010394429707631693
19.06,1.4,0.00143733,7.45828,-0.379311,0.0277456,0.0162,0,0,177.399,3.59752,0.0413398,7.45828,0.00143733,0.0035865898235239906,0.026749791148992508,0.01261341017647601,0.000995808851007491
19.08,1.4,0.00143733,7.44736,-0.380691,0.028754,0.0160053,0,0,177.548,3.60369,0.0414116,7.44736,0.00143733,0.0035813557750231312,0.026671645744676266,0.01242394422497687,0.0020823542553237324
19.1,1.4,0.00143733,7.43891,-0.381864,0.0286162,0.015407,0,0,177.697,3.60986,0.0414833,7.43891,0.00143733,0.00357730556655244,0.02661125415208261,0.01182969443344756,0.00200494584791739
19.12,1.4,0.00143733,7.44159,-0.382765,0.0255712,0.0163666,0,0,177.846,3.61603,0.0415549,7.44159,0.00143733,0.003578590134611394,0.0266304005598228,0.012788009865388604,-0.0010592005598228024
19.14,1.4,0.00143733,7.43335,-0.384242,0.0169796,0.0168,0,0,177.994,3.62221,0.0416266,7.43335,0.00143733,0.00357464055264111,0.026571554351974794,0.013225359447358889,-0.009591954351974793
19.16,1.4,0.00143733,7.42504,-0.386316,0.00125007,0.0164017,0,0,178.143,3.6284,0.0416981,7.42504,0.00143733,0.003570657374879617,0.02651227383477615,0.012831042625120385,-0.02526220383477615
19.18,1.4,0.00143733,7.425,-0.387912,-0.0200875,0.0164,0,0,178.291,3.63459,0.0417696,7.425,0.00143733,0.003570638201836531,0.026511988648636242,0.01282936179816347,-0.04659948864863624
19.2,1.4,0.00143733,7.41125,-0.388478,-0.0423481,0.0164,0,0,178.439,3.6408,0.0418411,7.41125,0.00143733,0.0035640474083817476,0.026414046355369227,0.012835952591618254,-0.06876214635536923
19.22,1.4,0.00143733,7.39434,-0.388916,-0.0596743,0.0164,0,0,178.587,3.647,0.0419125,7.39434,0.00143733,0.003555941767212878,0.02629384244697287,0.012844058232787123,-0.08596814244697287
19.24,1.4,0.00143733,7.38619,-0.390638,-0.0674679,0.0164,0,0,178.735,3.6532,0.0419837,7.38619,0.00143733,0.003552035081045529,0.026236005995267677,0.012847964918954471,-0.09370390599526768
19.26,1.4,0.00143733,7.3368,-0.394221,-0.0640785,0.0164,0,0,178.882,3.6594,0.0420548,7.3368,0.00143733,0.0035283591915795803,0.025886865716781067,0.012871640808420421,-0.08996536571678107
19.28,1.4,0.00143733,7.33882,-0.398649,-0.0511683,0.015822,0,0,179.029,3.66557,0.0421254,7.33882,0.00143733,0.003529327540968426,0.025901099544209903,0.012292672459031574,-0.07706939954420991
19.3,1.4,0.00143733,7.34442,-0.401518,-0.0326543,0.0158,0,0,179.176,3.67175,0.0421961,7.34442,0.00143733,0.003532012060593077,0.02594058001806101,0.012267987939406925,-0.058594880018061006
19.32,1.4,0.00143733,7.33117,-0.400773,-0.0128061,0.0163824,0,0,179.322,3.67795,0.0422668,7.33117,0.00143733,0.0035256602637431167,0.025847214755745626,0.01285673973625688,-0.03865331475574563
19.34,1.3,0.00133466,7.31847,-0.396362,0.00512573,0.0164097,0,0,179.469,3.68415,0.0423361,7.31847,0.00133466,0.0032681649664869036,0.023917967262285407,0.013141535033513096,-0.018792237262285405
19.36,1.3,0.00133466,7.28143,-0.390049,0.0192003,0.0167908,0,0,179.615,3.69035,0.0424003,7.28143,0.00133466,0.0032516762376872633,0.02367685290738317,0.013539123762312737,-0.00447655290738317
19.38,1.3,0.00133466,7.26667,-0.384474,0.0285098,0.0163998,0,0,179.76,3.69652,0.0424654,7.26667,0.00133466,0.003245105454808312,0.023581110455291918,0.013154694545191687,0.004928689544708081
19.4,1.3,0.00133466,7.27219,-0.382057,0.0327057,0.0160025,0,0,179.905,3.70269,0.0425304,7.27219,0.00133466,0.0032475628354301234,0.02361689397618659,0.012754937164569876,0.009088806023813407
19.42,1.3,0.00133466,7.25542,-0.383814,0.0319241,0.0158,0,0,180.051,3.70888,0.0425954,7.25542,0.00133466,0.00324009715207011,0.023508265679072517,0.01255990284792989,0.00841583432092748
19.44,1.3,0.00133466,7.23909,-0.389306,0.0267999,0.0161907,0,0,180.195,3.71506,0.0426603,7.23909,0.00133466,0.0032328271932408428,0.023402727006317854,0.012957872806759156,0.0033971729936821474
19.46,1.3,0.00133466,7.21687,-0.397144,0.0181639,0.0160037,0,0,180.34,3.72123,0.042725,7.21687,0.00133466,0.003222934817996749,0.023259501599956198,0.01278076518200325,-0.0050956015999561975
19.48,1.20511,0.00123725,7.21667,-0.404915,0.00750155,0.0161795,0,0,180.484,3.7274,0.0427883,7.21667,0.00123725,0.0029876265145435325,0.021560714638710874,0.013191873485456466,-0.014059164638710875
19.5,1.2,0.001232,7.20568,-0.409551,-0.00276294,0.0164046,0,0,180.628,3.73357,0.0428469,7.20568,0.001232,0.002970432644918171,0.021403987100833965,0.013434167355081827,-0.024166927100833964
19.52,1.2,0.001232,7.20831,-0.408906,-0.0106433,0.0160037,0,0,180.772,3.73975,0.0429063,7.20831,0.001232,0.0029715134913317594,0.021419590414701636,0.01303218650866824,-0.03206289041470164
19.54,1.2,0.001232,7.18587,-0.40344,-0.0156816,0.0156,0,0,180.916,3.74593,0.0429658,7.18587,0.001232,0.002962291247698051,0.021286639808095996,0.012637708752301947,-0.03696823980809599
19.56,1.2,0.001232,7.16482,-0.395923,-0.0184212,0.0156,0,0,181.06,3.75211,0.0430251,7.16482,0.001232,0.0029536400169992965,0.021162299066596897,0.012646359983000703,-0.039583499066596896
19.58,1.2,0.001232,7.14754,-0.389109,-0.0194876,0.015408,0,0,181.203,3.75827,0.0430842,7.14754,0.001232,0.0029465380258682926,0.021060498401414655,0.012461461974131708,-0.040548098401414656
19.6,1.2,0.001232,7.15553,-0.384148,-0.0190508,0.015,0,0,181.345,3.76443,0.0431432,7.15553,0.001232,0.0029498218941648277,0.021107539058353247,0.012050178105835172,-0.04015833905835325
19.62,1.2,0.001232,7.13939,-0.380867,-0.0166216,0.015,0,0,181.488,3.7706,0.0432023,7.13939,0.001232,0.002943188363688075,0.021012569571831004,0.012056811636311924,-0.03763416957183101
19.64,1.2,0.001232,7.13056,-0.378601,-0.0111723,0.0155998,0,0,181.631,3.77677,0.0432612,7.13056,0.001232,0.0029395591814199234,0.02096070311666565,0.012660240818580077,-0.03213300311666565
19.66,1.2,0.001232,7.10562,-0.376806,-0.00165551,0.016199,0,0,181.773,3.78294,0.04332,7.10562,0.001232,0.0029293084747377294,0.020814552884265904,0.013269691525262271,-0.022470062884265903
19.68,1.2,0.001232,7.09457,-0.375543,0.0119425,0.0164,0,0,181.915,3.78909,0.0433787,7.09457,0.001232,0.0029247666590545103,0.020749961796328358,0.01347523334094549,-0.008807461796328358
19.7,1.1,0.00112933,7.08601,-0.375444,0.027315,0.0164,0,0,182.057,3.79525,0.043436,7.08601,0.00112933,0.00267780277540467,0.018974937244545246,0.01372219722459533,0.008340062755454753
19.72,1.1,0.00112933,7.08067,-0.376745,0.0395827,0.0164,0,0,182.198,3.8014,0.0434884,7.08067,0.00112933,0.002675790776346169,0.018946391476351028,0.013724209223653833,0.02063630852364897
19.74,1.1,0.00112933,7.06389,-0.378506,0.0432473,0.0164,0,0,182.34,3.80756,0.043542,7.06389,0.00112933,0.0026694683393461687,0.018856830707624006,0.013730531660653833,0.024390469292375996
19.76,1.1,0.00112933,7.05553,-0.379608,0.0354967,0.0163996,0,0,182.481,3.81371,0.0435954,7.05553,0.00112933,0.002666318374668574,0.018812289282025364,0.013733281625331425,0.016684410717974635
19.78,1.1,0.00112933,7.03107,-0.380472,0.0181233,0.016009,0,0,182.622,3.81986,0.0436488,7.03107,0.00112933,0.002657101901058683,0.018682269463476675,0.013351898098941316,-0.0005589694634766766
19.8,1.09977,0.0011291,7.02222,-0.382851,-0.00354379,0.0158,0,0,182.762,3.826,0.043702,7.02222,0.0011291,0.0026532267031093818,0.018631541619108762,0.01314677329689062,-0.022175331619108764
19.82,1.0,0.00102666,7.01953,-0.38761,-0.0234095,0.0158,0,0,182.902,3.83213,0.0437539,7.01953,0.00102666,0.0024115854230242653,0.01692819622448152,0.013388414576975736,-0.04033769622448152
19.84,1.0,0.00102666,7.01944,-0.393057,-0.0370962,0.0150064,0,0,183.043,3.83827,0.0438009,7.01944,0.00102666,0.0024115545933096386,0.01692776277446141,0.01259484540669036,-0.05402396277446141
19.86,1.0,0.00102666,7.02219,-0.395754,-0.0430686,0.013612,0,0,183.183,3.84442,0.0438492,7.02219,0.00102666,0.0024124966108053205,0.016941009575431015,0.01119950338919468,-0.060009609575431014
19.88,1.0,0.00102666,7.00796,-0.393691,-0.0423108,0.0138123,0,0,183.323,3.85058,0.0438975,7.00796,0.00102666,0.0024076220635830354,0.01687251911670737,0.011404677936416963,-0.05918331911670737
19.9,1.0,0.00102666,6.9722,-0.389038,-0.0372091,0.0148027,0,0,183.463,3.85673,0.0439457,6.9722,0.00102666,0.002395371942234995,0.016701012255650835,0.012407328057765005,-0.05391011225565084
19.92,1.0,0.00102666,6.96952,-0.386783,-0.0299358,0.0151892,0,0,183.602,3.86285,0.0439937,6.96952,0.00102666,0.00239445384637599,0.01668819397139439,0.01279474615362401,-0.046623993971394384
19.94,1.09819,0.00112747,6.95292,-0.389765,-0.020851,0.0157964,0,0,183.741,3.86898,0.0440428,6.95292,0.00112747,0.0026233255393012106,0.01823977260871817,0.013173074460698788,-0.03909077260871817
19.96,1.1,0.00112933,6.95004,-0.395766,-0.00860177,0.0161939,0,0,183.88,3.87511,0.0440965,6.95004,0.00112933,0.002626567971310961,0.018254752463330033,0.013567332028689039,-0.026856522463330035
19.98,1.1,0.00112933,6.94202,-0.400219,0.00738228,0.0166,0,0,184.019,3.88123,0.0441491,6.94202,0.00112933,0.0026235456879047736,0.018212706636348698,0.013976454312095227,-0.010830426636348698
20.0,1.0,0.00102666,6.90821,-0.400895,0.0242847,0.0161852,0,0,184.158,3.88736,0.0442004,6.90821,0.00102666,0.0023734498611276225,0.016396290065140453,0.013811750138872378,0.007888409934859546
20.02,1.0,0.00102666,6.90273,-0.39895,0.0363445,0.0152,0,0,184.296,3.89347,0.0442467,6.90273,0.00102666,0.0023715724093467862,0.016370324017170344,0.012828427590653214,0.019974175982829658
20.04,1.0,0.00102666,6.88839,-0.396361,0.0382836,0.015635,0,0,184.433,3.89957,0.0442942,6.88839,0.00102666,0.0023666594557820594,0.01630247332861458,0.01326834054421794,0.02198112667138542
20.06,1.0,0.00102666,6.8726,-0.39405,0.0284164,0.0162,0,0,184.571,3.90567,0.0443416,6.8726,0.00102666,0.002361249625470286,0.01622792417600709,0.013838750374529713,0.012188475823992913
20.08,1.0,0.00102666,6.86391,-0.392613,0.009274,0.0152173,0,0,184.708,3.91176,0.0443888,6.86391,0.00102666,0.002358272289934069,0.016186968753601354,0.01285902771006593,-0.006912968753601355
20.1,1.0,0.00102666,6.86933,-0.393599,-0.0136073,0.0148,0,0,184.845,3.91786,0.044436,6.86933,0.00102666,0.0023601292739153104,0.016212506825184658,0.012439870726084691,-0.029819806825184658
20.12,1.0,0.00102666,6.86395,-0.399074,-0.0331551,0.0148,0,0,184.983,3.92396,0.0444833,6.86395,0.00102666,0.0023582859946578573,0.0161871571530318,0.012441714005342143,-0.049342257153031796
20.14,1.0,0.00102666,6.84711,-0.409796,-0.0421339,0.0137973,0,0,185.12,3.93006,0.0445305,6.84711,0.00102666,0.0023525162468998237,0.01610793751931025,0.011444783753100176,-0.05824183751931025
20.16,0.998378,0.001025,6.83049,-0.423714,-0.0361512,0.0136097,0,0,185.256,3.93616,0.0445775,6.83049,0.001025,0.002343027196240607,0.016004023833649503,0.011266672803759394,-0.052155223833649504
20.18,0.9,0.000923998,6.82273,-0.436388,-0.0173843,0.0144251,0,0,185.393,3.94224,0.0446233,6.82273,0.000923998,0.00210975562299124,0.014394292981651022,0.01231534437700876,-0.03177859298165102
20.2,0.8,0.000821331,6.81091,-0.443873,0.00559593,0.0142,0,0,185.529,3.94833,0.0446632,6.81091,0.000821331,0.0018720969574596152,0.012750683888531268,0.012327903042540386,-0.007154753888531268
20.22,0.703786,0.000722552,6.80021,-0.445382,0.022514,0.0143924,0,0,185.665,3.95441,0.0446983,6.80021,0.000722552,0.0016443651416174284,0.011182028279678253,0.012748034858382572,0.011331971720321746
20.24,0.598597,0.000614558,6.78314,-0.442844,0.0267834,0.0146028,0,0,185.801,3.96049,0.0447289,6.78314,0.000614558,0.001395093915234309,0.009463117340182452,0.013207706084765692,0.017320282659817547
20.26,0.5,0.000513332,6.7554,-0.438636,0.018183,0.0148041,0,0,185.936,3.96655,0.0447544,6.7554,0.000513332,0.0011605503923892856,0.00783998212074658,0.013643549607610715,0.010343017879253421
20.28,0.5,0.000513332,6.7416,-0.434308,0.00136902,0.0154983,0,0,186.071,3.97259,0.0447765,6.7416,0.000513332,0.001158185989010684,0.0078080266635144275,0.014340114010989315,-0.006439006663514427
20.3,0.5,0.000513332,6.72769,-0.430785,-0.0176343,0.015611,0,0,186.206,3.97863,0.0447997,6.72769,0.000513332,0.0011558026993959633,0.007775882262699228,0.014455197300604036,-0.025410182262699227
20.32,0.5,0.000513332,6.725,-0.429044,-0.0336335,0.0158,0,0,186.34,3.98465,0.0448228,6.725,0.000513332,0.001155341799849558,0.0077696736039882764,0.014644658200150443,-0.04140317360398827
20.34,0.5,0.000513332,6.70819,-0.430268,-0.0428581,0.0149926,0,0,186.474,3.99067,0.044846,6.70819,0.000513332,0.001152461572506827,0.007730931196074571,0.013840138427493173,-0.05058903119607457
20.36,0.5,0.000513332,6.70021,-0.434903,-0.0435391,0.0146097,0,0,186.608,3.99669,0.044869,6.70021,0.000513332,0.0011510942581807863,0.007712573259605487,0.013458605741819214,-0.05125167325960549
20.38,0.5,0.000513332,6.69725,-0.441616,-0.0369762,0.014528,0,0,186.742,4.00269,0.0448921,6.69725,0.000513332,0.001150587080641863,0.007705769325828718,0.013377412919358136,-0.04468196932582872
20.4,0.5,0.000513332,6.66371,-0.447339,-0.0276918,0.0135897,0,0,186.876,4.0087,0.0449151,6.66371,0.000513332,0.0011448400862417976,0.007628882331090329,0.012444859913758202,-0.03532068233109033
20.42,0.5,0.000513332,6.65022,-0.448308,-0.0212569,0.0128124,0,0,187.009,4.01468,0.044938,6.65022,0.000513332,0.001142528544363465,0.007598066176296802,0.011669871455636536,-0.0288549661762968
20.44,0.5,0.000513332,6.66073,-0.442466,-0.0210625,0.0123957,0,0,187.142,4.02066,0.0449609,6.66073,0.000513332,0.001144329459704785,0.007622069562139453,0.011251370540295215,-0.028684569562139453
20.46,0.498109,0.000511391,6.62489,-0.431732,-0.0268246,0.0124038,0,0,187.275,4.02664,0.0449837,6.62489,0.000511391,0.0011338843990899659,0.007511859416687123,0.011269915600910034,-0.03433645941668712
20.48,0.4,0.000410666,6.61419,-0.420526,-0.035531,0.0127893,0,0,187.407,4.0326,0.0450053,6.61419,0.000410666,0.0009090844906052856,0.006012857546916574,0.011880215509394715,-0.04154385754691657
20.5,0.4,0.000410666,6.63018,-0.411912,-0.0433541,0.0135909,0,0,187.539,4.03855,0.0450224,6.63018,0.000410666,0.000911276520592347,0.006041927361300967,0.012679623479407652,-0.04939602736130097
20.52,0.4,0.000410666,6.62506,-0.406251,-0.04712,0.0143915,0,0,187.671,4.04451,0.0450406,6.62506,0.000410666,0.0009105746368044085,0.006032611603307415,0.013480925363195591,-0.05315261160330742
20.54,0.3,0.000307999,6.62466,-0.403072,-0.0447614,0.0145906,0,0,187.804,4.05048,0.0450577,6.62466,0.000307999,0.0006828887260820375,0.0045239056281266305,0.013907711273917963,-0.04928530562812663
20.56,0.206716,0.000212228,6.59554,-0.402871,-0.0352485,0.0136403,0,0,187.936,4.05644,0.0450692,6.59554,0.000212228,0.0004684842782471295,0.0030899067965500723,0.01317181572175287,-0.038338406796550074
20.58,0.199986,0.000205318,6.58333,-0.406486,-0.0187207,0.0133936,0,0,188.067,4.06238,0.0450774,6.58333,0.000205318,0.00045239385637470264,0.002978258046487271,0.012941206143625298,-0.02169895804648727
20.6,0.0987985,0.000101433,6.53892,-0.413134,0.00339158,0.0140048,0,0,188.199,4.06831,0.0450852,6.53892,0.000101433,0.00022199174471005753,0.0014515862593194894,0.013782808255289943,0.0019399937406805105
20.62,0.0,0.0,6.54428,-0.420236,0.0278925,0.0144,0,0,188.33,4.0742,0.0450874,6.54428,0.0,0.0,0.0,0.0144,0.0278925
20.64,-0.1,-0.000102666,6.52231,-0.425557,0.0485149,0.0136029,0,0,188.46,4.0801,0.0450852,6.52231,-0.000102666,-0.00022412091943246833,-0.0014617861140235825,0.013827020919432468,0.04997668611402358
20.66,-0.1,-0.000102666,6.52222,-0.428852,0.0563847,0.0128022,0,0,188.59,4.08597,0.0450796,6.52222,-0.000102666,-0.00022411783461784993,-0.0014617458233012331,0.01302631783461785,0.057846445823301236
20.68,-0.2,-0.000205333,6.52493,-0.43172,0.0444961,0.0122914,0,0,188.721,4.09185,0.045074,6.52493,-0.000205333,-0.00044842363195659576,-0.0029259328088625507,0.012739823631956596,0.04742203280886255
20.7,-0.1,-0.000102666,6.49198,-0.436499,0.0123808,0.0125962,0,0,188.851,4.09772,0.045065,6.49198,-0.000102666,-0.00022308131872251442,-0.001448239459520189,0.012819281318722514,0.01382903945952019
20.72,-0.1,-0.000102666,6.47619,-0.444381,-0.0336021,0.0129723,0,0,188.981,4.10357,0.0450617,6.47619,-0.000102666,-0.0002225400812652058,-0.0014412118488889131,0.013194840081265207,-0.03216088815111109
20.74,-0.1,-0.000102666,6.46944,-0.454004,-0.0827943,0.0133013,0,0,189.11,4.1094,0.0450572,6.46944,-0.000102666,-0.00022230870696337437,-0.0014382128411771326,0.013523608706963374,-0.08135608715882287
20.76,-0.1,-0.000102666,6.45829,-0.462815,-0.122704,0.0126,0,0,189.239,4.11522,0.0450528,6.45829,-0.000102666,-0.0002219265069641815,-0.0014332657406617036,0.012821926506964182,-0.12127073425933829
20.78,-0.1,-0.000102666,6.44755,-0.469904,-0.142306,0.013,0,0,189.368,4.12103,0.0450483,6.44755,-0.000102666,-0.00022155835633318942,-0.0014285085803760554,0.013221558356333188,-0.14087749141962394
20.8,-0.197512,-0.000202779,6.44996,-0.476207,-0.136811,0.012805,0,0,189.497,4.12684,0.0450428,6.44996,-0.000202779,-0.00043777038425152413,-0.0028236014676069608,0.013242770384251524,-0.13398739853239303
20.82,-0.2,-0.000205333,6.45257,-0.482465,-0.110783,0.0127956,0,0,189.625,4.13264,0.0450329,6.45257,-0.000205333,-0.0004434630339058975,-0.002861476268690177,0.013239063033905898,-0.10792152373130982
20.84,-0.2,-0.000205333,6.41539,-0.488764,-0.0760377,0.0121895,0,0,189.754,4.13844,0.045024,6.41539,-0.000205333,-0.00044091402014751217,-0.0028286353957141484,0.012630414020147513,-0.07320906460428585
20.86,-0.2,-0.000205333,6.37046,-0.494904,-0.0452004,0.0121912,0,0,189.882,4.14421,0.0450152,6.37046,-0.000205333,-0.00043783353212715267,-0.002789201003074741,0.012629033532127153,-0.04241119899692526
20.88,-0.2,-0.000205333,6.39991,-0.49969,-0.0259395,0.0122,0,0,190.01,4.14994,0.0450065,6.39991,-0.000205333,-0.0004398526990514986,-0.0028150176871866764,0.012639852699051499,-0.023124482312813326
20.9,-0.2,-0.000205333,6.36427,-0.501502,-0.0191846,0.012296,0,0,190.137,4.1557,0.0449977,6.36427,-0.000205333,-0.0004374091214100105,-0.002783789749116088,0.01273340912141001,-0.016400810250883913
20.92,-0.2,-0.000205333,6.3583,-0.500308,-0.0205107,0.0124972,0,0,190.264,4.16142,0.0449889,6.3583,-0.000205333,-0.0004369997919434549,-0.0027785757771140694,0.012934199791943456,-0.01773212422288593
20.94,-0.2,-0.000205333,6.34859,-0.497749,-0.0228719,0.0128116,0,0,190.391,4.16713,0.0449802,6.34859,-0.000205333,-0.00043633402572743513,-0.0027701058323929373,0.013247934025727435,-0.020101794167607063
20.96,-0.2,-0.000205333,6.30381,-0.495298,-0.0196972,0.0131909,0,0,190.518,4.17284,0.0449714,6.30381,-0.000205333,-0.00043326359055463853,-0.002731211354774236,0.013624163590554638,-0.016965988645225766
20.98,-0.2,-0.000205333,6.29158,-0.493142,-0.0076483,0.0134909,0,0,190.644,4.1785,0.0449628,6.29158,-0.000205333,-0.00043242498798857885,-0.002720636405929183,0.013923324987988579,-0.004927663594070817
21.0,-0.2,-0.000205333,6.26671,-0.490518,0.0117237,0.0138,0,0,190.769,4.18415,0.0449541,6.26671,-0.000205333,-0.0004307196341102126,-0.0026991950382748106,0.014230719634110212,0.01442289503827481
21.02,-0.2,-0.000205333,6.26937,-0.486757,0.032161,0.0136113,0,0,190.895,4.18978,0.0449455,6.26937,-0.000205333,-0.0004309020344913254,-0.002701484287978881,0.014042202034491325,0.03486248428797888
21.04,-0.2,-0.000205333,6.2722,-0.482364,0.0453477,0.0135962,0,0,191.02,4.19541,0.0449369,6.2722,-0.000205333,-0.0004310960914463852,-0.002703920904770017,0.014027296091446385,0.04805162090477001
21.06,-0.2,-0.000205333,6.2557,-0.478932,0.0453363,0.014,0,0,191.145,4.20104,0.0449282,6.2557,-0.000205333,-0.00042996465536210114,-0.002689729894548696,0.014429964655362101,0.0480260298945487
21.08,-0.2,-0.000205333,6.22071,-0.477741,0.0316771,0.0132308,0,0,191.27,4.20665,0.0449196,6.22071,-0.000205333,-0.00042756525656593856,-0.0026597594671723,0.013658365256565937,0.0343368594671723
21.1,-0.103116,-0.000105866,6.2249,-0.478696,0.00844986,0.0128069,0,0,191.394,4.21223,0.0449121,6.2249,-0.000105866,-0.00022059309214074753,-0.0013731699392669392,0.013027493092140748,0.009823029939266939
21.12,-0.1,-0.000102666,6.21106,-0.480154,-0.019367,0.0130964,0,0,191.518,4.21782,0.0449088,6.21106,-0.000102666,-0.0002134507095249691,-0.0013257551639021545,0.013309850709524968,-0.018041244836097845
21.14,-0.1,-0.000102666,6.19452,-0.479652,-0.047699,0.0124,0,0,191.642,4.22339,0.0449045,6.19452,-0.000102666,-0.00021288358440626985,-0.0013187116212763266,0.01261288358440627,-0.04638028837872367
21.16,-0.1,-0.000102666,6.19715,-0.476146,-0.072052,0.0124,0,0,191.766,4.22895,0.0449003,6.19715,-0.000102666,-0.00021297376279136247,-0.001319830354082492,0.012612973762791363,-0.07073216964591751
21.18,-0.1,-0.000102666,6.19722,-0.471379,-0.0867799,0.0125812,0,0,191.89,4.2345,0.044896,6.19722,-0.000102666,-0.00021297616297295038,-0.0013198601366992274,0.012794176162972952,-0.08546003986330077
21.2,-0.1,-0.000102666,6.17688,-0.467413,-0.0873185,0.013,0,0,192.013,4.24006,0.0448918,6.17688,-0.000102666,-0.00021227873100696017,-0.001311220247982272,0.013212278731006959,-0.08600727975201772
21.22,-0.1,-0.000102666,6.13965,-0.463521,-0.072928,0.0126174,0,0,192.137,4.2456,0.0448875,6.13965,-0.000102666,-0.0002110021227721523,-0.0012954791830780447,0.012828402122772153,-0.07163252081692197
21.24,-0.1,-0.000102666,6.14999,-0.457255,-0.0471309,0.0120006,0,0,192.259,4.25111,0.0448833,6.14999,-0.000102666,-0.00021135668423384303,-0.0012998414944712922,0.012211956684233843,-0.04583105850552871
21.26,-0.1,-0.000102666,6.11387,-0.447904,-0.0161912,0.0122,0,0,192.382,4.25662,0.0448791,6.11387,-0.000102666,-0.00021011810203874307,-0.00128463476051161,0.012410118102038743,-0.01490656523948839
21.28,-0.1,-0.000102666,6.10575,-0.437636,0.0126373,0.0122,0,0,192.504,4.2621,0.0448749,6.10575,-0.000102666,-0.00020983965438040007,-0.0012812284697331275,0.012409839654380401,0.013918528469733129
21.3,-0.1,-0.000102666,6.10279,-0.429562,0.0324542,0.0122,0,0,192.626,4.26758,0.0448707,6.10279,-0.000102666,-0.0002097381506830095,-0.0012799878886067635,0.01240973815068301,0.03373418788860676
21.32,-0.1,-0.000102666,6.10493,-0.425467,0.0383898,0.0130174,0,0,192.748,4.27305,0.0448665,6.10493,-0.000102666,-0.00020981153514550816,-0.0012808847352558672,0.013227211535145509,0.03967068473525587
21.34,-0.1,-0.000102666,6.06338,-0.425134,0.0299141,0.0138,0,0,192.87,4.27852,0.0448623,6.06338,-0.000102666,-0.00020838668027450992,-0.001263527629442858,0.01400838668027451,0.03117762762944286
21.36,-0.1,-0.000102666,6.04749,-0.427043,0.0117243,0.0136067,0,0,192.991,4.28396,0.0448581,6.04749,-0.000102666,-0.00020784175499627755,-0.0012569209349224384,0.013814541754996277,0.012981220934922438
21.38,-0.1,-0.000102666,6.02862,-0.429695,-0.00863316,0.0128383,0,0,193.112,4.28937,0.0448539,6.02862,-0.000102666,-0.0002071946227138314,-0.0012490976463850583,0.013045494622713831,-0.007384062353614942
21.4,-0.1,-0.000102666,6.03883,-0.432548,-0.0243016,0.0125006,0,0,193.232,4.29478,0.0448498,6.03883,-0.000102666,-0.0002075447685163167,-0.0012533275744593887,0.012708144768516318,-0.02304827242554061
21.42,-0.1,-0.000102666,6.02809,-0.43598,-0.0310915,0.0123888,0,0,193.353,4.30019,0.0448456,6.02809,-0.000102666,-0.00020717644657835898,-0.00124887826585454,0.01259597644657836,-0.02984262173414546
21.44,-0.1,-0.000102666,6.014,-0.44075,-0.028187,0.0125971,0,0,193.473,4.30559,0.0448415,6.014,-0.000102666,-0.00020669323195171544,-0.0012430530969576167,0.012803793231951716,-0.026943946903042384
21.46,-0.1,-0.000102666,5.99453,-0.447324,-0.0181922,0.0114068,0,0,193.593,4.31098,0.0448374,5.99453,-0.000102666,-0.00020602549899237865,-0.0012350260344747837,0.011612825498992379,-0.016957173965525214
21.48,-0.1,-0.000102666,5.98623,-0.455378,-0.006261,0.0108,0,0,193.713,4.31635,0.0448332,5.98623,-0.000102666,-0.0002057408423121831,-0.0012316120024744599,0.011005740842312184,-0.00502938799752554
21.5,-0.1,-0.000102666,5.97226,-0.463803,0.00167543,0.0111977,0,0,193.832,4.32171,0.0448291,5.97226,-0.000102666,-0.0002052617217221203,-0.0012258763701721504,0.01140296172172212,0.0029013063701721505
21.52,-0.1,-0.000102666,5.96956,-0.470891,0.00158382,0.0121664,0,0,193.951,4.32706,0.044825,5.96956,-0.000102666,-0.0002051691206455131,-0.0012247693758406294,0.012371569120645513,0.0028085893758406297
21.54,-0.1,-0.000102666,5.95245,-0.47485,-0.00657938,0.0118,0,0,194.071,4.3324,0.0448209,5.95245,-0.000102666,-0.00020458229803426843,-0.001217765899934081,0.012004582298034269,-0.005361614100065919
21.56,-0.1,-0.000102666,5.94185,-0.47501,-0.0195812,0.0121867,0,0,194.189,4.33773,0.0448168,5.94185,-0.000102666,-0.00020421874392279786,-0.0012134371435776764,0.012390918743922797,-0.018367762856422325
21.58,-0.1,-0.000102666,5.90963,-0.472439,-0.0332403,0.0129662,0,0,194.308,4.34305,0.0448127,5.90963,-0.000102666,-0.00020311365166974512,-0.0012003265293170759,0.013169313651669746,-0.03203997347068292
21.6,-0.1,-0.000102666,5.93757,-0.468813,-0.0439764,0.0131966,0,0,194.426,4.34834,0.0448087,5.93757,-0.000102666,-0.00020407194922265057,-0.0012116914835459333,0.01340067194922265,-0.042764708516454066
21.62,-0.1,-0.000102666,5.89455,-0.464868,-0.0494038,0.0137989,0,0,194.545,4.35366,0.0448046,5.89455,-0.000102666,-0.00020259641997044732,-0.0011942147273368002,0.014001496419970446,-0.0482095852726632
21.64,-0.1,-0.000102666,5.88847,-0.460523,-0.0482214,0.0138098,0,0,194.662,4.35893,0.0448005,5.88847,-0.000102666,-0.00020238787861826319,-0.0011917549516072842,0.014012187878618264,-0.047029645048392715
21.66,-0.1,-0.000102666,5.87258,-0.455866,-0.0398011,0.0141912,0,0,194.78,4.3642,0.0447965,5.87258,-0.000102666,-0.0002018428522786936,-0.0011853382974348105,0.014393042852278692,-0.038615761702565185
21.68,-0.1,-0.000102666,5.84433,-0.451113,-0.024465,0.0146,0,0,194.897,4.36946,0.0447924,5.84433,-0.000102666,-0.0002008738561574592,-0.0011739731037567235,0.01480087385615746,-0.023291026896243277
21.7,-0.1,-0.000102666,5.81931,-0.446284,-0.004541,0.0141822,0,0,195.014,4.37469,0.0447884,5.81931,-0.000102666,-0.00020001562771357996,-0.001163952942509913,0.014382215627713581,-0.0033770470574900867
21.72,-0.1,-0.000102666,5.81395,-0.441278,0.0150942,0.0136047,0,0,195.13,4.37989,0.0447844,5.81395,-0.000102666,-0.00019983176773037873,-0.0011618119059960354,0.01380453176773038,0.016256011905996036
21.74,-0.1,-0.000102666,5.80833,-0.435937,0.0281783,0.0134,0,0,195.246,4.38509,0.0447804,5.80833,-0.000102666,-0.0001996389880727755,-0.0011595691235927442,0.013599638988072775,0.029337869123592743
21.76,-0.1,-0.000102666,5.80833,-0.430552,0.0295216,0.0132122,0,0,195.362,4.39029,0.0447764,5.80833,-0.000102666,-0.0001996389880727755,-0.0011595691235927442,0.013411838988072775,0.03068116912359274
21.78,-0.1,-0.000102666,5.78053,-0.426064,0.0173764,0.0130021,0,0,195.478,4.39549,0.0447724,5.78053,-0.000102666,-0.00019868536409192614,-0.0011485067076943017,0.013200785364091926,0.018524906707694303
21.8,-0.1,-0.000102666,5.77208,-0.423447,-0.00549163,0.0135851,0,0,195.593,4.40066,0.0447685,5.77208,-0.000102666,-0.00019839549816408518,-0.0011451546870429527,0.013783495498164084,-0.004346475312957047
21.82,-0.1,-0.000102666,5.7613,-0.423221,-0.0326054,0.0126137,0,0,195.709,4.40582,0.0447645,5.7613,-0.000102666,-0.00019802570106268523,-0.0011408854715324484,0.012811725701062685,-0.03146451452846755
21.84,-0.1,-0.000102666,5.76656,-0.424287,-0.0557151,0.0126092,0,0,195.824,4.41097,0.0447605,5.76656,-0.000102666,-0.00019820614060380763,-0.001142967602160293,0.012807406140603807,-0.0545721323978397
21.86,-0.1,-0.000102666,5.75271,-0.423708,-0.0673021,0.0138024,0,0,195.939,4.41613,0.0447566,5.75271,-0.000102666,-0.000197731026796105,-0.0011374892551602213,0.014000131026796104,-0.06616461074483979
21.88,-0.1,-0.000102666,5.74204,-0.419894,-0.0637342,0.0136294,0,0,196.054,4.42127,0.0447526,5.74204,-0.000102666,-0.00019736499590376067,-0.0011332777010792299,0.01382676499590376,-0.06260092229892078
21.9,-0.1,-0.000102666,5.72788,-0.414483,-0.0470449,0.012609,0,0,196.168,4.42641,0.0447487,5.72788,-0.000102666,-0.0001968792355417066,-0.0011277006356746303,0.012805879235541707,-0.04591719936432537
21.92,-0.1,-0.000102666,5.71172,-0.410251,-0.0234996,0.0125853,0,0,196.283,4.43153,0.0447447,5.71172,-0.000102666,-0.00019632485640788344,-0.001121352608842036,0.012781624856407884,-0.022378247391157964
21.94,-0.1,-0.000102666,5.70838,-0.409082,-0.000618666,0.0127938,0,0,196.397,4.43663,0.0447408,5.70838,-0.000102666,-0.0001962102744375982,-0.0011200428063940968,0.012990010274437597,0.0005013768063940968
21.96,-0.1,-0.000102666,5.67274,-0.410907,0.0154947,0.0128,0,0,196.511,4.44173,0.0447369,5.67274,-0.000102666,-0.00019498758522040174,-0.0011061138741831817,0.012994987585220403,0.016600813874183183
21.98,-0.1,-0.000102666,5.6857,-0.413837,0.0220908,0.0128,0,0,196.624,4.4468,0.044733,5.6857,-0.000102666,-0.00019543220457695176,-0.0011111688855631745,0.012995432204576952,0.023201968885563175
22.0,-0.1,-0.000102666,5.65049,-0.416256,0.0199558,0.013,0,0,196.737,4.45189,0.0447291,5.65049,-0.000102666,-0.00019422423984157033,-0.0010974621249823947,0.01319422423984157,0.021053262124982396
22.02,-0.1,-0.000102666,5.64445,-0.417994,0.0118608,0.013,0,0,196.85,4.45693,0.0447252,5.64445,-0.000102666,-0.00019401701864520986,-0.0010951193608919549,0.01319401701864521,0.012955919360891955
22.04,-0.1,-0.000102666,5.62178,-0.419562,0.00115058,0.0130087,0,0,196.963,4.46198,0.0447213,5.62178,-0.000102666,-0.00019323924181104035,-0.0010863485048284705,0.01320193924181104,0.0022369285048284707
22.06,-0.1,-0.000102666,5.6033,-0.421034,-0.00908157,0.0132,0,0,197.075,4.467,0.0447174,5.6033,-0.000102666,-0.00019260520513997558,-0.0010792247459608252,0.013392605205139976,-0.008002345254039176
22.08,-0.1,-0.000102666,5.6081,-0.420959,-0.0167039,0.0130162,0,0,197.187,4.47201,0.0447136,5.6081,-0.000102666,-0.00019276989111249683,-0.0010810728263479935,0.013208969891112497,-0.015622827173652007
22.1,0.0,0.0,5.58846,-0.41693,-0.0204814,0.0132081,0,0,197.299,4.47702,0.0447107,5.58846,0.0,0.0,0.0,0.0132081,-0.0204814
22.12,0.0,0.0,5.56965,-0.408438,-0.0196337,0.0135953,0,0,197.411,4.48201,0.0447116,5.56965,0.0,0.0,0.0,0.0135953,-0.0196337
22.14,0.1,0.000102666,5.55551,-0.398037,-0.0144002,0.0136,0,0,197.522,4.48698,0.0447126,5.55551,0.000102666,0.00019096550761568012,0.0010609107872139871,0.01340903449238432,-0.015461110787213987
22.16,0.100283,0.000102957,5.54723,-0.388863,-0.00691381,0.0133989,0,0,197.633,4.49195,0.0447174,5.54723,0.000102957,0.00019122188288707494,0.0010607517654076686,0.013207678117112926,-0.00797456176540767
22.18,0.2,0.000205333,5.55237,-0.382414,-0.000787665,0.0128304,0,0,197.743,4.4969,0.0447222,5.55237,0.000205333,0.0003817174030680705,0.002119436257273063,0.01244868259693193,-0.0029071012572730627
22.2,0.3,0.000307999,5.53624,-0.378571,0.00049644,0.0133942,0,0,197.854,4.50186,0.0447317,5.53624,0.000307999,0.0005709148382979364,0.0031607215643785678,0.012823285161702063,-0.002664281564378568
22.22,0.40262,0.000413356,5.53034,-0.376008,-0.00455151,0.0127948,0,0,197.965,4.50681,0.0447451,5.53034,0.000413356,0.0007653922201984935,0.004232879211052537,0.012029407779801507,-0.008784389211052537
22.24,0.5,0.000513332,5.51411,-0.373323,-0.0143223,0.0127948,0,0,198.075,4.51176,0.0447623,5.51411,0.000513332,0.0009477287297271526,0.005225880465875789,0.011847071270272848,-0.019548180465875788
22.26,0.5,0.000513332,5.51937,-0.370695,-0.024807,0.0133946,0,0,198.185,4.51669,0.0447821,5.51937,0.000513332,0.0009486311545226371,0.005235846335337608,0.012445968845477362,-0.030042846335337606
22.28,0.6,0.000615999,5.47897,-0.369549,-0.0320209,0.0136,0,0,198.296,4.52163,0.0448021,5.47897,0.000615999,0.0011300409811689897,0.00619146063459546,0.012469959018831009,-0.03821236063459546
22.3,0.6,0.000615999,5.47501,-0.370927,-0.0343487,0.0136,0,0,198.405,4.52654,0.0448256,5.47501,0.000615999,0.0011292256782332955,0.006182521880584075,0.012470774321766704,-0.04053122188058408
22.32,0.7,0.000718665,5.47768,-0.374742,-0.0329915,0.0139723,0,0,198.514,4.53144,0.0448491,5.47768,0.000718665,0.0013180704319829394,0.007219968043864308,0.01265422956801706,-0.04021146804386431
22.34,0.7,0.000718665,5.44648,-0.379868,-0.0303548,0.0146115,0,0,198.624,4.53635,0.0448765,5.44648,0.000718665,0.0013105761296264848,0.007138026678488057,0.013300923870373516,-0.03749282667848806
22.36,0.7,0.000718665,5.42256,-0.384336,-0.0277919,0.0144111,0,0,198.732,4.54123,0.0449027,5.42256,0.000718665,0.0013048303445266207,0.0070755208330162715,0.013106269655473379,-0.03486742083301627
22.38,0.7,0.000718665,5.44995,-0.385435,-0.0243821,0.014603,0,0,198.841,4.5461,0.0449288,5.44995,0.000718665,0.0013114096417677504,0.007147116977152152,0.013291590358232248,-0.03152921697715215
22.4,0.7,0.000718665,5.43614,-0.381169,-0.0174273,0.0148009,0,0,198.949,4.55099,0.044955,5.43614,0.000718665,0.0013080923909806912,0.007110973370305775,0.01349280760901931,-0.024538273370305775
22.42,0.7,0.000718665,5.40669,-0.372592,-0.00445056,0.01403,0,0,199.058,4.55588,0.0449812,5.40669,0.000718665,0.001301018164003414,0.007034201897135619,0.012728981835996587,-0.011484761897135619
22.44,0.7,0.000718665,5.41103,-0.363365,0.0145491,0.0138058,0,0,199.166,4.56074,0.0450072,5.41103,0.000718665,0.0013020606942620297,0.007045489478472671,0.01250373930573797,0.00750361052152733
22.46,0.7,0.000718665,5.37821,-0.356746,0.0359341,0.0136051,0,0,199.274,4.56561,0.0450332,5.37821,0.000718665,0.0012941767517704703,0.006960354348139461,0.01231092324822953,0.028973745651860536
22.48,0.7,0.000718665,5.36167,-0.353451,0.0528572,0.0139854,0,0,199.381,4.57045,0.0450591,5.36167,0.000718665,0.0012902034584425439,0.006917645177027635,0.012695196541557456,0.045939554822972364
22.5,0.7,0.000718665,5.35561,-0.351218,0.0582064,0.0147924,0,0,199.488,4.57527,0.0450849,5.35561,0.000718665,0.0012887476895843538,0.0069020300138148616,0.013503652310415646,0.051304369986185136
22.52,0.7,0.000718665,5.35831,-0.346372,0.0491267,0.0146,0,0,199.595,4.5801,0.0451107,5.35831,0.000718665,0.0012893963005090369,0.0069089850909805775,0.013310603699490962,0.042217714909019426
22.54,0.7,0.000718665,5.34172,-0.336813,0.0286986,0.0136,0,0,199.702,4.58493,0.0451365,5.34172,0.000718665,0.0012854109203988514,0.006866305221712952,0.012314589079601148,0.021832294778287048
22.56,0.7,0.000718665,5.34717,-0.323397,0.00314062,0.014207,0,0,199.809,4.58975,0.0451622,5.34717,0.000718665,0.001286720169137455,0.006880311486806725,0.012920279830862543,-0.0037396914868067254
22.58,0.7,0.000718665,5.33902,-0.309223,-0.0216462,0.0149931,0,0,199.916,4.59458,0.045188,5.33902,0.000718665,0.0012847622992488887,0.0068593716109358015,0.013708337700751111,-0.028505571610935802
22.6,0.7,0.000718665,5.30552,-0.297892,-0.0411076,0.0160028,0,0,200.022,4.5994,0.0452137,5.30552,0.000718665,0.0012767144544839554,0.0067736340725537145,0.014726085545516045,-0.047881234072553715
22.62,0.7,0.000718665,5.29473,-0.291112,-0.0519149,0.0164,0,0,200.128,4.60419,0.0452392,5.29473,0.000718665,0.00127412227358199,0.0067461334256027706,0.015125877726418012,-0.05866103342560277
22.64,0.7,0.000718665,5.30276,-0.287843,-0.052654,0.0150024,0,0,200.234,4.60898,0.0452647,5.30276,0.000718665,0.0012760513968160764,0.0067665943049804176,0.013726348603183924,-0.059420594304980416
22.66,0.7,0.000718665,5.29721,-0.286332,-0.0443385,0.0145999,0,0,200.34,4.61378,0.0452902,5.29721,0.000718665,0.0012747180691134322,0.0067524493028883635,0.013325181930886568,-0.051090949302888364
22.68,0.7,0.000718665,5.25595,-0.286351,-0.0298217,0.0140082,0,0,200.446,4.61857,0.0453157,5.25595,0.000718665,0.0012648055808114793,0.0066477548924660955,0.01274339441918852,-0.03646945489246609
22.7,0.6,0.000615999,5.27203,-0.2887,-0.0134888,0.0133932,0,0,200.551,4.62333,0.0453401,5.27203,0.000615999,0.0010874310709320222,0.005732969228885749,0.012305768929067977,-0.01922176922888575
22.72,0.6,0.000615999,5.26126,-0.293587,-0.00110855,0.0132,0,0,200.656,4.62811,0.045361,5.26126,0.000615999,0.0010852132488346298,0.005709589057563684,0.01211478675116537,-0.006818139057563684
22.74,0.6,0.000615999,5.23874,-0.300196,0.00203527,0.0136043,0,0,200.761,4.63288,0.0453827,5.23874,0.000615999,0.0010805757251441436,0.00566085527434163,0.012523724274855857,-0.0036255852743416303
22.76,0.6,0.000615999,5.21121,-0.3059,-0.00558982,0.0137952,0,0,200.866,4.63763,0.0454043,5.21121,0.000615999,0.0010749063645772814,0.0056015627961487745,0.012720293635422718,-0.011191382796148775
22.78,0.6,0.000615999,5.22714,-0.306454,-0.0198755,0.0130305,0,0,200.97,4.64236,0.0454258,5.22714,0.000615999,0.0010781869094429238,0.0056358339218254856,0.011952313090557077,-0.025511333921825488
22.8,0.6,0.000615999,5.25984,-0.300212,-0.0327385,0.0146059,0,0,201.074,4.64711,0.0454474,5.25984,0.000615999,0.0010849208323693317,0.005706509990929505,0.013520979167630669,-0.0384450099909295
22.82,0.6,0.000615999,5.17596,-0.290331,-0.0368272,0.014409,0,0,201.179,4.65189,0.0454691,5.17596,0.000615999,0.0010676469833501862,0.00552609807994123,0.013341353016649814,-0.042353298079941225
22.84,0.6,0.000615999,5.20809,-0.28028,-0.0297089,0.013816,0,0,201.282,4.65659,0.0454904,5.20809,0.000615999,0.0010742638416446218,0.005594862771030939,0.012741736158355377,-0.035303762771030936
22.86,0.6,0.000615999,5.18966,-0.271221,-0.0137908,0.0147705,0,0,201.386,4.66133,0.0455119,5.18966,0.000615999,0.0010704683879278049,0.005555366974093412,0.013700031612072196,-0.01934616697409341
22.88,0.6,0.000615999,5.17282,-0.264594,0.00648031,0.0149848,0,0,201.49,4.66605,0.0455333,5.17282,0.000615999,0.0010670003206482166,0.005519400598655507,0.013917799679351783,0.0009609094013444935
22.9,0.6,0.000615999,5.16093,-0.261846,0.0260602,0.0153855,0,0,201.593,4.67075,0.0455547,5.16093,0.000615999,0.0010645516351068826,0.005494076470172163,0.014320948364893117,0.020566123529827837
22.92,0.6,0.000615999,5.15276,-0.261801,0.0400353,0.0148,0,0,201.696,4.67545,0.045576,5.15276,0.000615999,0.0010628690493284894,0.005476709122617866,0.01373713095067151,0.03455859087738214
22.94,0.6,0.000615999,5.14722,-0.261702,0.0452324,0.0146,0,0,201.799,4.68015,0.0455973,5.14722,0.000615999,0.001061728096608767,0.005464948093426578,0.013538271903391233,0.03976745190657342
22.96,0.6,0.000615999,5.14722,-0.259317,0.0411198,0.01479,0,0,201.902,4.68484,0.0456185,5.14722,0.000615999,0.001061728096608767,0.005464948093426578,0.013728271903391232,0.03565485190657342
22.98,0.6,0.000615999,5.15788,-0.253702,0.0293395,0.015,0,0,202.005,4.68953,0.0456397,5.15788,0.000615999,0.0010639234986825675,0.005487589735384841,0.013936076501317432,0.02385191026461516
23.0,0.6,0.000615999,5.12038,-0.246277,0.0127913,0.0146174,0,0,202.108,4.69424,0.045661,5.12038,0.000615999,0.0010562003666865607,0.0054081472335745315,0.01356119963331344,0.007383152766425469
23.02,0.6,0.000615999,5.11944,-0.239784,-0.00520708,0.0146,0,0,202.21,4.69891,0.0456821,5.11944,0.000615999,0.0010560067701181773,0.005406163299213802,0.013543993229881823,-0.010613243299213801
23.04,0.5,0.000513332,5.11923,-0.235553,-0.0217729,0.0153974,0,0,202.312,4.70358,0.0457024,5.11923,0.000513332,0.0008799687087079954,0.004504762212679231,0.014517431291292005,-0.026277662212679232
23.06,0.5,0.000513332,5.08613,-0.234078,-0.0354249,0.0147941,0,0,202.415,4.70826,0.0457191,5.08613,0.000513332,0.0008742877334083732,0.0044467410695203284,0.013919812266591626,-0.03987164106952033
23.08,0.5,0.000513332,5.08888,-0.236017,-0.0460261,0.0147967,0,0,202.516,4.71291,0.0457366,5.08888,0.000513332,0.0008747597242484756,0.004451547265533582,0.013921940275751523,-0.05047764726553358
23.1,0.5,0.000513332,5.08335,-0.240085,-0.0535738,0.0151988,0,0,202.618,4.71756,0.0457541,5.08335,0.000513332,0.0008738105923851255,0.004441885074800928,0.014324989407614874,-0.05801568507480093
23.12,0.5,0.000513332,5.07795,-0.243244,-0.0574937,0.015,0,0,202.719,4.72221,0.0457716,5.07795,0.000513332,0.0008728837682695176,0.004432460131084197,0.014127116231730482,-0.0619261601310842
23.14,0.5,0.000513332,5.08328,-0.243768,-0.0568948,0.013414,0,0,202.821,4.72686,0.0457891,5.08328,0.000513332,0.0008737985780273486,0.004441762835714861,0.012540201421972652,-0.06133656283571486
23.16,0.5,0.000513332,5.06955,-0.241268,-0.0514929,0.013,0,0,202.922,4.73151,0.0458065,5.06955,0.000513332,0.0008714420328943275,0.004417818957859437,0.012128557967105671,-0.055910718957859436
23.18,0.5,0.000513332,5.06428,-0.235861,-0.0425166,0.0135713,0,0,203.023,4.73615,0.045824,5.06428,0.000513332,0.0008705375100119657,0.0044086457012033975,0.012700762489988034,-0.0469252457012034
23.2,0.5,0.000513332,5.04177,-0.229016,-0.0324082,0.0132017,0,0,203.125,4.74079,0.0458414,5.04177,0.000513332,0.0008666739304564554,0.004369570622357443,0.012335026069543545,-0.036777770622357445
23.22,0.5,0.000513332,5.02283,-0.221667,-0.0235018,0.0133873,0,0,203.225,4.74541,0.0458587,5.02283,0.000513332,0.0008634230394922147,0.004336827145452681,0.012523876960507784,-0.027838627145452682
23.24,0.5,0.000513332,5.02497,-0.212832,-0.0168978,0.0132037,0,0,203.326,4.75001,0.045876,5.02497,0.000513332,0.0008637903551673193,0.0043405206210051245,0.012339909644832682,-0.021238320621005127
23.26,0.5,0.000513332,5.02775,-0.202736,-0.0123869,0.0130033,0,0,203.426,4.75462,0.0458933,5.02775,0.000513332,0.0008642675212112639,0.004345321029769932,0.012139032478788737,-0.01673222102976993
23.28,0.5,0.000513332,5.02505,-0.193672,-0.00924246,0.0131916,0,0,203.526,4.75923,0.0459106,5.02505,0.000513332,0.0008638040865808203,0.004340658725272952,0.01232779591341918,-0.013583118725272951
23.3,0.4,0.000410666,5.00839,-0.187829,-0.00707806,0.0139973,0,0,203.627,4.76384,0.045927,5.00839,0.000410666,0.0006887562479509935,0.0034495599046752766,0.013308543752049007,-0.010527619904675276
23.32,0.4,0.000410666,4.97254,-0.186373,-0.00605607,0.0146,0,0,203.727,4.76844,0.0459399,4.97254,0.000410666,0.0006838333803147791,0.003400388836950452,0.01391616661968522,-0.009456458836950453
23.34,0.4,0.000410666,4.99415,-0.187736,-0.00610894,0.0146,0,0,203.826,4.77301,0.0459536,4.99415,0.000410666,0.0006868008514828414,0.0034299864724330323,0.013913199148517158,-0.009538926472433033
23.36,0.3,0.000307999,4.98346,-0.187291,-0.00634939,0.0149956,0,0,203.926,4.77759,0.0459665,4.98346,0.000307999,0.000513998838982485,0.0025614926541156547,0.014481601161017514,-0.008910882654115654
23.38,0.3,0.000307999,4.97266,-0.181721,-0.0058894,0.0153828,0,0,204.025,4.78217,0.0459759,4.97266,0.000307999,0.0005128865488702438,0.002550410426105107,0.014869913451129757,-0.008439810426105107
23.4,0.202311,0.000207705,4.98046,-0.172842,-0.00502741,0.0144139,0,0,204.125,4.78674,0.0459853,4.98046,0.000207705,0.0003464165556635195,0.001725313798819932,0.014067483444336481,-0.0067527237988199325
23.42,0.2,0.000205333,4.9804,-0.165426,-0.00531674,0.014,0,0,204.224,4.79132,0.0459914,4.9804,0.000205333,0.0003424563440513294,0.001705569575913241,0.013657543655948672,-0.007022309575913242
23.44,0.2,0.000205333,4.96372,-0.161459,-0.00843948,0.013788,0,0,204.324,4.7959,0.0459982,4.96372,0.000205333,0.0003413110892834995,0.0016941726800982922,0.0134466889107165,-0.010133652680098292
23.46,0.2,0.000205333,4.95842,-0.159291,-0.0152428,0.0130202,0,0,204.423,4.80046,0.0460051,4.95842,0.000205333,0.0003409471858575861,0.001690559345299972,0.012679252814142413,-0.01693335934529997
23.48,0.2,0.000205333,4.95564,-0.157121,-0.0258779,0.01316,0,0,204.522,4.80502,0.0460119,4.95564,0.000205333,0.0003407563075320762,0.001688665587858258,0.012819243692467924,-0.027566565587858256
23.5,0.102383,0.000105113,4.95007,-0.152883,-0.0397331,0.0136,0,0,204.621,4.80958,0.0460179,4.95007,0.000105113,0.00017424241342622673,0.0008625121434287622,0.013425757586573772,-0.040595612143428765
23.52,0.1,0.000102666,4.93057,-0.144827,-0.054765,0.0139992,0,0,204.72,4.81413,0.0460205,4.93057,0.000102666,0.00016951664687280823,0.0008358136935716622,0.013829683353127191,-0.055600813693571664
23.54,0.0965617,9.91365e-05,4.91963,-0.135,-0.0683129,0.0135862,0,0,204.818,4.81867,0.0460238,4.91963,9.91365e-05,0.00016332625011165696,0.0008035047198368108,0.013422873749888342,-0.06911640471983681
23.56,0.0,0.0,4.93004,-0.12626,-0.0789051,0.0125957,0,0,204.916,4.82319,0.0460263,4.93004,0.0,0.0,0.0,0.0125957,-0.0789051
23.58,0.0,0.0,4.88621,-0.117315,-0.0855306,0.012201,0,0,205.015,4.82773,0.0460254,4.88621,0.0,0.0,0.0,0.012201,-0.0855306
23.6,0.0,0.0,4.90858,-0.105124,-0.0854784,0.012,0,0,205.112,4.83222,0.0460254,4.90858,0.0,0.0,0.0,0.012,-0.0854784
23.62,0.0,0.0,4.9247,-0.0886062,-0.0757234,0.012,0,0,205.21,4.83674,0.0460254,4.9247,0.0,0.0,0.0,0.012,-0.0757234
23.64,0.0,0.0,4.90276,-0.0693037,-0.0566984,0.0122015,0,0,205.309,4.84127,0.0460254,4.90276,0.0,0.0,0.0,0.0122015,-0.0566984
23.66,-0.000761882,-7.82197e-07,4.88904,-0.0518168,-0.033251,0.0134015,0,0,205.407,4.84578,0.0460254,4.88904,-7.82197e-07,-1.2806591581231484e-06,-6.261193850430397e-06,0.013402780659158123,-0.033244738806149574
23.68,-0.1,-0.000102666,4.9245,-0.0417779,-0.0121748,0.0136,0,0,205.504,4.85028,0.0460246,4.9245,-0.000102666,-0.0001693082555438909,-0.0008337585044258908,0.01376930825554389,-0.01134104149557411
23.7,0.0,0.0,4.8832,-0.0411184,0.00121336,0.0131972,0,0,205.603,4.85481,0.0460212,4.8832,0.0,0.0,0.0,0.0131972,0.00121336
23.72,0.0,0.0,4.84564,-0.0465653,0.0052242,0.0126125,0,0,205.7,4.8593,0.046022,4.84564,0.0,0.0,0.0,0.0126125,0.0052242
23.74,0.0,0.0,4.88017,-0.0530749,0.0019029,0.0126,0,0,205.797,4.86376,0.046022,4.88017,0.0,0.0,0.0,0.0126,0.0019029
23.76,0.0,0.0,4.85863,-0.0579123,-0.00421941,0.0127948,0,0,205.895,4.86825,0.046022,4.85863,0.0,0.0,0.0,0.0127948,-0.00421941
23.78,0.0,0.0,4.8664,-0.0609754,-0.00861608,0.0132,0,0,205.992,4.87272,0.046022,4.8664,0.0,0.0,0.0,0.0132,-0.00861608
23.8,0.0,0.0,4.83946,-0.0621135,-0.00918727,0.013,0,0,206.089,4.8772,0.046022,4.83946,0.0,0.0,0.0,0.013,-0.00918727
23.82,0.0,0.0,4.85833,-0.0605678,-0.00648678,0.0122001,0,0,206.186,4.88165,0.046022,4.85833,0.0,0.0,0.0,0.0122001,-0.00648678
23.84,0.0,0.0,4.83592,-0.056328,-0.00278984,0.0122087,0,0,206.283,4.88612,0.046022,4.83592,0.0,0.0,0.0,0.0122087,-0.00278984
23.86,0.0,0.0,4.82797,-0.0500923,-0.00115099,0.0124,0,0,206.379,4.89057,0.046022,4.82797,0.0,0.0,0.0,0.0124,-0.00115099
23.88,0.0,0.0,4.83054,-0.0443652,-0.00347605,0.0122,0,0,206.476,4.89501,0.046022,4.83054,0.0,0.0,0.0,0.0122,-0.00347605
23.9,0.0,0.0,4.82501,-0.0438552,-0.00915982,0.0123994,0,0,206.572,4.89945,0.046022,4.82501,0.0,0.0,0.0,0.0123994,-0.00915982
23.92,0.0,0.0,4.81429,-0.0501875,-0.0162807,0.013,0,0,206.669,4.90389,0.046022,4.81429,0.0,0.0,0.0,0.013,-0.0162807
23.94,0.0,0.0,4.81115,-0.0593465,-0.0234331,0.013,0,0,206.765,4.90832,0.046022,4.81115,0.0,0.0,0.0,0.013,-0.0234331
23.96,0.0,0.0,4.8523,-0.0669445,-0.0305066,0.0134,0,0,206.861,4.91275,0.046022,4.8523,0.0,0.0,0.0,0.0134,-0.0305066
23.98,0.0,0.0,4.81209,-0.0710156,-0.0382127,0.0132103,0,0,206.958,4.91721,0.046022,4.81209,0.0,0.0,0.0,0.0132103,-0.0382127
24.0,0.0,0.0,4.81111,-0.071394,-0.0463992,0.0134,0,0,207.054,4.92164,0.046022,4.81111,0.0,0.0,0.0,0.0134,-0.0463992
24.02,0.0,0.0,4.81387,-0.070555,-0.0530707,0.0120132,0,0,207.15,4.92607,0.046022,4.81387,0.0,0.0,0.0,0.0120132,-0.0530707
24.04,0.0,0.0,4.77791,-0.0707299,-0.0554108,0.01141,0,0,207.246,4.9305,0.046022,4.77791,0.0,0.0,0.0,0.01141,-0.0554108
24.06,0.0,0.0,4.78843,-0.0705272,-0.0519521,0.0119847,0,0,207.342,4.93489,0.046022,4.78843,0.0,0.0,0.0,0.0119847,-0.0519521
24.08,0.0,0.0,4.79158,-0.0678107,-0.0442724,0.0122,0,0,207.437,4.9393,0.046022,4.79158,0.0,0.0,0.0,0.0122,-0.0442724
24.1,0.0,0.0,4.80264,-0.062309,-0.0360015,0.012995,0,0,207.533,4.9437,0.046022,4.80264,0.0,0.0,0.0,0.012995,-0.0360015
24.12,0.0,0.0,4.79422,-0.0556663,-0.0300442,0.0122,0,0,207.629,4.94812,0.046022,4.79422,0.0,0.0,0.0,0.0122,-0.0300442
24.14,0.0,0.0,4.75302,-0.0509758,-0.0277992,0.0124449,0,0,207.725,4.95253,0.046022,4.75302,0.0,0.0,0.0,0.0124449,-0.0277992
24.16,0.0,0.0,4.76095,-0.0498558,-0.0300112,0.0135843,0,0,207.82,4.95691,0.046022,4.76095,0.0,0.0,0.0,0.0135843,-0.0300112
24.18,0.0,0.0,4.7434,-0.051347,-0.036309,0.0130722,0,0,207.915,4.96129,0.046022,4.7434,0.0,0.0,0.0,0.0130722,-0.036309
24.2,0.0,0.0,4.74167,-0.0539238,-0.044074,0.0141572,0,0,208.009,4.96565,0.046022,4.74167,0.0,0.0,0.0,0.0141572,-0.044074
24.22,0.0,0.0,4.75816,-0.0558697,-0.0490716,0.0153914,0,0,208.104,4.97001,0.046022,4.75816,0.0,0.0,0.0,0.0153914,-0.0490716
24.24,0.0,0.0,4.7388,-0.056682,-0.0482744,0.0141957,0,0,208.199,4.97439,0.046022,4.7388,0.0,0.0,0.0,0.0141957,-0.0482744
24.26,0.0,0.0,4.73053,-0.0587595,-0.0423215,0.0139923,0,0,208.294,4.97875,0.046022,4.73053,0.0,0.0,0.0,0.0139923,-0.0423215
24.28,0.0,0.0,4.72784,-0.063496,-0.034466,0.012642,0,0,208.388,4.9831,0.046022,4.72784,0.0,0.0,0.0,0.012642,-0.034466
24.3,0.0,0.0,4.71117,-0.0684595,-0.027132,0.0115985,0,0,208.483,4.98745,0.046022,4.71117,0.0,0.0,0.0,0.0115985,-0.027132
24.32,0.0,0.0,4.72739,-0.0709679,-0.0200281,0.0114,0,0,208.577,4.99179,0.046022,4.72739,0.0,0.0,0.0,0.0114,-0.0200281
24.34,0.0,0.0,4.72778,-0.0694957,-0.0110845,0.0112,0,0,208.671,4.99613,0.046022,4.72778,0.0,0.0,0.0,0.0112,-0.0110845
24.36,0.0,0.0,4.7168,-0.0631072,0.000962072,0.0119909,0,0,208.766,5.00048,0.046022,4.7168,0.0,0.0,0.0,0.0119909,0.000962072
24.38,0.0,0.0,4.70587,-0.0548971,0.0144779,0.0123876,0,0,208.86,5.00482,0.046022,4.70587,0.0,0.0,0.0,0.0123876,0.0144779
24.4,-0.1,-0.000102666,4.68953,-0.0510449,0.0252163,0.0126,0,0,208.954,5.00915,0.0460212,4.68953,-0.000102666,-0.00016124057939197151,-0.0007561425342760323,0.012761240579391972,0.02597244253427603
24.42,-0.1,-0.000102666,4.69165,-0.0536805,0.0281387,0.0131968,0,0,209.048,5.01347,0.0460172,4.69165,-0.000102666,-0.00016131337660262748,-0.0007568259033377173,0.013358113376602627,0.028895525903337715
24.44,-0.1,-0.000102666,4.66141,-0.0599761,0.0194539,0.0134,0,0,209.141,5.01778,0.046014,4.66141,-0.000102666,-0.0001602749740593049,-0.0007471073668297845,0.013560274974059306,0.020201007366829785
24.46,-0.1,-0.000102666,4.68519,-0.0659929,-0.00121615,0.0132138,0,0,209.235,5.02207,0.0460108,4.68519,-0.000102666,-0.000161091550738957,-0.000754744522606654,0.013374891550738956,-0.000461405477393346
24.48,-0.1,-0.000102666,4.67787,-0.0678601,-0.0296027,0.0124139,0,0,209.328,5.02638,0.0460075,4.67787,-0.000102666,-0.00016084019243638463,-0.0007523895109923907,0.012574740192436385,-0.02885031048900761
24.5,-0.00097126,-9.97158e-07,4.66672,-0.0637484,-0.0577018,0.0119981,0,0,209.422,5.03068,0.0460051,4.66672,-9.97158e-07,-1.558464284558229e-06,-7.272916446033578e-06,0.011999658464284557,-0.057694527083553965
24.52,0.0,0.0,4.67201,-0.0544812,-0.0767801,0.0122157,0,0,209.515,5.03497,0.0460059,4.67201,0.0,0.0,0.0,0.0122157,-0.0767801
24.54,0.0,0.0,4.67684,-0.0395772,-0.0812755,0.0118201,0,0,209.608,5.03927,0.0460059,4.67684,0.0,0.0,0.0,0.0118201,-0.0812755
24.56,0.0,0.0,4.64273,-0.0169559,-0.0713092,0.0123878,0,0,209.702,5.04357,0.0460059,4.64273,0.0,0.0,0.0,0.0123878,-0.0713092
24.58,0.0,0.0,4.66662,0.0130358,-0.0523294,0.0124,0,0,209.794,5.04784,0.0460059,4.66662,0.0,0.0,0.0,0.0124,-0.0523294
24.6,0.0039078,4.012e-06,4.6769,0.0462467,-0.0326167,0.0130156,0,0,209.888,5.05213,0.0460059,4.6769,4.012e-06,6.284039662539078e-06,2.938982509772901e-05,0.013009315960337461,-0.03264608982509773
24.62,0.1,0.000102666,4.63371,0.0748928,-0.0201182,0.0135965,0,0,209.981,5.05644,0.0460069,4.63371,0.000102666,0.00015932376900896572,0.0007382601416945345,0.013437176230991034,-0.020856460141694535
24.64,0.102274,0.000105001,4.66673,0.0909549,-0.0194098,0.0129909,0,0,210.074,5.0607,0.0460108,4.66673,0.000105001,0.0001641070513859852,0.0007658432999145188,0.012826792948614014,-0.02017564329991452
24.66,0.2,0.000205333,4.67206,0.0951568,-0.0296638,0.0126073,0,0,210.167,5.06499,0.0460149,4.67206,0.000205333,0.0003212829366379074,0.0015010531569485017,0.012286017063362093,-0.031164853156948502
24.68,0.2,0.000205333,4.65582,0.09931,-0.0448767,0.0133861,0,0,210.26,5.06929,0.0460221,4.65582,0.000205333,0.0003201675982869563,0.001490642707456377,0.013065932401713044,-0.04636734270745638
24.7,0.3,0.000307999,4.67209,0.115744,-0.0564286,0.0136027,0,0,210.353,5.07358,0.0460293,4.67209,0.000307999,0.0004819267215821859,0.0022516050166369148,0.013120773278417815,-0.05868020501663692
24.72,0.3,0.000307999,4.65328,0.147522,-0.0569096,0.0138,0,0,210.447,5.07788,0.0460398,4.65328,0.000307999,0.0004799889596523717,0.002233523026171188,0.013320011040347628,-0.05914312302617118
24.74,0.498336,0.000511624,4.65829,0.187987,-0.043729,0.0141967,0,0,210.54,5.08216,0.046051,4.65829,0.000511624,0.0007981777383800665,0.0037181433769184796,0.013398522261619934,-0.04744714337691848
24.76,0.598369,0.000614324,4.65558,0.225706,-0.0204236,0.0142,0,0,210.633,5.08646,0.0460694,4.65558,0.000614324,0.0009578418264897605,0.004459309250569199,0.01324215817351024,-0.0248829092505692
24.78,0.7,0.000718665,4.65822,0.252178,0.00473764,0.0136183,0,0,210.726,5.09075,0.0460902,4.65822,0.000718665,0.0011211628936891491,0.005222623414640668,0.012497137106310851,-0.00048498341464066775
24.8,0.803874,0.000825309,4.64498,0.267551,0.0218195,0.0134077,0,0,210.819,5.09504,0.0461143,4.64498,0.000825309,0.0012838794935081735,0.005963594569755596,0.012123820506491826,0.015855905430244403
24.82,0.997506,0.0010241,4.66916,0.278369,0.0240899,0.013405,0,0,210.912,5.09933,0.0461423,4.66916,0.0010241,0.0016014084407795501,0.007477232235350244,0.01180359155922045,0.016612667764649758
24.84,1.20154,0.00123358,4.68064,0.291585,0.0122304,0.0132031,0,0,211.005,5.10364,0.0461776,4.68064,0.00123358,0.001933713987694381,0.009051019039361828,0.01126938601230562,0.003179380960638172
24.86,1.30232,0.00133704,4.6917,0.311214,-0.0068028,0.0138139,0,0,211.099,5.10797,0.0462188,4.6917,0.00133704,0.0021008402041795323,0.009856511985949112,0.011713059795820468,-0.016659311985949114
24.88,1.4,0.00143733,4.69435,0.33638,-0.0248281,0.0149532,0,0,211.192,5.11231,0.0462625,4.69435,0.00143733,0.0022596962388913852,0.010607805039039775,0.012693503761108615,-0.035435905039039775
24.9,1.40311,0.00144052,4.69171,0.361999,-0.0363242,0.0163813,0,0,211.286,5.11665,0.0463085,4.69171,0.00144052,0.002263439435465065,0.010619401433765798,0.014117860564534936,-0.0469436014337658
24.92,1.4,0.00143733,4.69999,0.383866,-0.039926,0.0174002,0,0,211.38,5.121,0.0463539,4.69999,0.00143733,0.0022624075899018437,0.010633293048462765,0.015137792410098157,-0.05055929304846277
24.94,1.4,0.00143733,4.69214,0.401548,-0.037668,0.0176,0,0,211.474,5.12536,0.0463992,4.69214,0.00143733,0.0022586338088640434,0.010597826039923333,0.015341366191135958,-0.04826582603992333
24.96,1.4,0.00143733,4.71325,0.417131,-0.0326619,0.0174119,0,0,211.568,5.12972,0.0464444,4.71325,0.00143733,0.0022687820988614464,0.010693337227458712,0.015143117901138554,-0.04335523722745871
24.98,1.4,0.00143733,4.71661,0.434305,-0.0273401,0.0158233,0,0,211.662,5.13411,0.0464898,4.71661,0.00143733,0.002270397347817667,0.010708578834690287,0.013552902652182331,-0.038048678834690285
25.0,1.4,0.00143733,4.72499,0.45608,-0.0226254,0.0148013,0,0,211.756,5.1385,0.0465353,4.72499,0.00143733,0.00227442583580725,0.010746639329930897,0.01252687416419275,-0.033372039329930894
25.02,1.5,0.00154,4.73035,0.481499,-0.0180044,0.0138448,0,0,211.851,5.1429,0.0465817,4.73035,0.00154,0.002439651458124165,0.011540405274937644,0.011405148541875836,-0.029544805274937642
25.04,1.4,0.00143733,4.74154,0.507531,-0.0131119,0.0136,0,0,211.946,5.14731,0.0466306,4.74154,0.00143733,0.0022823817759206693,0.010822004485798889,0.01131761822407933,-0.023933904485798886
25.06,1.5,0.00154,4.73617,0.533196,-0.00894136,0.013004,0,0,212.04,5.15174,0.0466763,4.73617,0.00154,0.0024426491070562825,0.011568801421366754,0.010561350892943718,-0.020510161421366753
25.08,1.4,0.00143733,4.78247,0.559365,-0.0067332,0.0133921,0,0,212.135,5.15616,0.0467252,4.78247,0.00143733,0.002302057227955565,0.011009519630980652,0.011090042772044435,-0.017742719630980654
25.1,1.4,0.00143733,4.75014,0.586937,-0.00630916,0.0136,0,0,212.231,5.16064,0.0467705,4.75014,0.00143733,0.0022865159366788923,0.010861270811455874,0.011313484063321107,-0.017170430811455875
25.12,1.4,0.00143733,4.75536,0.616387,-0.0056766,0.0134138,0,0,212.326,5.16509,0.0468164,4.75536,0.00143733,0.0022890252614852884,0.01088513916745668,0.011124774738514712,-0.01656173916745668
25.14,1.4,0.00143733,4.75831,0.646738,-0.00162606,0.0139943,0,0,212.421,5.16955,0.0468622,4.75831,0.00143733,0.0022904433616067195,0.01089863955196687,0.01170385663839328,-0.01252469955196687
25.16,1.4,0.00143733,4.76934,0.675104,0.00872953,0.0147964,0,0,212.516,5.17401,0.0469081,4.76934,0.00143733,0.0022957455825738486,0.010949191236792758,0.012500654417426151,-0.0022196612367927585
25.18,1.4,0.00143733,4.78223,0.698927,0.0257998,0.0144,0,0,212.612,5.1785,0.0469541,4.78223,0.00143733,0.002301941859592753,0.011008415419200251,0.012098058140407247,0.01479138458079975
25.2,1.4,0.00143733,4.79431,0.717847,0.0456116,0.0151958,0,0,212.707,5.18299,0.0470003,4.79431,0.00143733,0.002307748704620462,0.011064062692048928,0.012888051295379538,0.03454753730795107
25.22,1.4,0.00143733,4.82232,0.733077,0.0594451,0.0162101,0,0,212.803,5.18751,0.0470465,4.82232,0.00143733,0.0023212128560269733,0.011193631179875995,0.013888887143973029,0.048251468820124
25.24,1.49706,0.00153697,4.83043,0.74661,0.0572888,0.0167941,0,0,212.9,5.19205,0.0470939,4.83043,0.00153697,0.0024862950833978766,0.012009874359697605,0.014307804916602123,0.04527892564030239
25.26,1.5,0.00154,4.81137,0.760595,0.0347741,0.0156159,0,0,212.996,5.19661,0.0471445,4.81137,0.00154,0.0024813802888353654,0.011938838680293813,0.013134519711164635,0.022835261319706188
25.28,1.6,0.00164266,4.83538,0.776289,-0.00216364,0.016549,0,0,213.093,5.20115,0.0471951,4.83538,0.00164266,0.002659985155282969,0.012862039020152162,0.013889014844717032,-0.015025679020152161
25.3,1.69863,0.00174392,4.8499,0.79452,-0.0398836,0.0164055,0,0,213.189,5.20573,0.0472501,4.8499,0.00174392,0.0028324255645195465,0.013736980745363348,0.013573074435480453,-0.05362058074536335
25.32,1.7,0.00174533,4.87945,0.817087,-0.0647273,0.016,0,0,213.286,5.21032,0.0473077,4.87945,0.00174533,0.002851963047314413,0.013916011091218313,0.013148036952685587,-0.07864331109121832
25.34,1.7,0.00174533,4.91314,0.845407,-0.0703028,0.0164,0,0,213.384,5.21494,0.0473649,4.91314,0.00174533,0.0028716262905871094,0.014108701993335152,0.013528373709412893,-0.08441150199333515
25.36,1.7,0.00174533,4.9382,0.877597,-0.0603403,0.0152432,0,0,213.482,5.21961,0.0474225,4.9382,0.00174533,0.0028862522403819983,0.014252890813454384,0.012356947759618002,-0.07459319081345439
25.38,1.7,0.00174533,4.91699,0.908522,-0.0452644,0.015,0,0,213.581,5.2243,0.0474804,4.91699,0.00174533,0.00287387331488925,0.014130806350577294,0.01212612668511075,-0.059395206350577295
25.4,1.7,0.00174533,4.94118,0.932562,-0.0350714,0.0146155,0,0,213.68,5.22898,0.047538,4.94118,0.00174533,0.0028879914580619277,0.014270085632746437,0.011727508541938072,-0.04934148563274644
25.42,1.7,0.00174533,4.94167,0.945989,-0.0345071,0.0144,0,0,213.778,5.23369,0.0475959,4.94167,0.00174533,0.0028882774363724398,0.014272913958998596,0.01151172256362756,-0.04878001395899859
25.44,1.7,0.00174533,4.96437,0.948079,-0.0428005,0.0148083,0,0,213.877,5.2384,0.0476538,4.96437,0.00174533,0.0029015256842560297,0.014404247061150106,0.011906774315743971,-0.057204747061150106
25.46,1.7,0.00174533,4.9856,0.942674,-0.0549652,0.015,0,0,213.977,5.24314,0.047712,4.9856,0.00174533,0.0029139157659372156,0.01452761844265658,0.012086084234062783,-0.06949281844265658
25.48,1.7,0.00174533,4.99414,0.93839,-0.0634487,0.0155837,0,0,214.077,5.24791,0.0477704,4.99414,0.00174533,0.0029188997463250213,0.014577393979111642,0.012664800253674979,-0.07802609397911164
25.5,1.7,0.00174533,5.02528,0.942928,-0.0619296,0.0149867,0,0,214.176,5.25269,0.047829,5.02528,0.00174533,0.0029370728626024814,0.014759613514978998,0.012049627137397519,-0.076689213514979
25.52,1.60221,0.00164493,5.04148,0.957103,-0.0496844,0.0144044,0,0,214.277,5.25751,0.047887,5.04148,0.00164493,0.002777027793931709,0.014000330082550833,0.011627372206068291,-0.06368473008255082
25.54,1.6,0.00164266,5.03352,0.976517,-0.0319922,0.015,0,0,214.378,5.26235,0.0479418,5.03352,0.00164266,0.002768823464013015,0.013936928282578793,0.012231176535986984,-0.04592912828257879
25.56,1.6,0.00164266,5.06946,0.99698,-0.0161733,0.0156012,0,0,214.479,5.26718,0.0479973,5.06946,0.00164266,0.0027885632631519607,0.01413650992001834,0.01281263673684804,-0.03030980992001834
25.58,1.6,0.00164266,5.08032,1.01721,-0.00716592,0.0161907,0,0,214.58,5.27206,0.0480533,5.08032,0.00164266,0.0027945279183553477,0.01419709607417904,0.01339617208164465,-0.02136301607417904
25.6,1.6,0.00164266,5.15256,1.0373,-0.0056279,0.0163988,0,0,214.682,5.27695,0.0481093,5.15256,0.00164266,0.002834202915366697,0.014603400573601828,0.013564597084633305,-0.020231300573601826
25.62,1.6,0.00164266,5.18232,1.05633,-0.00907538,0.0164,0,0,214.785,5.28192,0.0481661,5.18232,0.00164266,0.0028505466714395552,0.014772445026334636,0.013549453328560446,-0.023847825026334635
25.64,1.6,0.00164266,5.17509,1.07377,-0.0143018,0.016792,0,0,214.889,5.28693,0.0482233,5.17509,0.00164266,0.002846576102430014,0.014731287521924541,0.013945423897569987,-0.02903308752192454
25.66,1.6,0.00164266,5.17777,1.09228,-0.0185981,0.0164035,0,0,214.992,5.29193,0.0482804,5.17777,0.00164266,0.0028480479070244814,0.014746537011554149,0.01355545209297552,-0.03334463701155415
25.68,1.6,0.00164266,5.18049,1.1152,-0.0194593,0.016,0,0,215.096,5.29694,0.0483375,5.18049,0.00164266,0.002849541675141523,0.014762022152653908,0.013150458324858477,-0.03422132215265391
25.7,1.6,0.00164266,5.21931,1.14117,-0.0144332,0.0156014,0,0,215.2,5.30196,0.0483947,5.21931,0.00164266,0.002870860413085967,0.01498391046262372,0.012730539586914032,-0.02941711046262372
25.72,1.6,0.00164266,5.23545,1.1648,-0.00235347,0.015384,0,0,215.304,5.30702,0.0484523,5.23545,0.00164266,0.002879723774118838,0.01507664983321047,0.012504276225881163,-0.01743011983321047
25.74,1.5,0.00154,5.27287,1.18263,0.0152421,0.0159799,0,0,215.409,5.31211,0.0485092,5.27287,0.00154,0.0027190163389440025,0.014337019683127663,0.013260883661055996,0.0009050803168723365
25.76,1.5,0.00154,5.2966,1.19427,0.0343984,0.0154103,0,0,215.515,5.31724,0.0485628,5.2966,0.00154,0.0027312327145767347,0.014466247196027132,0.012679067285423265,0.01993215280397287
25.78,1.4,0.00143733,5.30556,1.19931,0.0498732,0.0155091,0,0,215.621,5.32239,0.0486167,5.30556,0.00143733,0.002553449446809837,0.0135474792470164,0.012955650553190163,0.0363257207529836
25.8,1.39747,0.00143473,5.3031,1.198,0.0561231,0.0147797,0,0,215.727,5.32757,0.048667,5.3031,0.00143473,0.002547650646632332,0.01351044614415592,0.012232049353367667,0.04261265385584408
25.82,1.3,0.00133466,5.32746,1.19377,0.0493227,0.0141949,0,0,215.833,5.33274,0.0487172,5.32746,0.00133466,0.002380824329128505,0.012683746380458947,0.011814075670871494,0.03663895361954105
25.84,1.3,0.00133466,5.35025,1.19245,0.0300658,0.014597,0,0,215.94,5.33794,0.048764,5.35025,0.00133466,0.0023909918862902915,0.012792404339624633,0.01220600811370971,0.01727339566037537
25.86,1.2,0.001232,5.38345,1.19934,0.00410776,0.0139977,0,0,216.047,5.34317,0.0488111,5.38345,0.001232,0.0022207524778525226,0.011955309926895162,0.011776947522147477,-0.007847549926895162
25.88,1.2,0.001232,5.4183,1.21593,-0.0201495,0.0129136,0,0,216.155,5.34844,0.0488547,5.4183,0.001232,0.0022351037171508535,0.01211046247063847,0.010678496282849148,-0.03225996247063847
25.9,1.19636,0.00122826,5.4395,1.23771,-0.0358695,0.0124145,0,0,216.263,5.35375,0.0488995,5.4395,0.00122826,0.0022370220027703473,0.012168281184069303,0.010177477997229654,-0.0480377811840693
25.92,1.1,0.00112933,5.47177,1.25709,-0.0409896,0.0133838,0,0,216.372,5.35908,0.0489434,5.47177,0.00112933,0.0020690219878577334,0.011321212442500311,0.011314778012142266,-0.05231081244250031
25.94,1.09895,0.00112825,5.40874,1.26912,-0.0383481,0.0142042,0,0,216.482,5.36445,0.048984,5.40874,0.00112825,0.002043274278257453,0.011051539319782215,0.012160925721742547,-0.04939963931978222
25.96,1.0,0.00102666,5.48614,1.2739,-0.032662,0.0147996,0,0,216.59,5.36976,0.0490241,5.48614,0.00102666,0.0018858531823223786,0.010346054577666094,0.01291374681767762,-0.04300805457766609
25.98,1.0,0.00102666,5.50793,1.27495,-0.0271271,0.0146809,0,0,216.7,5.37515,0.049061,5.50793,0.00102666,0.0018933300431161189,0.010428329344380564,0.012787569956883882,-0.03755542934438057
26.0,1.0,0.00102666,5.54715,1.27504,-0.0225875,0.0153985,0,0,216.81,5.38057,0.049099,5.54715,0.00102666,0.0019067873041481581,0.010577235194205456,0.013491712695851843,-0.03316473519420546
26.02,1.0,0.00102666,5.53089,1.27349,-0.0192007,0.016,0,0,216.921,5.38603,0.0491372,5.53089,0.00102666,0.0019012081966249537,0.01051537340263099,0.014098791803375046,-0.029716073402630994
26.04,1.00533,0.00103214,5.57028,1.26924,-0.017995,0.0164213,0,0,217.032,5.39147,0.0491754,5.57028,0.00103214,0.0019249437029871543,0.010722475409875287,0.014496356297012845,-0.028717475409875286
26.06,1.1,0.00112933,5.59939,1.26408,-0.0206057,0.0164164,0,0,217.143,5.39697,0.049215,5.59939,0.00112933,0.002117189986769808,0.011854972440018995,0.014299210013230193,-0.032460672440018996
26.08,1.1,0.00112933,5.59196,1.26051,-0.0281886,0.015317,0,0,217.255,5.40249,0.0492584,5.59196,0.00112933,0.002114385825907079,0.011823560963039352,0.013202614174092922,-0.040012160963039355
26.1,1.1,0.00112933,5.62157,1.25935,-0.0404721,0.0148077,0,0,217.367,5.40801,0.0493008,5.62157,0.00112933,0.0021255608307987257,0.011948988999593192,0.012682139169201275,-0.05242108899959319
26.12,1.1,0.00112933,5.68614,1.26142,-0.0548339,0.0148,0,0,217.48,5.41357,0.0493435,5.68614,0.00112933,0.002149928816663571,0.012224796241583399,0.01265007118333643,-0.0670586962415834
26.14,1.1,0.00112933,5.68997,1.2685,-0.0663176,0.015,0,0,217.594,5.41919,0.0493866,5.68997,0.00112933,0.002151374165479228,0.012241254460351843,0.01284862583452077,-0.07855885446035185
26.16,1.00376,0.00103053,5.72434,1.27947,-0.0698158,0.015,0,0,217.708,5.42482,0.0494288,5.72434,0.00103053,0.001974995430662718,0.011305545343559823,0.013025004569337282,-0.08112134534355982
26.18,1.0,0.00102666,5.73262,1.28842,-0.0635376,0.0136,0,0,217.822,5.43049,0.0494675,5.73262,0.00102666,0.001970419110819224,0.0112956640030645,0.011629580889180775,-0.0748332640030645
26.2,1.0,0.00102666,5.75249,1.29065,-0.0505412,0.013994,0,0,217.937,5.43618,0.049507,5.75249,0.00102666,0.001977235485818885,0.011374027359818278,0.012016764514181114,-0.061915227359818276
26.22,0.898627,0.000922588,5.77246,1.2882,-0.0361758,0.0143973,0,0,218.052,5.44189,0.0495456,5.77246,0.000922588,0.0017829601182214447,0.01029206596402856,0.012614339881778555,-0.04646786596402856
26.24,0.8,0.000821331,5.80616,1.28685,-0.0240813,0.0142,0,0,218.168,5.44762,0.0495794,5.80616,0.000821331,0.0015965225968573014,0.00926966564096899,0.0126034774031427,-0.03335096564096899
26.26,0.8,0.000821331,5.8273,1.29012,-0.0148136,0.0140089,0,0,218.284,5.45339,0.0496105,5.8273,0.000821331,0.0016023238128104733,0.00933722155439047,0.012406576187189527,-0.02415082155439047
26.28,0.8,0.000821331,5.85041,1.29766,-0.00708961,0.0138939,0,0,218.401,5.45918,0.0496426,5.85041,0.000821331,0.0016086654887627514,0.00941135266211249,0.01228523451123725,-0.01650096266211249
26.3,0.8,0.000821331,5.88552,1.30663,0.00047737,0.014,0,0,218.518,5.465,0.0496749,5.88552,0.000821331,0.0016182998246207258,0.009524535983801773,0.012381700175379274,-0.009047165983801774
26.32,0.8,0.000821331,5.88063,1.31356,0.0082775,0.0136009,0,0,218.636,5.47086,0.0497074,5.88063,0.000821331,0.0016169580086215667,0.009508731774240244,0.011983941991378434,-0.0012312317742402441
26.34,0.8,0.000821331,5.91394,1.31697,0.0155051,0.013792,0,0,218.753,5.47672,0.0497398,5.91394,0.000821331,0.0016260981366339783,0.00961664681416515,0.012165901863366023,0.005888453185834851
26.36,0.8,0.000821331,5.91657,1.31745,0.0204113,0.0132268,0,0,218.872,5.48262,0.0497724,5.91657,0.000821331,0.001626819784295977,0.009625193131172048,0.011599980215704023,0.010786106868827952
26.38,0.7,0.000718665,5.94391,1.31541,0.0210687,0.0136,0,0,218.99,5.48852,0.0498041,5.94391,0.000718665,0.0014300319911760137,0.008499981452671019,0.012169968008823986,0.01256871854732898
26.4,0.7,0.000718665,5.97226,1.31178,0.0165451,0.0135988,0,0,219.109,5.49445,0.0498317,5.97226,0.000718665,0.0014368382923187976,0.008581171859683863,0.012161961707681202,0.007963928140316138
26.42,0.7,0.000718665,5.98576,1.30975,0.00728297,0.01359,0,0,219.229,5.50042,0.0498606,5.98576,0.000718665,0.001440079316206261,0.008619969167774789,0.012149920683793738,-0.001336999167774789
26.44,0.7,0.000718665,6.03858,1.3123,-0.00524389,0.0141952,0,0,219.349,5.5064,0.0498895,6.03858,0.000718665,0.0014527596741497006,0.008772605513126898,0.012742440325850299,-0.014016495513126899
26.46,0.7,0.000718665,6.05268,1.31881,-0.0189436,0.0147943,0,0,219.469,5.51244,0.0499186,6.05268,0.000718665,0.0014561445026841143,0.008813576708506084,0.013338155497315885,-0.027757176708506085
26.48,0.793505,0.000814664,6.07434,1.3274,-0.0313989,0.0148177,0,0,219.591,5.51849,0.0499488,6.07434,0.000814664,0.0016565499478805265,0.010062447610408597,0.013161150052119474,-0.041461347610408594
26.5,0.8,0.000821331,6.09142,1.33737,-0.0399725,0.0138234,0,0,219.712,5.52457,0.0499831,6.09142,0.000821331,0.001674792488129096,0.010201864458039339,0.012148607511870904,-0.05017436445803934
26.52,0.8,0.000821331,6.1333,1.34738,-0.0429017,0.0147913,0,0,219.834,5.53068,0.0500168,6.1333,0.000821331,0.001686281552838511,0.01034247064802444,0.01310501844716149,-0.05324417064802444
26.54,0.8,0.000821331,6.14695,1.35496,-0.041003,0.0146,0,0,219.957,5.53682,0.0500506,6.14695,0.000821331,0.0016900260847481983,0.010388505841642939,0.012909973915251801,-0.05139150584164294
26.56,0.8,0.000821331,6.13111,1.35874,-0.0374866,0.0151627,0,0,220.08,5.54299,0.0500845,6.13111,0.000821331,0.001685680776597378,0.010335094266203949,0.01347701922340262,-0.04782169426620395
26.58,0.8,0.000821331,6.17401,1.35908,-0.0357523,0.0156089,0,0,220.203,5.54915,0.0501183,6.17401,0.000821331,0.0016974491455274982,0.01048006799897823,0.013911450854472502,-0.04623236799897823
26.6,0.8,0.000821331,6.20802,1.35708,-0.0370584,0.0148038,0,0,220.326,5.55535,0.0501524,6.20802,0.000821331,0.0017067784078759658,0.010595714491662155,0.013097021592124034,-0.04765411449166215
26.62,0.8,0.000821331,6.23083,1.35435,-0.0395544,0.014406,0,0,220.451,5.56159,0.0501867,6.23083,0.000821331,0.001713035209139344,0.0106736311721617,0.012692964790860656,-0.0502280311721617
26.64,0.8,0.000821331,6.26791,1.35328,-0.0397123,0.0137784,0,0,220.575,5.56785,0.050221,6.26791,0.000821331,0.0017232059454535794,0.010800899777567943,0.012055194054546421,-0.05051319977756794
26.66,0.8,0.000821331,6.31007,1.3557,-0.0352298,0.0135903,0,0,220.701,5.57416,0.0502556,6.31007,0.000821331,0.0017347695733350198,0.010946517441614107,0.01185553042666498,-0.04617631744161411
26.68,0.8,0.000821331,6.33345,1.36142,-0.0263665,0.0136,0,0,220.827,5.58052,0.0502904,6.33345,0.000821331,0.0017411819950328693,0.011027689106440926,0.01185881800496713,-0.03739418910644093
26.7,0.8,0.000821331,6.35795,1.36818,-0.015224,0.0142248,0,0,220.954,5.5869,0.0503254,6.35795,0.000821331,0.0017479014176101483,0.011113069818094443,0.012476898582389852,-0.026337069818094444
26.72,0.8,0.000821331,6.3418,1.37389,-0.0048083,0.0147184,0,0,221.081,5.59331,0.0503604,6.3418,0.000821331,0.0017434721047937178,0.0110567513941808,0.012974927895206281,-0.015865051394180797
26.74,0.8,0.000821331,6.40012,1.37901,0.00239327,0.014,0,0,221.208,5.59972,0.0503954,6.40012,0.000821331,0.0017594666164692198,0.011260797481396983,0.012240533383530781,-0.008867527481396983
26.76,0.8,0.000821331,6.414,1.38522,0.00625021,0.014,0,0,221.336,5.60618,0.0504307,6.414,0.000821331,0.0017632731104950832,0.011309633730715463,0.012236726889504917,-0.005059423730715463
26.78,0.8,0.000821331,6.42209,1.39209,0.00924223,0.0139051,0,0,221.465,5.61266,0.0504661,6.42209,0.000821331,0.0017654917092960747,0.011338146651353229,0.012139608290703926,-0.002095916651353228
26.8,0.8,0.000821331,6.43359,1.39756,0.0144118,0.0138019,0,0,221.593,5.61916,0.0505015,6.43359,0.000821331,0.0017686454300700283,0.011378739552444233,0.012033254569929971,0.0030330604475557674
26.82,0.8,0.000821331,6.46048,1.40064,0.0222789,0.0139954,0,0,221.722,5.62567,0.050537,6.46048,0.000821331,0.0017760194900520684,0.011473938395091586,0.012219380509947931,0.010804961604908415
26.84,0.8,0.000821331,6.50816,1.40104,0.0291124,0.0142,0,0,221.851,5.63221,0.0505727,6.50816,0.000821331,0.0017890942434748245,0.011643711591613114,0.012410905756525176,0.017468688408386886
26.86,0.8,0.000821331,6.50558,1.39753,0.0289331,0.0136033,0,0,221.982,5.63881,0.0506086,6.50558,0.000821331,0.0017883867773111862,0.011634493250740107,0.011814913222688815,0.01729860674925989
26.88,0.8,0.000821331,6.54902,1.38904,0.0182771,0.0142987,0,0,222.112,5.64541,0.0506445,6.54902,0.000821331,0.0018002982512909135,0.011790189253669217,0.012498401748709085,0.006486910746330784
26.9,0.8,0.000821331,6.53688,1.37675,-0.00135487,0.0146039,0,0,222.243,5.65206,0.0506806,6.53688,0.000821331,0.0017969694605723453,0.011746573727426152,0.012806930539427655,-0.013101443727426151
26.92,0.8,0.000821331,6.61173,1.36462,-0.0254703,0.015,0,0,222.374,5.65869,0.0507167,6.61173,0.000821331,0.0018174925967807344,0.012016770326913085,0.013182507403219265,-0.037487070326913084
26.94,0.8,0.000821331,6.6524,1.35696,-0.0490269,0.0148081,0,0,222.506,5.66541,0.0507531,6.6524,0.000821331,0.0018286431569141395,0.012164865737055622,0.01297945684308586,-0.06119176573705562
26.96,0.8,0.000821331,6.67753,1.35483,-0.0670334,0.0142039,0,0,222.639,5.67218,0.0507898,6.67753,0.000821331,0.0018355328222865175,0.012256825486802889,0.012368367177713483,-0.0792902254868029
26.98,0.8,0.000821331,6.66977,1.35598,-0.0751215,0.014,0,0,222.773,5.67898,0.0508267,6.66977,0.000821331,0.0018334053549796919,0.012228392034482899,0.012166594645020309,-0.08734989203448289
27.0,0.8,0.000821331,6.70303,1.35814,-0.070982,0.0150081,0,0,222.906,5.68577,0.0508634,6.70303,0.000821331,0.0018425237172934857,0.012350491752729753,0.013165576282706514,-0.08333249175272976
27.02,0.8,0.000821331,6.71368,1.36138,-0.0558241,0.0150086,0,0,223.041,5.6926,0.0509004,6.71368,0.000821331,0.0018454433812412861,0.012389716319771997,0.013163156618758715,-0.068213816319772
27.04,0.9,0.000923998,6.73331,1.36692,-0.0342528,0.0140008,0,0,223.175,5.69945,0.0509386,6.73331,0.000923998,0.002082179417796257,0.014019959495641717,0.011918620582203743,-0.04827275949564172
27.06,0.8,0.000821331,6.78579,1.37455,-0.0115922,0.0138024,0,0,223.31,5.70632,0.0509804,6.78579,0.000821331,0.0018652111320556365,0.012656931047791819,0.011937188867944364,-0.02424913104779182
27.08,0.8,0.000821331,6.77521,1.38201,0.00893012,0.0136,0,0,223.445,5.71326,0.0510167,6.77521,0.000821331,0.001862310909070514,0.012617547494243637,0.011737689090929485,-0.0036874274942436374
27.1,0.8,0.000821331,6.79984,1.38699,0.0259857,0.0147895,0,0,223.581,5.72018,0.051054,6.79984,0.000821331,0.0018690625052096975,0.012709325985425108,0.012920437494790302,0.013276374014574892
27.12,0.8,0.000821331,6.80536,1.38888,0.0382009,0.0148143,0,0,223.717,5.72714,0.0510915,6.80536,0.000821331,0.0018705756246865679,0.012729940533216981,0.012943724375313433,0.025470959466783023
27.14,0.8,0.000821331,6.88745,1.38809,0.0435367,0.0147936,0,0,223.853,5.73411,0.0511291,6.88745,0.000821331,0.0018930765985944711,0.01303847041898949,0.01290052340140553,0.030498229581010505
27.16,0.8,0.000821331,6.89708,1.38494,0.0396011,0.015,0,0,223.991,5.74116,0.0511671,6.89708,0.000821331,0.0018957160463264667,0.013074905228797347,0.013104283953673532,0.026526194771202653
27.18,0.8,0.000821331,6.92015,1.38074,0.024097,0.015,0,0,224.129,5.74824,0.0512051,6.92015,0.000821331,0.0019020390825345403,0.013162395757001398,0.01309796091746546,0.010934604242998603
27.2,0.8,0.000821331,6.92494,1.37846,-0.0031049,0.015,0,0,224.268,5.75534,0.0512433,6.92494,0.000821331,0.0019033519054771385,0.013180597744314857,0.01309664809452286,-0.016285497744314856
27.22,0.8,0.000821331,6.90837,1.38018,-0.0372121,0.015,0,0,224.406,5.76245,0.0512815,6.90837,0.000821331,0.0018988104370838048,0.013117685059236644,0.013101189562916195,-0.050329785059236645
27.24,0.8,0.000821331,6.92985,1.38456,-0.0687658,0.0146,0,0,224.545,5.76955,0.0513196,6.92985,0.000821331,0.0019046976094839285,0.013199268729082203,0.012695302390516071,-0.0819650687290822
27.26,0.8,0.000821331,7.00691,1.38841,-0.0877539,0.0147927,0,0,224.683,5.77667,0.0513578,7.00691,0.000821331,0.001925816693216285,0.013494024245864121,0.012866883306783716,-0.10124792424586412
27.28,0.8,0.000821331,7.02174,1.38962,-0.0885904,0.015,0,0,224.824,5.78388,0.0513965,7.02174,0.000821331,0.001929880775170178,0.013551121034243446,0.013070119224829821,-0.10214152103424344
27.3,0.8,0.000821331,7.04815,1.3871,-0.0726218,0.0148,0,0,224.964,5.79112,0.0514352,7.04815,0.000821331,0.0019371181077747848,0.013653098991312848,0.012862881892225215,-0.08627489899131285
27.32,0.8,0.000821331,7.08564,1.37997,-0.0466536,0.0149947,0,0,225.105,5.79838,0.0514741,7.08564,0.000821331,0.0019473913656691785,0.013798514156240158,0.013047308634330821,-0.06045211415624016
27.34,0.8,0.000821331,7.06945,1.36856,-0.0189786,0.0146005,0,0,225.247,5.80569,0.0515131,7.06945,0.000821331,0.0019429549340463546,0.013735622758494001,0.012657545065953646,-0.032714222758494005
27.36,0.8,0.000821331,7.08611,1.35523,0.00368934,0.0147998,0,0,225.388,5.81298,0.0515521,7.08611,0.000821331,0.001947520155108245,0.013800342046314085,0.012852279844891755,-0.010111002046314085
27.38,0.8,0.000821331,7.07802,1.3435,0.0172928,0.0148127,0,0,225.53,5.8203,0.0515912,7.07802,0.000821331,0.0019453033220092058,0.0137688958192476,0.012867396677990793,0.0035239041807524005
27.4,0.8,0.000821331,7.13968,1.33608,0.0210222,0.0144113,0,0,225.672,5.82762,0.0516303,7.13968,0.000821331,0.0019621989104961967,0.014009472317291487,0.012449101089503804,0.007012727682708515
27.42,0.8,0.000821331,7.18536,1.33355,0.0173254,0.0145871,0,0,225.815,5.83501,0.0516696,7.18536,0.000821331,0.0019747149337299586,0.014189037696225896,0.012612385066270042,0.003136362303774105
27.44,0.8,0.000821331,7.1972,1.33501,0.0103098,0.0155932,0,0,225.958,5.84245,0.0517093,7.1972,0.000821331,0.001977958897921533,0.014235765780120856,0.013615241102078467,-0.003925965780120857
27.46,0.8,0.000821331,7.19472,1.33899,0.00334317,0.0147978,0,0,226.102,5.8499,0.051749,7.19472,0.000821331,0.001977279422997965,0.014225971810231918,0.012820520577002035,-0.010882801810231919
27.48,0.8,0.000821331,7.24147,1.34416,-0.00234073,0.0147982,0,0,226.246,5.85736,0.0517886,7.24147,0.000821331,0.0019900877101310223,0.014411160450282493,0.012808112289868976,-0.016751890450282494
27.5,0.8,0.000821331,7.25565,1.34989,-0.00691997,0.0146,0,0,226.391,5.86488,0.0518286,7.25565,0.000821331,0.0019939725102474516,0.014467566643976923,0.012606027489752548,-0.021387536643976923
27.52,0.8,0.000821331,7.29561,1.35535,-0.0105885,0.0146,0,0,226.537,5.87241,0.0518686,7.29561,0.000821331,0.002004919702820492,0.014627112233094208,0.012595080297179508,-0.02521561223309421
27.54,0.8,0.000821331,7.31712,1.35926,-0.0135067,0.0141895,0,0,226.683,5.87999,0.0519088,7.31712,0.000821331,0.0020108122138792566,0.014713354266420186,0.012178687786120744,-0.028220054266420186
27.56,0.8,0.000821331,7.33302,1.36163,-0.0162947,0.014,0,0,226.829,5.8876,0.0519492,7.33302,0.000821331,0.0020151677995976468,0.014777265777805536,0.011984832200402354,-0.031071965777805535
27.58,0.8,0.000821331,7.38391,1.36392,-0.0198478,0.014,0,0,226.976,5.89523,0.0519896,7.38391,0.000821331,0.002029107805944779,0.014982749419393713,0.011970892194055222,-0.03483054941939371
27.6,0.8,0.000821331,7.4143,1.36636,-0.0247651,0.015225,0,0,227.123,5.90293,0.0520304,7.4143,0.000821331,0.002037431921381249,0.015106131494696995,0.01318756807861875,-0.039871231494697
27.62,0.8,0.000821331,7.43314,1.36683,-0.0306709,0.0154082,0,0,227.272,5.91066,0.0520712,7.43314,0.000821331,0.002042592212724551,0.015182873880091367,0.01336560778727545,-0.04585377388009137
27.64,0.8,0.000821331,7.45862,1.36326,-0.0357654,0.0148,0,0,227.421,5.91841,0.0521122,7.45862,0.000821331,0.0020495710012360343,0.01528697126123911,0.012750428998763967,-0.05105237126123911
27.66,0.8,0.000821331,7.47715,1.35558,-0.037486,0.0146122,0,0,227.57,5.9262,0.0521534,7.47715,0.000821331,0.0020546460868937854,0.015362896988617867,0.012557553913106215,-0.05284889698861787
27.68,0.8,0.000821331,7.48051,1.34487,-0.0341489,0.0146,0,0,227.719,5.93401,0.0521946,7.48051,0.000821331,0.0020555663265114077,0.01537668446113185,0.012544433673488592,-0.04952558446113185
27.7,0.8,0.000821331,7.48892,1.33229,-0.0259516,0.0152,0,0,227.869,5.94183,0.0522359,7.48892,0.000821331,0.0020578696463498434,0.015411221151942269,0.013142130353650156,-0.041362821151942265
27.72,0.8,0.000821331,7.4997,1.31972,-0.014387,0.0152,0,0,228.019,5.94967,0.0522772,7.4997,0.000821331,0.002060822021014723,0.015455546911004116,0.013139177978985277,-0.029842546911004117
27.74,0.8,0.000821331,7.49174,1.30979,-0.00124231,0.015,0,0,228.169,5.95752,0.0523185,7.49174,0.000821331,0.0020586419785073203,0.015422810456062431,0.01294135802149268,-0.01666512045606243
27.76,0.898884,0.000922852,7.53586,1.30403,0.0114455,0.0153978,0,0,228.319,5.96538,0.0523611,7.53586,0.000922852,0.0023266781064623008,0.017533520475364994,0.013071121893537698,-0.0060880204753649934
27.78,0.9,0.000923998,7.55772,1.30145,0.0211737,0.014624,0,0,228.47,5.97328,0.0524091,7.55772,0.000923998,0.002336302191682498,0.01765711780012265,0.012287697808317502,0.0035165821998773515
27.8,0.9,0.000923998,7.60477,1.30001,0.0256465,0.0145933,0,0,228.621,5.98122,0.052456,7.60477,0.000923998,0.0023507970717058027,0.017877271046996136,0.012242502928294197,0.007769228953003863
27.82,0.901111,0.000925139,7.65857,1.29918,0.0239475,0.0148022,0,0,228.773,5.98921,0.0525032,7.65857,0.000925139,0.0023702936734825548,0.01815306001892329,0.012431906326517445,0.005794439981076711
27.84,1.0,0.00102666,7.70059,1.30024,0.0169832,0.0152092,0,0,228.926,5.99727,0.0525521,7.70059,0.00102666,0.0026447819102932892,0.0203663811305854,0.012564418089706712,-0.003383181130585399
27.86,1.0,0.00102666,7.72433,1.30404,0.00694562,0.0152109,0,0,229.08,6.00537,0.0526065,7.72433,0.00102666,0.0026529067342630705,0.020491927074670263,0.012557993265736929,-0.013546307074670264
27.88,1.0,0.00102666,7.75902,1.30881,-0.00315394,0.015,0,0,229.235,6.01351,0.0526597,7.75902,0.00102666,0.0026647786315587953,0.020676070697837324,0.012335221368441205,-0.023830010697837325
27.9,1.0,0.00102666,7.8042,1.31114,-0.00983622,0.0148107,0,0,229.39,6.0217,0.0527132,7.8042,0.00102666,0.0026802396517172544,0.020917126289931795,0.012130460348282746,-0.030753346289931795
27.92,1.0,0.00102666,7.80829,1.30922,-0.0103295,0.0149942,0,0,229.546,6.02994,0.052767,7.80829,0.00102666,0.0026816392404073993,0.020939016864480693,0.0123125607595926,-0.03126851686448069
27.94,1.0,0.00102666,7.82228,1.30338,-0.00436189,0.0164,0,0,229.702,6.0382,0.0528208,7.82228,0.00102666,0.0026864265265203894,0.02101398048986991,0.013713573473479613,-0.02537587048986991
27.96,1.0,0.00102666,7.83633,1.29383,0.00507966,0.0158,0,0,229.859,6.04647,0.0528747,7.83633,0.00102666,0.002691234250594567,0.021089399694961725,0.013108765749405435,-0.016009739694961726
27.98,1.0,0.00102666,7.85537,1.28091,0.013244,0.0158,0,0,230.016,6.05478,0.0529287,7.85537,0.00102666,0.002697749336579562,0.021191819206086995,0.01310225066342044,-0.007947819206086995
28.0,1.0,0.00102666,7.84465,1.26715,0.0162039,0.0147966,0,0,230.173,6.0631,0.0529829,7.84465,0.00102666,0.002694081200186677,0.021134124087044417,0.012102518799813323,-0.004930224087044417
28.02,1.0,0.00102666,7.86872,1.25613,0.0128399,0.0149768,0,0,230.33,6.07143,0.0530369,7.86872,0.00102666,0.0027023173215169234,0.021263778354166644,0.012274482678483077,-0.008423878354166645
28.04,1.0,0.00102666,7.86119,1.24988,0.00521753,0.0153931,0,0,230.487,6.07979,0.0530912,7.86119,0.00102666,0.0026997407831785714,0.021223175247315554,0.012693359216821428,-0.016005645247315556
28.06,1.0,0.00102666,7.88881,1.24825,-0.00327624,0.0159989,0,0,230.644,6.08815,0.0531454,7.88881,0.00102666,0.0027091913793776384,0.02137229604554811,0.013289708620622362,-0.02464853604554811
28.08,1.0,0.00102666,7.88345,1.25015,-0.0103655,0.0164,0,0,230.802,6.09655,0.0531997,7.88345,0.00102666,0.002707357403750948,0.021343316724600412,0.013692642596249053,-0.03170881672460041
28.1,1.0,0.00102666,7.93854,1.25444,-0.0155544,0.0164,0,0,230.96,6.10495,0.0532541,7.93854,0.00102666,0.0027262063199752196,0.021642097919376078,0.013673793680024781,-0.03719649791937608
28.12,1.0,0.00102666,7.93355,1.25901,-0.0193286,0.0167845,0,0,231.119,6.11342,0.0533088,7.93355,0.00102666,0.002724499063150408,0.02161494954245692,0.014060000936849592,-0.04094354954245692
28.14,1.0,0.00102666,7.9635,1.26051,-0.0222006,0.015419,0,0,231.277,6.12189,0.0533634,7.9635,0.00102666,0.0027347458450053264,0.021778148536699914,0.012684254154994674,-0.04397874853669992
28.16,1.09643,0.00112566,8.00207,1.25724,-0.0239992,0.015,0,0,231.437,6.13041,0.0534197,8.00207,0.00112566,0.003012923118075477,0.024109621695458234,0.011987076881924522,-0.04810882169545823
28.18,1.1,0.00112933,8.02306,1.25021,-0.0237298,0.0157274,0,0,231.597,6.13897,0.0534815,8.02306,0.00112933,0.0030306449305001937,0.02431504611609888,0.012696755069499806,-0.04804484611609888
28.2,1.1,0.00112933,8.03611,1.23986,-0.0204019,0.0151922,0,0,231.757,6.14757,0.0535424,8.03611,0.00112933,0.0030355556540217843,0.024394059146841004,0.012156644345978216,-0.04479595914684101
28.22,1.1,0.00112933,8.03611,1.22493,-0.0138671,0.015,0,0,231.918,6.15619,0.0536033,8.03611,0.00112933,0.0030355556540217843,0.024394059146841004,0.011964444345978216,-0.038261159146841
28.24,1.1,0.00112933,8.06701,1.20544,-0.00433373,0.0147964,0,0,232.079,6.16481,0.0536642,8.06701,0.00112933,0.0030471829792570373,0.02458165556549631,0.011749217020742962,-0.02891538556549631
28.26,1.1,0.00112933,8.10552,1.1838,0.00870798,0.0144,0,0,232.24,6.17349,0.0537254,8.10552,0.00112933,0.003061673141866371,0.02481645288486071,0.01133832685813363,-0.016108472884860708
28.28,1.1,0.00112933,8.10281,1.16266,0.0262709,0.0145947,0,0,232.402,6.18221,0.0537868,8.10281,0.00112933,0.003060653476051094,0.024799893592281564,0.011534046523948906,0.0014710064077184358
28.3,1.1,0.00112933,8.1201,1.14419,0.0482616,0.0146,0,0,232.564,6.19094,0.0538482,8.1201,0.00112933,0.0030671589509018867,0.024905637397218412,0.011532841049098113,0.02335596260278159
28.32,1.1,0.00112933,8.16044,1.1313,0.0719382,0.0146,0,0,232.727,6.1997,0.0539098,8.16044,0.00112933,0.003082336506730562,0.025153222122984348,0.011517663493269438,0.046784977877015646
28.34,1.1,0.00112933,8.19157,1.12643,0.0913512,0.0153973,0,0,232.89,6.20851,0.0539716,8.19157,0.00112933,0.0030940482780095206,0.025345113052694452,0.012303251721990479,0.06600608694730555
28.36,1.1,0.00112933,8.19167,1.12858,0.0986819,0.0157966,0,0,233.054,6.21736,0.0540337,8.19167,0.00112933,0.0030940858992930614,0.02534573063866199,0.01270251410070694,0.07333616936133801
28.38,1.1,0.00112933,8.21852,1.1339,0.0880559,0.0158,0,0,233.217,6.22623,0.0540958,8.21852,0.00112933,0.0031041870156900894,0.025511823072189313,0.012695812984309912,0.0625440769278107
28.4,1.1,0.00112933,8.27804,1.13911,0.0594309,0.0152,0,0,233.382,6.23513,0.0541581,8.27804,0.00112933,0.0031265773510173425,0.025881932374815605,0.012073422648982658,0.033548967625184396
28.42,1.1,0.00112933,8.30486,1.14245,0.0193631,0.01558,0,0,233.547,6.24411,0.0542209,8.30486,0.00112933,0.0031366659050033364,0.026049571207826007,0.012443334094996664,-0.006686471207826006
28.44,1.1,0.00112933,8.29445,1.14175,-0.0214272,0.0156003,0,0,233.713,6.25313,0.0542838,8.29445,0.00112933,0.003132750148926413,0.025984439472762685,0.012467549851073586,-0.04741163947276268
28.46,1.1,0.00112933,8.32502,1.13443,-0.0523279,0.0149996,0,0,233.879,6.26215,0.0543467,8.32502,0.00112933,0.0031442489849470927,0.026175935684664246,0.011855351015052907,-0.07850383568466424
28.48,1.1,0.00112933,8.3437,1.11983,-0.0674212,0.0148,0,0,234.046,6.27121,0.0544098,8.3437,0.00112933,0.0031512751688060232,0.026293294625966815,0.011648724831193977,-0.09371449462596682
28.5,1.1,0.00112933,8.33127,1.09942,-0.0672093,0.0158113,0,0,234.213,6.28031,0.054473,8.33127,0.00112933,0.003146599844316787,0.026215172884961117,0.012664700155683214,-0.09342447288496111
28.52,1.1,0.00112933,8.37919,1.07555,-0.0559596,0.016389,0,0,234.379,6.2894,0.0545362,8.37919,0.00112933,0.0031646236297782574,0.026516982672401674,0.013224376370221743,-0.08247658267240167
28.54,1.1,0.00112933,8.40536,1.05164,-0.0382518,0.0162029,0,0,234.547,6.29855,0.0545997,8.40536,0.00112933,0.003174466210893273,0.02668253131039388,0.013028433789106727,-0.06493433131039389
28.56,1.1,0.00112933,8.41663,1.0322,-0.0182001,0.0167972,0,0,234.715,6.30774,0.0546634,8.41663,0.00112933,0.003178704758519832,0.026753981831700774,0.01361849524148017,-0.04495408183170077
28.58,1.1,0.00112933,8.40386,1.02039,8.18498e-05,0.0177396,0,0,234.883,6.31695,0.0547271,8.40386,0.00112933,0.003173902068740718,0.026673028639407372,0.014565697931259284,-0.026591178839407374
28.6,1.1,0.00112933,8.41383,1.01588,0.013072,0.0174037,0,0,235.051,6.32616,0.0547908,8.41383,0.00112933,0.003177651709871071,0.026736221286064513,0.01422604829012893,-0.013664221286064513
28.62,1.1,0.00112933,8.44063,1.01571,0.019098,0.016815,0,0,235.219,6.33539,0.0548546,8.44063,0.00112933,0.0031877307088612906,0.026906455453135875,0.01362726929113871,-0.007808455453135875
28.64,1.1,0.00112933,8.46915,1.01613,0.0189238,0.0166039,0,0,235.388,6.34467,0.0549186,8.46915,0.00112933,0.003198456124253235,0.02708820468471929,0.013405443875746766,-0.008164404684719288
28.66,1.1,0.00112933,8.47769,1.01392,0.0147022,0.0164,0,0,235.557,6.35398,0.0549827,8.47769,0.00112933,0.0032016676423732102,0.027142745755070943,0.013198332357626791,-0.012440545755070942
28.68,1.1,0.00112933,8.48861,1.00785,0.00833544,0.0156328,0,0,235.727,6.36331,0.055047,8.48861,0.00112933,0.003205774113578798,0.02721256619826612,0.012427025886421202,-0.01887712619826612
28.7,1.1,0.00112933,8.52767,0.999206,0.00129996,0.0140046,0,0,235.897,6.37267,0.0551113,8.52767,0.00112933,0.003220462091260394,0.027463037961778528,0.010784137908739607,-0.026163077961778528
28.72,1.1,0.00112933,8.52778,0.989381,-0.00513048,0.0139734,0,0,236.067,6.38208,0.0551759,8.52778,0.00112933,0.0032205034540278878,0.027463744945189942,0.010752896545972113,-0.032594224945189945
28.74,1.1,0.00112933,8.51681,0.977373,-0.0106788,0.0147904,0,0,236.238,6.39151,0.0552406,8.51681,0.00112933,0.0032163784241268697,0.027393283926387964,0.01157402157587313,-0.038072083926387966
28.76,1.1,0.00112933,8.53591,0.961538,-0.0161142,0.0155876,0,0,236.408,6.40093,0.0553051,8.53591,0.00112933,0.0032235605194906197,0.027516022473925175,0.01236403948050938,-0.04363022247392517
28.78,1.1,0.00112933,8.54957,0.942615,-0.0214381,0.0156,0,0,236.579,6.41038,0.0553698,8.54957,0.00112933,0.003228696906256957,0.02760397020882729,0.012371303093743041,-0.049042070208827296
28.8,1.1,0.00112933,8.57989,0.923064,-0.0245042,0.0158,0,0,236.749,6.41986,0.0554346,8.57989,0.00112933,0.003240097348714011,0.02779967884125786,0.01255990265128599,-0.05230387884125786
28.82,1.1,0.00112933,8.58056,0.904457,-0.0225262,0.0167938,0,0,236.921,6.42938,0.0554996,8.58056,0.00112933,0.0032403492654792657,0.02780401129340077,0.013553450734520736,-0.05033021129340077
28.84,1.1,0.00112933,8.59485,0.887274,-0.0148639,0.017,0,0,237.092,6.43892,0.0555646,8.59485,0.00112933,0.0032457221752154202,0.02789649523765025,0.013754277824784581,-0.04276039523765025
28.86,1.1,0.00112933,8.61866,0.872136,-0.00386342,0.0168117,0,0,237.264,6.44848,0.0556297,8.61866,0.00112933,0.0032546742577784257,0.028050930838544607,0.013557025742221573,-0.03191435083854461
28.88,1.1,0.00112933,8.61944,0.859262,0.006249,0.0160516,0,0,237.437,6.45808,0.055695,8.61944,0.00112933,0.003254967516624243,0.028055997211491667,0.012796632483375757,-0.021806997211491666
28.9,1.1,0.00112933,8.62217,0.847957,0.0111746,0.0154,0,0,237.609,6.46769,0.0557603,8.62217,0.00112933,0.0032559939198271467,0.028073733095716032,0.012144006080172853,-0.016899133095716033
28.92,1.1,0.00112933,8.6543,0.838088,0.00893612,0.0152167,0,0,237.781,6.47732,0.0558257,8.6543,0.00112933,0.0032680735732341596,0.028282889124840387,0.01194862642676584,-0.019346769124840388
28.94,1.1,0.00112933,8.66928,0.830268,0.00120143,0.015,0,0,237.954,6.48699,0.0558912,8.66928,0.00112933,0.0032737052776186356,0.028380667689153687,0.011726294722381365,-0.027179237689153687
28.96,1.1,0.00112933,8.67769,0.823851,-0.00825964,0.015,0,0,238.127,6.49669,0.0559569,8.67769,0.00112933,0.0032768669452658177,0.028435635522263733,0.011723133054734183,-0.03669527552226373
28.98,1.1,0.00112933,8.70213,0.81682,-0.0159889,0.0148113,0,0,238.301,6.50641,0.0560227,8.70213,0.00112933,0.003286054721761003,0.02859567537587808,0.011525245278238996,-0.04458457537587808
29.0,1.0,0.00102666,8.7064,0.807834,-0.0198263,0.01501,0,0,238.475,6.51617,0.0560871,8.7064,0.00102666,0.0029887709348403744,0.026021435267094235,0.012021229065159626,-0.045847735267094236
29.02,1.0,0.00102666,8.73595,0.796855,-0.0192786,0.0152,0,0,238.649,6.52595,0.0561456,8.73595,0.00102666,0.002998869309005913,0.026197972340010207,0.012201130690994088,-0.04547657234001021
29.04,1.0,0.00102666,8.73117,0.784811,-0.0156475,0.0160126,0,0,238.823,6.53576,0.0562057,8.73117,0.00102666,0.0029972358300785094,0.02616937556250658,0.013015364169921488,-0.041816875562506586
29.06,1.0,0.00102666,8.77096,0.773459,-0.0112648,0.0165886,0,0,238.998,6.54559,0.0562659,8.77096,0.00102666,0.0030108329764153736,0.026407895602820187,0.013577767023584625,-0.03767269560282019
29.08,1.0,0.00102666,8.76404,0.763883,-0.00841914,0.0168,0,0,239.173,6.55547,0.0563263,8.76404,0.00102666,0.003008468315737905,0.026366336657859625,0.013791531684262094,-0.034785476657859624
29.1,1.0,0.00102666,8.78857,0.755339,-0.00840454,0.0164051,0,0,239.348,6.56535,0.0563866,8.78857,0.00102666,0.0030168504444397855,0.026513801310490165,0.013388249555560214,-0.03491834131049017
29.12,1.0,0.00102666,8.79988,0.746597,-0.0111339,0.0164,0,0,239.524,6.57527,0.0564472,8.79988,0.00102666,0.003020715068396478,0.026581930116080798,0.013379284931603523,-0.0377158301160808
29.14,1.0,0.00102666,8.78968,0.737148,-0.0158972,0.0157778,0,0,239.7,6.58521,0.0565078,8.78968,0.00102666,0.003017229734161407,0.02652048384976384,0.012760570265838595,-0.04241768384976384
29.16,1.0,0.00102666,8.81621,0.726888,-0.0220883,0.0155932,0,0,239.876,6.59515,0.0565683,8.81621,0.00102666,0.003026294904476222,0.02668045139979231,0.012566905095523778,-0.04876875139979231
29.18,1.0,0.00102666,8.81921,0.716296,-0.0288122,0.0167308,0,0,240.052,6.60514,0.056629,8.81921,0.00102666,0.0030273199660243435,0.02669857051756155,0.013703480033975656,-0.05551077051756155
29.2,1.0,0.00102666,8.86326,0.706732,-0.0342573,0.0160097,0,0,240.228,6.61513,0.0566898,8.86326,0.00102666,0.003042370731052303,0.026965322805706633,0.012967329268947699,-0.06122262280570663
29.22,1.0,0.00102666,8.86695,0.698801,-0.0361956,0.0157909,0,0,240.405,6.62519,0.0567508,8.86695,0.00102666,0.0030436314629402224,0.026987728000317804,0.012747268537059778,-0.06318332800031781
29.24,1.0,0.00102666,8.90245,0.691234,-0.033512,0.0147887,0,0,240.582,6.63526,0.0568119,8.90245,0.00102666,0.0030557600806980054,0.027203751330409958,0.011732939919301995,-0.06071575133040996
29.26,1.0,0.00102666,8.89185,0.683035,-0.0271015,0.0146,0,0,240.76,6.64538,0.0568732,8.89185,0.00102666,0.0030521386490845936,0.027139159046862843,0.011547861350915407,-0.054240659046862844
29.28,1.0,0.00102666,8.91038,0.67486,-0.0191189,0.0155503,0,0,240.938,6.65551,0.0569344,8.91038,0.00102666,0.003058469281841416,0.027252123519534117,0.012491830718158584,-0.04637102351953412
29.3,1.0,0.00102666,8.87739,0.667039,-0.0116357,0.016,0,0,241.116,6.66566,0.0569958,8.87739,0.00102666,0.0030471983720069614,0.02705116835567088,0.01295280162799304,-0.03868686835567088
29.32,1.0,0.00102666,8.86118,0.65911,-0.00593239,0.0158019,0,0,241.293,6.67579,0.0570569,8.86118,0.00102666,0.003041660071368076,0.026952697391205364,0.012760239928631924,-0.03288508739120537
29.34,1.0,0.00102666,8.88873,0.651941,-0.0021408,0.0156,0,0,241.47,6.68591,0.0571179,8.88873,0.00102666,0.003051072706720929,0.027120161500411525,0.01254892729327907,-0.029260961500411527
29.36,1.0,0.00102666,8.87303,0.646692,0.000523838,0.0157865,0,0,241.648,6.69607,0.0571791,8.87303,0.00102666,0.0030457087504509937,0.02702466511401418,0.012740791249549004,-0.02650082711401418
29.38,1.0,0.00102666,8.9195,0.642128,0.00261297,0.0150417,0,0,241.825,6.70622,0.0572402,8.9195,0.00102666,0.003061584991947014,0.02730780733567139,0.011980115008052985,-0.02469483733567139
29.4,1.0,0.00102666,8.92248,0.636355,0.00387592,0.0154093,0,0,242.004,6.71644,0.0573016,8.92248,0.00102666,0.003062603054136096,0.027326014498468235,0.012346696945863905,-0.023450094498468233
29.42,1.0,0.00102666,8.94402,0.629629,0.00363853,0.0156078,0,0,242.182,6.72667,0.0573631,8.94402,0.00102666,0.0030699616559135925,0.02745779844972429,0.012537838344086408,-0.02381926844972429
29.44,0.900287,0.000924292,8.96109,0.623079,0.00142178,0.0154,0,0,242.361,6.73694,0.0574231,8.96109,0.000924292,0.0027691063141275576,0.024814210900465317,0.012630893685872443,-0.023392430900465316
29.46,0.9,0.000923998,8.95835,0.616812,-0.00216714,0.015005,0,0,242.54,6.74724,0.0574771,8.95835,0.000923998,0.0027673830973576363,0.02479118637021378,0.012237616902642363,-0.02695832637021378
29.48,0.9,0.000923998,8.98764,0.610327,-0.00545359,0.0149836,0,0,242.719,6.75754,0.0575326,8.98764,0.000923998,0.0027763881424292367,0.024953177124422708,0.012207211857570763,-0.03040676712442271
29.5,0.9,0.000923998,8.96737,0.602529,-0.00711657,0.0153882,0,0,242.898,6.76789,0.0575883,8.96737,0.000923998,0.0027701562901865503,0.024841016411930168,0.01261804370981345,-0.03195758641193017
29.52,0.9,0.000923998,9.0127,0.591839,-0.00726631,0.0146202,0,0,243.077,6.77823,0.0576439,9.0127,0.000923998,0.0027840923638045604,0.025092189247261365,0.011836107636195439,-0.03235849924726136
29.54,0.8,0.000821331,8.9973,0.578808,-0.0071503,0.014,0,0,243.257,6.78862,0.0576982,8.9973,0.000821331,0.002470538592568995,0.022228176878921018,0.011529461407431005,-0.02937847687892102
29.56,0.8,0.000821331,9.0,0.56712,-0.00786677,0.0149986,0,0,243.437,6.79901,0.0577462,9.0,0.000821331,0.002471276428270749,0.02224148785443674,0.012527323571729252,-0.030108257854436743
29.58,0.8,0.000821331,8.9813,0.55971,-0.0095188,0.0155848,0,0,243.617,6.80941,0.0577958,8.9813,0.000821331,0.002466166167571408,0.022149378200809082,0.013118633832428592,-0.03166817820080908
29.6,0.8,0.000821331,8.98397,0.556544,-0.0118462,0.0162,0,0,243.796,6.8198,0.0578453,8.98397,0.000821331,0.0024668958237540847,0.02216251807373198,0.013733104176245915,-0.03400871807373198
29.62,0.8,0.000821331,9.02435,0.557323,-0.0151099,0.0160062,0,0,243.976,6.8302,0.0578948,9.02435,0.000821331,0.0024779304692680165,0.022361711830338825,0.013528269530731985,-0.03747161183033883
29.64,0.8,0.000821331,9.02544,0.561824,-0.0200443,0.0162041,0,0,244.156,6.84065,0.0579445,9.02544,0.000821331,0.002478228323763984,0.02236710104243241,0.013725871676236016,-0.042411401042432406
29.66,0.8,0.000821331,9.06951,0.566956,-0.027217,0.016403,0,0,244.337,6.85111,0.0579942,9.06951,0.000821331,0.002490270499797977,0.02258553320062275,0.013912729500202024,-0.04980253320062275
29.68,0.8,0.000821331,9.0776,0.568272,-0.0361084,0.0167913,0,0,244.518,6.86164,0.0580441,9.0776,0.000821331,0.0024924810084841304,0.022625745602615543,0.014298818991515867,-0.05873414560261554
29.7,0.8,0.000821331,9.0968,0.564083,-0.0442705,0.0158262,0,0,244.699,6.87218,0.0580942,9.0968,0.000821331,0.0024977270941361762,0.022721323829937967,0.013328472905863822,-0.06699182382993796
29.72,0.8,0.000821331,9.08893,0.555021,-0.0478759,0.0144065,0,0,244.881,6.88276,0.0581443,9.08893,0.000821331,0.002495576765143783,0.022682122528018284,0.011910923234856216,-0.07055802252801828
29.74,0.8,0.000821331,9.06404,0.542758,-0.0440659,0.0147952,0,0,245.062,6.89333,0.0581943,9.06404,0.000821331,0.002488775862646795,0.022558363970065057,0.012306424137353205,-0.06662426397006506
29.76,0.8,0.000821331,9.0773,0.531375,-0.0328942,0.0146,0,0,245.244,6.90389,0.0582442,9.0773,0.000821331,0.0024923990371066734,0.022624253779528404,0.012107600962893327,-0.0555184537795284
29.78,0.8,0.000821331,9.06686,0.525361,-0.0172581,0.0146,0,0,245.425,6.91446,0.0582942,9.06686,0.000821331,0.002489546408489143,0.022572368749273874,0.012110453591510858,-0.03983046874927387
29.8,0.8,0.000821331,9.10244,0.525153,-0.00156467,0.0146,0,0,245.606,6.92504,0.0583442,9.10244,0.000821331,0.0024992681008956324,0.02274943793231644,0.012100731899104367,-0.02431410793231644
29.82,0.8,0.000821331,9.10811,0.527681,0.0101175,0.0147838,0,0,245.788,6.93567,0.0583943,9.10811,0.000821331,0.002500817290339569,0.02277771897031473,0.01228298270966043,-0.01266021897031473
29.84,0.8,0.000821331,9.11106,0.529658,0.0155139,0.0146,0,0,245.97,6.94631,0.0584445,9.11106,0.000821331,0.0025016233003936185,0.022792439987284283,0.01209837669960638,-0.007278539987284283
29.86,0.8,0.000821331,9.08922,0.527819,0.0142405,0.0144059,0,0,246.152,6.95696,0.0584947,9.08922,0.000821331,0.002495656002656273,0.022683566452463447,0.011910243997343726,-0.008443066452463448
29.88,0.8,0.000821331,9.07104,0.51925,0.00728886,0.0143656,0,0,246.333,6.9676,0.0585447,9.07104,0.000821331,0.0024906885586559995,0.022593135543110918,0.011874911441344,-0.015304275543110916
29.9,0.8,0.000821331,9.10274,0.504605,-0.00321857,0.015,0,0,246.515,6.97823,0.0585947,9.10274,0.000821331,0.0024993500689468786,0.022750933846605512,0.01250064993105312,-0.025969503846605513
29.92,0.8,0.000821331,9.10007,0.488386,-0.0145331,0.0148096,0,0,246.696,6.9889,0.0586448,9.10007,0.000821331,0.002498620551893636,0.02273762192567072,0.012310979448106364,-0.03727072192567072
29.94,0.8,0.000821331,9.14426,0.474627,-0.0239836,0.0147983,0,0,246.878,6.99958,0.058695,9.14426,0.000821331,0.002510694063252453,0.022958439294836874,0.012287605936747548,-0.046942039294836875
29.96,0.8,0.000821331,9.16935,0.46519,-0.0291442,0.0155954,0,0,247.061,7.01031,0.0587453,9.16935,0.000821331,0.002517548722091711,0.023084285374911633,0.01307785127790829,-0.052228485374911635
29.98,0.8,0.000821331,9.19343,0.4613,-0.028306,0.0154491,0,0,247.244,7.02109,0.0587958,9.19343,0.000821331,0.0025241271827580077,0.02320538656578295,0.012924972817241993,-0.051511386565782954
30.0,0.7,0.000718665,9.18295,0.462156,-0.0216432,0.0149951,0,0,247.428,7.03191,0.0588449,9.18295,0.000718665,0.00220610717795593,0.020258571909810407,0.01278899282204407,-0.04190177190981041
30.02,0.7,0.000718665,9.15361,0.463468,-0.0113491,0.014611,0,0,247.611,7.04272,0.0588876,9.15361,0.000718665,0.0021990935061356434,0.020129644308698288,0.012411906493864358,-0.03147874430869829
30.04,0.7,0.000718665,9.1694,0.461411,-0.00030811,0.0140009,0,0,247.794,7.0535,0.0589317,9.1694,0.000718665,0.00220286811757284,0.0201989789172724,0.01179803188242716,-0.0205070889172724
30.06,0.600301,0.000616308,9.17222,0.456002,0.0090398,0.0143982,0,0,247.977,7.06431,0.0589743,9.17222,0.000616308,0.0018896991548718494,0.017332736382298673,0.01250850084512815,-0.008292936382298673
30.08,0.506303,0.000519803,9.19914,0.449112,0.014498,0.015,0,0,248.16,7.07513,0.0590091,9.19914,0.000519803,0.0015984536555377082,0.014704398960803153,0.01340154634446229,-0.00020639896080315231
30.1,0.4,0.000410666,9.2034,0.442545,0.0137748,0.0143919,0,0,248.344,7.08599,0.059038,9.2034,0.000410666,0.0012634267403058967,0.01162782166173129,0.013128473259694103,0.0021469783382687107
30.12,0.4,0.000410666,9.23304,0.437889,0.00599564,0.0145924,0,0,248.528,7.09686,0.0590617,9.23304,0.000410666,0.001267475204745968,0.011702649264427713,0.013324924795254033,-0.005707009264427713
30.14,0.3,0.000307999,9.21646,0.434844,-0.00653406,0.0154101,0,0,248.712,7.10777,0.0590855,9.21646,0.000307999,0.0009489063877849293,0.008745557766764289,0.014461193612215071,-0.01527961776676429
30.16,0.3,0.000307999,9.19188,0.430985,-0.0194229,0.0159933,0,0,248.896,7.11866,0.059103,9.19188,0.000307999,0.0009463883366986321,0.008699088024333421,0.015046911663301367,-0.02812198802433342
30.18,0.213985,0.000219691,9.21739,0.424932,-0.0289982,0.0152559,0,0,249.08,7.12952,0.0591206,9.21739,0.000219691,0.0006769084314575238,0.0062393290070322655,0.014578991568542475,-0.03523752900703227
30.2,0.2,0.000205333,9.21393,0.41661,-0.033516,0.0146058,0,0,249.264,7.14042,0.0591326,9.21393,0.000205333,0.0006324324898648466,0.0058271886913404064,0.013973367510135153,-0.0393431886913404
30.22,0.2,0.000205333,9.26399,0.404255,-0.0328275,0.013985,0,0,249.448,7.15132,0.0591451,9.26399,0.000205333,0.0006358511678547051,0.005890518860494309,0.013349148832145294,-0.03871801886049431
30.24,0.2,0.000205333,9.2721,0.386644,-0.0283011,0.0130111,0,0,249.633,7.16228,0.0591578,9.2721,0.000205333,0.000636404986353426,0.005900810673967602,0.012374695013646573,-0.0342019106739676
30.26,0.1,0.000102666,9.25852,0.367884,-0.022368,0.0122052,0,0,249.818,7.17325,0.059169,9.25852,0.000102666,0.00031773726242962557,0.002941776798949937,0.011887462737570374,-0.025309776798949937
30.28,0.00666522,6.84294e-06,9.21521,0.353608,-0.0171775,0.0123733,0,0,250.003,7.1842,0.0591723,9.21521,6.84294e-06,2.1079396439175232e-05,0.000194251064860252,0.012352220603560825,-0.01737175106486025
30.3,0.0,0.0,9.20573,0.344084,-0.0139171,0.0122162,0,0,250.187,7.1951,0.0591711,9.20573,0.0,0.0,0.0,0.0122162,-0.0139171
30.32,-0.0991115,-0.000101754,9.22492,0.336488,-0.0132253,0.0116018,0,0,250.371,7.206,0.0591694,9.22492,-0.000101754,-0.00031377765014157133,-0.002894573720343984,0.011915577650141573,-0.010330726279656017
30.34,-0.1,-0.000102666,9.23095,0.329872,-0.0157053,0.0122,0,0,250.556,7.21691,0.0591616,9.23095,-0.000102666,-0.0003167958760917919,-0.0029243268924095266,0.012516795876091794,-0.012780973107590472
30.36,-0.1,-0.000102666,9.25832,0.324048,-0.0219935,0.0132036,0,0,250.74,7.22783,0.0591552,9.25832,-0.000102666,-0.0003177304335200859,-0.0029416500272676812,0.013521330433520086,-0.019051849972732317
30.38,-0.1,-0.000102666,9.25563,0.318579,-0.0322662,0.0136,0,0,250.925,7.23878,0.0591488,9.25563,-0.000102666,-0.0003176385844686117,-0.0029399452115652165,0.01391763858446861,-0.029326254788434786
30.4,-0.1,-0.000102666,9.25289,0.31425,-0.0455005,0.0125894,0,0,251.11,7.24973,0.0591424,9.25289,-0.000102666,-0.00031754502776824937,-0.002938209211986557,0.01290694502776825,-0.04256229078801344
30.42,-0.1,-0.000102666,9.26097,0.311281,-0.0592963,0.0120069,0,0,251.294,7.26067,0.0591361,9.26097,-0.000102666,-0.0003178209163892501,-0.0029433299720533533,0.01232472091638925,-0.05635297002794665
30.44,-0.1,-0.000102666,9.26389,0.307696,-0.0704542,0.0118003,0,0,251.479,7.27162,0.0591297,9.26389,-0.000102666,-0.0003179206178111198,-0.0029451816321342545,0.012118220617811119,-0.06750901836786574
30.46,-0.1,-0.000102666,9.29722,0.303006,-0.0759096,0.0108,0,0,251.664,7.28257,0.0591233,9.29722,-0.000102666,-0.00031905861411602316,-0.002966358128331773,0.011119058614116023,-0.07294324187166822
30.48,-0.1,-0.000102666,9.29175,0.299633,-0.0737352,0.0108,0,0,251.85,7.29356,0.0591169,9.29175,-0.000102666,-0.00031887185453485334,-0.0029628775543742237,0.011118871854534853,-0.07077232244562577
30.5,-0.2,-0.000205333,9.28614,0.298532,-0.0638929,0.011,0,0,252.036,7.30454,0.0591089,9.28614,-0.000205333,-0.0006373637372677753,-0.005918648895191779,0.011637363737267774,-0.05797425110480822
30.52,-0.2,-0.000205333,9.29977,0.298135,-0.0486172,0.0108,0,0,252.221,7.31552,0.0590945,9.29977,-0.000205333,-0.000638294469238348,-0.005935991756188712,0.011438294469238348,-0.04268120824381129
30.54,-0.3,-0.000307999,9.27741,0.297399,-0.0320134,0.0108407,0,0,252.407,7.3265,0.0590801,9.27741,-0.000307999,-0.0009551498564167326,-0.00886131682941916,0.011795849856416733,-0.023152083170580838
30.56,-0.3,-0.000307999,9.26426,0.295283,-0.0185241,0.0121668,0,0,252.592,7.33746,0.0590594,9.26426,-0.000307999,-0.0009538028771106071,-0.008836277842300714,0.013120602877110607,-0.009687822157699288
30.58,-0.3,-0.000307999,9.27973,0.289838,-0.0116153,0.0122363,0,0,252.777,7.3484,0.0590403,9.27973,-0.000307999,-0.0009553874953663233,-0.008865738002375731,0.013191687495366323,-0.002749561997624269
30.6,-0.3,-0.000307999,9.29135,0.281346,-0.0135509,0.0115924,0,0,252.962,7.35935,0.0590211,9.29135,-0.000307999,-0.0009565777250518595,-0.008887898445660593,0.012548977725051858,-0.004663001554339406
30.62,-0.3,-0.000307999,9.25887,0.2725,-0.0248773,0.010813,0,0,253.148,7.37031,0.0590019,9.25887,-0.000307999,-0.0009532507608213943,-0.008826024871846383,0.011766250760821394,-0.016051275128153616
30.64,-0.3,-0.000307999,9.26678,0.264317,-0.0432543,0.0104017,0,0,253.333,7.38123,0.0589828,9.26678,-0.000307999,-0.0009540610077224529,-0.008841073465142272,0.011355761007722454,-0.03441322653485773
30.66,-0.3,-0.000307999,9.29442,0.256431,-0.0632,0.0108,0,0,253.518,7.39216,0.0589636,9.29442,-0.000307999,-0.0009568921795157257,-0.008893757811134552,0.011756892179515727,-0.054306242188865456
30.68,-0.3,-0.000307999,9.29173,0.250078,-0.0779727,0.0108,0,0,253.704,7.40312,0.0589445,9.29173,-0.000307999,-0.0009566166478406063,-0.008888623605239997,0.011756616647840607,-0.06908407639476001
30.7,-0.3,-0.000307999,9.29167,0.245974,-0.0828083,0.0108,0,0,253.889,7.41407,0.0589253,9.29167,-0.000307999,-0.0009566105021387424,-0.008888509104407489,0.011756610502138743,-0.07391979089559252
30.72,-0.3,-0.000307999,9.29703,0.241952,-0.0769395,0.0108,0,0,254.075,7.42501,0.0589061,9.29703,-0.000307999,-0.0009571595157711179,-0.008898740732909556,0.011757159515771118,-0.06804075926709044
30.74,-0.3,-0.000307999,9.30545,0.236506,-0.063558,0.0119903,0,0,254.26,7.43596,0.0588869,9.30545,-0.000307999,-0.0009580219490174955,-0.008914825345484854,0.012948321949017495,-0.05464317465451515
30.76,-0.3,-0.000307999,9.26469,0.230731,-0.0482881,0.0108298,0,0,254.446,7.44691,0.0588677,9.26469,-0.000307999,-0.000953846923282797,-0.008837096051668896,0.011783646923282797,-0.039451003948331106
30.78,-0.3,-0.000307999,9.24514,0.225351,-0.0361116,0.0100307,0,0,254.631,7.45781,0.0588485,9.24514,-0.000307999,-0.0009518443274708009,-0.0087999340656734,0.0109825443274708,-0.0273116659343266
30.8,-0.3,-0.000307999,9.2642,0.220451,-0.0286468,0.0104148,0,0,254.816,7.46869,0.0588295,9.2642,-0.000307999,-0.0009537967311306153,-0.008836163676540247,0.011368596731130616,-0.01981063632345975
30.82,-0.3,-0.000307999,9.28039,0.21709,-0.0242094,0.0111921,0,0,255.001,7.47959,0.0588103,9.28039,-0.000307999,-0.0009554550993842919,-0.00886699594977499,0.012147555099384292,-0.015342404050225009
30.84,-0.3,-0.000307999,9.33056,0.215021,-0.0203999,0.0113874,0,0,255.186,7.4905,0.0587912,9.33056,-0.000307999,-0.0009605938134581816,-0.00896287821210037,0.012347993813458183,-0.011437021787899628
30.86,-0.3,-0.000307999,9.33056,0.211498,-0.0169927,0.010812,0,0,255.373,7.50146,0.0587719,9.33056,-0.000307999,-0.0009605938134581816,-0.00896287821210037,0.011772593813458182,-0.008029821787899629
30.88,-0.388845,-0.000399213,9.3462,0.205098,-0.0166401,0.0109777,0,0,255.559,7.51242,0.0587512,9.3462,-0.000399213,-0.0012471502440755098,-0.01165611561117853,0.01222485024407551,-0.004983984388821472
30.9,-0.402728,-0.000413466,9.30837,0.197069,-0.0229696,0.0117891,0,0,255.746,7.5234,0.0587245,9.30837,-0.000413466,-0.00128647552103499,-0.01197499014573647,0.01307557552103499,-0.01099460985426353
30.92,-0.5,-0.000513332,9.31108,0.18827,-0.0376335,0.0110093,0,0,255.931,7.53432,0.058697,9.31108,-0.000513332,-0.0015976654688192064,-0.014875990993413137,0.012606965468819207,-0.022757509006586865
30.94,-0.5,-0.000513332,9.30002,0.179198,-0.058244,0.00979414,0,0,256.117,7.54525,0.0586634,9.30002,-0.000513332,-0.0015957774144804806,-0.014840761870216759,0.01138991741448048,-0.043403238129783236
30.96,-0.5,-0.000513332,9.30306,0.171608,-0.0786774,0.00921042,0,0,256.303,7.55615,0.0586314,9.30306,-0.000513332,-0.0015962963767965916,-0.014850440971121301,0.010806716376796591,-0.0638269590288787
30.98,-0.5,-0.000513332,9.33418,0.165942,-0.0913663,0.0105108,0,0,256.489,7.56705,0.0585993,9.33418,-0.000513332,-0.0016016087620499154,-0.014949704474551078,0.012112408762049916,-0.07641659552544892
31.0,-0.5,-0.000513332,9.34994,0.160488,-0.0904739,0.0107979,0,0,256.675,7.57799,0.0585672,9.34994,-0.000513332,-0.0016042989915119486,-0.015000099312697229,0.012402198991511949,-0.07547380068730276
31.02,-0.5,-0.000513332,9.33932,0.155481,-0.0751486,0.0106,0,0,256.862,7.58893,0.058535,9.33932,-0.000513332,-0.0016024861669496654,-0.01496613110871635,0.012202486166949666,-0.06018246889128365
31.04,-0.5,-0.000513332,9.29142,0.15289,-0.0506319,0.0106115,0,0,257.048,7.59986,0.0585029,9.29142,-0.000513332,-0.0015943092832950458,-0.014813397160993254,0.012205809283295045,-0.03581850283900675
31.06,-0.5,-0.000513332,9.28347,0.15185,-0.0259729,0.0109932,0,0,257.234,7.61072,0.0584709,9.28347,-0.000513332,-0.0015929520969843608,-0.014788123003791403,0.012586152096984361,-0.011184776996208597
31.08,-0.5,-0.000513332,9.2916,0.149178,-0.0101965,0.0111979,0,0,257.419,7.62157,0.058439,9.2916,-0.000513332,-0.0015943400118356799,-0.014813969653972404,0.01279224001183568,0.004617469653972403
31.1,-0.5,-0.000513332,9.2671,0.14261,-0.00848133,0.0105969,0,0,257.605,7.63242,0.058407,9.2671,-0.000513332,-0.0015901574321909176,-0.014736147939856451,0.012187057432190916,0.006254817939856451
31.12,-0.5,-0.000513332,9.32123,0.132112,-0.0198521,0.0102072,0,0,257.79,7.64324,0.0583751,9.32123,-0.000513332,-0.0015993981465363006,-0.014908357985438561,0.0118065981465363,-0.00494374201456144
31.14,-0.4,-0.000410666,9.33891,0.12144,-0.0383153,0.0102007,0,0,257.976,7.65412,0.0583447,9.33891,-0.000410666,-0.0012819341518420855,-0.01197186766997957,0.011482634151842086,-0.026343432330020428
31.16,-0.4,-0.000410666,9.35271,0.116202,-0.0563706,0.0105991,0,0,258.163,7.66501,0.0583206,9.35271,-0.000410666,-0.0012838186681161147,-0.012007183695476266,0.011882918668116116,-0.044363416304523735
31.18,-0.4,-0.000410666,9.32472,0.117022,-0.0682081,0.00989267,0,0,258.349,7.67591,0.0582948,9.32472,-0.000410666,-0.0012799963325299262,-0.011935607401868453,0.011172666332529925,-0.05627249259813154
31.2,-0.4,-0.000410666,9.31118,0.118451,-0.0712961,0.0094,0,0,258.536,7.68677,0.0582691,9.31118,-0.000410666,-0.0012781472362762948,-0.011901058983471111,0.010678147236276296,-0.05939504101652889
31.22,-0.4,-0.000410666,9.31387,0.116252,-0.066451,0.00959659,0,0,258.722,7.69762,0.0582435,9.31387,-0.000410666,-0.0012785146006456926,-0.011907918783515896,0.010875104600645693,-0.0545430812164841
31.24,-0.4,-0.000410666,9.29172,0.110816,-0.0568376,0.0102078,0,0,258.907,7.70846,0.0582179,9.29172,-0.000410666,-0.0012754896000492114,-0.011851492226569258,0.01148328960004921,-0.04498610777343075
31.26,-0.4,-0.000410666,9.29721,0.103803,-0.045855,0.0108005,0,0,259.093,7.71927,0.0581923,9.29721,-0.000410666,-0.0012762393734912043,-0.011865465465616159,0.012076739373491203,-0.033989534534383845
31.28,-0.4,-0.000410666,9.29183,0.0973195,-0.0354536,0.0108118,0,0,259.279,7.73008,0.0581667,9.29183,-0.000410666,-0.0012755046228988883,-0.011851772120190576,0.012087304622898889,-0.023601827879809426
31.3,-0.4,-0.000410666,9.2944,0.0943473,-0.0267406,0.00981178,0,0,259.464,7.74089,0.0581411,9.2944,-0.000410666,-0.0012758556105198452,-0.011858312386415649,0.011087635610519847,-0.014882287613584351
31.32,-0.4,-0.000410666,9.29431,0.0954325,-0.0209511,0.0100049,0,0,259.65,7.75169,0.0581155,9.29431,-0.000410666,-0.0012758433191497097,-0.011858083319606338,0.01128074331914971,-0.009093016680393662
31.34,-0.303072,-0.000311154,9.28351,0.0982713,-0.0189548,0.0103939,0,0,259.835,7.76248,0.0580915,9.28351,-0.000311154,-0.0009655651975867445,-0.008963834167448519,0.011359465197586745,-0.009990965832551482
31.36,-0.3,-0.000307999,9.30519,0.101825,-0.0206453,0.0106,0,0,260.021,7.77326,0.0580737,9.30519,-0.000307999,-0.0009579953182416168,-0.00891432845534871,0.011557995318241617,-0.011730971544651289
31.38,-0.3,-0.000307999,9.29761,0.106276,-0.0248997,0.01042,0,0,260.207,7.78406,0.0580546,9.29761,-0.000307999,-0.0009572189236714606,-0.00889984823691701,0.01137721892367146,-0.015999851763082988
31.4,-0.200188,-0.000205526,9.30555,0.109628,-0.0297584,0.0104,0,0,260.392,7.79485,0.058037,9.30555,-0.000205526,-0.0006392894806840627,-0.00594894022697958,0.011039289480684063,-0.02380945977302042
31.42,-0.2,-0.000205333,9.31092,0.10897,-0.0333902,0.0096282,0,0,260.578,7.80565,0.0580258,9.31092,-0.000205333,-0.0006390558374827947,-0.005950197778335302,0.010267255837482794,-0.0274400022216647
31.44,-0.2,-0.000205333,9.30836,0.103001,-0.0357107,0.00979607,0,0,260.764,7.81645,0.0580129,9.30836,-0.000205333,-0.0006388810313058909,-0.005946934636566504,0.010434951031305892,-0.029763765363433496
31.46,-0.2,-0.000205333,9.3056,0.0912632,-0.0389132,0.010194,0,0,260.95,7.82724,0.0580001,9.3056,-0.000205333,-0.0006386925675678492,-0.005943417556759378,0.010832692567567848,-0.03296978244324063
31.48,-0.2,-0.000205333,9.28606,0.0754911,-0.0457291,0.0106019,0,0,261.136,7.83803,0.0579873,9.28606,-0.000205333,-0.0006373582743624443,-0.00591854717722612,0.011239258274362443,-0.03981055282277388
31.5,-0.2,-0.000205333,9.27476,0.0613344,-0.056711,0.0110034,0,0,261.321,7.84879,0.0579745,9.27476,-0.000205333,-0.000636586631747821,-0.0059041882286694205,0.01163998663174782,-0.050806811771330576
31.52,-0.2,-0.000205333,9.24809,0.0540659,-0.0689733,0.0113873,0,0,261.506,7.85954,0.0579618,9.24809,-0.000205333,-0.0006347653616926699,-0.005870367193816363,0.012022065361692669,-0.06310293280618363
31.54,-0.2,-0.000205333,9.25821,0.0544411,-0.0771813,0.0117958,0,0,261.691,7.87025,0.057949,9.25821,-0.000205333,-0.00063545645669622,-0.005883189321949511,0.01243125645669622,-0.07129811067805049
31.56,-0.2,-0.000205333,9.27472,0.0602723,-0.0764509,0.0121933,0,0,261.876,7.88098,0.0579363,9.27472,-0.000205333,-0.0006365839002440232,-0.005904137431271247,0.012829883900244024,-0.07054676256872876
31.58,-0.2,-0.000205333,9.26671,0.0677895,-0.0659439,0.012398,0,0,262.061,7.89172,0.0579235,9.26671,-0.000205333,-0.0006360369129838194,-0.005893969621916289,0.01303403691298382,-0.06004993037808371
31.6,-0.2,-0.000205333,9.29991,0.0718069,-0.0498656,0.0120015,0,0,262.246,7.90245,0.0579108,9.29991,-0.000205333,-0.0006383040291059327,-0.005936170023322555,0.012639804029105932,-0.043929429976677446
31.62,-0.2,-0.000205333,9.2782,0.0694802,-0.0343469,0.0122,0,0,262.432,7.91321,0.057898,9.2782,-0.000205333,-0.0006368215404012154,-0.005908557616150557,0.012836821540401217,-0.028438342383849444
31.64,-0.2,-0.000205333,9.31662,0.0625639,-0.0235716,0.0100029,0,0,262.617,7.92395,0.0578852,9.31662,-0.000205333,-0.0006394450517032069,-0.005957466557599132,0.010642345051703207,-0.01761413344240087
31.66,-0.2,-0.000205333,9.25045,0.0530827,-0.0186665,0.00939733,0,0,262.803,7.93473,0.0578724,9.25045,-0.000205333,-0.0006349265271674508,-0.005873356093236146,0.010032256527167452,-0.012793143906763853
31.68,-0.2,-0.000205333,9.258,0.0408389,-0.0187291,0.0098,0,0,262.988,7.94543,0.0578597,9.258,-0.000205333,-0.0006354421159087679,-0.0058829231090833725,0.010435442115908768,-0.012846176890916626
31.7,-0.2,-0.000205333,9.25833,0.027326,-0.0217721,0.0096,0,0,263.173,7.95613,0.0578469,9.25833,-0.000205333,-0.0006354646514296843,-0.005883341446270989,0.010235464651429684,-0.01588875855372901
31.72,-0.2,-0.000205333,9.23056,0.0166666,-0.0252737,0.00920179,0,0,263.358,7.96684,0.0578342,9.23056,-0.000205333,-0.0006335682104694342,-0.005848189380830741,0.009835358210469434,-0.019425510619169258
31.74,-0.2,-0.000205333,9.23119,0.0111858,-0.0273963,0.0096099,0,0,263.542,7.97751,0.0578215,9.23119,-0.000205333,-0.0006336112347548326,-0.005848985694156463,0.010243511234754832,-0.021547314305843536
31.76,-0.2,-0.000205333,9.25487,0.0103398,-0.028441,0.0099886,0,0,263.726,7.98818,0.0578088,9.25487,-0.000205333,-0.0006352283692995359,-0.005878955978179196,0.010623828369299535,-0.022562044021820805
31.78,-0.2,-0.000205333,9.26082,0.0128169,-0.0304592,0.0107612,0,0,263.911,7.99887,0.057796,9.26082,-0.000205333,-0.0006356346917842383,-0.005886498466369311,0.011396834691784239,-0.024572701533630687
31.8,-0.2,-0.000205333,9.22496,0.0164533,-0.0350053,0.0114124,0,0,264.096,8.00957,0.0577833,9.22496,-0.000205333,-0.0006331857704247948,-0.005841113404737914,0.012045585770424794,-0.029164186595262088
31.82,-0.2,-0.000205333,9.22226,0.0187723,-0.0415073,0.0121887,0,0,264.28,8.02022,0.0577706,9.22226,-0.000205333,-0.0006330013784354,-0.005837703292289652,0.0128217013784354,-0.035669596707710347
31.84,-0.2,-0.000205333,9.24168,0.0192222,-0.0476471,0.0122,0,0,264.464,8.03087,0.0577579,9.24168,-0.000205333,-0.0006343276167218474,-0.005862252848905963,0.012834327616721848,-0.04178484715109403
31.86,-0.198596,-0.000203891,9.2447,0.0180428,-0.0507017,0.0115916,0,0,264.649,8.04154,0.0577452,9.2447,-0.000203891,-0.0006300776903822286,-0.005824879224276589,0.012221677690382229,-0.044876820775723414
31.88,-0.1,-0.000102666,9.28064,0.013822,-0.0486036,0.0108264,0,0,264.833,8.05221,0.0577342,9.28064,-0.000102666,-0.0003184925259570754,-0.002955814476098272,0.011144892525957075,-0.045647785523901724
31.9,-0.1,-0.000102666,9.24842,0.00563587,-0.0410749,0.0108,0,0,265.019,8.06292,0.0577293,9.24842,-0.000102666,-0.0003173923996925442,-0.002935378217164519,0.011117392399692545,-0.03813952178283548
31.92,-0.00331312,-3.40147e-06,9.25541,-0.0045919,-0.0303998,0.0108,0,0,265.203,8.07359,0.0577245,9.25541,-3.40147e-06,-1.0523567304023091e-05,-9.739993006132835e-05,0.010810523567304024,-0.030302400069938673
31.94,0.0,0.0,9.23881,-0.0144913,-0.0203262,0.0102,0,0,265.388,8.08427,0.0577259,9.23881,0.0,0.0,0.0,0.0102,-0.0203262
31.96,0.0,0.0,9.21386,-0.0230409,-0.0138236,0.0108115,0,0,265.573,8.09493,0.057726,9.21386,0.0,0.0,0.0,0.0108115,-0.0138236
31.98,0.0947918,9.73193e-05,9.20848,-0.0297472,-0.0114788,0.0123792,0,0,265.756,8.10556,0.0577275,9.20848,9.73193e-05,0.0002995702770308718,0.0027585869046332424,0.012079629722969129,-0.014237386904633243
32.0,0.1,0.000102666,9.19223,-0.0354799,-0.0117525,0.0126,0,0,265.94,8.11619,0.057735,9.19223,0.000102666,0.0003154736976904377,0.002899906788120972,0.012284526302309563,-0.014652406788120973
32.02,0.196934,0.000202185,9.21358,-0.0415537,-0.0134059,0.0127939,0,0,266.124,8.1268,0.057743,9.21358,0.000202185,0.000622713007993371,0.005737416116187563,0.01217118699200663,-0.019143316116187564
32.04,0.200172,0.00020551,9.22501,-0.0459459,-0.0175035,0.013,0,0,266.308,8.13743,0.0577571,9.22501,0.00020551,0.0006337350032857832,0.0058462117426613825,0.012366264996714216,-0.023349711742661386
32.06,0.300583,0.000308598,9.23323,-0.0455421,-0.0267005,0.013,0,0,266.492,8.14808,0.0577714,9.23323,0.000308598,0.000952473085446293,0.008794403066735276,0.012047526914553706,-0.03549490306673528
32.08,0.4,0.000410666,9.1982,-0.0414309,-0.0431581,0.0131892,0,0,266.676,8.15875,0.0577937,9.1982,0.000410666,0.0012627164631490424,0.011614718571337522,0.011926483536850958,-0.05477281857133752
32.1,0.404281,0.000415061,9.18366,-0.0373363,-0.0667337,0.0129658,0,0,266.86,8.16937,0.0578206,9.18366,0.000415061,0.0012742228861569915,0.011702029750684517,0.011691577113843008,-0.07843572975068452
32.12,0.5,0.000513332,9.19709,-0.0357575,-0.0940383,0.0114166,0,0,267.043,8.17999,0.0578478,9.19709,0.000513332,0.0015782045695795768,0.014514889464834629,0.009838395430420425,-0.10855318946483464
32.14,0.5,0.000513332,9.14496,-0.0373144,-0.118832,0.0114038,0,0,267.227,8.19063,0.0578809,9.14496,0.000513332,0.0015693034852398585,0.014351217600379095,0.009834496514760142,-0.1331832176003791
32.16,0.5,0.000513332,9.19998,-0.0410115,-0.133536,0.0116,0,0,267.41,8.20121,0.0579124,9.19998,0.000513332,0.0015786980086767038,0.014523990105865501,0.010021301991323296,-0.14805999010586549
32.18,0.5,0.000513332,9.19742,-0.045278,-0.131666,0.0114269,0,0,267.593,8.21186,0.057944,9.19742,0.000513332,0.001578260913954135,0.01451592849522004,0.009848639086045866,-0.14618192849522005
32.2,0.5,0.000513332,9.1725,-0.049127,-0.110761,0.0119959,0,0,267.777,8.22252,0.0579757,9.1725,0.000513332,0.0015740059746139855,0.01443756980214678,0.010421894025386015,-0.12519856980214678
32.22,0.5,0.000513332,9.15273,-0.0515785,-0.0736443,0.0136107,0,0,267.96,8.23315,0.0580072,9.15273,0.000513332,0.0015706302437618021,0.014375554550985959,0.012040069756238198,-0.08801985455098596
32.24,0.5,0.000513332,9.14762,-0.0513357,-0.0268783,0.013989,0,0,268.143,8.24377,0.0580387,9.14762,0.000513332,0.0015697576927451615,0.014359546865309495,0.012419242307254838,-0.0412378468653095
32.26,0.5,0.000513332,9.16082,-0.0478196,0.0217365,0.0136087,0,0,268.325,8.25438,0.0580702,9.16082,0.000513332,0.001572011625757792,0.014400915541474496,0.012036688374242207,0.007335584458525503
32.28,0.5,0.000513332,9.16368,-0.041222,0.0644623,0.0131979,0,0,268.508,8.26502,0.0581017,9.16368,0.000513332,0.001572499971534087,0.01440988653914748,0.011625400028465913,0.05005241346085252
32.3,0.5,0.000513332,9.1266,-0.0323836,0.0941782,0.0125748,0,0,268.691,8.27566,0.0581332,9.1266,0.000513332,0.001566168375450364,0.014293792295385292,0.011008631624549636,0.07988440770461472
32.32,0.5,0.000513332,9.19358,-0.0249921,0.106312,0.0114165,0,0,268.873,8.28627,0.0581646,9.19358,0.000513332,0.0015776052684440102,0.014503840243861485,0.00983889473155599,0.09180815975613851
32.34,0.5,0.000513332,9.14175,-0.0252253,0.100948,0.0108007,0,0,269.057,8.29696,0.0581963,9.14175,0.000513332,0.0015687553600365791,0.014341169312614397,0.009231944639963421,0.0866068306873856
32.36,0.5,0.000513332,9.13065,-0.0360169,0.0814671,0.00980665,0,0,269.24,8.3076,0.0582277,9.13065,0.000513332,0.0015668599518118013,0.014306449819010423,0.008239790048188199,0.06716065018098957
32.38,0.5,0.000513332,9.13817,-0.0549362,0.0509807,0.0101012,0,0,269.422,8.31823,0.0582591,9.13817,0.000513332,0.0015681440519238624,0.014329966930969083,0.008533055948076136,0.03665073306903091
32.4,0.5,0.000513332,9.14981,-0.0777451,0.0108636,0.0111931,0,0,269.604,8.32887,0.0582906,9.14981,0.000513332,0.0015701316440679233,0.014366406218209126,0.009622968355932076,-0.003502806218209127
32.42,0.5,0.000513332,9.12772,-0.0994936,-0.0374668,0.0122274,0,0,269.787,8.33953,0.0583221,9.12772,0.000513332,0.0015663596266513764,0.014297292091378302,0.010661040373348623,-0.051764092091378305
32.44,0.5,0.000513332,9.1223,-0.114257,-0.0894787,0.0145686,0,0,269.969,8.35018,0.0583535,9.1223,0.000513332,0.0015654341042220892,0.014280359528945163,0.01300316589577791,-0.10375905952894515
32.46,0.6,0.000615999,9.09218,-0.117729,-0.136329,0.0163734,0,0,270.151,8.36082,0.0583864,9.09218,0.000615999,0.0018723506726770283,0.017023749339100624,0.014501049327322971,-0.15335274933910062
32.48,0.6,0.000615999,9.11111,-0.109159,-0.167583,0.0168024,0,0,270.333,8.37143,0.0584255,9.11111,0.000615999,0.0018762298209583344,0.01709453628403169,0.014926170179041664,-0.1846775362840317
32.5,0.6,0.000615999,9.11109,-0.0908237,-0.176187,0.0172,0,0,270.515,8.38207,0.0584631,9.11109,0.000615999,0.0018762257226075847,0.01709446141899274,0.015323774277392415,-0.19328146141899274
32.52,0.6,0.000615999,9.10045,-0.0674326,-0.161768,0.0172,0,0,270.697,8.39272,0.0585007,9.10045,0.000615999,0.0018740453812148656,0.017054656289476826,0.015325954618785134,-0.17882265628947683
32.54,0.7,0.000718665,9.10549,-0.0451651,-0.129662,0.017,0,0,270.878,8.40337,0.0585399,9.10549,0.000718665,0.0021875897869819117,0.019919076929465925,0.014812410213018089,-0.14958107692946593
32.56,0.7,0.000718665,9.10286,-0.0291368,-0.0868632,0.0158518,0,0,271.06,8.41403,0.0585853,9.10286,0.000718665,0.002186961025038181,0.019907600036379057,0.013664838974961818,-0.10677080003637907
32.58,0.6,0.000615999,9.08975,-0.0214169,-0.0385623,0.0148621,0,0,271.242,8.42469,0.0586276,9.08975,0.000615999,0.001871852706857789,0.017014673142160586,0.01299024729314221,-0.05557697314216059
32.6,0.6,0.000615999,9.10288,-0.0212658,0.0117236,0.0141926,0,0,271.423,8.43534,0.0586635,9.10288,0.000615999,0.0018745433384279172,0.01706374306450872,0.012318056661572083,-0.00534014306450872
32.62,0.6,0.000615999,9.11906,-0.0261446,0.0585948,0.0132186,0,0,271.605,8.44602,0.0587011,9.11906,0.000615999,0.0018778589048753936,0.017124308025093005,0.011340741095124608,0.041470491974907
32.64,0.6,0.000615999,9.12221,-0.0327353,0.0929217,0.0128012,0,0,271.787,8.45672,0.0587388,9.12221,0.000615999,0.001878504385155896,0.017136111487312967,0.010922695614844104,0.07578558851268703
32.66,0.6,0.000615999,9.08334,-0.038681,0.105904,0.0121968,0,0,271.969,8.46744,0.0587764,9.08334,0.000615999,0.0018705391333310652,0.0169907429313514,0.010326260866668935,0.0889132570686486
32.68,0.6,0.000615999,9.08604,-0.0431697,0.0953923,0.0121799,0,0,272.151,8.47811,0.0588139,9.08604,0.000615999,0.0018710924342884975,0.01700082070164266,0.010308807565711503,0.07839147929835734
32.7,0.6,0.000615999,9.08337,-0.0455611,0.0681272,0.013,0,0,272.332,8.4888,0.0588514,9.08337,0.000615999,0.0018705452811327203,0.016990854890282518,0.011129454718867279,0.051136345109717485
32.72,0.6,0.000615999,9.05593,-0.0457737,0.0356999,0.0133955,0,0,272.513,8.49948,0.0588889,9.05593,0.000615999,0.0018649219677076751,0.016888602795022967,0.011530578032292325,0.018811297204977033
32.74,0.6,0.000615999,9.08567,-0.0457794,0.00757851,0.0136,0,0,272.694,8.51015,0.0589263,9.08567,0.000615999,0.0018710166117072021,0.016999439498489775,0.011728983388292797,-0.009420929498489775
32.76,0.6,0.000615999,9.06168,-0.0486438,-0.0125362,0.013209,0,0,272.875,8.52085,0.0589638,9.06168,0.000615999,0.0018661003429544182,0.016910004155743195,0.011342899657045581,-0.029446204155743196
32.78,0.6,0.000615999,9.01726,-0.0575037,-0.0252251,0.0141798,0,0,273.056,8.53153,0.0590012,9.01726,0.000615999,0.0018569968553057278,0.01674502346347413,0.01232280314469427,-0.04197012346347413
32.8,0.6,0.000615999,9.00557,-0.0759401,-0.032544,0.0149988,0,0,273.236,8.54217,0.0590385,9.00557,0.000615999,0.0018546009850437402,0.016701738992880355,0.013144199014956259,-0.04924573899288035
32.82,0.6,0.000615999,9.01633,-0.106091,-0.0367721,0.0142123,0,0,273.416,8.5528,0.0590756,9.01633,0.000615999,0.0018568062530680703,0.016741577923725236,0.01235549374693193,-0.05351367792372524
32.84,0.6,0.000615999,9.03593,-0.144795,-0.0397268,0.0142,0,0,273.596,8.56345,0.0591129,9.03593,0.000615999,0.0018608231863822423,0.016814268054526894,0.012339176813617759,-0.0565410680545269
32.86,0.7,0.000718665,9.0416,-0.183902,-0.0414917,0.0136099,0,0,273.777,8.57413,0.0591517,9.0416,0.000718665,0.002172314659502166,0.019641200225354784,0.011437585340497833,-0.06113290022535478
32.88,0.7,0.000718665,9.03408,-0.21682,-0.0402362,0.0132,0,0,273.957,8.58482,0.0591968,9.03408,0.000718665,0.002170516638570616,0.01960862095417803,0.011029483361429384,-0.05984482095417803
32.9,0.701753,0.000720464,8.9528,-0.244482,-0.0339505,0.0136,0,0,274.137,8.59551,0.0592404,8.9528,0.000720464,0.002156466031408509,0.0193064090859941,0.01144353396859149,-0.053256909085994106
32.92,0.8,0.000821331,8.95549,-0.273702,-0.0223848,0.0136,0,0,274.316,8.60611,0.0592851,8.95549,0.000821331,0.002459112664423362,0.022022558875116772,0.011140887335576638,-0.04440735887511677
32.94,0.8,0.000821331,8.96664,-0.310244,-0.00819625,0.0138,0,0,274.495,8.61673,0.0593359,8.96664,0.000821331,0.0024621598352140626,0.02207730086482382,0.011337840164785937,-0.03027355086482382
32.96,0.8,0.000821331,8.98596,-0.353604,0.00316509,0.014397,0,0,274.674,8.62736,0.0593853,8.98596,0.000821331,0.002467439647876354,0.022172313978231002,0.011929560352123647,-0.019007223978231003
32.98,0.891329,0.000915096,8.99939,-0.397151,0.00565004,0.014596,0,0,274.853,8.63803,0.0594361,8.99939,0.000915096,0.0027532173439774677,0.024777276633217382,0.011842782656022531,-0.01912723663321738
33.0,0.900831,0.000924851,8.96105,-0.432178,-0.00390074,0.0149983,0,0,275.033,8.64872,0.0594928,8.96105,0.000924851,0.002770768725863631,0.024828997090900293,0.01222753127413637,-0.028729737090900292
33.02,1.09354,0.00112269,8.94767,-0.451343,-0.0236193,0.0149871,0,0,275.211,8.65938,0.0595515,8.94767,0.00112269,0.003358478345145106,0.03005055593450451,0.011628621654854895,-0.05366985593450451
33.04,1.19914,0.00123111,8.93893,-0.451212,-0.0473266,0.0155972,0,0,275.39,8.67003,0.0596234,8.93893,0.00123111,0.0036792320357076852,0.032888397620948494,0.011917967964292314,-0.0802149976209485
33.06,1.2,0.001232,8.88627,-0.435364,-0.0669123,0.0152023,0,0,275.568,8.68068,0.0596987,8.88627,0.001232,0.0036603030322291583,0.032526441026207,0.011541996967770841,-0.09943874102620699
33.08,1.3,0.00133466,8.88341,-0.413481,-0.0750274,0.0154,0,0,275.746,8.69129,0.0597736,8.88341,0.00133466,0.003964038565237461,0.03521417983081611,0.01143596143476254,-0.1102415798308161
33.1,1.3,0.00133466,8.89959,-0.3954,-0.0676924,0.015209,0,0,275.923,8.7019,0.0598546,8.89959,0.00133466,0.003971224792108576,0.03534227244760157,0.011237775207891425,-0.10303467244760156
33.12,1.3,0.00133466,8.90277,-0.387184,-0.0455602,0.0157987,0,0,276.101,8.71255,0.0599341,8.90277,0.00133466,0.003972637143903141,0.035367474785626574,0.011826062856096858,-0.08092767478562657
33.14,1.3,0.00133466,8.86993,-0.390963,-0.0128815,0.0162057,0,0,276.278,8.72322,0.0600137,8.86993,0.00133466,0.003958051383244031,0.035107638705777724,0.012247648616755969,-0.04798913870577773
33.16,1.3,0.00133466,8.90425,-0.405007,0.0243526,0.0165864,0,0,276.455,8.73386,0.060093,8.90425,0.00133466,0.003973294462443045,0.03537920721720848,0.012613105537556957,-0.011026607217208485
33.18,1.3,0.00133466,8.87211,-0.424409,0.059308,0.0171467,0,0,276.633,8.74456,0.0601727,8.87211,0.00133466,0.003959019645333589,0.035124857785560584,0.013187680354666411,0.024183142214439415
33.2,1.20367,0.00123577,8.8422,-0.442597,0.0847763,0.0170147,0,0,276.81,8.75523,0.0602505,8.8422,0.00123577,0.0036533799324401594,0.03230391603862238,0.01336132006755984,0.05247238396137762
33.22,1.3,0.00133466,8.85266,-0.453543,0.0948858,0.0166021,0,0,276.986,8.76588,0.0603237,8.85266,0.00133466,0.0039503806757740755,0.034971376993198126,0.012651719324225926,0.05991442300680188
33.24,1.3,0.00133466,8.82975,-0.454791,0.0873583,0.0168206,0,0,277.163,8.77656,0.0604043,8.82975,0.00133466,0.003940204563607179,0.03479102124551049,0.012880395436392822,0.05256727875448951
33.26,1.3,0.00133466,8.80059,-0.447643,0.0639804,0.0172,0,0,277.339,8.78722,0.0604833,8.80059,0.00133466,0.003927251811906614,0.03456213302334722,0.013272748188093385,0.029418266976652785
33.28,1.3,0.00133466,8.75831,-0.435317,0.0295353,0.0172969,0,0,277.515,8.79786,0.060562,8.75831,0.00133466,0.003908470162436447,0.03423159330836876,0.013388429837563554,-0.004696293308368758
33.3,1.3,0.00133466,8.75283,-0.422323,-0.00949974,0.0177921,0,0,277.69,8.80847,0.0606403,8.75283,0.00133466,0.0039060357426846156,0.03418886682964218,0.013886064257315386,-0.04368860682964218
33.32,1.3,0.00133466,8.7583,-0.412732,-0.0464044,0.0170051,0,0,277.864,8.81908,0.0607185,8.7583,0.00133466,0.00390846572008353,0.03423151531620758,0.013096634279916468,-0.08063591531620758
33.34,1.3,0.00133466,8.73374,-0.4083,-0.0752567,0.0164066,0,0,278.039,8.82971,0.0607968,8.73374,0.00133466,0.003897555093048148,0.03404023281835833,0.012509044906951853,-0.10929693281835832
33.36,1.3,0.00133466,8.75824,-0.409237,-0.0915062,0.0168,0,0,278.213,8.84032,0.0608749,8.75824,0.00133466,0.003908439065964576,0.034231047365093595,0.012891560934035422,-0.1257372473650936
33.38,1.3,0.00133466,8.75047,-0.414961,-0.093078,0.0164432,0,0,278.388,8.85098,0.0609533,8.75047,0.00133466,0.0039049873365488725,0.03417047453885081,0.012538212663451129,-0.1272484745388508
33.4,1.2,0.001232,8.68714,-0.4236,-0.0815449,0.0158123,0,0,278.563,8.86164,0.06103,8.68714,0.001232,0.0035786503535263844,0.031088236632133195,0.012233649646473617,-0.1126331366321332
33.42,1.2,0.001232,8.68611,-0.43229,-0.0617146,0.0152014,0,0,278.736,8.87224,0.0611002,8.68611,0.001232,0.0035782279393101013,0.03108088148592086,0.011623172060689899,-0.09279548148592086
33.44,1.2,0.001232,8.67801,-0.438584,-0.0393901,0.0150089,0,0,278.909,8.88285,0.0611719,8.67801,0.001232,0.003574906017719597,0.031023070170830842,0.011433993982280403,-0.07041317017083085
33.46,1.2,0.001232,8.68859,-0.441836,-0.018943,0.01539,0,0,279.082,8.89346,0.0612435,8.68859,0.001232,0.0035792450131787467,0.031098592429054727,0.011810754986821253,-0.05004159242905473
33.48,1.2,0.001232,8.69418,-0.443338,-0.00260122,0.015017,0,0,279.256,8.9041,0.0613152,8.69418,0.001232,0.0035815375162132944,0.031138531842711297,0.011435462483786706,-0.033739751842711295
33.5,1.2,0.001232,8.69117,-0.444901,0.00846401,0.0148065,0,0,279.429,8.91475,0.061387,8.69117,0.001232,0.0035803030939601252,0.03111702284113342,0.011226196906039876,-0.02265301284113342
33.52,1.2,0.001232,8.66156,-0.447282,0.013289,0.0151941,0,0,279.603,8.92542,0.0614587,8.66156,0.001232,0.00356815951851678,0.0309058277592042,0.011625940481483221,-0.0176168277592042
33.54,1.2,0.001232,8.64715,-0.449815,0.0115661,0.0155944,0,0,279.775,8.93606,0.0615302,8.64715,0.001232,0.003562249526965756,0.03080330599710194,0.012032150473034244,-0.01923720599710194
33.56,1.2,0.001232,8.63608,-0.451583,0.00436179,0.0147992,0,0,279.948,8.94669,0.0616015,8.63608,0.001232,0.0035577092850124278,0.030724662002110128,0.011241490714987572,-0.026362872002110127
33.58,1.2,0.001232,8.62322,-0.453004,-0.0056474,0.0142547,0,0,280.12,8.95733,0.0616728,8.62322,0.001232,0.0035524347969500027,0.0306334267897552,0.010702265203049998,-0.0362808267897552
33.6,1.2,0.001232,8.63606,-0.455571,-0.0149866,0.0147958,0,0,280.292,8.96796,0.061744,8.63606,0.001232,0.003557701082156819,0.03072452000757122,0.01123809891784318,-0.045711120007571215
33.62,1.2,0.001232,8.60915,-0.459962,-0.0213461,0.0155763,0,0,280.465,8.97862,0.0618153,8.60915,0.001232,0.0035466639122536964,0.030533761620178908,0.012029636087746303,-0.05187986162017891
33.64,1.2,0.001232,8.60006,-0.46545,-0.0245367,0.0159972,0,0,280.636,8.98925,0.0618863,8.60006,0.001232,0.0035429355347995337,0.030469458175408075,0.012454264465200466,-0.055006158175408076
33.66,1.2,0.001232,8.57252,-0.471011,-0.025107,0.0162,0,0,280.808,8.99989,0.0619573,8.57252,0.001232,0.0035316393428133385,0.030275048899054205,0.012668360657186661,-0.05538204889905421
33.68,1.3,0.00133466,8.55935,-0.475985,-0.0229419,0.0161718,0,0,280.979,9.01051,0.0620295,8.55935,0.00133466,0.0038200715365272796,0.03269732930617477,0.012351728463472721,-0.05563922930617477
33.7,1.3,0.00133466,8.53898,-0.479961,-0.0178287,0.0173947,0,0,281.15,9.02112,0.0621075,8.53898,0.00133466,0.0038110195548642007,0.03254221975859432,0.013583680445135799,-0.05037091975859431
33.72,1.3,0.00133466,8.53087,-0.483107,-0.0105667,0.0179847,0,0,281.32,9.03172,0.0621838,8.53087,0.00133466,0.0038074155707074108,0.03248056726968073,0.01417728442929259,-0.04304726726968073
33.74,1.3,0.00133466,8.51961,-0.486274,-0.00308752,0.0180057,0,0,281.49,9.04232,0.0622601,8.51961,0.00133466,0.003802411691921322,0.032395064674609814,0.014203288308078679,-0.03548258467460981
33.76,1.3,0.00133466,8.51398,-0.490001,0.00189097,0.0178,0,0,281.66,9.05293,0.0623363,8.51398,0.00133466,0.0037999097205538394,0.032352355362600976,0.01400009027944616,-0.030461385362600978
33.78,1.3,0.00133466,8.50379,-0.494253,0.00167205,0.0178,0,0,281.83,9.06353,0.0624124,8.50379,0.00133466,0.003795381231549487,0.032275124963038214,0.014004618768450513,-0.030603074963038213
33.8,1.3,0.00133466,8.48855,-0.499266,-0.00476557,0.0169823,0,0,282.0,9.07414,0.0624884,8.48855,0.00133466,0.0037886083662536352,0.032159791547362294,0.013193691633746363,-0.0369253615473623
33.82,1.3,0.00133466,8.47515,-0.505183,-0.0154933,0.0164047,0,0,282.169,9.08474,0.0625643,8.47515,0.00133466,0.0037826530936641723,0.032058552366767905,0.012622046906335829,-0.047551852366767906
33.84,1.3,0.00133466,8.46944,-0.511181,-0.0261982,0.0164,0,0,282.338,9.09534,0.0626401,8.46944,0.00133466,0.0037801153999583582,0.03201546057302332,0.012619884600041643,-0.058213660573023324
33.86,1.3,0.00133466,8.46921,-0.516391,-0.0324959,0.0163961,0,0,282.507,9.10595,0.0627158,8.46921,0.00133466,0.0037800131806658543,0.03201372542982706,0.012616086819334146,-0.06450962542982706
33.88,1.3,0.00133466,8.44626,-0.520824,-0.032267,0.0156822,0,0,282.676,9.11656,0.0627915,8.44626,0.00133466,0.0037698132953596117,0.03184082324406408,0.011912386704640388,-0.06410782324406408
33.9,1.3,0.00133466,8.44722,-0.524457,-0.0262788,0.0150001,0,0,282.845,9.12716,0.062867,8.44722,0.00133466,0.0037702399642718125,0.03184804643099614,0.011229860035728189,-0.05812684643099614
33.92,1.3,0.00133466,8.42564,-0.526858,-0.0170054,0.0157767,0,0,283.013,9.13777,0.0629425,8.42564,0.00133466,0.003760648654473363,0.03168587172907695,0.012016051345526638,-0.048691271729076946
33.94,1.20153,0.00123357,8.40021,-0.528132,-0.00676742,0.0156,0,0,283.181,9.14837,0.0630164,8.40021,0.00123357,0.0034653620390645854,0.029109768854170718,0.012134637960935415,-0.03587718885417072
33.96,1.2,0.001232,8.36705,-0.528883,0.00353218,0.0163909,0,0,283.349,9.15895,0.0630844,8.36705,0.001232,0.0034473460447661365,0.028844116723860506,0.012943553955233864,-0.025311936723860506
33.98,1.2,0.001232,8.36157,-0.529537,0.0138466,0.016232,0,0,283.516,9.1695,0.0631534,8.36157,0.001232,0.003445097540121495,0.02880642423855369,0.012786902459878504,-0.01495982423855369
34.0,1.2,0.001232,8.35016,-0.530555,0.0227969,0.0163952,0,0,283.682,9.18006,0.0632224,8.35016,0.001232,0.0034404158321564783,0.02872802266503974,0.01295478416784352,-0.0059311226650397425
34.02,1.2,0.001232,8.33651,-0.532277,0.0270943,0.0169874,0,0,283.849,9.19061,0.0632913,8.33651,0.001232,0.003434814911819398,0.028634368860531532,0.0135525850881806,-0.00154006886053153
34.04,1.2,0.001232,8.32784,-0.534314,0.0244134,0.0174,0,0,284.015,9.20115,0.0633601,8.32784,0.001232,0.0034312573453864023,0.028574962171202697,0.013968742654613597,-0.0041615621712026984
34.06,1.2,0.001232,8.33601,-0.536026,0.0159058,0.0170046,0,0,284.181,9.2117,0.0634289,8.33601,0.001232,0.0034346097477521874,0.02863094120335971,0.013569990252247813,-0.01272514120335971
34.08,1.2,0.001232,8.33081,-0.537377,0.00511739,0.0166179,0,0,284.348,9.22226,0.0634976,8.33081,0.001232,0.0034324760324524386,0.028595305655915098,0.013185423967547563,-0.0234779156559151
34.1,1.2,0.001232,8.30273,-0.539048,-0.00456888,0.0159867,0,0,284.514,9.23283,0.0635664,8.30273,0.001232,0.0034209536864321433,0.02840325480095075,0.012565746313567857,-0.03297213480095075
34.12,1.2,0.001232,8.30003,-0.541746,-0.0113758,0.0150145,0,0,284.679,9.24338,0.0636349,8.30003,0.001232,0.003419845743378275,0.028384822265411985,0.011594654256621725,-0.039760622265411986
34.14,1.2,0.001232,8.27779,-0.545078,-0.0151642,0.0146,0,0,284.845,9.25394,0.0637034,8.27779,0.001232,0.003410719407789525,0.02823321900660605,0.011189280592210474,-0.04339741900660605
34.16,1.2,0.001232,8.28055,-0.547506,-0.0166828,0.0147988,0,0,285.01,9.26447,0.0637717,8.28055,0.001232,0.0034118520088351526,0.02825201115175992,0.011386947991164848,-0.04493481115175992
34.18,1.2,0.001232,8.2374,-0.547807,-0.0168513,0.0155349,0,0,285.175,9.27503,0.06384,8.2374,0.001232,0.0033941443335206824,0.027958924532943265,0.01214075566647932,-0.04481022453294327
34.2,1.2,0.001232,8.23552,-0.546191,-0.0164119,0.0155924,0,0,285.34,9.28554,0.063908,8.23552,0.001232,0.0033933728033251594,0.027946189589240413,0.01219902719667484,-0.04435808958924041
34.22,1.2,0.001232,8.20599,-0.544165,-0.0158338,0.0157885,0,0,285.504,9.29605,0.063976,8.20599,0.001232,0.003381253755758652,0.02774653450721794,0.012407246244241348,-0.04358033450721794
34.24,1.2,0.001232,8.18605,-0.54359,-0.0153496,0.0163953,0,0,285.667,9.30654,0.0640437,8.18605,0.001232,0.0033730701281595057,0.02761212072262012,0.013022229871840495,-0.04296172072262012
34.26,1.2,0.001232,8.17498,-0.545821,-0.0150363,0.0156026,0,0,285.831,9.31702,0.0641112,8.17498,0.001232,0.0033685267580312894,0.02753763887637063,0.01223407324196871,-0.04257393887637063
34.28,1.2,0.001232,8.17227,-0.551327,-0.0148945,0.016381,0,0,285.994,9.32749,0.0641787,8.17227,0.001232,0.003367414503627075,0.027519420525556434,0.013013585496372925,-0.04241392052555643
34.3,1.2,0.001232,8.15003,-0.559651,-0.0149028,0.0164,0,0,286.157,9.33798,0.0642461,8.15003,0.001232,0.0033582864647074442,0.02737013543595961,0.013041713535292557,-0.04227293543595961
34.32,1.2,0.001232,8.13375,-0.56964,-0.0150457,0.0162102,0,0,286.319,9.34844,0.0643134,8.13375,0.001232,0.003351604422559815,0.027261112471995894,0.012858595577440186,-0.04230681247199589
34.34,1.2,0.001232,8.1223,-0.579259,-0.0153126,0.016397,0,0,286.482,9.35889,0.0643805,8.1223,0.001232,0.003346904734889677,0.02718456432819442,0.013050095265110322,-0.04249716432819442
34.36,1.2,0.001232,8.11126,-0.58556,-0.0156741,0.0164,0,0,286.644,9.36934,0.0644475,8.11126,0.001232,0.0033423732594736015,0.027110858524637845,0.0130576267405264,-0.042784958524637845
34.38,1.11694,0.00114672,8.10352,-0.586729,-0.0160372,0.0163322,0,0,286.805,9.37979,0.0645133,8.10352,0.00114672,0.003108054281059126,0.025186180027648247,0.013224145718940875,-0.04122338002764825
34.4,1.1,0.00112933,8.09439,-0.583611,-0.0161899,0.0155976,0,0,286.967,9.39023,0.0645741,8.09439,0.00112933,0.0030574853377099286,0.02474847874270587,0.012540114662290072,-0.040938378742705867
34.42,1.1,0.00112933,8.06731,-0.578034,-0.015756,0.015,0,0,287.128,9.40068,0.0646351,8.06731,0.00112933,0.0030472958633899934,0.02458348039168473,0.011952704136610006,-0.04033948039168473
34.44,1.1,0.00112933,8.07775,-0.571469,-0.014201,0.0153989,0,0,287.289,9.4111,0.0646961,8.07775,0.00112933,0.0030512242009801097,0.02464702628946708,0.01234767579901989,-0.03884802628946708
34.46,1.1,0.00112933,8.04731,-0.565259,-0.0109559,0.0150023,0,0,287.45,9.42154,0.0647572,8.04731,0.00112933,0.0030397701484086628,0.024461972712990516,0.011962529851591337,-0.03541787271299052
34.48,1.1,0.00112933,8.02291,-0.560496,-0.00574174,0.0153891,0,0,287.611,9.43195,0.0648181,8.02291,0.00112933,0.003030588484871131,0.024314138661157444,0.01235851151512887,-0.030055878661157442
34.5,1.1,0.00112933,7.98962,-0.557988,0.000833622,0.016,0,0,287.771,9.44234,0.0648788,7.98962,0.00112933,0.0030180610202215114,0.024113160688382193,0.01298193897977849,-0.023279538688382194
34.52,1.1,0.00112933,7.99165,-0.557546,0.00679274,0.0154055,0,0,287.93,9.4527,0.0649392,7.99165,0.00112933,0.0030188249528765765,0.02412539243465609,0.012386675047123425,-0.017332652434656093
34.54,1.1,0.00112933,7.97222,-0.557245,0.00933906,0.0158132,0,0,288.09,9.46307,0.0649997,7.97222,0.00112933,0.0030115129358264927,0.024008443657254682,0.012801687064173506,-0.014669383657254682
34.56,1.1,0.00112933,7.97215,-0.555126,0.00635912,0.0164,0,0,288.249,9.47342,0.06506,7.97215,0.00112933,0.0030114865926321997,0.024008022839452792,0.013388513407367802,-0.017648902839452793
34.58,1.1,0.00112933,7.96442,-0.550929,-0.00266265,0.0164,0,0,288.408,9.48379,0.0651203,7.96442,0.00112933,0.003008577535261159,0.023961575093384677,0.013391422464738843,-0.026624225093384676
34.6,1.1,0.00112933,7.95838,-0.545343,-0.0167727,0.0164,0,0,288.566,9.49415,0.0651805,7.95838,0.00112933,0.003006304459238952,0.02392531328231809,0.01339369554076105,-0.04069801328231809
34.62,1.1,0.00112933,7.9476,-0.539561,-0.0331378,0.0160271,0,0,288.725,9.50451,0.0652407,7.9476,0.00112933,0.0030022474971963544,0.02386066220871775,0.013024852502803644,-0.05699846220871775
34.64,1.1,0.00112933,7.93898,-0.535432,-0.0463476,0.0158043,0,0,288.884,9.51487,0.0653008,7.93898,0.00112933,0.002999003388507553,0.023809027921293694,0.012805296611492448,-0.0701566279212937
34.66,1.1,0.00112933,7.93889,-0.534051,-0.0502619,0.0156,0,0,289.042,9.52523,0.0653609,7.93889,0.00112933,0.0029989695170950857,0.023808489109571004,0.012601030482904913,-0.074070389109571
34.68,1.1,0.00112933,7.93089,-0.535623,-0.042031,0.0154159,0,0,289.2,9.5356,0.0654209,7.93089,0.00112933,0.0029959587077098646,0.023760618955389088,0.012419941292290135,-0.06579161895538908
34.7,1.1,0.00112933,7.89131,-0.540909,-0.024403,0.015,0,0,289.359,9.54597,0.0654809,7.89131,0.00112933,0.0029810622297731944,0.023524486184431505,0.012018937770226805,-0.0479274861844315
34.72,1.1,0.00112933,7.87514,-0.549832,-0.00425025,0.015,0,0,289.516,9.55629,0.0655406,7.87514,0.00112933,0.002974976189648586,0.023428353990149167,0.012025023810351414,-0.027678603990149167
34.74,1.1,0.00112933,7.847,-0.559721,0.0114807,0.015,0,0,289.673,9.56661,0.0656002,7.847,0.00112933,0.002964384571007264,0.023261525728694003,0.012035615428992735,-0.011780825728694003
34.76,1.1,0.00112933,7.82481,-0.567271,0.01935,0.015,0,0,289.829,9.57689,0.0656595,7.82481,0.00112933,0.002956032180719842,0.023130390168018426,0.012043967819280157,-0.003780390168018427
34.78,1.1,0.00112933,7.79109,-0.570469,0.0200143,0.015,0,0,289.986,9.58716,0.0657187,7.79109,0.00112933,0.0029433393669683412,0.022931821908593372,0.012056660633031659,-0.0029175219085933735
34.8,1.2,0.001232,7.80826,-0.56816,0.0164042,0.0148014,0,0,290.141,9.59739,0.065779,7.80826,0.001232,0.0032179761628435056,0.02512679455328443,0.011583423837156494,-0.008722594553284429
34.82,1.2,0.001232,7.7841,-0.560725,0.0118325,0.0148,0,0,290.297,9.60765,0.0658448,7.7841,0.001232,0.0032080549621661433,0.024971820630997475,0.011591945037833857,-0.013139320630997476
34.84,1.2,0.001232,7.77783,-0.551311,0.0084497,0.0151967,0,0,290.452,9.61789,0.065909,7.77783,0.001232,0.0032054801592789972,0.024931679747244962,0.011991219840721004,-0.01648197974724496
34.86,1.3,0.00133466,7.75848,-0.543517,0.00595214,0.016,0,0,290.607,9.62813,0.0659745,7.75848,0.00133466,0.0034639780130230665,0.0268752041344792,0.012536021986976934,-0.020923064134479197
34.88,1.3,0.00133466,7.73803,-0.538369,0.00217264,0.0150327,0,0,290.762,9.63836,0.0660452,7.73803,0.00133466,0.003454879941988335,0.026733964637503996,0.011577820058011664,-0.024561324637503996
34.9,1.4,0.00143733,7.71939,-0.535563,-0.00440404,0.0156,0,0,290.916,9.64857,0.0661157,7.71939,0.00143733,0.0037117192592736373,0.028652208532844323,0.011888280740726362,-0.03305624853284432
34.92,1.4,0.00143733,7.71399,-0.534883,-0.0126929,0.0159851,0,0,291.07,9.65877,0.0661913,7.71399,0.00143733,0.003709131913419568,0.028612206488799412,0.01227596808658043,-0.04130510648879941
34.94,1.4,0.00143733,7.69728,-0.534992,-0.0194632,0.0167972,0,0,291.224,9.66898,0.0662656,7.69728,0.00143733,0.0037011253942076552,0.0284885984743267,0.013096074605792346,-0.0479517984743267
34.96,1.4,0.00143733,7.67801,-0.533986,-0.0219912,0.017,0,0,291.377,9.67917,0.0663397,7.67801,0.00143733,0.003691892035776652,0.02834638396961349,0.01330810796422335,-0.05033758396961349
34.98,1.4,0.00143733,7.70818,-0.530886,-0.0206133,0.0162334,0,0,291.53,9.68935,0.0664136,7.70818,0.00143733,0.0037063480995586867,0.028569198294056276,0.012527051900441313,-0.04918249829405628
35.0,1.4,0.00143733,7.71331,-0.525287,-0.0183787,0.0162058,0,0,291.684,9.69958,0.0664878,7.71331,0.00143733,0.003708806098139903,0.028607171164843497,0.012496993901860097,-0.0469858711648435
35.02,1.4,0.00143733,7.67576,-0.517628,-0.0180253,0.0164,0,0,291.838,9.70982,0.0665621,7.67576,0.00143733,0.0036908139163404903,0.028329801826489684,0.01270918608365951,-0.046355101826489685
35.04,1.4,0.00143733,7.66392,-0.509711,-0.0197401,0.0164,0,0,291.991,9.72003,0.066636,7.66392,0.00143733,0.0036851405578191116,0.028242622423881047,0.01271485944218089,-0.04798272242388105
35.06,1.4,0.00143733,7.63072,-0.502755,-0.0214622,0.016798,0,0,292.144,9.73024,0.0667098,7.63072,0.00143733,0.003669231666645145,0.027998879463302442,0.013128768333354855,-0.04946107946330244
35.08,1.4,0.00143733,7.61449,-0.495941,-0.0202558,0.0164143,0,0,292.296,9.74041,0.0667832,7.61449,0.00143733,0.00366145425823992,0.02788010683482529,0.01275284574176008,-0.04813590683482529
35.1,1.4,0.00143733,7.60588,-0.488042,-0.0137835,0.0162,0,0,292.448,9.75057,0.0668565,7.60588,0.00143733,0.0036573282809422253,0.027817200025452852,0.012542671719057773,-0.04160070002545285
35.12,1.4,0.00143733,7.61935,-0.478761,-0.00147698,0.0160032,0,0,292.6,9.76073,0.0669297,7.61935,0.00143733,0.0036637831858880765,0.027915646417396314,0.012339416814111923,-0.029392626417396314
35.14,1.4,0.00143733,7.60545,-0.468677,0.0150167,0.0162011,0,0,292.751,9.77093,0.0670031,7.60545,0.00143733,0.0036571222204224746,0.02781406019131211,0.012543977779577525,-0.012797360191312111
35.16,1.4,0.00143733,7.56679,-0.459258,0.0313129,0.0167975,0,0,292.903,9.78111,0.0670763,7.56679,0.00143733,0.0036385954537502107,0.027532487693482557,0.01315890454624979,0.0037804123065174403
35.18,1.31614,0.00135124,7.56159,-0.451823,0.040387,0.0168323,0,0,293.054,9.79125,0.0671481,7.56159,0.00135124,0.0034183158995331844,0.02584790332275113,0.013413984100466817,0.01453909667724887
35.2,1.3,0.00133466,7.55251,-0.446178,0.0355115,0.0165936,0,0,293.205,9.8014,0.0672152,7.55251,0.00133466,0.0033723317093384917,0.025469568958096052,0.013221268290661508,0.01004193104190395
35.22,1.3,0.00133466,7.53632,-0.441672,0.0148897,0.0162051,0,0,293.355,9.81154,0.0672825,7.53632,0.00133466,0.0033651268901631177,0.025360673084874108,0.012839973109836882,-0.010470973084874107
35.24,1.3,0.00133466,7.52505,-0.438893,-0.0160368,0.0151977,0,0,293.506,9.82167,0.0673499,7.52505,0.00133466,0.00336011146059353,0.025285006746539346,0.01183758853940647,-0.04132180674653935
35.26,1.3,0.00133466,7.53299,-0.438346,-0.0466277,0.0152075,0,0,293.656,9.8318,0.0674172,7.53299,0.00133466,0.003363644965427349,0.025338303888114564,0.01184385503457265,-0.07196600388811457
35.28,1.3,0.00133466,7.49674,-0.438526,-0.0660937,0.0157775,0,0,293.806,9.84195,0.0674845,7.49674,0.00133466,0.003347512475327968,0.02509543067429019,0.012429987524672031,-0.0911891306742902
35.3,1.3,0.00133466,7.49722,-0.437219,-0.0682505,0.0149999,0,0,293.956,9.85206,0.0675516,7.49722,0.00133466,0.0033477260968440806,0.02509863904778138,0.01165217390315592,-0.09334913904778139
35.32,1.3,0.00133466,7.49722,-0.433533,-0.0531991,0.0142311,0,0,294.105,9.86218,0.0676186,7.49722,0.00133466,0.0033477260968440806,0.02509863904778138,0.01088337390315592,-0.07829773904778138
35.34,1.39643,0.00143366,7.47539,-0.427846,-0.0262099,0.0140071,0,0,294.255,9.87231,0.0676869,7.47539,0.00143366,0.00358561188428488,0.02680384722366435,0.01042148811571512,-0.05301374722366435
35.36,1.4,0.00143733,7.4423,-0.421337,0.00422643,0.014,0,0,294.404,9.88242,0.0677599,7.4423,0.00143733,0.0035789304485213712,0.026635474077030603,0.010421069551478628,-0.022409044077030604
35.38,1.4,0.00143733,7.43364,-0.415774,0.0284678,0.0149405,0,0,294.552,9.8925,0.0678316,7.43364,0.00143733,0.003574779555648971,0.026573624296054414,0.01136572044435103,0.0018941757039455873
35.4,1.49638,0.00153628,7.45787,-0.411886,0.0388189,0.0153928,0,0,294.7,9.90258,0.0679044,7.45787,0.00153628,0.003833291486469266,0.028588189578194544,0.011559508513530735,0.010230710421805459
35.42,1.5009,0.00154092,7.44437,-0.407995,0.0332165,0.0166054,0,0,294.849,9.9127,0.0679825,7.44437,0.00154092,0.0038379321001840642,0.02857098658864724,0.012767467899815935,0.004645513411352761
35.44,1.6,0.00164266,7.42726,-0.402305,0.0159886,0.0171896,0,0,294.998,9.92281,0.0680606,7.42726,0.00164266,0.00408196116308151,0.030317786868108782,0.013107638836918489,-0.014329186868108783
35.46,1.69631,0.00174154,7.40868,-0.395565,-0.00566253,0.017,0,0,295.146,9.93292,0.0681449,7.40868,0.00174154,0.004316884594154055,0.03198241655501727,0.012683115405845945,-0.03764494655501727
35.48,1.7,0.00174533,7.39437,-0.389703,-0.0253814,0.0169988,0,0,295.293,9.94301,0.0682326,7.39437,0.00174533,0.004317949928676105,0.03192851941410473,0.012680850071323895,-0.05730991941410473
35.5,1.7,0.00174533,7.36952,-0.3858,-0.038255,0.0163944,0,0,295.441,9.95309,0.0683191,7.36952,0.00174533,0.004303485434430261,0.031714621978742495,0.012090914565569738,-0.06996962197874249
35.52,1.7,0.00174533,7.38023,-0.384668,-0.0404641,0.0158118,0,0,295.588,9.96315,0.0684052,7.38023,0.00174533,0.0043097194855091095,0.0318067210385389,0.011502080514490892,-0.07227082103853891
35.54,1.6,0.00164266,7.38056,-0.387103,-0.0307952,0.0152071,0,0,295.735,9.97324,0.0684903,7.38056,0.00164266,0.004056378173895893,0.02993834249512907,0.011150721826104108,-0.060733542495129064
35.56,1.6,0.00164266,7.39701,-0.392482,-0.0122711,0.0153899,0,0,295.882,9.98335,0.0685702,7.39701,0.00164266,0.004065389919937765,0.030071729891678844,0.011324510080062234,-0.04234282989167884
35.58,1.6,0.00164266,7.3487,-0.398362,0.00865828,0.0163387,0,0,296.03,9.99348,0.0686516,7.3487,0.00164266,0.004038923869077887,0.029680839836692667,0.012299776130922115,-0.021022559836692666
35.6,1.6,0.00164266,7.31721,-0.401636,0.0246845,0.0160133,0,0,296.176,10.0036,0.0687325,7.31721,0.00164266,0.004021671553200931,0.02942741530579739,0.01199162844679907,-0.004742915305797388
35.62,1.6,0.00164266,7.32774,-0.39931,0.0306865,0.0168049,0,0,296.322,10.0136,0.068813,7.32774,0.00164266,0.0040274406661045285,0.029512038066640798,0.012777459333895472,0.0011744619333592006
35.64,1.6,0.00164266,7.32187,-0.388987,0.0264127,0.0174099,0,0,296.468,10.0237,0.0688936,7.32187,0.00164266,0.00402422465564654,0.029464849779438734,0.013385675344353459,-0.003052149779438733
35.66,1.6,0.00164266,7.30868,-0.371041,0.0162998,0.0177899,0,0,296.614,10.0338,0.0689742,7.30868,0.00164266,0.004016998130347739,0.02935895389530991,0.013772901869652262,-0.01305915389530991
35.68,1.6,0.00164266,7.30278,-0.350786,0.005664,0.0181996,0,0,296.76,10.0438,0.0690546,7.30278,0.00164266,0.004013765603604111,0.02931164717468803,0.01418583439639589,-0.023647647174688032
35.7,1.6,0.00164266,7.30282,-0.335388,-0.00293681,0.0182,0,0,296.906,10.0539,0.069135,7.30282,0.00164266,0.004013787519122973,0.02931196777040163,0.014186212480877028,-0.03224877777040163
35.72,1.6,0.00164266,7.31092,-0.327926,-0.00996963,0.0183906,0,0,297.051,10.064,0.0692153,7.31092,0.00164266,0.004018225388255357,0.029376924355503854,0.014372374611744643,-0.039346554355503854
35.74,1.6,0.00164266,7.31111,-0.32671,-0.0166356,0.0176082,0,0,297.197,10.0741,0.0692958,7.31111,0.00164266,0.004018329485860082,0.029378448887366508,0.013589870514139919,-0.04601404888736651
35.76,1.6,0.00164266,7.28066,-0.328248,-0.0227762,0.0168027,0,0,297.343,10.0843,0.0693763,7.28066,0.00164266,0.004001646147667554,0.029134625041477253,0.012801053852332447,-0.05191082504147725
35.78,1.6,0.00164266,7.2728,-0.328905,-0.0268249,0.0164,0,0,297.488,10.0944,0.0694564,7.2728,0.00164266,0.0039973396028453,0.029071851463573297,0.0124026603971547,-0.0558967514635733
35.8,1.6,0.00164266,7.23689,-0.326778,-0.0270849,0.0165918,0,0,297.633,10.1044,0.0695364,7.23689,0.00164266,0.00397766372611824,0.028785914842907833,0.012614136273881759,-0.05587081484290783
35.82,1.6,0.00164266,7.20563,-0.322879,-0.0226755,0.0161958,0,0,297.778,10.1145,0.0696161,7.20563,0.00164266,0.003960534946786289,0.02853814942861169,0.01223526505321371,-0.05121364942861169
35.84,1.5946,0.00163712,7.21921,-0.319254,-0.0140163,0.0160216,0,0,297.921,10.1245,0.0696953,7.21921,0.00163712,0.003954593796914312,0.028549043084621768,0.012067006203085689,-0.042565343084621766
35.86,1.5,0.00154,7.21126,-0.316512,-0.00324201,0.0164,0,0,298.065,10.1346,0.0697732,7.21126,0.00154,0.003715908361574003,0.026796381331484147,0.012684091638425998,-0.030038391331484147
35.88,1.5,0.00154,7.21363,-0.313165,0.00595888,0.0160352,0,0,298.209,10.1446,0.0698465,7.21363,0.00154,0.0037171258467694,0.02681397052203115,0.0123180741532306,-0.02085509052203115
35.9,1.5,0.00154,7.18892,-0.307551,0.00974912,0.0164004,0,0,298.353,10.1547,0.0699209,7.18892,0.00154,0.003704431969465587,0.02663086507393055,0.012695968030534412,-0.01688174507393055
35.92,1.40678,0.00144429,7.21306,-0.30038,0.00665328,0.0169729,0,0,298.496,10.1648,0.0699939,7.21306,0.00144429,0.0034858339427811715,0.025143529379317155,0.013487066057218828,-0.018490249379317154
35.94,1.4,0.00143733,7.20293,-0.293946,-0.00093624,0.0170051,0,0,298.64,10.1749,0.0700624,7.20293,0.00143733,0.003464178823903379,0.024952237576058366,0.013540921176096619,-0.025888477576058368
35.96,1.4,0.00143733,7.16166,-0.289585,-0.0082022,0.0166052,0,0,298.784,10.1849,0.0701317,7.16166,0.00143733,0.0034443908070736296,0.02466755586738693,0.013160809192926372,-0.03286975586738693
35.98,1.4,0.00143733,7.09708,-0.287197,-0.0107943,0.0162299,0,0,298.927,10.195,0.0702007,7.09708,0.00143733,0.003413424098290331,0.024225343899494343,0.012816475901709668,-0.03501964389949434
36.0,1.4,0.00143733,7.10246,-0.285642,-0.00698696,0.0163904,0,0,299.068,10.2049,0.070269,7.10246,0.00143733,0.003416003954752318,0.024262031448470146,0.012974396045247681,-0.031248991448470147
36.02,1.3,0.00133466,7.16586,-0.282905,0.00146664,0.0164,0,0,299.21,10.2149,0.0703362,7.16586,0.00133466,0.0032002240297603333,0.02293235736589838,0.013199775970239669,-0.021465717365898383
36.04,1.29881,0.00133344,7.19997,-0.277229,0.0102717,0.0157929,0,0,299.353,10.225,0.070399,7.19997,0.00133344,0.0032124715457156703,0.023129698755006457,0.012580428454284328,-0.012857998755006457
36.06,1.2,0.001232,7.19431,-0.268068,0.015262,0.0152031,0,0,299.496,10.2351,0.0704621,7.19431,0.001232,0.002965759894431365,0.021336596066106512,0.012237340105568636,-0.0060745960661065124
36.08,1.2,0.001232,7.16037,-0.255527,0.0146848,0.0157784,0,0,299.64,10.2452,0.0705203,7.16037,0.001232,0.0029518111048013034,0.02113605968048611,0.012826588895198698,-0.006451259680486111
36.1,1.1,0.00112933,7.13573,-0.240651,0.00925839,0.0157876,0,0,299.782,10.2553,0.0705782,7.13573,0.00112933,0.0026965355693560336,0.01924174975832093,0.013091064430643964,-0.00998335975832093
36.12,1.1,0.00112933,7.10054,-0.226639,0.00105325,0.0152,0,0,299.925,10.2654,0.0706309,7.10054,0.00112933,0.002683277303606538,0.019052717825350365,0.012516722696393461,-0.017999467825350366
36.14,1.0,0.00102666,7.10276,-0.217459,-0.00765059,0.0159988,0,0,300.066,10.2754,0.0706834,7.10276,0.00102666,0.0024400945712616104,0.017331406116974115,0.01355870542873839,-0.024981996116974114
36.16,1.0,0.00102666,7.08619,-0.214367,-0.0154128,0.0146072,0,0,300.208,10.2854,0.0707311,7.08619,0.00102666,0.0024344190117853667,0.01725075565712335,0.012172780988214634,-0.03266355565712335
36.18,1.0,0.00102666,7.10397,-0.215126,-0.0217676,0.0147079,0,0,300.349,10.2955,0.0707798,7.10397,0.00102666,0.0024405090160412183,0.017337302834686333,0.012267390983958782,-0.03910490283468633
36.2,1.0,0.00102666,7.10288,-0.216993,-0.0262944,0.0157876,0,0,300.491,10.3055,0.0708287,7.10288,0.00102666,0.0024401356732514875,0.017331990870824526,0.013347464326748512,-0.043626390870824525
36.22,1.0,0.00102666,7.08904,-0.218773,-0.0279222,0.0146084,0,0,300.633,10.3156,0.0708775,7.08904,0.00102666,0.002435395202751099,0.01726461400811065,0.012173004797248902,-0.04518681400811065
36.24,1.0,0.00102666,7.08611,-0.219567,-0.0253697,0.013797,0,0,300.774,10.3256,0.0709263,7.08611,0.00102666,0.0024343916098831615,0.01725036673070917,0.011362608390116838,-0.04262006673070917
36.26,1.0,0.00102666,7.08599,-0.217812,-0.0177376,0.0136059,0,0,300.915,10.3357,0.0709751,7.08599,0.00102666,0.0024343505070246814,0.01724978334927182,0.01117154949297532,-0.03498738334927182
36.28,1.0,0.00102666,7.06994,-0.212805,-0.0046577,0.014,0,0,301.057,10.3457,0.0710238,7.06994,0.00102666,0.0024288529438008886,0.017171844581495652,0.011571147056199112,-0.021829544581495653
36.3,1.0,0.00102666,7.01984,-0.205533,0.0123675,0.0146,0,0,301.198,10.3557,0.0710724,7.01984,0.00102666,0.0024116916142370532,0.016929689261285838,0.012188308385762948,-0.004562189261285838
36.32,1.0,0.00102666,7.03326,-0.197215,0.0282683,0.014802,0,0,301.338,10.3657,0.0711207,7.03326,0.00102666,0.0024162886267187185,0.016994386146755695,0.012385711373281282,0.011273913853244305
36.34,1.0,0.00102666,7.02005,-0.188082,0.0361225,0.0152094,0,0,301.478,10.3757,0.0711691,7.02005,0.00102666,0.0024117635501965896,0.01693070071055757,0.012797636449803411,0.01919179928944243
36.36,1.0,0.00102666,7.04367,-0.177202,0.0318179,0.0155873,0,0,301.618,10.3857,0.0712174,7.04367,0.00102666,0.0024198545125388494,0.017044656634334517,0.013167445487461151,0.014773243365665486
36.38,1.0,0.00102666,7.06285,-0.163407,0.0168446,0.0163612,0,0,301.759,10.3957,0.0712659,7.06285,0.00102666,0.0024264243899173882,0.017137471502328024,0.013934775610082611,-0.00029287150232802303
36.4,1.0,0.00102666,7.0446,-0.146975,-0.00292737,0.0167969,0,0,301.899,10.4058,0.0713144,7.0446,0.00102666,0.0024201730764483436,0.017049151254348003,0.014376726923551656,-0.019976521254348
36.42,1.0,0.00102666,7.04982,-0.130193,-0.0204597,0.0164132,0,0,302.04,10.4158,0.0713629,7.04982,0.00102666,0.002421961137962137,0.017074390069628236,0.013991238862037863,-0.03753409006962824
36.44,0.9,0.000923998,7.05822,-0.116568,-0.030491,0.0160052,0,0,302.18,10.4259,0.0714102,7.05822,0.000923998,0.0021823639102145726,0.015403604598354702,0.013822836089785427,-0.045894604598354705
36.46,0.9,0.000923998,7.0255,-0.108782,-0.0312076,0.0156059,0,0,302.321,10.4359,0.0714527,7.0255,0.000923998,0.0021722766665400657,0.015261329720777232,0.013433623333459935,-0.04646892972077723
36.48,0.9,0.000923998,7.00473,-0.106605,-0.0242664,0.0154335,0,0,302.461,10.446,0.0714962,7.00473,0.000923998,0.002165873272660224,0.01517135748920125,0.013267626727339776,-0.03943775748920125
36.5,0.9,0.000923998,7.0142,-0.107186,-0.0135011,0.0151926,0,0,302.601,10.456,0.0715396,7.0142,0.000923998,0.00216879289552727,0.015212347127807377,0.013023807104472731,-0.02871344712780738
36.52,0.9,0.000923998,7.03019,-0.107289,-0.00317457,0.0142355,0,0,302.741,10.466,0.071583,7.03019,0.000923998,0.0021737225712380793,0.015281682683092233,0.012061777428761921,-0.018456252683092235
36.54,0.9,0.000923998,6.9946,-0.105727,0.0036415,0.014,0,0,302.881,10.4761,0.0716265,6.9946,0.000923998,0.002162750132188795,0.015127572074607744,0.011837249867811206,-0.011486072074607744
36.56,0.9,0.000923998,6.97515,-0.103348,0.00590449,0.0151912,0,0,303.021,10.4861,0.0716698,6.97515,0.000923998,0.0021567534690190644,0.015043678959428328,0.013034446530980936,-0.009139188959428328
36.58,0.9,0.000923998,6.98524,-0.0996724,0.00388403,0.0150597,0,0,303.16,10.4961,0.071713,6.98524,0.000923998,0.002159864352449323,0.015087170869303107,0.012899835647550678,-0.011203140869303107
36.6,0.9,0.000923998,7.0052,-0.0920224,-0.00171372,0.0144063,0,0,303.299,10.5061,0.0717563,7.0052,0.000923998,0.00216601817555719,0.015173390523413228,0.012240281824442811,-0.016887110523413226
36.62,0.9,0.000923998,6.97761,-0.0800902,-0.00912622,0.015,0,0,303.439,10.5161,0.0717997,6.97761,0.000923998,0.002157511923868673,0.015054276775105293,0.012842488076131326,-0.024180496775105295
36.64,0.9,0.000923998,6.94391,-0.0681612,-0.0154189,0.0148093,0,0,303.578,10.5261,0.0718429,6.94391,0.000923998,0.0021471215082523383,0.014909418512368494,0.012662178491747661,-0.030328318512368495
36.66,0.9,0.000923998,6.92277,-0.0600997,-0.0184207,0.0157597,0,0,303.717,10.5361,0.0718859,6.92277,0.000923998,0.0021406033830425157,0.014818904882025237,0.013619096616957486,-0.03323960488202524
36.68,0.9,0.000923998,6.99962,-0.0546552,-0.018096,0.0156021,0,0,303.855,10.5461,0.0719287,6.99962,0.000923998,0.002164297833568005,0.01514926240179928,0.013437802166431995,-0.03324526240179928
36.7,0.9,0.000923998,6.97724,-0.0481449,-0.015664,0.015,0,0,303.994,10.5561,0.0719721,6.97724,0.000923998,0.0021573978474739826,0.01505268255730937,0.012842602152526018,-0.03071668255730937
36.72,0.996343,0.00102291,6.93687,-0.0399571,-0.0123983,0.015,0,0,304.133,10.5662,0.0720165,6.93687,0.00102291,0.002374563407724855,0.016472037666144315,0.012625436592275144,-0.028870337666144316
36.74,1.0,0.00102666,6.97499,-0.0330158,-0.00953834,0.0151999,0,0,304.272,10.5761,0.0720652,6.97499,0.00102666,0.0023963277178955878,0.016714361869044545,0.012803572282104412,-0.026252701869044544
36.76,1.0,0.00102666,6.98333,-0.0300168,-0.00836101,0.0155995,0,0,304.411,10.5862,0.0721132,6.98333,0.00102666,0.0023991847480159118,0.016754298826361955,0.013200315251984089,-0.025115308826361954
36.78,1.0,0.00102666,6.98077,-0.0313066,-0.00938685,0.0148875,0,0,304.55,10.5963,0.0721613,6.98077,0.00102666,0.002398307773087598,0.01674203495313671,0.012489192226912402,-0.026128884953136713
36.8,0.9,0.000923998,6.95607,-0.035653,-0.0116811,0.0142,0,0,304.69,10.6063,0.0722081,6.95607,0.000923998,0.002150870740774622,0.014961607433780125,0.01204912925922538,-0.026642707433780125
36.82,0.9,0.000923998,6.92797,-0.0412336,-0.0134663,0.015,0,0,304.828,10.6164,0.07225,6.92797,0.000923998,0.002142206721911766,0.014841143903203057,0.012857793278088234,-0.028307443903203056
36.84,0.9,0.000923998,6.95769,-0.0458866,-0.0130902,0.0146,0,0,304.966,10.6264,0.0722929,6.95769,0.000923998,0.002151370223094115,0.014968567087519693,0.012448629776905886,-0.02805876708751969
36.86,0.9,0.000923998,6.93648,-0.0479617,-0.00933183,0.0144068,0,0,305.105,10.6364,0.072336,6.93648,0.000923998,0.0021448306254998237,0.014877574737167018,0.012261969374500177,-0.02420940473716702
36.88,0.817169,0.000838958,6.92601,-0.0480033,-0.00160531,0.0140343,0,0,305.244,10.6465,0.072378,6.92601,0.000838958,0.001944500276177999,0.013467628357811581,0.012089799723822,-0.015072938357811582
36.9,0.8,0.000821331,6.90591,-0.049178,0.00932573,0.014,0,0,305.382,10.6565,0.0724157,6.90591,0.000821331,0.0018981361979297502,0.013108357750645042,0.01210186380207025,-0.003782627750645041
36.92,0.8,0.000821331,6.92769,-0.0547433,0.020437,0.0147952,0,0,305.52,10.6665,0.0724535,6.92769,0.000821331,0.00190410561035224,0.01319105339578111,0.012891094389647759,0.00724594660421889
36.94,0.8,0.000821331,6.91103,-0.0644352,0.0270822,0.0143939,0,0,305.658,10.6765,0.0724917,6.91103,0.000821331,0.0018995394901389394,0.013127774402534915,0.012494360509861059,0.013954425597465086
36.96,0.8,0.000821331,6.90576,-0.0741742,0.0260652,0.0142,0,0,305.796,10.6865,0.0725297,6.90576,0.000821331,0.001898095085720389,0.013107789119164433,0.012301904914279613,0.012957410880835567
36.98,0.8,0.000821331,6.91853,-0.0800421,0.0179032,0.0147523,0,0,305.933,10.6965,0.0725677,6.91853,0.000821331,0.0019015950780362036,0.013156242595245815,0.012850704921963796,0.004746957404754186
37.0,0.8,0.000821331,6.8807,-0.0812548,0.00550162,0.0153986,0,0,306.071,10.7066,0.0726058,6.8807,0.000821331,0.0018912264998684407,0.01301296217764478,0.013507373500131559,-0.007511342177644781
37.02,0.8,0.000821331,6.91006,-0.078623,-0.00853961,0.0150139,0,0,306.208,10.7165,0.0726437,6.91006,0.000821331,0.001899273632721633,0.013124094758524447,0.013114626367278366,-0.021663704758524447
37.04,0.8,0.000821331,6.86741,-0.0727006,-0.0231253,0.0153875,0,0,306.346,10.7266,0.0726817,6.86741,0.000821331,0.0018875838164472138,0.01296281197690776,0.013499916183552787,-0.03608811197690776
37.06,0.8,0.000821331,6.88856,-0.0651659,-0.0378603,0.0154058,0,0,306.483,10.7366,0.0727195,6.88856,0.000821331,0.0018933808355892567,0.01304266748880673,0.013512419164410743,-0.05090296748880673
37.08,0.8,0.000821331,6.9195,-0.0596181,-0.0512557,0.015231,0,0,306.621,10.7466,0.0727574,6.9195,0.000821331,0.0019018609326877003,0.013159926723732543,0.0133291390673123,-0.06441562672373255
37.1,0.8,0.000821331,6.90584,-0.0590686,-0.0600918,0.0144172,0,0,306.759,10.7566,0.0727955,6.90584,0.000821331,0.0018981170122329897,0.013108092387759071,0.01251908298776701,-0.07319989238775908
37.12,0.8,0.000821331,6.8582,-0.0638894,-0.0611106,0.0140038,0,0,306.896,10.7667,0.0728335,6.8582,0.000821331,0.0018850593939632426,0.01292811433567871,0.012118740606036758,-0.07403871433567871
37.14,0.8,0.000821331,6.84522,-0.0719144,-0.0532556,0.0144121,0,0,307.033,10.7767,0.0728713,6.84522,0.000821331,0.0018815015821663386,0.012879292260276665,0.012530598417833662,-0.06613489226027666
37.16,0.8,0.000821331,6.86887,-0.0790635,-0.0380717,0.0147905,0,0,307.17,10.7866,0.0729089,6.86887,0.000821331,0.0018879839937381594,0.012968316615068231,0.012902516006261841,-0.05104001661506823
37.18,0.8,0.000821331,6.87206,-0.0813986,-0.0187199,0.015,0,0,307.307,10.7966,0.0729467,6.87206,0.000821331,0.001888858351228905,0.01298034792114611,0.013111141648771094,-0.03170024792114611
37.2,0.8,0.000821331,6.8832,-0.0779944,0.000623573,0.0138141,0,0,307.444,10.8067,0.0729846,6.8832,0.000821331,0.001891911723399286,0.013022406774501966,0.011922188276600713,-0.012398833774501966
37.22,0.7,0.000718665,6.8581,-0.0709838,0.0151461,0.0140025,0,0,307.581,10.8167,0.0730213,6.8581,0.000718665,0.0016494037599315257,0.011311775925986397,0.012353096240068473,0.0038343240740136026
37.24,0.7,0.000718665,6.82258,-0.0633008,0.0210762,0.0146101,0,0,307.718,10.8267,0.0730531,6.82258,0.000718665,0.0016408846250663156,0.011195066625284944,0.012969215374933686,0.009881133374715056
37.26,0.7,0.000718665,6.83575,-0.056931,0.0181321,0.0149891,0,0,307.854,10.8367,0.073086,6.83575,0.000718665,0.0016440433674445567,0.011238269449009129,0.013345056632555443,0.006893830550990873
37.28,0.7,0.000718665,6.84435,-0.0521367,0.00969612,0.0148048,0,0,307.99,10.8466,0.0731189,6.84435,0.000718665,0.0016461059965632028,0.011266525577577357,0.013158694003436798,-0.0015704055775773561
37.3,0.7,0.000718665,6.8306,-0.0485582,2.0221e-06,0.0138,0,0,308.127,10.8566,0.0731519,6.8306,0.000718665,0.001642808178066393,0.011221365541100302,0.012157191821933607,-0.011219343441100302
37.32,0.7,0.000718665,6.83872,-0.0468481,-0.00858928,0.0138,0,0,308.263,10.8666,0.0731848,6.83872,0.000718665,0.0016447556964484429,0.011248023676415897,0.012155244303551556,-0.019837303676415896
37.34,0.8,0.000821331,6.82226,-0.0480746,-0.0160465,0.0138,0,0,308.399,10.8766,0.0732189,6.82226,0.000821331,0.0018752081196941716,0.012793157346664759,0.011924791880305829,-0.02883965734666476
37.36,0.70197,0.000720688,6.78922,-0.052399,-0.0235647,0.0143921,0,0,308.535,10.8866,0.0732565,6.78922,0.000720688,0.001637479684167584,0.011117209821344246,0.012754620315832415,-0.034681909821344246
37.38,0.7,0.000718665,6.8195,-0.0584295,-0.0321488,0.0140617,0,0,308.671,10.8966,0.0732881,6.8195,0.000718665,0.0016401458989941447,0.011184974958190569,0.012421554101005854,-0.04333377495819057
37.4,0.7,0.000718665,6.84433,-0.0632003,-0.0415852,0.0129929,0,0,308.807,10.9065,0.0733209,6.84433,0.000718665,0.0016461011997763067,0.01126645982466497,0.011346798800223693,-0.05285165982466497
37.42,0.7,0.000718665,6.82546,-0.063937,-0.0504897,0.0122096,0,0,308.943,10.9166,0.0733539,6.82546,0.000718665,0.0016415753794184011,0.01120450708920512,0.010568024620581599,-0.061694207089205116
37.44,0.7,0.000718665,6.80847,-0.0609911,-0.0570799,0.0131865,0,0,309.08,10.9266,0.0733868,6.80847,0.000718665,0.0016375003736095895,0.011148872168709682,0.01154899962639041,-0.06822877216870968
37.46,0.601401,0.000617437,6.76145,-0.0578338,-0.0596887,0.0136,0,0,309.215,10.9366,0.0734184,6.76145,0.000617437,0.0013971597108237072,0.009446825526748956,0.012202840289176292,-0.06913552552674895
37.48,0.6,0.000615999,6.81991,-0.0567307,-0.0573139,0.0134304,0,0,309.35,10.9465,0.0734452,6.81991,0.000615999,0.001405924544847272,0.009588278862649359,0.012024475455152728,-0.06690217886264936
37.5,0.502752,0.000516157,6.79763,-0.0555847,-0.0501056,0.0135945,0,0,309.486,10.9565,0.0734722,6.79763,0.000516157,0.0011742121957769803,0.007981860048379474,0.01242028780422302,-0.058087460048379475
37.52,0.5,0.000513332,6.77531,-0.0497756,-0.039067,0.0138,0,0,309.622,10.9665,0.0734945,6.77531,0.000513332,0.0011639615749155375,0.007886200498140991,0.012636038425084463,-0.04695320049814099
37.54,0.5,0.000513332,6.80826,-0.0362585,-0.0256404,0.0146037,0,0,309.757,10.9764,0.0735178,6.80826,0.000513332,0.0011696067224163304,0.007962986663958206,0.01343409327758367,-0.03360338666395821
37.56,0.5,0.000513332,6.78348,-0.015314,-0.0115088,0.0153977,0,0,309.893,10.9864,0.0735412,6.78348,0.000513332,0.0011653613182905553,0.007905205195397617,0.014232338681709445,-0.019414005195397616
37.58,0.5,0.000513332,6.78333,0.011254,0.00153006,0.0154,0,0,310.028,10.9964,0.0735646,6.78333,0.000513332,0.0011653356193319074,0.007904856066682708,0.014234664380668094,-0.006374796066682708
37.6,0.5,0.000513332,6.77241,0.0414806,0.0111528,0.0150058,0,0,310.163,11.0064,0.0735879,6.77241,0.000513332,0.001163464722671331,0.007879460122466549,0.013842335277328668,0.0032733398775334505
37.62,0.5,0.000513332,6.78618,0.0725266,0.0143249,0.0138065,0,0,310.298,11.0163,0.0736112,6.78618,0.000513332,0.001165823898751835,0.007911490825231727,0.012640676101248164,0.006413409174768273
37.64,0.5,0.000513332,6.79494,0.101826,0.00817271,0.0148115,0,0,310.434,11.0263,0.0736346,6.79494,0.000513332,0.001167324704990076,0.007931901330925268,0.013644175295009924,0.00024080866907473172
37.66,0.5,0.000513332,6.81076,0.129232,-0.0087658,0.0142353,0,0,310.569,11.0363,0.073658,6.81076,0.000513332,0.0011700350248953079,0.007968827746155966,0.013065264975104691,-0.016734627746155965
37.68,0.5,0.000513332,6.83645,0.155647,-0.0352743,0.0134332,0,0,310.705,11.0463,0.0736814,6.83645,0.000513332,0.0011744361860341911,0.008028974264013446,0.012258763813965809,-0.043303274264013446
37.7,0.5,0.000513332,6.82248,0.180526,-0.0663927,0.013203,0,0,310.842,11.0564,0.0737049,6.82248,0.000513332,0.001172042889637823,0.007996239173696254,0.012030957110362176,-0.07438893917369625
37.72,0.5,0.000513332,6.77805,0.201736,-0.0937315,0.012796,0,0,310.978,11.0665,0.0737284,6.77805,0.000513332,0.0011644310130289113,0.007892571627860613,0.011631568986971088,-0.10162407162786061
37.74,0.5,0.000513332,6.80495,0.217757,-0.108501,0.0127915,0,0,311.113,11.0765,0.0737517,6.80495,0.000513332,0.001169039647942003,0.007955256352262933,0.011622460352057998,-0.11645625635226294
37.76,0.5,0.000513332,6.8435,0.230553,-0.106436,0.0124095,0,0,311.249,11.0865,0.0737752,6.8435,0.000513332,0.0011756439544180054,0.00804551940205962,0.011233856045581995,-0.11448151940205963
37.78,0.5,0.000513332,6.88182,0.244241,-0.0902671,0.0125686,0,0,311.385,11.0966,0.0737987,6.88182,0.000513332,0.0011822085510523684,0.00813574645080321,0.011386391448947632,-0.09840284645080322
37.8,0.5,0.000513332,6.87928,0.260505,-0.0672378,0.0142252,0,0,311.523,11.1067,0.0738224,6.87928,0.000513332,0.001181773433319359,0.0081297503443652,0.013043426566680642,-0.0753675503443652
37.82,0.5,0.000513332,6.82529,0.277866,-0.0447673,0.0144047,0,0,311.66,11.1169,0.0738461,6.82529,0.000513332,0.0011725242932447545,0.00800281833344049,0.013232175706755245,-0.052770118333440495
37.84,0.5,0.000513332,6.8337,0.295094,-0.0276051,0.0138,0,0,311.796,11.127,0.0738696,6.8337,0.000513332,0.0011739650679032584,0.008022525084530498,0.012626034932096741,-0.0356276250845305
37.86,0.5,0.000513332,6.85753,0.313292,-0.017089,0.0141762,0,0,311.932,11.1371,0.0738931,6.85753,0.000513332,0.0011780474683532507,0.008078495855656467,0.01299815253164675,-0.025167495855656467
37.88,0.6,0.000615999,6.85059,0.333894,-0.012133,0.0142,0,0,312.069,11.1472,0.0739179,6.85059,0.000615999,0.0014122317080723366,0.009674620417003269,0.012787768291927664,-0.02180762041700327
37.9,0.503507,0.000516933,6.88537,0.355887,-0.010794,0.014793,0,0,312.206,11.1573,0.0739462,6.88537,0.000516933,0.0011911140910468234,0.008201261229071066,0.013601885908953178,-0.018995261229071067
37.92,0.5,0.000513332,6.83933,0.376283,-0.0113159,0.015,0,0,312.343,11.1675,0.0739689,6.83933,0.000513332,0.0011749295735174134,0.008035731080044852,0.013825070426482585,-0.019351631080044854
37.94,0.5,0.000513332,6.82501,0.392412,-0.01252,0.015,0,0,312.48,11.1776,0.0739924,6.82501,0.000513332,0.0011724763242756283,0.008002162637944406,0.013827523675724372,-0.020522162637944406
37.96,0.5,0.000513332,6.84996,0.403451,-0.0138176,0.0136026,0,0,312.616,11.1877,0.0740159,6.84996,0.000513332,0.0011767506380625477,0.00806069480070293,0.012425849361937451,-0.021878294800702927
37.98,0.5,0.000513332,6.86795,0.410452,-0.0150487,0.013029,0,0,312.753,11.1978,0.0740395,6.86795,0.000513332,0.0011798325176993188,0.008103030739933037,0.011849167482300683,-0.023151730739933037
38.0,0.5,0.000513332,6.90463,0.414715,-0.016268,0.0135898,0,0,312.89,11.208,0.0740631,6.90463,0.000513332,0.0011861159847377403,0.008189692011699744,0.01240368401526226,-0.024457692011699745
38.02,0.5,0.000513332,6.9001,0.416444,-0.0175225,0.0136077,0,0,313.028,11.2182,0.0740869,6.9001,0.000513332,0.00118533998840129,0.00817896445396774,0.01242236001159871,-0.02570146445396774
38.04,0.4,0.000410666,6.9,0.416613,-0.0186325,0.0132,0,0,313.165,11.2285,0.0741094,6.9,0.000410666,0.0009482591801982143,0.006542988343367679,0.012251740819801786,-0.025175488343367677
38.06,0.4,0.000410666,6.89167,0.418819,-0.0189862,0.0126,0,0,313.303,11.2387,0.0741273,6.89167,0.000410666,0.0009471176159950755,0.006527222060624782,0.011652882384004925,-0.025513422060624784
38.08,0.4,0.000410666,6.89426,0.425795,-0.0177598,0.0127754,0,0,313.441,11.2489,0.0741462,6.89426,0.000410666,0.0009474725573731515,0.0065321221533954235,0.011827927442626847,-0.024291922153395422
38.1,0.4,0.000410666,6.91368,0.435934,-0.0150138,0.0131958,0,0,313.578,11.2591,0.0741652,6.91368,0.000410666,0.0009501338965975319,0.006568921718228425,0.01224566610340247,-0.021582721718228427
38.12,0.4,0.000410666,6.93271,0.445555,-0.0122651,0.0132129,0,0,313.716,11.2694,0.0741843,6.93271,0.000410666,0.0009527417282020058,0.0066050821065233275,0.012260158271797994,-0.018870182106523328
38.14,0.4,0.000410666,6.93608,0.45151,-0.0109974,0.013,0,0,313.854,11.2797,0.0742034,6.93608,0.000410666,0.0009532035396254174,0.006611496007125065,0.012046796460374582,-0.017608896007125063
38.16,0.4,0.000410666,6.94707,0.451546,-0.011163,0.013589,0,0,313.993,11.29,0.0742225,6.94707,0.000410666,0.0009547095522754148,0.006632434089325966,0.012634290447724586,-0.017795434089325966
38.18,0.4,0.000410666,6.91932,0.44623,-0.0117748,0.0142,0,0,314.132,11.3003,0.0742416,6.91932,0.000410666,0.0009509067968246833,0.006579628417404968,0.013249093203175317,-0.018354428417404967
38.2,0.5,0.000513332,6.89197,0.439811,-0.0120898,0.0140109,0,0,314.27,11.3105,0.0742619,6.89197,0.000513332,0.0011839472954313513,0.00815972924169401,0.012826952704568649,-0.020249529241694007
38.22,0.5,0.000513332,6.91361,0.436325,-0.0119552,0.0149852,0,0,314.407,11.3208,0.0742868,6.91361,0.000513332,0.0011876542605340403,0.008210978372170746,0.01379754573946596,-0.020166178372170745
38.24,0.5,0.000513332,6.87832,0.436017,-0.011771,0.0147955,0,0,314.545,11.331,0.0743106,6.87832,0.000513332,0.0011816089790213228,0.008127484672581946,0.013613891020978677,-0.019898484672581946
38.26,0.5,0.000513332,6.97788,0.436851,-0.0124787,0.0146026,0,0,314.682,11.3413,0.0743343,6.97788,0.000513332,0.0011986632279059161,0.008364128164740133,0.013403936772094085,-0.020842828164740132
38.28,0.5,0.000513332,6.99341,0.437795,-0.0155107,0.0149765,0,0,314.822,11.3516,0.0743583,6.99341,0.000513332,0.0012013232687944262,0.008401346161219628,0.013775176731205574,-0.023912046161219627
38.3,0.5,0.000513332,6.98314,0.439294,-0.0225389,0.0147985,0,0,314.961,11.362,0.0743823,6.98314,0.000513332,0.0011995641876106772,0.008376724661071623,0.013598935812389322,-0.030915624661071624
38.32,0.5,0.000513332,6.93435,0.442018,-0.0347928,0.0144082,0,0,315.101,11.3724,0.0744064,6.93435,0.000513332,0.0011912069618124574,0.008260245995644214,0.013216993038187541,-0.04305304599564421
38.34,0.5,0.000513332,6.92504,0.446817,-0.0517116,0.0142,0,0,315.239,11.3827,0.0744303,6.92504,0.000513332,0.0011896121972798672,0.008238112050650972,0.013010387802720133,-0.05994971205065097
38.36,0.5,0.000513332,6.99937,0.454407,-0.0695973,0.0143967,0,0,315.377,11.3931,0.0744541,6.99937,0.000513332,0.0012023441079561557,0.008415651278905078,0.013194355892043845,-0.07801295127890508
38.38,0.5,0.000513332,6.99493,0.463259,-0.082376,0.0145668,0,0,315.517,11.4035,0.0744782,6.99493,0.000513332,0.0012015836177552404,0.008404993295344663,0.01336521638224476,-0.09078099329534467
38.4,0.5,0.000513332,7.0383,0.469544,-0.085036,0.0142053,0,0,315.657,11.4139,0.0745023,7.0383,0.000513332,0.0012090119196762656,0.008509388594257459,0.012996288080323735,-0.09354538859425746
38.42,0.5,0.000513332,7.04136,0.471248,-0.0767736,0.0144,0,0,315.797,11.4244,0.0745265,7.04136,0.000513332,0.0012095360134146075,0.008516778503417081,0.013190463986585393,-0.08529037850341709
38.44,0.5,0.000513332,7.0076,0.470319,-0.0610458,0.0139773,0,0,315.938,11.4349,0.0745508,7.0076,0.000513332,0.0012037537442285166,0.008435424738055752,0.012773546255771484,-0.06948122473805575
38.46,0.5,0.000513332,6.9838,0.468837,-0.04294,0.0136,0,0,316.077,11.4453,0.0745749,6.9838,0.000513332,0.0011996772353715865,0.008378305876388084,0.012400322764628413,-0.05131830587638808
38.48,0.5,0.000513332,7.03917,0.466398,-0.026138,0.0134,0,0,316.217,11.4557,0.0745989,7.03917,0.000513332,0.0012091609269235413,0.008511489321972385,0.01219083907307646,-0.034649489321972385
38.5,0.5,0.000513332,7.02297,0.462378,-0.0115886,0.0136,0,0,316.357,11.4662,0.0746232,7.02297,0.000513332,0.0012063862826454201,0.008472414671430306,0.01239361371735458,-0.020061014671430306
38.52,0.5,0.000513332,7.01405,0.456848,0.00151949,0.0137925,0,0,316.497,11.4767,0.0746473,7.01405,0.000513332,0.0012048584916033423,0.008450937703030422,0.012587641508396656,-0.006931447703030422
38.54,0.5,0.000513332,7.0416,0.449726,0.0135155,0.0140019,0,0,316.637,11.4872,0.0746715,7.0416,0.000513332,0.001209577118721032,0.008517358239186019,0.012792322881278968,0.004998141760813981
38.56,0.5,0.000513332,7.01955,0.442042,0.0226815,0.0136,0,0,316.778,11.4977,0.0746957,7.01955,0.000513332,0.001205800517236257,0.008464177020765767,0.012394199482763742,0.014217322979234233
38.58,0.4,0.000410666,7.0604,0.435777,0.0260083,0.0136,0,0,316.918,11.5082,0.0747187,7.0604,0.000410666,0.0009702385111726899,0.00685027198428366,0.01262976148882731,0.019158028015716342
38.6,0.4,0.000410666,7.04758,0.431233,0.0213922,0.0143914,0,0,317.059,11.5187,0.0747369,7.04758,0.000410666,0.0009684819702671766,0.0068254541640155484,0.013422918029732825,0.01456674583598445
38.62,0.4,0.000410666,7.05276,0.42711,0.0092026,0.0145971,0,0,317.2,11.5293,0.0747563,7.05276,0.000410666,0.0009691917148411568,0.0068354765587631166,0.013627908285158844,0.0023671234412368835
38.64,0.4,0.000410666,7.04984,0.422054,-0.00739681,0.0142108,0,0,317.34,11.5398,0.0747758,7.04984,0.000410666,0.0009687916277324001,0.006829825968852983,0.0132420083722676,-0.014226635968852984
38.66,0.4,0.000410666,7.04458,0.41549,-0.0233548,0.0140209,0,0,317.481,11.5504,0.0747952,7.04458,0.000410666,0.0009680709191813173,0.006819653035846324,0.013052829080818682,-0.030174453035846323
38.68,0.4,0.000410666,7.09166,0.409025,-0.0334937,0.0134,0,0,317.622,11.5609,0.0748146,7.09166,0.000410666,0.0009745215025677127,0.006910975158899346,0.012425478497432288,-0.040404675158899346
38.7,0.4,0.000410666,7.11385,0.405483,-0.0347654,0.0134,0,0,317.763,11.5715,0.0748341,7.11385,0.000410666,0.0009775616938995238,0.006954227256147128,0.012422438306100476,-0.041719627256147127
38.72,0.4,0.000410666,7.09496,0.405531,-0.0282023,0.0136,0,0,317.905,11.5821,0.0748537,7.09496,0.000410666,0.0009749736319458466,0.006917398919710505,0.012625026368054152,-0.03511969891971051
38.74,0.4,0.000410666,7.09719,0.407483,-0.018604,0.0133966,0,0,318.047,11.5928,0.0748732,7.09719,0.000410666,0.0009752791607337607,0.006921741506768039,0.01242132083926624,-0.02552574150676804
38.76,0.4,0.000410666,7.08891,0.409763,-0.0114127,0.0128,0,0,318.188,11.6034,0.0748928,7.08891,0.000410666,0.0009741447266502129,0.006905624294197961,0.011825855273349787,-0.01831832429419796
38.78,0.4,0.000410666,7.1095,0.41141,-0.009268,0.0133174,0,0,318.33,11.614,0.0749123,7.1095,0.000410666,0.0009769657189820492,0.006945737779102879,0.012340434281017951,-0.01621373777910288
38.8,0.4,0.000410666,7.13861,0.411607,-0.0114153,0.0132078,0,0,318.472,11.6247,0.0749319,7.13861,0.000410666,0.0009809538932807034,0.007002647272112562,0.012226846106719296,-0.018417947272112562
38.82,0.4,0.000410666,7.14423,0.410171,-0.0156375,0.0132,0,0,318.614,11.6353,0.0749515,7.14423,0.000410666,0.0009817238364819903,0.00701366088430973,0.01221827616351801,-0.02265116088430973
38.84,0.4,0.000410666,7.14889,0.40664,-0.0196813,0.0136237,0,0,318.757,11.6461,0.0749712,7.14889,0.000410666,0.000982362254972481,0.007022799700950219,0.01264133774502752,-0.026704099700950217
38.86,0.4,0.000410666,7.11479,0.399692,-0.021592,0.0141897,0,0,318.899,11.6568,0.0749909,7.11479,0.000410666,0.0009776904788536323,0.006956062442043035,0.013212009521146368,-0.028548062442043033
38.88,0.4,0.000410666,7.13223,0.390246,-0.0203752,0.0141886,0,0,319.041,11.6674,0.0750105,7.13223,0.000410666,0.0009800798229969133,0.006990154715973275,0.013208520177003087,-0.027365354715973275
38.9,0.4,0.000410666,7.13605,0.382307,-0.0165415,0.0142041,0,0,319.184,11.6781,0.0750301,7.13605,0.000410666,0.0009806031700033398,0.006997633251302333,0.013223496829996661,-0.023539133251302333
38.92,0.498617,0.000511913,7.17475,0.378982,-0.0115326,0.0138,0,0,319.326,11.6888,0.075051,7.17475,0.000511913,0.0012289734258335487,0.008817577086999253,0.012571026574166451,-0.020350177086999252
38.94,0.4,0.000410666,7.18046,0.380367,-0.00708069,0.0138,0,0,319.469,11.6996,0.0750756,7.18046,0.000410666,0.0009866872351347008,0.007084868224395313,0.0128133127648653,-0.014165558224395313
38.96,0.4,0.000410666,7.17251,0.383858,-0.00511197,0.0138,0,0,319.612,11.7104,0.0750942,7.17251,0.000410666,0.0009855981291691,0.007069212437446661,0.0128144018708309,-0.012181182437446661
38.98,0.4,0.000410666,7.17484,0.385474,-0.00682647,0.0143883,0,0,319.756,11.7212,0.0751139,7.17484,0.000410666,0.0009859173274066738,0.007073799077370499,0.013402382672593326,-0.013900269077370499
39.0,0.4,0.000410666,7.19995,0.383778,-0.0110452,0.0145996,0,0,319.899,11.7319,0.0751337,7.19995,0.000410666,0.000989357210434885,0.007123322447270651,0.013610242789565116,-0.01816852244727065
39.02,0.30821,0.000316428,7.2,0.380746,-0.0143667,0.0138493,0,0,320.042,11.7427,0.0751524,7.2,0.000316428,0.0007623287138753079,0.005488766739902217,0.013086971286124693,-0.019855466739902218
39.04,0.3,0.000307999,7.16877,0.376807,-0.0137258,0.0136119,0,0,320.186,11.7536,0.0751664,7.16877,0.000307999,0.0007388131070049344,0.005296381237103764,0.012873086892995066,-0.019022181237103763
39.06,0.3,0.000307999,7.14772,0.370207,-0.00834967,0.0140184,0,0,320.329,11.7643,0.0751811,7.14772,0.000307999,0.0007366502602977234,0.005265369798535243,0.013281749739702278,-0.013615039798535244
39.08,0.3,0.000307999,7.13609,0.361914,0.000413423,0.0133993,0,0,320.472,11.7751,0.0751959,7.13609,0.000307999,0.0007354552755345909,0.005248275037189639,0.012663844724465408,-0.004834852037189639
39.1,0.298205,0.000306156,7.12264,0.355028,0.00976219,0.0138,0,0,320.614,11.7858,0.0752106,7.12264,0.000306156,0.0007296807261086046,0.005197253127010191,0.013070319273891396,0.004564936872989809
39.12,0.2,0.000205333,7.1682,0.351327,0.0160583,0.0139895,0,0,320.756,11.7965,0.075224,7.1682,0.000205333,0.0004925038184501691,0.003530365871414502,0.013496996181549831,0.0125279341285855
39.14,0.2,0.000205333,7.21887,0.351249,0.0161934,0.0138047,0,0,320.899,11.8073,0.0752327,7.21887,0.000205333,0.0004959744973905164,0.003580375419977477,0.013308725502609484,0.012613024580022524
39.16,0.2,0.000205333,7.19475,0.35381,0.00944246,0.0136048,0,0,321.043,11.8182,0.0752426,7.19475,0.000205333,0.0004943224082640971,0.0035565261468581124,0.013110477591735904,0.005885933853141887
39.18,0.2,0.000205333,7.21209,0.35789,-0.00168362,0.0134185,0,0,321.187,11.829,0.0752525,7.21209,0.000205333,0.0004955101093336094,0.003573663504423831,0.01292298989066639,-0.0052572835044238314
39.2,0.2,0.000205333,7.21433,0.364054,-0.013038,0.0138128,0,0,321.331,11.8398,0.0752624,7.21433,0.000205333,0.000495663535922642,0.003575880317112794,0.013317136464077358,-0.016613880317112792
39.22,0.2,0.000205333,7.24108,0.371757,-0.0217849,0.0140085,0,0,321.475,11.8507,0.0752724,7.24108,0.000205333,0.0004974957166993252,0.0036024062842771503,0.013511004283300675,-0.02538730628427715
39.24,0.2,0.000205333,7.26373,0.377282,-0.0278243,0.0137971,0,0,321.619,11.8616,0.0752824,7.26373,0.000205333,0.0004990470279707137,0.0036249428684817122,0.013298052972029286,-0.03144924286848171
39.26,0.2,0.000205333,7.22223,0.377651,-0.0335475,0.0138002,0,0,321.764,11.8725,0.0752924,7.22223,0.000205333,0.0004962046351086894,0.0035837040018210295,0.01330399536489131,-0.03713120400182103
39.28,0.2,0.000205333,7.23003,0.373172,-0.0433881,0.0139874,0,0,321.908,11.8834,0.0753023,7.23003,0.000205333,0.0004967388795580214,0.0035914370013708815,0.013490661120441979,-0.04697953700137088
39.3,0.299957,0.000307955,7.24166,0.364528,-0.0620952,0.0130003,0,0,322.052,11.8943,0.0753135,7.24166,0.000307955,0.0007461953493443387,0.005403693013532924,0.012254104650655661,-0.06749889301353293
39.32,0.3,0.000307999,7.26331,0.352295,-0.0906999,0.0129792,0,0,322.197,11.9052,0.0753297,7.26331,0.000307999,0.0007485261915246583,0.005436777772162966,0.012230673808475341,-0.09613667777216296
39.34,0.3,0.000307999,7.2336,0.339695,-0.122684,0.0135964,0,0,322.342,11.9161,0.0753447,7.2336,0.000307999,0.0007454738989292558,0.005392459995294665,0.012850926101070744,-0.12807645999529466
39.36,0.398204,0.000408821,7.30213,0.330414,-0.144797,0.0136,0,0,322.486,11.927,0.0753609,7.30213,0.000408821,0.0009988461952732328,0.007293704767890531,0.012601153804726766,-0.15209070476789055
39.38,0.4,0.000410666,7.19557,0.323991,-0.143727,0.0137838,0,0,322.632,11.938,0.0753821,7.19557,0.000410666,0.0009887571909916186,0.007114671580783561,0.012795042809008382,-0.15084167158078354
39.4,0.4,0.000410666,7.17541,0.31741,-0.113126,0.0138,0,0,322.775,11.9489,0.075402,7.17541,0.000410666,0.0009859954143848853,0.00707492135633145,0.012814004585615114,-0.12020092135633145
39.42,0.4,0.000410666,7.23742,0.310661,-0.0560692,0.0132174,0,0,322.919,11.9597,0.0754217,7.23742,0.000410666,0.0009944901159104566,0.007197542654692657,0.012222909884089543,-0.06326674265469266
39.44,0.4,0.000410666,7.24718,0.307201,0.0155644,0.0124045,0,0,323.063,11.9706,0.0754417,7.24718,0.000410666,0.0009958270691683647,0.00721693801913559,0.011408672930831636,0.008347461980864411
39.46,0.300655,0.000308672,7.29429,0.308415,0.0840976,0.0131974,0,0,323.208,11.9815,0.0754604,7.29429,0.000308672,0.0007533513725455855,0.005495163383245539,0.012444048627454414,0.07860243661675445
39.48,0.3,0.000307999,7.28159,0.311034,0.132402,0.0132,0,0,323.353,11.9925,0.0754742,7.28159,0.000307999,0.0007504041512130446,0.005464135363431393,0.012449595848786955,0.1269378646365686
39.5,0.3,0.000307999,7.30507,0.311349,0.149566,0.0126073,0,0,323.498,12.0035,0.0754893,7.30507,0.000307999,0.000752816257473071,0.005499375457978807,0.01185448374252693,0.1440666245420212
39.52,0.3,0.000307999,7.28372,0.309294,0.132618,0.0124,0,0,323.644,12.0145,0.0755043,7.28372,0.000307999,0.0007506229696692816,0.005467327536639539,0.011649377030330718,0.12715067246336048
39.54,0.2,0.000205333,7.31666,0.306928,0.0864696,0.0128006,0,0,323.79,12.0255,0.0755181,7.31666,0.000205333,0.0005026720565241895,0.0036778805290882764,0.012297927943475812,0.08279171947091171
39.56,0.2,0.000205333,7.3111,0.305601,0.022629,0.0131995,0,0,323.936,12.0366,0.0755269,7.3111,0.000205333,0.0005022912792706812,0.0036723017718758772,0.012697208720729318,0.01895669822812412
39.58,0.2,0.000205333,7.30592,0.30665,-0.0436622,0.013013,0,0,324.081,12.0476,0.075537,7.30592,0.000205333,0.0005019365238879386,0.0036671080886033687,0.012511063476112062,-0.04732930808860337
39.6,0.2,0.000205333,7.34412,0.311971,-0.0961467,0.012,0,0,324.227,12.0586,0.0755471,7.34412,0.000205333,0.0005045526174618263,0.0037054949689537477,0.011495447382538174,-0.09985219496895376
39.62,0.2,0.000205333,7.35785,0.322178,-0.121464,0.0122,0,0,324.374,12.0697,0.0755572,7.35785,0.000205333,0.0005054928726858847,0.0037193407332918363,0.011694507127314116,-0.12518334073329185
39.64,0.102599,0.000105335,7.32821,0.336237,-0.114973,0.012,0,0,324.52,12.0809,0.0755661,7.32821,0.000105335,0.00025827450975024415,0.0018926898450968368,0.011741725490249755,-0.11686568984509685
39.66,0.1,0.000102666,7.32778,0.352303,-0.0837702,0.012193,0,0,324.667,12.0919,0.07557,7.32778,0.000102666,0.0002517155728388381,0.001844516340336981,0.011941284427161162,-0.08561471634033699
39.68,0.1,0.000102666,7.36571,0.366841,-0.0439411,0.0127662,0,0,324.813,12.103,0.075575,7.36571,0.000102666,0.0002530143311650349,0.001863630189205609,0.012513185668834964,-0.045804730189205604
39.7,0.1,0.000102666,7.3477,0.374933,-0.0137453,0.0137783,0,0,324.96,12.1141,0.0755801,7.3477,0.000102666,0.00025239766010164393,0.0018545422871288492,0.013525902339898357,-0.01559984228712885
39.72,0.1,0.000102666,7.32778,0.373708,-0.00532525,0.0148037,0,0,325.106,12.1252,0.0755851,7.32778,0.000102666,0.0002517155728388381,0.001844516340336981,0.014551984427161161,-0.007169766340336981
39.74,0.1,0.000102666,7.32852,0.363667,-0.0188332,0.0150206,0,0,325.253,12.1363,0.0755902,7.32852,0.000102666,0.00025174091173846546,0.0018448883064935788,0.014768859088261534,-0.02067808830649358
39.76,0.1,0.000102666,7.35489,0.346899,-0.0436899,0.0154,0,0,325.399,12.1474,0.0755952,7.35489,0.000102666,0.00025264385090047377,0.0018581677325493855,0.015147356149099527,-0.04554806773254938
39.78,0.1,0.000102666,7.35819,0.326929,-0.0661939,0.014821,0,0,325.546,12.1585,0.0756003,7.35819,0.000102666,0.000252756844512501,0.0018598328857234395,0.0145682431554875,-0.06805373288572344
39.8,0.1,0.000102666,7.34727,0.308485,-0.0769469,0.0144034,0,0,325.692,12.1696,0.0756053,7.34727,0.000102666,0.00025238293651749306,0.0018543255779868812,0.014151017063482508,-0.07880122557798688
39.82,0.1,0.000102666,7.35263,0.294965,-0.0738104,0.014221,0,0,325.839,12.1807,0.0756104,7.35263,0.000102666,0.0002525664671154331,0.001857027783106947,0.013968433532884567,-0.07566742778310695
39.84,0.1,0.000102666,7.3747,0.287389,-0.0606878,0.013411,0,0,325.986,12.1918,0.0756155,7.3747,0.000102666,0.00025332214765508553,0.0018681748423119591,0.013157677852344913,-0.06255597484231196
39.86,0.1,0.000102666,7.36677,0.285314,-0.0440028,0.0124095,0,0,326.133,12.203,0.0756205,7.36677,0.000102666,0.00025305062562251847,0.0018641657573172004,0.012156449374377482,-0.045866965757317205
39.88,0.1,0.000102666,7.37672,0.287378,-0.0290805,0.0127279,0,0,326.28,12.2141,0.0756256,7.37672,0.000102666,0.0002533913117071083,0.00186919675689606,0.012474508688292892,-0.03094969675689606
39.9,0.194158,0.000199335,7.40737,0.291865,-0.0183491,0.0128117,0,0,326.427,12.2253,0.0756319,7.40737,0.000199335,0.0004940188979718953,0.0036593807642700785,0.012317681102028105,-0.022008480764270078
39.92,0.2,0.000205333,7.41107,0.297646,-0.0117931,0.0126067,0,0,326.575,12.2365,0.0756431,7.41107,0.000205333,0.0005091373147835693,0.003773252279473067,0.012097562685216431,-0.015566352279473068
39.94,0.2,0.000205333,7.40553,0.304184,-0.00844321,0.0122,0,0,326.723,12.2477,0.0756533,7.40553,0.000205333,0.0005087579540675823,0.0037676222915861025,0.011691242045932419,-0.012210832291586102
39.96,0.100812,0.0001035,7.39726,0.310148,-0.00761265,0.0122,0,0,326.87,12.2589,0.0756623,7.39726,0.0001035,0.0002561587027148762,0.001894872525244645,0.011943841297285124,-0.009507522525244646
39.98,0.2,0.000205333,7.4358,0.313455,-0.00919184,0.0122,0,0,327.018,12.2701,0.0756674,7.4358,0.000205333,0.0005108307089065575,0.00379843498528738,0.011689169291093444,-0.012990274985287379
40.0,0.104734,0.000107526,7.42805,0.314031,-0.0127231,0.0131716,0,0,327.166,12.2813,0.0756777,7.42805,0.000107526,0.0002672269951959838,0.0019849754816655273,0.012904373004804017,-0.014708075481665526
40.02,0.103825,0.000106594,7.41414,0.314328,-0.0164192,0.0136,0,0,327.315,12.2925,0.0756818,7.41414,0.000106594,0.00026441629351439244,0.0019604194183967974,0.013335583706485608,-0.018379619418396796
40.04,0.1,0.000102666,7.41945,0.315772,-0.0177797,0.0136,0,0,327.462,12.3038,0.0756871,7.41945,0.000102666,0.00025485432811501345,0.0018908789447329368,0.013345145671884986,-0.019670578944732935
40.06,0.1,0.000102666,7.43332,0.317616,-0.0154067,0.0136,0,0,327.61,12.315,0.0756921,7.43332,0.000102666,0.0002553292001438964,0.001897943650013628,0.013344670799856103,-0.017304643650013628
40.08,0.1,0.000102666,7.42553,0.319032,-0.0100455,0.013776,0,0,327.759,12.3262,0.0756972,7.42553,0.000102666,0.00025506249226560384,0.0018939741881930094,0.013520937507734396,-0.01193947418819301
40.1,0.1,0.000102666,7.41118,0.319206,-0.00417584,0.0140018,0,0,327.907,12.3375,0.0757023,7.41118,0.000102666,0.00025457118110820703,0.0018866728460055218,0.013747228818891793,-0.006062512846005522
40.12,0.1,0.000102666,7.41914,0.317143,-0.00120988,0.0136,0,0,328.055,12.3487,0.0757075,7.41914,0.000102666,0.00025484371443763583,0.0018907211955328414,0.013345156285562364,-0.0031006011955328414
40.14,0.1,0.000102666,7.41944,0.313626,-0.00434028,0.0128154,0,0,328.203,12.3599,0.0757126,7.41944,0.000102666,0.00025485398573839155,0.0018908738559468518,0.012560546014261608,-0.006231153855946852
40.16,0.1,0.000102666,7.42488,0.311174,-0.0148728,0.0127918,0,0,328.351,12.3711,0.0757177,7.42488,0.000102666,0.00025504023795416895,0.00189364316198115,0.012536759762045832,-0.01676644316198115
40.18,0.1,0.000102666,7.43753,0.311368,-0.0315066,0.0126737,0,0,328.499,12.3824,0.0757228,7.43753,0.000102666,0.0002554733376630631,0.0019000906130691615,0.012418226662336936,-0.03340669061306917
40.2,0.1,0.000102666,7.45275,0.314239,-0.0504618,0.0122,0,0,328.647,12.3936,0.0757279,7.45275,0.000102666,0.0002559944172055145,0.0019078623928283983,0.011944005582794487,-0.0523696623928284
40.22,0.1,0.000102666,7.45278,0.319276,-0.0655451,0.0122,0,0,328.796,12.4049,0.075733,7.45278,0.000102666,0.0002559954442901792,0.0019078777272969617,0.011944004555709821,-0.06745297772729696
40.24,0.1,0.000102666,7.461,0.325037,-0.0702825,0.0124,0,0,328.945,12.4162,0.0757382,7.461,0.000102666,0.00025627686395109106,0.0019120816819390904,0.012143723136048909,-0.07219458168193908
40.26,0.00325153,3.33823e-06,7.46931,0.329252,-0.062329,0.013187,0,0,329.094,12.4275,0.0757421,7.46931,3.33823e-06,8.342205127037429e-06,6.231051617743194e-05,0.013178657794872964,-0.06239131051617743
40.28,0.0,0.0,7.48737,0.330781,-0.0453087,0.0132299,0,0,329.243,12.4388,0.0757409,7.48737,0.0,0.0,0.0,0.0132299,-0.0453087
40.3,0.0,0.0,7.46984,0.330293,-0.0259574,0.0137846,0,0,329.392,12.4501,0.0757409,7.46984,0.0,0.0,0.0,0.0137846,-0.0259574
40.32,0.0,0.0,7.46679,0.328906,-0.0101346,0.0132359,0,0,329.541,12.4614,0.0757409,7.46679,0.0,0.0,0.0,0.0132359,-0.0101346
40.34,0.0,0.0,7.46713,0.327662,-0.000624842,0.0124,0,0,329.69,12.4728,0.0757409,7.46713,0.0,0.0,0.0,0.0124,-0.000624842
40.36,0.0,0.0,7.48549,0.327486,0.00315533,0.0124,0,0,329.839,12.4841,0.0757409,7.48549,0.0,0.0,0.0,0.0124,0.00315533
40.38,0.0,0.0,7.47824,0.328081,0.00354207,0.0135401,0,0,329.988,12.4954,0.0757409,7.47824,0.0,0.0,0.0,0.0135401,0.00354207
40.4,0.0,0.0,7.46418,0.328236,0.00191755,0.0138081,0,0,330.138,12.5067,0.0757409,7.46418,0.0,0.0,0.0,0.0138081,0.00191755
40.42,0.1,0.000102666,7.49721,0.327656,-0.00261734,0.0133992,0,0,330.286,12.518,0.0757422,7.49721,0.000102666,0.0002575165118297028,0.0019306553676547663,0.013141683488170297,-0.004547995367654767
40.44,0.1,0.000102666,7.48911,0.327132,-0.0117475,0.0126208,0,0,330.436,12.5294,0.0757486,7.48911,0.000102666,0.00025723921383856397,0.0019264927687505278,0.012363560786161435,-0.013673992768750528
40.46,0.1,0.000102666,7.51048,0.327611,-0.0250673,0.0114448,0,0,330.585,12.5407,0.0757538,7.51048,0.000102666,0.0002579707947894999,0.0019374844948506433,0.0111868292052105,-0.027004784494850644
40.48,0.1,0.000102666,7.50282,0.329475,-0.0388572,0.011,0,0,330.735,12.5521,0.075759,7.50282,0.000102666,0.0002577085646113947,0.0019335409727376642,0.010742291435388605,-0.04079074097273767
40.5,0.1,0.000102666,7.50829,0.332033,-0.0478894,0.0109972,0,0,330.885,12.5634,0.0757641,7.50829,0.000102666,0.0002578958232495849,0.0019363566307466257,0.010739304176750416,-0.04982575663074663
40.52,0.1,0.000102666,7.52955,0.334362,-0.048868,0.0121274,0,0,331.035,12.5748,0.0757693,7.52955,0.000102666,0.0002586236198935371,0.0019473194771693822,0.011868776380106463,-0.050815319477169385
40.54,0.1,0.000102666,7.52488,0.336789,-0.0426303,0.0125835,0,0,331.185,12.5862,0.0757745,7.52488,0.000102666,0.0002584637528819427,0.001944908724786273,0.012325036247118056,-0.04457520872478628
40.56,0.1,0.000102666,7.51965,0.340024,-0.0327653,0.0122,0,0,331.335,12.5976,0.0757797,7.51965,0.000102666,0.0002582847143376161,0.001942210652168855,0.011941715285662385,-0.03470751065216885
40.58,0.1,0.000102666,7.51944,0.342689,-0.0221646,0.0131178,0,0,331.485,12.609,0.0757848,7.51944,0.000102666,0.0002582775253833281,0.0019421023554684128,0.012859522474616672,-0.024106702355468412
40.6,0.1,0.000102666,7.54687,0.342585,-0.0114225,0.0137953,0,0,331.635,12.6204,0.07579,7.54687,0.000102666,0.0002592165226567227,0.001956273398342341,0.013536083477343277,-0.013378773398342342
40.62,0.1,0.000102666,7.54191,0.340961,0.000117213,0.0138177,0,0,331.786,12.6318,0.0757952,7.54191,0.000102666,0.0002590467320465401,0.0019537071388891214,0.01355865326795346,-0.0018364941388891215
40.64,0.1,0.000102666,7.54467,0.341657,0.0124202,0.0128103,0,0,331.936,12.6433,0.0758004,7.54467,0.000102666,0.0002591412124446959,0.0019551349312951238,0.012551158787555304,0.010465065068704876
40.66,0.1,0.000102666,7.55255,0.345713,0.0231348,0.013,0,0,332.087,12.6547,0.0758056,7.55255,0.000102666,0.0002594109589043802,0.0019592142376732764,0.01274058904109562,0.021175585762326723
40.68,0.1,0.000102666,7.56655,0.350308,0.0275446,0.0132,0,0,332.237,12.6661,0.0758108,7.56655,0.000102666,0.0002598901968486317,0.0019664721689650146,0.012940109803151368,0.025578127831034983
40.7,0.1,0.000102666,7.54447,0.352638,0.0209006,0.0136006,0,0,332.388,12.6776,0.075816,7.54447,0.000102666,0.0002591343660507741,0.0019550314506390836,0.013341465633949225,0.018945568549360914
40.72,0.1,0.000102666,7.55794,0.352735,0.00152715,0.0134227,0,0,332.539,12.689,0.0758212,7.55794,0.000102666,0.00025959546657932845,0.0019620069606785698,0.01316310453342067,-0.00043485696067856986
40.74,0.1,0.000102666,7.58582,0.353488,-0.0277949,0.0128,0,0,332.69,12.7005,0.0758264,7.58582,0.000102666,0.00026054981889751165,0.0019764840271891218,0.01253945018110249,-0.029771384027189124
40.76,0.1,0.000102666,7.6054,0.358478,-0.0604563,0.0128,0,0,332.841,12.712,0.0758316,7.6054,0.000102666,0.0002612200348651129,0.00198668285316313,0.012538779965134889,-0.062442982853163125
40.78,0.1,0.000102666,7.60044,0.368398,-0.087542,0.0122896,0,0,332.993,12.7235,0.0758368,7.60044,0.000102666,0.00026105025762254626,0.0019840968200447056,0.012028549742377452,-0.0895260968200447
40.8,0.195997,0.000201223,7.61631,0.379533,-0.100794,0.0122,0,0,333.144,12.735,0.0758433,7.61631,0.000201223,0.0005127171976064142,0.0039050131193017084,0.011687282802393586,-0.1046990131193017
40.82,0.2,0.000205333,7.63037,0.386796,-0.0972844,0.0130079,0,0,333.296,12.7466,0.0758549,7.63037,0.000205333,0.0005241520037439948,0.003999473724808065,0.012483747996256005,-0.10128387372480806
40.84,0.2,0.000205333,7.61161,0.387696,-0.0812895,0.01359,0,0,333.449,12.7582,0.0758655,7.61161,0.000205333,0.000522867746164056,0.00397986536537979,0.013067132253835944,-0.0852693653653798
40.86,0.2,0.000205333,7.63547,0.382298,-0.0597962,0.014,0,0,333.601,12.7697,0.075876,7.63547,0.000205333,0.0005245011299607255,0.004004812642781221,0.013475498870039276,-0.06380101264278122
40.88,0.3,0.000307999,7.61511,0.371234,-0.0371508,0.0138216,0,0,333.753,12.7813,0.0758878,7.61511,0.000307999,0.0007846597633809714,0.0059752704107200695,0.013036940236619029,-0.043126070410720065
40.9,0.3,0.000307999,7.61389,0.356544,-0.0149665,0.0136,0,0,333.905,12.7929,0.0759048,7.61389,0.000307999,0.0007845344857562207,0.005973359275754431,0.01281546551424378,-0.02093985927575443
40.92,0.3,0.000307999,7.60856,0.343061,0.00560514,0.0136,0,0,334.057,12.8044,0.0759206,7.60856,0.000307999,0.0007839871638737149,0.005965013375562992,0.012816012836126284,-0.0003598733755629923
40.94,0.3,0.000307999,7.62243,0.336438,0.0234835,0.0137901,0,0,334.209,12.816,0.0759363,7.62243,0.000307999,0.0007854114247872367,0.005986743606640976,0.013004688575212763,0.017496756393359025
40.96,0.3,0.000307999,7.63032,0.339676,0.0379465,0.0136,0,0,334.361,12.8275,0.075952,7.63032,0.000307999,0.0007862216088628493,0.0059991224665383765,0.01281377839113715,0.03194737753346162
40.98,0.3,0.000307999,7.63844,0.351192,0.0475072,0.0139578,0,0,334.513,12.8391,0.0759678,7.63844,0.000307999,0.0007870554014260943,0.006011875460469136,0.013170744598573906,0.041495324539530865
41.0,0.3,0.000307999,7.65295,0.366444,0.0487018,0.0135937,0,0,334.665,12.8507,0.0759835,7.65295,0.000307999,0.0007885453206778916,0.00603469791188187,0.012805154679322108,0.042667102088118136
41.02,0.3,0.000307999,7.67433,0.381902,0.0378108,0.0126366,0,0,334.818,12.8623,0.0759994,7.67433,0.000307999,0.0007907406133311806,0.00606840441110588,0.011845859386668819,0.03174239558889412
41.04,0.3,0.000307999,7.67225,0.395934,0.0148417,0.0129921,0,0,334.971,12.874,0.0760152,7.67225,0.000307999,0.0007905270422965919,0.0060651211002600266,0.012201572957703407,0.008776578899739974
41.06,0.3,0.000307999,7.68877,0.406862,-0.0149114,0.0130028,0,0,335.124,12.8857,0.0760311,7.68877,0.000307999,0.0007922232724656586,0.006091222530635782,0.01221057672753434,-0.021002622530635784
41.08,0.3,0.000307999,7.69146,0.413397,-0.0433755,0.0118569,0,0,335.278,12.8973,0.0760469,7.69146,0.000307999,0.000792499470973037,0.006095477981010276,0.011064400529026963,-0.04947097798101027
41.1,0.3,0.000307999,7.69988,0.415947,-0.0634867,0.0121945,0,0,335.431,12.909,0.0760628,7.69988,0.000307999,0.0007933639965417988,0.0061088075696922655,0.011401136003458202,-0.06959550756969225
41.12,0.3,0.000307999,7.67772,0.415869,-0.0716495,0.0122124,0,0,335.585,12.9207,0.0760787,7.67772,0.000307999,0.0007910886917485289,0.006073757470411515,0.011421311308251471,-0.07772325747041152
41.14,0.3,0.000307999,7.67236,0.414859,-0.0681102,0.0135617,0,0,335.738,12.9324,0.0760946,7.67236,0.000307999,0.0007905383369337749,0.006065294714757217,0.012771161663066225,-0.0741754947147572
41.16,0.395257,0.000405797,7.69662,0.414756,-0.0560676,0.0138,0,0,335.891,12.9441,0.0761117,7.69662,0.000405797,0.0010448375117197435,0.008041717289452412,0.012755162488280257,-0.06410931728945242
41.18,0.4,0.000410666,7.70518,0.416015,-0.0401887,0.0143643,0,0,336.045,12.9558,0.076134,7.70518,0.000410666,0.001058545971441796,0.008156287248233899,0.013305754028558204,-0.0483449872482339
41.2,0.4,0.000410666,7.689,0.4172,-0.0245341,0.0142025,0,0,336.198,12.9675,0.0761552,7.689,0.000410666,0.0010563309247936129,0.00812212848073809,0.013146169075206387,-0.03265622848073809
41.22,0.4,0.000410666,7.6996,0.417108,-0.0111574,0.0143857,0,0,336.352,12.9793,0.0761764,7.6996,0.000410666,0.0010577820733742268,0.008144498852152196,0.013327917926625773,-0.019301898852152194
41.24,0.4,0.000410666,7.70547,0.415896,-0.00069427,0.0149946,0,0,336.505,12.991,0.0761976,7.70547,0.000410666,0.001058585672077998,0.008156900138626851,0.013936014327922002,-0.008851170138626852
41.26,0.49797,0.000511248,7.69456,0.413663,0.00616357,0.0146041,0,0,336.659,13.0027,0.0762201,7.69456,0.000511248,0.0013159994656417452,0.010126036848348348,0.013288100534358254,-0.003962466848348348
41.28,0.5,0.000513332,7.69959,0.40983,0.00843226,0.0138845,0,0,336.813,13.0144,0.0762478,7.69959,0.000513332,0.001322224634395756,0.010180587572747219,0.012562275365604243,-0.0017483275727472186
41.3,0.5,0.000513332,7.71378,0.404927,0.00601988,0.0130058,0,0,336.966,13.0262,0.0762744,7.71378,0.000513332,0.0013246528690826673,0.010218080808472498,0.011681147130917332,-0.004198200808472498
41.32,0.5,0.000513332,7.73527,0.401492,0.000514427,0.0135697,0,0,337.12,13.0379,0.0763009,7.73527,0.000513332,0.0013283302114093709,0.010274992834408563,0.012241369788590629,-0.009760565834408564
41.34,0.5,0.000513332,7.7552,0.402105,-0.00563227,0.0136067,0,0,337.274,13.0497,0.0763276,7.7552,0.000513332,0.0013317405114318278,0.01032791401425611,0.012274959488568172,-0.015960184014256112
41.36,0.5,0.000513332,7.75006,0.40721,-0.0106314,0.0130043,0,0,337.429,13.0616,0.0763542,7.75006,0.000513332,0.001330860994935958,0.01031425256241337,0.011673439005064042,-0.020945652562413368
41.38,0.5,0.000513332,7.75508,0.414992,-0.0140031,0.0128328,0,0,337.584,13.0734,0.0763809,7.75508,0.000513332,0.001331719978043753,0.010327594967327549,0.011501080021956246,-0.024330694967327548
41.4,0.5,0.000513332,7.80506,0.423252,-0.0161669,0.0135892,0,0,337.739,13.0853,0.0764076,7.80506,0.000513332,0.0013402718398913998,0.010460902126662768,0.0122489281601086,-0.02662780212666277
41.42,0.5,0.000513332,7.79227,0.430895,-0.0178249,0.0147474,0,0,337.894,13.0972,0.0764345,7.79227,0.000513332,0.0013380834545139945,0.010426707560105764,0.013409316545486006,-0.028251607560105765
41.44,0.5,0.000513332,7.80265,0.436755,-0.0195177,0.0149914,0,0,338.05,13.1091,0.0764613,7.80265,0.000513332,0.0013398594887701913,0.010454454640052733,0.013651540511229809,-0.029972154640052734
41.46,0.5,0.000513332,7.79736,0.439306,-0.0212848,0.0146101,0,0,338.205,13.121,0.0764882,7.79736,0.000513332,0.0013389543646756057,0.010440309204946981,0.013271145635324395,-0.03172510920494698
41.48,0.5,0.000513332,7.80252,0.43928,-0.0223623,0.0147817,0,0,338.361,13.1329,0.076515,7.80252,0.000513332,0.0013398372457245026,0.010454106906510345,0.013441862754275497,-0.032816406906510345
41.5,0.5,0.000513332,7.7806,0.438894,-0.0213236,0.0153992,0,0,338.517,13.1449,0.0765419,7.7806,0.000513332,0.001336086668772184,0.010395555935048853,0.014063113331227816,-0.03171915593504886
41.52,0.5,0.000513332,7.76456,0.437912,-0.0171861,0.0150161,0,0,338.672,13.1568,0.0765687,7.76456,0.000513332,0.0013333421052410153,0.010352814776670178,0.013682757894758984,-0.027538914776670177
41.54,0.5,0.000513332,7.79909,0.434309,-0.0104972,0.0148093,0,0,338.827,13.1687,0.0765954,7.79909,0.000513332,0.0013392503700715853,0.0104449341687216,0.013470049629928415,-0.0209421341687216
41.56,0.5,0.000513332,7.81087,0.42784,-0.0032772,0.0142169,0,0,338.982,13.1806,0.0766222,7.81087,0.000513332,0.001341265925519074,0.01047645377965917,0.012875634074480925,-0.013753653779659172
41.58,0.5,0.000513332,7.80606,0.420704,0.00151593,0.0140344,0,0,339.138,13.1926,0.0766491,7.80606,0.000513332,0.0013404429395373206,0.010463578012604698,0.01269395706046268,-0.008947648012604698
41.6,0.5,0.000513332,7.81156,0.41592,0.000843956,0.0129936,0,0,339.294,13.2046,0.076676,7.81156,0.000513332,0.001341383983348893,0.010478301468968878,0.011652216016651106,-0.009634345468968878
41.62,0.5,0.000513332,7.83561,0.415684,-0.00672896,0.012991,0,0,339.45,13.2165,0.0767029,7.83561,0.000513332,0.0013454988268729031,0.010542804062833588,0.011645501173127099,-0.017271764062833588
41.64,0.6,0.000615999,7.84715,0.420387,-0.0195612,0.013,0,0,339.606,13.2285,0.0767312,7.84715,0.000615999,0.001616969499682484,0.012688602209433405,0.011383030500317515,-0.03224980220943341
41.66,0.6,0.000615999,7.86115,0.428524,-0.0331743,0.0136006,0,0,339.763,13.2406,0.076765,7.86115,0.000615999,0.0016198437824174476,0.01273383495015092,0.011980756217582551,-0.04590813495015092
41.68,0.6,0.000615999,7.88713,0.437499,-0.0425655,0.0136241,0,0,339.92,13.2527,0.0767975,7.88713,0.000615999,0.0016251774810111855,0.012817986065807752,0.011998922518988814,-0.05538348606580775
41.7,0.6,0.000615999,7.87514,0.444742,-0.0452003,0.0136,0,0,340.077,13.2648,0.07683,7.87514,0.000615999,0.0016227159559719486,0.012779115333512931,0.01197728404402805,-0.05797941533351293
41.72,0.6,0.000615999,7.89101,0.448257,-0.0418783,0.0136,0,0,340.234,13.2769,0.0768626,7.89101,0.000615999,0.00162597402905377,0.01283057732300359,0.011974025970946229,-0.05470887732300359
41.74,0.6,0.000615999,7.89167,0.447411,-0.0347515,0.0136,0,0,340.392,13.289,0.0768952,7.89167,0.000615999,0.0016261095239083658,0.012832719746541934,0.011973890476091634,-0.04758421974654193
41.76,0.7,0.000718665,7.88072,0.443893,-0.0254856,0.0141826,0,0,340.549,13.3011,0.0769291,7.88072,0.000718665,0.0018945038808321772,0.014930054623751757,0.012288096119167823,-0.040415654623751754
41.78,0.7,0.000718665,7.8958,0.440586,-0.0151993,0.0149353,0,0,340.706,13.3132,0.0769685,7.8958,0.000718665,0.0018981157215541826,0.014987142114247516,0.013037184278445817,-0.030186442114247515
41.8,0.7,0.000718665,7.89176,0.438826,-0.00481762,0.0151942,0,0,340.864,13.3254,0.0770065,7.89176,0.000718665,0.0018971481006221367,0.014971837494565753,0.013297051899377863,-0.019789457494565753
41.82,0.7,0.000718665,7.88901,0.437234,0.00472824,0.0153827,0,0,341.021,13.3376,0.0770446,7.88901,0.000718665,0.0018964894446256279,0.014961424193546024,0.013486210555374372,-0.010233184193546024
41.84,0.8,0.000821331,7.88619,0.433639,0.0122664,0.0152105,0,0,341.179,13.3497,0.0770839,7.88619,0.000821331,0.002166643578148434,0.017086562919558398,0.013043856421851567,-0.0048201629195583975
41.86,0.894859,0.00091872,7.91316,0.428274,0.0159566,0.0148103,0,0,341.336,13.3619,0.07713,7.91316,0.00091872,0.002431810302839921,0.01924330401602075,0.012378489697160079,-0.0032867040160207486
41.88,0.98013,0.00100626,7.91637,0.424148,0.0132646,0.0142397,0,0,341.494,13.3741,0.0771812,7.91637,0.00100626,0.002664601339596611,0.021093970106742424,0.011575098660403387,-0.007829370106742424
41.9,1.0,0.00102666,7.93854,0.424001,0.00274002,0.0149832,0,0,341.652,13.3863,0.0772361,7.93854,0.00102666,0.0027262063199752196,0.021642097919376078,0.01225699368002478,-0.01890207791937608
41.92,1.0,0.00102666,7.93896,0.428085,-0.0138971,0.0143965,0,0,341.81,13.3985,0.077291,7.93896,0.00102666,0.002726350016394514,0.02164438372615539,0.011670149983605486,-0.03554148372615539
41.94,1.0,0.00102666,7.94701,0.434875,-0.031868,0.0145805,0,0,341.969,13.4108,0.0773457,7.94701,0.00102666,0.0027291041813131663,0.021688218219937546,0.011851395818686834,-0.05355621821993754
41.96,1.0,0.00102666,7.96085,0.442782,-0.0449297,0.015585,0,0,342.127,13.4231,0.0774004,7.96085,0.00102666,0.0027338392190150718,0.021763683946696134,0.012851160780984928,-0.06669338394669613
41.98,1.0,0.00102666,7.97372,0.450635,-0.0477049,0.016,0,0,342.286,13.4354,0.0774552,7.97372,0.00102666,0.002738242310388244,0.021833977475188948,0.013261757689611756,-0.06953887747518894
42.0,1.0,0.00102666,7.99162,0.457164,-0.0384522,0.0162064,0,0,342.445,13.4478,0.0775101,7.99162,0.00102666,0.0027443661346351397,0.021931931288872875,0.01346203386536486,-0.06038413128887288
42.02,1.0,0.00102666,7.98892,0.461268,-0.0199032,0.0164,0,0,342.605,13.4602,0.0775651,7.98892,0.00102666,0.0027434424392570895,0.02191714217182975,0.013656557560742912,-0.04182034217182975
42.04,1.0,0.00102666,7.98605,0.462893,0.00239003,0.0164,0,0,342.764,13.4726,0.0776201,7.98605,0.00102666,0.0027424605814014096,0.021901427326100727,0.013657539418598591,-0.019511397326100726
42.06,1.0,0.00102666,7.9702,0.462685,0.0218401,0.0162168,0,0,342.923,13.485,0.0776751,7.9702,0.00102666,0.002737038054048394,0.021814740698376512,0.013479761945951605,2.5359301623489178e-05
42.08,1.0,0.00102666,7.97726,0.46121,0.0327421,0.0164,0,0,343.082,13.4973,0.07773,7.97726,0.00102666,0.0027394534030393963,0.021853332053930054,0.013660546596960605,0.010888767946069949
42.1,1.0,0.00102666,7.98608,0.459291,0.032996,0.0158026,0,0,343.241,13.5097,0.0777849,7.98608,0.00102666,0.0027424708447446157,0.021901591563798083,0.013060129155255385,0.011094408436201915
42.12,1.0,0.00102666,7.99418,0.458218,0.0247094,0.0150259,0,0,343.401,13.5222,0.0778399,7.99418,0.00102666,0.0027452419314281185,0.021945958143384035,0.01228065806857188,0.002763441856615964
42.14,1.0,0.00102666,8.01079,0.459224,0.011808,0.0148,0,0,343.56,13.5346,0.0778949,8.01079,0.00102666,0.002750924269964825,0.02203707663259152,0.012049075730035176,-0.01022907663259152
42.16,1.0,0.00102666,8.03299,0.462809,-0.00182766,0.0148,0,0,343.72,13.5471,0.0779501,8.03299,0.00102666,0.002758518757145845,0.022159153590965,0.012041481242854157,-0.023986813590965002
42.18,1.0,0.00102666,8.03584,0.467739,-0.0127097,0.0151626,0,0,343.88,13.5596,0.0780054,8.03584,0.00102666,0.002759493707687239,0.022174849915981426,0.012403106292312761,-0.03488454991598143
42.2,1.0,0.00102666,8.03614,0.471205,-0.0179517,0.0149985,0,0,344.041,13.5721,0.0780607,8.03614,0.00102666,0.0027595963338293596,0.022176502482139468,0.01223890366617064,-0.04012820248213947
42.22,1.0,0.00102666,8.04964,0.471206,-0.015537,0.0144104,0,0,344.201,13.5847,0.078116,8.04964,0.00102666,0.0027642144647213414,0.0222509313237995,0.011646185535278658,-0.0377879313237995
42.24,1.0,0.00102666,8.05827,0.468148,-0.00510772,0.0151938,0,0,344.362,13.5973,0.0781715,8.05827,0.00102666,0.002767166600964685,0.022298575605555693,0.012426633399035315,-0.027406295605555693
42.26,1.0,0.00102666,8.04723,0.463404,0.0108132,0.0154,0,0,344.522,13.6099,0.0782269,8.04723,0.00102666,0.0027633900493672235,0.022237635306969403,0.012636609950632777,-0.011424435306969403
42.28,1.0,0.00102666,8.07041,0.457833,0.0266685,0.0152,0,0,344.683,13.6225,0.0782824,8.07041,0.00102666,0.0027713193705206354,0.02236568356104344,0.012428680629479365,0.00430281643895656
42.3,1.0,0.00102666,8.07774,0.452505,0.0359838,0.015,0,0,344.844,13.6351,0.0783379,8.07774,0.00102666,0.002773826732645951,0.022406251151363504,0.012226173267354049,0.0135775488486365
42.32,0.9,0.000923998,8.08045,0.449195,0.0352077,0.015,0,0,345.005,13.6477,0.0783921,8.08045,0.000923998,0.0024972890025502536,0.0201792189206572,0.012502710997449746,0.015028481079342803
42.34,0.9,0.000923998,8.08328,0.449241,0.0260134,0.0153932,0,0,345.166,13.6604,0.0784408,8.08328,0.000923998,0.002498160245003701,0.020193328745233517,0.012895039754996299,0.005820071254766482
42.36,0.9,0.000923998,8.08333,0.452459,0.0135876,0.0159893,0,0,345.327,13.6731,0.0784909,8.08333,0.000923998,0.0024981756379480937,0.020193578079494963,0.013491124362051908,-0.006605978079494963
42.38,0.9,0.000923998,8.10108,0.457109,0.00284551,0.0161667,0,0,345.489,13.6858,0.078541,8.10108,0.000923998,0.0025036400633385992,0.02028218844431106,0.0136630599366614,-0.01743667844431106
42.4,0.9,0.000923998,8.10543,0.460923,-0.00409881,0.0167702,0,0,345.65,13.6985,0.0785912,8.10543,0.000923998,0.002504979211099665,0.02030393364702356,0.014265220788900334,-0.024402743647023557
42.42,0.9,0.000923998,8.11373,0.462731,-0.00819915,0.0177851,0,0,345.812,13.7112,0.0786414,8.11373,0.000923998,0.0025075343433297293,0.020345456627504727,0.015277565656670272,-0.02854460662750473
42.44,0.9,0.000923998,8.12499,0.463115,-0.012192,0.0176005,0,0,345.974,13.724,0.0786917,8.12499,0.000923998,0.0025110006545831956,0.02040185520848192,0.015089499345416806,-0.03259385520848192
42.46,0.9,0.000923998,8.15146,0.463352,-0.0184631,0.017035,0,0,346.136,13.7368,0.078742,8.15146,0.000923998,0.0025191490346609707,0.020534742590077516,0.014515850965339031,-0.03899784259007752
42.48,0.9,0.000923998,8.16045,0.464088,-0.0273071,0.0166,0,0,346.299,13.7496,0.0787926,8.16045,0.000923998,0.0025219163961281506,0.02057997265478397,0.01407808360387185,-0.047887072654783966
42.5,0.8,0.000821331,8.15839,0.464902,-0.0369074,0.016408,0,0,346.461,13.7625,0.0788417,8.15839,0.000821331,0.0022411381514916093,0.018284079083747632,0.01416686184850839,-0.055191479083747635
42.52,0.8,0.000821331,8.14453,0.464666,-0.0442643,0.0146083,0,0,346.624,13.7753,0.0788852,8.14453,0.000821331,0.0022373457054325977,0.018222129218266953,0.012370954294567402,-0.062486429218266956
42.54,0.8,0.000821331,8.13613,0.462635,-0.0457384,0.0146048,0,0,346.787,13.7882,0.0789301,8.13613,0.000821331,0.002235047216264516,0.018184634707666215,0.012369752783735484,-0.06392303470766622
42.56,0.891035,0.000914793,8.13875,0.459282,-0.0380555,0.0151821,0,0,346.949,13.801,0.0789762,8.13875,0.000914793,0.0024901793375157687,0.020266947083206463,0.012691920662484231,-0.05832244708320646
42.58,0.9,0.000923998,8.14917,0.455857,-0.019978,0.0148267,0,0,347.111,13.8139,0.0790275,8.14917,0.000923998,0.002518444105904902,0.02052322915451705,0.012308255894095097,-0.04050122915451705
42.6,0.9,0.000923998,8.16373,0.453684,0.00725961,0.0140043,0,0,347.274,13.8268,0.0790782,8.16373,0.000923998,0.002522926058522594,0.020596487151742653,0.011481373941477406,-0.013336877151742654
42.62,0.9,0.000923998,8.1905,0.453427,0.0403035,0.0149494,0,0,347.437,13.8397,0.0791287,8.1905,0.000923998,0.00253116632466643,0.020731517782180395,0.01241823367533357,0.019571982217819604
42.64,0.9,0.000923998,8.18896,0.453906,0.0730834,0.0159734,0,0,347.6,13.8526,0.0791795,8.18896,0.000923998,0.002530692294884118,0.02072373797511425,0.01344270770511588,0.05235966202488576
42.66,0.9,0.000923998,8.2079,0.452659,0.0965629,0.0162085,0,0,347.763,13.8656,0.0792302,8.2079,0.000923998,0.00253652217175859,0.02081952033357733,0.013671977828241411,0.07574337966642267
42.68,0.8,0.000821331,8.2058,0.448332,0.101042,0.015301,0,0,347.927,13.8786,0.0792797,8.2058,0.000821331,0.0022541101483277977,0.018496777055148243,0.013046889851672202,0.08254522294485177
42.7,0.8,0.000821331,8.18935,0.441733,0.0809043,0.015,0,0,348.091,13.8916,0.0793235,8.18935,0.000821331,0.0022496093141881794,0.018422838037146966,0.01275039068581182,0.062481461962853035
42.72,0.8,0.000821331,8.21683,0.435364,0.0389556,0.0158052,0,0,348.254,13.9046,0.0793686,8.21683,0.000821331,0.002257127972445742,0.018546436837831345,0.013548072027554257,0.020409163162168655
42.74,0.8,0.000821331,8.24215,0.432489,-0.0132691,0.015783,0,0,348.418,13.9176,0.0794138,8.24215,0.000821331,0.0022640553776071383,0.018660684030544675,0.013518944622392861,-0.031929784030544674
42.76,0.8,0.000821331,8.26328,0.435334,-0.0598622,0.0152112,0,0,348.583,13.9307,0.0794592,8.26328,0.000821331,0.002269836226573134,0.018756292294317245,0.012941363773426865,-0.07861849229431725
42.78,0.8,0.000821331,8.27952,0.443422,-0.0872575,0.0157511,0,0,348.747,13.9439,0.0795047,8.27952,0.000821331,0.0022742791235679997,0.018829939489163724,0.013476820876432,-0.10608743948916373
42.8,0.8,0.000821331,8.28332,0.454131,-0.0908229,0.0157982,0,0,348.913,13.957,0.0795503,8.28332,0.000821331,0.0022753187023835577,0.01884719291382777,0.01352288129761644,-0.10967009291382776
42.82,0.8,0.000821331,8.27792,0.464481,-0.0776755,0.0150205,0,0,349.078,13.9702,0.079596,8.27792,0.000821331,0.0022738414044340635,0.018822677238592822,0.012746658595565938,-0.09649817723859282
42.84,0.8,0.000821331,8.25845,0.472273,-0.0625916,0.014405,0,0,349.243,13.9834,0.0796416,8.25845,0.000821331,0.0022685148272872722,0.018734416275410573,0.012136485172712727,-0.08132601627541057
42.86,0.8,0.000821331,8.28055,0.476892,-0.0592392,0.0136001,0,0,349.408,13.9965,0.079687,8.28055,0.000821331,0.0022745609047156432,0.01883461529954312,0.011325539095284358,-0.07807381529954312
42.88,0.8,0.000821331,8.2653,0.478782,-0.0715707,0.0132,0,0,349.573,14.0097,0.0797327,8.2653,0.000821331,0.002270388858693819,0.018765445033762023,0.01092961114130618,-0.09033614503376203
42.9,0.8,0.000821331,8.25011,0.478141,-0.0896202,0.0137941,0,0,349.738,14.0229,0.0797782,8.25011,0.000821331,0.0022662331344375976,0.018696672644754966,0.011527866865562402,-0.10831687264475497
42.92,0.7,0.000718665,8.27929,0.475718,-0.0941923,0.01495,0,0,349.902,14.036,0.0798222,8.27929,0.000718665,0.0019899401097967636,0.016475291251639247,0.012960059890203237,-0.11066759125163925
42.94,0.7,0.000718665,8.30044,0.473115,-0.068778,0.0146103,0,0,350.067,14.0493,0.0798607,8.30044,0.000718665,0.0019950028664677453,0.016559401592943532,0.012615297133532254,-0.08533740159294353
42.96,0.7,0.000718665,8.31633,0.470605,-0.00951284,0.0153749,0,0,350.233,14.0625,0.0799007,8.31633,0.000718665,0.001998806412934204,0.01662273373607711,0.013376093587065797,-0.02613557373607711
42.98,0.516856,0.000530637,8.32173,0.467074,0.0711757,0.0163663,0,0,350.399,14.0758,0.0799381,8.32173,0.000530637,0.0014768027345966421,0.012289553620574916,0.014889497265403359,0.058886146379425075
43.0,0.496698,0.000509942,8.31965,0.462586,0.146842,0.0153736,0,0,350.565,14.0891,0.0799648,8.31965,0.000509942,0.001418853704499335,0.011804366222637893,0.013954746295500664,0.1350376337773621
43.02,0.302779,0.000310853,8.33042,0.458865,0.187105,0.0136278,0,0,350.731,14.1024,0.0799902,8.33042,0.000310853,0.0008660269651616877,0.007214368351122226,0.012761773034838313,0.17989063164887778
43.04,0.1,0.000102666,8.34722,0.457309,0.172066,0.0123985,0,0,350.897,14.1157,0.0800019,8.34722,0.000102666,0.00028659878576535463,0.0023923031165162837,0.012111901214234645,0.16967369688348372
43.06,0.1,0.000102666,8.34722,0.45807,0.101763,0.011802,0,0,351.064,14.1291,0.0800047,8.34722,0.000102666,0.00028659878576535463,0.0023923031165162837,0.011515401214234645,0.09937069688348373
43.08,0.1,0.000102666,8.39361,0.460713,-0.00354196,0.0108547,0,0,351.23,14.1424,0.0800105,8.39361,0.000102666,0.0002881849544524688,0.0024189121155417867,0.010566515045547531,-0.005960872115541787
43.1,0.1,0.000102666,8.40823,0.46481,-0.111097,0.00961061,0,0,351.397,14.1558,0.0800163,8.40823,0.000102666,0.00028868481936050093,0.0024273283586915446,0.0093219251806395,-0.11352432835869154
43.12,0.1,0.000102666,8.40297,0.470246,-0.188835,0.00978613,0,0,351.565,14.1693,0.0800221,8.40297,0.000102666,0.0002885049786589517,0.0024242986805218113,0.00949762502134105,-0.19125929868052183
43.14,0.1,0.000102666,8.38369,0.476591,-0.217964,0.0111799,0,0,351.733,14.1827,0.0800278,8.38369,0.000102666,0.00028784577862492306,0.002413209775799981,0.010892054221375076,-0.22037720977579997
43.16,0.1,0.000102666,8.36693,0.482264,-0.197996,0.0125813,0,0,351.9,14.1962,0.0800336,8.36693,0.000102666,0.00028727272421524613,0.0024035907744182692,0.012294027275784753,-0.20039959077441827
43.18,0.1,0.000102666,8.37675,0.485835,-0.143687,0.0140952,0,0,352.067,14.2095,0.0800394,8.37675,0.000102666,0.00028760848933151673,0.0024092244130077827,0.013807591510668484,-0.1460962244130078
43.2,0.1,0.000102666,8.39509,0.488191,-0.077781,0.0158121,0,0,352.234,14.2229,0.0800451,8.39509,0.000102666,0.00028823555686790424,0.0024197634411061743,0.015523864443132095,-0.08020076344110617
43.22,0.1,0.000102666,8.43326,0.491833,-0.0222537,0.0163991,0,0,352.401,14.2364,0.0800509,8.43326,0.000102666,0.000289540581885872,0.002441771007594849,0.01610955941811413,-0.024695471007594852
43.24,0.1,0.000102666,8.45272,0.497169,0.00969645,0.0163977,0,0,352.57,14.2499,0.0800567,8.45272,0.000102666,0.00029020588688272826,0.0024530291041713745,0.016107494113117272,0.007243420895828626
43.26,0.1,0.000102666,8.43368,0.500704,0.0181419,0.0155906,0,0,352.738,14.2634,0.0800625,8.43368,0.000102666,0.0002895549411914119,0.002442013716427187,0.015301045058808587,0.01569988628357281
43.28,0.1,0.000102666,8.49067,0.499085,0.0143931,0.0139174,0,0,352.907,14.2769,0.0800684,8.49067,0.000102666,0.00029150327824636896,0.0024750581395080974,0.013625896721753631,0.011918041860491904
43.3,0.0,0.0,8.49434,0.493849,0.012855,0.0115973,0,0,353.076,14.2905,0.0800727,8.49434,0.0,0.0,0.0,0.0115973,0.012855
43.32,-0.094846,-9.7375e-05,8.45114,0.4889,0.0228318,0.0108103,0,0,353.245,14.3041,0.0800699,8.45114,-9.7375e-05,-0.00027519858896785603,-0.002325741803169807,0.011085498588967856,0.025157541803169807
43.34,-0.1,-0.000102666,8.43897,0.485198,0.043705,0.00960628,0,0,353.414,14.3176,0.0800629,8.43897,-0.000102666,-0.00028973579929007,-0.002445071718134922,0.00989601579929007,0.04615007171813492
43.36,-0.199603,-0.000204925,8.46107,0.481803,0.0642688,0.00979921,0,0,353.582,14.3311,0.0800556,8.46107,-0.000204925,-0.0005798311149246388,-0.004905991651555413,0.010379041114924638,0.06917479165155542
43.38,-0.2,-0.000205333,8.49425,0.479701,0.0695762,0.0107382,0,0,353.751,14.3447,0.0800425,8.49425,-0.000205333,-0.0005832541734376623,-0.004954306762722863,0.011321454173437662,0.07453050676272287
43.4,-0.201799,-0.000207179,8.48909,0.481231,0.051687,0.0112108,0,0,353.92,14.3582,0.0800308,8.48909,-0.000207179,-0.0005881418173355386,-0.004992788820124947,0.011798941817335538,0.05667978882012494
43.42,-0.3,-0.000307999,8.51055,0.486818,0.0140651,0.0123699,0,0,354.09,14.3718,0.0800175,8.51055,-0.000307999,-0.0008765515208754893,-0.0074599355459868955,0.01324645152087549,0.021525035545986896
43.44,-0.3,-0.000307999,8.50285,0.493482,-0.0320617,0.0135965,0,0,354.26,14.3854,0.0799985,8.50285,-0.000307999,-0.0008757618434734426,-0.007446471590778162,0.014472261843473442,-0.024615228409221836
43.46,-0.3,-0.000307999,8.48612,0.496777,-0.0735539,0.0147991,0,0,354.429,14.399,0.0799809,8.48612,-0.000307999,-0.0008740460582099209,-0.007417259735496374,0.015673146058209922,-0.06613664026450364
43.48,-0.3,-0.000307999,8.50144,0.494672,-0.100316,0.0152,0,0,354.598,14.4126,0.0799634,8.50144,-0.000307999,-0.0008756172392140816,-0.007444007422144162,0.016075617239214083,-0.09287199257785583
43.5,-0.3,-0.000307999,8.51895,0.489221,-0.108496,0.0140219,0,0,354.768,14.4262,0.0799458,8.51895,-0.000307999,-0.0008774129766510817,-0.007474637277441732,0.014899312976651083,-0.10102136272255827
43.52,-0.3,-0.000307999,8.5387,0.483818,-0.100363,0.0136042,0,0,354.938,14.4398,0.0799282,8.5387,-0.000307999,-0.0008794383801192328,-0.007509260496324094,0.014483638380119233,-0.0928537395036759
43.54,-0.3,-0.000307999,8.56111,0.479588,-0.0812281,0.0132002,0,0,355.108,14.4534,0.0799106,8.56111,-0.000307999,-0.0008817364986378306,-0.007548643155853317,0.01408193649863783,-0.07367945684414667
43.56,-0.3,-0.000307999,8.54448,0.475323,-0.0566299,0.0120016,0,0,355.279,14.4671,0.0798929,8.54448,-0.000307999,-0.0008800311196418347,-0.007519408301157264,0.012881631119641834,-0.04911049169884273
43.58,-0.3,-0.000307999,8.54704,0.470197,-0.0313795,0.0112495,0,0,355.45,14.4808,0.0798753,8.54704,-0.000307999,-0.0008802936462123774,-0.007523905005923039,0.012129793646212379,-0.02385559499407696
43.6,-0.3,-0.000307999,8.55835,0.465425,-0.00928485,0.0108,0,0,355.62,14.4944,0.0798576,8.55835,-0.000307999,-0.0008814534681844242,-0.0075437872894361675,0.011681453468184425,-0.0017410627105638333
43.62,-0.3,-0.000307999,8.57191,0.463178,0.00692426,0.010418,0,0,355.791,14.5081,0.0798399,8.57191,-0.000307999,-0.0008828439976881999,-0.007567659292223458,0.0113008439976882,0.014491919292223458
43.64,-0.3,-0.000307999,8.57222,0.464848,0.0154396,0.0103926,0,0,355.962,14.5217,0.0798222,8.57222,-0.000307999,-0.0008828757867440923,-0.007568205476643442,0.011275475786744092,0.023007805476643443
43.66,-0.3,-0.000307999,8.58329,0.47047,0.0158178,0.0109984,0,0,356.133,14.5354,0.0798045,8.58329,-0.000307999,-0.0008840109538387017,-0.007587722379974189,0.011882410953838702,0.02340552237997419
43.68,-0.3,-0.000307999,8.5859,0.478802,0.00992672,0.0110283,0,0,356.304,14.5491,0.0797868,8.5859,-0.000307999,-0.0008842785920715332,-0.007592327563666978,0.011912578592071532,0.017519047563666977
43.7,-0.3,-0.000307999,8.58611,0.487612,0.00152505,0.0104137,0,0,356.475,14.5628,0.0797691,8.58611,-0.000307999,-0.0008843001261359299,-0.007592698156016969,0.011298000126135929,0.009117748156016969
43.72,-0.299157,-0.000307134,8.59455,0.494336,-0.00598813,0.0108017,0,0,356.646,14.5765,0.0797514,8.59455,-0.000307134,-0.0008826796406871326,-0.007586234305867596,0.011684379640687132,0.0015981043058675955
43.74,-0.2,-0.000205333,8.61961,0.497449,-0.0112038,0.0108079,0,0,356.818,14.5902,0.0797351,8.61961,-0.000205333,-0.0005918244395100598,-0.005101295857045306,0.01139972443951006,-0.006102504142954694
43.76,-0.2,-0.000205333,8.62758,0.497354,-0.0144468,0.0115703,0,0,356.99,14.6039,0.0797247,8.62758,-0.000205333,-0.0005923692550998229,-0.00511071313791413,0.012162669255099824,-0.009336086862085868
43.78,-0.2,-0.000205333,8.64089,0.495421,-0.0168853,0.012378,0,0,357.162,14.6177,0.0797128,8.64089,-0.000205333,-0.000593279089135594,-0.005126459348520863,0.012971279089135593,-0.011758840651479136
43.8,-0.2,-0.000205333,8.66103,0.492394,-0.0198562,0.0127941,0,0,357.334,14.6315,0.079701,8.66103,-0.000205333,-0.0005946557673545494,-0.005150331440730773,0.013388755767354548,-0.014705868559269229
43.82,-0.2,-0.000205333,8.6501,0.48794,-0.0243166,0.0122038,0,0,357.507,14.6453,0.079689,8.6501,-0.000205333,-0.0005939086478666333,-0.005137369194911165,0.012797708647866633,-0.019179230805088834
43.84,-0.2,-0.000205333,8.64454,0.482338,-0.0302372,0.0122011,0,0,357.68,14.659,0.0796771,8.64454,-0.000205333,-0.0005935285895889655,-0.0051307816338453955,0.012794628589588965,-0.025106418366154605
43.86,-0.2,-0.000205333,8.67918,0.477941,-0.0361915,0.0124,0,0,357.852,14.6728,0.0796652,8.67918,-0.000205333,-0.0005958963817531201,-0.005171891958584045,0.01299589638175312,-0.031019608041415958
43.88,-0.2,-0.000205333,8.67542,0.477246,-0.0399391,0.011827,0,0,358.025,14.6866,0.0796533,8.67542,-0.000205333,-0.0005956393757777172,-0.005167421753409524,0.012422639375777717,-0.03477167824659047
43.9,-0.2,-0.000205333,8.66962,0.480321,-0.0398561,0.0121783,0,0,358.198,14.7004,0.0796413,8.66962,-0.000205333,-0.0005952429274709071,-0.005160529988860326,0.012773542927470906,-0.034695570011139674
43.92,-0.1,-0.000102666,8.64761,0.484846,-0.0359874,0.0122,0,0,358.371,14.7142,0.0796309,8.64761,-0.000102666,-0.00029686777223315023,-0.0025671967158411124,0.01249686777223315,-0.03342020328415889
43.94,-0.1,-0.000102666,8.67216,0.487716,-0.0301012,0.0122,0,0,358.544,14.728,0.0796264,8.67216,-0.000102666,-0.0002977068194436623,-0.0025817611713065502,0.012497706819443663,-0.02751943882869345
43.96,-0.1,-0.000102666,8.67778,0.487283,-0.02469,0.0116,0,0,358.717,14.7418,0.0796204,8.67778,-0.000102666,-0.0002978988901507322,-0.002585101030972221,0.011897898890150731,-0.02210489896902778
43.98,-0.1,-0.000102666,8.69077,0.484569,-0.0214762,0.0119757,0,0,358.89,14.7556,0.0796145,8.69077,-0.000102666,-0.00029834283369147057,-0.002592828948760822,0.01227404283369147,-0.01888337105123918
44.0,-0.00107971,-1.1085e-06,8.69443,0.481705,-0.0206692,0.0122,0,0,359.063,14.7694,0.07961,8.69443,-1.1085e-06,-3.2226022553933097e-06,-2.8018689727359257e-05,0.012203222602255395,-0.02064118131027264
44.02,0.0,0.0,8.69444,0.47992,-0.0211252,0.0126,0,0,359.237,14.7833,0.0796114,8.69444,0.0,0.0,0.0,0.0126,-0.0211252
44.04,0.0,0.0,8.71909,0.479162,-0.0209694,0.0124,0,0,359.41,14.7971,0.0796114,8.71909,0.0,0.0,0.0,0.0124,-0.0209694
44.06,0.1,0.000102666,8.7579,0.478425,-0.0188262,0.0131913,0,0,359.584,14.811,0.0796129,8.7579,0.000102666,0.00030063691249280366,0.0026329480159207248,0.012890663087507196,-0.021459148015920727
44.08,0.1,0.000102666,8.79157,0.475965,-0.0147418,0.0130302,0,0,359.759,14.8249,0.0796204,8.79157,0.000102666,0.0003017874500575255,0.0026531854923022395,0.012728412549942475,-0.01739498549230224
44.1,0.0,0.0,8.75897,0.470342,-0.00980595,0.0118198,0,0,359.934,14.8389,0.079625,8.75897,0.0,0.0,0.0,0.0118198,-0.00980595
44.12,0.0,0.0,8.76419,0.46287,-0.00562176,0.0114094,0,0,360.109,14.8529,0.0796235,8.76419,0.0,0.0,0.0,0.0114094,-0.00562176
44.14,0.0,0.0,8.78879,0.458067,-0.00424208,0.0120071,0,0,360.284,14.8668,0.0796235,8.78879,0.0,0.0,0.0,0.0120071,-0.00424208
44.16,0.0,0.0,8.78352,0.459588,-0.00716939,0.0120135,0,0,360.459,14.8808,0.0796235,8.78352,0.0,0.0,0.0,0.0120135,-0.00716939
44.18,0.0,0.0,8.79379,0.466872,-0.0135245,0.012,0,0,360.634,14.8948,0.0796235,8.79379,0.0,0.0,0.0,0.012,-0.0135245
44.2,0.0,0.0,8.78623,0.477094,-0.0199338,0.0133772,0,0,360.809,14.9088,0.0796235,8.78623,0.0,0.0,0.0,0.0133772,-0.0199338
44.22,0.0,0.0,8.80211,0.488313,-0.0231211,0.0138,0,0,360.985,14.9228,0.0796235,8.80211,0.0,0.0,0.0,0.0138,-0.0231211
44.24,0.0,0.0,8.81389,0.499512,-0.0229375,0.0136,0,0,361.16,14.9368,0.0796235,8.81389,0.0,0.0,0.0,0.0136,-0.0229375
44.26,0.0,0.0,8.81389,0.509622,-0.0230051,0.0136,0,0,361.336,14.9508,0.0796235,8.81389,0.0,0.0,0.0,0.0136,-0.0230051
44.28,0.0,0.0,8.83927,0.517595,-0.0277738,0.0137672,0,0,361.512,14.9648,0.0796235,8.83927,0.0,0.0,0.0,0.0137672,-0.0277738
44.3,0.0,0.0,8.86117,0.522263,-0.0379646,0.0134,0,0,361.688,14.9789,0.0796235,8.86117,0.0,0.0,0.0,0.0134,-0.0379646
44.32,0.0,0.0,8.86388,0.521824,-0.0489688,0.0134,0,0,361.865,14.993,0.0796235,8.86388,0.0,0.0,0.0,0.0134,-0.0489688
44.34,0.0,0.0,8.83872,0.514734,-0.0540853,0.0135949,0,0,362.042,15.0071,0.0796235,8.83872,0.0,0.0,0.0,0.0135949,-0.0540853
44.36,0.093912,9.64161e-05,8.82545,0.501823,-0.0492871,0.0130244,0,0,362.218,15.0212,0.0796249,8.82545,9.64161e-05,0.0002845030027846579,0.002510867025925859,0.012739896997215342,-0.05179796702592586
44.38,0.1,0.000102666,8.843,0.487123,-0.0353895,0.0116792,0,0,362.394,15.0352,0.0796321,8.843,0.000102666,0.0003035447477626065,0.0026842462044647294,0.011375655252237394,-0.03807374620446473
44.4,0.1,0.000102666,8.87779,0.476051,-0.0166747,0.0110007,0,0,362.571,15.0493,0.0796383,8.87779,0.000102666,0.00030473339740672917,0.002705359108163486,0.010695966602593272,-0.019380059108163487
44.42,0.1,0.000102666,8.88598,0.472169,0.00192782,0.0112,0,0,362.748,15.0634,0.0796444,8.88598,0.000102666,0.0003050132108907901,0.0027103412917113432,0.01089498678910921,-0.0007825212917113432
44.44,0.1,0.000102666,8.88058,0.474871,0.0167023,0.0112,0,0,362.925,15.0776,0.0796505,8.88058,0.000102666,0.00030482871888961704,0.002707055824396755,0.010895171281110384,0.013995244175603244
44.46,0.1,0.000102666,8.8722,0.48002,0.0254396,0.0112032,0,0,363.102,15.0917,0.0796567,8.8722,0.000102666,0.0003045424115254849,0.002701961183536407,0.010898657588474515,0.022737638816463592
44.48,0.1,0.000102666,8.86702,0.483275,0.0270023,0.0119511,0,0,363.279,15.1059,0.0796628,8.86702,0.000102666,0.0003043654320517329,0.0026988143733113566,0.011646734567948267,0.024303485626688645
44.5,0.1,0.000102666,8.89686,0.483048,0.0213782,0.0123977,0,0,363.456,15.12,0.0796689,8.89686,0.000102666,0.0003053849233325633,0.0027169669090005492,0.012092315076667436,0.01866123309099945
44.52,0.1,0.000102666,8.92504,0.48047,0.010143,0.0130019,0,0,363.633,15.1341,0.079675,8.92504,0.000102666,0.0003063476561641983,0.002734165085171716,0.012695552343835802,0.007408834914828284
44.54,0.1,0.000102666,8.93371,0.477419,-0.00379608,0.0136129,0,0,363.811,15.1484,0.0796811,8.93371,0.000102666,0.0003066438467282,0.002739467199954187,0.0133062561532718,-0.006535547199954187
44.56,0.1,0.000102666,8.95493,0.475252,-0.0171159,0.0141884,0,0,363.99,15.1626,0.0796873,8.95493,0.000102666,0.0003073687619171285,0.0027524657471545513,0.013881031238082871,-0.019868365747154552
44.58,0.187731,0.000192737,8.98159,0.474826,-0.0269595,0.0130736,0,0,364.168,15.1769,0.0796948,8.98159,0.000192737,0.0005787394391274348,0.005198000359072578,0.012494860560872565,-0.032157500359072576
44.6,0.2,0.000205333,8.97779,0.4768,-0.0318513,0.0129994,0,0,364.347,15.1912,0.079708,8.97779,0.000205333,0.0006163023584251549,0.005533033150445772,0.012383097641574844,-0.03738433315044577
44.62,0.2,0.000205333,9.00213,0.481652,-0.032366,0.0135792,0,0,364.527,15.2055,0.0797205,9.00213,0.000205333,0.0006179652462250974,0.005563003482000336,0.012961234753774902,-0.03792900348200033
44.64,0.2,0.000205333,9.011,0.48929,-0.0302931,0.0134055,0,0,364.706,15.2198,0.0797329,9.011,0.000205333,0.0006185712208965438,0.005573945271498756,0.012786928779103457,-0.035867045271498754
44.66,0.2,0.000205333,8.99451,0.498587,-0.0269368,0.0132,0,0,364.886,15.2342,0.0797453,8.99451,0.000205333,0.0006174446613482403,0.00555361218094336,0.01258255533865176,-0.03249041218094336
44.68,0.2,0.000205333,8.9739,0.507671,-0.0230091,0.0133429,0,0,365.065,15.2485,0.0797577,8.9739,0.000205333,0.0006160365909965635,0.005528250763944061,0.012726863409003437,-0.028537350763944064
44.7,0.2,0.000205333,8.97497,0.514764,-0.0195996,0.0136,0,0,365.244,15.2628,0.0797701,8.97497,0.000205333,0.0006161096942838775,0.005529566022906972,0.012983890305716122,-0.02512916602290697
44.72,0.3,0.000307999,8.99377,0.518656,-0.0180515,0.0132277,0,0,365.423,15.2771,0.079784,8.99377,0.000307999,0.0009260896711575299,0.008329037501766457,0.01230161032884247,-0.026380537501766457
44.74,0.3,0.000307999,9.01623,0.519073,-0.0192336,0.0135928,0,0,365.603,15.2915,0.0798041,9.01623,0.000307999,0.0009283912838889755,0.008370589345538297,0.012664408716111025,-0.027604189345538297
44.76,0.3,0.000307999,9.0029,0.516788,-0.0232648,0.0136035,0,0,365.783,15.3059,0.0798227,9.0029,0.000307999,0.000927025287728118,0.008345915962887474,0.01267647471227188,-0.031610715962887476
44.78,0.3,0.000307999,9.00535,0.512745,-0.0292661,0.0136,0,0,365.962,15.3202,0.0798413,9.00535,0.000307999,0.0009272763544735265,0.008350448118758172,0.012672723645526473,-0.03761654811875817
44.8,0.3,0.000307999,9.02477,0.507247,-0.0351086,0.0130047,0,0,366.142,15.3346,0.0798599,9.02477,0.000307999,0.0009292664078964652,0.008386415599991781,0.012075433592103535,-0.043495015599991776
44.82,0.3,0.000307999,9.05454,0.500253,-0.0380723,0.0129868,0,0,366.322,15.349,0.0798785,9.05454,0.000307999,0.0009323169513825718,0.008441701128971552,0.012054483048617427,-0.046514001128971555
44.84,0.3,0.000307999,9.06649,0.492335,-0.0363614,0.0128066,0,0,366.502,15.3635,0.0798972,9.06649,0.000307999,0.0009335414314916741,0.008463944053204948,0.011873058568508326,-0.04482534405320495
44.86,0.3,0.000307999,9.09143,0.485105,-0.0299099,0.0122036,0,0,366.683,15.378,0.079916,9.09143,0.000307999,0.0009360968814210867,0.00851045927065811,0.011267503118578914,-0.03842035927065811
44.88,0.3,0.000307999,9.08915,0.480096,-0.0195561,0.0118,0,0,366.865,15.3925,0.0799348,9.08915,0.000307999,0.000935863267973736,0.008506201622103483,0.010864136732026264,-0.028062301622103485
44.9,0.3,0.000307999,9.0806,0.477781,-0.0058034,0.0128077,0,0,367.046,15.407,0.0799535,9.0806,0.000307999,0.0009349872098916199,0.008490244858141843,0.01187271279010838,-0.014293644858141843
44.92,0.3,0.000307999,9.08871,0.478248,0.0109487,0.0139824,0,0,367.227,15.4215,0.0799723,9.08871,0.000307999,0.0009358181845779157,0.00850538009235515,0.013046581815422086,0.002443319907644851
44.94,0.3,0.000307999,9.09439,0.481729,0.0287922,0.0138042,0,0,367.408,15.4361,0.0799911,9.09439,0.000307999,0.0009364001677716739,0.008515988321781034,0.012867799832228327,0.020276211678218966
44.96,0.3,0.000307999,9.11389,0.487928,0.0434455,0.0142,0,0,367.59,15.4506,0.0800098,9.11389,0.000307999,0.0009383981328123536,0.008552457358657181,0.013261601867187648,0.03489304264134282
44.98,0.3,0.000307999,9.11131,0.495485,0.0496914,0.0132828,0,0,367.772,15.4652,0.0800287,9.11131,0.000307999,0.0009381337902847692,0.00854762778475952,0.012344666209715232,0.04114377221524047
45.0,0.396846,0.000407428,9.11384,0.502453,0.0445772,0.0131967,0,0,367.953,15.4798,0.080049,9.11384,0.000407428,0.001241327394911531,0.011313259264840506,0.01195537260508847,0.033263940735159495
45.02,0.4,0.000410666,9.14721,0.507398,0.0300017,0.0137998,0,0,368.135,15.4943,0.0800755,9.14721,0.000410666,0.0012557513301847004,0.011486621124978792,0.012544048669815299,0.018515078875021206
45.04,0.4,0.000410666,9.16128,0.5099,0.0119677,0.0141884,0,0,368.318,15.509,0.0801007,9.16128,0.000410666,0.001257673322068333,0.011521897451998178,0.012930726677931667,0.00044580254800182136
45.06,0.492087,0.000505208,9.17973,0.510183,-0.00307845,0.0128633,0,0,368.5,15.5237,0.0801274,9.17973,0.000505208,0.001550310687397309,0.0142314335264217,0.011312989312602691,-0.0173098835264217
45.08,0.5,0.000513332,9.16489,0.508683,-0.0113709,0.0129566,0,0,368.683,15.5384,0.0801601,9.16489,0.000513332,0.0015727065786784265,0.014413682795864123,0.011383893421321574,-0.025784582795864125
45.1,0.5,0.000513332,9.13889,0.505964,-0.0129068,0.013,0,0,368.866,15.5531,0.0801917,9.13889,0.000513332,0.001568266996857552,0.014332219574911514,0.011431733003142448,-0.027239019574911514
45.12,0.6,0.000615999,9.18223,0.502927,-0.0110956,0.0128,0,0,369.048,15.5677,0.0802248,9.18223,0.000615999,0.0018908027154092664,0.01736178541751243,0.010909197284590734,-0.02845738541751243
45.14,0.6,0.000615999,9.19978,0.500834,-0.0110815,0.0140908,0,0,369.232,15.5824,0.0802643,9.19978,0.000615999,0.0018943985512724767,0.017428049904025508,0.012196401448727523,-0.02850954990402551
45.16,0.6,0.000615999,9.19725,0.500585,-0.0169933,0.0147919,0,0,369.415,15.5972,0.0803023,9.19725,0.000615999,0.0018938801835683562,0.017418489518324063,0.012898019816431645,-0.03441178951832406
45.18,0.6,0.000615999,9.19469,0.502232,-0.0292675,0.015,0,0,369.599,15.612,0.0803403,9.19469,0.000615999,0.001893355667031592,0.017408818418098708,0.013106644332968407,-0.0466763184180987
45.2,0.6,0.000615999,9.21126,0.505395,-0.0438438,0.015,0,0,369.782,15.6267,0.0803783,9.21126,0.000615999,0.001896750643416933,0.017471463331680658,0.013103249356583066,-0.061315263331680664
45.22,0.6,0.000615999,9.22484,0.509002,-0.0541412,0.0148046,0,0,369.966,15.6415,0.0804163,9.22484,0.000615999,0.0018995329392942205,0.017522887439718898,0.012905067060705778,-0.0716640874397189
45.24,0.6,0.000615999,9.22502,0.510825,-0.0545251,0.0144016,0,0,370.15,15.6564,0.0804544,9.22502,0.000615999,0.0018995698176165158,0.01752356955890871,0.012502030182383484,-0.0720486695589087
45.26,0.6,0.000615999,9.23029,0.508976,-0.042945,0.0149646,0,0,370.334,15.6712,0.0804925,9.23029,0.000615999,0.0019006495281211496,0.017543546332921368,0.01306395047187885,-0.06048854633292136
45.28,0.6,0.000615999,9.23056,0.503722,-0.0211643,0.0146622,0,0,370.518,15.6861,0.0805307,9.23056,0.000615999,0.0019007048451065384,0.01754457011504661,0.012761495154893462,-0.03870887011504661
45.3,0.6,0.000615999,9.25501,0.497076,0.00667756,0.0138087,0,0,370.702,15.7009,0.0805688,9.25501,0.000615999,0.0019057140038841358,0.017637402163087717,0.011902985996115865,-0.010959842163087718
45.32,0.6,0.000615999,9.27685,0.491215,0.0347769,0.0132166,0,0,370.887,15.7158,0.080607,9.27685,0.000615999,0.001910188272477231,0.0177205300755304,0.01130641172752277,0.0170563699244696
45.34,0.6,0.000615999,9.25087,0.48746,0.0559606,0.0131912,0,0,371.072,15.7308,0.0806454,9.25087,0.000615999,0.0019048658414457967,0.017621666266655678,0.011286334158554203,0.03833893373334432
45.36,0.6,0.000615999,9.28801,0.48562,0.0643759,0.0128,0,0,371.256,15.7457,0.0806836,9.28801,0.000615999,0.0019124745124452737,0.017763082396336827,0.010887525487554728,0.046612817603663176
45.38,0.6,0.000615999,9.28386,0.484272,0.05894,0.0135282,0,0,371.441,15.7607,0.0807219,9.28386,0.000615999,0.001911624347476349,0.017747252814561777,0.011616575652523652,0.04119274718543822
45.4,0.6,0.000615999,9.27781,0.48273,0.0433007,0.0136,0,0,371.626,15.7757,0.0807603,9.27781,0.000615999,0.0019103849399338133,0.017724188499567334,0.011689615060066185,0.025576511500432664
45.42,0.6,0.000615999,9.28854,0.482117,0.0231235,0.0136,0,0,371.812,15.7907,0.0807986,9.28854,0.000615999,0.0019125830873115105,0.017765104509816457,0.011687416912688488,0.005358395490183545
45.44,0.6,0.000615999,9.32426,0.484038,0.00331715,0.0137916,0,0,371.997,15.8057,0.080837,9.32426,0.000615999,0.0019199004045614065,0.017901650546235742,0.011871699595438594,-0.014584500546235743
45.46,0.696031,0.000714591,9.31412,0.489013,-0.013925,0.0141933,0,0,372.183,15.8207,0.080877,9.31412,0.000714591,0.0022247751905778135,0.020721823098064626,0.011968524809422187,-0.034646823098064626
45.48,0.7,0.000718665,9.32146,0.49605,-0.0289975,0.0149656,0,0,372.369,15.8358,0.0809233,9.32146,0.000718665,0.0022392131843624362,0.020872736129507075,0.012726386815637564,-0.04987023612950707
45.5,0.8,0.000821331,9.36126,0.503294,-0.0426547,0.0159007,0,0,372.554,15.8509,0.0809699,9.36126,0.000821331,0.002569969758760023,0.024058155103889853,0.013330730241239977,-0.06671285510388986
45.52,0.8,0.000821331,9.37747,0.50919,-0.053699,0.0156151,0,0,372.741,15.866,0.081023,9.37747,0.000821331,0.0025743968284989032,0.024141329027343613,0.013040703171501097,-0.07784032902734361
45.54,0.8,0.000821331,9.37778,0.512959,-0.0585895,0.0152,0,0,372.928,15.8812,0.0810747,9.37778,0.000821331,0.0025744814906059205,0.02414292103297439,0.01262551850939408,-0.08273242103297439
45.56,0.8,0.000821331,9.3389,0.514117,-0.0536354,0.0154998,0,0,373.115,15.8964,0.0811263,9.3389,0.000821331,0.002563862883260542,0.023943659080481877,0.012935937116739456,-0.07757905908048188
45.58,0.8,0.000821331,9.40804,0.511887,-0.0379605,0.0152879,0,0,373.302,15.9116,0.0811778,9.40804,0.000821331,0.002582745394113065,0.02429857197763148,0.012705154605886934,-0.06225907197763148
45.6,0.8,0.000821331,9.38942,0.505446,-0.0145762,0.0144171,0,0,373.489,15.9268,0.0812296,9.38942,0.000821331,0.002577660384532851,0.024202735967740443,0.01183943961546715,-0.038778935967740444
45.62,0.8,0.000821331,9.36945,0.49513,0.010878,0.0138,0,0,373.676,15.9421,0.0812813,9.36945,0.000821331,0.002572206522673766,0.024100160403865718,0.011227793477326234,-0.013222160403865717
45.64,0.8,0.000821331,9.38352,0.483136,0.0319585,0.0136,0,0,373.863,15.9573,0.0813329,9.38352,0.000821331,0.0025760490972060873,0.024172408224615267,0.011023950902793912,0.007786091775384734
45.66,0.8,0.000821331,9.39941,0.472851,0.042617,0.0136,0,0,374.05,15.9726,0.0813846,9.39941,0.000821331,0.0025803886128636672,0.024254130531636883,0.011019611387136332,0.01836286946836312
45.68,0.8,0.000821331,9.43705,0.467283,0.039022,0.0137829,0,0,374.238,15.9879,0.0814364,9.43705,0.000821331,0.00259066753467927,0.024448259058145003,0.01119223246532073,0.014573740941854998
45.7,0.8,0.000821331,9.41687,0.467217,0.0221895,0.0137934,0,0,374.426,16.0032,0.0814883,9.41687,0.000821331,0.00258515675853357,0.024344085124732018,0.01120824324146643,-0.002154585124732017
45.72,0.8,0.000821331,9.4276,0.470943,-0.00184428,0.0137931,0,0,374.614,16.0186,0.0815402,9.4276,0.000821331,0.0025880869416707894,0.024399448451295533,0.011205013058329211,-0.026243728451295533
45.74,0.8,0.000821331,9.44163,0.475888,-0.0252953,0.0149965,0,0,374.802,16.034,0.0815921,9.44163,0.000821331,0.0025919182200841357,0.02447193282429298,0.012404581779915864,-0.049767232824292976
45.76,0.800762,0.000822114,9.44451,0.479702,-0.0419682,0.0151005,0,0,374.99,16.0494,0.0816441,9.44451,0.000822114,0.002595176378257406,0.024510169256215852,0.012505323621742594,-0.06647836925621585
45.78,0.9,0.000923998,9.46247,0.480342,-0.0486471,0.0154,0,0,375.179,16.0648,0.0816978,9.46247,0.000923998,0.0029223122654525595,0.02765229214247688,0.012477687734547441,-0.07629939214247689
45.8,0.9,0.000923998,9.47482,0.477039,-0.0454627,0.0150124,0,0,375.367,16.0802,0.0817581,9.47482,0.000923998,0.002926106123169516,0.027724328817928995,0.012086293876830485,-0.07318702881792899
45.82,0.9,0.000923998,9.48613,0.47174,-0.0354436,0.0146,0,0,375.556,16.0957,0.0818168,9.48613,0.000923998,0.0029295804289883364,0.027790380794839125,0.011670419571011663,-0.06323398079483912
45.84,0.9,0.000923998,9.48881,0.468023,-0.0225621,0.0149789,0,0,375.745,16.1112,0.0818756,9.48881,0.000923998,0.0029304036853920585,0.027806043793985023,0.012048496314607941,-0.05036814379398502
45.86,0.9,0.000923998,9.4807,0.467942,-0.00974922,0.0148069,0,0,375.935,16.1268,0.0819344,9.4807,0.000923998,0.002927912401823779,0.027758659107970703,0.011878987598176221,-0.0375078791079707
45.88,0.9,0.000923998,9.48555,0.470957,0.00101173,0.015,0,0,376.124,16.1423,0.0819931,9.48555,0.000923998,0.002929402261068496,0.027786991617478274,0.012070597738931503,-0.026775261617478275
45.9,0.9,0.000923998,9.48069,0.475532,0.00736839,0.0146182,0,0,376.313,16.1579,0.0820519,9.48069,0.000923998,0.0029279093299364794,0.02775860070523548,0.011690290670063521,-0.02039021070523548
45.92,0.9,0.000923998,9.4778,0.480292,0.00680541,0.0144,0,0,376.502,16.1734,0.0821106,9.4778,0.000923998,0.002927021552340287,0.027741724868770773,0.011472978447659713,-0.020936314868770775
45.94,0.9,0.000923998,9.52508,0.484129,-0.00119824,0.0149967,0,0,376.691,16.189,0.0821693,9.52508,0.000923998,0.0029415449275184296,0.028018450758207247,0.01205515507248157,-0.029216690758207247
45.96,0.9,0.000923998,9.53562,0.486631,-0.0142401,0.0149835,0,0,376.881,16.2046,0.0822284,9.53562,0.000923998,0.0029447824253976233,0.028080326191270086,0.012038717574602377,-0.042320426191270084
45.98,0.9,0.000923998,9.53871,0.488259,-0.0284591,0.0159289,0,0,377.071,16.2203,0.0822875,9.53871,0.000923998,0.002945731548077748,0.0280984789749647,0.012983168451922251,-0.0565575789749647
46.0,0.9,0.000923998,9.5554,0.489516,-0.0396385,0.0163965,0,0,377.261,16.236,0.0823466,9.5554,0.000923998,0.002950857953279204,0.028196628086764108,0.013445642046720798,-0.0678351280867641
46.02,0.9,0.000923998,9.57408,0.490599,-0.0437385,0.0164,0,0,377.452,16.2517,0.0824058,9.57408,0.000923998,0.002956595423366587,0.028306681110945572,0.013443404576633414,-0.07204518111094557
46.04,0.9,0.000923998,9.57199,0.491549,-0.0386843,0.0168,0,0,377.643,16.2675,0.0824651,9.57199,0.000923998,0.002955953499195326,0.028294357334762668,0.013844046500804673,-0.06697865733476266
46.06,0.9,0.000923998,9.55868,0.49171,-0.0257163,0.0164209,0,0,377.834,16.2833,0.0825244,9.55868,0.000923998,0.002951865402311412,0.028215936783766053,0.013469034597688587,-0.053932236783766054
46.08,0.9,0.000923998,9.58883,0.489958,-0.0083055,0.0158639,0,0,378.024,16.2991,0.0825836,9.58883,0.000923998,0.0029611256845841335,0.028393730798110875,0.012902774315415866,-0.036699230798110875
46.1,0.9,0.000923998,9.56992,0.486246,0.00962359,0.0158,0,0,378.216,16.3149,0.082643,9.56992,0.000923998,0.0029553177155915867,0.028282154112794236,0.012844682284408415,-0.018658564112794235
46.12,1.0,0.00102666,9.58007,0.48192,0.0243976,0.016565,0,0,378.406,16.3307,0.082704,9.58007,0.00102666,0.0032871361935666826,0.031490994833902365,0.013277863806433317,-0.007093394833902367
46.14,1.0,0.00102666,9.60472,0.478365,0.0328355,0.0166248,0,0,378.597,16.3465,0.0827716,9.60472,0.00102666,0.0032955481245067887,0.031652816982412846,0.01332925187549321,0.0011826830175871508
46.16,1.0,0.00102666,9.60823,0.476098,0.032998,0.0158279,0,0,378.789,16.3624,0.0828377,9.60823,0.00102666,0.0032967459001325503,0.03167589286003058,0.012531154099867449,0.001322107139969421
46.18,1.0884,0.00111742,9.59787,0.474936,0.0252065,0.0158,0,0,378.981,16.3784,0.0829053,9.59787,0.00111742,0.0035843410551885326,0.03440203948336236,0.01221565894481147,-0.00919553948336236
46.2,1.1,0.00112933,9.61879,0.474405,0.0120886,0.0150343,0,0,379.172,16.3943,0.0829789,9.61879,0.00112933,0.003630397489722548,0.034920031070168354,0.011403902510277453,-0.022831431070168356
46.22,1.2,0.001232,9.63893,0.473988,-0.00251085,0.0148063,0,0,379.364,16.4102,0.0830536,9.63893,0.001232,0.003968692622627646,0.0382539503810243,0.010837607377372355,-0.0407648003810243
46.24,1.20296,0.00123504,9.6471,0.473261,-0.0146798,0.0158059,0,0,379.556,16.4262,0.0831349,9.6471,0.00123504,0.003981839160525026,0.038413200565500974,0.011824060839474976,-0.053093000565500974
46.26,1.3,0.00133466,9.63918,0.472007,-0.0213669,0.0161857,0,0,379.748,16.4423,0.0832165,9.63918,0.00133466,0.004299506809028505,0.04144372004345138,0.011886193190971495,-0.06281062004345138
46.28,1.38387,0.00142077,9.66156,0.470361,-0.0212352,0.0167355,0,0,379.941,16.4583,0.0833057,9.66156,0.00142077,0.004587472067329517,0.04432213662682817,0.012148027932670483,-0.06555733662682817
46.3,1.4,0.00143733,9.66927,0.469022,-0.0148265,0.0168,0,0,380.133,16.4744,0.0833995,9.66927,0.00143733,0.0046446251774777915,0.04491013488983068,0.012155374822522207,-0.05973663488983068
46.32,1.5,0.00154,9.65027,0.469098,-0.00384741,0.0167941,0,0,380.326,16.4905,0.0834946,9.65027,0.00154,0.004966671457102352,0.04792972056233112,0.011827428542897648,-0.051777130562331124
46.34,1.6,0.00164266,9.66389,0.471107,0.0094319,0.0165999,0,0,380.518,16.5066,0.0835976,9.66389,0.00164266,0.005305197788736358,0.0512688478585914,0.011294702211263642,-0.0418369478585914
46.36,1.6,0.00164266,9.66666,0.474154,0.0224645,0.0164,0,0,380.711,16.5228,0.0837057,9.66666,0.00164266,0.005306710046116349,0.051298161734391064,0.011093289953883652,-0.028833661734391065
46.38,1.7,0.00174533,9.66409,0.476417,0.0326599,0.0169726,0,0,380.904,16.539,0.0838138,9.66409,0.00174533,0.005636901428296077,0.05447552272418184,0.011335698571703924,-0.02181562272418184
46.4,1.7,0.00174533,9.69324,0.476286,0.0372283,0.0175729,0,0,381.097,16.5552,0.0839286,9.69324,0.00174533,0.005653809903150534,0.05480373630561487,0.011919090096849466,-0.017575436305614874
46.42,1.7,0.00174533,9.69717,0.473598,0.0338893,0.0174084,0,0,381.29,16.5715,0.084042,9.69717,0.00174533,0.005656089437156594,0.05484806080731181,0.011752310562843406,-0.020958760807311815
46.44,1.7,0.00174533,9.70552,0.470061,0.0233042,0.0181961,0,0,381.483,16.5878,0.0841555,9.70552,0.00174533,0.005660932670669209,0.05494229525383342,0.012535167329330792,-0.03163809525383342
46.46,1.7,0.00174533,9.71944,0.467699,0.0100191,0.0184002,0,0,381.677,16.6041,0.0842691,9.71944,0.00174533,0.005669006504999608,0.05509956858495339,0.01273119349500039,-0.04508046858495339
46.48,1.7,0.00174533,9.73771,0.467397,-0.000244398,0.0178229,0,0,381.871,16.6205,0.0843829,9.73771,0.00174533,0.005679603118193372,0.05530632808006278,0.012143296881806627,-0.05555072608006278
46.5,1.7,0.00174533,9.71689,0.469235,-0.00373449,0.0183926,0,0,382.065,16.6369,0.0844968,9.71689,0.00174533,0.00566752747657453,0.05507074106185228,0.012725072523425468,-0.05880523106185228
46.52,1.7,0.00174533,9.71398,0.472522,0.000491516,0.0186134,0,0,382.258,16.6533,0.0846106,9.71398,0.00174533,0.005665839636187154,0.055037852909129284,0.012947560363812845,-0.05454633690912929
46.54,1.7,0.00174533,9.74369,0.475485,0.0110855,0.0184102,0,0,382.452,16.6698,0.0847242,9.74369,0.00174533,0.0056830714498348756,0.055374086455041584,0.012727128550165126,-0.044288586455041586
46.56,1.6,0.00164266,9.73627,0.476727,0.0252963,0.0172223,0,0,382.646,16.6863,0.0848366,9.73627,0.00164266,0.00534471065365157,0.05203754599582817,0.01187758934634843,-0.026741245995828167
46.58,1.6,0.00164266,9.73611,0.476416,0.0399926,0.0167678,0,0,382.84,16.7028,0.0849422,9.73611,0.00164266,0.005344623313713192,0.05203584049087615,0.011423176686286807,-0.012043240490876149
46.6,1.6,0.00164266,9.76857,0.475043,0.052063,0.017791,0,0,383.035,16.7193,0.0850494,9.76857,0.00164266,0.005362341908500864,0.05238241229712428,0.012428658091499137,-0.0003194122971242816
46.62,1.6,0.00164266,9.77499,0.472694,0.0580193,0.0174007,0,0,383.229,16.7359,0.085157,9.77499,0.00164266,0.005365846207535039,0.052451093020192935,0.012034853792464963,0.005568206979807068
46.64,1.6,0.00164266,9.78616,0.469949,0.0545762,0.0169938,0,0,383.424,16.7526,0.0852647,9.78616,0.00164266,0.005371943158103146,0.05257069525610268,0.011621856841896854,0.002005504743897317
46.66,1.6,0.00164266,9.7888,0.467408,0.0410472,0.016613,0,0,383.619,16.7693,0.0853725,9.7888,0.00164266,0.005373384138984734,0.05259898265969376,0.011239615861015266,-0.011551782659693761
46.68,1.6,0.00164266,9.79896,0.46459,0.0208492,0.0167648,0,0,383.815,16.786,0.0854803,9.79896,0.00164266,0.005378929670375771,0.05270791668282536,0.01138587032962423,-0.03185871668282536
46.7,1.7,0.00174533,9.84299,0.460782,0.000266728,0.0175888,0,0,384.01,16.8027,0.0855899,9.84299,0.00174533,0.0057406590535971115,0.056505249657965835,0.01184814094640289,-0.056238521657965834
46.72,1.7,0.00174533,9.82247,0.456385,-0.014218,0.0177952,0,0,384.206,16.8196,0.0857068,9.82247,0.00174533,0.00572875959119994,0.05627056922177367,0.012066440408800061,-0.07048856922177367
46.74,1.7,0.00174533,9.84995,0.452438,-0.0187177,0.0178,0,0,384.402,16.8364,0.0858218,9.84995,0.00174533,0.005744695031695287,0.05658495882744699,0.012055304968304714,-0.075302658827447
46.76,1.7,0.00174533,9.83613,0.449389,-0.0137219,0.0169985,0,0,384.598,16.8533,0.0859371,9.83613,0.00174533,0.005736681015652665,0.05642674023849165,0.011261818984347334,-0.07014864023849166
46.78,1.7,0.00174533,9.84393,0.447381,-0.00336528,0.0167767,0,0,384.794,16.8702,0.0860522,9.84393,0.00174533,0.005741204145461159,0.056516011723629474,0.011035495854538838,-0.05988129172362947
46.8,1.7,0.00174533,9.84168,0.447222,0.00743181,0.0177939,0,0,384.991,16.8872,0.0861674,9.84168,0.00174533,0.005739899402803755,0.05649025315458566,0.012054000597196246,-0.049058443154585664
46.82,1.7,0.00174533,9.83896,0.449936,0.0153753,0.0178101,0,0,385.187,16.9041,0.0862826,9.83896,0.00174533,0.0057383221070536755,0.05645912167841683,0.012071777892946323,-0.04108382167841683
46.84,1.7,0.00174533,9.87179,0.455505,0.0191583,0.0178,0,0,385.383,16.9211,0.0863977,9.87179,0.00174533,0.005757359333539318,0.0568354422952401,0.012042640666460682,-0.03767714229524011
46.86,1.60147,0.00164418,9.86671,0.462311,0.0186325,0.0178,0,0,385.58,16.9382,0.0865116,9.86671,0.00164418,0.005420917966937285,0.05348662551355978,0.012379082033062715,-0.03485412551355978
46.88,1.6,0.00164266,9.86919,0.46781,0.014178,0.0176333,0,0,385.776,16.9552,0.0866187,9.86919,0.00164266,0.005417259924335153,0.05346396747264925,0.012216040075664847,-0.039285967472649244
46.9,1.6,0.00164266,9.8833,0.469866,0.00676246,0.0174,0,0,385.973,16.9723,0.0867273,9.8833,0.00164266,0.005424960337223551,0.053616510500881516,0.011975039662776448,-0.04685405050088152
46.92,1.6,0.00164266,9.91301,0.467517,-0.00173313,0.0174115,0,0,386.17,16.9895,0.0868362,9.91301,0.00164266,0.005441173694198737,0.053938409242329025,0.011970326305801263,-0.055671539242329024
46.94,1.6,0.00164266,9.90291,0.461091,-0.00888279,0.0170047,0,0,386.368,17.0067,0.0869454,9.90291,0.00164266,0.0054356620118227025,0.05382887169349916,0.011569037988177298,-0.06271166169349916
46.96,1.6,0.00164266,9.93029,0.452213,-0.0127236,0.0164076,0,0,386.565,17.0239,0.0870545,9.93029,0.00164266,0.005450603355206226,0.05412607199217083,0.010956996644793776,-0.06684967199217083
46.98,1.6,0.00164266,9.93056,0.443264,-0.0122333,0.0164,0,0,386.763,17.0412,0.0871639,9.93056,0.00164266,0.00545075069138136,0.054129006785804075,0.010949249308618642,-0.06636230678580407
47.0,1.6,0.00164266,9.91133,0.43643,-0.00678043,0.0164042,0,0,386.961,17.0585,0.0872732,9.91133,0.00164266,0.005440256906296761,0.05392018148308627,0.01096394309370324,-0.06070061148308627
47.02,1.6,0.00164266,9.9192,0.433533,0.00487746,0.0163741,0,0,387.159,17.0758,0.0873824,9.9192,0.00164266,0.005444551597654608,0.05400559620745558,0.01092954840234539,-0.04912813620745558
47.04,1.6,0.00164266,9.93034,0.436303,0.0235622,0.0171923,0,0,387.356,17.0931,0.0874917,9.93034,0.00164266,0.005450630639688394,0.05412661546652324,0.011741669360311607,-0.03056441546652324
47.06,1.6,0.00164266,9.93878,0.445213,0.0456666,0.0172,0,0,387.554,17.1105,0.087601,9.93878,0.00164266,0.005455236225799878,0.054218392696255314,0.011744763774200122,-0.008551792696255313
47.08,1.5,0.00154,9.94911,0.457355,0.0624038,0.0177095,0,0,387.752,17.1279,0.0877088,9.94911,0.00154,0.005119588717721793,0.05093535130737306,0.012589911282278207,0.011468448692626941
47.1,1.5,0.00154,9.96886,0.467218,0.0657508,0.0184,0,0,387.951,17.1454,0.0878098,9.96886,0.00154,0.005129692030967528,0.05113718169983095,0.013270307969032471,0.014613618300169051
47.12,1.4,0.00143733,9.99443,0.470989,0.0538907,0.0180004,0,0,388.149,17.1629,0.0879111,9.99443,0.00143733,0.004799909005742206,0.04797235456426007,0.013200490994257793,0.005918345435739929
47.14,1.4,0.00143733,10.0193,0.468697,0.0313135,0.0169937,0,0,388.349,17.1804,0.0880057,10.0193,0.00143733,0.004811782303890943,0.048210690437374526,0.012181917696109056,-0.016897190437374525
47.16,1.30768,0.00134255,9.99282,0.46223,0.00598896,0.0164,0,0,388.548,17.1981,0.0881006,9.99282,0.00134255,0.004482676428865387,0.04479457867189462,0.011917323571134614,-0.038805618671894616
47.18,1.3,0.00133466,10.0255,0.453806,-0.0142344,0.0171543,0,0,388.747,17.2157,0.0881889,10.0255,0.00133466,0.0044708196477250195,0.04482220237826718,0.01268348035227498,-0.05905660237826718
47.2,1.3,0.00133466,9.99832,0.445848,-0.0247017,0.0170139,0,0,388.947,17.2333,0.0882785,9.99832,0.00133466,0.004458770529658561,0.04458021456209578,0.012555129470341438,-0.06928191456209579
47.22,1.3,0.00133466,9.99996,0.440381,-0.0250221,0.0164055,0,0,389.147,17.251,0.088368,9.99996,0.00133466,0.004459497571674443,0.04459479733684156,0.011946002428325556,-0.06961689733684157
47.24,1.2,0.001232,10.0277,0.438277,-0.0177531,0.0176063,0,0,389.346,17.2686,0.0884557,10.0277,0.001232,0.004127830933261706,0.0413926502494684,0.013478469066738292,-0.0591457502494684
47.26,1.10924,0.00113882,9.99874,0.438511,-0.00628894,0.0191261,0,0,389.546,17.2864,0.0885353,9.99874,0.00113882,0.0038046755548074122,0.03804196165687507,0.015321424445192588,-0.04433090165687507
47.28,1.1,0.00112933,10.0154,0.438136,0.00604691,0.0198,0,0,389.745,17.3041,0.0886099,10.0154,0.00112933,0.003779219802628312,0.03785039801124359,0.01602078019737169,-0.03180348801124359
47.3,1.1,0.00112933,10.0333,0.433928,0.0161443,0.0185993,0,0,389.945,17.3218,0.0886856,10.0333,0.00112933,0.0037859340815383094,0.03798541242029832,0.01481336591846169,-0.02184111242029832
47.32,1.1,0.00112933,9.97307,0.424252,0.0214764,0.017411,0,0,390.145,17.3396,0.0887616,9.97307,0.00112933,0.0037633409962862354,0.03753206318983236,0.013647659003713765,-0.016055663189832363
47.34,1.1,0.00112933,10.0055,0.411162,0.0201333,0.016201,0,0,390.343,17.3573,0.0888371,10.0055,0.00112933,0.003775506226954736,0.03777582755379561,0.012425493773045264,-0.01764252755379561
47.36,1.1,0.00112933,10.0773,0.401673,0.0108782,0.014465,0,0,390.543,17.3751,0.0889129,10.0773,0.00112933,0.0038024375436193415,0.03831830385831519,0.01066256245638066,-0.02744010385831519
47.38,1.1,0.00112933,10.0496,0.40312,-0.00534798,0.0134259,0,0,390.744,17.393,0.0889892,10.0496,0.00112933,0.0037920480152161167,0.038108565733715884,0.009633851984783882,-0.043456545733715886
47.4,1.1,0.00112933,10.0885,0.415781,-0.0238184,0.0124112,0,0,390.944,17.4109,0.0890653,10.0885,0.00112933,0.0038066382176709843,0.03840326965897373,0.008604561782329016,-0.06222166965897373
47.42,1.1,0.00112933,10.0889,0.432763,-0.0376971,0.0122,0,0,391.145,17.4288,0.0891417,10.0889,0.00112933,0.0038067882401863393,0.03840630587641596,0.008393211759813661,-0.07610340587641595
47.44,1.1,0.00112933,10.0533,0.446669,-0.0422947,0.0123945,0,0,391.346,17.4468,0.089218,10.0533,0.00112933,0.0037934358159014475,0.038136548288002024,0.008601064184098551,-0.08043124828800202
47.46,1.00153,0.00102823,10.0886,0.454216,-0.0373566,0.0137878,0,0,391.546,17.4647,0.0892925,10.0886,0.00102823,0.003465893843591066,0.03496601663045283,0.010321906156408933,-0.07232261663045284
47.48,1.0,0.00102666,10.0915,0.45569,-0.0259945,0.0153038,0,0,391.747,17.4827,0.0893603,10.0915,0.00102666,0.0034615905601412624,0.03493264113766555,0.011842209439858737,-0.06092714113766555
47.5,1.0,0.00102666,10.0971,0.452793,-0.0126822,0.0161892,0,0,391.948,17.5008,0.0894297,10.0971,0.00102666,0.003463499911548691,0.034971304956898284,0.01272570008845131,-0.04765350495689828
47.52,1.0,0.00102666,10.0999,0.447804,-0.00183675,0.0164,0,0,392.15,17.5188,0.0894993,10.0999,0.00102666,0.003464454580065449,0.03499064481320303,0.012935545419934552,-0.036827394813203025
47.54,1.0,0.00102666,10.1538,0.443535,0.0033208,0.0150585,0,0,392.351,17.5369,0.0895688,10.1538,0.00102666,0.003482831013275787,0.03536396954259969,0.011575668986724214,-0.03204316954259969
47.56,1.0,0.00102666,10.1205,0.442512,0.00188125,0.0136114,0,0,392.553,17.5551,0.0896387,10.1205,0.00102666,0.0034714780652903227,0.03513309375977071,0.010139921934709677,-0.03325184375977071
47.58,1.0,0.00102666,10.147,0.445281,-0.00433327,0.0140907,0,0,392.755,17.5732,0.0897084,10.147,0.00102666,0.0034805127488669206,0.03531676286275264,0.01061018725113308,-0.03965003286275264
47.6,1.0,0.00102666,10.1666,0.449457,-0.0116768,0.0152097,0,0,392.957,17.5914,0.0897782,10.1666,0.00102666,0.0034871947279997454,0.03545291392168221,0.011722505272000253,-0.04712971392168221
47.62,1.0,0.00102666,10.1639,0.450629,-0.0161298,0.0156,0,0,393.16,17.6096,0.0898482,10.1639,0.00102666,0.0034862742653107718,0.035434143005192154,0.012113725734689228,-0.05156394300519215
47.64,1.0,0.00102666,10.1722,0.445042,-0.0143618,0.0145987,0,0,393.362,17.6279,0.0899182,10.1722,0.00102666,0.0034891038214978983,0.03549186189304092,0.011109596178502101,-0.04985366189304092
47.66,1.0,0.00102666,10.1616,0.433155,-0.00490872,0.014584,0,0,393.565,17.6462,0.0899882,10.1616,0.00102666,0.0034854901639274362,0.035418156849765035,0.011098509836072563,-0.040326876849765034
47.68,1.0,0.00102666,10.1767,0.420388,0.0105297,0.0149758,0,0,393.768,17.6645,0.0900581,10.1767,0.00102666,0.003490637900497452,0.03552317472199242,0.011485162099502547,-0.024993474721992422
47.7,1.0,0.00102666,10.164,0.412767,0.0270718,0.015,0,0,393.97,17.6828,0.0901282,10.164,0.00102666,0.003486308356601451,0.03543483813649715,0.01151369164339855,-0.00836303813649715
47.72,1.0,0.00102666,10.1828,0.412778,0.0386086,0.0159767,0,0,394.173,17.7011,0.0901982,10.1828,0.00102666,0.003492717409894518,0.0355656428414739,0.012483982590105483,0.003042957158526101
47.74,1.0,0.00102666,10.1861,0.419841,0.0404708,0.0162,0,0,394.376,17.7194,0.0902683,10.1861,0.00102666,0.0034938423808304735,0.03558862787537728,0.012706157619169526,0.004882172124622719
47.76,1.0,0.00102666,10.2053,0.432524,0.0309268,0.0148207,0,0,394.579,17.7378,0.0903384,10.2053,0.00102666,0.003500387533050907,0.03572250489104442,0.011320312466949093,-0.00479570489104442
47.78,1.0,0.00102666,10.2597,0.448569,0.0118041,0.0151464,0,0,394.782,17.7563,0.0904086,10.2597,0.00102666,0.003518930893216785,0.03610317528513625,0.011627469106783216,-0.02429907528513625
47.8,1.0,0.00102666,10.2639,0.463255,-0.0111207,0.0154052,0,0,394.987,17.7748,0.0904793,10.2639,0.00102666,0.003520362473422734,0.0361326483909636,0.011884837526577267,-0.047253348390963595
47.82,1.0,0.00102666,10.2478,0.470419,-0.029841,0.015,0,0,395.191,17.7934,0.0905499,10.2478,0.00102666,0.003514874689841979,0.03601973284656263,0.01148512531015802,-0.06586073284656263
47.84,1.0,0.00102666,10.2445,0.466545,-0.0380761,0.0151945,0,0,395.395,17.8119,0.0906205,10.2445,0.00102666,0.003513749844777661,0.03599661028482475,0.011680750155222339,-0.07407271028482476
47.86,1.0,0.00102666,10.2224,0.452946,-0.0343304,0.0157962,0,0,395.599,17.8305,0.090691,10.2224,0.00102666,0.003506216617576519,0.03584194875151421,0.012289983382423481,-0.07017234875151421
47.88,1.0,0.00102666,10.2273,0.434873,-0.0221982,0.0150651,0,0,395.803,17.849,0.0907614,10.2273,0.00102666,0.0035078869067122647,0.035876211761018344,0.011557213093287735,-0.058074411761018345
47.9,1.0,0.00102666,10.2445,0.419323,-0.00813921,0.015003,0,0,396.007,17.8676,0.0908318,10.2445,0.00102666,0.003513749844777661,0.03599661028482475,0.01148925015522234,-0.04413582028482475
47.92,1.0,0.00102666,10.2554,0.411111,0.0022808,0.0157841,0,0,396.211,17.8862,0.0909023,10.2554,0.00102666,0.003517465216422183,0.03607301278049606,0.012266634783577816,-0.03379221278049606
47.94,1.0,0.00102666,10.2445,0.410074,0.00748321,0.0164,0,0,396.415,17.9048,0.0909729,10.2445,0.00102666,0.003513749844777661,0.03599661028482475,0.01288625015522234,-0.028513400284824752
47.96,1.0,0.00102666,10.2695,0.413175,0.00943568,0.0161988,0,0,396.62,17.9234,0.0910434,10.2695,0.00102666,0.003522271229987474,0.036171964396356365,0.012676528770012525,-0.026736284396356363
47.98,0.911396,0.000935698,10.2877,0.417614,0.0106331,0.016,0,0,396.824,17.9421,0.0911126,10.2877,0.000935698,0.003215851778540116,0.03308371834208715,0.012784148221459884,-0.02245061834208715
48.0,0.9,0.000923998,10.3026,0.42094,0.0130295,0.0154055,0,0,397.029,17.9608,0.0911753,10.3026,0.000923998,0.003180211206587464,0.03276444397698801,0.012225288793412536,-0.01973494397698801
48.02,0.9,0.000923998,10.3349,0.420867,0.0183584,0.0151852,0,0,397.234,17.9796,0.091239,10.3349,0.000923998,0.0031901187980746585,0.03296955876622178,0.01199508120192534,-0.014611158766221783
48.04,0.8,0.000821331,10.309,0.41643,0.0264964,0.0155789,0,0,397.44,17.9985,0.0913012,10.309,0.000821331,0.0028285973553136175,0.02916001013592808,0.012750302644686382,-0.0026636101359280816
48.06,0.8,0.000821331,10.3329,0.408503,0.0342276,0.0154149,0,0,397.646,18.0173,0.0913562,10.3329,0.000821331,0.0028351137724763626,0.029294947099621008,0.012579786227523638,0.004932652900378989
48.08,0.7,0.000718665,10.3076,0.39978,0.0371487,0.015,0,0,397.852,18.0361,0.0914113,10.3076,0.000718665,0.0024746898385747504,0.0255081129800931,0.01252531016142525,0.0116405870199069
48.1,0.7,0.000718665,10.311,0.39446,0.0325463,0.015,0,0,398.057,18.055,0.0914592,10.311,0.000718665,0.002475501000240819,0.025524890813483084,0.01252449899975918,0.007021409186516916
48.12,0.7,0.000718665,10.3164,0.395642,0.0207235,0.0148,0,0,398.262,18.0738,0.0915089,10.3164,0.000718665,0.002476789305451191,0.025551549190756664,0.01232321069454881,-0.004828049190756665
48.14,0.7,0.000718665,10.3194,0.40243,0.00433334,0.0149886,0,0,398.468,18.0927,0.0915586,10.3194,0.000718665,0.0024775050250631,0.025566365355636157,0.012511094974936899,-0.021233025355636155
48.16,0.7,0.000718665,10.3303,0.41114,-0.0135538,0.0140376,0,0,398.674,18.1116,0.0916083,10.3303,0.000718665,0.0024801054398686626,0.025620233225475242,0.011557494560131339,-0.03917403322547524
48.18,0.7,0.000718665,10.3407,0.418224,-0.0306959,0.0137658,0,0,398.879,18.1305,0.0916581,10.3407,0.000718665,0.002482586521133405,0.0256716824390842,0.011283213478866596,-0.0563675824390842
48.2,0.7,0.000718665,10.3583,0.420679,-0.0451086,0.0136,0,0,399.085,18.1494,0.091708,10.3583,0.000718665,0.002486785166109398,0.025758866786110977,0.011113214833890602,-0.07086746678611097
48.22,0.7,0.000718665,10.3665,0.415907,-0.0541972,0.0136,0,0,399.292,18.1684,0.0917579,10.3665,0.000718665,0.0024887413065842042,0.025799536754705154,0.011111258693415796,-0.07999673675470516
48.24,0.7,0.000718665,10.3584,0.403437,-0.0551517,0.0136,0,0,399.498,18.1874,0.0918078,10.3584,0.000718665,0.0024868090216587507,0.02575936256995,0.011113190978341249,-0.08091106256995
48.26,0.7,0.000718665,10.35,0.386566,-0.0462802,0.0136,0,0,399.705,18.2064,0.0918577,10.35,0.000718665,0.0024848051402249606,0.025717733201328342,0.011115194859775038,-0.07199793320132834
48.28,0.7,0.000718665,10.3631,0.371204,-0.0281388,0.0136,0,0,399.911,18.2254,0.0919076,10.3631,0.000718665,0.00248793022752934,0.025782669740909304,0.011112069772470659,-0.053921469740909306
48.3,0.7,0.000718665,10.3888,0.362224,-0.00389834,0.0134,0,0,400.117,18.2445,0.0919575,10.3888,0.000718665,0.002494060905097498,0.025910299930876887,0.010905939094902502,-0.029808639930876887
48.32,0.7,0.000718665,10.3862,0.360769,0.0208011,0.0141813,0,0,400.324,18.2635,0.0920076,10.3862,0.000718665,0.002493440694107274,0.025897373737136967,0.011687859305892726,-0.005096273737136968
48.34,0.7,0.000718665,10.3834,0.364895,0.0390587,0.0148033,0,0,400.531,18.2826,0.0920576,10.3834,0.000718665,0.002492772771254257,0.02588345679304145,0.012310527228745743,0.01317524320695855
48.36,0.7,0.000718665,10.4027,0.371854,0.0454948,0.0140007,0,0,400.738,18.3017,0.0921077,10.4027,0.000718665,0.002497376598000687,0.025979459536021748,0.011503323401999312,0.019515340463978254
48.38,0.7,0.000718665,10.4236,0.379138,0.0385245,0.0138231,0,0,400.945,18.3209,0.0921578,10.4236,0.000718665,0.002502361904076389,0.02608361954333065,0.01132073809592361,0.012440880456669353
48.4,0.7,0.000718665,10.4465,0.384251,0.0205519,0.0134129,0,0,401.153,18.3401,0.092208,10.4465,0.000718665,0.0025078240515647716,0.026197983954671388,0.010905075948435228,-0.005646083954671387
48.42,0.7,0.000718665,10.4417,0.385152,-0.0025333,0.0133995,0,0,401.361,18.3593,0.0922584,10.4417,0.000718665,0.0025066791664858216,0.026173991852695005,0.010892820833514179,-0.028707291852695004
48.44,0.7,0.000718665,10.4554,0.38182,-0.0229441,0.0136047,0,0,401.569,18.3786,0.0923087,10.4554,0.000718665,0.002509946832345372,0.026242498110903803,0.011094753167654629,-0.0491865981109038
48.46,0.7,0.000718665,10.4394,0.376883,-0.0349431,0.014366,0,0,401.777,18.3979,0.0923591,10.4394,0.000718665,0.0025061305721085616,0.026162499494470116,0.01185986942789144,-0.061105599494470114
48.48,0.7,0.000718665,10.4742,0.373374,-0.0375957,0.0147651,0,0,401.985,18.4171,0.0924094,10.4742,0.000718665,0.0025144307932961608,0.026336651015142647,0.012250669206703839,-0.06393235101514265
48.5,0.7,0.000718665,10.4591,0.371515,-0.0332426,0.015,0,0,402.194,18.4365,0.0924598,10.4591,0.000718665,0.002510829326397258,0.02626101500772156,0.01248917067360274,-0.059503615007721555
48.52,0.7,0.000718665,10.4447,0.369203,-0.0249168,0.0148,0,0,402.402,18.4558,0.0925102,10.4447,0.000718665,0.0025073947208542036,0.0261889856409059,0.012292605279145797,-0.0511057856409059
48.54,0.7,0.000718665,10.428,0.365491,-0.0155774,0.0147946,0,0,402.611,18.4751,0.0925606,10.428,0.000718665,0.002503411417643137,0.026105574263182635,0.012291188582356862,-0.04168297426318263
48.56,0.7,0.000718665,10.4524,0.361533,-0.00808936,0.015,0,0,402.818,18.4944,0.0926108,10.4524,0.000718665,0.0025092312921784323,0.026227489158365848,0.012490768707821568,-0.034316849158365845
48.58,0.6,0.000615999,10.4759,0.358565,-0.00509968,0.0140858,0,0,403.027,18.5138,0.0926594,10.4759,0.000615999,0.0021555753299314965,0.022581591598829363,0.011930224670068504,-0.02768127159882936
48.6,0.6,0.000615999,10.475,0.356642,-0.00827391,0.0139944,0,0,403.235,18.5332,0.0927008,10.475,0.000615999,0.0021553913411348517,0.022577724298387572,0.011839008658865148,-0.030851634298387574
48.62,0.6,0.000615999,10.4831,0.354807,-0.0167865,0.0142117,0,0,403.444,18.5526,0.0927441,10.4831,0.000615999,0.0021570472292163656,0.02261254180859808,0.012054652770783636,-0.03939904180859808
48.64,0.6,0.000615999,10.5189,0.351483,-0.0267415,0.0145881,0,0,403.653,18.572,0.0927874,10.5189,0.000615999,0.0021643655464659655,0.022766744746720847,0.012423734453534034,-0.049508244746720845
48.66,0.6,0.000615999,10.5332,0.345254,-0.0325978,0.015593,0,0,403.862,18.5915,0.0928308,10.5332,0.000615999,0.002167288648277748,0.02282848479003918,0.013425711351722252,-0.05542628479003918
48.68,0.6,0.000615999,10.5125,0.336326,-0.0301434,0.0158,0,0,404.072,18.611,0.0928743,10.5125,0.000615999,0.002163057279805077,0.02273913965395087,0.013636942720194924,-0.05288253965395087
48.7,0.6,0.000615999,10.5111,0.326902,-0.0190189,0.0162,0,0,404.281,18.6305,0.0929178,10.5111,0.000615999,0.002162771094389796,0.022733103250240586,0.014037228905610204,-0.04175200325024059
48.72,0.6,0.000615999,10.5407,0.319524,-0.00249636,0.0152364,0,0,404.491,18.6501,0.0929612,10.5407,0.000615999,0.002168821712393969,0.022860899023831108,0.013067578287606033,-0.025357259023831107
48.74,0.6,0.000615999,10.5197,0.315749,0.0143357,0.015,0,0,404.701,18.6696,0.0930047,10.5197,0.000615999,0.0021645290786994455,0.022770196549194557,0.012835470921300555,-0.008434496549194558
48.76,0.6,0.000615999,10.5194,0.316061,0.0260208,0.0157938,0,0,404.91,18.6892,0.0930481,10.5194,0.000615999,0.0021644677541405198,0.02276890209290578,0.01362933224585948,0.0032518979070942193
48.78,0.6,0.000615999,10.5348,0.319688,0.0284996,0.0147193,0,0,405.12,18.7087,0.0930916,10.5348,0.000615999,0.0021676157037604444,0.022835397915975532,0.012551684296239554,0.005664202084024468
48.8,0.6,0.000615999,10.5496,0.324559,0.0208924,0.0141879,0,0,405.33,18.7283,0.0931351,10.5496,0.000615999,0.0021706409205637673,0.02289939345557952,0.012017259079436233,-0.0020069934555795206
48.82,0.6,0.000615999,10.5361,0.327973,0.00558753,0.0145991,0,0,405.54,18.748,0.0931787,10.5361,0.000615999,0.0021678814356195573,0.022841015593831216,0.012431218564380443,-0.017253485593831216
48.84,0.6,0.000615999,10.5502,0.327984,-0.012898,0.0145964,0,0,405.75,18.7676,0.0932222,10.5502,0.000615999,0.002170763562720474,0.022901989739413545,0.012425636437279527,-0.03579998973941355
48.86,0.6,0.000615999,10.5742,0.324579,-0.029106,0.0144,0,0,405.96,18.7872,0.0932658,10.5742,0.000615999,0.0021756691358986386,0.023005960576819383,0.012224330864101362,-0.05211196057681938
48.88,0.6,0.000615999,10.5646,0.318904,-0.0381093,0.0144,0,0,406.171,18.8069,0.0933094,10.5646,0.000615999,0.002173706933119269,0.02296434426563183,0.012226293066880731,-0.06107364426563183
48.9,0.6,0.000615999,10.5903,0.312169,-0.0369269,0.0140169,0,0,406.381,18.8266,0.0933531,10.5903,0.000615999,0.002178959834084773,0.02307583833090797,0.011837940165915228,-0.06000273833090797
48.92,0.6,0.000615999,10.5753,0.306106,-0.025143,0.0143936,0,0,406.592,18.8464,0.0933968,10.5753,0.000615999,0.00217589396937646,0.02301073149434688,0.01221770603062354,-0.048153731494346874
48.94,0.6,0.000615999,10.5417,0.302514,-0.00518486,0.0140009,0,0,406.803,18.8661,0.0934405,10.5417,0.000615999,0.002169026119317575,0.02286522264201008,0.011831873880682426,-0.02805008264201008
48.96,0.6,0.000615999,10.5469,0.301928,0.0177069,0.0136191,0,0,407.013,18.8858,0.093484,10.5469,0.000615999,0.002170089029153332,0.02288771198157728,0.011449010970846668,-0.005180811981577278
48.98,0.6,0.000615999,10.5651,0.304201,0.036573,0.0136,0,0,407.223,18.9055,0.0935276,10.5651,0.000615999,0.002173809132053044,0.022966510861053613,0.011426190867946955,0.013606489138946389
49.0,0.6,0.000615999,10.5802,0.309106,0.0449598,0.0134,0,0,407.433,18.9253,0.0935712,10.5802,0.000615999,0.0021768954946819147,0.023031989712833593,0.011223104505318085,0.021927810287166408
49.02,0.6,0.000615999,10.5917,0.315308,0.0395139,0.0144005,0,0,407.644,18.945,0.0936149,10.5917,0.000615999,0.0021792459770482893,0.023081919615102364,0.01222125402295171,0.016431980384897633
49.04,0.6,0.000615999,10.6223,0.32068,0.0215922,0.0139895,0,0,407.855,18.9649,0.0936586,10.6223,0.000615999,0.0021855000563608153,0.023215037248681486,0.011803999943639185,-0.001622837248681487
49.06,0.6,0.000615999,10.6276,0.323958,-0.00293231,0.0134128,0,0,408.066,18.9847,0.0937025,10.6276,0.000615999,0.0021865832426138073,0.023238132069202496,0.011226216757386193,-0.026170442069202497
49.08,0.6,0.000615999,10.6455,0.324632,-0.0258633,0.013,0,0,408.278,19.0046,0.0937464,10.6455,0.000615999,0.0021902414708123586,0.023316215577532964,0.01080975852918764,-0.04917951557753296
49.1,0.6,0.000615999,10.6365,0.321964,-0.0405212,0.0139767,0,0,408.49,19.0246,0.0937904,10.6365,0.000615999,0.0021884021536531717,0.02327693950733196,0.011788297846346829,-0.06379813950733196
49.12,0.6,0.000615999,10.6278,0.315632,-0.0443783,0.0144,0,0,408.702,19.0445,0.0938343,10.6278,0.000615999,0.002186624117354723,0.023239003794422525,0.012213375882645277,-0.06761730379442253
49.14,0.6,0.000615999,10.6385,0.307029,-0.0384598,0.0142,0,0,408.914,19.0644,0.0938782,10.6385,0.000615999,0.00218881089350174,0.02328566469051826,0.01201118910649826,-0.06174546469051827
49.16,0.6,0.000615999,10.6173,0.298798,-0.0256147,0.0145759,0,0,409.126,19.0844,0.0939221,10.6173,0.000615999,0.0021844781726136635,0.02319326010209105,0.012391421827386336,-0.048807960102091055
49.18,0.6,0.000615999,10.5916,0.292666,-0.00943218,0.0149639,0,0,409.337,19.1043,0.093966,10.5916,0.000615999,0.0021792255382901585,0.02308148521135404,0.012784674461709842,-0.03251366521135404
49.2,0.6,0.000615999,10.6354,0.288351,0.00610367,0.0146051,0,0,409.548,19.1242,0.0940097,10.6354,0.000615999,0.002188177346078513,0.023272141346483418,0.012416922653921487,-0.017168471346483416
49.22,0.6,0.000615999,10.6388,0.284603,0.0164114,0.0147901,0,0,409.76,19.1442,0.0940536,10.6388,0.000615999,0.0021888722043458785,0.02328697360759493,0.012601227795654122,-0.006875573607594932
49.24,0.6,0.000615999,10.6498,0.280141,0.0174196,0.014613,0,0,409.972,19.1642,0.0940976,10.6498,0.000615999,0.0021911202446354776,0.023334992381318913,0.012421879755364521,-0.005915392381318912
49.26,0.6,0.000615999,10.6555,0.274144,0.00833188,0.0134065,0,0,410.184,19.1842,0.0941415,10.6555,0.000615999,0.0021922851198545794,0.02335989409461047,0.01121421488014542,-0.015028014094610471
49.28,0.6,0.000615999,10.6556,0.267171,-0.00723832,0.0135724,0,0,410.396,19.2042,0.0941855,10.6556,0.000615999,0.0021923055561498504,0.023360331084110345,0.01138009444385015,-0.030598651084110345
49.3,0.6,0.000615999,10.6666,0.260779,-0.0232994,0.0137977,0,0,410.608,19.2243,0.0942295,10.6666,0.000615999,0.002194553525022329,0.02340842463000318,0.01160314647497767,-0.046707824630003184
49.32,0.6,0.000615999,10.6748,0.256024,-0.0345958,0.014183,0,0,410.821,19.2444,0.0942736,10.6748,0.000615999,0.0021962292531783182,0.02344430803182791,0.011986770746821682,-0.05804010803182791
49.34,0.6,0.000615999,10.6695,0.253238,-0.0385536,0.0140035,0,0,411.033,19.2645,0.0943177,10.6695,0.000615999,0.002195146163564404,0.02342111199215041,0.011808353836435597,-0.061974711992150405
49.36,0.6,0.000615999,10.65,0.252289,-0.0355395,0.014,0,0,411.246,19.2846,0.0943617,10.65,0.000615999,0.0021911611176627164,0.02333586590310793,0.011808838882337283,-0.058875365903107935
49.38,0.6,0.000615999,10.6526,0.252664,-0.0281923,0.0147233,0,0,411.458,19.3047,0.0944057,10.6526,0.000615999,0.0021916924656103557,0.023347223159160876,0.012531607534389644,-0.051539523159160876
49.4,0.6,0.000615999,10.6872,0.254074,-0.0202606,0.015,0,0,411.67,19.3248,0.0944497,10.6872,0.000615999,0.002198763231656881,0.023498622409363422,0.012801236768343119,-0.04375922240936342
49.42,0.6,0.000615999,10.6725,0.256457,-0.0149279,0.0152,0,0,411.883,19.3449,0.0944938,10.6725,0.000615999,0.0021957592344928538,0.02343424043012498,0.013004240765507146,-0.03836214043012498
49.44,0.6,0.000615999,10.6833,0.259351,-0.0131982,0.014205,0,0,412.095,19.3651,0.0945379,10.6833,0.000615999,0.002197966260977351,0.02348153295589933,0.012007033739022649,-0.03667973295589933
49.46,0.6,0.000615999,10.6972,0.262242,-0.013521,0.0142,0,0,412.308,19.3853,0.094582,10.6972,0.000615999,0.002200806719271022,0.023542469637385977,0.011999193280728978,-0.03706346963738598
49.48,0.6,0.000615999,10.6972,0.264849,-0.0129597,0.0140198,0,0,412.521,19.4055,0.0946262,10.6972,0.000615999,0.002200806719271022,0.023542469637385977,0.011818993280728978,-0.03650216963738598
49.5,0.6,0.000615999,10.7332,0.266316,-0.00891656,0.0142,0,0,412.734,19.4257,0.0946704,10.7332,0.000615999,0.002208162953135062,0.023700654608589247,0.011991837046864939,-0.03261721460858925
49.52,0.6,0.000615999,10.6927,0.265258,-0.00100554,0.0136096,0,0,412.948,19.446,0.0947147,10.6927,0.000615999,0.0021998871546444632,0.023522733378466852,0.011409712845355536,-0.02452827337846685
49.54,0.6,0.000615999,10.7189,0.261159,0.00778054,0.0139843,0,0,413.161,19.4662,0.0947589,10.7189,0.000615999,0.0022052409538836737,0.02363775726058371,0.011779059046116326,-0.01585721726058371
49.56,0.6,0.000615999,10.7113,0.254944,0.0125889,0.0143926,0,0,413.374,19.4865,0.0948031,10.7113,0.000615999,0.0022036879708697524,0.023604362962377178,0.012188912029130248,-0.011015462962377178
49.58,0.6,0.000615999,10.7137,0.248466,0.0102232,0.0142304,0,0,413.588,19.5068,0.0948474,10.7137,0.000615999,0.00220417838898355,0.02361490600605306,0.012026221611016451,-0.013391706006053059
49.6,0.6,0.000615999,10.695,0.243583,0.00102329,0.014,0,0,413.801,19.5271,0.0948916,10.695,0.000615999,0.002200357155324009,0.023532819776190275,0.011799642844675991,-0.022509529776190276
49.62,0.6,0.000615999,10.7157,0.240869,-0.0125366,0.014,0,0,414.014,19.5474,0.0949358,10.7157,0.000615999,0.0022045870690351444,0.023623693655659896,0.011795412930964855,-0.0361602936556599
49.64,0.6,0.000615999,10.7167,0.239201,-0.0279271,0.0141909,0,0,414.227,19.5677,0.09498,10.7167,0.000615999,0.0022047914084779236,0.023628088087235363,0.011986108591522077,-0.05155518808723536
49.66,0.6,0.000615999,10.7439,0.236988,-0.0428108,0.0144,0,0,414.441,19.588,0.0950243,10.7439,0.000615999,0.002210349292118691,0.023747771759594007,0.012189650707881309,-0.06655857175959401
49.68,0.6,0.000615999,10.7489,0.23366,-0.0545059,0.0144,0,0,414.655,19.6084,0.0950687,10.7489,0.000615999,0.0022113709305566715,0.02376980499546061,0.012188629069443329,-0.0782757049954606
49.7,0.502417,0.000515814,10.7773,0.22992,-0.0599095,0.0140031,0,0,414.869,19.6289,0.0951112,10.7773,0.000515814,0.0018565763366944603,0.02000888015345721,0.012146523663305538,-0.0799183801534572
49.72,0.5,0.000513332,10.7427,0.22661,-0.0556401,0.0141891,0,0,415.084,19.6493,0.0951467,10.7427,0.000513332,0.001841751549437237,0.019785384370139405,0.012347348450562762,-0.0754254843701394
49.74,0.5,0.000513332,10.7335,0.223503,-0.039302,0.0146076,0,0,415.297,19.6698,0.0951836,10.7335,0.000513332,0.0018401850139591874,0.019751625847330936,0.012767414986040813,-0.05905362584733093
49.76,0.5,0.000513332,10.7692,0.219703,-0.0119827,0.0142,0,0,415.511,19.6902,0.0952205,10.7692,0.000513332,0.0018462636990418434,0.01988278302772142,0.012353736300958158,-0.03186548302772142
49.78,0.5,0.000513332,10.7281,0.215104,0.0204664,0.0142,0,0,415.726,19.7107,0.0952576,10.7281,0.000513332,0.0018392655129531436,0.01973182434951262,0.012360734487046858,0.0007345756504873804
49.8,0.404422,0.000415206,10.7521,0.2111,0.04846,0.0136265,0,0,415.939,19.7311,0.0952927,10.7521,0.000415206,0.0014909860161139937,0.016031230743859273,0.012135513983886006,0.03242876925614073
49.82,0.4,0.000410666,10.7689,0.209766,0.0618096,0.0132137,0,0,416.153,19.7515,0.0953208,10.7689,0.000410666,0.0014769714874124091,0.015905358250795493,0.01173672851258759,0.0459042417492045
49.84,0.4,0.000410666,10.7749,0.212084,0.0544897,0.013791,0,0,416.368,19.772,0.0953504,10.7749,0.000410666,0.0014777887583017901,0.01592302609182596,0.01231321124169821,0.038566673908174046
49.86,0.4,0.000410666,10.7805,0.216913,0.0278931,0.0139941,0,0,416.582,19.7926,0.09538,10.7805,0.000410666,0.0014785515360034374,0.01593952483388506,0.012515548463996563,0.011953575166114942
49.88,0.4,0.000410666,10.7957,0.221789,-0.00971907,0.0141667,0,0,416.797,19.8131,0.0954097,10.7957,0.000410666,0.0014806218914054147,0.015984349753045433,0.012686078108594586,-0.025703419753045433
49.9,0.4,0.000410666,10.7945,0.224592,-0.0463181,0.0145973,0,0,417.012,19.8337,0.0954394,10.7945,0.000410666,0.0014804584444861916,0.015980808679006194,0.01311684155551381,-0.0622989086790062
49.92,0.4,0.000410666,10.7972,0.224421,-0.070447,0.0138166,0,0,417.227,19.8543,0.0954692,10.7972,0.000410666,0.001480826199525879,0.015988776641520822,0.01233577380047412,-0.08643577664152081
49.94,0.4,0.000410666,10.8191,0.221586,-0.0755632,0.0134068,0,0,417.442,19.8749,0.0954989,10.8191,0.000410666,0.0014838090311539893,0.016053478288958128,0.01192299096884601,-0.09161667828895813
49.96,0.4,0.000410666,10.8139,0.217234,-0.0623461,0.0134,0,0,417.657,19.8955,0.0955287,10.8139,0.000410666,0.001483100790243361,0.016038103635612682,0.011916899209756639,-0.07838420363561269
49.98,0.4,0.000410666,10.8062,0.212574,-0.0378857,0.0136,0,0,417.873,19.9161,0.0955584,10.8062,0.000410666,0.0014820520359111382,0.016015350710462943,0.012117947964088861,-0.053901050710462944
50.0,0.4,0.000410666,10.7754,0.208311,-0.0121962,0.0132051,0,0,418.088,19.9368,0.0955882,10.7754,0.000410666,0.0014778568637859543,0.01592449885003917,0.011727243136214047,-0.02812069885003917
50.02,0.4,0.000410666,10.8017,0.204579,0.00593888,0.0134,0,0,418.302,19.9573,0.0956178,10.8017,0.000410666,0.0014814391203627425,0.016002060946422238,0.011918560879637257,-0.010063180946422237
50.04,0.4,0.000410666,10.8001,0.20096,0.0114889,0.0134,0,0,418.518,19.978,0.0956476,10.8001,0.000410666,0.0014812211935598572,0.015997337012565813,0.011918778806440143,-0.0045084370125658135
50.06,0.4,0.000410666,10.8081,0.197219,0.00405586,0.0134,0,0,418.733,19.9986,0.0956773,10.8081,0.000410666,0.0014823108208876484,0.016020963583235792,0.011917689179112352,-0.011965103583235792
50.08,0.4,0.000410666,10.8109,0.194017,-0.0121886,0.0134,0,0,418.948,20.0193,0.0957071,10.8109,0.000410666,0.001482692186501986,0.01602923695905432,0.011917307813498014,-0.02821783695905432
50.1,0.4,0.000410666,10.8354,0.191698,-0.0301093,0.0139786,0,0,419.163,20.0399,0.0957368,10.8354,0.000410666,0.0014860290481595595,0.01610171914842809,0.012492570951840441,-0.04621101914842809
50.12,0.4,0.000410666,10.8441,0.189318,-0.0426459,0.0132304,0,0,419.379,20.0607,0.0957667,10.8441,0.000410666,0.0014872139367305248,0.01612749665129948,0.011743186063269476,-0.05877339665129948
50.14,0.4,0.000410666,10.8418,0.186173,-0.0457026,0.0122144,0,0,419.595,20.0814,0.0957965,10.8418,0.000410666,0.0014869006922555693,0.01612067992529643,0.01072749930774443,-0.06182327992529643
50.16,0.4,0.000410666,10.8498,0.182636,-0.0391366,0.0123887,0,0,419.811,20.1022,0.0958264,10.8498,0.000410666,0.0014879902322775486,0.016144396422164947,0.010900709767722453,-0.05528099642216495
50.18,0.4,0.000410666,10.8398,0.178771,-0.0256139,0.0133028,0,0,420.027,20.1229,0.0958562,10.8398,0.000410666,0.0014866283046285418,0.01611475349651247,0.011816171695371459,-0.04172865349651247
50.2,0.4,0.000410666,10.8141,0.17437,-0.00895915,0.0130067,0,0,420.243,20.1437,0.0958861,10.8141,0.000410666,0.0014831280304091299,0.016038694833647373,0.01152357196959087,-0.02499784483364737
50.22,0.4,0.000410666,10.8247,0.170248,0.00645723,0.0127906,0,0,420.458,20.1644,0.0959158,10.8247,0.000410666,0.001484571744224697,0.016070043759709076,0.011306028255775303,-0.009612813759709076
50.24,0.4,0.000410666,10.836,0.167515,0.0155527,0.0132,0,0,420.673,20.1851,0.0959456,10.836,0.000410666,0.0014861107652494579,0.016103496252243128,0.011713889234750542,-0.0005507962522431284
50.26,0.4,0.000410666,10.8333,0.16647,0.0138074,0.0128,0,0,420.889,20.2059,0.0959755,10.8333,0.000410666,0.0014857430376023066,0.016095500049257066,0.011314256962397694,-0.0022881000492570667
50.28,0.3,0.000307999,10.8433,0.167179,0.000357776,0.0131626,0,0,421.105,20.2267,0.0960034,10.8433,0.000307999,0.001115326898683538,0.012093824160495207,0.012047273101316463,-0.011736048160495206
50.3,0.3,0.000307999,10.8833,0.169501,-0.0203231,0.0136002,0,0,421.321,20.2475,0.096024,10.8833,0.000307999,0.0011194125292238624,0.012182902379302063,0.012480787470776137,-0.03250600237930206
50.32,0.3,0.000307999,10.8751,0.171978,-0.0401897,0.014195,0,0,421.537,20.2683,0.0960464,10.8751,0.000307999,0.0011185750006518197,0.012164614989588604,0.01307642499934818,-0.052354314989588605
50.34,0.3,0.000307999,10.8417,0.172537,-0.0516734,0.0136012,0,0,421.754,20.2892,0.0960689,10.8417,0.000307999,0.0011151634669113403,0.012090267759212677,0.01248603653308866,-0.06376366775921267
50.36,0.3,0.000307999,10.8523,0.170333,-0.0515065,0.0136,0,0,421.97,20.31,0.0960913,10.8523,0.000307999,0.0011162461930219693,0.012113838560532317,0.01248375380697803,-0.06362033856053231
50.38,0.3,0.000307999,10.8424,0.165312,-0.0417921,0.0138,0,0,422.186,20.3308,0.0961137,10.8424,0.000307999,0.001115234968373603,0.012091823621093952,0.012684765031626397,-0.053883923621093954
50.4,0.3,0.000307999,10.8389,0.157382,-0.0277065,0.0138,0,0,422.402,20.3516,0.0961361,10.8389,0.000307999,0.0011148774600991218,0.012084045302268372,0.012685122539900878,-0.039790545302268374
50.42,0.3,0.000307999,10.7981,0.147941,-0.0142319,0.013025,0,0,422.618,20.3725,0.0961584,10.7981,0.000307999,0.00111070975766378,0.011993555034229261,0.01191429024233622,-0.02622545503422926
50.44,0.3,0.000307999,10.7945,0.140429,-0.0050189,0.0122,0,0,422.833,20.3932,0.0961807,10.7945,0.000307999,0.0011103420035473044,0.011985586757291377,0.011089657996452696,-0.017004486757291375
50.46,0.3,0.000307999,10.8277,0.137974,-0.00275716,0.0123985,0,0,423.048,20.4139,0.096203,10.8277,0.000307999,0.0011137334174463522,0.012059171324083868,0.011284766582553648,-0.014816331324083868
50.48,0.3,0.000307999,10.8799,0.141374,-0.00779962,0.0118461,0,0,423.263,20.4347,0.0962254,10.8799,0.000307999,0.0011190652628888817,0.012175318153704743,0.010727034737111119,-0.01997493815370474
50.5,0.3,0.000307999,10.9025,0.149018,-0.0161393,0.0125887,0,0,423.48,20.4557,0.0962478,10.9025,0.000307999,0.001121373519815419,0.012225774799787604,0.011467326480184581,-0.0283650747997876
50.52,0.3,0.000307999,10.9108,0.157939,-0.0211003,0.0131846,0,0,423.697,20.4766,0.0962703,10.9108,0.000307999,0.0011222212171566274,0.01224433125615253,0.012062378782843372,-0.03334463125615253
50.54,0.3,0.000307999,10.8602,0.165404,-0.0182448,0.013187,0,0,423.914,20.4976,0.0962929,10.8602,0.000307999,0.001117053116028856,0.012131420250696584,0.012069946883971144,-0.030376220250696584
50.56,0.3,0.000307999,10.8771,0.170264,-0.00920887,0.0135871,0,0,424.13,20.5185,0.0963153,10.8771,0.000307999,0.0011187792771361145,0.012169074075337231,0.012468320722863885,-0.021377944075337232
50.58,0.4,0.000410666,10.9031,0.172926,-0.00181731,0.0136,0,0,424.347,20.5394,0.0963396,10.9031,0.000410666,0.0014952488635946622,0.016302847884658963,0.012104751136405337,-0.018120157884658962
50.6,0.4,0.000410666,10.8546,0.173746,-0.00543061,0.0130389,0,0,424.564,20.5604,0.0963715,10.8546,0.000410666,0.0014886439482338094,0.016158634600498708,0.011550256051766192,-0.021589244600498707
50.62,0.499841,0.000513169,10.8639,0.172157,-0.0231115,0.0106016,0,0,424.78,20.5813,0.0964033,10.8639,0.000513169,0.0018617950072065544,0.020226354778791287,0.008739804992793445,-0.04333785477879129
50.64,0.5,0.000513332,10.8667,0.167711,-0.047959,0.0122113,0,0,424.996,20.6022,0.0964425,10.8667,0.000513332,0.0018628630323879103,0.020243173714049705,0.01034843696761209,-0.06820217371404971
50.66,0.593961,0.000609798,10.872,0.159981,-0.0692772,0.0135758,0,0,425.213,20.6231,0.0964816,10.872,0.000609798,0.002214006476647979,0.02407067841411683,0.011361793523352022,-0.09334787841411682
50.68,0.6,0.000615999,10.8469,0.147736,-0.0813628,0.013933,0,0,425.429,20.6441,0.096528,10.8469,0.000615999,0.0022313930707365966,0.02420369749897279,0.011701606929263402,-0.10556649749897279
50.7,0.6,0.000615999,10.8606,0.13113,-0.0855805,0.0149873,0,0,425.645,20.665,0.0965729,10.8606,0.000615999,0.002234191784010533,0.024264663289424795,0.012753108215989467,-0.1098451632894248
50.72,0.6,0.000615999,10.8345,0.113605,-0.0869167,0.0155672,0,0,425.861,20.686,0.0966177,10.8345,0.000615999,0.0022288598651425033,0.02414858220888645,0.013338340134857497,-0.11106528220888645
50.74,0.7,0.000718665,10.856,0.0997049,-0.0882973,0.0147654,0,0,426.077,20.7069,0.0966643,10.856,0.000718665,0.002605459064316382,0.028284863602218643,0.012159940935683618,-0.11658216360221864
50.76,0.7,0.000718665,10.88,0.092384,-0.0852166,0.0130392,0,0,426.293,20.7278,0.0967185,10.88,0.000718665,0.0026111789013741715,0.028409626446950987,0.010428021098625829,-0.11362622644695099
50.78,0.7,0.000718665,10.8603,0.0927791,-0.066469,0.0124327,0,0,426.51,20.7489,0.0967709,10.8603,0.000718665,0.0026064838879248844,0.028307196968030624,0.009826216112075115,-0.09477619696803062
50.8,0.7,0.000718665,10.8502,0.100945,-0.0229121,0.0122,0,0,426.726,20.7699,0.0968232,10.8502,0.000718665,0.002604076730648788,0.028254753342885477,0.009595923269351212,-0.05116685334288548
50.82,0.7,0.000718665,10.8665,0.11616,0.0428935,0.0122,0,0,426.942,20.7908,0.0968755,10.8665,0.000718665,0.002607961525613757,0.028339413918081893,0.009592038474386243,0.014554086081918109
50.84,0.7,0.000718665,10.8805,0.136706,0.114389,0.0118,0,0,427.158,20.8119,0.0969278,10.8805,0.000718665,0.002611298061829075,0.02841222856173125,0.009188701938170925,0.08597677143826876
50.86,0.7,0.000718665,10.8672,0.158847,0.167063,0.0127292,0,0,427.375,20.8329,0.0969802,10.8672,0.000718665,0.002608128354565397,0.02834305245473308,0.010121071645434602,0.1387199475452669
50.88,0.7,0.000718665,10.857,0.176442,0.179909,0.014429,0,0,427.591,20.854,0.0970326,10.857,0.000718665,0.002605697396146046,0.028290056629957618,0.011823302603853955,0.1516189433700424
50.9,0.7,0.000718665,10.9005,0.183784,0.148582,0.0149905,0,0,427.807,20.875,0.0970849,10.9005,0.000718665,0.002616064385611852,0.02851640983536199,0.012374435614388148,0.120065590164638
50.92,0.7,0.000718665,10.919,0.179444,0.090129,0.0163782,0,0,428.024,20.8962,0.0971374,10.919,0.000718665,0.0026204730709052004,0.028612945461213884,0.013757726929094799,0.061516054538786114
50.94,0.7,0.000718665,10.8976,0.166582,0.030283,0.0150299,0,0,428.242,20.9174,0.09719,10.8976,0.000718665,0.002615373280088772,0.028501291857095403,0.012414526719911228,0.0017817081429045978
50.96,0.7,0.000718665,10.8841,0.150372,-0.0148309,0.0149801,0,0,428.459,20.9385,0.0972425,10.8841,0.000718665,0.002612156013707168,0.028430967268790186,0.012367943986292831,-0.04326186726879019
50.98,0.7,0.000718665,10.8731,0.135345,-0.0437274,0.015,0,0,428.675,20.9597,0.0972949,10.8731,0.000718665,0.0026095344753482136,0.028373729303908662,0.012390465524651785,-0.07210112930390866
51.0,0.7,0.000718665,10.8503,0.123904,-0.0628901,0.0146,0,0,428.892,20.9808,0.0973473,10.8503,0.000718665,0.0026041005641187324,0.028255272350857483,0.011995899435881268,-0.09114537235085748
51.02,0.7934,0.000814555,10.8634,0.116224,-0.0784985,0.0149868,0,0,429.108,21.0019,0.0974013,10.8634,0.000814555,0.002955099243442147,0.03210242512120942,0.012031700756557852,-0.11060092512120942
51.04,0.8,0.000821331,10.891,0.111016,-0.090187,0.0157807,0,0,429.324,21.023,0.0974625,10.891,0.000821331,0.0029871990613271255,0.03253358497691372,0.012793500938672877,-0.12272058497691372
51.06,0.8,0.000821331,10.8917,0.106688,-0.0909259,0.0162,0,0,429.541,21.0442,0.0975226,10.8917,0.000821331,0.0029873897138762663,0.03253775254662613,0.013212610286123732,-0.12346365254662614
51.08,0.8,0.000821331,10.8865,0.102069,-0.0739606,0.0158285,0,0,429.758,21.0655,0.0975826,10.8865,0.000821331,0.002985973431637181,0.032506799763518175,0.012842526568362819,-0.10646739976351818
51.1,0.8,0.000821331,10.9024,0.0968441,-0.0391801,0.0154,0,0,429.975,21.0867,0.0976425,10.9024,0.000821331,0.00299030394214528,0.0326014896988447,0.01240969605785472,-0.07178158969884471
51.12,0.8,0.000821331,10.927,0.0923628,0.00672879,0.0152122,0,0,430.192,21.1079,0.0977025,10.927,0.000821331,0.0029970037146412934,0.03274825958988541,0.012215196285358706,-0.026019469589885415
51.14,0.703885,0.000722654,10.9141,0.090995,0.0546431,0.0138389,0,0,430.409,21.1293,0.0977609,10.9141,0.000722654,0.0026338440219449786,0.02874603703990969,0.011205055978055021,0.02589706296009031
51.16,0.7,0.000718665,10.9469,0.0941172,0.0980591,0.0122155,0,0,430.626,21.1506,0.0978119,10.9469,0.000718665,0.002627121545895963,0.028758836850768518,0.009588378454104037,0.06930026314923148
51.18,0.7,0.000718665,10.9369,0.101429,0.134566,0.0103119,0,0,430.844,21.172,0.0978645,10.9369,0.000718665,0.002624738621343706,0.028706503827773976,0.007687161378656295,0.10585949617222601
51.2,0.608591,0.000624818,10.9149,0.111141,0.162362,0.01,0,0,431.062,21.1934,0.0979155,10.9149,0.000624818,0.0022774285630700864,0.024857905023053684,0.007722571436929913,0.13750409497694632
51.22,0.6,0.000615999,10.9274,0.119986,0.176653,0.0109789,0,0,431.279,21.2147,0.0979593,10.9274,0.000615999,0.0022478370042287392,0.024563014080009125,0.00873106299577126,0.15208998591999087
51.24,0.5,0.000513332,10.9195,0.124821,0.169743,0.0121856,0,0,431.497,21.2361,0.0980024,10.9195,0.000513332,0.0018718509086412892,0.020439675996908557,0.010313749091358711,0.14930332400309146
51.26,0.5,0.000513332,10.9221,0.125214,0.134235,0.0146833,0,0,431.714,21.2575,0.0980381,10.9221,0.000513332,0.0018722934697311326,0.020449376505750405,0.012811006530268867,0.11378562349424959
51.28,0.5,0.000513332,10.9145,0.12314,0.0688475,0.0155753,0,0,431.932,21.2788,0.0980757,10.9145,0.000513332,0.0018709998233542259,0.0204210275719997,0.013704300176645774,0.04842647242800031
51.3,0.5,0.000513332,10.9304,0.120481,-0.0161822,0.0159978,0,0,432.149,21.3002,0.0981132,10.9304,0.000513332,0.001873706245972376,0.020480358750976462,0.014124093754027624,-0.03666255875097646
51.32,0.5,0.000513332,10.9414,0.117971,-0.0997994,0.0164,0,0,432.366,21.3216,0.0981508,10.9414,0.000513332,0.0018755785649685031,0.02052145531074638,0.014524421435031498,-0.12032085531074638
51.34,0.5,0.000513332,10.9362,0.115154,-0.157332,0.0165915,0,0,432.584,21.3431,0.0981885,10.9362,0.000513332,0.0018746934736984043,0.020502022767060486,0.014716806526301595,-0.17783402276706048
51.36,0.5,0.000513332,10.9087,0.110519,-0.170324,0.0164106,0,0,432.802,21.3645,0.0982261,10.9087,0.000513332,0.001870012554092838,0.02039940594883254,0.014540587445907163,-0.19072340594883255
51.38,0.5,0.000513332,10.9469,0.102893,-0.135558,0.0154839,0,0,433.019,21.3859,0.0982637,10.9469,0.000513332,0.00187651470946934,0.020542018873089915,0.01360738529053066,-0.15610001887308994
51.4,0.4,0.000410666,10.9421,0.0931493,-0.0675009,0.0140554,0,0,433.237,21.4074,0.0982994,10.9421,0.000410666,0.001500559583087306,0.01641927301409961,0.012554840416912693,-0.08392017301409961
51.42,0.4,0.000410666,10.9172,0.0843941,0.00925747,0.0141866,0,0,433.455,21.4289,0.0983277,10.9172,0.000410666,0.0014971689392885225,0.016344892744000656,0.012689431060711479,-0.007087422744000656
51.44,0.303101,0.000311183,10.9303,0.0803884,0.0708888,0.015,0,0,433.672,21.4504,0.0983559,10.9303,0.000311183,0.0011358345118134875,0.012415011964474964,0.013864165488186512,0.05847378803552504
51.46,0.598809,0.000614776,10.9388,0.0828894,0.10188,0.0120191,0,0,433.89,21.4718,0.0983825,10.9388,0.000614776,0.0022456980396380155,0.024565241715992326,0.009773401960361984,0.07731475828400768
51.48,0.6,0.000615999,10.9265,0.0902181,0.0996972,0.0106758,0,0,434.107,21.4933,0.0984331,10.9265,0.000615999,0.0022476531731667033,0.024558982396605984,0.008428146826833295,0.07513821760339401
51.5,0.698122,0.000716737,10.9387,0.0988376,0.0739208,0.0104021,0,0,434.325,21.5148,0.0984801,10.9387,0.000716737,0.00261812487514106,0.028638882571705517,0.007783975124858939,0.045281917428294474
51.52,0.7,0.000718665,10.9605,0.105818,0.0382454,0.00981147,0,0,434.543,21.5363,0.0985345,10.9605,0.000718665,0.0026303622489724458,0.02883008542986249,0.0071811077510275535,0.009415314570137508
51.54,0.7,0.000718665,10.9611,0.109143,0.00410684,0.0101621,0,0,434.761,21.5579,0.0985874,10.9611,0.000718665,0.002630505219192869,0.02883323075809496,0.007531594780807132,-0.02472639075809496
51.56,0.7,0.000718665,10.9069,0.106679,-0.0201036,0.0115809,0,0,434.979,21.5795,0.0986402,10.9069,0.000718665,0.002617589570283524,0.028549787684125368,0.008963310429716476,-0.04865338768412537
51.58,0.784069,0.000804976,10.9234,0.0976334,-0.0300967,0.0124,0,0,435.196,21.601,0.0986943,10.9234,0.000804976,0.0029363640414439983,0.032075078970309374,0.009463635958556002,-0.06217177897030937
51.6,0.8,0.000821331,10.9169,0.0857468,-0.0272866,0.013551,0,0,435.413,21.6225,0.0987551,10.9169,0.000821331,0.0029942530336792648,0.032687960943373166,0.010556746966320736,-0.05997456094337317
51.62,0.8,0.000821331,10.9062,0.0780142,-0.0171034,0.0147357,0,0,435.631,21.644,0.0988155,10.9062,0.000821331,0.0029913388871995773,0.032624140171576034,0.011744361112800422,-0.04972754017157603
51.64,0.8,0.000821331,10.9415,0.0793117,-0.00596076,0.0149993,0,0,435.848,21.6656,0.0988756,10.9415,0.000821331,0.0030009526178390433,0.03283492306808589,0.011998347382160957,-0.038795683068085896
51.66,0.8,0.000821331,10.8753,0.0893503,0.000288282,0.0146185,0,0,436.066,21.6872,0.0989358,10.8753,0.000821331,0.002982922929254984,0.032440181732526725,0.011635577070745015,-0.032151899732526724
51.68,0.8,0.000821331,10.8349,0.103055,-0.00200196,0.0131046,0,0,436.282,21.7087,0.0989957,10.8349,0.000821331,0.002971918783810251,0.03220044283070569,0.010132681216189748,-0.034202402830705685
51.7,0.8,0.000821331,10.9869,0.113218,-0.0126392,0.0125908,0,0,436.498,21.7301,0.0990553,10.9869,0.000821331,0.003013316050072195,0.0331070021105382,0.009577483949927804,-0.0457462021105382
51.72,0.8,0.000821331,10.903,0.115036,-0.029268,0.0134,0,0,436.716,21.7518,0.0991158,10.903,0.000821331,0.002990467355028331,0.0326050655718739,0.010409532644971669,-0.0618730655718739
51.74,0.8,0.000821331,10.9277,0.107919,-0.0494737,0.0134,0,0,436.933,21.7734,0.0991758,10.9277,0.000821331,0.0029971943538999197,0.03275244074111215,0.01040280564610008,-0.08222614074111215
51.76,0.8,0.000821331,10.9094,0.0931849,-0.0684645,0.0139606,0,0,437.151,21.7951,0.099236,10.9094,0.000821331,0.002992210413971758,0.032643220290183496,0.010968389586028242,-0.1011077202901835
51.78,0.8,0.000821331,10.9231,0.0738103,-0.0787804,0.0149198,0,0,437.368,21.8167,0.099296,10.9231,0.000821331,0.0029959415768911327,0.03272496943853953,0.011923858423108868,-0.11150536943853953
51.8,0.8,0.000821331,10.9359,0.056229,-0.0760687,0.0150061,0,0,437.585,21.8384,0.0993562,10.9359,0.000821331,0.002999427537363039,0.032801439605848456,0.012006672462636961,-0.10887013960584846
51.82,0.8,0.000821331,10.9334,0.0477051,-0.0616347,0.0148053,0,0,437.803,21.8601,0.0994164,10.9334,0.000821331,0.0029987466925117,0.03278649708790742,0.0118065533074883,-0.09442119708790742
51.84,0.8,0.000821331,10.9388,0.0510272,-0.0396364,0.0134166,0,0,438.021,21.8818,0.0994766,10.9388,0.000821331,0.0030002173132511766,0.032818777146191976,0.010416382686748825,-0.07245517714619198
51.86,0.8,0.000821331,10.9441,0.0631138,-0.0156836,0.0128366,0,0,438.238,21.9035,0.0995368,10.9441,0.000821331,0.0030016606852794154,0.03285047470576645,0.009834939314720584,-0.04853407470576645
51.88,0.716669,0.000735779,10.957,0.0779009,0.0032365,0.0133667,0,0,438.456,21.9253,0.0995955,10.957,0.000735779,0.0026921468059413127,0.029497852552698964,0.010674553194058687,-0.026261352552698965
51.9,0.7,0.000718665,10.9719,0.0900532,0.010384,0.0137906,0,0,438.674,21.9471,0.0996476,10.9719,0.000718665,0.0026330786546117863,0.02888987569053506,0.011157521345388215,-0.018505875690535058
51.92,0.7,0.000718665,10.9855,0.0971621,0.00226944,0.0136174,0,0,438.893,21.9689,0.0997002,10.9855,0.000718665,0.002636319199987967,0.02896128457146781,0.010981080800012033,-0.02669184457146781
51.94,0.7,0.000718665,10.9887,0.0995307,-0.0187022,0.0132029,0,0,439.111,21.9908,0.0997531,10.9887,0.000718665,0.0026370816687677763,0.028978099333588463,0.010565818331232223,-0.04768029933358846
51.96,0.7,0.000718665,10.962,0.0982222,-0.0447807,0.0132136,0,0,439.33,22.0127,0.099806,10.962,0.000718665,0.0026307196742105625,0.028837949068696186,0.010582880325789438,-0.07361864906869618
51.98,0.7,0.000718665,10.9636,0.0937383,-0.0677568,0.0128336,0,0,439.548,22.0345,0.0998588,10.9636,0.000718665,0.00263110092664803,0.02884633811939834,0.01020249907335197,-0.09660313811939834
52.0,0.7,0.000718665,10.9692,0.0868504,-0.0845077,0.012963,0,0,439.766,22.0564,0.0999116,10.9692,0.000718665,0.0026324353008295195,0.02887570930185917,0.01033056469917048,-0.11338340930185917
52.02,0.7,0.000718665,10.9368,0.079687,-0.0967661,0.0135871,0,0,439.985,22.0783,0.0999645,10.9368,0.000718665,0.002624714791864494,0.028705980735663595,0.010962385208135505,-0.1254720807356636
52.04,0.7,0.000718665,10.9444,0.0745785,-0.104877,0.0151955,0,0,440.202,22.1001,0.100017,10.9444,0.000718665,0.0026265258190971675,0.02874574917452704,0.012568974180902833,-0.13362274917452704
52.06,0.7,0.000718665,10.9549,0.0720896,-0.104891,0.0152,0,0,440.42,22.122,0.10007,10.9549,0.000718665,0.0026290278522017804,0.028800737218085286,0.01257097214779822,-0.13369173721808528
52.08,0.7,0.000718665,10.9865,0.0710219,-0.0934578,0.0148261,0,0,440.638,22.1439,0.100123,10.9865,0.000718665,0.0026365574719928045,0.028966538666048945,0.012189542528007195,-0.12242433866604893
52.1,0.7,0.000718665,10.9807,0.0697188,-0.0721002,0.0144077,0,0,440.857,22.1659,0.100176,10.9807,0.000718665,0.0026351754878979465,0.02893607147996098,0.011772524512102055,-0.10103627147996098
52.12,0.7,0.000718665,10.9617,0.0672399,-0.044782,0.0143763,0,0,441.075,22.1878,0.100228,10.9617,0.000718665,0.0026306481892463926,0.028836376256062182,0.011745651810753608,-0.07361837625606218
52.14,0.7,0.000718665,10.9801,0.0640733,-0.0136378,0.0142099,0,0,441.293,22.2098,0.100281,10.9801,0.000718665,0.0026350325231342345,0.02893292060726621,0.011574867476865765,-0.04257072060726621
52.16,0.7,0.000718665,10.9669,0.0609893,0.0216139,0.0138,0,0,441.512,22.2318,0.100334,10.9669,0.000718665,0.002631887256050964,0.02886364434838532,0.011168112743949035,-0.007249744348385323
52.18,0.7,0.000718665,10.9463,0.0571985,0.060213,0.0138305,0,0,441.73,22.2537,0.100387,10.9463,0.000718665,0.002626978571728154,0.02875569553970789,0.011203521428271846,0.031457304460292115
52.2,0.7,0.000718665,10.961,0.0516009,0.0961694,0.0136,0,0,441.948,22.2757,0.10044,10.961,0.000718665,0.0026304813908343888,0.028832706524935737,0.010969518609165611,0.06733669347506427
52.22,0.7,0.000718665,10.9312,0.0457759,0.118518,0.0136,0,0,442.166,22.2977,0.100493,10.9312,0.000718665,0.0026233803336465898,0.028676695103157603,0.01097661966635341,0.08984130489684239
52.24,0.7,0.000718665,10.9498,0.0434045,0.116704,0.0136,0,0,442.384,22.3196,0.100545,10.9498,0.000718665,0.002627812585357019,0.02877402224714229,0.010972187414642981,0.08792997775285771
52.26,0.7,0.000718665,10.9474,0.0460606,0.0860605,0.0136,0,0,442.602,22.3416,0.100598,10.9474,0.000718665,0.0026272406909084727,0.028761454739651415,0.010972759309091527,0.05729904526034858
52.28,0.7,0.000718665,10.9602,0.0514123,0.0309509,0.0138,0,0,442.819,22.3636,0.100651,10.9602,0.000718665,0.0026302907637996494,0.028828512829396916,0.01116970923620035,0.0021223871706030836
52.3,0.899015,0.000922987,10.9528,0.0562099,-0.0342641,0.0144,0,0,443.038,22.3856,0.100707,10.9528,0.000922987,0.003375838445511376,0.036974883325997,0.011024161554488623,-0.071238983325997
52.32,0.9,0.000923998,10.9664,0.0591132,-0.0893363,0.014393,0,0,443.255,22.4077,0.100779,10.9664,0.000923998,0.0033837027664383105,0.03710703801786909,0.011009297233561689,-0.12644333801786908
52.34,1.0,0.00102666,10.9941,0.0601459,-0.11846,0.0157775,0,0,443.474,22.4297,0.100849,10.9941,0.00102666,0.0037690825473858064,0.04143767043421429,0.012008417452614193,-0.1598976704342143
52.36,1.08939,0.00111844,10.984,0.0595034,-0.119115,0.0159887,0,0,443.692,22.4519,0.100928,10.984,0.00111844,0.004102281073084033,0.045059455306755015,0.011886418926915969,-0.164174455306755
52.38,1.1,0.00112933,10.991,0.0581091,-0.100287,0.0150824,0,0,443.911,22.474,0.101012,10.991,0.00112933,0.004144845083089306,0.04555599230823456,0.010937554916910694,-0.14584299230823455
52.4,1.1,0.00112933,10.9864,0.0580936,-0.0726924,0.0146188,0,0,444.13,22.4962,0.101095,10.9864,0.00112933,0.0041431227266063965,0.045518003523588514,0.010475677273393602,-0.11821040352358853
52.42,1.1,0.00112933,10.9723,0.0610818,-0.0414835,0.0144,0,0,444.348,22.5184,0.101179,10.9723,0.00112933,0.004137843233325106,0.04540165730901306,0.010262156766674893,-0.08688515730901306
52.44,1.1,0.00112933,10.986,0.0661583,-0.00650821,0.0147976,0,0,444.567,22.5406,0.101262,10.986,0.00112933,0.004142972955747179,0.04551470089183851,0.01065462704425282,-0.05202291089183851
52.46,1.1,0.00112933,10.9624,0.0700633,0.0323722,0.01461,0,0,444.785,22.5628,0.101345,10.9624,0.00112933,0.004134136268416597,0.04532005542889011,0.010475863731583403,-0.012947855428890112
52.48,1.1,0.00112933,10.9689,0.0695064,0.0705925,0.0162813,0,0,445.003,22.585,0.101428,10.9689,0.00112933,0.004136570142320791,0.045373624234102516,0.012144729857679209,0.025218875765897486
52.5,1.1,0.00112933,10.994,0.0641283,0.0991106,0.0156261,0,0,445.222,22.6072,0.101511,10.994,0.00112933,0.00414596835072939,0.04558077604791891,0.01148013164927061,0.053529823952081085
52.52,1.1,0.00112933,11.0213,0.0570594,0.109106,0.0151872,0,0,445.44,22.6295,0.101594,11.0213,0.00112933,0.004156189783835154,0.04580661446458238,0.011031010216164846,0.06329938553541761
52.54,1.1,0.00112933,11.0249,0.0515202,0.0975211,0.0156,0,0,445.66,22.6519,0.101677,11.0249,0.00112933,0.0041575376244139305,0.04583643655540114,0.01144246237558607,0.051684663444598856
52.56,1.00394,0.00103071,10.9951,0.0476187,0.0693311,0.0148079,0,0,445.879,22.6742,0.101759,10.9951,0.00103071,0.00378429267511233,0.041608676392127585,0.01102360732488767,0.027722423607872422
52.58,1.0,0.00102666,10.974,0.0436483,0.0344363,0.0148,0,0,446.098,22.6966,0.101833,10.974,0.00102666,0.0037622407383013853,0.0412868298621194,0.011037759261698615,-0.006850529862119398
52.6,1.0,0.00102666,11.0044,0.0392659,0.00160399,0.0144272,0,0,446.316,22.7189,0.101909,11.0044,0.00102666,0.003772588445091214,0.04151507228516176,0.010654611554908785,-0.03991108228516176
52.62,1.0,0.00102666,10.974,0.0355714,-0.0257273,0.0147569,0,0,446.535,22.7413,0.101984,10.974,0.00102666,0.0037622407383013853,0.0412868298621194,0.010994659261698615,-0.06701412986211941
52.64,1.0,0.00102666,10.939,0.0330942,-0.048817,0.0161935,0,0,446.754,22.7637,0.10206,10.939,0.00102666,0.00375032650131645,0.04102482159790065,0.01244317349868355,-0.08984182159790065
52.66,1.0,0.00102666,10.9521,0.0315373,-0.0693259,0.01639,0,0,446.971,22.786,0.102135,10.9521,0.00102666,0.0037547859249692115,0.0411227909288553,0.012635214075030786,-0.11044869092885529
52.68,1.0,0.00102666,10.9577,0.0306094,-0.0858278,0.0160772,0,0,447.189,22.8083,0.10221,10.9577,0.00102666,0.0037566922088346113,0.041164706216747025,0.012320507791165388,-0.12699250621674701
52.7,1.0,0.00102666,10.9556,0.0299666,-0.0935732,0.0154018,0,0,447.407,22.8307,0.102286,10.9556,0.00102666,0.0037559773548177565,0.04114898550844141,0.011645822645182245,-0.1347221855084414
52.72,1.0,0.00102666,10.9748,0.0293738,-0.0865493,0.0150044,0,0,447.625,22.8531,0.102361,10.9748,0.00102666,0.0037625130542327397,0.04129282826759347,0.01124188694576726,-0.12784212826759347
52.74,1.0,0.00102666,11.0051,0.0291791,-0.0610179,0.015,0,0,447.843,22.8755,0.102437,11.0051,0.00102666,0.003772826707424842,0.041520335197881134,0.011227173292575157,-0.10253823519788113
52.76,1.0,0.00102666,10.9695,0.0296072,-0.0187918,0.015,0,0,448.062,22.898,0.102513,10.9695,0.00102666,0.0037607089532813434,0.04125309686301969,0.011239291046718655,-0.0600448968630197
52.78,0.915456,0.000939866,10.9849,0.0303248,0.0317829,0.015,0,0,448.281,22.9205,0.102586,10.9849,0.000939866,0.0034475767120199156,0.03787128542386757,0.011552423287980083,-0.006088385423867568
52.8,0.9,0.000923998,10.9942,0.0317843,0.076697,0.0146215,0,0,448.499,22.943,0.102654,10.9942,0.000923998,0.0033922193855346924,0.03729473836844551,0.011229280614465308,0.03940226163155449
52.82,0.9,0.000923998,10.9597,0.0354067,0.100347,0.0144,0,0,448.718,22.9655,0.102722,10.9597,0.000923998,0.0033816501309983866,0.03706187094070302,0.011018349869001614,0.06328512905929698
52.84,0.8,0.000821331,10.9475,0.041397,0.0939151,0.0151761,0,0,448.936,22.988,0.102788,10.9475,0.000821331,0.0030025866142281625,0.032870816959262805,0.012173513385771837,0.061044283040737196
52.86,0.8,0.000821331,10.9581,0.0481345,0.0614084,0.0157929,0,0,449.154,23.0105,0.102846,10.9581,0.000821331,0.003005473294616693,0.032934276909739185,0.012787426705383305,0.028474123090260817
52.88,0.8,0.000821331,10.9785,0.0535752,0.0170066,0.0161661,0,0,449.372,23.033,0.102906,10.9785,0.000821331,0.003011028625182233,0.03305657776156315,0.013155071374817766,-0.01604997776156315
52.9,0.8,0.000821331,10.9752,0.055506,-0.0227766,0.0158,0,0,449.59,23.0556,0.102967,10.9752,0.000821331,0.003010129983729421,0.03303677859742714,0.01278987001627058,-0.05581337859742714
52.92,0.8,0.000821331,10.9615,0.0519557,-0.0460374,0.0161769,0,0,449.809,23.0781,0.103027,10.9615,0.000821331,0.0030063991983635065,0.032954644812861575,0.013170500801636495,-0.07899204481286157
52.94,0.8,0.000821331,10.9719,0.0432415,-0.0493104,0.0167877,0,0,450.027,23.1007,0.103087,10.9719,0.000821331,0.00300923133649936,0.03301698530093732,0.013778468663500638,-0.08232738530093732
52.96,0.8,0.000821331,10.9559,0.0322096,-0.036826,0.0156331,0,0,450.245,23.1233,0.103148,10.9559,0.000821331,0.0030048741771644943,0.03292110099759648,0.012628225822835506,-0.06974710099759648
52.98,0.8,0.000821331,10.9709,0.021774,-0.0159638,0.0155694,0,0,450.463,23.1458,0.103208,10.9709,0.000821331,0.0030089590180165785,0.033010988490758085,0.012560440981983423,-0.048974788490758085
53.0,0.8,0.000821331,10.9695,0.013506,0.00617732,0.0152394,0,0,450.681,23.1684,0.103269,10.9695,0.000821331,0.0030085777712497803,0.033002593861724466,0.012230822228750219,-0.026825273861724466
53.02,0.8,0.000821331,10.959,0.00813188,0.0232051,0.0136676,0,0,450.899,23.1911,0.103329,10.959,0.000821331,0.0030057183873809586,0.03293966780730792,0.010661881612619042,-0.009734567807307921
53.04,0.8,0.000821331,10.917,0.00580989,0.0305748,0.0143899,0,0,451.117,23.2137,0.103389,10.917,0.000821331,0.0029942802684081947,0.03268855769021226,0.011395619731591805,-0.002113757690212263
53.06,0.8,0.000821331,10.9404,0.00596125,0.0275417,0.0138589,0,0,451.335,23.2362,0.103449,10.9404,0.000821331,0.0030006530497686426,0.03282834462568886,0.010858246950231357,-0.005286644625688858
53.08,0.8,0.000821331,10.9469,0.00733001,0.0161392,0.0130457,0,0,451.552,23.2588,0.10351,10.9469,0.000821331,0.0030024232154463896,0.03286722669717008,0.01004327678455361,-0.01672802669717008
53.1,0.8,0.000821331,10.9472,0.00836007,-0.000269473,0.0133948,0,0,451.77,23.2815,0.10357,10.9472,0.000821331,0.0030025049148610897,0.03286902180396732,0.01039229508513891,-0.03313849480396732
53.12,0.8,0.000821331,10.9691,0.00814664,-0.015379,0.0137929,0,0,451.988,23.3041,0.10363,10.9691,0.000821331,0.0030084688434112313,0.033000195590262134,0.010784431156588769,-0.04837919559026213
53.14,0.8,0.000821331,10.9694,0.00710533,-0.0202625,0.0144,0,0,452.206,23.3268,0.103691,10.9694,0.000821331,0.0030085505392980962,0.033001994285776534,0.011391449460701903,-0.05326449428577654
53.16,0.8,0.000821331,10.9749,0.00627342,-0.00903905,0.0140084,0,0,452.424,23.3495,0.103751,10.9749,0.000821331,0.003010048288765392,0.0330349789643713,0.01099835171123461,-0.0420740289643713
53.18,0.8,0.000821331,10.9853,0.0062986,0.0152657,0.013426,0,0,452.642,23.3722,0.103811,10.9853,0.000821331,0.003012880352981274,0.033097394541605187,0.010413119647018727,-0.017831694541605186
53.2,0.8,0.000821331,10.9755,0.00718145,0.0406269,0.0132,0,0,452.861,23.395,0.103872,10.9755,0.000821331,0.0030102116786457044,0.03303857827897593,0.010189788321354296,0.007588321721024069
53.22,0.8,0.000821331,10.953,0.00864131,0.0532256,0.0128086,0,0,453.079,23.4178,0.103932,10.953,0.000821331,0.0030040844275157495,0.032903736734580004,0.00980451557248425,0.020321863265419994
53.24,0.8,0.000821331,10.9335,0.0106752,0.0468766,0.0129967,0,0,453.297,23.4405,0.103992,10.9335,0.000821331,0.002998773926369182,0.03278709472395745,0.009997926073630817,0.014089505276042545
53.26,0.8,0.000821331,10.957,0.0132492,0.0255771,0.0139596,0,0,453.515,23.4632,0.104053,10.957,0.000821331,0.0030051737362110325,0.032927688627664285,0.010954426263788968,-0.007350588627664287
53.28,0.8,0.000821331,10.9506,0.015528,-0.00224751,0.0147519,0,0,453.733,23.486,0.104113,10.9506,0.000821331,0.0030034308382321196,0.032889369737144646,0.011748469161767881,-0.03513687973714465
53.3,0.8,0.000821331,10.9583,0.0162366,-0.0294539,0.0151973,0,0,453.95,23.5088,0.104173,10.9583,0.000821331,0.0030055277597124987,0.03293547484925747,0.012191772240287502,-0.06238937484925747
53.32,0.8,0.000821331,10.9473,0.0145608,-0.0506359,0.0156,0,0,454.168,23.5316,0.104234,10.9473,0.000821331,0.0030025321479887393,0.032869620183677124,0.01259746785201126,-0.08350552018367713
53.34,0.701738,0.00072045,10.9665,0.0105395,-0.0606212,0.0154035,0,0,454.386,23.5543,0.104292,10.9665,0.00072045,0.0026383287170476614,0.028933231875503177,0.01276517128295234,-0.08955443187550317
53.36,0.7,0.000718665,10.9614,0.00501043,-0.0550732,0.0148179,0,0,454.604,23.5772,0.104343,10.9614,0.000718665,0.002630576704240494,0.02883480348586175,0.012187323295759507,-0.08390800348586175
53.38,0.7,0.000718665,10.9316,-0.000899898,-0.0329724,0.0140783,0,0,454.822,23.6,0.104396,10.9316,0.000718665,0.0026234756525716847,0.028678786443652626,0.011454824347428316,-0.061651186443652625
53.4,0.7,0.000718665,10.9539,-0.00612978,0.000728429,0.0136221,0,0,455.04,23.6228,0.104449,10.9539,0.000718665,0.002628789565534872,0.028795498021912436,0.010993310434465128,-0.028067069021912437
53.42,0.7,0.000718665,10.9419,-0.00956001,0.0338573,0.0136,0,0,455.258,23.6457,0.104501,10.9419,0.000718665,0.0026259300894050956,0.028732664445261617,0.010974069910594905,0.005124635554738383
53.44,0.7,0.000718665,10.9142,-0.0102685,0.0501393,0.0134051,0,0,455.475,23.6685,0.104554,10.9142,0.000718665,0.002619329210977963,0.028587882874455683,0.010785770789022037,0.021551417125544314
53.46,0.7,0.000718665,10.9402,-0.00809696,0.0375116,0.0122587,0,0,455.692,23.6913,0.104607,10.9402,0.000718665,0.002625524991562177,0.028723768512688534,0.009633175008437824,0.008787831487311465
53.48,0.7,0.000718665,10.9417,-0.00395235,-0.00421497,0.0117771,0,0,455.91,23.7141,0.104659,10.9417,0.000718665,0.00262588243090476,0.028731617794230616,0.00915121756909524,-0.03294658779423062
53.5,0.7,0.000718665,10.9389,0.000246717,-0.0626648,0.0135696,0,0,456.128,23.737,0.104712,10.9389,0.000718665,0.0026252152099563936,0.028716966660191995,0.010944384790043605,-0.091381766660192
53.52,0.793368,0.000814523,10.9416,0.00253259,-0.118334,0.0136,0,0,456.345,23.7599,0.104766,10.9416,0.000814523,0.002976104764486366,0.032563347891104016,0.010623895235513634,-0.150897347891104
53.54,0.7,0.000718665,10.9497,0.00225105,-0.152581,0.0122547,0,0,456.563,23.7828,0.104826,10.9497,0.000718665,0.002627788756474921,0.028773498546773444,0.009626911243525079,-0.18135449854677343
53.56,0.7,0.000718665,10.9609,0.000143295,-0.155751,0.0110184,0,0,456.781,23.8057,0.104877,10.9609,0.000718665,0.0026304575624712724,0.02883218229649137,0.008387942437528727,-0.18458318229649137
53.58,0.7,0.000718665,10.9279,-0.00239289,-0.131148,0.0120791,0,0,456.999,23.8286,0.10493,10.9279,0.000718665,0.0026225939496919664,0.02865944442283884,0.009456506050308034,-0.15980744442283884
53.6,0.607381,0.000623576,10.9464,-0.00414074,-0.0916383,0.0122148,0,0,457.216,23.8515,0.104981,10.9464,0.000623576,0.0022794147194702234,0.024951385285208856,0.009935385280529776,-0.11658968528520885
53.62,0.6,0.000615999,10.9499,-0.00523164,-0.052079,0.0122,0,0,457.434,23.8745,0.105025,10.9499,0.000615999,0.0022524326764153863,0.024663912563480838,0.009947567323584615,-0.07674291256348084
53.64,0.6,0.000615999,10.942,-0.0065818,-0.023331,0.0120153,0,0,457.652,23.8974,0.10507,10.942,0.000615999,0.0022508191077211877,0.024628462676685236,0.009764480892278812,-0.04795946267668524
53.66,0.6,0.000615999,10.92,-0.0081964,-0.00990498,0.0114212,0,0,457.869,23.9204,0.105115,10.92,0.000615999,0.002246325494859303,0.024529874403863585,0.009174874505140696,-0.03443485440386358
53.68,0.7,0.000718665,10.9347,-0.00968911,-0.0105206,0.0117676,0,0,458.086,23.9433,0.105162,10.9347,0.000718665,0.0026242143717324826,0.028694996890583177,0.009143385628267517,-0.039215596890583175
53.7,0.7,0.000718665,10.9282,-0.010948,-0.0210681,0.0110352,0,0,458.304,23.9663,0.105216,10.9282,0.000718665,0.0026226654393504186,0.028661012454309246,0.008412534560649582,-0.04972911245430925
53.72,0.797576,0.000818843,10.9388,-0.0115959,-0.0374232,0.0123806,0,0,458.521,23.9892,0.105271,10.9388,0.000818843,0.0029911289627358446,0.03271936149757486,0.009389471037264155,-0.07014256149757486
53.74,0.8,0.000821331,10.9472,-0.0113405,-0.0552618,0.0133988,0,0,458.739,24.0122,0.105333,10.9472,0.000821331,0.0030025049148610897,0.03286902180396732,0.010396295085138911,-0.08813082180396732
53.76,0.8,0.000821331,10.9605,-0.00969884,-0.0688584,0.013968,0,0,458.957,24.0353,0.105393,10.9605,0.000821331,0.003006126874367843,0.03294865360650874,0.010961873125632156,-0.10180705360650874
53.78,0.887804,0.000911477,10.9663,-0.00529439,-0.0722408,0.0140488,0,0,459.175,24.0583,0.105455,10.9663,0.000911477,0.003337820318517384,0.03660353895895719,0.010710979681482616,-0.10884433895895718
53.8,0.9,0.000923998,11.0405,0.00224973,-0.0622208,0.01497,0,0,459.393,24.0814,0.105524,11.0405,0.000923998,0.003406402512829853,0.03760838694289799,0.011563597487170148,-0.099829186942898
53.82,0.9,0.000923998,11.0525,0.00995227,-0.0404092,0.0173512,0,0,459.612,24.1047,0.105593,11.0525,0.000923998,0.0034100782755778743,0.03768989014082446,0.013941121724422127,-0.07809909014082446
53.84,0.802829,0.000824236,10.9459,0.0129603,-0.0126703,0.0172113,0,0,459.832,24.128,0.105659,10.9459,0.000824236,0.0030127693216704383,0.03297747171807245,0.01419853067832956,-0.04564777171807245
53.86,0.8,0.000821331,10.9418,0.00894853,0.0124538,0.0168,0,0,460.05,24.1511,0.105718,10.9418,0.000821331,0.0030010343181108103,0.032836717301904864,0.013798965681889189,-0.020382917301904863
53.88,0.8,0.000821331,10.9248,-0.000121608,0.025189,0.017,0,0,460.267,24.1742,0.105778,10.9248,0.000821331,0.002996404561000617,0.03273512054801954,0.014003595438999384,-0.007546120548019539
53.9,0.8,0.000821331,10.9118,-0.0107747,0.0181295,0.0175559,0,0,460.485,24.1973,0.105838,10.9118,0.000821331,0.002992864055506824,0.03265753400087936,0.014563035944493175,-0.014528034000879361
53.92,0.8,0.000821331,10.9138,-0.0206547,-0.00831201,0.0172127,0,0,460.702,24.2203,0.105898,10.9138,0.000821331,0.0029934087544649986,0.0326694644644801,0.014219291245535002,-0.040981474464480104
53.94,0.8,0.000821331,10.9465,-0.0285411,-0.0441385,0.0164187,0,0,460.919,24.2434,0.105958,10.9465,0.000821331,0.0030023142828193732,0.03286483329688227,0.013416385717180629,-0.07700333329688228
53.96,0.8,0.000821331,10.9916,-0.0339235,-0.0741195,0.0158449,0,0,461.136,24.2666,0.106019,10.9916,0.000821331,0.0030145959024136843,0.03313523232097025,0.012830304097586315,-0.10725473232097026
53.98,0.8,0.000821331,10.9611,-0.0368359,-0.0852222,0.0157727,0,0,461.355,24.2898,0.106079,10.9611,0.000821331,0.003006290268828822,0.0329522482656596,0.012766409731171179,-0.11817444826565959
54.0,0.8,0.000821331,10.9341,-0.0376513,-0.0725254,0.0167755,0,0,461.573,24.313,0.106139,10.9341,0.000821331,0.002998937329403085,0.032790680653426274,0.013776562670596914,-0.10531608065342628
54.02,0.8,0.000821331,10.9438,-0.0372513,-0.0399388,0.0168464,0,0,461.79,24.3362,0.1062,10.9438,0.000821331,0.0030015789853726454,0.03284868010012115,0.013844821014627355,-0.07278748010012115
54.04,0.8,0.000821331,10.9278,-0.0364834,0.00295863,0.015007,0,0,462.008,24.3594,0.10626,10.9278,0.000821331,0.0029972215880585936,0.032753038069986695,0.012009778411941407,-0.029794408069986695
54.06,0.8,0.000821331,10.9172,-0.035076,0.0439986,0.0149818,0,0,462.225,24.3826,0.10632,10.9172,0.000821331,0.0029943347378502214,0.03268975120005844,0.011987465262149779,0.01130884879994156
54.08,0.879441,0.000902891,10.9315,-0.0325349,0.0714971,0.015,0,0,462.442,24.4058,0.106382,10.9315,0.000902891,0.0032959602535967366,0.036029789512192725,0.011704039746403263,0.03546731048780727
54.1,0.9,0.000923998,10.9438,-0.0297082,0.0783312,0.0144388,0,0,462.66,24.429,0.10645,10.9438,0.000923998,0.0033767788443181024,0.036954792316448444,0.011062021155681898,0.04137640768355156
54.12,0.9,0.000923998,10.9608,-0.0278303,0.0647127,0.0143937,0,0,462.877,24.4523,0.106518,10.9608,0.000923998,0.0033819871326828403,0.03706928456391008,0.01101171286731716,0.02764341543608992
54.14,0.9,0.000923998,10.9584,-0.0269104,0.0376195,0.0147936,0,0,463.095,24.4756,0.106586,10.9584,0.000923998,0.00338125185535064,0.03705311033167445,0.011412348144649361,0.0005663896683255482
54.16,0.9,0.000923998,10.9636,-0.0262366,0.00743019,0.015,0,0,463.313,24.4989,0.106653,10.9636,0.000923998,0.0033828449518977094,0.037088158914625725,0.01161715504810229,-0.029657968914625726
54.18,0.9,0.000923998,10.9396,-0.0253449,-0.0161455,0.0142852,0,0,463.531,24.5223,0.106721,10.9396,0.000923998,0.003375492064215656,0.036926532985693594,0.010909707935784344,-0.053072032985693594
54.2,0.9,0.000923998,10.9122,-0.0238333,-0.0267805,0.0142,0,0,463.749,24.5456,0.106789,10.9122,0.000923998,0.0033670970985474648,0.03674243695876964,0.010832902901452536,-0.06352293695876965
54.22,0.9,0.000923998,10.9441,-0.0214792,-0.0225519,0.0138,0,0,463.966,24.5688,0.106857,10.9441,0.000923998,0.003376870756780879,0.03695681124928562,0.010423129243219122,-0.05950871124928562
54.24,0.9,0.000923998,10.9251,-0.0188255,-0.0059559,0.0139988,0,0,464.184,24.5922,0.106924,10.9251,0.000923998,0.0033710495284666815,0.03682905320345135,0.01062775047153332,-0.04278495320345135
54.26,0.9,0.000923998,10.9197,-0.016795,0.0169175,0.0141779,0,0,464.401,24.6155,0.106992,10.9197,0.000923998,0.0033693950349443515,0.03679278296308184,0.010808504965055648,-0.01987528296308184
54.28,0.9,0.000923998,10.9145,-0.0159642,0.0380835,0.0146,0,0,464.618,24.6388,0.10706,10.9145,0.000923998,0.0033678018025925477,0.03675787277439636,0.011232198197407452,0.0013256272256036358
54.3,0.9,0.000923998,10.9277,-0.016491,0.0499511,0.0148,0,0,464.835,24.6622,0.107127,10.9277,0.000923998,0.0033718461302801295,0.03684652295786217,0.01142815386971987,0.013104577042137827
54.32,0.9,0.000923998,10.9142,-0.0182434,0.0480018,0.014619,0,0,465.052,24.6855,0.107195,10.9142,0.000923998,0.0033677098848516897,0.03675585922524831,0.01125129011514831,0.01124594077475169
54.34,0.8,0.000821331,10.9384,-0.0207184,0.0331047,0.0136146,0,0,465.269,24.7089,0.107261,10.9384,0.000821331,0.003000108378910286,0.03281638549187227,0.010614491621089713,0.0002883145081277322
54.36,0.8,0.000821331,10.9494,-0.0231424,0.0116113,0.01378,0,0,465.487,24.7323,0.107319,10.9494,0.000821331,0.003003104042446872,0.03288218740236778,0.010776895957553129,-0.02127088740236778
54.38,0.8,0.000821331,10.9281,-0.0252456,-0.0077461,0.0138,0,0,465.704,24.7558,0.107379,10.9281,0.000821331,0.002997303290502917,0.032754830088944926,0.010802696709497083,-0.040500930088944925
54.4,0.710346,0.000729287,10.9171,-0.0277313,-0.0183363,0.0136,0,0,465.922,24.7792,0.107438,10.9171,0.000729287,0.002658744686547137,0.02902578161750375,0.010941255313452861,-0.04736208161750375
54.42,0.7,0.000718665,10.9244,-0.0312071,-0.0182358,0.0139755,0,0,466.139,24.8026,0.107489,10.9244,0.000718665,0.0026217599006030765,0.02864115385814825,0.011353740099396924,-0.046876953858148246
54.44,0.7,0.000718665,10.8919,-0.0348867,-0.00960643,0.0141977,0,0,466.356,24.8261,0.107542,10.8919,0.000718665,0.0026140148889696015,0.028471588769168003,0.0115836851110304,-0.038078018769168
54.46,0.6,0.000615999,10.889,-0.037075,0.00316976,0.014,0,0,466.573,24.8495,0.107592,10.889,0.000615999,0.0022399932606586227,0.02439128661531174,0.011760006739341378,-0.02122152661531174
54.48,0.6,0.000615999,10.9059,-0.0369308,0.0145799,0.0149164,0,0,466.789,24.8729,0.107635,10.9059,0.000615999,0.0022434453967355755,0.024466791152258516,0.012672954603264425,-0.009886891152258517
54.5,0.6,0.000615999,10.9083,-0.0353237,0.0194789,0.0140168,0,0,467.006,24.8963,0.10768,10.9083,0.000615999,0.002243935631758005,0.02447752305190585,0.011772864368241993,-0.004998623051905848
54.52,0.6,0.000615999,10.903,-0.0336499,0.0156237,0.0136,0,0,467.223,24.9198,0.107725,10.903,0.000615999,0.0022428530263779766,0.02445382654659908,0.011357146973622022,-0.00883012654659908
54.54,0.6,0.000615999,10.9108,-0.032066,0.00478094,0.0139869,0,0,467.44,24.9432,0.10777,10.9108,0.000615999,0.002244446290817171,0.02448870458984799,0.011742453709182829,-0.01970776458984799
54.56,0.6,0.000615999,10.9328,-0.0297207,-0.00835687,0.0144,0,0,467.657,24.9667,0.107816,10.9328,0.000615999,0.0022489399838608536,0.02458721105555394,0.012151060016139146,-0.03294408105555394
54.58,0.6,0.000615999,10.913,-0.026642,-0.0180162,0.0136626,0,0,467.874,24.9902,0.107861,10.913,0.000615999,0.002244895668743989,0.02449854643300315,0.011417704331256011,-0.04251474643300315
54.6,0.6,0.000615999,10.9084,-0.0242635,-0.019703,0.0132141,0,0,468.091,25.0137,0.107906,10.9084,0.000615999,0.0022439560581678374,0.024477970264918037,0.010970143941832163,-0.04418097026491803
54.62,0.691451,0.000709888,10.9083,-0.024013,-0.0123524,0.0128171,0,0,468.308,25.0372,0.107952,10.9083,0.000709888,0.002585950697740175,0.028208325996159155,0.010231149302259825,-0.040560725996159154
54.64,0.7,0.000718665,10.8762,-0.026011,0.00134677,0.0127845,0,0,468.525,25.0607,0.108006,10.8762,0.000718665,0.0026102732781569187,0.028389854227890282,0.010174226721843082,-0.02704308422789028
54.66,0.7,0.000718665,10.8643,-0.0289956,0.0164285,0.013574,0,0,468.741,25.0842,0.108059,10.8643,0.000718665,0.002607437204585064,0.02832798002177351,0.010966562795414934,-0.01189948002177351
54.68,0.7,0.000718665,10.8842,-0.031553,0.0278729,0.0134329,0,0,468.957,25.1076,0.108111,10.8842,0.000718665,0.0026121798456186104,0.028431487875682077,0.010820720154381389,-0.0005585878756820782
54.7,0.7,0.000718665,10.8942,-0.0336308,0.0323352,0.0137894,0,0,469.173,25.1311,0.108164,10.8942,0.000718665,0.002614563013503883,0.028483572381714003,0.011174836986496118,0.0038516276182859986
54.72,0.7,0.000718665,10.8891,-0.0361486,0.0288401,0.0136144,0,0,469.39,25.1546,0.108216,10.8891,0.000718665,0.002613347603638123,0.028457003390775882,0.011001052396361878,0.0003830966092241185
54.74,0.7,0.000718665,10.8943,-0.0390589,0.0192363,0.0134103,0,0,469.607,25.1782,0.108268,10.8943,0.000718665,0.002614586844950075,0.028484093464939603,0.010795713155049924,-0.009247793464939601
54.76,0.7,0.000718665,10.9109,-0.0408689,0.00785846,0.0132,0,0,469.823,25.2017,0.108321,10.9109,0.000718665,0.0026185428011074015,0.028570658648602747,0.0105814571988926,-0.02071219864860275
54.78,0.7,0.000718665,10.8855,-0.0401367,-0.000598375,0.0126572,0,0,470.04,25.2253,0.108373,10.8855,0.000718665,0.0026124896600483493,0.028438256194456307,0.010044710339951652,-0.029036631194456305
54.8,0.7,0.000718665,10.9023,-0.0368306,-0.00334196,0.0122,0,0,470.257,25.2489,0.108426,10.9023,0.000718665,0.0026164933457102258,0.028525795402936593,0.009583506654289775,-0.03186775540293659
54.82,0.7,0.000718665,10.8815,-0.0325067,-0.000206275,0.0127658,0,0,470.473,25.2725,0.108478,10.8815,0.000718665,0.0026115363823936643,0.02841743314501666,0.010154263617606336,-0.02862370814501666
54.84,0.7,0.000718665,10.8618,-0.0292697,0.0067784,0.0128,0,0,470.69,25.296,0.108531,10.8618,0.000718665,0.002606841382534062,0.028314989728808478,0.010193158617465939,-0.021536589728808477
54.86,0.7,0.000718665,10.8584,-0.0280683,0.0145098,0.0131878,0,0,470.906,25.3196,0.108583,10.8584,0.000718665,0.00260603105993592,0.028297327661208193,0.01058176894006408,-0.013787527661208193
54.88,0.7,0.000718665,10.8658,-0.0279512,0.0201441,0.0140821,0,0,471.121,25.3431,0.108635,10.8658,0.000718665,0.002607794696436861,0.028335775612543645,0.011474305303563139,-0.008191675612543643
54.9,0.7,0.000718665,10.8587,-0.0273495,0.0215523,0.0136306,0,0,471.337,25.3667,0.108688,10.8587,0.000718665,0.002606102559202329,0.02829888585961033,0.01102449744079767,-0.00674658585961033
54.92,0.7,0.000718665,10.8556,-0.0260714,0.0173203,0.0128166,0,0,471.553,25.3902,0.10874,10.8556,0.000718665,0.0026053637314559183,0.028282786523192868,0.010211236268544081,-0.010962486523192868
54.94,0.7,0.000718665,10.8528,-0.0255221,0.00778166,0.0124,0,0,471.769,25.4138,0.108792,10.8528,0.000718665,0.0026046963993753523,0.028268249083140823,0.009795303600624647,-0.020486589083140824
54.96,0.7,0.000718665,10.8686,-0.0270084,-0.00386702,0.013536,0,0,471.985,25.4374,0.108845,10.8686,0.000718665,0.002608462011792853,0.028350330221371803,0.010927537988207146,-0.0322173502213718
54.98,0.7,0.000718665,10.8617,-0.030567,-0.0127679,0.0132496,0,0,472.201,25.461,0.108897,10.8617,0.000718665,0.0026068175495922814,0.028314470178406485,0.010642782450407718,-0.041082370178406484
55.0,0.7,0.000718665,10.8447,-0.0353823,-0.0152785,0.0126,0,0,472.417,25.4846,0.108949,10.8447,0.000718665,0.002602765882733922,0.028226215168484562,0.009997234117266078,-0.04350471516848456
55.02,0.7,0.000718665,10.855,-0.0403291,-0.0104254,0.0135626,0,0,472.633,25.5082,0.109002,10.855,0.000718665,0.002605220732027446,0.028279671046157927,0.010957379267972554,-0.038705071046157925
55.04,0.7,0.000718665,10.8421,-0.0440044,0.000713275,0.0128281,0,0,472.848,25.5318,0.109054,10.8421,0.000718665,0.002602146204342528,0.028212729362102125,0.010225953795657472,-0.027499454362102126
55.06,0.7,0.000718665,10.8173,-0.0451681,0.0156923,0.0131802,0,0,473.064,25.5554,0.109106,10.8173,0.000718665,0.0025962352700967892,0.028084255787217998,0.01058396472990321,-0.012391955787217999
55.08,0.7,0.000718665,10.8192,-0.0434066,0.0308412,0.0134,0,0,473.279,25.579,0.109158,10.8192,0.000718665,0.002596688133894804,0.028094088258234663,0.010803311866105197,0.0027471117417653367
55.1,0.7,0.000718665,10.8383,-0.0393989,0.0416213,0.0139764,0,0,473.494,25.6026,0.10921,10.8383,0.000718665,0.00260124051496216,0.02819302507331438,0.011375159485037839,0.013428274926685621
55.12,0.7,0.000718665,10.8468,-0.03482,0.0437882,0.0147782,0,0,473.71,25.6262,0.109262,10.8468,0.000718665,0.0026032663899397245,0.028237109878398205,0.012174933610060275,0.015551090121601795
55.14,0.7,0.000718665,10.8552,-0.0314203,0.0356831,0.0142346,0,0,473.925,25.6499,0.109315,10.8552,0.000718665,0.002605268398521973,0.028280709519635717,0.011629331601478027,0.007402390480364285
55.16,0.7,0.000718665,10.8687,-0.029773,0.0199913,0.0138,0,0,474.141,25.6735,0.109367,10.8687,0.000718665,0.0026084858444174732,0.028350850097220194,0.011191514155582526,-0.008359550097220194
55.18,0.7,0.000718665,10.8746,-0.0293652,0.00282281,0.0139386,0,0,474.357,25.6973,0.109419,10.8746,0.000718665,0.002609891961130282,0.028381531120507363,0.011328708038869718,-0.025558721120507364
55.2,0.7,0.000718665,10.8562,-0.0296807,-0.00927939,0.014,0,0,474.573,25.721,0.109472,10.8562,0.000718665,0.0026055067307190582,0.02828590217003224,0.011394493269280942,-0.03756529217003224
55.22,0.7,0.000718665,10.8399,-0.0307684,-0.0122896,0.0139767,0,0,474.789,25.7448,0.109524,10.8399,0.000718665,0.0026016218586663196,0.028201320785757038,0.011375078141333681,-0.040490920785757036
55.24,0.7,0.000718665,10.8442,-0.0328407,-0.00580177,0.0149817,0,0,475.005,25.7685,0.109576,10.8442,0.000718665,0.002602646714053351,0.02822362149653735,0.01237905328594665,-0.03402539149653735
55.26,0.7,0.000718665,10.8392,-0.0352687,0.00767254,0.0148,0,0,475.22,25.7922,0.109628,10.8392,0.000718665,0.002601455020940201,0.028197691262975024,0.0121985449790598,-0.020525151262975022
55.28,0.7,0.000718665,10.8315,-0.0365583,0.0232615,0.0144785,0,0,475.436,25.8159,0.109681,10.8315,0.000718665,0.0025996197911256048,0.028157781767576988,0.011878880208874395,-0.004896281767576987
55.3,0.7,0.000718665,10.8332,-0.0358852,0.0343734,0.0142,0,0,475.651,25.8396,0.109733,10.8332,0.000718665,0.002600024974071806,0.02816659054911469,0.011599975025928196,0.006206809450885309
55.32,0.7,0.000718665,10.8414,-0.0341273,0.0357481,0.0136247,0,0,475.866,25.8634,0.109785,10.8414,0.000718665,0.0026019793673227117,0.028209099112892447,0.011022720632677289,0.007539000887107551
55.34,0.7,0.000718665,10.8335,-0.0328435,0.0273839,0.0136,0,0,476.082,25.8871,0.109837,10.8335,0.000718665,0.002600096476807173,0.02816814518149051,0.010999903523192826,-0.0007842451814905095
55.36,0.7,0.000718665,10.8541,-0.0325351,0.0145679,0.0132,0,0,476.297,25.9109,0.109889,10.8541,0.000718665,0.0026050062325747602,0.02827499814898971,0.01059499376742524,-0.013707098148989709
55.38,0.7,0.000718665,10.853,-0.032729,0.00374613,0.0139314,0,0,476.513,25.9347,0.109942,10.853,0.000718665,0.0026047440660719227,0.028269287349078576,0.011326655933928077,-0.024523157349078575
55.4,0.7,0.000718665,10.8449,-0.0335548,-0.00112167,0.0136117,0,0,476.729,25.9585,0.109994,10.8449,0.000718665,0.0026028135501740355,0.0282272526702824,0.011008886449825964,-0.0293489226702824
55.42,0.7,0.000718665,10.8391,-0.0358059,0.000593295,0.0133857,0,0,476.944,25.9823,0.110046,10.8391,0.000718665,0.002601431186960983,0.028197172778588794,0.010784268813039018,-0.027603877778588793
55.44,0.795068,0.000816268,10.8308,-0.0392928,0.00689349,0.0139901,0,0,477.16,26.0061,0.1101,10.8308,0.000816268,0.0029524888051126416,0.031977815750414,0.011037611194887359,-0.025084325750414
55.46,0.8,0.000821331,10.8151,-0.0424146,0.0145186,0.014,0,0,477.375,26.0299,0.110161,10.8151,0.000821331,0.0029665253506043544,0.03208326831932115,0.011033474649395646,-0.01756466831932115
55.48,0.8,0.000821331,10.8289,-0.0435287,0.0204179,0.0141801,0,0,477.59,26.0537,0.110221,10.8289,0.000821331,0.002970284431783542,0.0321649130833408,0.011209815568216458,-0.011747013083340804
55.5,0.8,0.000821331,10.8039,-0.0420839,0.0222365,0.0149839,0,0,477.805,26.0776,0.110281,10.8039,0.000821331,0.0029634744288923277,0.03201708138230982,0.012020425571107673,-0.00978058138230982
55.52,0.8,0.000821331,10.8001,-0.0388869,0.0182704,0.0148126,0,0,478.02,26.1013,0.11034,10.8001,0.000821331,0.0029624392798477074,0.031994640466283225,0.011850160720152294,-0.013724240466283226
55.54,0.8,0.000821331,10.8137,-0.035913,0.00843246,0.0140086,0,0,478.235,26.1251,0.110399,10.8137,0.000821331,0.00296614398897643,0.03207499125359442,0.01104245601102357,-0.02364253125359442
55.56,0.8,0.000821331,10.806,-0.0351653,-0.00464471,0.0136,0,0,478.45,26.149,0.110459,10.806,0.000821331,0.002964046481707068,0.032029486281326576,0.010635953518292931,-0.03667419628132658
55.58,0.8,0.000821331,10.8209,-0.0370713,-0.0163251,0.0136,0,0,478.664,26.1728,0.110518,10.8209,0.000821331,0.002968105266427968,0.032117570277490404,0.01063189473357203,-0.0484426702774904
55.6,0.8,0.000821331,10.8113,-0.0404798,-0.0218556,0.0134,0,0,478.879,26.1967,0.110578,10.8113,0.000821331,0.00296549022380142,0.03206080445658429,0.010434509776198581,-0.053916404456584285
55.62,0.8,0.000821331,10.8138,-0.0442828,-0.0182252,0.0136,0,0,479.094,26.2205,0.110638,10.8138,0.000821331,0.0029661712291266995,0.0320755824375303,0.0106338287708733,-0.050300782437530306
55.64,0.8,0.000821331,10.803,-0.0481322,-0.00583423,0.0136954,0,0,479.309,26.2444,0.110697,10.803,0.000821331,0.002963229262695002,0.03201176572489411,0.010732170737304998,-0.03784599572489411
55.66,0.8,0.000821331,10.7792,-0.05148,0.0112134,0.0138,0,0,479.524,26.2683,0.110757,10.7792,0.000821331,0.0029567458253733974,0.031871354600864925,0.010843254174626601,-0.020657954600864926
55.68,0.8,0.000821331,10.7652,-0.0532834,0.0270175,0.0134328,0,0,479.738,26.2921,0.110816,10.7652,0.000821331,0.0029529319007489344,0.03178890249794243,0.010479868099251066,-0.004771402497942431
55.7,0.8,0.000821331,10.7802,-0.0530558,0.0366556,0.0137755,0,0,479.952,26.3159,0.110875,10.7802,0.000821331,0.002957018244652989,0.031877248081008155,0.01081848175534701,0.004778351918991848
55.72,0.8,0.000821331,10.7832,-0.051114,0.0380663,0.0138454,0,0,480.167,26.3398,0.110935,10.7832,0.000821331,0.002957835499363764,0.031894931756739346,0.010887564500636236,0.006171368243260651
55.74,0.8,0.000821331,10.7807,-0.0478703,0.0322318,0.0136,0,0,480.381,26.3637,0.110994,10.7807,0.000821331,0.002957154454097299,0.03188019502328675,0.0106428455459027,0.00035160497671325036
55.76,0.8,0.000821331,10.7859,-0.0436905,0.0218611,0.0138,0,0,480.595,26.3876,0.111053,10.7859,0.000821331,0.002958571024590993,0.03191085121413599,0.010841428975409007,-0.01004975121413599
55.78,0.878004,0.000901415,10.7959,-0.0393987,0.00993266,0.013444,0,0,480.81,26.4115,0.111114,10.7959,0.000901415,0.0032500368286155763,0.0350870725980509,0.010193963171384423,-0.025154412598050898
55.8,0.9,0.000923998,10.7862,-0.0365582,-0.000697585,0.0135975,0,0,481.024,26.4354,0.111181,10.7862,0.000923998,0.003328486793278525,0.03590172424966082,0.010269013206721475,-0.03659930924966082
55.82,0.9,0.000923998,10.7646,-0.0365557,-0.0074149,0.014,0,0,481.238,26.4594,0.111248,10.7646,0.000923998,0.0033218669454759165,0.03575856892127005,0.010678133054524084,-0.04317346892127005
55.84,0.9,0.000923998,10.7885,-0.039051,-0.0085272,0.0136056,0,0,481.452,26.4833,0.111315,10.7885,0.000923998,0.0033291916683613853,0.03591698431411681,0.010276408331638615,-0.04444418431411681
55.86,0.990063,0.00101646,10.7626,-0.041986,-0.00377809,0.0137801,0,0,481.667,26.5073,0.111383,10.7626,0.00101646,0.0036536031736365145,0.039322269516580355,0.010126496826363485,-0.04310035951658035
55.88,1.0,0.00102666,10.7535,-0.0432365,0.00543306,0.0141664,0,0,481.881,26.5312,0.111459,10.7535,0.00102666,0.00368716758751327,0.03964995665232395,0.01047923241248673,-0.034216896652323955
55.9,1.0,0.00102666,10.7749,-0.0418336,0.0157182,0.0138019,0,0,482.095,26.5551,0.111533,10.7749,0.00102666,0.003694454993504833,0.039807383109515225,0.010107445006495169,-0.024089183109515223
55.92,1.0,0.00102666,10.775,-0.0382295,0.0222844,0.0138,0,0,482.309,26.5791,0.111607,10.775,0.00102666,0.0036944890461041496,0.039808119471772214,0.01010551095389585,-0.017523719471772215
55.94,1.0,0.00102666,10.7777,-0.0341372,0.0213547,0.0138,0,0,482.523,26.6031,0.111681,10.7777,0.00102666,0.0036954084638235346,0.039828003800550904,0.010104591536176466,-0.018473303800550903
55.96,1.0,0.00102666,10.7696,-0.0315065,0.0127991,0.0137917,0,0,482.737,26.6271,0.111755,10.7696,0.00102666,0.003692650196422229,0.03976836555538884,0.01009904980357777,-0.02696926555538884
55.98,1.0,0.00102666,10.7819,-0.0311305,0.000406435,0.0142,0,0,482.951,26.6512,0.111829,10.7819,0.00102666,0.003696838659724475,0.03985894474528332,0.010503161340275525,-0.039452509745283325
56.0,1.0,0.00102666,10.802,-0.0325293,-0.0102374,0.0140144,0,0,483.165,26.6752,0.111904,10.802,0.00102666,0.0037036830094415293,0.0400071838679874,0.01031071699055847,-0.0502445838679874
56.02,1.0,0.00102666,10.7693,-0.0347336,-0.014197,0.0136291,0,0,483.38,26.6994,0.111978,10.7693,0.00102666,0.0036925480375498768,0.03976615758078589,0.009936551962450123,-0.05396315758078589
56.04,1.0,0.00102666,10.7612,-0.0369049,-0.00885248,0.013993,0,0,483.594,26.7235,0.112052,10.7612,0.00102666,0.003689789725855243,0.03970656519787344,0.010303210274144757,-0.048559045197873435
56.06,1.0,0.00102666,10.7638,-0.0388401,0.00533361,0.0145645,0,0,483.808,26.7475,0.112126,10.7638,0.00102666,0.0036906751145085867,0.03972568879754752,0.010873824885491414,-0.03439207879754752
56.08,1.0,0.00102666,10.7531,-0.0407019,0.0249597,0.0149878,0,0,484.022,26.7716,0.1122,10.7531,0.00102666,0.0036870313714811565,0.039647017040674026,0.011300768628518844,-0.014687317040674025
56.1,1.0,0.00102666,10.7473,-0.042354,0.0444542,0.0151914,0,0,484.236,26.7957,0.112274,10.7473,0.00102666,0.0036850562273299976,0.03960440479198368,0.011506343772670003,0.0048497952080163165
56.12,1.0,0.00102666,10.7419,-0.0437883,0.0576534,0.0152,0,0,484.449,26.8198,0.112348,10.7419,0.00102666,0.0036832172803702556,0.03956475170400925,0.011516782719629744,0.01808864829599075
56.14,1.0,0.00102666,10.7497,-0.0459577,0.0602574,0.0150147,0,0,484.663,26.8439,0.112422,10.7497,0.00102666,0.0036858735310094223,0.03962203469629199,0.01132882646899058,0.020635365303708013
56.16,1.0,0.00102666,10.7419,-0.0508356,0.051757,0.0136308,0,0,484.876,26.868,0.112496,10.7419,0.00102666,0.0036832172803702556,0.03956475170400925,0.009947582719629745,0.012192248295990749
56.18,1.0,0.00102666,10.7492,-0.0608697,0.0355084,0.0136,0,0,485.09,26.8921,0.11257,10.7492,0.00102666,0.0036857032597181812,0.03961836147936267,0.009914296740281818,-0.00410996147936267
56.2,1.0,0.00102666,10.7527,-0.0779056,0.0173473,0.0139875,0,0,485.303,26.9163,0.112644,10.7527,0.00102666,0.00368689515534504,0.03964407753687862,0.01030060484465496,-0.022296777536878618
56.22,1.0,0.00102666,10.7304,-0.101599,0.0033867,0.01404,0,0,485.517,26.9405,0.112718,10.7304,0.00102666,0.0036793009413473832,0.03948037082103396,0.010360699058652617,-0.03609367082103396
56.24,1.0,0.00102666,10.7491,-0.128236,-0.00231247,0.0143715,0,0,485.73,26.9646,0.112792,10.7491,0.00102666,0.0036856692054404393,0.03961762685619983,0.01068583079455956,-0.041930096856199826
56.26,1.0,0.00102666,10.7419,-0.151357,0.0012142,0.014611,0,0,485.944,26.9888,0.112866,10.7419,0.00102666,0.0036832172803702556,0.03956475170400925,0.010927782719629745,-0.03835055170400925
56.28,1.0,0.00102666,10.6997,-0.165291,0.0119058,0.0142,0,0,486.157,27.013,0.112939,10.6997,0.00102666,0.0036688455989601935,0.03925554725519438,0.010531154401039806,-0.02734974725519438
56.3,1.0,0.00102666,10.6919,-0.170097,0.0249486,0.0145829,0,0,486.37,27.0371,0.113013,10.6919,0.00102666,0.003666189095556015,0.03919852719077536,0.010916710904443985,-0.014249927190775356
56.32,1.0,0.00102666,10.7079,-0.172393,0.0343019,0.0149893,0,0,486.582,27.0613,0.113087,10.7079,0.00102666,0.0036716382908730766,0.03931553565483982,0.011317661709126924,-0.005013635654839817
56.34,1.0,0.00102666,10.725,-0.179971,0.0354942,0.0153994,0,0,486.795,27.0854,0.11316,10.725,0.00102666,0.0036774619351578586,0.039440779254568036,0.011721938064842142,-0.003946579254568039
56.36,1.1,0.00112933,10.6959,-0.196147,0.0275201,0.0152197,0,0,487.008,27.1097,0.113236,10.6959,0.00112933,0.0040343211378266975,0.043150695458080576,0.0111853788621733,-0.015630595458080578
56.38,1.1,0.00112933,10.6998,-0.21849,0.0131014,0.0146425,0,0,487.221,27.1338,0.113319,10.6998,0.00112933,0.004035782214294911,0.04318206253651268,0.01060671778570509,-0.030080662536512683
56.4,1.2,0.001232,10.7054,-0.241036,-0.00234215,0.0136224,0,0,487.433,27.158,0.113402,10.7054,0.001232,0.00440497352274636,0.047157003550408874,0.00921742647725364,-0.049499153550408875
56.42,1.2,0.001232,10.6803,-0.257956,-0.0130185,0.0146619,0,0,487.646,27.1823,0.113492,10.6803,0.001232,0.004394715207073142,0.046936876826103285,0.010267184792926858,-0.05995537682610329
56.44,1.3,0.00133466,10.6996,-0.266714,-0.015247,0.0153939,0,0,487.858,27.2065,0.113582,10.6996,0.00133466,0.004769463307253222,0.05103134960228657,0.010624436692746778,-0.06627834960228657
56.46,1.3,0.00133466,10.6738,-0.269212,-0.00825696,0.0152215,0,0,488.071,27.2307,0.113679,10.6738,0.00133466,0.004758040125497197,0.050786368691531976,0.010463459874502805,-0.05904332869153198
56.48,1.4,0.00143733,10.6537,-0.270149,0.00651973,0.0151796,0,0,488.283,27.2549,0.113777,10.6537,0.00143733,0.005114472937194228,0.054488060330986146,0.010065127062805771,-0.047968330330986145
56.5,1.5,0.00154,10.6393,-0.273286,0.0257753,0.0159893,0,0,488.494,27.2791,0.113883,10.6393,0.00154,0.005472448490333192,0.05822302122320193,0.01051685150966681,-0.03244772122320193
56.52,1.5,0.00154,10.6363,-0.278992,0.0442567,0.0161779,0,0,488.706,27.3033,0.113994,10.6363,0.00154,0.005470915713263329,0.05819030080098275,0.010706984286736668,-0.01393360080098275
56.54,1.69181,0.00173692,10.6308,-0.285397,0.0559807,0.0165836,0,0,488.917,27.3275,0.114108,10.6308,0.00173692,0.006167314299134732,0.06556348485124151,0.01041628570086527,-0.009582784851241512
56.56,1.7,0.00174533,10.6332,-0.290927,0.0568299,0.0173714,0,0,489.128,27.3517,0.114235,10.6332,0.00174533,0.006198565634527706,0.06591058810506001,0.011172834365472293,-0.009080688105060006
56.58,1.8,0.001848,10.615,-0.295297,0.0469161,0.0170256,0,0,489.339,27.376,0.114361,10.615,0.001848,0.0065520415748907155,0.06954992131746494,0.010473558425109282,-0.02263382131746494
56.6,1.8,0.001848,10.6351,-0.299018,0.0310608,0.017,0,0,489.55,27.4002,0.114495,10.6351,0.001848,0.006564365403321621,0.06981268250086577,0.01043563459667838,-0.03875188250086577
56.62,1.87958,0.0019297,10.6436,-0.30261,0.0167814,0.0168408,0,0,489.761,27.4245,0.114628,10.6436,0.0019297,0.006860018245011692,0.07301529019260644,0.009980781754988307,-0.05623389019260644
56.64,1.9,0.00195066,10.6146,-0.30627,0.0108711,0.0164077,0,0,489.973,27.4489,0.114767,10.6146,0.00195066,0.00691576226762259,0.07340805016590674,0.009491937732377411,-0.06253695016590674
56.66,1.9,0.00195066,10.6001,-0.310361,0.016603,0.0165964,0,0,490.184,27.4732,0.114906,10.6001,0.00195066,0.006906377754550308,0.07320829483600871,0.009690022245449693,-0.056605294836008714
56.68,2.0,0.00205333,10.6,-0.315608,0.0327332,0.0173673,0,0,490.394,27.4975,0.115047,10.6,0.00205333,0.007269817232640219,0.07706006266598632,0.01009748276735978,-0.04432686266598632
56.7,2.0,0.00205333,10.5699,-0.322295,0.0543332,0.0177943,0,0,490.605,27.5219,0.115194,10.5699,0.00205333,0.0072493100609706445,0.07662448241345361,0.010544989939029355,-0.022291282413453614
56.72,2.0,0.00205333,10.5668,-0.329925,0.0747836,0.0176138,0,0,490.815,27.5462,0.11534,10.5668,0.00205333,0.007247197960837966,0.07657969141258263,0.010366602039162034,-0.0017960914125826205
56.74,2.0,0.00205333,10.5667,-0.337787,0.088057,0.0175948,0,0,491.025,27.5705,0.115485,10.5667,0.00205333,0.007247129828371118,0.07657824675744909,0.010347670171628883,0.011478753242550904
56.76,2.0,0.00205333,10.5719,-0.345237,0.0906893,0.0179806,0,0,491.234,27.5949,0.115631,10.5719,0.00205333,0.007250672699697925,0.0766533867139365,0.010729927300302075,0.014035913286063503
56.78,2.0,0.00205333,10.5644,-0.35186,0.0824197,0.0185632,0,0,491.444,27.6193,0.115776,10.5644,0.00205333,0.00724556277810651,0.0765450234130284,0.011317637221893488,0.005874676586971592
56.8,2.0,0.00205333,10.5584,-0.357619,0.0654568,0.0188,0,0,491.654,27.6437,0.115921,10.5584,0.00205333,0.007241474789082227,0.0764583874130458,0.011558525210917773,-0.011001587413045799
56.82,2.0,0.00205333,10.5558,-0.3627,0.0442201,0.0180327,0,0,491.864,27.6681,0.116067,10.5558,0.00205333,0.007239703312892924,0.07642086023023513,0.010792996687107075,-0.03220076023023513
56.84,2.09987,0.00215587,10.525,-0.367482,0.0252871,0.0179995,0,0,492.073,27.6926,0.116214,10.525,0.00215587,0.007579209716303274,0.07977118226409195,0.010420290283696728,-0.05448408226409195
56.86,2.1,0.00215599,10.5329,-0.372483,0.0152066,0.0183806,0,0,492.282,27.717,0.116368,10.5329,0.00215599,0.007585283563377217,0.07989503324469589,0.010795316436622782,-0.06468843324469589
56.88,2.1,0.00215599,10.5006,-0.37786,0.0171238,0.0184,0,0,492.492,27.7414,0.11652,10.5006,0.00215599,0.00756217434156643,0.07940736789105246,0.01083782565843357,-0.06228356789105246
56.9,2.19195,0.0022504,10.4947,-0.383193,0.0293837,0.0178161,0,0,492.7,27.7659,0.116673,10.4947,0.0022504,0.007888914046124377,0.0827917862398615,0.009927185953875624,-0.0534080862398615
56.92,2.2,0.00225866,10.4772,-0.387946,0.0465845,0.0177575,0,0,492.909,27.7903,0.116833,10.4772,0.00225866,0.007904752610018936,0.08281967404569039,0.009852747389981063,-0.03623517404569039
56.94,2.29731,0.00235857,10.4777,-0.391618,0.0617724,0.0179907,0,0,493.117,27.8147,0.116994,10.4777,0.00235857,0.008254805592915618,0.08649137656089198,0.00973589440708438,-0.024718976560891982
56.96,2.3,0.00236133,10.464,-0.393505,0.0690255,0.0182033,0,0,493.325,27.8392,0.117161,10.464,0.00236133,0.008253729207479103,0.08636702242706133,0.009949570792520896,-0.01734152242706133
56.98,2.3,0.00236133,10.4568,-0.393095,0.0655399,0.0178,0,0,493.532,27.8637,0.117326,10.4568,0.00236133,0.008248086715613282,0.08624859316782496,0.009551913284386718,-0.020708693167824962
57.0,2.39314,0.00245695,10.4449,-0.390836,0.0525101,0.0185589,0,0,493.74,27.8882,0.117494,10.4449,0.00245695,0.00857238351717877,0.08953768859858054,0.00998651648282123,-0.03702758859858054
57.02,2.4,0.00246399,10.4569,-0.388434,0.0349449,0.019,0,0,493.947,27.9127,0.117667,10.4569,0.00246399,0.008606759597922358,0.0900000244395143,0.010393240402077642,-0.0550551244395143
57.04,2.4,0.00246399,10.4556,-0.388365,0.0201676,0.0193908,0,0,494.155,27.9372,0.11784,10.4556,0.00246399,0.008605696514191729,0.08997772047378304,0.010785103485808271,-0.06981012047378304
57.06,2.4,0.00246399,10.4337,-0.392331,0.0147865,0.0192068,0,0,494.363,27.9618,0.118013,10.4337,0.00246399,0.008587787256768743,0.08960239590094804,0.010619012743231257,-0.07481589590094805
57.08,2.4,0.00246399,10.4147,-0.399647,0.0217487,0.0191829,0,0,494.57,27.9864,0.118185,10.4147,0.00246399,0.008572248956246217,0.08927740120461747,0.010610651043753782,-0.06752870120461747
57.1,2.4,0.00246399,10.4166,-0.407707,0.0394409,0.0193942,0,0,494.776,28.011,0.118357,10.4166,0.00246399,0.00857380281087754,0.08930987435978699,0.01082039718912246,-0.04986897435978699
57.12,2.4,0.00246399,10.3807,-0.414103,0.0626427,0.0195718,0,0,494.983,28.0356,0.118529,10.3807,0.00246399,0.008544442214661217,0.08869729129773368,0.011027357785338783,-0.026054591297733687
57.14,2.4,0.00246399,10.3857,-0.418059,0.084114,0.0196162,0,0,495.189,28.0601,0.1187,10.3857,0.00246399,0.008548531550771031,0.0887824841268427,0.01106766844922897,-0.0046684841268427035
57.16,2.4,0.00246399,10.3597,-0.420228,0.0966827,0.0193808,0,0,495.396,28.0847,0.118872,10.3597,0.00246399,0.008527266591740567,0.08833992371045475,0.010853533408259433,0.008342776289545245
57.18,2.4,0.00246399,10.3733,-0.421197,0.0957525,0.0204846,0,0,495.601,28.1093,0.119043,10.3733,0.00246399,0.008538389928073448,0.0885712802408843,0.01194621007192655,0.007181219759115703
57.2,2.4,0.00246399,10.3614,-0.420311,0.0811262,0.0206,0,0,495.807,28.134,0.119214,10.3614,0.00246399,0.008528657024004677,0.08836882688852206,0.012071342975995323,-0.0072426268885220635
57.22,2.4,0.00246399,10.3535,-0.416448,0.0572906,0.0202343,0,0,496.013,28.1586,0.119385,10.3535,0.00246399,0.008522195566650143,0.08823455179931226,0.011712104433349857,-0.030943951799312266
57.24,2.4,0.00246399,10.3561,-0.409888,0.0318604,0.0202,0,0,496.218,28.1833,0.119556,10.3561,0.00246399,0.008524322132596598,0.08827873243738363,0.011675677867403401,-0.05641833243738363
57.26,2.4,0.00246399,10.3374,-0.402952,0.0124386,0.0198017,0,0,496.424,28.208,0.119727,10.3374,0.00246399,0.008509026989773148,0.08796121560408095,0.01129267301022685,-0.07552261560408095
57.28,2.4,0.00246399,10.3252,-0.398581,0.00363565,0.0198303,0,0,496.629,28.2327,0.119897,10.3252,0.00246399,0.008499048057453797,0.08775437100282195,0.011331251942546201,-0.08411872100282194
57.3,2.4,0.00246399,10.3406,-0.398352,0.00610977,0.0194248,0,0,496.834,28.2574,0.120068,10.3406,0.00246399,0.008511644377668472,0.0880155098517186,0.010913155622331527,-0.0819057398517186
57.32,2.4,0.00246399,10.2988,-0.401969,0.0175831,0.0192288,0,0,497.039,28.2822,0.120239,10.2988,0.00246399,0.008477453538683217,0.08730759850419072,0.010751346461316784,-0.06972449850419071
57.34,2.4,0.00246399,10.2878,-0.408041,0.0343142,0.0195837,0,0,497.244,28.3069,0.120409,10.2878,0.00246399,0.00846845551474181,0.08712177664456079,0.01111524448525819,-0.05280757664456079
57.36,2.4,0.00246399,10.2806,-0.414559,0.0516806,0.0203722,0,0,497.448,28.3316,0.120578,10.2806,0.00246399,0.008462565801172597,0.087000253975535,0.011909634198827403,-0.035319653975535
57.38,2.4,0.00246399,10.2781,-0.419113,0.064397,0.0203125,0,0,497.652,28.3564,0.120748,10.2781,0.00246399,0.008460520743633846,0.08695807825514304,0.011851979256366154,-0.022561078255143044
57.4,2.4,0.00246399,10.2777,-0.419837,0.0678761,0.0198179,0,0,497.856,28.3811,0.120918,10.2777,0.00246399,0.00846019353356187,0.08695133107988882,0.01135770646643813,-0.01907523107988883
57.42,2.4,0.00246399,10.2792,-0.416565,0.0603472,0.0192315,0,0,498.06,28.4059,0.121088,10.2792,0.00246399,0.008461420570100343,0.08697663432417543,0.010770079429899656,-0.026629434324175437
57.44,2.4,0.00246399,10.2726,-0.410817,0.0441194,0.0195983,0,0,498.264,28.4308,0.121257,10.2726,0.00246399,0.008456021584214136,0.08686532732599814,0.011142278415785863,-0.042745927325998134
57.46,2.4,0.00246399,10.2597,-0.404552,0.0251372,0.0192015,0,0,498.468,28.4556,0.121427,10.2597,0.00246399,0.00844546883329306,0.08664797658893682,0.01075603116670694,-0.06151077658893682
57.48,2.4,0.00246399,10.2488,-0.399058,0.0106501,0.0192,0,0,498.671,28.4805,0.121596,10.2488,0.00246399,0.0084365519745058,0.08646453387631503,0.010763448025494199,-0.07581443387631503
57.5,2.4,0.00246399,10.2379,-0.394957,0.00614134,0.0192,0,0,498.875,28.5054,0.121765,10.2379,0.00246399,0.008427634938875729,0.08628128374071582,0.01077236506112427,-0.08013994374071583
57.52,2.4,0.00246399,10.2225,-0.392728,0.0133915,0.0191758,0,0,499.078,28.5302,0.121934,10.2225,0.00246399,0.008415036257191803,0.08602270813914321,0.010760763742808196,-0.07263120813914321
57.54,2.30768,0.00236921,10.2048,-0.39264,0.0300067,0.0193916,0,0,499.281,28.5551,0.122102,10.2048,0.00236921,0.008077417969576424,0.0824284348959335,0.011314182030423574,-0.052421734895933506
57.56,2.3,0.00236133,10.1964,-0.394145,0.0501581,0.0201818,0,0,499.483,28.58,0.122262,10.1964,0.00236133,0.008043966307265423,0.08201949805540117,0.012137833692734577,-0.03186139805540117
57.58,2.3,0.00236133,10.1957,-0.395901,0.0668576,0.0200111,0,0,499.685,28.6049,0.122423,10.1957,0.00236133,0.00804341746571011,0.08200827145514057,0.01196768253428989,-0.015150671455140569
57.6,2.3,0.00236133,10.1834,-0.396583,0.0747875,0.02,0,0,499.888,28.6298,0.122584,10.1834,0.00236133,0.008033773422101298,0.08181112826662636,0.011966226577898703,-0.00702362826662635
57.62,2.3,0.00236133,10.1819,-0.39548,0.0718014,0.0198156,0,0,500.09,28.6547,0.122745,10.1819,0.00236133,0.008032597304545768,0.08178710249515456,0.011783002695454231,-0.009985702495154555
57.64,2.3,0.00236133,10.1846,-0.39264,0.0589959,0.0192071,0,0,500.292,28.6796,0.122906,10.1846,0.00236133,0.00803471431384936,0.08183035140083018,0.011172385686150641,-0.022834451400830187
57.66,2.3,0.00236133,10.1886,-0.388891,0.0402648,0.0190097,0,0,500.494,28.7046,0.123068,10.1886,0.00236133,0.008037850604931016,0.08189444467340014,0.010971849395068985,-0.041629644673400135
57.68,2.3,0.00236133,10.1795,-0.385364,0.0212408,0.0187653,0,0,500.696,28.7296,0.123229,10.1795,0.00236133,0.008030715509824076,0.0817486685322542,0.010734584490175923,-0.06050786853225419
57.7,2.39282,0.00245662,10.1549,-0.382343,0.007368,0.0197713,0,0,500.898,28.7547,0.123391,10.1549,0.00245662,0.008334724046734718,0.08463828922218639,0.01143657595326528,-0.07727028922218639
57.72,2.4,0.00246399,10.1405,-0.378815,0.00192353,0.0196237,0,0,501.099,28.7797,0.12356,10.1405,0.00246399,0.008347946451278879,0.08465235098919346,0.011275753548721122,-0.08272882098919346
57.74,2.4,0.00246399,10.1227,-0.373778,0.00515162,0.0192109,0,0,501.301,28.8047,0.123728,10.1227,0.00246399,0.008333381743295128,0.08435632337285359,0.010877518256704872,-0.0792047033728536
57.76,2.4,0.00246399,10.1059,-0.36775,0.0148959,0.0191894,0,0,501.501,28.8297,0.123895,10.1059,0.00246399,0.008319634849930474,0.08407739782991239,0.010869765150069524,-0.06918149782991238
57.78,2.4,0.00246399,10.1063,-0.36254,0.0279188,0.0193785,0,0,501.702,28.8546,0.124062,10.1063,0.00246399,0.008319962161733448,0.08408403359512674,0.011058537838266552,-0.05616523359512674
57.8,2.4,0.00246399,10.106,-0.359724,0.0405875,0.0197476,0,0,501.902,28.8797,0.124229,10.106,0.00246399,0.00831971667790324,0.08407905674689015,0.01142788332209676,-0.04349155674689015
57.82,2.4,0.00246399,10.0935,-0.35948,0.0489779,0.0202,0,0,502.103,28.9047,0.124395,10.0935,0.00246399,0.008309488067573652,0.08387181781005466,0.011890511932426347,-0.034893917810054666
57.84,2.4,0.00246399,10.0911,-0.360782,0.0498351,0.0198027,0,0,502.303,28.9298,0.124562,10.0911,0.00246399,0.008307524148163426,0.08383205693153195,0.011495175851836573,-0.03399695693153195
57.86,2.4,0.00246399,10.0949,-0.362442,0.0423376,0.0196067,0,0,502.503,28.9548,0.124729,10.0949,0.00246399,0.008310633683329247,0.08389501596984042,0.011296066316670754,-0.04155741596984042
57.88,2.4,0.00246399,10.0893,-0.363777,0.0287611,0.0198,0,0,502.704,28.98,0.124895,10.0893,0.00246399,0.008306051203064123,0.08380224240307485,0.011493948796935879,-0.05504114240307485
57.9,2.4,0.00246399,10.0759,-0.364582,0.0130743,0.0190162,0,0,502.904,29.0051,0.125062,10.0759,0.00246399,0.008295085795886335,0.08358045497077113,0.010721114204113666,-0.07050615497077113
57.92,2.4,0.00246399,10.0575,-0.364914,-0.00158472,0.0186096,0,0,503.104,29.0303,0.125228,10.0575,0.00246399,0.008280028390672583,0.08327638553918949,0.010329571609327418,-0.08486110553918949
57.94,2.4,0.00246399,10.0474,-0.364947,-0.0145939,0.0189836,0,0,503.303,29.0554,0.125394,10.0474,0.00246399,0.008271762974186086,0.08310971130683728,0.010711837025813914,-0.09770361130683727
