t_s,delta_wheel_deg,delta_road_rad,v_mps,a_long_mps2,a_lat_meas_mps2,yaw_rate_meas_rads,accel_pedal_pct,brake_pressed,x_m,y_m,psi_rad,v_state_mps,delta_state_rad,yaw_rate_pred_rads,a_y_pred_mps2,yaw_rate_resid_rads,a_y_resid_mps2
0.0,-0.7,-0.000722917,26.6423,0.0182717,-0.400273,-0.023,29.2,0,0.0,0.0,0.0,26.6423,-0.000722917,-0.00511847379858579,-0.13636791448406219,-0.01788152620141421,-0.26390508551593783
0.02,-0.7,-0.000722917,26.6332,0.0104652,-0.339964,-0.0224,29.2,0,0.53285,-2.77375e-05,-0.00010411,26.6332,-0.000722917,-0.005116783917218784,-0.1362763294240713,-0.017283216082781216,-0.20368767057592868
0.04,-0.7,-0.000722917,26.6842,0.00284254,-0.289139,-0.0225714,29.2,0,1.06552,-0.000110912,-0.000208184,26.6842,-0.000722917,-0.005126253925429816,-0.1367899849969543,-0.01744514607457018,-0.15234901500304568
0.06,-0.8,-0.000826191,26.6864,-0.000892278,-0.252944,-0.0227889,29.2,0,1.5992,-0.000250503,-0.000316181,26.6864,-0.000826191,-0.00585904406175439,-0.15635679344960235,-0.01692985593824561,-0.09658720655039765
0.08,-0.8,-0.000826191,26.7083,0.00330206,-0.229267,-0.0216002,29.2,0,2.13293,-0.000451725,-0.000439084,26.7083,-0.000826191,-0.005863690844497212,-0.1566092141820849,-0.015736509155502787,-0.0726577858179151
0.1,-0.8,-0.000826191,26.6839,0.0158767,-0.213708,-0.0216819,29.2,0,2.6671,-0.000718126,-0.000558361,26.6839,-0.000826191,-0.005858513582423568,-0.15632799058203226,-0.015823386417576434,-0.05738000941796775
0.12,-0.8,-0.000826191,26.6398,0.0342734,-0.206968,-0.0217832,29.2,0,3.20078,-0.00104791,-0.000677529,26.6398,-0.000826191,-0.00584915509620865,-0.1558203219319792,-0.01593404490379135,-0.05114767806802081
0.14,-0.8,-0.000826191,26.7025,0.055877,-0.211277,-0.0217086,29.2,0,3.73358,-0.00144059,-0.000796501,26.7025,-0.000826191,-0.005862460227495014,-0.1565423442246856,-0.015846139772504986,-0.05473465577531439
0.16,-0.9,-0.000929465,26.7053,0.0792033,-0.223068,-0.021434,29.2,0,4.26764,-0.00189848,-0.000919481,26.7053,-0.000929465,-0.006595937397799757,-0.17614648698946186,-0.014838062602200244,-0.046921513010538124
0.18,-0.9,-0.000929465,26.6861,0.102121,-0.235216,-0.0213884,29.2,0,4.80176,-0.00242609,-0.00105738,26.6861,-0.000929465,-0.0065913542398765195,-0.1758975383807688,-0.01479704576012348,-0.05931846161923121
0.2,-0.9,-0.000929465,26.6864,0.120576,-0.245034,-0.0205011,29.2,0,5.3355,-0.00302625,-0.00119146,26.6864,-0.000929465,-0.006591425854299807,-0.17590142691818636,-0.013909674145700195,-0.06913257308181364
0.22,-0.902365,-0.000931908,26.6365,0.131592,-0.255564,-0.0221764,29.2,0,5.86926,-0.00369799,-0.00132563,26.6365,-0.000931908,-0.006596806423396826,-0.17571583429680956,-0.015579593576603174,-0.07984816570319045
0.24,-1.0,-0.00103274,26.6695,0.135746,-0.267962,-0.0203387,29.2,0,6.40201,-0.00444063,-0.00146353,26.6695,-0.00103274,-0.007319332199719765,-0.19520293010042625,-0.013019367800280237,-0.07275906989957373
0.26,-1.0,-0.00103274,26.6753,0.13577,-0.278906,-0.021363,29.2,0,6.93543,-0.00526166,-0.00161606,26.6753,-0.00103274,-0.007320870666600931,-0.19528642129277982,-0.01404212933339907,-0.08361957870722017
0.28,-1.0,-0.00103274,26.686,0.13587,-0.286704,-0.0206034,29.2,0,7.46896,-0.00616361,-0.00176498,26.686,-0.00103274,-0.007323708783503658,-0.1954404925965786,-0.013279691216496343,-0.0912635074034214
0.3,-1.0,-0.00103274,26.6938,0.13889,-0.293051,-0.0182992,29.2,0,8.00271,-0.00714542,-0.00191395,26.6938,-0.00103274,-0.007325777618193887,-0.19555284258454397,-0.010973422381806115,-0.09749815741545603
0.32,-1.0,-0.00103274,26.6707,0.141992,-0.299614,-0.0211555,29.2,0,8.53661,-0.00820707,-0.00206298,26.6707,-0.00103274,-0.007319650506002122,-0.19522020275043078,-0.013835849493997878,-0.10439379724956921
0.34,-1.0,-0.00103274,26.7062,0.141678,-0.306332,-0.0193382,29.2,0,9.07005,-0.00934726,-0.00221187,26.7062,-0.00103274,-0.007329066408194122,-0.19573151331051386,-0.012009133591805877,-0.11060048668948613
0.36,-1.1,-0.00113601,26.6535,0.140619,-0.31171,-0.0216931,29.2,0,9.6042,-0.0105692,-0.00236469,26.6535,-0.00113601,-0.008046569042582401,-0.21446922797647003,-0.013646530957417599,-0.09724077202352996
0.38,-1.10368,-0.00113981,26.5926,0.142382,-0.313914,-0.0222074,29.2,0,10.1373,-0.0118741,-0.00253222,26.5926,-0.00113981,-0.008055653149270028,-0.21422076193727815,-0.01415174685072997,-0.09969323806272187
0.4,-1.20149,-0.00124083,26.6363,0.144394,-0.311663,-0.021594,29.2,0,10.6692,-0.0132652,-0.00269984,26.6363,-0.00124083,-0.008783547021649005,-0.23396119353274938,-0.012810452978350994,-0.07770180646725064
0.42,-1.3,-0.00134256,26.6611,0.141774,-0.305743,-0.022595,29.2,0,11.2019,-0.0147525,-0.0028858,26.6611,-0.00134256,-0.009512223382619894,-0.2536063388263673,-0.013082776617380106,-0.05213666117363269
0.44,-1.3,-0.00134256,26.6611,0.133682,-0.299397,-0.0222269,29.2,0,11.7352,-0.0163436,-0.00308296,26.6611,-0.00134256,-0.009512223382619894,-0.2536063388263673,-0.012714676617380107,-0.04579066117363273
0.46,-1.6,-0.00165238,26.6772,0.122941,-0.294252,-0.0224354,29.2,0,12.2684,-0.0180411,-0.00328762,26.6772,-0.00165238,-0.011714177563208346,-0.31250145768922166,-0.010721222436791656,0.01824945768922165
0.48,-1.5046,-0.00155386,26.6577,0.113247,-0.287695,-0.022846,28.9,0,12.802,-0.0198602,-0.00353352,26.6577,-0.00155386,-0.011007958362447424,-0.29344685163861467,-0.011838041637552577,0.005751851638614691
0.5,-1.59081,-0.00164289,26.6347,0.106907,-0.278066,-0.0248367,28.8,0,13.3352,-0.0218038,-0.00375709,26.6347,-0.00164289,-0.011628965518204932,-0.30973400788773287,-0.013207734481795068,0.031668007887732885
0.52,-1.5,-0.00154911,26.603,0.103164,-0.268911,-0.023596,28.8,0,13.8679,-0.0238683,-0.00399346,26.603,-0.00154911,-0.01095254054699926,-0.29137043617182135,-0.012643459453000739,0.022459436171821334
0.54,-1.5,-0.00154911,26.6243,0.100803,-0.264361,-0.0239653,28.8,0,14.3999,-0.0260518,-0.00421286,26.6243,-0.00154911,-0.010961017276681322,-0.29182941227954656,-0.013004282723318676,0.02746841227954655
0.56,-1.6,-0.00165238,26.6371,0.100885,-0.264702,-0.0261454,28.8,0,14.9325,-0.0283551,-0.00443953,26.6371,-0.00165238,-0.011697157979633492,-0.3115783668192953,-0.014448242020366507,0.0468763668192953
0.58,-1.6,-0.00165238,26.6706,0.10394,-0.268103,-0.0240389,28.8,0,15.4652,-0.0307844,-0.00468117,26.6706,-0.00165238,-0.011711376513711461,-0.3123494384465929,-0.012327523486288537,0.04424643844659293
0.6,-1.6,-0.00165238,26.6168,0.107854,-0.27392,-0.0249362,28.8,0,15.9986,-0.033345,-0.0049194,26.6168,-0.00165238,-0.011688541090195539,-0.31111156048951666,-0.01324765890980446,0.03719156048951666
0.62,-1.6,-0.00165238,26.6197,0.110362,-0.284062,-0.0257861,28.8,0,16.531,-0.0360272,-0.00515714,26.6197,-0.00165238,-0.011689772115139017,-0.3111782267733661,-0.014096327884860982,0.027116226773366114
0.64,-1.68707,-0.0017423,26.6579,0.111422,-0.29952,-0.025,28.8,0,17.0634,-0.0388368,-0.00539815,26.6579,-0.0017423,-0.012343009604340326,-0.32903871573154403,-0.012656990395659675,0.02951871573154402
0.66,-1.7,-0.00175566,26.6516,0.113004,-0.316356,-0.0251612,28.8,0,17.5966,-0.0417825,-0.00565294,26.6516,-0.00175566,-0.012434815249781118,-0.3314077221110664,-0.012726384750218884,0.015051722111066368
0.68,-1.7,-0.00175566,26.6155,0.116809,-0.330595,-0.0226673,28.8,0,18.1296,-0.0448633,-0.00590636,26.6155,-0.00175566,-0.012418534240915048,-0.3305254980890745,-0.010248765759084953,-6.950191092552904e-05
0.7,-1.7,-0.00175566,26.5464,0.12174,-0.344701,-0.0256637,28.8,0,18.6619,-0.0480747,-0.00615895,26.5464,-0.00175566,-0.012387364083939274,-0.3288399219178855,-0.013276335916060727,-0.015861078082114455
0.72,-1.7,-0.00175566,26.5838,0.125475,-0.362163,-0.0247696,28.8,0,19.1929,-0.0514117,-0.00641089,26.5838,-0.00175566,-0.012404235777782,-0.32975172306940115,-0.012365364222218,-0.032411276930598865
0.74,-1.7,-0.00175566,26.63,0.128988,-0.380728,-0.0229135,28.8,0,19.7246,-0.0548874,-0.00666318,26.63,-0.00175566,-0.012425073973041682,-0.33087971990209997,-0.010488426026958318,-0.049848280097900044
0.76,-1.7,-0.00175566,26.6379,0.135867,-0.396256,-0.0266183,28.8,0,20.2572,-0.0585036,-0.00691591,26.6379,-0.00175566,-0.012428636847698692,-0.331072785485313,-0.014189663152301309,-0.065183214514687
0.78,-1.8,-0.00185893,26.5922,0.146006,-0.406567,-0.0260582,28.8,0,20.79,-0.0622563,-0.00717244,26.5922,-0.00185893,-0.013137881158700326,-0.3493651633483908,-0.012920318841299674,-0.05720183665160922
0.8,-1.8,-0.00185893,26.6051,0.153818,-0.410582,-0.0248173,28.8,0,21.3218,-0.0661428,-0.00744337,26.6051,-0.00185893,-0.013144042058367052,-0.3496985533670613,-0.011673257941632948,-0.06088344663293871
0.82,-1.8,-0.00185893,26.5852,0.15445,-0.41046,-0.0260781,28.8,0,21.8539,-0.0701748,-0.00771072,26.5852,-0.00185893,-0.013134537908458926,-0.34918431720396226,-0.012943562091541074,-0.061275682796037734
0.84,-1.8,-0.00185893,26.644,0.148212,-0.412205,-0.0262924,28.8,0,22.3856,-0.0743458,-0.00797787,26.644,-0.00185893,-0.013162618445703581,-0.35070480586732616,-0.01312978155429642,-0.061500194132673824
0.86,-1.8,-0.00185893,26.6551,0.137031,-0.418261,-0.025986,28.7,0,22.9185,-0.0786686,-0.00824561,26.6551,-0.00185893,-0.0131679186586614,-0.3509921886384855,-0.012818081341338598,-0.06726881136151447
0.88,-1.8,-0.00185893,26.5759,0.121039,-0.425053,-0.025784,28.7,0,23.4517,-0.0831359,-0.00851347,26.5759,-0.00185893,-0.013130096024212034,-0.3489441189298566,-0.012653903975787967,-0.07610888107014341
0.9,-1.80521,-0.00186431,26.5791,0.10127,-0.430417,-0.0257479,28.7,0,23.9832,-0.0877322,-0.00878071,26.5791,-0.00186431,-0.013169629253734803,-0.3500368928979427,-0.012578270746265198,-0.08038010710205729
0.92,-1.9,-0.0019622,26.6286,0.0824262,-0.434433,-0.0244137,28.7,0,24.5148,-0.0924718,-0.00905228,26.6286,-0.0019622,-0.01388608696666286,-0.3697670554004786,-0.01052761303333714,-0.06466594459952141
0.94,-1.9,-0.0019622,26.6515,0.0699625,-0.434204,-0.0249637,28.7,0,25.0473,-0.0973687,-0.00933825,26.6515,-0.0019622,-0.013897629518142515,-0.37039267310277524,-0.011066070481857484,-0.06381132689722474
0.96,-1.9,-0.0019622,26.6141,0.0644959,-0.425931,-0.024832,28.7,0,25.5803,-0.102422,-0.00962094,26.6141,-0.0019622,-0.01387877784417084,-0.36937118142254716,-0.01095322215582916,-0.05655981857745285
0.98,-1.9,-0.0019622,26.5533,0.0617613,-0.409639,-0.0250076,28.7,0,26.1126,-0.107618,-0.00990323,26.5533,-0.0019622,-0.013848125552037824,-0.36771343222092595,-0.011159474447962177,-0.041925567779074024
1.0,-1.9,-0.0019622,26.5759,0.0586217,-0.38895,-0.024764,28.7,0,26.6437,-0.112952,-0.0101849,26.5759,-0.0019622,-0.01385952015815155,-0.3683292217710198,-0.010904479841848452,-0.02062077822898023
1.02,-1.9,-0.0019622,26.5948,0.0564775,-0.369271,-0.0256356,28.7,0,27.1752,-0.11844,-0.0104668,26.5948,-0.0019622,-0.013869048524942525,-0.3688445717111415,-0.011766551475057476,-0.0004264282888585269
1.04,-1.9,-0.0019622,26.6024,0.0585606,-0.355485,-0.0250851,28.7,0,27.707,-0.124083,-0.0107488,26.6024,-0.0019622,-0.013872879844646573,-0.36905189877922595,-0.011212220155353426,0.013566898779225955
1.06,-1.9,-0.0019622,26.5742,0.0654799,-0.348927,-0.0248328,28.7,0,28.2391,-0.129877,-0.011031,26.5742,-0.0019622,-0.013858663075760863,-0.36828288430788436,-0.010974136924239136,0.019355884307884375
1.08,-1.9,-0.0019622,26.5086,0.0741957,-0.348714,-0.027273,28.6,0,28.7705,-0.135814,-0.0113129,26.5086,-0.0019622,-0.013825585556342735,-0.3664969172788671,-0.013447414443657263,0.01778291727886705
1.1,-1.90448,-0.00196683,26.5806,0.0813713,-0.35386,-0.0273731,28.5955,0,29.3007,-0.141887,-0.0115942,26.5806,-0.00196683,-0.01389459825900185,-0.3693267584832246,-0.01347850174099815,0.015466758483224596
1.12,-2.0,-0.00206548,26.581,0.0870407,-0.360107,-0.0272131,28.4,0,29.8323,-0.148126,-0.0118805,26.581,-0.00206548,-0.014591721770153554,-0.3878625563724516,-0.012621378229846447,0.027755556372451584
1.14,-2.0,-0.00206548,26.5938,0.0939795,-0.359908,-0.027036,28.4,0,30.3639,-0.154522,-0.0121808,26.5938,-0.00206548,-0.014598514448248267,-0.38822997353382477,-0.012437485551751734,0.028321973533824762
1.16,-2.0,-0.00206548,26.5689,0.102685,-0.349936,-0.028226,28.4,0,30.8957,-0.161079,-0.0124778,26.5689,-0.00206548,-0.01458530026302878,-0.3875153841583853,-0.013640699736971221,0.0375793841583853
1.18,-2.0,-0.00206548,26.5227,0.109558,-0.334632,-0.0282183,28.4,0,31.4271,-0.167789,-0.0127744,26.5227,-0.00206548,-0.014560779069200794,-0.3861911750186919,-0.013657520930799208,0.051559175018691894
1.2,-2.0,-0.00206548,26.5701,0.11299,-0.320231,-0.0282296,28.3,0,31.9575,-0.174643,-0.0130705,26.5701,-0.00206548,-0.014585937119887961,-0.3875498078691351,-0.01364366288011204,0.06731880786913513
1.22,-2.0,-0.00206548,26.6088,0.117112,-0.309696,-0.028094,28.3,0,32.4889,-0.181668,-0.0133672,26.6088,-0.00206548,-0.014606474197487987,-0.3886607506261183,-0.013487525802512014,0.0789647506261183
1.24,-1.90941,-0.00197192,26.6241,0.125746,-0.304631,-0.0281505,28.3,0,33.021,-0.18886,-0.0136609,26.6241,-0.00197192,-0.013952594049456387,-0.37147525923213176,-0.014197905950543611,0.06684425923213178
1.26,-1.9,-0.0019622,26.6304,0.137024,-0.307052,-0.028,28.3,0,33.5535,-0.19621,-0.013941,26.6304,-0.0019622,-0.013886994277878345,-0.3698162124176115,-0.014113005722121656,0.06276421241761149
1.28,-1.8,-0.00185893,26.6112,0.146915,-0.317526,-0.0267828,28.3,0,34.0861,-0.203709,-0.0142194,26.6112,-0.00185893,-0.01314695524681776,-0.3498562554641168,-0.013635844753182238,0.03233025546411683
1.3,-1.8,-0.00185893,26.6179,0.154528,-0.3332,-0.0248986,28.3,0,34.6183,-0.211348,-0.0144831,26.6179,-0.00185893,-0.013150154900537232,-0.35002950812701,-0.011748445099462768,0.016829508127010007
1.32,-1.8,-0.00185893,26.6442,0.161668,-0.34925,-0.0262076,28.3,0,35.1506,-0.21913,-0.0147506,26.6442,-0.00185893,-0.01316271394701768,-0.3507099829471285,-0.01304488605298232,0.001459982947128513
1.34,-1.8,-0.00185893,26.6097,0.169358,-0.363442,-0.0266133,28.3,0,35.6835,-0.227061,-0.0150183,26.6097,-0.00185893,-0.013146238895265634,-0.3498174731313499,-0.013467061104734366,-0.013624526868650066
1.36,-1.8,-0.00185893,26.5775,0.177168,-0.37737,-0.0258191,28.3,0,36.2156,-0.235125,-0.0152857,26.5775,-0.00185893,-0.01313086023052414,-0.34898543777675534,-0.01268823976947586,-0.028384562223244647
1.38,-1.8,-0.00185893,26.5669,0.18425,-0.39271,-0.0259649,28.3,0,36.7472,-0.243322,-0.0155528,26.5669,-0.00185893,-0.013125797277207038,-0.3487117436838317,-0.01283910272279296,-0.04399825631616833
1.4,-1.8,-0.00185893,26.5837,0.189367,-0.408595,-0.024989,28.2905,0,37.2785,-0.251657,-0.0158198,26.5837,-0.00185893,-0.013133821486127194,-0.3491455702407595,-0.011855178513872806,-0.0594494297592405
1.42,-1.8,-0.00185893,26.5916,0.191391,-0.422788,-0.027792,28.198,0,37.8101,-0.260139,-0.0160869,26.5916,-0.00185893,-0.01313759459787755,-0.34934966050892063,-0.01465440540212245,-0.07343833949107936
1.44,-1.8,-0.00185893,26.5863,0.189604,-0.434429,-0.0258992,28.1,0,38.3419,-0.268766,-0.0163542,26.5863,-0.00185893,-0.013135063282241352,-0.3492127329406533,-0.012764136717758648,-0.0852162670593467
1.46,-1.8,-0.00185893,26.5308,0.183022,-0.444701,-0.0277402,27.994,0,38.8736,-0.277533,-0.0166213,26.5308,-0.00185893,-0.013108553049888883,-0.34778039925599197,-0.014631646950111116,-0.09692060074400805
1.48,-1.8,-0.00185893,26.5389,0.170508,-0.454045,-0.0255737,27.8,0,39.4042,-0.286424,-0.0168879,26.5389,-0.00185893,-0.013112422458696519,-0.34798926838910105,-0.012461277541303483,-0.10605573161089893
1.5,-1.8,-0.00185893,26.5391,0.15283,-0.461149,-0.0248198,27.8,0,39.9349,-0.295458,-0.0171546,26.5391,-0.00185893,-0.013112517998151477,-0.3479944264047419,-0.011707282001848522,-0.1131545735952581
1.52,-1.8,-0.00185893,26.5443,0.134188,-0.465444,-0.025766,27.8,0,40.4657,-0.304634,-0.0174213,26.5443,-0.00185893,-0.013115001998548028,-0.34812854755005845,-0.012650998001451972,-0.11731545244994157
1.54,-1.8,-0.00185893,26.5368,0.119352,-0.467144,-0.0244295,27.8,0,40.9965,-0.313954,-0.017688,26.5368,-0.00185893,-0.013111419290045228,-0.3479351114160722,-0.011318080709954772,-0.11920888858392781
1.56,-1.8,-0.00185893,26.4706,0.110239,-0.465815,-0.0251433,27.8,0,41.5272,-0.323412,-0.0179547,26.4706,-0.00185893,-0.013079791500900164,-0.3462299289037279,-0.012063508499099837,-0.11958507109627209
1.58,-1.8,-0.00185893,26.5223,0.107205,-0.461517,-0.0244,27.8,0,42.0565,-0.332988,-0.0182207,26.5223,-0.00185893,-0.013104492431412184,-0.3475612796136434,-0.011295507568587817,-0.1139557203863566
1.6,-1.9,-0.0019622,26.5315,0.111207,-0.455268,-0.0255299,27.8,0,42.5869,-0.342724,-0.0184909,26.5315,-0.0019622,-0.013837133369058657,-0.3671199039811798,-0.011692766630941345,-0.08814809601882023
1.62,-1.9,-0.0019622,26.5518,0.121886,-0.446327,-0.0249252,27.8,0,43.1174,-0.352611,-0.018776,26.5518,-0.0019622,-0.013847369238287954,-0.3676725785411741,-0.011077830761712048,-0.0786544214588259
1.64,-1.9,-0.0019622,26.5324,0.133997,-0.431328,-0.0253141,27.8,0,43.6484,-0.362657,-0.0190577,26.5324,-0.0019622,-0.013837587192759822,-0.3671443984331807,-0.011476512807240177,-0.06418360156681929
1.66,-1.8,-0.00185893,26.4918,0.139293,-0.410061,-0.0246404,27.8,0,44.179,-0.372843,-0.0193354,26.4918,-0.00185893,-0.013089920900465764,-0.3467755665109589,-0.011550479099534236,-0.06328543348904109
1.68,-1.80262,-0.00186164,26.5003,0.1344,-0.389067,-0.0266052,27.8,0,44.7088,-0.383158,-0.019598,26.5003,-0.00186164,-0.013113070804298646,-0.3475003102351554,-0.013492129195701353,-0.04156668976484462
1.7,-2.0,-0.00206548,26.521,0.125048,-0.374095,-0.0265439,27.8,0,45.2387,-0.393617,-0.0198721,26.521,-0.00206548,-0.014559876692251816,-0.3861424897552104,-0.011984023307748183,0.012047489755210417
1.72,-1.99812,-0.00206354,26.4946,0.119574,-0.362826,-0.024585,27.8,0,45.769,-0.404237,-0.0201754,26.4946,-0.00206354,-0.014532200337699409,-0.38502483506721075,-0.01005279966230059,0.022198835067210765
1.74,-1.9,-0.0019622,26.516,0.118733,-0.350823,-0.0268085,27.8,0,46.2988,-0.415005,-0.0204673,26.516,-0.0019622,-0.013829317273520473,-0.3666981768246688,-0.012979182726479526,0.015875176824668824
1.76,-1.9,-0.0019622,26.5552,0.116181,-0.340751,-0.0266133,27.8,0,46.8291,-0.425933,-0.0207449,26.5552,-0.0019622,-0.01384908354327577,-0.3677651833083967,-0.01276421645672423,0.027014183308396666
1.78,-1.9,-0.0019622,26.5803,0.109143,-0.337534,-0.0244031,27.8,0,47.3601,-0.437025,-0.0210266,26.5803,-0.0019622,-0.013861738463354364,-0.368449166877498,-0.010541361536645637,0.030915166877498013
1.8,-1.9,-0.0019622,26.5748,0.101988,-0.338357,-0.0257429,27.8,0,47.8916,-0.448278,-0.0213085,26.5748,-0.0019622,-0.013858965576059866,-0.3682992383906757,-0.011883934423940134,0.02994223839067567
1.82,-1.9,-0.0019622,26.5634,0.0985181,-0.337424,-0.0238314,27.8,0,48.423,-0.459677,-0.0215904,26.5634,-0.0019622,-0.013853217952554365,-0.3679885697608826,-0.009978182047445635,0.03056456976088262
1.84,-1.9,-0.0019622,26.5457,0.0979342,-0.335012,-0.0259822,27.8,0,48.9541,-0.471222,-0.0218722,26.5457,-0.0019622,-0.013844293518036307,-0.3675064624417364,-0.012137906481963693,0.03249446244173643
1.86,-1.9,-0.0019622,26.52,0.09916,-0.33345,-0.0266196,27.8,0,49.4849,-0.482909,-0.0221537,26.52,-0.0019622,-0.013831334374383877,-0.36680698760866043,-0.012788265625616123,0.033356987608660404
1.88,-1.9,-0.0019622,26.5346,0.10283,-0.33023,-0.0244096,28.3048,0,50.0152,-0.494733,-0.022435,26.5346,-0.0019622,-0.013838696533066528,-0.3672042770263071,-0.010570903466933472,0.03697427702630707
1.9,-1.8,-0.00185893,26.5807,0.108498,-0.321025,-0.0258206,28.6021,0,50.5458,-0.506713,-0.0227128,26.5807,-0.00185893,-0.013132388629219257,-0.3490680824366883,-0.012688211370780743,0.028043082436688294
1.92,-1.80293,-0.00186196,26.5962,0.114577,-0.307185,-0.0267531,29.0029,0,51.0773,-0.518857,-0.0229763,26.5962,-0.00186196,-0.01316120906204721,-0.35003814845602,-0.013591890937952789,0.04285314845602001
1.94,-1.9,-0.0019622,26.5281,0.120105,-0.295848,-0.0258855,29.1857,0,51.6091,-0.53115,-0.0232477,26.5281,-0.0019622,-0.013835418909992975,-0.36702737638618466,-0.012050081090007023,0.07117937638618466
1.96,-1.89877,-0.00196094,26.5305,0.124068,-0.29296,-0.0245804,29.4012,0,52.1396,-0.543559,-0.0235326,26.5305,-0.00196094,-0.013827744093002073,-0.3668569646593915,-0.010752655906997926,0.0738969646593915
1.98,-1.8981,-0.00196024,26.5196,0.126832,-0.299968,-0.0247658,29.5,0,52.67,-0.556119,-0.0238138,26.5196,-0.00196024,-0.013817317004932909,-0.3664297200440188,-0.010948482995067092,0.06646172004401879
2.0,-1.8,-0.00185893,26.5132,0.132562,-0.314785,-0.0265191,29.6,0,53.2003,-0.568823,-0.0240911,26.5132,-0.00185893,-0.013100145036074992,-0.34732676537046353,-0.013418954963925008,0.03254176537046355
2.02,-1.8,-0.00185893,26.4827,0.143559,-0.332627,-0.0238214,29.6021,0,53.7304,-0.581667,-0.0243539,26.4827,-0.00185893,-0.013085573003012876,-0.3465413041668891,-0.010735826996987123,0.013914304166889102
2.04,-1.8,-0.00185893,26.4266,0.154447,-0.348615,-0.0249736,29.7,0,54.26,-0.594636,-0.02462,26.4266,-0.00185893,-0.013058765627251105,-0.34509877572511405,-0.011914834372748893,-0.0035162242748859596
2.06,-1.80637,-0.00186551,26.5139,0.159828,-0.360892,-0.0239235,29.7,0,54.7884,-0.607718,-0.0248858,26.5139,-0.00186551,-0.013146850946722986,-0.34857429131631856,-0.010776649053277014,-0.012317708683681428
2.08,-1.9,-0.0019622,26.5138,0.162656,-0.369826,-0.0236304,29.9051,0,55.3185,-0.620986,-0.0251569,26.5138,-0.0019622,-0.013828207855015952,-0.36663833742632196,-0.009802192144984047,-0.0031876625736780295
2.1,-1.8,-0.00185893,26.5074,0.167861,-0.374533,-0.0232954,30.6627,0,55.8486,-0.6344,-0.0254379,26.5074,-0.00185893,-0.013097374090515054,-0.34717733396691874,-0.010198025909484947,-0.02735566603308126
2.12,-1.8973,-0.00195941,26.5434,0.173775,-0.373229,-0.0216541,31.6027,0,56.3787,-0.647956,-0.0257042,26.5434,-0.00195941,-0.013823450567518863,-0.3669213777938802,-0.007830649432481136,-0.006307622206119801
2.14,-1.8,-0.00185893,26.4665,0.176603,-0.367307,-0.0245944,31.9486,0,56.9094,-0.661675,-0.0259853,26.4665,-0.00185893,-0.013077832419501877,-0.3461244517307464,-0.011516567580498122,-0.021182548269253587
2.16,-1.9,-0.0019622,26.4893,0.178473,-0.360095,-0.0213204,32.0301,0,57.4386,-0.6755,-0.0262514,26.4893,-0.0019622,-0.013815852342460562,-0.36597225745514056,-0.007504547657539438,0.005877257455140561
2.18,-1.9,-0.0019622,26.4966,0.185279,-0.352673,-0.0245848,32.6152,0,57.9682,-0.689482,-0.0265361,26.4966,-0.0019622,-0.013819533900769787,-0.36617066195513676,-0.010765266099230213,0.013497661955136742
2.2,-1.9,-0.0019622,26.4844,0.199672,-0.34536,-0.0239695,33.3305,0,58.498,-0.703618,-0.0268171,26.4844,-0.0019622,-0.013813381102431632,-0.36583911046924034,-0.010156118897568369,0.020479110469240336
2.22,-1.9,-0.0019622,26.5279,0.2188,-0.339858,-0.0244,34.4269,0,59.0275,-0.717896,-0.027098,26.5279,-0.0019622,-0.013835318058771627,-0.36702193393128785,-0.010564681941228374,0.027163933931287854
2.24,-1.9,-0.0019622,26.5304,0.238073,-0.337981,-0.0249444,35.2537,0,59.5579,-0.732347,-0.0273794,26.5304,-0.0019622,-0.013836578693543516,-0.36708996737118693,-0.011107821306456482,0.029108967371186956
2.26,-1.9022,-0.00196448,26.5139,0.257993,-0.340682,-0.0255912,35.9154,0,60.0884,-0.746949,-0.0276609,26.5139,-0.00196448,-0.013844326222355466,-0.3670670810269106,-0.011746873777644535,0.026385081026910617
2.28,-2.0,-0.00206548,26.5107,0.284239,-0.346837,-0.0265581,37.3183,0,60.6185,-0.761692,-0.0279462,26.5107,-0.00206548,-0.014554409225270742,-0.38584757664838504,-0.012003690774729259,0.03901057664838503
2.3,-2.0,-0.00206548,26.4876,0.318407,-0.352498,-0.0221274,38.5218,0,61.1486,-0.776588,-0.0282458,26.4876,-0.00206548,-0.014542146460672136,-0.3851865585916993,-0.007585253539327862,0.032688558591699335
2.32,-2.0,-0.00206548,26.5278,0.355572,-0.354248,-0.0225107,38.8184,0,61.6782,-0.79163,-0.0285416,26.5278,-0.00206548,-0.0145634861651674,-0.38633724829232774,-0.007947213834832602,0.03208924829232773
2.34,-2.0,-0.00206548,26.5278,0.394532,-0.352151,-0.0236,39.0,0,62.2086,-0.806851,-0.0288378,26.5278,-0.00206548,-0.0145634861651674,-0.38633724829232774,-0.0090365138348326,0.03418624829232775
2.36,-2.10716,-0.00217614,26.5807,0.44281,-0.347156,-0.0238855,39.1,0,62.739,-0.822231,-0.029138,26.5807,-0.00217614,-0.01537332141851586,-0.40863364462914453,-0.00851217858148414,0.06147764462914451
2.38,-2.2,-0.00227203,26.5841,0.505873,-0.339622,-0.023,39.1,0,63.2705,-0.837806,-0.0294582,26.5841,-0.00227203,-0.016052722517087965,-0.4267471806665182,-0.006947277482912035,0.0871251806665182
2.4,-2.22078,-0.00229348,26.6257,0.576047,-0.332055,-0.0219247,39.1,0,63.802,-0.853556,-0.0297889,26.6257,-0.00229348,-0.016228786622101803,-0.43210280396409595,-0.005695913377898196,0.10004780396409596
2.42,-2.40268,-0.00248134,26.6935,0.638754,-0.327863,-0.0224322,39.1,0,64.3344,-0.86951,-0.0301266,26.6935,-0.00248134,-0.01760131150207326,-0.46984060858059257,-0.00483088849792674,0.14197760858059255
2.44,-2.5,-0.00258185,26.6253,0.686282,-0.326679,-0.023086,39.1,0,64.8682,-0.885692,-0.0304951,26.6253,-0.00258185,-0.018269051360452884,-0.4864189731874662,-0.004816948639547115,0.1597399731874662
2.46,-2.6,-0.00268512,26.5272,0.720476,-0.324996,-0.0218323,39.1,0,65.4005,-0.902033,-0.0308741,26.5272,-0.00268512,-0.018932108365451315,-0.5022158250320001,-0.0029001916345486843,0.17721982503200012
2.48,-2.6,-0.00268512,26.5058,0.746883,-0.320283,-0.023,39.1,0,65.931,-0.918518,-0.031263,26.5058,-0.00268512,-0.018917340940283883,-0.5014192554949766,-0.004082659059716116,0.18113625549497658
2.5,-2.7,-0.0027884,26.5805,0.769342,-0.311508,-0.0230391,39.1,0,66.461,-0.935195,-0.0316515,26.5805,-0.0027884,-0.019698503342419346,-0.5235960680931774,-0.0033405966575806544,0.21208806809317737
2.52,-2.70898,-0.00279767,26.5813,0.786993,-0.297911,-0.0230539,39.1,0,66.9925,-0.952131,-0.0320563,26.5813,-0.00279767,-0.019764566157897765,-0.5253678624129279,-0.0032893338421022336,0.2274568624129279
2.54,-2.8,-0.00289167,26.66,0.796054,-0.279946,-0.0224997,39.1,0,67.524,-0.969282,-0.0324621,26.66,-0.00289167,-0.020487109875691998,-0.5461863492859487,-0.002012590124308003,0.2662403492859487
2.56,-2.80064,-0.00289233,26.6807,0.797303,-0.260154,-0.0226025,39.2,0,68.0571,-0.986705,-0.0328823,26.6807,-0.00289233,-0.020507163631411224,-0.5471454807005934,-0.0020953363685887773,0.28699148070059344
2.58,-2.9,-0.00299494,26.7216,0.80064,-0.241616,-0.0237429,39.2,0,68.5905,-1.00437,-0.0333033,26.7216,-0.00299494,-0.02126615032301527,-0.5682655624714847,-0.0024767496769847325,0.32664956247148474
2.6,-3.0,-0.00309822,26.7035,0.816334,-0.225599,-0.0251748,39.2,0,69.1248,-1.02228,-0.0337435,26.7035,-0.00309822,-0.02198511347060133,-0.5870794775622026,-0.0031896865293986713,0.3614804775622026
2.62,-3.0,-0.00309822,26.608,0.842014,-0.212466,-0.0238,39.2061,0,69.6588,-1.04043,-0.0341946,26.608,-0.00309822,-0.02190911347891301,-0.5829576914469174,-0.0018908865210869909,0.37049169144691746
2.64,-3.0,-0.00309822,26.6892,0.866088,-0.204647,-0.0246929,39.3,0,70.1908,-1.05874,-0.0346403,26.6892,-0.00309822,-0.02197373512733308,-0.586461411560418,-0.002719164872666921,0.38181441156041795
2.66,-3.1,-0.00320149,26.8053,0.883906,-0.205178,-0.0260755,39.4,0,70.7244,-1.07736,-0.0350912,26.8053,-0.00320149,-0.022801609596980153,-0.6112039857299321,-0.003273890403019848,0.4060259857299321
2.68,-3.1,-0.00320149,26.7452,0.900444,-0.213253,-0.024609,39.4,0,71.2603,-1.0963,-0.0355589,26.7452,-0.00320149,-0.022752209640365808,-0.6085123972735116,-0.001856790359634191,0.39525939727351156
2.7,-3.09641,-0.00319779,26.7392,0.917132,-0.225789,-0.0252359,39.6036,0,71.7951,-1.11544,-0.0360218,26.7392,-0.00319779,-0.022720987763414326,-0.6075410360034884,-0.0025149122365856723,0.3817520360034884
2.72,-3.005,-0.00310338,26.7599,0.927839,-0.24404,-0.02604,39.805,0,72.3297,-1.13483,-0.0364806,26.7599,-0.00310338,-0.022066674805021193,-0.5905020111148866,-0.003973325194978807,0.3464620111148866
2.74,-3.1,-0.00320149,26.8228,0.928838,-0.2717,-0.0268,39.9,0,72.8647,-1.15448,-0.0369298,26.8228,-0.00320149,-0.02281599180775031,-0.611988785060925,-0.0039840081922496925,0.340288785060925
2.76,-3.1,-0.00320149,26.8968,0.924624,-0.305607,-0.0247846,40.0077,0,73.401,-1.17442,-0.0373977,26.8968,-0.00320149,-0.022876797345374775,-0.6153126428390762,-0.0019078026546252257,0.30970564283907615
2.78,-3.1,-0.00320149,26.8716,0.922442,-0.336277,-0.0249717,40.4047,0,73.9387,-1.19466,-0.0378633,26.8716,-0.00320149,-0.0228560925336632,-0.614179776127584,-0.002115607466336801,0.277902776127584
2.8,-3.1,-0.00320149,26.8509,0.924387,-0.358035,-0.024869,40.8086,0,74.476,-1.21514,-0.0383285,26.8509,-0.00320149,-0.022839083511242503,-0.6132499474520213,-0.002029916488757496,0.25521494745202133
2.82,-3.1,-0.00320149,26.8724,0.927603,-0.373062,-0.024793,41.3017,0,75.0128,-1.23585,-0.0387933,26.8724,-0.00320149,-0.022856749860066687,-0.614215724939656,-0.001936250139933312,0.24115372493965603
2.84,-3.19297,-0.0032975,26.891,0.930998,-0.385336,-0.0247719,41.6789,0,75.55,-1.25683,-0.039262,26.891,-0.0032975,-0.023557950090294304,-0.6334968358781041,-0.001213949909705695,0.2481608358781041
2.86,-3.2,-0.00330477,26.8968,0.937416,-0.395042,-0.025128,42.1154,0,76.0876,-1.27807,-0.0397452,26.8968,-0.00330477,-0.02361480763559728,-0.6351627580131329,-0.0015131923644027198,0.24012075801313293
2.88,-3.20318,-0.00330805,26.88,0.949045,-0.4013,-0.0229873,42.8064,0,76.6253,-1.29959,-0.0402263,26.88,-0.00330805,-0.023623983201854038,-0.6350126684658365,0.0006366832018540394,0.2337126684658365
2.9,-3.31035,-0.00341872,26.8569,0.964277,-0.406558,-0.0259793,43.4207,0,77.1626,-1.32134,-0.0407112,26.8569,-0.00341872,-0.024394055362298894,-0.6551487054597251,-0.0015852446377011067,0.24859070545972517
2.92,-3.40416,-0.00351561,26.939,0.980474,-0.414191,-0.0243709,44.0021,0,77.6995,-1.34335,-0.0412152,26.939,-0.00351561,-0.025159482871491057,-0.6777713090750975,0.0007885828714910559,0.26358030907509755
2.94,-3.68521,-0.00380586,26.9465,0.997818,-0.424326,-0.0233408,44.4408,0,78.238,-1.36569,-0.0417415,26.9465,-0.00380586,-0.027244001717101982,-0.7341304922698886,0.003903201717101984,0.3098044922698886
2.96,-3.9,-0.00402768,26.9361,1.01797,-0.434345,-0.0238093,44.9062,0,78.7767,-1.38835,-0.0423147,26.9361,-0.00402768,-0.028821154862606953,-0.7763295094946672,0.005011854862606954,0.3419845094946672
2.98,-3.9976,-0.00412848,26.9361,1.04074,-0.442228,-0.0249856,45.788,0,79.3151,-1.4113,-0.0429131,26.9361,-0.00412848,-0.02954246465350141,-0.7957587821531793,0.00455686465350141,0.3535307821531793
3.0,-4.0,-0.00413096,26.9119,1.06593,-0.448866,-0.0246321,46.5064,0,79.8535,-1.43459,-0.0435182,26.9119,-0.00413096,-0.029534559273710934,-0.7948311057181813,0.004902459273710934,0.3459651057181813
3.02,-4.0,-0.00413096,26.964,1.09718,-0.455985,-0.0250093,47.1023,0,80.3915,-1.45817,-0.0441195,26.964,-0.00413096,-0.029589782089759358,-0.7978588842682713,0.0045804820897593565,0.34187388426827137
3.04,-4.0,-0.00413096,26.9919,1.1392,-0.462742,-0.0256285,47.7288,0,80.9304,-1.48213,-0.0447218,26.9919,-0.00413096,-0.029619349830061772,-0.7994825286780444,0.003990849830061774,0.3367405286780444
3.06,-4.0,-0.00413096,27.0229,1.1911,-0.466795,-0.0267807,48.3097,0,81.47,-1.50644,-0.0453248,27.0229,-0.00413096,-0.029652199144345075,-0.8012884122577225,0.0028714991443450737,0.3344934122577225
3.08,-4.09792,-0.00423208,27.0854,1.24699,-0.468106,-0.0261958,49.0917,0,82.0101,-1.5311,-0.0459321,27.0854,-0.00423208,-0.030445888592045688,-0.8246390708709943,0.004250088592045686,0.3565330708709943
3.1,-4.10503,-0.00423942,27.0894,1.30308,-0.470314,-0.0283095,49.7101,0,82.5515,-1.55615,-0.046556,27.0894,-0.00423942,-0.030503042278214938,-0.8263091134914757,0.002193542278214937,0.3559951134914757
3.12,-4.30667,-0.00444767,27.1125,1.36039,-0.476497,-0.0268801,50.32,0,83.0929,-1.58155,-0.047185,27.1125,-0.00444767,-0.032027785933154626,-0.8683533461126548,0.0051476859331546256,0.3918563461126548
3.14,-4.4,-0.00454405,27.1553,1.42035,-0.485019,-0.028,50.6,0,83.6348,-1.60732,-0.0478483,27.1553,-0.00454405,-0.03277169440891853,-0.8899251931825053,0.0047716944089185274,0.4049061931825053
3.16,-4.40737,-0.00455166,27.1851,1.48018,-0.493028,-0.0264064,51.1147,0,84.1776,-1.63349,-0.0485195,27.1851,-0.00455166,-0.03286135025385316,-0.8933390927860234,0.006454950253853158,0.4003110927860234
3.18,-4.5,-0.00464733,27.1603,1.53436,-0.500715,-0.0305387,51.5,0,84.7209,-1.66005,-0.0491925,27.1603,-0.00464733,-0.0335225176096512,-0.9104816350334094,0.0029838176096512008,0.4097666350334094
3.2,-4.5,-0.00464733,27.2175,1.58065,-0.508729,-0.0283586,51.6,0,85.2638,-1.68697,-0.0498787,27.2175,-0.00464733,-0.03359065864084672,-0.9142537515572456,0.005232058640846717,0.40552475155724566
3.22,-4.6,-0.0047506,27.2655,1.62365,-0.515028,-0.0265788,51.7053,0,85.8078,-1.71431,-0.0505666,27.2655,-0.0047506,-0.03439553991778832,-0.9378115936284575,0.00781673991778832,0.4227835936284574
3.24,-4.6,-0.0047506,27.3266,1.67039,-0.517186,-0.0304786,51.8891,0,86.3527,-1.74208,-0.051271,27.3266,-0.0047506,-0.034469913362754206,-0.941945534498639,0.003991313362754205,0.424759534498639
3.26,-4.60054,-0.00475116,27.3666,1.72233,-0.515762,-0.0291946,52.0005,0,86.8988,-1.7703,-0.0519732,27.3666,-0.00475116,-0.03452266252026543,-0.9447678961270959,0.005328062520265429,0.42900589612709583
3.28,-4.7,-0.00485387,27.3508,1.77346,-0.51356,-0.0272141,52.2,0,87.4458,-1.79894,-0.0526803,27.3508,-0.00485387,-0.03524933514983768,-0.9640975158161803,0.008035235149837675,0.4505375158161803
3.3,-4.7,-0.00485387,27.4103,1.81603,-0.512499,-0.0279798,52.3,0,87.9924,-1.82796,-0.0534021,27.4103,-0.00485387,-0.03532331103625763,-0.9682225524971325,0.007343511036257633,0.4557235524971325
3.32,-4.70547,-0.00485952,27.4506,1.84793,-0.512459,-0.0277781,52.3,0,88.5401,-1.85744,-0.054122,27.4506,-0.00485952,-0.035414581914256234,-0.9721515222954822,0.007636481914256234,0.4596925222954822
3.34,-4.8,-0.00495715,27.473,1.87305,-0.512447,-0.0282586,52.3,0,89.0887,-1.88736,-0.0548474,27.473,-0.00495715,-0.036154522043283656,-0.9932731840951319,0.007895922043283658,0.4808261840951319
3.36,-4.90888,-0.00506959,27.4994,1.89318,-0.512078,-0.0292,52.4,0,89.6377,-1.9177,-0.0555919,27.4994,-0.00506959,-0.03700887433409157,-1.017721838862918,0.007808874334091571,0.5056438388629179
3.38,-5.0,-0.0051637,27.549,1.9057,-0.513215,-0.0297959,52.4,0,90.1872,-1.94849,-0.0563536,27.549,-0.0051637,-0.037761472276559065,-1.0402907997469257,0.007965572276559064,0.5270757997469258
3.4,-5.00219,-0.00516596,27.6003,1.91207,-0.519052,-0.0306088,52.5,0,90.7377,-1.97976,-0.0571267,27.6003,-0.00516596,-0.037845829861699536,-1.0445562579318657,0.007237029861699537,0.5255042579318657
3.42,-5.10318,-0.00527025,27.6308,1.92093,-0.530169,-0.0303682,52.5,0,91.2892,-2.01151,-0.0579019,27.6308,-0.00527025,-0.03865100796767552,-1.0679582709532487,0.008282807967675516,0.5377892709532487
3.44,-5.2,-0.00537024,27.6484,1.93801,-0.544018,-0.0290597,52.5851,0,91.8412,-2.04373,-0.0586973,27.6484,-0.00537024,-0.03940851474531885,-1.0895823790844736,0.010348814745318846,0.5455643790844736
3.46,-5.4,-0.00557679,27.64,1.95836,-0.557999,-0.03,52.6027,0,92.3936,-2.07642,-0.0595119,27.64,-0.00557679,-0.040912287925275494,-1.1308156382546146,0.010912287925275495,0.5728166382546146
3.48,-5.40023,-0.00557703,27.7306,1.97391,-0.570554,-0.0310005,52.7,0,92.9458,-2.10955,-0.0603534,27.7306,-0.00557703,-0.04104331838817045,-1.1381558448949993,0.01004281838817045,0.5676018448949993
3.5,-5.50618,-0.00568645,27.7537,1.98515,-0.580387,-0.0318618,52.7062,0,93.4998,-2.14326,-0.0611941,27.7537,-0.00568645,-0.041882194326471216,-1.162385856678584,0.010020394326471213,0.5819988566785841
3.52,-5.60861,-0.00579223,27.7842,1.99863,-0.585963,-0.0333483,52.8,0,94.0542,-2.17747,-0.0620559,27.7842,-0.00579223,-0.042706491263917866,-1.1865656945749468,0.009358191263917869,0.6006026945749467
3.54,-5.7,-0.00588661,27.8045,2.01432,-0.58741,-0.0317026,52.8,0,94.6092,-2.2122,-0.062934,27.8045,-0.00588661,-0.04343293619005316,-1.2076310742963332,0.011730336190053162,0.6202210742963332
3.56,-5.70096,-0.00588761,27.8198,2.02423,-0.589295,-0.0339942,52.9,0,95.1646,-2.24744,-0.0638229,27.8198,-0.00588761,-0.04346334909965986,-1.2091416792827174,0.00946914909965986,0.6198466792827174
3.58,-5.80593,-0.00599601,27.9042,2.02487,-0.5968,-0.0327068,52.9,0,95.7202,-2.2832,-0.0647131,27.9042,-0.00599601,-0.044392975450369805,-1.238750465562209,0.011686175450369804,0.641950465562209
3.6,-5.9,-0.00609316,27.9475,2.0234,-0.609129,-0.033419,52.9,0,96.2775,-2.31957,-0.0656259,27.9475,-0.00609316,-0.045179702207706555,-1.262659727449879,0.011760702207706558,0.653530727449879
3.62,-5.9,-0.00609316,27.9613,2.0282,-0.620956,-0.0340451,53.0,0,96.8357,-2.35651,-0.0665507,27.9613,-0.00609316,-0.04520119159238411,-1.26388407847213,0.011156091592384107,0.64292807847213
3.64,-5.98964,-0.00618574,27.969,2.03865,-0.629197,-0.0344414,53.0,0,97.394,-2.39399,-0.0674758,27.969,-0.00618574,-0.04590017191505606,-1.283781908292203,0.011458771915056065,0.6545849082922031
3.66,-6.0,-0.00619644,28.0177,2.04868,-0.635868,-0.0346897,53.1,0,97.9525,-2.43199,-0.0684156,28.0177,-0.00619644,-0.04605668056056648,-1.2904022589417834,0.011366980560566481,0.6545342589417834
3.68,-6.0071,-0.00620377,28.0409,2.0574,-0.64398,-0.035329,53.1,0,98.512,-2.47059,-0.0693554,28.0409,-0.00620377,-0.04614793603069417,-1.2940296594430922,0.01081893603069417,0.6500496594430922
3.7,-6.1,-0.00629971,28.0905,2.06852,-0.653579,-0.035615,53.1,0,99.0718,-2.50975,-0.0703004,28.0905,-0.00629971,-0.04694144288064489,-1.3186086012387552,0.01132644288064489,0.6650296012387552
3.72,-6.10845,-0.00630844,28.1779,2.08086,-0.664743,-0.0345493,53.1085,0,99.6326,-2.54951,-0.0712616,28.1779,-0.00630844,-0.04714730175242347,-1.3285119540496135,0.012598001752423475,0.6637689540496136
3.74,-6.2,-0.00640298,28.1804,2.08973,-0.680168,-0.034,53.2,0,100.195,-2.58994,-0.0722271,28.1804,-0.00640298,-0.04785797050201062,-1.34865675193486,0.013857970502010618,0.66848875193486
3.76,-6.30747,-0.00651397,28.2434,2.09636,-0.701344,-0.0336299,53.2,0,100.758,-2.63091,-0.073211,28.2434,-0.00651397,-0.04879234035954083,-1.3780615857106555,0.015162440359540834,0.6767175857106555
3.78,-6.4,-0.00660953,28.2912,2.10533,-0.725421,-0.0347851,53.2,0,101.321,-2.67254,-0.0742142,28.2912,-0.00660953,-0.049588786209261784,-1.402926268403467,0.014803686209261785,0.6775052684034669
3.8,-6.4,-0.00660953,28.3079,2.11376,-0.747168,-0.0321196,53.2,0,101.886,-2.71482,-0.0752293,28.3079,-0.00660953,-0.04961695630369964,-1.404551837349499,0.01749735630369964,0.6573838373494989
3.82,-6.50862,-0.0067217,28.2952,2.11224,-0.763204,-0.0314068,53.2,0,102.451,-2.75769,-0.0762458,28.2952,-0.0067217,-0.050437242150735195,-1.4271318541034825,0.019030442150735197,0.6639278541034825
3.84,-6.6,-0.00681608,28.3131,2.09756,-0.774467,-0.0363644,53.2,0,103.016,-2.80112,-0.0772825,28.3131,-0.00681608,-0.05117659515496604,-1.4489680562820688,0.01481219515496604,0.6745010562820688
3.86,-6.9,-0.0071259,28.377,2.0779,-0.782989,-0.0350224,53.2028,0,103.581,-2.84516,-0.078342,28.377,-0.0071259,-0.05361905585861489,-1.5215479480999148,0.01859665585861489,0.7385589480999147
3.88,-6.9,-0.0071259,28.5359,2.06302,-0.78856,-0.0356005,53.3998,0,104.147,-2.88993,-0.0794477,28.5359,-0.0071259,-0.05390785092309233,-1.5383090431562705,0.018307350923092332,0.7497490431562704
3.9,-7.0089,-0.00723837,28.5976,2.0549,-0.792656,-0.0368623,53.6,0,104.716,-2.93557,-0.080552,28.5976,-0.00723837,-0.05487257893453202,-1.5692240633381729,0.01801027893453202,0.7765680633381729
3.92,-7.2,-0.00743572,28.4888,2.05145,-0.799797,-0.0390294,53.7074,0,105.287,-2.98194,-0.0816837,28.4888,-0.00743572,-0.056162437730430524,-1.6000004560146892,0.017133037730430525,0.8002034560146892
3.94,-7.29059,-0.00752928,28.4863,2.05219,-0.809864,-0.0412119,53.8906,0,105.855,-3.02879,-0.0828408,28.4863,-0.00752928,-0.056864328276809276,-1.6198543145916722,0.015652428276809273,0.8099903145916721
3.96,-7.30777,-0.00754702,28.4808,2.05651,-0.816531,-0.0402155,54.0078,0,106.423,-3.0763,-0.0840054,28.4808,-0.00754702,-0.056987727743462044,-1.6230560763159938,0.016772227743462043,0.8065250763159938
3.98,-7.40363,-0.00764602,28.556,2.06276,-0.816547,-0.0412073,54.1036,0,106.991,-3.12446,-0.0851726,28.556,-0.00764602,-0.05788192059996459,-1.652876124652589,0.016674620599964586,0.8363291246525889
4.0,-7.6,-0.00784882,28.5769,2.0684,-0.813874,-0.0428513,54.3,0,107.561,-3.17342,-0.0863653,28.5769,-0.00784882,-0.05945903992318075,-1.6991550379807439,0.01660773992318075,0.8852810379807439
4.02,-7.60681,-0.00785585,28.6228,2.06842,-0.814542,-0.0418,54.3068,0,108.13,-3.2231,-0.0875867,28.6228,-0.00785585,-0.059604211799278266,-1.706039433488382,0.01780421179927827,0.891497433488382
4.04,-7.7,-0.00795209,28.7218,2.06146,-0.822283,-0.0430596,54.4,0,108.701,-3.27356,-0.0888071,28.7218,-0.00795209,-0.06053505272435352,-1.738675677338337,0.017475452724353517,0.916392677338337
4.06,-7.8,-0.00805537,28.7749,2.05648,-0.837668,-0.0435963,54.5,0,109.273,-3.3249,-0.0900503,28.7749,-0.00805537,-0.06143026840218628,-1.76764983024607,0.017833968402186283,0.92998183024607
4.08,-7.80591,-0.00806147,28.7531,2.06215,-0.857307,-0.0434936,54.8,0,109.847,-3.37705,-0.0913084,28.7531,-0.00806147,-0.061432022496815133,-1.766361086053175,0.017938422496815133,0.9090540860531751
4.1,-7.8,-0.00805537,28.7626,2.07318,-0.874839,-0.0406352,54.8,0,110.42,-3.42988,-0.0925623,28.7626,-0.00805537,-0.06140502982642459,-1.7661683108855197,0.020769829826424585,0.8913293108855197
4.12,-7.80516,-0.00806069,28.8323,2.07886,-0.885419,-0.0418206,54.9,0,110.993,-3.48345,-0.0938156,28.8323,-0.00806069,-0.0615886814205292,-1.7757433393211242,0.0197680814205292,0.8903243393211242
4.14,-7.9,-0.00815864,28.9006,2.07978,-0.888606,-0.0432554,54.988,0,111.568,-3.53787,-0.0950768,28.9006,-0.00815864,-0.06247899893657179,-1.8056805566662868,0.019223598936571794,0.9170745566662868
4.16,-7.9,-0.00815864,28.9144,2.08352,-0.886824,-0.0418678,55.0085,0,112.144,-3.59315,-0.0963561,28.9144,-0.00815864,-0.06250766204483948,-1.8073715434293067,0.020639862044839488,0.9205475434293068
4.18,-7.9,-0.00815864,28.99,2.08921,-0.883653,-0.0434225,55.2,0,112.72,-3.6492,-0.0976322,28.99,-0.00815864,-0.06266465704301383,-1.8166484076769707,0.019242157043013824,0.9329954076769706
4.2,-7.90862,-0.00816754,29.0899,2.09138,-0.884072,-0.0417379,55.2,0,113.297,-3.70612,-0.098912,29.0899,-0.00816754,-0.06294062753401976,-1.8309365609018813,0.021202727534019757,0.9468645609018813
4.22,-8.00106,-0.00826301,29.114,2.09395,-0.892061,-0.0445926,55.3,0,113.876,-3.76399,-0.100201,29.114,-0.00826301,-0.06372702710801519,-1.8553486672227542,0.019134427108015183,0.9632876672227542
4.24,-8.2,-0.00846846,29.1672,2.10477,-0.906218,-0.0437133,55.3,0,114.456,-3.82266,-0.101515,29.1672,-0.00846846,-0.06542618329631954,-1.9082985734404112,0.02171288329631954,1.0020805734404112
4.26,-8.40423,-0.00867938,29.1784,2.1202,-0.922342,-0.0433746,55.3,0,115.037,-3.88221,-0.102867,29.1784,-0.00867938,-0.06708052417864134,-1.9573023666940685,0.02370592417864134,1.0349603666940685
4.28,-8.50255,-0.00878092,29.2091,2.12834,-0.940486,-0.0438,55.3,0,115.618,-3.94258,-0.104249,29.2091,-0.00878092,-0.06793388620586681,-1.9842876755757841,0.02413388620586681,1.043801675575784
4.3,-8.70814,-0.00899324,29.2596,2.12507,-0.962691,-0.0440489,55.3,0,116.199,-4.00382,-0.105649,29.2596,-0.00899324,-0.0696920587555771,-2.039161762364684,0.0256431587555771,1.0764707623646839
4.32,-8.90961,-0.0092013,29.2912,2.11733,-0.985318,-0.0432576,55.3,0,116.781,-4.06599,-0.107089,29.2912,-0.0092013,-0.07137839508216832,-2.0907588460308086,0.028120795082168325,1.1054408460308087
4.34,-9.0,-0.00929465,29.3391,2.11189,-1.00274,-0.0445301,55.3,0,117.364,-4.12908,-0.108559,29.3391,-0.00929465,-0.07221574421039985,-2.118744940963342,0.027685644210399846,1.116004940963342
4.36,-9.2,-0.0095012,29.3299,2.11036,-1.01574,-0.0454121,55.3,0,117.948,-4.19313,-0.110046,29.3299,-0.0095012,-0.07379843739826165,-2.1645007890472745,0.028386337398261657,1.1487607890472744
4.38,-9.30149,-0.00960602,29.3975,2.11416,-1.02888,-0.047,55.3,0,118.531,-4.25804,-0.111566,29.3975,-0.00960602,-0.07477765776640453,-2.1982761941878772,0.027777657766404534,1.1693961941878772
4.4,-9.5,-0.00981102,29.434,2.12509,-1.04439,-0.0466485,55.3,0,119.116,-4.324,-0.113106,29.434,-0.00981102,-0.07646454733106799,-2.2506574861426554,0.029816047331067984,1.2062674861426554
4.42,-9.5,-0.00981102,29.4485,2.13996,-1.06266,-0.0480393,55.3,0,119.701,-4.39095,-0.114676,29.4485,-0.00981102,-0.07650068396295112,-2.252830391682966,0.02846138396295112,1.190170391682966
4.44,-9.59419,-0.0099083,29.4177,2.15016,-1.08468,-0.0482116,55.3,0,120.287,-4.45885,-0.116243,29.4177,-0.0099083,-0.07718174379478288,-2.2705093844317843,0.028970143794782875,1.1858293844317842
4.46,-9.6,-0.0099143,29.4596,2.14935,-1.11179,-0.0484419,55.3,0,120.871,-4.5276,-0.117824,29.4596,-0.0099143,-0.07733400736393989,-2.278228923338723,0.028892107363939885,1.1664389233387231
4.48,-9.6,-0.0099143,29.5097,2.13984,-1.14254,-0.0488,55.3,0,121.457,-4.59737,-0.119404,29.5097,-0.0099143,-0.07746015709533739,-2.2858259978362776,0.02866015709533739,1.1432859978362777
4.5,-9.6,-0.0099143,29.6174,2.12914,-1.1721,-0.0480173,55.3,0,122.043,-4.66819,-0.120987,29.6174,-0.0099143,-0.0777312511026547,-2.3021975564077657,0.029713951102654707,1.1300975564077658
4.52,-9.6,-0.0099143,29.6359,2.12332,-1.1965,-0.0504031,55.3,0,122.632,-4.7402,-0.122575,29.6359,-0.0099143,-0.0777778054490765,-2.3050152645082864,0.027374705449076504,1.1085152645082865
4.54,-9.6,-0.0099143,29.602,2.12419,-1.21573,-0.0510794,55.3,0,123.22,-4.81319,-0.124165,29.602,-0.0099143,-0.07769249497844899,-2.299853236352047,0.026613094978448992,1.084123236352047
4.56,-9.6,-0.0099143,29.6374,2.13048,-1.23199,-0.048,55.3,0,123.808,-4.88703,-0.125752,29.6374,-0.0099143,-0.07778157996621524,-2.3052437980907072,0.029781579966215235,1.0732537980907073
4.58,-9.6,-0.0099143,29.7132,2.14119,-1.24646,-0.0478031,55.3,0,124.397,-4.9619,-0.127342,29.7132,-0.0099143,-0.07797228769866563,-2.3168061788479917,0.030169187698665625,1.0703461788479918
4.6,-9.6,-0.0099143,29.7278,2.15488,-1.25916,-0.049368,55.3,0,124.986,-5.03789,-0.128935,29.7278,-0.0099143,-0.07800901328834643,-2.319036345233305,0.02864101328834643,1.059876345233305
4.62,-9.6,-0.0099143,29.7313,2.16459,-1.26985,-0.047971,55.3,0,125.576,-5.11486,-0.13053,29.7313,-0.0099143,-0.07801781703012622,-2.319571123467792,0.030046817030126224,1.049721123467792
4.64,-9.6,-0.0099143,29.8285,2.16272,-1.27709,-0.0476,55.3,0,126.166,-5.19279,-0.132124,29.8285,-0.0099143,-0.07826225724405286,-2.334445740204231,0.03066225724405286,1.0573557402042308
4.66,-9.6,-0.0099143,29.9332,2.15289,-1.27963,-0.0478742,55.3,0,126.758,-5.27191,-0.133724,29.9332,-0.0099143,-0.07852544547170935,-2.3505178643937703,0.030651245471709353,1.0708878643937703
4.68,-9.6,-0.0099143,29.9305,2.14672,-1.27803,-0.0499078,55.3,0,127.352,-5.35226,-0.135329,29.9305,-0.0099143,-0.07851865985922417,-2.350102748916509,0.028610859859224166,1.072072748916509
4.7,-9.6,-0.0099143,29.9322,2.14693,-1.27236,-0.0482337,55.3,0,127.945,-5.43356,-0.136934,29.9322,-0.0099143,-0.07852293229102315,-2.3503641139213634,0.030289232291023156,1.0780041139213634
4.72,-9.59746,-0.00991167,30.0199,2.14438,-1.26227,-0.0468203,55.3,0,128.539,-5.51581,-0.13854,30.0199,-0.00991167,-0.07872240752725096,-2.363238801727321,0.03190210752725096,1.100968801727321
4.74,-9.5,-0.00981102,30.0528,2.13325,-1.24907,-0.0477717,55.3,0,129.134,-5.59926,-0.140145,30.0528,-0.00981102,-0.07800473978869295,-2.3442608439216315,0.030233039788692948,1.0951908439216316
4.76,-9.5,-0.00981102,30.0806,2.11856,-1.23421,-0.046805,55.3,0,129.729,-5.68375,-0.141736,30.0806,-0.00981102,-0.07807383870341054,-2.348507912501811,0.031268838703410545,1.114297912501811
4.78,-9.5,-0.00981102,30.0998,2.10564,-1.21901,-0.0487727,55.3,0,130.325,-5.76927,-0.143332,30.0998,-0.00981102,-0.07812155688250792,-2.351443237852112,0.02934885688250792,1.132433237852112
4.8,-9.39386,-0.00970141,30.1872,2.09376,-1.20614,-0.0487017,55.3,0,130.921,-5.8558,-0.144925,30.1872,-0.00970141,-0.07746345854947134,-2.338404915924601,0.028761758549471342,1.1322649159246012
4.82,-9.3,-0.00960447,30.223,2.08576,-1.19732,-0.0480879,55.3,0,131.519,-5.94352,-0.146501,30.223,-0.00960447,-0.0767764259934324,-2.3204139227995073,0.0286885259934324,1.1230939227995074
4.84,-9.3,-0.00960447,30.2407,2.0904,-1.19087,-0.0488188,55.3,0,132.117,-6.03229,-0.148067,30.2407,-0.00960447,-0.0768194637726781,-2.3230743581104267,0.028000663772678104,1.1322043581104266
4.86,-9.3,-0.00960447,30.2668,2.10767,-1.18453,-0.0491989,55.3,0,132.716,-6.12205,-0.149638,30.2668,-0.00960447,-0.07688292026447424,-2.326999971060789,0.027684020264474245,1.1424699710607888
4.88,-9.2,-0.0095012,30.3054,2.12449,-1.17857,-0.0483598,55.3,0,133.315,-6.21283,-0.151207,30.3054,-0.0095012,-0.07614902858768556,-2.3077267709612457,0.02778922858768556,1.1291567709612458
4.9,-9.1,-0.00939793,30.3001,2.13171,-1.17452,-0.0492137,54.9,0,133.914,-6.30465,-0.152756,30.3001,-0.00939793,-0.07530869810052203,-2.2818610833156274,0.02609499810052203,1.1073410833156274
4.92,-9.1,-0.00939793,30.3252,2.13322,-1.17019,-0.0509846,54.9,0,134.514,-6.39739,-0.154292,30.3252,-0.00939793,-0.07536839571759173,-2.2855616738151125,0.02438379571759173,1.1153716738151125
4.94,-9.00867,-0.00930361,30.3778,2.13479,-1.15889,-0.0481041,54.9,0,135.113,-6.49112,-0.15583,30.3778,-0.00930361,-0.07473576249514306,-2.270308045924957,0.026631662495143066,1.1114180459249572
4.96,-8.9,-0.00919138,30.4467,2.13574,-1.14088,-0.0487061,54.9,0,135.714,-6.58594,-0.15735,30.4467,-0.00919138,-0.0739943696795019,-2.2528843753208907,0.0252882696795019,1.1120043753208908
4.98,-8.89495,-0.00918616,30.5044,2.1344,-1.13062,-0.0455697,54.9,0,136.316,-6.68188,-0.158859,30.5044,-0.00918616,-0.0740863900891609,-2.2599608778358,0.028516690089160905,1.1293408778358
5.0,-8.69893,-0.00898373,30.5611,2.12934,-1.14069,-0.0438086,54.9,0,136.918,-6.77892,-0.160366,30.5611,-0.00898373,-0.07258249093510405,-2.2182007637168084,0.028773890935104046,1.0775107637168084
5.02,-8.20833,-0.00847706,30.534,2.11473,-1.1651,-0.0473835,54.9,0,137.522,-6.87703,-0.161822,30.534,-0.00847706,-0.0684306572569736,-2.0894616886844317,0.0210471572569736,0.9243616886844317
5.04,-8.38798,-0.00866259,30.4817,2.08771,-1.1882,-0.0427126,54.9,0,138.125,-6.9759,-0.163209,30.4817,-0.00866259,-0.06981385391534829,-2.128044950891472,0.02710125391534829,0.9398449508914719
5.06,-8.0,-0.00826191,30.5847,2.05556,-1.2005,-0.0416872,54.9,0,138.727,-7.07546,-0.164628,30.5847,-0.00826191,-0.06679968322451836,-2.043048271516927,0.02511248322451836,0.842548271516927
5.08,-7.99458,-0.00825632,30.776,2.024,-1.19977,-0.0438488,54.9,0,139.331,-7.17618,-0.165978,30.776,-0.00825632,-0.06715355989245728,-2.066717959250265,0.023304759892457276,0.8669479592502651
5.1,-7.7,-0.00795209,30.9897,1.99098,-1.18499,-0.0457977,54.9,0,139.938,-7.27836,-0.16734,30.9897,-0.00795209,-0.06510796520674669,-2.017676309367518,0.019310265206746696,0.8326863093675181
5.12,-7.69679,-0.00794878,30.5722,1.96152,-1.15596,-0.0427839,54.9,0,140.55,-7.38206,-0.16866,30.5722,-0.00794878,-0.06424272093565399,-1.9640413129890009,0.02145882093565399,0.8080813129890008
5.14,-7.33119,-0.00757121,30.5622,1.94919,-1.11758,-0.0434881,54.9,0,141.153,-7.48516,-0.169958,30.5622,-0.00757121,-0.06117190876630413,-1.8695481100975402,0.017683808766304127,0.7519681100975402
5.16,-7.2,-0.00743572,30.7918,1.95705,-1.07809,-0.0435003,54.9,0,141.755,-7.58898,-0.171189,30.7918,-0.00743572,-0.06050854371437727,-1.863166976344362,0.017008243714377272,0.7850769763443619
5.18,-7.10136,-0.00733385,30.8054,1.97708,-1.03999,-0.0388163,54.9,0,142.363,-7.69433,-0.172417,30.8054,-0.00733385,-0.059704729759457696,-1.839228082131998,0.020888429759457698,0.799238082131998
5.2,-6.99452,-0.00722351,30.7837,2.00149,-1.00102,-0.0373781,54.9,0,142.97,-7.80047,-0.173631,30.7837,-0.00722351,-0.058766836475930166,-1.8090606640240914,0.02138873647593017,0.8080406640240914
5.22,-6.79256,-0.00701494,30.8996,2.01832,-0.963658,-0.0366,54.9,0,143.577,-7.90727,-0.17482,30.8996,-0.00701494,-0.05727524152494035,-1.769782053024047,0.020675241524940352,0.8061240530240469
5.24,-6.7,-0.00691935,30.963,2.01758,-0.929558,-0.0358777,54.9,0,144.186,-8.01518,-0.17598,30.963,-0.00691935,-0.056605467885650594,-1.7526751021433995,0.020727767885650596,0.8231171021433995
5.26,-6.40006,-0.00660959,30.9833,2.00904,-0.888993,-0.0324005,54.9,0,144.796,-8.12402,-0.177122,30.9833,-0.00660959,-0.054105181445180096,-1.6763570682704485,0.021704681445180098,0.7873640682704485
5.28,-6.0986,-0.00629826,30.9481,2.00698,-0.833339,-0.033172,54.9,0,145.406,-8.2336,-0.178203,30.9481,-0.00629826,-0.051500662606563066,-1.5938476564141744,0.018328662606563066,0.7605086564141743
5.3,-5.89326,-0.0060862,31.0704,2.00314,-0.770498,-0.0314651,54.9,0,146.015,-8.34371,-0.179236,31.0704,-0.0060862,-0.04995441044484844,-1.552103514285619,0.018489310444848438,0.781605514285619
5.32,-5.69137,-0.0058777,31.1811,1.98245,-0.716422,-0.0289381,54.9,0,146.627,-8.45487,-0.180241,31.1811,-0.0058777,-0.0484071189351774,-1.50938721622966,0.0194690189351774,0.79296521622966
5.34,-5.6,-0.00578334,31.1938,1.95259,-0.681522,-0.0295384,54.9,0,147.241,-8.56704,-0.181219,31.1938,-0.00578334,-0.04764849500064097,-1.4863376233509944,0.018110095000640973,0.8048156233509944
5.36,-5.39413,-0.00557073,31.2149,1.93262,-0.669644,-0.029553,54.9,0,147.855,-8.67985,-0.182182,31.2149,-0.00557073,-0.045926411033770084,-1.43358832777803,0.016373411033770085,0.7639443277780299
5.38,-5.29635,-0.00546975,31.2509,1.92635,-0.678855,-0.0280802,54.9,0,148.469,-8.79331,-0.18311,31.2509,-0.00546975,-0.045143522975499624,-1.4107757221550412,0.017063322975499624,0.7319207221550412
5.4,-5.1,-0.00526697,31.2937,1.92763,-0.698472,-0.0305855,54.9,0,149.084,-8.90747,-0.184021,31.2937,-0.00526697,-0.04352669486100503,-1.3621113309718331,0.012941194861005027,0.6636393309718331
5.42,-5.09938,-0.00526633,31.3445,1.93375,-0.712419,-0.033395,54.9,0,149.7,-9.02234,-0.184904,31.3445,-0.00526633,-0.043588810880051,-1.3662694826297586,0.010193810880051002,0.6538504826297585
5.44,-4.83089,-0.00498905,31.347,1.93384,-0.712089,-0.0288796,54.9,0,150.316,-9.13794,-0.185785,31.347,-0.00498905,-0.04129689905262421,-1.294533894602611,0.01241729905262421,0.5824448946026111
5.46,-4.59784,-0.00474837,31.3861,1.90745,-0.708346,-0.0281422,54.9,0,150.933,-9.25408,-0.186609,31.3861,-0.00474837,-0.03935140592083785,-1.2350871613720087,0.01120920592083785,0.5267411613720087
5.48,-4.5,-0.00464733,31.3806,1.85619,-0.725152,-0.0387196,54.9,0,151.55,-9.37085,-0.187401,31.3806,-0.00464733,-0.0385076016908172,-1.2083916456188581,-0.00021199830918280232,0.4832396456188581
5.5,-5.00811,-0.00517207,31.3715,1.81425,-0.771021,-0.0376865,54.9,0,152.167,-9.4881,-0.188207,31.3715,-0.00517207,-0.04284379581178161,-1.3440741403093068,0.005157295811781613,0.5730531403093069
5.52,-4.97663,-0.00513956,31.611,1.8071,-0.827015,-0.0345649,54.9,0,152.784,-9.60583,-0.189106,31.611,-0.00513956,-0.0428843855865421,-1.3556183127761823,0.008319485586542094,0.5286033127761823
5.54,-4.51201,-0.00465973,31.6059,1.82256,-0.873244,-0.034,54.9,0,153.405,-9.72501,-0.189963,31.6059,-0.00465973,-0.038874652936776444,-1.2286683932544626,0.004874652936776441,0.3554243932544626
5.56,-4.5,-0.00464733,31.3209,1.84098,-0.906584,-0.0432765,54.9,0,154.026,-9.84468,-0.190738,31.3209,-0.00464733,-0.03843770820224874,-1.2039036148318125,-0.004838791797751263,0.2973196148318126
5.58,-4.48969,-0.00463668,31.0271,1.86616,-0.924622,-0.0390487,54.9,0,154.641,-9.96375,-0.191525,31.0271,-0.00463668,-0.038006174553207386,-1.179221378479821,-0.0010425254467926123,0.25459937847982084
5.6,-3.98041,-0.00411072,31.2786,1.90304,-0.922034,-0.0335175,54.9,0,155.251,-10.0822,-0.19228,31.2786,-0.00411072,-0.03395558074153903,-1.0620830277823028,0.000438080741539032,0.14004902778230277
5.62,-3.91012,-0.00403814,31.5685,1.93436,-0.910839,-0.0348202,54.9,0,155.865,-10.202,-0.19295,31.5685,-0.00403814,-0.03365085770128775,-1.0623071013431022,-0.0011693422987122531,0.1514681013431023
5.64,-4.09441,-0.00422846,31.5506,1.94316,-0.906024,-0.0323565,54.9,0,156.485,-10.3234,-0.193645,31.5506,-0.00422846,-0.03521781197405789,-1.111143098468711,0.0028613119740578882,0.2051190984687109
5.66,-4.19403,-0.00433134,31.6689,1.93169,-0.8933,-0.0238328,54.9,0,157.105,-10.4451,-0.194379,31.6689,-0.00433134,-0.0362036169452901,-1.1465287246786975,0.012370816945290096,0.2532287246786975
5.68,-4.1,-0.00423423,31.837,1.90767,-0.85651,-0.0223129,54.9,0,157.726,-10.5677,-0.195121,31.837,-0.00423423,-0.03557089487446399,-1.1324705801183101,0.013257994874463993,0.27596058011831015
5.7,-4.20212,-0.00433969,31.8723,1.87941,-0.808942,-0.0249915,54.9,0,158.351,-10.6915,-0.19585,31.8723,-0.00433969,-0.03649535761805574,-1.163190986609958,0.011503857618055738,0.35424898660995785
5.72,-4.3,-0.00444078,31.8759,1.86234,-0.758061,-0.019347,54.9,0,158.977,-10.8159,-0.196607,31.8759,-0.00444078,-0.03734952000423658,-1.1905495647030448,0.01800252000423658,0.43248856470304486
5.74,-4.3,-0.00444078,31.9277,1.86345,-0.687338,-0.018131,54.9,0,159.603,-10.9407,-0.197377,31.9277,-0.00444078,-0.03740732541539856,-1.1943298636652206,0.01927632541539856,0.5069918636652206
5.76,-4.30677,-0.00444777,31.9567,1.8691,-0.594503,-0.0253895,54.9,0,160.229,-11.0662,-0.198145,31.9567,-0.00444777,-0.037498614194336664,-1.1983319642241586,0.012109114194336665,0.6038289642241585
5.78,-4.4,-0.00454405,31.9111,1.86675,-0.501504,-0.0265465,54.9,0,160.856,-11.1924,-0.198918,31.9111,-0.00454405,-0.03825828796331813,-1.2208640530262411,0.011711787963318128,0.7193600530262412
5.8,-4.41047,-0.00455486,31.9988,1.8618,-0.42401,-0.0260209,54.9,0,161.482,-11.3188,-0.199707,31.9988,-0.00455486,-0.038449660552280496,-1.230342998080313,0.012428760552280496,0.8063329980803131
5.82,-4.5,-0.00464733,32.0308,1.86537,-0.366042,-0.0284823,54.9,0,162.11,-11.4461,-0.200499,32.0308,-0.00464733,-0.03926760496356908,-1.2577728010670886,0.010785304963569085,0.8917308010670886
5.84,-4.5,-0.00464733,32.0573,1.87997,-0.334018,-0.0327554,54.9,0,162.738,-11.574,-0.201309,32.0573,-0.00464733,-0.03929853265886123,-1.259804851004912,0.00654313265886123,0.9257868510049121
5.86,-4.5,-0.00464733,32.0473,1.89768,-0.331088,-0.0313986,54.8997,0,163.366,-11.7025,-0.202114,32.0473,-0.00464733,-0.03928686227028,-1.2590378612343442,0.00788826227028,0.9279498612343442
5.88,-4.50601,-0.00465353,32.1019,1.90744,-0.350614,-0.0317081,54.694,0,163.994,-11.8315,-0.20292,32.1019,-0.00465353,-0.039403074432610895,-1.2649135551282318,0.007694974432610892,0.9142995551282318
5.9,-4.6,-0.0047506,32.0792,1.90722,-0.38559,-0.0346195,54.4902,0,164.624,-11.9612,-0.203733,32.0792,-0.0047506,-0.04019793674796714,-1.2895176525253875,0.005578436747967146,0.9039276525253875
5.92,-4.6,-0.0047506,32.1084,1.90384,-0.432336,-0.0347981,54.3991,0,165.252,-12.0914,-0.204561,32.1084,-0.0047506,-0.04023276493413995,-1.2918097096113392,0.005434664934139952,0.8594737096113392
5.94,-4.6,-0.0047506,32.1217,1.89948,-0.485108,-0.0344141,54.207,0,165.881,-12.2222,-0.205386,32.1217,-0.0047506,-0.04024862691471946,-1.292854319166544,0.0058345269147194595,0.807746319166544
5.96,-4.6,-0.0047506,32.1361,1.89142,-0.537337,-0.0346,54.1003,0,166.511,-12.3535,-0.206211,32.1361,-0.0047506,-0.04026579969934151,-1.2939857657180087,0.005665799699341514,0.7566487657180088
5.98,-4.6,-0.0047506,32.1276,1.88334,-0.584926,-0.0345874,53.7937,0,167.14,-12.4855,-0.207037,32.1276,-0.0047506,-0.04025566312314727,-1.293317842555226,0.00566826312314727,0.7083918425552261
6.0,-4.6,-0.0047506,32.2004,1.87991,-0.62387,-0.0353891,53.5973,0,167.769,-12.6179,-0.207863,32.2004,-0.0047506,-0.04034246712506872,-1.2990435784140628,0.0049533671250687195,0.6751735784140628
6.02,-4.59793,-0.00474846,32.2334,1.87535,-0.650752,-0.0339503,53.3979,0,168.4,-12.7511,-0.20869,32.2334,-0.00474846,-0.040363614502186874,-1.3010565316947906,0.006413314502186872,0.6503045316947906
6.04,-4.5,-0.00464733,32.2409,1.86213,-0.665962,-0.0324549,53.129,0,169.031,-12.885,-0.209513,32.2409,-0.00464733,-0.03951270606938224,-1.273925205112346,0.007057806069382236,0.6079632051123459
6.06,-4.49575,-0.00464294,32.2776,1.84457,-0.672177,-0.0315915,52.7915,0,169.662,-13.0195,-0.210319,32.2776,-0.00464294,-0.03951813000376309,-1.2755503930094636,0.007926630003763091,0.6033733930094636
6.08,-4.4,-0.00454405,32.2668,1.83243,-0.67311,-0.0306171,52.4043,0,170.293,-13.1546,-0.211125,32.2668,-0.00454405,-0.0386641099696938,-1.2475671035701161,0.008047009969693798,0.5744571035701161
6.1,-4.18582,-0.00432286,32.3238,1.82753,-0.675692,-0.0288851,52.0929,0,170.925,-13.2901,-0.211904,32.3238,-0.00432286,-0.03684384700175905,-1.1909331417154592,0.00795874700175905,0.5152411417154592
6.12,-3.89098,-0.00401837,32.3676,1.82502,-0.688564,-0.0290377,51.782,0,171.557,-13.4264,-0.212637,32.3676,-0.00401837,-0.034292780671329647,-1.1099750076573296,0.005255080671329647,0.42141100765732964
6.14,-3.8,-0.00392441,32.3877,1.82175,-0.714636,-0.0272194,51.3291,0,172.19,-13.5633,-0.213323,32.3877,-0.00392441,-0.03351069635748337,-1.0853343804172642,0.006291296357483368,0.3706983804172641
6.16,-3.8,-0.00392441,32.4082,1.81519,-0.746948,-0.028997,51.1015,0,172.823,-13.7008,-0.214006,32.4082,-0.00392441,-0.0335308669945339,-1.0866750437322534,0.004533866994533901,0.3397270437322535
6.18,-3.7,-0.00382114,32.4732,1.79898,-0.774943,-0.0289139,50.6961,0,173.457,-13.8387,-0.21469,32.4732,-0.00382114,-0.03271076116098158,-1.062223089332787,0.003796861160981581,0.28728008933278704
6.2,-3.6,-0.00371786,32.5176,1.76885,-0.792909,-0.0259784,50.4892,0,174.092,-13.9774,-0.215352,32.5176,-0.00371786,-0.03186799603250382,-1.0362707477865463,0.005889596032503823,0.2433617477865463
6.22,-3.6,-0.00371786,32.5362,1.73158,-0.80085,-0.0268663,50.1972,0,174.727,-14.1166,-0.216001,32.5362,-0.00371786,-0.03188532361687966,-1.03742726626352,0.005019023616879659,0.23657726626352005
6.24,-3.6,-0.00371786,32.5412,1.69928,-0.799678,-0.0290281,50.014,0,175.363,-14.2564,-0.216655,32.5412,-0.00371786,-0.031889981314838896,-1.0377382599624356,0.0028618813148388947,0.23806025996243563
6.26,-3.59289,-0.00371052,32.6151,1.67561,-0.787908,-0.0256426,50.0,0,175.999,-14.3965,-0.217309,32.6151,-0.00371052,-0.03189571410094753,-1.0402819049738137,0.006253114100947525,0.2523739049738136
6.28,-3.4028,-0.00351421,32.6522,1.6559,-0.763644,-0.0244504,49.9028,0,176.637,-14.5375,-0.217955,32.6522,-0.00351421,-0.03024086723720173,-0.9874308452025584,0.005790467237201731,0.22378684520255843
6.3,-3.19464,-0.00329923,32.6658,1.63816,-0.727208,-0.0248964,49.7946,0,177.274,-14.6789,-0.218557,32.6658,-0.00329923,-0.02840211991050024,-0.9277779685724187,0.003505719910500242,0.2005699685724187
6.32,-3.1939,-0.00329847,32.6357,1.6228,-0.680772,-0.0262,49.6,0,177.912,-14.8208,-0.21913,32.6357,-0.00329847,-0.02837071382363395,-0.9258981051339705,0.0021707138236339504,0.24512610513397048
6.34,-3.1,-0.00320149,32.7128,1.60489,-0.627032,-0.0267165,49.5139,0,178.55,-14.963,-0.219708,32.7128,-0.00320149,-0.027598373635740473,-0.902820077071251,0.0008818736357404725,0.27578807707125097
6.36,-3.0,-0.00309822,32.7644,1.57894,-0.568483,-0.0252181,49.3955,0,179.189,-15.1058,-0.220266,32.7644,-0.00309822,-0.026748150056893714,-0.8763870877240885,0.0015300500568937135,0.3079040877240885
6.38,-3.0,-0.00309822,32.8133,1.54921,-0.508033,-0.0256085,49.0043,0,179.828,-15.2492,-0.22081,32.8133,-0.00309822,-0.026786066105448498,-0.8789392229379132,0.0011775661054484986,0.3709062229379132
6.4,-3.0,-0.00309822,32.7754,1.5238,-0.448956,-0.0259704,49.0,0,180.469,-15.3932,-0.22136,32.7754,-0.00309822,-0.026756679984496844,-0.8769608891638778,0.0007862799844968425,0.4280048891638778
6.42,-3.0,-0.00309822,32.8618,1.50215,-0.394906,-0.0256,48.9,0,181.109,-15.5374,-0.221909,32.8618,-0.00309822,-0.02682366343967331,-0.8814738632218564,0.001223663439673308,0.4865678632218564
6.44,-3.0,-0.00309822,32.8796,1.47989,-0.352008,-0.0257827,48.9,0,181.75,-15.6823,-0.22246,32.8796,-0.00309822,-0.026837459907715907,-0.882404946781736,0.0010547599077159082,0.530396946781736
6.46,-3.0,-0.00309822,32.8556,1.46019,-0.325667,-0.0282171,48.9,0,182.392,-15.8276,-0.223011,32.8556,-0.00309822,-0.026818857658256926,-0.8811496596766263,-0.0013982423417430723,0.5554826596766262
6.48,-3.0,-0.00309822,32.8583,1.44699,-0.312257,-0.0288077,48.9,0,183.033,-15.9732,-0.223561,32.8583,-0.00309822,-0.026820950515700055,-0.8812908383300271,-0.0019867494842999434,0.5690338383300271
6.5,-2.89214,-0.00298683,32.9561,1.43438,-0.301708,-0.02729,48.9,0,183.674,-16.1191,-0.224107,32.9561,-0.00298683,-0.025929718874819437,-0.8545424082104368,-0.0013602811251805617,0.5528344082104368
6.52,-2.8,-0.00289167,32.8994,1.41765,-0.290278,-0.0285802,48.9,0,184.317,-16.2658,-0.22463,32.8994,-0.00289167,-0.025062590506061314,-0.8245441900951136,-0.0035176094939386865,0.5342661900951136
6.54,-2.8,-0.00289167,32.8869,1.40488,-0.282513,-0.0314807,48.9,0,184.958,-16.4126,-0.22514,32.8869,-0.00289167,-0.025053548838331188,-0.8239335552913138,-0.006427151161668813,0.5414205552913138
6.56,-2.7,-0.0027884,32.8752,1.40177,-0.281565,-0.0280016,48.9,0,185.6,-16.5597,-0.22565,32.8752,-0.0027884,-0.024150647326922875,-0.7939573610020549,-0.0038509526730771265,0.5123923610020549
6.58,-2.60181,-0.00268699,32.974,1.40013,-0.285626,-0.0284,48.9,0,186.241,-16.707,-0.226136,32.974,-0.00268699,-0.02333871657170675,-0.7695708402354583,-0.005061283428293251,0.4839448402354583
6.6,-2.49391,-0.00257556,32.9669,1.39433,-0.291068,-0.0300609,48.9,0,186.884,-16.8551,-0.226606,32.9669,-0.00257556,-0.022366278477597513,-0.7373468659431095,-0.007694621522402488,0.4462788659431095
6.62,-2.3,-0.0023753,32.9768,1.39132,-0.293958,-0.0294552,48.9,0,187.527,-17.0034,-0.227051,32.9768,-0.0023753,-0.020633084917304343,-0.6804131147009618,-0.008822115082695658,0.3864551147009618
6.64,-2.21207,-0.00228449,33.032,1.39489,-0.292861,-0.0277517,48.9,0,188.169,-17.1521,-0.227462,33.032,-0.00228449,-0.019875787062593343,-0.6565369982515832,-0.007875912937406658,0.3636759982515832
6.66,-1.89105,-0.00195296,33.1103,1.39681,-0.292985,-0.0252,48.8732,0,188.813,-17.3013,-0.227851,33.1103,-0.00195296,-0.017029582170441447,-0.5638545745379675,-0.008170417829558553,0.2708695745379675
6.68,-1.7961,-0.0018549,33.0332,1.39202,-0.302011,-0.0267922,48.0844,0,189.459,-17.451,-0.228181,33.0332,-0.0018549,-0.0161387647640422,-0.5331150442035588,-0.010653435235957798,0.23110404420355884
6.7,-1.7,-0.00175566,33.0344,1.38715,-0.319105,-0.0272339,47.4631,0,190.102,-17.6006,-0.228504,33.0344,-0.00175566,-0.015275840880033665,-0.5046282379673841,-0.011958059119966334,0.18552323796738407
6.72,-1.69817,-0.00175377,33.1839,1.3851,-0.333924,-0.0239487,46.6963,0,190.746,-17.7505,-0.228813,33.1839,-0.00175377,-0.015324914286493942,-0.5085404231915863,-0.008623785713506058,0.17461642319158632
6.74,-1.51124,-0.00156071,33.2512,1.37608,-0.338564,-0.0201348,46.3225,0,191.393,-17.9012,-0.229119,33.2512,-0.00156071,-0.013664135022824776,-0.4543488864709512,-0.006470664977175225,0.1157848864709512
6.76,-1.49383,-0.00154274,33.2461,1.35436,-0.334987,-0.021237,45.5753,0,192.041,-18.0523,-0.22939,33.2461,-0.00154274,-0.013504841224799398,-0.44898330184380325,-0.007732158775200601,0.11399630184380327
6.78,-1.4,-0.00144583,33.2081,1.32843,-0.330792,-0.0234968,44.9948,0,192.688,-18.2037,-0.229662,33.2081,-0.00144583,-0.01264278734951975,-0.4198429465815869,-0.010854012650480251,0.08905094658158691
6.8,-1.4,-0.00144583,33.2011,1.30545,-0.333062,-0.0185673,44.7836,0,193.335,-18.355,-0.229918,33.2011,-0.00144583,-0.012640259406883757,-0.41967051659388827,-0.005927040593116242,0.08660851659388824
6.82,-1.4,-0.00144583,33.2812,1.283,-0.345272,-0.0200407,43.4864,0,193.982,-18.5065,-0.230177,33.2812,-0.00144583,-0.012669181288270291,-0.42164555629118117,-0.00737151871172971,0.07637355629118114
6.84,-1.4,-0.00144583,33.3387,1.25848,-0.363604,-0.0207093,42.4455,0,194.63,-18.6585,-0.230437,33.3387,-0.00144583,-0.012689936168022997,-0.42306597492486836,-0.008019363831977003,0.05946197492486838
6.86,-1.4,-0.00144583,33.3056,1.23,-0.376946,-0.0162074,41.9,0,195.28,-18.8109,-0.230698,33.3056,-0.00144583,-0.01267798926808358,-0.4222480393670845,-0.00352941073191642,0.04530203936708449
6.88,-1.4,-0.00144583,33.3404,1.1936,-0.377251,-0.0195176,41.2961,0,195.929,-18.9634,-0.230958,33.3404,-0.00144583,-0.012690549704336092,-0.4231080033624471,-0.006827050295663908,0.04585700336244708
6.9,-1.39191,-0.00143748,33.2884,1.15259,-0.365611,-0.0220221,40.9919,0,196.578,-19.1162,-0.231219,33.2884,-0.00143748,-0.012598597929400063,-0.4193871673130411,-0.009423502070599936,0.05377616731304108
6.92,-1.3,-0.00134256,33.2751,1.1188,-0.344206,-0.0166142,40.8,0,197.226,-19.2689,-0.231473,33.2751,-0.00134256,-0.011762225070629552,-0.39138921544770544,-0.004851974929370447,0.04718321544770543
6.94,-1.3,-0.00134256,33.3016,1.09648,-0.31366,-0.0191482,40.8,0,197.874,-19.4217,-0.23171,33.3016,-0.00134256,-0.011771108060984145,-0.39199673220366965,-0.007377091939015855,0.07833673220366966
6.96,-1.3,-0.00134256,33.3306,1.07662,-0.279181,-0.0235452,40.7977,0,198.522,-19.5748,-0.231952,33.3306,-0.00134256,-0.011780827789479536,-0.3926620587200266,-0.011764372210520463,0.11348105872002656
6.98,-1.19338,-0.00123245,33.3395,1.05064,-0.249134,-0.0185073,40.5,0,199.171,-19.7281,-0.232189,33.3395,-0.00123245,-0.010817360746613191,-0.3606453986117105,-0.00768993925338681,0.11151139861171053
7.0,-0.896819,-0.00092618,33.3541,1.01766,-0.230768,-0.0183081,40.2968,0,199.821,-19.8817,-0.232392,33.3541,-0.00092618,-0.008132565870936704,-0.27125441531580996,-0.010175534129063296,0.04048641531580996
7.02,-0.7,-0.000722917,33.261,0.978901,-0.228552,-0.023592,39.9987,0,200.47,-20.0354,-0.232536,33.261,-0.000722917,-0.006330958538963608,-0.2105740119644686,-0.01726104146103639,-0.01797798803553141
7.04,-0.7,-0.000722917,33.2451,0.935984,-0.238479,-0.0209527,39.9,0,201.117,-20.1888,-0.232657,33.2451,-0.000722917,-0.006328088170430889,-0.21037792403479194,-0.014624611829569112,-0.028101075965208056
7.06,-0.396727,-0.000409715,33.382,0.892846,-0.248462,-0.0148589,39.7,0,201.765,-20.3422,-0.232773,33.382,-0.000409715,-0.0036004619478988784,-0.12019062074476035,-0.011258438052101121,-0.12827137925523963
7.08,-0.2,-0.000206548,33.4801,0.851845,-0.251462,-0.0174327,39.6,0,202.414,-20.4962,-0.232824,33.4801,-0.000206548,-0.0018201421683867775,-0.06093854181180615,-0.015612557831613222,-0.19052345818819388
7.1,-0.192338,-0.000198635,33.3963,0.813244,-0.24759,-0.0214935,39.5,0,203.066,-20.6508,-0.232852,33.3963,-0.000198635,-0.0017462581571031379,-0.05831856129206352,-0.019747241842896862,-0.1892714387079365
7.12,0.108889,0.000112454,33.3754,0.781218,-0.234313,-0.0136356,39.4,0,203.716,-20.805,-0.232873,33.3754,0.000112454,0.0009880293260885018,0.03297587396993418,-0.0146236293260885,-0.26728887396993417
7.14,0.29139,0.00030093,33.4463,0.760862,-0.214344,-0.0160106,39.4,0,204.366,-20.959,-0.23283,33.4463,0.00030093,0.002649317750127804,0.08860987626609958,-0.018659917750127805,-0.3029538762660996
7.16,0.5,0.00051637,33.4777,0.748293,-0.203961,-0.0183998,39.3999,0,205.017,-21.1134,-0.232758,33.4777,0.00051637,0.004550046618661732,0.15232509568557187,-0.022949846618661732,-0.3562860956855719
7.18,0.511272,0.000528011,33.4036,0.734025,-0.213782,-0.0160422,39.3,0,205.668,-21.2678,-0.232654,33.4036,0.000528011,0.004642860773694746,0.1550882641401898,-0.020685060773694745,-0.3688702641401898
7.2,0.902694,0.000932247,33.4291,0.716062,-0.235638,-0.0138162,39.3,0,206.319,-21.4219,-0.23254,33.4291,0.000932247,0.008203287308543916,0.2742285117660454,-0.022019487308543917,-0.5098665117660454
7.22,1.20437,0.0012438,33.5274,0.699909,-0.257253,-0.0161389,39.3,0,206.969,-21.5759,-0.232339,33.5274,0.0012438,0.010975293071932507,0.36797304093990996,-0.02711419307193251,-0.62522604093991
7.24,1.3,0.00134256,33.5125,0.686697,-0.273157,-0.015653,39.3,0,207.622,-21.7303,-0.232095,33.5125,0.00134256,0.011841763384009033,0.39684709540660273,-0.02749476338400903,-0.6700040954066027
7.26,1.41091,0.00145711,33.5223,0.671527,-0.278201,-0.01232,39.3,0,208.274,-21.8844,-0.231842,33.5223,0.00145711,0.012855689969642823,0.4309522958693576,-0.025175689969642822,-0.7091532958693576
7.28,1.90853,0.00197102,33.5251,0.654114,-0.26638,-0.00943413,39.3,0,208.927,-22.0384,-0.231549,33.5251,0.00197102,0.017391166405145812,0.5830405928491539,-0.02682529640514581,-0.8494205928491538
7.3,2.2,0.00227203,33.5158,0.641923,-0.237689,-0.0113387,39.3,0,209.58,-22.1921,-0.231155,33.5158,0.00227203,0.020041847200970093,0.6717185424182734,-0.031380547200970096,-0.9094075424182735
7.32,2.3008,0.00237613,33.4891,0.639379,-0.194574,-0.0117727,39.3,0,210.233,-22.3456,-0.230725,33.4891,0.00237613,0.020944304970360175,0.7014059235828889,-0.032717004970360175,-0.8959799235828889
7.34,2.56948,0.0026536,33.5496,0.640275,-0.137927,-0.00636626,39.3,0,210.885,-22.4986,-0.230278,33.5496,0.0026536,0.02343010428974615,0.7860706268792674,-0.02979636428974615,-0.9239976268792675
7.36,3.10048,0.00320199,33.575,0.637455,-0.0738223,-0.00859904,39.3,0,211.538,-22.6517,-0.229759,33.575,0.00320199,0.028292453629023807,0.9499191305944744,-0.03689149362902381,-1.0237414305944743
7.38,3.30889,0.00341722,33.5602,0.633909,-0.0125941,-0.00618223,39.3,0,212.192,-22.8044,-0.229143,33.5602,0.00341722,0.030181607395682427,1.0129007805205814,-0.03636383739568243,-1.0254948805205815
7.4,3.62139,0.00373995,33.5648,0.633515,0.0422731,-0.00387167,39.3,0,212.846,-22.9567,-0.228498,33.5648,0.00373995,0.0330363420305887,1.1088582129883036,-0.0369080120305887,-1.0665851129883035
7.42,3.90534,0.0040332,33.6165,0.630368,0.0939728,-0.00118576,39.3,0,213.5,-23.1086,-0.227792,33.6165,0.0040332,0.03567874049430305,1.1993943798267386,-0.03686450049430305,-1.1054215798267386
7.44,4.2,0.0043375,33.5978,0.620317,0.142362,-2.41613e-05,39.3,0,214.155,-23.2602,-0.227032,33.5978,0.0043375,0.038350469305963954,1.2884913976479158,-0.03837463060596395,-1.1461293976479157
7.46,4.40604,0.00455029,33.5826,0.61062,0.185848,0.0008,39.3,0,214.81,-23.4112,-0.22622,33.5826,0.00455029,0.04021465607122787,1.3505127089776172,-0.03941465607122787,-1.1646647089776172
7.48,4.60283,0.00475352,33.5592,0.608076,0.228849,0.00024521,39.3,0,215.465,-23.5616,-0.225375,33.5592,0.00475352,0.04198305817013654,1.408917845743246,-0.04173784817013654,-1.180068845743246
7.5,4.81056,0.00496805,33.6001,0.611112,0.276712,0.00364223,39.3,0,216.119,-23.7113,-0.224494,33.6001,0.00496805,0.04392847910791373,1.476001290873812,-0.04028624910791373,-1.199289290873812
7.52,4.90241,0.00506291,33.6249,0.617692,0.328993,0.00338553,39.3,0,216.775,-23.8606,-0.223577,33.6249,0.00506291,0.0447985655826335,1.506347287859493,-0.041413035582633505,-1.177354287859493
7.54,5.0,0.0051637,33.6149,0.627783,0.381775,0.0028,39.3,0,217.43,-24.0095,-0.222648,33.6149,0.0051637,0.04567753742611785,1.5354458528252088,-0.04287753742611785,-1.1536708528252089
7.56,5.00125,0.00516498,33.5668,0.637374,0.430619,0.00420747,39.3,0,218.086,-24.1576,-0.221705,33.5668,0.00516498,0.04562692038760767,1.531549711266749,-0.04141945038760767,-1.100930711266749
7.58,5.1,0.00526697,33.599,0.64047,0.470879,0.00513586,39.3,0,218.741,-24.305,-0.220763,33.599,0.00526697,0.04657019185053775,1.5647118759862177,-0.04143433185053775,-1.0938328759862177
7.6,5.1,0.00526697,33.6546,0.636083,0.500445,0.0024,39.3,0,219.397,-24.4519,-0.219802,33.6546,0.00526697,0.04664319110087549,1.5697579392235244,-0.04424319110087549,-1.0693129392235243
7.62,5.0,0.0051637,33.623,0.62633,0.522941,0.00285232,39.3,0,220.054,-24.5983,-0.218848,33.623,0.0051637,0.04568796408018222,1.5361664162679667,-0.04283564408018222,-1.0132254162679666
7.64,5.0,0.0051637,33.6482,0.611015,0.544553,0.00342371,39.3,0,220.711,-24.744,-0.217914,33.6482,0.0051637,0.045720399972311386,1.538409162348328,-0.04229668997231138,-0.9938561623483281
7.66,4.89256,0.00505274,33.6617,0.591622,0.568585,0.0037256,39.3,0,221.368,-24.8892,-0.21698,33.6617,0.00505274,0.04475492313076492,1.5065267959508697,-0.04102932313076492,-0.9379417959508697
7.68,4.79492,0.0049519,33.6757,0.575566,0.595291,0.00362032,39.3,0,222.026,-25.0339,-0.21607,33.6757,0.0049519,0.04387899058092239,1.4776557231059682,-0.04025867058092239,-0.8823647231059681
7.7,4.59634,0.00474682,33.6584,0.56632,0.623002,0.00241462,39.3,0,222.684,-25.178,-0.215182,33.6584,0.00474682,0.04204127367086455,1.4150420057234274,-0.03962665367086455,-0.7920400057234275
7.72,4.39298,0.00453681,33.7052,0.555776,0.64639,0.0018,39.3,0,223.342,-25.3215,-0.214337,33.7052,0.00453681,0.040234160147806224,1.3561004146138382,-0.03843416014780622,-0.7097104146138382
7.74,4.11965,0.00425453,33.6833,0.537704,0.658255,0.0014786,39.3,0,224.001,-25.4647,-0.213533,33.6833,0.00425453,0.037707543682233786,1.2701145061117853,-0.03622894368223378,-0.6118595061117853
7.76,3.88678,0.00401403,33.6651,0.520843,0.656053,0.000267791,39.3,0,224.659,-25.6072,-0.212782,33.6651,0.00401403,0.03555778187433394,1.1970562825776396,-0.03528999087433394,-0.5410032825776396
7.78,3.60249,0.00372043,33.6146,0.517994,0.64276,-0.000429902,39.3,0,225.317,-25.7492,-0.212076,33.6146,0.00372043,0.03291010660490814,1.1062600694813451,-0.03334000860490814,-0.46350006948134514
7.8,3.28663,0.00339423,33.6709,0.530438,0.621688,0.000173265,39.2,0,225.975,-25.8905,-0.211428,33.6709,0.00339423,0.03007222161454611,1.0125587667612208,-0.029898956614546113,-0.3908707667612208
7.82,2.99204,0.00309,33.6345,0.551137,0.593619,-0.00298409,39.1,0,226.633,-26.0316,-0.210839,33.6345,0.00309,0.027348750561023556,0.9198615507447468,-0.030332840561023554,-0.32624255074474684
7.84,2.81025,0.00290225,33.6648,0.573101,0.556824,-0.00459504,39.1,0,227.291,-26.1722,-0.210299,33.6648,0.00290225,0.025708935134215627,0.8654861595063422,-0.03030397513421563,-0.30866215950634224
7.86,2.39178,0.00247009,33.6756,0.588637,0.509683,-0.0029507,38.9918,0,227.95,-26.3127,-0.209799,33.6756,0.00247009,0.02188737363936501,0.7370704397298005,-0.02483807363936501,-0.22738743972980047
7.88,2.19408,0.00226592,33.6889,0.591164,0.453744,-0.00483549,38.6941,0,228.609,-26.4528,-0.209378,33.6889,0.00226592,0.020085734906690328,0.6766663146979998,-0.024921224906690326,-0.22292231469799978
7.9,1.78975,0.00184834,33.6983,0.580921,0.393152,-0.0082205,38.159,0,229.268,-26.5927,-0.208994,33.6983,0.00184834,0.016388511761659705,0.5522649858979373,-0.024609011761659708,-0.15911298589793726
7.92,1.59844,0.00165077,33.7193,0.561731,0.333487,-0.00901873,37.3984,0,229.927,-26.7325,-0.208685,33.7193,0.00165077,0.0146453700752677,0.4938316271789741,-0.023664100075267702,-0.16034462717897413
7.94,1.40776,0.00145385,33.7008,0.534973,0.280422,-0.00964658,37.2078,0,230.587,-26.8721,-0.208402,33.7008,0.00145385,0.012891622499602115,0.43445799153459097,-0.022538202499602117,-0.15403599153459097
7.96,1.38092,0.00142613,33.787,0.502477,0.234892,-0.00857171,36.7809,0,231.247,-27.0115,-0.208148,33.787,0.00142613,0.012676449327974496,0.4282991934442743,-0.021248159327974497,-0.19340719344427432
7.98,0.992603,0.0010251,33.8572,0.469339,0.190852,-0.0115627,36.3,0,231.908,-27.1511,-0.207907,33.8572,0.0010251,0.009129730362939974,0.3091071068441313,-0.020692430362939974,-0.11825510684413129
8.0,0.689899,0.000712485,33.7677,0.438299,0.14294,-0.0125798,36.1949,0,232.571,-27.2908,-0.207752,33.7677,0.000712485,0.006329640698053272,0.21373740819965348,-0.018909440698053274,-0.07079740819965347
8.02,0.504146,0.000520652,33.8077,0.407632,0.0939887,-0.0096,36.0,0,233.232,-27.4301,-0.207645,33.8077,0.000520652,0.004630603848033331,0.1565500657131564,-0.014230603848033329,-0.06256136571315642
8.04,0.6,0.000619644,33.7776,0.378585,0.0496125,-0.00908764,36.0,0,233.893,-27.5695,-0.207554,33.7776,0.000619644,0.005506379037281753,0.18599226856968812,-0.014594019037281752,-0.13637976856968811
8.06,0.187463,0.000193601,33.8235,0.357827,0.0100862,-0.0158167,36.0,0,234.555,-27.7087,-0.207456,33.8235,0.000193601,0.001722621071935071,0.05826507382659588,-0.01753932107193507,-0.048178873826595886
8.08,-0.199271,-0.000205795,33.5966,0.348956,-0.0268655,-0.0139985,36.0,0,235.217,-27.848,-0.207458,33.5966,-0.000205795,-0.0018194855089202371,-0.061128526848989645,-0.012179014491079764,0.034263026848989644
8.1,0.11283,0.000116523,33.5575,0.347626,-0.0609727,-0.0175283,36.0,0,235.874,-27.9865,-0.207499,33.5575,0.000116523,0.0010290732475037568,0.03453312550310732,-0.018557373247503756,-0.09550582550310732
8.12,0.283179,0.00029245,33.6567,0.348351,-0.0922837,-0.0202523,36.0,0,236.531,-28.1247,-0.207455,33.6567,0.00029245,0.0025900055827200045,0.08717104089593238,-0.022842305582720004,-0.17945474089593239
8.14,0.0128813,1.33031e-05,33.6839,0.349854,-0.12367,-0.0226515,35.9129,0,237.19,-28.2634,-0.207407,33.6839,1.33031e-05,0.00011790554081661129,0.003971518446312653,-0.022769405540816613,-0.12764151844631266
8.16,0.00990751,1.02319e-05,33.6925,0.349608,-0.158779,-0.0229703,35.895,0,237.849,-28.4021,-0.207417,33.6925,1.02319e-05,9.07073853370821e-05,0.003056158580469639,-0.02306100738533708,-0.16183515858046965
8.18,0.2,0.000206548,33.7278,0.343856,-0.201009,-0.0236006,35.7,0,238.509,-28.5409,-0.207406,33.7278,0.000206548,0.0018328969536334399,0.06181958187275794,-0.02543349695363344,-0.2628285818727579
8.2,0.191126,0.000197384,33.7412,0.338751,-0.249086,-0.024858,35.7,0,239.169,-28.6798,-0.20736,33.7412,0.000197384,0.0017522350373513579,0.05912251284227964,-0.02661023503735136,-0.3082085128422796
8.22,0.109488,0.000113073,33.9123,0.34572,-0.293927,-0.0228569,35.7,0,239.829,-28.8187,-0.207328,33.9123,0.000113073,0.0010085998598614032,0.034203941027577865,-0.023865499859861403,-0.32813094102757784
8.24,0.2,0.000206548,33.8796,0.361345,-0.32857,-0.0214013,35.7,0,240.493,-28.9584,-0.207307,33.8796,0.000206548,0.001840706081132593,0.0623623857463398,-0.023242006081132596,-0.39093238574633976
8.26,0.5,0.00051637,33.8528,0.370484,-0.35729,-0.0185981,35.7,0,241.156,-29.0978,-0.207251,33.8528,0.00051637,0.004598319867431258,0.15566600280817688,-0.023196419867431258,-0.5129560028081769
8.28,0.396897,0.000409891,33.8538,0.369173,-0.388425,-0.0203055,35.7,0,241.819,-29.2371,-0.207147,33.8538,0.000409891,0.0036502170339583247,0.12357371742421833,-0.023955717033958324,-0.5119987174242183
8.3,0.3,0.000309822,33.8051,0.364853,-0.42146,-0.0221466,35.7,0,242.481,-29.3764,-0.207082,33.8051,0.000309822,0.0027553114263154095,0.09314357829773506,-0.02490191142631541,-0.5146035782977351
8.32,0.398041,0.000411072,33.8165,0.358949,-0.446486,-0.0168627,35.7,0,243.143,-29.5154,-0.207025,33.8165,0.000411072,0.0036569159307017172,0.12366409757057462,-0.02051961593070172,-0.5701500975705747
8.34,0.6,0.000619644,33.9295,0.347398,-0.455682,-0.0182516,35.7,0,243.805,-29.6544,-0.206936,33.9295,0.000619644,0.005529816225220628,0.18762389961362327,-0.023781416225220627,-0.6433058996136233
8.36,0.5,0.00051637,33.9673,0.332153,-0.448392,-0.0217413,35.7,0,244.469,-29.7938,-0.206817,33.9673,0.00051637,0.004613038028695864,0.15669244663212104,-0.026354338028695867,-0.605084446632121
8.38,0.5,0.00051637,33.8776,0.319954,-0.427124,-0.0192022,35.7,0,245.134,-29.9333,-0.206727,33.8776,0.00051637,0.004601508421554028,0.15588806170203873,-0.023803708421554028,-0.5830120617020387
8.4,0.509679,0.000526365,33.8525,0.314632,-0.396356,-0.0205419,35.7,0,245.797,-30.0723,-0.206632,33.8525,0.000526365,0.00468728690989064,0.15867638011707288,-0.02522918690989064,-0.5550323801170729
8.42,0.6,0.000619644,33.8304,0.316132,-0.361117,-0.0163212,35.7,0,246.46,-30.2112,-0.206531,33.8304,0.000619644,0.0055145276820249,0.18655867729397516,-0.0218357276820249,-0.5476756772939751
8.44,0.6,0.000619644,33.828,0.322382,-0.323626,-0.019631,35.7,0,247.123,-30.3499,-0.206413,33.828,0.000619644,0.005514157334033474,0.1865329142956844,-0.025145157334033472,-0.5101589142956844
8.46,0.6,0.000619644,33.7701,0.328612,-0.285312,-0.0211178,35.7,0,247.785,-30.4886,-0.2063,33.7701,0.000619644,0.005505221391347906,0.1859118769079579,-0.026623021391347906,-0.4712238769079579
8.48,0.600948,0.000620623,33.8031,0.32956,-0.250219,-0.016981,35.7,0,248.446,-30.6269,-0.206187,33.8031,0.000620623,0.005519020686790864,0.18656000817766027,-0.022500020686790863,-0.4367790081776603
8.5,0.6,0.000619644,33.8268,0.326572,-0.224017,-0.0181499,35.7,0,249.108,-30.7653,-0.206073,33.8268,0.000619644,0.005513972158431712,0.18652003340883783,-0.02366387215843171,-0.41053703340883785
8.52,0.590546,0.00060988,33.8052,0.326815,-0.210435,-0.0213244,35.7,0,249.77,-30.9037,-0.205961,33.8052,0.00060988,0.005423805260387298,0.18335282158844468,-0.0267482052603873,-0.3937878215884447
8.54,0.5,0.00051637,33.7392,0.331176,-0.207878,-0.0174661,35.7,0,250.432,-31.0419,-0.205854,33.7392,0.00051637,0.004583709362146159,0.15465068691132167,-0.022049809362146157,-0.3625286869113217
8.56,0.5,0.00051637,33.7476,0.331897,-0.211375,-0.0172135,35.7,0,251.093,-31.1798,-0.205764,33.7476,0.00051637,0.004584789989859103,0.15472565866176907,-0.021798289989859103,-0.3661006586617691
8.58,0.401724,0.000414876,33.8132,0.324551,-0.217319,-0.019969,35.7,0,251.753,-31.3177,-0.205674,33.8132,0.000414876,0.003690415526240563,0.12478475827187742,-0.023659415526240565,-0.34210375827187745
8.6,0.191037,0.000197292,33.7918,0.311733,-0.222797,-0.0202476,35.7,0,252.415,-31.4558,-0.205613,33.7918,0.000197292,0.0017539051648383583,0.05926761254918484,-0.02200150516483836,-0.28206461254918486
8.62,-0.104034,-0.00010744,33.7796,0.297289,-0.224721,-0.0158403,35.7,0,253.077,-31.5938,-0.205601,33.7796,-0.00010744,-0.0009548038178216595,-0.03225289104448853,-0.014885496182178342,-0.19246810895551147
8.64,-0.285637,-0.000294988,33.7344,0.286496,-0.222903,-0.0176564,35.9569,0,253.738,-31.7318,-0.205643,33.7344,-0.000294988,-0.0026181943471719512,-0.08832321538523748,-0.015038205652828047,-0.1345797846147625
8.66,-0.505428,-0.000521976,33.6653,0.285034,-0.219528,-0.0201023,36.1,0,254.399,-31.8696,-0.205716,33.6653,-0.000521976,-0.0046238606068164986,-0.15566365448665948,-0.015478439393183501,-0.06386434551334053
8.68,-0.7,-0.000722917,33.6184,0.289755,-0.216424,-0.0196141,36.2,0,255.058,-32.0072,-0.20583,33.6184,-0.000722917,-0.006395421419478369,-0.2150038354485916,-0.01321867858052163,-0.0014201645514083927
8.7,-0.7,-0.000722917,33.6912,0.288882,-0.215762,-0.018111,36.2,0,255.716,-32.1446,-0.205971,33.6912,-0.000722917,-0.006408538595991744,-0.21591135554527704,-0.011702461404008255,0.00014935554527703565
8.72,-0.706032,-0.000729147,33.7443,0.277079,-0.219204,-0.0200241,36.3,0,256.376,-32.2825,-0.206103,33.7443,-0.000729147,-0.006473413674989828,-0.21844081307295926,-0.01355068632501017,-0.0007631869270407488
8.74,-0.8,-0.000826191,33.7394,0.261595,-0.224763,-0.0200704,36.3,0,257.037,-32.4207,-0.20624,33.7394,-0.000826191,-0.007333968287036378,-0.2474436896236352,-0.012736431712963622,0.022680689623635203
8.76,-0.9,-0.000929465,33.6487,0.251086,-0.228323,-0.0223351,36.4081,0,257.697,-32.5589,-0.2064,33.6487,-0.000929465,-0.00822970820008196,-0.27691898231209783,-0.01410539179991804,0.04859598231209783
8.78,-0.9,-0.000929465,33.6855,0.248083,-0.228012,-0.0217947,36.5973,0,258.356,-32.6969,-0.206574,33.6855,-0.000929465,-0.008238232836186797,-0.27750899220337033,-0.013556467163813203,0.04949699220337034
8.8,-0.9,-0.000929465,33.6778,0.252223,-0.225547,-0.0224472,36.6,0,259.015,-32.8351,-0.206743,33.6778,-0.000929465,-0.008236449273215408,-0.2773854913334939,-0.014210750726784592,0.051838491333493886
8.82,-1.0,-0.00103274,33.6786,0.260419,-0.225059,-0.023642,36.6035,0,259.675,-32.9735,-0.206917,33.6786,-0.00103274,-0.009151826666219,-0.30822070956092323,-0.014490173333781,0.08316170956092322
8.84,-1.0,-0.00103274,33.7234,0.264656,-0.231039,-0.0225588,36.7934,0,260.334,-33.1119,-0.20711,33.7234,-0.00103274,-0.009163355712663144,-0.3090195100404242,-0.013395444287336857,0.07798051004042422
8.86,-0.9,-0.000929465,33.8489,0.258938,-0.245705,-0.0214081,37.0081,0,260.994,-33.2507,-0.207293,33.8489,-0.000929465,-0.008276065875938883,-0.28013572622806765,-0.013132034124061116,0.03443072622806764
8.88,-0.9,-0.000929465,33.7897,0.248011,-0.267006,-0.0245259,37.2975,0,261.656,-33.3901,-0.207459,33.7897,-0.000929465,-0.008262362359445165,-0.2791827454169443,-0.016263537640554833,0.012176745416944301
8.9,-0.9,-0.000929465,33.7481,0.241686,-0.289625,-0.0260731,37.3053,0,262.318,-33.5294,-0.207629,33.7481,-0.000929465,-0.008252730524829397,-0.278513975024995,-0.0178203694751706,-0.011111024975005046
8.92,-0.894306,-0.000923585,33.7507,0.241771,-0.309168,-0.0228114,37.4,0,262.978,-33.6686,-0.207798,33.7507,-0.000923585,-0.008201120144227733,-0.276793545651787,-0.014610279855772266,-0.03237445434821301
8.94,-0.8,-0.000826191,33.776,0.242416,-0.324067,-0.0238825,37.4,0,263.639,-33.8079,-0.207962,33.776,-0.000826191,-0.007341501279938643,-0.24796654723120762,-0.01654099872006136,-0.07610045276879238
8.96,-0.9,-0.000929465,33.8201,0.240271,-0.333689,-0.0244251,37.5,0,264.3,-33.9474,-0.208113,33.8201,-0.000929465,-0.008269399788480887,-0.27967192778640243,-0.016155700211519117,-0.05401707221359758
8.98,-0.8961,-0.000925437,33.8426,0.236063,-0.338262,-0.0256156,37.5,0,264.962,-34.0872,-0.208287,33.8426,-0.000925437,-0.008238748260298839,-0.27882066187398946,-0.01737685173970116,-0.059441338126010546
9.0,-0.8,-0.000826191,33.8694,0.231533,-0.340115,-0.0256182,37.5,0,265.624,-34.2273,-0.208452,33.8694,-0.000826191,-0.007360718805387494,-0.2493031295071912,-0.018257481194612506,-0.09081187049280881
9.02,-0.8,-0.000826191,33.8741,0.231476,-0.341453,-0.024738,37.5,0,266.287,-34.3675,-0.208599,33.8741,-0.000826191,-0.007361685625699844,-0.2493704750535191,-0.017376314374300157,-0.09208252494648092
9.04,-0.8,-0.000826191,33.8565,0.241725,-0.342301,-0.0258171,37.5,0,266.95,-34.5079,-0.20875,33.8565,-0.000826191,-0.00735806507954297,-0.24911833036554654,-0.01845903492045703,-0.09318266963445349
9.06,-0.8,-0.000826191,33.7921,0.261574,-0.343168,-0.0226533,37.5,0,267.612,-34.6482,-0.208901,33.7921,-0.000826191,-0.007344814553562075,-0.248196707875425,-0.015308485446437925,-0.09497129212457497
9.08,-0.8,-0.000826191,33.8274,0.284623,-0.345815,-0.0236161,37.5,0,268.273,-34.7885,-0.209052,33.8274,-0.000826191,-0.007352078161583715,-0.24870168880315693,-0.016264021838416284,-0.09711331119684305
9.1,-0.8,-0.000826191,33.8563,0.305893,-0.349716,-0.0217729,37.5,0,268.935,-34.9289,-0.209203,33.8563,-0.000826191,-0.007358023935206885,-0.24911546575754484,-0.014414876064793115,-0.10060053424245519
9.12,-0.8,-0.000826191,33.9231,0.322672,-0.352957,-0.0213217,37.5,0,269.597,-35.0696,-0.209354,33.9231,-0.000826191,-0.007371763935489724,-0.2500730851600114,-0.013949936064510275,-0.1028839148399886
9.14,-0.8,-0.000826191,33.8217,0.333006,-0.355676,-0.0242779,37.5,0,270.261,-35.2107,-0.209506,33.8217,-0.000826191,-0.00735090536797136,-0.24862011608391693,-0.016926994632028642,-0.10705588391608306
9.16,-0.805068,-0.000831425,33.8054,0.338697,-0.35694,-0.0236101,37.5,0,270.923,-35.3514,-0.209657,33.8054,-0.000831425,-0.007394098883210094,-0.24996047038647048,-0.016216001116789905,-0.1069795296135295
9.18,-0.9,-0.000929465,33.8068,0.345515,-0.350885,-0.0237658,37.5,0,271.584,-35.4922,-0.209814,33.8068,-0.000929465,-0.00826632104003484,-0.27945786213624985,-0.01549947895996516,-0.07142713786375016
9.2,-0.910174,-0.000939972,33.8043,0.356032,-0.332881,-0.0219017,37.5,0,272.246,-35.6331,-0.209989,33.8043,-0.000939972,-0.00835918122536602,-0.28257626989664053,-0.01354251877463398,-0.05030473010335945
9.22,-1.0,-0.00103274,33.79,0.365618,-0.308161,-0.0212,37.5,0,272.907,-35.7741,-0.210165,33.79,-0.00103274,-0.00918049028928709,-0.31020876687501076,-0.01201950971071291,0.002047766875010737
9.24,-1.09507,-0.00113092,33.938,0.369745,-0.287897,-0.0217704,37.5,0,273.568,-35.9152,-0.210362,33.938,-0.00113092,-0.010094932337970887,-0.34260181368605597,-0.011675467662029112,0.05470481368605595
9.26,-1.3,-0.00134256,33.9581,0.371599,-0.278702,-0.0210636,37.5,0,274.232,-36.057,-0.210584,33.9581,-0.00134256,-0.011990813186807744,-0.4071852332789361,-0.009072786813192254,0.12848323327893607
9.28,-1.3,-0.00134256,33.854,0.37763,-0.280399,-0.0205747,37.5,0,274.896,-36.1991,-0.21084,33.854,-0.00134256,-0.011956021128863625,-0.40475913929654916,-0.008618678871136376,0.12436013929654915
9.3,-1.3,-0.00134256,33.8297,0.389073,-0.290261,-0.0246293,37.481,0,275.558,-36.3409,-0.211086,33.8297,-0.00134256,-0.011947897123386505,-0.4041937753150285,-0.012681402876613495,0.11393277531502849
9.32,-1.4,-0.00144583,33.7635,0.401432,-0.306753,-0.0196267,37.0,0,276.22,-36.4827,-0.211336,33.7635,-0.00144583,-0.012843093474570235,-0.43362778652865214,-0.006783606525429765,0.12687478652865214
9.34,-1.48501,-0.00153363,33.7839,0.408776,-0.330531,-0.0239403,37.0,0,276.88,-36.6245,-0.211609,33.7839,-0.00153363,-0.013630802381368054,-0.4605016645719002,-0.010309497618631947,0.1299706645719002
9.36,-1.61023,-0.00166295,33.8379,0.406187,-0.36125,-0.0257497,36.9,0,277.541,-36.7665,-0.211899,33.8379,-0.00166295,-0.014802557014007138,-0.5008874439842721,-0.010947142985992862,0.13963744398427208
9.38,-1.79809,-0.00185695,33.8911,0.392579,-0.394391,-0.0182689,36.9,0,278.202,-36.909,-0.212218,33.8911,-0.00185695,-0.016554027050922567,-0.5610341861855218,-0.001714872949077434,0.16664318618552182
9.4,-2.00973,-0.00207552,33.9262,0.374836,-0.423534,-0.0226334,36.9,0,278.865,-37.0519,-0.212577,33.9262,-0.00207552,-0.0185206389008371,-0.6283348994775796,-0.004112761099162903,0.20480089947757957
9.42,-2.3,-0.0023753,33.9014,0.363765,-0.444816,-0.0267622,36.8,0,279.528,-37.1952,-0.212981,33.9014,-0.0023753,-0.021181033130292584,-0.718066676563301,-0.005581166869707416,0.27325067656330104
9.44,-2.3,-0.0023753,33.8384,0.362299,-0.458683,-0.0251403,36.8,0,280.191,-37.3386,-0.21343,33.8384,-0.0023753,-0.021143774142497712,-0.7154714869434946,-0.003996525857502289,0.2567884869434946
9.46,-2.20443,-0.00227661,33.8452,0.364303,-0.468065,-0.0270443,36.8,0,280.852,-37.4822,-0.21386,33.8452,-0.00227661,-0.020269135330223058,-0.6860129390784654,-0.006775164669776942,0.21794793907846538
9.48,-2.4,-0.00247857,33.8516,0.364374,-0.474342,-0.0289693,36.8,0,281.514,-37.626,-0.214282,33.8516,-0.00247857,-0.02207118455615168,-0.7471449111210242,-0.006898115443848319,0.2728029111210242
9.5,-2.4,-0.00247857,33.8704,0.359647,-0.477255,-0.0269638,36.8,0,282.176,-37.7701,-0.214745,33.8704,-0.00247857,-0.022082787008589146,-0.7479528290957177,-0.004881012991410853,0.2706978290957177
9.52,-2.4,-0.00247857,33.8724,0.34691,-0.479428,-0.0301957,36.8,0,282.837,-37.9146,-0.215198,33.8724,-0.00247857,-0.022084021250122692,-0.7480388013926559,-0.008111678749877307,0.26861080139265586
9.54,-2.4,-0.00247857,33.9251,0.328377,-0.48516,-0.0308826,37.0748,0,283.499,-38.0595,-0.215652,33.9251,-0.00247857,-0.02211653922140063,-0.7503058047399386,-0.008766060778599368,0.2651458047399386
9.56,-2.4,-0.00247857,33.8906,0.313859,-0.494988,-0.0301967,37.2,0,284.162,-38.2048,-0.216107,33.8906,-0.00247857,-0.022095252300711778,-0.7488213576225026,-0.008101447699288222,0.2538333576225026
9.58,-2.4,-0.00247857,33.8449,0.309215,-0.507943,-0.0298197,37.2,0,284.824,-38.3503,-0.216561,33.8449,-0.00247857,-0.0220670493853557,-0.7468570797424252,-0.0077526506146443006,0.23891407974242518
9.6,-2.39262,-0.00247096,33.8722,0.310122,-0.525475,-0.031,37.2,0,285.485,-38.4959,-0.217014,33.8722,-0.00247096,-0.02201609294401855,-0.7457335034183851,-0.008983907055981451,0.22025850341838504
9.62,-2.4,-0.00247857,33.8941,0.311961,-0.547582,-0.0302342,37.2,0,286.147,-38.642,-0.217467,33.8941,-0.00247857,-0.022097412005031847,-0.7489718922397499,-0.008136787994968152,0.2013898922397499
9.64,-2.4,-0.00247857,33.8865,0.316388,-0.56967,-0.033146,37.2909,0,286.809,-38.7884,-0.217921,33.8865,-0.00247857,-0.022092722314958232,-0.7486450347258321,-0.01105327768504177,0.1789750347258321
9.66,-2.4,-0.00247857,33.9002,0.324216,-0.586242,-0.0327861,37.3,0,287.471,-38.9351,-0.218375,33.9002,-0.00247857,-0.022101175973908354,-0.749234285750688,-0.010684924026091645,0.16299228575068792
9.68,-2.30187,-0.00237723,33.9495,0.331311,-0.595552,-0.0296299,37.3,0,288.133,-39.0821,-0.218825,33.9495,-0.00237723,-0.021226705818612853,-0.720636049188997,-0.008403194181387148,0.12508404918899707
9.7,-2.4,-0.00247857,33.9198,0.334599,-0.599446,-0.0316811,37.3,0,288.795,-39.2297,-0.219261,33.9198,-0.00247857,-0.022113269287379746,-0.7500776715740636,-0.00956783071262025,0.15063167157406354
9.72,-2.4,-0.00247857,33.8961,0.334103,-0.59924,-0.0327123,37.3,0,289.458,-39.3774,-0.21972,33.8961,-0.00247857,-0.022098646105402384,-0.7490579182533297,-0.010613653894597615,0.14981791825332968
9.74,-2.4,-0.00247857,33.8874,0.328946,-0.59654,-0.0294232,37.3,0,290.119,-39.5253,-0.220174,33.8874,-0.00247857,-0.02209327768197363,-0.7486837381201131,-0.007329922318026372,0.15214373812011317
9.76,-2.30207,-0.00237743,33.9233,0.318656,-0.59693,-0.0296909,37.3,0,290.781,-39.6735,-0.220624,33.9233,-0.00237743,-0.02121298773731078,-0.7196145469091147,-0.008477912262689218,0.12268454690911479
9.78,-2.4,-0.00247857,33.9991,0.306508,-0.604084,-0.0330496,37.3,0,291.443,-39.8221,-0.22106,33.9991,-0.00247857,-0.022162186152146452,-0.7534943832054424,-0.010887413847853546,0.14941038320544242
9.8,-2.4,-0.00247857,34.0068,0.297811,-0.61448,-0.0287088,37.3,0,292.106,-39.9714,-0.22152,34.0068,-0.00247857,-0.022166934961466073,-0.7538265238475844,-0.006541865038533927,0.1393465238475844
9.82,-2.28995,-0.00236492,33.962,0.29867,-0.624516,-0.0330814,37.3,0,292.77,-40.121,-0.22197,33.962,-0.00236492,-0.02112414454629938,-0.7174181970814196,-0.011957255453700615,0.09290219708141967
9.84,-2.2,-0.00227203,33.9799,0.313866,-0.634176,-0.0320348,37.3,0,293.432,-40.2707,-0.222395,33.9799,-0.00227203,-0.02030454256263269,-0.6899463258240025,-0.011730257437367313,0.05577032582400254
9.86,-2.2,-0.00227203,33.8757,0.340411,-0.643003,-0.0275629,37.3,0,294.095,-40.4207,-0.222808,33.8757,-0.00227203,-0.020245613121837862,-0.6858343164314429,-0.0073172868781621395,0.04283131643144289
9.88,-2.2,-0.00227203,33.8,0.36714,-0.650464,-0.0340225,37.3,0,294.756,-40.5706,-0.223224,33.8,-0.00227203,-0.02020278302859009,-0.682854066366345,-0.013819716971409907,0.032390066366345005
9.9,-2.2,-0.00227203,33.8487,0.382566,-0.656278,-0.0341336,37.3,0,295.415,-40.7204,-0.223639,33.8487,-0.00227203,-0.020230338659640582,-0.6847706641885762,-0.013903261340359418,0.02849266418857621
9.92,-2.2,-0.00227203,33.9675,0.381363,-0.658965,-0.0283079,37.3,0,296.075,-40.8707,-0.224055,33.9675,-0.00227203,-0.020297531402024394,-0.6894563978982636,-0.008010368597975607,0.030491397898263606
9.94,-2.2,-0.00227203,34.0075,0.367061,-0.659523,-0.0305056,37.3,0,296.738,-41.0218,-0.224472,34.0075,-0.00227203,-0.02032014653850285,-0.6910373834081357,-0.01018545346149715,0.03151438340813573
9.96,-2.1936,-0.00226542,33.9679,0.350065,-0.663526,-0.0332465,36.9,0,297.401,-41.1733,-0.22489,33.9679,-0.00226542,-0.020238705257404028,-0.6874663163129743,-0.01300779474259597,0.02394031631297433
9.98,-2.09785,-0.00216653,33.9956,0.340507,-0.676194,-0.0294215,36.9,0,298.063,-41.325,-0.225301,33.9956,-0.00216653,-0.01937017767436619,-0.6585008121466833,-0.01005132232563381,-0.01769318785331664
10.0,-2.0,-0.00206548,33.9924,0.342344,-0.697668,-0.0322,36.8897,0,298.726,-41.477,-0.22569,33.9924,-0.00206548,-0.018465078084996745,-0.6276723202964434,-0.013734921915003254,-0.06999567970355658
10.02,-2.0,-0.00206548,33.9628,0.350649,-0.721997,-0.0296482,36.592,0,299.389,-41.6293,-0.226065,33.9628,-0.00206548,-0.018449863554786256,-0.6266090259384947,-0.011198336445213744,-0.09538797406150534
10.04,-2.0,-0.00206548,33.9822,0.352838,-0.740348,-0.0300178,36.5,0,300.051,-41.7817,-0.226444,33.9822,-0.00206548,-0.018459835486243536,-0.6273058214606251,-0.011557964513756465,-0.11304217853937493
10.06,-2.0,-0.00206548,34.013,0.339764,-0.748113,-0.0291953,35.993,0,300.713,-41.9344,-0.226823,34.013,-0.00206548,-0.018475665289093196,-0.6284128034779268,-0.010719634710906804,-0.1197001965220732
10.08,-2.00091,-0.00206642,34.0022,0.316772,-0.747078,-0.0304073,35.4,0,301.376,-42.0875,-0.227203,34.0022,-0.00206642,-0.01847852062144209,-0.6283103538743983,-0.011928779378557911,-0.11876764612560176
10.1,-2.1,-0.00216875,33.9733,0.296166,-0.740899,-0.0304155,35.0923,0,302.038,-42.2409,-0.227588,33.9733,-0.00216875,-0.019377990977003753,-0.6583343008590417,-0.011037509022996248,-0.08256469914095832
10.12,-2.09407,-0.00216263,33.9423,0.282145,-0.732714,-0.0304,34.7941,0,302.7,-42.3943,-0.227991,33.9423,-0.00216263,-0.019306622814316433,-0.6553111835503728,-0.011093377185683567,-0.07740281644962721
10.14,-2.0,-0.00206548,33.9631,0.271143,-0.724439,-0.0286528,34.4379,0,303.362,-42.5479,-0.228383,33.9631,-0.00206548,-0.018450017767036985,-0.6266197984236538,-0.010202782232963014,-0.09781920157634627
10.16,-2.1,-0.00216875,33.9737,0.259951,-0.715382,-0.0295876,34.1876,0,304.023,-42.7018,-0.228762,33.9737,-0.00216875,-0.019378206862768713,-0.6583493864936454,-0.010209393137231286,-0.05703261350635458
10.18,-2.1008,-0.00216958,33.9971,0.246281,-0.703929,-0.0292016,33.8,0,304.685,-42.856,-0.229165,33.9971,-0.00216958,-0.019398256521911204,-0.6594844668010674,-0.009803343478088797,-0.0444445331989326
10.2,-2.1,-0.00216875,34.0208,0.229279,-0.691071,-0.0274,33.6951,0,305.347,-43.0106,-0.229564,34.0208,-0.00216875,-0.01940362448913417,-0.6601268280199357,-0.007996375510865832,-0.030944171980064272
10.22,-2.1,-0.00216875,34.0033,0.213877,-0.680581,-0.0296699,33.5,0,306.01,-43.1656,-0.229963,34.0033,-0.00216875,-0.01939418124956871,-0.6594661632834597,-0.01027571875043129,-0.021114836716540242
10.24,-2.18803,-0.00225966,33.9488,0.206834,-0.675337,-0.0320563,33.5,0,306.672,-43.3208,-0.230366,33.9488,-0.00225966,-0.02017650520915645,-0.6849681400446105,-0.011879794790843553,0.00963114004461052
10.26,-2.2,-0.00227203,33.9385,0.206718,-0.674603,-0.034165,33.5,0,307.333,-43.476,-0.230785,33.9385,-0.00227203,-0.020281132690945097,-0.6883112218316401,-0.013883867309054904,0.01370822183164011
10.28,-2.09793,-0.00216661,33.9541,0.204945,-0.675761,-0.031,33.5,0,307.994,-43.6314,-0.231198,33.9541,-0.00216661,-0.019348517027820762,-0.6569614820143289,-0.011651482972179238,-0.018799517985671033
10.3,-2.01049,-0.00207631,33.9474,0.196794,-0.67692,-0.0327997,33.5,0,308.655,-43.7871,-0.231586,33.9474,-0.00207631,-0.018538644576919283,-0.6293387829105097,-0.014261055423080718,-0.04758121708949026
10.32,-2.1,-0.00216875,33.9325,0.184443,-0.676896,-0.0346995,33.5,0,309.316,-43.9431,-0.231967,33.9325,-0.00216875,-0.019355968434745827,-0.6567963989120127,-0.015343531565254174,-0.020099601087987362
10.34,-2.1,-0.00216875,33.9292,0.169865,-0.675195,-0.0343492,33.5,0,309.976,-44.0992,-0.232369,33.9292,-0.00216875,-0.0193541870098115,-0.6566720818932964,-0.014995012990188503,-0.01852291810670359
10.36,-2.0,-0.00206548,33.9358,0.152402,-0.672708,-0.0339816,33.5,0,310.637,-44.2556,-0.232762,33.9358,-0.00206548,-0.01843598353599796,-0.6256398500809196,-0.01554561646400204,-0.04706814991908037
10.38,-2.0,-0.00206548,33.9209,0.133078,-0.670296,-0.0334889,33.5,0,311.297,-44.4123,-0.233137,33.9209,-0.00206548,-0.018428323046166414,-0.6251053032167064,-0.015060576953833588,-0.04519069678329357
10.4,-2.0,-0.00206548,33.9081,0.114338,-0.667627,-0.0321686,33.5,0,311.957,-44.5692,-0.233515,33.9081,-0.00206548,-0.018421741782309518,-0.6246462625287293,-0.013746858217690481,-0.042980737471270625
10.42,-1.99057,-0.00205574,33.9127,0.0968222,-0.66499,-0.0317886,33.5,0,312.617,-44.7263,-0.233893,33.9127,-0.00205574,-0.018337225805853286,-0.6218648375861607,-0.013451374194146715,-0.043125162413839235
10.44,-1.9,-0.0019622,33.9743,0.0814768,-0.663313,-0.0334102,33.5,0,313.277,-44.8836,-0.234266,33.9743,-0.0019622,-0.017532930077856668,-0.5956690263441258,-0.015877269922143333,-0.06764397365587427
10.46,-1.9,-0.0019622,33.9908,0.0706932,-0.661412,-0.0315605,33.5,0,313.938,-45.0414,-0.234622,33.9908,-0.0019622,-0.01754098687806627,-0.596232176774975,-0.014019513121933728,-0.06517982322502502
10.48,-1.79848,-0.00185736,33.9561,0.0634781,-0.658223,-0.0327909,33.5,0,314.599,-45.1996,-0.234977,33.9561,-0.00185736,-0.016587733725470493,-0.5632547451554486,-0.016203166274529505,-0.0949682548445514
10.5,-1.7,-0.00175566,33.8981,0.055797,-0.657007,-0.0316192,33.4904,0,315.259,-45.3578,-0.235309,33.8981,-0.00175566,-0.015654121559084112,-0.5306449780219892,-0.015965078440915888,-0.12636202197801083
10.52,-1.7,-0.00175566,33.8554,0.0487726,-0.661635,-0.0344765,33.3897,0,315.918,-45.516,-0.235626,33.8554,-0.00175566,-0.01563545666178836,-0.5293446394675096,-0.01884104333821164,-0.13229036053249033
10.54,-1.7,-0.00175566,33.8233,0.0489001,-0.672644,-0.0299409,33.3,0,316.577,-45.6742,-0.235947,33.8233,-0.00175566,-0.015621422673982087,-0.5283680655288984,-0.014319477326017913,-0.14427593447110165
10.56,-1.58892,-0.00164094,33.9137,0.0556028,-0.690776,-0.0335329,33.3,0,317.235,-45.8324,-0.236263,33.9137,-0.00164094,-0.01463760576135024,-0.4964153705087036,-0.01889529423864976,-0.19436062949129634
10.58,-1.5,-0.00154911,34.1008,0.0560446,-0.717563,-0.0343181,33.3,0,317.894,-45.9913,-0.236554,34.1008,-0.00154911,-0.013890574511650142,-0.47367970330687914,-0.020427525488349856,-0.2438832966931208
10.6,-1.5,-0.00154911,34.0638,0.0411839,-0.751619,-0.0322173,33.3,0,318.557,-46.1512,-0.236836,34.0638,-0.00154911,-0.013876318134683176,-0.4726801256762208,-0.01834098186531682,-0.27893887432377923
10.62,-1.5,-0.00154911,33.8992,0.0219247,-0.789996,-0.0346944,33.3,0,319.219,-46.3111,-0.237121,33.8992,-0.00154911,-0.01381286553684658,-0.4682450914066696,-0.02088153446315342,-0.32175090859333044
10.64,-1.5,-0.00154911,33.8741,0.0164206,-0.829581,-0.0381388,33.3,0,319.878,-46.4705,-0.237405,33.8741,-0.00154911,-0.01380318515588967,-0.46757047428912224,-0.02433561484411033,-0.3620105257108778
10.66,-1.28953,-0.00133175,33.9079,0.0250344,-0.864787,-0.0332011,33.3157,0,320.537,-46.6299,-0.237678,33.9079,-0.00133175,-0.011877625192862125,-0.4027453272770496,-0.021323474807137872,-0.4620416727229504
10.68,-0.99738,-0.00103003,33.9277,0.0318002,-0.889925,-0.0318576,33.6,0,321.196,-46.7897,-0.237899,33.9277,-0.00103003,-0.009191716415904253,-0.3118537970438747,-0.02266588358409575,-0.5780712029561252
10.7,-0.9,-0.000929465,33.9152,0.0261118,-0.903315,-0.0338998,33.6,0,321.855,-46.9496,-0.238069,33.9152,-0.000929465,-0.008291408245868905,-0.28120476894029306,-0.025608391754131096,-0.6221102310597069
10.72,-0.9,-0.000929465,33.9426,0.0112559,-0.904883,-0.0315452,33.6,0,322.514,-47.1097,-0.238235,33.9426,-0.000929465,-0.008297747398861782,-0.2816471208606059,-0.02324745260113822,-0.6232358791393942
10.74,-0.9,-0.000929465,33.9879,-0.00350853,-0.893574,-0.02697,33.6,0,323.174,-47.2699,-0.238405,33.9879,-0.000929465,-0.008308225981449917,-0.2823791538349217,-0.018661774018550084,-0.6111948461650782
10.76,-0.89005,-0.00091919,33.9327,-0.0118558,-0.870224,-0.0301413,33.7,0,323.834,-47.4305,-0.238576,33.9327,-0.00091919,-0.008203752844452577,-0.27837548414495594,-0.021937547155547424,-0.591848515855044
10.78,-0.8,-0.000826191,33.8977,-0.0146921,-0.839089,-0.0262045,33.7,0,324.494,-47.5909,-0.23874,33.8977,-0.000826191,-0.007366539966424903,-0.24970876181988144,-0.018837960033575095,-0.5893802381801185
10.8,-0.685729,-0.00070818,33.9069,-0.0173666,-0.804205,-0.0282,33.7,0,325.153,-47.7513,-0.238881,33.9069,-0.00070818,-0.006315943881060642,-0.2141540775807351,-0.021884056118939357,-0.5900509224192648
10.82,-0.492707,-0.000508838,33.8983,-0.021192,-0.766873,-0.0258833,33.7,0,325.811,-47.9118,-0.238997,33.8983,-0.000508838,-0.004537011089276939,-0.15379696300763646,-0.021346288910723064,-0.6130760369923636
10.84,-0.4,-0.000413096,33.9174,-0.0225706,-0.728275,-0.0251291,33.7,0,326.47,-48.0723,-0.239076,33.9174,-0.000413096,-0.003685299673320793,-0.12499578313989067,-0.021443800326679207,-0.6032792168601093
10.86,-0.4,-0.000413096,33.9907,-0.022312,-0.692044,-0.0292,33.7,0,327.129,-48.233,-0.239148,33.9907,-0.000413096,-0.003692835825884806,-0.12552207470690266,-0.025507164174115193,-0.5665219252930973
10.88,-0.4,-0.000413096,33.9814,-0.0248694,-0.662667,-0.0279972,33.7,0,327.79,-48.394,-0.239224,33.9814,-0.000413096,-0.0036918798181032313,-0.12545524485089316,-0.024305320181896767,-0.5372117551491069
10.9,-0.4,-0.000413096,33.8938,-0.025528,-0.642898,-0.0307056,33.7,0,328.45,-48.5551,-0.239299,33.8938,-0.000413096,-0.003682872731269435,-0.12482655177909997,-0.027022727268730565,-0.5180714482209
10.92,-0.4,-0.000413096,33.8169,-0.0139705,-0.633975,-0.0303216,33.7,0,329.108,-48.7158,-0.239375,33.8169,-0.000413096,-0.003674962684609247,-0.12427584560916242,-0.026646637315390753,-0.5096991543908376
10.94,-0.4,-0.000413096,33.7908,0.00656268,-0.637163,-0.0299415,33.7,0,329.766,-48.8762,-0.239451,33.7908,-0.000413096,-0.0036722773339972945,-0.12408918893763576,-0.026269222666002706,-0.5130738110623643
10.96,-0.3,-0.000309822,33.7942,0.0202681,-0.652384,-0.0294859,33.7,0,330.422,-49.0365,-0.239521,33.7942,-0.000309822,-0.0027544703081279786,-0.09308512048693852,-0.02673142969187202,-0.5592988795130615
10.98,-0.3,-0.000309822,33.8585,0.0182394,-0.675349,-0.0270101,33.7,0,331.079,-49.1968,-0.239573,33.8585,-0.000309822,-0.002759431495648132,-0.09343021129540227,-0.024250668504351865,-0.5819187887045977
11.0,-0.3,-0.000309822,33.9277,0.0027578,-0.697524,-0.028152,33.7,0,331.736,-49.3575,-0.23963,33.9277,-0.000309822,-0.0027647690333229224,-0.09380225433187012,-0.02538723096667708,-0.6037217456681299
11.02,-0.297812,-0.000307562,33.9207,-0.0200346,-0.708644,-0.0265869,33.7,0,332.396,-49.5186,-0.239687,33.9207,-0.000307562,-0.002744065488445884,-0.09308062221392628,-0.023842834511554115,-0.6155633777860737
11.04,-0.106473,-0.000109959,33.8911,-0.0402986,-0.701242,-0.0258129,33.7,0,333.055,-49.6797,-0.239734,33.8911,-0.000109959,-0.0009802429659269314,-0.03322151238252623,-0.02483265703407307,-0.6680204876174738
11.06,0.0,0.0,33.8533,-0.0489827,-0.674883,-0.0273199,33.7,0,333.713,-49.8406,-0.23974,33.8533,0.0,0.0,0.0,-0.0273199,-0.674883
11.08,0.0,0.0,33.8445,-0.0493126,-0.634657,-0.0289836,33.7,0,334.371,-50.0014,-0.239735,33.8445,0.0,0.0,0.0,-0.0289836,-0.634657
11.1,0.0,0.0,33.8643,-0.0528589,-0.58715,-0.026594,33.7,0,335.028,-50.1621,-0.239735,33.8643,0.0,0.0,0.0,-0.026594,-0.58715
11.12,0.0,0.0,33.8643,-0.0616094,-0.540138,-0.0263191,33.7,0,335.686,-50.3229,-0.239735,33.8643,0.0,0.0,0.0,-0.0263191,-0.540138
11.14,0.0,0.0,33.8377,-0.0646287,-0.500656,-0.0295604,33.7,0,336.344,-50.4837,-0.239735,33.8377,0.0,0.0,0.0,-0.0295604,-0.500656
11.16,0.0,0.0,33.8353,-0.054771,-0.468845,-0.0295557,33.7,0,337.001,-50.6444,-0.239735,33.8353,0.0,0.0,0.0,-0.0295557,-0.468845
11.18,0.102554,0.000105911,33.8338,-0.0385384,-0.438495,-0.0271745,33.7,0,337.659,-50.8051,-0.23973,33.8338,0.000105911,0.0009426455113092874,0.03189327970053617,-0.02811714551130929,-0.4703882797005362
11.2,0.2,0.000206548,33.8043,-0.0254683,-0.406168,-0.0285891,33.7,0,338.316,-50.9658,-0.239701,33.8043,0.000206548,0.0018368330969296483,0.062092857058538904,-0.030425933096929647,-0.46826085705853887
11.22,0.2,0.000206548,33.7552,-0.0172699,-0.375745,-0.0305782,33.7,0,338.973,-51.1263,-0.239659,33.7552,0.000206548,0.0018343069282725321,0.061917397225224984,-0.03241250692827253,-0.437662397225225
11.24,0.2,0.000206548,33.7908,-0.0130513,-0.354632,-0.0281486,33.7,0,339.629,-51.2865,-0.239621,33.7908,0.000206548,0.001836138588665157,0.06204459182186658,-0.029984738588665155,-0.41667659182186656
11.26,0.407943,0.000421299,33.869,-0.0157951,-0.348843,-0.0256477,33.7,0,340.285,-51.4469,-0.239574,33.869,0.000421299,0.0037534036123454315,0.1271240269465274,-0.02940110361234543,-0.4759670269465274
11.28,0.6938,0.000716514,33.8512,-0.0261474,-0.358741,-0.0270124,33.7,0,340.943,-51.6076,-0.239473,33.8512,0.000716514,0.006380334695528055,0.2159819858452593,-0.03339273469552805,-0.5747229858452593
11.3,0.603444,0.0006232,33.7922,-0.0375284,-0.377964,-0.0262,33.7,0,341.601,-51.7681,-0.239333,33.7922,0.0006232,0.005540245300932934,0.1872170772581859,-0.03174024530093293,-0.5651810772581859
11.32,0.704479,0.000727543,33.7752,-0.0432945,-0.399769,-0.0258045,33.7,0,342.258,-51.9283,-0.239219,33.7752,0.000727543,0.006464773652971987,0.21834902308385945,-0.03226927365297199,-0.6181180230838594
11.34,0.992657,0.00102516,33.7764,-0.0426974,-0.421941,-0.0248881,33.7,0,342.914,-52.0883,-0.239067,33.7764,0.00102516,0.009109635384462501,0.30769068859975923,-0.033997735384462505,-0.7296316885997592
11.36,0.893006,0.000922243,33.761,-0.0378964,-0.442583,-0.0278601,33.7,0,343.57,-52.2482,-0.238871,33.761,0.000922243,0.008191570058313237,0.2765555967387132,-0.03605167005831324,-0.7191385967387132
11.38,0.79818,0.000824311,33.7556,-0.0317702,-0.457596,-0.0250146,33.7,0,344.226,-52.4079,-0.238712,33.7556,0.000824311,0.007320606665058658,0.24711147034305403,-0.03233520666505866,-0.704707470343054
11.4,0.809725,0.000836234,33.7903,-0.0282841,-0.465866,-0.0244055,33.7,0,344.882,-52.5675,-0.238566,33.7903,0.000836234,0.0074337216619939405,0.25118768507527384,-0.03183922166199394,-0.7170536850752738
11.42,0.889362,0.000918479,33.7976,-0.0279762,-0.470093,-0.0229362,33.7,0,345.539,-52.7271,-0.238409,33.7976,0.000918479,0.00816651092474994,0.2760084696303286,-0.031102710924749942,-0.7461014696303285
11.44,0.8,0.000826191,33.7212,-0.0259909,-0.470375,-0.0218356,33.7,0,346.196,-52.8867,-0.238241,33.7212,0.000826191,0.007330221879143971,0.24718387803098968,-0.02916582187914397,-0.7175588780309896
11.46,0.7,0.000722917,33.7085,-0.020574,-0.463074,-0.0204468,33.7,0,346.851,-53.0458,-0.2381,33.7085,0.000722917,0.0064116550537131715,0.21612727437809046,-0.026858455053713173,-0.6792012743780904
11.48,0.8,0.000826191,33.7535,-0.0166248,-0.446734,-0.0203743,33.7,0,347.506,-53.2048,-0.237968,33.7535,0.000826191,0.00733687049866225,0.24764505837659628,-0.02771117049866225,-0.6943790583765963
11.5,0.790656,0.000816542,33.7681,-0.0163999,-0.424592,-0.0169944,33.7,0,348.162,-53.3639,-0.237813,33.7681,0.000816542,0.007254153727304479,0.24495898847899036,-0.02424855372730448,-0.6695509884789904
11.52,0.690286,0.000712885,33.7786,-0.0166272,-0.400928,-0.0166583,33.7,0,348.819,-53.5229,-0.237669,33.7786,0.000712885,0.006335129874750172,0.21399181798723613,-0.02299342987475017,-0.6149198179872362
11.54,0.6,0.000619644,33.8151,-0.0166946,-0.378176,-0.0173813,33.7907,0,349.475,-53.6819,-0.237548,33.8151,0.000619644,0.005512166640210163,0.1863944661553707,-0.022893466640210164,-0.5645704661553708
11.56,0.609973,0.000629943,33.8054,-0.017587,-0.356901,-0.0169003,33.8,0,350.133,-53.841,-0.237438,33.8054,0.000629943,0.00560226162989256,0.18938669530316993,-0.02250256162989256,-0.5462876953031699
11.58,0.6932,0.000715894,33.7623,-0.0141931,-0.335384,-0.017536,33.8,0,350.79,-54.0,-0.237319,33.7623,0.000715894,0.006358962885151783,0.21469321261736005,-0.023894962885151784,-0.5500772126173601
11.6,0.6,0.000619644,33.7458,-0.00173923,-0.311564,-0.0194799,33.8,0,351.446,-54.1587,-0.237189,33.7458,0.000619644,0.005501470331686401,0.18565151751902298,-0.024981370331686403,-0.497215517519023
11.62,0.507982,0.000524613,33.7444,0.0144742,-0.287849,-0.019416,33.8,0,352.102,-54.3173,-0.237084,33.7444,0.000524613,0.004657560420436363,0.15716658185137278,-0.02407356042043636,-0.4450155818513728
11.64,0.691328,0.000713962,33.7674,0.0260458,-0.270921,-0.0183214,33.8,0,352.758,-54.4758,-0.236984,33.7674,0.000713962,0.006342708857054269,0.21417678705969434,-0.024664108857054272,-0.48509778705969436
11.66,0.59776,0.00061733,33.8172,0.0313244,-0.265148,-0.0212717,33.8,0,353.415,-54.6343,-0.23685,33.8172,0.00061733,0.00549190485164276,0.18572084474897355,-0.02676360485164276,-0.45086884474897354
11.68,0.5,0.00051637,33.8132,0.0330987,-0.267433,-0.0244,33.8,0,354.072,-54.7929,-0.236746,33.8132,0.00051637,0.004593227676033226,0.15531172605524668,-0.028993227676033226,-0.42274472605524666
11.7,0.50517,0.000521709,33.7833,0.0348269,-0.270758,-0.0185586,33.8,0,354.729,-54.9515,-0.236656,33.7833,0.000521709,0.004636834028575577,0.15664755503757727,-0.02319543402857558,-0.42740555503757727
11.72,0.6,0.000619644,33.7558,0.0411642,-0.272322,-0.0185981,33.8,0,355.386,-55.1099,-0.236556,33.7558,0.000619644,0.0055030140307088735,0.1857586410178026,-0.024101114030708873,-0.4580806410178026
11.74,0.514584,0.000531431,33.709,0.0548263,-0.272751,-0.02445,33.8,0,356.043,-55.2681,-0.236443,33.709,0.000531431,0.004713403957211615,0.15888413399364634,-0.029163403957211613,-0.4316351339936464
11.76,0.4,0.000413096,33.6979,0.0711306,-0.269589,-0.0228046,33.8,0,356.698,-55.426,-0.236355,33.6979,0.000413096,0.003662716396023853,0.12342585084157218,-0.026467316396023854,-0.39301485084157217
11.78,0.407015,0.000420341,33.7523,0.0805337,-0.260392,-0.0180982,33.8,0,357.353,-55.5838,-0.236285,33.7523,0.000420341,0.0037326515812836545,0.12598557596696028,-0.02183085158128365,-0.3863775759669603
11.8,0.495291,0.000511506,33.8,0.078916,-0.24836,-0.0228094,33.8,0,358.01,-55.7418,-0.236204,33.8,0.000511506,0.004548279668640505,0.15373185280004906,-0.027357679668640507,-0.40209185280004905
11.82,0.295114,0.000304776,33.7522,0.0718362,-0.237623,-0.0234534,33.8,0,358.667,-55.8999,-0.236116,33.7522,0.000304776,0.002706420251709491,0.0913476376197491,-0.02615982025170949,-0.3289706376197491
11.84,0.284712,0.000294033,33.7013,0.066639,-0.229675,-0.0195835,33.8,0,359.323,-56.0578,-0.23607,33.7013,0.000294033,0.0026072931444412637,0.08786916844875838,-0.022190793144441265,-0.3175441684487584
11.86,0.3,0.000309822,33.675,0.0654593,-0.227866,-0.020622,33.8,0,359.979,-56.2155,-0.236016,33.675,0.000309822,0.0027452691470626674,0.09244693852733532,-0.02336726914706267,-0.32031293852733533
11.88,0.201478,0.000208074,33.6399,0.0679766,-0.236375,-0.0204118,33.8,0,360.633,-56.3729,-0.235964,33.6399,0.000208074,0.0018418806846234328,0.06196068204266381,-0.022253680684623432,-0.2983356820426638
11.9,-0.111145,-0.000114784,33.654,0.0730233,-0.254131,-0.0211777,33.8,0,361.288,-56.5302,-0.235945,33.654,-0.000114784,-0.001016476675140345,-0.034208506025173176,-0.020161223324859655,-0.21992249397482683
11.92,-0.4,-0.000413096,33.7341,0.0749909,-0.276427,-0.0199592,33.8,0,361.942,-56.6876,-0.235994,33.7341,-0.000413096,-0.0036664424790579346,-0.12368413723278826,-0.016292757520942065,-0.15274286276721172
11.94,-0.313618,-0.000323885,33.7661,0.0682765,-0.299304,-0.0186817,33.8,0,362.598,-56.8454,-0.236079,33.7661,-0.000323885,-0.002877230294734662,-0.09715284585504008,-0.015804469705265337,-0.20215115414495993
11.96,-0.503627,-0.000520115,33.7107,0.0570326,-0.318292,-0.0200073,33.8,0,363.255,-57.0033,-0.236143,33.7107,-0.000520115,-0.004613259622435159,-0.15551621115402492,-0.01539404037756484,-0.1627757888459751
11.98,-0.698125,-0.000720981,33.6479,0.0505922,-0.329227,-0.0229475,33.8,0,363.91,-57.1611,-0.236256,33.6479,-0.000720981,-0.006383595879713878,-0.21479459580102458,-0.016563904120286122,-0.11443240419897541
12.0,-0.695446,-0.000718214,33.6606,0.0499752,-0.334387,-0.0225362,33.8,0,364.564,-57.3187,-0.236396,33.6606,-0.000718214,-0.0063613701557007655,-0.2141275362629812,-0.016174829844299233,-0.12025946373701879
12.02,-0.601461,-0.000621152,33.6701,0.0498839,-0.341734,-0.0200351,33.8,0,365.219,-57.4764,-0.236522,33.6701,-0.000621152,-0.005503142365995287,-0.1852913537772979,-0.014531957634004713,-0.15644264622270207
12.04,-0.785312,-0.000811023,33.6476,0.0502627,-0.355231,-0.0256419,33.8,0,365.874,-57.6342,-0.236639,33.6476,-0.000811023,-0.007180771193490583,-0.24161571681009372,-0.018461128806509415,-0.1136152831899063
12.06,-1.1,-0.00113601,33.7399,0.0528866,-0.371494,-0.0255708,33.8,0,366.528,-57.792,-0.23681,33.7399,-0.00113601,-0.010084326649317151,-0.3402441727152957,-0.01548647335068285,-0.031249827284704268
12.08,-0.999241,-0.00103196,33.7591,0.0526982,-0.387354,-0.0255909,33.9,0,367.184,-57.9504,-0.237028,33.7591,-0.00103196,-0.009165613373614679,-0.30942285844119527,-0.016425286626385323,-0.0779311415588047
12.1,-0.9,-0.000929465,33.6913,0.0461123,-0.404513,-0.0260326,33.9,0,367.84,-58.109,-0.237207,33.6913,-0.000929465,-0.008239576255692205,-0.2776020355034028,-0.017793023744307794,-0.12691096449659722
12.12,-1.0,-0.00103274,33.6665,0.0394312,-0.425866,-0.0326153,33.9,0,368.495,-58.2674,-0.237376,33.6665,-0.00103274,-0.009148712369140274,-0.308005124975661,-0.023466587630859726,-0.117860875024339
12.14,-1.0,-0.00103274,33.6882,0.0381815,-0.452259,-0.032258,33.9,0,369.149,-58.4258,-0.237569,33.6882,-0.00103274,-0.009154297384882175,-0.3083918011613877,-0.02310370261511783,-0.14386719883861232
12.16,-0.9,-0.000929465,33.7268,0.0392307,-0.482573,-0.0305978,34.0,0,369.804,-58.5844,-0.237752,33.7268,-0.000929465,-0.008247798094483958,-0.2781718367730415,-0.022350001905516045,-0.20440116322695845
12.18,-0.90863,-0.000938378,33.7517,0.0390633,-0.513507,-0.0315482,34.1086,0,370.46,-58.7434,-0.237917,33.7517,-0.000938378,-0.008332710795570639,-0.28124315495886154,-0.02321548920442936,-0.2322638450411385
12.2,-1.0,-0.00103274,33.751,0.0380173,-0.539966,-0.0305534,34.5085,0,371.116,-58.9025,-0.238093,33.751,-0.00103274,-0.009170457193964428,-0.3095121007534934,-0.021382942806035574,-0.23045389924650655
12.22,-0.980162,-0.00101225,33.7218,0.0368707,-0.559179,-0.0297223,34.8099,0,371.772,-59.0618,-0.238285,33.7218,-0.00101225,-0.008981147179544813,-0.3028604489591743,-0.02074115282045519,-0.2563185510408257
12.24,-0.8,-0.000826191,33.689,0.0390392,-0.573599,-0.02701,34.995,0,372.427,-59.221,-0.23846,33.689,-0.000826191,-0.007323592816763429,-0.24672451840394316,-0.01968640718323657,-0.3268744815960568
12.26,-0.807639,-0.000834081,33.6673,0.0503139,-0.585601,-0.0333236,35.1,0,373.082,-59.3802,-0.238602,33.6673,-0.000834081,-0.00738902140271836,-0.24876840027173983,-0.02593457859728164,-0.3368325997282602
12.28,-1.0,-0.00103274,33.6712,0.0686658,-0.592417,-0.0295907,35.1,0,373.736,-59.5394,-0.238763,33.6712,-0.00103274,-0.009149922076250809,-0.30808885621385623,-0.020440777923749192,-0.28432814378614374
12.3,-0.892946,-0.00092218,33.7285,0.0821266,-0.591493,-0.0266564,35.2,0,374.39,-59.6988,-0.238955,33.7285,-0.00092218,-0.008183543718763238,-0.27601865431830586,-0.018472856281236762,-0.3154743456816942
12.32,-0.8,-0.000826191,33.7645,0.08353,-0.585916,-0.0272637,35.2,0,375.046,-59.8585,-0.239114,33.7645,-0.000826191,-0.007339134498783258,-0.2478022067841673,-0.01992456550121674,-0.3381137932158327
12.34,-0.890527,-0.000919682,33.7347,0.0809116,-0.579798,-0.028,35.2,0,375.702,-60.0185,-0.239265,33.7347,-0.000919682,-0.008162796792700206,-0.27536950096270363,-0.019837203207299793,-0.3044284990372964
12.36,-1.0,-0.00103274,33.6961,0.087144,-0.573838,-0.0284332,35.2,0,376.357,-60.1784,-0.239442,33.6961,-0.00103274,-0.00915633049507983,-0.3085326279952595,-0.01927686950492017,-0.26530537200474047
12.38,-0.99773,-0.0010304,33.6832,0.104066,-0.567626,-0.0272,35.2,0,377.012,-60.3383,-0.239635,33.6832,-0.0010304,-0.009132271503465279,-0.3076041275055217,-0.01806772849653472,-0.2600218724944783
12.4,-0.8106,-0.000837138,33.6863,0.123621,-0.559839,-0.0254844,35.2,0,377.666,-60.4983,-0.239814,33.6863,-0.000837138,-0.00742006692877673,-0.2499546005828516,-0.018064333071223272,-0.3098843994171484
12.42,-1.01038,-0.00104346,33.6441,0.140189,-0.54678,-0.0266754,35.2,0,378.321,-60.6584,-0.239967,33.6441,-0.00104346,-0.009237851841858184,-0.31079921115266096,-0.017437548158141816,-0.23598078884733908
12.44,-1.00633,-0.00103928,33.6429,0.152907,-0.526758,-0.0257873,35.2,0,378.975,-60.8184,-0.240166,33.6429,-0.00103928,-0.009200535017631788,-0.30953267954468444,-0.01658676498236821,-0.2172253204553155
12.46,-1.0,-0.00103274,33.7322,0.159978,-0.503636,-0.0256957,35.3,0,379.628,-60.9785,-0.240354,33.7322,-0.00103274,-0.009165620055356193,-0.30917652883128616,-0.016530079944643804,-0.19445947116871382
12.48,-1.0,-0.00103274,33.7463,0.160671,-0.482603,-0.024591,35.4,0,380.283,-61.1391,-0.240542,33.7463,-0.00103274,-0.009169247950289365,-0.30942819210484995,-0.015421752049710634,-0.17317480789515005
12.5,-1.1,-0.00113601,33.6576,0.159476,-0.465793,-0.0246675,35.4,0,380.939,-61.3,-0.240735,33.6576,-0.00113601,-0.010061029054979239,-0.33863009152086926,-0.01460647094502076,-0.12716290847913075
12.52,-1.1,-0.00113601,33.6099,0.16093,-0.452811,-0.0265549,35.4,0,381.593,-61.4606,-0.240947,33.6099,-0.00113601,-0.010047521864941466,-0.3376962051284962,-0.016507378135058533,-0.11511479487150383
12.54,-1.1,-0.00113601,33.6352,0.165149,-0.442106,-0.023664,35.4,0,382.245,-61.621,-0.241153,33.6352,-0.00113601,-0.010054686440322645,-0.3381913893575402,-0.013609313559677356,-0.10391461064245983
12.56,-1.00524,-0.00103815,33.6751,0.171657,-0.432341,-0.0225886,35.4,0,382.899,-61.7818,-0.241355,33.6751,-0.00103815,-0.009198862939282263,-0.30977262936662414,-0.013389737060717737,-0.12256837063337583
12.58,-1.20881,-0.00124839,33.7178,0.179825,-0.423658,-0.0271912,35.4,0,383.553,-61.9428,-0.241549,33.7178,-0.00124839,-0.011075047533394519,-0.3734262377214897,-0.016116152466605478,-0.050231762278510284
12.6,-1.5,-0.00154911,33.7469,0.185066,-0.417232,-0.025743,35.5,0,384.207,-62.1042,-0.2418,33.7469,-0.00154911,-0.013754109597298966,-0.46415856116908843,-0.011988890402701033,0.04692656116908844
12.62,-1.4,-0.00144583,33.7327,0.184455,-0.415863,-0.0222063,35.5,0,384.863,-62.2659,-0.242092,33.7327,-0.00144583,-0.012831999320036785,-0.4328579834630049,-0.009374300679963216,0.01699498346300493
12.64,-1.4,-0.00144583,33.698,0.184235,-0.423447,-0.025503,35.5,0,385.518,-62.4278,-0.242351,33.698,-0.00144583,-0.01281949841923472,-0.4319914577313716,-0.012683501580765281,0.00854445773137158
12.66,-1.50661,-0.00155594,33.6639,0.190871,-0.439535,-0.0276809,35.5,0,386.172,-62.5896,-0.242619,33.6639,-0.00155594,-0.013782571312188475,-0.46397510239638157,-0.013898328687811526,0.024440102396381558
12.68,-1.59572,-0.00164796,33.6636,0.199236,-0.45814,-0.0243743,35.5,0,386.826,-62.7515,-0.242911,33.6636,-0.00164796,-0.014597565930371816,-0.4914066204536647,-0.009776734069628186,0.033266620453664686
12.7,-1.5104,-0.00155985,33.7033,0.200237,-0.473765,-0.0261477,35.5,0,387.479,-62.9135,-0.243211,33.7033,-0.00155985,-0.013832522093567563,-0.46620164187613566,-0.012315177906432436,-0.007563358123864328
12.72,-1.60641,-0.001659,33.7519,0.193623,-0.482963,-0.0292,35.5,0,388.133,-63.0759,-0.243496,33.7519,-0.001659,-0.014731860083057735,-0.4972282683373564,-0.014468139916942265,0.014265268337356418
12.74,-1.8,-0.00185893,33.7558,0.184928,-0.484373,-0.0277884,35.5,0,388.789,-63.2388,-0.243813,33.7558,-0.00185893,-0.016509041233674727,-0.5572758940756773,-0.011279358766325274,0.07290289407567735
12.76,-1.8,-0.00185893,33.7197,0.177277,-0.484653,-0.0277865,35.6,0,389.444,-63.4019,-0.244161,33.7197,-0.00185893,-0.016492321925519932,-0.5561161476319545,-0.011294178074480066,0.0714631476319545
12.78,-1.60247,-0.00165493,33.6735,0.173038,-0.49592,-0.0293951,35.6,0,390.098,-63.5651,-0.24449,33.6735,-0.00165493,-0.014663389293545116,-0.4937676393761914,-0.014731710706454884,-0.0021523606238086357
12.8,-1.7,-0.00175566,33.6103,0.175931,-0.521222,-0.0297772,35.6,0,390.752,-63.7282,-0.244787,33.6103,-0.00175566,-0.015528245046982291,-0.5219089745025889,-0.01424895495301771,0.0006869745025889218
12.82,-1.7,-0.00175566,33.664,0.183883,-0.551497,-0.0292388,35.6,0,391.404,-63.8912,-0.24511,33.664,-0.00175566,-0.015551745290366936,-0.5235339534549126,-0.013687054709633063,-0.02796304654508741
12.84,-1.7,-0.00175566,33.7955,0.186165,-0.577594,-0.0302273,35.6,0,392.057,-64.0547,-0.24543,33.7955,-0.00175566,-0.015609266874561264,-0.5275229786592351,-0.014618033125438735,-0.05007102134076491
12.86,-1.69863,-0.00175424,33.8035,0.175704,-0.596,-0.0291938,35.6,0,392.713,-64.219,-0.245751,33.8035,-0.00175424,-0.015600137285412737,-0.5273392407274494,-0.013593662714587262,-0.06866075927255055
12.88,-1.6,-0.00165238,33.7248,0.159458,-0.606492,-0.028055,35.6,0,393.368,-64.3836,-0.246066,33.7248,-0.00165238,-0.01466191816736055,-0.4944702578106011,-0.01339308183263945,-0.11202174218939892
12.9,-1.69741,-0.00175298,33.673,0.150195,-0.61215,-0.0316532,35.6,0,394.022,-64.548,-0.246368,33.673,-0.00175298,-0.015531937620425247,-0.5230069354925794,-0.01612126237957475,-0.0891430645074206
12.92,-1.59776,-0.00165007,33.6763,0.152839,-0.617,-0.0291463,35.6,0,394.676,-64.7124,-0.246687,33.6763,-0.00165007,-0.014621478966677579,-0.4923973121255241,-0.014524821033322421,-0.12460268787447587
12.94,-1.58506,-0.00163695,33.6822,0.163203,-0.62146,-0.0271402,35.6,0,395.329,-64.877,-0.246982,33.6822,-0.00163695,-0.014507627675031224,-0.4886488168759367,-0.012632572324968776,-0.13281118312406331
12.96,-1.6,-0.00165238,33.6988,0.17368,-0.624036,-0.031,35.6,0,395.982,-65.0418,-0.24728,33.6988,-0.00165238,-0.014651213199253445,-0.493728303359002,-0.016348786800746556,-0.13030769664099806
12.98,-1.6,-0.00165238,33.7436,0.177133,-0.623657,-0.0311986,35.6,0,396.635,-65.2068,-0.247582,33.7436,-0.00165238,-0.014669657849927424,-0.49500706662481103,-0.016528942150072577,-0.12864993337518899
13.0,-1.6,-0.00165238,33.7477,0.171966,-0.618559,-0.0286645,35.6,0,397.29,-65.3723,-0.247883,33.7477,-0.00165238,-0.01467134566654507,-0.4951241721508631,-0.01399315433345493,-0.1234348278491369
13.02,-1.6,-0.00165238,33.6678,0.164538,-0.608383,-0.0294895,35.6,0,397.944,-65.538,-0.248184,33.6678,-0.00165238,-0.014638447837244998,-0.4928443340947971,-0.014851052162755,-0.1155386659052029
13.04,-1.6,-0.00165238,33.6293,0.161115,-0.595822,-0.0310602,35.6,0,398.597,-65.7035,-0.248485,33.6293,-0.00165238,-0.01462259143902325,-0.49174751428034463,-0.01643760856097675,-0.10407448571965533
13.06,-1.7,-0.00175566,33.6581,0.159364,-0.582533,-0.0292432,35.6,0,399.249,-65.8691,-0.24879,33.6581,-0.00175566,-0.015549163622675737,-0.5233553041283822,-0.013694036377324264,-0.05917769587161781
13.08,-1.6,-0.00165238,33.7248,0.153359,-0.567788,-0.0256993,35.6,0,399.901,-66.0349,-0.24911,33.7248,-0.00165238,-0.01466191816736055,-0.4944702578106011,-0.011037381832639451,-0.07331774218939885
13.1,-1.6,-0.00165238,33.7754,0.143434,-0.551987,-0.0263842,35.6,0,400.555,-66.2013,-0.249406,33.7754,-0.00165238,-0.01468274784855202,-0.49591568168398387,-0.01170145215144798,-0.05607131831601614
13.12,-1.69846,-0.00175407,33.7794,0.135478,-0.536997,-0.0269938,35.6,0,401.209,-66.3682,-0.249713,33.7794,-0.00175407,-0.015588096195714087,-0.5265565366335044,-0.011405703804285912,-0.010440463366495512
13.14,-1.7,-0.00175566,33.7639,0.134768,-0.525463,-0.0254818,35.6,0,401.864,-66.5352,-0.250038,33.7639,-0.00175566,-0.015595447515504538,-0.5265631303687437,-0.00988635248449546,0.0011001303687436792
13.16,-1.7,-0.00175566,33.7469,0.14437,-0.521522,-0.0259291,35.6,0,402.518,-66.7024,-0.250358,33.7469,-0.00175566,-0.01558801218117099,-0.5260470882767592,-0.01034108781882901,0.004525088276759126
13.18,-1.79868,-0.00185757,33.7074,0.163334,-0.526814,-0.029207,35.6,0,403.172,-66.8698,-0.250683,33.7074,-0.00185757,-0.01647456295402918,-0.5553146833166431,-0.01273243704597082,0.028500683316643127
13.2,-1.8,-0.00185893,33.7113,0.182999,-0.536589,-0.0261098,35.6,0,403.825,-67.0371,-0.251026,33.7113,-0.00185893,-0.016488431144292114,-0.5558464488345748,-0.009621368855707885,0.01925744883457481
13.22,-1.8,-0.00185893,33.738,0.192317,-0.544745,-0.0271729,35.6,0,404.478,-67.2047,-0.251365,33.738,-0.00185893,-0.016500797726781636,-0.5567039137061588,-0.010672102273218364,0.011958913706158758
13.24,-1.88265,-0.00194428,33.7264,0.189963,-0.549999,-0.0275041,35.6,0,405.132,-67.3727,-0.251708,33.7264,-0.00194428,-0.017252789899514648,-0.5818744932669908,-0.010251310100485352,0.031875493266990795
13.26,-2.0,-0.00206548,33.7501,0.183837,-0.555131,-0.028767,35.6,0,405.785,-67.5408,-0.252072,33.7501,-0.00206548,-0.018340470838637987,-0.618992724851116,-0.010426529161362014,0.06386172485111596
13.28,-2.1,-0.00216875,33.773,0.178271,-0.564359,-0.029568,35.6,0,406.439,-67.7093,-0.252459,33.773,-0.00216875,-0.019269833772507145,-0.6508000959988839,-0.010298166227492855,0.08644109599888383
13.3,-2.1,-0.00216875,33.7733,0.171585,-0.580453,-0.0298629,35.6,0,407.093,-67.8781,-0.25286,33.7733,-0.00216875,-0.01926999584341814,-0.6508113506185138,-0.010592904156581862,0.07035835061851381
13.32,-2.1,-0.00216875,33.7559,0.165253,-0.601531,-0.027514,35.6,0,407.747,-68.0473,-0.253255,33.7559,-0.00216875,-0.019260595343996517,-0.650158730372412,-0.008253404656003483,0.04862773037241197
13.34,-2.27928,-0.0023539,33.7259,0.163804,-0.624195,-0.0281513,35.6,0,408.401,-68.2166,-0.25366,33.7259,-0.0023539,-0.020887318610433917,-0.7044436187236333,-0.0072639813895660835,0.0802486187236332
13.36,-2.3,-0.0023753,33.7461,0.166015,-0.648246,-0.0321759,35.6946,0,409.054,-68.386,-0.254098,33.7461,-0.0023753,-0.021089166340241716,-0.711677116234431,-0.011086733659758284,0.06343111623443098
13.38,-2.3,-0.0023753,33.7896,0.165647,-0.673281,-0.0290873,35.7,0,409.707,-68.5558,-0.254532,33.7896,-0.0023753,-0.021114905434253383,-0.7134642086612482,-0.007972394565746617,0.04018320866124814
13.4,-2.3,-0.0023753,33.7427,0.16028,-0.695387,-0.0310168,35.7,0,410.361,-68.7261,-0.254966,33.7427,-0.0023753,-0.02108715432211644,-0.7115375221448784,-0.00992964567788356,0.016150522144878443
13.42,-2.3,-0.0023753,33.6411,0.153285,-0.710632,-0.0346,35.7,0,411.014,-68.8965,-0.2554,33.6411,-0.0023753,-0.021027015326953974,-0.7073719253155913,-0.013572984673046025,-0.003260074684408698
13.44,-2.3,-0.0023753,33.6244,0.148291,-0.717489,-0.0330701,35.7,0,411.665,-69.0666,-0.255832,33.6244,-0.0023753,-0.02101712747098737,-0.7066883009354678,-0.012052972529012627,-0.010800699064532293
13.46,-2.3,-0.0023753,33.7125,0.146136,-0.716613,-0.0288536,35.7,0,412.315,-69.2369,-0.256263,33.7125,-0.0023753,-0.021069281424230802,-0.7102981500143809,-0.007784318575769198,-0.006314849985619153
13.48,-2.3,-0.0023753,33.7535,0.146168,-0.710452,-0.0325214,35.7,0,412.968,-69.4079,-0.256696,33.7535,-0.0023753,-0.021093545324842786,-0.711980982122081,-0.011427854675157213,0.0015289821220810795
13.5,-2.3,-0.0023753,33.7775,0.146885,-0.700224,-0.0314002,35.7,0,413.621,-69.5795,-0.25713,33.7775,-0.0023753,-0.0211077463649013,-0.7129669028404537,-0.010292453635098703,0.012742902840453763
13.52,-2.2,-0.00227203,33.7897,0.147349,-0.68568,-0.0280097,35.7,0,414.274,-69.7514,-0.257559,33.7897,-0.00227203,-0.02019695421283459,-0.682449023765417,-0.007812745787165409,-0.003230976234582905
13.54,-2.2,-0.00227203,33.7214,0.151083,-0.66955,-0.0294069,35.7,0,414.927,-69.9237,-0.257969,33.7214,-0.00227203,-0.020158295631775864,-0.6797659503173666,-0.009248604368224136,0.010215950317366662
13.56,-2.2,-0.00227203,33.6732,0.163191,-0.656003,-0.0322,35.7,0,415.58,-70.0959,-0.258383,33.6732,-0.00227203,-0.020131006244675703,-0.677875399478214,-0.012068993755324296,0.021872399478213955
13.58,-2.19912,-0.00227112,33.6984,0.180102,-0.645442,-0.0316105,35.7,0,416.231,-70.2681,-0.258797,33.6984,-0.00227112,-0.02013720584151985,-0.6785916173298725,-0.011473294158480151,0.03314961732987254
13.6,-2.09987,-0.00216862,33.769,0.189764,-0.636634,-0.031635,35.7,0,416.882,-70.4408,-0.259206,33.769,-0.00216862,-0.019266517851216663,-0.6506110413177355,-0.01236848214878334,0.013977041317735472
13.62,-2.00148,-0.00206701,33.8153,0.185712,-0.630506,-0.0326119,35.7,0,417.535,-70.614,-0.259592,33.8153,-0.00206701,-0.01838762601195665,-0.6217830898821177,-0.014224273988043348,-0.008722910117882288
13.64,-2.1,-0.00216875,33.7854,0.173924,-0.628685,-0.0339013,35.7,0,418.189,-70.7877,-0.25997,33.7854,-0.00216875,-0.019276532508506087,-0.6512653614128816,-0.014624767491493915,0.022580361412881556
13.66,-2.09815,-0.00216684,33.7444,0.163691,-0.632473,-0.0345852,35.7,0,418.842,-70.9616,-0.260371,33.7444,-0.00216684,-0.019237424712170194,-0.6491553544573558,-0.01534777528782981,0.016682354457355886
13.68,-2.0,-0.00206548,33.7418,0.15898,-0.642099,-0.0314388,35.3065,0,419.494,-71.1354,-0.260761,33.7418,-0.00206548,-0.018336199832904698,-0.6186963875219037,-0.013102600167095305,-0.023402612478096274
13.7,-2.0,-0.00206548,33.7401,0.159725,-0.653937,-0.0331456,35.2039,0,420.146,-71.3096,-0.261133,33.7401,-0.00206548,-0.018335325027574075,-0.618635699962852,-0.014810274972425923,-0.03530130003714804
13.72,-2.09866,-0.00216737,33.7622,0.16369,-0.662779,-0.0326107,35.1987,0,420.798,-71.4839,-0.261515,33.7622,-0.00216737,-0.019251741126431157,-0.649981134258794,-0.013358958873568843,-0.012797865741206005
13.74,-2.0,-0.00206548,33.8156,0.166328,-0.66711,-0.0328953,35.1,0,421.45,-71.6586,-0.26191,33.8156,-0.00206548,-0.018374169781677382,-0.6213335756692897,-0.01452113021832262,-0.045776424330710275
13.76,-2.0,-0.00206548,33.8357,0.16542,-0.667081,-0.031,35.1,0,422.103,-71.8339,-0.262283,33.8357,-0.00206548,-0.018384508853311297,-0.6220527262079851,-0.012615491146688702,-0.045028273792014906
13.78,-2.0,-0.00206548,33.7938,0.16504,-0.660168,-0.031,35.1,0,422.757,-72.0095,-0.262661,33.7938,-0.00206548,-0.018362955129622858,-0.6205540330594489,-0.012637044870377142,-0.03961396694055108
13.8,-2.0,-0.00206548,33.7651,0.169577,-0.644424,-0.0312847,35.1,0,423.409,-72.1851,-0.263038,33.7651,-0.00206548,-0.01834818909138563,-0.6195284394895448,-0.01293651090861437,-0.02489556051045516
13.82,-2.0,-0.00206548,33.7722,0.177269,-0.623237,-0.0306486,35.1,0,424.062,-72.3608,-0.263415,33.7722,-0.00206548,-0.018351842203549126,-0.6197820852667018,-0.012296757796450876,-0.0034549147332982866
13.84,-2.0,-0.00206548,33.7763,0.184404,-0.6029,-0.031,35.0206,0,424.714,-72.5368,-0.263792,33.7763,-0.00206548,-0.01835395169036618,-0.6199285784793153,-0.012646048309633819,0.01702857847931527
13.86,-2.0,-0.00206548,33.7858,0.190251,-0.588074,-0.0311734,35.0,0,425.366,-72.7131,-0.264169,33.7858,-0.00206548,-0.018358839365760313,-0.6202680750437048,-0.012814560634239688,0.03219407504370486
13.88,-2.09343,-0.00216197,33.8229,0.194062,-0.580965,-0.0297548,35.0,0,426.018,-72.8897,-0.264551,33.8229,-0.00216197,-0.019236462063617513,-0.6506329327315288,-0.010518337936382488,0.06966793273152883
13.9,-2.0,-0.00206548,33.85,0.194438,-0.581717,-0.0273146,35.0,0,426.671,-73.0667,-0.264946,33.85,-0.00206548,-0.018391863901555196,-0.6225645930676434,-0.008922736098444805,0.040847593067643406
13.92,-2.1,-0.00216875,33.8109,0.194514,-0.588752,-0.0285504,35.0,0,427.324,-73.2441,-0.265325,33.8109,-0.00216875,-0.019290306878594777,-0.6522226368414801,-0.009260093121405223,0.06347063684148002
13.94,-2.1,-0.00216875,33.7484,0.200154,-0.600106,-0.0302017,35.0,0,427.977,-73.4215,-0.265726,33.7484,-0.00216875,-0.019256543162000893,-0.6498775212484709,-0.010945156837999109,0.04977152124847084
13.96,-2.1,-0.00216875,33.7514,0.210212,-0.614577,-0.0295955,35.0,0,428.628,-73.5989,-0.266121,33.7514,-0.00216875,-0.019258164052332633,-0.6499899981958995,-0.010337335947667368,0.03541299819589949
13.98,-2.1,-0.00216875,33.7962,0.215679,-0.631207,-0.0289935,35.0,0,429.28,-73.7766,-0.266517,33.7962,-0.00216875,-0.019282366565790014,-0.6516707169307524,-0.009711133434209984,0.02046371693075244
14.0,-2.1,-0.00216875,33.8095,0.211144,-0.647975,-0.0295729,35.0,0,429.932,-73.9548,-0.266913,33.8095,-0.00216875,-0.019289550682542476,-0.6521700638014198,-0.010283349317457523,0.004195063801419874
14.02,-2.2,-0.00227203,33.7907,0.200169,-0.662771,-0.0287549,35.0,0,430.584,-74.1333,-0.267314,33.7907,-0.00227203,-0.02019752012994352,-0.6824883434548825,-0.008557379870056479,0.01971734345488252
14.04,-2.2,-0.00227203,33.7888,0.187843,-0.675361,-0.0284284,35.0,0,431.236,-74.3119,-0.267734,33.7888,-0.00227203,-0.020196444885107738,-0.6824136369339284,-0.008231955114892262,0.007052636933928436
14.06,-2.1,-0.00216875,33.7827,0.176887,-0.68511,-0.0296,35.0,0,431.887,-74.4908,-0.268144,33.7827,-0.00216875,-0.019275073946802942,-0.6511640406226598,-0.01032492605319706,-0.03394595937734024
14.08,-2.2,-0.00227203,33.735,0.171343,-0.688561,-0.0278389,35.0,0,432.539,-74.67,-0.26854,33.735,-0.00227203,-0.0201659943994205,-0.6802998210644505,-0.0076729056005795,-0.008261178935549451
14.1,-2.2,-0.00227203,33.7579,0.173204,-0.683428,-0.0293082,35.0,0,433.189,-74.8491,-0.268959,33.7579,-0.00227203,-0.02017895662862998,-0.681199199973628,-0.00912924337137002,-0.0022288000263720464
14.12,-2.2,-0.00227203,33.8464,0.176074,-0.671799,-0.0300532,35.284,0,433.84,-75.0287,-0.269374,33.8464,-0.00227203,-0.020229037409822587,-0.6846800917878193,-0.009824162590177411,0.012881091787819265
14.14,-2.2,-0.00227203,33.8623,0.172822,-0.657069,-0.0273537,35.3787,0,434.493,-75.209,-0.26979,33.8623,-0.00227203,-0.020238032711448112,-0.6853063350848694,-0.00711566728855189,0.028237335084869364
14.16,-2.2,-0.00227203,33.7928,0.167252,-0.642645,-0.0271411,35.4,0,435.146,-75.3896,-0.270206,33.7928,-0.00227203,-0.020198708547006134,-0.6825709181872689,-0.006942391452993867,0.03992591818726887
14.18,-2.2,-0.00227203,33.7681,0.168107,-0.633298,-0.03128,35.4,0,435.797,-75.5702,-0.270621,33.7681,-0.00227203,-0.020184729738577368,-0.6815999722852544,-0.011095270261422634,0.048301972285254346
14.2,-2.2,-0.00227203,33.7951,0.175615,-0.631767,-0.0294897,35.4,0,436.448,-75.7509,-0.271035,33.7951,-0.00227203,-0.02020001013286285,-0.6826613624411133,-0.00928968986713715,0.05089436244111334
14.22,-2.2,-0.00227203,33.8014,0.183265,-0.636816,-0.0292151,35.4,0,437.099,-75.932,-0.27145,33.8014,-0.00227203,-0.020203575272497717,-0.6829091292158044,-0.009011524727502284,0.04609312921580433
14.24,-2.2,-0.00227203,33.7858,0.186966,-0.648235,-0.031204,35.4,0,437.75,-76.1134,-0.271866,33.7858,-0.00227203,-0.020194747110084857,-0.682295686911905,-0.011009252889915142,0.034060686911905
14.26,-2.3,-0.0023753,33.8122,0.185541,-0.667519,-0.0334169,35.4929,0,438.401,-76.295,-0.272285,33.8122,-0.0023753,-0.02112827580250858,-0.7143934870895805,-0.01228862419749142,0.04687448708958053
14.28,-2.3,-0.0023753,33.8577,0.179149,-0.692557,-0.0304386,35.5,0,439.052,-76.477,-0.272724,33.8577,-0.0023753,-0.02115518960689211,-0.716266063153271,-0.009283410393107889,0.023709063153271037
14.3,-2.3,-0.0023753,33.8425,0.170612,-0.717535,-0.0327128,35.5,0,439.704,-76.6595,-0.273159,33.8425,-0.0023753,-0.021146199278189934,-0.7156402490721429,-0.011566600721810066,-0.0018947509278571806
14.32,-2.39234,-0.00247066,33.7922,0.16277,-0.736441,-0.0343693,35.5,0,440.356,-76.8423,-0.273598,33.7922,-0.00247066,-0.021964198547171108,-0.7422185901457156,-0.01240510145282889,0.00577759014571555
14.34,-2.4,-0.00247857,33.7775,0.155175,-0.743862,-0.0347683,35.6,0,441.007,-77.0251,-0.274054,33.7775,-0.00247857,-0.02202544337521201,-0.7439644136062237,-0.012742856624787992,0.00010241360622365026
14.36,-2.2,-0.00227203,33.7982,0.147661,-0.736743,-0.032509,35.6,0,441.657,-77.208,-0.274497,33.7982,-0.00227203,-0.020201764421433933,-0.6827832742685084,-0.01230723557856607,-0.05395972573149166
14.38,-2.2,-0.00227203,33.8427,0.14403,-0.717605,-0.0318012,35.6,0,442.308,-77.3914,-0.274903,33.8427,-0.00227203,-0.0202269440646229,-0.6845343998958134,-0.0115742559353771,-0.03307060010418661
14.4,-2.3974,-0.00247589,33.8765,0.147689,-0.693219,-0.0336913,35.6,0,442.959,-77.5753,-0.275328,33.8765,-0.00247589,-0.02206266981509788,-0.7474060339911633,-0.011628630184902119,0.054187033991163314
14.42,-2.3,-0.0023753,33.8655,0.156583,-0.670529,-0.0326182,35.6985,0,443.611,-77.7596,-0.275786,33.8655,-0.0023753,-0.02115980280920854,-0.7165873020352517,-0.011458397190791461,0.04605830203525163
14.44,-2.01689,-0.00208292,33.8347,0.166394,-0.654452,-0.0329298,35.7,0,444.263,-77.9442,-0.276203,33.8347,-0.00208292,-0.018539221264610804,-0.6272689897217271,-0.014390578735389199,-0.027183010278272968
14.46,-2.00145,-0.00206698,33.7829,0.175765,-0.645739,-0.0317913,35.7,0,444.914,-78.1289,-0.27657,33.7829,-0.00206698,-0.01837067893621689,-0.6206148094343216,-0.013420621063783111,-0.025124190565678384
14.48,-2.1,-0.00216875,33.7889,0.184373,-0.641287,-0.0313955,35.7,0,445.564,-78.3135,-0.276951,33.7889,-0.00216875,-0.019278423208433152,-0.6513967139474269,-0.012117076791566848,0.01010971394742688
14.5,-2.0,-0.00206548,33.8627,0.189596,-0.638741,-0.0312234,35.7,0,446.214,-78.4984,-0.277347,33.8627,-0.00206548,-0.018398395582186644,-0.6230193500809116,-0.012825004417813354,-0.01572164991908842
14.52,-2.0,-0.00206548,33.9028,0.190367,-0.637365,-0.0290589,35.7,0,446.865,-78.684,-0.277721,33.9028,-0.00206548,-0.018419016608626663,-0.624456236278948,-0.010639883391373336,-0.012908763721051986
14.54,-2.0,-0.00206548,33.8621,0.190595,-0.63552,-0.0288233,35.7,0,447.518,-78.87,-0.278099,33.8621,-0.00206548,-0.018398087007853104,-0.6229978620686225,-0.010425212992146896,-0.012522137931377464
14.56,-2.0,-0.00206548,33.8333,0.193077,-0.632102,-0.0331478,35.7,0,448.169,-79.0561,-0.278477,33.8333,-0.00206548,-0.018383274389937816,-0.6219668374170831,-0.014764525610062182,-0.010135162582916912
14.58,-2.0,-0.00206548,33.854,0.193488,-0.62782,-0.031076,35.7,0,448.819,-79.2422,-0.278855,33.854,-0.00206548,-0.0183939211669552,-0.6227078071861013,-0.0126820788330448,-0.005112192813898742
14.6,-2.0,-0.00206548,33.8414,0.18592,-0.623246,-0.0285643,35.8,0,449.47,-79.4287,-0.279233,33.8414,-0.00206548,-0.018387440646596073,-0.6222567338977164,-0.010176859353403928,-0.0009892661022835592
14.62,-2.0,-0.00206548,33.825,0.171468,-0.61906,-0.0306038,35.9006,0,450.121,-79.6154,-0.279611,33.825,-0.00206548,-0.018379005094040113,-0.6216698473059069,-0.012224794905959888,0.002609847305906854
14.64,-2.0,-0.00206548,33.8791,0.157479,-0.616676,-0.0310308,36.1692,0,450.771,-79.8023,-0.279989,33.8791,-0.00206548,-0.018406829601472278,-0.6236068207512395,-0.012623970398527723,0.006930820751239519
14.66,-1.80515,-0.00186425,33.9029,0.152555,-0.615894,-0.0272488,36.3949,0,451.422,-79.9896,-0.280358,33.9029,-0.00186425,-0.01662458049427885,-0.5636214900394865,-0.01062421950572115,-0.05227250996051358
14.68,-1.7,-0.00175566,33.8507,0.16405,-0.614474,-0.030119,36.8803,0,452.074,-80.1774,-0.280685,33.8507,-0.00175566,-0.015633401976843014,-0.5292016002975198,-0.014485598023156986,-0.08527239970248013
14.7,-1.9,-0.0019622,33.8297,0.192678,-0.610349,-0.0310028,37.2032,0,452.724,-80.365,-0.281011,33.8297,-0.0019622,-0.017462295717301842,-0.5907442254276062,-0.013540504282698158,-0.019604774572393846
14.72,-1.9,-0.0019622,33.8602,0.227359,-0.602912,-0.0263523,37.4862,0,453.374,-80.5528,-0.281379,33.8602,-0.0019622,-0.017477198492374498,-0.5917814363914989,-0.0088751015076255,-0.011130563608501065
14.74,-1.72211,-0.00177849,33.8789,0.25293,-0.594391,-0.0270788,37.7558,0,454.025,-80.741,-0.28173,33.8789,-0.00177849,-0.01584918150863455,-0.5369528354128791,-0.011229618491365449,-0.05743816458712092
14.76,-1.8,-0.00185893,33.878,0.263615,-0.589639,-0.0296241,37.988,0,454.676,-80.9295,-0.282051,33.878,-0.00185893,-0.01656561523462959,-0.5612099129187812,-0.013058484765370412,-0.02842908708121883
14.78,-1.99744,-0.00206283,33.8938,0.262998,-0.592798,-0.0283087,38.3923,0,455.327,-81.1182,-0.282404,33.8938,-0.00206283,-0.018390763164182103,-0.6233328485341554,-0.009917936835817896,0.030534848534155334
14.8,-1.79616,-0.00185496,33.9134,0.255511,-0.605891,-0.0277625,38.7,0,455.978,-81.3072,-0.282782,33.9134,-0.00185496,-0.01654658466454755,-0.5611509443626669,-0.01121591533545245,-0.044740055637333076
14.82,-1.79432,-0.00185307,33.8847,0.247462,-0.628183,-0.0303546,38.7943,0,456.629,-81.4966,-0.283113,33.8847,-0.00185307,-0.016516485589026065,-0.5596561592384716,-0.013838114410973934,-0.06852684076152848
14.84,-1.9,-0.0019622,33.8424,0.249955,-0.652866,-0.0282528,38.9,0,457.28,-81.686,-0.283457,33.8424,-0.0019622,-0.017468501401354322,-0.5911760118251935,-0.01078429859864568,-0.06168998817480642
14.86,-1.9,-0.0019622,33.8492,0.269113,-0.668947,-0.0261943,38.9,0,457.93,-81.8755,-0.283821,33.8492,-0.0019622,-0.01747182397367162,-0.5914072640496054,-0.00872247602632838,-0.07753973595039454
14.88,-1.8,-0.00185893,33.9061,0.29811,-0.670442,-0.0281063,38.9934,0,458.58,-82.0652,-0.284175,33.9061,-0.00185893,-0.016578619764550825,-0.5621163395988368,-0.011527680235449176,-0.1083256604011632
14.9,-1.9,-0.0019622,33.963,0.32596,-0.66028,-0.0261167,39.0,0,459.231,-82.2554,-0.284516,33.963,-0.0019622,-0.01752741201928822,-0.5952834944110859,-0.00858928798071178,-0.06499650558891412
14.92,-1.9,-0.0019622,33.9529,0.347746,-0.646006,-0.0282534,39.0933,0,459.883,-82.4462,-0.284881,33.9529,-0.0019622,-0.017522479693951685,-0.5949390008007721,-0.010730920306048317,-0.05106699919922786
14.94,-1.9,-0.0019622,33.9174,0.363263,-0.63588,-0.0291094,39.179,0,460.534,-82.6372,-0.285241,33.9174,-0.0019622,-0.017505141391786137,-0.5937288826417672,-0.011604258608213864,-0.04215111735823285
14.96,-1.8,-0.00185893,33.9223,0.374695,-0.634517,-0.0283883,39.2,0,461.185,-82.8282,-0.285596,33.9223,-0.00185893,-0.016586116236181787,-0.5626392107986294,-0.011802183763818214,-0.07187778920137056
14.98,-1.9,-0.0019622,33.9194,0.388212,-0.638196,-0.0278276,39.3,0,461.836,-83.0195,-0.285937,33.9194,-0.0019622,-0.01750611827661336,-0.5937970282717592,-0.010321481723386643,-0.04439897172824081
15.0,-1.9,-0.0019622,33.939,0.409609,-0.639213,-0.0312714,39.4,0,462.487,-83.211,-0.286302,33.939,-0.0019622,-0.017515691248339186,-0.5944650452773836,-0.013755708751660812,-0.04474795472261639
15.02,-1.9,-0.0019622,34.0053,0.43565,-0.634226,-0.0324251,39.5937,0,463.138,-83.4028,-0.286662,34.0053,-0.0019622,-0.01754806656517338,-0.5967272679686904,-0.014877033434826617,-0.0374987320313096
15.04,-1.8,-0.00185893,34.0355,0.455428,-0.624413,-0.0286207,39.7796,0,463.791,-83.5952,-0.287018,34.0355,-0.00185893,-0.016638482601368496,-0.5662990745788774,-0.011982217398631503,-0.05811392542112259
15.06,-1.8974,-0.00195952,33.9735,0.461888,-0.61249,-0.0331584,39.9,0,464.444,-83.7881,-0.287359,33.9735,-0.00195952,-0.01750859318168118,-0.5948281904578456,-0.015649806818318818,-0.01766180954215435
15.08,-2.0,-0.00206548,33.953,0.456473,-0.601703,-0.0339203,40.0934,0,465.095,-83.9808,-0.287729,33.953,-0.00206548,-0.018444825831545514,-0.6262571714584649,-0.015475474168454486,0.024554171458464946
15.1,-1.89651,-0.0019586,34.0072,0.442165,-0.593598,-0.0289421,40.2,0,465.747,-84.1736,-0.288108,34.0072,-0.0019586,-0.01751679742170863,-0.5956972332795297,-0.011425302578291368,0.0020992332795297663
15.12,-1.8,-0.00185893,34.0104,0.421834,-0.588402,-0.0300302,40.2943,0,466.399,-84.367,-0.288459,34.0104,-0.00185893,-0.016626873807277856,-0.5654866289350428,-0.013403326192722144,-0.022915371064957224
15.14,-1.87952,-0.00194106,33.975,0.404972,-0.588204,-0.0314456,40.3,0,467.051,-84.5607,-0.288799,33.975,-0.00194106,-0.01734437458342312,-0.5892751264718006,-0.014101225416576876,0.001071126471800632
15.16,-2.0,-0.00206548,34.0167,0.403677,-0.59597,-0.0306306,40.4,0,467.702,-84.7543,-0.289165,34.0167,-0.00206548,-0.01847756676239172,-0.6285458452862505,-0.01215303323760828,0.03257584528625046
15.18,-1.80621,-0.00186535,34.071,0.420095,-0.612808,-0.0294621,40.4938,0,468.354,-84.9485,-0.289542,34.071,-0.00186535,-0.016712418488696756,-0.5694088103283872,-0.012749681511303245,-0.043399189671612826
15.2,-1.80358,-0.00186263,34.0689,0.44676,-0.636731,-0.0319475,40.5,0,469.007,-85.1432,-0.289876,34.0689,-0.00186263,-0.016687075896707943,-0.5685103200173532,-0.015260424103292054,-0.0682206799826468
15.22,-1.9,-0.0019622,34.0264,0.475486,-0.66111,-0.0292616,40.5,0,469.66,-85.3381,-0.290224,34.0264,-0.0019622,-0.01755836784239069,-0.5974480475523226,-0.011703232157609308,-0.06366195244767736
15.24,-1.9,-0.0019622,34.0231,0.499028,-0.677679,-0.0295609,40.5,0,470.313,-85.533,-0.290589,34.0231,-0.0019622,-0.01755675681163362,-0.5973352926778919,-0.01200414318836638,-0.08034370732210816
15.26,-1.7,-0.00175566,34.0601,0.512044,-0.684178,-0.0302152,40.5,0,470.965,-85.7281,-0.290941,34.0601,-0.00175566,-0.015724899494996666,-0.535591649289536,-0.014490300505003335,-0.148586350710464
15.28,-1.7,-0.00175566,34.0978,0.515685,-0.684074,-0.0316,40.5,0,471.617,-85.9236,-0.291254,34.0978,-0.00175566,-0.015741362689685904,-0.536745836720372,-0.0158586373103141,-0.14732816327962794
15.3,-1.8,-0.00185893,34.1198,0.513893,-0.680145,-0.0294,40.5,0,472.271,-86.1196,-0.291583,34.1198,-0.00185893,-0.016677461157030664,-0.5690316391856548,-0.012722538842969335,-0.1111133608143452
15.32,-1.79964,-0.00185856,34.1111,0.505511,-0.675891,-0.0300086,40.5,0,472.924,-86.3159,-0.29193,34.1111,-0.00185856,-0.016670120521126496,-0.5686361481081981,-0.013338479478873504,-0.10725485189180195
15.34,-1.61967,-0.00167269,34.0908,0.48824,-0.676908,-0.0322393,40.5,0,473.578,-86.5124,-0.292265,34.0908,-0.00167269,-0.014994534658769943,-0.5111756821451944,-0.017244765341230053,-0.16573231785480558
15.36,-1.7,-0.00175566,34.0572,0.467512,-0.683448,-0.0313429,40.1285,0,474.231,-86.7089,-0.292568,34.0572,-0.00175566,-0.0157236329706523,-0.5355029128080995,-0.0156192670293477,-0.14794508719190058
15.38,-1.7,-0.00175566,34.0737,0.452868,-0.689746,-0.0312101,40.1,0,474.883,-86.9055,-0.292895,34.0737,-0.00175566,-0.015730838819719314,-0.53600788269147,-0.015479261180280687,-0.15373811730852993
15.4,-1.60197,-0.00165441,34.1457,0.44714,-0.692078,-0.0328236,40.1,0,475.535,-87.1024,-0.293214,34.1457,-0.00165441,-0.014853253850526448,-0.5071747500039209,-0.017970346149473553,-0.1849032499960791
15.42,-1.6,-0.00165238,34.1807,0.44584,-0.68863,-0.0292215,40.0018,0,476.189,-87.2999,-0.293514,34.1807,-0.00165238,-0.014849407650664075,-0.5075631480850535,-0.014372092349335926,-0.18106685191494643
15.44,-1.6,-0.00165238,34.1279,0.445002,-0.675581,-0.0308315,40.0,0,476.844,-87.4978,-0.29382,34.1279,-0.00165238,-0.01482771477400568,-0.5060387670357884,-0.01600378522599432,-0.16954223296421156
15.46,-1.6,-0.00165238,34.1139,0.443411,-0.651318,-0.0335932,39.8983,0,477.497,-87.6956,-0.294125,34.1139,-0.00165238,-0.014821961940731768,-0.5056349274499294,-0.01877123805926823,-0.1456830725500705
15.48,-1.50328,-0.0015525,34.1369,0.440682,-0.619657,-0.0284853,39.6066,0,478.15,-87.8935,-0.294425,34.1369,-0.0015525,-0.013934909610339778,-0.4756946158772079,-0.014550390389660224,-0.1439623841227921
15.5,-1.5,-0.00154911,34.14,0.438925,-0.585903,-0.0272779,39.313,0,478.803,-88.0918,-0.294706,34.14,-0.00154911,-0.01390567577047924,-0.4747397708041613,-0.01337222422952076,-0.11116322919583865
15.52,-1.5,-0.00154911,34.1713,0.442284,-0.55562,-0.0281513,39.1049,0,479.457,-88.2902,-0.294992,34.1713,-0.00154911,-0.013917731597104091,-0.47558698172412306,-0.01423356840289591,-0.08003301827587694
15.54,-1.5,-0.00154911,34.2139,0.451286,-0.535622,-0.0280226,38.942,0,480.111,-88.489,-0.295278,34.2139,-0.00154911,-0.01393413689623554,-0.4767411663541132,-0.014088463103764461,-0.058880833645886865
15.56,-1.30381,-0.00134649,34.2178,0.46233,-0.528854,-0.0248305,38.8,0,480.766,-88.6883,-0.295556,34.2178,-0.00134649,-0.012112886996666964,-0.4144763446745508,-0.012717613003333034,-0.11437765532544925
15.58,-1.3939,-0.00143953,34.1696,0.473878,-0.530622,-0.0248,38.2183,0,481.42,-88.8877,-0.2958,34.1696,-0.00143953,-0.012932617734038301,-0.4419023749249952,-0.011867382265961698,-0.08871962507500486
15.6,-1.4,-0.00144583,34.1555,0.487079,-0.533884,-0.0248,37.7955,0,482.074,-89.0871,-0.29607,34.1555,-0.00144583,-0.012984147840624329,-0.4434800615704443,-0.01181585215937567,-0.09040393842955574
15.62,-1.39733,-0.00144307,34.1641,0.500033,-0.534233,-0.0249733,37.0893,0,482.727,-89.2865,-0.296337,34.1641,-0.00144307,-0.012962447526925608,-0.44285035355463914,-0.012010852473074393,-0.09138264644536082
15.64,-1.38612,-0.0014315,34.17,0.508239,-0.529325,-0.0231388,36.6139,0,483.381,-89.4861,-0.296603,34.17,-0.0014315,-0.012860619144650174,-0.4394473561726965,-0.010278180855349827,-0.08987764382730357
15.66,-1.49836,-0.00154741,34.2296,0.510621,-0.519294,-0.0240099,36.3,0,484.035,-89.686,-0.296872,34.2296,-0.00154741,-0.013924884081729186,-0.47664321216395733,-0.010085015918270815,-0.0426507878360427
15.68,-1.6,-0.00165238,34.2864,0.508546,-0.507608,-0.0226465,36.2,0,484.689,-89.8864,-0.297169,34.2864,-0.00165238,-0.014892817731106827,-0.5106211058558211,-0.007753682268893173,0.003013105855821152
15.7,-1.5,-0.00154911,34.2877,0.501162,-0.498452,-0.0254554,36.0066,0,485.345,-90.0873,-0.297475,34.2877,-0.00154911,-0.01396254928345796,-0.4787437010664215,-0.01149285071654204,-0.019708298933578505
15.72,-1.59479,-0.001647,34.2683,0.488994,-0.493451,-0.0260417,35.7052,0,486.001,-90.2884,-0.297762,34.2683,-0.001647,-0.014836920245424563,-0.5084360340462826,-0.011204779754575438,0.014985034046282597
15.74,-1.7,-0.00175566,34.2353,0.477339,-0.49072,-0.0242401,35.3221,0,486.656,-90.4896,-0.298077,34.2353,-0.00175566,-0.015801381936641604,-0.5409650510155064,-0.008438718063358396,0.050245051015506415
15.76,-1.8,-0.00185893,34.2403,0.468599,-0.48808,-0.0276754,35.1,0,487.311,-90.6908,-0.298412,34.2403,-0.00185893,-0.01673315010865537,-0.5729480796653925,-0.010942249891344628,0.0848680796653925
15.78,-1.7,-0.00175566,34.3079,0.456701,-0.487112,-0.0268247,35.0,0,487.965,-90.8923,-0.298756,34.3079,-0.00175566,-0.01583305588217233,-0.54319889789998,-0.01099164411782767,0.056086897899980004
15.8,-1.8,-0.00185893,34.3329,0.436093,-0.491172,-0.0262111,34.9,0,488.621,-91.0944,-0.299081,34.3329,-0.00185893,-0.016775922880928155,-0.5759660826786183,-0.009435177119071846,0.08479408267861827
15.82,-1.8,-0.00185893,34.2914,0.411482,-0.501505,-0.0274119,34.9,0,489.277,-91.2969,-0.299431,34.2914,-0.00185893,-0.016756756049421652,-0.5746126243931376,-0.010655143950578348,0.07310762439313767
15.84,-1.8,-0.00185893,34.271,0.391212,-0.518227,-0.0282327,34.9,0,489.933,-91.4993,-0.299776,34.271,-0.00185893,-0.01674733285726469,-0.5739478443513182,-0.01148536714273531,0.05572084435131819
15.86,-1.8,-0.00185893,34.272,0.375277,-0.54111,-0.0272792,34.8,0,490.588,-91.7019,-0.30012,34.272,-0.00185893,-0.016747794800321278,-0.5739804233966108,-0.010531405199678722,0.03287042339661084
15.88,-1.89967,-0.00196186,34.26,0.358057,-0.566519,-0.0286272,34.8,0,491.242,-91.9046,-0.300469,34.26,-0.00196186,-0.01766928152734556,-0.6053495851268589,-0.010957918472654437,0.038830585126858885
15.9,-2.0,-0.00206548,34.288,0.338237,-0.587494,-0.0308931,34.7,0,491.897,-92.1076,-0.300842,34.288,-0.00206548,-0.01861689792940042,-0.6383361962032816,-0.012276202070599578,0.050842196203281675
15.92,-1.90658,-0.001969,34.3681,0.318554,-0.598623,-0.0279185,34.7,0,492.552,-92.3109,-0.301225,34.3681,-0.001969,-0.01778646918330085,-0.6112871515386019,-0.01013203081669915,0.012664151538601898
15.94,-1.9,-0.0019622,34.3732,0.301582,-0.598625,-0.0279767,34.7,0,493.208,-92.515,-0.301587,34.3732,-0.0019622,-0.01772752850964829,-0.6093518829678426,-0.010249171490351709,0.010726882967842633
15.96,-1.9,-0.0019622,34.2791,0.291258,-0.589844,-0.0301365,34.7,0,493.865,-92.7193,-0.301951,34.2791,-0.0019622,-0.01768165706538768,-0.6061112907101308,-0.012454842934612319,0.016267290710130777
15.98,-2.0,-0.00206548,34.2448,0.290411,-0.57727,-0.0309705,34.7,0,494.519,-92.9234,-0.302319,34.2448,-0.00206548,-0.018594724081161026,-0.6367726072145431,-0.012375775918838976,0.059502607214543146
16.0,-1.9,-0.0019622,34.2614,0.293452,-0.565252,-0.0283876,34.6,0,495.173,-93.1274,-0.302702,34.2614,-0.0019622,-0.017673026392611497,-0.6055026264478196,-0.010714573607388502,0.040250626447819626
16.02,-1.9,-0.0019622,34.2748,0.29154,-0.554202,-0.0274,34.6,0,495.827,-93.3318,-0.30306,34.2748,-0.0019622,-0.01767956041683445,-0.6059633973749173,-0.009720439583165551,0.05176139737491736
16.04,-2.0,-0.00206548,34.3221,0.284634,-0.542847,-0.0283815,34.5,0,496.482,-93.5365,-0.303429,34.3221,-0.00206548,-0.018634397594957223,-0.6395716576938812,-0.009747102405042778,0.09672465769388128
16.06,-1.99799,-0.0020634,34.3754,0.278119,-0.532289,-0.0291597,34.498,0,497.137,-93.7418,-0.303816,34.3754,-0.0020634,-0.018642951614848968,-0.6408589189410792,-0.010516748385151032,0.10856991894107915
16.08,-1.80045,-0.0018594,34.3777,0.272697,-0.525628,-0.0274552,34.4,0,497.793,-93.9476,-0.30419,34.3777,-0.0018594,-0.016800856214505867,-0.5775747946854183,-0.010654343785494132,0.051946794685418296
16.1,-1.89633,-0.00195841,34.3317,0.267552,-0.525323,-0.0304294,34.2073,0,498.449,-94.1537,-0.304531,34.3317,-0.00195841,-0.01767309904169339,-0.6067475343697049,-0.01275630095830661,0.08142453436970487
16.12,-1.99744,-0.00206284,34.2826,0.265387,-0.531391,-0.0284307,33.6077,0,499.104,-94.3597,-0.304904,34.2826,-0.00206284,-0.018590334680049114,-0.6373250077022518,-0.009840365319950885,0.10593400770225181
16.14,-1.91764,-0.00198042,34.2872,0.265543,-0.541961,-0.0291241,33.4353,0,499.758,-94.5657,-0.305287,34.2872,-0.00198042,-0.01784982649967855,-0.6120205711597784,-0.011274273500321449,0.07005957115977834
16.16,-1.9,-0.0019622,34.3374,0.260341,-0.556278,-0.0295993,33.3,0,500.412,-94.7719,-0.30565,34.3374,-0.0019622,-0.01771007937378045,-0.6081180794892489,-0.011889220626219547,0.05184007948924885
16.18,-1.99557,-0.0020609,34.3624,0.244306,-0.575176,-0.0284355,33.3,0,501.067,-94.9787,-0.306018,34.3624,-0.0020609,-0.018613709334605086,-0.6396117256394338,-0.009821790665394913,0.06443572563943378
16.2,-2.0,-0.00206548,34.3699,0.220182,-0.598142,-0.0283452,33.3,0,501.722,-95.1859,-0.306405,34.3699,-0.00206548,-0.018658923008103356,-0.6413053178962116,-0.009686276991896645,0.04316331789621164
16.22,-1.90623,-0.00196864,34.3726,0.194123,-0.621647,-0.0314754,33.2062,0,502.378,-95.3934,-0.306785,34.3726,-0.00196864,-0.017785417568591394,-0.6113310439181645,-0.013689982431408607,-0.010315956081835442
16.24,-1.87913,-0.00194065,34.3377,0.171786,-0.639038,-0.030713,33.1209,0,503.033,-95.6011,-0.307145,34.3377,-0.00194065,-0.017515721314420616,-0.6014495837781808,-0.013197278685579385,-0.03758841622181919
16.26,-1.9972,-0.00206259,34.2684,0.158121,-0.642776,-0.0283888,32.9028,0,503.687,-95.8089,-0.307509,34.2684,-0.00206259,-0.018580803566511123,-0.6367344089386298,-0.009807996433488876,-0.006041591061370255
16.28,-2.0,-0.00206548,34.2882,0.154585,-0.630029,-0.031672,32.8016,0,504.341,-96.0164,-0.307897,34.2882,-0.00206548,-0.018617000575232807,-0.6383434391236976,-0.013054999424767191,0.00831443912369767
16.3,-1.9,-0.0019622,34.3927,0.15772,-0.604676,-0.0294491,32.8,0,504.994,-96.2244,-0.308275,34.3927,-0.0019622,-0.017737031641170267,-0.6100244081252766,-0.011712068358829732,0.005348408125276594
16.32,-1.9,-0.0019622,34.4089,0.163854,-0.573518,-0.0272546,32.8,0,505.65,-96.4332,-0.308635,34.4089,-0.0019622,-0.01774492586030573,-0.6105833794346739,-0.00950967413969427,0.03706537943467392
16.34,-1.9,-0.0019622,34.3477,0.172231,-0.544813,-0.0289625,32.8,0,506.305,-96.6424,-0.309,34.3477,-0.0019622,-0.017715099969017243,-0.6084729392058136,-0.011247400030982756,0.06365993920581359
16.36,-1.89781,-0.00195994,34.3141,0.181035,-0.528228,-0.0304,32.8,0,506.96,-96.8514,-0.309365,34.3141,-0.00195994,-0.017678336291625612,-0.6066161993444704,-0.012721663708374388,0.07838819934447039
16.38,-1.8,-0.00185893,34.2942,0.185379,-0.529059,-0.0288072,32.8,0,507.613,-97.0605,-0.309723,34.2942,-0.00185893,-0.016758049355485607,-0.5747038962068944,-0.012049150644514395,0.04564489620689449
16.4,-1.89362,-0.00195562,34.3059,0.182807,-0.543355,-0.0293234,32.8,0,508.267,-97.2697,-0.310068,34.3059,-0.00195562,-0.01763538629382614,-0.6049977986573702,-0.01168801370617386,0.06164279865737021
16.42,-1.9,-0.0019622,34.3822,0.174819,-0.562056,-0.0315318,32.8,0,508.92,-97.4792,-0.310435,34.3822,-0.0019622,-0.0177319146830931,-0.6096622370170436,-0.013799885316906898,0.047606237017043584
16.44,-1.8,-0.00185893,34.4518,0.160709,-0.576697,-0.0294545,32.8,0,509.575,-97.6894,-0.310795,34.4518,-0.00185893,-0.01683081546444964,-0.5798518882181262,-0.01262368453555036,0.0031548882181261506
16.46,-1.60127,-0.0016537,34.4422,0.138194,-0.581593,-0.0283644,32.8,0,510.231,-97.9002,-0.311127,34.4422,-0.0016537,-0.01496871079352636,-0.5155553308927936,-0.01339568920647364,-0.06603766910720643
16.48,-1.69519,-0.00175069,34.3614,0.111629,-0.576283,-0.0293904,32.8,0,510.887,-98.1112,-0.31143,34.3614,-0.00175069,-0.015811502626225007,-0.543305366340768,-0.013578897373774993,-0.03297763365923201
16.5,-1.79696,-0.0018558,34.3324,0.090357,-0.565044,-0.0287398,32.8,0,511.541,-98.3219,-0.311765,34.3324,-0.0018558,-0.016747445601944275,-0.5749800013841916,-0.011992354398055724,0.009936001384191595
16.52,-1.7,-0.00175566,34.3703,0.0781306,-0.55179,-0.0246898,32.8,0,512.194,-98.5326,-0.312109,34.3703,-0.00175566,-0.015860270793640108,-0.5451222652586486,-0.008829529206359894,-0.006667734741351405
16.54,-1.6,-0.00165238,34.3874,0.0724683,-0.538479,-0.028118,32.8,0,512.848,-98.7438,-0.312426,34.3874,-0.00165238,-0.014934276636633402,-0.5135509444145674,-0.013183723363366599,-0.02492805558543265
16.56,-1.8,-0.00185893,34.3899,0.0722188,-0.527333,-0.029965,32.8,0,513.503,-98.9553,-0.312738,34.3899,-0.00185893,-0.016802242069467094,-0.5778274245447663,-0.013162757930532905,0.05049442454476627
16.58,-1.8,-0.00185893,34.395,0.077121,-0.520329,-0.0292656,32.8,0,514.157,-99.167,-0.313093,34.395,-0.00185893,-0.016804596586355015,-0.5779940995876808,-0.012461003413644985,0.057665099587680735
16.6,-1.60245,-0.00165492,34.3932,0.083316,-0.518795,-0.0312293,32.8,0,514.812,-99.379,-0.313429,34.3932,-0.00165492,-0.014959617145551272,-0.514509104410374,-0.016269682854448728,-0.004285895589625999
16.62,-1.80453,-0.00186361,34.3651,0.0865289,-0.52457,-0.0335819,32.8,0,515.466,-99.5912,-0.313737,34.3651,-0.00186361,-0.016833064030241145,-0.57846992870564,-0.016748835969758853,0.05389992870563998
16.64,-2.0,-0.00206548,34.3541,0.0863751,-0.538095,-0.0300837,32.8,0,516.12,-99.8035,-0.314102,34.3541,-0.00206548,-0.01865081691602078,-0.6407320294146696,-0.01143288308397922,0.10263702941466957
16.66,-1.90571,-0.0019681,34.3805,0.0835826,-0.558805,-0.0288067,32.8,0,516.773,-100.016,-0.314491,34.3805,-0.0019681,-0.017784400681349028,-0.6114365876251202,-0.011022299318650973,0.05263158762512021
16.68,-1.9,-0.0019622,34.3977,0.0780953,-0.588893,-0.0323639,32.8,0,517.427,-100.229,-0.314852,34.3977,-0.0019622,-0.017739468195395094,-0.6101969051447418,-0.014624431804604907,0.021303905144741786
16.7,-2.0,-0.00206548,34.3626,0.0722817,-0.628941,-0.0278459,32.8,0,518.081,-100.442,-0.315221,34.3626,-0.00206548,-0.01865517786623043,-0.6410404149461297,-0.00919072213376957,0.01209941494612976
16.72,-1.90599,-0.00196839,34.3484,0.0690883,-0.672753,-0.0314562,32.8,0,518.735,-100.655,-0.315605,34.3484,-0.00196839,-0.017771326836332965,-0.6104166427050992,-0.013684873163667031,-0.062336357294900835
16.74,-1.9,-0.0019622,34.3632,0.0663448,-0.71278,-0.0312315,32.8,0,519.388,-100.868,-0.315966,34.3632,-0.0019622,-0.017722654756973634,-0.6090071299448364,-0.013508845243026365,-0.10377287005516356
16.76,-1.9,-0.0019622,34.3581,0.0600607,-0.741151,-0.0258893,32.8,0,520.041,-101.082,-0.31633,34.3581,-0.0019622,-0.01772016905127243,-0.6088313402805233,-0.008169130948727569,-0.13231965971947668
16.78,-1.9,-0.0019622,34.3714,0.0513029,-0.747048,-0.0286517,32.8,0,520.694,-101.296,-0.316694,34.3714,-0.0019622,-0.01772665125177052,-0.6092898208351053,-0.010925048748229478,-0.13775817916489475
16.8,-1.8,-0.00185893,34.4021,0.0437904,-0.727969,-0.0283313,32.8,0,521.347,-101.51,-0.317054,34.4021,-0.00185893,-0.016807874345266482,-0.578226174013292,-0.011523425654733518,-0.14974282598670796
16.82,-1.8,-0.00185893,34.4484,0.0384188,-0.696259,-0.0236521,33.2,0,522.001,-101.725,-0.317395,34.4484,-0.00185893,-0.016829246230010766,-0.5797406058299028,-0.006822853769989232,-0.11651839417009713
16.84,-1.88405,-0.00194573,34.4545,0.0347799,-0.664693,-0.0264405,33.2,0,522.655,-101.94,-0.317745,34.4545,-0.00194573,-0.017618011881675992,-0.6070197903772055,-0.008822488118324007,-0.05767320962279443
16.86,-1.9,-0.0019622,34.4202,0.0347342,-0.637329,-0.0281461,33.2,0,523.31,-102.155,-0.318112,34.4202,-0.0019622,-0.01775043195084795,-0.6109734178345766,-0.01039566804915205,-0.02635558216542344
16.88,-1.8,-0.00185893,34.4106,0.0401373,-0.6159,-0.0280221,33.2,0,523.964,-102.371,-0.318473,34.4106,-0.00185893,-0.016811798272894602,-0.578504065649267,-0.011210301727105399,-0.03739593435073296
16.9,-1.7958,-0.0018546,34.3945,0.0486366,-0.602138,-0.0288993,33.2,0,524.617,-102.586,-0.318814,34.3945,-0.0018546,-0.01676522330602195,-0.576631472998972,-0.01213407669397805,-0.025506527001027957
16.92,-1.89511,-0.00195716,34.3468,0.0554651,-0.595223,-0.0309707,33.2,0,525.27,-102.802,-0.319164,34.3468,-0.00195716,-0.017669160256259534,-0.606879113489695,-0.013301539743740466,0.011656113489695086
16.94,-2.0,-0.00206548,34.371,0.0579851,-0.593637,-0.0315323,33.2,0,525.923,-103.018,-0.319537,34.371,-0.00206548,-0.018659487332950128,-0.6413452391208289,-0.012872812667049871,0.04770823912082889
16.96,-1.90572,-0.00196811,34.4194,0.0560427,-0.597025,-0.03008,33.2,0,526.575,-103.234,-0.319921,34.4194,-0.00196811,-0.017803504089625555,-0.6127859286624578,-0.012276495910374444,0.015760928662457818
16.98,-1.8,-0.00185893,34.3874,0.0508984,-0.605578,-0.0341919,33.2,0,527.229,-103.45,-0.320278,34.3874,-0.00185893,-0.01680108787304315,-0.577745729125484,-0.017390812126956846,-0.027832270874515896
17.0,-1.99735,-0.00206275,34.3132,0.0451684,-0.619723,-0.034,33.2,0,527.881,-103.667,-0.320628,34.3132,-0.00206275,-0.018605206901001647,-0.6384041854354497,-0.015394793098998355,0.01868118543544972
17.02,-2.0,-0.00206548,34.2919,0.0399664,-0.639681,-0.0336,33.2,0,528.533,-103.884,-0.32102,34.2919,-0.00206548,-0.018618899505050284,-0.6384774399372338,-0.014981100494949714,-0.001203560062766229
17.04,-1.9,-0.0019622,34.337,0.0323562,-0.664525,-0.0336,33.2,0,529.183,-104.1,-0.321398,34.337,-0.0019622,-0.017709884394107027,-0.608104300440453,-0.01589011560589297,-0.05642069955954698
17.06,-1.90044,-0.00196266,34.3845,0.0199543,-0.691461,-0.0334053,33.2,0,529.835,-104.317,-0.321757,34.3845,-0.00196266,-0.01773719274242123,-0.6098845038517828,-0.015668107257578768,-0.08157649614821716
17.08,-2.0,-0.00206548,34.3923,0.00628658,-0.717264,-0.0346,33.2,0,530.487,-104.535,-0.322127,34.3923,-0.00206548,-0.018670414114959843,-0.6421184833659334,-0.015929585885040155,-0.07514551663406666
17.1,-1.9,-0.0019622,34.3617,-0.0032402,-0.742372,-0.035555,33.2,0,531.14,-104.753,-0.322511,34.3617,-0.0019622,-0.017721923673500617,-0.6089554246917261,-0.017833076326499386,-0.1334165753082739
17.12,-1.7,-0.00175566,34.3318,-0.00754098,-0.77083,-0.0345217,33.2,0,531.792,-104.971,-0.322861,34.3318,-0.00175566,-0.01584348052332529,-0.5439352046306992,-0.018678219476674713,-0.2268947953693008
17.14,-1.7,-0.00175566,34.2789,-0.00742775,-0.803724,-0.0335159,33.2,0,532.443,-105.188,-0.323177,34.2789,-0.00175566,-0.015820405101384882,-0.5423060844298623,-0.01769549489861512,-0.2614179155701377
17.16,-1.7,-0.00175566,34.2772,-0.0023025,-0.836486,-0.034395,33.2,0,533.093,-105.406,-0.323502,34.2772,-0.00175566,-0.0158196634483049,-0.5422537679502367,-0.0185753365516951,-0.29423223204976323
17.18,-1.60307,-0.00165556,34.3552,0.00647736,-0.863517,-0.0324307,33.2,0,533.743,-105.624,-0.323823,34.3552,-0.00165556,-0.014949776855452436,-0.5136025738244396,-0.017480923144547564,-0.34991442617556034
17.2,-1.40615,-0.00145218,34.3929,0.0150221,-0.880731,-0.0310246,33.2,0,534.394,-105.843,-0.324117,34.3929,-0.00145218,-0.01312684190782995,-0.45147016105180465,-0.01789775809217005,-0.4292608389481954
17.22,-1.3,-0.00134256,34.3127,0.0224598,-0.88453,-0.0302161,33.2,0,535.046,-106.062,-0.324372,34.3127,-0.00134256,-0.012109195071704769,-0.4154991777368842,-0.018106904928295232,-0.4690308222631158
17.24,-1.32048,-0.00136371,34.2956,0.0309285,-0.873281,-0.031445,33.2,0,535.697,-106.281,-0.324617,34.2956,-0.00136371,-0.012294163398854531,-0.42163571026175545,-0.01915083660114547,-0.4516452897382445
17.26,-1.20255,-0.00124192,34.3652,0.0387211,-0.848195,-0.0294511,33.2,0,536.347,-106.5,-0.324865,34.3652,-0.00124192,-0.011217670496687067,-0.3854974901527504,-0.018233429503312935,-0.4626975098472496
17.28,-1.2,-0.00123929,34.3761,0.0403646,-0.810549,-0.0272063,33.2,0,536.998,-106.719,-0.32509,34.3761,-0.00123929,-0.011197270104638227,-0.38491847684405417,-0.016009029895361772,-0.4256305231559458
17.3,-1.3,-0.00134256,34.3562,0.0348711,-0.761559,-0.0299268,33.2,0,537.649,-106.939,-0.325325,34.3562,-0.00134256,-0.012123703306515497,-0.4165243755393077,-0.017803096693484503,-0.3450346244606923
17.32,-1.2064,-0.00124589,34.3783,0.0269647,-0.705289,-0.0280128,33.2,0,538.3,-107.159,-0.325574,34.3783,-0.00124589,-0.011257583458015034,-0.38701658139467826,-0.016755216541984967,-0.3182724186053218
17.34,-1.1,-0.00113601,34.4048,0.0197132,-0.64804,-0.0273467,33.2,0,538.952,-107.379,-0.325796,34.4048,-0.00113601,-0.010272207949825888,-0.3534132600721697,-0.01707449205017411,-0.29462673992783023
17.36,-1.1,-0.00113601,34.3773,0.0127252,-0.594633,-0.0260031,33.2,0,539.604,-107.599,-0.326003,34.3773,-0.00113601,-0.010264449300764221,-0.35286405294716183,-0.01573865069923578,-0.24176894705283813
17.38,-1.19729,-0.00123649,34.3543,0.00594632,-0.547445,-0.0281459,33.2,0,540.255,-107.819,-0.326218,34.3543,-0.00123649,-0.011165276083901983,-0.3835752441691939,-0.016980623916098017,-0.16386975583080604
17.4,-1.20557,-0.00124504,34.3614,-0.0006931,-0.508892,-0.0272892,33.2,0,540.906,-108.04,-0.326453,34.3614,-0.00124504,-0.011244676835826375,-0.3863828386265645,-0.016044523164173624,-0.12250916137343554
17.42,-1.1,-0.00113601,34.3643,-0.00737252,-0.482424,-0.026,33.2,0,541.557,-108.26,-0.32668,34.3643,-0.00113601,-0.010260781212100934,-0.3526045638070001,-0.015739218787899065,-0.1298194361929999
17.44,-1.17998,-0.00121861,34.3449,-0.010767,-0.470873,-0.0258398,33.2,0,542.208,-108.481,-0.326889,34.3449,-0.00121861,-0.01100097737200349,-0.3778274677437227,-0.014838822627996509,-0.09304553225627726
17.46,-1.3,-0.00134256,34.3552,-0.00648447,-0.475033,-0.0281973,33.2,0,542.858,-108.701,-0.327125,34.3552,-0.00134256,-0.012123369818534535,-0.4165007947897177,-0.016073930181465468,-0.058532205210282295
17.48,-1.20438,-0.00124381,34.3765,0.00417825,-0.493138,-0.0266175,33.2,0,543.509,-108.922,-0.327376,34.3765,-0.00124381,-0.011238232957022233,-0.3863311152470748,-0.015379267042977766,-0.10680688475292521
17.5,-1.2,-0.00123929,34.3615,0.016006,-0.520281,-0.0279366,33.2,0,544.16,-109.143,-0.327602,34.3615,-0.00123929,-0.01119277598731721,-0.38460057208820025,-0.01674382401268279,-0.13568042791179974
17.52,-1.39506,-0.00144074,34.3079,0.0265023,-0.548022,-0.0288099,33.2,0,544.811,-109.364,-0.327841,34.3079,-0.00144074,-0.012993010763836733,-0.4457629139846342,-0.015816889236163267,-0.10225908601536582
17.54,-1.57826,-0.00162993,34.2903,0.0355962,-0.567031,-0.029826,33.2,0,545.46,-109.585,-0.328127,34.2903,-0.00162993,-0.014692056163506568,-0.5037950134634893,-0.01513394383649343,-0.06323598653651064
17.56,-1.5,-0.00154911,34.3488,0.0419792,-0.572993,-0.0296727,33.2,0,546.109,-109.807,-0.328434,34.3488,-0.00154911,-0.01398606453111234,-0.4804045333662715,-0.015686635468887662,-0.0925884666337285
17.58,-1.5,-0.00154911,34.3844,0.0444718,-0.568634,-0.0296,33.2,0,546.76,-110.028,-0.328718,34.3844,-0.00154911,-0.01399976248370555,-0.48137343314472514,-0.015600237516294451,-0.08726056685527483
17.6,-1.6,-0.00165238,34.3629,0.044644,-0.558924,-0.0282172,33.2,0,547.41,-110.25,-0.32901,34.3629,-0.00165238,-0.014924221654747532,-0.512839536299924,-0.01329297834525247,-0.04608446370007602
17.62,-1.5,-0.00154911,34.3348,0.0444123,-0.547509,-0.0294067,33.2,0,548.061,-110.473,-0.329317,34.3348,-0.00154911,-0.013980677042198096,-0.4800237501084632,-0.015426022957801905,-0.06748524989153681
17.64,-1.41669,-0.00146308,34.329,0.0431762,-0.537812,-0.0303095,33.2,0,548.711,-110.695,-0.329596,34.329,-0.00146308,-0.013202149302906951,-0.4532165834194927,-0.01710735069709305,-0.08459541658050723
17.66,-1.5,-0.00154911,34.2955,0.0406518,-0.533231,-0.0293818,33.2,0,549.36,-110.917,-0.329868,34.2955,-0.00154911,-0.013965551620873163,-0.47895557561365554,-0.015416248379126836,-0.05427542438634447
17.68,-1.59726,-0.00164955,34.3068,0.0393497,-0.535369,-0.0295781,33.2,0,550.009,-111.139,-0.330163,34.3068,-0.00164955,-0.014875672220344738,-0.5103367117289229,-0.014702427779655261,-0.025032288271077063
17.7,-1.5,-0.00154911,34.378,0.0407253,-0.54298,-0.0290752,33.2,0,550.658,-111.362,-0.330469,34.378,-0.00154911,-0.013997300106396923,-0.4811991830577134,-0.015077899893603076,-0.0617808169422866
17.72,-1.30451,-0.00134722,34.3915,0.0432168,-0.551436,-0.0283549,33.2,0,551.308,-111.585,-0.330743,34.3915,-0.00134722,-0.01217759643625871,-0.41880580783759147,-0.016177303563741287,-0.13263019216240857
17.74,-1.3,-0.00134256,34.3132,0.0459606,-0.554648,-0.0290848,33.2,0,551.959,-111.809,-0.330984,34.3132,-0.00134256,-0.012109361850551656,-0.41551095505034913,-0.016975438149448345,-0.1391370449496509
17.76,-1.4,-0.00144583,34.304,0.0486973,-0.550512,-0.0305223,33.2,0,552.608,-112.032,-0.331238,34.304,-0.00144583,-0.013037512935849803,-0.44723884375139167,-0.017484787064150194,-0.10327315624860833
17.78,-1.22058,-0.00126054,34.3359,0.0490221,-0.54247,-0.0283646,33.2,0,553.257,-112.255,-0.331502,34.3359,-0.00126054,-0.011376681760875446,-0.3906286072732432,-0.016987918239124555,-0.15184139272675679
17.8,-1.2,-0.00123929,34.3372,0.0463736,-0.534744,-0.0268,33.2,0,553.906,-112.478,-0.331726,34.3372,-0.00123929,-0.011185295340473795,-0.38407172316491683,-0.015614704659526206,-0.15067227683508316
17.82,-1.28698,-0.00132912,34.3239,0.0446993,-0.529958,-0.0280959,33.2,0,554.555,-112.702,-0.331959,34.3239,-0.00132912,-0.011991671447869796,-0.4116009316095381,-0.016104228552130204,-0.11835706839046195
17.84,-1.23053,-0.00127082,34.3685,0.0457104,-0.530207,-0.0265938,33.2,0,555.204,-112.926,-0.332207,34.3685,-0.00127082,-0.011479752325782255,-0.39454186780864736,-0.015114047674217746,-0.13566513219135262
17.86,-1.01841,-0.00105176,34.3567,0.0470897,-0.535645,-0.023821,33.2,0,555.854,-113.15,-0.332431,34.3567,-0.00105176,-0.009497824011001094,-0.3263138901987613,-0.014323175988998904,-0.20933110980123876
17.88,-1.0,-0.00103274,34.3223,0.0496861,-0.542396,-0.026459,33.2,0,556.504,-113.375,-0.332615,34.3223,-0.00103274,-0.00931724017450782,-0.31978911244150976,-0.01714175982549218,-0.22260688755849023
17.9,-1.2,-0.00123929,34.3216,0.0560459,-0.543486,-0.0272964,33.2,0,557.152,-113.599,-0.332815,34.3216,-0.00123929,-0.011180492481371856,-0.38373239074865223,-0.016115907518628143,-0.1597536092513478
17.92,-1.22055,-0.00126051,34.3471,0.0635379,-0.532556,-0.0229344,33.2,0,557.801,-113.823,-0.333056,34.3471,-0.00126051,-0.011379918044989109,-0.3908671830830454,-0.011554481955010892,-0.14168881691695462
17.94,-1.0,-0.00103274,34.3457,0.0688947,-0.509552,-0.0246727,33.2,0,558.45,-114.048,-0.33328,34.3457,-0.00103274,-0.00932324360273409,-0.32021332780642425,-0.015349456397265909,-0.18933867219357575
17.96,-1.07829,-0.00111359,34.3223,0.0741728,-0.482332,-0.0268434,33.2,0,559.099,-114.272,-0.333465,34.3223,-0.00111359,-0.010046658487220068,-0.34482442659591334,-0.016796741512779934,-0.13750757340408665
17.98,-1.3,-0.00134256,34.3655,0.0813655,-0.460147,-0.0241891,33.2,0,559.748,-114.497,-0.333686,34.3655,-0.00134256,-0.01212680466658988,-0.4167437057696945,-0.012062295333410121,-0.04340329423030548
18.0,-1.11764,-0.00115423,34.3604,0.0887677,-0.448859,-0.024165,33.2,0,560.397,-114.722,-0.333937,34.3604,-0.00115423,-0.010424231710318465,-0.35818077125922654,-0.013740768289681534,-0.09067822874077347
18.02,-1.1827,-0.00122142,34.334,0.0966863,-0.450107,-0.0273384,33.2,0,561.047,-114.948,-0.334146,34.334,-0.00122142,-0.011023037324385062,-0.37846496349543673,-0.01631536267561494,-0.07164203650456324
18.04,-1.4,-0.00144583,34.294,0.107412,-0.45898,-0.0230335,33.2,0,561.695,-115.173,-0.334386,34.294,-0.00144583,-0.013033920540466572,-0.44698527101476054,-0.009999579459533427,-0.011994728985239456
18.06,-1.4,-0.00144583,34.3347,0.117538,-0.469093,-0.0246633,33.2,0,562.343,-115.398,-0.334665,34.3347,-0.00144583,-0.013048540493145579,-0.4480177232700055,-0.01161475950685442,-0.021075276729994485
18.08,-1.2,-0.00123929,34.3587,0.120527,-0.481106,-0.028949,33.2,0,562.992,-115.624,-0.334924,34.3587,-0.00123929,-0.011191914065107996,-0.3845396177888261,-0.017757085934892003,-0.09656638221117386
18.1,-1.28456,-0.00132661,34.3387,0.116565,-0.497453,-0.0263706,33.2,0,563.641,-115.85,-0.335148,34.3387,-0.00132661,-0.011973903106227876,-0.4111682665938272,-0.014396696893772125,-0.08628473340617276
18.12,-1.47816,-0.00152655,34.3529,0.110598,-0.51582,-0.0271448,33.2,0,564.289,-116.076,-0.335408,34.3529,-0.00152655,-0.01378393706454662,-0.47351821158466356,-0.01336086293545338,-0.04230178841533638
18.14,-1.4306,-0.00147743,34.3653,0.103379,-0.534724,-0.0282612,33.2,0,564.938,-116.302,-0.335698,34.3653,-0.00147743,-0.013344959445837818,-0.45860353484405036,-0.014916240554162182,-0.07612046515594961
18.16,-1.2203,-0.00126025,34.3251,0.0933384,-0.554999,-0.0261624,33.2,0,565.587,-116.529,-0.33596,34.3251,-0.00126025,-0.01137068316262872,-0.39029983662554707,-0.014791716837371278,-0.16469916337445295
18.18,-1.2,-0.00123929,34.3035,0.0838201,-0.575581,-0.0269364,33.2,0,566.235,-116.755,-0.336183,34.3035,-0.00123929,-0.011174919474373194,-0.38333885018916086,-0.015761480525626807,-0.19224214981083915
18.2,-1.37709,-0.00142217,34.3324,0.0796048,-0.595793,-0.028696,33.2,0,566.883,-116.981,-0.33642,34.3324,-0.00142217,-0.01283419734166649,-0.44062879681303063,-0.015861802658333507,-0.15516420318696938
18.22,-1.31913,-0.00136232,34.352,0.0794677,-0.615944,-0.0268678,33.2,0,567.531,-117.208,-0.33669,34.352,-0.00136232,-0.0123007207387128,-0.4225543588162621,-0.0145670792612872,-0.19338964118373797
18.24,-1.2,-0.00123929,34.3436,0.0793796,-0.631694,-0.0238572,33.2,0,568.179,-117.435,-0.336935,34.3436,-0.00123929,-0.011187265638237093,-0.3842109761733595,-0.012669934361762905,-0.2474830238266405
18.26,-1.2845,-0.00132655,34.3301,0.0789231,-0.635929,-0.027535,33.2,0,568.828,-117.662,-0.337163,34.3301,-0.00132655,-0.011970527458133219,-0.4109494046904592,-0.015564472541866782,-0.22497959530954076
18.28,-1.4,-0.00144583,34.3405,0.0785326,-0.626531,-0.0271387,33.2,0,569.476,-117.89,-0.337419,34.3405,-0.00144583,-0.013050623689452924,-0.4481649428076581,-0.014088076310547077,-0.17836605719234183
18.3,-1.1343,-0.00117144,34.3417,0.0767807,-0.607292,-0.0219571,33.2,0,570.124,-118.117,-0.33768,34.3417,-0.00117144,-0.010574219544566344,-0.3631366753336341,-0.011382880455433656,-0.24415532466636597
18.32,-1.0,-0.00103274,34.3145,0.0765154,-0.585504,-0.0277263,33.2,0,570.772,-118.345,-0.337878,34.3145,-0.00103274,-0.009315238879155955,-0.319647764518797,-0.018411061120844043,-0.265856235481203
18.34,-1.3223,-0.00136559,34.3745,0.0831649,-0.567292,-0.0286581,33.2,0,571.419,-118.572,-0.338079,34.3745,-0.00136559,-0.012337878316712977,-0.4241083981978502,-0.01632022168328702,-0.14318360180214984
18.36,-1.6,-0.00165238,34.4259,0.0913602,-0.552941,-0.0246668,33.2,0,572.068,-118.8,-0.338361,34.4259,-0.00165238,-0.014950074885094599,-0.5146697829867781,-0.0097167251149054,-0.03827121701322189
18.38,-1.23458,-0.00127499,34.3656,0.0894181,-0.542449,-0.0248244,33.2,0,572.717,-119.029,-0.338665,34.3656,-0.00127499,-0.01151650301486445,-0.39577153600762577,-0.01330789698513555,-0.1466774639923742
18.4,-1.17669,-0.00121522,34.2896,0.0804302,-0.538452,-0.0314602,33.2,0,573.365,-119.257,-0.338881,34.2896,-0.00121522,-0.010953678350672146,-0.3755972491732076,-0.020506521649327855,-0.16285475082679246
18.42,-1.55503,-0.00160594,34.3273,0.0780402,-0.538314,-0.0291598,33.2,0,574.012,-119.485,-0.339122,34.3273,-0.00160594,-0.014490574972552293,-0.4974223142552943,-0.014669225027447707,-0.04089168574470564
18.44,-1.53493,-0.00158518,34.3536,0.0821525,-0.535282,-0.0292699,33.2,0,574.66,-119.714,-0.339437,34.3536,-0.00158518,-0.014313611378339326,-0.49172407984691785,-0.014956288621660676,-0.043557920153082186
18.46,-1.32505,-0.00136843,34.3796,0.0806315,-0.527918,-0.0314485,33.2,0,575.308,-119.943,-0.33972,34.3796,-0.00136843,-0.012365270656319713,-0.42511305905600927,-0.019083229343680286,-0.10280494094399073
18.48,-1.46604,-0.00151403,34.3543,0.069858,-0.518104,-0.0314641,33.2,0,575.956,-120.172,-0.339971,34.3543,-0.00151403,-0.013671414448030925,-0.46967187337198885,-0.017792685551969077,-0.04843212662801116
18.5,-1.6,-0.00165238,34.3812,0.056038,-0.50631,-0.0303547,33.2,0,576.604,-120.401,-0.340266,34.3812,-0.00165238,-0.014931732224579608,-0.5133708719597164,-0.01542296777542039,0.007060871959716386
18.52,-1.42096,-0.00146748,34.3811,0.043773,-0.496317,-0.0327711,33.2,0,577.252,-120.631,-0.34057,34.3811,-0.00146748,-0.013260844337760704,-0.4559224152609846,-0.019510255662239295,-0.040394584739015416
18.54,-1.3,-0.00134256,34.3533,0.0342699,-0.492395,-0.031209,33.2,0,577.9,-120.861,-0.340829,34.3533,-0.00134256,-0.012122736186875906,-0.41645599304860403,-0.019086263813124095,-0.075939006951396
18.56,-1.4,-0.00144583,34.2929,0.0280803,-0.491156,-0.0292505,33.2,0,578.547,-121.09,-0.341077,34.2929,-0.00144583,-0.01303352536626269,-0.4469573820327098,-0.016216974633737308,-0.04419861796729019
18.58,-1.4,-0.00144583,34.3232,0.024489,-0.489417,-0.0292,33.2,0,579.194,-121.32,-0.34135,34.3232,-0.00144583,-0.013044409843022551,-0.4477258879240316,-0.01615559015697745,-0.04169111207596837
18.6,-1.22397,-0.00126404,34.3815,0.0221861,-0.492138,-0.0282397,33.2,0,579.84,-121.55,-0.34161,34.3815,-0.00126404,-0.011422587602334522,-0.3927256956496644,-0.01681711239766548,-0.0994123043503356
18.62,-1.27788,-0.00131972,34.3766,0.0222012,-0.502561,-0.0273769,33.2,0,580.488,-121.78,-0.341839,34.3766,-0.00131972,-0.011924138357011248,-0.4099113346436329,-0.015452761642988751,-0.09264966535636715
18.64,-1.3,-0.00134256,34.3207,0.0274716,-0.515248,-0.0279853,33.2,0,581.136,-122.011,-0.342088,34.3207,-0.00134256,-0.012111863484355506,-0.41568763308752005,-0.015873436515644497,-0.09956036691247999
18.66,-1.3,-0.00134256,34.3223,0.0377041,-0.523707,-0.0292543,33.2,0,581.783,-122.241,-0.342338,34.3223,-0.00134256,-0.012112397154366503,-0.4157253288513134,-0.017141902845633498,-0.10798167114868662
18.68,-1.2,-0.00123929,34.3095,0.0479518,-0.526486,-0.0264149,33.2,0,582.429,-122.472,-0.342582,34.3095,-0.00123929,-0.01117676693461995,-0.38346928514334316,-0.015238133065380051,-0.14301671485665685
18.7,-1.27652,-0.00131831,34.279,0.054627,-0.526578,-0.0279652,33.2765,0,583.076,-122.702,-0.342811,34.279,-0.00131831,-0.011879433612435247,-0.40721510480066786,-0.016085766387564752,-0.11936289519933213
18.72,-1.37285,-0.0014178,34.3536,0.0580088,-0.529529,-0.0298172,33.3,0,583.721,-122.933,-0.343063,34.3536,-0.0014178,-0.012802227388718897,-0.4398025988210935,-0.017014972611281102,-0.08972640117890651
18.74,-1.3,-0.00134256,34.3846,0.0580364,-0.537262,-0.0259376,33.3631,0,584.368,-123.164,-0.343328,34.3846,-0.00134256,-0.012133173683884663,-0.41719432385090055,-0.013804426316115339,-0.12006767614909947
18.76,-1.2,-0.00123929,34.354,0.0540857,-0.54483,-0.0256715,33.5,0,585.016,-123.396,-0.343569,34.354,-0.00123929,-0.01119046724056852,-0.38443731158249095,-0.014481032759431479,-0.1603926884175091
18.78,-1.26545,-0.00130688,34.2765,0.0484272,-0.547832,-0.0290471,33.7309,0,585.663,-123.627,-0.343797,34.2765,-0.00130688,-0.011775624659608323,-0.4036271986450647,-0.017271475340391675,-0.1442048013549353
18.8,-1.3,-0.00134256,34.297,0.0441253,-0.547026,-0.0283395,33.9535,0,586.308,-123.858,-0.344044,34.297,-0.00134256,-0.012103958008666989,-0.4151294478232517,-0.01623554199133301,-0.13189655217674834
18.82,-1.2,-0.00123929,34.3052,0.0409657,-0.544522,-0.0257058,34.2471,0,586.954,-124.09,-0.34429,34.3052,-0.00123929,-0.011175442926941191,-0.3833758046973029,-0.01453035707305881,-0.16114619530269703
18.84,-1.16461,-0.00120274,34.3488,0.0375593,-0.542359,-0.0275507,34.5292,0,587.6,-124.321,-0.344513,34.3488,-0.00120274,-0.01085887632872889,-0.37298937124024284,-0.01669182367127111,-0.1693696287597572
18.86,-1.37465,-0.00141965,34.3511,0.0342575,-0.544124,-0.0290028,34.9239,0,588.246,-124.553,-0.344745,34.3511,-0.00141965,-0.012818050643313136,-0.4403141394535139,-0.016184749356686862,-0.10380986054648617
18.88,-1.33411,-0.00137778,34.3386,0.0311635,-0.554251,-0.0293364,35.2977,0,588.893,-124.786,-0.345017,34.3386,-0.00137778,-0.012435726835665323,-0.42702544951917726,-0.016900673164334676,-0.1272255504808228
18.9,-1.12124,-0.00115795,34.2914,0.0281882,-0.575278,-0.0291575,35.5788,0,589.539,-125.018,-0.34526,34.2914,-0.00115795,-0.010437978831602631,-0.3579329073060185,-0.01871952116839737,-0.21734509269398145
18.92,-1.1,-0.00113601,34.274,0.0278835,-0.604234,-0.0281071,35.6732,0,590.184,-125.25,-0.345464,34.274,-0.00113601,-0.010235295667772135,-0.35080452371722215,-0.017871804332227865,-0.2534294762827779
18.94,-1.36227,-0.00140687,34.3055,0.032315,-0.632447,-0.0275282,35.7623,0,590.829,-125.482,-0.345686,34.3055,-0.00140687,-0.012686721971608762,-0.4352243405970244,-0.014841478028391237,-0.19722265940297556
18.96,-1.3,-0.00134256,34.3427,0.0390214,-0.651008,-0.0267446,35.8,0,591.475,-125.715,-0.345956,34.3427,-0.00134256,-0.01211920108112571,-0.4162060869687759,-0.01462539891887429,-0.2348019130312241
18.98,-1.1,-0.00113601,34.3633,0.0460404,-0.65571,-0.0268048,36.0671,0,592.121,-125.948,-0.346193,34.3633,-0.00113601,-0.010260499041767934,-0.35258460672198405,-0.016544300958232068,-0.30312539327801596
19.0,-1.17621,-0.00121472,34.3006,0.0571729,-0.647823,-0.027429,36.3524,0,592.768,-126.181,-0.346398,34.3006,-0.00121472,-0.01095249152056618,-0.37567703065033237,-0.01647650847943382,-0.27214596934966767
19.02,-1.3,-0.00134256,34.3343,0.0757119,-0.632253,-0.0268322,36.7613,0,593.413,-126.414,-0.346633,34.3343,-0.00134256,-0.012116399546410197,-0.4160080969463116,-0.014715800453589804,-0.21624490305368838
19.04,-1.2,-0.00123929,34.3572,0.0976612,-0.614203,-0.0252373,37.0271,0,594.059,-126.648,-0.346883,34.3572,-0.00123929,-0.011191452316209972,-0.38450696551848923,-0.014045847683790028,-0.22969603448151082
19.06,-1.1,-0.00113601,34.3351,0.118543,-0.595888,-0.0237344,37.2,0,594.705,-126.881,-0.347104,34.3351,-0.00113601,-0.010252541270005858,-0.35202202975977814,-0.01348185872999414,-0.24386597024022183
19.08,-1.2,-0.00123929,34.2772,0.140595,-0.577229,-0.0241249,37.3656,0,595.351,-127.115,-0.347315,34.2772,-0.00123929,-0.011166820801505457,-0.38276734997736284,-0.012958079198494545,-0.19446165002263716
19.1,-1.3,-0.00134256,34.3664,0.165728,-0.559105,-0.0236,37.4742,0,595.995,-127.348,-0.347554,34.3664,-0.00134256,-0.012127104790719984,-0.41676493407979925,-0.011472895209280016,-0.1423400659202007
19.12,-1.2,-0.00123929,34.4005,0.188868,-0.542443,-0.0224,37.5765,0,596.641,-127.583,-0.347803,34.4005,-0.00123929,-0.01120478010428072,-0.3854500379773089,-0.01119521989571928,-0.15699296202269108
19.14,-1.2,-0.00123929,34.3734,0.204695,-0.526385,-0.0216454,37.6653,0,597.288,-127.817,-0.348029,34.3734,-0.00123929,-0.011196439024953025,-0.38485967718032027,-0.010448960975046974,-0.14152532281967972
19.16,-1.37343,-0.00141839,34.3737,0.213661,-0.510268,-0.0231063,37.7734,0,597.934,-128.052,-0.348267,34.3737,-0.00141839,-0.012814636321080897,-0.44048646450993845,-0.010291663678919103,-0.06978153549006161
19.18,-1.4,-0.00144583,34.4052,0.218423,-0.493722,-0.0220152,37.8,0,598.581,-128.286,-0.348541,34.4052,-0.00144583,-0.013073858095783484,-0.44980870255704997,-0.008941341904216514,-0.04391329744295003
19.2,-1.3,-0.00134256,34.3679,0.222008,-0.475707,-0.0222875,37.8,0,599.227,-128.522,-0.348806,34.3679,-0.00134256,-0.012127604994665956,-0.4168003156961801,-0.010159895005334043,-0.0589066843038199
19.22,-1.37597,-0.00142101,34.3416,0.229413,-0.457771,-0.0239519,37.8,0,599.873,-128.757,-0.349054,34.3416,-0.00142101,-0.012826976715770287,-0.4404989035822969,-0.011124923284229715,-0.01727209641770311
19.24,-1.5,-0.00154911,34.4265,0.243152,-0.444975,-0.0254707,37.8,0,600.519,-128.992,-0.349328,34.4265,-0.00154911,-0.014015958385647247,-0.4825203913634849,-0.011454741614352752,0.03754539136348489
19.26,-1.4,-0.00144583,34.4444,0.258304,-0.441003,-0.0233462,37.9,0,601.166,-129.227,-0.349617,34.4444,-0.00144583,-0.013087931619737782,-0.45080595188289607,-0.010258268380262218,0.009802951882896094
19.28,-1.47002,-0.00151815,34.4235,0.269144,-0.444836,-0.0258402,37.9,0,601.813,-129.463,-0.349885,34.4235,-0.00151815,-0.013734708714778627,-0.472796745443182,-0.012105491285221374,0.027960745443182
19.3,-1.6,-0.00165238,34.3459,0.276866,-0.452338,-0.0258873,37.9,0,602.46,-129.7,-0.350177,34.3459,-0.00165238,-0.01491724402003996,-0.5123461713878905,-0.010970055979960038,0.0600081713878905
19.32,-1.8,-0.00185893,34.3679,0.283972,-0.459755,-0.0277291,37.9,0,603.105,-129.935,-0.3505,34.3679,-0.00185893,-0.016792084656069697,-0.5771086862513377,-0.010937015343930302,0.11735368625133769
19.34,-1.73637,-0.00179322,34.3655,0.288415,-0.465057,-0.027323,37.9,0,603.751,-130.171,-0.350852,34.3655,-0.00179322,-0.0161974428761865,-0.5566332231615871,-0.011125557123813499,0.09157622316158714
19.36,-1.77533,-0.00183346,34.3974,0.288686,-0.4675,-0.026652,37.9,0,604.396,-130.408,-0.351183,34.3974,-0.00183346,-0.016575441862916797,-0.5701521039354942,-0.010076558137083202,0.10265210393549418
19.38,-1.8,-0.00185893,34.4051,0.286703,-0.468946,-0.028206,37.9,0,605.042,-130.645,-0.351527,34.4051,-0.00185893,-0.016809259279559365,-0.5783242464391679,-0.011396740720440633,0.10937824643916794
19.4,-1.72101,-0.00177735,34.3657,0.28371,-0.473982,-0.0293479,37.9,0,605.688,-130.882,-0.351871,34.3657,-0.00177735,-0.016054183469871267,-0.551713252870555,-0.013293716530128733,0.07773125287055493
19.42,-1.62664,-0.00167989,34.3127,0.280498,-0.486025,-0.0307066,37.9,0,606.333,-131.119,-0.352192,34.3127,-0.00167989,-0.015151741912742323,-0.5198971747293535,-0.015554858087257678,0.0338721747293535
19.44,-1.7,-0.00175566,34.3695,0.280081,-0.50484,-0.0293377,37.9,0,606.977,-131.356,-0.352503,34.3695,-0.00175566,-0.015859921937081457,-0.5450975870165211,-0.013477778062918545,0.04025758701652116
19.46,-1.8,-0.00185893,34.4423,0.283352,-0.527492,-0.0308699,37.9,0,607.623,-131.593,-0.352838,34.4423,-0.00185893,-0.016826430773212886,-0.5795409766202302,-0.014043469226787113,0.052048976620230225
19.48,-1.62973,-0.00168308,34.4713,0.28582,-0.549373,-0.0316,37.9,0,608.269,-131.831,-0.35318,34.4713,-0.00168308,-0.01524680860053964,-0.525577313311782,-0.016353191399460364,-0.023795686688217965
19.5,-1.42563,-0.0014723,34.4774,0.284509,-0.564511,-0.0298101,37.9,0,608.916,-132.07,-0.353476,34.4774,-0.0014723,-0.013339605878722507,-0.4599149277230674,-0.01647049412127749,-0.10459607227693257
19.52,-1.4,-0.00144583,34.412,0.283867,-0.568465,-0.029,37.9,0,609.563,-132.309,-0.353739,34.412,-0.00144583,-0.013076299615220381,-0.4499816223589637,-0.01592370038477962,-0.11848337764103628
19.54,-1.4,-0.00144583,34.4203,0.289487,-0.563759,-0.0321132,37.9,0,610.208,-132.547,-0.354007,34.4203,-0.00144583,-0.01307927959486816,-0.4501927274392405,-0.01903392040513184,-0.11356627256075952
19.56,-1.22479,-0.00126489,34.4346,0.298816,-0.557209,-0.0299437,37.9,0,610.854,-132.786,-0.354268,34.4346,-0.00126489,-0.011446948172619537,-0.3941710815448847,-0.01849675182738046,-0.16303791845511523
19.58,-1.03382,-0.00106767,34.4452,0.30399,-0.551194,-0.0254765,37.9,0,611.5,-133.025,-0.354485,34.4452,-0.00106767,-0.009664963478106862,-0.3329115999960865,-0.015811536521893137,-0.21828240000391347
19.6,-1.0,-0.00103274,34.4348,0.301987,-0.54566,-0.0271604,37.9,0,612.146,-133.264,-0.354673,34.4348,-0.00103274,-0.009346096518378337,-0.32183096439105435,-0.017814303481621663,-0.22382903560894568
19.62,-1.0,-0.00103274,34.5249,0.295162,-0.542823,-0.0292557,37.9,0,612.792,-133.503,-0.354864,34.5249,-0.00103274,-0.00936919576925761,-0.32347054701404204,-0.01988650423074239,-0.219352452985958
19.64,-0.935999,-0.000966643,34.5186,0.284163,-0.540619,-0.02552,37.964,0,613.44,-133.743,-0.355054,34.5186,-0.000966643,-0.008768040505921842,-0.3026604830077137,-0.016751959494078157,-0.23795851699228626
19.66,-0.82422,-0.000851205,34.483,0.268727,-0.5328,-0.0245156,38.0,0,614.087,-133.983,-0.355226,34.483,-0.000851205,-0.007713425230751815,-0.2659820422320148,-0.016802174769248182,-0.2668179577679852
19.68,-0.8,-0.000826191,34.4915,0.253151,-0.520854,-0.0301296,38.0665,0,614.734,-134.223,-0.355378,34.4915,-0.000826191,-0.00748849724719917,-0.2582895028017702,-0.02264110275280083,-0.26256449719822983
19.7,-0.828089,-0.0008552,34.5016,0.243638,-0.512319,-0.029018,38.1719,0,615.38,-134.463,-0.355532,34.5016,-0.0008552,-0.007753575562122171,-0.26751076261411433,-0.02126442443787783,-0.24480823738588564
19.72,-0.625866,-0.000646357,34.4618,0.242968,-0.50997,-0.0240069,38.2741,0,616.027,-134.704,-0.355683,34.4618,-0.000646357,-0.005853737078457536,-0.2017303164503879,-0.018153162921542464,-0.3082396835496122
19.74,-0.6,-0.000619644,34.4578,0.250869,-0.513802,-0.0292715,38.3647,0,616.673,-134.944,-0.355793,34.4578,-0.000619644,-0.00561119517105686,-0.19334944096524306,-0.02366030482894314,-0.3204525590347569
19.76,-0.776819,-0.000802251,34.4976,0.264591,-0.522598,-0.0280954,38.6536,0,617.319,-135.184,-0.355915,34.4976,-0.000802251,-0.007272722592640166,-0.25089147491186337,-0.020822677407359835,-0.27170652508813664
19.78,-0.568838,-0.000587461,34.514,0.278238,-0.529588,-0.0210326,38.9312,0,617.966,-135.424,-0.356063,34.514,-0.000587461,-0.005327957151980585,-0.1838891131434579,-0.015704642848019413,-0.34569888685654204
19.8,-0.324,-0.000334607,34.5119,0.28726,-0.530023,-0.025888,39.252,0,618.613,-135.665,-0.356151,34.5119,-0.000334607,-0.0030345319305830733,-0.10472746253508997,-0.02285346806941693,-0.42529553746491006
19.82,-0.476869,-0.000492481,34.4081,0.293732,-0.527997,-0.0242939,39.4769,0,619.26,-135.906,-0.356209,34.4081,-0.000492481,-0.00445359104221172,-0.15323960593952507,-0.01984030895778828,-0.374757394060475
19.84,-0.537043,-0.000554625,34.3967,0.302466,-0.52818,-0.0210518,39.5,0,619.905,-136.146,-0.356311,34.3967,-0.000554625,-0.005013999927497495,-0.1724650513061531,-0.016037800072502502,-0.3557149486938469
19.86,-0.5,-0.00051637,34.5398,0.313858,-0.530878,-0.0238,39.5,0,620.55,-136.386,-0.356415,34.5398,-0.00051637,-0.004686506124928955,-0.16187098425382113,-0.019113493875071046,-0.36900701574617883
19.88,-0.5,-0.00051637,34.5886,0.325087,-0.534257,-0.0220501,39.5517,0,621.197,-136.627,-0.35651,34.5886,-0.00051637,-0.004692759043219,-0.1623159654422847,-0.017357340956781,-0.3719410345577153
19.9,-0.5,-0.00051637,34.5822,0.33519,-0.534407,-0.0172888,39.6722,0,621.846,-136.868,-0.356606,34.5822,-0.00051637,-0.004691939073935504,-0.1622575754426524,-0.012596860926064496,-0.37214942455734756
19.92,-0.5,-0.00051637,34.5659,0.34561,-0.528408,-0.0237412,39.7,0,622.494,-137.11,-0.356703,34.5659,-0.00051637,-0.004689850597958906,-0.16210890678398776,-0.019051349402041094,-0.36629909321601223
19.94,-0.5,-0.00051637,34.5133,0.358538,-0.514763,-0.0201151,39.7,0,623.142,-137.351,-0.356799,34.5133,-0.00051637,-0.00468310995635274,-0.16162957885658902,-0.01543199004364726,-0.35313342114341095
19.96,-0.57545,-0.000594289,34.512,0.375326,-0.48942,-0.0159545,39.7,0,623.789,-137.592,-0.356899,34.512,-0.000594289,-0.005389588463985961,-0.18600547706908346,-0.010564911536014038,-0.30341452293091653
19.98,-0.6,-0.000619644,34.6095,0.393409,-0.452858,-0.0216593,39.7662,0,624.435,-137.834,-0.357015,34.6095,-0.000619644,-0.00563452411080602,-0.19500806221294092,-0.01602477588919398,-0.25784993778705906
20.0,-0.6,-0.000619644,34.6576,0.40637,-0.415184,-0.0211715,39.8,0,625.084,-138.076,-0.357132,34.6576,-0.000619644,-0.005641917454499515,-0.19553531837106242,-0.015529582545500485,-0.21964868162893758
20.02,-0.6,-0.000619644,34.6372,0.411799,-0.384942,-0.0176652,39.8,0,625.733,-138.318,-0.357248,34.6372,-0.000619644,-0.005638782030174497,-0.19531162093556007,-0.012026417969825502,-0.18963037906443994
20.04,-0.664925,-0.000686694,34.5554,0.416162,-0.364583,-0.0208284,39.8,0,626.383,-138.56,-0.357368,34.5554,-0.000686694,-0.00623500317688242,-0.21545302877844277,-0.014593396823117579,-0.14912997122155722
20.06,-0.8,-0.000826191,34.575,0.425542,-0.354812,-0.0226996,39.8,0,627.03,-138.802,-0.357505,34.575,-0.000826191,-0.00750561848022577,-0.25950675895380604,-0.01519398151977423,-0.09530524104619398
20.08,-0.8,-0.000826191,34.6374,0.435954,-0.351311,-0.0182786,39.8,0,627.678,-139.044,-0.357666,34.6374,-0.000826191,-0.00751840867654385,-0.26041812869291997,-0.01076019132345615,-0.09089287130708001
20.1,-0.8,-0.000826191,34.6401,0.44063,-0.347148,-0.0205108,39.8,0,628.327,-139.287,-0.357821,34.6401,-0.000826191,-0.007518962009713923,-0.26045759591269124,-0.012991837990286076,-0.08669040408730877
20.12,-1.04435,-0.00107854,34.675,0.441744,-0.342223,-0.0256661,39.8,0,628.976,-139.529,-0.357988,34.675,-0.00107854,-0.009824866114077466,-0.3406772325056361,-0.015841233885922533,-0.0015457674943639144
20.14,-1.1,-0.00113601,34.7188,0.445547,-0.339635,-0.021604,39.8,0,629.625,-139.773,-0.358204,34.7188,-0.00113601,-0.010360723343925638,-0.3597118816330855,-0.011243276656074363,0.020076881633085464
20.16,-0.9,-0.000929465,34.6995,0.450821,-0.338514,-0.022727,39.8,0,630.276,-140.016,-0.358411,34.6995,-0.000929465,-0.008472526810153584,-0.2939924440489243,-0.014254473189846417,-0.04452155595107571
20.18,-0.9,-0.000929465,34.5986,0.452466,-0.336806,-0.0271808,39.8,0,630.926,-140.26,-0.358575,34.5986,-0.000929465,-0.008449264939966651,-0.29233273795193015,-0.01873153506003335,-0.04447326204806984
20.2,-1.07726,-0.00111253,34.5314,0.452103,-0.33231,-0.0257364,39.8,0,631.574,-140.503,-0.358758,34.5314,-0.00111253,-0.010094859766189236,-0.348589640530187,-0.015641540233810765,0.01627964053018699
20.22,-0.921094,-0.00095125,34.6193,0.455113,-0.321181,-0.0259469,39.8,0,632.22,-140.745,-0.358966,34.6193,-0.00095125,-0.00865218581779603,-0.2995326164820261,-0.01729471418220397,-0.02164838351797388
20.24,-0.7,-0.000722917,34.7099,0.461098,-0.302996,-0.0260733,39.8,0,632.869,-140.988,-0.359126,34.7099,-0.000722917,-0.006591604629444167,-0.22879393752754407,-0.019481695370555833,-0.07420206247245592
20.26,-0.874613,-0.000903247,34.6665,0.46555,-0.28344,-0.0241015,39.8,0,633.519,-141.233,-0.35926,34.6665,-0.000903247,-0.008226144715800077,-0.28517164579028337,-0.015875355284199925,0.0017316457902833426
20.28,-0.832668,-0.000859929,34.6373,0.467534,-0.269425,-0.0255426,39.8,0,634.168,-141.476,-0.359435,34.6373,-0.000859929,-0.007825406176119397,-0.2710509413441004,-0.017717193823880602,0.001625941344100379
20.3,-0.521434,-0.000538505,34.6085,0.470033,-0.265399,-0.0270429,39.8,0,634.816,-141.72,-0.359579,34.6085,-0.000538505,-0.004896580179632744,-0.16946329514681982,-0.022146319820367258,-0.09593570485318018
20.32,-0.327187,-0.000337899,34.6176,0.47577,-0.271272,-0.0222894,39.8,0,635.464,-141.964,-0.359656,34.6176,-0.000337899,-0.0030732495241367085,-0.10638852272675493,-0.01921615047586329,-0.1648834772732451
20.34,-0.336496,-0.000347513,34.6284,0.485209,-0.28285,-0.021273,39.8,0,636.113,-142.207,-0.35971,34.6284,-0.000347513,-0.0031616215602734907,-0.10948189603777454,-0.01811137843972651,-0.17336810396222546
20.36,-0.221751,-0.000229011,34.7013,0.494829,-0.297413,-0.022452,39.8,0,636.761,-142.451,-0.35977,34.7013,-0.000229011,-0.002087648618405374,-0.0724441210018704,-0.020364351381594627,-0.22496887899812956
20.38,-0.1,-0.000103274,34.7508,0.498963,-0.314206,-0.0209576,39.8,0,637.411,-142.696,-0.359801,34.7508,-0.000103274,-0.0009427062198732173,-0.032759795305570195,-0.02001489378012678,-0.28144620469442977
20.4,0.0739324,7.63529e-05,34.6959,0.497765,-0.33048,-0.0177128,39.8,0,638.061,-142.94,-0.359806,34.6959,7.63529e-05,0.0006959255623483284,0.02414576371868137,-0.01840872556234833,-0.3546257637186814
20.42,0.178313,0.000184151,34.6812,0.497141,-0.344699,-0.0200795,39.8,0,638.711,-143.185,-0.359779,34.6812,0.000184151,0.0016777900053700594,0.0581877707342401,-0.02175729000537006,-0.40288677073424006
20.44,0.2,0.000206548,34.7284,0.497934,-0.358332,-0.0207288,39.8,0,639.36,-143.429,-0.359738,34.7284,0.000206548,0.0018842653762420243,0.06543752169228352,-0.022613065376242022,-0.4237695216922835
20.46,0.2,0.000206548,34.7577,0.494053,-0.368743,-0.0155583,39.8,0,640.01,-143.674,-0.359698,34.7577,0.000206548,0.001885765776968382,0.06554488114613392,-0.017444065776968384,-0.4342878811461339
20.48,0.2,0.000206548,34.7426,0.482377,-0.369977,-0.0148807,39.8,0,640.661,-143.918,-0.359659,34.7426,0.000206548,0.001884992560065035,0.0654895425173155,-0.016765692560065035,-0.4354665425173155
20.5,0.2,0.000206548,34.8325,0.466289,-0.362403,-0.0167803,39.8,0,641.312,-144.163,-0.35962,34.8325,0.000206548,0.001889595164619997,0.06581932357162605,-0.018669895164619997,-0.42822232357162604
20.52,0.2,0.000206548,34.8351,0.450342,-0.349969,-0.0151383,39.8,0,641.964,-144.408,-0.359582,34.8351,0.000206548,0.0018897282461506877,0.06582887242748382,-0.017028028246150687,-0.4157978724274838
20.54,0.2,0.000206548,34.8311,0.438008,-0.332751,-0.0145456,39.8,0,642.616,-144.653,-0.359543,34.8311,0.000206548,0.0018895235046234914,0.06581418214189129,-0.01643512350462349,-0.3985651821418913
20.56,0.2,0.000206548,34.8138,0.430386,-0.311975,-0.0165592,39.8,0,643.268,-144.898,-0.359504,34.8138,0.000206548,0.0018886379507565998,0.06575066389005012,-0.0184478379507566,-0.37772566389005013
20.58,0.2,0.000206548,34.8366,0.42334,-0.293756,-0.0158698,39.8,0,643.92,-145.143,-0.359465,34.8366,0.000206548,0.0018898050231762674,0.06583438167038234,-0.017759605023176268,-0.3595903816703824
20.6,0.2,0.000206548,34.7887,0.413157,-0.284127,-0.0143987,39.8,0,644.572,-145.388,-0.359426,34.7887,0.000206548,0.0018873529948238233,0.06565855713102754,-0.016286052994823823,-0.34978555713102755
20.62,0.2,0.000206548,34.7952,0.404746,-0.286134,-0.016649,39.8,0,645.224,-145.633,-0.359387,34.7952,0.000206548,0.0018876857676688266,0.06568240382319036,-0.01853668576766883,-0.35181640382319035
20.64,0.2,0.000206548,34.8833,0.405176,-0.298269,-0.0164055,39.8,0,645.875,-145.878,-0.359348,34.8833,0.000206548,0.001892195062093058,0.06600600800951077,-0.01829769506209306,-0.3642750080095108
20.66,0.3,0.000309822,34.9007,0.412214,-0.312168,-0.0161083,39.8,0,646.528,-146.123,-0.359305,34.9007,0.000309822,0.002839628191586174,0.09910501162609157,-0.018947928191586173,-0.4112730116260916
20.68,0.4,0.000413096,34.8885,0.418554,-0.315845,-0.0185369,39.8,0,647.182,-146.369,-0.359236,34.8885,0.000413096,0.0037849224741551093,0.13205026773956052,-0.02232182247415511,-0.4478952677395605
20.7,0.3,0.000309822,34.7609,0.422914,-0.302476,-0.0161445,39.8,0,647.835,-146.614,-0.359158,34.7609,0.000309822,0.0028288944954142936,0.09833491866564671,-0.018973394495414294,-0.4008109186656467
20.72,0.473588,0.000489093,34.7365,0.429166,-0.276021,-0.0178605,39.8,0,648.486,-146.858,-0.359097,34.7365,0.000489093,0.004462807414687246,0.15502230976028353,-0.022323307414687247,-0.43104330976028354
20.74,0.662904,0.000684607,34.8453,0.438755,-0.245885,-0.0186,39.8,0,649.137,-147.103,-0.358987,34.8453,0.000684607,0.006265269010965191,0.21831517826778538,-0.02486526901096519,-0.46420017826778537
20.76,0.621617,0.000641969,34.9381,0.449348,-0.215702,-0.0173135,39.8,0,649.789,-147.347,-0.358851,34.9381,0.000641969,0.005889820887575769,0.205779151152211,-0.02320332088757577,-0.42148115115221096
20.78,0.6,0.000619644,34.9099,0.458407,-0.183543,-0.0138377,39.8,0,650.444,-147.593,-0.358733,34.9099,0.000619644,0.005680669138762947,0.1983115915673006,-0.019518369138762946,-0.3818545915673006
20.8,0.95094,0.000982073,34.8931,0.465639,-0.15342,-0.0159056,39.8,0,651.097,-147.838,-0.3586,34.8931,0.000982073,0.008999199904698848,0.3140099821946474,-0.02490479990469885,-0.4674299821946474
20.82,1.2,0.00123929,34.8255,0.473262,-0.134058,-0.0165721,39.8,0,651.751,-148.083,-0.358385,34.8255,0.00123929,0.01133544509336192,0.39476254309887554,-0.02790754509336192,-0.5288205430988755
20.84,1.2,0.00123929,34.7742,0.484134,-0.126212,-0.0126,39.8,0,652.403,-148.327,-0.35814,34.7742,0.00123929,0.011319687602886989,0.3936330806403127,-0.02391968760288699,-0.5198450806403128
20.86,1.37839,0.00142352,34.8809,0.49693,-0.124035,-0.0146271,39.8,0,653.055,-148.571,-0.357898,34.8809,0.00142352,0.013040089790873744,0.45485006798648797,-0.027667189790873743,-0.578885067986488
20.88,1.6,0.00165238,34.9782,0.503861,-0.123619,-0.0148394,39.8,0,653.708,-148.815,-0.35761,34.9782,0.00165238,0.015176378455198453,0.5308424008816225,-0.030015778455198455,-0.6544614008816225
20.9,1.6,0.00165238,34.9297,0.499966,-0.12131,-0.00972432,39.8,0,654.364,-149.06,-0.357287,34.9297,0.00165238,0.015156530476795039,0.5294130625953076,-0.024880850476795037,-0.6507230625953077
20.92,1.6,0.00165238,34.8159,0.493292,-0.114125,-0.0107686,39.8,0,655.018,-149.304,-0.356975,34.8159,0.00165238,0.015109940557898176,0.5260661794697271,-0.025878540557898178,-0.6401911794697271
20.94,1.6,0.00165238,34.8762,0.494747,-0.10512,-0.0105843,39.8,0,655.671,-149.547,-0.356664,34.8762,0.00165238,0.015134630762000629,0.5278384093816862,-0.02571893076200063,-0.6329584093816862
20.96,1.6,0.00165238,34.9492,0.501534,-0.0979626,-0.00646245,39.8,0,656.325,-149.791,-0.356352,34.9492,0.00165238,0.015164511167601494,0.5299875336987381,-0.021626961167601495,-0.6279501336987381
20.98,1.6,0.00165238,34.9405,0.504352,-0.0897057,-0.00665104,39.8,0,656.98,-150.035,-0.35604,34.9405,0.00165238,0.01516095064734315,0.5297311960934934,-0.02181199064734315,-0.6194368960934934
21.0,1.5,0.00154911,34.9668,0.50327,-0.0766969,-0.00856284,39.8,0,657.635,-150.278,-0.355733,34.9668,0.00154911,0.014223514352610381,0.4973507816648567,-0.02278635435261038,-0.5740476816648566
21.02,1.57336,0.00162487,35.0541,0.502657,-0.0600798,-0.00602624,39.8,0,658.291,-150.522,-0.355442,35.0541,0.00162487,0.014954245315278442,0.524207610706302,-0.020980485315278442,-0.584287410706302
21.04,1.7,0.00175566,34.9875,0.501688,-0.0423243,-0.00692636,39.8,0,658.948,-150.766,-0.355124,34.9875,0.00175566,0.016129004607039043,0.5643135486887785,-0.023055364607039042,-0.6066378486887785
21.06,1.62568,0.00167891,34.9199,0.499383,-0.0255202,-0.0084,39.8,0,659.604,-151.009,-0.354789,34.9199,0.00167891,0.015395803056660051,0.5376199031582632,-0.02379580305666005,-0.5631401031582632
21.08,1.6,0.00165238,34.9823,0.496386,-0.0118758,-0.00681218,39.8,0,660.259,-151.251,-0.354477,34.9823,0.00165238,0.015178056105901842,0.53096331211349,-0.021990236105901843,-0.54283911211349
21.1,1.84897,0.00190951,34.9833,0.490836,-0.00109991,-0.0064,39.8,0,660.916,-151.494,-0.354154,34.9833,0.00190951,0.017540420540330372,0.6136217938885395,-0.02394042054033037,-0.6147217038885395
21.12,1.9,0.0019622,35.0123,0.483949,0.0114343,-0.00936054,39.8,0,661.572,-151.737,-0.353778,35.0123,0.0019622,0.01803851277799093,0.631569820936852,-0.027399052777990932,-0.620135520936852
21.14,1.8,0.00185893,35.0367,0.482388,0.0309265,-0.0072931,39.8,0,662.229,-151.979,-0.353409,35.0367,0.00185893,0.017100378607235674,0.5991408351481342,-0.024393478607235675,-0.5682143351481342
21.16,1.9778,0.00204255,35.0562,0.487814,0.0556131,-0.00731119,39.8,0,662.887,-152.222,-0.353053,35.0562,0.00204255,0.01879937141581504,0.6590345242270952,-0.02611056141581504,-0.6034214242270952
21.18,2.36833,0.00244587,35.0029,0.495195,0.0764945,-0.0101566,39.5267,0,663.545,-152.464,-0.352638,35.0029,0.00244587,0.022479216488620415,0.7868377668295314,-0.03263581648862041,-0.7103432668295314
21.2,2.42789,0.00250738,35.0225,0.503134,0.0901901,-0.0084463,39.3279,0,664.202,-152.706,-0.352153,35.0225,0.00250738,0.02305670561923415,0.8075034725496281,-0.03150300561923415,-0.7173133725496281
21.22,2.47348,0.00255446,34.9989,0.51364,0.104767,-0.00662875,39.3,0,664.859,-152.947,-0.351673,34.9989,0.00255446,0.023474707021274414,0.8215889235668811,-0.030103457021274413,-0.7168219235668811
21.24,2.83364,0.00292641,35.0198,0.523816,0.126156,-0.00833181,39.3,0,665.517,-153.188,-0.35117,35.0198,0.00292641,0.026907975695702767,0.9423119272683717,-0.03523978569570277,-0.8161559272683716
21.26,3.1,0.00320149,35.0972,0.528239,0.150609,-0.00689655,39.2,0,666.175,-153.429,-0.350586,35.0972,0.00320149,0.029498657008097572,1.035320264744602,-0.03639520700809757,-0.884711264744602
21.28,3.0,0.00309822,35.067,0.526343,0.17185,-0.00568358,39.2,0,666.834,-153.67,-0.34997,35.067,0.00309822,0.028523958567426805,1.0002496550839557,-0.0342075385674268,-0.8283996550839556
21.3,3.17883,0.0032829,35.0957,0.520897,0.183155,-0.0068,39.1,0,667.493,-153.91,-0.349379,35.0957,0.0032829,0.030247558603378986,1.0615592424766078,-0.03704755860337899,-0.8784042424766079
21.32,3.47619,0.00359,35.1148,0.513104,0.179289,-0.00539049,38.8476,0,668.153,-154.15,-0.348732,35.1148,0.00359,0.03309406944921367,1.1620916298952482,-0.03848455944921367,-0.9828026298952481
21.34,3.6,0.00371786,35.0922,0.504091,0.16413,-0.00321985,38.5733,0,668.813,-154.39,-0.34803,35.0922,0.00371786,0.03425195095033877,1.201976313139478,-0.037471800950338766,-1.037846313139478
21.36,3.57618,0.00369326,35.0765,0.496986,0.146819,-0.00440943,38.4238,0,669.473,-154.629,-0.34732,35.0765,0.00369326,0.034010962298118334,1.1929855190499479,-0.03842039229811833,-1.0461665190499478
21.38,3.66733,0.0037874,35.1483,0.492171,0.131133,-0.00178797,38.3,0,670.133,-154.868,-0.346616,35.1483,0.0037874,0.0349451948042692,1.2282641905388951,-0.0367331648042692,-1.0971311905388952
21.4,3.97177,0.0041018,35.1615,0.485122,0.117394,-0.000338774,38.3,0,670.794,-155.106,-0.345877,35.1615,0.0041018,0.03785949598315731,1.3311966680117857,-0.03819826998315731,-1.2138026680117857
21.42,4.0,0.00413096,35.1055,0.474533,0.109437,-0.0025342,38.1259,0,671.456,-155.345,-0.345081,35.1055,0.00413096,0.038071402745919594,1.3365156290968803,-0.040605602745919595,-1.2270786290968803
21.44,4.06396,0.00419701,35.1174,0.465698,0.111721,-0.00187208,37.8721,0,672.117,-155.582,-0.344293,35.1174,0.00419701,0.03869249407214986,1.3587797913293158,-0.04056457407214986,-1.2470587913293159
21.46,4.27302,0.00441291,35.1642,0.460967,0.12432,-0.00166983,37.727,0,672.778,-155.819,-0.343483,35.1642,0.00441291,0.04073401613233287,1.4323790900805795,-0.04240384613233287,-1.3080590900805795
21.48,4.4,0.00454405,35.1745,0.455957,0.145872,-0.00052049,37.4301,0,673.44,-156.055,-0.342627,35.1745,0.00454405,0.0419561189079191,1.4757855045266006,-0.0424766089079191,-1.3299135045266006
21.5,4.4,0.00454405,35.1341,0.447698,0.176468,-0.000102073,37.3,0,674.103,-156.291,-0.341757,35.1341,0.00454405,0.041910697826306326,1.472494648499229,-0.04201277082630633,-1.2960266484992289
21.52,4.5,0.00464733,35.2037,0.437553,0.214245,0.00110674,37.2233,0,674.765,-156.527,-0.340889,35.2037,0.00464733,0.04294330672138006,1.511763286827447,-0.04183656672138006,-1.297518286827447
21.54,4.76359,0.00491954,35.167,0.427621,0.254053,0.000691299,37.2,0,675.429,-156.762,-0.339987,35.167,0.00491954,0.04541401852051931,1.5970747893111026,-0.04472271952051931,-1.3430217893111025
21.56,4.8,0.00495715,35.1141,0.421296,0.293447,0.00026928,37.2,0,676.092,-156.996,-0.339037,35.1141,0.00495715,0.045696329408974945,1.604585480499687,-0.04542704940897495,-1.311138480499687
21.58,4.8,0.00495715,35.1153,0.421366,0.335806,0.00348848,37.2,0,676.755,-157.229,-0.338094,35.1153,0.00495715,0.04569780149401274,1.6046920088027052,-0.042209321494012735,-1.2688860088027052
21.6,5.04803,0.0052133,35.1574,0.423641,0.382747,0.00200786,37.2,0,677.418,-157.462,-0.337141,35.1574,0.0052133,0.0481134867346193,1.6915450985237046,-0.0461056267346193,-1.3087980985237047
21.62,5.3,0.00547352,35.1883,0.42063,0.428664,0.0016671,37.2,0,678.081,-157.694,-0.336125,35.1883,0.00547352,0.05055694365172581,1.7790129003000232,-0.048889843651725814,-1.3503489003000233
21.64,5.3,0.00547352,35.1355,0.412398,0.465911,0.00267111,37.2,0,678.746,-157.926,-0.335072,35.1355,0.00547352,0.050485441606597195,1.7738312335685957,-0.0478143316065972,-1.3079202335685958
21.66,5.3,0.00547352,35.164,0.406209,0.4896,0.000490989,37.2,0,679.41,-158.157,-0.334032,35.164,0.00547352,0.05052403880765098,1.7766273006322393,-0.050033049807650984,-1.2870273006322392
21.68,5.46598,0.00564493,35.2009,0.40564,0.500324,-0.000280433,37.2,0,680.074,-158.387,-0.332983,35.2009,0.00564493,0.05215782401373074,1.836002347324934,-0.052438257013730734,-1.335678347324934
21.7,5.5,0.00568007,35.2276,0.406919,0.506268,0.00476096,37.2,0,680.74,-158.617,-0.331899,35.2276,0.00568007,0.052520028216875576,1.8501545460128062,-0.047759068216875575,-1.343886546012806
21.72,5.5,0.00568007,35.1911,0.405847,0.513682,0.00340035,37.1222,0,681.406,-158.846,-0.330816,35.1911,0.00568007,0.05246874662390021,1.8464329093163347,-0.04906839662390021,-1.3327509093163348
21.74,5.56234,0.00574444,35.1905,0.402423,0.516713,0.0,37.0377,0,682.072,-159.074,-0.329732,35.1905,0.00574444,0.05306251468949468,1.8672964231806626,-0.05306251468949468,-1.3505834231806626
21.76,5.6,0.00578334,35.2415,0.398709,0.507643,0.00518155,37.0,0,682.738,-159.302,-0.328634,35.2415,0.00578334,0.05349480364954776,1.8852371228155376,-0.04831325364954776,-1.3775941228155375
21.78,5.5,0.00568007,35.2523,0.396068,0.488061,0.00711675,37.0,0,683.405,-159.529,-0.327536,35.2523,0.00568007,0.05255472577913577,1.8526749595838279,-0.045437975779135775,-1.3646139595838278
21.8,5.5,0.00568007,35.2603,0.394297,0.462936,0.000708339,36.9,0,684.073,-159.755,-0.326458,35.2603,0.00568007,0.052565962934148044,1.8534916228469402,-0.05185762393414804,-1.3905556228469402
21.82,5.5,0.00568007,35.3282,0.39022,0.438625,0.00466012,36.9,0,684.741,-159.981,-0.325375,35.3282,0.00568007,0.052661320112952395,1.860429649214405,-0.04800120011295239,-1.421804649214405
21.84,5.5,0.00568007,35.3043,0.379215,0.425279,0.008998,36.9,0,685.411,-160.207,-0.32429,35.3043,0.00568007,0.05262775921948293,1.857986199812391,-0.04362975921948293,-1.432707199812391
21.86,5.4256,0.00560323,35.2241,0.363299,0.425392,0.00287502,36.9,0,686.081,-160.431,-0.32321,35.2241,0.00560323,0.0518046716936062,1.824772936202754,-0.0489296516936062,-1.399380936202754
21.88,5.3,0.00547352,35.2597,0.352165,0.428913,0.00148193,36.9,0,686.749,-160.655,-0.322153,35.2597,0.00547352,0.05065360384079852,1.7860308753454037,-0.04917167384079852,-1.3571178753454038
21.9,5.3,0.00547352,35.3346,0.350796,0.429021,0.0083649,36.9,0,687.418,-160.878,-0.321116,35.3346,0.00547352,0.05075496505294221,1.793406388159692,-0.04239006505294221,-1.364385388159692
21.92,5.3,0.00547352,35.3075,0.354351,0.428576,0.00440587,36.9,0,688.089,-161.101,-0.32007,35.3075,0.00547352,0.050718295373630755,1.7907362139044678,-0.046312425373630756,-1.3621602139044677
21.94,5.13599,0.00530414,35.2626,0.357406,0.430339,0.00528015,36.9,0,688.759,-161.322,-0.319033,35.2626,0.00530414,0.04908988417098682,1.73103694956784,-0.043809734170986825,-1.30069794956784
21.96,5.0,0.0051637,35.2187,0.359442,0.433514,0.00761882,36.9,0,689.429,-161.543,-0.318037,35.2187,0.0051637,0.0477340243619972,1.6811302837978708,-0.040115204361997205,-1.2476162837978708
21.98,5.16908,0.00533831,35.1142,0.3632,0.435577,0.00584735,36.9,0,690.098,-161.763,-0.317052,35.1142,0.00533831,0.049210160317381395,1.7279754114165937,-0.043362810317381394,-1.2923984114165936
22.0,5.2,0.00537024,35.2165,0.372475,0.433775,0.00661024,36.9,0,690.766,-161.982,-0.316029,35.2165,0.00537024,0.049640425166601554,1.748162032879624,-0.04303018516660155,-1.3143870328796239
22.02,5.0255,0.00519003,35.4248,0.384415,0.42957,0.00974094,36.9,0,691.435,-162.2,-0.315014,35.4248,0.00519003,0.048241860998450015,1.708958277497892,-0.03850092099845001,-1.279388277497892
22.04,5.06489,0.00523071,35.3687,0.387999,0.428699,0.00934042,36.9,0,692.109,-162.42,-0.314027,35.3687,0.00523071,0.04854747748580906,1.7170611669523348,-0.039207057485809056,-1.2883621669523349
22.06,5.1,0.00526697,35.2621,0.381818,0.435169,0.00886895,36.9,0,692.782,-162.638,-0.313023,35.2621,0.00526697,0.04874521773357469,1.7188587422430839,-0.03987626773357469,-1.283689742243084
22.08,4.93425,0.00509579,35.1747,0.381459,0.44895,0.00542191,36.9,0,693.453,-162.855,-0.312025,35.1747,0.00509579,0.047050779794964116,1.6549970640539244,-0.041628869794964114,-1.2060470640539245
22.1,4.9,0.00506042,35.2875,0.396606,0.467716,0.00227124,36.9,0,694.123,-163.07,-0.311066,35.2875,0.00506042,0.04686537007033332,1.653761746356887,-0.04459413007033332,-1.186045746356887
22.12,4.9,0.00506042,35.3819,0.414064,0.487857,0.00474369,36.9,0,694.795,-163.286,-0.310102,35.3819,0.00506042,0.046983456288197695,1.6623639520433822,-0.04223976628819769,-1.1745069520433822
22.14,4.73545,0.00489049,35.3853,0.416249,0.505792,0.00296726,36.9,0,695.469,-163.502,-0.309143,35.3853,0.00489049,0.045409825324673594,1.6068402920611726,-0.042442565324673595,-1.1010482920611726
22.16,4.3261,0.00446773,35.3379,0.40693,0.518129,-0.00143465,36.9,0,696.143,-163.717,-0.308235,35.3379,0.00446773,0.04143196196385531,1.4641185286825225,-0.042866611963855314,-0.9459895286825225
22.18,4.3,0.00444078,35.344,0.40304,0.520421,-0.00159276,36.8,0,696.817,-163.931,-0.307403,35.344,0.00444078,0.04118873101838895,1.4557745091139391,-0.04278149101838895,-0.9353535091139391
22.2,4.32155,0.00446303,35.3155,0.407576,0.509428,0.0,36.7216,0,697.491,-164.145,-0.306555,35.3155,0.00446303,0.04136366189199634,1.4607784015467968,-0.04136366189199634,-0.9513504015467968
22.22,4.22646,0.00436483,35.2515,0.408481,0.486411,-0.00647077,36.3529,0,698.164,-164.357,-0.305707,35.2515,0.00436483,0.04038445452190698,1.423612598579004,-0.046855224521906984,-0.9372015985790041
22.24,4.26675,0.00440644,35.3458,0.397671,0.456933,-0.004665,35.9665,0,698.837,-164.569,-0.304877,35.3458,0.00440644,0.04087218008958135,1.4446599030103244,-0.04553718008958135,-0.9877269030103244
22.26,4.54897,0.0046979,35.4509,0.377328,0.427887,-0.000451028,35.8255,0,699.511,-164.781,-0.30402,35.4509,0.0046979,0.04369768550977381,1.5491222792384403,-0.04414871350977381,-1.1212352792384404
22.28,4.63304,0.00478472,35.4297,0.355557,0.404277,-0.00439824,35.733,0,700.188,-164.993,-0.303101,35.4297,0.00478472,0.04448019588132374,1.5759199960165358,-0.04887843588132374,-1.1716429960165358
22.3,4.42143,0.00456618,35.3651,0.341556,0.388733,-0.00427147,35.7,0,700.865,-165.204,-0.302191,35.3651,0.00456618,0.04237565997061689,1.4986194524268632,-0.04664712997061689,-1.1098864524268632
22.32,4.57629,0.00472611,35.3682,0.336218,0.380126,-0.00190516,35.6237,0,701.54,-165.415,-0.301321,35.3682,0.00472611,0.043863506031849735,1.551373254035668,-0.04576866603184974,-1.171247254035668
22.34,4.85919,0.00501827,35.3561,0.330555,0.371199,-0.000710267,35.6,0,702.216,-165.624,-0.300396,35.3561,0.00501827,0.04656010890593786,1.6461838664892297,-0.04727037590593786,-1.2749848664892296
22.36,4.72374,0.00487839,35.3143,0.322022,0.353485,-0.0016,35.3237,0,702.891,-165.833,-0.299429,35.3143,0.00487839,0.0452118575126419,1.5966250997586902,-0.0468118575126419,-1.24314009975869
22.38,4.7,0.00485387,35.4134,0.319699,0.325354,6.59348e-05,35.233,0,703.566,-166.041,-0.298506,35.4134,0.00485387,0.04510349602583583,1.5972681461613347,-0.04503756122583583,-1.2719141461613348
22.4,4.97379,0.00513663,35.4768,0.325142,0.291144,0.00328552,35.2,0,704.243,-166.249,-0.297564,35.4768,0.00513663,0.04781148226929419,1.696198394171296,-0.044525962269294186,-1.4050543941712959
22.42,4.9,0.00506042,35.3785,0.327621,0.255533,0.00189124,35.2,0,704.922,-166.457,-0.296569,35.3785,0.00506042,0.04697920415650107,1.6620537742507733,-0.04508796415650107,-1.4065207742507733
22.44,4.7,0.00485387,35.241,0.322593,0.223514,0.00231533,34.9808,0,705.599,-166.664,-0.295615,35.241,0.00485387,0.044896633369164295,1.582202256562719,-0.0425813033691643,-1.358688256562719
22.46,4.67944,0.00483264,35.3461,0.314439,0.200003,0.00255888,34.8206,0,706.273,-166.869,-0.294701,35.3461,0.00483264,0.04482583916911764,1.584418593855549,-0.04226695916911764,-1.3844155938555491
22.48,4.7,0.00485387,35.4331,0.303499,0.184909,0.0024426,34.7,0,706.95,-167.074,-0.293777,35.4331,0.00485387,0.04512712261816351,1.5989938484416497,-0.04268452261816351,-1.4140848484416497
22.5,4.62676,0.00477824,35.4615,0.287664,0.174845,0.00227888,34.7,0,707.628,-167.279,-0.29285,35.4615,0.00477824,0.04445749480312999,1.5765294519611943,-0.042178614803129996,-1.4016844519611944
22.52,4.4,0.00454405,35.4663,0.270314,0.169051,0.0028,34.7,0,708.307,-167.483,-0.291949,35.4663,0.00454405,0.042283911697955506,1.4996538974531992,-0.03948391169795551,-1.3306028974531992
22.54,4.4,0.00454405,35.4441,0.25619,0.167795,0.00127788,34.7,0,708.987,-167.687,-0.291089,35.4441,0.00454405,0.04225899030089102,1.4978318781238111,-0.040981110300891015,-1.3300368781238112
22.56,4.3,0.00444078,35.406,0.246608,0.170053,0.00221097,34.7,0,709.666,-167.89,-0.290223,35.406,0.00444078,0.04125677703171248,1.460737447584812,-0.03904580703171248,-1.290684447584812
22.58,4.03566,0.00416778,35.356,0.241949,0.175052,0.00152868,34.7,0,710.345,-168.092,-0.289392,35.356,0.00416778,0.038668957306827956,1.3671796545402093,-0.03714027730682796,-1.1921276545402093
22.6,3.72348,0.00384538,35.4047,0.240718,0.180343,4.69599e-05,34.7,0,711.022,-168.294,-0.288623,35.4047,0.00384538,0.03572395811760701,1.2647960199664408,-0.03567699821760701,-1.0844530199664408
22.62,3.8,0.00392441,35.4612,0.237383,0.181866,-0.000165318,34.7,0,711.701,-168.495,-0.287899,35.4612,0.00392441,0.03651294521115004,1.2947928527216337,-0.03667826321115004,-1.1129268527216336
22.64,3.8,0.00392441,35.4826,0.228691,0.180535,-0.00118588,34.7,0,712.382,-168.696,-0.287143,35.4826,0.00392441,0.03653369086313414,1.2963103394202433,-0.03771957086313414,-1.1157753394202432
22.66,3.8,0.00392441,35.4034,0.217863,0.181846,-0.00359463,34.7,0,713.062,-168.897,-0.28639,35.4034,0.00392441,0.036456901365673575,1.2906982618094878,-0.040051531365673576,-1.1088522618094878
22.68,3.8,0.00392441,35.4023,0.207439,0.187381,-0.00466819,34.7,0,713.742,-169.097,-0.285639,35.4023,0.00392441,0.03645583462892706,1.2906203942836645,-0.041124024628927065,-1.1032393942836645
22.7,3.8,0.00392441,35.3476,0.19537,0.194919,-0.004,34.7,0,714.421,-169.296,-0.284888,35.3476,0.00392441,0.03640278126529515,1.2867509510531467,-0.040402781265295146,-1.0918319510531467
22.72,3.72079,0.0038426,35.3364,0.182452,0.204905,-0.00289103,34.7,0,715.1,-169.495,-0.284142,35.3364,0.0038426,0.0356332669562908,1.2591513744742742,-0.0385242969562908,-1.0542463744742743
22.74,3.7,0.00382114,35.4732,0.174068,0.219524,-0.0044604,34.7,0,715.778,-169.692,-0.283413,35.4732,0.00382114,0.03556343269898033,1.261548760817469,-0.04002383269898033,-1.0420247608174689
22.76,3.7,0.00382114,35.5384,0.171037,0.239448,-0.00437292,34.7,0,716.459,-169.891,-0.282681,35.5384,0.00382114,0.03562496526106895,1.266054265433973,-0.039997885261068955,-1.0266062654339732
22.78,3.7,0.00382114,35.492,0.169553,0.264469,-0.00247083,34.7,0,717.142,-170.089,-0.281947,35.492,0.00382114,0.035581177296785955,1.2628471446175271,-0.038052007296785956,-0.998378144617527
22.8,3.7,0.00382114,35.4234,0.169981,0.291792,-0.00294532,34.7,0,717.824,-170.286,-0.281214,35.4234,0.00382114,0.0355164202535461,1.258112361209465,-0.0384617402535461,-0.9663203612094649
22.82,3.6,0.00371786,35.4576,0.174131,0.31358,-0.0040503,34.7,0,718.505,-170.482,-0.280487,35.4576,0.00371786,0.03458786701656229,1.226402753526459,-0.03863816701656229,-0.912822753526459
22.84,3.6,0.00371786,35.4283,0.179336,0.322164,-0.0030589,34.7,0,719.186,-170.678,-0.27978,35.4283,0.00371786,0.03456095397298181,1.2244358456409916,-0.037619853972981815,-0.9022718456409916
22.86,3.5,0.00361459,35.451,0.183939,0.317846,-0.00271155,34.7,0,719.867,-170.874,-0.279073,35.451,0.00361459,0.03362122703066471,1.1919061194640947,-0.03633277703066471,-0.8740601194640947
22.88,3.3,0.00340804,35.5241,0.188921,0.306757,-0.00320427,34.7,0,720.549,-171.069,-0.278395,35.5241,0.00340804,0.031761515682066,1.1282992592412806,-0.034965785682066,-0.8215422592412807
22.9,3.3,0.00340804,35.5414,0.191526,0.292784,-0.00277875,34.7,0,721.232,-171.264,-0.27775,35.5414,0.00340804,0.031776075490034236,1.129366209421503,-0.03455482549003423,-0.836582209421503
22.92,3.22447,0.00333004,35.491,0.188796,0.275617,-0.00415949,34.7,0,721.916,-171.459,-0.277099,35.491,0.00333004,0.03100735958024969,1.1004821988626416,-0.03516684958024969,-0.8248651988626416
22.94,2.87775,0.00297197,35.3929,0.185441,0.253094,-0.00507862,34.7,0,722.599,-171.653,-0.276481,35.3929,0.00297197,0.027601172463709755,0.9768855368908329,-0.03267979246370976,-0.723791536890833
22.96,2.63389,0.00272012,35.4432,0.187117,0.22426,-0.00593222,34.7,0,723.28,-171.846,-0.275942,35.4432,0.00272012,0.02529599556964586,0.896571030174072,-0.031228215569645862,-0.672311030174072
22.98,2.76296,0.00285341,35.488,0.1905,0.193226,-0.00564452,34.7,0,723.962,-172.039,-0.275426,35.488,0.00285341,0.026567122912103856,0.9428140579047416,-0.032211642912103856,-0.7495880579047416
23.0,2.8,0.00289167,35.5245,0.189493,0.166721,-0.00613081,34.7,0,724.645,-172.231,-0.274871,35.5245,0.00289167,0.026949418423519507,0.9573646147863188,-0.03308022842351951,-0.7906436147863188
23.02,2.73343,0.00282292,35.5167,0.184147,0.144838,-0.00773258,34.7,0,725.329,-172.424,-0.274317,35.5167,0.00282292,0.02630324965692648,0.9342046270901607,-0.03403582965692648,-0.7893666270901607
23.04,2.7,0.0027884,35.4889,0.176381,0.120052,-0.00899834,34.7,0,726.013,-172.616,-0.27378,35.4889,0.0027884,0.025962453768792245,0.9213789255552911,-0.03496079376879224,-0.8013269255552911
23.06,2.7,0.0027884,35.4009,0.165349,0.0888289,-0.00906724,34.7,0,726.696,-172.808,-0.273247,35.4009,0.0027884,0.025901831142545732,0.9169481340941472,-0.03496907114254573,-0.8281192340941472
23.08,2.65585,0.0027428,35.3629,0.151692,0.0570457,-0.00578191,34.7,0,727.378,-172.999,-0.272715,35.3629,0.0027428,0.02545248629940633,0.9000737277572761,-0.03123439629940633,-0.8430280277572761
23.1,2.5,0.00258185,35.4395,0.138454,0.0305426,-0.00786263,34.7,0,728.059,-173.189,-0.272201,35.4395,0.00258185,0.02400777551857066,0.850823560490385,-0.03187040551857066,-0.820280960490385
23.12,2.6,0.00268512,35.5357,0.126799,0.00790094,-0.00875258,34.8589,0,728.742,-173.38,-0.271709,35.5357,0.00268512,0.025031857015120285,0.8895245613322098,-0.03378443701512028,-0.8816236213322098
23.14,2.6,0.00268512,35.4987,0.118444,-0.0141127,-0.00643978,35.0,0,729.427,-173.57,-0.271188,35.4987,0.00268512,0.02500732101363146,0.8877273864665991,-0.03144710101363146,-0.9018400864665991
23.16,2.6,0.00268512,35.4056,0.11871,-0.0342711,-0.00721643,35.1,0,730.111,-173.76,-0.270673,35.4056,0.00268512,0.024945562844728708,0.8832126198553267,-0.03216199284472871,-0.9174837198553267
23.18,2.6,0.00268512,35.4088,0.128589,-0.0479918,-0.0068466,35.1,0,730.793,-173.949,-0.270159,35.4088,0.00268512,0.02494768605579282,0.8833676260123567,-0.03179428605579282,-0.9313594260123568
23.2,2.7,0.0027884,35.4215,0.139886,-0.0508182,-0.00432404,35.1,0,731.476,-174.138,-0.26964,35.4215,0.0027884,0.025916024760495652,0.9179844710538968,-0.030240064760495653,-0.9688026710538968
23.22,2.6,0.00268512,35.4222,0.145745,-0.0422082,-0.0060219,35.1,0,732.159,-174.327,-0.269106,35.4222,0.00268512,0.024956576630183788,0.8840168487096961,-0.03097847663018379,-0.9262250487096961
23.24,2.6,0.00268512,35.5444,0.147305,-0.0272774,-0.00816854,35.1,0,732.842,-174.515,-0.268597,35.5444,0.00268512,0.025037625624617508,0.8899473802516547,-0.033206165624617506,-0.9172247802516547
23.26,2.7,0.0027884,35.5785,0.145306,-0.0112876,-0.0061852,35.1,0,733.527,-174.704,-0.268076,35.5785,0.0027884,0.026024150944774595,0.9259002543886629,-0.0322093509447746,-0.9371878543886628
23.28,2.8,0.00289167,35.5367,0.137183,0.0054963,-0.0055457,35.1,0,734.214,-174.892,-0.26753,35.5367,0.00289167,0.026958130419609736,0.9580029932825453,-0.03250383041960973,-0.9525066932825453
23.3,2.65076,0.00273754,35.4579,0.125545,0.0234643,-0.00839088,35.1,0,734.899,-175.08,-0.266977,35.4579,0.00273754,0.02546793694111294,0.9030395612642886,-0.03385881694111294,-0.8795752612642886
23.32,2.6505,0.00273728,35.4798,0.11718,0.0392841,-0.00809095,35.1,0,735.583,-175.266,-0.26646,35.4798,0.00273728,0.025480326481102426,0.9040368874842178,-0.033571276481102426,-0.8647527874842178
23.34,2.7,0.0027884,35.4904,0.113502,0.0491063,-0.00643404,35.1957,0,736.268,-175.453,-0.265932,35.4904,0.0027884,0.025963486875646282,0.9214545346114368,-0.03239752687564628,-0.8723482346114367
23.36,2.65369,0.00274057,35.4868,0.112168,0.0519968,-0.0078631,35.2,0,736.953,-175.639,-0.265397,35.4868,0.00274057,0.02551569064519414,0.9054702107878754,-0.03337879064519414,-0.8534734107878754
23.38,2.45681,0.00253724,35.5348,0.113203,0.0494938,-0.00825446,35.2,0,737.638,-175.825,-0.264883,35.5348,0.00253724,0.023652685318381602,0.8404934422516265,-0.031907145318381604,-0.7909996422516264
23.4,2.44684,0.00252694,35.5655,0.115273,0.0433853,-0.00757469,35.2,0,738.324,-176.011,-0.264406,35.5655,0.00252694,0.0235758218918378,0.8384858934941573,-0.031150511891837797,-0.7951005934941573
23.42,2.5,0.00258185,35.5245,0.11411,0.0347415,-0.00837478,35.2,0,739.01,-176.197,-0.263918,35.5245,0.00258185,0.024061983776021482,0.8547899426512752,-0.032436763776021484,-0.8200484426512752
23.44,2.40523,0.00248397,35.432,0.1102,0.025628,-0.0086209,35.2,0,739.696,-176.382,-0.263425,35.432,0.00248397,0.02309301489061369,0.8182317036042243,-0.03171391489061369,-0.7926037036042243
23.46,2.05281,0.00212002,35.4518,0.109181,0.0188725,-0.0106719,35.2,0,740.381,-176.567,-0.262971,35.4518,0.00212002,0.01971979798566891,0.699102334228337,-0.03039169798566891,-0.680229834228337
23.48,2.0,0.00206548,35.503,0.1129,0.0153476,-0.00983353,35.2,0,741.065,-176.751,-0.262585,35.503,0.00206548,0.01923860419029575,0.68302816456807,-0.02907213419029575,-0.66768056456807
23.5,1.92884,0.00199198,35.5744,0.11783,0.0143321,-0.00790269,35.2,0,741.751,-176.935,-0.262194,35.5744,0.00199198,0.01858911916625101,0.6612967608678799,-0.02649180916625101,-0.64696466086788
23.52,1.8,0.00185893,35.536,0.121375,0.0141888,-0.0086,35.2,0,742.438,-177.119,-0.261821,35.536,0.00185893,0.01732987036361511,0.6158342732414266,-0.02592987036361511,-0.6016454732414266
23.54,1.70451,0.00176031,35.5114,0.124318,0.0108379,-0.0101279,35.2,0,743.125,-177.303,-0.261475,35.5114,0.00176031,0.016399789516377532,0.5823794854318891,-0.02652768951637753,-0.5715415854318892
23.56,1.7,0.00175566,35.4852,0.128304,0.00117235,-0.00870536,35.2,0,743.811,-177.487,-0.261142,35.4852,0.00175566,0.016345106953326787,0.5800093892601917,-0.025050466953326786,-0.5788370392601917
23.58,1.51548,0.00156509,35.4538,0.134494,-0.0122709,-0.00875238,35.2,0,744.497,-177.67,-0.260815,35.4538,0.00156509,0.014558766900074002,0.5161636099218436,-0.023311146900074003,-0.5284345099218436
23.6,1.22822,0.00126843,35.4855,0.14241,-0.0255845,-0.011896,35.2,0,745.182,-177.853,-0.260538,35.4855,0.00126843,0.011809108170012041,0.4190521079669623,-0.02370510817001204,-0.4446366079669623
23.62,1.2,0.00123929,35.5546,0.147379,-0.0385456,-0.0118622,35.2469,0,745.868,-178.035,-0.260311,35.5546,0.00123929,0.011558962549273737,0.410974289854408,-0.023421162549273736,-0.449519889854408
23.64,1.2,0.00123929,35.5433,0.144321,-0.0525253,-0.0113705,35.3,0,746.555,-178.218,-0.260074,35.5433,0.00123929,0.011555504595347784,0.41072076648382494,-0.022926004595347785,-0.46324606648382494
23.66,0.9,0.000929465,35.4776,0.136135,-0.0693393,-0.0123875,35.3,0,747.242,-178.401,-0.259851,35.4776,0.000929465,0.008651521481765819,0.306935218521495,-0.02103902148176582,-0.376274518521495
23.68,0.841389,0.000868936,35.4899,0.131233,-0.092087,-0.0141033,35.3,0,747.928,-178.583,-0.25969,35.4899,0.000868936,0.008090753265617541,0.28714002432144,-0.02219405326561754,-0.37922702432143995
23.7,1.0,0.00103274,35.493,0.133024,-0.121887,-0.0130449,35.3,0,748.614,-178.765,-0.259519,35.493,0.00103274,0.009616741069668387,0.3413269907857401,-0.022661641069668385,-0.4632139907857401
23.72,0.952731,0.000983922,35.4971,0.138757,-0.154616,-0.0151782,35.3,0,749.3,-178.948,-0.259315,35.4971,0.000983922,0.009163150271119283,0.32526526148894835,-0.024341350271119284,-0.4798812614889484
23.74,0.8,0.000826191,35.5632,0.144847,-0.183254,-0.0153305,35.327,0,749.986,-179.13,-0.259136,35.5632,0.000826191,0.00770770546226615,0.27411067089566354,-0.02303820546226615,-0.45736467089566357
23.76,0.847662,0.000875414,35.5814,0.148037,-0.202611,-0.0149047,35.4,0,750.674,-179.312,-0.258982,35.5814,0.000875414,0.008170850863302303,0.2907303129075046,-0.023075550863302305,-0.4933413129075046
23.78,1.0,0.00103274,35.562,0.14619,-0.211712,-0.0137643,35.4411,0,751.362,-179.494,-0.258804,35.562,0.00103274,0.00963433873050367,0.3426163539341715,-0.02339863873050367,-0.5543283539341715
23.8,0.9,0.000929465,35.5005,0.14057,-0.214108,-0.0148976,35.5,0,752.049,-179.676,-0.258603,35.5005,0.000929465,0.008656778842137662,0.3073199772853081,-0.023554378842137663,-0.5214279772853081
23.82,0.851035,0.000878897,35.5475,0.133964,-0.215743,-0.0172979,35.5,0,752.736,-179.857,-0.258432,35.5475,0.000878897,0.00819600365267611,0.29134743984350403,-0.025493903652676113,-0.507090439843504
23.84,0.9,0.000929465,35.5721,0.127196,-0.219559,-0.0150779,35.5,0,753.423,-180.039,-0.258263,35.5721,0.000929465,0.00867321277694327,0.30852439222270367,-0.02375111277694327,-0.5280833922227037
23.86,1.0,0.00103274,35.6098,0.120904,-0.223683,-0.0127871,35.5,0,754.111,-180.221,-0.258077,35.6098,0.00103274,0.009646525971656354,0.3435108605454884,-0.02243362597165635,-0.5671938605454884
23.88,0.9,0.000929465,35.5947,0.117775,-0.22679,-0.0147611,35.7403,0,754.799,-180.402,-0.257878,35.5947,0.000929465,0.008678398788287602,0.30890500134946075,-0.0234394987882876,-0.5356950013494608
23.9,1.0,0.00103274,35.5582,0.119231,-0.231192,-0.014937,35.8483,0,755.488,-180.584,-0.257699,35.5582,0.00103274,0.009633369743756356,0.3425452880224373,-0.024570369743756357,-0.5737372880224373
23.92,1.14471,0.00118219,35.5212,0.123076,-0.238325,-0.0143154,35.9,0,756.176,-180.765,-0.257489,35.5212,0.00118219,0.01101663504019869,0.3913240965899057,-0.02533203504019869,-0.6296490965899058
23.94,1.2,0.00123929,35.4858,0.127038,-0.2459,-0.0146531,35.9,0,756.863,-180.946,-0.257252,35.4858,0.00123929,0.011537905751091305,0.4094318159020758,-0.026191005751091304,-0.6553318159020758
23.96,1.1,0.00113601,35.5292,0.131211,-0.252588,-0.013621,35.9,0,757.549,-181.126,-0.257016,35.5292,0.00113601,0.010588535161632738,0.3762021834646819,-0.02420953516163274,-0.6287901834646819
23.98,1.2,0.00123929,35.5834,0.13601,-0.260436,-0.0139845,35.9,0,758.236,-181.307,-0.256798,35.5834,0.00123929,0.01156777484732016,0.4116207595021321,-0.02555227484732016,-0.6720567595021321
24.0,1.2,0.00123929,35.6149,0.142038,-0.270011,-0.0147165,35.9,0,758.925,-181.488,-0.256555,35.6149,0.00123929,0.011577411826710925,0.4123283644671269,-0.026293911826710925,-0.682339364467127
24.02,1.05743,0.00109205,35.5601,0.150641,-0.279202,-0.0147149,35.9,0,759.614,-181.668,-0.256323,35.5601,0.00109205,0.010187124507759862,0.3622551662083915,-0.024902024507759864,-0.6414571662083914
24.04,1.11412,0.0011506,35.5558,0.16079,-0.287827,-0.0151377,35.9,0,760.302,-181.849,-0.256118,35.5558,0.0011506,0.010732083592429636,0.38158781779570966,-0.025869783592429637,-0.6694148177957097
24.06,1.2,0.00123929,35.5359,0.16924,-0.296939,-0.0153324,35.9,0,760.99,-182.029,-0.255889,35.5359,0.00123929,0.011553239987433002,0.4105547808694204,-0.026885639987433,-0.7074937808694204
24.08,1.1,0.00113601,35.5212,0.175417,-0.304302,-0.0140199,35.9,0,761.677,-182.208,-0.255652,35.5212,0.00113601,0.010586290803864001,0.376037752902214,-0.024606190803864003,-0.6803397529022139
24.1,1.1,0.00113601,35.564,0.180595,-0.305931,-0.0141963,35.9,0,762.365,-182.388,-0.255439,35.564,0.00113601,0.010598297061254099,0.37691783668644074,-0.0247945970612541,-0.6828488366864407
24.12,1.13986,0.00117718,35.6229,0.18252,-0.299203,-0.0159608,35.9,0,763.053,-182.568,-0.255218,35.6229,0.00117718,0.01099950602069957,0.39183430302477873,-0.02696030602069957,-0.6910373030247787
24.14,1.2,0.00123929,35.5706,0.178681,-0.282343,-0.0131142,35.9,0,763.742,-182.747,-0.254987,35.5706,0.00123929,0.01156385842902641,0.41133338263552677,-0.024678058429026407,-0.6936763826355268
24.16,1.2,0.00123929,35.533,0.172529,-0.257067,-0.0128967,35.9,0,764.431,-182.927,-0.254745,35.533,0.00123929,0.011552352482835624,0.41048974077259825,-0.024449052482835625,-0.6675567407725982
24.18,1.13581,0.001173,35.5645,0.167285,-0.230661,-0.016373,35.9,0,765.119,-183.106,-0.254511,35.5645,0.001173,0.010943536864788321,0.38920141682776427,-0.02731653686478832,-0.6198624168277642
24.2,1.3,0.00134256,35.5748,0.160613,-0.209146,-0.0129908,35.9,0,765.807,-183.285,-0.25428,35.5748,0.00134256,0.012528867722619335,0.44571196345863834,-0.025519667722619335,-0.6548579634586383
24.22,1.3,0.00134256,35.5948,0.152288,-0.193033,-0.0100276,35.9,0,766.496,-183.464,-0.254014,35.5948,0.00134256,0.012535496794665046,0.4461985013067434,-0.022563096794665047,-0.6392315013067433
24.24,1.0,0.00103274,35.5913,0.146313,-0.182373,-0.0134019,35.9,0,767.185,-183.643,-0.25377,35.5913,0.00103274,0.009641809502368719,0.34316453454165574,-0.02304370950236872,-0.5255375345416557
24.26,1.04516,0.00107938,35.631,0.143217,-0.177667,-0.0135549,35.9,0,767.874,-183.821,-0.253584,35.631,0.00107938,0.010087825408035699,0.35943930711371996,-0.0236427254080357,-0.53710630711372
24.28,1.2,0.00123929,35.6191,0.140223,-0.176064,-0.0107233,35.9,0,768.564,-184.0,-0.253367,35.6191,0.00123929,0.011578696641074098,0.41242275352808244,-0.022301996641074098,-0.5884867535280824
24.3,1.03114,0.0010649,35.5624,0.137907,-0.174255,-0.0141282,35.9,0,769.254,-184.178,-0.253129,35.5624,0.0010649,0.009934461880028521,0.35329330716232626,-0.02406266188002852,-0.5275483071623263
24.32,0.758836,0.00078368,35.5319,0.13942,-0.172963,-0.0145177,35.9,0,769.942,-184.356,-0.252946,35.5319,0.00078368,0.007305054500507466,0.2595624660065812,-0.021822754500507465,-0.43252546600658126
24.34,0.824906,0.000851912,35.5278,0.145235,-0.174899,-0.0141509,35.9,0,770.63,-184.534,-0.252806,35.5278,0.000851912,0.007940215204909052,0.28209837775696783,-0.02209111520490905,-0.4569973777569678
24.36,0.832364,0.000859615,35.5917,0.152885,-0.181753,-0.0140431,35.9,0,771.318,-184.712,-0.252638,35.5917,0.000859615,0.008025573557571294,0.28564380638901027,-0.02206867355757129,-0.46739680638901027
24.38,0.634329,0.000655096,35.6421,0.158626,-0.194639,-0.0132746,35.9,0,772.008,-184.89,-0.252482,35.6421,0.000655096,0.006124284000789091,0.21828234278452485,-0.01939888400078909,-0.41292134278452486
24.4,0.4,0.000413096,35.6436,0.159301,-0.213942,-0.0132136,35.9,0,772.698,-185.068,-0.252378,35.6436,0.000413096,0.0038620556252303255,0.13765756588345962,-0.017075655625230328,-0.35159956588345964
24.42,0.538038,0.000555653,35.6025,0.158235,-0.236812,-0.0156196,35.9,0,773.388,-185.246,-0.252303,35.6025,0.000555653,0.00518919151896338,0.18474819105389373,-0.02080879151896338,-0.42156019105389375
24.44,0.5,0.00051637,35.5481,0.164974,-0.25673,-0.0122684,35.9,0,774.078,-185.424,-0.252191,35.5481,0.00051637,0.004815395810231653,0.1711781718016958,-0.01708379581023165,-0.4279081718016958
24.46,0.457218,0.000472186,35.6299,0.181349,-0.267475,-0.0138278,35.9,0,774.766,-185.601,-0.252096,35.6299,0.000472186,0.004412894489252324,0.15723098936261137,-0.018240694489252324,-0.4247059893626114
24.48,0.5,0.00051637,35.673,0.195272,-0.266847,-0.0158,35.9,0,775.456,-185.779,-0.252005,35.673,0.00051637,0.0048313162687095455,0.17234754525367563,-0.020631316268709548,-0.43919454525367563
24.5,0.5,0.00051637,35.6331,0.197111,-0.256123,-0.01335,35.7875,0,776.147,-185.957,-0.251903,35.6331,0.00051637,0.004826231485309393,0.17197358913917812,-0.018176231485309394,-0.42809658913917814
24.52,0.5,0.00051637,35.5699,0.192148,-0.239621,-0.0116852,35.5612,0,776.837,-186.134,-0.251804,35.5699,0.00051637,0.004818175286943556,0.17138201313905357,-0.016503375286943556,-0.4110030131390536
24.54,0.4,0.000413096,35.6139,0.188093,-0.224997,-0.0159316,35.5,0,777.527,-186.311,-0.251709,35.6139,0.000413096,0.003859027320911394,0.1374350131042063,-0.019790627320911393,-0.3624320131042063
24.56,0.43856,0.000452918,35.6139,0.184037,-0.217822,-0.0137517,35.5,0,778.216,-186.489,-0.251633,35.6139,0.000452918,0.004231033358407234,0.1506835989229794,-0.017982733358407235,-0.3685055989229794
24.58,0.468289,0.000483621,35.627,0.179433,-0.217584,-0.0137171,35.5,0,778.906,-186.666,-0.251542,35.627,0.000483621,0.004519416065913711,0.1610132361803078,-0.01823651606591371,-0.37859723618030783
24.6,0.4,0.000413096,35.6537,0.178823,-0.222801,-0.0164469,35.5,0,779.596,-186.843,-0.251451,35.6537,0.000413096,0.0038630853486903956,0.13773328609660276,-0.020309985348690395,-0.36053428609660276
24.62,0.442101,0.000456575,35.6957,0.18329,-0.234058,-0.016158,35.5,0,780.287,-187.021,-0.251373,35.6957,0.000456575,0.0042744132583829916,0.15257817334726176,-0.020432413258382992,-0.38663617334726175
24.64,0.6,0.000619644,35.6437,0.189972,-0.251025,-0.0141283,35.4,0,780.979,-187.198,-0.251275,35.6437,0.000619644,0.00579309914306552,0.20648748792568447,-0.01992139914306552,-0.45751248792568444
24.66,0.56048,0.00057883,35.5797,0.199474,-0.271522,-0.0167581,35.4,0,781.669,-187.376,-0.251149,35.5797,0.00057883,0.005402381333414913,0.1922151071285026,-0.022160481333414916,-0.4637371071285026
24.68,0.4,0.000413096,35.5884,0.212956,-0.291484,-0.0173883,35.3,0,782.358,-187.552,-0.251048,35.5884,0.000413096,0.0038564268978818197,0.13724406301257736,-0.02124472689788182,-0.4287280630125774
24.7,0.566535,0.000585083,35.625,0.225795,-0.305397,-0.0158718,35.3,0,783.048,-187.729,-0.250968,35.625,0.000585083,0.005467285168222843,0.19477203411793878,-0.021339085168222843,-0.5001690341179388
24.72,0.7,0.000722917,35.6575,0.23278,-0.310924,-0.0151243,35.3,0,783.738,-187.906,-0.250841,35.6575,0.000722917,0.006761068763267823,0.2410828094262224,-0.021885368763267823,-0.5520068094262224
24.74,0.617425,0.000637639,35.6534,0.233498,-0.310957,-0.0181469,35.3,0,784.429,-188.083,-0.250699,35.6534,0.000637639,0.0059628623131956215,0.21259631519728875,-0.024109762313195622,-0.5235533151972888
24.76,0.448029,0.000462697,35.6716,0.227276,-0.30854,-0.0177599,35.2,0,785.12,-188.26,-0.250588,35.6716,0.000462697,0.004328975271844971,0.15442147430714503,-0.02208887527184497,-0.462961474307145
24.78,0.8,0.000826191,35.62,0.211639,-0.303391,-0.0128313,35.0569,0,785.811,-188.437,-0.25049,35.62,0.000826191,0.00771929064022348,0.27496113260476035,-0.02055059064022348,-0.5783521326047604
24.8,0.654186,0.000675604,35.5946,0.190352,-0.29514,-0.0173953,34.6809,0,786.501,-188.613,-0.250321,35.5946,0.000675604,0.006308085443186359,0.22453377811604117,-0.023703385443186356,-0.5196737781160412
24.82,0.4,0.000413096,35.6937,0.172267,-0.286423,-0.016111,34.4777,0,787.191,-188.79,-0.250211,35.6937,0.000413096,0.0038671629429458416,0.138033353936626,-0.01997816294294584,-0.42445635393662595
24.84,0.51241,0.000529186,35.7805,0.159039,-0.280154,-0.0148224,34.4,0,787.883,-188.966,-0.250138,35.7805,0.000529186,0.0049652610872955305,0.17765952433397775,-0.01978766108729553,-0.45781352433397776
24.86,0.676651,0.000698804,35.6618,0.146586,-0.274995,-0.015133,34.4,0,788.576,-189.144,-0.250022,35.6618,0.000698804,0.006536293835048002,0.23309600348671486,-0.021669293835048002,-0.5080910034867149
24.88,0.580933,0.000599953,35.5139,0.138451,-0.26666,-0.0146288,34.3809,0,789.267,-189.32,-0.249884,35.5139,0.000599953,0.005589780213002937,0.198514895506565,-0.020218580213002938,-0.465174895506565
24.9,0.554983,0.000573153,35.5526,0.141952,-0.254468,-0.016972,34.2,0,789.956,-189.496,-0.249774,35.5526,0.000573153,0.005345561264051229,0.19004860139630772,-0.022317561264051232,-0.4445166013963078
24.92,0.8,0.000826191,35.6389,0.15329,-0.242779,-0.0150237,34.2,0,790.645,-189.671,-0.249653,35.6389,0.000826191,0.00772314482804227,0.27524438621211567,-0.02274684482804227,-0.5180233862121156
24.94,0.671612,0.0006936,35.6385,0.162038,-0.235601,-0.0158573,34.2,0,791.335,-189.847,-0.249488,35.6385,0.0006936,0.006483629473744074,0.23106682900002817,-0.022340929473744074,-0.4666678290000282
24.96,0.4,0.000413096,35.6378,0.165271,-0.233642,-0.0169378,34.2,0,792.026,-190.023,-0.249375,35.6378,0.000413096,0.0038614642750385507,0.13761409154096885,-0.02079926427503855,-0.37125609154096884
24.98,0.5,0.00051637,35.6636,0.166112,-0.235762,-0.0169232,34.1,0,792.717,-190.199,-0.249304,35.6636,0.00051637,0.004830118442514174,0.17225941208644852,-0.021753318442514172,-0.4080214120864485
25.0,0.472064,0.000487519,35.6342,0.165778,-0.240542,-0.0147261,33.8794,0,793.408,-190.375,-0.249201,35.6342,0.000487519,0.0045567090901568194,0.16237468306046612,-0.01928280909015682,-0.40291668306046613
25.02,0.3,0.000309822,35.6163,0.162436,-0.246872,-0.0145697,33.6712,0,794.099,-190.551,-0.249117,35.6163,0.000309822,0.0028944539649485386,0.10308974075179664,-0.017464153964948537,-0.34996174075179665
25.04,0.31355,0.000323816,35.6863,0.152039,-0.254481,-0.0162272,33.3593,0,794.789,-190.727,-0.249065,35.6863,0.000323816,0.003030784505523694,0.10815748509947021,-0.019257984505523695,-0.3626384850994702
25.06,0.4,0.000413096,35.7006,0.133317,-0.263125,-0.0164749,32.9687,0,795.481,-190.902,-0.248997,35.7006,0.000413096,0.0038678662441975265,0.13808514563759822,-0.02034276624419753,-0.4012101456375982
25.08,0.25109,0.000259311,35.7716,0.114815,-0.271118,-0.0156978,32.6755,0,796.173,-191.078,-0.248921,35.7716,0.000259311,0.002432501057725809,0.08701445483654455,-0.01813030105772581,-0.35813245483654454
25.1,0.1,0.000103274,35.8008,0.107422,-0.27693,-0.0154763,32.6,0,796.866,-191.255,-0.248886,35.8008,0.000103274,0.0009695191035273727,0.034709559521562766,-0.016445819103527375,-0.31163955952156275
25.12,0.224494,0.000231844,35.7788,0.111014,-0.281439,-0.016298,32.6,0,797.56,-191.431,-0.248867,35.7788,0.000231844,0.002175254945068825,0.07782801162862847,-0.018473254945068823,-0.35926701162862845
25.14,0.289611,0.000299092,35.7179,0.118223,-0.286827,-0.0179723,32.5896,0,798.254,-191.607,-0.248813,35.7179,0.000299092,0.002801709991611303,0.10007119730937336,-0.020774009991611303,-0.38689819730937336
25.16,0.0726844,7.5064e-05,35.6296,0.126468,-0.294315,-0.0167444,32.4727,0,798.946,-191.783,-0.248762,35.6296,7.5064e-05,0.0007015177565377297,0.0249947970583367,-0.01744591775653773,-0.3193097970583367
25.18,0.0204392,2.11084e-05,35.6493,0.1367,-0.304607,-0.0176453,32.1591,0,799.637,-191.959,-0.248761,35.6493,2.11084e-05,0.0001973731946512532,0.007036216228080919,-0.017842673194651253,-0.31164321622808094
25.2,0.1,0.000103274,35.7179,0.14398,-0.318165,-0.0174087,31.938,0,800.328,-192.134,-0.248756,35.7179,0.000103274,0.0009674073197360155,0.03455375790559903,-0.018376107319736015,-0.35271875790559903
25.22,0.0772667,7.97964e-05,35.7801,0.139813,-0.332813,-0.0146455,31.9,0,801.02,-192.31,-0.248733,35.7801,7.97964e-05,0.0007487079359216259,0.026788844818069365,-0.015394207935921627,-0.3596018448180694
25.24,-0.1,-0.000103274,35.7058,0.123541,-0.346189,-0.0160781,31.8919,0,801.714,-192.486,-0.248728,35.7058,-0.000103274,-0.0009670990114363806,-0.034531043882545125,-0.015111000988563621,-0.3116579561174549
25.26,0.0,0.0,35.7079,0.103179,-0.358439,-0.0186814,31.7,0,802.406,-192.662,-0.248752,35.7079,0.0,0.0,0.0,-0.0186814,-0.358439
25.28,0.0,0.0,35.6798,0.0866396,-0.366706,-0.0171856,31.1982,0,803.098,-192.838,-0.248747,35.6798,0.0,0.0,0.0,-0.0171856,-0.366706
25.3,-0.153029,-0.000158039,35.6508,0.0774072,-0.366018,-0.0151069,30.677,0,803.79,-193.014,-0.248754,35.6508,-0.000158039,-0.001477795452679918,-0.052684590124401215,-0.013629104547320081,-0.31333340987559877
25.32,-0.37193,-0.000384107,35.7158,0.0741981,-0.358803,-0.019593,30.6,0,804.481,-193.189,-0.248803,35.7158,-0.000384107,-0.0035978793115331326,-0.12850113791485507,-0.01599512068846687,-0.23030186208514491
25.34,-0.2,-0.000206548,35.749,0.0716792,-0.353461,-0.0199088,30.6,0,805.173,-193.365,-0.24888,35.749,-0.000206548,-0.0019363993436363964,-0.06922434013565754,-0.017972400656363605,-0.2842366598643425
25.36,-0.2,-0.000206548,35.6766,0.0653349,-0.35428,-0.0192,30.6,0,805.866,-193.541,-0.248911,35.6766,-0.000206548,-0.0019327098539143352,-0.06895251637416017,-0.017267290146085662,-0.2853274836258398
25.38,-0.421831,-0.000435641,35.5725,0.0552666,-0.360252,-0.0206,30.5782,0,806.558,-193.717,-0.248962,35.5725,-0.000435641,-0.004065183979059863,-0.14460875709510695,-0.01653481602094014,-0.21564324290489306
25.4,-0.376924,-0.000389264,35.597,0.0428719,-0.370559,-0.0214391,30.5,0,807.247,-193.892,-0.249054,35.597,-0.000389264,-0.003634771461494837,-0.12938695971483172,-0.017804328538505162,-0.2411720402851683
25.42,-0.325176,-0.000335822,35.6183,0.0285022,-0.385081,-0.0215482,30.5,0,807.937,-194.068,-0.249124,35.6183,-0.000335822,-0.003137519898584683,-0.11175312500375881,-0.018410680101415316,-0.2733278749962412
25.44,-0.505811,-0.00052237,35.6367,0.0148902,-0.402012,-0.0208349,30.5,0,808.628,-194.243,-0.249196,35.6367,-0.00052237,-0.004882774405684042,-0.1740059666630405,-0.01595212559431596,-0.22800603333695948
25.46,-0.570502,-0.00058918,35.7333,0.0062938,-0.419048,-0.021518,30.5,0,809.318,-194.419,-0.249308,35.7333,-0.00058918,-0.005521314969684152,-0.1972948042062147,-0.015996685030315847,-0.22175319579378527
25.48,-0.477026,-0.000492643,35.7081,0.00261132,-0.435077,-0.0214784,30.5,0,810.011,-194.596,-0.249421,35.7081,-0.000492643,-0.004613585866142146,-0.16474238546679038,-0.016864814133857854,-0.2703346145332096
25.5,-0.4,-0.000413096,35.6427,-0.000801774,-0.448914,-0.0210385,30.5,0,810.703,-194.772,-0.249507,35.6427,-0.000413096,-0.0038619638651340147,-0.13765081945581215,-0.017176536134865986,-0.31126318054418783
25.52,-0.5,-0.00051637,35.5861,-0.00745323,-0.460147,-0.020945,30.602,0,811.394,-194.948,-0.249588,35.5861,-0.00051637,-0.004820240570987898,-0.17153356298323247,-0.0161247594290121,-0.2886134370167675
25.54,-0.389131,-0.000401871,35.5858,-0.016326,-0.47232,-0.0225612,30.9217,0,812.084,-195.124,-0.249687,35.5858,-0.000401871,-0.003751378781254233,-0.13349581503395688,-0.01880982121874577,-0.33882418496604316
25.56,-0.27405,-0.000283022,35.6004,-0.023529,-0.489687,-0.0219557,31.2259,0,812.773,-195.3,-0.249753,35.6004,-0.000283022,-0.0026429691269522822,-0.09409075810715203,-0.019312730873047718,-0.3955962418928479
25.58,-0.320102,-0.000330581,35.7423,-0.0266222,-0.510998,-0.0220784,31.4603,0,813.463,-195.476,-0.249804,35.7423,-0.000330581,-0.0030986695295293597,-0.11075357592529723,-0.018979730470470642,-0.40024442407470273
25.6,-0.4,-0.000413096,35.7422,-0.0289485,-0.532757,-0.0220317,31.8228,0,814.156,-195.652,-0.249874,35.7422,-0.000413096,-0.003872105914705802,-0.1383975840245977,-0.0181595940852942,-0.39435941597540236
25.62,-0.337793,-0.000348853,35.7102,-0.0372289,-0.55401,-0.022543,31.9285,0,814.848,-195.829,-0.249955,35.7102,-0.000348853,-0.0032671777536984574,-0.11667157102012266,-0.019275822246301543,-0.43733842897987735
25.64,-0.217889,-0.000225022,35.6845,-0.0515615,-0.571938,-0.0215664,32.0,0,815.54,-196.006,-0.250013,35.6845,-0.000225022,-0.002106013336633549,-0.07515203291109988,-0.01946038666336645,-0.49678596708890005
25.66,-0.35169,-0.000363204,35.6456,-0.0637114,-0.582649,-0.0215101,32.0,0,816.232,-196.183,-0.250057,35.6456,-0.000363204,-0.0033957920049087742,-0.12104504349017621,-0.018114307995091228,-0.4616039565098238
25.68,-0.380609,-0.00039307,35.7199,-0.0689248,-0.589319,-0.022549,32.0194,0,816.923,-196.359,-0.250135,35.7199,-0.00039307,-0.0036822321547579293,-0.13152896434473776,-0.01886676784524207,-0.4577900356552623
25.7,-0.269804,-0.000278637,35.7616,-0.0719359,-0.598415,-0.0216776,32.1,0,817.615,-196.536,-0.250207,35.7616,-0.000278637,-0.0026131038913818046,-0.09344877612203954,-0.019064496108618198,-0.5049662238779605
25.72,-0.2,-0.000206548,35.7269,-0.0772526,-0.610148,-0.0221716,32.1,0,818.308,-196.713,-0.250252,35.7269,-0.000206548,-0.001935273275964433,-0.0691413148030537,-0.020236326724035567,-0.5410066851969463
25.74,-0.38141,-0.000393897,35.6862,-0.0817063,-0.621327,-0.0202974,32.1814,0,819.0,-196.89,-0.250297,35.6862,-0.000393897,-0.00368670416850459,-0.1315644622980885,-0.01661069583149541,-0.48976253770191147
25.76,-0.276173,-0.000285215,35.713,-0.0830609,-0.631419,-0.0240765,32.2,0,819.691,-197.067,-0.250377,35.713,-0.000285215,-0.002671373977499173,-0.09540277885842798,-0.021405126022500828,-0.536016221141572
25.78,-0.1,-0.000103274,35.6548,-0.0853308,-0.640006,-0.023412,32.221,0,820.383,-197.244,-0.250418,35.6548,-0.000103274,-0.0009657993218971443,-0.0344353816623783,-0.022446200678102855,-0.6055706183376217
25.8,-0.143963,-0.000148676,35.5956,-0.0885487,-0.644746,-0.0247077,32.3,0,821.074,-197.42,-0.250431,35.5956,-0.000148676,-0.0013882179095630993,-0.04941444942164425,-0.0233194820904369,-0.5953315505783557
25.82,-0.274957,-0.000283959,35.6816,-0.0878056,-0.644747,-0.026306,32.325,0,821.764,-197.597,-0.250469,35.6816,-0.000283959,-0.0026574100413336178,-0.09482064213084962,-0.02364858995866638,-0.5499263578691503
25.84,-0.0934991,-9.65601e-05,35.7501,-0.0849383,-0.641854,-0.024052,32.5145,0,822.455,-197.774,-0.250521,35.7501,-9.65601e-05,-0.0009052826651640905,-0.03236394580788275,-0.02314671733483591,-0.6094900541921173
25.86,0.030275,3.12662e-05,35.6637,-0.0862202,-0.637791,-0.0244367,32.6,0,823.148,-197.951,-0.250524,35.6637,3.12662e-05,0.0002924643846531343,0.010430362074953986,-0.024729164384653134,-0.648221362074954
25.88,0.0,0.0,35.6201,-0.0923378,-0.633069,-0.0247531,32.7469,0,823.839,-198.128,-0.250514,35.6201,0.0,0.0,0.0,-0.0247531,-0.633069
25.9,0.0490229,5.06279e-05,35.655,-0.101041,-0.628096,-0.0244789,33.0606,0,824.529,-198.304,-0.250513,35.655,5.06279e-05,0.00047346524228434066,0.01688140321364817,-0.024952365242284343,-0.6449774032136482
25.92,0.326618,0.000337311,35.6066,-0.109633,-0.621212,-0.0222403,33.2266,0,825.22,-198.481,-0.250487,35.6066,0.000337311,0.0031504571467532647,0.11217706744158479,-0.025390757146753266,-0.7333890674415848
25.94,0.394717,0.00040764,35.5804,-0.109765,-0.608414,-0.0208211,33.3,0,825.91,-198.658,-0.250405,35.5804,0.00040764,0.003804687698825918,0.13537231019930568,-0.024625787698825917,-0.7437863101993056
25.96,0.42487,0.00043878,35.6794,-0.0944817,-0.588709,-0.0218964,33.4,0,826.599,-198.834,-0.250321,35.6794,0.00043878,0.0041060532735073246,0.14650151716677723,-0.026002453273507323,-0.7352105171667773
25.98,0.619809,0.000640101,35.681,-0.0704683,-0.564669,-0.0240038,33.5198,0,827.29,-199.011,-0.250226,35.681,0.000640101,0.005990245423991219,0.21373794697343065,-0.029994045423991218,-0.7784069469734306
26.0,0.771465,0.000796722,35.5754,-0.0504864,-0.53759,-0.0208269,33.6,0,827.982,-199.187,-0.250085,35.5754,0.000796722,0.007435182872948346,0.2645096047782866,-0.028262082872948346,-0.8020996047782867
26.02,0.635843,0.00065666,35.493,-0.0389706,-0.508144,-0.0212,33.6,0,828.671,-199.363,-0.249931,35.493,0.00065666,0.00611473154270417,0.2170301666451991,-0.027314731542704168,-0.7251741666451992
26.04,0.627074,0.000647604,35.5993,-0.0329885,-0.478878,-0.02101,33.6,0,829.359,-199.539,-0.249812,35.5993,0.000647604,0.00604740197180395,0.21528327701484035,-0.02705740197180395,-0.6941612770148404
26.06,0.864587,0.000892893,35.6709,-0.0300041,-0.452118,-0.0179569,33.6,0,830.049,-199.715,-0.249676,35.6709,0.000892893,0.00835371982650776,0.2979847045593757,-0.026310619826507762,-0.7501027045593758
26.08,0.976356,0.00100832,35.6904,-0.0283519,-0.429039,-0.018531,33.6,0,830.74,-199.891,-0.249487,35.6904,0.00100832,0.009438483232580128,0.3368632419640778,-0.027969483232580125,-0.7659022419640777
26.1,0.924731,0.000955006,35.6615,-0.0258318,-0.41116,-0.017873,33.6,0,831.432,-200.067,-0.249289,35.6615,0.000955006,0.008932621025742354,0.31855066470951093,-0.026805621025742354,-0.729710664709511
26.12,1.15349,0.00119126,35.6355,-0.0226055,-0.39835,-0.0178535,33.6,0,832.123,-200.243,-0.249096,35.6355,0.00119126,0.01113477373089498,0.3967932292873081,-0.028988273730894982,-0.7951432292873081
26.14,1.4,0.00144583,35.5706,-0.0214097,-0.387691,-0.0167656,33.6,0,832.814,-200.419,-0.248843,35.5706,0.00144583,0.01349109290255843,0.47988626919974486,-0.03025669290255843,-0.8675772691997449
26.16,1.27107,0.00131269,35.5586,-0.0239647,-0.378919,-0.0162,33.6,0,833.503,-200.594,-0.248559,35.5586,0.00131269,0.01224486781802132,0.4354103567938929,-0.02844486781802132,-0.814329356793893
26.18,1.22316,0.00126321,35.6562,-0.0308269,-0.37592,-0.0201367,33.6,0,834.193,-200.769,-0.248316,35.6562,0.00126321,0.011813748670429492,0.42123338534256805,-0.031950448670429496,-0.7971533853425681
26.2,1.4,0.00144583,35.7129,-0.0419694,-0.379315,-0.0163232,33.6,0,834.884,-200.944,-0.248066,35.7129,0.00144583,0.013541872097786449,0.48361952404103764,-0.02986507209778645,-0.8629345240410377
26.22,1.4,0.00144583,35.6766,-0.0522255,-0.383563,-0.0162913,33.6,0,835.576,-201.119,-0.247778,35.6766,0.00144583,0.013528922068905753,0.482665941083523,-0.029820222068905756,-0.866228941083523
26.24,1.30856,0.0013514,35.6244,-0.0512187,-0.383065,-0.0162,33.6,0,836.268,-201.294,-0.247504,35.6244,0.0013514,0.012627910453546215,0.44986173316131184,-0.028827910453546213,-0.8329267331613118
26.26,1.52714,0.00157714,35.6739,-0.0361123,-0.376,-0.0165257,33.6,0,836.959,-201.469,-0.247237,35.6739,0.00157714,0.01475656728881006,0.5264243058042812,-0.03128226728881006,-0.9024243058042812
26.28,1.66075,0.00171513,35.6196,-0.0174454,-0.362228,-0.0155396,33.6,0,837.651,-201.643,-0.246915,35.6196,0.00171513,0.016024692855816643,0.5707931496470465,-0.03156429285581665,-0.9330211496470465
26.3,1.51955,0.0015693,35.5674,-0.00377749,-0.342642,-0.0147535,33.6,0,838.342,-201.817,-0.246586,35.5674,0.0015693,0.014641957949958323,0.5207763751893476,-0.02939545794995832,-0.8634183751893476
26.32,1.32737,0.00137083,35.6518,0.00768706,-0.319829,-0.0164905,33.6,0,839.031,-201.991,-0.2463,35.6518,0.00137083,0.01281874132372551,0.4570112019251972,-0.02930924132372551,-0.7768402019251972
26.34,1.61132,0.00166407,35.7058,0.0187292,-0.296023,-0.0144642,33.6,0,839.723,-202.164,-0.246032,35.7058,0.00166407,0.015583030885926028,0.5564045842066976,-0.030047230885926028,-0.8524275842066975
26.36,1.67058,0.00172527,35.6868,0.0242698,-0.271947,-0.0132113,33.6,0,840.416,-202.338,-0.245693,35.6868,0.00172527,0.016148045545381795,0.576272071768931,-0.029359345545381797,-0.8482190717689311
26.38,1.57986,0.00163158,35.6255,0.0230165,-0.248327,-0.0137194,33.6,0,841.108,-202.512,-0.245362,35.6255,0.00163158,0.015246448531420556,0.5431623521561231,-0.028965848531420556,-0.791489352156123
26.4,1.56156,0.00161269,35.6451,0.0191353,-0.227441,-0.0144,33.6,0,841.799,-202.685,-0.245053,35.6451,0.00161269,0.015077730514081655,0.537447211947492,-0.029477730514081653,-0.764888211947492
26.42,1.8,0.00185893,35.6172,0.0146748,-0.212568,-0.0130399,33.6,0,842.491,-202.857,-0.244732,35.6172,0.00185893,0.017367137529389294,0.6185688108117643,-0.030407037529389294,-0.8311368108117643
26.44,1.6863,0.00174151,35.6235,0.0116304,-0.205295,-0.0133637,33.6,0,843.182,-203.03,-0.244368,35.6235,0.00174151,0.016272841760312916,0.5796955784485072,-0.029636541760312916,-0.7849905784485072
26.46,1.52537,0.00157531,35.6619,0.0132911,-0.204717,-0.0120985,33.6,0,843.873,-203.202,-0.244046,35.6619,0.00157531,0.014734779780344303,0.5254702430486605,-0.026833279780344305,-0.7301872430486606
26.48,1.71984,0.00177615,35.6424,0.0177816,-0.209584,-0.0122397,33.6,0,844.565,-203.374,-0.243741,35.6424,0.00177615,0.016604807636152234,0.5918351956907925,-0.028844507636152233,-0.8014191956907925
26.5,1.8,0.00185893,35.5926,0.0210014,-0.218822,-0.0124449,33.6,0,845.257,-203.546,-0.243385,35.5926,0.00185893,0.01735584884840366,0.6177397857216921,-0.02980074884840366,-0.836561785721692
26.52,1.7,0.00175566,35.5284,0.0241905,-0.230357,-0.0123425,33.6,0,845.948,-203.718,-0.243028,35.5284,0.00175566,0.01636383897955172,0.5813810168011053,-0.02870633897955172,-0.8117380168011054
26.54,1.7,0.00175566,35.5857,0.0292897,-0.242616,-0.0134149,33.6,0,846.638,-203.889,-0.242696,35.5857,0.00175566,0.01638867861783717,0.5832026006907682,-0.02980357861783717,-0.8258186006907682
26.56,1.68945,0.00174476,35.65,0.033409,-0.254332,-0.0115266,33.6,0,847.329,-204.06,-0.242359,35.65,0.00174476,0.016314622003709978,0.5816162744322607,-0.027841222003709976,-0.8359482744322607
26.58,1.57539,0.00162697,35.6473,0.0340273,-0.26011,-0.0126,33.6,0,848.021,-204.231,-0.242029,35.6473,0.00162697,0.015212123991155114,0.5422711475499037,-0.027812123991155114,-0.8023811475499036
26.6,1.52325,0.00157312,35.6325,0.0321818,-0.253466,-0.0124459,33.6,0,848.713,-204.401,-0.241723,35.6325,0.00157312,0.014702880811167444,0.523900400503924,-0.027148780811167443,-0.777366400503924
26.62,1.62444,0.00167762,35.6422,0.0287828,-0.235233,-0.0132399,33.6,0,849.405,-204.572,-0.241418,35.6422,0.00167762,0.015683589304143798,0.5589976266961542,-0.028923489304143797,-0.7942306266961542
26.64,1.58978,0.00164183,35.6006,0.024387,-0.211845,-0.0145639,33.6,0,850.097,-204.742,-0.241091,35.6006,0.00164183,0.015332139292908543,0.5458333581111199,-0.029896039292908544,-0.7576783581111199
26.66,1.5,0.00154911,35.5684,0.0213157,-0.188291,-0.0141346,33.6,0,850.789,-204.912,-0.240782,35.5684,0.00154911,0.014453962422382125,0.5141043170242563,-0.028588562422382127,-0.7023953170242563
26.68,1.51957,0.00156932,35.6519,0.0214394,-0.167864,-0.0132043,33.6,0,851.48,-205.082,-0.240487,35.6519,0.00156932,0.014674878825515677,0.5231873123994023,-0.027879178825515678,-0.6910513123994023
26.7,1.7,0.00175566,35.6396,0.0243128,-0.152667,-0.0110801,33.6,0,852.172,-205.251,-0.240175,35.6396,0.00175566,0.016412037772412447,0.5849184613936707,-0.027492137772412446,-0.7375854613936706
26.72,1.67124,0.00172596,35.6071,0.0295332,-0.140415,-0.0114575,33.6,0,852.865,-205.421,-0.239829,35.6071,0.00172596,0.01612055363640515,0.5740061653868419,-0.02757805363640515,-0.714421165386842
26.74,1.6,0.00165238,35.5988,0.0359989,-0.128229,-0.0105099,33.6,0,853.556,-205.59,-0.239502,35.5988,0.00165238,0.015429925825971491,0.5492868434935939,-0.025939825825971492,-0.677515843493594
26.76,1.71642,0.00177262,35.6185,0.038624,-0.11888,-0.0128029,33.6,0,854.248,-205.759,-0.239182,35.6185,0.00177262,0.01656134954465154,0.5898904287561708,-0.02936424954465154,-0.7087704287561708
26.78,1.7886,0.00184715,35.5757,0.0339331,-0.115749,-0.00955438,33.6,0,854.94,-205.927,-0.238831,35.5757,0.00184715,0.017238158053936647,0.6132595394794339,-0.026792538053936645,-0.7290085394794339
26.8,1.7,0.00175566,35.595,0.0265352,-0.117446,-0.00968973,33.6,0,855.631,-206.095,-0.238477,35.595,0.00175566,0.016392709502582595,0.5834984947444275,-0.026082439502582596,-0.7009444947444274
26.82,1.71364,0.00176975,35.6761,0.0222629,-0.122615,-0.0114238,33.6,0,856.323,-206.264,-0.238143,35.6761,0.00176975,0.01655969404111409,0.5907853005801904,-0.02798349404111409,-0.7134003005801904
26.84,1.89458,0.00195661,35.6491,0.0215069,-0.131801,-0.0121566,33.6,0,857.017,-206.432,-0.237792,35.6491,0.00195661,0.018295125187896003,0.6522047473358233,-0.030451725187896003,-0.7840057473358233
26.86,1.78538,0.00184383,35.6114,0.0233994,-0.142132,-0.012083,33.7,0,857.71,-206.6,-0.237411,35.6114,0.00184383,0.017223424962566323,0.6133502757119345,-0.029306424962566323,-0.7554822757119345
26.88,1.61089,0.00166363,35.5804,0.0278376,-0.148263,-0.0126436,33.7,0,858.402,-206.767,-0.23707,35.5804,0.00166363,0.015527421463064987,0.5524718666244374,-0.028171021463064987,-0.7007348666244374
26.9,1.71828,0.00177454,35.6235,0.032203,-0.148209,-0.0122366,33.7,0,859.094,-206.934,-0.236754,35.6235,0.00177454,0.016581477990489847,0.5906902811942151,-0.028818077990489847,-0.7388992811942151
26.92,1.77897,0.00183721,35.6377,0.0335812,-0.143076,-0.0124,33.7,0,859.786,-207.101,-0.236403,35.6377,0.00183721,0.017173513244369863,0.6120245129488799,-0.02957351324436986,-0.7551005129488799
26.94,1.7,0.00175566,35.6528,0.0337258,-0.13546,-0.0130267,33.7,0,860.479,-207.268,-0.23605,35.6528,0.00175566,0.016417757408648804,0.585339021339074,-0.029444457408648803,-0.720799021339074
26.96,1.7,0.00175566,35.6567,0.0358164,-0.130464,-0.0121167,33.7,0,861.173,-207.434,-0.235716,35.6567,0.00175566,0.01641944722786884,0.5854633039699508,-0.02853614722786884,-0.7159273039699509
26.98,1.8,0.00185893,35.6628,0.0387989,-0.131793,-0.0123113,33.7,0,861.866,-207.601,-0.235373,35.6628,0.00185893,0.017388059165826225,0.6201068764190274,-0.029699359165826226,-0.7518998764190274
27.0,1.7,0.00175566,35.6152,0.0398459,-0.136864,-0.0104259,33.7,0,862.56,-207.767,-0.235014,35.6152,0.00175566,0.016401464103372593,0.5841414243344356,-0.026827364103372595,-0.7210054243344356
27.02,1.7,0.00175566,35.5661,0.0388043,-0.142023,-0.0106253,33.7,0,863.252,-207.933,-0.234681,35.5661,0.00175566,0.01638018279820483,0.5825792194192327,-0.02700548279820483,-0.7246022194192328
27.04,1.7,0.00175566,35.6318,0.0366348,-0.149141,-0.0129677,33.7,0,863.944,-208.098,-0.234344,35.6318,0.00175566,0.016408657807351568,0.5846700132599896,-0.029376357807351566,-0.7338110132599895
27.06,1.8,0.00185893,35.6657,0.0333923,-0.1602,-0.0113663,33.7,0,864.637,-208.263,-0.234001,35.6657,0.00185893,0.017389389544805053,0.6202047506881536,-0.028755689544805053,-0.7804047506881536
27.08,1.78726,0.00184577,35.6213,0.0306676,-0.171055,-0.0114255,33.7,0,865.331,-208.429,-0.233638,35.6213,0.00184577,0.01724605734599052,0.6143269825387321,-0.02867155734599052,-0.785381982538732
27.1,1.67957,0.00173456,35.6106,0.0311155,-0.177541,-0.0132366,33.7,0,866.024,-208.594,-0.233289,35.6106,0.00173456,0.01620237685920634,0.5769763613824532,-0.029438976859206337,-0.7545173613824532
27.12,1.72083,0.00177717,35.6294,0.0325711,-0.181342,-0.0131779,33.7,0,866.717,-208.758,-0.232958,35.6294,0.00177717,0.016608641108532947,0.5917559175123637,-0.029786541108532946,-0.7730979175123637
27.14,1.79646,0.00185527,35.6192,0.0291934,-0.184567,-0.0122142,33.7,0,867.411,-208.922,-0.23261,35.6192,0.00185527,0.01733385964566158,0.6174182134907489,-0.02954805964566158,-0.8019852134907489
27.16,1.6788,0.00173376,35.6122,0.0201201,-0.185928,-0.0131456,33.7,0,868.104,-209.087,-0.232255,35.6122,0.00173376,0.016195588874529262,0.576760550117511,-0.029341188874529262,-0.762688550117511
27.18,1.71504,0.00177119,35.672,0.00959333,-0.184996,-0.0124105,33.7,0,868.797,-209.25,-0.231925,35.672,0.00177119,0.016571376250642457,0.5911341336129177,-0.028981876250642455,-0.7761301336129176
27.2,1.8,0.00185893,35.6666,0.000643012,-0.182644,-0.0122636,33.7,0,869.492,-209.414,-0.231577,35.6666,0.00185893,0.01738980241705817,0.6202351268882469,-0.029653402417058168,-0.8028791268882469
27.22,1.8,0.00185893,35.6293,-0.00509349,-0.177997,-0.0116618,33.8,0,870.186,-209.578,-0.231215,35.6293,0.00185893,0.017372689575590065,0.6189767686955712,-0.029034489575590065,-0.7969737686955711
27.24,1.8,0.00185893,35.5811,-0.00677657,-0.171344,-0.0123922,33.9964,0,870.88,-209.741,-0.230857,35.5811,0.00185893,0.017350571136894945,0.6173524066789727,-0.029742771136894948,-0.7886964066789728
27.26,1.91922,0.00198206,35.6231,-0.0071986,-0.165696,-0.0144462,34.3192,0,871.572,-209.904,-0.230493,35.6231,0.00198206,0.018520374596349552,0.6597531562832197,-0.03296657459634955,-0.8254491562832198
27.28,1.98296,0.00204788,35.5788,-0.00889441,-0.161285,-0.0136933,34.517,0,872.266,-210.066,-0.230103,35.5788,0.00204788,0.019113002997917294,0.6800177110622998,-0.03280630299791729,-0.8413027110622998
27.3,1.9,0.0019622,35.5941,-0.00786741,-0.154355,-0.0127627,34.7563,0,872.959,-210.228,-0.22971,35.5941,0.0019622,0.018320755390730675,0.6521107994532066,-0.031083455390730673,-0.8064657994532066
27.32,1.91781,0.0019806,35.6533,-2.12779e-06,-0.144,-0.0152,34.9356,0,873.652,-210.39,-0.229335,35.6533,0.0019806,0.01852149534703409,0.6603524300564106,-0.03372149534703409,-0.8043524300564107
27.34,2.0,0.00206548,35.6587,0.0115833,-0.134414,-0.0152,35.1,0,874.346,-210.552,-0.228949,35.6587,0.00206548,0.019318001838943263,0.6888548321743262,-0.03451800183894326,-0.8232688321743262
27.36,2.08752,0.00215586,35.6247,0.0232739,-0.128585,-0.0132003,35.2,0,875.041,-210.714,-0.228542,35.6247,0.00215586,0.020145218567917168,0.7176673679164787,-0.03334551856791717,-0.8462523679164786
27.38,2.01652,0.00208254,35.6253,0.0359361,-0.126399,-0.0112,35.2165,0,875.735,-210.875,-0.228126,35.6253,0.00208254,0.019460393553190677,0.6932823584504839,-0.030660393553190675,-0.819681358450484
27.4,2.12703,0.00219666,35.6811,0.0484005,-0.128183,-0.0123297,35.4555,0,876.429,-211.036,-0.227723,35.6811,0.00219666,0.02055704736814922,0.7334980628476692,-0.03288674736814922,-0.8616810628476692
27.42,2.4,0.00247857,35.6477,0.0558842,-0.132571,-0.00867641,35.6587,0,877.124,-211.197,-0.22728,35.6477,0.00247857,0.02317483186698805,0.82612945394483,-0.03185124186698805,-0.95870045394483
27.44,2.39813,0.00247665,35.6192,0.0585479,-0.134107,-0.00937385,35.7008,0,877.819,-211.358,-0.226789,35.6192,0.00247665,0.02313945787440697,0.8242089779200767,-0.03251330787440697,-0.9583159779200767
27.46,2.32185,0.00239787,35.5918,0.0619584,-0.128735,-0.00908742,35.8,0,878.513,-211.518,-0.226316,35.5918,0.00239787,0.022387190889624646,0.7968004207053424,-0.031474610889624645,-0.9255354207053423
27.48,2.51559,0.00259795,35.6181,0.0665249,-0.117526,-0.00671936,35.8,0,879.207,-211.677,-0.225849,35.6181,0.00259795,0.024272069076100883,0.8645249835594688,-0.030991429076100883,-0.9820509835594688
27.5,2.5,0.00258185,35.6263,0.0675937,-0.103064,-0.00635314,35.8,0,879.901,-211.837,-0.22534,35.6263,0.00258185,0.02412687548031811,0.8595513039244571,-0.03048001548031811,-0.9626153039244572
27.52,2.4,0.00247857,35.5471,0.0662069,-0.0877361,-0.00646745,35.8,0,880.596,-211.996,-0.224849,35.5471,0.00247857,0.023113277183963374,0.8216099753860645,-0.029580727183963373,-0.9093460753860645
27.54,2.40228,0.00248093,35.6064,0.0687201,-0.0746775,-0.00802741,35.8,0,881.289,-212.154,-0.224377,35.6064,0.00248093,0.02317160742703025,0.8250575226898098,-0.031199017427030247,-0.8997350226898098
27.56,2.5,0.00258185,35.6867,0.0774107,-0.0653996,-0.00828246,35.8,0,881.983,-212.312,-0.223895,35.6867,0.00258185,0.02416536121878933,0.8623819962065692,-0.03244782121878933,-0.9277815962065692
27.58,2.4,0.00247857,35.6653,0.0893304,-0.0590363,-0.00934149,35.8,0,882.679,-212.471,-0.223397,35.6653,0.00247857,0.023185597651096537,0.8269212959056533,-0.032527087651096534,-0.8859575959056534
27.6,2.32171,0.00239772,35.6525,0.101465,-0.055608,-0.0114869,35.8,0,883.375,-212.629,-0.222928,35.6525,0.00239772,0.022421715259254446,0.7993902032805692,-0.03390861525925445,-0.8549982032805692
27.62,2.51587,0.00259823,35.6722,0.111152,-0.0569049,-0.0113562,35.8,0,884.07,-212.786,-0.22246,35.6722,0.00259823,0.024309377259097827,0.8671689674619895,-0.03566557725909783,-0.9240738674619895
27.64,2.6,0.00268512,35.6722,0.115402,-0.064481,-0.0108073,35.8,0,884.766,-212.943,-0.221945,35.6722,0.00268512,0.02512233522604668,0.8961689666505823,-0.03592963522604668,-0.9606499666505823
27.66,2.4,0.00247857,35.6793,0.113858,-0.0781403,-0.0108,35.8,0,885.462,-213.1,-0.221433,35.6793,0.00247857,0.023194160656270977,0.827551416303289,-0.03399416065627098,-0.9056917163032889
27.68,2.41225,0.00249123,35.7514,0.107609,-0.0957308,-0.011498,35.8,0,886.159,-213.257,-0.220964,35.7514,0.00249123,0.02335694694127375,0.8350435528762543,-0.03485494694127375,-0.9307743528762543
27.7,2.67947,0.00276719,35.7663,0.0974387,-0.113788,-0.0113126,35.8,0,886.856,-213.413,-0.220469,35.7663,0.00276719,0.025954439248182394,0.928294260482266,-0.03726703924818239,-1.0420822604822662
27.72,2.4793,0.00256047,35.7362,0.088611,-0.127924,-0.0099172,35.8,0,887.554,-213.57,-0.219931,35.7362,0.00256047,0.02399652034392685,0.8575444503146386,-0.03391372034392685,-0.9854684503146386
27.74,2.4,0.00247857,35.7135,0.0886568,-0.135126,-0.0100255,35.8,0,888.252,-213.725,-0.21945,35.7135,0.00247857,0.02321507629451809,0.829091627244272,-0.03324057629451809,-0.964217627244272
27.76,2.50668,0.00258874,35.7383,0.0964382,-0.136363,-0.0113332,35.8,0,888.949,-213.881,-0.21897,35.7383,0.00258874,0.024262806804261346,0.8671114684127333,-0.035596006804261345,-1.0034744684127332
27.78,2.59983,0.00268495,35.7194,0.103338,-0.132301,-0.0111973,35.8,0,889.647,-214.036,-0.21846,35.7194,0.00268495,0.025152014360908793,0.8984148617630455,-0.036349314360908797,-1.0307158617630456
27.8,2.5,0.00258185,35.6955,0.106379,-0.118764,-0.00901534,35.8,0,890.344,-214.19,-0.217942,35.6955,0.00258185,0.024170967427686874,0.8627947678149969,-0.03318630742768687,-0.9815587678149968
27.82,2.5,0.00258185,35.7222,0.109957,-0.0929527,-0.00797953,35.8,0,891.041,-214.345,-0.217449,35.7222,0.00258185,0.024187975641208725,0.8640477034503864,-0.032167505641208724,-0.9570004034503864
27.84,2.5,0.00258185,35.7222,0.115996,-0.0600483,-0.010343,35.8,0,891.739,-214.499,-0.21695,35.7222,0.00258185,0.024187975641208725,0.8640477034503864,-0.034530975641208723,-0.9240960034503864
27.86,2.5,0.00258185,35.5864,0.123968,-0.0282289,-0.00774722,35.8,0,892.437,-214.652,-0.216452,35.5864,0.00258185,0.024101445487868287,0.8576836797094759,-0.031848665487868286,-0.8859125797094759
27.88,2.4,0.00247857,35.5215,0.136517,-0.00183543,-0.00815106,35.8,0,893.132,-214.805,-0.21596,35.5215,0.00247857,0.023097608164593268,0.8204616884185999,-0.03124866816459327,-0.8222971184185999
27.9,2.5,0.00258185,35.7579,0.151793,0.0184442,-0.00878751,35.8,0,893.826,-214.957,-0.215484,35.7579,0.00258185,0.02421071335338246,0.8657242670189147,-0.03299822335338246,-0.8472800670189147
27.92,2.58946,0.00267424,35.7433,0.159206,0.0341947,-0.00617893,35.8,0,894.525,-215.11,-0.214976,35.7433,0.00267424,0.02506745256635918,0.895993477315146,-0.031246382566359178,-0.861798777315146
27.94,2.40734,0.00248616,35.6699,0.15759,0.0472661,-0.006,35.8,0,895.223,-215.262,-0.214464,35.6699,0.00248616,0.023259420272469827,0.8296611951769715,-0.029259420272469826,-0.7823950951769715
27.96,2.40904,0.00248791,35.71,0.160726,0.0554469,-0.00980122,35.8,0,895.92,-215.414,-0.213993,35.71,0.00248791,0.023300409682785073,0.832057629772255,-0.03310162968278507,-0.776610729772255
27.98,2.50601,0.00258806,35.7441,0.172065,0.0548229,-0.00484809,35.8,0,896.618,-215.565,-0.213508,35.7441,0.00258806,0.024260136463213962,0.8671567437547663,-0.02910822646321396,-0.8123338437547662
28.0,2.48872,0.00257019,35.6432,0.178413,0.0470091,-0.00630973,35.8,0,897.317,-215.716,-0.213004,35.6432,0.00257019,0.024028635527083245,0.8564574618189336,-0.030338365527083244,-0.8094483618189335
28.02,2.3,0.0023753,35.5416,0.174543,0.0380574,-0.00709642,35.8,0,898.014,-215.867,-0.212519,35.5416,0.0023753,0.022147029271459572,0.7871408555545076,-0.02924344927145957,-0.7490834555545076
28.04,2.39325,0.00247161,35.7233,0.168165,0.0314788,-0.00649444,35.8,0,898.709,-216.017,-0.212067,35.7233,0.00247161,0.023155862323256376,0.8272038165323845,-0.029650302323256376,-0.7957250165323845
28.06,2.58779,0.00267251,35.746,0.163615,0.0271284,-0.00544428,35.8,0,899.407,-216.167,-0.211576,35.746,0.00267251,0.025053016036261994,0.8955451112322214,-0.030497296036261994,-0.8684167112322213
28.08,2.40137,0.00247999,35.6783,0.161046,0.0255737,-0.00779179,35.8,0,900.106,-216.317,-0.211059,35.6783,0.00247999,0.02320683692690492,0.8279804899291918,-0.03099862692690492,-0.8024067899291918
28.1,2.10659,0.00217556,35.6258,0.162104,0.0279395,-0.00589227,35.8,0,900.804,-216.466,-0.210605,35.6258,0.00217556,0.020329894525879633,0.7242687564000826,-0.02622216452587963,-0.6963292564000826
28.12,2.30974,0.00238536,35.6516,0.164564,0.0315291,-0.0064,35.8,0,901.501,-216.615,-0.21019,35.6516,0.00238536,0.022305603351776386,0.7952304484561911,-0.028705603351776385,-0.7637013484561911
28.14,2.4,0.00247857,35.6845,0.16267,0.030904,-0.00878609,35.8,0,902.198,-216.764,-0.209716,35.6845,0.00247857,0.02319734104602736,0.8277855165569633,-0.031983431046027355,-0.7968815165569633
28.16,2.18705,0.00225865,35.6877,0.155817,0.0238256,-0.0079223,35.8,0,902.896,-216.912,-0.209244,35.6877,0.00225865,0.02114085000976442,0.7544683128934697,-0.02906315000976442,-0.7306427128934697
28.18,2.11782,0.00218715,35.7963,0.146649,0.0119246,-0.00683564,35.8,0,903.595,-217.06,-0.208822,35.7963,0.00218715,0.020530205204544353,0.734905384563431,-0.027365845204544353,-0.7229807845634311
28.2,2.3,0.0023753,35.7748,0.134932,-0.00344012,-0.00738724,35.8,0,904.295,-217.209,-0.208393,35.7748,0.0023753,0.02228373127941995,0.7971960297749928,-0.02967097127941995,-0.8006361497749929
28.22,2.18926,0.00226093,35.73,0.12184,-0.0199521,-0.00776777,35.8,0,904.995,-217.356,-0.20793,35.73,0.00226093,0.021185787055351155,0.7569681714876967,-0.028953557055351156,-0.7769202714876967
28.24,2.0,0.00206548,35.7113,0.112124,-0.0333099,-0.00778943,35.8,0,905.694,-217.504,-0.207509,35.7113,0.00206548,0.019344810519351555,0.6908283318997193,-0.027134240519351555,-0.7241382318997193
28.26,2.10904,0.00217809,35.7546,0.105916,-0.0434528,-0.0116915,35.8,0,906.393,-217.651,-0.207114,35.7546,0.00217809,0.02042275938752479,0.7302075927971938,-0.03211425938752479,-0.7736603927971938
28.28,2.2,0.00227203,35.7932,0.0979737,-0.0544761,-0.0101106,35.8,0,907.093,-217.798,-0.206683,35.7932,0.00227203,0.021325217253425642,0.7632977661953146,-0.031435817253425646,-0.8177738661953147
28.3,2.09481,0.00216339,35.7647,0.0883186,-0.0661346,-0.0108,35.8,0,907.794,-217.944,-0.206244,35.7647,0.00216339,0.020290314735776856,0.7256770194306384,-0.031090314735776857,-0.7918116194306385
28.32,2.00749,0.00207321,35.7946,0.083135,-0.0740939,-0.0122299,35.8,0,908.494,-218.091,-0.205835,35.7946,0.00207321,0.019459807871571182,0.6965560388397419,-0.03168970787157118,-0.770649938839742
28.34,2.18926,0.00226094,35.7997,0.0847533,-0.0763722,-0.0104577,35.8,0,909.195,-218.237,-0.20543,35.7997,0.00226094,0.021224750740229482,0.7598397090749934,-0.03168245074022948,-0.8362119090749934
28.36,2.1,0.00216875,35.7762,0.0905502,-0.0727921,-0.00964325,35.4,0,909.896,-218.383,-0.204987,35.7762,0.00216875,0.0203467376261606,0.7279289546610469,-0.0299899876261606,-0.8007210546610469
28.38,2.00512,0.00207077,35.7104,0.0983401,-0.0636726,-0.0121078,35.4,0,910.597,-218.528,-0.204577,35.7104,0.00207077,0.019393895765764904,0.692563775353771,-0.031501695765764906,-0.756236375353771
28.4,2.12703,0.00219667,35.848,0.103141,-0.0509969,-0.0109404,35.4,0,911.296,-218.673,-0.204176,35.848,0.00219667,0.020647571307391525,0.7401741362273714,-0.03158797130739152,-0.7911710362273714
28.42,2.29369,0.00236878,35.8551,0.0966633,-0.0359308,-0.00846311,35.3937,0,911.998,-218.819,-0.203736,35.8551,0.00236878,0.022269469382613885,0.7984740516605591,-0.030732579382613884,-0.8344048516605591
28.44,2.2,0.00227203,35.7539,0.0805995,-0.0184159,-0.00900801,35.202,0,912.7,-218.964,-0.203273,35.7539,0.00227203,0.021303194079802256,0.7616722708098419,-0.030311204079802256,-0.7800881708098419
28.46,2.10803,0.00217705,35.7657,0.0689614,-0.00179886,-0.00826427,35.192,0,913.401,-219.108,-0.202843,35.7657,0.00217705,0.02041896850360274,0.7302987018093046,-0.02868323850360274,-0.7320975618093045
28.48,2.29314,0.00236822,35.812,0.0697701,0.00821403,-0.009,35.1,0,914.101,-219.252,-0.202418,35.812,0.00236822,0.02223903717857702,0.7964243994392002,-0.03123903717857702,-0.7882103694392002
28.5,2.29047,0.00236546,35.807,0.0774994,0.0102063,-0.00751432,35.0445,0,914.803,-219.396,-0.20195,35.807,0.00236546,0.022210202373060074,0.7952807163721621,-0.029724522373060072,-0.7850744163721621
28.52,2.2,0.00227203,35.7836,0.0850036,0.00695334,-0.00892621,35.0,0,915.505,-219.539,-0.201497,35.7836,0.00227203,0.02131983795362584,0.7629005533973656,-0.03024604795362584,-0.7559472133973656
28.54,2.2,0.00227203,35.8319,0.0901718,0.000752084,-0.00954053,34.7099,0,916.206,-219.682,-0.201062,35.8319,0.00227203,0.0213468998876951,0.764899982085902,-0.0308874298876951,-0.764147898085902
28.56,2.2,0.00227203,35.8077,0.0939805,-0.00636971,-0.00785845,34.587,0,916.908,-219.825,-0.200622,35.8077,0.00227203,0.021333341738794868,0.7638979009802449,-0.029191791738794867,-0.7702676109802449
28.58,2.19199,0.00226375,35.7675,0.100599,-0.0111652,-0.00863204,34.0412,0,917.61,-219.968,-0.200183,35.7675,0.00226375,0.0212331521720977,0.7594567703155044,-0.0298651921720977,-0.7706219703155044
28.6,2.1,0.00216875,35.7886,0.112681,-0.011642,-0.00908964,33.5936,0,918.311,-220.11,-0.19975,35.7886,0.00216875,0.020353370241871248,0.7284186262382334,-0.029443010241871247,-0.7400606262382334
28.62,2.2,0.00227203,35.863,0.12424,-0.00898698,-0.00945846,33.4455,0,919.013,-220.252,-0.19933,35.863,0.00227203,0.021364321333247935,0.7661886559742707,-0.030822781333247937,-0.7751756359742706
28.64,2.10652,0.00217549,35.8451,0.127756,-0.00590643,-0.00838696,33.4,0,919.716,-220.393,-0.198889,35.8451,0.00217549,0.020446934051276427,0.7329223957614087,-0.028833894051276426,-0.7388288257614087
28.66,2.0,0.00206548,35.7922,0.125728,-0.00542123,-0.00903459,33.3,0,920.419,-220.535,-0.198478,35.7922,0.00206548,0.01938602889287273,0.6938686233394794,-0.02842061889287273,-0.6992898533394795
28.68,2.0986,0.0021673,35.8358,0.124434,-0.0107498,-0.00921403,33.3,0,921.121,-220.676,-0.198079,35.8358,0.0021673,0.020364988203277038,0.7297956442549952,-0.02957901820327704,-0.7405454442549952
28.7,2.2,0.00227203,35.8272,0.122898,-0.0231915,-0.00818141,33.2,0,921.823,-220.817,-0.197649,35.8272,0.00227203,0.02134426682436203,0.7647053163697833,-0.02952567682436203,-0.7878968163697834
28.72,2.09251,0.00216102,35.7975,0.118209,-0.0407573,-0.0089401,33.0925,0,922.526,-220.957,-0.197209,35.7975,0.00216102,0.02028556848918691,0.7261726379916684,-0.02922566848918691,-0.7669299379916684
28.74,2.0,0.00206548,35.8037,0.112601,-0.0613842,-0.00937711,32.9346,0,923.228,-221.098,-0.196801,35.8037,0.00206548,0.01939188673999504,0.6943012952727604,-0.028768996739995042,-0.7556854952727604
28.76,2.09495,0.00216353,35.8565,0.107321,-0.0856556,-0.00963031,32.8,0,923.93,-221.237,-0.196401,35.8565,0.00216353,0.020340605319089593,0.729342914623936,-0.029970915319089592,-0.814998514623936
28.78,2.2,0.00227203,35.8532,0.0990188,-0.113561,-0.00921764,32.2456,0,924.634,-221.377,-0.195972,35.8532,0.00227203,0.021358831915543997,0.765782472434382,-0.030576471915543996,-0.879343472434382
28.8,2.00694,0.00207265,35.7779,0.0874321,-0.140832,-0.0120612,31.9139,0,925.337,-221.517,-0.195536,35.7779,0.00207265,0.019446014867576918,0.6957375753306803,-0.03150721486757692,-0.8365695753306803
28.82,1.9,0.0019622,35.832,0.0762908,-0.161584,-0.0126091,31.8045,0,926.039,-221.656,-0.19515,35.832,0.0019622,0.018435926712580316,0.6605961259651779,-0.031045026712580318,-0.822180125965178
28.84,2.1,0.00216875,35.8555,0.0643671,-0.172533,-0.0119761,31.5418,0,926.742,-221.794,-0.194765,35.8555,0.00216875,0.020389147044580072,0.7310630618569408,-0.032365247044580076,-0.9035960618569407
28.86,2.1,0.00216875,35.8313,0.0476125,-0.172713,-0.0123421,31.3,0,927.446,-221.933,-0.194335,35.8313,0.00216875,0.020376206769696686,0.7301059776270328,-0.032718306769696684,-0.9028189776270328
28.88,2.0,0.00206548,35.813,0.0290064,-0.162406,-0.0127648,30.8352,0,928.149,-222.071,-0.19392,35.813,0.00206548,0.019396623704484913,0.6946512847287183,-0.03216142370448491,-0.8570572847287183
28.9,2.19781,0.00226976,35.8852,0.0133977,-0.144025,-0.0112307,30.8,0,928.852,-222.209,-0.193515,35.8852,0.00226976,0.021355397799982044,0.7663427211319156,-0.03258609779998205,-0.9103677211319156
28.92,2.3986,0.00247712,35.8778,-0.00238013,-0.121652,-0.0107944,30.8,0,929.556,-222.347,-0.193055,35.8778,0.00247712,0.023301866275904873,0.8360196978736598,-0.03409626627590487,-0.9576716978736598
28.94,2.4,0.00247857,35.8103,-0.0213631,-0.0994026,-0.0117252,30.8,0,930.26,-222.485,-0.192564,35.8103,0.00247857,0.02327425639743645,0.8334581038691184,-0.03499945639743645,-0.9328607038691185
28.96,2.3,0.0023753,35.7755,-0.0377077,-0.0803825,-0.0122271,30.7,0,930.963,-222.622,-0.192089,35.7755,0.0023753,0.022284141376176604,0.7972262998034061,-0.0345112413761766,-0.8776087998034061
28.98,2.67249,0.00275998,35.7853,-0.0460242,-0.0659601,-0.0096,30.6138,0,931.666,-222.758,-0.191616,35.7853,0.00275998,0.02589974766356881,0.9268302400651088,-0.03549974766356881,-0.9927903400651088
29.0,2.8,0.00289167,35.7994,-0.047528,-0.0563027,-0.0107345,30.5,0,932.368,-222.894,-0.191058,35.7994,0.00289167,0.02714559332037912,0.9717959535135803,-0.03788009332037912,-1.0280986535135803
29.02,2.50604,0.00258808,35.8081,-0.0448709,-0.0501612,-0.0105328,30.306,0,933.071,-223.03,-0.190506,35.8081,0.00258808,0.02430117709066396,0.8701789793802042,-0.03483397709066396,-0.9203401793802042
29.04,2.58498,0.00266961,35.9263,-0.042917,-0.0446862,-0.0087604,30.215,0,933.775,-223.165,-0.190016,35.9263,0.00266961,0.02514451059491431,0.9033492309860699,-0.03390491059491431,-0.9480354309860699
29.06,2.79381,0.00288527,35.869,-0.0480969,-0.0398372,-0.00952567,30.1,0,934.48,-223.301,-0.189483,35.869,0.00288527,0.027135027718992344,0.9733063092525364,-0.036660697718992344,-1.0131435092525363
29.08,2.71767,0.00280664,35.8416,-0.059343,-0.0395774,-0.010306,29.9177,0,935.185,-223.436,-0.188917,35.8416,0.00280664,0.026376574519733652,0.9453786333064856,-0.036682574519733654,-0.9849560333064856
29.1,2.5042,0.00258619,35.866,-0.0708638,-0.0470525,-0.0102656,29.8042,0,935.889,-223.57,-0.188388,35.866,0.00258619,0.024320351439235083,0.8722737247196055,-0.03458595143923508,-0.9193262247196055
29.12,2.69853,0.00278687,35.8584,-0.0840191,-0.0635476,-0.0126177,29.6015,0,936.594,-223.704,-0.187887,35.8584,0.00278687,0.02620232001439805,0.9395732720042911,-0.03882002001439805,-1.003120872004291
29.14,2.7,0.0027884,35.8659,-0.103473,-0.088493,-0.0086119,29.3353,0,937.298,-223.838,-0.187338,35.8659,0.0027884,0.026221861015438823,0.9404706449936273,-0.03483376101543882,-1.0289636449936272
29.16,2.6,0.00268512,35.8116,-0.124841,-0.117218,-0.00859691,29.2015,0,938.003,-223.971,-0.186802,35.8116,0.00268512,0.025214670994801423,0.9029777117974306,-0.03381158099480142,-1.0201957117974305
29.18,2.6,0.00268512,35.8572,-0.140401,-0.143803,-0.0130007,29.1143,0,938.707,-224.104,-0.186287,35.8572,0.00268512,0.02524486129836316,0.9052100405476675,-0.038245561298363165,-1.0490130405476674
29.2,2.7,0.0027884,35.8531,-0.152094,-0.164276,-0.0103825,29.1,0,939.411,-224.237,-0.185762,35.8531,0.0027884,0.026213061708629717,0.939819522745672,-0.036595561708629716,-1.1040955227456721
29.22,2.6,0.00268512,35.8148,-0.163867,-0.173372,-0.0096,28.9087,0,940.116,-224.369,-0.185221,35.8148,0.00268512,0.025216789841599595,0.9031342848189211,-0.034816789841599596,-1.076506284818921
29.24,2.5,0.00258185,35.7869,-0.170835,-0.165661,-0.0122094,28.7217,0,940.82,-224.501,-0.184712,35.7869,0.00258185,0.02422918072367581,0.8670872676401139,-0.03643858072367581,-1.0327482676401138
29.26,2.69705,0.00278535,35.8298,-0.169459,-0.141843,-0.0122471,28.7,0,941.524,-224.632,-0.184207,35.8298,0.00278535,0.02616838782009501,0.9376081019164402,-0.03841548782009501,-1.0794511019164401
29.28,2.7,0.0027884,35.8751,-0.165886,-0.108028,-0.0113792,28.7,0,942.228,-224.763,-0.183658,35.8751,0.0027884,0.026228185162159932,0.9409387655110039,-0.03760738516215993,-1.0489667655110038
29.3,2.60438,0.00268965,35.7529,-0.16489,-0.0711948,-0.0102175,28.7,0,942.934,-224.894,-0.183122,35.7529,0.00268965,0.025218270944719456,0.9016263192594601,-0.035435770944719454,-0.9728211192594601
29.32,2.7,0.0027884,35.7144,-0.163588,-0.0382744,-0.0150994,28.7,0,943.637,-225.024,-0.182602,35.7144,0.0027884,0.0261176761532098,0.9327771332061959,-0.0412170761532098,-0.971051533206196
29.34,2.8,0.00289167,35.7336,-0.161483,-0.0159656,-0.0120744,28.7,0,944.339,-225.154,-0.182054,35.7336,0.00289167,0.027098661872068348,0.9683327438717416,-0.03917306187206835,-0.9842983438717416
29.36,2.8,0.00289167,35.7599,-0.163624,-0.00837518,-0.0108848,28.7,0,945.042,-225.283,-0.18149,35.7599,0.00289167,0.027117422072109622,0.969716301556433,-0.038002222072109626,-0.978091481556433
29.38,2.8,0.00289167,35.7323,-0.17215,-0.015829,-0.0111009,28.7,0,945.746,-225.412,-0.180932,35.7323,0.00289167,0.027097734496707746,0.9682643783567103,-0.038198634496707747,-0.9840933783567103
29.4,2.89674,0.00299157,35.837,-0.185512,-0.0353473,-0.0133869,28.7,0,946.449,-225.54,-0.180368,35.837,0.00299157,0.02811114866075846,1.007419234555601,-0.04149804866075846,-1.042766534555601
29.42,3.09811,0.00319954,35.8114,-0.202235,-0.059631,-0.0114227,28.7,0,947.154,-225.668,-0.179774,35.8114,0.00319954,0.03004521441462134,1.0759611914877707,-0.04146791441462134,-1.1355921914877707
29.44,3.1,0.00320149,35.7482,-0.217803,-0.0804032,-0.0119551,28.7,0,947.858,-225.796,-0.179144,35.7482,0.00320149,0.030013622655555232,1.0729329854153196,-0.041968722655555235,-1.1533361854153195
29.46,3.1,0.00320149,35.7723,-0.226888,-0.0970135,-0.0134016,28.7,0,948.562,-225.923,-0.178526,35.7723,0.00320149,0.03003265413812599,1.0743371136252844,-0.04343425413812599,-1.1713506136252845
29.48,3.1889,0.0032933,35.7801,-0.232147,-0.11465,-0.0119998,28.7,0,949.266,-226.05,-0.177902,35.7801,0.0032933,0.030900250568084604,1.1056140553511238,-0.0429000505680846,-1.2202640553511237
29.5,3.2,0.00330477,35.7752,-0.240528,-0.133147,-0.0102124,28.9815,0,949.97,-226.177,-0.17726,35.7752,0.00330477,0.03100387768432534,1.1091699249322757,-0.04121627768432534,-1.2423169249322756
29.52,3.2,0.00330477,35.7858,-0.253709,-0.146446,-0.0111459,29.0,0,950.675,-226.303,-0.176621,35.7858,0.00330477,0.03101251752760472,1.109807749739357,-0.04215841752760472,-1.256253749739357
29.54,3.28505,0.0033926,35.8528,-0.269008,-0.149774,-0.0114299,29.0,0,951.379,-226.428,-0.175977,35.8528,0.0033926,0.031892785886432774,1.143445673829097,-0.043322685886432774,-1.293219673829097
29.56,3.4,0.00351131,35.7993,-0.281585,-0.14038,-0.0107875,29.0937,0,952.085,-226.553,-0.17531,35.7993,0.00351131,0.032962429647757086,1.1800319076889503,-0.043749929647757084,-1.3204119076889502
29.58,3.3,0.00340804,35.7498,-0.283611,-0.117696,-0.0104,29.1,0,952.79,-226.678,-0.17463,35.7498,0.00340804,0.03195136621168828,1.1422549517946137,-0.04235136621168828,-1.2599509517946137
29.6,3.3,0.00340804,35.7936,-0.271719,-0.0861443,-0.00902007,29.1,0,953.494,-226.802,-0.173976,35.7936,0.00340804,0.03198818395013286,1.1449722610374753,-0.041008253950132856,-1.2311165610374752
29.62,3.49954,0.00361412,35.8194,-0.255527,-0.0524475,-0.00899817,29.1,0,954.199,-226.926,-0.173307,35.8194,0.00361412,0.03394548106685496,1.2159067645261046,-0.04294365106685496,-1.2683542645261046
29.64,3.41689,0.00352875,35.8194,-0.248226,-0.0208153,-0.00790132,29.1831,0,954.905,-227.049,-0.172601,35.8194,0.00352875,0.03314363993634058,1.1871852963357576,-0.04104495993634058,-1.2080005963357576
29.66,3.4,0.00351131,35.7473,-0.250175,0.00646572,-0.006,29.2,0,955.611,-227.172,-0.171923,35.7473,0.00351131,0.03291739493514843,1.1767079919652315,-0.038917394935148425,-1.1702422719652315
29.68,3.4,0.00351131,35.7656,-0.253519,0.0273142,-0.00528094,29.2899,0,956.315,-227.294,-0.171245,35.7656,0.00351131,0.03293324504921829,1.1778772691323216,-0.03821418504921829,-1.1505630691323216
29.7,3.59647,0.00371421,35.7176,-0.256907,0.0413187,-0.00465653,29.3,0,957.02,-227.415,-0.170557,35.7176,0.00371421,0.034792320047363816,1.2426981705237217,-0.039448850047363815,-1.2013794705237217
29.72,3.4,0.00351131,35.6697,-0.261658,0.0495388,-0.00400241,29.4,0,957.724,-227.536,-0.16984,35.6697,0.00351131,0.032850167133991005,1.1717556066193189,-0.036852577133991,-1.1222168066193188
29.74,3.3581,0.00346805,35.6961,-0.263343,0.0516484,-0.00566483,29.4,0,958.427,-227.657,-0.169175,35.6961,0.00346805,0.03246803609847343,1.1589822633747173,-0.03813286609847343,-1.1073338633747174
29.76,3.4,0.00351131,35.7743,-0.258246,0.0469758,-0.006,29.4,0,959.131,-227.777,-0.168506,35.7743,0.00351131,0.03294077983164636,1.1784333399312663,-0.03894077983164636,-1.1314575399312663
29.78,3.42425,0.00353636,35.7459,-0.24828,0.0378203,-0.00475149,29.4757,0,959.836,-227.896,-0.167823,35.7459,0.00353636,0.03315101124058904,1.1850127327049718,-0.03790250124058904,-1.1471924327049718
29.8,3.3,0.00340804,35.6912,-0.237452,0.0275653,-0.005185,29.5815,0,960.541,-228.016,-0.167145,35.6912,0.00340804,0.0319020949452383,1.1386240511094894,-0.037087094945238305,-1.1110587511094894
29.82,3.28495,0.00339249,35.705,-0.230469,0.0170534,-0.00758926,29.6849,0,961.245,-228.134,-0.166495,35.705,0.00339249,0.031768084368757055,1.1342794523864705,-0.039357344368757055,-1.1172260523864705
29.84,3.4,0.00351131,35.6772,-0.230245,0.00597218,-0.00629147,29.7,0,961.949,-228.252,-0.165835,35.6772,0.00351131,0.032856665823365376,1.1722338379133712,-0.039148135823365376,-1.166261657913371
29.86,3.31463,0.00342315,35.6544,-0.234934,-0.00467667,-0.00645854,29.7,0,962.653,-228.37,-0.165156,35.6544,0.00342315,0.03201245184154295,1.141384762939109,-0.03847099184154295,-1.146061432939109
29.88,3.12353,0.00322579,35.7084,-0.242869,-0.0135902,-0.00765884,29.8765,0,963.356,-228.487,-0.16451,35.7084,0.00322579,0.03020976081165798,1.0787422229670076,-0.03786860081165798,-1.0923324229670077
29.9,3.28222,0.00338968,35.7772,-0.25538,-0.020532,-0.00647111,30.0822,0,964.061,-228.604,-0.163889,35.7772,0.00338968,0.03180214352630712,1.1377916493693951,-0.03827325352630712,-1.1583236493693951
29.92,3.4,0.00351131,35.6803,-0.269012,-0.025688,-0.00670917,30.1849,0,964.767,-228.72,-0.16322,35.6803,0.00351131,0.032859351876026316,1.172431532742182,-0.039568521876026316,-1.1981195327421819
29.94,3.3,0.00340804,35.6267,-0.274132,-0.0284261,-0.0078,30.2,0,965.471,-228.836,-0.162542,35.6267,0.00340804,0.031847845963297775,1.1346336537806208,-0.039647845963297776,-1.1630597537806207
29.96,3.2,0.00330477,35.7018,-0.267491,-0.0264425,-0.00657855,30.2,0,966.174,-228.951,-0.161896,35.7018,0.00330477,0.030944038058088073,1.1047578579422488,-0.03752258805808807,-1.1312003579422487
29.98,3.47384,0.00358757,35.7045,-0.256586,-0.0159611,-0.00799069,30.3,0,966.878,-229.066,-0.161249,35.7045,0.00358757,0.033594432615461856,1.199472419318758,-0.04158512261546186,-1.215433519318758
30.0,3.42221,0.00353425,35.6955,-0.247833,0.00546277,-0.00904441,30.3,0,967.583,-229.18,-0.160546,35.6955,0.00353425,0.033087285280221555,1.1810671917201485,-0.04213169528022155,-1.1756044217201485
30.02,3.4,0.00351131,35.6996,-0.240244,0.034664,-0.00753341,30.3,0,968.288,-229.294,-0.159868,35.6996,0.00351131,0.03287607376884674,1.173662683118321,-0.04040948376884674,-1.138998683118321
30.04,3.46942,0.003583,35.6957,-0.231176,0.0632634,-0.0095272,30.3,0,968.993,-229.407,-0.159188,35.6957,0.003583,0.03354385846637924,1.1973715086583334,-0.043071058466379236,-1.1341081086583333
30.06,3.5813,0.00369855,35.6467,-0.218846,0.0841938,-0.00737399,30.3813,0,969.698,-229.52,-0.158487,35.6467,0.00369855,0.034580918524260956,1.232695628358773,-0.04195490852426095,-1.1485018283587731
30.08,3.52408,0.00363945,35.6481,-0.201599,0.0956711,-0.00484815,30.4,0,970.402,-229.633,-0.157772,35.6481,0.00363945,0.03402959450303517,1.213090387803648,-0.038877744503035175,-1.1174192878036482
30.1,3.5,0.00361459,35.7111,-0.18207,0.099982,-0.0084,30.4,0,971.106,-229.744,-0.157075,35.7111,0.00361459,0.033853339340550515,1.2089399865243335,-0.04225333934055051,-1.1089579865243335
30.12,3.6,0.00371786,35.7055,-0.167224,0.102992,-0.00653993,30.4,0,971.811,-229.856,-0.156373,35.7055,0.00371786,0.034815412049656096,1.2431016949389957,-0.041355342049656095,-1.1401096949389957
30.14,3.7,0.00382114,35.6708,-0.160119,0.111085,-0.00343179,30.4,0,972.517,-229.967,-0.155646,35.6708,0.00382114,0.0357498554234916,1.2752259428402841,-0.0391816454234916,-1.164140942840284
30.16,3.7,0.00382114,35.6638,-0.158263,0.12439,-0.005798,30.4,0,973.222,-230.077,-0.154904,35.6638,0.00382114,0.03574325456808285,1.2747402822651932,-0.041541254568082844,-1.1503502822651932
30.18,3.7,0.00382114,35.6958,-0.160891,0.138134,-0.0067905,30.4,0,973.926,-230.187,-0.154168,35.6958,0.00382114,0.03577342799205396,1.2769611309187598,-0.04256392799205396,-1.1388271309187599
30.2,3.8,0.00392441,35.674,-0.168476,0.1502,-0.00347717,30.4,0,974.632,-230.296,-0.153425,35.674,0.00392441,0.03671913859912247,1.309918550385095,-0.040196308599122474,-1.159718550385095
30.22,3.8,0.00392441,35.5901,-0.175522,0.159765,-0.0022377,30.4,0,975.337,-230.405,-0.152664,35.5901,0.00392441,0.0366378698947417,1.3039454533408465,-0.0388755698947417,-1.1441804533408466
30.24,3.8,0.00392441,35.6352,-0.174334,0.16174,-0.00480146,30.4,0,976.04,-230.513,-0.151909,35.6352,0.00392441,0.036681559753582026,1.307154718130846,-0.041483019753582026,-1.145414718130846
30.26,3.8,0.00392441,35.7017,-0.164918,0.151447,-0.00420472,30.4,0,976.745,-230.621,-0.151153,35.7017,0.00392441,0.03674596226754185,1.3118933210870989,-0.04095068226754185,-1.160446321087099
30.28,3.8,0.00392441,35.676,-0.152444,0.13176,-0.00129755,30.4,0,977.451,-230.728,-0.150396,35.676,0.00392441,0.03672107545247102,1.3100610878423562,-0.03801862545247102,-1.1783010878423563
30.3,3.8,0.00392441,35.6181,-0.138149,0.109726,-0.00380307,30.4,0,978.156,-230.834,-0.149639,35.6181,0.00392441,0.03666499559455444,1.3059374795863994,-0.04046806559455444,-1.1962114795863994
30.32,3.64159,0.00376081,35.6549,-0.121034,0.0909603,-0.00291682,30.4,0,978.861,-230.94,-0.148891,35.6549,0.00376081,0.03517065713075621,1.2540062629313995,-0.03808747713075621,-1.1630459629313994
30.34,3.7,0.00382114,35.6382,-0.1052,0.0798825,-0.00365204,30.4,0,979.566,-231.046,-0.148171,35.6382,0.00382114,0.03571911229996612,1.2729648679686525,-0.03937115229996612,-1.1930823679686524
30.36,3.6,0.00371786,35.6001,-0.0984458,0.078691,-0.0048,30.4,0,980.271,-231.151,-0.147437,35.6001,0.00371786,0.034718701312024584,1.2359892385782063,-0.03951870131202458,-1.1572982385782062
30.38,3.6,0.00371786,35.6506,-0.105832,0.085049,-0.00415711,30.4,0,980.975,-231.255,-0.146727,35.6506,0.00371786,0.034765044504361055,1.2393946956071742,-0.03892215450436105,-1.1543456956071743
30.4,3.6,0.00371786,35.709,-0.127583,0.0959268,-0.00141595,30.4,0,981.68,-231.359,-0.14601,35.709,0.00371786,0.03481862261915731,1.2433381951074884,-0.03623457261915731,-1.1474113951074885
30.42,3.6,0.00371786,35.6285,-0.157096,0.111387,-0.00412116,30.4,0,982.387,-231.463,-0.145293,35.6285,0.00371786,0.034744765082348646,1.237903862736459,-0.038865925082348644,-1.126516862736459
30.44,3.59393,0.00371159,35.5452,-0.180129,0.13068,-0.00242762,30.4,0,983.092,-231.566,-0.144577,35.5452,0.00371159,0.03460983980006899,1.230213677661412,-0.037037459800068985,-1.0995336776614122
30.46,3.53088,0.00364648,35.6042,-0.186984,0.148828,-0.00469404,30.4,0,983.796,-231.668,-0.143867,35.6042,0.00364648,0.03405581418599701,1.2125300194410749,-0.03874985418599701,-1.063702019441075
30.48,3.6,0.00371786,35.6309,-0.183628,0.160569,-0.0045876,30.4,0,984.5,-231.77,-0.143165,35.6309,0.00371786,0.03474696748254234,1.2380657236737178,-0.03933456748254234,-1.0774967236737178
30.5,3.53644,0.00365222,35.6505,-0.181075,0.165124,-0.00267466,30.4,0,985.206,-231.871,-0.142449,35.6505,0.00365222,0.03415116094963802,1.2175059634350702,-0.03682582094963802,-1.0523819634350702
30.52,3.4,0.00351131,35.6625,-0.181566,0.163679,-0.00158601,30.4,0,985.911,-231.972,-0.141755,35.6625,0.00351131,0.032843928159411805,1.1712965879850235,-0.0344299381594118,-1.0076175879850235
30.54,3.51002,0.00362494,35.6353,-0.181632,0.154456,-0.00468415,30.4,0,986.618,-232.073,-0.14108,35.6353,0.00362494,0.03388247000867205,1.207411983500031,-0.038566620008672045,-1.052955983500031
30.56,3.57356,0.00369055,35.5724,-0.179451,0.136168,-0.00388269,30.4,0,987.323,-232.173,-0.140373,35.5724,0.00369055,0.034438430274851856,1.2250576171091403,-0.03832112027485186,-1.0888896171091402
30.58,3.43793,0.00355048,35.5461,-0.175392,0.113535,-0.00461005,30.4,0,988.028,-232.272,-0.139667,35.5461,0.00355048,0.03310829718026327,1.1768708423993564,-0.03771834718026327,-1.0633358423993564
30.6,3.4,0.00351131,35.6119,-0.1716,0.0933661,-0.00687866,30.4,0,988.732,-232.371,-0.138993,35.6119,0.00351131,0.03280007560324567,1.1680730123752243,-0.03967873560324567,-1.0747069123752244
30.62,3.5,0.00361459,35.6314,-0.171013,0.0799682,-0.00539459,30.4,0,989.437,-232.469,-0.138314,35.6314,0.00361459,0.03378224784501636,1.2037087858649158,-0.039176837845016355,-1.1237405858649159
30.64,3.48161,0.00359559,35.6347,-0.17224,0.0786097,-0.00434713,30.4,0,990.143,-232.567,-0.137614,35.6347,0.00359559,0.033607599444969646,1.1975967239416598,-0.037954729444969644,-1.11898702394166
30.66,3.4,0.00351131,35.6226,-0.169763,0.0950803,-0.00647518,30.4,0,990.849,-232.665,-0.136927,35.6226,0.00351131,0.03280934971041683,1.1687543409942946,-0.03928452971041683,-1.0736740409942946
30.68,3.5,0.00361459,35.637,-0.163103,0.127294,-0.00602602,30.4,0,991.555,-232.762,-0.13625,35.637,0.00361459,0.03378724392074376,1.2040760116035454,-0.03981326392074376,-1.0767820116035454
30.7,3.5,0.00361459,35.5839,-0.157404,0.164559,-0.00333208,30.4,0,992.261,-232.858,-0.135548,35.5839,0.00361459,0.03373986471320684,1.200595971968281,-0.03707194471320684,-1.0360369719682812
30.72,3.47049,0.00358412,35.5773,-0.152944,0.195772,-0.00296158,30.4,0,992.966,-232.954,-0.134855,35.5773,0.00358412,0.033449604301489175,1.1900466071153708,-0.03641118430148917,-0.9942746071153707
30.74,3.41186,0.00352356,35.631,-0.145574,0.21362,-0.00348139,30.4,0,993.671,-233.049,-0.13417,35.631,0.00352356,0.032931119155702696,1.1733687066368428,-0.036412509155702696,-0.9597487066368428
30.76,3.5,0.00361459,35.6755,-0.137004,0.216707,-0.000588513,30.4,0,994.377,-233.145,-0.13349,35.6755,0.00361459,0.033821588099245105,1.2066020662346186,-0.034410101099245104,-0.9898950662346186
30.78,3.5,0.00361459,35.6252,-0.13319,0.211923,-0.000609015,30.4,0,995.084,-233.239,-0.132788,35.6252,0.00361459,0.03377671630996716,1.203302273885842,-0.03438573130996716,-0.9913792738858421
30.8,3.4,0.00351131,35.5447,-0.134113,0.20757,-0.00239938,30.4,0,995.791,-233.333,-0.132097,35.5447,0.00351131,0.03274181924977345,1.1637981426874224,-0.03514119924977345,-0.9562281426874224
30.82,3.4,0.00351131,35.5749,-0.134382,0.203708,-0.00106274,30.4,0,996.495,-233.427,-0.131427,35.5749,0.00351131,0.032768002384871216,1.165718408041555,-0.033830742384871215,-0.962010408041555
30.84,3.4,0.00351131,35.5961,-0.132775,0.195611,-9.23482e-05,30.4,0,997.201,-233.52,-0.130752,35.5961,0.00351131,0.032786380207600545,1.1670672685077697,-0.032878728407600546,-0.9714562685077697
30.86,3.24931,0.00335569,35.5656,-0.132408,0.182912,-0.00054931,30.4,0,997.907,-233.612,-0.130084,35.5656,0.00335569,0.03130801985697788,1.1134885110253325,-0.031857329856977874,-0.9305765110253326
30.88,3.1,0.00320149,35.5822,-0.133364,0.169095,-0.00193086,30.4,0,998.612,-233.704,-0.129454,35.5822,0.00320149,0.029882471110864547,1.0632840635610046,-0.03181333111086455,-0.8941890635610046
30.9,3.1,0.00320149,35.6084,-0.134243,0.156295,-0.00268254,30.4,0,999.317,-233.796,-0.128846,35.6084,0.00320149,0.029903178274000786,1.0648043332519297,-0.03258571827400079,-0.9085093332519297
30.92,2.95565,0.00305242,35.5538,-0.13649,0.146052,-0.00293304,30.4,0,1000.02,-233.887,-0.128237,35.5538,0.00305242,0.028469650149776305,1.012204247495117,-0.031402690149776306,-0.866152247495117
30.94,2.58513,0.00266976,35.5145,-0.140245,0.141114,-0.00413061,30.4,0,1000.73,-233.978,-0.127676,35.5145,0.00266976,0.024874686242271415,0.8834120445511481,-0.029005296242271415,-0.7422980445511481
30.96,2.32124,0.00239724,35.5431,-0.143093,0.142329,-0.00318235,30.4,0,1001.43,-234.068,-0.127195,35.5431,0.00239724,0.02235248408106971,0.7944765769418688,-0.02553483408106971,-0.6521475769418688
30.98,2.5,0.00258185,35.5606,-0.146256,0.147526,-0.00396064,30.4,0,1002.14,-234.158,-0.126738,35.5606,0.00258185,0.02408499929775345,0.8564770260276914,-0.02804563929775345,-0.7089510260276914
31.0,2.37724,0.00245507,35.6059,-0.153172,0.154681,-0.00422759,30.4,0,1002.84,-234.248,-0.126239,35.6059,0.00245507,0.022929773933507577,0.8164352376990774,-0.027157363933507577,-0.6617542376990775
31.02,2.32399,0.00240008,35.6296,-0.162156,0.160732,-0.00508787,30.4,0,1003.55,-234.338,-0.125775,35.6296,0.00240008,0.022430219104674475,0.7991797346119097,-0.027518089104674476,-0.6384477346119097
31.04,2.4,0.00247857,35.6214,-0.169574,0.158714,-0.00775869,30.4,0,1004.26,-234.427,-0.125312,35.6214,0.00247857,0.02315874256861194,0.8249468325335533,-0.030917432568611937,-0.6662328325335533
31.06,2.37577,0.00245355,35.587,-0.175762,0.143931,-0.00545459,30.4,0,1004.96,-234.516,-0.124832,35.587,0.00245355,0.022904129669642646,0.815089262553573,-0.028358719669642644,-0.6711582625535729
31.08,2.3,0.0023753,35.5336,-0.180873,0.120505,-0.0048,30.4,0,1005.67,-234.604,-0.124365,35.5336,0.0023753,0.022142336798277568,0.7867969388552758,-0.026942336798277566,-0.6662919388552758
31.1,2.3,0.0023753,35.5563,-0.182558,0.0946695,-0.00781701,30.4,0,1006.38,-234.692,-0.123913,35.5563,0.0023753,0.022155651195876393,0.7877729806159398,-0.029972661195876393,-0.6931034806159398
31.12,2.3,0.0023753,35.5667,-0.180912,0.0668662,-0.0101746,30.4,0,1007.08,-234.78,-0.123456,35.5667,0.0023753,0.022161750673400166,0.7882203376756216,-0.03233635067340017,-0.7213541376756216
31.14,2.3,0.0023753,35.6016,-0.178773,0.0368951,-0.00967239,30.4,0,1007.79,-234.867,-0.123,35.6016,0.0023753,0.02218221676526111,0.7897224083901199,-0.03185460676526111,-0.7528273083901199
31.16,2.28028,0.00235493,35.538,-0.176937,0.008667,-0.0116366,30.4,0,1008.49,-234.954,-0.122544,35.538,0.00235493,0.02195500750303812,0.7802370566429686,-0.03359160750303812,-0.7715700566429686
31.18,2.2,0.00227203,35.554,-0.174384,-0.0158036,-0.0148817,30.4,0,1009.2,-235.041,-0.122096,35.554,0.00227203,0.02119110480455795,0.7534285402212534,-0.03607280480455795,-0.7692321402212534
31.2,2.2,0.00227203,35.5405,-0.172478,-0.0369808,-0.0111177,30.4,0,1009.91,-235.128,-0.121664,35.5405,0.00227203,0.021183530898680195,0.7528732799045436,-0.03230123089868019,-0.7898540799045436
31.22,2.17358,0.00224474,35.5558,-0.173917,-0.0523431,-0.0121512,30.4,0,1010.61,-235.214,-0.121228,35.5558,0.00224474,0.02093756922954466,0.744452024011844,-0.03308876922954466,-0.7967951240118439
31.24,2.1,0.00216875,35.5798,-0.178404,-0.0625259,-0.0159586,30.4,0,1011.32,-235.3,-0.120802,35.5798,0.00216875,0.020241629788511486,0.720193139549281,-0.036200229788511486,-0.782719039549281
31.26,2.2,0.00227203,35.6184,-0.18439,-0.0746659,-0.0120018,30.4,0,1012.02,-235.385,-0.120384,35.6184,0.00227203,0.021227228017212572,0.7560798984082843,-0.03322902801721257,-0.8307457984082842
31.28,2.18225,0.00225369,35.6009,-0.19269,-0.090679,-0.0107065,30.4,0,1012.73,-235.47,-0.119942,35.6009,0.00225369,0.02104614392858408,0.749261665387129,-0.03175264392858408,-0.839940665387129
31.3,2.1,0.00216875,35.543,-0.203168,-0.10558,-0.0120732,30.4,0,1013.44,-235.556,-0.119513,35.543,0.00216875,0.020221923800265378,0.7187478376328323,-0.03229512380026538,-0.8243278376328323
31.32,2.1,0.00216875,35.5839,-0.211979,-0.116791,-0.0120189,30.4,0,1014.14,-235.64,-0.119101,35.5839,0.00216875,0.020243825065360314,0.7203542467432749,-0.03226272506536031,-0.8371452467432748
31.34,2.1,0.00216875,35.5484,-0.215644,-0.122878,-0.0108615,30.4,0,1014.85,-235.725,-0.118684,35.5484,0.00216875,0.020224815669594446,0.7189598373490113,-0.031086315669594446,-0.8418378373490113
31.36,2.1,0.00216875,35.5282,-0.212961,-0.121034,-0.0104,30.4,0,1015.56,-235.809,-0.118267,35.5282,0.00216875,0.020213997531252543,0.7181669470898465,-0.030613997531252542,-0.8392009470898465
31.38,2.1,0.00216875,35.5719,-0.203002,-0.112446,-0.00972891,30.4,0,1016.26,-235.892,-0.11785,35.5719,0.00216875,0.02023739973631328,0.7198827596801624,-0.02996630973631328,-0.8323287596801624
31.4,2.12382,0.00219335,35.5896,-0.18798,-0.102777,-0.0114,30.4,0,1016.97,-235.976,-0.117432,35.5896,0.00219335,0.02047653679234984,0.7287517538250138,-0.031876536792349836,-0.8315287538250138
31.42,2.1,0.00216875,35.5269,-0.175227,-0.0955076,-0.0118418,30.4,0,1017.67,-236.059,-0.11701,35.5269,0.00216875,0.020213301276576334,0.7181159331227998,-0.032055101276576334,-0.8136235331227998
31.44,2.08919,0.00215759,35.4805,-0.168261,-0.088446,-0.00828646,30.4,0,1018.38,-236.142,-0.116596,35.4805,0.00215759,0.020084560878448024,0.7126102622477751,-0.028371020878448026,-0.8010562622477752
31.46,2.1,0.00216875,35.5318,-0.162194,-0.0787366,-0.0114381,30.4,0,1019.08,-236.224,-0.116182,35.5318,0.00216875,0.020215925597238546,0.7183082251359605,-0.031654025597238546,-0.7970448251359605
31.48,2.1,0.00216875,35.5455,-0.154771,-0.0684589,-0.0103157,30.4,0,1019.79,-236.306,-0.115765,35.5455,0.00216875,0.02022326263847949,0.7188459821160726,-0.03053896263847949,-0.7873048821160726
31.5,2.0,0.00206548,35.5485,-0.151143,-0.0605274,-0.00658453,30.4,0,1020.5,-236.388,-0.115353,35.5485,0.00206548,0.01926181292992747,0.6847285569395266,-0.02584634292992747,-0.7452559569395266
31.52,1.9,0.0019622,35.4944,-0.153142,-0.0541346,-0.00905691,30.4,0,1021.2,-236.47,-0.114966,35.4944,0.0019622,0.018272447632440507,0.6485695652448963,-0.027329357632440508,-0.7027041652448963
31.54,1.9,0.0019622,35.4939,-0.155953,-0.0496134,-0.0102193,30.4,0,1021.91,-236.551,-0.114595,35.4939,0.0019622,0.018272205305474413,0.6485518278919782,-0.028491505305474413,-0.6981652278919782
31.56,1.9,0.0019622,35.4789,-0.157039,-0.0507033,-0.00945339,30.4,0,1022.61,-236.632,-0.114218,35.4789,0.0019622,0.018264935211901735,0.6480198098895406,-0.027718325211901734,-0.6987231098895406
31.58,1.8,0.00185893,35.4494,-0.158616,-0.0600322,-0.00852868,30.4,0,1023.32,-236.713,-0.113847,35.4494,0.00185893,0.017290107971286287,0.612923953517316,-0.025818787971286287,-0.672956153517316
31.6,1.67763,0.00173256,35.4824,-0.16269,-0.0788082,-0.0118895,30.4,0,1024.02,-236.794,-0.113502,35.4824,0.00173256,0.016128848395898617,0.572290250322633,-0.028018348395898618,-0.651098450322633
31.62,1.6,0.00165238,35.562,-0.170803,-0.106703,-0.0106996,30.4,0,1024.73,-236.874,-0.113179,35.562,0.00165238,0.015414913202320952,0.5481851433009377,-0.02611451320232095,-0.6548881433009377
31.64,1.59007,0.00164213,35.5439,-0.184169,-0.137013,-0.0092993,30.4,0,1025.43,-236.954,-0.112866,35.5439,0.00164213,0.015311952505009666,0.5442465086428131,-0.024611252505009666,-0.681259508642813
31.66,1.38052,0.00142571,35.4737,-0.198305,-0.160335,-0.0122441,30.4,0,1026.14,-237.034,-0.112561,35.4737,0.00142571,0.013269234332538571,0.4707088379421735,-0.02551333433253857,-0.6310438379421734
31.68,1.31679,0.0013599,35.5482,-0.205591,-0.175962,-0.0131314,30.4,0,1026.85,-237.114,-0.112302,35.5482,0.0013599,0.012681754471799788,0.45081354431443327,-0.025813154471799788,-0.6267755443144333
31.7,1.47696,0.00152532,35.5258,-0.206671,-0.190995,-0.0117539,30.4,0,1027.55,-237.193,-0.112035,35.5258,0.00152532,0.0142159445052791,0.5050328013056442,-0.0259698445052791,-0.6960278013056442
31.72,1.4,0.00144583,35.4915,-0.20913,-0.208743,-0.0122499,30.4,0,1028.26,-237.272,-0.111738,35.4915,0.00144583,0.013462850546868169,0.47781676018417163,-0.02571275054686817,-0.6865597601841716
31.74,1.4,0.00144583,35.5123,-0.215152,-0.22513,-0.0131514,30.4,0,1028.96,-237.352,-0.111465,35.5123,0.00144583,0.013470278202757409,0.47836056061978194,-0.02662167820275741,-0.7034905606197819
31.76,1.41145,0.00145766,35.5412,-0.220076,-0.234151,-0.0115832,30.4,0,1029.67,-237.43,-0.111187,35.5412,0.00145766,0.013590897505160477,0.4830368064104096,-0.025174097505160475,-0.7171878064104096
31.78,1.4904,0.0015392,35.4834,-0.219303,-0.232058,-0.0134384,30.4,0,1030.38,-237.509,-0.110902,35.4834,0.0015392,0.014329187404138348,0.5084482883360028,-0.027767587404138348,-0.7405062883360027
31.8,1.4,0.00144583,35.4763,-0.21121,-0.218254,-0.0123433,30.4,0,1031.08,-237.588,-0.110608,35.4763,0.00144583,0.013457422150906237,0.47741954545219495,-0.025800722150906237,-0.695673545452195
31.82,1.5,0.00154911,35.5103,-0.19966,-0.195469,-0.0150089,30.4,0,1031.79,-237.666,-0.11033,35.5103,0.00154911,0.01443173713358184,0.5124753151346312,-0.02944063713358184,-0.7079443151346312
31.84,1.5936,0.00164578,35.4977,-0.192781,-0.168605,-0.0136,30.4,0,1032.49,-237.744,-0.110023,35.4977,0.00164578,0.015327209043763486,0.5440806684728031,-0.028927209043763485,-0.7126856684728031
31.86,1.6,0.00165238,35.4987,-0.193004,-0.142201,-0.0144604,30.4,0,1033.2,-237.822,-0.109702,35.4987,0.00165238,0.015389083317036712,0.5462924519464911,-0.029849483317036712,-0.6884934519464911
31.88,1.6,0.00165238,35.5232,-0.193437,-0.11917,-0.0135226,30.4,0,1033.9,-237.899,-0.109385,35.5232,0.00165238,0.01539908164671765,0.5470246571526804,-0.02892168164671765,-0.6661946571526804
31.9,1.717,0.00177321,35.5371,-0.18821,-0.100778,-0.0148,30.4,0,1034.61,-237.977,-0.109062,35.5371,0.00177321,0.016531225826739198,0.5874718253274136,-0.031331225826739195,-0.6882498253274136
31.92,1.8,0.00185893,35.5092,-0.179504,-0.085863,-0.0127958,30.4,0,1035.32,-238.054,-0.108711,35.5092,0.00185893,0.01731756700173495,0.6149329501780068,-0.03011336700173495,-0.7007959501780068
31.94,1.7,0.00175566,35.4694,-0.17136,-0.0715598,-0.0108311,30.4,0,1036.02,-238.131,-0.108355,35.4694,0.00175566,0.016338254867111955,0.5795080971835408,-0.027169354867111955,-0.6510678971835409
31.96,1.71816,0.00177441,35.4626,-0.163835,-0.0570453,-0.0154184,30.4,0,1036.73,-238.208,-0.108023,35.4626,0.00177441,0.016509762953062126,0.585479119699261,-0.031928162953062125,-0.642524419699261
31.98,1.8,0.00185893,35.5106,-0.156695,-0.0443429,-0.0130262,30.4,0,1037.43,-238.284,-0.107678,35.5106,0.00185893,0.01731820975593272,0.6149800193590244,-0.030344409755932722,-0.6593229193590243
32.0,1.78833,0.00184688,35.5353,-0.152775,-0.0350918,-0.0110101,30.4,0,1038.14,-238.36,-0.107318,35.5353,0.00184688,0.017217214759608745,0.6118188916471247,-0.028227314759608747,-0.6469106916471247
32.02,1.7,0.00175566,35.479,-0.153579,-0.030338,-0.0123675,30.4,0,1038.84,-238.436,-0.106968,35.479,0.00175566,0.01634241822517177,0.5798126562108693,-0.02870991822517177,-0.6101506562108693
32.04,1.7,0.00175566,35.5019,-0.156152,-0.0319987,-0.0138,30.4,0,1039.55,-238.512,-0.106635,35.5019,0.00175566,0.016352348753877997,0.5805394502253013,-0.030152348753877997,-0.6125381502253013
32.06,1.9,0.0019622,35.4475,-0.156315,-0.0405822,-0.0107259,30.4,0,1040.26,-238.587,-0.106289,35.4475,0.0019622,0.018249714699939905,0.6469067618261197,-0.028975614699939905,-0.6874889618261197
32.08,1.78891,0.00184748,35.4105,-0.150956,-0.0538814,-0.0109774,30.3667,0,1040.96,-238.662,-0.105908,35.4105,0.00184748,0.017165853500622972,0.6078514553838097,-0.028143253500622974,-0.6617328553838097
32.1,1.71336,0.00176945,35.4481,-0.139922,-0.0697795,-0.010587,30.1,0,1041.67,-238.737,-0.105564,35.4481,0.00176945,0.016457274791743467,0.5833791225452015,-0.027044274791743466,-0.6531586225452015
32.12,1.81661,0.00187609,35.4972,-0.128929,-0.0876101,-0.00950033,30.1,0,1042.37,-238.812,-0.105223,35.4972,0.00187609,0.01747186749198588,0.6202023747365212,-0.02697219749198588,-0.7078124747365212
32.14,1.9,0.0019622,35.4642,-0.124155,-0.106406,-0.0107723,30.1,0,1043.08,-238.886,-0.104854,35.4642,0.0019622,0.018257809985917535,0.6474986249025766,-0.029030109985917533,-0.7539046249025766
32.16,1.79216,0.00185084,35.3844,-0.123082,-0.12339,-0.0120746,30.1,0,1043.78,-238.96,-0.104479,35.3844,0.00185084,0.017185135601578472,0.6080857121804932,-0.02925973560157847,-0.7314757121804932
32.18,1.70665,0.00176252,35.4129,-0.119222,-0.135345,-0.0113601,30.1,0,1044.49,-239.034,-0.104135,35.4129,0.00176252,0.016377491540532446,0.5799744701757215,-0.027737591540532444,-0.7153194701757215
32.2,1.8,0.00185893,35.3832,-0.114504,-0.141743,-0.0112162,30.1,0,1045.19,-239.107,-0.103797,35.3832,0.00185893,0.017259700518255112,0.6107034353775244,-0.02847590051825511,-0.7524464353775244
32.22,1.78882,0.00184738,35.3849,-0.117005,-0.144709,-0.00893292,30.1,0,1045.89,-239.181,-0.103438,35.3849,0.00184738,0.01715323754025625,0.6069655950382135,-0.02608615754025625,-0.7516745950382134
32.24,1.7,0.00175566,35.4607,-0.129142,-0.146093,-0.0084,30.1,0,1046.6,-239.253,-0.103089,35.4607,0.00175566,0.016334481649579884,0.5792321534312574,-0.024734481649579886,-0.7253251534312575
32.26,1.7,0.00175566,35.5049,-0.146691,-0.146738,-0.0114,30.1,0,1047.3,-239.326,-0.102757,35.5049,0.00175566,0.01635364961139423,0.580634694087591,-0.027753649611394232,-0.7273726940875911
32.28,1.7,0.00175566,35.4511,-0.164376,-0.147201,-0.00988726,30.1,0,1048.01,-239.399,-0.10242,35.4511,0.00175566,0.01633031790691984,0.5789277331500058,-0.026217577906919837,-0.7261287331500058
32.3,1.6,0.00165238,35.4195,-0.177675,-0.147828,-0.00754503,30.1,0,1048.71,-239.471,-0.102089,35.4195,0.00165238,0.015356753721855472,0.5439285384512599,-0.022901783721855473,-0.6917565384512598
32.32,1.51439,0.00156397,35.4525,-0.186369,-0.149301,-0.010259,30.1,0,1049.42,-239.543,-0.101781,35.4525,0.00156397,0.01454784614390835,0.5157575154169108,-0.02480684614390835,-0.6650585154169109
32.34,1.59803,0.00165034,35.4856,-0.196737,-0.151452,-0.0100118,30.1,0,1050.13,-239.615,-0.101482,35.4856,0.00165034,0.01536474423150449,0.5452271679014757,-0.02537654423150449,-0.6966791679014758
32.36,1.48293,0.00153148,35.4396,-0.2129,-0.151158,-0.0119611,30.1,0,1050.83,-239.687,-0.101167,35.4396,0.00153148,0.014240747057225363,0.504686379409244,-0.026201847057225364,-0.655844379409244
32.38,1.40652,0.00145256,35.3995,-0.229526,-0.145367,-0.0116652,30.1,0,1051.54,-239.759,-0.100883,35.3995,0.00145256,0.0134925016348991,0.47762781162461077,-0.025157701634899103,-0.6229948116246108
32.4,1.5,0.00154911,35.4681,-0.239624,-0.134298,-0.0146123,30.1,0,1052.24,-239.83,-0.100604,35.4681,0.00154911,0.01441559006003418,0.5112935898082983,-0.02902789006003418,-0.6455915898082983
32.42,1.5,0.00154911,35.4377,-0.242784,-0.117861,-0.0121469,30.1,0,1052.95,-239.901,-0.100303,35.4377,0.00154911,0.014403955913012214,0.5104430684585529,-0.026550855913012213,-0.6283040684585529
32.44,1.5,0.00154911,35.3791,-0.240524,-0.0945836,-0.0114159,30.1,0,1053.65,-239.972,-0.100006,35.3791,0.00154911,0.014381524530848993,0.5088053945293596,-0.025797424530848993,-0.6033889945293596
32.46,1.5,0.00154911,35.4213,-0.232786,-0.0672812,-0.0131642,30.1,0,1054.36,-240.042,-0.0997097,35.4213,0.00154911,0.01439767885594619,0.5099845020601268,-0.027561878855946187,-0.5772657020601268
32.48,1.5,0.00154911,35.4796,-0.221662,-0.0426414,-0.0128333,30.1,0,1055.06,-240.113,-0.0994131,35.4796,0.00154911,0.014419990670038855,0.5116155009767105,-0.027253290670038857,-0.5542569009767105
32.5,1.5,0.00154911,35.4303,-0.209538,-0.0243819,-0.0103192,30.1,0,1055.77,-240.183,-0.099116,35.4303,0.00154911,0.014401123646657394,0.5102361311381655,-0.024720323646657397,-0.5346180311381654
32.52,1.5,0.00154911,35.3759,-0.195599,-0.0131846,-0.012426,30.1,0,1056.47,-240.253,-0.0988193,35.3759,0.00154911,0.014380299418246862,0.5087160341899591,-0.02680629941824686,-0.5219006341899591
32.54,1.59441,0.00164661,35.4261,-0.180814,-0.00995766,-0.0122894,30.1,0,1057.18,-240.323,-0.0985185,35.4261,0.00164661,0.015305814088897356,0.5422253004946865,-0.027595214088897355,-0.5521829604946865
32.56,1.7,0.00175566,35.4162,-0.169621,-0.0135636,-0.0101081,30.1,0,1057.88,-240.392,-0.0981933,35.4162,0.00175566,0.016315179268345515,0.5778216520035785,-0.026423279268345513,-0.5913852520035785
32.58,1.7,0.00175566,35.3723,-0.161727,-0.0201891,-0.0112,30.1,0,1058.59,-240.462,-0.097852,35.3723,0.00175566,0.016296132900728923,0.5764317018044537,-0.02749613290072892,-0.5966208018044536
32.6,1.6822,0.00173728,35.4192,-0.151579,-0.0278409,-0.0112356,30.1,0,1059.29,-240.531,-0.0975172,35.4192,0.00173728,0.016145663148994557,0.5718664722068679,-0.027381263148994556,-0.5997073722068679
32.62,1.72269,0.00177909,35.4698,-0.139336,-0.0370547,-0.0112639,30.1,0,1059.99,-240.6,-0.0971835,35.4698,0.00177909,0.01655647180301298,0.5872547435585097,-0.02782037180301298,-0.6243094435585097
32.64,1.9949,0.00206021,35.429,-0.131023,-0.0474449,-0.0113388,30.1,0,1060.7,-240.668,-0.0968269,35.429,0.00206021,0.019151856285342488,0.678531116333399,-0.030490656285342487,-0.725976016333399
32.66,1.88363,0.0019453,35.3415,-0.126611,-0.0571891,-0.0116982,30.1,0,1061.41,-240.737,-0.0964244,35.3415,0.0019453,0.018041577039261174,0.6376163949330489,-0.029739777039261173,-0.6948054949330489
32.68,1.89498,0.00195702,35.374,-0.121227,-0.0648373,-0.0103005,30.1,0,1062.11,-240.805,-0.0960577,35.374,0.00195702,0.01816599428562433,0.6426038818596751,-0.02846649428562433,-0.7074411818596751
32.7,2.0,0.00206548,35.4247,-0.117059,-0.0703841,-0.00926899,30.1,0,1062.81,-240.872,-0.0956778,35.4247,0.00206548,0.0191986522641561,0.6801064968620506,-0.0284676422641561,-0.7504905968620506
32.72,1.88825,0.00195007,35.4197,-0.120165,-0.0752157,-0.0105885,30.1,0,1063.52,-240.94,-0.0952826,35.4197,0.00195007,0.01812350347484068,0.6419290560278144,-0.02871200347484068,-0.7171447560278144
32.74,1.8,0.00185893,35.3767,-0.128622,-0.0806531,-0.00796043,30.1,0,1064.22,-241.007,-0.0949192,35.3767,0.00185893,0.01725671434529119,0.6104856063790629,-0.02521714434529119,-0.6911387063790629
32.76,1.99466,0.00205996,35.4172,-0.135881,-0.0871313,-0.00838931,30.1,0,1064.93,-241.074,-0.0945585,35.4172,0.00205996,0.019143526265145237,0.6780100984379019,-0.027532836265145237,-0.765141398437902
32.78,2.2,0.00227203,35.3703,-0.140705,-0.0941736,-0.0115174,30.1,0,1065.63,-241.141,-0.0941443,35.3703,0.00227203,0.02108799926890667,0.7458888605410097,-0.03260539926890667,-0.8400624605410096
32.8,2.00211,0.00206766,35.3374,-0.14508,-0.0996943,-0.00842537,30.1,0,1066.34,-241.207,-0.0937096,35.3374,0.00206766,0.019174305704445168,0.6775701104002607,-0.027599675704445166,-0.7772644104002607
32.82,1.8,0.00185893,35.3641,-0.148945,-0.101797,-0.0084332,30.1,0,1067.04,-241.273,-0.0933344,35.3641,0.00185893,0.017250925485503013,0.6100634539618771,-0.025684125485503015,-0.7118604539618771
32.84,1.88186,0.00194347,35.4193,-0.153114,-0.101573,-0.0107452,30.1,0,1067.75,-241.339,-0.092985,35.4193,0.00194347,0.018061972349918923,0.6397424172534832,-0.028807172349918923,-0.7413154172534833
32.86,1.90632,0.00196873,35.4249,-0.160924,-0.100718,-0.00618969,30.1,0,1068.45,-241.405,-0.0926077,35.4249,0.00196873,0.018299455187021946,0.6482563700547337,-0.024489145187021947,-0.7489743700547337
32.88,1.71187,0.00176791,35.4102,-0.173002,-0.0989614,-0.0068,30.1,0,1069.16,-241.47,-0.0922391,35.4102,0.00176791,0.0164263965135138,0.5816619858228265,-0.0232263965135138,-0.6806233858228264
32.9,1.7,0.00175566,35.415,-0.185212,-0.0967206,-0.0100567,30.1,0,1069.86,-241.535,-0.0919109,35.415,0.00175566,0.016314658694713012,0.5777836376732614,-0.026371358694713014,-0.6745042376732614
32.92,1.7,0.00175566,35.3742,-0.193151,-0.0950813,-0.00853826,30.1,0,1070.57,-241.6,-0.0915754,35.3742,0.00175566,0.016296957318186058,0.5764918275649773,-0.02483521731818606,-0.6715731275649773
32.94,1.62032,0.00167337,35.3406,-0.195199,-0.0922304,-0.0060813,30.1,0,1071.27,-241.664,-0.0912437,35.3406,0.00167337,0.015519199964417092,0.5484578382624787,-0.021600499964417093,-0.6406882382624788
32.96,1.40534,0.00145135,35.3614,-0.192203,-0.0857154,-0.00946118,30.1,0,1071.98,-241.729,-0.0909386,35.3614,0.00145135,0.013467596423058033,0.47623306415432437,-0.02292877642305803,-0.5619484641543244
32.98,1.5,0.00154911,35.3673,-0.186741,-0.076442,-0.0101704,30.1,0,1072.68,-241.793,-0.0906671,35.3673,0.00154911,0.014377006830318936,0.5084759136699389,-0.024547406830318936,-0.584917913669939
33.0,1.6,0.00165238,35.3132,-0.180483,-0.0665489,-0.0084135,30.1,0,1073.38,-241.857,-0.0903614,35.3132,0.00165238,0.015313341564349015,0.5407630933301697,-0.023726841564349017,-0.6073119933301697
33.02,1.5,0.00154911,35.2968,-0.172141,-0.0575061,-0.0101936,30.1,0,1074.09,-241.92,-0.090046,35.2968,0.00154911,0.014350009894990606,0.5065094292615044,-0.024543609894990607,-0.5640155292615044
33.04,1.5,0.00154911,35.3309,-0.161889,-0.0514594,-0.0140636,30.1,0,1074.79,-241.984,-0.0897554,35.3309,0.00154911,0.01436306918230486,0.5074601609730948,-0.02842666918230486,-0.5589195609730948
33.06,1.59123,0.00164332,35.35,-0.15561,-0.0497055,-0.00986315,30.1,0,1075.49,-242.047,-0.089455,35.35,0.00164332,0.015244327423599682,0.5388869744242488,-0.02510747742359968,-0.5885924744242488
33.08,1.6,0.00165238,35.3408,-0.158641,-0.0509361,-0.0107298,30.1,0,1076.2,-242.11,-0.0891361,35.3408,0.00165238,0.015324615438670638,0.5415841692949713,-0.02605441543867064,-0.5925202692949714
33.1,1.5,0.00154911,35.3791,-0.167621,-0.0535566,-0.0129521,30.1,0,1076.9,-242.173,-0.088825,35.3791,0.00154911,0.014381524530848993,0.5088053945293596,-0.02733362453084899,-0.5623619945293595
33.12,1.60002,0.0016524,35.4211,-0.175058,-0.0564228,-0.0121996,30.1,0,1077.61,-242.236,-0.0885287,35.4211,0.0016524,0.015357592855452388,0.5439828322922646,-0.027557192855452387,-0.6004056322922646
33.14,1.7,0.00175566,35.389,-0.178407,-0.0574016,-0.00970153,30.1,0,1078.31,-242.298,-0.0882025,35.389,0.00175566,0.016303378826262264,0.5769602732825952,-0.026004908826262264,-0.6343618732825953
33.16,1.70732,0.00176321,35.3667,-0.178473,-0.0560521,-0.0096,30.1,0,1079.02,-242.36,-0.0878613,35.3667,0.00176321,0.016363772204463188,0.5787326224235882,-0.025963772204463186,-0.6347847224235883
33.18,1.61459,0.00166745,35.3565,-0.174588,-0.0561813,-0.0118789,30.1,0,1079.72,-242.422,-0.0875285,35.3565,0.00166745,0.015470849740385966,0.5469950988459563,-0.027349749740385967,-0.6031763988459563
33.2,1.69721,0.00175278,35.3393,-0.16801,-0.0610313,-0.0122446,30.1,0,1080.43,-242.484,-0.0872103,35.3393,0.00175278,0.01625510393079269,0.5744439943414621,-0.028499703930792687,-0.6354752943414621
33.22,1.6,0.00165238,35.3333,-0.1641,-0.0687078,-0.00840007,30.1,0,1081.13,-242.545,-0.0868763,35.3333,0.00165238,0.015321552040690875,0.541360994719343,-0.023721622040690876,-0.6100687947193429
33.24,1.6,0.00165238,35.3479,-0.165427,-0.0765477,-0.0096,30.1,0,1081.83,-242.607,-0.0865655,35.3479,0.00165238,0.015327515348934635,0.5417954798026066,-0.024927515348934635,-0.6183431798026066
33.26,1.6,0.00165238,35.3692,-0.168377,-0.0859789,-0.0146035,30.1,0,1082.54,-242.668,-0.0862498,35.3692,0.00165238,0.015336214458121236,0.5424296364121817,-0.029939714458121235,-0.6284085364121816
33.28,1.68634,0.00174155,35.3658,-0.169536,-0.0994278,-0.0101192,30.1,0,1083.24,-242.728,-0.0859296,35.3658,0.00174155,0.016162365069371566,0.5715949705703809,-0.026281565069371564,-0.6710227705703808
33.3,1.7,0.00175566,35.3396,-0.169175,-0.117393,-0.0102237,30.1,0,1083.95,-242.789,-0.0855918,35.3396,0.00175566,0.016281943006826647,0.5753973530840509,-0.026505643006826646,-0.6927903530840509
33.32,1.6063,0.00165889,35.3398,-0.167997,-0.139991,-0.013537,30.1,0,1084.65,-242.849,-0.0852604,35.3398,0.00165889,0.015384580980217936,0.5436880149247058,-0.028921580980217937,-0.6836790149247057
33.34,1.7,0.00175566,35.3558,-0.166785,-0.165196,-0.0125575,30.1,0,1085.36,-242.909,-0.0849435,35.3558,0.00175566,0.016288973154384084,0.5759096770517729,-0.028846473154384083,-0.7411056770517729
33.36,1.89004,0.00195192,35.3555,-0.167815,-0.186612,-0.0102398,30.1,0,1086.06,-242.969,-0.084594,35.3555,0.00195192,0.018109728583575412,0.6402785089366004,-0.028349528583575413,-0.8268905089366004
33.38,1.81534,0.00187477,35.3597,-0.171601,-0.19813,-0.0106773,30.1,0,1086.77,-243.029,-0.0842153,35.3597,0.00187477,0.01739588267868102,0.6151131927533572,-0.02807318267868102,-0.8132431927533572
33.4,1.7,0.00175566,35.3652,-0.175439,-0.197296,-0.0121895,30.1,0,1087.47,-243.088,-0.0838663,35.3652,0.00175566,0.01629305211306758,0.5762070465890575,-0.028482552113067577,-0.7735030465890576
33.42,1.90103,0.00196327,35.3782,-0.178134,-0.182893,-0.00820827,30.1,0,1088.18,-243.147,-0.0835265,35.3782,0.00196327,0.018226047788854515,0.6448047638836528,-0.026434317788854515,-0.8276977638836528
33.44,2.0,0.00206548,35.3794,-0.181356,-0.156191,-0.0103188,30.1,0,1088.88,-243.206,-0.0831363,35.3794,0.00206548,0.019175531109030534,0.6784187853188348,-0.029494331109030533,-0.8346097853188348
33.46,2.0,0.00206548,35.3813,-0.185222,-0.124061,-0.0096,30.1,0,1089.59,-243.265,-0.0827364,35.3813,0.00206548,0.019176500976524725,0.6784895340007143,-0.028776500976524726,-0.8025505340007143
33.48,2.0,0.00206548,35.3776,-0.188083,-0.0943244,-0.00842465,30.1,0,1090.29,-243.323,-0.0823414,35.3776,0.00206548,0.01917461227863405,0.678351763348604,-0.027599262278634053,-0.772676163348604
33.5,2.19171,0.00226347,35.3453,-0.189966,-0.0689065,-0.00996685,30.1,0,1091.0,-243.381,-0.081937,35.3453,0.00226347,0.0209945625087571,0.7420591102407724,-0.0309614125087571,-0.8109656102407724
33.52,2.1,0.00216875,35.3488,-0.191485,-0.0445216,-0.00843829,30.1,0,1091.7,-243.439,-0.0814996,35.3488,0.00216875,0.020117871180195226,0.711142604774485,-0.028556161180195223,-0.755664204774485
33.54,2.1,0.00216875,35.3745,-0.19206,-0.0185438,-0.00891541,30.1,0,1092.4,-243.496,-0.0810897,35.3745,0.00216875,0.020131647124344326,0.7121469512001183,-0.029047057124344328,-0.7306907512001183
33.56,2.29544,0.00237059,35.3806,-0.191774,0.00777034,-0.00856353,30.1,0,1093.11,-243.554,-0.0806654,35.3806,0.00237059,0.02200882840966505,0.7786855544309953,-0.03057235840966505,-0.7709152144309953
33.58,2.31325,0.00238899,35.366,-0.190423,0.0314414,-0.0081735,30.1,0,1093.82,-243.61,-0.0802016,35.366,0.00238899,0.022171036494314993,0.784100876657944,-0.030344536494314994,-0.7526594766579441
33.6,2.2,0.00227203,35.3699,-0.184635,0.0512259,-0.00839699,30.1,0,1094.52,-243.667,-0.0797496,35.3699,0.00227203,0.02108777465615648,0.745872480810789,-0.02948476465615648,-0.694646580810789
33.62,2.29236,0.00236741,35.3902,-0.172306,0.0677228,-0.00683056,30.1,0,1095.23,-243.723,-0.0793163,35.3902,0.00236741,0.021984921392312708,0.7780507650582252,-0.028815481392312707,-0.7103279650582253
33.64,2.4,0.00247857,35.379,-0.158406,0.0811588,-0.00689691,30.1,0,1095.93,-243.779,-0.0788535,35.379,0.00247857,0.023010351005592854,0.8140832082268695,-0.029907261005592854,-0.7329244082268696
33.66,2.4,0.00247857,35.3282,-0.149206,0.0907205,-0.00481088,30.1,0,1096.64,-243.835,-0.0783742,35.3282,0.00247857,0.022979229438446488,0.8118148134473253,-0.027790109438446488,-0.7210943134473253
33.68,2.3,0.0023753,35.3096,-0.143603,0.0947981,-0.00297181,29.9141,0,1097.34,-243.89,-0.0779059,35.3096,0.0023753,0.02201087059408322,0.7771950363288409,-0.02498268059408322,-0.6823969363288409
33.7,2.4,0.00247857,35.3409,-0.136835,0.0912706,-0.00518789,29.9,0,1098.04,-243.944,-0.0774525,35.3409,0.00247857,0.02298701057600313,0.8123816420654689,-0.02817490057600313,-0.7211110420654689
33.72,2.4,0.00247857,35.3373,-0.128464,0.080552,-0.00363829,29.9,0,1098.75,-243.999,-0.0769741,35.3373,0.00247857,0.02298480494969114,0.8122209479487207,-0.026623094949691138,-0.7316689479487207
33.74,2.3,0.0023753,35.3401,-0.121358,0.0671551,-0.00263146,29.9,0,1099.45,-244.053,-0.0765056,35.3401,0.0023753,0.02202877985244007,0.7784992828632173,-0.02466023985244007,-0.7113441828632173
33.76,2.3,0.0023753,35.3651,-0.117424,0.0543563,-0.00391761,29.9,0,1100.16,-244.107,-0.0760568,35.3651,0.0023753,0.02204345752352455,0.779569079665198,-0.025961067523524547,-0.7252127796651979
33.78,2.3,0.0023753,35.3297,-0.117403,0.0410578,-0.00572732,29.8121,0,1100.86,-244.161,-0.0756028,35.3297,0.0023753,0.022022673397534914,0.7780544443328893,-0.027749993397534915,-0.7369966443328893
33.8,2.3,0.0023753,35.2809,-0.12021,0.0271671,-0.00463935,29.4197,0,1101.57,-244.214,-0.0751492,35.2809,0.0023753,0.02199401576824768,0.7759686709179696,-0.02663336576824768,-0.7488015709179696
33.82,2.10498,0.0021739,35.3305,-0.122405,0.016058,-0.00484983,29.0149,0,1102.27,-244.267,-0.0747058,35.3305,0.0021739,0.020155810315409202,0.7121148563485649,-0.0250056403154092,-0.6960568563485648
33.84,2.2,0.00227203,35.397,-0.123548,0.00960221,-0.00686911,28.6393,0,1102.98,-244.319,-0.0742956,35.397,0.00227203,0.0211029911470107,0.7469825776307377,-0.0279721011470107,-0.7373803676307378
33.86,2.10439,0.00217329,35.3785,-0.128984,0.00704403,-0.00601757,28.4044,0,1103.68,-244.372,-0.0738609,35.3785,0.00217329,0.020175938722087783,0.7137944480793826,-0.026193508722087783,-0.7067504180793827
33.88,1.91326,0.0019759,35.3607,-0.141664,0.00879405,-0.00687956,27.6663,0,1104.39,-244.424,-0.0734595,35.3607,0.0019759,0.018334752862140972,0.6483296955323083,-0.025214312862140972,-0.6395356455323083
33.9,1.70145,0.00175715,35.3771,-0.156275,0.0156481,-0.00618554,26.6072,0,1105.09,-244.475,-0.0731017,35.3771,0.00175715,0.01631204768253181,0.5770729420696961,-0.02249758768253181,-0.561424842069696
33.92,1.89163,0.00195356,35.3889,-0.166373,0.0258567,-0.00774979,25.9251,0,1105.8,-244.527,-0.0727668,35.3889,0.00195356,0.018141070465759197,0.6419925286057057,-0.025890860465759197,-0.6161358286057057
33.94,1.9165,0.00197924,35.3926,-0.171839,0.0364025,-0.00763501,25.633,0,1106.51,-244.578,-0.0723825,35.3926,0.00197924,0.01838134940569992,0.650563746976175,-0.02601635940569992,-0.614161246976175
33.96,1.8,0.00185893,35.4099,-0.177004,0.0441786,-0.00819277,25.6,0,1107.21,-244.629,-0.0720084,35.4099,0.00185893,0.01727196577234437,0.6115985808021369,-0.02546473577234437,-0.567419980802137
33.98,1.88232,0.00194395,35.3915,-0.185815,0.0454754,-0.00690608,25.5177,0,1107.92,-244.68,-0.0716543,35.3915,0.00194395,0.01805307927914554,0.6389255553078794,-0.02495915927914554,-0.5934501553078795
34.0,1.9,0.0019622,35.3151,-0.198117,0.0389664,-0.0104572,25.2143,0,1108.62,-244.731,-0.0712774,35.3151,0.0019622,0.01818550998959058,0.6422231038333902,-0.02864270998959058,-0.6032567038333903
34.02,1.8,0.00185893,35.2863,-0.209027,0.029289,-0.0102759,25.0054,0,1109.33,-244.781,-0.070907,35.2863,0.00185893,0.01721517344486525,0.6074597747275486,-0.027491073444865247,-0.5781707747275486
34.04,1.77677,0.00183494,35.3682,-0.21574,0.0233834,-0.00937162,25.0,0,1110.03,-244.831,-0.0705585,35.3682,0.00183494,0.01703015647858031,0.602325980365724,-0.02640177647858031,-0.578942580365724
34.06,1.99412,0.00205941,35.4089,-0.223241,0.0228661,-0.00894125,24.9,0,1110.74,-244.881,-0.0701981,35.4089,0.00205941,0.019134191373149263,0.677520668912705,-0.02807544137314926,-0.654654568912705
34.08,2.01501,0.00208098,35.3227,-0.235339,0.0242513,-0.01248,24.815,0,1111.44,-244.93,-0.0697922,35.3227,0.00208098,0.019290266246620856,0.6813842875495144,-0.031770266246620854,-0.6571329875495144
34.1,1.9,0.0019622,35.2887,-0.243857,0.0261368,-0.00906986,24.6,0,1112.15,-244.979,-0.0693995,35.2887,0.0019622,0.01817270272646906,0.6412910547035487,-0.027242562726469063,-0.6151542547035488
34.12,1.90019,0.0019624,35.352,-0.239022,0.029786,-0.00860074,24.4999,0,1112.85,-245.028,-0.0690309,35.352,0.0019624,0.018205263615317623,0.6435924793287086,-0.026806003615317625,-0.6138064793287086
34.14,2.1,0.00216875,35.3931,-0.2268,0.0351083,-0.00956505,24.4,0,1113.56,-245.077,-0.0686461,35.3931,0.00216875,0.020141616151112502,0.7128742345979399,-0.029706666151112504,-0.6777659345979399
34.16,2.1,0.00216875,35.3536,-0.222653,0.0426156,-0.0084,24.4,0,1114.26,-245.125,-0.0682213,35.3536,0.00216875,0.02012044425450179,0.7113301379959545,-0.028520444254501787,-0.6687145379959545
34.18,2.0,0.00206548,35.3509,-0.231372,0.0531767,-0.00633188,24.4,0,1114.97,-245.173,-0.0678118,35.3509,0.00206548,0.01916098198328835,0.6773579579930282,-0.025492861983288352,-0.6241812579930283
34.2,2.19523,0.0022671,35.3781,-0.244866,0.0625939,-0.00887597,24.4,0,1115.67,-245.221,-0.0674125,35.3781,0.0022671,0.021046611339817747,0.7445891206412063,-0.029922581339817747,-0.6819952206412063
34.22,2.39807,0.00247658,35.3628,-0.256588,0.0651979,-0.00719227,24.4,0,1116.38,-245.268,-0.0669593,35.3628,0.00247658,0.02298196056374083,0.8127064750234543,-0.03017423056374083,-0.7475085750234542
34.24,2.21851,0.00229114,35.361,-0.267487,0.0610254,-0.00622214,24.3,0,1117.09,-245.316,-0.0664848,35.361,0.00229114,0.021260104348657265,0.7517785498728695,-0.027482244348657266,-0.6907531498728695
34.26,2.10087,0.00216965,35.3721,-0.279828,0.0515686,-0.00521395,24.3,0,1117.79,-245.362,-0.0660616,35.3721,0.00216965,0.020138714566144047,0.7123486255051039,-0.025352664566144045,-0.660780025505104
34.28,2.28214,0.00235685,35.3632,-0.292835,0.0354085,-0.00647145,24.2179,0,1118.5,-245.409,-0.0656436,35.3632,0.00235685,0.021871128881393937,0.77343310485851,-0.028342578881393937,-0.7380246048585101
34.3,2.3,0.0023753,35.3159,-0.303158,0.0149558,-0.00519234,24.1019,0,1119.2,-245.455,-0.0651833,35.3159,0.0023753,0.022014570108563284,0.7774643564970101,-0.027206910108563284,-0.7625085564970101
34.32,1.99984,0.00206531,35.3201,-0.307576,-0.000813605,-0.0049981,24.1,0,1119.91,-245.501,-0.0647438,35.3201,0.00206531,0.019143680610673754,0.676156713537058,-0.024141780610673756,-0.676970318537058
34.34,1.9,0.0019622,35.3248,-0.307934,-0.00522947,-0.00479833,24.1,0,1120.61,-245.547,-0.0643693,35.3248,0.0019622,0.01819021526166391,0.6425657160752253,-0.02298854526166391,-0.6477951860752252
34.36,2.09806,0.00216675,35.214,-0.310278,0.000939615,-0.00558837,24.1,0,1121.32,-245.592,-0.0639898,35.214,0.00216675,0.0200270994237667,0.7052342791085205,-0.025615469423766697,-0.7042946641085206
34.38,2.0,0.00206548,35.1824,-0.31519,0.0138509,-0.00619668,24.0164,0,1122.02,-245.637,-0.0635725,35.1824,0.00206548,0.019074920877249834,0.6711014962717545,-0.025271600877249834,-0.6572505962717545
34.4,1.70552,0.00176135,35.3085,-0.316144,0.0295791,-0.00576691,23.8055,0,1122.72,-245.681,-0.063199,35.3085,0.00176135,0.016321170522281124,0.5762760493859631,-0.022088080522281124,-0.5466969493859631
34.42,1.69615,0.00175168,35.3173,-0.311466,0.0429663,-0.00636918,23.7039,0,1123.43,-245.726,-0.0628778,35.3173,0.00175168,0.016235376220900842,0.5733896526064214,-0.022604556220900844,-0.5304233526064214
34.44,1.8,0.00185893,35.2637,-0.308366,0.0492911,-0.00615926,23.5204,0,1124.13,-245.77,-0.0625388,35.2637,0.00185893,0.017204785270426532,0.6067043863407401,-0.023364045270426532,-0.55741328634074
34.46,1.60174,0.00165418,35.3237,-0.312347,0.0467622,-0.00599651,23.4,0,1124.84,-245.814,-0.0621891,35.3237,0.00165418,0.015334316827296735,0.5416648073123818,-0.021330826827296735,-0.4949026073123818
34.48,1.6,0.00165238,35.3339,-0.322355,0.0348959,-0.00761983,23.318,0,1125.54,-245.858,-0.0618832,35.3339,0.00165238,0.015321797116781838,0.5413788471446578,-0.022941627116781837,-0.5064829471446578
34.5,1.69163,0.00174701,35.2911,-0.336761,0.0152396,-0.00786699,23.2084,0,1126.25,-245.901,-0.0615632,35.2911,0.00174701,0.01618077622222201,0.5710373917360592,-0.02404776622222201,-0.5557977917360591
34.52,1.60496,0.0016575,35.2766,-0.354302,-0.00499416,-0.00767106,22.905,0,1126.95,-245.945,-0.0612297,35.2766,0.0016575,0.015345792090629968,0.5413473692643171,-0.023016852090629966,-0.5463415292643171
34.54,1.52143,0.00157124,35.3075,-0.370562,-0.0172979,-0.00835714,22.6214,0,1127.66,-245.988,-0.060922,35.3075,0.00157124,0.014559165614155104,0.5140477399217813,-0.022916305614155107,-0.5313456399217813
34.56,1.59523,0.00164746,35.3142,-0.382223,-0.0206627,-0.0103046,22.4,0,1128.36,-246.031,-0.0606227,35.3142,0.00164746,0.01526815293465485,0.5391826063649883,-0.02557275293465485,-0.5598453063649883
34.58,1.7,0.00175566,35.324,-0.391611,-0.0199964,-0.010387,22.4,0,1129.07,-246.073,-0.0602994,35.324,0.00175566,0.016275172693637603,0.5749042002300546,-0.026662172693637604,-0.5949006002300546
34.6,1.6,0.00165238,35.3393,-0.402741,-0.0186728,-0.0118,22.3,0,1129.77,-246.116,-0.059964,35.3393,0.00165238,0.015324002768319807,0.5415395310304841,-0.027124002768319805,-0.5602123310304842
34.62,1.50447,0.00155373,35.3282,-0.418133,-0.0193272,-0.0107732,22.2045,0,1130.48,-246.158,-0.059658,35.3282,0.00155373,0.014404868038061599,0.5088980590222478,-0.0251780680380616,-0.5282252590222478
34.64,1.6,0.00165238,35.2935,-0.438681,-0.0259774,-0.0131412,22.0216,0,1131.18,-246.2,-0.0593614,35.2935,0.00165238,0.015305293675606351,0.5401773823400128,-0.028446493675606352,-0.5661547823400128
34.66,1.6,0.00165238,35.2462,-0.460629,-0.0386491,-0.0116,21.8,0,1131.89,-246.242,-0.0590415,35.2462,0.00165238,0.015285967320739788,0.5387722613802588,-0.026885967320739786,-0.5774213613802588
34.68,1.6,0.00165238,35.2789,-0.476791,-0.0524897,-0.0101788,21.8,0,1132.59,-246.283,-0.0587267,35.2789,0.00165238,0.015299328736527703,0.5397434885630872,-0.025478128736527703,-0.5922331885630872
34.7,1.6,0.00165238,35.3464,-0.485183,-0.0651115,-0.0101563,21.8,0,1133.29,-246.325,-0.0584116,35.3464,0.00165238,0.015326902700466811,0.5417508336117801,-0.025483202700466813,-0.6068623336117801
34.72,1.7,0.00175566,35.3272,-0.490208,-0.0777239,-0.0122147,21.7037,0,1134.0,-246.366,-0.058091,35.3272,0.00175566,0.01627656151913119,0.5750053440986513,-0.028491261519131193,-0.6527292440986513
34.74,1.6,0.00165238,35.26,-0.493096,-0.0901551,-0.0104777,21.7,0,1134.7,-246.407,-0.0577558,35.26,0.00165238,0.015291606350824221,0.539182039930062,-0.025769306350824223,-0.629337139930062
34.76,1.6,0.00165238,35.2521,-0.490325,-0.10206,-0.0102,21.7,0,1135.41,-246.447,-0.0574459,35.2521,0.00165238,0.015288378258200107,0.5389474391958959,-0.025488378258200106,-0.641007439195896
34.78,1.68656,0.00174178,35.2442,-0.484031,-0.115243,-0.0115612,21.7,0,1136.11,-246.488,-0.0571268,35.2442,0.00174178,0.016112136025220367,0.5678593445000716,-0.027673336025220367,-0.6831023445000716
34.8,1.8,0.00185893,35.2191,-0.483018,-0.129252,-0.0105517,21.7,0,1136.82,-246.528,-0.0567852,35.2191,0.00185893,0.017184281256629807,0.6052149200053708,-0.027735981256629808,-0.7344669200053708
34.82,1.70142,0.00175712,35.2575,-0.490049,-0.140206,-0.0106,21.7,0,1137.52,-246.568,-0.0564306,35.2575,0.00175712,0.01625981650150335,0.5732804803017544,-0.026859816501503347,-0.7134864803017544
34.84,1.7,0.00175566,35.2836,-0.498611,-0.145953,-0.0123561,21.7,0,1138.22,-246.607,-0.0561007,35.2836,0.00175566,0.01625763685042075,0.5736279555755056,-0.02861373685042075,-0.7195809555755056
34.86,1.79492,0.00185369,35.2501,-0.50386,-0.145878,-0.0108812,21.7,0,1138.93,-246.647,-0.0557613,35.2501,0.00185369,0.017150053629235565,0.6045411054359167,-0.028031253629235565,-0.7504191054359166
34.88,1.9,0.0019622,35.1953,-0.50671,-0.136968,-0.0102868,21.7,0,1139.63,-246.686,-0.0553983,35.1953,0.0019622,0.01812737855498781,0.6379985264563625,-0.02841417855498781,-0.7749665264563624
34.9,1.8,0.00185893,35.1996,-0.508112,-0.117353,-0.0102294,21.7,0,1140.33,-246.725,-0.0550248,35.1996,0.00185893,0.01717531505637762,0.6045642198584696,-0.02740471505637762,-0.7219172198584697
34.92,1.80114,0.00186011,35.2155,-0.508047,-0.0916376,-0.0121841,21.7,0,1141.04,-246.763,-0.054676,35.2155,0.00186011,0.017193533129491276,0.6054788659216,-0.029377633129491276,-0.6971164659216
34.94,1.98111,0.00204597,35.1845,-0.507192,-0.0667679,-0.0108,21.7,0,1141.74,-246.802,-0.0543131,35.1845,0.00204597,0.018895806393204876,0.664839500041717,-0.029695806393204877,-0.731607400041717
34.96,1.90993,0.00197246,35.1559,-0.504446,-0.045049,-0.0103191,21.7,0,1142.44,-246.84,-0.0539187,35.1559,0.00197246,0.018202937697023438,0.6399406573827863,-0.02852203769702344,-0.6849896573827863
34.98,1.9,0.0019622,35.1528,-0.498895,-0.0251214,-0.00971688,21.7,0,1143.14,-246.877,-0.0535479,35.1528,0.0019622,0.018106747575844583,0.6365028761841495,-0.027823627575844584,-0.6616242761841494
35.0,2.09715,0.00216581,35.1218,-0.496002,-0.0069048,-0.0090171,21.7,0,1143.85,-246.915,-0.0531659,35.1218,0.00216581,0.019969008156291775,0.7013475106636484,-0.028986108156291775,-0.7082523106636485
35.02,2.2,0.00227203,35.0513,-0.502022,0.00798059,-0.0089875,21.7,0,1144.55,-246.952,-0.0527401,35.0513,0.00227203,0.020908727290509653,0.7328780728778409,-0.029896227290509655,-0.724897482877841
35.04,2.12088,0.00219032,35.0485,-0.511821,0.0190652,-0.00925058,21.6,0,1145.25,-246.989,-0.0523085,35.0485,0.00219032,0.02015525703683923,0.7064115262556596,-0.02940583703683923,-0.6873463262556596
35.06,2.09489,0.00216348,35.1466,-0.514172,0.0274212,-0.00836937,21.5051,0,1145.95,-247.025,-0.0518987,35.1466,0.00216348,0.01996080158839322,0.7015543091066211,-0.028330171588393217,-0.674133109106621
35.08,2.3861,0.00246422,35.2004,-0.508889,0.0339701,-0.0074,21.5,0,1146.65,-247.062,-0.0514748,35.2004,0.00246422,0.02276831202758519,0.8014536906958097,-0.03016831202758519,-0.7674835906958097
35.1,2.4,0.00247857,35.1338,-0.506114,0.0384628,-0.0082,21.5,0,1147.35,-247.098,-0.050991,35.1338,0.00247857,0.022860060956060455,0.8031608096180368,-0.031060060956060453,-0.7646980096180368
35.12,2.10776,0.00217677,35.091,-0.510106,0.0384473,-0.00996895,21.4078,0,1148.05,-247.133,-0.050534,35.091,0.00217677,0.020053468917424957,0.7036962777813592,-0.030022418917424958,-0.6652489777813593
35.14,2.07775,0.00214577,35.0789,-0.516194,0.0306189,-0.00773406,21.1223,0,1148.75,-247.169,-0.0501369,35.0789,0.00214577,0.019761454752036365,0.6932100951012083,-0.027495514752036366,-0.6625911951012083
35.16,2.3,0.0023753,35.0638,-0.52074,0.0160024,-0.00521327,20.9,0,1149.46,-247.204,-0.0497207,35.0638,0.0023753,0.02186643952993855,0.7667204623898594,-0.02707970952993855,-0.7507180623898594
35.18,2.20404,0.0022762,35.1097,-0.523979,0.00111103,-0.00699192,20.8,0,1150.16,-247.238,-0.0492644,35.1097,0.0022762,0.020980003919744233,0.736601643621044,-0.027971923919744235,-0.735490613621044
35.2,2.0,0.00206548,35.1636,-0.52727,-0.00754103,-0.0074,20.8,0,1150.86,-247.273,-0.0488472,35.1636,0.00206548,0.019065314296705535,0.6704050858036348,-0.026465314296705535,-0.6779461158036347
35.22,2.19783,0.00226979,35.1595,-0.533389,-0.00711034,-0.00244764,20.7022,0,1151.56,-247.307,-0.0484549,35.1595,0.00226979,0.020948891740287374,0.736552559142634,-0.023396531740287375,-0.743662899142634
35.24,2.4,0.00247857,35.0797,-0.543321,0.00202898,-0.0076857,20.6198,0,1152.26,-247.341,-0.048004,35.0797,0.00247857,0.02282687665854402,0.8007599851187267,-0.03051257665854402,-0.7987310051187267
35.26,2.09984,0.00216859,35.0336,-0.551254,0.0156474,-0.00620016,20.3999,0,1152.96,-247.374,-0.0475389,35.0336,0.00216859,0.019947298535351477,0.6988256779680895,-0.026147458535351477,-0.6831782779680895
35.28,1.81584,0.00187529,35.0723,-0.552536,0.0256338,-0.00707328,20.3,0,1153.66,-247.408,-0.0471568,35.0723,0.00187529,0.01726740123263331,0.6056074762512852,-0.02434068123263331,-0.5799736762512852
35.3,2.09435,0.00216291,35.1054,-0.553934,0.0256591,-0.00369612,20.1028,0,1154.36,-247.44,-0.0468017,35.1054,0.00216291,0.01993349163392394,0.6997731972055535,-0.02362961163392394,-0.6741140972055535
35.32,2.00033,0.00206582,35.0936,-0.562091,0.0171575,-0.00419802,20.1,0,1155.06,-247.473,-0.0463822,35.0936,0.00206582,0.01903266964039939,0.66792489529232,-0.02323068964039939,-0.65076739529232
35.34,1.7183,0.00177456,35.0802,-0.567603,0.00699726,-0.00757776,20.1,0,1155.76,-247.506,-0.0460088,35.0802,0.00177456,0.016343361749920012,0.573328398859544,-0.02392112174992001,-0.566331138859544
35.36,1.7,0.00175566,35.0663,-0.556963,0.000386825,-0.00837628,20.1,0,1156.47,-247.538,-0.0456871,35.0663,0.00175566,0.01616325562392959,0.5667855706854021,-0.02453953562392959,-0.5663987456854022
35.38,1.8865,0.00194826,35.004,-0.53395,-0.000985531,-0.00570799,20.0135,0,1157.17,-247.57,-0.0453461,35.004,0.00194826,0.017906358172802575,0.6267941614807813,-0.023614348172802575,-0.6277796924807812
35.4,1.69876,0.00175437,34.9519,-0.514739,0.00394883,-0.00680747,19.7988,0,1157.87,-247.601,-0.0449776,34.9519,0.00175437,0.016101686684198816,0.5627845428174486,-0.022909156684198816,-0.5588357128174486
35.42,1.40632,0.00145236,34.9618,-0.509086,0.015402,-0.00893677,19.5063,0,1158.56,-247.633,-0.0446696,34.9618,0.00145236,0.01333338199688688,0.4661590346987597,-0.02227015199688688,-0.45075703469875966
35.44,1.48636,0.00153502,35.0131,-0.516761,0.0307488,-0.00908185,19.3,0,1159.26,-247.664,-0.0444056,35.0131,0.00153502,0.014111742277922447,0.49409584355112646,-0.023193592277922448,-0.46334704355112644
35.46,1.50306,0.00155227,35.0242,-0.533116,0.0455287,-0.00895108,19.3,0,1159.96,-247.695,-0.0441104,35.0242,0.00155227,0.01427459113209924,0.4999561347288702,-0.023225671132099238,-0.4544274347288702
35.48,1.5,0.00154911,35.0026,-0.550743,0.0544647,-0.00934638,19.2,0,1160.66,-247.725,-0.0438159,35.0026,0.00154911,0.014237247287649612,0.4983406719106843,-0.023583627287649612,-0.44387597191068434
35.5,1.4,0.00144583,34.9806,-0.563876,0.0522839,-0.0105945,19.1014,0,1161.36,-247.756,-0.0435279,34.9806,0.00144583,0.013280164640745202,0.46454812723205163,-0.023874664640745204,-0.41226422723205164
35.52,1.4,0.00144583,34.925,-0.573157,0.0371811,-0.00807725,18.9077,0,1162.06,-247.786,-0.0432594,34.925,0.00144583,0.0132602552016534,0.4631144129177449,-0.0213375052016534,-0.4259333129177449
35.54,1.4,0.00144583,34.9093,-0.580129,0.0123948,-0.00888937,18.7,0,1162.76,-247.816,-0.0429865,34.9093,0.00144583,0.013254632294734647,0.4627099351665802,-0.02214400229473465,-0.4503151351665802
35.56,1.3,0.00134256,34.982,-0.582522,-0.016939,-0.00957284,18.7,0,1163.45,-247.846,-0.0427186,34.982,0.00134256,0.012332078516196445,0.431400770653584,-0.021904918516196446,-0.448339770653584
35.58,1.3,0.00134256,35.0092,-0.581975,-0.0460423,-0.00951494,18.7,0,1164.15,-247.876,-0.0424696,35.0092,0.00134256,0.012341120776891043,0.4320527655023339,-0.02185606077689104,-0.4780950655023339
35.6,1.3,0.00134256,34.9321,-0.586715,-0.0706563,-0.00799728,18.6,0,1164.85,-247.906,-0.0422156,34.9321,0.00134256,0.012315486772687241,0.43020581549218795,-0.020312766772687244,-0.500862115492188
35.62,1.2,0.00123929,34.8894,-0.599093,-0.088883,-0.0105843,18.6,0,1165.55,-247.935,-0.041967,34.8894,0.00123929,0.011355067239323221,0.3961714829396436,-0.021939367239323222,-0.4850544829396436
35.64,0.917803,0.000947851,34.9095,-0.611652,-0.101795,-0.0118712,18.5,0,1166.25,-247.964,-0.041752,34.9095,0.000947851,0.008689458221155286,0.30334464177142045,-0.020560658221155284,-0.4051396417714205
35.66,1.0,0.00103274,34.9117,-0.620369,-0.110559,-0.00970105,18.5,0,1166.95,-247.993,-0.0415829,34.9117,0.00103274,0.009468244543076288,0.3305525130145165,-0.01916929454307629,-0.4411115130145165
35.68,1.1,0.00113601,34.8798,-0.628763,-0.115607,-0.0107103,18.5,0,1167.64,-248.022,-0.0413791,34.8798,0.00113601,0.010406055447512564,0.3629611327981488,-0.021116355447512565,-0.4785681327981488
35.7,0.901203,0.000930708,34.8763,-0.637588,-0.118683,-0.0114,18.3012,0,1168.34,-248.051,-0.0411698,34.8763,0.000930708,0.008524644014808201,0.2973080420536553,-0.0199246440148082,-0.4159910420536553
35.72,0.891948,0.00092115,34.8893,-0.643741,-0.122568,-0.0128,18.2,0,1169.04,-248.08,-0.0410045,34.8893,0.00092115,0.008440066093728217,0.2944679979639119,-0.021240066093728218,-0.4170359979639119
35.74,1.0768,0.00111206,34.8713,-0.647787,-0.128622,-0.0140897,18.1232,0,1169.73,-248.108,-0.0408223,34.8713,0.00111206,0.01018432699996783,0.3551407221139782,-0.024274026999967828,-0.4837627221139782
35.76,1.0,0.00103274,34.8307,-0.652526,-0.135907,-0.0126815,17.9068,0,1170.43,-248.137,-0.0406074,34.8307,0.00103274,0.009447518375643267,0.32906367828651795,-0.022129018375643267,-0.46497067828651795
35.78,0.8,0.000826191,34.8055,-0.657853,-0.142869,-0.0134633,17.6158,0,1171.13,-248.165,-0.0404265,34.8055,0.000826191,0.007552844720112544,0.26288053690587715,-0.021016144720112543,-0.4057495369058771
35.8,0.8,0.000826191,34.8235,-0.663305,-0.149107,-0.0136213,17.4015,0,1171.82,-248.193,-0.0402808,34.8235,0.000826191,0.007556530403790826,0.26314483651640985,-0.021177830403790825,-0.41225183651640984
35.82,0.998677,0.00103137,34.8351,-0.670543,-0.154102,-0.0122026,17.4,0,1172.52,-248.221,-0.0401156,34.8351,0.00103137,0.009436110175773846,0.3287078415840995,-0.021638710175773845,-0.48280984158409945
35.84,0.9,0.000929465,34.8282,-0.679602,-0.155709,-0.0115621,17.4,0,1173.21,-248.249,-0.0399166,34.8282,0.000929465,0.008502180970208058,0.2961156592666003,-0.020064280970208057,-0.45182465926660026
35.86,0.9,0.000929465,34.8183,-0.687826,-0.152904,-0.0143079,17.4,0,1173.91,-248.277,-0.0397465,34.8183,0.000929465,0.008499900551902308,0.29595208738630013,-0.022807800551902308,-0.4488560873863001
35.88,0.988059,0.00102041,34.7862,-0.693685,-0.147973,-0.0144716,17.4,0,1174.6,-248.304,-0.0395673,34.7862,0.00102041,0.009323469148644127,0.32432806249856433,-0.023795069148644127,-0.4723010624985643
35.9,0.9,0.000929465,34.7225,-0.697805,-0.144006,-0.0126,17.3,0,1175.3,-248.332,-0.0393755,34.7225,0.000929465,0.008477827696207614,0.29437137218156884,-0.021077827696207613,-0.4383773721815688
35.92,0.9,0.000929465,34.7154,-0.701615,-0.143714,-0.013347,17.3,0,1175.99,-248.359,-0.0392053,34.7154,0.000929465,0.008476191400024731,0.2942543749284186,-0.02182319140002473,-0.4379683749284186
35.94,0.9,0.000929465,34.7685,-0.70806,-0.150442,-0.0145512,17.3,0,1176.69,-248.386,-0.0390309,34.7685,0.000929465,0.008488427659866956,0.29512989709208426,-0.023039627659866956,-0.4455718970920842
35.96,1.0,0.00103274,34.7647,-0.720877,-0.165286,-0.0134113,17.3,0,1177.38,-248.413,-0.0388514,34.7647,0.00103274,0.009430624230098677,0.3278528221721114,-0.022841924230098676,-0.4931388221721114
35.98,0.912898,0.000942786,34.7222,-0.739466,-0.184532,-0.0104064,17.3,0,1178.08,-248.44,-0.0386568,34.7222,0.000942786,0.008599261022629484,0.2985852610799455,-0.01900566102262948,-0.48311726107994546
36.0,0.89979,0.000929249,34.7078,-0.757256,-0.203212,-0.0148,17.2,0,1178.77,-248.467,-0.0384847,34.7078,0.000929249,0.00847247041703372,0.2940608087403229,-0.02327247041703372,-0.4972728087403229
36.02,0.9,0.000929465,34.708,-0.769117,-0.21686,-0.0135514,17.2,0,1179.46,-248.493,-0.038311,34.708,0.000929465,0.008474485903451491,0.29413245673699434,-0.02202588590345149,-0.5109924567369943
36.04,0.9,0.000929465,34.6679,-0.776147,-0.220334,-0.0104865,17.2,0,1180.16,-248.52,-0.0381367,34.6679,0.000929465,0.00846524287137539,0.2934721933405549,-0.01895174287137539,-0.5138061933405549
36.06,0.805533,0.000831906,34.6692,-0.77971,-0.213652,-0.0145787,17.2,0,1180.85,-248.546,-0.0379671,34.6692,0.000831906,0.007576977332975608,0.26268774255239796,-0.022155677332975608,-0.47633974255239797
36.08,0.615053,0.00063519,34.7218,-0.778995,-0.206064,-0.0167097,17.2,0,1181.54,-248.573,-0.037825,34.7218,0.00063519,0.005793578109435774,0.20116346040020708,-0.022503278109435775,-0.4072274604002071
36.1,0.69721,0.000720036,34.7183,-0.77733,-0.205904,-0.0136391,17.2,0,1182.24,-248.599,-0.0377111,34.7183,0.000720036,0.006566835207865748,0.22798935479724539,-0.020205935207865747,-0.4338933547972454
36.12,0.699176,0.000722066,34.6587,-0.781312,-0.212052,-0.0127984,17.2,0,1182.93,-248.625,-0.0375719,34.6587,0.000722066,0.006574676792436189,0.22786975054600817,-0.01937307679243619,-0.43992175054600813
36.14,0.6,0.000619644,34.6157,-0.793183,-0.219801,-0.0143593,17.2,0,1183.62,-248.651,-0.0374414,34.6157,0.000619644,0.005635477197414102,0.19507598802252732,-0.019994777197414104,-0.4148769880225273
36.16,0.5,0.00051637,34.6209,-0.810674,-0.226134,-0.0134898,17.2,0,1184.31,-248.677,-0.0373351,34.6209,0.00051637,0.004696896931251304,0.16261079896715827,-0.018186696931251304,-0.3887447989671583
36.18,0.585315,0.000604478,34.5988,-0.830126,-0.227164,-0.0125468,17.2,0,1185.01,-248.703,-0.0372392,34.5988,0.000604478,0.005495012509702349,0.19012083882068964,-0.01804181250970235,-0.4172848388206897
36.2,0.599556,0.000619185,34.6042,-0.845578,-0.21935,-0.0121965,17.2,0,1185.7,-248.728,-0.0371214,34.6042,0.000619185,0.005629536192879283,0.19480559632563327,-0.017826036192879285,-0.41415559632563326
36.22,0.5,0.00051637,34.6397,-0.851217,-0.204205,-0.0115857,17.2,0,1186.39,-248.754,-0.0370097,34.6397,0.00051637,0.004699305058154515,0.16278251742295494,-0.016285005058154514,-0.36698751742295493
36.24,0.4,0.000413096,34.5979,-0.846822,-0.186197,-0.0137446,17.2,0,1187.08,-248.78,-0.0369227,34.5979,0.000413096,0.0037551602918624908,0.12992066026182927,-0.01749976029186249,-0.3161176602618293
36.26,0.5,0.00051637,34.5263,-0.835728,-0.167526,-0.0124,17.2,0,1187.77,-248.805,-0.0368454,34.5263,0.00051637,0.004684776056602122,0.16174798356306186,-0.01708477605660212,-0.32927398356306187
36.28,0.5,0.00051637,34.5444,-0.819976,-0.148733,-0.0110891,17.2,0,1188.46,-248.83,-0.0367443,34.5444,0.00051637,0.004687095603456506,0.16191290536404293,-0.015776195603456507,-0.3106459053640429
36.3,0.4,0.000413096,34.5777,-0.802773,-0.131416,-0.0139728,17.2,0,1189.15,-248.856,-0.0366527,34.5777,0.000413096,0.0037530898939623315,0.1297732164264613,-0.017725889893962333,-0.2611892164264613
36.32,0.499507,0.000515861,34.553,-0.790613,-0.117237,-0.0133872,17.2,0,1189.84,-248.881,-0.0365755,34.553,0.000515861,0.004683576351065238,0.16183161365835713,-0.018070776351065236,-0.2790686136583571
36.34,0.4,0.000413096,34.5042,-0.786933,-0.107211,-0.0134765,17.2,0,1190.53,-248.906,-0.0364792,34.5042,0.000413096,0.0037455547784275797,0.12923737118582088,-0.01722205477842758,-0.23644837118582088
36.36,0.3,0.000309822,34.5249,-0.788677,-0.102674,-0.015,17.2,0,1191.22,-248.931,-0.0364118,34.5249,0.000309822,0.0028107578214384235,0.09704113270937943,-0.017810757821438424,-0.19971513270937943
36.38,0.3,0.000309822,34.5511,-0.793342,-0.104231,-0.010919,17.2,0,1191.91,-248.957,-0.0363588,34.5511,0.000309822,0.002812772340732919,0.09718437842189716,-0.013731772340732919,-0.20141537842189716
36.4,0.3,0.000309822,34.5055,-0.80238,-0.111535,-0.0144003,17.2,0,1192.6,-248.982,-0.0363009,34.5055,0.000309822,0.002809265987265177,0.09693512752357857,-0.017209565987265175,-0.20847012752357857
36.42,0.198799,0.000205308,34.4768,-0.814207,-0.125422,-0.0137904,17.2,0,1193.29,-249.007,-0.036248,34.4768,0.000205308,0.0018601377705873734,0.06413159788898674,-0.015650537770587374,-0.18955359788898674
36.44,0.0183062,1.89055e-05,34.4769,-0.822045,-0.147391,-0.0125098,17.2,0,1193.98,-249.032,-0.0362233,34.4769,1.89055e-05,0.00017128865162939296,0.005905501713361418,-0.012681088651629393,-0.1532965017133614
36.46,0.193666,0.000200006,34.465,-0.82196,-0.17681,-0.015648,17.2,0,1194.67,-249.057,-0.0362201,34.465,0.000200006,0.0018115145245346626,0.062433848088087156,-0.01745951452453466,-0.23924384808808716
36.48,0.3,0.000309822,34.4251,-0.816746,-0.209749,-0.0168,17.2,0,1195.36,-249.082,-0.0361693,34.4251,0.000309822,0.002803081819120791,0.09649637193141514,-0.01960308181912079,-0.3062453719314151
36.5,0.1,0.000103274,34.4015,-0.810694,-0.241114,-0.015804,17.2,0,1196.05,-249.106,-0.0361161,34.4015,0.000103274,0.0009337553410308125,0.0321225843644715,-0.01673775534103081,-0.2732365843644715
36.52,0.1,0.000103274,34.4064,-0.805434,-0.269266,-0.0178779,17.2,0,1196.74,-249.131,-0.0361065,34.4064,0.000103274,0.0009338810107698304,0.032131483608951086,-0.01881178101076983,-0.3013974836089511
36.54,0.287206,0.000296609,34.4023,-0.801352,-0.296051,-0.02,17.2,0,1197.42,-249.156,-0.0360783,34.4023,0.000296609,0.002681859236827555,0.09226212602311258,-0.022681859236827556,-0.3883131260231126
36.56,0.2,0.000206548,34.3539,-0.799585,-0.319991,-0.0175143,17.2,0,1198.11,-249.181,-0.0360184,34.3539,0.000206548,0.0018650688045855385,0.06407238720585114,-0.019379368804585538,-0.38406338720585115
36.58,0.1,0.000103274,34.3416,-0.801796,-0.335828,-0.0159475,17.2,0,1198.8,-249.206,-0.035989,34.3416,0.000103274,0.0009322188488584637,0.032013886819957815,-0.016879718848858465,-0.36784188681995783
36.6,0.2,0.000206548,34.358,-0.809344,-0.343532,-0.0185659,17.2,0,1199.48,-249.23,-0.0359698,34.358,0.000206548,0.0018652791584754303,0.06408726132689883,-0.02043117915847543,-0.40761926132689885
36.62,0.494107,0.000510284,34.3279,-0.822124,-0.348837,-0.0170943,17.2,0,1200.17,-249.255,-0.0359126,34.3279,0.000510284,0.004604421706756194,0.15806012790735596,-0.021698721706756192,-0.506897127907356
36.64,0.5,0.00051637,34.2824,-0.836967,-0.354458,-0.016687,17.2,0,1200.86,-249.28,-0.0358036,34.2824,0.00051637,0.004653499747339932,0.15953313973820651,-0.021340499747339932,-0.5139911397382065
36.66,0.4,0.000413096,34.2662,-0.848584,-0.360163,-0.0177756,17.1,0,1201.54,-249.304,-0.0357124,34.2662,0.000413096,0.0037211367065117717,0.12750921461267367,-0.02149673670651177,-0.4876722146126737
36.68,0.486107,0.000502022,34.2727,-0.853894,-0.367358,-0.0186556,17.0,0,1202.23,-249.329,-0.0356366,34.2727,0.000502022,0.004522986231836552,0.1550149502278646,-0.023178586231836554,-0.5223729502278647
36.7,0.6,0.000619644,34.2692,-0.854113,-0.375172,-0.0194,16.8,0,1202.91,-249.353,-0.035534,34.2692,0.000619644,0.005582167408293691,0.19129641134829814,-0.02498216740829369,-0.5664684113482982
36.72,0.6,0.000619644,34.279,-0.851958,-0.378662,-0.0183856,16.7072,0,1203.59,-249.377,-0.0354138,34.279,0.000619644,0.005583676403207223,0.19140284342554043,-0.023969276403207222,-0.5700648434255404
36.74,0.6,0.000619644,34.2966,-0.849799,-0.375459,-0.0183582,16.7,0,1204.28,-249.402,-0.035299,34.2966,0.000619644,0.005586386253640756,0.19159405478661554,-0.023944586253640758,-0.5670530547866155
36.76,0.6,0.000619644,34.2816,-0.850465,-0.366513,-0.0211689,16.7,0,1204.96,-249.426,-0.0351842,34.2816,0.000619644,0.005584076736680699,0.19143108505619305,-0.0267529767366807,-0.557944085056193
36.78,0.785277,0.000810987,34.2239,-0.855414,-0.351212,-0.016465,16.7,0,1205.65,-249.45,-0.0350605,34.2239,0.000810987,0.007296783336007688,0.2497243832131935,-0.02376178333600769,-0.6009363832131935
36.8,0.7,0.000722917,34.1853,-0.861957,-0.33015,-0.0172236,16.7,0,1206.33,-249.474,-0.0349058,34.1853,0.000722917,0.0064974445264902436,0.2221170903714269,-0.023721044526490244,-0.5522670903714268
36.82,0.7,0.000722917,34.2209,-0.866065,-0.30854,-0.0192,16.7,0,1207.02,-249.497,-0.0347763,34.2209,0.000722917,0.006503841996423771,0.22256732657541825,-0.025703841996423768,-0.5311073265754183
36.84,0.884945,0.000913918,34.2388,-0.867159,-0.291007,-0.0153505,16.7,0,1207.7,-249.521,-0.0346338,34.2388,0.000913918,0.008226280902545192,0.2816579865660643,-0.02357678090254519,-0.5726649865660642
36.86,1.0,0.00103274,34.1982,-0.866605,-0.278587,-0.0158839,16.7,0,1208.39,-249.545,-0.0344503,34.1982,0.00103274,0.009285390012144413,0.3175436247133171,-0.025169290012144414,-0.5961306247133171
36.88,0.9,0.000929465,34.1902,-0.863598,-0.271167,-0.0153093,16.7,0,1209.07,-249.568,-0.0342588,34.1902,0.000929465,0.008354992988322612,0.28565888126934774,-0.02366429298832261,-0.5568258812693477
36.9,0.998072,0.00103075,34.1839,-0.856896,-0.266564,-0.014,16.7,0,1209.75,-249.592,-0.0340871,34.1839,0.00103075,0.009263833614709624,0.31667396190187236,-0.023263833614709625,-0.5832379619018724
36.92,1.1,0.00113601,34.1389,-0.847838,-0.260514,-0.0134089,16.7,0,1210.43,-249.615,-0.0338872,34.1389,0.00113601,0.010197145161147666,0.34811931894190407,-0.023606045161147664,-0.6086333189419041
36.94,1.01726,0.00105056,34.1152,-0.837827,-0.251688,-0.0145655,16.7,0,1211.12,-249.638,-0.0336767,34.1152,0.00105056,0.00942392979255941,0.3214992496591228,-0.02398942979255941,-0.5731872496591228
36.96,1.0,0.00103274,34.1249,-0.826589,-0.242563,-0.0110255,16.7,0,1211.8,-249.661,-0.0334878,34.1249,0.00103274,0.009266568578345794,0.3162207260791924,-0.020292068578345795,-0.5587837260791924
36.98,1.0,0.00103274,34.1405,-0.815555,-0.234517,-0.0127386,17.1,0,1212.48,-249.684,-0.0332981,34.1405,0.00103274,0.009270574793512874,0.3165020587379263,-0.022009174793512873,-0.5510190587379263
37.0,1.0,0.00103274,34.1092,-0.808354,-0.225152,-0.0127911,17.1,0,1213.16,-249.706,-0.0331076,34.1092,0.00103274,0.009262536375639422,0.3159377057439602,-0.022053636375639424,-0.5410897057439602
37.02,1.0,0.00103274,34.0899,-0.806476,-0.210826,-0.00963926,17.2,0,1213.84,-249.729,-0.0329172,34.0899,0.00103274,0.009257579170033973,0.31558994814854113,-0.01889683917003397,-0.5264159481485411
37.04,1.0,0.00103274,34.1078,-0.808876,-0.191509,-0.0100648,17.2,0,1214.53,-249.751,-0.032727,34.1078,0.00103274,0.009262176801226159,0.3159124739008616,-0.019326976801226158,-0.5074214739008616
37.06,1.0,0.00103274,34.0826,-0.815447,-0.171061,-0.0126199,17.2,0,1215.21,-249.773,-0.0325366,34.0826,0.00103274,0.009255704043713642,0.31545845864027455,-0.021875604043713644,-0.48651945864027457
37.08,1.0,0.00103274,34.0156,-0.826176,-0.15174,-0.0101664,17.2,0,1215.89,-249.796,-0.0323464,34.0156,0.00103274,0.009238490878192137,0.3142528103162325,-0.019404890878192138,-0.4659928103162325
37.1,1.0,0.00103274,34.0173,-0.838342,-0.133044,-0.0108142,17.401,0,1216.57,-249.818,-0.0321565,34.0173,0.00103274,0.009238927699287199,0.3142833752249624,-0.020053127699287198,-0.4473273752249624
37.12,1.0,0.00103274,34.0672,-0.848499,-0.116711,-0.0142478,17.5931,0,1217.25,-249.839,-0.0319667,34.0672,0.00103274,0.009251748079851605,0.3151811521859206,-0.023499548079851607,-0.4318921521859206
37.14,1.0,0.00103274,34.047,-0.854542,-0.106493,-0.0127452,17.7,0,1217.93,-249.861,-0.0317766,34.047,0.00103274,0.00924655864015144,0.31481758202123605,-0.02199175864015144,-0.42131058202123606
37.16,1.0,0.00103274,33.9831,-0.853769,-0.103272,-0.0118,17.8,0,1218.61,-249.883,-0.0315866,33.9831,0.00103274,0.009230139195009184,0.3136687432779166,-0.021030139195009186,-0.41694074327791664
37.18,0.914543,0.000944484,33.9732,-0.844019,-0.105973,-0.0147964,17.8855,0,1219.29,-249.904,-0.0314009,33.9732,0.000944484,0.008439021649452082,0.28670057030116547,-0.02323542164945208,-0.39267357030116545
37.2,0.9,0.000929465,33.9688,-0.828682,-0.114398,-0.0150311,17.9974,0,1219.97,-249.925,-0.0312323,33.9688,0.000929465,0.008303808139427705,0.28207039792659183,-0.023334908139427707,-0.39646839792659183
37.22,0.9,0.000929465,33.9236,-0.815057,-0.127615,-0.0138113,18.0,0,1220.65,-249.946,-0.0310624,33.9236,0.000929465,0.008293351725052528,0.2813403465799919,-0.022104651725052528,-0.4089553465799919
37.24,0.817482,0.000844246,33.9178,-0.806425,-0.142539,-0.0163203,18.0,0,1221.32,-249.967,-0.0308959,33.9178,0.000844246,0.0075317475742730355,0.25546030787467794,-0.023852047574273033,-0.39799930787467797
37.26,0.794535,0.000820547,33.973,-0.801298,-0.154675,-0.0123202,18.1,0,1222.0,-249.988,-0.0307461,33.973,0.000820547,0.007331595685599644,0.24907630022687668,-0.019651795685599643,-0.40375130022687666
37.28,1.07031,0.00110535,34.0142,-0.800546,-0.161397,-0.00717812,18.5555,0,1222.68,-250.009,-0.0305835,34.0142,0.00110535,0.009887647214736912,0.3363204098915043,-0.01706576721473691,-0.4977174098915043
37.3,1.09816,0.00113412,33.9617,-0.806546,-0.16562,-0.0168073,18.7,0,1223.36,-250.03,-0.0303659,33.9617,0.00113412,0.010130186293786907,0.3440383478537028,-0.026937486293786908,-0.5096583478537028
37.32,0.706984,0.000730131,33.8341,-0.813893,-0.170444,-0.0139073,18.793,0,1224.04,-250.05,-0.0301749,33.8341,0.000730131,0.006498480862636622,0.21987025135453372,-0.02040578086263662,-0.39031425135453374
37.34,0.782475,0.000808092,33.8379,-0.812717,-0.172482,-0.00970515,18.8825,0,1224.72,-250.071,-0.0300564,33.8379,0.000808092,0.007193132373118454,0.24340049392834492,-0.016898282373118453,-0.4158824939283449
37.36,1.19764,0.00123684,33.933,-0.804264,-0.167421,-0.0145243,19.0,0,1225.39,-250.091,-0.0298854,33.933,0.00123684,0.011038867784677367,0.3745819005374571,-0.02556316778467737,-0.5420029005374571
37.38,1.01007,0.00104313,33.8122,-0.800701,-0.153418,-0.0154214,19.1899,0,1226.07,-250.111,-0.0296478,33.8122,0.00104313,0.009278619493259577,0.31373053802999146,-0.024700019493259576,-0.46714853802999146
37.4,1.0,0.00103274,33.7479,-0.807503,-0.129115,-0.00655508,19.2,0,1226.75,-250.131,-0.0294665,33.7479,0.00103274,0.009169659610777994,0.30945675557857466,-0.015724739610777992,-0.43857175557857464
37.42,1.2,0.00123929,33.8589,-0.818939,-0.101057,-0.0133389,19.3,0,1227.42,-250.151,-0.0292693,33.8589,0.00123929,0.011037872525195908,0.3737302220433557,-0.02437677252519591,-0.4747872220433557
37.44,1.2,0.00123929,33.8816,-0.830649,-0.0816462,-0.0166956,19.3,0,1228.1,-250.171,-0.029033,33.8816,0.00123929,0.011044876902243726,0.37421810125106103,-0.027740476902243728,-0.45586430125106103
37.46,1.2,0.00123929,33.7519,-0.84224,-0.0720788,-0.0117742,19.3,0,1228.77,-250.19,-0.0288061,33.7519,0.00123929,0.011004845979175079,0.3714344610045193,-0.02277904597917508,-0.4435132610045193
37.48,1.2,0.00123929,33.7636,-0.849143,-0.0674053,-0.0130607,19.3869,0,1229.45,-250.21,-0.0285801,33.7636,0.00123929,0.011008458121399063,0.37168517662766937,-0.024069158121399065,-0.43909047662766937
37.5,1.2,0.00123929,33.9108,-0.847344,-0.0740262,-0.0203581,19.7962,0,1230.12,-250.229,-0.028354,33.9108,0.00123929,0.011053885809579408,0.3748461109114854,-0.03141198580957941,-0.4488723109114854
37.52,1.2,0.00123929,33.8702,-0.841282,-0.0992382,-0.0149891,20.1,0,1230.8,-250.248,-0.0281269,33.8702,0.00123929,0.011041359381456959,0.37397305052182345,-0.02603045938145696,-0.47321125052182345
37.54,1.2,0.00123929,33.7189,-0.832395,-0.137081,-0.0147741,20.1,0,1231.48,-250.267,-0.0279,33.7189,0.00123929,0.010994656791151872,0.3707277328751708,-0.02576875679115187,-0.5078087328751708
37.56,1.3,0.00134256,33.6883,-0.810964,-0.180356,-0.0205448,20.2,0,1232.15,-250.286,-0.0276695,33.6883,0.00134256,0.011900605248273927,0.4009111597854265,-0.032445405248273926,-0.5812671597854265
37.58,1.3,0.00134256,33.7214,-0.77298,-0.227811,-0.0140879,20.3828,0,1232.83,-250.304,-0.0274204,33.7214,0.00134256,0.011911678576043205,0.4016784779341834,-0.025999578576043205,-0.6294894779341834
37.6,1.39843,0.00144421,33.7125,-0.731292,-0.272984,-0.0133937,20.6969,0,1233.5,-250.323,-0.0271711,33.7125,0.00144421,0.01281035273634867,0.4318690166241545,-0.026204052736348668,-0.7048530166241544
37.62,1.4,0.00144583,33.7408,-0.699449,-0.302842,-0.0133694,20.8,0,1234.17,-250.341,-0.0269033,33.7408,0.00144583,0.012834917097778556,0.4330603708127267,-0.026204317097778554,-0.7359023708127267
37.64,1.4,0.00144583,33.779,-0.677449,-0.309026,-0.0114709,20.8823,0,1234.85,-250.359,-0.0266396,33.779,0.00144583,0.012848675950344564,0.43401542492668904,-0.024319575950344563,-0.743041424926689
37.66,1.59493,0.00164715,33.7877,-0.660536,-0.293222,-0.0127899,20.9,0,1235.52,-250.377,-0.0263664,33.7877,0.00164715,0.014641321488480992,0.49469657805634926,-0.02743122148848099,-0.7879185780563492
37.68,1.88818,0.00195,33.7807,-0.650391,-0.265117,-0.0126946,20.9882,0,1236.2,-250.395,-0.0260426,33.7807,0.00195,0.017329925567055107,0.5854170166030185,-0.030024525567055108,-0.8505340166030184
37.7,1.8,0.00185893,33.8211,-0.651199,-0.237307,-0.0113616,21.1,0,1236.87,-250.412,-0.025677,33.8211,0.00185893,0.01653927681908402,0.5593765352259226,-0.02790087681908402,-0.7966835352259225
37.72,1.8,0.00185893,33.8863,-0.662526,-0.218159,-0.00997373,21.2869,0,1237.55,-250.429,-0.0253414,33.8863,0.00185893,0.0165694566138652,0.5614775776544203,-0.0265431866138652,-0.7796365776544203
37.74,1.8,0.00185893,33.8602,-0.679401,-0.208797,-0.0106676,21.4669,0,1238.23,-250.446,-0.0250009,33.8602,0.00185893,0.016557376577292445,0.5606360823824377,-0.027224976577292444,-0.7694330823824377
37.76,1.8,0.00185893,33.7409,-0.693743,-0.205868,-0.0062,21.7024,0,1238.9,-250.463,-0.0246608,33.7409,0.00185893,0.016502140818134302,0.5567970831305877,-0.022702140818134302,-0.7626650831305877
37.78,1.8,0.00185893,33.6704,-0.696839,-0.204849,-0.00537048,22.3318,0,1239.58,-250.48,-0.0243218,33.6704,0.00185893,0.01646948450333349,0.5545341310210399,-0.02183996450333349,-0.7593831310210399
37.8,1.8,0.00185893,33.6778,-0.686968,-0.202019,-0.00859827,22.7991,0,1240.25,-250.496,-0.0239835,33.6778,0.00185893,0.016472912777473793,0.5547714619372068,-0.02507118277747379,-0.7567904619372068
37.82,1.8,0.00185893,33.6521,-0.671997,-0.19331,-0.00838598,23.0,0,1240.93,-250.512,-0.0236452,33.6521,0.00185893,0.01646100595156051,0.5539474183825095,-0.024846985951560513,-0.7472574183825095
37.84,1.72212,0.0017785,33.5791,-0.658479,-0.174007,-0.00708848,23.0,0,1241.6,-250.528,-0.0233108,33.5791,0.0017785,0.015716423673608794,0.527743362178477,-0.022804903673608795,-0.701750362178477
37.86,1.6016,0.00165404,33.5139,-0.642777,-0.145346,-0.012168,23.0,0,1242.27,-250.543,-0.0229973,33.5139,0.00165404,0.0145896882048957,0.488957351530054,-0.0267576882048957,-0.634303351530054
37.88,1.6,0.00165238,33.5189,-0.619696,-0.116563,-0.0129557,23.0,0,1242.94,-250.559,-0.0227034,33.5189,0.00165238,0.014577106493807689,0.4886085748552906,-0.02753280649380769,-0.6051715748552906
37.9,1.6,0.00165238,33.5436,-0.594629,-0.0957498,-0.0135073,23.0,0,1243.61,-250.574,-0.0224042,33.5436,0.00165238,0.014587285011342854,0.4893100535064801,-0.028094585011342856,-0.5850598535064802
37.92,1.5,0.00154911,33.5298,-0.578793,-0.0852843,-0.0122288,23.0,0,1244.28,-250.589,-0.0221093,33.5298,0.00154911,0.013670280063505727,0.4583617564733343,-0.025899080063505726,-0.5436460564733343
37.94,1.5,0.00154911,33.5013,-0.575447,-0.0863823,-0.0155215,23.0,0,1244.95,-250.603,-0.0218333,33.5013,0.00154911,0.013659268796907292,0.45760326174583027,-0.029180768796907293,-0.5439855617458302
37.96,1.5,0.00154911,33.4935,-0.578081,-0.0987634,-0.0150925,23.0,0,1245.62,-250.618,-0.0215528,33.4935,0.00154911,0.013656254925995768,0.4573957743638392,-0.028748754925995768,-0.5561591743638392
37.98,1.5,0.00154911,33.4811,-0.58037,-0.115855,-0.0146861,23.0,0,1246.29,-250.632,-0.0212724,33.4811,0.00154911,0.013651463413138894,0.45706601168164457,-0.028337563413138894,-0.5729210116816446
38.0,1.5,0.00154911,33.4778,-0.581209,-0.129873,-0.0140825,23.0,0,1246.96,-250.646,-0.0209921,33.4778,0.00154911,0.013650188204709483,0.45697827067962316,-0.027732688204709484,-0.5868512706796232
38.02,1.5,0.00154911,33.4894,-0.581677,-0.141082,-0.0168389,23.0,0,1247.63,-250.66,-0.0207118,33.4894,0.00154911,0.013654670666820511,0.45728672782941887,-0.030493570666820513,-0.5983687278294189
38.04,1.55335,0.0016042,33.5332,-0.583882,-0.154084,-0.0154929,23.0,0,1248.3,-250.674,-0.0204289,33.5332,0.0016042,0.014157788474823883,0.47475595248396424,-0.029650688474823883,-0.6288399524839643
38.06,1.6,0.00165238,33.523,-0.589892,-0.170159,-0.0132767,23.0,0,1248.97,-250.688,-0.0201335,33.523,0.00165238,0.014578796128422378,0.48872498261310343,-0.027855496128422377,-0.6588839826131034
38.08,1.5,0.00154911,33.5105,-0.597805,-0.189577,-0.0132324,23.0,0,1249.64,-250.701,-0.0198367,33.5105,0.00154911,0.013662823474802181,0.4578480460523585,-0.02689522347480218,-0.6474250460523585
38.1,1.51838,0.00156809,33.5481,-0.60505,-0.212392,-0.0129222,23.0553,0,1250.31,-250.714,-0.0195599,33.5481,0.00156809,0.01384492751328268,0.46447101270835867,-0.026767127513282682,-0.6768630127083587
38.12,1.74239,0.00179943,33.5517,-0.614309,-0.233445,-0.00914569,23.1,0,1250.98,-250.727,-0.0192643,33.5517,0.00179943,0.0158890863765737,0.5331058593808877,-0.025034776376573697,-0.7665508593808877
38.14,1.89725,0.00195937,33.5019,-0.628361,-0.24472,-0.00923297,23.2,0,1251.65,-250.74,-0.0189202,33.5019,0.00195937,0.017277035580257175,0.5788135183062179,-0.026510005580257175,-0.8235335183062178
38.16,1.7,0.00175566,33.5002,-0.643544,-0.241785,-0.00987737,23.3,0,1252.32,-250.753,-0.0185675,33.5002,0.00175566,0.01548004409671299,0.5185845732487046,-0.02535741409671299,-0.7603695732487046
38.18,1.71867,0.00177494,33.5182,-0.653923,-0.22381,-0.00837591,23.3187,0,1252.99,-250.765,-0.018258,33.5182,0.00177494,0.015658009049082797,0.524828278908967,-0.024033919049082798,-0.748638278908967
38.2,1.92387,0.00198686,33.5064,-0.657613,-0.192829,-0.00859099,23.4588,0,1253.66,-250.777,-0.017926,33.5064,0.00198686,0.017521663411863182,0.5870878629432525,-0.026112653411863182,-0.7799168629432526
38.22,1.88314,0.0019448,33.5038,-0.65593,-0.155651,-0.00910114,23.5169,0,1254.33,-250.789,-0.0175585,33.5038,0.0019448,0.017149483767464026,0.5745728742483612,-0.026250623767464027,-0.7302238742483612
38.24,1.70153,0.00175724,33.5229,-0.649222,-0.121675,-0.00822148,23.6985,0,1255.0,-250.801,-0.0172168,33.5229,0.00175724,0.015503924246011892,0.519736502106632,-0.02372540424601189,-0.641411502106632
38.26,1.7,0.00175566,33.4983,-0.635924,-0.0971227,-0.00639507,23.7195,0,1255.67,-250.812,-0.016907,33.4983,0.00175566,0.015479212068472916,0.5185272896333263,-0.021874282068472917,-0.6156499896333263
38.28,1.68317,0.00173828,33.4688,-0.614396,-0.0814799,-0.00756442,23.8,0,1256.34,-250.823,-0.01659,33.4688,0.00173828,0.015313185268162612,0.5125139351030809,-0.022877605268162612,-0.5939938351030809
38.3,1.55351,0.00160437,33.467,-0.584301,-0.0684731,-0.00466052,23.8,0,1257.01,-250.834,-0.0162824,33.467,0.00160437,0.01413279741512307,0.4729823310919238,-0.01879331741512307,-0.5414554310919237
38.32,1.3176,0.00136074,33.492,-0.54839,-0.051797,-0.0060704,23.8,0,1257.68,-250.845,-0.0160093,33.492,0.00136074,0.011995158667469006,0.40174185409087193,-0.018065558667469006,-0.4535388540908719
38.34,1.4,0.00144583,33.502,-0.514154,-0.0301813,-0.00777614,23.8,0,1258.35,-250.856,-0.0157702,33.502,0.00144583,0.012748849095385886,0.427111942393618,-0.020524989095385887,-0.457293242393618
38.36,1.37717,0.00142226,33.4773,-0.4895,-0.00628154,-0.0078,23.8,0,1259.02,-250.866,-0.0155056,33.4773,0.00142226,0.0125322536389963,0.41954601474877085,-0.020332253638996302,-0.4258275547487708
38.38,1.3,0.00134256,33.4829,-0.47517,0.0151288,-0.00846573,23.8,0,1259.69,-250.877,-0.0152529,33.4829,0.00134256,0.011831851128425254,0.3961646881479499,-0.02029758112842525,-0.3810358881479499
38.4,1.3,0.00134256,33.5086,-0.4665,0.0275856,-0.0103647,23.8,0,1260.36,-250.887,-0.0150136,33.5086,0.00134256,0.011840457457453452,0.3967571527588248,-0.022205157457453453,-0.3691715527588248
38.42,1.3,0.00134256,33.4986,-0.461659,0.0281131,-0.0102949,23.8,0,1261.03,-250.897,-0.0147704,33.4986,0.00134256,0.011837108816736644,0.3965265734083342,-0.022132008816736645,-0.3684134734083342
38.44,1.3,0.00134256,33.4443,-0.46088,0.0207293,-0.0106056,23.8,0,1261.7,-250.907,-0.0145274,33.4443,0.00134256,0.011818922908849764,0.39527560344044416,-0.02242452290884976,-0.37454630344044415
38.46,1.3,0.00134256,33.4122,-0.460381,0.0105255,-0.0118712,23.8,0,1262.36,-250.916,-0.0142847,33.4122,0.00134256,0.011808169910020054,0.39453693466757206,-0.023679369910020055,-0.38401143466757204
38.48,1.31616,0.00135925,33.4204,-0.455683,-0.00106926,-0.0126646,23.8,0,1263.03,-250.926,-0.0140415,33.4204,0.00135925,0.011957744227225389,0.3996325951715634,-0.02462234422722539,-0.4007018551715634
38.5,1.4,0.00144583,33.4186,-0.4483,-0.0127108,-0.0144685,23.8,0,1263.7,-250.935,-0.0137913,33.4186,0.00144583,0.012718767015814855,0.4250433873947103,-0.027187267015814857,-0.43775418739471034
38.52,1.4,0.00144583,33.3809,-0.442259,-0.0214824,-0.0151354,23.8,0,1264.37,-250.944,-0.0135263,33.3809,0.00144583,0.012705164839335772,0.42410983698538346,-0.027840564839335773,-0.44559223698538347
38.54,1.4,0.00144583,33.3873,-0.437277,-0.0276821,-0.0134241,23.8,0,1265.04,-250.953,-0.0132654,33.3873,0.00144583,0.012707474134069596,0.42426825115642186,-0.026131574134069593,-0.45195035115642185
38.56,1.41788,0.0014643,33.405,-0.431188,-0.0354451,-0.0176212,23.8,0,1265.7,-250.962,-0.0130037,33.405,0.0014643,0.01287627600320812,0.43013199988716727,-0.03049747600320812,-0.4655770998871673
38.58,1.51648,0.00156613,33.3779,-0.425578,-0.0461185,-0.0168022,23.8,0,1266.37,-250.97,-0.0127339,33.3779,0.00156613,0.013761124660305468,0.45931744279920983,-0.030563324660305466,-0.5054359427992098
38.6,1.6,0.00165238,33.3374,-0.423888,-0.0558767,-0.0136469,23.8,0,1267.04,-250.979,-0.0124429,33.3374,0.00165238,0.014502276157903124,0.48346818118647966,-0.028149176157903126,-0.5393448811864796
38.62,1.6,0.00165238,33.3499,-0.427336,-0.0610429,-0.0135542,23.8,0,1267.71,-250.987,-0.0121413,33.3499,0.00165238,0.014507431834840321,0.4838214009487412,-0.028061631834840322,-0.5448643009487412
38.64,1.61857,0.00167156,33.3503,-0.436183,-0.0610602,-0.0124886,23.8,0,1268.37,-250.995,-0.0118426,33.3503,0.00167156,0.014675994045853768,0.48944880422743686,-0.02716459404585377,-0.5505090042274369
38.66,2.01808,0.00208415,33.3164,-0.450317,-0.0562957,-0.0115107,23.8,0,1269.04,-251.003,-0.0115218,33.3164,0.00208415,0.01828083232673966,0.6090515221305892,-0.02979153232673966,-0.6653472221305892
38.68,2.1,0.00216875,33.3028,-0.465975,-0.0483131,-0.010769,23.8,0,1269.71,-251.01,-0.0111241,33.3028,0.00216875,0.019015528254798627,0.6332703343639077,-0.029784528254798628,-0.6815834343639077
38.7,2.1,0.00216875,33.3364,-0.477211,-0.0412354,-0.0103119,23.8,0,1270.37,-251.018,-0.01073,33.3364,0.00216875,0.019033719582850585,0.6345156895017402,-0.029345619582850584,-0.6757510895017402
38.72,2.21707,0.00228965,33.3479,-0.482888,-0.0380333,-0.00833655,23.8,0,1271.04,-251.025,-0.0103338,33.3479,0.00228965,0.02010135707893631,0.6703380457326602,-0.028437907078936307,-0.7083713457326603
38.74,2.36906,0.00244662,33.3112,-0.487388,-0.0383923,-0.00761876,23.8,0,1271.71,-251.031,-0.0099086,33.3112,0.00244662,0.021457023222730347,0.7147591919770151,-0.029075783222730345,-0.7531514919770151
38.76,2.3,0.0023753,33.2919,-0.492554,-0.0423444,-0.00624194,23.8,0,1272.37,-251.038,-0.00946427,33.2919,0.0023753,0.020820094259484202,0.6931404960773221,-0.027062034259484204,-0.735484896077322
38.78,2.3,0.0023753,33.2997,-0.494238,-0.0513514,-0.0063682,23.8,0,1273.04,-251.044,-0.00904009,33.2997,0.0023753,0.020824719964083454,0.6934569273879898,-0.027192919964083455,-0.7448083273879899
38.8,2.4,0.00247857,33.307,-0.49,-0.0647229,-0.00644607,23.8,0,1273.7,-251.05,-0.00860795,33.307,0.00247857,0.02173462913794402,0.7239152926975015,-0.02818069913794402,-0.7886381926975016
38.82,2.4,0.00247857,33.2749,-0.485244,-0.07779,-0.00644149,23.8,0,1274.37,-251.055,-0.00815714,33.2749,0.00247857,0.02171476447930876,0.7225566165725511,-0.02815625447930876,-0.8003466165725511
38.84,2.3,0.0023753,33.266,-0.487443,-0.0852835,-0.00499967,23.8,0,1275.03,-251.061,-0.00771604,33.266,0.0023753,0.02080473332063839,0.6920902586443566,-0.02580440332063839,-0.7773737586443565
38.86,2.2,0.00227203,33.2833,-0.49808,-0.0856878,-0.00719528,23.8,0,1275.7,-251.066,-0.00729826,33.2833,0.00227203,0.019910025294645157,0.662671344889263,-0.02710530529464516,-0.748359144889263
38.88,2.2,0.00227203,33.2861,-0.513292,-0.0802237,-0.00778923,23.8,0,1276.37,-251.07,-0.00689421,33.2861,0.00227203,0.019911613694033287,0.6627799645809613,-0.02770084369403329,-0.7430036645809613
38.9,2.2,0.00227203,33.2728,-0.528013,-0.0704448,-0.00576756,23.8,0,1277.03,-251.075,-0.00648548,33.2728,0.00227203,0.01990406860911845,0.6622640940174763,-0.025671628609118452,-0.7327088940174763
38.92,2.0,0.00206548,33.2779,-0.537531,-0.0600411,-0.00521724,23.8,0,1277.7,-251.079,-0.00608619,33.2779,0.00206548,0.018097216749941143,0.6022373692828664,-0.02331445674994114,-0.6622784692828664
38.94,1.9,0.0019622,33.3065,-0.53991,-0.0538986,-0.00587909,23.8,0,1278.36,-251.083,-0.00572864,33.3065,0.0019622,0.017206312350057446,0.5730820422871883,-0.023085402350057446,-0.6269806422871883
38.96,1.9,0.0019622,33.2938,-0.537807,-0.0515299,-0.00576108,23.8,0,1279.03,-251.087,-0.00538008,33.2938,0.0019622,0.017200090742779648,0.572656381171957,-0.022961170742779646,-0.6241862811719571
38.98,1.9,0.0019622,33.2469,-0.534321,-0.0463046,-0.00455099,23.8,0,1279.69,-251.09,-0.00502701,33.2469,0.0019622,0.017177111639075617,0.5710857129531831,-0.02172810163907562,-0.6173903129531831
39.0,1.9,0.0019622,33.2411,-0.529072,-0.033967,-0.00407618,23.8,0,1280.36,-251.093,-0.00467443,33.2411,0.0019622,0.017174269518728153,0.5708916104989945,-0.021250449518728155,-0.6048586104989945
39.02,1.9,0.0019622,33.2667,-0.521691,-0.0167489,-0.00588127,23.8,0,1281.02,-251.096,-0.00432191,33.2667,0.0019622,0.017186813461584485,0.5717485673824926,-0.023068083461584486,-0.5884974673824925
39.04,1.9,0.0019622,33.2616,-0.514525,0.0030719,-0.0072,23.8,0,1281.69,-251.099,-0.00396913,33.2616,0.0019622,0.01718431459433391,0.5715777983108968,-0.024384314594333913,-0.5685058983108968
39.06,1.9,0.0019622,33.2476,-0.507037,0.026587,-0.00698885,23.8,0,1282.35,-251.102,-0.00361639,33.2476,0.0019622,0.017177454648319993,0.5711091411654837,-0.024166304648319994,-0.5445221411654837
39.08,1.8,0.00185893,33.2635,-0.493462,0.0523393,-0.00683014,23.8,0,1283.02,-251.104,-0.00326844,33.2635,0.00185893,0.016280789069301766,0.5415560272067194,-0.023110929069301768,-0.4892167272067194
39.1,1.8,0.00185893,33.2678,-0.472076,0.0745969,-0.00601463,23.8,0,1283.68,-251.106,-0.00293889,33.2678,0.00185893,0.016282785058033548,0.5416924367536485,-0.022297415058033548,-0.46709553675364857
39.12,1.8,0.00185893,33.2298,-0.449686,0.0900692,-0.00701519,23.8,0,1284.35,-251.108,-0.00260465,33.2298,0.00185893,0.016265144679614603,0.5404875046746573,-0.023280334679614604,-0.4504183046746573
39.14,1.71718,0.0017734,33.2066,-0.431339,0.0997927,-0.0072,23.8,0,1285.01,-251.11,-0.00227464,33.2066,0.0017734,0.015506502372029047,0.5149182216670197,-0.022706502372029046,-0.4151255216670197
39.16,1.6,0.00165238,33.2063,-0.414102,0.104357,-0.0063746,23.8,0,1285.68,-251.111,-0.00196563,33.2063,0.00165238,0.014448184996002113,0.47977076543274494,-0.020822784996002115,-0.37541376543274496
39.18,1.7,0.00175566,33.2013,-0.395548,0.10419,-0.00728601,23.8,0,1286.34,-251.112,-0.00166987,33.2013,0.00175566,0.015349060384597189,0.5096087585471267,-0.022635070384597188,-0.4054187585471267
39.2,1.7,0.00175566,33.1727,-0.379954,0.103428,-0.00723287,23.8,0,1287.01,-251.113,-0.00135019,33.1727,0.00175566,0.01533651757920287,0.508753696699623,-0.02256938757920287,-0.405325696699623
39.22,1.7,0.00175566,33.1882,-0.372454,0.106756,-0.00719733,23.8,0,1287.67,-251.114,-0.00103542,33.1882,0.00175566,0.015343315463989541,0.5092170222819777,-0.02254064546398954,-0.4024610222819777
39.24,1.7,0.00175566,33.221,-0.373385,0.11378,-0.00816511,23.8,0,1288.33,-251.114,-0.000720496,33.221,0.00175566,0.015357699022439712,0.5101981192244697,-0.023522809022439712,-0.3964181192244697
39.26,1.8,0.00185893,33.205,-0.379379,0.120893,-0.00859966,23.8,0,1289.0,-251.115,-0.000400627,33.205,0.00185893,0.016253630299762612,0.5397017941036175,-0.02485329029976261,-0.4188087941036175
39.28,1.8,0.00185893,33.1602,-0.384581,0.124847,-0.00740222,23.8,0,1289.66,-251.115,-6.2379e-05,33.1602,0.00185893,0.016232826705589936,0.5382837801227034,-0.023635046705589937,-0.4134367801227034
39.3,1.70507,0.00176089,33.1331,-0.382875,0.121559,-0.00893917,23.8,0,1290.32,-251.115,0.000266393,33.1331,0.00176089,0.015364782684687762,0.5090828811700281,-0.02430395268468776,-0.3875238811700281
39.32,1.7,0.00175566,33.1415,-0.374624,0.107474,-0.00798354,23.8,0,1290.99,-251.115,0.000577105,33.1415,0.00175566,0.01532283258499165,0.5078216561155008,-0.02330637258499165,-0.40034765611550077
39.34,1.8,0.00185893,33.1275,-0.367593,0.0850954,-0.00888405,23.8,0,1291.65,-251.114,0.000895974,33.1275,0.00185893,0.016217639158690355,0.5372498412295147,-0.025101689158690356,-0.4521544412295147
39.36,1.9,0.0019622,33.0938,-0.367005,0.0618713,-0.00721258,23.8,0,1292.31,-251.113,0.00123806,33.0938,0.0019622,0.017102063324346693,0.5659722632432646,-0.024314643324346692,-0.5041009632432646
39.38,1.8,0.00185893,33.1053,-0.369786,0.0417527,-0.0069676,23.8,0,1292.97,-251.113,0.00158903,33.1053,0.00185893,0.01620732701088031,0.536548422893296,-0.023174927010880312,-0.494795722893296
39.4,1.8,0.00185893,33.1428,-0.372034,0.0229537,-0.00736509,23.8,0,1293.64,-251.111,0.00191702,33.1428,0.00185893,0.016224745550565165,0.5377334968332712,-0.023589835550565166,-0.5147797968332712
39.42,1.9,0.0019622,33.1382,-0.375741,0.00458475,-0.00716248,23.8,0,1294.3,-251.11,0.00225464,33.1382,0.0019622,0.017123833414815767,0.5674530164668478,-0.024286313414815765,-0.5628682664668477
39.44,1.9,0.0019622,33.0851,-0.383374,-0.0106767,-0.00543098,23.8,0,1294.96,-251.108,0.0026107,33.0851,0.0019622,0.017097797029119538,0.5656823244881227,-0.02252877702911954,-0.5763590244881227
39.46,1.8,0.00185893,33.0517,-0.39182,-0.0209173,-0.00644174,23.8,0,1295.62,-251.107,0.00295696,33.0517,0.00185893,0.016182424762443047,0.5348566485208388,-0.02262416476244305,-0.5557739485208388
39.48,1.8,0.00185893,33.0746,-0.397466,-0.0271131,-0.00734431,23.8,0,1296.28,-251.104,0.00328443,33.0746,0.00185893,0.016193064739028352,0.5355791390174671,-0.023537374739028352,-0.5626922390174671
39.5,1.99831,0.00206373,33.0646,-0.402095,-0.0312353,-0.00639662,23.8,0,1296.94,-251.102,0.00362588,33.0646,0.00206373,0.017971916139047747,0.5942342183711581,-0.02436853613904775,-0.625469518371158
39.52,1.9,0.0019622,33.0407,-0.408739,-0.0354573,-0.00632651,23.8,0,1297.61,-251.1,0.0039993,33.0407,0.0019622,0.017076021487765398,0.5642037031708101,-0.023402531487765398,-0.5996610031708102
39.54,1.7,0.00175566,33.0449,-0.417012,-0.042627,-0.00607287,23.8,0,1298.27,-251.097,0.00433595,33.0449,0.00175566,0.015280448958629508,0.5049409077930161,-0.02135331895862951,-0.5475679077930161
39.56,1.7,0.00175566,33.026,-0.425796,-0.0545877,-0.00791957,23.8,0,1298.93,-251.094,0.00464028,33.026,0.00175566,0.01527215425317144,0.50437816636524,-0.02319172425317144,-0.55896586636524
39.58,1.8,0.00185893,32.9848,-0.434409,-0.0702152,-0.00637274,23.8,0,1299.59,-251.091,0.00495827,32.9848,0.00185893,0.016151334592039053,0.5327485412514897,-0.022524074592039055,-0.6029637412514898
39.6,1.8,0.00185893,32.979,-0.439954,-0.0871962,-0.00618855,23.8,0,1300.25,-251.087,0.00529427,32.979,0.00185893,0.016148638720340995,0.5325659563581256,-0.022337188720340996,-0.6197621563581257
39.62,1.7,0.00175566,32.9939,-0.440869,-0.103862,-0.00739509,23.8,0,1300.91,-251.084,0.00562101,32.9939,0.00175566,0.015258064729680512,0.5034230618846058,-0.022653154729680512,-0.6072850618846058
39.64,1.67978,0.00173477,32.9789,-0.443074,-0.117554,-0.00608088,23.8,0,1301.57,-251.08,0.00592854,32.9789,0.00173477,0.015070007580776533,0.4969922730056712,-0.02115088758077653,-0.6145462730056712
39.66,1.7,0.00175566,32.9404,-0.454094,-0.12552,-0.00601641,23.8,0,1302.23,-251.076,0.00623775,32.9404,0.00175566,0.0152345774659372,0.5018330755589576,-0.021250987465937198,-0.6273530755589576
39.68,1.6,0.00165238,32.9265,-0.471762,-0.129292,-0.00665151,23.8,0,1302.89,-251.072,0.00654665,32.9265,0.00165238,0.014332628896948394,0.47192330537537125,-0.020984138896948393,-0.6012153053753713
39.7,1.3,0.00134256,32.9531,-0.487325,-0.133134,-0.0079899,23.8,0,1303.54,-251.067,0.00682232,32.9531,0.00134256,0.011654199405913382,0.38404199844300424,-0.01964409940591338,-0.5171759984430042
39.72,1.3,0.00134256,33.0077,-0.497056,-0.136461,-0.0071696,23.8,0,1304.2,-251.063,0.00704763,33.0077,0.00134256,0.011672528346012031,0.3852833138866613,-0.01884212834601203,-0.5217443138866613
39.74,1.3,0.00134256,33.0239,-0.502672,-0.132643,-0.00731988,23.8,0,1304.86,-251.058,0.00728714,33.0239,0.00134256,0.011677965697925981,0.3856519714117378,-0.01899784569792598,-0.5182949714117377
39.76,1.3,0.00134256,33.021,-0.50422,-0.119125,-0.00404964,23.8,0,1305.52,-251.053,0.00752676,33.021,0.00134256,0.011676992375257563,0.38558596522338,-0.015726632375257565,-0.50471096522338
39.78,1.2,0.00123929,33.0472,-0.499928,-0.104723,-0.0063177,23.8,0,1306.18,-251.048,0.00776175,33.0472,0.00123929,0.010786911312473882,0.3564772155255868,-0.017104611312473882,-0.4612002155255868
39.8,0.906218,0.000935887,33.0655,-0.491003,-0.0996109,-0.00957513,23.8,0,1306.84,-251.043,0.00796494,33.0655,0.000935887,0.008150338551541953,0.26949501937601045,-0.017725468551541952,-0.36910591937601045
39.82,0.9,0.000929465,33.0199,-0.481521,-0.102592,-0.00470059,23.8,0,1307.51,-251.038,0.00811835,33.0199,0.000929465,0.008083816864039122,0.2669268244688854,-0.012784406864039123,-0.3695188244688854
39.84,0.9,0.000929465,33.0253,-0.474151,-0.106637,-0.00391644,23.8,0,1308.17,-251.032,0.00828393,33.0253,0.000929465,0.008085071597542268,0.2670119150303127,-0.012001511597542269,-0.37364891503031267
39.86,0.8,0.000826191,33.0896,-0.469847,-0.107744,-0.0122636,23.8,0,1308.83,-251.027,0.00844522,33.0896,0.000826191,0.0072000072802694435,0.23824536090120377,-0.019463607280269444,-0.3459893609012038
39.88,0.886676,0.000915705,33.1019,-0.470515,-0.10295,-0.00889313,23.8,0,1309.49,-251.021,0.00859236,33.1019,0.000915705,0.007982910136381425,0.2642494930434843,-0.016876040136381425,-0.36719949304348426
39.9,0.898857,0.000928285,33.0828,-0.476572,-0.0944549,-0.0102137,23.8,0,1310.15,-251.015,0.00876075,33.0828,0.000928285,0.008088148859605836,0.2675786110925679,-0.018301848859605833,-0.36203351109256793
39.92,0.8,0.000826191,33.09,-0.484208,-0.0940727,-0.0115858,23.8,0,1310.81,-251.009,0.00892273,33.09,0.000826191,0.007200089870305802,0.238250973808419,-0.018785889870305803,-0.332323673808419
39.94,0.8,0.000826191,33.1073,-0.490289,-0.109074,-0.0119379,23.8,0,1311.47,-251.003,0.00906592,33.1073,0.000826191,0.007203661740310737,0.23849379033498969,-0.019141561740310738,-0.3475677903349897
39.96,0.8,0.000826191,33.0598,-0.493861,-0.132527,-0.0111239,23.8,0,1312.13,-250.997,0.00921375,33.0598,0.000826191,0.007193853884621005,0.2378273706547935,-0.018317753884621008,-0.3703543706547935
39.98,0.9,0.000929465,32.9905,-0.489556,-0.155519,-0.0108915,23.8,0,1312.8,-250.991,0.00936598,32.9905,0.000929465,0.008076984978036265,0.2664637729179054,-0.018968484978036264,-0.4219827729179054
40.0,0.9,0.000929465,32.9705,-0.470486,-0.177003,-0.00904692,23.8,0,1313.46,-250.985,0.00953631,32.9705,0.000929465,0.008072336896826996,0.2661489836568345,-0.017119256896826994,-0.4431519836568345
40.02,0.999675,0.0010324,32.975,-0.440622,-0.197469,-0.0113961,23.8,0,1314.11,-250.979,0.00970652,32.975,0.0010324,0.008967482277930825,0.29570272811476894,-0.020363582277930822,-0.49317172811476895
40.04,1.0,0.00103274,32.975,-0.413641,-0.212049,-0.0115351,23.8,0,1314.77,-250.972,0.00989512,32.975,0.00103274,0.008970435538432615,0.2958001118798155,-0.020505535538432616,-0.5078491118798154
40.06,1.0,0.00103274,32.9609,-0.398195,-0.215824,-0.0102191,23.8,0,1315.43,-250.966,0.0100792,32.9609,0.00103274,0.008966794322613185,0.2955536109882209,-0.019185894322613185,-0.5113776109882209
40.08,1.0,0.00103274,32.9623,-0.392752,-0.210711,-0.0118785,23.8,0,1316.09,-250.959,0.0102632,32.9623,0.00103274,0.008967155872556871,0.29557808201798136,-0.02084565587255687,-0.5062890820179814
40.1,1.1,0.00113601,32.9645,-0.393843,-0.20055,-0.0135861,23.8,0,1316.75,-250.952,0.0104518,32.9645,0.00113601,0.009864462422155008,0.32517707151512876,-0.023450562422155007,-0.5257270715151288
40.12,1.1,0.00113601,32.9241,-0.399853,-0.185529,-0.0108738,23.8,0,1317.41,-250.945,0.0106587,32.9241,0.00113601,0.009852984901266302,0.32440066018778185,-0.020726784901266303,-0.5099296601877819
40.14,1.1,0.00113601,32.8964,-0.406239,-0.167352,-0.00848151,23.8,0,1318.07,-250.938,0.0108609,32.8964,0.00113601,0.009845114155556726,0.3238688133068563,-0.018326624155556727,-0.4912208133068563
40.16,1.1,0.00113601,32.9198,-0.406991,-0.151871,-0.0113528,23.8,0,1318.73,-250.931,0.0110629,32.9198,0.00113601,0.009851763155799416,0.32431807273628566,-0.021204563155799418,-0.47618907273628563
40.18,1.2,0.00123929,32.9249,-0.403436,-0.141322,-0.00937707,23.8,0,1319.39,-250.924,0.0112696,32.9249,0.00123929,0.01074901483782025,0.353910238633748,-0.02012608483782025,-0.495232238633748
40.2,1.30162,0.00134423,32.8735,-0.40284,-0.131565,-0.00999352,23.8,0,1320.04,-250.916,0.0114994,32.8735,0.00134423,0.011641933012460123,0.38271108488510786,-0.021635453012460122,-0.5142760848851078
40.22,1.30524,0.00134798,32.8526,-0.407415,-0.119907,-0.0101685,23.8,0,1320.7,-250.908,0.011743,32.8526,0.00134798,0.011667362339685499,0.38330318800075186,-0.0218358623396855,-0.5032101880007519
40.24,1.3,0.00134256,32.8861,-0.413377,-0.108252,-0.0112,23.8,0,1321.36,-250.901,0.0119823,32.8861,0.00134256,0.011631701428055943,0.38252129633319054,-0.02283170142805594,-0.49077329633319056
40.26,1.4,0.00144583,32.8609,-0.418821,-0.0984197,-0.0125775,23.8,0,1322.02,-250.893,0.0122253,32.8609,0.00144583,0.012517300782020666,0.4113297692679029,-0.025094800782020664,-0.5097494692679029
40.28,1.4,0.00144583,32.8123,-0.423851,-0.0912222,-0.0124,23.8,0,1322.67,-250.885,0.0124867,32.8123,0.00144583,0.01249971922206308,0.4101445370301004,-0.024899719222063077,-0.5013667370301004
40.3,1.4,0.00144583,32.7806,-0.426868,-0.0886716,-0.0108337,23.8,0,1323.33,-250.876,0.0127431,32.7806,0.00144583,0.012488249260978796,0.4093723037244415,-0.023321949260978796,-0.4980439037244415
40.32,1.4,0.00144583,32.7988,-0.428574,-0.0915738,-0.0123903,23.8,0,1323.98,-250.868,0.0129992,32.7988,0.00144583,0.01249483474606946,0.409815585869383,-0.02488513474606946,-0.501389385869383
40.34,1.4,0.00144583,32.7912,-0.435441,-0.0958722,-0.0126181,23.8,0,1324.64,-250.859,0.0132555,32.7912,0.00144583,0.012492084831388807,0.4096304521230367,-0.025110184831388806,-0.5055026521230367
40.36,1.4,0.00144583,32.7506,-0.451801,-0.0954378,-0.00931033,23.8,0,1325.3,-250.85,0.0135118,32.7506,0.00144583,0.012477392843763278,0.4086421020689536,-0.021787722843763277,-0.5040799020689536
40.38,1.4,0.00144583,32.7547,-0.472043,-0.0892909,-0.0108,23.8,0,1325.95,-250.842,0.0137677,32.7547,0.00144583,0.01247887664382348,0.40874186080544495,-0.02327887664382348,-0.49803276080544495
40.4,1.4,0.00144583,32.8134,-0.487622,-0.0823891,-0.0130094,23.8,0,1326.61,-250.832,0.0140236,32.8134,0.00144583,0.012500117202820177,0.4101713458230196,-0.02550951720282018,-0.4925604458230196
40.42,1.4,0.00144583,32.8418,-0.496664,-0.0790004,-0.0126,23.8,0,1327.26,-250.823,0.0142801,32.8418,0.00144583,0.012510391633520685,0.4108637799497596,-0.025110391633520683,-0.4898641799497596
40.44,1.41697,0.00146336,32.8087,-0.500864,-0.0800043,-0.0124643,23.8,0,1327.92,-250.814,0.0145375,32.8087,0.00146336,0.012649954289238523,0.41502855528933996,-0.025114254289238525,-0.49503285528933993
40.46,1.4,0.00144583,32.7933,-0.501251,-0.0849078,-0.0137684,23.8,0,1328.57,-250.804,0.0147969,32.7933,0.00144583,0.012492844686000055,0.4096816036414056,-0.026261244686000055,-0.4945894036414056
40.48,1.4,0.00144583,32.8316,-0.501705,-0.0915266,-0.0148393,23.8,0,1329.23,-250.794,0.0150524,32.8316,0.00144583,0.012506701678178031,0.41061502681726986,-0.02734600167817803,-0.5021416268172698
40.5,1.5,0.00154911,32.8398,-0.508392,-0.0962793,-0.0162067,23.8,0,1329.89,-250.784,0.0153135,32.8398,0.00154911,0.01340327285358464,0.4401607998571488,-0.02960997285358464,-0.5364400998571488
40.52,1.6,0.00165238,32.8065,-0.522075,-0.0982772,-0.0151062,23.8,0,1330.54,-250.774,0.0155977,32.8065,0.00165238,0.014283022879870945,0.46857599010848616,-0.029389222879870947,-0.5668531901084861
40.54,1.6,0.00165238,32.809,-0.536248,-0.101259,-0.015,23.8,0,1331.2,-250.764,0.0158952,32.809,0.00165238,0.014284056622780676,0.4686456137368112,-0.029284056622780677,-0.5699046137368112
40.56,1.6,0.00165238,32.8399,-0.54507,-0.109058,-0.0171317,23.8,0,1331.86,-250.753,0.0161882,32.8399,0.00165238,0.014296832687295206,0.46950655576750583,-0.0314285326872952,-0.5785645557675059
40.58,1.89219,0.00195414,32.8336,-0.54873,-0.120131,-0.0156469,23.8,0,1332.51,-250.743,0.0164949,32.8336,0.00195414,0.016904666513564426,0.5550410584397689,-0.032551566513564424,-0.6751720584397689
40.6,2.1,0.00216875,32.7885,-0.549118,-0.129189,-0.014007,23.8,0,1333.17,-250.732,0.0168645,32.7885,0.00216875,0.018736721313798686,0.6143489867974882,-0.032743721313798685,-0.7435379867974882
40.62,2.1,0.00216875,32.7524,-0.546476,-0.13289,-0.0150085,23.8,0,1333.82,-250.72,0.0172583,32.7524,0.00216875,0.01871712586231326,0.6130307930928288,-0.03372562586231326,-0.7459207930928289
40.64,2.1,0.00216875,32.7496,-0.543398,-0.130743,-0.0141668,23.8,0,1334.48,-250.709,0.0176422,32.7496,0.00216875,0.018715605855473667,0.6129286055244204,-0.03288240585547367,-0.7436716055244204
40.66,2.1941,0.00226593,32.7244,-0.54377,-0.122822,-0.0112118,23.8,0,1335.13,-250.697,0.0180304,32.7244,0.00226593,0.019539946410096806,0.6394330223025719,-0.030751746410096807,-0.7622550223025719
40.68,2.2,0.00227203,32.6911,-0.543275,-0.109674,-0.0110598,23.8,0,1335.79,-250.685,0.0184357,32.6911,0.00227203,0.01957360721123538,0.6398827507032169,-0.030633407211235378,-0.7495567507032168
40.7,2.2,0.00227203,32.7021,-0.530432,-0.0902505,-0.010783,23.8,0,1336.44,-250.673,0.0188374,32.7021,0.00227203,0.019579864626933504,0.6403026910164422,-0.0303628646269335,-0.7305531910164422
40.72,2.2947,0.00236983,32.7062,-0.500789,-0.0577197,-0.010906,23.8,0,1337.1,-250.661,0.0192433,32.7062,0.00236983,0.02042511964799708,0.6680280482313222,-0.031331119647997084,-0.7257477482313223
40.74,2.6575,0.0027445,32.6684,-0.460708,-0.00499773,-0.00874002,23.8,0,1337.75,-250.648,0.0196831,32.6684,0.0027445,0.023628369700479147,0.7719010327231329,-0.032368389700479144,-0.776898762723133
40.76,2.9,0.00299494,32.6719,-0.417276,0.0632466,-0.0102,23.8,0,1338.4,-250.635,0.0201952,32.6719,0.00299494,0.025787133269418117,0.8425146394651017,-0.03598713326941812,-0.7792680394651017
40.78,2.9,0.00299494,32.688,-0.375123,0.131012,-0.00550736,23.8,0,1339.06,-250.622,0.0207351,32.688,0.00299494,0.02579920686150554,0.8433244738888931,-0.03130656686150554,-0.7123124738888931
40.8,2.9,0.00299494,32.6924,-0.340654,0.182839,-0.003813,23.8,0,1339.71,-250.608,0.0212643,32.6924,0.00299494,0.025802506319204672,0.8435458575899668,-0.029615506319204673,-0.6607068575899668
40.82,2.80416,0.00289596,32.6845,-0.318658,0.214087,-0.00161663,23.8,0,1340.36,-250.594,0.0217891,32.6845,0.00289596,0.024944024186498263,0.8152829585236024,-0.026560654186498264,-0.6011959585236024
40.84,2.7,0.0027884,32.6737,-0.307631,0.23322,-0.000173825,23.8,0,1341.02,-250.579,0.0222916,32.6737,0.0027884,0.024010022839643076,0.7844962832556459,-0.024183847839643075,-0.5512762832556459
40.86,2.69071,0.0027788,32.7248,-0.305866,0.251357,0.00332571,23.8,0,1341.67,-250.565,0.0227788,32.7248,0.0027788,0.02396291166446371,0.784181491637242,-0.02063720166446371,-0.532824491637242
40.88,2.7,0.0027884,32.7643,-0.316521,0.27007,-0.00163639,23.8,0,1342.32,-250.55,0.0232703,32.7643,0.0027884,0.02407326789086782,0.7887437711567604,-0.02570965789086782,-0.5186737711567604
40.9,2.60824,0.00269364,32.7757,-0.340017,0.281836,-0.00173664,23.8,0,1342.98,-250.534,0.0237603,32.7757,0.00269364,0.023262852151913902,0.7624562632754845,-0.024999492151913903,-0.48062026327548457
40.92,2.50619,0.00258824,32.7908,-0.366737,0.274552,0.00115051,23.8,0,1343.63,-250.518,0.0242286,32.7908,0.00258824,0.022362372272875148,0.7332800767253943,-0.021211862272875148,-0.4587280767253943
40.94,2.4,0.00247857,32.7941,-0.383679,0.236534,-0.00399872,23.8,0,1344.29,-250.502,0.0246778,32.7941,0.00247857,0.021416867369640984,0.7023468902067433,-0.025415587369640984,-0.4658128902067433
40.96,2.3,0.0023753,32.7115,-0.387142,0.167843,-0.00186141,23.8,0,1344.94,-250.486,0.0251077,32.7115,0.0023753,0.020475416522064166,0.669781587561502,-0.022336826522064167,-0.501938587561502
40.98,2.20708,0.00227934,32.6304,-0.384885,0.0828919,0.00130088,23.8,0,1345.6,-250.47,0.0255188,32.6304,0.00227934,0.019601936864034962,0.6396190406482064,-0.01830105686403496,-0.5567271406482064
41.0,1.90435,0.0019667,32.5987,-0.385979,-0.00417864,0.000230449,23.8,0,1346.25,-250.453,0.0259028,32.5987,0.0019667,0.016897663146272338,0.5508418516063881,-0.016667214146272338,-0.5550204916063881
41.02,1.6015,0.00165394,32.6017,-0.393744,-0.0887704,0.00118196,23.8,0,1346.9,-250.436,0.0262218,32.6017,0.00165394,0.014211702230170499,0.46332565259734954,-0.0130297422301705,-0.5520960525973495
41.04,1.5824,0.00163421,32.5207,-0.407962,-0.167963,0.00208327,23.8,0,1347.55,-250.419,0.0264986,32.5207,0.00163421,0.01400900621350609,0.4555826883675675,-0.01192573621350609,-0.6235456883675675
41.06,1.40924,0.00145538,32.4708,-0.425331,-0.234596,0.00127394,23.8,0,1348.2,-250.401,0.0267771,32.4708,0.00145538,0.012457812143193202,0.4045151265391978,-0.011183872143193203,-0.6391111265391978
41.08,1.1398,0.00117711,32.4918,-0.439014,-0.283759,0.00216325,23.8,0,1348.85,-250.384,0.0270124,32.4918,0.00117711,0.010082059739460986,0.32758426864261847,-0.007918809739460986,-0.6113432686426185
41.1,0.9,0.000929465,32.5478,-0.446692,-0.316699,0.000829648,23.8,0,1349.5,-250.366,0.0271961,32.5478,0.000929465,0.007973997883608256,0.2595360883161048,-0.007144349883608256,-0.5762350883161048
41.12,1.0,0.00103274,32.5462,-0.454325,-0.334359,0.000249135,23.8,0,1350.15,-250.348,0.0273532,32.5462,0.00103274,0.008859593778956506,0.28834611104867425,-0.008610458778956507,-0.6227051110486743
41.14,0.9,0.000929465,32.4383,-0.465018,-0.333964,0.000357945,23.8,0,1350.8,-250.331,0.0275349,32.4383,0.000929465,0.007948491703648343,0.257835558430456,-0.007590546703648343,-0.5917995584304561
41.16,0.8,0.000826191,32.4467,-0.473269,-0.315147,-0.00156306,23.8,0,1351.45,-250.313,0.0276888,32.4467,0.000826191,0.007067064222435651,0.22930291270610284,-0.008630124222435651,-0.5444499127061029
41.18,0.8,0.000826191,32.5255,-0.476013,-0.282106,-0.00542648,23.8,0,1352.1,-250.295,0.0278291,32.5255,0.000826191,0.00708338041790991,0.23039048978272877,-0.01250986041790991,-0.5124964897827288
41.2,0.8,0.000826191,32.5346,-0.478109,-0.236328,-0.00608823,23.8,0,1352.75,-250.277,0.0279744,32.5346,0.000826191,0.007085264265025121,0.2305162387568863,-0.01317349426502512,-0.4668442387568863
41.22,0.8,0.000826191,32.5017,-0.481133,-0.176074,-0.00768392,23.8,0,1353.4,-250.258,0.0281196,32.5017,0.000826191,0.0070784530574796445,0.23006175773828616,-0.014762373057479645,-0.40613575773828614
41.24,0.7,0.000722917,32.5078,-0.478761,-0.106574,-0.0117603,23.8,0,1354.05,-250.24,0.0282602,32.5078,0.000722917,0.006194750102158672,0.2013776973709537,-0.01795505010215867,-0.30795169737095374
41.26,0.791152,0.000817053,32.567,-0.469045,-0.0401375,-0.0138761,23.8,0,1354.7,-250.222,0.0283868,32.567,0.000817053,0.007013530898043305,0.22840966075657632,-0.020889630898043306,-0.2685471607565763
41.28,0.8,0.000826191,32.5767,-0.46023,0.0155111,-0.016314,23.8,0,1355.35,-250.203,0.0285352,32.5767,0.000826191,0.0070939786108234724,0.23109841301121303,-0.02340797861082347,-0.21558731301121303
41.3,0.8,0.000826191,32.5618,-0.45939,0.0582687,-0.0174102,23.8,0,1356.0,-250.184,0.0286811,32.5618,0.000826191,0.00709089463080747,0.23089229278942666,-0.02450109463080747,-0.17262359278942666
41.32,0.8,0.000826191,32.572,-0.463517,0.084053,-0.0166996,23.8,0,1356.65,-250.166,0.0288265,32.572,0.000826191,0.00709300583478732,0.23103338605069262,-0.023792605834787317,-0.14698038605069264
41.34,0.877946,0.000906689,32.5982,-0.466208,0.0907891,-0.0212707,23.8,0,1357.31,-250.147,0.0289754,32.5982,0.000906689,0.0077900474971867775,0.253941526322794,-0.029060747497186776,-0.16315242632279398
41.36,1.0897,0.00112537,32.5862,-0.465872,0.0859267,-0.0200824,23.8,0,1357.96,-250.128,0.0291484,32.5862,0.00112537,0.00966551917003903,0.3149625407787258,-0.02974791917003903,-0.22903584077872582
41.38,1.46212,0.00150999,32.5598,-0.463619,0.0781762,-0.0199076,23.8,0,1358.61,-250.109,0.0293731,32.5598,0.00150999,0.01295894120030576,0.42194053369371554,-0.03286654120030576,-0.3437643336937155
41.4,1.69734,0.00175291,32.5873,-0.461333,0.0670681,-0.0182266,23.8,0,1359.26,-250.09,0.0296664,32.5873,0.00175291,0.015055794078226372,0.49062767836538623,-0.03328239407822637,-0.4235595783653862
41.42,1.90021,0.00196242,32.6092,-0.463385,0.049364,-0.0201998,23.8,0,1359.91,-250.07,0.0299951,32.6092,0.00196242,0.016866051047376426,0.5499884318141074,-0.037065851047376426,-0.5006244318141074
41.44,2.1831,0.00225458,32.5977,-0.472058,0.0281752,-0.0195014,23.8,0,1360.56,-250.051,0.0303631,32.5977,0.00225458,0.019370538528330924,0.631435003784973,-0.03887193852833092,-0.603259803784973
41.46,2.49552,0.00257722,32.5783,-0.48176,0.00874843,-0.0166359,23.8,0,1361.21,-250.031,0.0307873,32.5783,0.00257722,0.022130032074542654,0.720958823934073,-0.03876593207454265,-0.7122103939340729
41.48,2.6,0.00268512,32.5841,-0.484709,-0.00807292,-0.0155219,23.8,0,1361.87,-250.01,0.0312601,32.5841,0.00268512,0.02306045179389651,0.7514040672975033,-0.03858235179389651,-0.7594769872975033
41.5,2.68893,0.00277697,32.5933,-0.481463,-0.0229093,-0.0149107,23.8,0,1362.52,-249.99,0.0317417,32.5933,0.00277697,0.02385568530573365,0.7775355078753686,-0.038766385305733654,-0.8004448078753686
41.52,2.89106,0.00298571,32.5652,-0.478159,-0.033932,-0.0126179,23.8,0,1363.17,-249.969,0.0322441,32.5652,0.00298571,0.025627868481006722,0.83457666265768,-0.03824576848100672,-0.86850866265768
41.54,2.9,0.00299494,32.5171,-0.474577,-0.0387504,-0.00867044,23.8,0,1363.82,-249.948,0.0327792,32.5171,0.00299494,0.025671000672364615,0.8347464959633474,-0.034341440672364616,-0.8734968959633473
41.56,2.9,0.00299494,32.4938,-0.465603,-0.0354501,-0.00707962,23.8,0,1364.47,-249.926,0.033306,32.4938,0.00299494,0.025653513541448885,0.8335801383131318,-0.03273313354144888,-0.8690302383131319
41.58,3.0,0.00309822,32.4796,-0.452666,-0.0224234,-0.00623338,23.8,0,1365.12,-249.905,0.0338365,32.4796,0.00309822,0.02652715031818326,0.8615912314744649,-0.03276053031818326,-0.8840146314744649
41.6,3.0,0.00309822,32.4767,-0.442221,-0.00191762,-0.00479928,23.8,0,1365.77,-249.882,0.0343849,32.4767,0.00309822,0.02652489846660941,0.8614411700305338,-0.03132417846660941,-0.8633587900305337
41.62,3.0,0.00309822,32.4802,-0.435397,0.0179527,-0.00401917,23.8,0,1366.42,-249.86,0.0349287,32.4802,0.00309822,0.026527616214734765,0.8616222801778282,-0.030546786214734764,-0.8436695801778281
41.64,2.9,0.00299494,32.5395,-0.428828,0.0291876,-0.00273676,23.8,0,1367.07,-249.837,0.035468,32.5395,0.00299494,0.025687810554534604,0.8358685115392787,-0.028424570554534605,-0.8066809115392787
41.66,2.9053,0.00300042,32.5053,-0.422711,0.0308994,-0.00154847,23.8,0,1367.72,-249.814,0.0359904,32.5053,0.00300042,0.025709100428793052,0.8356820221680468,-0.02725757042879305,-0.8047826221680467
41.68,2.9,0.00299494,32.4472,-0.419602,0.0275792,-0.00154305,23.8,0,1368.37,-249.79,0.0365176,32.4472,0.00299494,0.02561853361961054,0.8312496840622271,-0.02716158361961054,-0.8036704840622271
41.7,2.6996,0.00278798,32.4329,-0.418647,0.0233497,-0.0014008,23.8,0,1369.01,-249.766,0.0370335,32.4329,0.00278798,0.023838207101918772,0.7731421871158213,-0.025239007101918773,-0.7497924871158212
41.72,2.50854,0.00259067,32.4353,-0.418431,0.021114,-0.00269753,23.8,0,1369.66,-249.742,0.0375045,32.4353,0.00259067,0.02215268816638001,0.7185290864829855,-0.02485021816638001,-0.6974150864829856
41.74,2.45339,0.00253371,32.4103,-0.421761,0.0245132,-0.003,23.8,0,1370.31,-249.718,0.0379475,32.4103,0.00253371,0.021649744467167494,0.7016747131042387,-0.024649744467167493,-0.6771615131042387
41.76,2.4,0.00247857,32.4217,-0.431387,0.0358634,-0.00184749,23.8,0,1370.96,-249.693,0.0383864,32.4217,0.00247857,0.021185672484271733,0.6868755175833129,-0.023033162484271733,-0.6510121175833129
41.78,2.332,0.00240835,32.4673,-0.444741,0.0511856,-0.00302397,23.8,0,1371.61,-249.668,0.0388152,32.4673,0.00240835,0.020612990379272764,0.6692481425409627,-0.023636960379272764,-0.6180625425409627
41.8,2.2,0.00227203,32.5082,-0.458072,0.0627789,-0.00553105,23.8,0,1372.25,-249.643,0.0392288,32.5082,0.00227203,0.019469516527673338,0.6329189371849104,-0.025000566527673337,-0.5701400371849105
41.82,2.2,0.00227203,32.4677,-0.470802,0.0681573,-0.00609905,23.8,0,1372.9,-249.617,0.039622,32.4677,0.00227203,0.019446455521850363,0.6313816839467811,-0.025545505521850365,-0.5632243839467811
41.84,2.2,0.00227203,32.4259,-0.481511,0.0700943,-0.00544461,23.8,0,1373.55,-249.591,0.0400206,32.4259,0.00227203,0.01942264975362802,0.6297968986461668,-0.02486725975362802,-0.5597025986461668
41.86,2.12379,0.00219333,32.4047,-0.48624,0.0702672,-0.00554561,23.8,0,1374.2,-249.565,0.0404154,32.4047,0.00219333,0.018738216417462036,0.607206281542932,-0.024283826417462035,-0.536939081542932
41.88,2.1,0.00216875,32.4422,-0.484846,0.0697577,-0.00578451,23.8,0,1374.85,-249.539,0.040795,32.4422,0.00216875,0.018548610336737624,0.6017577262665094,-0.024333120336737624,-0.5320000262665093
41.9,2.2,0.00227203,32.3883,-0.483462,0.0720339,-0.0052,23.8,0,1375.5,-249.512,0.0411787,32.3883,0.00227203,0.019401232023104426,0.6283729231339131,-0.024601232023104425,-0.5563390231339131
41.92,2.2,0.00227203,32.3394,-0.486312,0.0797392,-0.00610755,23.8,0,1376.14,-249.485,0.0415809,32.3394,0.00227203,0.01937337201981398,0.6265232270975721,-0.02548092201981398,-0.5467840270975721
41.94,2.2,0.00227203,32.3972,-0.488776,0.0895339,-0.007,23.8,0,1376.79,-249.458,0.041978,32.3972,0.00227203,0.019406301981482924,0.6287098465544986,-0.026406301981482923,-0.5391759465544985
41.96,2.2,0.00227203,32.4591,-0.484341,0.0937143,-0.00819935,23.8,0,1377.44,-249.431,0.0423758,32.4591,0.00227203,0.019441558060399856,0.631055477238325,-0.027640908060399857,-0.537341177238325
41.98,2.2,0.00227203,32.4414,-0.474438,0.0881896,-0.00811349,23.8,0,1378.09,-249.404,0.0427744,32.4414,0.00227203,0.019431477788208463,0.630384343518386,-0.02754496778820846,-0.542194743518386
42.0,2.2,0.00227203,32.3817,-0.463441,0.0754023,-0.00778701,23.4,0,1378.73,-249.376,0.0431728,32.3817,0.00227203,0.019397472144174126,0.6281231237310033,-0.027184482144174127,-0.5527208237310033
42.02,2.2,0.00227203,32.3798,-0.450332,0.0572619,-0.0057458,23.3,0,1379.38,-249.348,0.0435704,32.3798,0.00227203,0.019396389733552562,0.6280512202944853,-0.02514218973355256,-0.5707893202944854
42.04,2.2608,0.00233481,32.4007,-0.434369,0.0318774,-0.00824319,23.3,0,1380.03,-249.319,0.0439708,32.4007,0.00233481,0.019944581417462037,0.6462183991327622,-0.028187771417462038,-0.6143409991327622
42.06,2.37331,0.00245101,32.4056,-0.421806,0.000793933,-0.00655899,23.3,0,1380.67,-249.291,0.0443875,32.4056,0.00245101,0.020940208340958295,0.6785800154137581,-0.027499198340958295,-0.6777860824137582
42.08,2.4,0.00247857,32.4122,-0.41906,-0.0299614,-0.00573748,23.3,0,1381.32,-249.262,0.044823,32.4122,0.00247857,0.021179769430752168,0.6864829227434254,-0.026917249430752167,-0.7164443227434254
42.1,2.32594,0.00240209,32.3926,-0.424808,-0.0576985,-0.00622379,23.2259,0,1381.97,-249.233,0.0452551,32.3926,0.00240209,0.020514429356282865,0.6645157043663283,-0.026738219356282865,-0.7222142043663283
42.12,2.3,0.0023753,32.4206,-0.434048,-0.0816418,-0.00710335,23.2,0,1382.62,-249.203,0.0456711,32.4206,0.0023753,0.020302309771641987,0.6582130641824963,-0.027405659771641985,-0.7398548641824962
42.14,2.3,0.0023753,32.4023,-0.444654,-0.0959919,-0.0052503,23.2,0,1383.26,-249.173,0.0460861,32.4023,0.0023753,0.02029141213188685,0.6574884233210372,-0.02554171213188685,-0.7534803233210372
42.16,2.3,0.0023753,32.3621,-0.455663,-0.0943326,-0.0052,23.2,0,1383.91,-249.143,0.0465021,32.3621,0.0023753,0.020267469821082355,0.6558978850968492,-0.025467469821082354,-0.7502304850968492
42.18,2.3,0.0023753,32.3736,-0.463754,-0.0785958,-0.00440853,23.2,0,1384.56,-249.113,0.0469176,32.3736,0.0023753,0.020274319443192346,0.6563527079261318,-0.024682849443192347,-0.7349485079261318
42.2,2.2,0.00227203,32.3802,-0.465763,-0.0555393,-0.00489544,23.1254,0,1385.2,-249.083,0.0473287,32.3802,0.00227203,0.019396617610261662,0.6280663575437947,-0.024292057610261663,-0.6836056575437947
42.22,2.2,0.00227203,32.3163,-0.462098,-0.0259397,-0.00608696,23.1,0,1385.85,-249.052,0.0477217,32.3163,0.00227203,0.019360208974733145,0.6256503212901687,-0.025447168974733144,-0.6515900212901687
42.24,2.2,0.00227203,32.2655,-0.454498,0.0141728,-0.00351268,23.0,0,1386.5,-249.021,0.0481186,32.2655,0.00227203,0.019331256746276483,0.623732664546984,-0.022843936746276484,-0.609559864546984
42.26,2.12587,0.00219547,32.3121,-0.443548,0.0636412,-0.0047868,23.0,0,1387.14,-248.99,0.0485114,32.3121,0.00219547,0.01870551816897073,0.6044145736275992,-0.02349231816897073,-0.5407733736275993
42.28,2.0,0.00206548,32.3538,-0.431305,0.116907,-0.00587698,23.0,0,1387.79,-248.958,0.0488858,32.3538,0.00206548,0.017619594542026787,0.5700608378938262,-0.023496574542026787,-0.45315383789382624
42.3,2.0,0.00206548,32.3319,-0.420679,0.170768,-0.00735602,23.0,0,1388.43,-248.927,0.0492413,32.3319,0.00206548,0.017608250566454483,0.5693081964895497,-0.024964270566454484,-0.39854019648954964
42.32,1.92067,0.00198355,32.2606,-0.409152,0.221218,-0.00715198,23.0,0,1389.08,-248.895,0.0495987,32.2606,0.00198355,0.016874318819157602,0.5443756496973157,-0.0240262988191576,-0.32315764969731564
42.34,1.73412,0.00179089,32.2664,-0.391765,0.259933,-0.00626823,23.0,0,1389.72,-248.863,0.0499326,32.2664,0.00179089,0.015237937239912052,0.4916733781578982,-0.02150616723991205,-0.23174037815789816
42.36,1.5,0.00154911,32.2963,-0.372461,0.282876,-0.00765196,23.0,0,1390.37,-248.83,0.0502259,32.2963,0.00154911,0.013192347558493456,0.4260640144533722,-0.020844307558493456,-0.1431880144533722
42.38,1.5,0.00154911,32.2933,-0.361762,0.294508,-0.00740925,23.0,0,1391.01,-248.798,0.0504858,32.2933,0.00154911,0.01319118182427441,0.42598679200584083,-0.02060043182427441,-0.13147879200584084
42.4,1.6,0.00165238,32.2181,-0.361723,0.297686,-0.00691242,23.0,0,1391.66,-248.765,0.0507607,32.2181,0.00165238,0.01403938675857092,0.45232236652631375,-0.02095180675857092,-0.15463636652631374
42.42,1.6,0.00165238,32.2177,-0.363858,0.288743,-0.0103622,23.0,0,1392.3,-248.732,0.0510529,32.2177,0.00165238,0.01403922090701362,0.4523114074158927,-0.02440142090701362,-0.16356840741589268
42.44,1.6,0.00165238,32.3155,-0.362915,0.265579,-0.0110235,23.0,0,1392.94,-248.699,0.0513406,32.3155,0.00165238,0.014079762536056,0.4549945662339177,-0.025103262536056,-0.1894155662339177
42.46,1.7,0.00175566,32.3244,-0.362208,0.232438,-0.0120694,23.0,0,1393.59,-248.666,0.0516337,32.3244,0.00175566,0.014963721714325088,0.4836933261825298,-0.027033121714325085,-0.25125532618252977
42.48,1.7,0.00175566,32.2942,-0.363183,0.194427,-0.0128338,23.0,0,1394.24,-248.633,0.051945,32.2942,0.00175566,0.014950422851896043,0.4828119456637011,-0.027784222851896044,-0.2883849456637011
42.5,1.8,0.00185893,32.296,-0.360831,0.152229,-0.0122,23.0,0,1394.88,-248.599,0.0522559,32.296,0.00185893,0.015830665722704175,0.511267180180454,-0.028030665722704178,-0.359038180180454
42.52,1.87285,0.00193417,32.2924,-0.354343,0.105032,-0.0121113,23.0,0,1395.52,-248.565,0.0525882,32.2924,0.00193417,0.01646966524734829,0.53184501803347,-0.028580965247348288,-0.42681301803346994
42.54,1.95738,0.00202147,32.2609,-0.351858,0.0561549,-0.0101114,23.0,0,1396.17,-248.531,0.0529329,32.2609,0.00202147,0.017197062223813786,0.5547927046962342,-0.027308462223813786,-0.4986378046962342
42.56,2.0,0.00206548,32.2024,-0.359116,0.0117639,-0.00821725,23.0,0,1396.81,-248.497,0.0532911,32.2024,0.00206548,0.017541147513165517,0.5648670486779612,-0.02575839751316552,-0.5531031486779612
42.58,2.0,0.00206548,32.2084,-0.372317,-0.0238371,-0.009,23.0,0,1397.46,-248.462,0.0536525,32.2084,0.00206548,0.01754425741746678,0.565072460604737,-0.026544257417466778,-0.588909560604737
42.6,2.07993,0.00214802,32.2236,-0.385407,-0.0480959,-0.00756135,23.0,0,1398.1,-248.428,0.0540156,32.2236,0.00214802,0.01825354996311667,0.5881950925914863,-0.025814899963116672,-0.6362909925914862
42.62,2.1,0.00216875,32.2153,-0.395989,-0.060138,-0.006,23.0,0,1398.74,-248.393,0.0543942,32.2153,0.00216875,0.01842519408911707,0.5935731551391331,-0.024425194089117072,-0.6537111551391331
42.64,2.1,0.00216875,32.1961,-0.402694,-0.0635667,-0.0072,23.0,0,1399.39,-248.358,0.0547727,32.1961,0.00216875,0.01841474484282202,0.5928829664339821,-0.025614744842822022,-0.6564496664339821
42.66,2.1,0.00216875,32.2332,-0.404734,-0.0647866,-0.00652119,23.0,0,1400.03,-248.322,0.0551501,32.2332,0.00216875,0.018434935004593426,0.5942169469900608,-0.024956125004593425,-0.6590035469900608
42.68,2.1,0.00216875,32.2278,-0.405081,-0.0676804,-0.007,23.0,0,1400.67,-248.287,0.0555279,32.2278,0.00216875,0.01843199648875696,0.5940226964403617,-0.02543199648875696,-0.6617030964403616
42.7,2.1,0.00216875,32.1921,-0.40765,-0.0717371,-0.0060613,23.0,0,1401.32,-248.251,0.0559057,32.1921,0.00216875,0.018412567800600084,0.592739223893698,-0.024473867800600083,-0.664476323893698
42.72,2.1,0.00216875,32.1521,-0.410882,-0.0743728,-0.00509874,23.0,0,1401.96,-248.215,0.056283,32.1521,0.00216875,0.01839079518128413,0.5913026857481655,-0.023489535181284132,-0.6656754857481655
42.74,2.0,0.00206548,32.1779,-0.410171,-0.0733023,-0.00451711,23.0,0,1402.6,-248.178,0.0566554,32.1779,0.00206548,0.01752844784848459,0.5640286420237524,-0.022045557848484592,-0.6373309420237524
42.76,2.0,0.00206548,32.165,-0.40651,-0.0667217,-0.00698496,23.0,0,1403.24,-248.142,0.0570101,32.165,0.00206548,0.01752176051263981,0.5635874268890595,-0.02450672051263981,-0.6303091268890595
42.78,2.0,0.00206548,32.122,-0.40555,-0.0536357,-0.00387797,23.0,0,1403.89,-248.105,0.0573692,32.122,0.00206548,0.017499466537252477,0.562117864109624,-0.02137743653725248,-0.615753564109624
42.8,1.92179,0.00198471,32.1164,-0.408323,-0.0356072,-0.00498208,23.0,0,1404.53,-248.068,0.0577243,32.1164,0.00198471,0.016812362934129074,0.539952572937663,-0.021794442934129073,-0.5755597729376629
42.82,1.72693,0.00178346,32.1929,-0.410769,-0.0164366,-0.00677697,23.0,0,1405.17,-248.031,0.0580566,32.1929,0.00178346,0.015141827338538404,0.487459333326833,-0.021918797338538402,-0.503895933326833
42.84,1.66225,0.00171668,32.1849,-0.411518,0.00142749,-0.009,23.0,0,1405.81,-247.994,0.0583552,32.1849,0.00171668,0.014571408001679853,0.4689793093932659,-0.023571408001679853,-0.4675518193932659
42.86,1.7,0.00175566,32.1379,-0.411699,0.017429,-0.00825735,23.0,0,1406.45,-247.956,0.0586526,32.1379,0.00175566,0.01488156512006151,0.47826225167202485,-0.023138915120061512,-0.4608332516720248
42.88,1.6,0.00165238,32.1238,-0.409131,0.0292001,-0.00754143,23.0,0,1407.1,-247.918,0.0589548,32.1238,0.00165238,0.014000278830552762,0.44974215709691084,-0.02154170883055276,-0.42054205709691084
42.9,1.42146,0.001468,32.1736,-0.401446,0.0334596,-0.0104085,23.0,0,1407.74,-247.88,0.0592292,32.1736,0.001468,0.012456412583945593,0.4007676359108319,-0.022864912583945594,-0.36730803591083194
42.92,1.4,0.00144583,32.1592,-0.392648,0.0312689,-0.0100544,23.0,0,1408.38,-247.842,0.0594755,32.1592,0.00144583,0.012263067788155188,0.3943704496128403,-0.022317467788155188,-0.3631015496128403
42.94,1.46686,0.00151489,32.1307,-0.389079,0.0269929,-0.0103326,23.0,0,1409.02,-247.804,0.0597288,32.1307,0.00151489,0.012837976209419507,0.41249316219199533,-0.023170576209419508,-0.38550026219199535
42.96,1.4,0.00144583,32.1132,-0.391274,0.0221249,-0.00982608,23.0,0,1409.66,-247.765,0.0599919,32.1132,0.00144583,0.012246372752911735,0.3932702174888051,-0.022072452752911732,-0.3711453174888051
42.98,1.4,0.00144583,32.1582,-0.3959,0.0158373,-0.0133746,23.0,0,1410.3,-247.727,0.0602398,32.1582,0.00144583,0.012262704890021129,0.3943465163942775,-0.02563730489002113,-0.3785092163942775
43.0,1.5,0.00154911,32.1527,-0.402709,0.0098279,-0.0138,23.0,0,1410.95,-247.688,0.0604956,32.1527,0.00154911,0.013136529712499127,0.4223748988870707,-0.026936529712499126,-0.4125469988870707
43.02,1.67746,0.00173237,32.1328,-0.413133,0.00550256,-0.0123804,23.0,0,1411.59,-247.649,0.0607773,32.1328,0.00173237,0.014681933029904367,0.4717716176633111,-0.027062333029904365,-0.4662690576633111
43.04,1.7,0.00175566,32.1192,-0.424031,-0.000245908,-0.0131054,22.9,0,1412.23,-247.61,0.0610871,32.1192,0.00175566,0.014873323555546878,0.4777192539453213,-0.027978723555546876,-0.4779651619453213
43.06,1.6,0.00165238,32.1332,-0.429691,-0.00935741,-0.013491,22.9,0,1412.87,-247.571,0.0613884,32.1332,0.00165238,0.014004177940431324,0.44999905059546785,-0.027495177940431326,-0.45935646059546786
43.08,1.7,0.00175566,32.0888,-0.42963,-0.0175689,-0.0125033,22.7352,0,1413.51,-247.531,0.0616754,32.0888,0.00175566,0.014859923998270878,0.4768371291957145,-0.027363223998270878,-0.4944060291957145
43.1,1.8,0.00185893,32.0584,-0.427658,-0.0207019,-0.0096,22.3671,0,1414.15,-247.491,0.0619888,32.0584,0.00185893,0.015719814570669823,0.5039521034323614,-0.02531981457066982,-0.5246540034323615
43.12,1.82045,0.00188005,32.0506,-0.424264,-0.0199236,-0.0117909,21.7818,0,1414.79,-247.452,0.0623163,32.0506,0.00188005,0.015894731223732236,0.5094356725593525,-0.027685631223732236,-0.5293592725593526
43.14,1.8,0.00185893,32.0931,-0.418041,-0.0173406,-0.0116772,21.304,0,1415.43,-247.412,0.062642,32.0931,0.00185893,0.015736011218440978,0.5050173816345481,-0.02741321121844098,-0.5223579816345482
43.16,1.9,0.0019622,32.0886,-0.412335,-0.0127946,-0.0109498,21.025,0,1416.07,-247.371,0.062968,32.0886,0.0019622,0.016607986365779537,0.5329270312969533,-0.02755778636577954,-0.5457216312969533
43.18,1.96619,0.00203056,32.0544,-0.411155,-0.00635545,-0.0111971,20.5014,0,1416.71,-247.331,0.0633157,32.0544,0.00203056,0.017169146921466302,0.5503467030794494,-0.028366246921466304,-0.5567021530794495
43.2,2.0,0.00206548,32.0251,-0.411004,-8.93691e-05,-0.009493,19.8146,0,1417.35,-247.29,0.063672,32.0251,0.00206548,0.01744921123771198,0.55881273480885,-0.026942211237711983,-0.55890210390885
43.22,1.9754,0.00204008,32.0512,-0.405795,0.0028923,-0.00984596,19.3738,0,1417.99,-247.249,0.0640299,32.0512,0.00204008,0.017248002953121545,0.5528191922510893,-0.027093962953121546,-0.5499268922510894
43.24,2.0,0.00206548,32.0264,-0.397572,0.000705623,-0.00750902,19.2386,0,1418.63,-247.208,0.0643833,32.0264,0.00206548,0.017449885604703185,0.5588570163304661,-0.024958905604703187,-0.5581513933304662
43.26,2.1,0.00216875,31.9911,-0.393611,-0.00659039,-0.00703,19.1,0,1419.27,-247.167,0.0647464,31.9911,0.00216875,0.018303120062631708,0.5855369442356573,-0.025333120062631706,-0.5921273342356572
43.28,2.1,0.00216875,31.968,-0.39544,-0.0187227,-0.00731914,18.703,0,1419.91,-247.125,0.0651258,31.968,0.00216875,0.01829053530001794,0.5847118324709736,-0.02560967530001794,-0.6034345324709736
43.3,2.1,0.00216875,31.9837,-0.400777,-0.0348269,-0.0052759,18.1649,0,1420.55,-247.084,0.0655005,31.9837,0.00216875,0.018299088724515668,0.5852725640382918,-0.023574988724515668,-0.6200994640382917
43.32,2.17458,0.00224577,31.9423,-0.413787,-0.0509937,-0.00610169,17.6763,0,1421.18,-247.042,0.0658788,31.9423,0.00224577,0.018925599112443174,0.6045271645293936,-0.025027289112443174,-0.6555208645293936
43.34,2.2,0.00227203,31.9648,-0.441617,-0.0622699,-0.00434208,17.4785,0,1421.82,-246.999,0.0662709,31.9648,0.00227203,0.019159741834533305,0.6124373157924902,-0.023501821834533303,-0.6747072157924902
43.36,2.2,0.00227203,31.9953,-0.482096,-0.0674246,-0.00366713,17.3304,0,1422.46,-246.957,0.0666646,31.9953,0.00227203,0.019177149339681974,0.6135786462679267,-0.022844279339681976,-0.6810032462679267
43.38,2.03287,0.00209942,31.9955,-0.525122,-0.0676176,-0.00366573,17.3,0,1423.1,-246.914,0.06705,31.9955,0.00209942,0.017720329558675335,0.5669708043945967,-0.021386059558675334,-0.6345884043945966
43.4,2.1,0.00216875,31.9478,-0.562822,-0.0617106,-0.00371632,17.2,0,1423.74,-246.871,0.0674086,31.9478,0.00216875,0.01827952935680049,0.5839907479851908,-0.02199584935680049,-0.6457013479851907
43.42,2.02559,0.0020919,31.9465,-0.589507,-0.0485348,-0.0038,17.2,0,1424.37,-246.828,0.0677827,31.9465,0.0020919,0.017631106174489018,0.5632521334033134,-0.02143110617448902,-0.6117869334033134
43.44,2.0,0.00206548,31.9495,-0.599222,-0.0324942,-0.00306514,17.2,0,1425.01,-246.785,0.0681394,31.9495,0.00206548,0.01740998732398923,0.5562403900077939,-0.02047512732398923,-0.5887345900077939
43.46,1.9,0.0019622,31.9696,-0.594741,-0.020888,-0.0036,17.2,0,1425.65,-246.741,0.0684905,31.9696,0.0019622,0.016549343463261597,0.5290758907830879,-0.020149343463261596,-0.5499638907830879
43.48,1.9,0.0019622,31.9302,-0.59089,-0.016544,-0.00374412,17.2,0,1426.29,-246.697,0.068825,31.9302,0.0019622,0.016529920226682624,0.5278036588220215,-0.020274040226682624,-0.5443476588220215
43.5,1.8,0.00185893,31.9076,-0.598252,-0.0178931,-0.00485948,17.2,0,1426.92,-246.653,0.0691592,31.9076,0.00185893,0.015649397026656055,0.4993347005677307,-0.020508877026656054,-0.5172278005677308
43.52,1.8,0.00185893,31.9324,-0.612849,-0.0238517,-0.00601309,17.2,0,1427.56,-246.609,0.0694753,31.9324,0.00185893,0.015660980955625785,0.5000927082674248,-0.021674070955625784,-0.5239444082674248
43.54,1.7,0.00175566,31.9739,-0.627267,-0.0329462,-0.00582801,17.2,0,1428.2,-246.565,0.0697916,31.9739,0.00175566,0.014809262142155773,0.47350986680707446,-0.02063727214215577,-0.5064560668070744
43.56,1.7,0.00175566,31.9637,-0.639149,-0.0400859,-0.006,17.2,0,1428.83,-246.52,0.0700905,31.9637,0.00175566,0.014804763461259345,0.4732150178466553,-0.020804763461259347,-0.5133009178466553
43.58,1.7,0.00175566,31.9317,-0.646744,-0.0410819,-0.00653217,17.2,0,1429.47,-246.475,0.0703938,31.9317,0.00175566,0.014790648595853708,0.4722905537682219,-0.021322818595853707,-0.5133724537682218
43.6,1.6,0.00165238,31.9274,-0.647978,-0.0390381,-0.00806857,17.2,0,1430.11,-246.43,0.0706923,31.9274,0.00165238,0.013918773997402803,0.44439026492467826,-0.021987343997402806,-0.4834283649246783
43.62,1.6,0.00165238,31.9453,-0.645361,-0.0395207,-0.00851733,17.2,0,1430.75,-246.385,0.070973,31.9453,0.00165238,0.013926205415664533,0.4448768098650282,-0.02244353541566453,-0.4843975098650282
43.64,1.6,0.00165238,31.9128,-0.644929,-0.0416487,-0.00816472,17.2,0,1431.38,-246.339,0.0712583,31.9128,0.00165238,0.013912712168800623,0.44399360090050055,-0.022077432168800624,-0.48564230090050053
43.66,1.6,0.00165238,31.8795,-0.649366,-0.0410557,-0.00908187,17.2,0,1432.02,-246.294,0.0715432,31.8795,0.00165238,0.013898884710988768,0.44308949514396645,-0.022980754710988767,-0.4841451951439665
43.68,1.6,0.00165238,31.875,-0.655885,-0.0380876,-0.0094,17.4677,0,1432.65,-246.248,0.0718279,31.875,0.00165238,0.01389701597505204,0.44296738420478377,-0.02329701597505204,-0.48105498420478376
43.7,1.6,0.00165238,31.9142,-0.661677,-0.0362256,-0.0103063,17.6772,0,1433.29,-246.202,0.0721126,31.9142,0.00165238,0.013913293457493009,0.4440316300611234,-0.024219593457493006,-0.4802572300611234
43.72,1.6,0.00165238,31.886,-0.667995,-0.036407,-0.0103582,17.7,0,1433.93,-246.156,0.0723976,31.886,0.00165238,0.01390158392875803,0.4432659051523785,-0.02425978392875803,-0.47967290515237854
43.74,1.66188,0.00171629,31.8531,-0.676382,-0.0390308,-0.00952303,17.7,0,1434.56,-246.11,0.072685,31.8531,0.00171629,0.014425072620871528,0.4594832806998829,-0.023948102620871527,-0.4985140806998829
43.76,1.62536,0.00167858,31.8376,-0.684532,-0.0476161,-0.0116927,17.7,0,1435.2,-246.064,0.0729816,31.8376,0.00167858,0.01410158727983955,0.4489606951806196,-0.02579428727983955,-0.4965767951806196
43.78,1.7,0.00175566,31.8476,-0.689637,-0.0641974,-0.0121181,17.7682,0,1435.83,-246.017,0.0732721,31.8476,0.00175566,0.014753543166433831,0.4698649413473181,-0.026871643166433833,-0.5340623413473181
43.8,1.77353,0.0018316,31.8189,-0.691671,-0.084624,-0.0122,17.8,0,1436.47,-245.971,0.0735809,31.8189,0.0018316,0.015378486340594282,0.4893265190227354,-0.02757848634059428,-0.5739505190227354
43.82,1.8,0.00185893,31.7745,-0.690712,-0.103987,-0.0132219,17.8,0,1437.1,-245.924,0.0739003,31.7745,0.00185893,0.015587204520497767,0.4952756300365563,-0.028809104520497765,-0.5992626300365562
43.84,1.8,0.00185893,31.7469,-0.685764,-0.122479,-0.014027,17.8649,0,1437.74,-245.877,0.0742207,31.7469,0.00185893,0.015574303403067405,0.4944358527068406,-0.029601303403067405,-0.6169148527068407
43.86,1.8,0.00185893,31.7673,-0.678403,-0.141066,-0.0137679,17.9,0,1438.37,-245.829,0.0745396,31.7673,0.00185893,0.015583839167052882,0.495056493971519,-0.02935173916705288,-0.636122493971519
43.88,1.86563,0.00192671,31.739,-0.674121,-0.155839,-0.0145875,18.0656,0,1439.0,-245.782,0.0748616,31.739,0.00192671,0.016138344811484167,0.5122149259716959,-0.030725844811484167,-0.668053925971696
43.9,1.97434,0.00203898,31.6997,-0.67716,-0.161563,-0.012749,18.1743,0,1439.64,-245.735,0.0751998,31.6997,0.00203898,0.01705858068282538,0.5407518900713597,-0.02980758068282538,-0.7023148900713597
43.92,2.0,0.00206548,31.6699,-0.685403,-0.158138,-0.0111222,18.2768,0,1440.27,-245.687,0.0755551,31.6699,0.00206548,0.017264803949145792,0.5467746145890523,-0.02838700394914579,-0.7049126145890523
43.94,2.0,0.00206548,31.6711,-0.692998,-0.148411,-0.0138,18.3625,0,1440.9,-245.639,0.0759097,31.6711,0.00206548,0.017265427446623634,0.5468150792047618,-0.031065427446623634,-0.6952260792047618
43.96,2.0,0.00206548,31.6366,-0.696967,-0.131695,-0.0121181,18.4,0,1441.53,-245.591,0.0762633,31.6366,0.00206548,0.017247500546872283,0.5456522758011797,-0.029365600546872282,-0.6773472758011797
43.98,2.2,0.00227203,31.642,-0.698167,-0.10596,-0.00865977,18.6351,0,1442.16,-245.542,0.0766252,31.642,0.00227203,0.01897535971889816,0.6004183322253756,-0.02763512971889816,-0.7063783322253756
44.0,2.22285,0.00229562,31.6297,-0.697225,-0.0734151,-0.010847,18.7772,0,1442.79,-245.494,0.0770236,31.6297,0.00229562,0.01916527345230828,0.6061918497144753,-0.03001227345230828,-0.6796069497144752
44.02,2.2,0.00227203,31.6253,-0.694893,-0.0379676,-0.0102,18.8797,0,1443.42,-245.445,0.077416,31.6253,0.00227203,0.018965813413044808,0.599799538931566,-0.02916581341304481,-0.637767138931566
44.04,2.26666,0.00234087,31.6319,-0.694017,-0.00248012,-0.00866681,18.9667,0,1444.05,-245.396,0.0778062,31.6319,0.00234087,0.01954434587580815,0.6182247943089758,-0.02821115587580815,-0.6207049143089758
44.06,2.37223,0.00244989,31.6168,-0.695494,0.0280542,-0.0088189,19.0722,0,1444.68,-245.347,0.078214,31.6168,0.00244989,0.02044526928967702,0.6464139900778605,-0.029264169289677018,-0.6183597900778605
44.08,2.4,0.00247857,31.5983,-0.696327,0.0476774,-0.00729573,19.1,0,1445.31,-245.297,0.0786385,31.5983,0.00247857,0.02067307787765525,0.6532341167015138,-0.02796880787765525,-0.6055567167015138
44.1,2.4,0.00247857,31.6228,-0.694411,0.0559426,-0.00708165,19.1,0,1445.94,-245.247,0.0790629,31.6228,0.00247857,0.020688357670191206,0.6542237969329225,-0.027770007670191207,-0.5982811969329226
44.12,2.4,0.00247857,31.5961,-0.690598,0.0584018,-0.00630275,19.1,0,1446.57,-245.197,0.0794865,31.5961,0.00247857,0.020671705732108237,0.653145281482265,-0.026974455732108236,-0.5947434814822651
44.14,2.4,0.00247857,31.5691,-0.685881,0.0603598,-0.00444948,19.1,0,1447.2,-245.147,0.0799097,31.5691,0.00247857,0.02065486465666962,0.6520554878328689,-0.02510434465666962,-0.591695687832869
44.16,2.4,0.00247857,31.5639,-0.680732,0.0630812,-0.00476931,19.1,0,1447.83,-245.097,0.0803326,31.5639,0.00247857,0.02065162095518001,0.6518456986672063,-0.02542093095518001,-0.5887644986672063
44.18,2.4,0.00247857,31.6202,-0.677088,0.0662772,-0.00572054,19.2,0,1448.46,-245.046,0.0807554,31.6202,0.00247857,0.020686736221218905,0.654118736662186,-0.026407276221218905,-0.587841536662186
44.2,2.4,0.00247857,31.6138,-0.677503,0.0706869,-0.0048976,19.2,0,1449.09,-244.995,0.0811789,31.6138,0.00247857,0.020682744881239834,0.6538601601265399,-0.025580344881239836,-0.5831732601265399
44.22,2.4,0.00247857,31.5777,-0.681109,0.0753453,-0.00652599,19.2,0,1449.72,-244.943,0.0816024,31.5777,0.00247857,0.02066022907328668,0.6524025156075248,-0.02718621907328668,-0.5770572156075249
44.24,2.4,0.00247857,31.5676,-0.682442,0.075691,-0.00769606,19.2,0,1450.35,-244.892,0.0820254,31.5676,0.00247857,0.020653928981338603,0.6519949685113045,-0.028349988981338604,-0.5763039685113045
44.26,2.4,0.00247857,31.5883,-0.677146,0.06782,-0.0066128,19.2,0,1450.98,-244.84,0.0824482,31.5883,0.00247857,0.02066684074286648,0.6528303654378892,-0.027279640742866477,-0.5850103654378892
44.28,2.4,0.00247857,31.5661,-0.668294,0.0528421,-0.00693944,19.2,0,1451.61,-244.788,0.0828714,31.5661,0.00247857,0.020652993299690448,0.6519344517973586,-0.027592433299690446,-0.5990923517973586
44.3,2.4,0.00247857,31.5297,-0.662249,0.0364123,-0.00754777,19.2,0,1452.24,-244.735,0.0832942,31.5297,0.00247857,0.02063028548907029,0.6504667123847395,-0.028178055489070288,-0.6140544123847396
44.32,2.4,0.00247857,31.4831,-0.658829,0.0255185,-0.00397411,19.2,0,1452.87,-244.683,0.0837165,31.4831,0.00247857,0.020601209077096193,0.6485899254951272,-0.024575319077096192,-0.6230714254951272
44.34,2.3,0.0023753,31.4934,-0.652565,0.0258553,-0.004753,19.2,0,1453.49,-244.63,0.0841338,31.4934,0.0023753,0.019749012725482504,0.6219635573687107,-0.024502012725482504,-0.5961082573687106
44.36,2.3,0.0023753,31.4901,-0.643024,0.0407181,-0.007,19.2,0,1454.12,-244.577,0.0845337,31.4901,0.0023753,0.019747039327752153,0.6218362431348481,-0.026747039327752152,-0.5811181431348481
44.38,2.2,0.00227203,31.5048,-0.635642,0.0676194,-0.0031984,19.2,0,1454.75,-244.524,0.0849336,31.5048,0.00227203,0.018896910098022714,0.595343373256186,-0.022095310098022715,-0.527723973256186
44.4,2.2,0.00227203,31.4871,-0.631845,0.0944748,-0.00467984,19.2,0,1455.38,-244.47,0.085316,31.4871,0.00227203,0.018886785884813212,0.5946901158337021,-0.023566625884813213,-0.5002153158337022
44.42,2.1,0.00216875,31.5052,-0.626317,0.10733,-0.00569844,19.2,0,1456.0,-244.416,0.0856982,31.5052,0.00216875,0.018038126120777997,0.5682947710603349,-0.023736566120777996,-0.4609647710603349
44.44,1.9,0.0019622,31.468,-0.615455,0.104572,-0.00383647,19.2,0,1456.63,-244.362,0.0860543,31.468,0.0019622,0.016301807750592274,0.5129852862956377,-0.020138277750592272,-0.40841328629563767
44.46,1.9,0.0019622,31.4313,-0.60169,0.094912,-0.00146869,19.2,0,1457.26,-244.308,0.0863792,31.4313,0.0019622,0.01628367459725356,0.5118170613686558,-0.01775236459725356,-0.4169050613686558
44.48,1.83322,0.00189324,31.3985,-0.589496,0.0831703,-0.00226711,19.3,0,1457.89,-244.254,0.0867096,31.3985,0.00189324,0.015695756989913864,0.49282322584781046,-0.017962866989913864,-0.40965292584781043
44.5,1.72257,0.00177896,31.4304,-0.582788,0.0693628,-0.00352315,19.3774,0,1458.51,-244.199,0.0870231,31.4304,0.00177896,0.014762617472037604,0.4639949721931307,-0.018285767472037605,-0.3946321721931307
44.52,1.7,0.00175566,31.396,-0.583293,0.0573149,-0.0036,19.4,0,1459.14,-244.145,0.0873194,31.396,0.00175566,0.014554052940417393,0.4569390461173445,-0.018154052940417394,-0.3996241461173445
44.54,1.7,0.00175566,31.3241,-0.587381,0.0525434,-0.00537001,19.4,0,1459.76,-244.09,0.0876163,31.3241,0.00175566,0.014522254381613038,0.454896548475085,-0.01989226438161304,-0.40235314847508497
44.56,1.6,0.00165238,31.2869,-0.588053,0.0552082,-0.00517422,19.4,0,1460.39,-244.035,0.0879092,31.2869,0.00165238,0.013652465810986511,0.42714333258175385,-0.01882668581098651,-0.37193513258175387
44.58,1.4,0.00144583,31.3536,-0.5821,0.0612606,-0.00621583,19.4,0,1461.01,-243.98,0.0881755,31.3536,0.00144583,0.011970181696610686,0.3753082888428528,-0.018186011696610688,-0.3140476888428528
44.6,1.4,0.00144583,31.3642,-0.573622,0.0660721,-0.006,19.4761,0,1461.63,-243.924,0.0884117,31.3642,0.00144583,0.011974042372381293,0.37555625977584134,-0.017974042372381295,-0.3094841597758413
44.62,1.3,0.00134256,31.3292,-0.569104,0.0644833,-0.00475737,19.5,0,1462.26,-243.869,0.0886524,31.3292,0.00134256,0.011106944488502739,0.3479716852692,-0.01586431448850274,-0.28348838526920006
44.64,1.2,0.00123929,31.2816,-0.56975,0.0530564,-0.0059323,19.5,0,1462.88,-243.813,0.088871,31.2816,0.00123929,0.010237731456392845,0.3202526203262984,-0.016170031456392845,-0.2671962203262984
44.66,1.1,0.00113601,31.3221,-0.572867,0.0344548,-0.00531644,19.5,0,1463.51,-243.758,0.0890718,31.3221,0.00113601,0.009396131002343166,0.2943065548684929,-0.014712571002343166,-0.2598517548684929
44.68,1.1,0.00113601,31.351,-0.580316,0.0157896,-0.00666314,19.5,0,1464.13,-243.702,0.0892597,31.351,0.00113601,0.009404402106706993,0.29483741044737094,-0.016067542106706995,-0.2790478104473709
44.7,1.1,0.00113601,31.3702,-0.597565,0.00200906,-0.00647241,19.6,0,1464.75,-243.646,0.0894522,31.3702,0.00113601,0.009409896505754196,0.2951903353648103,-0.015882306505754194,-0.2931812753648103
44.72,1.1,0.00113601,31.3508,-0.6227,-0.00852084,-0.00702298,19.6,0,1465.38,-243.59,0.0896448,31.3508,0.00113601,0.009404344870901214,0.2948337351786498,-0.016427324870901212,-0.3033545751786498
44.74,1.1,0.00113601,31.388,-0.644496,-0.0222733,-0.00979737,19.6,0,1466.0,-243.534,0.0898373,31.388,0.00113601,0.009414989850033103,0.29551770141283906,-0.019212359850033105,-0.31779100141283906
44.76,1.1,0.00113601,31.3879,-0.653978,-0.0427367,-0.0112045,19.6,0,1466.63,-243.478,0.09003,31.3879,0.00113601,0.009414961236872578,0.29551586180683276,-0.020619461236872576,-0.3382525618068328
44.78,1.1,0.00113601,31.375,-0.651803,-0.0657179,-0.0105335,19.6,0,1467.25,-243.421,0.0902227,31.375,0.00113601,0.009411270031796537,0.29527859724761635,-0.019944770031796538,-0.36099649724761634
44.8,1.1,0.00113601,31.3233,-0.643158,-0.0857454,-0.0108644,19.6724,0,1467.88,-243.364,0.0904153,31.3233,0.00113601,0.009396474460454603,0.2943285884671577,-0.020260874460454603,-0.3800739884671577
44.82,1.1,0.00113601,31.3306,-0.631619,-0.103576,-0.0120531,19.8751,0,1468.5,-243.308,0.0906076,31.3306,0.00113601,0.00939856379096806,0.29446264270930395,-0.02145166379096806,-0.39803864270930395
44.84,1.1,0.00113601,31.3201,-0.619971,-0.12235,-0.0123634,19.9576,0,1469.13,-243.251,0.0907999,31.3201,0.00113601,0.009395558568066724,0.2942698339077066,-0.021758958568066724,-0.4166198339077066
44.86,1.1,0.00113601,31.2863,-0.611532,-0.140138,-0.0104209,20.0,0,1469.75,-243.194,0.0909922,31.2863,0.00113601,0.009385883655627154,0.29364957181504786,-0.019806783655627155,-0.4337875718150479
44.88,1.2,0.00123929,31.242,-0.608007,-0.152019,-0.0100086,20.1,0,1470.37,-243.137,0.0911887,31.242,0.00123929,0.010225363539471333,0.3194608077001634,-0.020233963539471333,-0.4714798077001634
44.9,1.1,0.00113601,31.2651,-0.608297,-0.155023,-0.0105759,20.1,0,1470.99,-243.08,0.0913979,31.2651,0.00113601,0.009379814622706435,0.29326084216037895,-0.019955714622706434,-0.448283842160379
44.92,1.17298,0.00121138,31.2885,-0.608641,-0.145491,-0.0114,20.1,0,1471.62,-243.023,0.0915887,31.2885,0.00121138,0.010009273956269748,0.31317516818074603,-0.02140927395626975,-0.458666168180746
44.94,1.2,0.00123929,31.2781,-0.602433,-0.119396,-0.00939551,20.1,0,1472.24,-242.966,0.0917979,31.2781,0.00123929,0.010236638420394255,0.32018260017693356,-0.019632148420394256,-0.43957860017693356
44.96,1.3,0.00134256,31.2353,-0.583219,-0.0825198,-0.00739227,20.1,0,1472.86,-242.909,0.0920129,31.2353,0.00134256,0.011075176615214524,0.3459364641292102,-0.018467446615214524,-0.42845626412921023
44.98,1.13374,0.00117086,31.2367,-0.550816,-0.05146,-0.00726748,20.1,0,1473.49,-242.851,0.0922367,31.2367,0.00117086,0.009659184028677907,0.30172103374860315,-0.016926664028677908,-0.35318103374860316
45.0,1.0,0.00103274,31.227,-0.513495,-0.0368764,-0.0072,20.1,0,1474.11,-242.794,0.0924213,31.227,0.00103274,0.008517216716054859,0.26596712639224507,-0.01571721671605486,-0.30284352639224504
45.02,1.1,0.00113601,31.1716,-0.483301,-0.0326219,-0.00490098,20.1,0,1474.73,-242.736,0.0925941,31.1716,0.00113601,0.00935304105752671,0.2915492546287996,-0.014254021057526711,-0.3241711546287996
45.04,1.2,0.00123929,31.1411,-0.468397,-0.0251985,-0.0035407,20.1,0,1475.35,-242.678,0.0927942,31.1411,0.00123929,0.01019384047881371,0.31744740573478564,-0.01373454047881371,-0.34264590573478565
45.06,1.1,0.00113601,31.1979,-0.468596,-0.00695943,-0.00642304,20.1,0,1475.97,-242.62,0.0930027,31.1979,0.00113601,0.009360573143850963,0.29203022488454794,-0.01578361314385096,-0.29898965488454793
45.08,1.0,0.00103274,31.2558,-0.478733,0.0202819,-0.0074,20.1,0,1476.59,-242.562,0.0931856,31.2558,0.00103274,0.0085247130915209,0.26644672744595893,-0.015924713091520902,-0.24616482744595894
45.1,1.0,0.00103274,31.2324,-0.494498,0.0461843,-0.00611965,20.1,0,1477.21,-242.504,0.0933557,31.2324,0.00103274,0.008518622359712921,0.26605702098749784,-0.01463827235971292,-0.21987272098749783
45.12,1.0,0.00103274,31.1845,-0.512263,0.0560031,-0.00809722,20.1,0,1477.83,-242.446,0.09353,31.1845,0.00103274,0.008506152600376493,0.26526011576644076,-0.016603372600376493,-0.20925701576644076
45.14,0.842407,0.000869987,31.1667,-0.527736,0.0408024,-0.00823037,20.1,0,1478.46,-242.388,0.0936972,31.1667,0.000869987,0.007161734255464579,0.2232076230197879,-0.01539210425546458,-0.1824052230197879
45.16,0.523138,0.000540265,31.1711,-0.540169,0.00483309,-0.00944151,20.1,0,1479.08,-242.329,0.093823,31.1711,0.000540265,0.0044480609120892455,0.13865095149682508,-0.013889570912089245,-0.13381786149682506
45.18,0.465289,0.000480522,31.1364,-0.553873,-0.0394542,-0.0109835,20.1,0,1479.7,-242.271,0.0938976,31.1364,0.000480522,0.00395198600421724,0.12305061702170965,-0.014935486004217239,-0.16250481702170966
45.2,0.5,0.00051637,31.0591,-0.571248,-0.0807681,-0.0126,20.2,0,1480.32,-242.212,0.0939775,31.0591,0.00051637,0.004236746255941118,0.13158952563790077,-0.01683674625594112,-0.21235762563790078
45.22,0.5,0.00051637,31.0375,-0.587756,-0.111037,-0.0120055,20.2757,0,1480.94,-242.154,0.0940656,31.0375,0.00051637,0.004233932703882733,0.1314106862967603,-0.016239432703882735,-0.2424476862967603
45.24,0.5,0.00051637,31.0406,-0.596638,-0.124083,-0.0121669,20.3,0,1481.55,-242.096,0.0941523,31.0406,0.00051637,0.004234336517243457,0.13143634609714727,-0.016401236517243456,-0.25551934609714727
45.26,0.5,0.00051637,31.0135,-0.595531,-0.117061,-0.0138,20.3,0,1482.17,-242.037,0.0942389,31.0135,0.00051637,0.0042308062194241465,0.13121210868611077,-0.018030806219424145,-0.24827310868611077
45.28,0.5,0.00051637,30.9702,-0.586403,-0.0922384,-0.0139532,20.3,0,1482.79,-241.979,0.0943254,30.9702,0.00051637,0.004225164680957832,0.13085419520220024,-0.018178364680957834,-0.22309259520220023
45.3,0.573687,0.00059247,30.9705,-0.572137,-0.0583683,-0.011792,20.3,0,1483.4,-241.921,0.094415,30.9705,0.00059247,0.004847893078486507,0.15014167258726638,-0.01663989307848651,-0.2085099725872664
45.32,0.6,0.000619644,31.0468,-0.555524,-0.0305301,-0.0119236,20.3,0,1484.02,-241.862,0.0945185,31.0468,0.000619644,0.005082173151555899,0.1577852134017257,-0.017005773151555898,-0.1883153134017257
45.34,0.6,0.000619644,31.0364,-0.539163,-0.0232478,-0.0119578,20.3,0,1484.64,-241.804,0.0946236,31.0364,0.000619644,0.005080547495411194,0.15768190428658,-0.017038347495411194,-0.18092970428658
45.36,0.6,0.000619644,30.9835,-0.523769,-0.0408005,-0.010415,20.3,0,1485.26,-241.745,0.0947276,30.9835,0.000619644,0.005072277374932511,0.15715690604622146,-0.015487277374932513,-0.19795740604622147
45.38,0.7,0.000722917,30.9773,-0.507929,-0.0772833,-0.0076655,20.3,0,1485.87,-241.686,0.0948357,30.9773,0.000722917,0.005916518055871229,0.1832777547721398,-0.013582018055871229,-0.2605610547721398
45.4,0.7,0.000722917,31.1047,-0.492311,-0.121953,-0.00935146,20.3,0,1486.49,-241.628,0.094961,31.1047,0.000722917,0.005939751420362249,0.18475418600494167,-0.015291211420362251,-0.3067071860049417
45.42,0.6,0.000619644,31.1246,-0.482777,-0.158153,-0.0072057,20.3,0,1487.11,-241.569,0.0950782,31.1246,0.000619644,0.005094331934024998,0.15855904371375446,-0.012300031934024997,-0.31671204371375444
45.44,0.7,0.000722917,31.1072,-0.484887,-0.169668,-0.00664493,20.3,0,1487.73,-241.51,0.0951824,31.1072,0.000722917,0.005940207202942645,0.18478321350337742,-0.012585137202942645,-0.35445121350337744
45.46,0.7,0.000722917,31.1125,-0.49591,-0.158191,-0.00920293,20.3,0,1488.35,-241.45,0.0953083,31.1125,0.000722917,0.005941173445295429,0.18484475881675405,-0.015144103445295428,-0.3430357588167541
45.48,0.6,0.000619644,31.1767,-0.508015,-0.141037,-0.0113898,20.3,0,1488.97,-241.391,0.0954255,31.1767,0.000619644,0.005102471908548667,0.15907823595124923,-0.016492271908548666,-0.3001152359512492
45.5,0.6,0.000619644,31.1773,-0.518271,-0.129894,-0.00879637,20.3,0,1489.59,-241.332,0.0955256,31.1773,0.000619644,0.00510256564008196,0.1590842197305273,-0.01389893564008196,-0.2889782197305273
45.52,0.6,0.000619644,31.1063,-0.527599,-0.127223,-0.00810863,20.3,0,1490.21,-241.272,0.09563,31.1063,0.000619644,0.005091472340602743,0.1583768660684911,-0.013200102340602742,-0.2855998660684911
45.54,0.6,0.000619644,31.048,-0.532936,-0.136253,-0.0086,20.3,0,1490.83,-241.213,0.0957342,31.048,0.000619644,0.005082360722448376,0.15779713571057716,-0.013682360722448376,-0.29405013571057714
45.56,0.528212,0.000545505,31.0616,-0.530345,-0.156601,-0.00603412,20.3,0,1491.45,-241.153,0.095835,31.0616,0.000545505,0.004476139048298569,0.1390360406626308,-0.010510259048298567,-0.2956370406626308
45.58,0.5,0.00051637,31.0468,-0.523471,-0.177379,-0.00626893,20.3,0,1492.06,-241.094,0.0959223,31.0468,0.00051637,0.004235144127339849,0.13148767269269485,-0.010504074127339849,-0.30886667269269485
45.6,0.5,0.00051637,31.0296,-0.520767,-0.187772,-0.00637358,20.3,0,1492.68,-241.034,0.0960077,31.0296,0.00051637,0.004232903606072881,0.13134530573499906,-0.010606483606072881,-0.3191173057349991
45.62,0.5,0.00051637,31.0053,-0.524331,-0.188515,-0.00608021,20.3,0,1493.3,-240.975,0.0960943,31.0053,0.00051637,0.004229737927818001,0.13114429337337546,-0.010309947927818001,-0.31965929337337545
45.64,0.5,0.00051637,31.0211,-0.527229,-0.187237,-0.0083362,20.3,0,1493.92,-240.915,0.0961808,31.0211,0.00051637,0.0042317963087560705,0.13127497647355293,-0.01256799630875607,-0.3185119764735529
45.66,0.4,0.000413096,31.0083,-0.523234,-0.1896,-0.01,20.3,0,1494.53,-240.856,0.0962631,31.0083,0.000413096,0.003384102908283877,0.10493527821093894,-0.013384102908283877,-0.29453527821093894
45.68,0.3,0.000309822,30.9693,-0.513559,-0.1977,-0.0103887,20.3,0,1495.15,-240.796,0.0963236,30.9693,0.000309822,0.0025350283011353436,0.0785080519663508,-0.012923728301135345,-0.2762080519663508
45.7,0.0266113,2.74825e-05,30.9347,-0.502811,-0.210549,-0.0100813,20.3,0,1495.77,-240.737,0.0963594,30.9347,2.74825e-05,0.0002246275765194352,0.0069487866913557714,-0.010305927576519434,-0.21749778669135575
45.72,-0.0216284,-2.23364e-05,30.9528,-0.495098,-0.223368,-0.00938931,20.3,0,1496.38,-240.677,0.0963501,30.9528,-2.23364e-05,-0.00018266807859030558,-0.005654088502990011,-0.009206641921409695,-0.21771391149701
45.74,0.0,0.0,30.9333,-0.49544,-0.228285,-0.0106548,20.3,0,1497.0,-240.618,0.0963452,30.9333,0.0,0.0,0.0,-0.0106548,-0.228285
45.76,-0.1,-0.000103274,30.8824,-0.507779,-0.216184,-0.013828,20.3,0,1497.62,-240.558,0.0963418,30.8824,-0.000103274,-0.0008427443172018634,-0.026025967101554828,-0.012985255682798137,-0.19015803289844516
45.78,-0.0306236,-3.16262e-05,30.7638,-0.527447,-0.184252,-0.00811871,20.3,0,1498.23,-240.499,0.0963232,30.7638,-3.16262e-05,-0.00025713139553076587,-0.007910338825829375,-0.007861578604469234,-0.17634166117417063
45.8,0.1,0.000103274,30.7465,-0.541715,-0.145785,-0.011841,20.3,0,1498.84,-240.44,0.0963266,30.7465,0.000103274,0.0008392002772912315,0.025802471325734853,-0.012680200277291232,-0.17158747132573485
45.82,0.0,0.0,30.9743,-0.544966,-0.119717,-0.0138265,20.3,0,1499.45,-240.38,0.096345,30.9743,0.0,0.0,0.0,-0.0138265,-0.119717
45.84,0.0,0.0,31.0589,-0.547507,-0.11083,-0.0107453,20.4,0,1500.07,-240.321,0.0963407,31.0589,0.0,0.0,0.0,-0.0107453,-0.11083
45.86,0.178145,0.000183977,30.8753,-0.561403,-0.116286,-0.0084,20.4,0,1500.69,-240.261,0.0963484,30.8753,0.000183977,0.0015009733104963743,0.0463430012535687,-0.009900973310496374,-0.16262900125356872
45.88,0.137345,0.000141842,30.8407,-0.584808,-0.138783,-0.014805,20.4,0,1501.3,-240.202,0.0963851,30.8407,0.000141842,0.0011559765630686088,0.03565112638863004,-0.01596097656306861,-0.17443412638863004
45.9,0.0,0.0,30.812,-0.608788,-0.175757,-0.0148612,20.4,0,1501.92,-240.142,0.096401,30.812,0.0,0.0,0.0,-0.0148612,-0.175757
45.92,0.17525,0.000180987,30.8879,-0.633263,-0.210161,-0.0141525,20.4,0,1502.53,-240.083,0.0964027,30.8879,0.000180987,0.001477155120015172,0.045626219631516626,-0.01562965512001517,-0.2557872196315166
45.94,0.360774,0.000372585,30.9329,-0.666273,-0.225411,-0.0162939,20.5215,0,1503.15,-240.024,0.0964484,30.9329,0.000372585,0.0030451457372398095,0.0941951885754653,-0.01933904573723981,-0.3196061885754653
45.96,0.4,0.000413096,31.053,-0.708174,-0.221067,-0.0170257,20.7,0,1503.76,-239.964,0.0965204,31.053,0.000413096,0.0033887612637843838,0.10523120352429648,-0.020414461263784385,-0.3262982035242965
45.98,0.4,0.000413096,30.9427,-0.74345,-0.20599,-0.0189178,20.7,0,1504.38,-239.904,0.0965914,30.9427,0.000413096,0.0033772648178339647,0.10450169207879101,-0.022295064817833964,-0.310491692078791
46.0,0.5,0.00051637,30.7151,-0.752151,-0.186726,-0.0225442,20.7,0,1505.0,-239.844,0.0966648,30.7151,0.00051637,0.00419190594840346,0.1287548103958071,-0.02673610594840346,-0.3154808103958071
46.02,0.574962,0.000593786,30.7759,-0.730083,-0.169142,-0.0201502,20.775,0,1505.61,-239.785,0.096758,30.7759,0.000593786,0.004829490442832894,0.14863191491958086,-0.024979690442832894,-0.31777391491958085
46.04,0.657279,0.000678798,30.8291,-0.693882,-0.159492,-0.018,20.8573,0,1506.22,-239.726,0.0968635,30.8291,0.000678798,0.005530045346561643,0.17048632099368355,-0.02353004534656164,-0.3299783209936835
46.06,0.7,0.000722917,30.8389,-0.663476,-0.159572,-0.0188694,21.0772,0,1506.83,-239.666,0.096982,30.8389,0.000722917,0.005891263849209178,0.1816800967193769,-0.024760663849209177,-0.3412520967193769
46.08,0.865403,0.000893735,30.7897,-0.644629,-0.164143,-0.0185611,21.1,0,1507.45,-239.606,0.0971114,30.7897,0.000893735,0.007272207217131688,0.2239090785533195,-0.025833307217131687,-0.3880520785533195
46.1,1.24866,0.00128954,30.773,-0.630235,-0.164102,-0.0137459,21.1,0,1508.06,-239.546,0.0972837,30.773,0.00128954,0.010487386029059593,0.32272833027225084,-0.024233286029059595,-0.48683033027225087
46.12,1.65444,0.0017086,30.7771,-0.612584,-0.155488,-0.0142633,21.1,0,1508.67,-239.487,0.0975321,30.7771,0.0017086,0.013897232180534248,0.4277165045435206,-0.02816053218053425,-0.5832045045435206
46.14,1.86399,0.00192501,30.8586,-0.593033,-0.141688,-0.0121042,21.1,0,1509.28,-239.427,0.0978427,30.8586,0.00192501,0.015697065534270388,0.4843894664958362,-0.02780126553427039,-0.6260774664958362
46.16,1.9,0.0019622,30.8894,-0.581699,-0.123984,-0.00758735,21.1,0,1509.9,-239.366,0.0981743,30.8894,0.0019622,0.01601558087515278,0.4947116838849443,-0.02360293087515278,-0.6186956838849443
46.18,1.9,0.0019622,30.8761,-0.585005,-0.0999582,-0.00559995,21.1,0,1510.51,-239.306,0.0985034,30.8761,0.0019622,0.016008992881843688,0.4942952651190939,-0.021608942881843687,-0.5942534651190938
46.2,1.9,0.0019622,30.8554,-0.593578,-0.0736873,-0.00513561,21.1,0,1511.13,-239.245,0.0988308,30.8554,0.0019622,0.015998738620929227,0.4936474796442197,-0.021134348620929225,-0.5673347796442196
46.22,1.9,0.0019622,30.889,-0.590292,-0.0557162,-0.00564633,21.1,0,1511.74,-239.184,0.099158,30.889,0.0019622,0.01601538274564493,0.4946991576302262,-0.021661712745644927,-0.5504153576302262
46.24,1.9,0.0019622,30.8834,-0.572274,-0.0502044,-0.00476854,21.1,0,1512.36,-239.123,0.0994856,30.8834,0.0019622,0.016012608895876888,0.4945238055749243,-0.020781148895876886,-0.5447282055749243
46.26,1.9,0.0019622,30.8561,-0.554244,-0.0516488,-0.00401818,21.1,0,1512.97,-239.061,0.0998131,30.8561,0.0019622,0.015999085398639427,0.493669378968958,-0.020017265398639426,-0.5453181789689581
46.28,1.9,0.0019622,30.8192,-0.54582,-0.0565576,-0.0036,21.1,0,1513.58,-239.0,0.10014,30.8192,0.0019622,0.01598080380374187,0.4925155885882814,-0.01958080380374187,-0.5490731885882815
46.3,1.8,0.00185893,30.8135,-0.538185,-0.0691799,-0.00587704,21.1,0,1514.2,-238.938,0.100463,30.8135,0.00185893,0.01513706126982348,0.4664258374377058,-0.02101410126982348,-0.5356057374377058
46.32,1.8,0.00185893,30.8187,-0.521036,-0.0907121,-0.00750474,21.1,0,1514.81,-238.876,0.100768,30.8187,0.00185893,0.015139502180677087,0.46657977585563293,-0.022644242180677086,-0.5572918758556329
46.34,1.8,0.00185893,30.8081,-0.500806,-0.112433,-0.00569112,21.1,0,1515.42,-238.814,0.101078,30.8081,0.00185893,0.015134526418740541,0.46626600336120044,-0.020825646418740542,-0.5786990033612005
46.36,1.8,0.00185893,30.7682,-0.490657,-0.126314,-0.00707866,21.1,0,1516.04,-238.752,0.101387,30.7682,0.00185893,0.015115794822213447,0.4650857982488278,-0.022194454822213446,-0.5913997982488278
46.38,1.7,0.00175566,30.7656,-0.490914,-0.131662,-0.00920639,21.1,0,1516.65,-238.689,0.101692,30.7656,0.00175566,0.014274905385341834,0.4391760291232727,-0.023481295385341834,-0.5708380291232726
46.4,1.6,0.00165238,30.7764,-0.491305,-0.127717,-0.00912729,21.1,0,1517.26,-238.627,0.101975,30.7764,0.00165238,0.013439662846563815,0.4136244396309866,-0.022566952846563813,-0.5413414396309866
46.42,1.6,0.00165238,30.7659,-0.487053,-0.112351,-0.0104796,21.1,0,1517.87,-238.564,0.102246,30.7659,0.00165238,0.013435280866455646,0.41334850760928776,-0.023914880866455646,-0.5256995076092877
46.44,1.6,0.00165238,30.7155,-0.482295,-0.0888021,-0.0102,21.1,0,1518.48,-238.501,0.102521,30.7155,0.00165238,0.013414244552430562,0.4120252285501809,-0.023614244552430563,-0.500827328550181
46.46,1.6,0.00165238,30.6959,-0.481377,-0.0636044,-0.00933281,21.1,0,1519.1,-238.438,0.102795,30.6959,0.00165238,0.013406062508731269,0.4115111541617642,-0.02273887250873127,-0.4751155541617642
46.48,1.6,0.00165238,30.6692,-0.484905,-0.0386447,-0.0124431,21.1,0,1519.71,-238.375,0.103069,30.6692,0.00165238,0.01339491543174788,0.4108113403593621,-0.02583801543174788,-0.4494560403593621
46.5,1.6,0.00165238,30.5994,-0.4918,-0.0111695,-0.00954938,21.1,0,1520.32,-238.312,0.103343,30.5994,0.00165238,0.013365768235314723,0.40898448853968933,-0.022915148235314722,-0.4201539885396893
46.52,1.6,0.00165238,30.5796,-0.50061,0.0201869,-0.0110834,21.1,0,1520.93,-238.249,0.103616,30.5796,0.00165238,0.013357498501684899,0.40846696118212356,-0.024440898501684898,-0.38828006118212355
46.54,1.6,0.00165238,30.6458,-0.51045,0.0536535,-0.0110868,21.1,0,1521.53,-238.185,0.103889,30.6458,0.00165238,0.013385145012739746,0.4101984770314197,-0.02447194501273975,-0.3565449770314197
46.56,1.6,0.00165238,30.6687,-0.521757,0.0865038,-0.00977101,21.1,0,1522.14,-238.122,0.104163,30.6687,0.00165238,0.013394706672565041,0.4107982405288955,-0.02316571667256504,-0.3242944405288955
46.58,1.7,0.00175566,30.6349,-0.534681,0.115655,-0.00883029,21.1,0,1522.75,-238.058,0.104441,30.6349,0.00175566,0.014216932865851208,0.43553431665206516,-0.02304722286585121,-0.31987931665206515
46.6,1.7,0.00175566,30.5873,-0.546259,0.136676,-0.00823019,21.1,0,1523.36,-237.994,0.104736,30.5873,0.00175566,0.014195811457667436,0.43421154379911114,-0.022426001457667436,-0.2975355437991112
46.62,1.7,0.00175566,30.6099,-0.551704,0.143332,-0.00801121,21.1,0,1523.97,-237.93,0.105026,30.6099,0.00175566,0.014205840236613212,0.43483934905870675,-0.02221705023661321,-0.2915073490587068
46.64,1.7,0.00175566,30.6117,-0.551577,0.131235,-0.00787529,21.1,0,1524.58,-237.866,0.105317,30.6117,0.00175566,0.014206638946381436,0.4348893694349446,-0.022081928946381436,-0.3036543694349446
46.66,1.7,0.00175566,30.5454,-0.553964,0.104217,-0.00617523,21.1,0,1525.19,-237.801,0.105607,30.5454,0.00175566,0.01417721566315497,0.43304872331733385,-0.020352445663154972,-0.32883172331733385
46.68,1.76661,0.00182445,30.4842,-0.564113,0.0725945,-0.00546712,21.1,0,1525.8,-237.737,0.1059,30.4842,0.00182445,0.014704474381059781,0.4482541379271026,-0.020171594381059782,-0.3756596379271026
46.7,1.8,0.00185893,30.5035,-0.57607,0.0433221,-0.00761126,21.1,0,1526.4,-237.672,0.106205,30.5035,0.00185893,0.01499144492432988,0.45729154024929647,-0.022602704924329878,-0.4139694402492965
46.72,1.7,0.00175566,30.6191,-0.580678,0.0173865,-0.0066234,21.1,0,1527.01,-237.607,0.106508,30.6191,0.00175566,0.014209922465028134,0.4350950369489429,-0.020833322465028135,-0.41770853694894294
46.74,1.7,0.00175566,30.6153,-0.577694,-0.00459818,-0.00765869,21.1,0,1527.62,-237.542,0.106795,30.6153,0.00175566,0.01420823634708505,0.43498941823691295,-0.02186692634708505,-0.43958759823691296
46.76,1.8,0.00185893,30.5746,-0.573558,-0.0218341,-0.0072,21.1,0,1528.23,-237.477,0.107089,30.5746,0.00185893,0.015024860169800116,0.45937908974757063,-0.022224860169800117,-0.48121318974757066
46.78,1.7,0.00175566,30.5403,-0.570843,-0.0359554,-0.009,21.1,0,1528.83,-237.411,0.107397,30.5403,0.00175566,0.0141749519813665,0.4329072859965273,-0.0231749519813665,-0.46886268599652725
46.8,1.7,0.00175566,30.5952,-0.566837,-0.0485029,-0.00739759,21.1,0,1529.44,-237.346,0.107682,30.5952,0.00175566,0.014199317205242073,0.43443094975782226,-0.021596907205242072,-0.4829338497578223
46.82,1.7,0.00175566,30.6052,-0.560621,-0.0585788,-0.00813575,21.1,0,1530.05,-237.28,0.107972,30.6052,0.00175566,0.014203754687069782,0.4347087529487081,-0.022339504687069783,-0.4932875529487081
46.84,1.7,0.00175566,30.5879,-0.555705,-0.0649689,-0.00907787,21.1,0,1530.66,-237.214,0.108263,30.5879,0.00175566,0.014196077721217483,0.43422820572882825,-0.023273947721217485,-0.49919710572882825
46.86,1.7,0.00175566,30.5376,-0.555361,-0.0672284,-0.00634686,21.1,0,1531.27,-237.148,0.108553,30.5376,0.00175566,0.014173753541234409,0.43283241614079987,-0.020520613541234408,-0.5000608161407999
46.88,1.7,0.00175566,30.5559,-0.558114,-0.0646026,-0.0068,21.1,0,1531.87,-237.082,0.108843,30.5559,0.00175566,0.014181876026088181,0.4333399856655479,-0.02098187602608818,-0.4979425856655479
46.9,1.7,0.00175566,30.5856,-0.559559,-0.0558202,-0.006,21.1,0,1532.48,-237.015,0.109133,30.5856,0.00175566,0.014195057040490441,0.43416433661762444,-0.02019505704049044,-0.4899845366176244
46.92,1.7,0.00175566,30.5889,-0.557541,-0.0394913,-0.0058,21.1,0,1533.09,-236.948,0.109423,30.5889,0.00175566,0.01419652149225191,0.4342559762743444,-0.01999652149225191,-0.47374727627434443
46.94,1.8,0.00185893,30.5645,-0.55281,-0.0167982,-0.0043527,21.1,0,1533.7,-236.882,0.109717,30.5645,0.00185893,0.015020114049861104,0.4590822758769797,-0.019372814049861103,-0.4758804758769797
46.96,1.7,0.00175566,30.5776,-0.545647,0.00549729,-0.0037344,21.1,0,1534.3,-236.815,0.110024,30.5776,0.00175566,0.014191506766894483,0.43394221731539273,-0.017925906766894484,-0.42844492731539274
46.98,1.7,0.00175566,30.5899,-0.535082,0.0204148,-0.00448072,21.1,0,1534.91,-236.747,0.11031,30.5899,0.00175566,0.014196965261350072,0.43428374764817257,-0.018677685261350073,-0.41386894764817256
47.0,1.77156,0.00182956,30.561,-0.521162,0.0288563,-0.00409091,21.1,0,1535.52,-236.68,0.110604,30.561,0.00182956,0.014781185795807299,0.45172781910566684,-0.0188720957958073,-0.42287151910566684
47.02,1.8,0.00185893,30.5173,-0.505736,0.0356107,-0.00357795,21.1,0,1536.13,-236.612,0.11091,30.5173,0.00185893,0.014997931393069786,0.45769637170172855,-0.018575881393069787,-0.42208567170172856
47.04,1.8,0.00185893,30.5332,-0.491084,0.040558,-0.0036,21.1,0,1536.73,-236.545,0.111218,30.5332,0.00185893,0.015005404450023229,0.45816301515344926,-0.01860540445002323,-0.4176050151534493
47.06,1.8,0.00185893,30.5824,-0.479807,0.0414941,-0.0036,21.1,0,1537.34,-236.477,0.111525,30.5824,0.00185893,0.015028525347087231,0.45960837357476053,-0.01862852534708723,-0.41811427357476055
47.08,1.8,0.00185893,30.5541,-0.474914,0.0405256,-0.00471283,21.1,0,1537.95,-236.409,0.111832,30.5541,0.00185893,0.015015226737664403,0.4587767392652719,-0.019728056737664403,-0.4182511392652719
47.1,1.8,0.00185893,30.5094,-0.47648,0.0404005,-0.00571017,21.1,0,1538.55,-236.34,0.112139,30.5094,0.00185893,0.0149942181724071,0.45746459990923716,-0.0207043881724071,-0.41706409990923715
47.12,1.8,0.00185893,30.498,-0.479456,0.0398723,-0.00660919,21.1,0,1539.16,-236.272,0.112445,30.498,0.00185893,0.014988859628951808,0.45713024096377225,-0.02159804962895181,-0.4172579409637722
47.14,1.8,0.00185893,30.5175,-0.478695,0.0374486,-0.00689601,21.1,0,1539.77,-236.204,0.112752,30.5175,0.00185893,0.014998025396998991,0.45770224005291665,-0.021894035396998992,-0.42025364005291665
47.16,1.8,0.00185893,30.4937,-0.47524,0.0339995,-0.0072,21.1,0,1540.37,-236.135,0.113058,30.4937,0.00185893,0.01498683835493205,0.45700415274379147,-0.02218683835493205,-0.42300465274379145
47.18,1.8,0.00185893,30.4524,-0.473712,0.0295415,-0.00666846,21.1,0,1540.98,-236.066,0.113365,30.4524,0.00185893,0.014967422798348127,0.4557939460244165,-0.021635882798348126,-0.4262524460244165
47.2,1.9,0.0019622,30.3975,-0.47426,0.0234131,-0.0079569,21.1,0,1541.58,-235.997,0.113675,30.3975,0.0019622,0.01577166851812215,0.479419293779618,-0.023728568518122148,-0.456006193779618
47.22,1.9,0.0019622,30.4208,-0.472619,0.0179717,-0.00704731,21.1,0,1542.19,-235.928,0.114002,30.4208,0.0019622,0.015783233807862385,0.48013859902222006,-0.022830543807862386,-0.4621668990222201
47.24,1.9,0.0019622,30.4184,-0.468664,0.0175798,-0.00742953,21.1,0,1542.79,-235.859,0.114324,30.4184,0.0019622,0.01578204258738938,0.48006448424024506,-0.02321157258738938,-0.4624846842402451
47.26,2.07705,0.00214505,30.4287,-0.468506,0.0240216,-0.00714744,21.1,0,1543.4,-235.789,0.114654,30.4287,0.00214505,0.01725830441655526,0.525147767600035,-0.024405744416555263,-0.501126167600035
47.28,2.17049,0.00224156,30.4142,-0.475709,0.034737,-0.009,21.1,0,1544.0,-235.719,0.115018,30.4142,0.00224156,0.01802657034218181,0.548263715701186,-0.02702657034218181,-0.513526715701186
47.3,2.2,0.00227203,30.4524,-0.485804,0.0456731,-0.00787513,21.1,0,1544.6,-235.649,0.115392,30.4524,0.00227203,0.018293562944577513,0.5570828962134523,-0.026168692944577514,-0.5114097962134523
47.32,2.2,0.00227203,30.4435,-0.492436,0.0549603,-0.00784422,21.1,0,1545.21,-235.579,0.115767,30.4435,0.00227203,0.018288448618179194,0.5567643855075383,-0.026132668618179193,-0.5018040855075383
47.34,2.26369,0.0023378,30.4238,-0.49479,0.0633642,-0.00638091,21.1,0,1545.81,-235.509,0.116144,30.4238,0.0023378,0.018806209797989335,0.572156365652068,-0.025187119797989335,-0.508792165652068
47.36,2.3,0.0023753,30.3886,-0.495349,0.0717616,-0.00467572,21.1,0,1546.42,-235.438,0.116533,30.3886,0.0023753,0.019086725430851433,0.5800188644279719,-0.023762445430851434,-0.5082572644279719
47.38,2.3,0.0023753,30.3833,-0.493921,0.0790559,-0.00513274,21.1,0,1547.02,-235.367,0.116924,30.3833,0.0023753,0.019083540532216087,0.579820937052481,-0.024216280532216087,-0.500765037052481
47.4,2.37796,0.00245581,30.3809,-0.489488,0.0852518,-0.0062215,21.1,0,1547.63,-235.296,0.117318,30.3809,0.00245581,0.019728882194684702,0.5993811970684965,-0.0259503821946847,-0.5141293970684965
47.42,2.47531,0.00255635,30.3926,-0.485367,0.0954873,-0.00544434,21.1,0,1548.23,-235.225,0.117728,30.3926,0.00255635,0.020544145853590795,0.6243900072698436,-0.025988485853590794,-0.5289027072698436
47.44,2.66057,0.00274768,30.3813,-0.486929,0.11385,-0.004,21.1,0,1548.83,-235.154,0.11816,30.3813,0.00274768,0.02207392482791872,0.670634532374447,-0.02607392482791872,-0.556784532374447
47.46,2.87628,0.00297045,30.3826,-0.495307,0.134217,-0.00477303,21.1,0,1549.44,-235.082,0.118628,30.3826,0.00297045,0.023864570185836695,0.7250676901282019,-0.028637600185836696,-0.5908506901282019
47.48,2.9,0.00299494,30.388,-0.506691,0.145838,-0.0058472,21.1,0,1550.04,-235.01,0.119126,30.388,0.00299494,0.024065415332296648,0.7312998411178306,-0.02991261533229665,-0.5854618411178306
47.5,2.9,0.00299494,30.3651,-0.517739,0.145641,-0.00348585,21.1,0,1550.64,-234.937,0.119619,30.3651,0.00299494,0.02404806359121687,0.7302218557536594,-0.027533913591216867,-0.5845808557536594
47.52,2.9,0.00299494,30.3221,-0.527713,0.136498,-0.002,21.1,0,1551.25,-234.865,0.120111,30.3221,0.00299494,0.024015477069553107,0.7281996972506962,-0.02601547706955311,-0.5917016972506962
47.54,2.9,0.00299494,30.3255,-0.534744,0.118852,-0.00317293,21.1,0,1551.85,-234.792,0.120601,30.3255,0.00299494,0.02401805389904141,0.7283594935153803,-0.02719098389904141,-0.6095074935153804
47.56,2.9,0.00299494,30.3445,-0.536049,0.0942147,-0.00348705,21.1,0,1552.45,-234.719,0.121092,30.3445,0.00299494,0.024032453130720784,0.7292527740251569,-0.027519503130720782,-0.6350380740251569
47.58,2.9,0.00299494,30.3008,-0.532418,0.0714753,-0.00290538,21.1,0,1553.05,-234.646,0.121583,30.3008,0.00299494,0.023999333128444277,0.7271989932583643,-0.026904713128444276,-0.6557236932583643
47.6,2.9,0.00299494,30.2586,-0.527288,0.0607277,-0.00072074,21.1,0,1553.65,-234.572,0.122074,30.2586,0.00299494,0.023967344029764116,0.7252182760590206,-0.024688084029764117,-0.6644905760590205
47.62,2.9,0.00299494,30.2528,-0.521799,0.0639081,-0.0004,21.1,0,1554.25,-234.498,0.122564,30.2528,0.00299494,0.023962946968092355,0.7249462420363044,-0.024362946968092356,-0.6610381420363044
47.64,2.9,0.00299494,30.2903,-0.515268,0.0760127,-0.00263098,21.1,0,1554.85,-234.424,0.123053,30.2903,0.00299494,0.02399137430055972,0.726705924976244,-0.02662235430055972,-0.6506932249762439
47.66,2.9,0.00299494,30.3048,-0.509498,0.0921199,-0.00175375,21.1,0,1555.45,-234.349,0.123543,30.3048,0.00299494,0.024002364967865737,0.7273868698781776,-0.025756114967865736,-0.6352669698781775
47.68,2.9,0.00299494,30.2967,-0.507081,0.109542,-0.00124854,21.1,0,1556.06,-234.275,0.124034,30.2967,0.00299494,0.02399622543863216,0.727006443246607,-0.02524476543863216,-0.617464443246607
47.7,2.9,0.00299494,30.2657,-0.50577,0.125026,-0.0016,21.1,0,1556.66,-234.2,0.124524,30.2657,0.00299494,0.02397272648987445,0.7255513481245931,-0.02557272648987445,-0.6005253481245931
47.72,2.8,0.00289167,30.2932,-0.500908,0.134524,-0.0022239,21.1,0,1557.26,-234.124,0.12501,30.2932,0.00289167,0.023166233614138488,0.70177934811982,-0.02539013361413849,-0.56725534811982
47.74,2.8,0.00289167,30.295,-0.494015,0.138343,-0.0028,21.1,0,1557.86,-234.049,0.125479,30.295,0.00289167,0.02316755094709154,0.7018609559421383,-0.02596755094709154,-0.5635179559421383
47.76,2.8,0.00289167,30.28,-0.491345,0.142842,-0.00229496,21.1,0,1558.46,-233.973,0.125953,30.28,0.00289167,0.02315657285940144,0.7011810261826756,-0.025451532859401438,-0.5583390261826756
47.78,2.8,0.00289167,30.2402,-0.492792,0.15248,-0.00238478,21.1,0,1559.06,-233.896,0.126426,30.2402,0.00289167,0.02312744088641817,0.6993784378934628,-0.02551222088641817,-0.5468984378934627
47.8,2.7,0.0027884,30.2621,-0.491767,0.163769,-0.00210119,21.1,0,1559.66,-233.82,0.126894,30.2621,0.0027884,0.02231694593885437,0.6753576496962048,-0.02441813593885437,-0.5115886496962048
47.82,2.6,0.00268512,30.2977,-0.487098,0.170782,-0.00218725,21.1,0,1560.26,-233.743,0.127342,30.2977,0.00268512,0.02151453528775894,0.651840935787934,-0.023701785287758938,-0.481058935787934
47.84,2.6,0.00268512,30.2775,-0.484857,0.171566,-0.00190124,21.1,0,1560.86,-233.666,0.127777,30.2775,0.00268512,0.021500807472656265,0.6509906982533501,-0.023402047472656264,-0.4794246982533501
47.86,2.6,0.00268512,30.2181,-0.487907,0.165931,-0.00278631,21.1,0,1561.46,-233.589,0.128217,30.2181,0.00268512,0.021460432603671312,0.6484934984610001,-0.024246742603671313,-0.48256249846100013
47.88,2.5,0.00258185,30.2308,-0.492748,0.15332,-0.00281814,21.1,0,1562.06,-233.512,0.128651,30.2308,0.00258185,0.020643359519626942,0.6240652729659382,-0.023461499519626942,-0.47074527296593816
47.9,2.4,0.00247857,30.2506,-0.497094,0.137382,-0.0036,21.1,0,1562.66,-233.434,0.129064,30.2506,0.00247857,0.019829997114334367,0.5998693107068832,-0.023429997114334366,-0.4624873107068832
47.92,2.4,0.00247857,30.2305,-0.503639,0.126668,-0.000569258,21.1,0,1563.26,-233.356,0.129465,30.2305,0.00247857,0.019817385471416028,0.5990894714936422,-0.020386643471416027,-0.4724214714936422
47.94,2.4,0.00247857,30.1936,-0.514615,0.125488,-0.00132322,21.1,0,1563.86,-233.278,0.12987,30.1936,0.00247857,0.019794229908360876,0.5976590601610849,-0.021117449908360876,-0.47217106016108495
47.96,2.3,0.0023753,30.1814,-0.52684,0.129587,-0.00285522,21.1,0,1564.46,-233.199,0.130271,30.1814,0.0023753,0.018962159542433146,0.5723045220139917,-0.021817379542433145,-0.4427175220139917
47.98,2.3,0.0023753,30.1895,-0.535223,0.133793,-0.00319801,21.1,0,1565.06,-233.121,0.130654,30.1895,0.0023753,0.018967031247398822,0.5726051898433467,-0.022165041247398824,-0.43881218984334674
48.0,2.3,0.0023753,30.1438,-0.538395,0.137136,-0.00382758,21.1,0,1565.66,-233.042,0.131041,30.1438,0.0023753,0.018939542983861184,0.5709097957969147,-0.022767122983861184,-0.43377379579691466
48.02,2.22253,0.0022953,30.1139,-0.537741,0.139423,-0.00276053,21.1,0,1566.25,-232.963,0.131425,30.1139,0.0022953,0.018284275962347076,0.5506108579025236,-0.021044805962347077,-0.41118785790252366
48.04,2.2,0.00227203,30.1269,-0.533545,0.138168,-0.00508579,21.1,0,1566.85,-232.884,0.131794,30.1269,0.00227203,0.01810638829446032,0.5454893495083766,-0.023192178294460318,-0.40732134950837656
48.06,2.2,0.00227203,30.1773,-0.525328,0.129972,-0.00601075,21.1,0,1567.45,-232.805,0.132163,30.1773,0.00227203,0.018135387383372323,0.5472770256842415,-0.02414613738337232,-0.41730502568424155
48.08,2.2,0.00227203,30.1548,-0.514044,0.113636,-0.0056,21.1,0,1568.05,-232.725,0.132534,30.1548,0.00227203,0.018122442138434353,0.5464786181960603,-0.023722442138434354,-0.43284261819606024
48.1,2.2,0.00227203,30.1283,-0.501221,0.0910735,-0.00586936,21.1,0,1568.64,-232.645,0.132904,30.1283,0.00227203,0.018107193909585283,0.5455389702661583,-0.023976553909585283,-0.45446547026615824
48.12,2.2,0.00227203,30.118,-0.487888,0.0647869,-0.00683374,21.1,0,1569.24,-232.566,0.133274,30.118,0.00227203,0.018101266770665356,0.5451739525988991,-0.024935006770665354,-0.48038705259889913
48.14,2.2,0.00227203,30.1345,-0.476391,0.0354535,-0.00731318,21.1,0,1569.84,-232.485,0.133644,30.1345,0.00227203,0.018110761575433166,0.5457587446948907,-0.025423941575433165,-0.5103052446948907
48.16,2.2,0.00227203,30.1694,-0.471181,0.00411194,-0.0075822,21.1,0,1570.43,-232.405,0.134014,30.1694,0.00227203,0.0181308423068398,0.5469966338919727,-0.025713042306839802,-0.5428846938919727
48.18,2.2,0.00227203,30.1795,-0.475104,-0.0244972,-0.00819174,21.1,0,1571.03,-232.324,0.134385,30.1795,0.00227203,0.018136653073370923,0.5473551214277977,-0.026328393073370922,-0.5718523214277977
48.2,2.3,0.0023753,30.1575,-0.484314,-0.045551,-0.00745045,21.1,0,1571.63,-232.243,0.134759,30.1575,0.0023753,0.018947784015376962,0.5714177964437307,-0.026398234015376963,-0.6169687964437307
48.22,2.3,0.0023753,30.1669,-0.48931,-0.0590386,-0.00846038,21.1,0,1572.23,-232.162,0.135151,30.1669,0.0023753,0.018953438164790455,0.5717664737734172,-0.027413818164790455,-0.6308050737734172
48.24,2.3,0.0023753,30.1803,-0.484324,-0.0659373,-0.00938191,21.1,0,1572.83,-232.081,0.135538,30.1803,0.0023753,0.018961497939764767,0.5722636962714825,-0.028343407939764767,-0.6382009962714825
48.26,2.3,0.0023753,30.1473,-0.473829,-0.0640548,-0.00838885,21.1,0,1573.42,-231.999,0.135925,30.1473,0.0023753,0.018941648403061808,0.5710395569016252,-0.027330498403061808,-0.6350943569016252
48.28,2.35848,0.00243569,30.1003,-0.466638,-0.053279,-0.00816956,21.1,0,1574.02,-231.917,0.136315,30.1003,0.00243569,0.01939423142887447,0.5837721842785502,-0.027563791428874468,-0.6370511842785501
48.3,2.4,0.00247857,30.0747,-0.466676,-0.0402262,-0.00856042,21.1,0,1574.62,-231.835,0.136715,30.0747,0.00247857,0.01971959251908498,0.593060829133725,-0.02828001251908498,-0.633287029133725
48.32,2.4,0.00247857,30.0699,-0.472936,-0.030534,-0.00861599,21.1,0,1575.21,-231.753,0.13712,30.0699,0.00247857,0.019716578602571668,0.5928755469214698,-0.02833256860257167,-0.6234095469214698
48.34,2.5,0.00258185,30.0561,-0.48502,-0.0206127,-0.00723314,21.1,0,1575.81,-231.671,0.137527,30.0561,0.00258185,0.02052912957109188,0.6170255713016947,-0.027762269571091878,-0.6376382713016947
48.36,2.7,0.0027884,30.0459,-0.503022,-0.00524304,-0.00766031,21.1,0,1576.4,-231.588,0.137959,30.0459,0.0027884,0.022164278208227528,0.6659456866165835,-0.029824588208227528,-0.6711887266165835
48.38,2.8,0.00289167,30.0249,-0.522452,0.0126941,-0.00772058,21.1,0,1577.0,-231.506,0.138424,30.0249,0.00289167,0.02296976350721433,0.6896648523277595,-0.03069034350721433,-0.6769707523277595
48.4,2.8,0.00289167,30.0591,-0.535807,0.0279223,-0.00824077,21.1,0,1577.59,-231.423,0.138898,30.0591,0.00289167,0.022994820005482475,0.6912035940267983,-0.031235590005482476,-0.6632812940267984
48.42,2.8,0.00289167,30.0369,-0.540707,0.0406869,-0.00632677,21.1,0,1578.19,-231.339,0.139367,30.0369,0.00289167,0.022978555679257138,0.6902045790822787,-0.029305325679257137,-0.6495176790822788
48.44,2.86051,0.00295416,29.9981,-0.541033,0.0527397,-0.00631159,21.1,0,1578.78,-231.256,0.139839,29.9981,0.00295416,0.023446089129374605,0.7033381263118923,-0.029757679129374603,-0.6505984263118922
48.46,2.9,0.00299494,29.9594,-0.539722,0.0614969,-0.0063264,21.1,0,1579.38,-231.172,0.140323,29.9594,0.00299494,0.023740373070722996,0.7112473329750185,-0.030066773070722995,-0.6497504329750186
48.48,2.9,0.00299494,29.9767,-0.53644,0.0640744,-0.00672186,21.1,0,1579.97,-231.088,0.140809,29.9767,0.00299494,0.023753504661784598,0.7120516831949184,-0.030475364661784597,-0.6479772831949184
48.5,2.9,0.00299494,29.9576,-0.532728,0.0637138,-0.006,21.1,0,1580.56,-231.004,0.141294,29.9576,0.00299494,0.023739006722225987,0.7111636677817572,-0.029739006722225986,-0.6474498677817572
48.52,2.9,0.00299494,29.93,-0.533138,0.0667714,-0.00586592,21.1,0,1581.16,-230.919,0.141779,29.93,0.00299494,0.023718054729207554,0.7098813780451821,-0.029583974729207554,-0.6431099780451821
48.54,2.9,0.00299494,29.9228,-0.539056,0.076407,-0.00588993,21.1,0,1581.75,-230.835,0.142264,29.9228,0.00299494,0.023712588585660586,0.7095470457310046,-0.029602518585660584,-0.6331400457310046
48.56,2.9,0.00299494,29.9628,-0.545934,0.092836,-0.00395004,21.1,0,1582.34,-230.75,0.142748,29.9628,0.00299494,0.02374295392253338,0.7114053797900832,-0.027692993922533382,-0.6185693797900832
48.58,2.9,0.00299494,29.9787,-0.548865,0.11541,-0.00424998,21.1,0,1582.94,-230.664,0.143233,29.9787,0.00299494,0.023755022702152052,0.7121446990810057,-0.028005002702152053,-0.5967346990810057
48.6,2.9,0.00299494,29.9689,-0.547075,0.141952,-0.00293093,21.1,0,1583.53,-230.579,0.143718,29.9689,0.00299494,0.0237475841802828,0.7116889755404773,-0.026678514180282803,-0.5697369755404773
48.62,2.9,0.00299494,29.9281,-0.541427,0.167739,-0.0024,21.1,0,1584.12,-230.493,0.144203,29.9281,0.00299494,0.023716612290982517,0.7097931443057539,-0.026116612290982517,-0.5420541443057539
48.64,2.9,0.00299494,29.9376,-0.53165,0.185426,-0.00264476,21.1,0,1584.71,-230.406,0.144688,29.9376,0.00299494,0.023723824365064913,0.7102343643115674,-0.026368584365064913,-0.5248083643115674
48.66,2.9,0.00299494,29.9599,-0.518427,0.189028,-0.0021196,21.1,0,1585.31,-230.32,0.145172,29.9599,0.00299494,0.023740752610106455,0.7112705741235285,-0.025860352610106455,-0.5222425741235285
48.68,2.95952,0.00305641,29.9379,-0.506047,0.179903,-0.00143321,21.1,0,1585.9,-230.233,0.14566,29.9379,0.00305641,0.0242109822234531,0.7248259647075165,-0.0256441922234531,-0.5449229647075164
48.7,3.0,0.00309822,29.9119,-0.499427,0.164482,-0.00317496,21.1,0,1586.49,-230.146,0.146158,29.9119,0.00309822,0.024521757510095787,0.7334923584662342,-0.027696717510095788,-0.5690103584662342
48.72,3.0,0.00309822,29.8962,-0.499018,0.146838,-0.00216712,21.1,0,1587.08,-230.059,0.146661,29.8962,0.00309822,0.02450942606888613,0.7327387036406335,-0.02667654606888613,-0.5859007036406335
48.74,3.0,0.00309822,29.9291,-0.502722,0.128352,-0.0036,21.1,0,1587.67,-229.971,0.147162,29.9291,0.00309822,0.024535266166032035,0.7343184346097893,-0.028135266166032034,-0.6059664346097893
48.76,3.0,0.00309822,29.8942,-0.511132,0.110607,-0.004,21.1,0,1588.27,-229.883,0.147663,29.8942,0.00309822,0.024507855125343075,0.732642722688031,-0.028507855125343075,-0.622035722688031
48.78,3.0,0.00309822,29.8819,-0.525829,0.0937508,-0.00527252,21.1,0,1588.86,-229.795,0.148163,29.8819,0.00309822,0.024498193527935228,0.7320525691824077,-0.029770713527935228,-0.6383017691824077
48.8,3.0,0.00309822,29.8564,-0.543689,0.075991,-0.00501949,21.1,0,1589.45,-229.707,0.148664,29.8564,0.00309822,0.024478161773038885,0.7308297891605582,-0.029497651773038883,-0.6548387891605582
48.82,3.0,0.00309822,29.8844,-0.557733,0.0570169,-0.00526246,21.1,0,1590.04,-229.618,0.149164,29.8844,0.00309822,0.024500157308278942,0.7321725010635312,-0.029762617308278942,-0.6751556010635311
48.84,3.0,0.00309822,29.8761,-0.564392,0.0395669,-0.00612302,21.1,0,1590.63,-229.529,0.149664,29.8761,0.00309822,0.024493637476925793,0.7317743626243827,-0.030616657476925793,-0.6922074626243827
48.86,3.0,0.00309822,29.8489,-0.566258,0.0279564,-0.006,21.1,0,1591.22,-229.44,0.150164,29.8489,0.00309822,0.024472269666194976,0.7304703300392872,-0.030472269666194977,-0.7025139300392872
48.88,3.0,0.00309822,29.8085,-0.566829,0.0258715,-0.00635226,21.1,0,1591.81,-229.351,0.150664,29.8085,0.00309822,0.024440527614173223,0.7285354673870825,-0.03079278761417322,-0.7026639673870825
48.9,2.90835,0.00300357,29.8399,-0.566039,0.0344744,-0.00704627,21.1,0,1592.4,-229.261,0.151159,29.8399,0.00300357,0.023717787401251467,0.7077364042746036,-0.030764057401251467,-0.6732620042746036
48.92,2.9,0.00299494,29.8757,-0.562253,0.0524085,-0.00538631,21.1,0,1592.99,-229.171,0.151639,29.8757,0.00299494,0.023676826753301915,0.707361773033622,-0.029063136753301917,-0.654953273033622
48.94,2.9,0.00299494,29.8778,-0.556471,0.0766916,-0.00613549,21.1,0,1593.58,-229.081,0.152123,29.8778,0.00299494,0.02367842138292188,0.7074591383946633,-0.02981391138292188,-0.6307675383946634
48.96,2.9,0.00299494,29.8545,-0.551343,0.101271,-0.00449286,21.1,0,1594.17,-228.99,0.152606,29.8545,0.00299494,0.023660727788299925,0.7063791977558002,-0.028153587788299926,-0.6051081977558002
48.98,2.9,0.00299494,29.8407,-0.545365,0.117659,-0.00556671,21.1,0,1594.76,-228.899,0.153089,29.8407,0.00299494,0.02365024749204461,0.7057399403358555,-0.029216957492044608,-0.5880809403358556
49.0,2.9,0.00299494,29.8415,-0.533792,0.122728,-0.00567975,21.1,0,1595.35,-228.808,0.153572,29.8415,0.00299494,0.023650855062268238,0.7057769913406776,-0.02933060506226824,-0.5830489913406776
49.02,2.9,0.00299494,29.8207,-0.518104,0.122594,-0.0040923,21.1,0,1595.94,-228.717,0.154055,29.8207,0.00299494,0.02363505756397156,0.7048139610979267,-0.02772735756397156,-0.5822199610979267
49.04,2.9,0.00299494,29.7868,-0.507084,0.123365,-0.0049229,21.1,0,1596.53,-228.625,0.154538,29.7868,0.00299494,0.023609307683675786,0.7032457261121139,-0.028532207683675787,-0.5798807261121139
49.06,2.9,0.00299494,29.7622,-0.506474,0.12347,-0.0055269,21.1,0,1597.12,-228.533,0.15502,29.7622,0.00299494,0.02359061960644443,0.7021087388509204,-0.02911751960644443,-0.5786387388509204
49.08,2.9,0.00299494,29.7914,-0.514921,0.120408,-0.0048,21.1,0,1597.71,-228.441,0.155502,29.7914,0.00299494,0.023612801985387625,0.7034584290674769,-0.028412801985387624,-0.583050429067477
49.1,2.9,0.00299494,29.7814,-0.528434,0.117307,-0.0047176,21.1,0,1598.29,-228.349,0.155984,29.7814,0.00299494,0.023605205590145333,0.7029960697623543,-0.02832280559014533,-0.5856890697623542
49.12,2.9,0.00299494,29.7675,-0.542611,0.116567,-0.00402295,21.1,0,1598.88,-228.256,0.156466,29.7675,0.00299494,0.023594646064566287,0.7023536267269769,-0.027617596064566288,-0.5857866267269769
49.14,2.9,0.00299494,29.7418,-0.552319,0.113987,-0.00363705,21.1,0,1599.47,-228.163,0.156948,29.7418,0.00299494,0.023575120695585525,0.7011665247039656,-0.027212170695585524,-0.5871795247039655
49.16,2.9,0.00299494,29.757,-0.553031,0.103916,-0.00482321,21.1,0,1600.06,-228.07,0.15743,29.757,0.00299494,0.023586669031150784,0.7018685103599539,-0.028409879031150782,-0.5979525103599539
49.18,2.9,0.00299494,29.7608,-0.544948,0.0858785,-0.00507564,21.1,0,1600.65,-227.977,0.157911,29.7608,0.00299494,0.023589555998600787,0.7020440581631583,-0.028665195998600786,-0.6161655581631583
49.2,2.9,0.00299494,29.7423,-0.534933,0.0647128,-0.00496344,21.1,0,1601.23,-227.883,0.158393,29.7423,0.00299494,0.023575500586896576,0.701189611105654,-0.028538940586896575,-0.636476811105654
49.22,2.9,0.00299494,29.6971,-0.529982,0.0471344,-0.00635352,21.1,0,1601.82,-227.789,0.158874,29.6971,0.00299494,0.023541155156356828,0.6991040387938443,-0.029894675156356826,-0.6519696387938443
49.24,2.9,0.00299494,29.7197,-0.530252,0.0386161,-0.00487316,21.1,0,1602.41,-227.695,0.159355,29.7197,0.00299494,0.02355832869456123,0.7001464613037515,-0.028431488694561233,-0.6615303613037514
49.26,2.9,0.00299494,29.7437,-0.532804,0.0415874,-0.00609817,21.1,0,1602.99,-227.6,0.159836,29.7437,0.00299494,0.02357656427827891,0.7012542549238445,-0.02967473427827891,-0.6596668549238445
49.28,2.9,0.00299494,29.7167,-0.537168,0.0543166,-0.0052677,21.1,0,1603.58,-227.506,0.160317,29.7167,0.00299494,0.02355604911606315,0.7000080447673138,-0.02882374911606315,-0.6456914447673138
49.3,2.9,0.00299494,29.6854,-0.541815,0.070437,-0.00567204,21.1,0,1604.17,-227.411,0.160798,29.6854,0.00299494,0.023532263784592673,0.6985646633511474,-0.029204303784592673,-0.6281276633511474
49.32,2.9,0.00299494,29.7047,-0.541804,0.0812144,-0.00404643,21.1,0,1604.75,-227.315,0.161279,29.7047,0.00299494,0.023546930512105976,0.6994545067829544,-0.027593360512105976,-0.6182401067829544
49.34,2.9,0.00299494,29.7274,-0.534977,0.0803743,-0.00498563,21.1,0,1605.34,-227.22,0.16176,29.7274,0.00299494,0.023564179479953817,0.7005017890723791,-0.028549809479953815,-0.6201274890723791
49.36,2.9,0.00299494,29.7122,-0.524935,0.067839,-0.00395837,21.1,0,1605.93,-227.124,0.162241,29.7122,0.00299494,0.023552629693943682,0.6998004439923935,-0.02751099969394368,-0.6319614439923935
49.38,2.9,0.00299494,29.6838,-0.516038,0.0482058,-0.00436044,21.1,0,1606.51,-227.028,0.162722,29.6838,0.00299494,0.023531047836249767,0.6984909177616708,-0.027891487836249767,-0.6502851177616709
49.4,2.9,0.00299494,29.6507,-0.509821,0.0248235,-0.00592921,21.1,0,1607.1,-226.932,0.163202,29.6507,0.00299494,0.02350589105682446,0.696966123958585,-0.02943510105682446,-0.672142623958585
49.42,2.8,0.00289167,29.6878,-0.506179,-0.00137557,-0.00489087,21.1,0,1607.68,-226.835,0.163678,29.6878,0.00289167,0.022722592627990066,0.6745837854212434,-0.027613462627990068,-0.6759593554212434
49.44,2.8,0.00289167,29.669,-0.505175,-0.0271113,-0.0064509,21.1,0,1608.27,-226.738,0.164138,29.669,0.00289167,0.02270879752616222,0.6737473138037069,-0.02915969752616222,-0.7008586138037068
49.46,2.8,0.00289167,29.6353,-0.507088,-0.0469441,-0.00773276,21.1,0,1608.85,-226.641,0.164602,29.6353,0.00289167,0.0226840663244823,0.6722491107459304,-0.030416826324482303,-0.7191932107459305
49.48,2.8,0.00289167,29.6013,-0.510292,-0.0585614,-0.00815868,21.1,0,1609.44,-226.544,0.165065,29.6013,0.00289167,0.02265911139174353,0.6707391540404177,-0.03081779139174353,-0.7293005540404177
49.5,2.8,0.00289167,29.6454,-0.51104,-0.063271,-0.00843981,21.1,0,1610.02,-226.447,0.165527,29.6454,0.00289167,0.022691478716402255,0.6726979631392314,-0.031131288716402257,-0.7359689631392313
49.52,2.8,0.00289167,29.6526,-0.508539,-0.0618338,-0.00838595,21.1,0,1610.61,-226.349,0.165991,29.6526,0.00289167,0.022696762604423538,0.6730180228039294,-0.031082712604423537,-0.7348518228039295
49.54,2.8,0.00289167,29.6456,-0.506517,-0.0530082,-0.00819578,21.1,0,1611.19,-226.251,0.166454,29.6456,0.00289167,0.02269162549324288,0.6727068527224812,-0.03088740549324288,-0.7257150527224812
49.56,2.8,0.00289167,29.6021,-0.506654,-0.0368394,-0.00897107,21.1,0,1611.78,-226.152,0.166917,29.6021,0.00289167,0.02265969860782125,0.6707746641585854,-0.03163076860782125,-0.7076140641585854
49.58,2.8,0.00289167,29.5949,-0.505866,-0.0173797,-0.00936701,21.1,0,1612.36,-226.054,0.16738,29.5949,0.00289167,0.02265441359168801,0.6704551048046474,-0.03202142359168801,-0.6878348048046474
49.6,2.8,0.00289167,29.5891,-0.502283,0.00206502,-0.0107666,21.1,0,1612.94,-225.955,0.167842,29.5891,0.00289167,0.022650156100708644,0.6701977338794781,-0.03341675610070864,-0.6681327138794781
49.62,2.8,0.00289167,29.5524,-0.499375,0.0246562,-0.00715424,21.1,0,1613.53,-225.856,0.168305,29.5524,0.00289167,0.022623214043024704,0.6685702706850832,-0.029777454043024704,-0.6439140706850832
49.64,2.9,0.00299494,29.4953,-0.501917,0.0534503,-0.00715843,21.1,0,1614.11,-225.757,0.168771,29.4953,0.00299494,0.023387736351247353,0.6898283000009461,-0.030546166351247354,-0.6363780000009461
49.66,2.91108,0.00300639,29.4863,-0.509799,0.0836157,-0.00737783,21.1,0,1614.69,-225.658,0.169253,29.4863,0.00300639,0.023470279415410234,0.6920516999266108,-0.030848109415410233,-0.6084359999266108
49.68,2.9,0.00299494,29.5662,-0.518967,0.109315,-0.0071633,21.1,0,1615.27,-225.558,0.169732,29.5662,0.00299494,0.023441653096281188,0.6930806037752688,-0.03060495309628119,-0.5837656037752688
49.7,2.8973,0.00299215,29.5531,-0.527213,0.130161,-0.00642163,21.1,0,1615.86,-225.458,0.17021,29.5531,0.00299215,0.0234098638384095,0.6918340470028999,-0.029831493838409502,-0.5616730470028999
49.72,2.9,0.00299494,29.5267,-0.535171,0.145663,-0.00611759,21.1,0,1616.44,-225.358,0.170688,29.5267,0.00299494,0.02341161684060539,0.6912677869675032,-0.02952920684060539,-0.5456047869675033
49.74,2.9,0.00299494,29.4989,-0.542189,0.153209,-0.00576936,21.1,0,1617.02,-225.258,0.171166,29.4989,0.00299494,0.023390474401999477,0.6899932653371423,-0.029159834401999478,-0.5367842653371423
49.76,2.9,0.00299494,29.501,-0.544734,0.154714,-0.0058963,21.1,0,1617.6,-225.157,0.171643,29.501,0.00299494,0.023392071579109466,0.6900895036553084,-0.029288371579109466,-0.5353755036553084
49.78,2.9,0.00299494,29.5075,-0.541792,0.157307,-0.00585739,21.1,0,1618.18,-225.056,0.172121,29.5075,0.00299494,0.0233970151330474,0.6903874240383961,-0.0292544051330474,-0.5330804240383962
49.8,2.9,0.00299494,29.493,-0.538222,0.16528,-0.00363143,21.1,0,1618.76,-224.955,0.172598,29.493,0.00299494,0.02338598701932287,0.6897229151608893,-0.02701741701932287,-0.5244429151608894
49.82,2.9,0.00299494,29.4491,-0.537127,0.176006,-0.00414882,21.1,0,1619.34,-224.854,0.173076,29.4491,0.00299494,0.023352594351973597,0.6877128863307057,-0.027501414351973598,-0.5117068863307057
49.84,2.9,0.00299494,29.4373,-0.534706,0.184359,-0.00333124,21.1,0,1619.92,-224.752,0.173552,29.4373,0.00299494,0.023343617595418822,0.6871730742416226,-0.02667485759541882,-0.5028140742416225
49.86,2.9,0.00299494,29.4336,-0.528019,0.18784,-0.0034197,21.1,0,1620.5,-224.65,0.174029,29.4336,0.00299494,0.02334080275806817,0.6870038520598752,-0.026760502758068173,-0.49916385205987523
49.88,2.9,0.00299494,29.4003,-0.520364,0.187375,-0.00327732,21.1,0,1621.08,-224.548,0.174505,29.4003,0.00299494,0.023315467253828413,0.6854817319027315,-0.026592787253828413,-0.4981067319027315
49.9,2.97877,0.0030763,29.4216,-0.515334,0.185,-0.000535239,21.1,0,1621.66,-224.446,0.174984,29.4216,0.0030763,0.023965501229366012,0.7051033909699151,-0.024500740229366012,-0.5201033909699151
49.92,3.0,0.00309822,29.4353,-0.510807,0.180837,-0.00225582,21.1,0,1622.24,-224.343,0.175478,29.4353,0.00309822,0.02414704937239844,0.7107756423913598,-0.026402869372398437,-0.5299386423913598
49.94,2.92941,0.00302531,29.4642,-0.501092,0.173722,-0.00183525,21.1,0,1622.82,-224.24,0.175969,29.4642,0.00302531,0.02360100433391453,0.6953847118953246,-0.02543625433391453,-0.5216627118953245
49.96,2.9,0.00299494,29.4618,-0.484212,0.166011,-0.00267989,21.1,0,1623.4,-224.137,0.176446,29.4618,0.00299494,0.0233622552790139,0.6882940925792518,-0.0260421452790139,-0.5222830925792518
49.98,2.9,0.00299494,29.4153,-0.465382,0.163557,-0.00279228,21.1,0,1623.98,-224.034,0.176922,29.4153,0.00299494,0.02332688008150127,0.6861671756613842,-0.02611916008150127,-0.5226101756613841
50.0,2.9,0.00299494,29.3883,-0.451148,0.167599,-0.00188331,21.1,0,1624.56,-223.93,0.177398,29.3883,0.00299494,0.02330633647449271,0.6849336082133342,-0.02518964647449271,-0.5173346082133341
50.02,2.9,0.00299494,29.4299,-0.442798,0.171433,-0.00462802,21.1,0,1625.14,-223.826,0.177874,29.4299,0.00299494,0.023337987876969644,0.6868346494204289,-0.027966007876969644,-0.515401649420429
50.04,2.72907,0.00281842,29.4639,-0.439645,0.169744,-0.00503255,21.1,0,1625.72,-223.722,0.178343,29.4639,0.00281842,0.021986793464227772,0.6478166839506606,-0.027019343464227772,-0.4780726839506606
50.06,2.8,0.00289167,29.4645,-0.444613,0.16464,-0.00323968,21.1,0,1626.3,-223.617,0.178788,29.4645,0.00289167,0.02255866829876691,0.6646798820890176,-0.025798348298766913,-0.5000398820890176
50.08,2.8,0.00289167,29.4592,-0.459654,0.157246,-0.00251996,21.1,0,1626.88,-223.512,0.179251,29.4592,0.00289167,0.02255477569873922,0.6644456482642984,-0.02507473569873922,-0.5071996482642984
50.1,2.7,0.0027884,29.4506,-0.479101,0.144057,-0.00302863,21.1,0,1627.46,-223.407,0.179707,29.4506,0.0027884,0.02174318348735451,0.6403497996126828,-0.02477181348735451,-0.4962927996126828
50.12,2.6,0.00268512,29.4705,-0.494596,0.12708,-0.00246395,21.1,0,1628.04,-223.302,0.180143,29.4705,0.00268512,0.020951401938330175,0.6174482908235595,-0.023415351938330175,-0.4903682908235595
50.14,2.6,0.00268512,29.4489,-0.502884,0.115711,-0.00132021,21.1,0,1628.62,-223.196,0.180567,29.4489,0.00268512,0.020936670797175833,0.6165619246389513,-0.022256880797175832,-0.5008509246389513
50.16,2.6,0.00268512,29.4152,-0.503812,0.114365,-0.00127308,21.1,0,1629.2,-223.09,0.180994,29.4152,0.00268512,0.02091368481845602,0.6151802216718475,-0.02218676481845602,-0.5008152216718476
50.18,2.6,0.00268512,29.3926,-0.49643,0.118116,-0.00268669,21.1,0,1629.77,-222.984,0.181421,29.3926,0.00268512,0.020898268067191743,0.6142544339917401,-0.02358495806719174,-0.49613843399174007
50.2,2.41612,0.00249522,29.4041,-0.482342,0.123438,-0.00378202,21.1,0,1630.35,-222.878,0.18184,29.4041,0.00249522,0.01942756164197099,0.5712499652766792,-0.02320958164197099,-0.44781196527667916
50.22,2.4,0.00247857,29.3672,-0.468928,0.134458,-0.00126349,21.1,0,1630.93,-222.772,0.182228,29.3672,0.00247857,0.019274688615344825,0.5660436355045546,-0.020538178615344824,-0.43158563550455464
50.24,2.4,0.00247857,29.3311,-0.463891,0.15365,-0.000847092,21.1,0,1631.51,-222.665,0.182621,29.3311,0.00247857,0.019251951851683997,0.5646809249569285,-0.020099043851683998,-0.41103092495692845
50.26,2.32035,0.00239632,29.3079,-0.467161,0.174077,-0.00163065,21.1,0,1632.09,-222.558,0.18301,29.3079,0.00239632,0.01859895493938593,0.545096311468029,-0.020229604939385932,-0.3710193114680289
50.28,2.22775,0.00230069,29.3149,-0.472425,0.187603,-0.00143259,21.1,0,1632.66,-222.452,0.183383,29.3149,0.00230069,0.017860816352522953,0.5235880452925752,-0.019293406352522954,-0.3359850452925752
50.3,2.01692,0.00208296,29.3141,-0.476067,0.193571,-0.000655934,21.1,0,1633.24,-222.345,0.183735,29.3141,0.00208296,0.01617009673186037,0.4740118326074281,-0.01682603073186037,-0.2804408326074281
50.32,1.8135,0.00187288,29.2984,-0.479421,0.194009,-0.00246496,21.1,0,1633.81,-222.237,0.184048,29.2984,0.00187288,0.014531760557293289,0.4257573335118017,-0.016996720557293288,-0.23174833351180174
50.34,1.8,0.00185893,29.267,-0.483123,0.188061,-0.00284808,21.1,0,1634.39,-222.13,0.184336,29.267,0.00185893,0.01440868506393261,0.4216989857661157,-0.01725676506393261,-0.2336379857661157
50.36,1.8,0.00185893,29.3061,-0.48547,0.175197,-0.00463614,21.1,0,1634.97,-222.023,0.184629,29.3061,0.00185893,0.014427159594625929,0.4228037817960669,-0.01906329959462593,-0.24760678179606693
50.38,1.8,0.00185893,29.3442,-0.486688,0.159276,-0.00492606,21.1,0,1635.54,-221.915,0.184924,29.3442,0.00185893,0.0144451587248637,0.4238816266541454,-0.0193712187248637,-0.26460562665414544
50.4,1.8,0.00185893,29.3226,-0.489331,0.14692,-0.00612894,21.1,0,1636.12,-221.807,0.185219,29.3226,0.00185893,0.014434954845868559,0.4232704069634654,-0.02056389484586856,-0.2763504069634654
50.42,1.8,0.00185893,29.2626,-0.492943,0.141334,-0.0069972,21.1,0,1636.69,-221.699,0.185513,29.2626,0.00185893,0.014406605899657709,0.42157474579932364,-0.021403805899657707,-0.2802407457993237
50.44,1.8,0.00185893,29.2182,-0.492925,0.138973,-0.00834315,21.1,0,1637.27,-221.591,0.185807,29.2182,0.00185893,0.014385623104798444,0.4203220130006219,-0.022728773104798445,-0.2813490130006219
50.46,1.7,0.00175566,29.2918,-0.487282,0.135192,-0.00835207,21.1,0,1637.84,-221.483,0.186097,29.2918,0.00175566,0.013619298232700899,0.39893375997262814,-0.0219713682327009,-0.26374175997262816
50.48,1.8,0.00185893,29.3212,-0.480761,0.130084,-0.00876953,21.1,0,1638.42,-221.375,0.186375,29.3212,0.00185893,0.014434293451504923,0.4232308051502662,-0.023203823451504922,-0.29314680515026614
50.5,1.8,0.00185893,29.3046,-0.479551,0.124525,-0.00731718,21.1,0,1639.0,-221.266,0.186673,29.3046,0.00185893,0.01442645090874148,0.4227613733003056,-0.02174363090874148,-0.2982363733003056
50.52,1.8,0.00185893,29.2697,-0.484082,0.114839,-0.00646888,21.1,0,1639.57,-221.157,0.186968,29.2697,0.00185893,0.014409960895819446,0.4217752324323664,-0.020878840895819446,-0.30693623243236645
50.54,1.73217,0.00178888,29.2966,-0.489168,0.0969735,-0.008,21.1,0,1640.15,-221.048,0.187259,29.2966,0.00178888,0.013879180934749704,0.4066128121729882,-0.021879180934749706,-0.30963931217298823
50.56,1.7,0.00175566,29.3129,-0.49115,0.073879,-0.00683668,21.1,0,1640.72,-220.939,0.187538,29.3129,0.00175566,0.013628713393702908,0.39949711283827394,-0.02046539339370291,-0.3256181128382739
50.58,1.8,0.00185893,29.2994,-0.492328,0.0533615,-0.0064,21.1,0,1641.3,-220.83,0.187819,29.2994,0.00185893,0.01442399409658877,0.422614372633593,-0.02082399409658877,-0.369252872633593
50.6,1.81712,0.00187662,29.277,-0.495658,0.0388811,-0.0052,21.1,0,1641.87,-220.72,0.188118,29.277,0.00187662,0.014550571900996826,0.4259970935454841,-0.019750571900996827,-0.3871159935454841
50.62,1.8,0.00185893,29.2875,-0.498271,0.0276467,-0.0064,21.1,0,1642.45,-220.611,0.188415,29.2875,0.00185893,0.014418371575470212,0.42227805751658387,-0.020818371575470212,-0.39463135751658385
50.64,1.8,0.00185893,29.3009,-0.495211,0.0175891,-0.00549264,21.1,0,1643.02,-220.501,0.188709,29.3009,0.00185893,0.014424702797884856,0.4226567742105444,-0.019917342797884856,-0.40506767421054435
50.66,1.8,0.00185893,29.2799,-0.486597,0.00988869,-0.00598304,21.1,0,1643.6,-220.391,0.189003,29.2799,0.00185893,0.014414780575295745,0.42206333376660193,-0.020397820575295746,-0.41217464376660196
50.68,1.8,0.00185893,29.2501,-0.476048,0.00412397,-0.0052,21.1,0,1644.17,-220.281,0.189297,29.2501,0.00185893,0.014400698974532514,0.4212218850749735,-0.019600698974532513,-0.4170979150749735
50.7,1.8,0.00185893,29.2269,-0.465608,-0.00408497,-0.0037926,21.1,0,1644.75,-220.171,0.189591,29.2269,0.00185893,0.014389734904619521,0.42056734308382426,-0.01818233490461952,-0.4246523130838243
50.72,1.6188,0.0016718,29.2649,-0.456872,-0.0202303,-0.00321196,21.1,0,1645.32,-220.06,0.189877,29.2649,0.0016718,0.012957333206985663,0.37919506056911473,-0.016169293206985662,-0.3994253605691147
50.74,1.29479,0.00133718,29.2515,-0.453784,-0.0438268,-0.00811564,21.1,0,1645.9,-219.95,0.190121,29.2515,0.00133718,0.01035929304313921,0.3030248604513866,-0.01847493304313921,-0.3468516604513866
50.76,1.2,0.00123929,29.2151,-0.459586,-0.0622207,-0.000920239,21.1,0,1646.47,-219.839,0.190315,29.2151,0.00123929,0.009589458286118997,0.2801569827747951,-0.010509697286118997,-0.34237768277479513
50.78,1.22592,0.00126606,29.1944,-0.470682,-0.0604258,-0.00475584,21.1,0,1647.05,-219.729,0.190508,29.1944,0.00126606,0.009789937582544024,0.28581135375982325,-0.014545777582544023,-0.3462371537598232
50.8,1.12014,0.00115681,29.1718,-0.477749,-0.0337395,-0.0125146,21.1,0,1647.62,-219.618,0.190705,29.1718,0.00115681,0.008938502064763695,0.26075219453287357,-0.021453102064763696,-0.29449169453287355
50.82,1.2,0.00123929,29.1719,-0.475985,0.0147747,-0.00681344,21.1,0,1648.19,-219.507,0.190886,29.1719,0.00123929,0.009575845134621935,0.2793455966826776,-0.016389285134621935,-0.26457089668267764
50.84,1.4701,0.00151823,29.2548,-0.467819,0.0671083,-0.00624325,21.1,0,1648.76,-219.397,0.191096,29.2548,0.00151823,0.011763184663750016,0.34412961470107395,-0.018006434663750015,-0.27702131470107394
50.86,1.23805,0.00127859,29.1523,-0.451842,0.0896773,-0.0163124,21.1,0,1649.34,-219.285,0.191337,29.1523,0.00127859,0.00987313881210422,0.28782470459210585,-0.026185538812104222,-0.19814740459210584
50.88,0.9,0.000929465,29.096,-0.422537,0.0693844,-0.0112292,21.1,0,1649.91,-219.175,0.191516,29.096,0.000929465,0.007163920367725467,0.20844142701934018,-0.018393120367725467,-0.1390570270193402
50.9,1.0,0.00103274,29.1187,-0.388222,0.0243475,-0.00526306,21.1,0,1650.48,-219.064,0.191652,29.1187,0.00103274,0.007965883753597917,0.23195617925589165,-0.013228943753597917,-0.20760867925589166
50.92,1.1,0.00113601,29.1961,-0.37302,-0.0297383,-0.0107831,21.1,0,1651.05,-218.953,0.191823,29.1961,0.00113601,0.008784802884358043,0.25648198349200585,-0.019567902884358043,-0.28622028349200584
50.94,1.0,0.00103274,29.1634,-0.390106,-0.0863404,-0.0106483,21.1,0,1651.63,-218.841,0.192002,29.1634,0.00103274,0.00797762448804091,0.23265465399453228,-0.01862592448804091,-0.31899505399453226
50.96,1.07911,0.00111444,29.1239,-0.424441,-0.134728,-0.00584922,21.1,0,1652.2,-218.73,0.192164,29.1239,0.00111444,0.008597538829389307,0.25039386111325124,-0.014446758829389308,-0.3851218611132512
50.98,1.02893,0.00106262,29.1079,-0.451534,-0.17198,-0.00947412,21.1,0,1652.77,-218.619,0.19234,29.1079,0.00106262,0.008193439686812734,0.23849382305977637,-0.017667559686812735,-0.41047382305977637
51.0,0.816672,0.000843409,29.1207,-0.464183,-0.206717,-0.0115627,21.1,0,1653.34,-218.508,0.192497,29.1207,0.000843409,0.006505936003073114,0.18945741056469123,-0.018068636003073114,-0.39617441056469127
51.02,0.520174,0.000537204,29.1544,-0.471847,-0.235324,-0.00540523,21.1,0,1653.91,-218.396,0.192609,29.1544,0.000537204,0.004148518377175843,0.1209475641755354,-0.009553748377175843,-0.3562715641755354
51.04,0.6,0.000619644,29.0576,-0.481198,-0.241802,-0.00560949,21.1,0,1654.49,-218.284,0.192685,29.0576,0.000619644,0.00476989807183231,0.13860179021207453,-0.01037938807183231,-0.3804037902120745
51.06,0.516512,0.000533422,29.0113,-0.486873,-0.226959,-0.00936752,21.1,0,1655.06,-218.173,0.192782,29.0113,0.000533422,0.004099893811670331,0.11894324933851147,-0.013467413811670333,-0.34590224933851144
51.08,0.5,0.00051637,28.987,-0.482201,-0.208791,-0.00825364,21.1,0,1655.63,-218.062,0.192862,28.987,0.00051637,0.0039656385700407555,0.11495196522977137,-0.012219278570040754,-0.32374296522977136
51.1,0.579949,0.000598936,28.9734,-0.472884,-0.195159,-0.00857894,21.1,0,1656.19,-217.951,0.192945,28.9734,0.000598936,0.004597659284323276,0.133209821508412,-0.013176599284323277,-0.328368821508412
51.12,0.6,0.000619644,28.9598,-0.472273,-0.181968,-0.0101613,21.1,0,1656.76,-217.84,0.193043,28.9598,0.000619644,0.004754476939543135,0.13768870127378127,-0.014915776939543135,-0.31965670127378126
51.14,0.430238,0.000444324,28.9466,-0.485574,-0.169516,-0.00987905,21.1,0,1657.33,-217.729,0.193134,28.9466,0.000444324,0.0034077681071601773,0.09864330029072278,-0.013286818107160177,-0.26815930029072277
51.16,0.2,0.000206548,28.9568,-0.50606,-0.160419,-0.0121554,21.1,0,1657.9,-217.618,0.193187,28.9568,0.000206548,0.0015846677530561343,0.04588690719169587,-0.013740067753056135,-0.2063059071916959
51.18,0.2,0.000206548,28.9512,-0.524908,-0.151558,-0.0138,21.1,0,1658.47,-217.506,0.19321,28.9512,0.000206548,0.00158437334992582,0.0458695097283724,-0.015384373349925819,-0.1974275097283724
51.2,0.3,0.000309822,28.95,-0.538512,-0.138763,-0.0151391,21.1,0,1659.04,-217.395,0.193247,28.95,0.000309822,0.002376465436225207,0.06879867437871974,-0.01751556543622521,-0.20756167437871975
51.22,0.3,0.000309822,28.965,-0.546587,-0.122424,-0.0149206,21.1,0,1659.6,-217.284,0.193299,28.965,0.000309822,0.0023776482888539876,0.06886858268665574,-0.017298248288853988,-0.19129258268665575
51.24,0.3,0.000309822,29.0073,-0.548633,-0.105032,-0.0190158,21.1,0,1660.17,-217.173,0.193348,29.0073,0.000309822,0.0023809835380626276,0.06906590378364406,-0.021396783538062628,-0.17409790378364406
51.26,0.3,0.000309822,29.0341,-0.544456,-0.0879878,-0.018674,21.1,0,1660.74,-217.061,0.193396,29.0341,0.000309822,0.0023830963488295216,0.0691910577015512,-0.02105709634882952,-0.1571788577015512
51.28,0.3,0.000309822,29.0193,-0.535832,-0.072829,-0.0182,21.1,0,1661.31,-216.95,0.193445,29.0193,0.000309822,0.0023819296017324816,0.06912192969155541,-0.020581929601732482,-0.14195092969155543
51.3,0.3,0.000309822,28.9993,-0.525691,-0.0616482,-0.0182419,21.1,0,1661.88,-216.838,0.193493,28.9993,0.000309822,0.0023803528028340315,0.06902856503522493,-0.02062225280283403,-0.13067676503522493
51.32,0.385933,0.000398568,29.0153,-0.516198,-0.0542184,-0.0157969,21.1,0,1662.45,-216.727,0.193545,29.0153,0.000398568,0.0030638084101266526,0.08889732016234786,-0.01886070841012665,-0.14311572016234786
51.34,0.47106,0.000486482,29.0402,-0.508082,-0.0475267,-0.0158579,21.1,0,1663.02,-216.615,0.193615,29.0402,0.000486482,0.0037426892411152935,0.10868844409983634,-0.019600589241115296,-0.15621514409983633
51.36,0.683772,0.000706158,29.0217,-0.500734,-0.0391175,-0.0144325,21.1,0,1663.59,-216.503,0.193703,29.0217,0.000706158,0.005429415856800201,0.1575708781712984,-0.0198619158568002,-0.1966883781712984
51.38,0.974143,0.00100604,29.0242,-0.492507,-0.0296299,-0.0126274,21.1,0,1664.16,-216.391,0.193834,29.0242,0.00100604,0.007735750906847746,0.22452398147053035,-0.020363150906847746,-0.25415388147053036
51.4,1.2,0.00123929,29.0425,-0.482823,-0.0231393,-0.0137007,21.1,0,1664.73,-216.28,0.194013,29.0425,0.00123929,0.00953505406351542,0.2769218076396466,-0.02323575406351542,-0.30006110763964655
51.42,1.2,0.00123929,29.0869,-0.47415,-0.0246079,-0.0135635,21.1,0,1665.3,-216.168,0.194217,29.0869,0.00123929,0.009549052852329203,0.27775234541041427,-0.023112552852329202,-0.3023602454104143
51.44,1.2,0.00123929,29.0727,-0.468962,-0.0352964,-0.0116289,21.1,0,1665.87,-216.055,0.194412,29.0727,0.00123929,0.009544576042688269,0.27748659591626323,-0.021173476042688266,-0.31278299591626324
51.46,1.2,0.00123929,29.0468,-0.46568,-0.0524395,-0.0108572,21.1,0,1666.44,-215.943,0.194606,29.0468,0.00123929,0.009536409914817431,0.27700219151371896,-0.02039360991481743,-0.32944169151371894
51.48,1.2,0.00123929,29.0011,-0.460065,-0.0727758,-0.00958814,21.1,0,1667.01,-215.831,0.194801,29.0011,0.00123929,0.009521998817264806,0.2761484398993784,-0.019110138817264807,-0.3489242398993784
51.5,1.2,0.00123929,29.002,-0.450004,-0.0932287,-0.0091422,21.1,0,1667.58,-215.718,0.194995,29.002,0.00123929,0.009522282650768252,0.2761652414375808,-0.01866448265076825,-0.3693939414375808
51.52,1.2,0.00123929,29.0127,-0.438071,-0.109846,-0.00900838,21.1,0,1668.15,-215.606,0.195189,29.0127,0.00123929,0.009525657034725712,0.27636502985138667,-0.01853403703472571,-0.38621102985138667
51.54,1.2,0.00123929,28.9854,-0.42807,-0.119732,-0.00825832,21.1,0,1668.72,-215.493,0.195384,28.9854,0.00123929,0.009517047329390942,0.2758554236613282,-0.017775367329390942,-0.3955874236613282
51.56,1.11942,0.00115607,28.9432,-0.419945,-0.124454,-0.00809644,21.1,0,1669.28,-215.381,0.195575,28.9432,0.00115607,0.0088655472797865,0.2565973080283166,-0.016961987279786497,-0.3810513080283166
51.58,1.0,0.00103274,28.9294,-0.41188,-0.128846,-0.0088122,21.1,0,1669.85,-215.268,0.195747,28.9294,0.00103274,0.007916138780364452,0.22900914523267538,-0.01672833878036445,-0.35785514523267536
51.6,0.9,0.000929465,28.9503,-0.406224,-0.135189,-0.00786004,21.1,0,1670.42,-215.156,0.1959,28.9503,0.000929465,0.007129461436432623,0.20640004742315535,-0.014989501436432623,-0.3415890474231553
51.62,0.9,0.000929465,28.9354,-0.407989,-0.141565,-0.00916129,21.1,0,1670.99,-215.043,0.196041,28.9354,0.000929465,0.007125936325091008,0.20619181794103836,-0.016287226325091008,-0.34775681794103835
51.64,0.9,0.000929465,28.8904,-0.417304,-0.146357,-0.00762431,21.1,0,1671.56,-214.93,0.196187,28.8904,0.000929465,0.00711528869907505,0.2055635366317578,-0.01473959869907505,-0.3519205366317578
51.66,0.9,0.000929465,28.8555,-0.427917,-0.150077,-0.007,21.1,0,1672.12,-214.817,0.196332,28.8555,0.000929465,0.007107029512832928,0.20507689010755054,-0.014107029512832929,-0.3551538901075505
51.68,0.8,0.000826191,28.8768,-0.434535,-0.152101,-0.00915026,21.1,0,1672.69,-214.705,0.196473,28.8768,0.000826191,0.006321839088519858,0.18255448299137023,-0.015472099088519858,-0.3346554829913702
51.7,0.7,0.000722917,28.878,-0.438777,-0.149879,-0.00932984,21.1,0,1673.25,-214.592,0.196594,28.878,0.000722917,0.005531828822892228,0.15974815274748178,-0.014861668822892228,-0.30962715274748176
51.72,0.7,0.000722917,28.8357,-0.445352,-0.143241,-0.0090398,21.1,0,1673.82,-214.479,0.196702,28.8357,0.000722917,0.005524042429248883,0.159289630277092,-0.014563842429248883,-0.30253063027709204
51.74,0.7,0.000722917,28.7743,-0.45397,-0.136335,-0.00878724,21.1,0,1674.39,-214.366,0.196815,28.7743,0.000722917,0.005512737781654667,0.1586251707506659,-0.014299977781654667,-0.29496017075066594
51.76,0.6,0.000619644,28.7867,-0.459703,-0.132459,-0.0102,21.1,0,1674.95,-214.254,0.196923,28.7867,0.000619644,0.0047271672075887925,0.1360795442546963,-0.014927167207588793,-0.26853854425469625
51.78,0.5,0.00051637,28.8499,-0.461283,-0.129777,-0.00983859,21.1,0,1675.51,-214.141,0.197012,28.8499,0.00051637,0.003947616875710787,0.11388835210256865,-0.013786206875710787,-0.24366535210256865
51.8,0.5,0.00051637,28.8252,-0.462928,-0.125724,-0.0102495,21.1,0,1676.08,-214.028,0.197088,28.8252,0.00051637,0.0039443689956191845,0.1136972251725221,-0.014193868995619184,-0.23942122517252212
51.82,0.6,0.000619644,28.8222,-0.466223,-0.121864,-0.0113111,21.1,0,1676.65,-213.915,0.197173,28.8222,0.000619644,0.004732769577606861,0.13640883131970047,-0.01604386957760686,-0.25827283131970047
51.84,0.431143,0.000445258,28.8361,-0.466122,-0.119633,-0.0115771,21.1,0,1677.21,-213.803,0.197267,28.8361,0.000445258,0.003402405262697076,0.09811209839565915,-0.014979505262697076,-0.21774509839565914
51.86,0.485047,0.000500927,28.8745,-0.459034,-0.115624,-0.0102223,21.1,0,1677.78,-213.689,0.197331,28.8745,0.000500927,0.003832693742551539,0.11066711546930441,-0.01405499374255154,-0.22629111546930442
51.88,0.6,0.000619644,28.8755,-0.450773,-0.106162,-0.00942114,21.1,0,1678.34,-213.576,0.197416,28.8755,0.000619644,0.004741179486588767,0.13690392826499395,-0.014162319486588767,-0.24306592826499396
51.9,0.5,0.00051637,28.8477,-0.451407,-0.0912502,-0.0146509,21.1,0,1678.91,-213.463,0.197514,28.8477,0.00051637,0.003947327604242408,0.11387132252890372,-0.018598227604242408,-0.20512152252890373
51.92,0.6,0.000619644,28.837,-0.463431,-0.0711503,-0.00907568,21.1,0,1679.47,-213.35,0.197594,28.837,0.000619644,0.0047351049719493955,0.13654622207610473,-0.013810784971949396,-0.20769652207610473
51.94,0.529123,0.000546446,28.8149,-0.478766,-0.0461501,-0.00967578,21.1,0,1680.04,-213.237,0.197692,28.8149,0.000546446,0.004172675668160452,0.12023523211047663,-0.013848455668160453,-0.16638533211047662
51.96,0.414783,0.000428362,28.7391,-0.488537,-0.0184266,-0.0127182,21.1,0,1680.6,-213.123,0.19777,28.7391,0.000428362,0.003262712618883378,0.0937674242253513,-0.01598091261888338,-0.1121940242253513
51.98,0.5,0.00051637,28.7768,-0.493482,0.00874599,-0.0106242,21.1,0,1681.17,-213.01,0.197835,28.7768,0.00051637,0.0039380037716043835,0.11332314693470504,-0.014562203771604384,-0.10457715693470504
52.0,0.6,0.000619644,28.9264,-0.500834,0.0272681,-0.00942654,21.2,0,1681.73,-212.897,0.197923,28.9264,0.000619644,0.004749208988558767,0.13737751888664634,-0.014175748988558768,-0.11010941888664634
52.02,0.6,0.000619644,28.9546,-0.512206,0.0266525,-0.0135884,21.2,0,1682.3,-212.784,0.198024,28.9546,0.000619644,0.004753656827290683,0.13764023197147082,-0.018342056827290683,-0.11098773197147083
52.04,0.430133,0.000444216,28.8855,-0.521651,0.00792174,-0.0119205,21.2,0,1682.87,-212.67,0.198114,28.8855,0.000444216,0.0034000304496647864,0.09821157955379219,-0.015320530449664787,-0.09028983955379219
52.06,0.4,0.000413096,28.8429,-0.52477,-0.0170834,-0.0132076,21.2,0,1683.43,-212.556,0.198175,28.8429,0.000413096,0.0031573570648931477,0.09106733408700657,-0.016364957064893146,-0.10815073408700657
52.08,0.6,0.000619644,28.8319,-0.521334,-0.0418109,-0.0124671,21.2,0,1684.0,-212.442,0.198246,28.8319,0.000619644,0.004734300223745545,0.13649887062100918,-0.017201400223745545,-0.17830977062100917
52.1,0.6,0.000619644,28.726,-0.511833,-0.0672474,-0.0167541,21.2,0,1684.56,-212.329,0.198351,28.726,0.000619644,0.004717586050878236,0.13551737689752819,-0.021471686050878236,-0.2027647768975282
52.12,0.582291,0.000601354,28.679,-0.499833,-0.0907004,-0.0161896,21.3823,0,1685.13,-212.216,0.198446,28.679,0.000601354,0.004571135971317428,0.1310956085214125,-0.020760735971317425,-0.2217960085214125
52.14,0.6,0.000619644,28.7558,-0.492204,-0.10714,-0.0158,21.4691,0,1685.69,-212.102,0.198539,28.7558,0.000619644,0.004722290113118064,0.13579323003480043,-0.020522290113118066,-0.24293323003480044
52.16,0.6,0.000619644,28.8486,-0.488914,-0.120371,-0.0151451,21.5858,0,1686.25,-211.989,0.198636,28.8486,0.000619644,0.00473693531671146,0.13665395217768223,-0.019882035316711462,-0.25702495217768223
52.18,0.527926,0.000545209,28.6683,-0.480438,-0.137819,-0.0174505,21.6,0,1686.82,-211.875,0.19873,28.6683,0.000545209,0.004142868381082909,0.11876899360939916,-0.02159336838108291,-0.25658799360939916
52.2,0.6,0.000619644,28.6409,-0.462017,-0.158996,-0.0160859,21.6,0,1687.38,-211.762,0.198815,28.6409,0.000619644,0.0047041494751125165,0.13473107470175008,-0.020790049475112517,-0.2937270747017501
52.22,0.7,0.000722917,28.7446,-0.440861,-0.181096,-0.0122,21.6,0,1687.94,-211.649,0.198917,28.7446,0.000722917,0.005507268549099704,0.15830423153645135,-0.017707268549099705,-0.3394002315364514
52.24,0.5,0.00051637,28.8381,-0.425423,-0.201409,-0.0194957,21.6,0,1688.51,-211.535,0.199026,28.8381,0.00051637,0.00394606529807875,0.11379702567252481,-0.023441765298078752,-0.3152060256725248
52.26,0.663885,0.00068562,28.6671,-0.417111,-0.210291,-0.00898126,21.6,0,1689.07,-211.421,0.199105,28.6671,0.00068562,0.005209597193253374,0.14934404369871382,-0.014190857193253373,-0.3596350436987138
52.28,1.07429,0.00110946,28.6207,-0.413121,-0.204964,-0.00544572,21.6,0,1689.63,-211.308,0.199234,28.6207,0.00110946,0.008416974687683978,0.24089970744379682,-0.013862694687683978,-0.44586370744379683
52.3,1.03944,0.00107347,28.7598,-0.409934,-0.200413,-0.0147485,21.6,0,1690.19,-211.194,0.199421,28.7598,0.00107347,0.00818198163344527,0.23531215538155925,-0.02293048163344527,-0.43572515538155926
52.32,0.631665,0.000652345,28.7147,-0.405603,-0.203692,-0.0137203,21.6,0,1690.76,-211.08,0.19957,28.7147,0.000652345,0.0049646732530003205,0.1425591030579283,-0.01868497325300032,-0.3462511030579283
52.34,0.738193,0.000762361,28.6809,-0.402154,-0.203347,-0.00698891,21.6,0,1691.32,-210.967,0.199659,28.6809,0.000762361,0.005795385083688581,0.16621686004676384,-0.012784295083688581,-0.36956386004676384
52.36,1.18563,0.00122445,28.7134,-0.402741,-0.195445,-0.0064,21.6,0,1691.88,-210.853,0.199799,28.7134,0.00122445,0.009318277568312536,0.26755943112998515,-0.015718277568312535,-0.46300443112998513
52.38,0.781932,0.000807532,28.7802,-0.40618,-0.183744,-0.0110723,21.6,0,1692.45,-210.739,0.199991,28.7802,0.000807532,0.006159198998188402,0.17726297900766186,-0.0172314989981884,-0.3610069790076619
52.4,0.6,0.000619644,28.7967,-0.408368,-0.160552,-0.00922806,21.6,0,1693.01,-210.624,0.200093,28.7967,0.000619644,0.004728745422715167,0.13617226331430185,-0.013956805422715168,-0.29672426331430185
52.42,0.964235,0.000995804,28.7059,-0.408791,-0.123555,-0.00754965,21.6,0,1693.57,-210.51,0.200197,28.7059,0.000995804,0.007576337585137862,0.21748558908520893,-0.015125987585137862,-0.34104058908520896
52.44,1.1,0.00113601,28.6797,-0.410233,-0.0927902,-0.0102237,21.6,0,1694.14,-210.396,0.200371,28.6797,0.00113601,0.008635478661816366,0.24766293737729483,-0.018859178661816366,-0.3404531373772948
52.46,0.812383,0.00083898,28.6388,-0.412168,-0.0830959,-0.00858595,21.6,0,1694.7,-210.281,0.200541,28.6388,0.00083898,0.006368833580660005,0.18239575114980575,-0.014954783580660005,-0.2654916511498058
52.48,0.7,0.000722917,28.6666,-0.412618,-0.0814073,-0.0116064,21.6724,0,1695.26,-210.167,0.200655,28.6666,0.000722917,0.005492901735563477,0.15746281689270397,-0.017099301735563475,-0.238870116892704
52.5,0.8,0.000826191,28.6671,-0.415551,-0.0693381,-0.0086413,21.9709,0,1695.82,-210.053,0.200767,28.6671,0.000826191,0.006277708671845486,0.17996370226666175,-0.014919008671845486,-0.24930180226666177
52.52,0.8,0.000826191,28.6777,-0.425054,-0.0484212,-0.00691922,22.0799,0,1696.38,-209.939,0.200899,28.6777,0.000826191,0.006279940305114513,0.18009424408798247,-0.013199160305114513,-0.22851544408798247
52.54,0.8,0.000826191,28.6556,-0.434488,-0.0300664,-0.0112754,22.1,0,1696.95,-209.824,0.201027,28.6556,0.000826191,0.006275287450794153,0.17982212707497694,-0.017550687450794154,-0.20988852707497693
52.56,0.613341,0.000633421,28.6321,-0.433544,-0.0152615,-0.0136787,22.1,0,1697.51,-209.71,0.201147,28.6321,0.000633421,0.004807319700253246,0.13764365838962098,-0.018486019700253247,-0.152905158389621
52.58,0.5,0.00051637,28.6329,-0.422865,0.00172231,-0.0100352,22.2,0,1698.07,-209.595,0.201233,28.6329,0.00051637,0.003919071598084032,0.11221438516078026,-0.013954271598084031,-0.11049207516078026
52.6,0.872828,0.000901404,28.6667,-0.411741,0.0148074,-0.003985,22.2,0,1698.63,-209.481,0.201324,28.6667,0.000901404,0.006849113632884005,0.1963414857797959,-0.010834113632884005,-0.1815340857797959
52.62,0.816382,0.00084311,28.6082,-0.404386,0.0088695,-0.00997406,22.2,0,1699.19,-209.366,0.201476,28.6082,0.00084311,0.006393609593273521,0.18290966196628755,-0.016367669593273522,-0.17404016196628755
52.64,0.630323,0.00065096,28.561,-0.397179,-0.0152146,-0.0122,22.2,0,1699.75,-209.252,0.201597,28.561,0.00065096,0.004928633538859973,0.1407667025033797,-0.017128633538859975,-0.1559813025033797
52.66,0.679986,0.000702248,28.6311,-0.388477,-0.0392407,-0.00881341,22.2,0,1700.31,-209.137,0.201692,28.6311,0.000702248,0.00532950025328946,0.15258945470195584,-0.01414291025328946,-0.19183015470195586
52.68,1.14821,0.0011858,28.5851,-0.383218,-0.0564887,-0.00621823,22.2,0,1700.87,-209.023,0.201821,28.5851,0.0011858,0.008985372276456564,0.25684776505973855,-0.015203602276456564,-0.31333646505973856
52.7,1.12529,0.00116213,28.5695,-0.386371,-0.0725289,-0.0136835,22.2,0,1701.43,-208.908,0.202022,28.5695,0.00116213,0.008801391713362961,0.2514513605549231,-0.02248489171336296,-0.3239802605549231
52.72,0.714464,0.000737855,28.6093,-0.396797,-0.077265,-0.0138025,22.2,0,1701.99,-208.793,0.202184,28.6093,0.000737855,0.0055956292360916805,0.1600870355041177,-0.01939812923609168,-0.2373520355041177
52.74,1.11,0.00114634,28.644,-0.407648,-0.0583293,-0.00558001,22.2,0,1702.55,-208.678,0.202298,28.644,0.00114634,0.00870357425830631,0.24930518105492594,-0.01428358425830631,-0.30763448105492597
52.76,1.5,0.00154911,28.5612,-0.410313,-0.0338714,-0.0108533,22.2,0,1703.11,-208.563,0.202506,28.5612,0.00154911,0.011728911064553921,0.33499177469693747,-0.022582211064553923,-0.36886317469693747
52.78,0.870308,0.000898801,28.5576,-0.400958,-0.024488,-0.0155063,22.2,0,1703.67,-208.448,0.202736,28.5576,0.000898801,0.006804341546983935,0.19431566416214843,-0.022310641546983936,-0.21880366416214844
52.8,0.582193,0.000601253,28.6242,-0.384742,-0.0191307,-0.00858561,22.3822,0,1704.23,-208.333,0.202838,28.6242,0.000601253,0.00456197147906924,0.13058278401117374,-0.013147581479069241,-0.14971348401117374
52.82,1.34789,0.00139202,28.6223,-0.37054,-0.011329,-0.00649358,22.587,0,1704.79,-208.218,0.20295,28.6223,0.00139202,0.01056120064489138,0.3022858532182745,-0.01705478064489138,-0.3136148532182745
52.84,1.45569,0.00150334,28.5513,-0.363359,-0.0203193,-0.00426589,22.7722,0,1705.35,-208.102,0.2032,28.5513,0.00150334,0.011378573828061471,0.3248730749371315,-0.01564446382806147,-0.3451923749371315
52.86,0.475706,0.000491281,28.5883,-0.364918,-0.0442213,-0.0132875,22.8811,0,1705.91,-207.987,0.203398,28.5883,0.000491281,0.0037230697987073033,0.10643623632638399,-0.017010569798707305,-0.15065753632638398
52.88,0.514435,0.000531277,28.5295,-0.374795,-0.0514094,-0.00228382,22.9,0,1706.47,-207.872,0.203436,28.5295,0.000531277,0.004018207043341962,0.1146374378430245,-0.006302027043341962,-0.16604683784302451
52.9,1.64146,0.0016952,28.4166,-0.386381,-0.0355095,-0.00377657,22.9,0,1707.03,-207.756,0.203564,28.4166,0.0016952,0.012772506754809388,0.36295121544871645,-0.016549076754809388,-0.3984607154487164
52.92,1.355,0.00139936,28.5962,-0.392098,-0.0183922,-0.00996003,23.0,0,1707.59,-207.641,0.203858,28.5962,0.00139936,0.010607579669222824,0.3033364697370297,-0.020567609669222824,-0.32172866973702974
52.94,0.558996,0.000577297,28.7174,-0.394216,0.00223161,-0.011377,23.1,0,1708.15,-207.526,0.204031,28.7174,0.000577297,0.0043939172463704,0.12618187913091736,-0.0157709172463704,-0.12395026913091736
52.96,0.841257,0.000868799,28.6798,-0.396581,0.0422828,-0.00454602,23.2,0,1708.71,-207.409,0.2041,28.6798,0.000868799,0.006604272000630709,0.1894092001236886,-0.011150292000630708,-0.14712640012368858
52.98,1.83351,0.00189354,28.5816,-0.390805,0.0798672,-0.00509077,23.2778,0,1709.27,-207.293,0.204286,28.5816,0.00189354,0.014346576882096212,0.4100481218133211,-0.01943734688209621,-0.33018092181332115
53.0,1.36171,0.00140629,28.5606,-0.367982,0.0814285,-0.0100389,23.3,0,1709.83,-207.177,0.204599,28.5606,0.00140629,0.010647348988251107,0.30409467551384456,-0.020686248988251107,-0.22266617551384454
53.02,0.512731,0.000529517,28.5924,-0.336662,0.0573197,-0.011131,23.4873,0,1710.39,-207.061,0.204764,28.5924,0.000529517,0.004013386748829519,0.11475235927723315,-0.015144386748829518,-0.05743265927723315
53.04,1.19003,0.00122899,28.5707,-0.313396,0.0353026,-0.00438976,23.5725,0,1710.95,-206.945,0.204838,28.5707,0.00122899,0.00930813239377187,0.26593985818273796,-0.013697892393771869,-0.23063725818273795
53.06,1.51762,0.00156731,28.4628,-0.302752,0.0133921,-0.00914176,23.6824,0,1711.51,-206.828,0.205068,28.4628,0.00156731,0.01182738531645247,0.33664050278512336,-0.02096914531645247,-0.32324840278512335
53.08,0.981265,0.00101339,28.4397,-0.300124,-0.0150053,-0.0109675,23.7729,0,1712.07,-206.712,0.205301,28.4397,0.00101339,0.007641366761890694,0.21731817829814276,-0.018608866761890695,-0.23232347829814276
53.1,0.888209,0.000917288,28.5492,-0.30578,-0.0306335,-0.00432726,23.9764,0,1712.62,-206.596,0.205432,28.5492,0.000917288,0.0069423323996476004,0.19819803614401926,-0.011269592399647602,-0.22883153614401927
53.12,1.47609,0.00152441,28.5722,-0.322365,-0.0219674,-0.00796958,24.088,0,1713.18,-206.48,0.205593,28.5722,0.00152441,0.011546172346774686,0.3298995455265157,-0.019515752346774686,-0.3518669455265157
53.14,1.35958,0.00140409,28.5438,-0.344693,-0.00998404,-0.0103192,24.1,0,1713.74,-206.363,0.205847,28.5438,0.00140409,0.010624678382664706,0.30326869481910484,-0.020943878382664705,-0.31325273481910487
53.16,1.1,0.00113601,28.4897,-0.361654,-0.0171768,-0.0102,24.1,0,1714.3,-206.246,0.206049,28.4897,0.00113601,0.008580457731893669,0.24445466664433105,-0.01878045773189367,-0.26163146664433107
53.18,1.1,0.00113601,28.4963,-0.365212,-0.0443855,-0.0111135,24.1,0,1714.86,-206.13,0.206214,28.4963,0.00113601,0.008582369699805975,0.24456578167658102,-0.019695869699805975,-0.288951281676581
53.2,1.0,0.00103274,28.5082,-0.355198,-0.0801711,-0.0160669,24.1,0,1715.42,-206.013,0.206385,28.5082,0.00103274,0.007805314996961836,0.2225154809963874,-0.023872214996961835,-0.3026865809963874
53.22,0.981286,0.00101341,28.5,-0.33893,-0.111934,-0.00694327,24.1,0,1715.97,-205.896,0.206539,28.5,0.00101341,0.0076571022483061055,0.218227414076724,-0.014600372248306105,-0.330161414076724
53.24,1.3,0.00134256,28.5022,-0.326282,-0.134243,-0.0124372,24.1,0,1716.53,-205.779,0.206707,28.5022,0.00134256,0.010144842786434662,0.289150338067518,-0.022582042786434664,-0.423393338067518
53.26,1.11933,0.00115598,28.5245,-0.32257,-0.149188,-0.018499,24.1,0,1717.09,-205.662,0.206919,28.5245,0.00115598,0.008741552253976758,0.24934840726856003,-0.027240552253976758,-0.39853640726856
53.28,1.0,0.00103274,28.527,-0.326539,-0.156296,-0.00476786,24.1,0,1717.65,-205.545,0.207086,28.527,0.00103274,0.007810265619862694,0.2228034473378231,-0.012578125619862695,-0.3790994473378231
53.3,1.1,0.00113601,28.4156,-0.334265,-0.156023,-0.0108536,24.1,0,1718.21,-205.428,0.207244,28.4156,0.00113601,0.008558988026104363,0.24320878015457117,-0.019412588026104363,-0.39923178015457117
53.32,1.2,0.00123929,28.3469,-0.343017,-0.156101,-0.0148854,24.1,0,1718.76,-205.311,0.207427,28.3469,0.00123929,0.009315405483463903,0.26406286769920295,-0.024200805483463903,-0.42016386769920294
53.34,0.934654,0.000965254,28.4713,-0.352604,-0.158038,-0.010722,24.1,0,1719.32,-205.194,0.20761,28.4713,0.000965254,0.007286181256369447,0.20744705240447142,-0.018008181256369448,-0.36548505240447143
53.36,1.08187,0.00111729,28.5633,-0.362738,-0.156059,-0.00772635,24.1,0,1719.87,-205.076,0.207754,28.5633,0.00111729,0.00846002971324095,0.24164636670821524,-0.01618637971324095,-0.3977053667082152
53.38,1.57467,0.00162622,28.5298,-0.368656,-0.155855,-0.012736,24.1,0,1720.43,-204.959,0.207952,28.5298,0.00162622,0.01229972291269801,0.3509086347546917,-0.02503572291269801,-0.5067636347546917
53.4,1.438,0.00148508,28.4822,-0.363912,-0.166339,-0.015486,24.1,0,1720.99,-204.841,0.208217,28.4822,0.00148508,0.011214199999634591,0.3194050872295923,-0.02670019999963459,-0.4857440872295923
53.42,1.1812,0.00121987,28.4445,-0.349657,-0.176894,-0.0103191,24.1,0,1721.55,-204.723,0.20843,28.4445,0.00121987,0.00919980361111087,0.26168381381624317,-0.019518903611110867,-0.43857781381624317
53.44,1.73552,0.00179234,28.5068,-0.336286,-0.174535,-0.00816178,24.1,0,1722.1,-204.605,0.208629,28.5068,0.00179234,0.013545643134658964,0.38614293971109614,-0.021707423134658965,-0.5606779397110961
53.46,1.43645,0.00148348,28.5413,-0.331934,-0.166874,-0.0125397,24.1,0,1722.66,-204.487,0.208915,28.5413,0.00148348,0.01122447381669343,0.3203610745443922,-0.02376417381669343,-0.4872350745443922
53.48,0.927478,0.000957843,28.4774,-0.333431,-0.156606,-0.0164901,23.455,0,1723.22,-204.369,0.209112,28.4774,0.000957843,0.007231729671360507,0.2059408585432017,-0.02372182967136051,-0.3625468585432017
53.5,1.35887,0.00140336,28.3271,-0.334125,-0.12904,-0.00653251,23.4,0,1723.78,-204.25,0.209256,28.3271,0.00140336,0.010541586237611807,0.29861256751145343,-0.01707409623761181,-0.4276525675114534
53.52,1.7,0.00175566,28.4589,-0.335821,-0.0877193,-0.0109975,23.4,0,1724.33,-204.133,0.209502,28.4589,0.00175566,0.013246986657287704,0.37699466858108505,-0.024244486657287706,-0.46471396858108505
53.54,1.36618,0.0014109,28.6536,-0.344869,-0.0535482,-0.00832646,23.4,0,1724.89,-204.014,0.209772,28.6536,0.0014109,0.01071569746411761,0.30704330885784037,-0.01904215746411761,-0.36059150885784036
53.56,1.28675,0.00132888,28.558,-0.360086,-0.0276621,-0.00628965,23.4,0,1725.45,-203.895,0.209974,28.558,0.00132888,0.010060378307561022,0.28730428370732763,-0.01635002830756102,-0.31496638370732766
53.58,1.67335,0.00172813,28.4477,-0.372599,0.00013963,-0.00989373,23.3,0,1726.01,-203.776,0.210191,28.4477,0.00172813,0.013034327547451789,0.3707966397716443,-0.022928057547451787,-0.3706570097716443
53.6,1.71332,0.00176941,28.4811,-0.375464,0.0233059,-0.00992506,23.3,0,1726.56,-203.657,0.210474,28.4811,0.00176941,0.013360752692658321,0.38052893351487094,-0.023285812692658323,-0.35722303351487095
53.62,1.7,0.00175566,28.4893,-0.368123,0.0250836,-0.00656525,23.3,0,1727.12,-203.538,0.210747,28.4893,0.00175566,0.01326059803680687,0.377785155650002,-0.01982584803680687,-0.352701555650002
53.64,1.7,0.00175566,28.4908,-0.355535,-0.0025998,-0.0111843,23.3,0,1727.68,-203.419,0.211017,28.4908,0.00175566,0.013261269607373645,0.37782418012976104,-0.024445569607373645,-0.38042398012976103
53.66,1.5,0.00154911,28.4461,-0.347203,-0.0515266,-0.0148657,23.3,0,1728.23,-203.299,0.21128,28.4461,0.00154911,0.011683444367761016,0.3323484268297666,-0.026549144367761016,-0.3838750268297666
53.68,1.65196,0.00170605,28.4034,-0.349403,-0.102998,-0.00937323,23.224,0,1728.79,-203.18,0.211516,28.4034,0.00170605,0.012848511687690512,0.3649414168701487,-0.022221741687690512,-0.46793941687014873
53.7,1.88189,0.0019435,28.3989,-0.355048,-0.143532,-0.0182045,23.2,0,1729.35,-203.06,0.211793,28.3989,0.0019435,0.014634555467185202,0.4156052772570459,-0.0328390554671852,-0.5591372772570459
53.72,1.8,0.00185893,28.434,-0.352994,-0.168705,-0.0192368,23.2,0,1729.9,-202.941,0.212097,28.434,0.00185893,0.014014385935403132,0.3984850496872527,-0.03325118593540313,-0.5671900496872526
53.74,1.76661,0.00182445,28.4835,-0.347326,-0.176401,-0.0141339,23.2,0,1730.46,-202.821,0.212378,28.4835,0.00182445,0.013777475355242284,0.3924307192810436,-0.027911375355242282,-0.5688317192810436
53.76,1.88683,0.0019486,28.4897,-0.350056,-0.173985,-0.0139856,23.2,0,1731.01,-202.701,0.212662,28.4897,0.0019486,0.014718086905907191,0.4193138805232241,-0.028703686905907192,-0.5932988805232241
53.78,2.0,0.00206548,28.3903,-0.357008,-0.179285,-0.0160817,22.4178,0,1731.57,-202.581,0.212972,28.3903,0.00206548,0.015548535869755534,0.4414275979031205,-0.03163023586975554,-0.6207125979031205
53.8,1.9,0.0019622,28.3155,-0.352041,-0.194705,-0.0135394,21.9528,0,1732.13,-202.461,0.213289,28.3155,0.0019622,0.01473361230814149,0.4171895993111804,-0.02827301230814149,-0.6118945993111804
53.82,2.0,0.00206548,28.3825,-0.334469,-0.199699,-0.0113712,21.9,0,1732.68,-202.341,0.213589,28.3825,0.00206548,0.015544425711810392,0.44118966276545846,-0.026915625711810394,-0.6408886627654584
53.84,2.1,0.00216875,28.4538,-0.323041,-0.181039,-0.0122149,21.9,0,1733.23,-202.22,0.213914,28.4538,0.00216875,0.01636106373853678,0.4655344354035778,-0.02857596373853678,-0.6465734354035778
53.86,2.2,0.00227203,28.4397,-0.330848,-0.147239,-0.0110415,21.9,0,1733.79,-202.099,0.214256,28.4397,0.00227203,0.017132040433414392,0.48723009031417525,-0.02817354043341439,-0.6344690903141752
53.88,2.27332,0.00234774,28.3497,-0.349829,-0.109233,-0.00752022,21.8267,0,1734.35,-201.978,0.214612,28.3497,0.00234774,0.017649023030828836,0.5003445082170882,-0.025169243030828837,-0.6095775082170882
53.9,2.2,0.00227203,28.3617,-0.363059,-0.0694189,-0.0111801,21.8,0,1734.9,-201.858,0.214972,28.3617,0.00227203,0.017086831264937524,0.48461158228677853,-0.028266931264937525,-0.5540304822867785
53.92,2.2,0.00227203,28.4135,-0.364281,-0.0294031,-0.0131037,21.8,0,1735.45,-201.737,0.215317,28.4135,0.00227203,0.017116856384632863,0.48634979888476587,-0.030220556384632863,-0.5157528988847658
53.94,2.37291,0.0024506,28.3912,-0.360855,0.00833874,-0.00622933,21.8,0,1736.01,-201.615,0.215673,28.3912,0.0024506,0.018448218461270576,0.5237670599776252,-0.024677548461270578,-0.5154283199776252
53.96,2.78613,0.00287735,28.389,-0.361369,0.0435182,-0.00538616,21.8,0,1736.56,-201.493,0.216072,28.389,0.00287735,0.021659211656482553,0.6148833597158831,-0.027045371656482554,-0.5713651597158832
53.98,2.9,0.00299494,28.3647,-0.365584,0.0746384,-0.00581719,21.8,0,1737.12,-201.372,0.216534,28.3647,0.00299494,0.022525806358322194,0.6389377396119015,-0.028342996358322194,-0.5642993396119015
54.0,2.9,0.00299494,28.3392,-0.366411,0.0974799,-0.00580611,21.7172,0,1737.67,-201.25,0.216998,28.3392,0.00299494,0.022506319918546326,0.6378111014356681,-0.028312429918546326,-0.5403312014356682
54.02,2.9,0.00299494,28.3069,-0.360328,0.107514,-0.00814883,21.7,0,1738.23,-201.127,0.217457,28.3069,0.00299494,0.022481634208661155,0.6363853713811504,-0.030630464208661154,-0.5288713713811504
54.04,2.8,0.00289167,28.3138,-0.354015,0.102793,-0.00960357,21.7,0,1738.78,-201.005,0.217911,28.3138,0.00289167,0.021711521360399205,0.614735673494071,-0.03131509136039921,-0.511942673494071
54.06,2.8,0.00289167,28.3491,-0.357499,0.0896026,-0.00544562,21.7,0,1739.33,-200.883,0.218349,28.3491,0.00289167,0.021737568711501315,0.6162405091592219,-0.027183188711501313,-0.5266379091592219
54.08,2.8,0.00289167,28.3747,-0.37232,0.0820041,-0.0091147,21.7,0,1739.88,-200.76,0.218793,28.3747,0.00289167,0.021756456247480446,0.6173329190853835,-0.030871156247480446,-0.5353288190853834
54.1,2.7,0.0027884,28.3707,-0.390987,0.0909011,-0.0122575,21.7,0,1740.44,-200.636,0.219232,28.3707,0.0027884,0.020976619751506526,0.5951213859840662,-0.03323411975150652,-0.5042202859840662
54.12,2.7,0.0027884,28.3411,-0.406576,0.115282,-0.00723902,21.7,0,1740.99,-200.513,0.219656,28.3411,0.0027884,0.020955560454961684,0.5939036344101146,-0.028194580454961683,-0.4786216344101146
54.14,2.7,0.0027884,28.3137,-0.418004,0.141725,-0.0100064,21.7,0,1741.54,-200.389,0.220083,28.3137,0.0027884,0.02093606412812935,0.5927774389046161,-0.03094246412812935,-0.4510524389046161
54.16,2.61751,0.00270321,28.3148,-0.427556,0.15412,-0.01087,21.7,0,1742.1,-200.266,0.220506,28.3148,0.00270321,0.020297190144472548,0.5747108795027114,-0.03116719014447255,-0.42059087950271135
54.18,2.5,0.00258185,28.3324,-0.438046,0.149541,-0.00788571,21.7,0,1742.65,-200.142,0.220912,28.3324,0.00258185,0.019397543960708023,0.549578974512364,-0.027283253960708024,-0.400037974512364
54.2,2.5,0.00258185,28.2994,-0.451252,0.137735,-0.006,21.7,0,1743.2,-200.017,0.221303,28.2994,0.00258185,0.01937580132743353,0.5483235520855724,-0.025375801327433528,-0.4105885520855724
54.22,2.6,0.00268512,28.2573,-0.466268,0.123365,-0.00527817,21.7,0,1743.75,-199.893,0.221702,28.2573,0.00268512,0.02012195481432224,0.5685921137747478,-0.025400124814322238,-0.44522711377474783
54.24,2.7,0.0027884,28.2227,-0.480223,0.103096,-0.00364914,21.7,0,1744.31,-199.769,0.222119,28.2227,0.0027884,0.0208712980670344,0.5890443839564917,-0.024520438067034397,-0.48594838395649176
54.26,2.7,0.0027884,28.2337,-0.49168,0.0806035,-0.0033548,21.7,0,1744.86,-199.644,0.222549,28.2337,0.0027884,0.020879128195030294,0.5894950417200268,-0.024233928195030292,-0.5088915417200268
54.28,2.7,0.0027884,28.2307,-0.502935,0.0685589,-0.00371271,21.7,0,1745.41,-199.52,0.222974,28.2307,0.0027884,0.02087699274000557,0.5893721189452753,-0.024589702740005572,-0.5208132189452753
54.3,2.78613,0.00287735,28.1962,-0.516876,0.0736602,-0.00260296,21.7,0,1745.96,-199.395,0.223403,28.1962,0.00287735,0.02151762968322969,0.6067153900742811,-0.024120589683229693,-0.5330551900742811
54.32,2.9,0.00299494,28.152,-0.53031,0.0909848,-0.00228997,21.7,0,1746.51,-199.27,0.223849,28.152,0.00299494,0.022363205068255967,0.629568949081542,-0.024653175068255966,-0.5385841490815421
54.34,2.8,0.00289167,28.1609,-0.534765,0.11465,-0.00418883,21.7,0,1747.06,-199.144,0.224306,28.1609,0.00289167,0.02159865582903091,0.6082375869357566,-0.025787485829030912,-0.49358758693575655
54.36,2.8,0.00289167,28.2187,-0.527018,0.144736,-0.00267137,21.7,0,1747.6,-199.019,0.224742,28.2187,0.00289167,0.021641329982778294,0.6106901983850258,-0.024312699982778293,-0.46595419838502583
54.38,2.9,0.00299494,28.2137,-0.513458,0.180106,-0.00414177,21.7,0,1748.15,-198.893,0.225187,28.2137,0.00299494,0.022410386799713435,0.632279930051075,-0.026552156799713435,-0.452173930051075
54.4,2.9,0.00299494,28.1885,-0.500732,0.212108,-0.00501673,21.7,0,1748.7,-198.767,0.225647,28.1885,0.00299494,0.022391117880579053,0.6311720263767027,-0.027407847880579053,-0.4190640263767027
54.42,2.9,0.00299494,28.2367,-0.488434,0.23167,-0.00430022,21.7,0,1749.25,-198.641,0.226104,28.2367,0.00299494,0.02242797180435577,0.6332919114480525,-0.02672819180435577,-0.40162191144805254
54.44,2.9,0.00299494,28.3154,-0.475186,0.237587,-0.00493659,21.7,0,1749.8,-198.514,0.226561,28.3154,0.00299494,0.022488130760688882,0.63676041774121,-0.027424720760688883,-0.39917341774120996
54.46,2.9,0.00299494,28.3132,-0.464922,0.233344,-0.0048867,21.7,0,1750.36,-198.387,0.227019,28.3132,0.00299494,0.022486449321574137,0.6366633369315928,-0.027373149321574138,-0.40331933693159283
54.48,2.9,0.00299494,28.2905,-0.461356,0.221254,-0.00422553,21.7,0,1750.91,-198.259,0.227477,28.2905,0.00299494,0.02246909905408671,0.6356620467896401,-0.026694629054086712,-0.4144080467896401
54.5,2.9,0.00299494,28.3035,-0.461521,0.202139,-0.00616279,21.7,0,1751.46,-198.132,0.227935,28.3035,0.00299494,0.022479035525356177,0.6362353819919185,-0.028641825525356178,-0.4340963819919185
54.52,2.9,0.00299494,28.3174,-0.459369,0.177313,-0.00391834,21.7,0,1752.01,-198.004,0.228393,28.3174,0.00299494,0.022489659328725077,0.6368486790752395,-0.026407999328725076,-0.45953567907523946
54.54,2.9,0.00299494,28.3374,-0.452931,0.150897,-0.00441865,21.7,0,1752.56,-197.875,0.228852,28.3374,0.00299494,0.022504944329159286,0.6377316094331184,-0.026923594329159285,-0.48683460943311835
54.56,2.9,0.00299494,28.3472,-0.446018,0.128425,-0.00175434,21.7,0,1753.11,-197.747,0.22931,28.3472,0.00299494,0.022512433527937838,0.6381644557031595,-0.024266773527937838,-0.5097394557031595
54.58,3.07739,0.00317814,28.3366,-0.442727,0.110406,-0.00101912,21.7,0,1753.67,-197.618,0.229776,28.3366,0.00317814,0.023880928396754767,0.6767043156074811,-0.02490004839675477,-0.5662983156074811
54.6,3.2,0.00330477,28.3188,-0.440515,0.0929545,-0.00196764,21.7,0,1754.22,-197.488,0.230275,28.3188,0.00330477,0.02481743737426868,0.7028000455144399,-0.02678507737426868,-0.6098455455144398
54.62,3.1,0.00320149,28.2987,-0.432433,0.0760237,-0.000408686,21.7,0,1754.77,-197.359,0.230781,28.2987,0.00320149,0.02402542039133346,0.6798881640282282,-0.02443410639133346,-0.6038644640282281
54.64,3.1,0.00320149,28.275,-0.417068,0.062424,-0.00138104,21.7,0,1755.32,-197.229,0.231267,28.275,0.00320149,0.024006055316089632,0.6787712140624343,-0.025387095316089632,-0.6163472140624343
54.66,3.2,0.00330477,28.2625,-0.400551,0.0508537,-0.000549243,21.7,0,1755.87,-197.1,0.23176,28.2625,0.00330477,0.02476995179356948,0.7000607625657574,-0.02531919479356948,-0.6492070625657574
54.68,3.2,0.00330477,28.2332,-0.38798,0.0386161,0.00117148,21.7,0,1756.42,-196.97,0.232269,28.2332,0.00330477,0.024745234779275756,0.6986371625702483,-0.023573754779275757,-0.6600210625702483
54.7,3.12068,0.00322285,28.2314,-0.379049,0.0274137,-0.000317264,21.7,0,1756.97,-196.84,0.23277,28.2314,0.00322285,0.02413035450152051,0.6812336900742261,-0.02444761850152051,-0.6538199900742261
54.72,3.1,0.00320149,28.2457,-0.372584,0.0211211,-0.0002,21.7,0,1757.52,-196.709,0.233258,28.2457,0.00320149,0.02398211196566509,0.6773915399485864,-0.02418211196566509,-0.6562704399485864
54.74,3.1,0.00320149,28.2232,-0.369353,0.0218863,-0.000911185,21.7,0,1758.07,-196.579,0.233746,28.2232,0.00320149,0.023963723513005717,0.676332961452263,-0.024874908513005715,-0.6544466614522629
54.76,3.1,0.00320149,28.1852,-0.368568,0.0303534,2.91638e-05,21.7,0,1758.62,-196.448,0.234234,28.1852,0.00320149,0.023932663674347834,0.6745469121942286,-0.023903499874347835,-0.6441935121942286
54.78,3.1,0.00320149,28.156,-0.366027,0.0458316,-2.26554e-05,21.7,0,1759.17,-196.317,0.234722,28.156,0.00320149,0.023908793412621747,0.6731759873257779,-0.023931448812621745,-0.6273443873257779
54.8,3.1,0.00320149,28.1493,-0.358581,0.0652296,-0.00140091,21.7,0,1759.71,-196.186,0.235209,28.1493,0.00320149,0.0239033159366602,0.6728616112958289,-0.0253042259366602,-0.6076320112958289
54.82,3.0,0.00309822,28.1274,-0.348068,0.0846953,-0.000353583,21.7,0,1760.26,-196.054,0.235692,28.1274,0.00309822,0.02311493766027873,0.650163097545724,-0.02346852066027873,-0.565467797545724
54.84,3.0,0.00309822,28.0773,-0.33939,0.102116,-0.000375989,21.7,0,1760.81,-195.923,0.236159,28.0773,0.00309822,0.023075292412035143,0.6478919076404344,-0.023451281412035143,-0.5457759076404344
54.86,3.0,0.00309822,28.0344,-0.335595,0.115213,-0.000363398,21.7,0,1761.35,-195.791,0.236629,28.0344,0.00309822,0.023041338354693085,0.6459500959708079,-0.023404736354693086,-0.5307370959708079
54.88,2.92446,0.0030202,28.048,-0.335481,0.120465,-0.00269352,21.7,0,1761.9,-195.66,0.237096,28.048,0.0030202,0.022471596701200674,0.6302833442752764,-0.025165116701200675,-0.5098183442752764
54.9,2.53923,0.00262236,28.0713,-0.337378,0.118237,-0.00356077,21.7,0,1762.44,-195.528,0.237536,28.0713,0.00262236,0.01952708868948831,0.5481507647292333,-0.023087858689488313,-0.4299137647292333
54.92,2.21836,0.00229099,28.064,-0.343392,0.113838,-0.0036,21.7,0,1762.99,-195.396,0.237906,28.064,0.00229099,0.017055300381589377,0.4786399499089243,-0.020655300381589376,-0.3648019499089243
54.94,2.1,0.00216875,28.068,-0.355872,0.110176,-0.00380385,21.7,0,1763.53,-195.263,0.238236,28.068,0.00216875,0.016147496434145,0.45322792991358185,-0.019951346434145,-0.34305192991358185
54.96,2.1,0.00216875,28.0623,-0.371836,0.105441,-0.00468016,22.1,0,1764.08,-195.131,0.238561,28.0623,0.00216875,0.016144338597991463,0.45304727303841585,-0.020824498597991462,-0.34760627303841585
54.98,2.1,0.00216875,28.0663,-0.385915,0.0994089,-0.00757511,22.1,0,1764.62,-194.998,0.23889,28.0663,0.00216875,0.01614655463091091,0.4531740462375349,-0.02372166463091091,-0.35376514623753486
55.0,2.1,0.00216875,28.0545,-0.397624,0.0952629,-0.00832731,22.1818,0,1765.17,-194.865,0.239219,28.0545,0.00216875,0.01614001723164106,0.45280011342507415,-0.024467327231641058,-0.35753721342507416
55.02,2.2,0.00227203,28.0133,-0.411541,0.0934137,-0.00823992,22.2,0,1765.71,-194.732,0.239551,28.0133,0.00227203,0.016884723105134634,0.47299681376106806,-0.025124643105134632,-0.37958311376106807
55.04,2.12998,0.00219971,27.9664,-0.429666,0.0888863,-0.00914004,22.27,0,1766.26,-194.599,0.239896,27.9664,0.00219971,0.0163209092957164,0.45643707772772313,-0.0254609492957164,-0.36755077772772315
55.06,2.1,0.00216875,27.9682,-0.446839,0.076749,-0.00940807,22.3,0,1766.8,-194.466,0.240225,27.9682,0.00216875,0.01609219618682083,0.4500697613922423,-0.02550026618682083,-0.3733207613922423
55.08,2.1,0.00216875,28.02,-0.457156,0.057012,-0.010038,22.3,0,1767.35,-194.333,0.240552,28.02,0.00216875,0.016120901876872575,0.4517076705899695,-0.026158901876872573,-0.3946956705899695
55.1,2.2,0.00227203,28.0413,-0.462467,0.0336241,-0.0111556,22.3,0,1767.89,-194.2,0.240884,28.0413,0.00227203,0.016900976468045257,0.4739253514333975,-0.028056576468045255,-0.4403012514333975
55.12,2.3,0.0023753,28.0447,-0.469376,0.0109844,-0.00933882,22.4,0,1768.43,-194.066,0.241236,28.0447,0.0023753,0.017671238266573384,0.49558457581457055,-0.027010058266573385,-0.48460017581457054
55.14,2.3,0.0023753,28.0344,-0.479712,-0.00748206,-0.0110388,22.4,0,1768.98,-193.932,0.2416,28.0344,0.0023753,0.01766498789828228,0.49522733673560476,-0.028703787898282276,-0.5027093967356048
55.16,2.3,0.0023753,28.0361,-0.489425,-0.0182453,-0.00859308,22.4,0,1769.52,-193.797,0.24196,28.0361,0.0023753,0.017666019530226243,0.495286290151376,-0.026259099530226242,-0.513531590151376
55.18,2.3,0.0023753,28.0303,-0.495551,-0.0182705,-0.00800763,22.476,0,1770.07,-193.663,0.24232,28.0303,0.0023753,0.01766249981588737,0.49508516858926777,-0.02567012981588737,-0.5133556685892677
55.2,2.38073,0.00245867,28.0199,-0.498901,-0.00888956,-0.00892292,22.5807,0,1770.61,-193.528,0.242683,28.0199,0.00245867,0.018275900544567698,0.5120889056687324,-0.0271988205445677,-0.5209784656687324
55.22,2.4,0.00247857,28.0065,-0.499881,0.00330566,-0.00863924,22.6819,0,1771.16,-193.394,0.243059,28.0065,0.00247857,0.018415336780869512,0.515749129553422,-0.02705457678086951,-0.512443469553422
55.24,2.4,0.00247857,28.0046,-0.495801,0.0121732,-0.00626882,22.7,0,1771.7,-193.259,0.243435,28.0046,0.00247857,0.018414133508727927,0.5156804432585221,-0.02468295350872793,-0.5035072432585221
55.26,2.4,0.00247857,28.0238,-0.484003,0.0170524,-0.0070173,22.7,0,1772.24,-193.124,0.24381,28.0238,0.00247857,0.018426292469679445,0.5163747349118029,-0.025443592469679446,-0.49932233491180283
55.28,2.4,0.00247857,28.0174,-0.46615,0.0205085,-0.00571343,22.7716,0,1772.79,-192.988,0.244186,28.0174,0.00247857,0.018422239586461348,0.5161432553897222,-0.02413566958646135,-0.4956347553897222
55.3,2.5,0.00258185,28.0064,-0.447321,0.0236125,-0.00587705,22.8,0,1773.33,-192.853,0.244565,28.0064,0.00258185,0.019182626289557567,0.537236304915865,-0.02505967628955757,-0.513623804915865
55.32,2.5,0.00258185,28.0123,-0.431064,0.0253606,-0.0052,22.8,0,1773.87,-192.717,0.244959,28.0123,0.00258185,0.019186518403684454,0.53745850947953,-0.024386518403684453,-0.51209790947953
55.34,2.42992,0.00250948,28.0379,-0.417943,0.0251679,-0.0052,22.8,0,1774.42,-192.581,0.245348,28.0379,0.00250948,0.01866512588030934,0.5233309329195253,-0.02386512588030934,-0.49816303291952524
55.36,2.4,0.00247857,28.0466,-0.408048,0.0241956,-0.00510907,22.8,0,1774.96,-192.445,0.245724,28.0466,0.00247857,0.018440730022475163,0.517199778648352,-0.023549800022475163,-0.493004178648352
55.38,2.4,0.00247857,28.025,-0.400893,0.0230754,-0.00461926,22.8,0,1775.5,-192.308,0.246098,28.025,0.00247857,0.018427052373728336,0.5164181427737365,-0.023046312373728336,-0.4933427427737365
55.4,2.4,0.00247857,27.9889,-0.393933,0.019518,-0.00674141,22.8,0,1776.05,-192.172,0.246474,27.9889,0.00247857,0.018404190331192144,0.5151130427607038,-0.025145600331192144,-0.4955950427607038
55.42,2.4,0.00247857,27.9818,-0.38462,0.0114291,-0.00610682,22.8,0,1776.59,-192.035,0.246849,27.9818,0.00247857,0.018399693530083708,0.5148565444200963,-0.024506513530083707,-0.5034274444200963
55.44,2.22918,0.00230216,28.0058,-0.372845,0.00109447,-0.00575806,22.8,0,1777.13,-191.898,0.247217,28.0058,0.00230216,0.01710422511188625,0.47901750763846396,-0.02286228511188625,-0.47792303763846394
55.46,2.01851,0.00208459,28.0103,-0.360698,-0.0069351,-0.00783702,22.8,0,1777.68,-191.761,0.247551,28.0103,0.00208459,0.015490149760999656,0.4338837418505287,-0.023327169760999654,-0.44081884185052866
55.48,2.0,0.00206548,27.9944,-0.351254,-0.0107629,-0.00537023,22.8,0,1778.22,-191.624,0.247857,27.9944,0.00206548,0.015339755603007484,0.4294272542528327,-0.020709985603007484,-0.4401901542528327
55.5,2.0,0.00206548,27.988,-0.346115,-0.0124321,-0.00826879,22.8,0,1778.76,-191.486,0.248169,27.988,0.00206548,0.015336377797150644,0.4292345417866522,-0.023605167797150644,-0.4416666417866522
55.52,1.9,0.0019622,28.0129,-0.343806,-0.0148799,-0.00660674,22.8,0,1779.3,-191.349,0.248478,28.0129,0.0019622,0.014581996522060216,0.4084840103728206,-0.021188736522060214,-0.4233639103728206
55.54,1.8,0.00185893,28.0225,-0.342512,-0.0179734,-0.00686202,22.8,0,1779.85,-191.211,0.248767,28.0225,0.00185893,0.013819108131390206,0.3872459576118821,-0.020681128131390204,-0.4052193576118821
55.56,1.8,0.00185893,27.9994,-0.3421,-0.0185444,-0.00843274,22.8,0,1780.39,-191.073,0.249044,27.9994,0.00185893,0.013808136421421618,0.3866195349179525,-0.02224087642142162,-0.4051639349179525
55.58,1.8,0.00185893,27.965,-0.341696,-0.0142623,-0.009,22.8,0,1780.93,-190.935,0.249326,27.965,0.00185893,0.01379179571996513,0.38568756730882486,-0.02279179571996513,-0.39994986730882487
55.6,1.7,0.00175566,27.9467,-0.339074,-0.00562441,-0.00773725,22.8,0,1781.47,-190.797,0.249603,27.9467,0.00175566,0.013017401261390038,0.36379340783168895,-0.020754651261390037,-0.369417817831689
55.62,1.6,0.00165238,27.9446,-0.334035,0.00606097,-0.0088653,22.8,0,1782.02,-190.659,0.24986,27.9446,0.00165238,0.01225073989031266,0.3423420259388312,-0.02111603989031266,-0.3362810559388312
55.64,1.6,0.00165238,27.9224,-0.329906,0.0206335,-0.00847876,22.8,0,1782.56,-190.52,0.250106,27.9224,0.00165238,0.012241364346784049,0.3418082718366429,-0.02072012434678405,-0.3211747718366429
55.66,1.6,0.00165238,27.8761,-0.330185,0.0372368,-0.00828611,22.8,0,1783.1,-190.382,0.250355,27.8761,0.00165238,0.012221808178601497,0.3406963469675132,-0.020507918178601495,-0.3034595469675132
55.68,1.6,0.00165238,27.8508,-0.333811,0.0519586,-0.00950024,22.8,0,1783.64,-190.244,0.250604,27.8508,0.00165238,0.012211120455343658,0.34008947357768515,-0.021711360455343658,-0.28813087357768513
55.7,1.51836,0.00156807,27.894,-0.335757,0.0606011,-0.0092,22.8,0,1784.18,-190.106,0.25085,27.894,0.00156807,0.011605384489784555,0.32372059495805033,-0.020805384489784556,-0.2631194949580503
55.72,1.5,0.00154911,27.929,-0.333977,0.0630103,-0.00908016,22.8,0,1784.72,-189.967,0.251082,27.929,0.00154911,0.011478918794914405,0.3205947230231644,-0.020559078794914407,-0.25758442302316437
55.74,1.5,0.00154911,27.9101,-0.332495,0.061667,-0.00907469,22.8,0,1785.26,-189.828,0.251315,27.9101,0.00154911,0.011471435347274024,0.32016890768595274,-0.020546125347274024,-0.2585019076859527
55.76,1.5,0.00154911,27.883,-0.334939,0.0565921,-0.00833583,22.8,0,1785.8,-189.689,0.251549,27.883,0.00154911,0.01146070412926504,0.3195588132362971,-0.01979653412926504,-0.2629667132362971
55.78,1.5,0.00154911,27.8721,-0.339239,0.0442954,-0.0096,22.8,0,1786.34,-189.551,0.251782,27.8721,0.00154911,0.011456387556300247,0.31931357960795614,-0.021056387556300245,-0.27501817960795616
55.8,1.5,0.00154911,27.8879,-0.342179,0.0228573,-0.00753933,22.8,0,1786.88,-189.412,0.252016,27.8879,0.00154911,0.011462644545986491,0.3196690848340167,-0.01900197454598649,-0.29681178483401666
55.82,1.5,0.00154911,27.8851,-0.34517,-0.00389989,-0.00795332,22.9,0,1787.42,-189.273,0.252249,27.8851,0.00154911,0.011461535741067456,0.3196060702932401,-0.019414855741067456,-0.32350596029324014
55.84,1.5,0.00154911,27.8592,-0.351255,-0.0294705,-0.00822993,22.9,0,1787.96,-189.133,0.252483,27.8592,0.00154911,0.011451278709635243,0.3190234638274702,-0.019681208709635245,-0.3484939638274702
55.86,1.5,0.00154911,27.8239,-0.358899,-0.0499266,-0.00912555,22.9,0,1788.5,-188.994,0.252716,27.8239,0.00154911,0.011437297347271497,0.3182302176607474,-0.0205628473472715,-0.36815681766074737
55.88,1.4285,0.00147526,27.8263,-0.363119,-0.0639477,-0.00874195,22.9715,0,1789.04,-188.855,0.252946,27.8263,0.00147526,0.010892956900447056,0.3031106865989099,-0.019634906900447058,-0.3670583865989099
55.9,1.4,0.00144583,27.8744,-0.362126,-0.0703694,-0.00834202,23.0855,0,1789.58,-188.716,0.253164,27.8744,0.00144583,0.010693433035626681,0.2980730298082724,-0.019035453035626683,-0.36844242980827235
55.92,1.4,0.00144583,27.8839,-0.359657,-0.068574,-0.0104416,23.185,0,1790.12,-188.576,0.253381,27.8839,0.00144583,0.010696944339026921,0.2982725262549928,-0.02113854433902692,-0.3668465262549928
55.94,1.4,0.00144583,27.871,-0.360072,-0.0602068,-0.00816974,23.2,0,1790.66,-188.436,0.253599,27.871,0.00144583,0.010692176326353525,0.2980016463917991,-0.018861916326353527,-0.3582084463917991
55.96,1.4,0.00144583,27.86,-0.362685,-0.049172,-0.00857413,23.2782,0,1791.2,-188.296,0.253817,27.86,0.00144583,0.010688110385732653,0.2977707553465117,-0.019262240385732654,-0.3469427553465117
55.98,1.4,0.00144583,27.8689,-0.362883,-0.0395617,-0.00769918,23.3,0,1791.74,-188.156,0.254034,27.8689,0.00144583,0.010691400115071446,0.2979575606669146,-0.018390580115071446,-0.33751926066691457
56.0,1.3,0.00134256,27.8555,-0.359334,-0.0331818,-0.0084,23.4,0,1792.27,-188.016,0.254248,27.8555,0.00134256,0.00992315479732155,0.2764144384567904,-0.01832315479732155,-0.3095962384567904
56.02,1.3843,0.00142962,27.8262,-0.356854,-0.0297924,-0.00789052,23.5,0,1792.81,-187.876,0.25445,27.8262,0.00142962,0.010555925347792608,0.29373128991274666,-0.018446445347792606,-0.32352368991274666
56.04,1.4,0.00144583,27.812,-0.359484,-0.0298098,-0.00615015,23.5708,0,1793.35,-187.736,0.254669,27.812,0.00144583,0.010670366017840474,0.2967642196881793,-0.016820516017840473,-0.3265740196881793
56.06,1.31728,0.00136041,27.8197,-0.364311,-0.034359,-0.00762716,23.6,0,1793.89,-187.596,0.254883,27.8197,0.00136041,0.010042635843021007,0.2793831163620915,-0.017669795843021006,-0.3137421163620915
56.08,1.3,0.00134256,27.8461,-0.365693,-0.0417626,-0.00764606,23.6,0,1794.43,-187.455,0.255084,27.8461,0.00134256,0.009919928250082224,0.2762313140446146,-0.017565988250082223,-0.3179939140446146
56.1,1.3,0.00134256,27.8433,-0.362337,-0.0473758,-0.00787602,23.6,0,1794.97,-187.315,0.255285,27.8433,0.00134256,0.009918967127589528,0.2761767774236135,-0.017794987127589527,-0.32355257742361354
56.12,1.3,0.00134256,27.8359,-0.35682,-0.0487918,-0.00849665,23.6,0,1795.51,-187.174,0.255487,27.8359,0.00134256,0.009916426966638237,0.2760326694006453,-0.018413076966638235,-0.3248244694006453
56.14,1.3,0.00134256,27.8267,-0.349957,-0.0479211,-0.00918848,23.7,0,1796.05,-187.033,0.255689,27.8267,0.00134256,0.009913268824506454,0.27585355759889374,-0.019101748824506454,-0.32377465759889373
56.16,1.3,0.00134256,27.8309,-0.339311,-0.0468191,-0.00904122,23.7,0,1796.58,-186.893,0.255891,27.8309,0.00134256,0.009914710599370139,0.2759353192200104,-0.01895593059937014,-0.3227544192200104
56.18,1.3,0.00134256,27.8342,-0.324012,-0.0459389,-0.009963,23.7,0,1797.12,-186.752,0.256093,27.8342,0.00134256,0.009915843405594281,0.2759995685199923,-0.01987884340559428,-0.3219384685199923
56.2,1.3,0.00134256,27.809,-0.307663,-0.0477347,-0.0102,23.7,0,1797.66,-186.611,0.256295,27.809,0.00134256,0.009907192508946176,0.27550911648128423,-0.020107192508946176,-0.32324381648128425
56.22,1.3,0.00134256,27.7777,-0.295022,-0.0571554,-0.0120479,23.7,0,1798.2,-186.47,0.256497,27.7777,0.00134256,0.00989644634060992,0.27490051751556016,-0.02194434634060992,-0.3320559175155602
56.24,1.3,0.00134256,27.7757,-0.288427,-0.0762614,-0.0114,23.7,0,1798.74,-186.329,0.256699,27.7757,0.00134256,0.00989575963911733,0.27486165100823123,-0.021295759639117333,-0.3511230510082312
56.26,1.3,0.00134256,27.7801,-0.287695,-0.100947,-0.0122637,23.7,0,1799.27,-186.188,0.2569,27.7801,0.00134256,0.0098972703752096,0.2749471607503602,-0.0221609703752096,-0.3758941607503602
56.28,1.3,0.00134256,27.759,-0.291733,-0.124388,-0.0125264,23.7,0,1799.81,-186.046,0.257102,27.759,0.00134256,0.009890025469029944,0.2745372169948022,-0.022416425469029944,-0.3989252169948022
56.3,1.3,0.00134256,27.7698,-0.299918,-0.142576,-0.012041,23.7,0,1800.35,-185.905,0.257303,27.7698,0.00134256,0.009893733837975916,0.2747470099338236,-0.021934733837975916,-0.41732300993382365
56.32,1.3,0.00134256,27.8118,-0.310657,-0.156531,-0.0123657,23.7,0,1800.88,-185.764,0.257505,27.8118,0.00134256,0.009908153762452307,0.2755635908105711,-0.022273853762452306,-0.4320945908105711
56.34,1.3,0.00134256,27.8212,-0.31958,-0.169385,-0.0135816,23.7,0,1801.42,-185.622,0.257706,27.8212,0.00134256,0.009911380749607127,0.27574650611096985,-0.023492980749607126,-0.44513150611096985
56.36,1.3,0.00134256,27.8243,-0.323331,-0.180973,-0.0136338,23.7,0,1801.96,-185.48,0.257908,27.8243,0.00134256,0.009912444942351755,0.27580684180947795,-0.023546244942351753,-0.45677984180947795
56.38,1.3,0.00134256,27.8045,-0.323315,-0.187649,-0.0134345,23.7,0,1802.5,-185.338,0.25811,27.8045,0.00134256,0.009905647614847177,0.2754215791070183,-0.02334014761484718,-0.4630705791070183
56.4,1.3,0.00134256,27.7745,-0.321772,-0.188343,-0.0147683,23.7,0,1803.04,-185.196,0.258312,27.7745,0.00134256,0.009895347615606865,0.27483833234967286,-0.024663647615606864,-0.46318133234967285
56.42,1.3,0.00134256,27.7579,-0.318345,-0.186265,-0.0143221,23.7,0,1803.57,-185.054,0.258514,27.7579,0.00134256,0.009889647755875468,0.27451585344281565,-0.02421174775587547,-0.4607808534428156
56.44,1.3,0.00134256,27.7506,-0.313609,-0.183056,-0.0135352,23.7,0,1804.11,-184.912,0.258715,27.7506,0.00134256,0.009887141072301871,0.2743740970410203,-0.023422341072301872,-0.4574300970410203
56.46,1.3,0.00134256,27.7324,-0.311137,-0.175861,-0.0139264,23.7,0,1804.65,-184.77,0.258916,27.7324,0.00134256,0.009880891216686939,0.27402082757764884,-0.02380729121668694,-0.44988182757764883
56.48,1.3,0.00134256,27.7018,-0.313628,-0.161996,-0.0147089,23.7,0,1805.18,-184.628,0.259118,27.7018,0.00134256,0.009870382202347547,0.27342735369299126,-0.02457928220234755,-0.43542335369299123
56.5,1.4,0.00144583,27.6804,-0.319092,-0.142716,-0.01356,23.7,0,1805.72,-184.486,0.259322,27.6804,0.00144583,0.010621699538484693,0.2940128919050717,-0.024181699538484692,-0.4367288919050717
56.52,1.4,0.00144583,27.7,-0.322576,-0.120685,-0.0115448,23.7,0,1806.25,-184.344,0.259543,27.7,0.00144583,0.010628949345078707,0.2944218968586802,-0.022173749345078708,-0.4151068968586802
56.54,1.3,0.00134256,27.7327,-0.322101,-0.0966048,-0.0123958,23.7,0,1806.79,-184.202,0.259755,27.7327,0.00134256,0.009880994239937449,0.2740266489579133,-0.022276794239937447,-0.3706314489579133
56.56,1.4,0.00144583,27.7206,-0.320697,-0.0698134,-0.00997342,23.7,0,1807.32,-184.06,0.259956,27.7206,0.00144583,0.010636568433919249,0.29485205892930194,-0.02060998843391925,-0.3646654589293019
56.58,1.4,0.00144583,27.7094,-0.320831,-0.040601,-0.00927373,23.7,0,1807.86,-183.917,0.260177,27.7094,0.00144583,0.010632426093731075,0.29461814760163185,-0.019906156093731076,-0.33521914760163185
56.6,1.4,0.00144583,27.6882,-0.319975,-0.0109142,-0.0100353,23.7,0,1808.39,-183.774,0.260393,27.6882,0.00144583,0.010624584732911169,0.294175627001791,-0.02065988473291117,-0.305089827001791
56.62,1.4,0.00144583,27.689,-0.314557,0.0175863,-0.00816424,23.7,0,1808.93,-183.632,0.26061,27.689,0.00144583,0.01062488064525721,0.2941923201865269,-0.018789120645257208,-0.2766060201865269
56.64,1.4,0.00144583,27.7064,-0.305809,0.0454976,-0.00793819,23.7,0,1809.46,-183.489,0.260826,27.7064,0.00144583,0.010631316507146084,0.29455550767359223,-0.01856950650714608,-0.24905790767359223
56.66,1.4,0.00144583,27.7109,-0.298358,0.0731129,-0.00727885,23.7,0,1810.0,-183.346,0.261043,27.7109,0.00144583,0.010632980882083993,0.2946494699253413,-0.017911830882083993,-0.22153656992534132
56.68,1.5,0.00154911,27.694,-0.294818,0.0962316,-0.00690974,23.7,0,1810.54,-183.203,0.261263,27.694,0.00154911,0.011385830647922198,0.31531919396355734,-0.0182955706479222,-0.21908759396355734
56.7,1.41363,0.00145991,27.7084,-0.29473,0.108394,-0.00630905,23.7,0,1811.07,-183.06,0.261496,27.7084,0.00145991,0.010735595074662652,0.29746616256678265,-0.01704464507466265,-0.18907216256678266
56.72,1.4,0.00144583,27.7366,-0.296905,0.107091,-0.00558241,23.7,0,1811.61,-182.917,0.26171,27.7366,0.00144583,0.010642485744150157,0.29518637009119525,-0.016224895744150158,-0.18809537009119526
56.74,1.4,0.00144583,27.7287,-0.299903,0.0946403,-0.00797572,23.7,0,1812.14,-182.773,0.261927,27.7287,0.00144583,0.010639564119080198,0.2950212815887391,-0.0186152841190802,-0.20038098158873907
56.76,1.4,0.00144583,27.727,-0.300929,0.0740846,-0.00612528,23.7,0,1812.68,-182.629,0.262143,27.727,0.00144583,0.010638935403000123,0.2949857619189844,-0.016764215403000125,-0.2209011619189844
56.78,1.4,0.00144583,27.7333,-0.296118,0.0472141,-0.0080655,23.7,0,1813.21,-182.486,0.26236,27.7333,0.00144583,0.010641265329605038,0.2951174037655354,-0.018706765329605038,-0.2479033037655354
56.8,1.4,0.00144583,27.7452,-0.283601,0.0166004,-0.00653338,23.3,0,1813.75,-182.342,0.262577,27.7452,0.00144583,0.01064566614345786,0.29536613628346703,-0.01717904614345786,-0.278765736283467
56.82,1.4,0.00144583,27.7589,-0.267341,-0.0126419,-0.00768936,23.3,0,1814.28,-182.198,0.262793,27.7589,0.00144583,0.010650732369679157,0.29565261477668675,-0.018340092369679158,-0.30829451477668673
56.84,1.4,0.00144583,27.7399,-0.255252,-0.0352897,-0.0072884,23.2349,0,1814.82,-182.053,0.26301,27.7399,0.00144583,0.010643706142742883,0.2952553440290733,-0.017932106142742883,-0.33054504402907325
56.86,1.4,0.00144583,27.7011,-0.250877,-0.0498348,-0.00816125,23.2,0,1815.36,-181.909,0.263227,27.7011,0.00144583,0.010629356205324505,0.2944448591793147,-0.018790606205324505,-0.3442796591793147
56.88,1.4,0.00144583,27.6855,-0.25005,-0.0579813,-0.00856317,23.1272,0,1815.89,-181.765,0.263444,27.6855,0.00144583,0.010623586021832549,0.29411929080744503,-0.01918675602183255,-0.35210059080744505
56.9,1.21233,0.00125202,27.7082,-0.247606,-0.0612149,-0.00857534,23.1,0,1816.42,-181.621,0.263653,27.7082,0.00125202,0.009206789255968652,0.2551035580622306,-0.017782129255968653,-0.31631845806223063
56.92,1.2,0.00123929,27.7395,-0.243038,-0.0602994,-0.00936124,23.1,0,1816.96,-181.476,0.263832,27.7395,0.00123929,0.00912310079587808,0.25307025452726,-0.01848434079587808,-0.31336965452726
56.94,1.2,0.00123929,27.7393,-0.237667,-0.0576419,-0.00860186,23.1,0,1817.5,-181.331,0.264018,27.7393,0.00123929,0.009123037398483714,0.2530666713077593,-0.017724897398483715,-0.3107085713077593
56.96,1.2,0.00123929,27.7114,-0.230693,-0.0576051,-0.00786069,23.0,0,1818.03,-181.187,0.264204,27.7114,0.00123929,0.009114192969879647,0.25256704706552285,-0.016974882969879646,-0.3101721470655229
56.98,1.2,0.00123929,27.6991,-0.221258,-0.0630012,-0.00781377,22.9233,0,1818.57,-181.042,0.264389,27.6991,0.00123929,0.009110293502956472,0.2523469307677416,-0.01692406350295647,-0.3153481307677416
57.0,1.01688,0.00105017,27.7004,-0.212109,-0.0715581,-0.00910125,22.9,0,1819.1,-180.897,0.264568,27.7004,0.00105017,0.007720378904295658,0.21385758380055145,-0.016821628904295657,-0.28541568380055143
57.02,0.9,0.000929465,27.6575,-0.207413,-0.0775158,-0.00835241,22.5414,0,1819.64,-180.752,0.264713,27.6575,0.000929465,0.006822807862700007,0.18870180846262544,-0.015175217862700006,-0.26621760846262543
57.04,1.0,0.00103274,27.6159,-0.207118,-0.0779328,-0.00927402,21.9868,0,1820.17,-180.607,0.264852,27.6159,0.00103274,0.007569912967957711,0.20904995953182334,-0.01684393296795771,-0.28698275953182334
57.06,0.917146,0.000947173,27.6007,-0.207236,-0.0750411,-0.0104343,21.6343,0,1820.7,-180.463,0.265006,27.6007,0.000947173,0.0069390279718566554,0.191522029342824,-0.017373327971856655,-0.266563129342824
57.08,0.82595,0.000852991,27.6354,-0.206596,-0.0703379,-0.0089405,21.426,0,1821.23,-180.318,0.265141,27.6354,0.000852991,0.00625662089221848,0.1729042210048146,-0.015197120892218481,-0.24324212100481457
57.1,0.7,0.000722917,27.6893,-0.209641,-0.0620151,-0.00795956,21.4,0,1821.77,-180.173,0.26526,27.6893,0.000722917,0.005312507727155213,0.14709962020951883,-0.013272067727155213,-0.20911472020951882
57.12,0.7,0.000722917,27.6832,-0.220428,-0.0512224,-0.010686,21.138,0,1822.3,-180.028,0.265363,27.6832,0.000722917,0.0053113795483214965,0.14703598231209364,-0.015997379548321495,-0.19825838231209364
57.14,0.7,0.000722917,27.6374,-0.236473,-0.0433127,-0.00833227,20.9016,0,1822.84,-179.883,0.265472,27.6374,0.000722917,0.005302908091034633,0.14655859207516056,-0.013635178091034632,-0.18987129207516057
57.16,0.7,0.000722917,27.6228,-0.251149,-0.0409251,-0.00954448,20.7139,0,1823.37,-179.738,0.26558,27.6228,0.000722917,0.005300207260781012,0.14640656512310174,-0.01484468726078101,-0.18733166512310173
57.18,0.7,0.000722917,27.6173,-0.260839,-0.041426,-0.00922968,20.6213,0,1823.9,-179.593,0.265687,27.6173,0.000722917,0.005299189784383489,0.14634931403225412,-0.014528869784383489,-0.18777531403225411
57.2,0.614232,0.000634342,27.5907,-0.2683,-0.0407762,-0.00925618,20.6,0,1824.44,-179.448,0.265792,27.5907,0.000634342,0.004645591111414496,0.12817511067770393,-0.013901771111414496,-0.16895131067770391
57.22,0.7,0.000722917,27.5587,-0.279142,-0.0374757,-0.00869404,20.6,0,1824.97,-179.303,0.265887,27.5587,0.000722917,0.005288347666228879,0.1457399868293018,-0.01398238766622888,-0.1832156868293018
57.24,0.630454,0.000651094,27.519,-0.294777,-0.0337893,-0.00989546,20.6,0,1825.5,-179.158,0.265995,27.519,0.000651094,0.00475632464547494,0.13088929791882487,-0.01465178464547494,-0.16467859791882486
57.26,0.519433,0.000536438,27.5111,-0.310275,-0.033366,-0.00859433,20.6,0,1826.03,-179.013,0.266085,27.5111,0.000536438,0.003917662851775512,0.10777921448148128,-0.012511992851775513,-0.1411452144814813
57.28,0.4,0.000413096,27.5189,-0.320961,-0.037476,-0.00827832,20.6,0,1826.56,-178.869,0.266156,27.5189,0.000413096,0.0030177080948127844,0.08304400729034353,-0.011296028094812786,-0.12052000729034354
57.3,0.486029,0.000501941,27.5052,-0.328689,-0.0446359,-0.0105441,20.6,0,1827.09,-178.724,0.266216,27.5052,0.000501941,0.003664969432426163,0.1008057172327681,-0.014209069432426164,-0.1454416172327681
57.32,0.4,0.000413096,27.4906,-0.33815,-0.0531206,-0.00998721,20.6,0,1827.62,-178.579,0.266291,27.4906,0.000413096,0.003014715088025086,0.08287632659886243,-0.013001925088025086,-0.13599692659886242
57.34,0.4,0.000413096,27.5145,-0.349582,-0.0618074,-0.00982146,20.5,0,1828.15,-178.435,0.266349,27.5145,0.000413096,0.0030172427728481104,0.08301792627352934,-0.01283870277284811,-0.14482532627352934
57.36,0.4,0.000413096,27.57,-0.359483,-0.0697077,-0.0124555,20.4144,0,1828.68,-178.29,0.26641,27.57,0.000413096,0.003023111585217816,0.08334718640445518,-0.015478611585217815,-0.1530548864044552
57.38,0.4,0.000413096,27.5694,-0.366875,-0.0769135,-0.0135349,20.4,0,1829.22,-178.145,0.266472,27.5694,0.000413096,0.003023048145450328,0.08334362354117827,-0.01655794814545033,-0.16025712354117827
57.4,0.5,0.00051637,27.5415,-0.375123,-0.0853994,-0.0125973,20.4,0,1829.75,-177.999,0.266537,27.5415,0.00051637,0.0037751226592837844,0.10397254072066435,-0.016372422659283785,-0.18937194072066435
57.42,0.5,0.00051637,27.5345,-0.387101,-0.097428,-0.0146797,20.4,0,1830.28,-177.854,0.266618,27.5345,0.00051637,0.003774197380560842,0.1039206377750525,-0.018453897380560844,-0.20134863777505252
57.44,0.5,0.00051637,27.5581,-0.400809,-0.112474,-0.0148,20.4,0,1830.81,-177.709,0.266695,27.5581,0.00051637,0.0037773167898298636,0.10409567382581036,-0.018577316789829865,-0.21656967382581038
57.46,0.5,0.00051637,27.5803,-0.411731,-0.125926,-0.0146788,20.4,0,1831.34,-177.564,0.266771,27.5803,0.00051637,0.0037802508849388143,0.10426045348187798,-0.018459050884938814,-0.230186453481878
57.48,0.5,0.00051637,27.567,-0.418241,-0.132266,-0.0137561,20.4,0,1831.87,-177.418,0.266848,27.567,0.00051637,0.0037784931020008804,0.10416171934285827,-0.01753459310200088,-0.23642771934285828
57.5,0.6,0.000619644,27.5639,-0.421853,-0.130181,-0.0138914,20.4,0,1832.41,-177.273,0.266929,27.5639,0.000619644,0.004533700233259399,0.12496645985953873,-0.018425100233259398,-0.25514745985953874
57.52,0.7,0.000722917,27.5735,-0.422352,-0.123564,-0.0134381,20.4,0,1832.94,-177.128,0.267029,27.5735,0.000722917,0.0052910861848706504,0.14589376491853087,-0.01872918618487065,-0.26945776491853085
57.54,0.7,0.000722917,27.5971,-0.417146,-0.117313,-0.0125835,20.4,0,1833.47,-176.982,0.267141,27.5971,0.000722917,0.005295452681699974,0.14613913720214236,-0.017878952681699974,-0.26345213720214233
57.56,0.7,0.000722917,27.6134,-0.406823,-0.113476,-0.0108002,20.4,0,1834.0,-176.836,0.267249,27.6134,0.000722917,0.005298468287744846,0.1463087242168135,-0.016098668287744845,-0.25978472421681353
57.58,0.873482,0.000902079,27.6009,-0.396214,-0.111362,-0.0110121,20.4,0,1834.53,-176.691,0.267363,27.6009,0.000902079,0.006608713479916783,0.18240643988783514,-0.017620813479916782,-0.29376843988783513
57.6,1.16093,0.00119894,27.5755,-0.388449,-0.109313,-0.00936093,20.4,0,1835.07,-176.545,0.267516,27.5755,0.00119894,0.008775752240279861,0.24199575590183733,-0.01813668224027986,-0.3513087559018373
57.62,1.3866,0.00143199,27.5699,-0.382395,-0.105646,-0.009,20.4,0,1835.6,-176.399,0.267714,27.5699,0.00143199,0.010479532919409307,0.28891967463482265,-0.019479532919409306,-0.39456567463482267
57.64,1.32865,0.00137215,27.5619,-0.376814,-0.0989481,-0.00999894,20.4,0,1836.13,-176.253,0.267934,27.5619,0.00137215,0.010038803937148557,0.27668851023529484,-0.020037743937148557,-0.3756366102352948
57.66,1.3,0.00134256,27.5413,-0.373751,-0.0888091,-0.00835331,20.4,0,1836.66,-176.107,0.268135,27.5413,0.00134256,0.009815240583240865,0.27032448547521165,-0.018168550583240864,-0.3591335854752117
57.68,1.3,0.00134256,27.5112,-0.376097,-0.0773559,-0.00883098,20.4,0,1837.19,-175.961,0.268334,27.5112,0.00134256,0.009804895499320114,0.2697444410608955,-0.018635875499320116,-0.3471003410608955
57.7,1.3,0.00134256,27.4877,-0.382996,-0.0685398,-0.00746654,20.4,0,1837.72,-175.815,0.268533,27.4877,0.00134256,0.009796817922064407,0.2692919919963298,-0.017263357922064407,-0.3378317919963298
57.72,1.2,0.00123929,27.5121,-0.389618,-0.0638542,-0.006,20.4,0,1838.25,-175.669,0.268729,27.5121,0.00123929,0.00905098559792578,0.24901162086869383,-0.01505098559792578,-0.31286582086869386
57.74,1.2,0.00123929,27.5608,-0.391857,-0.0608686,-0.00903637,20.4,0,1838.78,-175.523,0.268909,27.5608,0.00123929,0.009066435234406067,0.24987820820841875,-0.018102805234406067,-0.31074680820841877
57.76,1.2,0.00123929,27.543,-0.38957,-0.0568357,-0.0099252,20.4,0,1839.31,-175.377,0.269094,27.543,0.00123929,0.00906078868782097,0.249561302828653,-0.01898598868782097,-0.306397002828653
57.78,1.2,0.00123929,27.5159,-0.384566,-0.0510623,-0.00889845,20.4,0,1839.85,-175.23,0.269278,27.5159,0.00123929,0.009052191220120598,0.24907918839371634,-0.0179506412201206,-0.30014148839371635
57.8,1.1,0.00113601,27.4934,-0.37794,-0.0435472,-0.0112488,20.4,0,1840.38,-175.084,0.269459,27.4934,0.00113601,0.008291254785274291,0.22795478431346022,-0.01954005478527429,-0.27150198431346023
57.82,0.918399,0.000948466,27.4772,-0.3714,-0.0331281,-0.0095632,20.4,0,1840.91,-174.937,0.269617,27.4772,0.000948466,0.006918515780261945,0.19010144179741353,-0.016481715780261946,-0.22322954179741353
57.84,0.8,0.000826191,27.4658,-0.369408,-0.0187459,-0.00994384,20.4,0,1841.44,-174.791,0.269746,27.4658,0.000826191,0.006024177671806065,0.16545885909829103,-0.015968017671806067,-0.18420475909829104
57.86,0.8,0.000826191,27.4435,-0.376041,-0.0030973,-0.0110395,20.4,0,1841.97,-174.645,0.269864,27.4435,0.000826191,0.00601945985504436,0.16519504653190992,-0.01705895985504436,-0.16829234653190991
57.88,0.8,0.000826191,27.4047,-0.388598,0.00750339,-0.0112491,20.4,0,1842.49,-174.498,0.269987,27.4047,0.000826191,0.006011250294201429,0.16473651093750188,-0.017260350294201428,-0.15723312093750189
57.9,0.8,0.000826191,27.3756,-0.397822,0.00828956,-0.0114,20.4,0,1843.02,-174.352,0.270109,27.3756,0.000826191,0.006005092305226656,0.16439300491096281,-0.017405092305226657,-0.1561034449109628
57.92,0.8,0.000826191,27.3848,-0.396523,-0.000506655,-0.013324,20.4,0,1843.55,-174.206,0.270231,27.3848,0.000826191,0.006007039236624953,0.164501568087127,-0.019331039236624954,-0.16500822308712698
57.94,0.868406,0.000896837,27.3895,-0.386354,-0.0147998,-0.0120736,20.4,0,1844.08,-174.06,0.270356,27.3895,0.000896837,0.006521769495705706,0.17862800560263145,-0.018595369495705706,-0.19342780560263145
