t_s,delta_wheel_deg,delta_road_rad,v_mps,a_long_mps2,a_lat_meas_mps2,yaw_rate_meas_rads,accel_pedal_pct,brake_pressed,x_m,y_m,psi_rad,v_state_mps,delta_state_rad,yaw_rate_pred_rads,a_y_pred_mps2,yaw_rate_resid_rads,a_y_resid_mps2
0,-0.8,-0.000821331,0,0.369998,-0.015,0.001,0,0,0,0,0,0,-0.000821331,-0,-0,0.001,-0.015
0.02,-0.8,-0.000821331,0,0.369819,-0.015904,0.00077873,0,0,7.39996e-05,-7.53613e-13,-2.0368e-08,0,-0.000821331,-0,-0,0.00077873,-0.015904
0.04,-0.8,-0.000821331,0,0.369113,-0.0171413,0.000174336,0,0,0.000147963,-3.01299e-12,-4.07262e-08,0,-0.000821331,-0,-0,0.000174336,-0.0171413
0.06,-0.8,-0.000821331,0,0.367432,-0.0188564,0.000199464,0,0,0.000221786,-6.76952e-12,-6.10455e-08,0,-0.000821331,-0,-0,0.000199464,-0.0188564
0.08,-0.8,-0.000821331,0,0.36457,-0.020774,0.000177375,0,0,0.000295272,-1.19987e-11,-8.12723e-08,0,-0.000821331,-0,-0,0.000177375,-0.020774
0.1,-0.8,-0.000821331,0,0.360875,-0.0221105,0.0002,0,0,0.000368186,-1.86563e-11,-1.01342e-07,0,-0.000821331,-0,-0,0.0002,-0.0221105
0.12,-0.8,-0.000821331,0,0.35754,-0.0220687,0.0002,0,0,0.000440361,-2.66875e-11,-1.21207e-07,0,-0.000821331,-0,-0,0.0002,-0.0220687
0.14,-0.8,-0.000821331,0,0.356182,-0.0206362,0.0002,0,0,0.000511869,-3.60585e-11,-1.4089e-07,0,-0.000821331,-0,-0,0.0002,-0.0206362
0.16,-0.8,-0.000821331,0,0.357575,-0.0186045,0.000225235,0,0,0.000583106,-4.67934e-11,-1.60497e-07,0,-0.000821331,-0,-0,0.000225235,-0.0186045
0.18,-0.8,-0.000821331,0,0.360889,-0.0167933,0.0012,0,0,0.000654621,-5.89752e-11,-1.80181e-07,0,-0.000821331,-0,-0,0.0012,-0.0167933
0.2,-0.8,-0.000821331,0,0.3645,-0.0155617,0.0012,0,0,0.000726799,-7.26973e-11,-2.00048e-07,0,-0.000821331,-0,-0,0.0012,-0.0155617
0.22,-0.8,-0.000821331,0,0.367262,-0.0149018,0.000788555,0,0,0.000799699,-8.80121e-11,-2.20113e-07,0,-0.000821331,-0,-0,0.000788555,-0.0149018
0.24,-0.8,-0.000821331,0,0.368894,-0.0146559,0.000382184,0,0,0.000873151,-1.04922e-10,-2.40331e-07,0,-0.000821331,-0,-0,0.000382184,-0.0146559
0.26,-0.8,-0.000821331,0,0.369695,-0.0146473,0.0004,0,0,0.00094693,-1.23403e-10,-2.60638e-07,0,-0.000821331,-0,-0,0.0004,-0.0146473
0.28,-0.8,-0.000821331,0,0.370235,-0.0147389,0.000415447,0,0,0.00102087,-1.43427e-10,-2.80989e-07,0,-0.000821331,-0,-0,0.000415447,-0.0147389
0.3,-0.8,-0.000821331,0,0.371159,-0.0148471,0.0008,0,0,0.00109492,-1.64988e-10,-3.0137e-07,0,-0.000821331,-0,-0,0.0008,-0.0148471
0.32,-0.8,-0.000821331,0,0.373039,-0.0149328,0.000972003,0,0,0.00116915,-1.88117e-10,-3.21802e-07,0,-0.000821331,-0,-0,0.000972003,-0.0149328
0.34,-0.8,-0.000821331,0,0.376155,-0.0149859,0.0004,0,0,0.00124376,-2.12892e-10,-3.42338e-07,0,-0.000821331,-0,-0,0.0004,-0.0149859
0.36,-0.8,-0.000821331,0,0.380146,-0.015011,0.000192497,0,0,0.00131899,-2.39425e-10,-3.63045e-07,0,-0.000821331,-0,-0,0.000192497,-0.015011
0.38,-0.8,-0.000821331,0,0.383684,-0.0150177,0,0,0,0.00139502,-2.67823e-10,-3.83971e-07,0,-0.000821331,-0,-0,0,-0.0150177
0.4,-0.8,-0.000821331,0,0.384876,-0.0150151,0,0,0,0.00147175,-2.98098e-10,-4.05093e-07,0,-0.000821331,-0,-0,0,-0.0150151
0.42,-0.8,-0.000821331,0,0.382553,-0.0150104,8.21142e-06,0,0,0.00154873,-3.30096e-10,-4.2628e-07,0,-0.000821331,-0,-0,8.21142e-06,-0.0150104
0.44,-0.8,-0.000821331,0,0.377119,-0.0150078,0.000615544,0,0,0.00162524,-3.63516e-10,-4.47339e-07,0,-0.000821331,-0,-0,0.000615544,-0.0150078
0.46,-0.8,-0.000821331,0,0.369944,-0.01501,0.000616015,0,0,0.00170066,-3.98039e-10,-4.68099e-07,0,-0.000821331,-0,-0,0.000616015,-0.01501
0.48,-0.8,-0.000821331,0,0.362457,-0.0150175,0.00101546,0,0,0.00177465,-4.33427e-10,-4.88464e-07,0,-0.000821331,-0,-0,0.00101546,-0.0150175
0.5,-0.8,-0.000821331,0,0.356126,-0.0150288,0.000984888,0,0,0.00184714,-4.69559e-10,-5.08417e-07,0,-0.000821331,-0,-0,0.000984888,-0.0150288
0.52,-0.8,-0.000821331,0,0.352493,-0.0150388,0.000443441,0,0,0.00191837,-5.06469e-10,-5.28021e-07,0,-0.000821331,-0,-0,0.000443441,-0.0150388
0.54,-0.8,-0.000821331,0,0.352431,-0.0150377,0.0010239,0,0,0.00198887,-5.44378e-10,-5.47426e-07,0,-0.000821331,-0,-0,0.0010239,-0.0150377
0.56,-0.8,-0.000821331,0,0.355767,-0.0150095,0.000956672,0,0,0.00205935,-5.83648e-10,-5.66827e-07,0,-0.000821331,-0,-0,0.000956672,-0.0150095
0.58,-0.8,-0.000821331,0,0.362097,-0.0149344,0.0004,0,0,0.00213051,-6.24676e-10,-5.86411e-07,0,-0.000821331,-0,-0,0.0004,-0.0149344
0.6,-0.8,-0.000821331,0,0.371165,-0.0147945,0.0004,0,0,0.00220292,-6.67866e-10,-6.06344e-07,0,-0.000821331,-0,-0,0.0004,-0.0147945
0.62,-0.8,-0.000821331,0,0.3819,-0.0145897,0.000368982,0,0,0.00227716,-7.13635e-10,-6.26777e-07,0,-0.000821331,-0,-0,0.000368982,-0.0145897
0.64,-0.8,-0.000821331,0,0.392028,-0.0143615,1.3567e-05,0,0,0.00235354,-7.62311e-10,-6.478e-07,0,-0.000821331,-0,-0,1.3567e-05,-0.0143615
0.66,-0.8,-0.000821331,0,0.399283,-0.0142261,0.0004,0,0,0.00243194,-8.13948e-10,-6.69381e-07,0,-0.000821331,-0,-0,0.0004,-0.0142261
0.68,-0.8,-0.000821331,0,0.402555,-0.0144039,0.0002,0,0,0.0025118,-8.6828e-10,-6.91361e-07,0,-0.000821331,-0,-0,0.0002,-0.0144039
0.7,-0.8,-0.000821331,0,0.401895,-0.0152243,0.000420562,0,0,0.00259231,-9.24835e-10,-7.13521e-07,0,-0.000821331,-0,-0,0.000420562,-0.0152243
0.72,-0.8,-0.000821331,0,0.398134,-0.0170652,0.0008,0,0,0.00267269,-9.83076e-10,-7.35645e-07,0,-0.000821331,-0,-0,0.0008,-0.0170652
0.74,-0.8,-0.000821331,0,0.392721,-0.0201748,0.000543602,0,0,0.00275232,-1.04253e-09,-7.57562e-07,0,-0.000821331,-0,-0,0.000543602,-0.0201748
0.76,-0.8,-0.000821331,0,0.387284,-0.0243254,0,0,0,0.00283086,-1.10288e-09,-7.79181e-07,0,-0.000821331,-0,-0,0,-0.0243254
0.78,-0.8,-0.000821331,0,0.382691,-0.0284831,6.24713e-06,0,0,0.00290832,-1.16405e-09,-8.005e-07,0,-0.000821331,-0,-0,6.24713e-06,-0.0284831
0.8,-0.8,-0.000821331,0,0.378808,-0.0311482,0.000818074,0,0,0.00298486,-1.22613e-09,-8.21567e-07,0,-0.000821331,-0,-0,0.000818074,-0.0311482
0.82,-0.8,-0.000821331,0,0.375355,-0.0315016,0.000780584,0,0,0.00306062,-1.28916e-09,-8.4242e-07,0,-0.000821331,-0,-0,0.000780584,-0.0315016
0.84,-0.8,-0.000821331,0,0.372417,-0.0299614,0.0002,0,0,0.00313569,-1.35318e-09,-8.63083e-07,0,-0.000821331,-0,-0,0.0002,-0.0299614
0.86,-0.8,-0.000821331,0,0.370061,-0.0273132,0.0002,0,0,0.00321017,-1.41823e-09,-8.83584e-07,0,-0.000821331,-0,-0,0.0002,-0.0273132
0.88,-0.8,-0.000821331,0,0.368073,-0.0239741,0.000183073,0,0,0.00328418,-1.48438e-09,-9.03956e-07,0,-0.000821331,-0,-0,0.000183073,-0.0239741
0.9,-0.8,-0.000821331,0,0.366194,-0.0204019,0,0,0,0.0033578,-1.55167e-09,-9.24218e-07,0,-0.000821331,-0,-0,0,-0.0204019
0.92,-0.8,-0.000821331,0,0.364498,-0.017382,0,0,0,0.00343104,-1.6201e-09,-9.44377e-07,0,-0.000821331,-0,-0,0,-0.017382
0.94,-0.8,-0.000821331,0,0.363512,-0.0156088,0.000427306,0,0,0.00350394,-1.68967e-09,-9.64442e-07,0,-0.000821331,-0,-0,0.000427306,-0.0156088
0.96,-0.8,-0.000821331,0,0.363689,-0.0154221,0.001,0,0,0.00357664,-1.76052e-09,-9.84453e-07,0,-0.000821331,-0,-0,0.001,-0.0154221
0.98,-0.8,-0.000821331,0,0.364591,-0.0169141,0.000789852,0,0,0.00364938,-1.83285e-09,-1.00447e-06,0,-0.000821331,-0,-0,0.000789852,-0.0169141
1,-0.8,-0.000821331,0,0.364927,-0.0199547,0.0006,0,0,0.0037223,-1.90683e-09,-1.02454e-06,0,-0.000821331,-0,-0,0.0006,-0.0199547
1.02,-0.8,-0.000821331,0,0.363471,-0.0239397,0.0012,0,0,0.00379528,-1.98234e-09,-1.04463e-06,0,-0.000821331,-0,-0,0.0012,-0.0239397
1.04,-0.8,-0.000821331,0,0.35987,-0.0275119,0.000772915,0,0,0.00386798,-2.059e-09,-1.06464e-06,0,-0.000821331,-0,-0,0.000772915,-0.0275119
1.06,-0.8,-0.000821331,0,0.354902,-0.0289766,0,0,0,0.00393995,-2.13634e-09,-1.08445e-06,0,-0.000821331,-0,-0,0,-0.0289766
1.08,-0.8,-0.000821331,0,0.350043,-0.0275651,-1.46417e-05,0,0,0.00401093,-2.21401e-09,-1.10399e-06,0,-0.000821331,-0,-0,-1.46417e-05,-0.0275651
1.1,-0.8,-0.000821331,0,0.346456,-0.0241414,-0.0002,0,0,0.00408094,-2.29197e-09,-1.12326e-06,0,-0.000821331,-0,-0,-0.0002,-0.0241414
1.12,-0.8,-0.000821331,0,0.344637,-0.0203467,-5.10656e-06,0,0,0.00415023,-2.37047e-09,-1.14233e-06,0,-0.000821331,-0,-0,-5.10656e-06,-0.0203467
1.14,-0.8,-0.000821331,0,0.34503,-0.0173411,0.000441189,0,0,0.00421916,-2.44986e-09,-1.1613e-06,0,-0.000821331,-0,-0,0.000441189,-0.0173411
1.16,-0.8,-0.000821331,0,0.348095,-0.0154503,0.000557176,0,0,0.00428816,-2.53065e-09,-1.1803e-06,0,-0.000821331,-0,-0,0.000557176,-0.0154503
1.18,-0.8,-0.000821331,0,0.353411,-0.0144885,0.000224779,0,0,0.00435778,-2.61349e-09,-1.19946e-06,0,-0.000821331,-0,-0,0.000224779,-0.0144885
1.2,-0.8,-0.000821331,0,0.359375,-0.014109,0.000583989,0,0,0.00442846,-2.69896e-09,-1.21891e-06,0,-0.000821331,-0,-0,0.000583989,-0.014109
1.22,-0.8,-0.000821331,0,0.364137,-0.0140036,0.000215288,0,0,0.00450034,-2.78728e-09,-1.2387e-06,0,-0.000821331,-0,-0,0.000215288,-0.0140036
1.24,-0.8,-0.000821331,0,0.366653,-0.0139973,0.0004,0,0,0.00457317,-2.87822e-09,-1.25874e-06,0,-0.000821331,-0,-0,0.0004,-0.0139973
1.26,-0.8,-0.000821331,0,0.366915,-0.0140819,0.000643669,0,0,0.0046465,-2.97126e-09,-1.27893e-06,0,-0.000821331,-0,-0,0.000643669,-0.0140819
1.28,-0.8,-0.000821331,0,0.365702,-0.0144181,0.0012,0,0,0.00471988,-3.06586e-09,-1.29912e-06,0,-0.000821331,-0,-0,0.0012,-0.0144181
1.3,-0.8,-0.000821331,0,0.364261,-0.0153063,0.00119761,0,0,0.00479302,-3.16161e-09,-1.31926e-06,0,-0.000821331,-0,-0,0.00119761,-0.0153063
1.32,-0.8,-0.000821331,0,0.363616,-0.017101,3.53465e-05,0,0,0.00486587,-3.25845e-09,-1.33931e-06,0,-0.000821331,-0,-0,3.53465e-05,-0.017101
1.34,-0.8,-0.000821331,0,0.363777,-0.0200226,1.41914e-05,0,0,0.0049386,-3.35658e-09,-1.35932e-06,0,-0.000821331,-0,-0,1.41914e-05,-0.0200226
1.36,-0.8,-0.000821331,0,0.363914,-0.0238217,0.000390971,0,0,0.00501135,-3.4562e-09,-1.37935e-06,0,-0.000821331,-0,-0,0.000390971,-0.0238217
1.38,-0.8,-0.000821331,0,0.363375,-0.027473,0,0,0,0.00508413,-3.55733e-09,-1.39938e-06,0,-0.000821331,-0,-0,0,-0.027473
1.4,-0.8,-0.000821331,0,0.362261,-0.0295449,2.027e-05,0,0,0.00515681,-3.65975e-09,-1.41939e-06,0,-0.000821331,-0,-0,2.027e-05,-0.0295449
1.42,-0.8,-0.000821331,0,0.360896,-0.0293987,0.000387364,0,0,0.00522926,-3.76331e-09,-1.43933e-06,0,-0.000821331,-0,-0,0.000387364,-0.0293987
1.44,-0.8,-0.000821331,0,0.359039,-0.0278312,0.00121282,0,0,0.00530144,-3.86792e-09,-1.4592e-06,0,-0.000821331,-0,-0,0.00121282,-0.0278312
1.46,-0.8,-0.000821331,0,0.356177,-0.026066,0.0011585,0,0,0.00537325,-3.97341e-09,-1.47896e-06,0,-0.000821331,-0,-0,0.0011585,-0.026066
1.48,-0.8,-0.000821331,0,0.352668,-0.024415,0.000386185,0,0,0.00544448,-4.07946e-09,-1.49857e-06,0,-0.000821331,-0,-0,0.000386185,-0.024415
1.5,-0.8,-0.000821331,0,0.349964,-0.0224221,2.30993e-06,0,0,0.00551502,-4.18585e-09,-1.51798e-06,0,-0.000821331,-0,-0,2.30993e-06,-0.0224221
1.52,-0.8,-0.000821331,0,0.349325,-0.0199561,0.000587247,0,0,0.00558501,-4.29277e-09,-1.53725e-06,0,-0.000821331,-0,-0,0.000587247,-0.0199561
1.54,-0.8,-0.000821331,0,0.350498,-0.0175119,0.0012,0,0,0.00565487,-4.40084e-09,-1.55648e-06,0,-0.000821331,-0,-0,0.0012,-0.0175119
1.56,-0.8,-0.000821331,0,0.351951,-0.0156235,0.000726841,0,0,0.00572497,-4.51063e-09,-1.57577e-06,0,-0.000821331,-0,-0,0.000726841,-0.0156235
1.58,-0.8,-0.000821331,0,0.352401,-0.0145101,5.37161e-06,0,0,0.00579536,-4.62223e-09,-1.59515e-06,0,-0.000821331,-0,-0,5.37161e-06,-0.0145101
1.6,-0.8,-0.000821331,0,0.351804,-0.0142124,0.000414185,0,0,0.00586584,-4.73534e-09,-1.61455e-06,0,-0.000821331,-0,-0,0.000414185,-0.0142124
1.62,-0.8,-0.000821331,0,0.351028,-0.0147856,0.0006,0,0,0.00593621,-4.84962e-09,-1.63391e-06,0,-0.000821331,-0,-0,0.0006,-0.0147856
1.64,-0.8,-0.000821331,0,0.351068,-0.016347,-4.48823e-05,0,0,0.00600641,-4.96501e-09,-1.65324e-06,0,-0.000821331,-0,-0,-4.48823e-05,-0.016347
1.66,-0.8,-0.000821331,0,0.352328,-0.0189648,-0.000391669,0,0,0.00607663,-5.08177e-09,-1.67256e-06,0,-0.000821331,-0,-0,-0.000391669,-0.0189648
1.68,-0.8,-0.000821331,0,0.35443,-0.022376,0,0,0,0.00614709,-5.20031e-09,-1.69196e-06,0,-0.000821331,-0,-0,0,-0.022376
1.7,-0.8,-0.000821331,0,0.357023,-0.025742,0.000210257,0,0,0.00621798,-5.32093e-09,-1.71147e-06,0,-0.000821331,-0,-0,0.000210257,-0.025742
1.72,-0.8,-0.000821331,0,0.360192,-0.0278848,0.000989449,0,0,0.00628938,-5.44384e-09,-1.73112e-06,0,-0.000821331,-0,-0,0.000989449,-0.0278848
1.74,-0.8,-0.000821331,0,0.363413,-0.0279503,0.00117748,0,0,0.00636142,-5.56926e-09,-1.75095e-06,0,-0.000821331,-0,-0,0.00117748,-0.0279503
1.76,-0.8,-0.000821331,0,0.365141,-0.0259153,0.0008,0,0,0.0064341,-5.69725e-09,-1.77096e-06,0,-0.000821331,-0,-0,0.0008,-0.0259153
1.78,-0.8,-0.000821331,0,0.364376,-0.0226266,0.000778032,0,0,0.00650713,-5.82732e-09,-1.79106e-06,0,-0.000821331,-0,-0,0.000778032,-0.0226266
1.8,-0.8,-0.000821331,0,0.361912,-0.0192966,0.000584336,0,0,0.00658001,-5.95857e-09,-1.81111e-06,0,-0.000821331,-0,-0,0.000584336,-0.0192966
1.82,-0.8,-0.000821331,0,0.359514,-0.016774,0.000215932,0,0,0.00665239,-6.09039e-09,-1.83104e-06,0,-0.000821331,-0,-0,0.000215932,-0.016774
1.84,-0.8,-0.000821331,0,0.358452,-0.01527,0.0002,0,0,0.00672429,-6.22275e-09,-1.85083e-06,0,-0.000821331,-0,-0,0.0002,-0.01527
1.86,-0.8,-0.000821331,0,0.358847,-0.0145931,0.000184373,0,0,0.00679598,-6.35615e-09,-1.87056e-06,0,-0.000821331,-0,-0,0.000184373,-0.0145931
1.88,-0.8,-0.000821331,0,0.359805,-0.0144314,0,0,0,0.00686775,-6.49111e-09,-1.89032e-06,0,-0.000821331,-0,-0,0,-0.0144314
1.9,-0.8,-0.000821331,0,0.360186,-0.0144991,0,0,0,0.00693971,-6.62785e-09,-1.91012e-06,0,-0.000821331,-0,-0,0,-0.0144991
1.92,-0.8,-0.000821331,0,0.359518,-0.0145906,0.000382825,0,0,0.00701175,-6.76616e-09,-1.92995e-06,0,-0.000821331,-0,-0,0.000382825,-0.0145906
1.94,-0.8,-0.000821331,0,0.357954,-0.0145865,0.0006,0,0,0.00708365,-6.90564e-09,-1.94974e-06,0,-0.000821331,-0,-0,0.0006,-0.0145865
1.96,-0.8,-0.000821331,0,0.355622,-0.014448,0.0006,0,0,0.00715524,-7.04593e-09,-1.96945e-06,0,-0.000821331,-0,-0,0.0006,-0.014448
1.98,-0.8,-0.000821331,0,0.352767,-0.0142211,0.0008,0,0,0.00722637,-7.18671e-09,-1.98902e-06,0,-0.000821331,-0,-0,0.0008,-0.0142211
2,-0.8,-0.000821331,0,0.350168,-0.014057,0.000784658,0,0,0.00729692,-7.32772e-09,-2.00844e-06,0,-0.000821331,-0,-0,0.000784658,-0.014057
2.02,-0.8,-0.000821331,0,0.348616,-0.0142387,0.00041714,0,0,0.00736695,-7.46906e-09,-2.02772e-06,0,-0.000821331,-0,-0,0.00041714,-0.0142387
2.04,-0.8,-0.000821331,0,0.34833,-0.0151851,0.001,0,0,0.00743668,-7.6111e-09,-2.04691e-06,0,-0.000821331,-0,-0,0.001,-0.0151851
2.06,-0.8,-0.000821331,0,0.349178,-0.0173816,0.000614956,0,0,0.00750634,-7.75437e-09,-2.06608e-06,0,-0.000821331,-0,-0,0.000614956,-0.0173816
2.08,-0.8,-0.000821331,0,0.350675,-0.0211712,0.000791731,0,0,0.00757618,-7.89933e-09,-2.08531e-06,0,-0.000821331,-0,-0,0.000791731,-0.0211712
2.1,-0.8,-0.000821331,0,0.351889,-0.026336,0,0,0,0.00764631,-8.04626e-09,-2.10461e-06,0,-0.000821331,-0,-0,0,-0.026336
2.12,-0.8,-0.000821331,0,0.352257,-0.0316554,0,0,0,0.00771669,-8.19506e-09,-2.12398e-06,0,-0.000821331,-0,-0,0,-0.0316554
2.14,-0.8,-0.000821331,0,0.352148,-0.0351079,1.77293e-05,0,0,0.00778714,-8.34538e-09,-2.14337e-06,0,-0.000821331,-0,-0,1.77293e-05,-0.0351079
2.16,-0.8,-0.000821331,0,0.351946,-0.0350686,0.000620789,0,0,0.00785757,-8.49702e-09,-2.16276e-06,0,-0.000821331,-0,-0,0.000620789,-0.0350686
2.18,-0.8,-0.000821331,0,0.351281,-0.0315573,0.000576471,0,0,0.00792796,-8.64994e-09,-2.18213e-06,0,-0.000821331,-0,-0,0.000576471,-0.0315573
2.2,-0.8,-0.000821331,0,0.349927,-0.0262219,0.000637407,0,0,0.00799822,-8.80392e-09,-2.20147e-06,0,-0.000821331,-0,-0,0.000637407,-0.0262219
2.22,-0.8,-0.000821331,0,0.348739,-0.0210743,0.0012,0,0,0.0080682,-8.95867e-09,-2.22073e-06,0,-0.000821331,-0,-0,0.0012,-0.0210743
2.24,-0.8,-0.000821331,0,0.348864,-0.0173129,0.000583441,0,0,0.00813795,-9.11423e-09,-2.23993e-06,0,-0.000821331,-0,-0,0.000583441,-0.0173129
2.26,-0.8,-0.000821331,0,0.350289,-0.0151417,0.00081894,0,0,0.00820773,-9.27119e-09,-2.25914e-06,0,-0.000821331,-0,-0,0.00081894,-0.0151417
2.28,-0.8,-0.000821331,0,0.351793,-0.0142164,0.00110384,0,0,0.00827778,-9.43013e-09,-2.27842e-06,0,-0.000821331,-0,-0,0.00110384,-0.0142164
2.3,-0.8,-0.000821331,0,0.352331,-0.0140582,0.000362076,0,0,0.00834814,-9.59112e-09,-2.29779e-06,0,-0.000821331,-0,-0,0.000362076,-0.0140582
2.32,-0.8,-0.000821331,0,0.351997,-0.0142583,0.000378037,0,0,0.00841861,-9.75372e-09,-2.31718e-06,0,-0.000821331,-0,-0,0.000378037,-0.0142583
2.34,-0.8,-0.000821331,0,0.351739,-0.0145429,0.000766618,0,0,0.00848901,-9.91753e-09,-2.33656e-06,0,-0.000821331,-0,-0,0.000766618,-0.0145429
2.36,-0.8,-0.000821331,0,0.352575,-0.0147614,0,0,0,0.00855935,-1.00826e-08,-2.35592e-06,0,-0.000821331,-0,-0,0,-0.0147614
2.38,-0.8,-0.000821331,0,0.354778,-0.0148495,-0.000191647,0,0,0.00862987,-1.02494e-08,-2.37533e-06,0,-0.000821331,-0,-0,-0.000191647,-0.0148495
2.4,-0.8,-0.000821331,0,0.357538,-0.0147966,0.000395881,0,0,0.00870083,-1.04186e-08,-2.39486e-06,0,-0.000821331,-0,-0,0.000395881,-0.0147966
2.42,-0.8,-0.000821331,0,0.359844,-0.0146312,0.0004,0,0,0.00877233,-1.05906e-08,-2.41454e-06,0,-0.000821331,-0,-0,0.0004,-0.0146312
2.44,-0.8,-0.000821331,0,0.361602,-0.0144274,0.000185375,0,0,0.0088443,-1.07651e-08,-2.43435e-06,0,-0.000821331,-0,-0,0.000185375,-0.0144274
2.46,-0.8,-0.000821331,0,0.363362,-0.0143279,0,0,0,0.00891662,-1.09418e-08,-2.45426e-06,0,-0.000821331,-0,-0,0,-0.0143279
2.48,-0.8,-0.000821331,0,0.365149,-0.014567,0.0002,0,0,0.00898929,-1.11209e-08,-2.47426e-06,0,-0.000821331,-0,-0,0.0002,-0.014567
2.5,-0.8,-0.000821331,0,0.366174,-0.0154677,0.0002,0,0,0.00906232,-1.13024e-08,-2.49436e-06,0,-0.000821331,-0,-0,0.0002,-0.0154677
2.52,-0.8,-0.000821331,0,0.365589,-0.0173712,0.0002,0,0,0.00913556,-1.14858e-08,-2.51452e-06,0,-0.000821331,-0,-0,0.0002,-0.0173712
2.54,-0.8,-0.000821331,0,0.363171,-0.0204477,0.0006,0,0,0.00920868,-1.16704e-08,-2.53464e-06,0,-0.000821331,-0,-0,0.0006,-0.0204477
2.56,-0.8,-0.000821331,0,0.359448,-0.0243456,0.0006,0,0,0.00928131,-1.18552e-08,-2.55464e-06,0,-0.000821331,-0,-0,0.0006,-0.0243456
2.58,-0.8,-0.000821331,0,0.355321,-0.0278721,0.00050062,0,0,0.0093532,-1.20395e-08,-2.57442e-06,0,-0.000821331,-0,-0,0.00050062,-0.0278721
2.6,-0.8,-0.000821331,0,0.351486,-0.0293713,0.000401735,0,0,0.00942427,-1.22232e-08,-2.59398e-06,0,-0.000821331,-0,-0,0.000401735,-0.0293713
2.62,-0.8,-0.000821331,0,0.348303,-0.027996,0.000602903,0,0,0.00949456,-1.24062e-08,-2.61333e-06,0,-0.000821331,-0,-0,0.000602903,-0.027996
2.64,-0.8,-0.000821331,0,0.346199,-0.0245262,0.00070354,0,0,0.00956422,-1.25889e-08,-2.63251e-06,0,-0.000821331,-0,-0,0.00070354,-0.0245262
2.66,-0.8,-0.000821331,0,0.345993,-0.020609,0.000590196,0,0,0.00963346,-1.27719e-08,-2.65156e-06,0,-0.000821331,-0,-0,0.000590196,-0.020609
2.68,-0.8,-0.000821331,0,0.348466,-0.0174638,0.00064244,0,0,0.00970266,-1.2956e-08,-2.67061e-06,0,-0.000821331,-0,-0,0.00064244,-0.0174638
2.7,-0.8,-0.000821331,0,0.353397,-0.015459,0.000990478,0,0,0.00977235,-1.31428e-08,-2.68979e-06,0,-0.000821331,-0,-0,0.000990478,-0.015459
2.72,-0.8,-0.000821331,0,0.359332,-0.014428,0.000188707,0,0,0.00984303,-1.33336e-08,-2.70925e-06,0,-0.000821331,-0,-0,0.000188707,-0.014428
2.74,-0.8,-0.000821331,0,0.36457,-0.0140373,0.000212531,0,0,0.0099149,-1.3529e-08,-2.72903e-06,0,-0.000821331,-0,-0,0.000212531,-0.0140373
2.76,-0.8,-0.000821331,0,0.368197,-0.013998,0.000183496,0,0,0.00998781,-1.37287e-08,-2.7491e-06,0,-0.000821331,-0,-0,0.000183496,-0.013998
2.78,-0.8,-0.000821331,0,0.370205,-0.0141599,1.25967e-05,0,0,0.0100615,-1.39319e-08,-2.76937e-06,0,-0.000821331,-0,-0,1.25967e-05,-0.0141599
2.8,-0.8,-0.000821331,0,0.371049,-0.0145317,0.0008,0,0,0.0101355,-1.41377e-08,-2.78975e-06,0,-0.000821331,-0,-0,0.0008,-0.0145317
2.82,-0.8,-0.000821331,0,0.371247,-0.0152519,0.000196372,0,0,0.0102097,-1.43455e-08,-2.81017e-06,0,-0.000821331,-0,-0,0.000196372,-0.0152519
2.84,-0.8,-0.000821331,0,0.371194,-0.0165107,0,0,0,0.010284,-1.45549e-08,-2.83061e-06,0,-0.000821331,-0,-0,0,-0.0165107
2.86,-0.8,-0.000821331,0,0.371082,-0.0184067,0.000215659,0,0,0.0103582,-1.47658e-08,-2.85104e-06,0,-0.000821331,-0,-0,0.000215659,-0.0184067
2.88,-0.8,-0.000821331,0,0.370901,-0.0207155,0.0008,0,0,0.0104324,-1.49782e-08,-2.87147e-06,0,-0.000821331,-0,-0,0.0008,-0.0207155
2.9,-0.8,-0.000821331,0,0.370455,-0.0227822,0.000619821,0,0,0.0105066,-1.51919e-08,-2.89189e-06,0,-0.000821331,-0,-0,0.000619821,-0.0227822
2.92,-0.8,-0.000821331,0,0.369412,-0.0239733,6.06241e-06,0,0,0.0105807,-1.5407e-08,-2.91228e-06,0,-0.000821331,-0,-0,6.06241e-06,-0.0239733
2.94,-0.8,-0.000821331,0,0.367415,-0.0243287,0.000226675,0,0,0.0106546,-1.56229e-08,-2.93262e-06,0,-0.000821331,-0,-0,0.000226675,-0.0243287
2.96,-0.8,-0.000821331,0,0.364291,-0.0242996,0.000782859,0,0,0.010728,-1.58391e-08,-2.95284e-06,0,-0.000821331,-0,-0,0.000782859,-0.0242996
2.98,-0.8,-0.000821331,0,0.360425,-0.0238665,0.000210419,0,0,0.0108009,-1.6055e-08,-2.9729e-06,0,-0.000821331,-0,-0,0.000210419,-0.0238665
3,-0.8,-0.000821331,0,0.357069,-0.0225868,0.0006,0,0,0.010873,-1.627e-08,-2.99274e-06,0,-0.000821331,-0,-0,0.0006,-0.0225868
3.02,-0.8,-0.000821331,0,0.355916,-0.0204805,0.000789467,0,0,0.0109444,-1.64844e-08,-3.01239e-06,0,-0.000821331,-0,-0,0.000789467,-0.0204805
3.04,-0.8,-0.000821331,0,0.357795,-0.0182077,0.0006,0,0,0.0110156,-1.66996e-08,-3.03199e-06,0,-0.000821331,-0,-0,0.0006,-0.0182077
3.06,-0.8,-0.000821331,0,0.36191,-0.0164066,0.0006,0,0,0.0110871,-1.69172e-08,-3.05168e-06,0,-0.000821331,-0,-0,0.0006,-0.0164066
3.08,-0.8,-0.000821331,0,0.366601,-0.0152892,0.0006,0,0,0.0111595,-1.71388e-08,-3.07161e-06,0,-0.000821331,-0,-0,0.0006,-0.0152892
3.1,-0.8,-0.000821331,0,0.370488,-0.0147591,0.0004,0,0,0.0112328,-1.73648e-08,-3.09179e-06,0,-0.000821331,-0,-0,0.0004,-0.0147591
3.12,-0.8,-0.000821331,0,0.372684,-0.0146173,0.0004,0,0,0.0113069,-1.75946e-08,-3.11218e-06,0,-0.000821331,-0,-0,0.0004,-0.0146173
3.14,-0.8,-0.000821331,0,0.372565,-0.014673,0.00041237,0,0,0.0113815,-1.78274e-08,-3.1327e-06,0,-0.000821331,-0,-0,0.00041237,-0.014673
3.16,-0.8,-0.000821331,0,0.37023,-0.0147853,0.000563876,0,0,0.011456,-1.80616e-08,-3.15321e-06,0,-0.000821331,-0,-0,0.000563876,-0.0147853
3.18,-0.8,-0.000821331,0,0.367248,-0.0148662,0,0,0,0.01153,-1.82958e-08,-3.17359e-06,0,-0.000821331,-0,-0,0,-0.0148662
3.2,-0.8,-0.000821331,0,0.365876,-0.0148682,0,0,0,0.0116035,-1.85296e-08,-3.1938e-06,0,-0.000821331,-0,-0,0,-0.0148682
3.22,-0.8,-0.000821331,0,0.366884,-0.0147744,0.000184398,0,0,0.0116767,-1.87641e-08,-3.21395e-06,0,-0.000821331,-0,-0,0.000184398,-0.0147744
3.24,-0.8,-0.000821331,0,0.368911,-0.0145996,0.0002,0,0,0.01175,-1.90007e-08,-3.23414e-06,0,-0.000821331,-0,-0,0.0002,-0.0145996
3.26,-0.8,-0.000821331,0,0.370219,-0.0144057,0.0002,0,0,0.0118238,-1.924e-08,-3.25445e-06,0,-0.000821331,-0,-0,0.0002,-0.0144057
3.28,-0.8,-0.000821331,0,0.370142,-0.0143265,0.0006,0,0,0.0118979,-1.94818e-08,-3.27483e-06,0,-0.000821331,-0,-0,0.0006,-0.0143265
3.3,-0.8,-0.000821331,0,0.368839,-0.0145909,0.0004,0,0,0.0119719,-1.97249e-08,-3.29521e-06,0,-0.000821331,-0,-0,0.0004,-0.0145909
3.32,-0.8,-0.000821331,0,0.366727,-0.0155162,0.000210601,0,0,0.0120457,-1.99688e-08,-3.31551e-06,0,-0.000821331,-0,-0,0.000210601,-0.0155162
3.34,-0.8,-0.000821331,0,0.364501,-0.0174332,0.000212051,0,0,0.012119,-2.02127e-08,-3.3357e-06,0,-0.000821331,-0,-0,0.000212051,-0.0174332
3.36,-0.8,-0.000821331,0,0.36324,-0.0204948,0.000416565,0,0,0.0121919,-2.04566e-08,-3.35576e-06,0,-0.000821331,-0,-0,0.000416565,-0.0204948
3.38,-0.8,-0.000821331,0,0.363903,-0.0243233,0.0008,0,0,0.0122646,-2.07011e-08,-3.37576e-06,0,-0.000821331,-0,-0,0.0008,-0.0243233
3.4,-0.8,-0.000821331,0,0.36652,-0.0277068,0.000405966,0,0,0.0123373,-2.09475e-08,-3.39579e-06,0,-0.000821331,-0,-0,0.000405966,-0.0277068
3.42,-0.8,-0.000821331,0,0.370112,-0.0290222,8.44994e-06,0,0,0.0124106,-2.11972e-08,-3.41597e-06,0,-0.000821331,-0,-0,8.44994e-06,-0.0290222
3.44,-0.8,-0.000821331,0,0.373298,-0.02752,9.53601e-06,0,0,0.0124847,-2.14508e-08,-3.43634e-06,0,-0.000821331,-0,-0,9.53601e-06,-0.02752
3.46,-0.8,-0.000821331,0,0.374734,-0.024056,0.000807266,0,0,0.0125593,-2.17081e-08,-3.45689e-06,0,-0.000821331,-0,-0,0.000807266,-0.024056
3.48,-0.8,-0.000821331,0,0.373648,-0.0202554,0.000987733,0,0,0.0126343,-2.1968e-08,-3.47752e-06,0,-0.000821331,-0,-0,0.000987733,-0.0202554
3.5,-0.8,-0.000821331,0,0.370607,-0.0172685,0.000365426,0,0,0.012709,-2.22286e-08,-3.49809e-06,0,-0.000821331,-0,-0,0.000365426,-0.0172685
3.52,-0.8,-0.000821331,0,0.367405,-0.0154234,0.000370102,0,0,0.0127831,-2.24887e-08,-3.51849e-06,0,-0.000821331,-0,-0,0.000370102,-0.0154234
3.54,-0.8,-0.000821331,0,0.365657,-0.0145475,8.44634e-06,0,0,0.0128566,-2.27479e-08,-3.53872e-06,0,-0.000821331,-0,-0,8.44634e-06,-0.0145475
3.56,-0.8,-0.000821331,0,0.365519,-0.014308,0.00062062,0,0,0.0129297,-2.30075e-08,-3.55885e-06,0,-0.000821331,-0,-0,0.00062062,-0.014308
3.58,-0.8,-0.000821331,0,0.36586,-0.0143959,0.000993527,0,0,0.0130028,-2.32684e-08,-3.57897e-06,0,-0.000821331,-0,-0,0.000993527,-0.0143959
3.6,-0.8,-0.000821331,0,0.365375,-0.0145951,0,0,0,0.013076,-2.3531e-08,-3.59911e-06,0,-0.000821331,-0,-0,0,-0.0145951
3.62,-0.8,-0.000821331,0,0.363387,-0.0147866,5.90782e-07,0,0,0.0131491,-2.37947e-08,-3.61922e-06,0,-0.000821331,-0,-0,5.90782e-07,-0.0147866
3.64,-0.8,-0.000821331,0,0.360163,-0.0149233,0.0004,0,0,0.0132218,-2.40585e-08,-3.63923e-06,0,-0.000821331,-0,-0,0.0004,-0.0149233
3.66,-0.8,-0.000821331,0,0.357055,-0.0150004,0.0004,0,0,0.0132938,-2.43214e-08,-3.65905e-06,0,-0.000821331,-0,-0,0.0004,-0.0150004
3.68,-0.8,-0.000821331,0,0.355983,-0.0150321,0.00062167,0,0,0.0133652,-2.45833e-08,-3.67871e-06,0,-0.000821331,-0,-0,0.00062167,-0.0150321
3.7,-0.8,-0.000821331,0,0.358091,-0.0150365,0.001,0,0,0.0134364,-2.4846e-08,-3.69831e-06,0,-0.000821331,-0,-0,0.001,-0.0150365
3.72,-0.8,-0.000821331,0,0.362927,-0.0150285,0.0006272,0,0,0.013508,-2.51115e-08,-3.71802e-06,0,-0.000821331,-0,-0,0.0006272,-0.0150285
3.74,-0.8,-0.000821331,0,0.369106,-0.0150175,0.0006,0,0,0.0135806,-2.53821e-08,-3.738e-06,0,-0.000821331,-0,-0,0.0006,-0.0150175
3.76,-0.8,-0.000821331,0,0.375282,-0.0150082,0.000615041,0,0,0.0136544,-2.56588e-08,-3.75832e-06,0,-0.000821331,-0,-0,0.000615041,-0.0150082
3.78,-0.8,-0.000821331,0,0.380297,-0.0150022,0.0008,0,0,0.0137295,-2.59417e-08,-3.77897e-06,0,-0.000821331,-0,-0,0.0008,-0.0150022
3.8,-0.8,-0.000821331,0,0.383159,-0.0149991,0.0008,0,0,0.0138055,-2.62299e-08,-3.79991e-06,0,-0.000821331,-0,-0,0.0008,-0.0149991
3.82,-0.8,-0.000821331,0,0.383397,-0.0149981,1.30261e-05,0,0,0.0138822,-2.65219e-08,-3.821e-06,0,-0.000821331,-0,-0,1.30261e-05,-0.0149981
3.84,-0.8,-0.000821331,0,0.381345,-0.0149982,0.000615631,0,0,0.0139589,-2.68157e-08,-3.84211e-06,0,-0.000821331,-0,-0,0.000615631,-0.0149982
3.86,-0.8,-0.000821331,0,0.37806,-0.0149988,0.000987689,0,0,0.0140351,-2.71095e-08,-3.8631e-06,0,-0.000821331,-0,-0,0.000987689,-0.0149988
3.88,-0.8,-0.000821331,0,0.374817,-0.0149994,0,0,0,0.0141107,-2.74024e-08,-3.88391e-06,0,-0.000821331,-0,-0,0,-0.0149994
3.9,-0.8,-0.000821331,0,0.37242,-0.0149998,0,0,0,0.0141857,-2.76944e-08,-3.90455e-06,0,-0.000821331,-0,-0,0,-0.0149998
3.92,-0.8,-0.000821331,0,0.370938,-0.015,0.0006,0,0,0.0142602,-2.79859e-08,-3.92505e-06,0,-0.000821331,-0,-0,0.0006,-0.015
3.94,-0.8,-0.000821331,0,0.369931,-0.015,0.000179045,0,0,0.0143344,-2.82779e-08,-3.94547e-06,0,-0.000821331,-0,-0,0.000179045,-0.015
3.96,-0.8,-0.000821331,0,0.368753,-0.0149996,0.0002,0,0,0.0144084,-2.85706e-08,-3.96583e-06,0,-0.000821331,-0,-0,0.0002,-0.0149996
3.98,-0.8,-0.000821331,0,0.366784,-0.014999,0.00037747,0,0,0.0144821,-2.88638e-08,-3.98613e-06,0,-0.000821331,-0,-0,0.00037747,-0.014999
4,-0.8,-0.000821331,0,0.363694,-0.0149982,0.000184189,0,0,0.0145555,-2.91569e-08,-4.00632e-06,0,-0.000821331,-0,-0,0.000184189,-0.0149982
4.02,-0.8,-0.000821331,0,0.35982,-0.0149976,0,0,0,0.0146282,-2.94491e-08,-4.02634e-06,0,-0.000821331,-0,-0,0,-0.0149976
4.04,-0.8,-0.000821331,0,0.356472,-0.0149977,0.0006,0,0,0.0147002,-2.97395e-08,-4.04615e-06,0,-0.000821331,-0,-0,0.0006,-0.0149977
4.06,-0.8,-0.000821331,0,0.35549,-0.0149996,0.000787733,0,0,0.0147715,-3.00287e-08,-4.06577e-06,0,-0.000821331,-0,-0,0.000787733,-0.0149996
4.08,-0.8,-0.000821331,0,0.357913,-0.0150045,0.000395608,0,0,0.0148426,-3.03185e-08,-4.08534e-06,0,-0.000821331,-0,-0,0.000395608,-0.0150045
4.1,-0.8,-0.000821331,0,0.363148,-0.0150135,0,0,0,0.0149141,-3.06116e-08,-4.10505e-06,0,-0.000821331,-0,-0,0,-0.0150135
4.12,-0.8,-0.000821331,0,0.369609,-0.0150263,0.000378462,0,0,0.0149868,-3.09105e-08,-4.12504e-06,0,-0.000821331,-0,-0,0.000378462,-0.0150263
4.14,-0.8,-0.000821331,0,0.375683,-0.0150402,0.000586509,0,0,0.0150607,-3.12162e-08,-4.14538e-06,0,-0.000821331,-0,-0,0.000586509,-0.0150402
4.16,-0.8,-0.000821331,0,0.379878,-0.0150475,0,0,0,0.0151358,-3.15284e-08,-4.16606e-06,0,-0.000821331,-0,-0,0,-0.0150475
4.18,-0.8,-0.000821331,0,0.380876,-0.0150343,0.000214946,0,0,0.0152118,-3.18457e-08,-4.18698e-06,0,-0.000821331,-0,-0,0.000214946,-0.0150343
4.2,-0.8,-0.000821331,0,0.378063,-0.0149797,0.000598878,0,0,0.015288,-3.21655e-08,-4.20794e-06,0,-0.000821331,-0,-0,0.000598878,-0.0149797
4.22,-0.8,-0.000821331,0,0.372143,-0.0148609,0,0,0,0.0153636,-3.24844e-08,-4.22875e-06,0,-0.000821331,-0,-0,0,-0.0148609
4.24,-0.8,-0.000821331,0,0.365386,-0.0146639,0.000222233,0,0,0.015438,-3.27999e-08,-4.24924e-06,0,-0.000821331,-0,-0,0.000222233,-0.0146639
4.26,-0.8,-0.000821331,0,0.360739,-0.0144065,0.000613802,0,0,0.0155111,-3.31112e-08,-4.26936e-06,0,-0.000821331,-0,-0,0.000613802,-0.0144065
4.28,-0.8,-0.000821331,0,0.35986,-0.0141707,0.00120035,0,0,0.0155832,-3.34199e-08,-4.28921e-06,0,-0.000821331,-0,-0,0.00120035,-0.0141707
4.3,-0.8,-0.000821331,0,0.362097,-0.0141418,0.00117552,0,0,0.0156552,-3.37294e-08,-4.30902e-06,0,-0.000821331,-0,-0,0.00117552,-0.0141418
4.32,-0.8,-0.000821331,0,0.365507,-0.0146325,0.000263494,0,0,0.0157276,-3.40421e-08,-4.32896e-06,0,-0.000821331,-0,-0,0.000263494,-0.0146325
4.34,-0.8,-0.000821331,0,0.368334,-0.0160616,0,0,0,0.0158007,-3.43593e-08,-4.34908e-06,0,-0.000821331,-0,-0,0,-0.0160616
4.36,-0.8,-0.000821331,0,0.369692,-0.0188296,0,0,0,0.0158744,-3.46804e-08,-4.36935e-06,0,-0.000821331,-0,-0,0,-0.0188296
4.38,-0.8,-0.000821331,0,0.3699,-0.0230318,5.10708e-06,0,0,0.0159483,-3.50043e-08,-4.3897e-06,0,-0.000821331,-0,-0,5.10708e-06,-0.0230318
4.4,-0.8,-0.000821331,0,0.370389,-0.0281612,0.000415357,0,0,0.0160223,-3.53298e-08,-4.41007e-06,0,-0.000821331,-0,-0,0.000415357,-0.0281612
4.42,-0.8,-0.000821331,0,0.372551,-0.0331907,0.000799765,0,0,0.0160964,-3.56572e-08,-4.43046e-06,0,-0.000821331,-0,-0,0.000799765,-0.0331907
4.44,-0.8,-0.000821331,0,0.376585,-0.0369142,0.0001772,0,0,0.0161709,-3.59881e-08,-4.45097e-06,0,-0.000821331,-0,-0,0.0001772,-0.0369142
4.46,-0.8,-0.000821331,0,0.381521,-0.0381545,1.13787e-05,0,0,0.0162462,-3.63241e-08,-4.4717e-06,0,-0.000821331,-0,-0,1.13787e-05,-0.0381545
4.48,-0.8,-0.000821331,0,0.385964,-0.0362202,0.000998107,0,0,0.0163225,-3.66661e-08,-4.4927e-06,0,-0.000821331,-0,-0,0.000998107,-0.0362202
4.5,-0.8,-0.000821331,0,0.388685,-0.0316882,0.000565199,0,0,0.0163997,-3.70137e-08,-4.51395e-06,0,-0.000821331,-0,-0,0.000565199,-0.0316882
4.52,-0.8,-0.000821331,0,0.388898,-0.0264116,0,0,0,0.0164775,-3.73655e-08,-4.53534e-06,0,-0.000821331,-0,-0,0,-0.0264116
4.54,-0.8,-0.000821331,0,0.386627,-0.0223723,0.000848689,0,0,0.0165552,-3.77191e-08,-4.55675e-06,0,-0.000821331,-0,-0,0.000848689,-0.0223723
4.56,-0.8,-0.000821331,0,0.382816,-0.0205344,0.00118923,0,0,0.0166326,-3.80722e-08,-4.57803e-06,0,-0.000821331,-0,-0,0.00118923,-0.0205344
4.58,-0.8,-0.000821331,0,0.378443,-0.0205473,0.000593603,0,0,0.0167091,-3.84236e-08,-4.59911e-06,0,-0.000821331,-0,-0,0.000593603,-0.0205473
4.6,-0.8,-0.000821331,0,0.373568,-0.0211132,0,0,0,0.0167848,-3.87724e-08,-4.61994e-06,0,-0.000821331,-0,-0,0,-0.0211132
4.62,-0.8,-0.000821331,0,0.367963,-0.0208836,9.01147e-06,0,0,0.0168595,-3.91184e-08,-4.64051e-06,0,-0.000821331,-0,-0,9.01147e-06,-0.0208836
4.64,-0.8,-0.000821331,0,0.362631,-0.0194843,0.000148488,0,0,0.0169331,-3.94606e-08,-4.66076e-06,0,-0.000821331,-0,-0,0.000148488,-0.0194843
4.66,-0.8,-0.000821331,0,0.359776,-0.0176191,-0.000546427,0,0,0.0170057,-3.97994e-08,-4.68072e-06,0,-0.000821331,-0,-0,-0.000546427,-0.0176191
4.68,-0.8,-0.000821331,0,0.360846,-0.0162631,0.000631994,0,0,0.0170776,-4.01369e-08,-4.70053e-06,0,-0.000821331,-0,-0,0.000631994,-0.0162631
4.7,-0.8,-0.000821331,0,0.365158,-0.0160921,0.00118125,0.135945,0,0.0171498,-4.04768e-08,-4.72039e-06,0,-0.000821331,-0,-0,0.00118125,-0.0160921
4.72,-0.8,-0.000821331,0,0.370537,-0.0174544,0.0002,2.90933,0,0.0172228,-4.08223e-08,-4.7405e-06,0,-0.000821331,-0,-0,0.0002,-0.0174544
4.74,-0.8,-0.000821331,0,0.374666,-0.0203707,0.000218185,3.1,0,0.0172969,-4.11744e-08,-4.76089e-06,0,-0.000821331,-0,-0,0.000218185,-0.0203707
4.76,-0.8,-0.000821331,0,0.376071,-0.0242915,0.000622381,3.2,0,0.0173718,-4.15319e-08,-4.78152e-06,0,-0.000821331,-0,-0,0.000622381,-0.0242915
4.78,-0.8,-0.000821331,0,0.374642,-0.0278445,0.000781066,3.30947,0,0.0174471,-4.18923e-08,-4.80222e-06,0,-0.000821331,-0,-0,0.000781066,-0.0278445
4.8,-0.8,-0.000821331,0,0.371325,-0.0292881,0.000189803,3.5102,0,0.017522,-4.22529e-08,-4.82284e-06,0,-0.000821331,-0,-0,0.000189803,-0.0292881
4.82,-0.8,-0.000821331,0,0.367315,-0.0278098,1.48051e-05,3.82961,0,0.0175963,-4.26118e-08,-4.84328e-06,0,-0.000821331,-0,-0,1.48051e-05,-0.0278098
4.84,-0.8,-0.000821331,0,0.363609,-0.0242564,0.00042238,4.42238,0,0.0176697,-4.29684e-08,-4.86351e-06,0,-0.000821331,-0,-0,0.00042238,-0.0242564
4.86,-0.8,-0.000821331,0,0.360659,-0.0202875,0.000986425,5.31358,0,0.0177424,-4.33228e-08,-4.88352e-06,0,-0.000821331,-0,-0,0.000986425,-0.0202875
4.88,-0.8,-0.000821331,0,0.358043,-0.0171081,0.000192855,5.90357,0,0.0178146,-4.36758e-08,-4.90338e-06,0,-0.000821331,-0,-0,0.000192855,-0.0171081
4.9,-0.8,-0.000821331,0,0.355056,-0.0151101,0,6.38697,0,0.0178862,-4.40276e-08,-4.92309e-06,0,-0.000821331,-0,-0,0,-0.0151101
4.92,-0.8,-0.000821331,0,0.352004,-0.0142091,0,6.9007,0,0.0179572,-4.43779e-08,-4.94263e-06,0,-0.000821331,-0,-0,0,-0.0142091
4.94,-0.8,-0.000821331,0,0.350444,-0.0142048,5.94081e-05,7.4198,0,0.0180276,-4.47265e-08,-4.96201e-06,0,-0.000821331,-0,-0,5.94081e-05,-0.0142048
4.96,-0.8,-0.000821331,0,0.352014,-0.0149573,0.00102253,8.14505,0,0.0180977,-4.5075e-08,-4.9813e-06,0,-0.000821331,-0,-0,0.00102253,-0.0149573
4.98,-0.8,-0.000821331,0,0.35765,-0.0164001,0.00117935,9.04129,0,0.0181681,-4.54264e-08,-5.00068e-06,0,-0.000821331,-0,-0,0.00117935,-0.0164001
5,-0.8,-0.000821331,0,0.368254,-0.0184134,0.0005898,9.9204,0,0.0182396,-4.57848e-08,-5.02037e-06,0,-0.000821331,-0,-0,0.0005898,-0.0184134
5.02,-0.8,-0.000821331,0,0.385346,-0.0205803,0.000416593,10.7332,0,0.0183133,-4.61553e-08,-5.04064e-06,0,-0.000821331,-0,-0,0.000416593,-0.0205803
5.04,-0.8,-0.000821331,0,0.410191,-0.0220614,0.000622866,11.2343,0,0.0183903,-4.65446e-08,-5.06185e-06,0,-0.000821331,-0,-0,0.000622866,-0.0220614
5.06,-0.8,-0.000821331,0,0.442022,-0.022057,0.000805645,11.7056,0,0.0184724,-4.69608e-08,-5.08443e-06,0,-0.000821331,-0,-0,0.000805645,-0.022057
5.08,-0.8,-0.000821331,0,0.476832,-0.0205713,0.0012,12.1015,0,0.0185608,-4.74113e-08,-5.10876e-06,0,-0.000821331,-0,-0,0.0012,-0.0205713
5.1,-0.8,-0.000821331,0,0.507413,-0.0184054,0.000969377,12.423,0,0.0186561,-4.78998e-08,-5.13501e-06,0,-0.000821331,-0,-0,0.000969377,-0.0184054
5.12,-0.8,-0.000821331,0,0.524937,-0.0163893,0.000413848,12.7931,0,0.0187576,-4.84223e-08,-5.16295e-06,0,-0.000821331,-0,-0,0.000413848,-0.0163893
5.14,-0.8,-0.000821331,0,0.522123,-0.0149287,0.000207838,13.3118,0,0.0188626,-4.89659e-08,-5.19184e-06,0,-0.000821331,-0,-0,0.000207838,-0.0149287
5.16,-0.8,-0.000821331,0,0.496438,-0.0141356,0.0008,13.8186,0,0.018967,-4.95095e-08,-5.22059e-06,0,-0.000821331,-0,-0,0.0008,-0.0141356
5.18,-0.8,-0.000821331,0,0.451358,-0.0140755,0.0008,14.3132,0,0.0190663,-5.00292e-08,-5.24791e-06,0,-0.000821331,-0,-0,0.0008,-0.0140755
5.2,-0.8,-0.000821331,0,0.395642,-0.0149015,0.001,14.7039,0,0.0191566,-5.05041e-08,-5.27276e-06,0,-0.000821331,-0,-0,0.001,-0.0149015
5.22,-0.8,-0.000821331,0,0.341635,-0.016852,0.000785464,15.0145,0,0.0192357,-5.09222e-08,-5.29454e-06,0,-0.000821331,-0,-0,0.000785464,-0.016852
5.24,-0.8,-0.000821331,0,0.303061,-0.0200835,0.000189572,15.3104,0,0.0193041,-5.12846e-08,-5.31335e-06,0,-0.000821331,-0,-0,0.000189572,-0.0200835
5.26,-0.8,-0.000821331,0,0.292573,-0.0243126,-0.00042852,15.6143,0,0.0193647,-5.16071e-08,-5.33003e-06,0,-0.000821331,-0,-0,-0.00042852,-0.0243126
5.28,-0.8,-0.000821331,0,0.319748,-0.0284748,-0.00101017,15.9153,0,0.0194232,-5.19195e-08,-5.34614e-06,0,-0.000821331,-0,-0,-0.00101017,-0.0284748
5.3,-0.8,-0.000821331,0,0.390288,-0.0310664,-0.0012,16.3213,0,0.0194871,-5.22619e-08,-5.36374e-06,0,-0.000821331,-0,-0,-0.0012,-0.0310664
5.32,-0.8,-0.000821331,0,0.505887,-0.0312975,-0.00116667,16.5111,0,0.0195652,-5.26815e-08,-5.38522e-06,0,-0.000821331,-0,-0,-0.00116667,-0.0312975
5.34,-0.8,-0.000821331,0,0.662867,-0.0296427,-1.02942e-05,16.8051,0,0.0196664,-5.32277e-08,-5.41307e-06,0,-0.000821331,-0,-0,-1.02942e-05,-0.0296427
5.36,-0.8,-0.000821331,0,0.849255,-0.0269628,0,16.9068,0,0.0197989,-5.39478e-08,-5.44956e-06,0,-0.000821331,-0,-0,0,-0.0269628
5.38,-0.8,-0.000821331,0,1.04443,-0.0237741,0.0004,17,0,0.0199688,-5.48774e-08,-5.49631e-06,0,-0.000821331,-0,-0,0.0004,-0.0237741
5.4,-0.8,-0.000821331,0,1.22528,-0.0206789,0.000412043,17,0,0.0201777,-5.60315e-08,-5.55381e-06,0,-0.000821331,-0,-0,0.000412043,-0.0206789
5.42,-0.8,-0.000821331,0,1.37547,-0.0186481,0.000842045,17,0,0.0204227,-5.74007e-08,-5.62126e-06,0,-0.000821331,-0,-0,0.000842045,-0.0186481
5.44,-0.8,-0.000821331,0,1.49041,-0.0185007,0.00163364,17,0,0.0206978,-5.89575e-08,-5.69698e-06,0,-0.000821331,-0,-0,0.00163364,-0.0185007
5.46,-0.8,-0.000821331,0,1.57511,-0.0204314,0.00195734,17,0,0.0209959,-6.06679e-08,-5.77902e-06,0,-0.000821331,-0,-0,0.00195734,-0.0204314
5.48,-0.8,-0.000821331,0,1.63799,-0.0238342,0.00118131,17,0,0.0213109,-6.25021e-08,-5.86573e-06,0,-0.000821331,-0,-0,0.00118131,-0.0238342
5.5,-0.8,-0.000821331,0,1.68586,-0.0272148,0.00100629,17,0,0.0216385,-6.44385e-08,-5.9559e-06,0,-0.000821331,-0,-0,0.00100629,-0.0272148
5.52,-0.8,-0.000821331,0,1.72255,-0.0287053,0.001,17,0,0.0219757,-6.64623e-08,-6.04871e-06,0,-0.000821331,-0,-0,0.001,-0.0287053
5.54,-0.8,-0.000821331,0,1.75015,-0.0273735,0.00099104,17,0,0.0223202,-6.85625e-08,-6.14353e-06,0,-0.000821331,-0,-0,0.00099104,-0.0273735
5.56,-0.8,-0.000821331,0,1.77039,-0.0239683,0.000171025,17,0,0.0226702,-7.07297e-08,-6.23987e-06,0,-0.000821331,-0,-0,0.000171025,-0.0239683
5.58,-0.8,-0.000821331,0,1.78576,-0.0200879,-0.000811127,17,0,0.0230243,-7.29564e-08,-6.33733e-06,0,-0.000821331,-0,-0,-0.000811127,-0.0200879
5.6,-0.8,-0.000821331,0.000632975,1.79975,-0.0169147,-0.000798734,17,0,0.0233815,-7.52373e-08,-6.43564e-06,0.000632975,-0.000821331,-1.74223e-07,-1.10279e-10,-0.00079856,-0.0169147
5.62,-0.8,-0.000821331,0.1,1.8151,-0.0148553,-0.000390708,17,0,0.0237541,-7.76544e-08,-6.5382e-06,0.1,-0.000821331,-2.75245e-05,-2.75245e-06,-0.000363183,-0.0148526
5.64,-0.8,-0.000821331,0.171714,1.83161,-0.0138809,-0.0004,17,0,0.0261171,-9.38728e-08,-7.18861e-06,0.171714,-0.000821331,-4.72636e-05,-8.11584e-06,-0.000352736,-0.0138727
5.66,-0.8,-0.000821331,0.290652,1.84655,-0.013892,-0.000367828,17,0,0.0299177,-1.23182e-07,-8.23471e-06,0.290652,-0.000821331,-8.00006e-05,-2.32523e-05,-0.000287827,-0.0138688
5.68,-0.8,-0.000821331,0.330556,1.85734,-0.0149001,1.40022e-05,17,0,0.0361001,-1.79352e-07,-9.93637e-06,0.330556,-0.000821331,-9.09838e-05,-3.00752e-05,0.000104986,-0.01487
5.7,-0.8,-0.000821331,0.339901,1.86329,-0.0170238,0.00041869,17,0,0.0430826,-2.55443e-07,-1.18583e-05,0.339901,-0.000821331,-9.35561e-05,-3.17998e-05,0.000512247,-0.016992
5.72,-0.8,-0.000821331,0.430556,1.86487,-0.0203012,0.000607444,17,0,0.0502533,-3.47552e-07,-1.3832e-05,0.430556,-0.000821331,-0.000118508,-5.10244e-05,0.000725952,-0.0202502
5.74,-0.8,-0.000821331,0.450423,1.86311,-0.0243115,0.00122389,17,0,0.0592374,-4.82927e-07,-1.63048e-05,0.450423,-0.000821331,-0.000123977,-5.58421e-05,0.00134786,-0.0242557
5.76,-0.8,-0.000821331,0.491201,1.85977,-0.027836,0.0015897,17,0,0.0686185,-6.47996e-07,-1.88869e-05,0.491201,-0.000821331,-0.000135201,-6.64108e-05,0.0017249,-0.0277696
5.78,-0.8,-0.000821331,0.522971,1.8567,-0.029248,0.000992351,17,0,0.0788145,-8.54873e-07,-2.16933e-05,0.522971,-0.000821331,-0.000143945,-7.52792e-05,0.0011363,-0.0291727
5.8,-0.8,-0.000821331,0.546992,1.85451,-0.027784,0.0006,17,0,0.0896452,-1.10597e-06,-2.46744e-05,0.546992,-0.000821331,-0.000150557,-8.23533e-05,0.000750557,-0.0277016
5.82,-0.8,-0.000821331,0.592431,1.85292,-0.0242961,0.00018046,17,0,0.100956,-1.40266e-06,-2.77876e-05,0.592431,-0.000821331,-0.000163064,-9.66041e-05,0.000343524,-0.0241995
5.84,-0.8,-0.000821331,0.62634,1.85217,-0.020437,0,17,0,0.113175,-1.76276e-06,-3.11509e-05,0.62634,-0.000821331,-0.000172397,-0.000107979,0.000172397,-0.020329
5.86,-0.8,-0.000821331,0.669035,1.85277,-0.0173927,0,17,0,0.126072,-2.18741e-06,-3.47008e-05,0.669035,-0.000821331,-0.000184149,-0.000123202,0.000184149,-0.0172695
5.88,-0.8,-0.000821331,0.691667,1.85434,-0.0155069,-1.80545e-05,17,0,0.139824,-2.69061e-06,-3.84858e-05,0.691667,-0.000821331,-0.000190378,-0.000131678,0.000172323,-0.0153752
5.9,-0.8,-0.000821331,0.691667,1.85553,-0.0145996,-0.0003842,17,0,0.154028,-3.26504e-06,-4.23954e-05,0.691667,-0.000821331,-0.000190378,-0.000131678,-0.000193822,-0.0144679
5.92,-0.8,-0.000821331,0.768609,1.85553,-0.0143148,-0.0008,17,0,0.168232,-3.89501e-06,-4.63051e-05,0.768609,-0.000821331,-0.000211556,-0.000162604,-0.000588444,-0.0141522
5.94,-0.8,-0.000821331,0.791667,1.85477,-0.0143122,-0.000362279,17,0,0.183976,-4.65811e-06,-5.06384e-05,0.791667,-0.000821331,-0.000217902,-0.000172506,-0.000144377,-0.0141397
5.96,-0.8,-0.000821331,0.813448,1.85413,-0.0143477,0,17,0,0.20018,-5.51481e-06,-5.50985e-05,0.813448,-0.000821331,-0.000223898,-0.000182129,0.000223898,-0.0141655
5.98,-0.8,-0.000821331,0.847304,1.85397,-0.0142949,1.73848e-05,17,0,0.21682,-6.46974e-06,-5.96786e-05,0.847304,-0.000821331,-0.000233216,-0.000197605,0.000250601,-0.0140973
6,-0.8,-0.000821331,0.875433,1.85429,-0.0141505,0.000408907,17,0,0.234137,-7.54446e-06,-6.44449e-05,0.875433,-0.000821331,-0.000240959,-0.000210943,0.000649865,-0.0139395
6.02,-0.8,-0.000821331,0.907948,1.85466,-0.0140433,0.00101951,17,0,0.252016,-8.7407e-06,-6.93662e-05,0.907948,-0.000821331,-0.000249908,-0.000226904,0.00126942,-0.0138164
6.04,-0.8,-0.000821331,0.938914,1.85423,-0.0142489,0.0012,17,0,0.270546,-1.00733e-05,-7.44665e-05,0.938914,-0.000821331,-0.000258432,-0.000242645,0.00145843,-0.0140062
6.06,-0.8,-0.000821331,0.973499,1.85264,-0.015184,0.0012,17,0,0.289695,-1.15497e-05,-7.97372e-05,0.973499,-0.000821331,-0.000267951,-0.00026085,0.00146795,-0.0149231
6.08,-0.8,-0.000821331,1.00419,1.85074,-0.0173333,0.0014,17,0,0.309536,-1.31859e-05,-8.51982e-05,1.00419,-0.000821331,-0.000276398,-0.000277555,0.0016764,-0.0170558
6.1,-0.8,-0.000821331,1.03049,1.8492,-0.0210423,0.00138496,17,0,0.329989,-1.49861e-05,-9.0828e-05,1.03049,-0.000821331,-0.000283638,-0.000292287,0.0016686,-0.02075
6.12,-0.8,-0.000821331,1.07096,1.84713,-0.026107,0.00119422,17,0,0.350969,-1.69523e-05,-9.66026e-05,1.07096,-0.000821331,-0.000294776,-0.000315693,0.001489,-0.0257913
6.14,-0.8,-0.000821331,1.09607,1.84305,-0.031334,0.000149546,17,0,0.372758,-1.91224e-05,-0.0001026,1.09607,-0.000821331,-0.000301687,-0.000330669,0.000451233,-0.0310033
6.16,-0.8,-0.000821331,1.1241,1.83635,-0.0347238,-0.000610004,17,0,0.395048,-2.14777e-05,-0.000108735,1.1241,-0.000821331,-0.000309403,-0.000347799,-0.000300601,-0.034376
6.18,-0.8,-0.000821331,1.14131,1.82689,-0.0346595,-0.0008,17,0,0.417897,-2.40341e-05,-0.000115024,1.14131,-0.000821331,-0.000314139,-0.000358528,-0.000485861,-0.034301
6.2,-0.8,-0.000821331,1.15812,1.81449,-0.0311731,-0.0008,17,0,0.441088,-2.67757e-05,-0.000121407,1.15812,-0.000821331,-0.000318768,-0.000369173,-0.000481232,-0.0308039
6.22,-0.8,-0.000821331,1.20673,1.7996,-0.0259174,-0.000391327,17,0,0.464614,-2.9708e-05,-0.000127883,1.20673,-0.000821331,-0.000332146,-0.00040081,-5.91806e-05,-0.0255166
6.24,-0.8,-0.000821331,1.23623,1.78389,-0.0208777,-0.00041627,17,0,0.489108,-3.2923e-05,-0.000134625,1.23623,-0.000821331,-0.000340268,-0.000420651,-7.60025e-05,-0.0204571
6.26,-0.8,-0.000821331,1.25836,1.76975,-0.0172136,-0.000822588,17,0,0.51419,-3.63862e-05,-0.000141528,1.25836,-0.000821331,-0.000346358,-0.000435844,-0.000476229,-0.0167777
6.28,-0.8,-0.000821331,1.28601,1.75925,-0.01511,-0.000813201,17,0,0.539711,-4.00878e-05,-0.000148553,1.28601,-0.000821331,-0.000353969,-0.000455209,-0.000459232,-0.0146547
6.3,-0.8,-0.000821331,1.31611,1.75314,-0.0142238,-0.000182241,17,0,0.565783,-4.40544e-05,-0.000155729,1.31611,-0.000821331,-0.000362253,-0.000476764,0.000180012,-0.0137471
6.32,-0.8,-0.000821331,1.35819,1.75078,-0.0140854,0.000410697,17,0,0.592456,-4.83061e-05,-0.000163071,1.35819,-0.000821331,-0.000373835,-0.000507738,0.000784532,-0.0135776
6.34,-0.8,-0.000821331,1.3914,1.75029,-0.0142958,-1.44655e-05,17,0,0.61997,-5.2897e-05,-0.000170644,1.3914,-0.000821331,-0.000382976,-0.000532872,0.00036851,-0.0137629
6.36,-0.8,-0.000821331,1.41584,1.74892,-0.0145868,-0.000388621,17,0,0.648148,-5.78146e-05,-0.0001784,1.41584,-0.000821331,-0.000389704,-0.000551758,1.08275e-06,-0.014035
6.38,-0.8,-0.000821331,1.43493,1.74429,-0.0148072,-2.48298e-06,16.605,0,0.676814,-6.30419e-05,-0.00018629,1.43493,-0.000821331,-0.000394957,-0.000566735,0.000392474,-0.0142404
6.4,-0.8,-0.000821331,1.45406,1.73567,-0.0148848,0,16.5,0,0.705862,-6.85692e-05,-0.000194285,1.45406,-0.000821331,-0.000400223,-0.000581949,0.000400223,-0.0143028
6.42,-0.8,-0.000821331,1.49231,1.72361,-0.0147941,0,16.4,0,0.73529,-7.44059e-05,-0.000202385,1.49231,-0.000821331,-0.000410752,-0.000612971,0.000410752,-0.0141812
6.44,-0.8,-0.000821331,1.52787,1.70884,-0.0145449,0,16.3,0,0.765481,-8.06415e-05,-0.000210695,1.52787,-0.000821331,-0.00042054,-0.000642532,0.00042054,-0.0139024
6.46,-0.8,-0.000821331,1.55044,1.69146,-0.014197,-0.000210361,16.1974,0,0.79638,-8.72832e-05,-0.0002192,1.55044,-0.000821331,-0.00042675,-0.000661649,0.000216389,-0.0135354
6.48,-0.8,-0.000821331,1.56441,1.67121,-0.0138994,-0.000973271,16.1,0,0.827727,-9.42897e-05,-0.000227828,1.56441,-0.000821331,-0.000430596,-0.00067363,-0.000542675,-0.0132258
6.5,-0.8,-0.000821331,1.58338,1.64843,-0.0139381,-0.00138154,15.8908,0,0.85935,-0.000101632,-0.000236532,1.58338,-0.000821331,-0.000435817,-0.000690061,-0.000945725,-0.013248
6.52,-0.8,-0.000821331,1.62621,1.62424,-0.0147637,-0.00118267,15.7957,0,0.891347,-0.000109341,-0.000245339,1.62621,-0.000821331,-0.000447606,-0.000727901,-0.000735061,-0.0140358
6.54,-0.8,-0.000821331,1.64971,1.59964,-0.0169446,-0.00017733,15.7,0,0.924196,-0.000117549,-0.000254381,1.64971,-0.000821331,-0.000454073,-0.000749088,0.000276744,-0.0161955
6.56,-0.8,-0.000821331,1.66986,1.57472,-0.0209715,0.0002,15.6,0,0.95751,-0.000126176,-0.00026355,1.66986,-0.000821331,-0.000459621,-0.000767502,0.000659621,-0.020204
6.58,-0.8,-0.000821331,1.68921,1.54893,-0.0268291,1.11178e-05,15.6,0,0.991222,-0.000135217,-0.000272829,1.68921,-0.000821331,-0.000464946,-0.000785391,0.000476064,-0.0260437
6.6,-0.8,-0.000821331,1.70558,1.52208,-0.0334811,0,15.6,0,1.02532,-0.000144679,-0.000282213,1.70558,-0.000821331,-0.000469452,-0.000800686,0.000469452,-0.0326804
6.62,-0.8,-0.000821331,1.73486,1.49481,-0.0388938,0,15.6,0,1.05973,-0.000154555,-0.000291686,1.73486,-0.000821331,-0.000477512,-0.000828417,0.000477512,-0.0380654
6.64,-0.8,-0.000821331,1.75941,1.46833,-0.0409727,0,15.6,0,1.09473,-0.000164931,-0.000301319,1.75941,-0.000821331,-0.000484268,-0.000852024,0.000484268,-0.0401207
6.66,-0.8,-0.000821331,1.78415,1.4439,-0.03872,-9.5764e-06,15.6,0,1.13021,-0.000175796,-0.000311085,1.78415,-0.000821331,-0.000491078,-0.000876156,0.000481502,-0.0378438
6.68,-0.8,-0.000821331,1.80594,1.42259,-0.0327113,-4.44831e-06,15.6,0,1.16618,-0.000187164,-0.000320986,1.80594,-0.000821331,-0.000497076,-0.000897688,0.000492628,-0.0318136
6.7,-0.8,-0.000821331,1.81789,1.40499,-0.024623,-0.000412605,15.6,0,1.20259,-0.000199031,-0.000331006,1.81789,-0.000821331,-0.000500366,-0.000909612,8.77607e-05,-0.0237134
6.72,-0.8,-0.000821331,1.84554,1.39103,-0.0161845,-0.0008,15.6,0,1.23922,-0.000211344,-0.00034109,1.84554,-0.000821331,-0.000507975,-0.000937487,-0.000292025,-0.015247
6.74,-0.8,-0.000821331,1.86773,1.37999,-0.00855417,-0.0008,15.6,0,1.27641,-0.000224219,-0.000351327,1.86773,-0.000821331,-0.000514085,-0.000960173,-0.000285915,-0.00759399
6.76,-0.8,-0.000821331,1.88936,1.37075,-0.00258356,-0.00100984,15.6,0,1.31404,-0.000237634,-0.000361684,1.88936,-0.000821331,-0.000520037,-0.000982537,-0.000489798,-0.00160102
6.78,-0.8,-0.000821331,1.90498,1.3621,0.000880938,-0.0012,15.6,0,1.3521,-0.0002516,-0.00037216,1.90498,-0.000821331,-0.000524337,-0.00099885,-0.000675663,0.00187979
6.8,-0.8,-0.000821331,1.91959,1.35314,0.00117489,-0.00059852,15.6,0,1.39048,-0.000266083,-0.000382722,1.91959,-0.000821331,-0.000528357,-0.00101423,-7.0163e-05,0.00218912
6.82,-0.8,-0.000821331,1.95013,1.34373,-0.00197518,-0.000212414,15.6,0,1.42914,-0.000281086,-0.000393364,1.95013,-0.000821331,-0.000536763,-0.00104676,0.00032435,-0.000928425
6.84,-0.8,-0.000821331,1.96824,1.33414,-0.00846852,-0.000818675,15.6,0,1.46841,-0.000296746,-0.000404173,1.96824,-0.000821331,-0.000541747,-0.00106629,-0.000276928,-0.00740223
6.86,-0.8,-0.000821331,1.98531,1.32378,-0.0180591,-0.000756194,15.6,0,1.50804,-0.00031298,-0.000415081,1.98531,-0.000821331,-0.000546448,-0.00108487,-0.000209745,-0.0169742
6.88,-0.8,-0.000821331,2.00007,1.31109,-0.0304111,-0.000215487,15.6,0,1.54801,-0.000329791,-0.000426083,2.00007,-0.000821331,-0.000550509,-0.00110105,0.000335022,-0.0293101
6.9,-0.8,-0.000821331,2.01099,1.29505,-0.0444283,0,15.6,0,1.58828,-0.00034717,-0.000437166,2.01099,-0.000821331,-0.000553514,-0.00111311,0.000553514,-0.0433152
6.92,-0.8,-0.000821331,2.03749,1.27628,-0.05758,-0.00056723,15.6,0,1.62876,-0.000365091,-0.000448307,2.03749,-0.000821331,-0.00056081,-0.00114265,-6.41978e-06,-0.0564374
6.94,-0.8,-0.000821331,2.05552,1.25663,-0.0665859,0.000212007,15.6,0,1.66976,-0.000383706,-0.000459594,2.05552,-0.000821331,-0.000565771,-0.00116295,0.000777778,-0.065423
6.96,-0.8,-0.000821331,2.07598,1.2386,-0.0692028,0.000417431,15.6,0,1.71112,-0.000402951,-0.000470978,2.07598,-0.000821331,-0.000571404,-0.00118623,0.000988835,-0.0680165
6.98,-0.8,-0.000821331,2.09223,1.22452,-0.0654515,0.000394618,15.6,0,1.75289,-0.000422862,-0.000482474,2.09223,-0.000821331,-0.000575875,-0.00120486,0.000970493,-0.0642466
7,-0.8,-0.000821331,2.10388,1.21547,-0.0572574,1.59355e-05,15.6,0,1.79498,-0.000443413,-0.000494059,2.10388,-0.000821331,-0.000579084,-0.00121833,0.00059502,-0.056039
7.02,-0.8,-0.000821331,2.12481,1.21083,-0.0471597,0.000608779,15.6,0,1.8373,-0.000464569,-0.000505708,2.12481,-0.000821331,-0.000584844,-0.00124268,0.00119362,-0.045917
7.04,-0.8,-0.000821331,2.1413,1.20878,-0.0374659,0.001,15.6,0,1.88004,-0.000486433,-0.000517471,2.1413,-0.000821331,-0.000589384,-0.00126205,0.00158938,-0.0362038
7.06,-0.8,-0.000821331,2.16017,1.20713,-0.0299942,0.0012,15.6,0,1.92311,-0.000508975,-0.000529326,2.16017,-0.000821331,-0.000594577,-0.00128439,0.00179458,-0.0287098
7.08,-0.8,-0.000821331,2.17139,1.20388,-0.0255418,0.000817461,15.6,0,1.96655,-0.000532231,-0.000541284,2.17139,-0.000821331,-0.000597664,-0.00129776,0.00141512,-0.024244
7.1,-0.8,-0.000821331,2.17543,1.19767,-0.023383,0,15.6,0,2.01022,-0.000556131,-0.000553303,2.17543,-0.000821331,-0.000598776,-0.00130259,0.000598776,-0.0220804
7.12,-0.8,-0.000821331,2.20596,1.18827,-0.0219047,1.91519e-05,15.6,0,2.05397,-0.0005806,-0.000565345,2.20596,-0.000821331,-0.000607179,-0.00133941,0.000626331,-0.0205652
7.14,-0.8,-0.000821331,2.22307,1.17672,-0.0198732,2.66682e-07,15.6,0,2.09832,-0.000605947,-0.000577554,2.22307,-0.000821331,-0.000611888,-0.00136027,0.000612155,-0.018513
7.16,-0.8,-0.000821331,2.24088,1.16474,-0.016777,0,15.6,0,2.14302,-0.000632037,-0.000589856,2.24088,-0.000821331,-0.000616791,-0.00138215,0.000616791,-0.0153948
7.18,-0.8,-0.000821331,2.25278,1.15369,-0.0122704,0,15.6,0,2.18807,-0.00065889,-0.000602256,2.25278,-0.000821331,-0.000620067,-0.00139688,0.000620067,-0.0108735
7.2,-0.8,-0.000821331,2.25819,1.14369,-0.0060025,0,15.6,0,2.23336,-0.000686446,-0.000614721,2.25819,-0.000821331,-0.000621555,-0.00140359,0.000621555,-0.00459891
7.22,-0.8,-0.000821331,2.28369,1.13345,0.00174079,-2.19923e-05,15.6,0,2.27875,-0.000714633,-0.000627215,2.28369,-0.000821331,-0.000628574,-0.00143547,0.000606582,0.00317626
7.24,-0.8,-0.000821331,2.30385,1.12127,0.00916452,-0.0004,15.6,0,2.32465,-0.000743713,-0.000639849,2.30385,-0.000821331,-0.000634124,-0.00146093,0.000234124,0.0106254
7.26,-0.8,-0.000821331,2.31522,1.10652,0.0129676,-2.70653e-05,15.6,0,2.37095,-0.000773634,-0.000652593,2.31522,-0.000821331,-0.000637253,-0.00147538,0.000610187,0.014443
7.28,-0.8,-0.000821331,2.32158,1.09074,0.0100664,0.0004,15.6,0,2.41748,-0.000804294,-0.000665399,2.32158,-0.000821331,-0.000639004,-0.0014835,0.001039,0.0115499
7.3,-0.8,-0.000821331,2.33618,1.07692,-0.000154152,0.0004,15.6,0,2.46413,-0.000835634,-0.000678239,2.33618,-0.000821331,-0.000643022,-0.00150221,0.00104302,0.00134806
7.32,-0.8,-0.000821331,2.34964,1.0674,-0.0153527,0.000813355,15.6,0,2.51107,-0.000867773,-0.000691159,2.34964,-0.000821331,-0.000646727,-0.00151957,0.00146008,-0.0138331
7.34,-0.8,-0.000821331,2.36861,1.06224,-0.0315501,0.000965915,15.6,0,2.55827,-0.000900707,-0.000704152,2.36861,-0.000821331,-0.00065195,-0.00154422,0.00161787,-0.0300059
7.36,-0.8,-0.000821331,2.37796,1.05985,-0.0444861,0.0001879,15.594,0,2.60586,-0.000934525,-0.00071725,2.37796,-0.000821331,-0.000654522,-0.00155643,0.000842423,-0.0429297
7.38,-0.8,-0.000821331,2.38735,1.05853,-0.0504584,-0.0002,15.4924,0,2.65363,-0.000969103,-0.000730399,2.38735,-0.000821331,-0.000657106,-0.00156874,0.000457106,-0.0488896
7.4,-0.8,-0.000821331,2.40045,1.05709,-0.0474652,0,15.396,0,2.70159,-0.00100445,-0.000743599,2.40045,-0.000821331,-0.000660711,-0.001586,0.000660711,-0.0458792
7.42,-0.8,-0.000821331,2.42064,1.05432,-0.0368233,-0.0004,15.292,0,2.74981,-0.00104063,-0.000756871,2.42064,-0.000821331,-0.00066627,-0.0016128,0.00026627,-0.0352105
7.44,-0.8,-0.000821331,2.43785,1.04923,-0.0235512,-0.000423101,15.2,0,2.79843,-0.00107775,-0.000770255,2.43785,-0.000821331,-0.000671007,-0.00163582,0.000247907,-0.0219154
7.46,-0.8,-0.000821331,2.44884,1.04159,-0.0138918,-0.000995525,15.1011,0,2.8474,-0.0011158,-0.000783733,2.44884,-0.000821331,-0.000674032,-0.0016506,-0.000321492,-0.0122412
7.48,-0.8,-0.000821331,2.45479,1.03172,-0.0116647,-0.00117678,14.9768,0,2.89658,-0.00115468,-0.000797271,2.45479,-0.000821331,-0.000675668,-0.00165862,-0.000501113,-0.0100061
7.5,-0.8,-0.000821331,2.46047,1.01993,-0.016769,-0.000561494,14.7936,0,2.94589,-0.00119432,-0.000810841,2.46047,-0.000821331,-0.000677233,-0.00166631,0.000115739,-0.0151026
7.52,-0.8,-0.000821331,2.48887,1.00629,-0.0264013,-1.92145e-05,14.6904,0,2.9953,-0.00123472,-0.000824442,2.48887,-0.000821331,-0.000685048,-0.00170499,0.000665834,-0.0246963
7.54,-0.8,-0.000821331,2.49203,0.990666,-0.0370967,-0.000225018,14.4875,0,3.04528,-0.00127627,-0.000838198,2.49203,-0.000821331,-0.000685919,-0.00170933,0.000460901,-0.0353873
7.56,-0.8,-0.000821331,2.50463,0.97296,-0.0461993,-0.000797747,14.3006,0,3.09532,-0.00131856,-0.000851971,2.50463,-0.000821331,-0.000689387,-0.00172666,-0.00010836,-0.0444727
7.58,-0.8,-0.000821331,2.51415,0.953687,-0.0523185,-0.0012,14.0777,0,3.1456,-0.00136175,-0.000865812,2.51415,-0.000821331,-0.000692007,-0.00173981,-0.000507993,-0.0505787
7.6,-0.8,-0.000821331,2.52031,0.933907,-0.0548056,-0.0012,13.7813,0,3.19608,-0.0014058,-0.000879705,2.52031,-0.000821331,-0.000693703,-0.00174835,-0.000506297,-0.0530573
7.62,-0.8,-0.000821331,2.53707,0.914497,-0.0530961,-0.00137927,13.3658,0,3.24667,-0.00145066,-0.00089363,2.53707,-0.000821331,-0.000698316,-0.00177167,-0.00068095,-0.0513244
7.64,-0.8,-0.000821331,2.54735,0.895632,-0.0470281,-0.00157344,12.8602,0,3.29759,-0.00149653,-0.000907647,2.54735,-0.000821331,-0.000701146,-0.00178607,-0.000872291,-0.0452421
7.66,-0.8,-0.000821331,2.55728,0.876214,-0.0378609,-0.00139743,12.3949,0,3.34872,-0.00154329,-0.000921719,2.55728,-0.000821331,-0.000703879,-0.00180001,-0.000693546,-0.0360609
7.68,-0.8,-0.000821331,2.56417,0.853204,-0.0282537,-0.00119453,11.8863,0,3.40004,-0.00159096,-0.000935845,2.56417,-0.000821331,-0.000705774,-0.00180972,-0.000488757,-0.026444
7.7,-0.8,-0.000821331,2.56978,0.822186,-0.0207928,-0.00101202,10.988,0,3.45149,-0.00163947,-0.000950007,2.56978,-0.000821331,-0.000707319,-0.00181765,-0.000304696,-0.0189752
7.72,-0.8,-0.000821331,2.57922,0.77931,-0.0168214,-0.00142217,10.3446,0,3.50305,-0.00168882,-0.000964199,2.57922,-0.000821331,-0.000709918,-0.00183104,-0.000712248,-0.0149904
7.74,-0.8,-0.000821331,2.58482,0.722844,-0.0165309,-0.00159176,9.68352,0,3.5548,-0.00173908,-0.00097844,2.58482,-0.000821331,-0.00071146,-0.001839,-0.000880298,-0.0146919
7.76,-0.8,-0.000821331,2.58462,0.653452,-0.0194666,-0.0012,9.09536,0,3.60664,-0.00179017,-0.000992709,2.58462,-0.000821331,-0.000711404,-0.00183871,-0.000488596,-0.0176279
7.78,-0.8,-0.000821331,2.58539,0.573877,-0.0246197,-0.0012,8.3516,0,3.65846,-0.00184199,-0.00100697,2.58539,-0.000821331,-0.000711615,-0.0018398,-0.000488385,-0.0227799
7.8,-0.8,-0.000821331,2.58889,0.488467,-0.0301877,-0.0012,7.65518,0,3.71028,-0.00189454,-0.00102124,2.58889,-0.000821331,-0.000712579,-0.00184479,-0.000487421,-0.0283429
7.82,-0.8,-0.000821331,2.59033,0.40244,-0.03378,-0.000796775,6.99033,0,3.76216,-0.00194789,-0.00103552,2.59033,-0.000821331,-0.000712975,-0.00184684,-8.38005e-05,-0.0319331
7.84,-0.8,-0.000821331,2.59014,0.320599,-0.0335698,-0.000187106,5.98711,0,3.81404,-0.00200199,-0.0010498,2.59014,-0.000821331,-0.000712924,-0.00184657,0.000525818,-0.0317232
7.86,-0.8,-0.000821331,2.58452,0.245818,-0.0295542,0,5.49596,0,3.86591,-0.00205681,-0.00106407,2.58452,-0.000821331,-0.000711377,-0.00183857,0.000711377,-0.0277156
7.88,-0.8,-0.000821331,2.57874,0.178867,-0.023573,-0.00018885,5.1,0,3.91765,-0.00211223,-0.00107831,2.57874,-0.000821331,-0.000709787,-0.00183036,0.000520936,-0.0217427
7.9,-0.8,-0.000821331,2.57523,0.120013,-0.0181031,0,4.92156,0,3.96926,-0.00216825,-0.00109252,2.57523,-0.000821331,-0.000708819,-0.00182537,0.000708819,-0.0162777
7.92,-0.8,-0.000821331,2.57217,0.0703165,-0.015184,0.00101989,4.69005,0,4.02079,-0.00222491,-0.0011067,2.57217,-0.000821331,-0.000707978,-0.00182104,0.00172787,-0.013363
7.94,-0.8,-0.000821331,2.55949,0.0310269,-0.0162671,0.00122267,4.48867,0,4.07225,-0.00228222,-0.00112087,2.55949,-0.000821331,-0.000704488,-0.00180313,0.00192716,-0.014464
7.96,-0.8,-0.000821331,2.55556,0.00225009,-0.0224181,0.00157992,4.31004,0,4.12344,-0.00233997,-0.00113496,2.55556,-0.000821331,-0.000703404,-0.00179759,0.00228332,-0.0206205
7.98,-0.8,-0.000821331,2.54838,-0.0172946,-0.0340323,0.00175126,4.3,0,4.17455,-0.00239834,-0.00114903,2.54838,-0.000821331,-0.00070143,-0.00178751,0.00245269,-0.0322447
8,-0.8,-0.000821331,2.53634,-0.0295408,-0.0499039,0.000950152,4.3,0,4.22552,-0.00245725,-0.00116305,2.53634,-0.000821331,-0.000698116,-0.00177066,0.00164827,-0.0481332
8.02,-0.8,-0.000821331,2.52806,-0.0366963,-0.0664242,-3.34493e-06,4.3,0,4.27624,-0.0025166,-0.00117701,2.52806,-0.000821331,-0.000695837,-0.00175912,0.000692492,-0.0646651
8.04,-0.8,-0.000821331,2.51521,-0.0415334,-0.0781731,-0.00062582,4.3,0,4.32679,-0.00257645,-0.00119093,2.51521,-0.000821331,-0.0006923,-0.00174128,6.64796e-05,-0.0764318
8.06,-0.8,-0.000821331,2.50804,-0.0472103,-0.0803318,-0.00120965,4.3,0,4.37709,-0.0026367,-0.00120477,2.50804,-0.000821331,-0.000690325,-0.00173136,-0.000519328,-0.0786005
8.08,-0.8,-0.000821331,2.49988,-0.0563703,-0.0714868,-0.00118665,4.3,0,4.42724,-0.00269747,-0.00121858,2.49988,-0.000821331,-0.00068808,-0.00172012,-0.000498569,-0.0697667
8.1,-0.8,-0.000821331,2.49375,-0.0711469,-0.0544525,-0.0008,4.3,0,4.47723,-0.00275872,-0.00123234,2.49375,-0.000821331,-0.000686391,-0.00171169,-0.000113609,-0.0527409
8.12,-0.8,-0.000821331,2.47242,-0.0941017,-0.0346214,-0.000303559,4.3,0,4.52709,-0.00282051,-0.00124606,2.47242,-0.000821331,-0.000680522,-0.00168254,0.000376962,-0.0329388
8.14,-0.8,-0.000821331,2.45921,-0.127514,-0.0177199,-0.000216771,4.3,0,4.57652,-0.00288244,-0.00125966,2.45921,-0.000821331,-0.000676887,-0.00166461,0.000460115,-0.0160552
8.16,-0.8,-0.000821331,2.44829,-0.170964,-0.00802873,-0.000615283,4.3,0,4.62568,-0.00294469,-0.0012732,2.44829,-0.000821331,-0.00067388,-0.00164985,5.85966e-05,-0.00637888
8.18,-0.8,-0.000821331,2.43853,-0.221067,-0.00693423,-0.000785425,4.3,0,4.67461,-0.00300732,-0.00128666,2.43853,-0.000821331,-0.000671195,-0.00163673,-0.00011423,-0.0052975
8.2,-0.8,-0.000821331,2.42711,-0.274821,-0.0126367,-0.00038068,4.3,0,4.72333,-0.00307035,-0.00130008,2.42711,-0.000821331,-0.000668049,-0.00162143,0.00028737,-0.0110152
8.22,-0.8,-0.000821331,2.40413,-0.332481,-0.0215318,-0.000200837,4.3,0,4.77182,-0.00313371,-0.00131342,2.40413,-0.000821331,-0.000661724,-0.00159087,0.000460887,-0.0199409
8.24,-0.8,-0.000821331,2.37975,-0.396355,-0.0302113,-0.0008,4.3,0,4.81984,-0.00319709,-0.00132664,2.37975,-0.000821331,-0.000655015,-0.00155877,-0.000144985,-0.0286525
8.26,-0.8,-0.000821331,2.35469,-0.467353,-0.0368388,-0.0008,4.3,0,4.86735,-0.00326044,-0.00133972,2.35469,-0.000821331,-0.000648118,-0.00152612,-0.000151882,-0.0353127
8.28,-0.8,-0.000821331,2.33726,-0.543294,-0.041096,-0.000806413,4.3,0,4.91435,-0.00332371,-0.00135265,2.33726,-0.000821331,-0.00064332,-0.00150361,-0.000163093,-0.0395924
8.3,-0.8,-0.000821331,2.32401,-0.619715,-0.0430858,-0.0014,4.3,0,4.96099,-0.00338709,-0.00136549,2.32401,-0.000821331,-0.000639672,-0.00148661,-0.000760328,-0.0415992
8.32,-0.8,-0.000821331,2.30254,-0.691139,-0.0428457,-0.0012,4.3,0,5.00735,-0.00345068,-0.00137825,2.30254,-0.000821331,-0.000633764,-0.00145927,-0.000566236,-0.0413864
8.34,-0.8,-0.000821331,2.28267,-0.752202,-0.0407475,-0.0012,4.3,0,5.05326,-0.00351425,-0.00139089,2.28267,-0.000821331,-0.000628293,-0.00143418,-0.000571707,-0.0393133
8.36,-0.8,-0.000821331,2.2583,-0.799482,-0.0374106,-0.000979133,4.3,0,5.09876,-0.00357783,-0.00140341,2.2583,-0.000821331,-0.000621587,-0.00140373,-0.000357547,-0.0360069
8.38,-0.8,-0.000821331,2.23975,-0.833124,-0.033199,-0.000579853,4.3,0,5.14377,-0.00364127,-0.0014158,2.23975,-0.000821331,-0.000616479,-0.00138076,3.66263e-05,-0.0318183
8.4,-0.8,-0.000821331,2.22831,-0.856511,-0.0286076,-0.000410091,4.3,0,5.1884,-0.00370473,-0.00142808,2.22831,-0.000821331,-0.000613332,-0.0013667,0.000203241,-0.0272409
8.42,-0.8,-0.000821331,2.17653,-0.874408,-0.024993,-0.000202867,4.3,0,5.23279,-0.0037684,-0.0014403,2.17653,-0.000821331,-0.000599079,-0.00130391,0.000396212,-0.0236891
8.44,-0.8,-0.000821331,2.15212,-0.890892,-0.0241145,0,4.3,0,5.27615,-0.0038311,-0.00145223,2.15212,-0.000821331,-0.00059236,-0.00127483,0.00059236,-0.0228397
8.46,-0.8,-0.000821331,2.12905,-0.907946,-0.0268823,0,4.3,0,5.31901,-0.0038936,-0.00146403,2.12905,-0.000821331,-0.00058601,-0.00124764,0.00058601,-0.0256346
8.48,-0.8,-0.000821331,2.1099,-0.925482,-0.0326643,0,4.7,0,5.36141,-0.00395592,-0.0014757,2.1099,-0.000821331,-0.000580739,-0.0012253,0.000580739,-0.031439
8.5,-0.8,-0.000821331,2.0901,-0.942373,-0.0396331,0.0002,4.7,0,5.40342,-0.00401817,-0.00148727,2.0901,-0.000821331,-0.00057529,-0.00120241,0.00077529,-0.0384307
8.52,-0.8,-0.000821331,2.05049,-0.957269,-0.0458407,0.000102935,4.7,0,5.44504,-0.00408029,-0.00149872,2.05049,-0.000821331,-0.000564387,-0.00115727,0.000667322,-0.0446835
8.54,-0.8,-0.000821331,2.02044,-0.968993,-0.0500859,-0.00010891,4.7,0,5.48585,-0.0041417,-0.00150996,2.02044,-0.000821331,-0.000556116,-0.0011236,0.000447206,-0.0489623
8.56,-0.8,-0.000821331,1.9968,-0.977134,-0.051883,-0.00120811,4.7,0,5.52607,-0.00420264,-0.00152102,1.9968,-0.000821331,-0.000549608,-0.00109746,-0.000658497,-0.0507855
8.58,-0.8,-0.000821331,1.97857,-0.982736,-0.0509473,-0.0014,4.8,0,5.56581,-0.00426331,-0.00153196,1.97857,-0.000821331,-0.000544591,-0.00107751,-0.000855409,-0.0498698
8.6,-0.8,-0.000821331,1.9639,-0.987898,-0.046903,-0.0014,4.8,0,5.60518,-0.00432384,-0.0015428,1.9639,-0.000821331,-0.000540553,-0.00106159,-0.000859447,-0.0458414
8.62,-0.8,-0.000821331,1.91943,-0.99378,-0.0394812,-0.0012,4.8,0,5.64426,-0.00438434,-0.00155356,1.91943,-0.000821331,-0.000528314,-0.00101406,-0.000671686,-0.0384671
8.64,-0.8,-0.000821331,1.89209,-0.998957,-0.0290717,-0.00169617,4.8,0,5.68245,-0.00444388,-0.00156407,1.89209,-0.000821331,-0.000520789,-0.000985382,-0.00117538,-0.0280863
8.66,-0.8,-0.000821331,1.8649,-1.00041,-0.017055,-0.00139386,4.80307,0,5.7201,-0.00450295,-0.00157443,1.8649,-0.000821331,-0.000513306,-0.000957266,-0.000880555,-0.0160977
8.68,-0.8,-0.000821331,1.84235,-0.996357,-0.00560242,-0.000589265,4.9,0,5.75719,-0.00456154,-0.00158464,1.84235,-0.000821331,-0.000507097,-0.000934247,-8.21686e-05,-0.00466817
8.7,-0.8,-0.000821331,1.82631,-0.987967,0.0025301,1.05628e-05,4.9,0,5.79384,-0.0046198,-0.00159473,1.82631,-0.000821331,-0.000502683,-0.000918056,0.000513246,0.00344815
8.72,-0.8,-0.000821331,1.78508,-0.978247,0.00416783,0.0004,4.9,0,5.83017,-0.00467792,-0.00160473,1.78508,-0.000821331,-0.000491336,-0.000877076,0.000891336,0.0050449
8.74,-0.8,-0.000821331,1.76071,-0.969631,-0.00331333,0.000187048,4.9,0,5.86568,-0.00473507,-0.0016145,1.76071,-0.000821331,-0.000484628,-0.000853291,0.000671676,-0.00246004
8.76,-0.8,-0.000821331,1.73945,-0.962593,-0.0203154,-0.0002,4.9,0,5.9007,-0.00479178,-0.00162414,1.73945,-0.000821331,-0.000478775,-0.000832804,0.000278775,-0.0194826
8.78,-0.8,-0.000821331,1.71619,-0.955965,-0.0438993,-0.000223179,5,0,5.93529,-0.00484813,-0.00163366,1.71619,-0.000821331,-0.000472373,-0.000810682,0.000249194,-0.0430886
8.8,-0.8,-0.000821331,1.69437,-0.948084,-0.0681969,-0.00100065,5,0,5.96943,-0.00490405,-0.00164306,1.69437,-0.000821331,-0.000466368,-0.000790201,-0.000534283,-0.0674067
8.82,-0.8,-0.000821331,1.65973,-0.93792,-0.0865682,-0.0012,5,0,6.00312,-0.00495958,-0.00165233,1.65973,-0.000821331,-0.000456832,-0.000758218,-0.000743168,-0.08581
8.84,-0.8,-0.000821331,1.62958,-0.925584,-0.0945971,-0.0012,5,0,6.03613,-0.00501426,-0.00166142,1.62958,-0.000821331,-0.000448533,-0.00073092,-0.000751467,-0.0938662
8.86,-0.8,-0.000821331,1.60353,-0.911985,-0.0919911,-0.001,5,0,6.06854,-0.00506825,-0.00167034,1.60353,-0.000821331,-0.000441363,-0.000707738,-0.000558637,-0.0912834
8.88,-0.8,-0.000821331,1.58798,-0.897989,-0.0820809,-0.000757629,5,0,6.10042,-0.00512165,-0.00167911,1.58798,-0.000821331,-0.000437085,-0.000694085,-0.000320543,-0.0813868
8.9,-0.8,-0.000821331,1.57582,-0.883823,-0.0694132,0.000354915,5,0,6.13201,-0.00517482,-0.00168781,1.57582,-0.000821331,-0.000433737,-0.000683492,0.000788652,-0.0687297
8.92,-0.8,-0.000821331,1.52505,-0.869219,-0.0572411,0.00140152,5,0,6.16334,-0.00522785,-0.00169643,1.52505,-0.000821331,-0.000419764,-0.000640162,0.00182128,-0.056601
8.94,-0.8,-0.000821331,1.50086,-0.854003,-0.0466398,0.00165447,5.1,0,6.19367,-0.00527942,-0.00170478,1.50086,-0.000821331,-0.000413105,-0.000620013,0.00206757,-0.0460198
8.96,-0.8,-0.000821331,1.48584,-0.838351,-0.0374497,0.00219089,5.1,0,6.22352,-0.00533043,-0.00171299,1.48584,-0.000821331,-0.000408971,-0.000607667,0.00259986,-0.0368421
8.98,-0.8,-0.000821331,1.4691,-0.822567,-0.0297827,0.00179575,5.11062,0,6.25307,-0.00538116,-0.00172113,1.4691,-0.000821331,-0.000404362,-0.000594048,0.00220011,-0.0291886
9,-0.8,-0.000821331,1.45123,-0.806773,-0.0246556,0.0012,5.2,0,6.28228,-0.00543157,-0.00172917,1.45123,-0.000821331,-0.000399444,-0.000579685,0.00159944,-0.0240759
9.02,-0.8,-0.000821331,1.41686,-0.79062,-0.0233161,0.000992335,5.2,0,6.31115,-0.00548159,-0.00173711,1.41686,-0.000821331,-0.000389985,-0.000552555,0.00138232,-0.0227635
9.04,-0.8,-0.000821331,1.38839,-0.773238,-0.0261159,5.52629e-06,5.2,0,6.33933,-0.00553065,-0.00174487,1.38839,-0.000821331,-0.000382146,-0.000530566,0.000387673,-0.0255854
9.06,-0.8,-0.000821331,1.36904,-0.753843,-0.0319662,0.000404787,5.2,0,6.36694,-0.00557894,-0.00175247,1.36904,-0.000821331,-0.000376821,-0.000515881,0.000781608,-0.0314504
9.08,-0.8,-0.000821331,1.35445,-0.732695,-0.0387439,0.000581284,5.3,0,6.39417,-0.00562676,-0.00175997,1.35445,-0.000821331,-0.000372806,-0.000504948,0.00095409,-0.038239
9.1,-0.8,-0.000821331,1.34156,-0.71117,-0.0443948,0,5.3,0,6.42111,-0.00567428,-0.00176738,1.34156,-0.000821331,-0.000369258,-0.000495383,0.000369258,-0.0438994
9.12,-0.8,-0.000821331,1.29968,-0.69053,-0.0478297,0,5.3,0,6.4478,-0.00572155,-0.00177473,1.29968,-0.000821331,-0.000357731,-0.000464937,0.000357731,-0.0473648
9.14,-0.8,-0.000821331,1.27811,-0.670827,-0.0489599,0,5.3,0,6.47366,-0.00576752,-0.00178184,1.27811,-0.000821331,-0.000351794,-0.000449631,0.000351794,-0.0485102
9.16,-0.8,-0.000821331,1.25944,-0.651303,-0.0482826,-0.000407685,5.4,0,6.49908,-0.00581292,-0.00178884,1.25944,-0.000821331,-0.000346656,-0.000436594,-6.1029e-05,-0.047846
9.18,-0.8,-0.000821331,1.24547,-0.631615,-0.0466379,-0.0006,5.4,0,6.52414,-0.00585783,-0.00179574,1.24547,-0.000821331,-0.00034281,-0.00042696,-0.00025719,-0.046211
9.2,-0.8,-0.000821331,1.23488,-0.612222,-0.0450522,5.92598e-05,5.5,0,6.54893,-0.00590242,-0.00180256,1.23488,-0.000821331,-0.000339894,-0.000419727,0.000399154,-0.0446324
9.22,-0.8,-0.000821331,1.20769,-0.593759,-0.0441496,0.00115463,5.5,0,6.5735,-0.0059468,-0.00180933,1.20769,-0.000821331,-0.00033241,-0.000401448,0.00148704,-0.0437482
9.24,-0.8,-0.000821331,1.18699,-0.57653,-0.043428,0.000536314,5.6,0,6.59754,-0.00599037,-0.00181594,1.18699,-0.000821331,-0.000326714,-0.000387807,0.000863028,-0.0430402
9.26,-0.8,-0.000821331,1.17213,-0.560438,-0.0415027,-0.000383335,5.6,0,6.62116,-0.00603335,-0.00182244,1.17213,-0.000821331,-0.000322622,-0.000378155,-6.07123e-05,-0.0411246
9.28,-0.8,-0.000821331,1.16093,-0.544956,-0.0373255,0,5.6,0,6.64449,-0.00607594,-0.00182887,1.16093,-0.000821331,-0.000319541,-0.000370965,0.000319541,-0.0369545
9.3,-0.8,-0.000821331,1.14873,-0.529149,-0.0311555,0.0002,5.6,0,6.6676,-0.00611828,-0.00183523,1.14873,-0.000821331,-0.000316183,-0.00036321,0.000516183,-0.0307923
9.32,-0.8,-0.000821331,1.12012,-0.512172,-0.0244449,0.0002,5.6,0,6.69047,-0.00616032,-0.00184152,1.12012,-0.000821331,-0.000308308,-0.000345343,0.000508308,-0.0240996
9.34,-0.8,-0.000821331,1.09866,-0.493958,-0.0188398,0,5.6,0,6.71277,-0.00620146,-0.00184766,1.09866,-0.000821331,-0.000302401,-0.000332237,0.000302401,-0.0185076
9.36,-0.8,-0.000821331,1.0785,-0.475035,-0.0153195,0,5.6,0,6.73464,-0.00624194,-0.00185368,1.0785,-0.000821331,-0.000296852,-0.000320156,0.000296852,-0.0149994
9.38,-0.8,-0.000821331,1.06563,-0.455607,-0.0141803,0,5.6,0,6.75612,-0.00628181,-0.00185959,1.06563,-0.000821331,-0.000293309,-0.000312559,0.000293309,-0.0138678
9.4,-0.8,-0.000821331,1.05784,-0.435061,-0.015452,-0.00101178,5.6,0,6.77734,-0.00632133,-0.00186543,1.05784,-0.000821331,-0.000291166,-0.000308008,-0.000720618,-0.015144
9.42,-0.8,-0.000821331,1.04129,-0.412407,-0.0190964,-0.0012,5.6,0,6.79841,-0.0063607,-0.00187123,1.04129,-0.000821331,-0.00028661,-0.000298444,-0.00091339,-0.0187979
9.44,-0.8,-0.000821331,1.02265,-0.387504,-0.0247863,-0.00037875,5.6,0,6.81915,-0.00639957,-0.00187694,1.02265,-0.000821331,-0.00028148,-0.000287856,-9.72698e-05,-0.0244985
9.46,-0.8,-0.000821331,1.00272,-0.361909,-0.0314857,0.0002,5.6,0,6.83953,-0.00643787,-0.00188255,1.00272,-0.000821331,-0.000275994,-0.000276745,0.000475994,-0.031209
9.48,-0.8,-0.000821331,0.989016,-0.338056,-0.0375049,0.0002,5.6,0,6.85951,-0.00647555,-0.00188805,0.989016,-0.000821331,-0.000272222,-0.000269232,0.000472222,-0.0372356
9.5,-0.8,-0.000821331,0.98243,-0.317627,-0.0413988,0.00063252,5.6,0,6.87922,-0.00651282,-0.00189347,0.98243,-0.000821331,-0.000270409,-0.000265658,0.00090293,-0.0411332
9.52,-0.8,-0.000821331,0.964652,-0.300854,-0.0429603,0.00136632,5.6,0,6.89881,-0.00654996,-0.00189887,0.964652,-0.000821331,-0.000265516,-0.00025613,0.00163183,-0.0427042
9.54,-0.8,-0.000821331,0.946466,-0.286822,-0.0433068,0.001175,5.6,0,6.91804,-0.00658653,-0.00190416,0.946466,-0.000821331,-0.00026051,-0.000246564,0.00143551,-0.0430603
9.56,-0.8,-0.000821331,0.932051,-0.274239,-0.0438825,0.0008,5.6,0,6.93691,-0.00662251,-0.00190935,0.932051,-0.000821331,-0.000256543,-0.000239111,0.00105654,-0.0436434
9.58,-0.8,-0.000821331,0.926031,-0.262162,-0.0452643,0.0008,5.6,0,6.9555,-0.00665805,-0.00191447,0.926031,-0.000821331,-0.000254886,-0.000236032,0.00105489,-0.0450282
9.6,-0.8,-0.000821331,0.922228,-0.250211,-0.0470256,2.30234e-06,5.6,0,6.97397,-0.00669345,-0.00191955,0.922228,-0.000821331,-0.000253839,-0.000234097,0.000256141,-0.0467915
9.62,-0.8,-0.000821331,0.900099,-0.238601,-0.0485444,-0.0002,5.6,0,6.99236,-0.00672881,-0.00192462,0.900099,-0.000821331,-0.000247748,-0.000222997,4.77478e-05,-0.0483214
9.64,-0.8,-0.000821331,0.888684,-0.228094,-0.0495468,0,5.6,0,7.01032,-0.00676341,-0.00192956,0.888684,-0.000821331,-0.000244606,-0.000217377,0.000244606,-0.0493294
9.66,-0.8,-0.000821331,0.874476,-0.219087,-0.050061,-0.000438039,5.6,0,7.02804,-0.00679766,-0.00193444,0.874476,-0.000821331,-0.000240695,-0.000210482,-0.000197343,-0.0498505
9.68,-0.8,-0.000821331,0.862772,-0.210545,-0.0502383,-0.00117975,5.6,0,7.04549,-0.00683145,-0.00193924,0.862772,-0.000821331,-0.000237474,-0.000204886,-0.000942278,-0.0500334
9.7,-0.8,-0.000821331,0.855292,-0.200546,-0.0502488,-0.0004,5.6,0,7.0627,-0.00686487,-0.00194398,0.855292,-0.000821331,-0.000235415,-0.000201348,-0.000164585,-0.0500474
9.72,-0.8,-0.000821331,0.838654,-0.187748,-0.0502355,-0.000209515,5.6,0,7.07977,-0.00689808,-0.00194867,0.838654,-0.000821331,-0.000230835,-0.000193591,2.13205e-05,-0.0500419
9.74,-0.8,-0.000821331,0.827553,-0.172069,-0.0502995,1.93059e-05,5.6,0,7.0965,-0.00693073,-0.00195328,0.827553,-0.000821331,-0.00022778,-0.0001885,0.000247086,-0.050111
9.76,-0.8,-0.000821331,0.825,-0.154826,-0.0504935,0.000645764,5.6,0,7.11302,-0.00696303,-0.00195783,0.825,-0.000821331,-0.000227077,-0.000187339,0.000872841,-0.0503062
9.78,-0.8,-0.000821331,0.817756,-0.138492,-0.0508061,0.0012,5.6,0,7.12949,-0.00699531,-0.00196236,0.817756,-0.000821331,-0.000225083,-0.000184063,0.00142508,-0.050622
9.8,-0.8,-0.000821331,0.802019,-0.125472,-0.0511282,0.0012,5.6,0,7.14582,-0.00702739,-0.00196685,0.802019,-0.000821331,-0.000220752,-0.000177047,0.00142075,-0.0509512
9.82,-0.8,-0.000821331,0.788661,-0.116916,-0.0512079,0.0012,5.6,0,7.16183,-0.00705892,-0.00197126,0.788661,-0.000821331,-0.000217075,-0.000171199,0.00141708,-0.0510367
9.84,-0.8,-0.000821331,0.774654,-0.112796,-0.0506155,0.0008,5.6,0,7.17758,-0.00709001,-0.0019756,0.774654,-0.000821331,-0.00021322,-0.000165172,0.00101322,-0.0504503
9.86,-0.8,-0.000821331,0.766667,-0.112242,-0.0487677,0.000555826,5.6,0,7.19305,-0.0071206,-0.00197985,0.766667,-0.000821331,-0.000211021,-0.000161783,0.000766847,-0.0486059
9.88,-0.8,-0.000821331,0.76144,-0.113364,-0.0450832,0,5.6,0,7.20836,-0.00715095,-0.00198407,0.76144,-0.000821331,-0.000209583,-0.000159585,0.000209583,-0.0449236
9.9,-0.8,-0.000821331,0.750492,-0.113538,-0.0393601,0,5.6,0,7.22357,-0.00718115,-0.00198825,0.750492,-0.000821331,-0.000206569,-0.000155029,0.000206569,-0.0392051
9.92,-0.8,-0.000821331,0.738662,-0.110422,-0.0322349,-0.000789821,5.6,0,7.23856,-0.00721098,-0.00199238,0.738662,-0.000821331,-0.000203313,-0.00015018,-0.000586507,-0.0320847
9.94,-0.8,-0.000821331,0.731606,-0.102914,-0.0251237,-0.00061951,5.6,0,7.25331,-0.0072404,-0.00199644,0.731606,-0.000821331,-0.000201371,-0.000147324,-0.000418139,-0.0249764
9.96,-0.8,-0.000821331,0.723627,-0.0917927,-0.019394,-0.0012,5.6,0,7.26792,-0.0072696,-0.00200046,0.723627,-0.000821331,-0.000199175,-0.000144128,-0.00100083,-0.0192499
9.98,-0.8,-0.000821331,0.713274,-0.0798222,-0.0156005,-0.00115499,5.6,0,7.28237,-0.00729854,-0.00200444,0.713274,-0.000821331,-0.000196325,-0.000140033,-0.000958669,-0.0154605
10,-0.8,-0.000821331,0.7,-0.0705629,-0.0135293,1.51314e-05,5.6,0,7.29662,-0.00732713,-0.00200836,0.7,-0.000821331,-0.000192672,-0.00013487,0.000207803,-0.0133944
10.02,-0.8,-0.000821331,0.691074,-0.0663053,-0.0127087,0.0002,5.6,0,7.31061,-0.00735525,-0.00201221,0.691074,-0.000821331,-0.000190215,-0.000131452,0.000390215,-0.0125772
10.04,-0.8,-0.000821331,0.683333,-0.0668156,-0.0128162,7.31878e-05,5.6,0,7.32442,-0.00738306,-0.00201601,0.683333,-0.000821331,-0.000188084,-0.000128524,0.000261272,-0.0126877
10.06,-0.8,-0.000821331,0.67375,-0.0697681,-0.0138516,0.0012,5.6,0,7.33807,-0.00741061,-0.00201977,0.67375,-0.000821331,-0.000185446,-0.000124944,0.00138545,-0.0137266
10.08,-0.8,-0.000821331,0.663889,-0.0718605,-0.0161179,0.00119028,5.6,0,7.35153,-0.00743782,-0.00202348,0.663889,-0.000821331,-0.000182732,-0.000121314,0.00137301,-0.0159966
10.1,-0.8,-0.000821331,0.663733,-0.069536,-0.0200121,0.001,5.6,0,7.3648,-0.00746469,-0.00202713,0.663733,-0.000821331,-0.000182689,-0.000121257,0.00118269,-0.0198908
10.12,-0.8,-0.000821331,0.647222,-0.0598553,-0.0255906,0.000813357,5.6,0,7.37806,-0.00749159,-0.00203078,0.647222,-0.000821331,-0.000178145,-0.000115299,0.000991501,-0.0254753
10.14,-0.8,-0.000821331,0.639958,-0.042098,-0.032079,0.00102498,5.6,0,7.39099,-0.00751788,-0.00203434,0.639958,-0.000821331,-0.000176145,-0.000112726,0.00120112,-0.0319663
10.16,-0.8,-0.000821331,0.633333,-0.0191007,-0.037948,0.00138258,5.6,0,7.40378,-0.00754392,-0.00203786,0.633333,-0.000821331,-0.000174322,-0.000110404,0.00155691,-0.0378376
10.18,-0.8,-0.000821331,0.628426,0.00302982,-0.0418501,0.000578464,5.6,0,7.41644,-0.00756975,-0.00204134,0.628426,-0.000821331,-0.000172971,-0.0001087,0.000751435,-0.0417415
10.2,-0.8,-0.000821331,0.619444,0.01747,-0.0436155,0.000421141,5.6,0,7.42901,-0.00759543,-0.0020448,0.619444,-0.000821331,-0.000170499,-0.000105615,0.00059164,-0.0435099
10.22,-0.8,-0.000821331,0.610687,0.0207081,-0.0443131,0.0008,5.6,0,7.4414,-0.00762079,-0.00204821,0.610687,-0.000821331,-0.000168089,-0.00010265,0.000968089,-0.0442104
10.24,-0.8,-0.000821331,0.602778,0.0149657,-0.0452502,0.000551857,5.6,0,7.45362,-0.00764583,-0.00205157,0.602778,-0.000821331,-0.000165912,-0.000100008,0.000717769,-0.0451502
10.26,-0.8,-0.000821331,0.593871,0.00645047,-0.0468168,-0.000216588,5.6,0,7.46568,-0.00767059,-0.00205489,0.593871,-0.000821331,-0.00016346,-9.70743e-05,-5.31275e-05,-0.0467197
10.28,-0.8,-0.000821331,0.586111,0.0013338,-0.0483492,-0.000778652,5.6,0,7.47756,-0.00769502,-0.00205816,0.586111,-0.000821331,-0.000161324,-9.45539e-05,-0.000617328,-0.0482547
10.3,-0.8,-0.000821331,0.58525,0.00313939,-0.0488624,-0.00017934,5.6,0,7.48928,-0.00771917,-0.00206139,0.58525,-0.000821331,-0.000161087,-9.42764e-05,-1.8253e-05,-0.0487682
10.32,-0.8,-0.000821331,0.574806,0.012277,-0.0475816,0,5.6,0,7.50099,-0.00774332,-0.00206461,0.574806,-0.000821331,-0.000158212,-9.09414e-05,0.000158212,-0.0474906
10.34,-0.8,-0.000821331,0.569261,0.0267278,-0.0440906,0.0004,5.6,0,7.51249,-0.00776707,-0.00206778,0.569261,-0.000821331,-0.000156686,-8.91953e-05,0.000556686,-0.0440014
10.36,-0.8,-0.000821331,0.560718,0.0435696,-0.0385948,0.000181109,5.6,0,7.52388,-0.00779065,-0.00207091,0.560718,-0.000821331,-0.000154335,-8.65384e-05,0.000335444,-0.0385083
10.38,-0.8,-0.000821331,0.555556,0.0605423,-0.0323126,1.17506e-05,5.6,0,7.5351,-0.0078139,-0.002074,0.555556,-0.000821331,-0.000152914,-8.49522e-05,0.000164665,-0.0322277
10.4,-0.8,-0.000821331,0.555319,0.0763116,-0.0273325,0.0006,5.6,0,7.54622,-0.00783699,-0.00207706,0.555319,-0.000821331,-0.000152849,-8.488e-05,0.000752849,-0.0272476
10.42,-0.8,-0.000821331,0.538889,0.0897051,-0.0255815,0.000789149,5.6,0,7.55734,-0.00786011,-0.00208012,0.538889,-0.000821331,-0.000148327,-7.99315e-05,0.000937475,-0.0255016
10.44,-0.8,-0.000821331,0.53442,0.0993789,-0.0276315,0.0004,5.6,0,7.56814,-0.00788258,-0.0020831,0.53442,-0.000821331,-0.000147097,-7.86113e-05,0.000547097,-0.0275529
10.46,-0.8,-0.000821331,0.527781,0.104481,-0.032225,0.000419196,5.6,0,7.57885,-0.0079049,-0.00208604,0.527781,-0.000821331,-0.000145269,-7.66702e-05,0.000564465,-0.0321484
10.48,-0.8,-0.000821331,0.525,0.105715,-0.0368094,0.000822482,5.6,0,7.58942,-0.00792698,-0.00208895,0.525,-0.000821331,-0.000144504,-7.58645e-05,0.000966985,-0.0367336
10.5,-0.8,-0.000821331,0.523984,0.105513,-0.0388801,0.000163407,5.6,0,7.59995,-0.00794897,-0.00209185,0.523984,-0.000821331,-0.000144224,-7.5571e-05,0.000307631,-0.0388045
10.52,-0.8,-0.000821331,0.513889,0.106614,-0.0373223,-0.000949244,5.6,0,7.61045,-0.00797096,-0.00209474,0.513889,-0.000821331,-0.000141445,-7.26872e-05,-0.000807798,-0.0372496
10.54,-0.8,-0.000821331,0.510975,0.110294,-0.032907,-0.00116839,5.6,0,7.62075,-0.00799254,-0.00209757,0.510975,-0.000821331,-0.000140643,-7.18653e-05,-0.00102774,-0.0328351
10.56,-0.8,-0.000821331,0.505374,0.116067,-0.027698,-0.000217857,5.6,0,7.63099,-0.00801404,-0.00210039,0.505374,-0.000821331,-0.000139102,-7.02984e-05,-7.87548e-05,-0.0276277
10.58,-0.8,-0.000821331,0.502778,0.122828,-0.0237006,-0.0006,5.6,0,7.64112,-0.00803533,-0.00210318,0.502778,-0.000821331,-0.000138387,-6.9578e-05,-0.000461613,-0.0236311
10.6,-0.8,-0.000821331,0.502686,0.129837,-0.0216935,-0.000198683,5.6,0,7.6512,-0.00805655,-0.00210596,0.502686,-0.000821331,-0.000138362,-6.95527e-05,-6.03211e-05,-0.021624
10.62,-0.8,-0.000821331,0.488889,0.136721,-0.0211151,0.000203111,5.6,0,7.66128,-0.00807779,-0.00210873,0.488889,-0.000821331,-0.000134564,-6.5787e-05,0.000337675,-0.0210493
10.64,-0.8,-0.000821331,0.487501,0.143201,-0.0210354,0.000821449,5.6,0,7.67108,-0.00809848,-0.00211143,0.487501,-0.000821331,-0.000134182,-6.54139e-05,0.000955631,-0.0209699
10.66,-0.8,-0.000821331,0.48188,0.149055,-0.0212915,0.000992173,5.6,0,7.68086,-0.00811914,-0.00211412,0.48188,-0.000821331,-0.000132635,-6.39143e-05,0.00112481,-0.0212276
10.68,-0.8,-0.000821331,0.477778,0.153975,-0.0225295,0.00062299,5.6,0,7.69053,-0.00813959,-0.00211678,0.477778,-0.000821331,-0.000131506,-6.28307e-05,0.000754496,-0.0224667
10.7,-0.8,-0.000821331,0.47758,0.157558,-0.0251576,0.00100712,5.6,0,7.70011,-0.0081599,-0.00211942,0.47758,-0.000821331,-0.000131452,-6.27786e-05,0.00113858,-0.0250948
10.72,-0.8,-0.000821331,0.469374,0.159626,-0.028524,0.0012,5.6,0,7.7097,-0.00818022,-0.00212206,0.469374,-0.000821331,-0.000129193,-6.06397e-05,0.00132919,-0.0284634
10.74,-0.8,-0.000821331,0.466667,0.160379,-0.0312976,0.000954504,5.6,0,7.71912,-0.00820022,-0.00212465,0.466667,-0.000821331,-0.000128448,-5.99423e-05,0.00108295,-0.0312377
10.76,-0.8,-0.000821331,0.46069,0.160195,-0.0327228,0.000180241,5.6,0,7.72848,-0.00822013,-0.00212723,0.46069,-0.000821331,-0.000126803,-5.84168e-05,0.000307044,-0.0326644
10.78,-0.8,-0.000821331,0.455556,0.159471,-0.0331074,0,5.6,0,7.73773,-0.00823981,-0.00212977,0.455556,-0.000821331,-0.000125389,-5.71219e-05,0.000125389,-0.0330503
10.8,-0.8,-0.000821331,0.455556,0.158615,-0.0327357,-1.577e-05,5.6,0,7.74687,-0.00825929,-0.00213229,0.455556,-0.000821331,-0.000125389,-5.71219e-05,0.000109619,-0.0326786
10.82,-0.8,-0.000821331,0.449962,0.158143,-0.0310479,-0.000379046,5.6,0,7.75601,-0.0082788,-0.00213481,0.449962,-0.000821331,-0.00012385,-5.57276e-05,-0.000255196,-0.0309922
10.84,-0.8,-0.000821331,0.444444,0.158777,-0.0275738,0,5.6,0,7.76504,-0.00829809,-0.00213729,0.444444,-0.000821331,-0.000122331,-5.43694e-05,0.000122331,-0.0275195
10.86,-0.8,-0.000821331,0.444444,0.161473,-0.0230177,0,5.6,0,7.77397,-0.00831717,-0.00213975,0.444444,-0.000821331,-0.000122331,-5.43694e-05,0.000122331,-0.0229633
10.88,-0.8,-0.000821331,0.440733,0.167218,-0.0188054,0,5.6,0,7.78289,-0.00833627,-0.0021422,0.440733,-0.000821331,-0.00012131,-5.34652e-05,0.00012131,-0.0187519
10.9,-0.8,-0.000821331,0.433756,0.176473,-0.0160386,0,5.6,0,7.79173,-0.00835523,-0.00214464,0.433756,-0.000821331,-0.000119389,-5.17857e-05,0.000119389,-0.0159868
10.92,-0.8,-0.000821331,0.433333,0.188325,-0.0152037,0.00112955,5.6,0,7.80045,-0.00837392,-0.00214704,0.433333,-0.000821331,-0.000119273,-5.16849e-05,0.00124882,-0.015152
10.94,-0.8,-0.000821331,0.428832,0.200167,-0.0164338,0.000990546,5.6,0,7.80915,-0.00839262,-0.00214943,0.428832,-0.000821331,-0.000118034,-5.06168e-05,0.00110858,-0.0163832
10.96,-0.8,-0.000821331,0.425,0.208814,-0.0196439,0.000812287,5.6,0,7.81777,-0.00841115,-0.0021518,0.425,-0.000821331,-0.000116979,-4.97162e-05,0.000929266,-0.0195942
10.98,-0.8,-0.000821331,0.425,0.212544,-0.0243216,0.00119089,5.6,0,7.82631,-0.00842954,-0.00215416,0.425,-0.000821331,-0.000116979,-4.97162e-05,0.00130787,-0.0242718
11,-0.8,-0.000821331,0.423961,0.212337,-0.0292066,0.0004,5.6,0,7.83485,-0.00844796,-0.00215651,0.423961,-0.000821331,-0.000116693,-4.94734e-05,0.000516693,-0.0291571
11.02,-0.8,-0.000821331,0.413889,0.211228,-0.0325658,0.0004,5.6,0,7.84337,-0.00846634,-0.00215885,0.413889,-0.000821331,-0.000113921,-4.71506e-05,0.000513921,-0.0325187
11.04,-0.8,-0.000821331,0.413889,0.212318,-0.0332215,0,5.6,0,7.85169,-0.00848431,-0.00216114,0.413889,-0.000821331,-0.000113921,-4.71506e-05,0.000113921,-0.0331743
11.06,-0.8,-0.000821331,0.409545,0.216975,-0.0311692,0,5.6,0,7.86001,-0.0085023,-0.00216343,0.409545,-0.000821331,-0.000112725,-4.6166e-05,0.000112725,-0.031123
11.08,-0.8,-0.000821331,0.405556,0.224575,-0.0272335,6.35063e-06,5.6,0,7.86825,-0.00852013,-0.0021657,0.405556,-0.000821331,-0.000111627,-4.5271e-05,0.000117978,-0.0271882
11.1,-0.8,-0.000821331,0.405556,0.233494,-0.0225985,0,5.6,0,7.8764,-0.0085378,-0.00216794,0.405556,-0.000821331,-0.000111627,-4.5271e-05,0.000111627,-0.0225532
11.12,-0.8,-0.000821331,0.401156,0.242028,-0.0184439,0,5.6,0,7.88456,-0.0085555,-0.00217019,0.401156,-0.000821331,-0.000110416,-4.42941e-05,0.000110416,-0.0183996
11.14,-0.8,-0.000821331,0.397222,0.248906,-0.0155071,0,5.6,0,7.89263,-0.00857302,-0.00217241,0.397222,-0.000821331,-0.000109333,-4.34297e-05,0.000109333,-0.0154637
11.16,-0.8,-0.000821331,0.397222,0.253824,-0.0139954,2.14539e-05,5.6,0,7.90063,-0.0085904,-0.00217461,0.397222,-0.000821331,-0.000109333,-4.34297e-05,0.000130787,-0.013952
11.18,-0.8,-0.000821331,0.395227,0.257358,-0.0139012,0.000640055,5.60668,0,7.90862,-0.00860779,-0.00217681,0.395227,-0.000821331,-0.000108784,-4.29945e-05,0.000748839,-0.0138582
11.2,-0.8,-0.000821331,0.391517,0.260031,-0.0152688,0.00116771,5.80538,0,7.91658,-0.00862512,-0.002179,0.391517,-0.000821331,-0.000107763,-4.21912e-05,0.00127548,-0.0152266
11.22,-0.8,-0.000821331,0.388889,0.261888,-0.0182076,0.000239957,6.17003,0,7.92446,-0.0086423,-0.00218117,0.388889,-0.000821331,-0.00010704,-4.16266e-05,0.000346997,-0.018166
11.24,-0.8,-0.000821331,0.388889,0.263006,-0.0226409,0,6.61131,0,7.93229,-0.00865939,-0.00218333,0.388889,-0.000821331,-0.00010704,-4.16266e-05,0.00010704,-0.0225993
11.26,-0.8,-0.000821331,0.384614,0.263899,-0.0279925,0.000209403,6.9,0,7.94012,-0.0086765,-0.00218548,0.384614,-0.000821331,-0.000105863,-4.07165e-05,0.000315266,-0.0279518
11.28,-0.8,-0.000821331,0.380556,0.265452,-0.0332252,0.000397292,7,0,7.94787,-0.00869343,-0.00218761,0.380556,-0.000821331,-0.000104746,-3.98617e-05,0.000502039,-0.0331854
11.3,-0.8,-0.000821331,0.380556,0.268686,-0.0371248,0,7.1,0,7.95553,-0.00871021,-0.00218972,0.380556,-0.000821331,-0.000104746,-3.98617e-05,0.000104746,-0.037085
11.32,-0.8,-0.000821331,0.377647,0.274396,-0.0384637,0.000189085,7.19454,0,7.96319,-0.008727,-0.00219183,0.377647,-0.000821331,-0.000103945,-3.92547e-05,0.000293031,-0.0384245
11.34,-0.8,-0.000821331,0.375,0.282705,-0.0364438,0.000792212,7.3,0,7.9708,-0.00874368,-0.00219393,0.375,-0.000821331,-0.000103217,-3.87064e-05,0.000895429,-0.0364051
11.36,-0.8,-0.000821331,0.375,0.293037,-0.0314943,0,7.50588,0,7.97836,-0.00876027,-0.00219601,0.375,-0.000821331,-0.000103217,-3.87064e-05,0.000103217,-0.0314556
11.38,-0.8,-0.000821331,0.37403,0.304639,-0.0253332,-3.14894e-06,7.90157,0,7.98592,-0.00877687,-0.00219809,0.37403,-0.000821331,-0.00010295,-3.85065e-05,9.98011e-05,-0.0252947
11.4,-0.8,-0.000821331,0.372039,0.316954,-0.0199185,-0.000386824,8.41318,0,7.99346,-0.00879346,-0.00220016,0.372039,-0.000821331,-0.000102402,-3.80976e-05,-0.000284422,-0.0198805
11.42,-0.8,-0.000821331,0.369444,0.329572,-0.0164479,-1.92491e-05,8.87113,0,8.00096,-0.00880998,-0.00220223,0.369444,-0.000821331,-0.000101688,-3.7568e-05,8.24387e-05,-0.0164104
11.44,-0.8,-0.000821331,0.369444,0.342446,-0.0152656,0,9.3,0,8.00842,-0.0088264,-0.00220428,0.369444,-0.000821331,-0.000101688,-3.7568e-05,0.000101688,-0.015228
11.46,-0.8,-0.000821331,0.368028,0.356368,-0.0162585,7.77547e-06,9.5,0,8.01587,-0.00884285,-0.00220633,0.368028,-0.000821331,-0.000101298,-3.72805e-05,0.000109073,-0.0162212
11.48,-0.8,-0.000821331,0.366667,0.372729,-0.0190751,0.0002,9.5993,0,8.02331,-0.00885925,-0.00220838,0.366667,-0.000821331,-0.000100923,-3.70052e-05,0.000300923,-0.0190381
11.5,-0.8,-0.000821331,0.366667,0.392303,-0.0229812,0.000212138,9.7,0,8.03071,-0.00887562,-0.00221042,0.366667,-0.000821331,-0.000100923,-3.70052e-05,0.000313061,-0.0229442
11.52,-0.8,-0.000821331,0.366667,0.414267,-0.0266317,0.000580237,9.7,0,8.03813,-0.00889201,-0.00221246,0.366667,-0.000821331,-0.000100923,-3.70052e-05,0.00068116,-0.0265947
11.54,-0.8,-0.000821331,0.366667,0.436338,-0.0284995,0.000979349,9.81033,0,8.04554,-0.00890842,-0.0022145,0.366667,-0.000821331,-0.000100923,-3.70052e-05,0.00108027,-0.0284625
11.56,-0.8,-0.000821331,0.366667,0.455781,-0.0281128,0.000605352,9.9,0,8.05296,-0.00892487,-0.00221654,0.366667,-0.000821331,-0.000100923,-3.70052e-05,0.000706275,-0.0280758
11.58,-0.8,-0.000821331,0.366667,0.470793,-0.0266725,0.0012,10.0108,0,8.06039,-0.00894133,-0.00221858,0.366667,-0.000821331,-0.000100923,-3.70052e-05,0.00130092,-0.0266355
11.6,-0.8,-0.000821331,0.36689,0.481393,-0.0259927,0.00118395,10.208,0,8.06781,-0.00895782,-0.00222063,0.36689,-0.000821331,-0.000100985,-3.70502e-05,0.00128494,-0.0259556
11.62,-0.8,-0.000821331,0.369444,0.489372,-0.0268704,0.000800393,10.4996,0,8.07525,-0.00897433,-0.00222268,0.369444,-0.000821331,-0.000101688,-3.7568e-05,0.000902081,-0.0268329
11.64,-0.8,-0.000821331,0.369444,0.497588,-0.0284191,0,11.02,0,8.08274,-0.00899098,-0.00222474,0.369444,-0.000821331,-0.000101688,-3.7568e-05,0.000101688,-0.0283816
11.66,-0.8,-0.000821331,0.373852,0.508493,-0.028831,0,11.8612,0,8.09022,-0.00900765,-0.0022268,0.373852,-0.000821331,-0.000102901,-3.84697e-05,0.000102901,-0.0287925
11.68,-0.8,-0.000821331,0.377778,0.522901,-0.0270226,0,12.8415,0,8.0978,-0.00902453,-0.00222888,0.377778,-0.000821331,-0.000103982,-3.92819e-05,0.000103982,-0.0269834
11.7,-0.8,-0.000821331,0.377778,0.540971,-0.0235456,-6.30173e-06,13.3095,0,8.10546,-0.00904161,-0.00223099,0.377778,-0.000821331,-0.000103982,-3.92819e-05,9.76798e-05,-0.0235063
11.72,-0.8,-0.000821331,0.383449,0.564485,-0.0198094,-0.000413639,13.7136,0,8.11313,-0.00905872,-0.0022331,0.383449,-0.000821331,-0.000105543,-4.04702e-05,-0.000308096,-0.019769
11.74,-0.8,-0.000821331,0.388889,0.597256,-0.016843,-0.00038589,14.0071,0,8.12091,-0.0090761,-0.00223524,0.388889,-0.000821331,-0.00010704,-4.16266e-05,-0.00027885,-0.0168014
11.76,-0.8,-0.000821331,0.388889,0.643124,-0.0149386,0,14.2089,0,8.12881,-0.00909377,-0.00223742,0.388889,-0.000821331,-0.00010704,-4.16266e-05,0.00010704,-0.0148969
11.78,-0.8,-0.000821331,0.395724,0.703603,-0.0139697,2.25983e-05,14.4056,0,8.13671,-0.00911146,-0.00223959,0.395724,-0.000821331,-0.000108921,-4.31028e-05,0.000131519,-0.0139266
11.8,-0.8,-0.000821331,0.408333,0.776923,-0.0137384,0.000805237,14.6052,0,8.14477,-0.00912951,-0.00224181,0.408333,-0.000821331,-0.000112392,-4.58933e-05,0.000917629,-0.0136925
11.82,-0.8,-0.000821331,0.408333,0.858656,-0.0141632,0.001,14.9118,0,8.15309,-0.00914818,-0.0022441,0.408333,-0.000821331,-0.000112392,-4.58933e-05,0.00111239,-0.0141173
11.84,-0.8,-0.000821331,0.422784,0.943076,-0.0153272,0.000988389,15.2116,0,8.16143,-0.0091669,-0.0022464,0.422784,-0.000821331,-0.000116369,-4.9199e-05,0.00110476,-0.015278
11.86,-0.8,-0.000821331,0.436111,1.02466,-0.0173962,0.000565655,15.5258,0,8.17007,-0.00918633,-0.00224877,0.436111,-0.000821331,-0.000120037,-5.23497e-05,0.000685692,-0.0173439
11.88,-0.8,-0.000821331,0.445503,1.09991,-0.0203982,0.000219927,15.805,0,8.179,-0.00920642,-0.00225123,0.445503,-0.000821331,-0.000122623,-5.46288e-05,0.000342549,-0.0203436
11.9,-0.8,-0.000821331,0.462995,1.16867,-0.0240644,0.000782446,15.9912,0,8.18813,-0.00922698,-0.00225374,0.462995,-0.000821331,-0.000127437,-5.90028e-05,0.000909883,-0.0240054
11.92,-0.8,-0.000821331,0.463889,1.23315,-0.0281375,0.0012,16.1,0,8.19762,-0.00924839,-0.00225636,0.463889,-0.000821331,-0.000127683,-5.92308e-05,0.00132768,-0.0280783
11.94,-0.8,-0.000821331,0.482105,1.29514,-0.0327343,0.000970182,16.1,0,8.20715,-0.00926989,-0.00225898,0.482105,-0.000821331,-0.000132697,-6.39741e-05,0.00110288,-0.0326704
11.96,-0.8,-0.000821331,0.5,1.35409,-0.0377913,0.000179744,16.1101,0,8.21705,-0.00929227,-0.0022617,0.5,-0.000821331,-0.000137623,-6.88113e-05,0.000317367,-0.0377225
11.98,-0.8,-0.000821331,0.516865,1.40743,-0.0422687,-0.000213635,16.2068,0,8.22732,-0.00931552,-0.00226453,0.516865,-0.000821331,-0.000142265,-7.35317e-05,-7.13703e-05,-0.0421952
12,-0.8,-0.000821331,0.547222,1.45255,-0.044534,-0.000193292,16.3,0,8.23794,-0.00933958,-0.00226745,0.547222,-0.000821331,-0.00015062,-8.24228e-05,-4.26715e-05,-0.0444516
12.02,-0.8,-0.000821331,0.56952,1.48857,-0.0434219,0,16.4,0,8.24917,-0.00936507,-0.00227055,0.56952,-0.000821331,-0.000156758,-8.92765e-05,0.000156758,-0.0433326
12.04,-0.8,-0.000821331,0.591667,1.51665,-0.0388525,0,16.5,0,8.26086,-0.00939163,-0.00227376,0.591667,-0.000821331,-0.000162853,-9.63549e-05,0.000162853,-0.0387562
12.06,-0.8,-0.000821331,0.615367,1.53881,-0.0320054,0,16.509,0,8.273,-0.00941924,-0.0022771,0.615367,-0.000821331,-0.000169377,-0.000104229,0.000169377,-0.0319012
12.08,-0.8,-0.000821331,0.636111,1.55705,-0.0250182,0,16.6052,0,8.28561,-0.00944799,-0.00228058,0.636111,-0.000821331,-0.000175087,-0.000111374,0.000175087,-0.0249068
12.1,-0.8,-0.000821331,0.636188,1.57331,-0.020051,3.67318e-07,16.8,0,8.29865,-0.00947774,-0.00228416,0.636188,-0.000821331,-0.000175108,-0.000111401,0.000175475,-0.0199396
12.12,-0.8,-0.000821331,0.701192,1.58916,-0.0184252,0.0002,16.8949,0,8.31168,-0.00950755,-0.00228775,0.701192,-0.000821331,-0.000193,-0.00013533,0.000393,-0.0182899
12.14,-0.8,-0.000821331,0.722222,1.60506,-0.0204567,0,17.0079,0,8.32603,-0.00954038,-0.0022917,0.722222,-0.000821331,-0.000198788,-0.000143569,0.000198788,-0.0203131
12.16,-0.8,-0.000821331,0.746529,1.6207,-0.0255349,0.000465444,17.1109,0,8.34079,-0.00957425,-0.00229576,0.746529,-0.000821331,-0.000205479,-0.000153396,0.000670923,-0.0253815
12.18,-0.8,-0.000821331,0.773546,1.63604,-0.0320302,0.00121767,17.3088,0,8.35605,-0.0096093,-0.00229996,0.773546,-0.000821331,-0.000212915,-0.000164699,0.00143058,-0.0318655
12.2,-0.8,-0.000821331,0.786062,1.65164,-0.0375648,0.0014,17.4,0,8.37184,-0.00964567,-0.00230431,0.786062,-0.000821331,-0.00021636,-0.000170072,0.00161636,-0.0373947
12.22,-0.8,-0.000821331,0.826471,1.66801,-0.040044,0.000596937,17.5015,0,8.3879,-0.0096827,-0.00230873,0.826471,-0.000821331,-0.000227482,-0.000188007,0.00082442,-0.039856
12.24,-0.8,-0.000821331,0.863411,1.68514,-0.0387555,0.000178467,17.6108,0,8.40476,-0.00972167,-0.00231337,0.863411,-0.000821331,-0.00023765,-0.000205189,0.000416117,-0.0385503
12.26,-0.8,-0.000821331,0.880556,1.70272,-0.0347066,-2.41383e-05,17.7121,0,8.42236,-0.00976244,-0.00231822,0.880556,-0.000821331,-0.000242369,-0.000213419,0.00021823,-0.0344932
12.28,-0.8,-0.000821331,0.893931,1.72079,-0.0299662,-4.29099e-05,17.9,0,8.44032,-0.0098041,-0.00232316,0.893931,-0.000821331,-0.00024605,-0.000219952,0.00020314,-0.0297462
12.3,-0.8,-0.000821331,0.922414,1.73987,-0.0262632,-0.000828504,18.0071,0,8.45854,-0.00984648,-0.00232817,0.922414,-0.000821331,-0.00025389,-0.000234191,-0.000574614,-0.026029
12.32,-0.8,-0.000821331,0.976971,1.75984,-0.0239455,-0.000821821,18.1,0,8.47733,-0.00989029,-0.00233335,0.976971,-0.000821331,-0.000268907,-0.000262714,-0.000552915,-0.0236828
12.34,-0.8,-0.000821331,1.00894,1.77897,-0.0224305,-0.000616665,18.2042,0,8.49723,-0.00993676,-0.00233882,1.00894,-0.000821331,-0.000277705,-0.000280187,-0.000338959,-0.0221503
12.36,-0.8,-0.000821331,1.025,1.79455,-0.0214319,-0.0007745,18.3064,0,8.51776,-0.00998484,-0.00234447,1.025,-0.000821331,-0.000282126,-0.000289179,-0.000492373,-0.0211427
12.38,-0.8,-0.000821331,1.03689,1.80445,-0.0212241,6.14555e-06,18.5,0,8.53862,-0.0100338,-0.00235022,1.03689,-0.000821331,-0.000285398,-0.000295925,0.000291543,-0.0209282
12.4,-0.8,-0.000821331,1.06112,1.80775,-0.0218211,0.0004,18.6,0,8.55972,-0.0100835,-0.00235602,1.06112,-0.000821331,-0.000292067,-0.000309918,0.000692067,-0.0215112
12.42,-0.8,-0.000821331,1.10768,1.80503,-0.022455,0.000587866,18.6939,0,8.5813,-0.0101344,-0.00236196,1.10768,-0.000821331,-0.000304884,-0.000337715,0.000892751,-0.0221173
12.44,-0.8,-0.000821331,1.14091,1.79865,-0.0221398,0.0012,18.8,0,8.60382,-0.0101876,-0.00236816,1.14091,-0.000821331,-0.000314029,-0.000358278,0.00151403,-0.0217816
12.46,-0.8,-0.000821331,1.16733,1.79225,-0.0206029,0.0012,18.8075,0,8.62699,-0.0102426,-0.00237454,1.16733,-0.000821331,-0.000321302,-0.000375066,0.0015213,-0.0202279
12.48,-0.8,-0.000821331,1.1885,1.78937,-0.0183331,0.000579475,18.9051,0,8.6507,-0.0102989,-0.00238107,1.1885,-0.000821331,-0.00032713,-0.000388795,0.000906604,-0.0179443
12.5,-0.8,-0.000821331,1.2094,1.7926,-0.015836,-6.41416e-06,19.0032,0,8.67483,-0.0103565,-0.00238771,1.2094,-0.000821331,-0.000332882,-0.000402588,0.000326468,-0.0154335
12.52,-0.8,-0.000821331,1.25799,1.80283,-0.0132348,-0.000612717,19.1064,0,8.69937,-0.0104152,-0.00239446,1.25799,-0.000821331,-0.000346255,-0.000435585,-0.000266462,-0.0127992
12.54,-0.8,-0.000821331,1.28784,1.81864,-0.0105141,-0.0012,19.2094,0,8.72489,-0.0104764,-0.00240149,1.28784,-0.000821331,-0.000354471,-0.000456501,-0.000845529,-0.0100576
12.56,-0.8,-0.000821331,1.31305,1.83671,-0.00798044,-0.00097871,19.4106,0,8.75101,-0.0105392,-0.00240868,1.31305,-0.000821331,-0.000361412,-0.000474554,-0.000617298,-0.00750589
12.58,-0.8,-0.000821331,1.33531,1.85331,-0.00651258,-0.000564167,19.509,0,8.77764,-0.0106034,-0.00241601,1.33531,-0.000821331,-0.000367538,-0.000490777,-0.00019663,-0.0060218
12.6,-0.8,-0.000821331,1.35669,1.86543,-0.00712865,0,19.6041,0,8.80472,-0.0106689,-0.00242346,1.35669,-0.000821331,-0.000373422,-0.000506617,0.000373422,-0.00662203
12.62,-0.8,-0.000821331,1.40724,1.87207,-0.010166,2.2312e-05,19.8056,0,8.83223,-0.0107357,-0.00243103,1.40724,-0.000821331,-0.000387335,-0.000545073,0.000409647,-0.00962094
12.64,-0.8,-0.000821331,1.45151,1.87506,-0.0151582,0.000824427,19.9061,0,8.86075,-0.0108052,-0.00243888,1.45151,-0.000821331,-0.00039952,-0.000579906,0.00122395,-0.0145783
12.66,-0.8,-0.000821331,1.4802,1.87796,-0.0213373,0.00121897,20.1095,0,8.89015,-0.010877,-0.00244697,1.4802,-0.000821331,-0.000407417,-0.000603057,0.00162639,-0.0207342
12.68,-0.8,-0.000821331,1.49863,1.8835,-0.0278173,0.0014,20.2146,0,8.92013,-0.0109505,-0.00245523,1.49863,-0.000821331,-0.000412492,-0.000618175,0.00181249,-0.0271991
12.7,-0.8,-0.000821331,1.51378,1.89222,-0.0335873,0.0014,20.4101,0,8.95048,-0.0110251,-0.00246358,1.51378,-0.000821331,-0.00041666,-0.00063073,0.00181666,-0.0329566
12.72,-0.8,-0.000821331,1.57883,1.90319,-0.0376312,0.0014,20.6,0,8.98113,-0.0111008,-0.00247202,1.57883,-0.000821331,-0.000434567,-0.000686109,0.00183457,-0.0369451
12.74,-0.8,-0.000821331,1.60355,1.91519,-0.0389546,0.00139439,20.8028,0,9.01309,-0.0111799,-0.00248081,1.60355,-0.000821331,-0.00044137,-0.00070776,0.00183576,-0.0382469
12.76,-0.8,-0.000821331,1.6225,1.92722,-0.0369254,0.000569087,21.0052,0,9.04554,-0.0112606,-0.00248974,1.6225,-0.000821331,-0.000446587,-0.000724589,0.00101567,-0.0362008
12.78,-0.8,-0.000821331,1.64819,1.93836,-0.0320397,-0.00020945,21.1016,0,9.07838,-0.0113425,-0.00249878,1.64819,-0.000821331,-0.000453657,-0.000747713,0.000244206,-0.031292
12.8,-0.8,-0.000821331,1.68207,1.94804,-0.0259912,-0.00123639,21.3091,0,9.11173,-0.0114259,-0.00250796,1.68207,-0.000821331,-0.000462982,-0.000778769,-0.000773411,-0.0252124
12.82,-0.8,-0.000821331,1.72583,1.95687,-0.0206202,-0.00196811,21.4,0,9.14576,-0.0115115,-0.00251733,1.72583,-0.000821331,-0.000475025,-0.000819811,-0.00149309,-0.0198004
12.84,-0.8,-0.000821331,1.75888,1.9667,-0.0169015,-0.00237654,21.5117,0,9.18067,-0.0115995,-0.00252694,1.75888,-0.000821331,-0.000484124,-0.000851518,-0.00189242,-0.0160499
12.86,-0.8,-0.000821331,1.78096,1.97927,-0.0148596,-0.00180972,21.6049,0,9.21624,-0.0116896,-0.00253673,1.78096,-0.000821331,-0.0004902,-0.000873025,-0.00131952,-0.0139866
12.88,-0.8,-0.000821331,1.80562,1.99454,-0.0140361,-0.0026,21.7006,0,9.25226,-0.0117811,-0.00254664,1.80562,-0.000821331,-0.000496989,-0.000897374,-0.00210301,-0.0131388
12.9,-0.8,-0.000821331,1.82738,2.01072,-0.0138897,-0.0026,21.8,0,9.28877,-0.0118743,-0.00255669,1.82738,-0.000821331,-0.000502978,-0.000919131,-0.00209702,-0.0129706
12.92,-0.8,-0.000821331,1.88308,2.02562,-0.0139893,-0.00199422,22.0029,0,9.32572,-0.0119689,-0.00256686,1.88308,-0.000821331,-0.00051831,-0.000976021,-0.00147591,-0.0130133
12.94,-0.8,-0.000821331,1.90782,2.03775,-0.0140781,-0.00115676,22.1108,0,9.36378,-0.0120668,-0.00257734,1.90782,-0.000821331,-0.000525118,-0.00100183,-0.000631638,-0.0130763
12.96,-0.8,-0.000821331,1.94531,2.0469,-0.0140785,-0.000376538,22.3059,0,9.40235,-0.0121664,-0.00258795,1.94531,-0.000821331,-0.000535438,-0.00104159,0.0001589,-0.0130369
12.98,-0.8,-0.000821331,1.98032,2.0541,-0.014083,0,22.5023,0,9.44166,-0.0122684,-0.00259877,1.98032,-0.000821331,-0.000545073,-0.00107942,0.000545073,-0.0130036
13,-0.8,-0.000821331,2.0075,2.06091,-0.0143467,0.000631096,22.6078,0,9.48168,-0.0123726,-0.00260979,2.0075,-0.000821331,-0.000552554,-0.00110925,0.00118365,-0.0132374
13.02,-0.8,-0.000821331,2.04304,2.0684,-0.0152632,0.001,22.7926,0,9.52224,-0.0124787,-0.00262095,2.04304,-0.000821331,-0.000562337,-0.00114888,0.00156234,-0.0141143
13.04,-0.8,-0.000821331,2.068,2.07688,-0.0172839,0.0006,22.9027,0,9.56352,-0.0125871,-0.00263231,2.068,-0.000821331,-0.000569207,-0.00117712,0.00116921,-0.0161068
13.06,-0.8,-0.000821331,2.131,2.08653,-0.0207164,0.000380212,23.1049,0,9.60529,-0.0126973,-0.00264381,2.131,-0.000821331,-0.000586548,-0.00124993,0.00096676,-0.0194664
13.08,-0.8,-0.000821331,2.15323,2.09774,-0.025341,-0.000818555,23.2023,0,9.64833,-0.0128113,-0.00265566,2.15323,-0.000821331,-0.000592667,-0.00127615,-0.000225888,-0.0240648
13.1,-0.8,-0.000821331,2.17302,2.11054,-0.0300257,-0.00241715,23.4086,0,9.69181,-0.0129271,-0.00266763,2.17302,-0.000821331,-0.000598112,-0.00129971,-0.00181904,-0.028726
13.12,-0.8,-0.000821331,2.23258,2.12394,-0.0329995,-0.00297548,23.5,0,9.73569,-0.0130444,-0.00267971,2.23258,-0.000821331,-0.000614506,-0.00137193,-0.00236097,-0.0316275
13.14,-0.8,-0.000821331,2.26281,2.13653,-0.0329279,-0.0028,23.6138,0,9.78077,-0.0131655,-0.00269211,2.26281,-0.000821331,-0.000622827,-0.00140934,-0.00217717,-0.0315186
13.16,-0.8,-0.000821331,2.28978,2.14727,-0.0296404,-0.0028,23.7,0,9.82645,-0.0132888,-0.00270469,2.28978,-0.000821331,-0.000630252,-0.00144314,-0.00216975,-0.0281972
13.18,-0.8,-0.000821331,2.31825,2.15553,-0.0239503,-0.00298345,23.8041,0,9.87268,-0.0134141,-0.00271741,2.31825,-0.000821331,-0.000638086,-0.00147924,-0.00234537,-0.0224711
13.2,-0.8,-0.000821331,2.34356,2.16116,-0.0173922,-0.00217904,23.9052,0,9.91947,-0.0135415,-0.00273029,2.34356,-0.000821331,-0.000645053,-0.00151172,-0.00153399,-0.0158805
13.22,-0.8,-0.000821331,2.40231,2.16516,-0.0119051,-0.00118081,24.0096,0,9.96678,-0.013671,-0.00274331,2.40231,-0.000821331,-0.000661225,-0.00158847,-0.00051959,-0.0103166
13.24,-0.8,-0.000821331,2.44294,2.1694,-0.00887347,-0.0004,24.2079,0,10.0153,-0.0138043,-0.00275665,2.44294,-0.000821331,-0.000672408,-0.00164265,0.000272408,-0.00723081
13.26,-0.8,-0.000821331,2.47666,2.17506,-0.00828053,-0.0002,24.3,0,10.0645,-0.0139405,-0.00277022,2.47666,-0.000821331,-0.00068169,-0.00168832,0.00048169,-0.00659221
13.28,-0.8,-0.000821331,2.50467,2.18209,-0.0091043,-0.0002,24.3,0,10.1145,-0.0140793,-0.00278398,2.50467,-0.000821331,-0.000689399,-0.00172672,0.000489399,-0.00737758
13.3,-0.8,-0.000821331,2.52846,2.19,-0.01047,-3.78256e-06,24.4,0,10.165,-0.0142203,-0.00279788,2.52846,-0.000821331,-0.000695947,-0.00175967,0.000692164,-0.0087103
13.32,-0.8,-0.000821331,2.58187,2.19852,-0.0123166,-0.00021046,24.4052,0,10.2161,-0.0143634,-0.00281192,2.58187,-0.000821331,-0.000710646,-0.00183479,0.000500186,-0.0104818
13.34,-0.8,-0.000821331,2.62111,2.20737,-0.0153398,-0.00039562,24.5,0,10.2681,-0.0145102,-0.00282626,2.62111,-0.000821331,-0.000721447,-0.00189099,0.000325826,-0.0134488
13.36,-0.8,-0.000821331,2.65689,2.21594,-0.0206047,-0.0002,24.5,0,10.321,-0.01466,-0.00284081,2.65689,-0.000821331,-0.000731296,-0.00194297,0.000531296,-0.0186617
13.38,-0.8,-0.000821331,2.68582,2.2238,-0.0289186,-0.000812579,24.5021,0,10.3746,-0.0148126,-0.00285556,2.68582,-0.000821331,-0.000739258,-0.00198551,-7.33207e-05,-0.0269331
13.4,-0.8,-0.000821331,2.71436,2.23107,-0.0400303,-0.002,24.6,0,10.4287,-0.0149677,-0.00287046,2.71436,-0.000821331,-0.000747114,-0.00202793,-0.00125289,-0.0380024
13.42,-0.8,-0.000821331,2.77248,2.23796,-0.0521663,-0.00179645,24.6018,0,10.4835,-0.0151252,-0.00288553,2.77248,-0.000821331,-0.000763111,-0.00211571,-0.00103334,-0.0500506
13.44,-0.8,-0.000821331,2.80704,2.24383,-0.062362,-0.0018228,24.7114,0,10.5394,-0.0152869,-0.00290091,2.80704,-0.000821331,-0.000772625,-0.00216879,-0.00105018,-0.0601932
13.46,-0.8,-0.000821331,2.84491,2.24703,-0.0674679,-0.00219273,24.8,0,10.596,-0.0154515,-0.00291649,2.84491,-0.000821331,-0.000783048,-0.0022277,-0.00140968,-0.0652402
13.48,-0.8,-0.000821331,2.87545,2.24588,-0.0655085,-0.0011888,24.9,0,10.6533,-0.0156192,-0.00293227,2.87545,-0.000821331,-0.000791455,-0.00227579,-0.000397349,-0.0632327
13.5,-0.8,-0.000821331,2.89911,2.24005,-0.0568735,-0.0004,24.9062,0,10.7113,-0.0157896,-0.00294823,2.89911,-0.000821331,-0.000797965,-0.00231339,0.000397965,-0.0545601
13.52,-0.8,-0.000821331,2.94676,2.23074,-0.0444108,-0.000397997,25,0,10.7697,-0.0159624,-0.00296431,2.94676,-0.000821331,-0.000811082,-0.00239007,0.000413085,-0.0420208
13.54,-0.8,-0.000821331,2.98336,2.21987,-0.0319599,0.000632541,25.0081,0,10.8291,-0.0161389,-0.00298065,2.98336,-0.000821331,-0.000821155,-0.0024498,0.0014537,-0.0295101
13.56,-0.8,-0.000821331,3.01836,2.2094,-0.0223405,0.00102157,25.1,0,10.8892,-0.0163185,-0.0029972,3.01836,-0.000821331,-0.000830789,-0.00250762,0.00185236,-0.0198329
13.58,-0.8,-0.000821331,3.05047,2.20113,-0.0164383,0.0012,25.1101,0,10.95,-0.0165013,-0.00301394,3.05047,-0.000821331,-0.000839628,-0.00256126,0.00203963,-0.013877
13.6,-0.8,-0.000821331,3.08146,2.19621,-0.0136995,0.00118557,25.2,0,11.0114,-0.016687,-0.00303085,3.08146,-0.000821331,-0.000848156,-0.00261356,0.00203372,-0.011086
13.62,-0.8,-0.000821331,3.12581,2.1946,-0.013038,-2.73358e-05,25.2068,0,11.0735,-0.0168757,-0.00304793,3.12581,-0.000821331,-0.000860363,-0.00268933,0.000833027,-0.0103487
13.64,-0.8,-0.000821331,3.16279,2.19525,-0.0134135,-0.000630566,25.3,0,11.1365,-0.0170681,-0.00306526,3.16279,-0.000821331,-0.000870542,-0.00275334,0.000239977,-0.0106601
13.66,-0.8,-0.000821331,3.19535,2.19708,-0.0140404,-0.00122103,25.4,0,11.2002,-0.0172639,-0.00308279,3.19535,-0.000821331,-0.000879504,-0.00281032,-0.000341525,-0.0112301
13.68,-0.8,-0.000821331,3.22826,2.1999,-0.0143909,-0.00205618,25.4094,0,11.2645,-0.0174628,-0.00310051,3.22826,-0.000821331,-0.000888563,-0.00286851,-0.00116761,-0.0115223
13.7,-0.8,-0.000821331,3.25927,2.20405,-0.0141305,-0.00278217,25.5089,0,11.3295,-0.017665,-0.0031184,3.25927,-0.000821331,-0.000897098,-0.00292389,-0.00188507,-0.0112066
13.72,-0.8,-0.000821331,3.30693,2.20917,-0.0130863,-0.00258451,25.6,0,11.3951,-0.0178702,-0.00313646,3.30693,-0.000821331,-0.000910217,-0.00301002,-0.00167429,-0.0100763
13.74,-0.8,-0.000821331,3.35022,2.21365,-0.0113078,-0.00220133,25.7,0,11.4617,-0.0180797,-0.00315479,3.35022,-0.000821331,-0.000922132,-0.00308935,-0.0012792,-0.00821841
13.76,-0.8,-0.000821331,3.39247,2.21566,-0.0092465,-0.00237922,25.7104,0,11.5292,-0.0182931,-0.00317335,3.39247,-0.000821331,-0.000933761,-0.00316776,-0.00144546,-0.00607874
13.78,-0.8,-0.000821331,3.41205,2.21441,-0.00781796,-0.00218268,25.8087,0,11.5975,-0.0185104,-0.00319215,3.41205,-0.000821331,-0.000939151,-0.00320443,-0.00124353,-0.00461353
13.8,-0.8,-0.000821331,3.43517,2.21068,-0.00786207,-0.002,25.9,0,11.6661,-0.0187303,-0.00321105,3.43517,-0.000821331,-0.000945514,-0.003248,-0.00105449,-0.00461407
13.82,-0.8,-0.000821331,3.48633,2.20611,-0.00934211,-0.00218351,25.9082,0,11.7353,-0.018953,-0.00323009,3.48633,-0.000821331,-0.000959596,-0.00334547,-0.00122392,-0.00599663
13.84,-0.8,-0.000821331,3.51514,2.20183,-0.0113955,-0.00197358,26,0,11.8055,-0.0191803,-0.0032494,3.51514,-0.000821331,-0.000967525,-0.00340098,-0.00100605,-0.0079945
13.86,-0.8,-0.000821331,3.55601,2.19744,-0.0131555,-0.00121926,26,0,11.8762,-0.0194109,-0.00326887,3.55601,-0.000821331,-0.000978776,-0.00348054,-0.00024048,-0.00967496
13.88,-0.8,-0.000821331,3.58742,2.19163,-0.0142323,-0.00183158,26.1,0,11.9478,-0.0196455,-0.00328857,3.58742,-0.000821331,-0.00098742,-0.00354229,-0.000844164,-0.01069
13.9,-0.8,-0.000821331,3.6099,2.18392,-0.0146215,-0.0022,26.1,0,12.0199,-0.0198836,-0.00330844,3.6099,-0.000821331,-0.000993609,-0.00358683,-0.00120639,-0.0110347
13.92,-0.8,-0.000821331,3.65972,2.17536,-0.014515,-0.0016,26.1,0,12.0926,-0.0201247,-0.00332843,3.65972,-0.000821331,-0.00100732,-0.00368651,-0.00059268,-0.0108285
13.94,-0.8,-0.000821331,3.68991,2.16794,-0.0142147,-0.00150178,26.2,0,12.1662,-0.0203705,-0.00334869,3.68991,-0.000821331,-0.00101563,-0.00374758,-0.000486147,-0.0104672
13.96,-0.8,-0.000821331,3.72872,2.16321,-0.0141257,-0.00138559,26.2,0,12.2404,-0.0206198,-0.00336913,3.72872,-0.000821331,-0.00102631,-0.00382683,-0.000359278,-0.0102988
13.98,-0.8,-0.000821331,3.76138,2.16135,-0.0147724,-0.0012,26.2033,0,12.3154,-0.0208733,-0.00338977,3.76138,-0.000821331,-0.0010353,-0.00389417,-0.000164697,-0.0108782
14,-0.8,-0.000821331,3.79491,2.16104,-0.016769,-0.0012,26.3097,0,12.3911,-0.0211305,-0.0034106,3.79491,-0.000821331,-0.00104453,-0.00396389,-0.00015547,-0.0128051
14.02,-0.8,-0.000821331,3.84137,2.15989,-0.0206504,-0.0012,26.402,0,12.4674,-0.0213917,-0.00343161,3.84137,-0.000821331,-0.00105732,-0.00406156,-0.000142681,-0.0165889
14.04,-0.8,-0.000821331,3.87448,2.15568,-0.0264736,-0.0012,26.5124,0,12.5447,-0.0216576,-0.00345287,3.87448,-0.000821331,-0.00106643,-0.00413186,-0.000133569,-0.0223418
14.06,-0.8,-0.000821331,3.91209,2.14822,-0.0333304,-0.0012,26.6058,0,12.6226,-0.0219275,-0.00347432,3.91209,-0.000821331,-0.00107678,-0.00421248,-0.000123215,-0.029118
14.08,-0.8,-0.000821331,3.94019,2.14014,-0.0393942,-0.00118981,26.7,0,12.7013,-0.0222017,-0.00349597,3.94019,-0.000821331,-0.00108452,-0.00427322,-0.000105289,-0.035121
14.1,-0.8,-0.000821331,3.95836,2.13497,-0.0428203,-0.0012,26.7,0,12.7805,-0.0224795,-0.00351778,3.95836,-0.000821331,-0.00108952,-0.00431272,-0.00011048,-0.0385076
14.12,-0.8,-0.000821331,4.00987,2.13468,-0.0427486,-0.000980231,26.7049,0,12.8601,-0.0227604,-0.00353969,4.00987,-0.000821331,-0.0011037,-0.00442569,0.000123467,-0.0383229
14.14,-0.8,-0.000821331,4.05447,2.13876,-0.0397106,0.000101136,26.8,0,12.9407,-0.0230467,-0.00356188,4.05447,-0.000821331,-0.00111597,-0.00452467,0.00121711,-0.0351859
14.16,-0.8,-0.000821331,4.09442,2.14484,-0.0355644,0.000821371,26.8,0,13.0222,-0.023338,-0.00358432,4.09442,-0.000821331,-0.00112697,-0.00461427,0.00194834,-0.0309501
14.18,-0.8,-0.000821331,4.11555,2.15021,-0.0328391,0.001,26.8928,0,13.1046,-0.0236339,-0.00360698,4.11555,-0.000821331,-0.00113279,-0.00466204,0.00213279,-0.028177
14.2,-0.8,-0.000821331,4.13324,2.15284,-0.0332722,0.000601105,26.9,0,13.1873,-0.0239333,-0.00362975,4.13324,-0.000821331,-0.00113765,-0.0047022,0.00173876,-0.02857
14.22,-0.8,-0.000821331,4.1818,2.1516,-0.0364408,0,26.9,0,13.2704,-0.0242359,-0.00365262,4.1818,-0.000821331,-0.00115102,-0.00481334,0.00115102,-0.0316274
14.24,-0.8,-0.000821331,4.21664,2.14609,-0.0397784,0,26.9,0,13.3545,-0.0245439,-0.00367576,4.21664,-0.000821331,-0.00116061,-0.00489386,0.00116061,-0.0348845
14.26,-0.8,-0.000821331,4.2602,2.13666,-0.0399955,-0.0002,26.9,0,13.4392,-0.0248565,-0.00369909,4.2602,-0.000821331,-0.0011726,-0.0049955,0.000972599,-0.035
14.28,-0.8,-0.000821331,4.28789,2.12436,-0.0347142,-0.00038146,26.9,0,13.5249,-0.0251742,-0.00372266,4.28789,-0.000821331,-0.00118022,-0.00506065,0.00079876,-0.0296536
14.3,-0.8,-0.000821331,4.30631,2.11053,-0.023409,-0.0012,26.9,0,13.611,-0.0254961,-0.00374638,4.30631,-0.000821331,-0.00118529,-0.00510423,-1.47095e-05,-0.0183048
14.32,-0.8,-0.000821331,4.33181,2.09676,-0.00758856,-0.0012,26.9,0,13.6976,-0.0258214,-0.0037702,4.33181,-0.000821331,-0.00119231,-0.00516486,-7.68965e-06,-0.00242369
14.34,-0.8,-0.000821331,4.37046,2.08514,0.0094898,-0.00171092,26.9,0,13.7846,-0.0261506,-0.00379416,4.37046,-0.000821331,-0.00120295,-0.00525742,-0.000507968,0.0147472
14.36,-0.8,-0.000821331,4.4157,2.07761,0.0234281,-0.00242133,26.9,0,13.8725,-0.0264849,-0.00381834,4.4157,-0.000821331,-0.0012154,-0.00536684,-0.00120593,0.028795
14.38,-0.8,-0.000821331,4.4498,2.07481,0.0299719,-0.00296801,26.9,0,13.9612,-0.0268248,-0.00384276,4.4498,-0.000821331,-0.00122479,-0.00545005,-0.00174323,0.035422
14.4,-0.8,-0.000821331,4.48404,2.07558,0.0267949,-0.00299268,26.9,0,14.0506,-0.0271695,-0.00386737,4.48404,-0.000821331,-0.00123421,-0.00553426,-0.00175847,0.0323292
14.42,-0.8,-0.000821331,4.52173,2.07732,0.0143887,-0.00258179,26.9,0,14.1407,-0.027519,-0.00389217,4.52173,-0.000821331,-0.00124458,-0.00562767,-0.00133721,0.0200164
14.44,-0.8,-0.000821331,4.55617,2.07707,-0.00448164,-0.00179122,27,0,14.2315,-0.0278738,-0.00391718,4.55617,-0.000821331,-0.00125406,-0.00571372,-0.000537158,0.00123207
14.46,-0.8,-0.000821331,4.58297,2.07321,-0.0257706,-0.0018,27,0,14.3231,-0.0282335,-0.00394237,4.58297,-0.000821331,-0.00126144,-0.00578115,-0.000538559,-0.0199895
14.48,-0.8,-0.000821331,4.60883,2.06637,-0.0450761,-0.0018,27,0,14.4152,-0.0285977,-0.00396771,4.60883,-0.000821331,-0.00126856,-0.00584656,-0.000531443,-0.0392296
14.5,-0.8,-0.000821331,4.63629,2.0582,-0.0585364,-0.00139871,27,0,14.5077,-0.0289662,-0.0039932,4.63629,-0.000821331,-0.00127612,-0.00591645,-0.000122594,-0.05262
14.52,-0.8,-0.000821331,4.67803,2.04958,-0.0636084,-0.00098261,27.0087,0,14.6009,-0.0293393,-0.00401883,4.67803,-0.000821331,-0.00128761,-0.00602347,0.000304996,-0.057585
14.54,-0.8,-0.000821331,4.7157,2.04034,-0.0597797,-0.00110179,27.1,0,14.6949,-0.0297182,-0.0040447,4.7157,-0.000821331,-0.00129797,-0.00612086,0.000196182,-0.0536588
14.56,-0.8,-0.000821331,4.76042,2.03021,-0.0488224,-0.001,27.1,0,14.7896,-0.0301025,-0.00407077,4.76042,-0.000821331,-0.00131028,-0.0062375,0.000310283,-0.0425849
14.58,-0.8,-0.000821331,4.78901,2.0195,-0.0340836,-0.000817608,27.1,0,14.8852,-0.030493,-0.00409709,4.78901,-0.000821331,-0.00131815,-0.00631264,0.000500543,-0.027771
14.6,-0.8,-0.000821331,4.81007,2.00881,-0.0193463,-0.000577248,27.1,0,14.9814,-0.0308884,-0.00412356,4.81007,-0.000821331,-0.00132395,-0.00636829,0.000746701,-0.012978
14.62,-0.8,-0.000821331,4.8464,1.99886,-0.00799266,0,27.1098,0,15.078,-0.031288,-0.00415015,4.8464,-0.000821331,-0.00133395,-0.00646486,0.00133395,-0.0015278
14.64,-0.8,-0.000821331,4.86882,1.9905,-0.00232442,-0.000991014,27.2,0,15.1753,-0.0316932,-0.00417694,4.86882,-0.000821331,-0.00134012,-0.0065248,0.000349105,0.00420038
14.66,-0.8,-0.000821331,4.90543,1.98429,-0.0027796,-0.000994074,27.2,0,15.2731,-0.0321029,-0.00420385,4.90543,-0.000821331,-0.0013502,-0.00662328,0.000356121,0.00384369
14.68,-0.8,-0.000821331,4.93664,1.98001,-0.00775617,-0.000803586,27.2,0,15.3716,-0.0325184,-0.00423097,4.93664,-0.000821331,-0.00135879,-0.00670785,0.000555201,-0.00104833
14.7,-0.8,-0.000821331,4.95826,1.97671,-0.0146041,-0.000200669,27.2,0,15.4707,-0.0329391,-0.00425825,4.95826,-0.000821331,-0.00136474,-0.00676673,0.00116407,-0.0078374
14.72,-0.8,-0.000821331,5.00297,1.97333,-0.0206753,-0.000213886,27.3,0,15.5703,-0.0333645,-0.00428565,5.00297,-0.000821331,-0.00137704,-0.00688931,0.00116316,-0.013786
14.74,-0.8,-0.000821331,5.02359,1.96944,-0.0234742,0,27.3,0,15.6707,-0.0337964,-0.0043133,5.02359,-0.000821331,-0.00138272,-0.00694622,0.00138272,-0.016528
14.76,-0.8,-0.000821331,5.04831,1.96559,-0.0209617,0,27.3105,0,15.7716,-0.0342328,-0.00434107,5.04831,-0.000821331,-0.00138952,-0.00701475,0.00138952,-0.013947
14.78,-0.8,-0.000821331,5.07969,1.96294,-0.0129593,0,27.4,0,15.8729,-0.0346742,-0.00436897,5.07969,-0.000821331,-0.00139816,-0.00710221,0.00139816,-0.00585704
14.8,-0.8,-0.000821331,5.09998,1.96213,-0.00228844,0,27.4,0,15.9749,-0.0351212,-0.00439704,5.09998,-0.000821331,-0.00140374,-0.00715907,0.00140374,0.00487063
14.82,-0.8,-0.000821331,5.14954,1.96252,0.00609266,-0.00100392,27.4,0,16.0773,-0.0355729,-0.00442522,5.14954,-0.000821331,-0.00141739,-0.0072989,0.000413466,0.0133916
14.84,-0.8,-0.000821331,5.18402,1.96279,0.00729322,-0.0012,27.4,0,16.1807,-0.0360319,-0.00445368,5.18402,-0.000821331,-0.00142688,-0.00739696,0.000226877,0.0146902
14.86,-0.7,-0.000718665,5.22025,1.96166,-0.00155841,-0.00181087,27.4,0,16.2848,-0.0364968,-0.00448142,5.22025,-0.000718665,-0.00125724,-0.00656313,-0.000553622,0.00500472
14.88,-0.7,-0.000718665,5.23997,1.95868,-0.0196009,-0.0021936,27.4,0,16.3896,-0.0369678,-0.00450576,5.23997,-0.000718665,-0.00126199,-0.00661279,-0.000931609,-0.0129881
14.9,-0.7,-0.000718665,5.25229,1.95463,-0.0410757,-0.0028,27.5,0,16.4948,-0.0374431,-0.0045311,5.25229,-0.000718665,-0.00126496,-0.00664392,-0.00153504,-0.0344318
14.92,-0.7,-0.000718665,5.2954,1.95071,-0.0569191,-0.00260053,27.5,0,16.6002,-0.0379221,-0.00455649,5.2954,-0.000718665,-0.00127534,-0.00675345,-0.00132519,-0.0501656
14.94,-0.7,-0.000718665,5.33561,1.94753,-0.0593627,-0.00222028,27.6,0,16.7065,-0.0384078,-0.00458209,5.33561,-0.000718665,-0.00128503,-0.00685639,-0.00093525,-0.0525063
14.96,-0.7,-0.000718665,5.36694,1.94482,-0.0459872,-0.00239684,27.6,0,16.8136,-0.0389,-0.00460788,5.36694,-0.000718665,-0.00129257,-0.00693716,-0.00110426,-0.03905
14.98,-0.7,-0.000718665,5.38994,1.94179,-0.0203781,-0.0018203,27.6,0,16.9213,-0.0393978,-0.00463383,5.38994,-0.000718665,-0.00129811,-0.00699673,-0.000522186,-0.0133814
15,-0.7,-0.000718665,5.41123,1.93773,0.00965921,-0.000400718,27.6,0,17.0295,-0.0399005,-0.00465989,5.41123,-0.000718665,-0.00130324,-0.00705211,0.000902519,0.0167113
15.02,-0.7,-0.000718665,5.45408,1.93239,0.0342467,-0.001,27.7,0,17.1381,-0.040408,-0.00468604,5.45408,-0.000718665,-0.00131356,-0.00716424,0.000313557,0.041411
15.04,-0.7,-0.000718665,5.48031,1.92595,0.0440328,-0.000747262,27.7,0,17.2476,-0.0409224,-0.00471241,5.48031,-0.000718665,-0.00131988,-0.00723333,0.000572613,0.0512661
15.06,-0.7,-0.000718665,5.51237,1.91877,0.0340561,6.87982e-06,27.7,0,17.3576,-0.0414422,-0.0047389,5.51237,-0.000718665,-0.0013276,-0.0073182,0.00133448,0.0413743
15.08,-0.7,-0.000718665,5.53877,1.91147,0.00690347,0.000199201,27.7,0,17.4682,-0.041968,-0.00476554,5.53877,-0.000718665,-0.00133395,-0.00738847,0.00153316,0.0142919
15.1,-0.6,-0.000615999,5.55969,1.90518,-0.0280883,0.000608893,27.7,0,17.5794,-0.0424991,-0.00479136,5.55969,-0.000615999,-0.00114771,-0.00638091,0.0017566,-0.0217074
15.12,-0.6,-0.000615999,5.60096,1.90134,-0.0592541,0.000598616,27.8,0,17.6909,-0.043035,-0.00481343,5.60096,-0.000615999,-0.00115623,-0.00647598,0.00175484,-0.0527782
15.14,-0.6,-0.000615999,5.61863,1.901,-0.0769954,0.000406109,27.8,0,17.8033,-0.0435773,-0.00483663,5.61863,-0.000615999,-0.00115988,-0.00651692,0.00156599,-0.0704785
15.16,-0.6,-0.000615999,5.65145,1.90344,-0.0761059,0.000211356,27.8,0,17.9161,-0.044124,-0.00485991,5.65145,-0.000615999,-0.00116665,-0.00659326,0.00137801,-0.0695126
15.18,-0.6,-0.000615999,5.67313,1.90564,-0.0568296,0.000581692,27.8,0,18.0295,-0.0446765,-0.00488332,5.67313,-0.000615999,-0.00117113,-0.00664396,0.00175282,-0.0501856
15.2,-0.6,-0.000615999,5.66967,1.9039,-0.0249911,0.000223229,27.8,0,18.1433,-0.0452337,-0.00490682,5.66967,-0.000615999,-0.00117041,-0.00663585,0.00139364,-0.0183553
15.22,-0.6,-0.000615999,5.7356,1.89656,0.00955487,-0.000783606,27.8,0,18.2571,-0.0457933,-0.00493031,5.7356,-0.000615999,-0.00118402,-0.00679107,0.000400416,0.0163459
15.24,-0.6,-0.000615999,5.77657,1.88504,0.0359205,-0.000434797,27.8,0,18.3722,-0.0463621,-0.00495407,5.77657,-0.000615999,-0.00119248,-0.00688844,0.000757683,0.0428089
15.26,-0.6,-0.000615999,5.81656,1.87301,0.045656,-0.00119804,27.8,0,18.4881,-0.0469377,-0.00497799,5.81656,-0.000615999,-0.00120073,-0.00698414,2.69494e-06,0.0526401
15.28,-0.6,-0.000615999,5.81434,1.86431,0.0356832,-0.00202243,27.8,0,18.6048,-0.0475201,-0.00500209,5.81434,-0.000615999,-0.00120028,-0.00697881,-0.00082215,0.0426621
15.3,-0.6,-0.000615999,5.83886,1.86092,0.009405,-0.00299921,27.8,0,18.7215,-0.048105,-0.00502617,5.83886,-0.000615999,-0.00120534,-0.00703781,-0.00179387,0.0164428
15.32,-0.6,-0.000615999,5.88148,1.8623,-0.0246256,-0.0033955,27.8,0,18.8386,-0.0486953,-0.00505035,5.88148,-0.000615999,-0.00121414,-0.00714092,-0.00218136,-0.0174847
15.34,-0.6,-0.000615999,5.91991,1.86607,-0.0555442,-0.00258727,27.9,0,18.9566,-0.0492927,-0.00507471,5.91991,-0.000615999,-0.00122207,-0.00723454,-0.0013652,-0.0483096
15.36,-0.6,-0.000615999,5.95529,1.86907,-0.0732147,-0.0022,27.9,0,19.0754,-0.0498968,-0.00509923,5.95529,-0.000615999,-0.00122937,-0.00732127,-0.000970627,-0.0658934
15.38,-0.6,-0.000615999,5.97864,1.86872,-0.0712576,-0.00217796,27.9,0,19.1949,-0.0505076,-0.00512389,5.97864,-0.000615999,-0.00123419,-0.00737879,-0.000943771,-0.0638788
15.4,-0.6,-0.000615999,5.99571,1.8646,-0.0494998,-0.00156962,27.9,0,19.3148,-0.0511236,-0.00514865,5.99571,-0.000615999,-0.00123772,-0.007421,-0.000331906,-0.0420788
15.42,-0.6,-0.000615999,6.0301,1.85831,-0.0140462,-0.000385342,27.9,0,19.4351,-0.0517444,-0.00517349,6.0301,-0.000615999,-0.00124482,-0.00750638,0.000859475,-0.00653981
15.44,-0.6,-0.000615999,6.07629,1.85156,0.0252207,0.000813878,27.9,0,19.5561,-0.0523718,-0.00519846,6.07629,-0.000615999,-0.00125435,-0.00762181,0.00206823,0.0328425
15.46,-0.6,-0.000615999,6.10437,1.84519,0.0577256,0.0012,27.9,0,19.678,-0.053007,-0.00522362,6.10437,-0.000615999,-0.00126015,-0.0076924,0.00246015,0.065418
15.48,-0.6,-0.000615999,6.11591,1.83993,0.0747678,0.0016,27.9,0,19.8004,-0.0536482,-0.0052489,6.11591,-0.000615999,-0.00126253,-0.00772153,0.00286253,0.0824893
15.5,-0.598556,-0.000614516,6.13088,1.83643,0.0721594,0.0014,27.9,0,19.9231,-0.0542937,-0.00527421,6.13088,-0.000614516,-0.00126257,-0.00774068,0.00266257,0.0799001
15.52,-0.5,-0.000513332,6.16423,1.83412,0.0523664,0.00136888,27.9,0,20.0461,-0.0549439,-0.00529848,6.16423,-0.000513332,-0.00106042,-0.00653668,0.0024293,0.0589031
15.54,-0.5,-0.000513332,6.18896,1.83125,0.0236307,-2.07193e-05,27.9,0,20.1697,-0.0556003,-0.0053187,6.18896,-0.000513332,-0.00106468,-0.00658924,0.00104396,0.0302199
15.56,-0.5,-0.000513332,6.21624,1.82617,-0.00416107,-0.0006,27.9,0,20.2939,-0.0562619,-0.00534006,6.21624,-0.000513332,-0.00106937,-0.00664746,0.000469369,0.00248639
15.58,-0.5,-0.000513332,6.24658,1.8186,-0.0236269,-0.000617843,27.9,0,20.4186,-0.0569291,-0.00536151,6.24658,-0.000513332,-0.00107459,-0.0067125,0.000456746,-0.0169144
15.6,-0.497173,-0.00051043,6.25658,1.80966,-0.0317644,-0.00120565,27.9,0,20.5439,-0.0576023,-0.00538303,6.25658,-0.00051043,-0.00107022,-0.00669593,-0.000135431,-0.0250685
15.62,-0.4,-0.000410666,6.30514,1.80118,-0.0297896,-0.0012,27.9,0,20.6694,-0.0582791,-0.00540342,6.30514,-0.000410666,-0.00086773,-0.00547116,-0.00033227,-0.0243185
15.64,-0.4,-0.000410666,6.34028,1.79499,-0.0217848,-0.0014606,27.9,0,20.7958,-0.0589635,-0.00541977,6.34028,-0.000410666,-0.000872565,-0.0055323,-0.000588036,-0.0162525
15.66,-0.3,-0.000307999,6.36613,1.79238,-0.0127689,-0.0019509,27.9,0,20.923,-0.0596537,-0.00543617,6.36613,-0.000307999,-0.000657092,-0.00418313,-0.0012938,-0.00858576
15.68,-0.3,-0.000307999,6.38802,1.79307,-0.00667655,-0.0012,27.9,0,21.0507,-0.0603486,-0.00544825,6.38802,-0.000307999,-0.000659352,-0.00421195,-0.000540648,-0.0024646
15.7,-0.2,-0.000205333,6.41344,1.79489,-0.00480231,-0.00161676,27.9,0,21.1788,-0.0610474,-0.00546037,6.41344,-0.000205333,-0.000441317,-0.00283036,-0.00117544,-0.00197195
15.72,-0.0963144,-9.88825e-05,6.45392,1.79486,-0.00562406,-0.00158526,27.9,0,21.3074,-0.0617503,-0.00546697,6.45392,-9.88825e-05,-0.000213867,-0.00138028,-0.00137139,-0.00424378
15.74,0.0035105,3.6041e-06,6.48117,1.79087,-0.00628953,-0.000771521,27.9,0,21.4368,-0.0624581,-0.00546899,6.48117,3.6041e-06,7.82801e-06,5.07346e-05,-0.000779349,-0.00634027
15.76,0.10475,0.000107543,6.50156,1.78254,-0.00446936,-0.0002095,27.9,0,21.5668,-0.0631688,-0.00546658,6.50156,0.000107543,0.000234316,0.00152342,-0.000443817,-0.00599278
15.78,0.402902,0.000413645,6.51993,1.77119,0.000600085,1.24011e-05,27.5,0,21.6972,-0.0638811,-0.0054574,6.51993,0.000413645,0.000903798,0.0058927,-0.000891397,-0.00529261
15.8,0.499276,0.000512589,6.53599,1.75902,0.0077337,0.000594556,27.5,0,21.8279,-0.0645933,-0.00543483,6.53599,0.000512589,0.00112275,0.00733826,-0.000528191,0.000395445
15.82,0.849201,0.000871844,6.58721,1.74803,0.0141688,0.0012057,27.4,0,21.959,-0.0653039,-0.00540728,6.58721,0.000871844,0.00192461,0.0126778,-0.000718905,0.00149106
15.84,1.2,0.001232,6.61289,1.73914,0.0172355,0.00202899,27.3928,0,22.0911,-0.0660153,-0.00536072,6.61289,0.001232,0.00273025,0.0180549,-0.000701258,-0.00081933
15.86,1.20565,0.0012378,6.6268,1.73194,0.0163073,0.00305652,27.3,0,22.2237,-0.0667224,-0.0053019,6.6268,0.0012378,0.00274888,0.0182163,0.00030764,-0.00190903
15.88,1.55323,0.00159465,6.64166,1.72532,0.013258,0.0046,27.3,0,22.3566,-0.067423,-0.00524274,6.64166,0.00159465,0.00354931,0.0235733,0.00105069,-0.0103153
15.9,1.69209,0.00173721,6.65759,1.71847,0.0115102,0.0046,27.3,0,22.4898,-0.0681163,-0.00516599,6.65759,0.00173721,0.0038759,0.0258041,0.000724105,-0.0142939
15.92,1.89657,0.00194714,6.71314,1.71108,0.0145267,0.00517619,27.3,0,22.6233,-0.0688005,-0.00508433,6.71314,0.00194714,0.0043805,0.0294069,0.000795689,-0.0148802
15.94,2.1,0.00215599,6.74681,1.70261,0.0238752,0.00497418,27.3,0,22.7579,-0.0694788,-0.00499177,6.74681,0.00215599,0.0048747,0.0328887,9.94722e-05,-0.0090135
15.96,2.25211,0.00231216,6.77969,1.692,0.0378509,0.00439318,27.2966,0,22.8931,-0.0701473,-0.00488989,6.77969,0.00231216,0.00525326,0.0356155,-0.000860083,0.0022354
15.98,2.30226,0.00236365,6.79261,1.67885,0.0521949,0.00400937,27.1953,0,23.0291,-0.0708047,-0.00478219,6.79261,0.00236365,0.00538048,0.0365475,-0.00137111,0.0156474
16,2.39981,0.0024638,6.79444,1.66498,0.0624782,0.00479781,27.1,0,23.1653,-0.0714485,-0.00467259,6.79444,0.0024638,0.00560998,0.0381167,-0.000812172,0.0243616
16.02,2.5,0.00256666,6.84303,1.6536,0.0659853,0.00478534,27,0,23.3015,-0.0720773,-0.00455779,6.84303,0.00256666,0.00588598,0.0402779,-0.00110064,0.0257074
16.04,2.50354,0.0025703,6.8633,1.64669,0.0622084,0.00397121,27,0,23.4387,-0.0726944,-0.00443856,6.8633,0.0025703,0.00591178,0.0405743,-0.00194057,0.0216341
16.06,2.6,0.00266933,6.88972,1.64341,0.0529889,0.00361077,27,0,23.5763,-0.0732969,-0.00431886,6.88972,0.00266933,0.00616319,0.0424627,-0.00255243,0.0105262
16.08,2.6,0.00266933,6.9105,1.64085,0.0421744,0.00381326,27,0,23.7144,-0.0738849,-0.00419415,6.9105,0.00266933,0.00618178,0.0427192,-0.00236852,-0.000544723
16.1,2.60349,0.00267291,6.92607,1.63579,0.0337752,0.00422097,27,0,23.8529,-0.0744573,-0.00407018,6.92607,0.00267291,0.00620403,0.0429695,-0.00198307,-0.00919439
16.12,2.7,0.00277199,6.96239,1.62619,0.0298997,0.00544897,27,0,23.9918,-0.0750138,-0.00394462,6.96239,0.00277199,0.00646774,0.0450309,-0.00101877,-0.0151312
16.14,2.7,0.00277199,6.98626,1.61203,0.030191,0.00688416,27,0,24.1313,-0.0755552,-0.0038138,6.98626,0.00277199,0.00648992,0.0453402,0.000394245,-0.0151493
16.16,2.7,0.00277199,7.01242,1.59524,0.0323941,0.00799886,27,0,24.2714,-0.0760802,-0.0036837,7.01242,0.00277199,0.00651422,0.0456804,0.00148464,-0.0132863
16.18,2.7,0.00277199,7.02923,1.57873,0.0335361,0.0082858,27,0,24.412,-0.0765889,-0.00355312,7.02923,0.00277199,0.00652984,0.0458998,0.00175596,-0.0123637
16.2,2.70201,0.00277406,7.04206,1.56515,0.0315816,0.0092,27,0,24.5529,-0.0770803,-0.00342221,7.04206,0.00277406,0.00654662,0.0461017,0.00265338,-0.0145201
16.22,2.8,0.00287466,7.06776,1.55575,0.0263313,0.00921283,27,0,24.694,-0.077554,-0.00328977,7.06776,0.00287466,0.0068088,0.0481229,0.00240403,-0.0217916
16.24,2.8,0.00287466,7.09148,1.5496,0.0187523,0.00958331,27,0,24.8357,-0.0780104,-0.0031521,7.09148,0.00287466,0.00683166,0.0484466,0.00275165,-0.0296943
16.26,2.8,0.00287466,7.12384,1.54443,0.0100595,0.00854526,27,0,24.9778,-0.0784487,-0.00301516,7.12384,0.00287466,0.00686282,0.0488896,0.00168244,-0.0388301
16.28,2.8,0.00287466,7.14991,1.53851,0.00176692,0.00694742,27,0,25.1206,-0.0788694,-0.00287761,7.14991,0.00287466,0.00688794,0.0492482,5.94809e-05,-0.0474813
16.3,2.8,0.00287466,7.17001,1.53168,-0.0041287,0.00535928,27,0,25.2639,-0.0792718,-0.00273956,7.17001,0.00287466,0.0069073,0.0495254,-0.00154803,-0.0536541
16.32,2.8,0.00287466,7.19519,1.52523,-0.00582955,0.004,27,0,25.4076,-0.0796556,-0.00260111,7.19519,0.00287466,0.00693157,0.049874,-0.00293157,-0.0557035
16.34,2.8,0.00287466,7.2223,1.52118,-0.00274549,0.0036225,27,0,25.5518,-0.0800207,-0.00246219,7.2223,0.00287466,0.00695768,0.0502504,-0.00333518,-0.0529959
16.36,2.8,0.00287466,7.24271,1.52064,0.00405547,0.00399808,27,0,25.6966,-0.080367,-0.00232274,7.24271,0.00287466,0.00697734,0.0505349,-0.00297926,-0.0464794
16.38,2.8,0.00287466,7.26116,1.52229,0.0122328,0.0036,27,0,25.8417,-0.080694,-0.0021829,7.26116,0.00287466,0.00699512,0.0507927,-0.00339512,-0.0385598
16.4,2.8,0.00287466,7.28157,1.52302,0.0191392,0.00403121,27,0,25.9873,-0.0810015,-0.00204271,7.28157,0.00287466,0.00701477,0.0510785,-0.00298356,-0.0319393
16.42,2.8,0.00287466,7.30723,1.52014,0.022511,0.00544299,27,0,26.1332,-0.0812893,-0.00190212,7.30723,0.00287466,0.00703949,0.0514392,-0.0015965,-0.0289282
16.44,2.8,0.00287466,7.32341,1.5132,0.0205723,0.00644281,27,0,26.2796,-0.0815575,-0.00176104,7.32341,0.00287466,0.00705509,0.0516673,-0.000612277,-0.031095
16.46,2.74942,0.00282274,7.34598,1.50371,0.0125736,0.00744436,27,0,26.4264,-0.0818057,-0.00162028,7.34598,0.00282274,0.006949,0.0510472,0.000495364,-0.0384736
16.48,2.7,0.00277199,7.36411,1.49331,-2.03407e-05,0.00804435,27,0,26.5736,-0.082034,-0.00148228,7.36411,0.00277199,0.00684093,0.0503774,0.00120342,-0.0503977
16.5,2.7,0.00277199,7.37679,1.48264,-0.013249,0.009,27,0,26.7212,-0.0822427,-0.00134582,7.37679,0.00277199,0.0068527,0.050551,0.0021473,-0.0638
16.52,2.7,0.00277199,7.41677,1.47174,-0.0219044,0.009,27,0,26.869,-0.0824315,-0.00120849,7.41677,0.00277199,0.00688984,0.0511004,0.00211016,-0.0730048
16.54,2.7,0.00277199,7.43021,1.46081,-0.0213199,0.00878546,27,0,27.0177,-0.0826009,-0.00107042,7.43021,0.00277199,0.00690232,0.0512857,0.00188313,-0.0726056
16.56,2.7,0.00277199,7.4489,1.45019,-0.0091221,0.00858419,27,0,27.1666,-0.0827499,-0.000932098,7.4489,0.00277199,0.00691969,0.0515441,0.0016645,-0.0606662
16.58,2.7,0.00277199,7.47921,1.44032,0.0133491,0.0082,27,0,27.3158,-0.0828787,-0.000793435,7.47921,0.00277199,0.00694784,0.0519644,0.00125216,-0.0386153
16.6,2.69823,0.00277018,7.49727,1.43221,0.0403961,0.00799292,27,0,27.4657,-0.0829872,-0.000654233,7.49727,0.00277018,0.00696006,0.0521814,0.00103286,-0.0117853
16.62,2.6,0.00266933,7.51409,1.42716,0.0626925,0.00677489,27,0,27.6159,-0.0830751,-0.000516059,7.51409,0.00266933,0.00672172,0.0505076,5.3166e-05,0.0121848
16.64,2.6,0.00266933,7.54123,1.42526,0.0706996,0.00490523,27,0,27.7665,-0.0831427,-0.000382642,7.54123,0.00266933,0.006746,0.0508732,-0.00184077,0.0198265
16.66,2.5,0.00256666,7.56688,1.42515,0.0601591,0.00398743,27,0,27.9176,-0.0831904,-0.000248768,7.56688,0.00256666,0.0065086,0.0492498,-0.00252116,0.0109093
16.68,2.5,0.00256666,7.5881,1.42538,0.0353671,0.00317867,27,0,28.0692,-0.0832183,-0.000119656,7.5881,0.00256666,0.00652685,0.0495264,-0.00334818,-0.0141592
16.7,2.5,0.00256666,7.60335,1.42526,0.00707573,0.0027941,27,0,28.2213,-0.0832265,1.11267e-05,7.60335,0.00256666,0.00653997,0.0497257,-0.00374587,-0.04265
16.72,2.5,0.00256666,7.63005,1.42428,-0.0133012,0.00328251,27,0,28.3736,-0.0832148,0.000142171,7.63005,0.00256666,0.00656293,0.0500755,-0.00328042,-0.0633767
16.74,2.5,0.00256666,7.64326,1.4222,-0.0192704,0.00490791,27,0,28.5265,-0.0831831,0.000273675,7.64326,0.00256666,0.0065743,0.0502491,-0.00166639,-0.0695195
16.76,2.5,0.00256666,7.65887,1.41975,-0.0117438,0.00682046,27,0,28.6797,-0.0831311,0.000405406,7.65887,0.00256666,0.00658772,0.0504545,0.000232735,-0.0621984
16.78,2.5,0.00256666,7.67224,1.4181,0.00252226,0.00743939,27,0,28.8331,-0.0830587,0.000537404,7.67224,0.00256666,0.00659923,0.0506309,0.000840162,-0.0481086
16.8,2.5,0.00256666,7.67831,1.4174,0.0149949,0.0082076,27,0,28.9869,-0.0829659,0.000669633,7.67831,0.00256666,0.00660444,0.0507109,0.00160316,-0.035716
16.82,2.5,0.00256666,7.70528,1.41633,0.0191209,0.00883561,27,0,29.1407,-0.0828527,0.000801965,7.70528,0.00256666,0.00662764,0.0510678,0.00220797,-0.0319469
16.84,2.5,0.00256666,7.73602,1.41311,0.012483,0.00956275,27,0,29.2951,-0.0827187,0.000934762,7.73602,0.00256666,0.00665408,0.0514761,0.00290867,-0.0389931
16.86,2.5,0.00256666,7.77275,1.40665,-0.00264483,0.0083821,27,0,29.4501,-0.0825634,0.00106809,7.77275,0.00256666,0.00668567,0.0519661,0.00169643,-0.0546109
16.88,2.5,0.00256666,7.7945,1.39712,-0.0205558,0.00776903,27,0,29.6058,-0.0823867,0.00120204,7.7945,0.00256666,0.00670439,0.0522574,0.00106464,-0.0728132
16.9,2.5,0.00256666,7.79973,1.38611,-0.0346304,0.00703471,27,0,29.762,-0.0821885,0.00133637,7.79973,0.00256666,0.00670888,0.0523275,0.000325827,-0.0869579
16.92,2.5,0.00256666,7.81872,1.37598,-0.0397326,0.00559391,27,0,29.9183,-0.0819691,0.00147079,7.81872,0.00256666,0.00672521,0.0525825,-0.0011313,-0.0923151
16.94,2.5,0.00256666,7.85294,1.36871,-0.0337554,0.00535001,27,0,30.0749,-0.0817282,0.00160553,7.85294,0.00256666,0.00675465,0.0530438,-0.00140463,-0.0867993
16.96,2.4,0.00246399,7.87796,1.36489,-0.0179945,0.0047887,27,0,30.2323,-0.081465,0.0017395,7.87796,0.00246399,0.00650512,0.0512471,-0.00171642,-0.0692415
16.98,2.4,0.00246399,7.88604,1.3638,0.00389378,0.00417815,27,0,30.3901,-0.0811802,0.00186847,7.88604,0.00246399,0.00651179,0.0513522,-0.00233364,-0.0474584
17,2.4,0.00246399,7.88268,1.36474,0.0273442,0.00421175,27,0,30.5481,-0.0808747,0.00199893,7.88268,0.00246399,0.00650902,0.0513085,-0.00229727,-0.0239643
17.02,2.4,0.00246399,7.92311,1.36748,0.0475032,0.00460759,27,0,30.706,-0.0805487,0.00212934,7.92311,0.00246399,0.0065424,0.0518362,-0.00193482,-0.00433301
17.04,2.4,0.00246399,7.93778,1.37111,0.05975,0.00609609,27,0,30.8648,-0.0802003,0.00226041,7.93778,0.00246399,0.00655452,0.0520283,-0.000458425,0.00772169
17.06,2.4,0.00246399,7.96831,1.37388,0.0611456,0.00700696,27,0,31.0238,-0.0798304,0.00239173,7.96831,0.00246399,0.00657973,0.0524293,0.000427231,0.00871626
17.08,2.4,0.00246399,7.98128,1.37445,0.0517808,0.00828859,27,0,31.1834,-0.0794381,0.00252355,7.98128,0.00246399,0.00659044,0.0526001,0.00169815,-0.000819356
17.1,2.4,0.00246399,7.9769,1.37228,0.0348919,0.0092,27,0,31.3433,-0.079024,0.00265559,7.9769,0.00246399,0.00658682,0.0525424,0.00261318,-0.0176505
17.12,2.4,0.00246399,8.01936,1.36698,0.015711,0.00939199,27,0,31.5031,-0.0785891,0.00278755,8.01936,0.00246399,0.00662189,0.0531033,0.0027701,-0.0373924
17.14,2.4,0.00246399,8.04258,1.35854,-0.000849843,0.00891461,27,0,31.6638,-0.0781306,0.00292021,8.04258,0.00246399,0.00664105,0.0534112,0.00227355,-0.054261
17.16,2.4,0.00246399,8.06672,1.34821,-0.0122635,0.00719255,27,0,31.8249,-0.0776493,0.00305326,8.06672,0.00246399,0.00666099,0.0537324,0.000531554,-0.0659959
17.18,2.4,0.00246399,8.07569,1.33848,-0.018379,0.00718784,27,0,31.9865,-0.0771451,0.0031867,8.07569,0.00246399,0.0066684,0.0538519,0.00051944,-0.0722309
17.2,2.4,0.00246399,8.08961,1.33206,-0.0199952,0.00577398,27,0,32.1483,-0.0766188,0.00332029,8.08961,0.00246399,0.00667989,0.0540377,-0.000905914,-0.074033
17.22,2.4,0.00246399,8.11724,1.33047,-0.0177118,0.00500123,27,0,32.3104,-0.0760699,0.00345411,8.11724,0.00246399,0.00670271,0.0544075,-0.00170147,-0.0721193
17.24,2.4,0.00246399,8.13575,1.3332,-0.0115912,0.00395358,27,0,32.473,-0.0754973,0.00358838,8.13575,0.00246399,0.00671799,0.0546559,-0.00276441,-0.0662471
17.26,2.4,0.00246399,8.15104,1.33805,-0.00155615,0.00361867,27,0,32.6359,-0.0749015,0.00372296,8.15104,0.00246399,0.00673061,0.0548615,-0.00311195,-0.0564176
17.28,2.4,0.00246399,8.17929,1.34264,0.0117163,0.00422325,27,0,32.7992,-0.0742825,0.00385779,8.17929,0.00246399,0.00675394,0.0552424,-0.00253069,-0.0435261
17.3,2.4,0.00246399,8.19446,1.34547,0.0260461,0.00520075,27,0,32.9631,-0.0736393,0.00399309,8.19446,0.00246399,0.00676647,0.0554476,-0.00156573,-0.0294015
17.32,2.4,0.00246399,8.21126,1.34548,0.0377321,0.00656169,27,0,33.1272,-0.0729727,0.00412865,8.21126,0.00246399,0.00678034,0.0556752,-0.000218654,-0.017943
17.34,2.4,0.00246399,8.21824,1.34173,0.0424795,0.00802011,27,0,33.2917,-0.0722824,0.00426448,8.21824,0.00246399,0.00678611,0.0557699,0.001234,-0.0132904
17.36,2.4,0.00246399,8.21931,1.33422,0.0374225,0.0088,27,0,33.4564,-0.0715691,0.00440042,8.21931,0.00246399,0.00678699,0.0557844,0.00201301,-0.0183619
17.38,2.4,0.00246399,8.23434,1.32453,0.0231944,0.00839565,27,0,33.621,-0.0708334,0.00453638,8.23434,0.00246399,0.0067994,0.0559886,0.00159625,-0.0327942
17.4,2.4,0.00246399,8.27012,1.31484,0.00368184,0.0082,27,0,33.786,-0.0700739,0.00467259,8.27012,0.00246399,0.00682894,0.0564762,0.00137106,-0.0527944
17.42,2.4,0.00246399,8.31616,1.30672,-0.0164885,0.00764122,27,0,33.9516,-0.0692885,0.00480938,8.31616,0.00246399,0.00686696,0.0571067,0.000774264,-0.0735952
17.44,2.4,0.00246399,8.325,1.30084,-0.0337036,0.00539108,27,0,34.1182,-0.0684759,0.00494694,8.325,0.00246399,0.00687426,0.0572282,-0.00148318,-0.0909318
17.46,2.4,0.00246399,8.33828,1.29712,-0.0452018,0.00498203,27,0,34.285,-0.0676394,0.00508464,8.33828,0.00246399,0.00688522,0.0574109,-0.00190319,-0.102613
17.48,2.3,0.00236133,8.35702,1.29571,-0.0486115,0.00459186,27,0,34.452,-0.0667787,0.00522112,8.35702,0.00236133,0.00661317,0.0552663,-0.00202131,-0.103878
17.5,2.3,0.00236133,8.37071,1.29737,-0.0420283,0.004,27,0,34.6194,-0.0658937,0.00535215,8.37071,0.00236133,0.006624,0.0554476,-0.002624,-0.0974759
17.52,2.3,0.00236133,8.39399,1.30206,-0.0244974,0.004,27,0,34.7871,-0.0649852,0.00548483,8.39399,0.00236133,0.00664242,0.0557564,-0.00264242,-0.0802538
17.54,2.3,0.00236133,8.41703,1.30779,0.0027701,0.00483796,27,0,34.9552,-0.0640518,0.00561789,8.41703,0.00236133,0.00666066,0.0560629,-0.0018227,-0.0532928
17.56,2.3,0.00236133,8.4311,1.31201,0.0348287,0.00565984,27,0,35.1238,-0.0630934,0.00575131,8.4311,0.00236133,0.00667179,0.0562506,-0.00101196,-0.0214219
17.58,2.3,0.00236133,8.44774,1.31342,0.0630072,0.00661939,27,0,35.2927,-0.0621108,0.00588495,8.44774,0.00236133,0.00668496,0.0564728,-6.557e-05,0.00653444
17.6,2.3,0.00236133,8.46944,1.31208,0.0780446,0.00700146,27,0,35.4619,-0.0611036,0.00601886,8.46944,0.00236133,0.00670214,0.0567634,0.000299323,0.0212813
17.62,2.3,0.00236133,8.48303,1.30856,0.0751705,0.00757104,27,0,35.6315,-0.0600711,0.00615311,8.48303,0.00236133,0.00671288,0.0569456,0.000858156,0.0182249
17.64,2.3,0.00236133,8.48301,1.30321,0.0573363,0.0078,27,0,35.8015,-0.0590141,0.00628757,8.48301,0.00236133,0.00671287,0.0569454,0.00108713,0.000390935
17.66,2.3,0.00236133,8.48672,1.29578,0.033595,0.00737354,27,0,35.9714,-0.0579343,0.00642204,8.48672,0.00236133,0.0067158,0.0569951,0.000657741,-0.0234001
17.68,2.3,0.00236133,8.51715,1.28618,0.0138291,0.00660357,27,0,36.1414,-0.0568312,0.00655656,8.51715,0.00236133,0.00673989,0.0574046,-0.000136321,-0.0435755
17.7,2.3,0.00236133,8.54496,1.27562,0.00373734,0.0070092,27,0,36.312,-0.0557012,0.00669156,8.54496,0.00236133,0.00676189,0.05778,0.00024731,-0.0540427
17.72,2.3,0.00236133,8.56592,1.26617,0.00285066,0.00701685,27,0,36.4831,-0.0545443,0.006827,8.56592,0.00236133,0.00677848,0.0580639,0.000238378,-0.0552132
17.74,2.3,0.00236133,8.5869,1.25961,0.00605639,0.0067742,27,0,36.6547,-0.0533613,0.00696277,8.5869,0.00236133,0.00679508,0.0583486,-2.08751e-05,-0.0522923
17.76,2.3,0.00236133,8.61172,1.257,0.00714599,0.00595537,27,0,36.8267,-0.0521521,0.00709887,8.61172,0.00236133,0.00681472,0.0586865,-0.000859356,-0.0515405
17.78,2.2,0.00225866,8.62882,1.25858,0.00225082,0.00520632,27,0,36.9992,-0.050916,0.00723388,8.62882,0.00225866,0.00653137,0.056358,-0.00132505,-0.0541072
17.8,2.2,0.00225866,8.63613,1.26321,-0.0081466,0.0054,27,0,37.172,-0.0496546,0.00736321,8.63613,0.00225866,0.00653691,0.0564536,-0.00113691,-0.0646002
17.82,2.2,0.00225866,8.65897,1.26848,-0.0194507,0.0054,27,0,37.3449,-0.0483696,0.00749414,8.65897,0.00225866,0.0065542,0.0567526,-0.0011542,-0.0762033
17.84,2.2,0.00225866,8.67944,1.27188,-0.0254396,0.00541155,27,0,37.5184,-0.0470585,0.00762541,8.67944,0.00225866,0.00656969,0.0570213,-0.00115814,-0.0824609
17.86,2.2,0.00225866,8.69637,1.27197,-0.0214235,0.00643228,27.0242,0,37.6922,-0.0457214,0.007757,8.69637,0.00225866,0.00658251,0.0572439,-0.000150229,-0.0786674
17.88,2.2,0.00225866,8.70004,1.26868,-0.00642006,0.00720894,27.3,0,37.8664,-0.0443588,0.00788884,8.70004,0.00225866,0.00658528,0.0572921,0.00062366,-0.0637122
17.9,2.2,0.00225866,8.68957,1.26263,0.0161313,0.0074,27.3,0,38.0406,-0.0429727,0.00802074,8.68957,0.00225866,0.00657736,0.0571544,0.000822644,-0.0410231
17.92,2.2,0.00225866,8.74508,1.25453,0.0391985,0.00777008,27.3,0,38.2147,-0.0415653,0.00815248,8.74508,0.00225866,0.00661937,0.057887,0.0011507,-0.0186885
17.94,2.2,0.00225866,8.76905,1.24525,0.0546531,0.0075808,27.3,0,38.3898,-0.0401258,0.00828506,8.76905,0.00225866,0.00663751,0.0582047,0.000943283,-0.00355155
17.96,2.2,0.00225866,8.77638,1.23614,0.056855,0.00738005,27.3,0,38.5654,-0.038659,0.00841799,8.77638,0.00225866,0.00664307,0.0583021,0.000736983,-0.00144712
17.98,2.2,0.00225866,8.78029,1.22926,0.0457568,0.0067317,27.3,0,38.7412,-0.0371677,0.00855104,8.78029,0.00225866,0.00664603,0.0583541,8.56757e-05,-0.0125973
18,2.2,0.00225866,8.80049,1.22708,0.0274534,0.00554126,27.3,0,38.9171,-0.0356523,0.00868415,8.80049,0.00225866,0.00666131,0.0586228,-0.00112005,-0.0311694
18.02,2.2,0.00225866,8.83494,1.23137,0.0111484,0.00442859,27.3,0,39.0933,-0.0341099,0.00881756,8.83494,0.00225866,0.00668739,0.0590827,-0.0022588,-0.0479343
18.04,2.2,0.00225866,8.8536,1.24172,0.00455695,0.004,27.3,0,39.2702,-0.0325378,0.0089515,8.8536,0.00225866,0.00670152,0.0593326,-0.00270152,-0.0547756
18.06,2.2,0.00225866,8.87864,1.25502,0.010645,0.00378017,27.3,0,39.4476,-0.0309387,0.00908571,8.87864,0.00225866,0.00672047,0.0596686,-0.00294029,-0.0490236
18.08,2.2,0.00225866,8.89181,1.26667,0.0264712,0.00405255,27.3,0,39.6254,-0.0293111,0.00922031,8.89181,0.00225866,0.00673043,0.0598457,-0.00267788,-0.0333745
18.1,2.1,0.00215599,8.89722,1.27274,0.0444682,0.00580056,27.3,0,39.8035,-0.0276571,0.00935358,8.89722,0.00215599,0.00642842,0.0571951,-0.000627859,-0.0127269
18.12,2.1,0.00215599,8.91037,1.27187,0.0562175,0.00678223,27.3,0,39.9817,-0.025979,0.0094808,8.91037,0.00215599,0.00643791,0.0573642,0.000344316,-0.0011467
18.14,2.1,0.00215599,8.92093,1.26597,0.0565161,0.00764984,27.3,0,40.1601,-0.0242756,0.00960974,8.92093,0.00215599,0.00644554,0.0575002,0.00120429,-0.000984157
18.16,2.1,0.00215599,8.94169,1.25853,0.0452935,0.0084,27.3,0,40.3388,-0.0225471,0.00973884,8.94169,0.00215599,0.00646055,0.0577682,0.00193945,-0.0124747
18.18,2.1,0.00215599,8.96733,1.2516,0.0267181,0.0082,27.3121,0,40.5178,-0.0207914,0.00986823,8.96733,0.00215599,0.00647907,0.0581,0.00172093,-0.0313819
18.2,2.1,0.00215599,8.98116,1.24502,0.00617464,0.00797831,27.4,0,40.6974,-0.0190075,0.00999799,8.98116,0.00215599,0.00648906,0.0582793,0.00148924,-0.0521046
18.22,2.1,0.00215599,9.00781,1.23855,-0.0127119,0.0074215,27.4,0,40.8773,-0.0171975,0.010128,9.00781,0.00215599,0.00650832,0.0586257,0.00091318,-0.0713376
18.24,2.1,0.00215599,9.02958,1.2334,-0.0286379,0.00650575,27.4,0,41.0577,-0.0153586,0.0102583,9.02958,0.00215599,0.00652405,0.0589095,-1.83039e-05,-0.0875474
18.26,2.1,0.00215599,9.0447,1.23153,-0.040966,0.00537913,27.4,0,41.2385,-0.0134917,0.010389,9.0447,0.00215599,0.00653497,0.0591068,-0.00115584,-0.100073
18.28,2.1,0.00215599,9.05749,1.23388,-0.0481518,0.00438644,27.4,0,41.4196,-0.0115981,0.0105198,9.05749,0.00215599,0.00654422,0.0592742,-0.00215778,-0.107426
18.3,2.09999,0.00215598,9.06667,1.23954,-0.0478508,0.0036001,27.4,0,41.601,-0.00967796,0.0106509,9.06667,0.00215598,0.00655081,0.059394,-0.00295071,-0.107245
18.32,2.0023,0.00205569,9.08938,1.2464,-0.038571,0.00438322,27.4,0,41.7826,-0.00773217,0.0107806,9.08938,0.00205569,0.00626171,0.056915,-0.00187849,-0.095486
18.34,2,0.00205333,9.10601,1.25227,-0.0215546,0.00543694,27.4,0,41.9646,-0.00575843,0.0109044,9.10601,0.00205333,0.00626597,0.057058,-0.000829033,-0.0786126
18.36,2,0.00205333,9.11831,1.25561,-0.00124538,0.00661645,27.4,0,42.147,-0.00375839,0.0110299,9.11831,0.00205333,0.00627444,0.0572123,0.000342013,-0.0584576
18.38,2,0.00205333,9.13755,1.25578,0.0162337,0.007,27.4,0,42.3296,-0.00173271,0.0111555,9.13755,0.00205333,0.00628767,0.0574539,0.000712329,-0.0412202
18.4,2,0.00205333,9.16648,1.25264,0.0256498,0.007,27.4,0,42.5126,0.000320254,0.0112814,9.16648,0.00205333,0.00630758,0.0578184,0.000692417,-0.0321685
18.42,2,0.00205333,9.17598,1.24637,0.0248023,0.00721511,27.4,0,42.6962,0.00240286,0.0114078,9.17598,0.00205333,0.00631412,0.0579383,0.000900993,-0.033136
18.44,2,0.00205333,9.19209,1.23799,0.015056,0.0065668,27.4,0,42.8799,0.00451082,0.0115342,9.19209,0.00205333,0.0063252,0.0581418,0.000241599,-0.0430858
18.46,2,0.00205333,9.20013,1.2293,0.000314991,0.00516124,27.4,0,43.064,0.00664576,0.0116609,9.20013,0.00205333,0.00633073,0.0582435,-0.0011695,-0.0579286
18.48,2,0.00205333,9.21043,1.22211,-0.0145108,0.00438478,27.4,0,43.2482,0.0088059,0.0117877,9.21043,0.00205333,0.00633783,0.0583741,-0.00195305,-0.0728849
18.5,1.99978,0.0020531,9.22519,1.2179,-0.0251937,0.00379902,27.4,0,43.4327,0.0109918,0.0119146,9.22519,0.0020531,0.00634729,0.0585549,-0.00254826,-0.0837486
18.52,1.9031,0.00195384,9.2683,1.21782,-0.0297789,0.00341121,27.4,0,43.6174,0.0132046,0.0120402,9.2683,0.00195384,0.00606864,0.0562459,-0.00265742,-0.0860248
18.54,1.9,0.00195066,9.28677,1.22221,-0.0287213,0.00322028,27.4,0,43.803,0.0154505,0.0121601,9.28677,0.00195066,0.00607084,0.0563785,-0.00285056,-0.0850998
18.56,1.9,0.00195066,9.3,1.23001,-0.0234064,0.00427508,27.4,0,43.989,0.0177233,0.0122816,9.3,0.00195066,0.00607948,0.0565392,-0.0018044,-0.0799456
18.58,1.9,0.00195066,9.3067,1.23892,-0.015281,0.00560793,27.4,0,44.1752,0.020022,0.0124034,9.3067,0.00195066,0.00608386,0.0566207,-0.000475935,-0.0719016
18.6,1.9,0.00195066,9.31942,1.24614,-0.00649034,0.006,27.4,0,44.3616,0.022345,0.0125252,9.31942,0.00195066,0.00609218,0.0567756,-9.21797e-05,-0.0632659
18.62,1.9,0.00195066,9.34265,1.24918,7.11222e-05,0.006,27.4,0,44.5482,0.024694,0.0126472,9.34265,0.00195066,0.00610737,0.057059,-0.000107366,-0.0569879
18.64,1.9,0.00195066,9.36363,1.24646,0.00217209,0.00702716,27.4,0,44.7353,0.0270718,0.0127696,9.36363,0.00195066,0.00612108,0.0573155,0.000906083,-0.0551434
18.66,1.9,0.00195066,9.38174,1.23808,-0.000821965,0.00698575,27.4,0,44.9228,0.0294778,0.0128921,9.38174,0.00195066,0.00613292,0.0575374,0.000852829,-0.0583594
18.68,1.9,0.00195066,9.40459,1.22605,-0.00827304,0.00658131,27.4,0,45.1106,0.0319114,0.013015,9.40459,0.00195066,0.00614786,0.0578181,0.000433454,-0.0660911
18.7,1.9,0.00195066,9.40352,1.21368,-0.0185665,0.00538215,27.4,0,45.299,0.0343741,0.0131381,9.40352,0.00195066,0.00614716,0.0578049,-0.00076501,-0.0763714
18.72,1.9,0.00195066,9.43343,1.2045,-0.0291163,0.00457451,27.4,0,45.4873,0.0368597,0.0132612,9.43343,0.00195066,0.00616671,0.0581732,-0.0015922,-0.0872896
18.74,1.9,0.00195066,9.45073,1.20106,-0.0369154,0.004,27.4,0,45.6762,0.0393765,0.0133847,9.45073,0.00195066,0.00617802,0.0583868,-0.00217802,-0.0953022
18.76,1.9,0.00195066,9.46609,1.20367,-0.0396319,0.00335652,27.4,0,45.8654,0.0419212,0.0135084,9.46609,0.00195066,0.00618806,0.0585768,-0.00283154,-0.0982087
18.78,1.9,0.00195066,9.47564,1.21006,-0.0365463,0.00303597,27.4,0,46.0549,0.0444936,0.0136323,9.47564,0.00195066,0.0061943,0.058695,-0.00315833,-0.0952413
18.8,1.9,0.00195066,9.49746,1.21701,-0.0288894,0.00442871,27.4,0,46.2447,0.0470921,0.0137563,9.49746,0.00195066,0.00620857,0.0589656,-0.00177986,-0.087855
18.82,1.9,0.00195066,9.51269,1.22231,-0.01948,0.00598099,27.4,0,46.4349,0.0497202,0.0138807,9.51269,0.00195066,0.00621852,0.0591549,-0.000237538,-0.0786349
18.84,1.9,0.00195066,9.51796,1.22539,-0.0116775,0.00661535,27.4,0,46.6253,0.0523762,0.0140052,9.51796,0.00195066,0.00622197,0.0592205,0.000393384,-0.070898
18.86,1.9,0.00195066,9.53162,1.22659,-0.0080357,0.00658022,27.4,0,46.8159,0.0550574,0.0141298,9.53162,0.00195066,0.00623089,0.0593905,0.000349324,-0.0674262
18.88,1.9,0.00195066,9.5435,1.22597,-0.00956646,0.0064,27.4,0,47.0068,0.0577663,0.0142546,9.5435,0.00195066,0.00623866,0.0595387,0.000161335,-0.0691052
18.9,1.9,0.00195066,9.54176,1.22294,-0.0161623,0.00658287,27.4,0,47.1979,0.0605024,0.0143795,9.54176,0.00195066,0.00623752,0.0595169,0.000345347,-0.0756792
18.92,1.9,0.00195066,9.59444,1.21748,-0.027309,0.00679095,27.4,0,47.3889,0.0632619,0.0145044,9.59444,0.00195066,0.00627196,0.060176,0.000518985,-0.087485
18.94,1.9,0.00195066,9.61074,1.21136,-0.0419138,0.00636893,27.4,0,47.581,0.0660606,0.01463,9.61074,0.00195066,0.00628262,0.0603806,8.63171e-05,-0.102294
18.96,1.9,0.00195066,9.62902,1.20771,-0.0578269,0.00557791,27.4,0,47.7735,0.0688883,0.0147558,9.62902,0.00195066,0.00629457,0.0606105,-0.000716662,-0.118437
18.98,1.9,0.00195066,9.63676,1.20911,-0.0722162,0.00433531,27.4,0,47.9663,0.0717456,0.0148819,9.63676,0.00195066,0.00629963,0.060708,-0.00196432,-0.132924
19,1.9,0.00195066,9.65378,1.21545,-0.0820522,0.00338389,27.4,0,48.1592,0.0746295,0.015008,9.65378,0.00195066,0.00631076,0.0609227,-0.00292687,-0.142975
19.02,1.9,0.00195066,9.67778,1.22359,-0.0840385,0.003,27.4,0,48.3525,0.077543,0.0151344,9.67778,0.00195066,0.00632644,0.0612259,-0.00332644,-0.145264
19.04,1.9,0.00195066,9.69132,1.22944,-0.0757898,0.00407471,27.4,0,48.5463,0.0804882,0.0152611,9.69132,0.00195066,0.00633529,0.0613973,-0.00226058,-0.137187
19.06,1.9,0.00195066,9.70839,1.23058,-0.058316,0.00566375,27.4,0,48.7404,0.0834621,0.015388,9.70839,0.00195066,0.00634645,0.0616139,-0.000682705,-0.11993
19.08,1.9,0.00195066,9.71477,1.22715,-0.0361833,0.00660775,27.4,0,48.9348,0.086466,0.0155151,9.71477,0.00195066,0.00635062,0.0616948,0.00025713,-0.0978781
19.1,1.9,0.00195066,9.71695,1.22113,-0.014672,0.00700168,27.4,0,49.1293,0.0894966,0.0156422,9.71695,0.00195066,0.00635205,0.0617225,0.000649635,-0.0763945
19.12,1.9,0.00195066,9.76791,1.21476,0.0022835,0.00700629,27.4,0,49.3238,0.0925525,0.0157694,9.76791,0.00195066,0.00638536,0.0623716,0.00062093,-0.0600881
19.14,1.9,0.00195066,9.78482,1.20953,0.011926,0.00655104,27.4,0,49.5194,0.0956494,0.0158973,9.78482,0.00195066,0.00639642,0.0625878,0.000154621,-0.0506618
19.16,1.9,0.00195066,9.79815,1.20618,0.0122671,0.0054,27.4,0,49.7153,0.0987767,0.0160254,9.79815,0.00195066,0.00640513,0.0627584,-0.00100513,-0.0504913
19.18,1.9,0.00195066,9.81985,1.20538,0.00246281,0.00498448,27.4,0,49.9115,0.101933,0.0161536,9.81985,0.00195066,0.00641932,0.0630367,-0.00143483,-0.0605739
19.2,1.9,0.00195066,9.83049,1.20803,-0.0164573,0.00440464,27.4,0,50.1081,0.105122,0.0162822,9.83049,0.00195066,0.00642627,0.0631733,-0.00202162,-0.0796307
19.22,1.9,0.00195066,9.8571,1.21453,-0.0409772,0.0042,27.0249,0,50.3049,0.10834,0.0164109,9.8571,0.00195066,0.00644366,0.0635158,-0.00224366,-0.104493
19.24,1.9,0.00195066,9.86403,1.22352,-0.0652108,0.004,26.7938,0,50.5023,0.111592,0.0165399,9.86403,0.00195066,0.00644819,0.0636051,-0.00244819,-0.128816
19.26,1.9,0.00195066,9.87267,1.23185,-0.0823518,0.00424247,26.6788,0,50.6998,0.114872,0.016669,9.87267,0.00195066,0.00645384,0.0637166,-0.00221137,-0.146068
19.28,1.9,0.00195066,9.88858,1.23626,-0.0876007,0.00542377,26.4941,0,50.8975,0.11818,0.0167983,9.88858,0.00195066,0.00646424,0.0639222,-0.00104048,-0.151523
19.3,1.9,0.00195066,9.90852,1.23486,-0.0810856,0.00620719,26.3982,0,51.0955,0.121519,0.0169277,9.90852,0.00195066,0.00647728,0.0641803,-0.000270089,-0.145266
19.32,1.9,0.00195066,9.93013,1.22739,-0.0678534,0.00683064,26.2949,0,51.2938,0.12489,0.0170574,9.93013,0.00195066,0.00649141,0.0644605,0.000339236,-0.132314
19.34,1.9,0.00195066,9.93208,1.21476,-0.0547706,0.00831081,26.0778,0,51.4927,0.128295,0.0171874,9.93208,0.00195066,0.00649268,0.0644858,0.00181813,-0.119256
19.36,1.9,0.00195066,9.9445,1.19826,-0.0475056,0.0091196,25.7598,0,51.6915,0.131726,0.0173174,9.9445,0.00195066,0.0065008,0.0646472,0.0026188,-0.112153
19.38,1.9,0.00195066,9.95488,1.17961,-0.0485874,0.00800028,25.4,0,51.8906,0.135187,0.0174476,9.95488,0.00195066,0.00650758,0.0647822,0.0014927,-0.11337
19.4,1.9,0.00195066,9.97022,1.16136,-0.0556531,0.00635353,24.9907,0,52.0899,0.138678,0.0175779,9.97022,0.00195066,0.00651761,0.064982,-0.000164084,-0.120635
19.42,1.9,0.00195066,9.99753,1.14597,-0.0617724,0.00518468,24.7923,0,52.2895,0.1422,0.0177084,9.99753,0.00195066,0.00653546,0.0653385,-0.00135078,-0.127111
19.44,1.9,0.00195066,10.0098,1.13408,-0.0594782,0.0046,24.6915,0,52.4897,0.145757,0.0178393,10.0098,0.00195066,0.00654351,0.0654994,-0.00194351,-0.124978
19.46,1.9,0.00195066,10.0315,1.12408,-0.0454301,0.0048,24.6,0,52.6901,0.149346,0.0179703,10.0315,0.00195066,0.00655765,0.0657829,-0.00175765,-0.111213
19.48,1.9,0.00195066,10.0491,1.11329,-0.0219203,0.00501736,24.6,0,52.8909,0.152968,0.0181016,10.0491,0.00195066,0.00656915,0.0660138,-0.00155179,-0.0879342
19.5,1.9,0.00195066,10.0473,1.09879,0.00458405,0.0054,24.6,0,53.0921,0.156623,0.0182331,10.0473,0.00195066,0.00656803,0.0659913,-0.00116803,-0.0614072
19.52,1.9,0.00195066,10.0396,1.07842,0.0258675,0.00558408,24.508,0,53.2932,0.160304,0.0183646,10.0396,0.00195066,0.00656297,0.0658897,-0.000978894,-0.0400222
19.54,1.9,0.00195066,10.0395,1.05236,0.0349988,0.00609182,24.2885,0,53.4942,0.164009,0.018496,10.0395,0.00195066,0.00656288,0.0658878,-0.000471054,-0.0308889
19.56,1.9,0.00195066,10.0758,1.02328,0.0297244,0.00724007,24.195,0,53.6951,0.167739,0.0186274,10.0758,0.00195066,0.00658664,0.0663657,0.000653431,-0.0366413
19.58,1.9,0.00195066,10.1028,0.994726,0.0137997,0.0082,24.1,0,53.8968,0.17151,0.0187593,10.1028,0.00195066,0.00660427,0.0667214,0.00159573,-0.0529217
19.6,1.9,0.00195066,10.1023,0.969357,-0.00548108,0.00756788,24.1,0,54.099,0.175317,0.0188915,10.1023,0.00195066,0.00660397,0.0667155,0.000963906,-0.0721966
19.62,1.89946,0.0019501,10.1064,0.948413,-0.0215493,0.00659859,24.1,0,54.3012,0.179151,0.0190237,10.1064,0.0019501,0.00660472,0.0667496,-6.12566e-06,-0.088299
19.64,1.78147,0.00182897,10.1255,0.932081,-0.0314724,0.006,24.1,0,54.5035,0.183013,0.0191538,10.1255,0.00182897,0.00620618,0.0628406,-0.000206181,-0.094313
19.66,1.5,0.00154,10.136,0.919734,-0.0363689,0.00623055,24.1,0,54.7062,0.186907,0.0192711,10.136,0.00154,0.00523104,0.0530218,0.000999508,-0.0893907
19.68,1.39954,0.00143686,10.1343,0.909377,-0.0396693,0.008,24.1,0,54.909,0.190827,0.0193692,10.1343,0.00143686,0.00487989,0.0494542,0.00312011,-0.0891235
19.7,1.3,0.00133466,10.1367,0.897957,-0.0443835,0.00735961,24.1,0,55.1119,0.194766,0.0194634,10.1367,0.00133466,0.00453387,0.0459583,0.00282575,-0.0903418
19.72,1.24861,0.0012819,10.1628,0.883754,-0.0515517,0.00535342,24.1,0,55.3147,0.198724,0.0195515,10.1628,0.0012819,0.00436587,0.0443696,0.000987549,-0.0959213
19.74,1.2,0.001232,10.1705,0.867701,-0.0609191,0.00418484,24.1,0,55.5181,0.20271,0.0196371,10.1705,0.001232,0.00419909,0.0427069,-1.42477e-05,-0.103626
19.76,1.2,0.001232,10.1647,0.851488,-0.0715589,0.004,24.1,0,55.7217,0.206716,0.0197203,10.1647,0.001232,0.00419666,0.0426577,-0.000196663,-0.114217
19.78,1.1,0.00112933,10.1619,0.835623,-0.0808896,0.004,24.1,0,55.9251,0.210737,0.0198026,10.1619,0.00112933,0.0038459,0.0390818,0.000154097,-0.119971
19.8,0.99968,0.00102634,10.1862,0.819493,-0.0851754,0.00399719,24.1,0,56.1285,0.214772,0.0198761,10.1862,0.00102634,0.00350349,0.0356871,0.000493702,-0.120862
19.82,0.903157,0.000927239,10.1859,0.802464,-0.0831338,0.00341161,24.1,0,56.3323,0.218831,0.0199427,10.1859,0.000927239,0.00316512,0.0322395,0.000246481,-0.115373
19.84,0.694556,0.000713076,10.2053,0.785494,-0.0783669,0.00337822,24.4,0,56.5362,0.222903,0.0200007,10.2053,0.000713076,0.00243872,0.0248878,0.000939503,-0.103255
19.86,0.546722,0.0005613,10.2367,0.771318,-0.0772592,0.00278241,24.4,0,56.7404,0.226993,0.0200433,10.2367,0.0005613,0.00192555,0.0197112,0.000856858,-0.0969704
19.88,0.495879,0.000509101,10.2454,0.761943,-0.0841999,0.00255879,24.4,0,56.9452,0.231103,0.0200783,10.2454,0.000509101,0.00174797,0.0179086,0.000810822,-0.102108
19.9,0.3,0.000307999,10.2471,0.75682,-0.0978215,0.000701195,24.4,0,57.1502,0.235223,0.0201089,10.2471,0.000307999,0.00105768,0.0108381,-0.000356481,-0.10866
19.92,0.202805,0.000208213,10.2422,0.754249,-0.111437,0,24.4,0,57.3553,0.239349,0.0201249,10.2422,0.000208213,0.000714666,0.00731976,-0.000714666,-0.118757
19.94,-0.00254148,-2.60924e-06,10.2427,0.753773,-0.118509,-0.00107061,24.505,0,57.5602,0.243475,0.0201339,10.2427,-2.60924e-06,-8.95629e-06,-9.17361e-05,-0.00106166,-0.118417
19.96,-0.10745,-0.000110315,10.2289,0.7564,-0.11863,-0.0036,24.6,0,57.7652,0.247602,0.0201283,10.2289,-0.000110315,-0.00037815,-0.00386807,-0.00322185,-0.114762
19.98,-0.303803,-0.000311904,10.236,0.762021,-0.117804,-0.00296958,24.6,0,57.9699,0.251721,0.0201154,10.236,-0.000311904,-0.00106992,-0.0109517,-0.00189966,-0.106852
20,-0.55277,-0.000567509,10.2567,0.766897,-0.123547,-0.00109359,24.7,0,58.1747,0.255839,0.0200861,10.2567,-0.000567509,-0.00195066,-0.0200073,0.00085707,-0.10354
20.02,-0.694385,-0.0007129,10.2771,0.765688,-0.13979,0.000555081,24.7,0,58.38,0.259958,0.0200402,10.2771,-0.0007129,-0.00245529,-0.0252333,0.00301037,-0.114557
20.04,-0.903496,-0.000927587,10.2779,0.757066,-0.164068,0.000986131,24.7,0,58.5856,0.264074,0.0199848,10.2779,-0.000927587,-0.00319493,-0.0328372,0.00418106,-0.13123
20.06,-1.00923,-0.00103614,10.2895,0.745556,-0.188907,0.000381538,24.7,0,58.7913,0.268178,0.0199153,10.2895,-0.00103614,-0.00357285,-0.0367628,0.00395438,-0.152144
20.08,-1.10483,-0.00113428,10.3021,0.737119,-0.206951,-0.000248255,24.7,0,58.9972,0.272272,0.0198402,10.3021,-0.00113428,-0.00391605,-0.0403435,0.0036678,-0.166608
20.1,-1.30072,-0.0013354,10.3111,0.734584,-0.214833,-0.00221279,24.7,0,59.2033,0.276354,0.0197567,10.3111,-0.0013354,-0.00461444,-0.0475799,0.00240164,-0.167253
20.12,-1.4002,-0.00143753,10.3083,0.737085,-0.213454,-0.00480119,24.7,0,59.4097,0.280421,0.0196591,10.3083,-0.00143753,-0.004966,-0.0511911,0.000164812,-0.162263
20.14,-1.5,-0.00154,10.3116,0.741794,-0.206427,-0.00544425,24.7,0,59.6159,0.284466,0.0195562,10.3116,-0.00154,-0.00532165,-0.0548746,-0.0001226,-0.151553
20.16,-1.6,-0.00164266,10.3109,0.745876,-0.198234,-0.0062,24.7,0,59.8223,0.288491,0.0194461,10.3109,-0.00164266,-0.00567607,-0.0585256,-0.000523926,-0.139709
20.18,-1.6,-0.00164266,10.3163,0.747801,-0.192622,-0.00560369,24.7,0,60.0286,0.292491,0.0193307,10.3163,-0.00164266,-0.00567902,-0.0585864,7.53296e-05,-0.134035
20.2,-1.6,-0.00164266,10.3401,0.747459,-0.191083,-0.00441612,24.7,0,60.2351,0.296471,0.0192171,10.3401,-0.00164266,-0.00569213,-0.0588572,0.00127601,-0.132226
20.22,-1.7,-0.00174533,10.3312,0.745194,-0.192448,-0.00459897,24.7,0,60.442,0.300436,0.0191014,10.3312,-0.00174533,-0.00604265,-0.0624276,0.00144368,-0.130021
20.24,-1.7,-0.00174533,10.3454,0.740887,-0.194447,-0.00437845,24.7,0,60.6487,0.304372,0.0189786,10.3454,-0.00174533,-0.006051,-0.0626002,0.00167256,-0.131847
20.26,-1.7,-0.00174533,10.3348,0.734425,-0.194935,-0.00510527,24.7,0,60.8557,0.308289,0.0188575,10.3348,-0.00174533,-0.00604479,-0.0624716,0.000939515,-0.132463
20.28,-1.7,-0.00174533,10.3504,0.727032,-0.191106,-0.0064003,24.7,0,61.0625,0.312177,0.0187365,10.3504,-0.00174533,-0.00605394,-0.0626609,-0.000346361,-0.128445
20.3,-1.7,-0.00174533,10.372,0.721235,-0.179385,-0.00707984,24.7,0,61.2696,0.316046,0.0186154,10.372,-0.00174533,-0.00606657,-0.0629227,-0.00101327,-0.116462
20.32,-1.7,-0.00174533,10.3708,0.719026,-0.158681,-0.0088,24.7,0,61.4772,0.319897,0.018494,10.3708,-0.00174533,-0.00606584,-0.0629077,-0.00273416,-0.0957735
20.34,-1.7,-0.00174533,10.3722,0.720297,-0.134127,-0.0088,24.7,0,61.6847,0.323723,0.0183726,10.3722,-0.00174533,-0.00606668,-0.0629249,-0.00273332,-0.0712023
20.36,-1.7,-0.00174533,10.3793,0.723261,-0.115979,-0.00839556,24.7,0,61.8923,0.327524,0.0182511,10.3793,-0.00174533,-0.00607083,-0.0630111,-0.00232473,-0.0529679
20.38,-1.7,-0.00174533,10.389,0.726429,-0.113692,-0.00740086,24.7,0,62.1,0.331303,0.0181296,10.389,-0.00174533,-0.00607649,-0.0631286,-0.00132437,-0.0505634
20.4,-1.6,-0.00164266,10.3949,0.729483,-0.129918,-0.00677043,24.7,0,62.3079,0.335059,0.0180098,10.3949,-0.00164266,-0.00572227,-0.0594822,-0.00104816,-0.0704361
20.42,-1.6,-0.00164266,10.398,0.73181,-0.158032,-0.00499915,24.7,0,62.5159,0.338794,0.0178971,10.398,-0.00164266,-0.00572402,-0.0595185,0.000724866,-0.0985136
20.44,-1.6,-0.00164266,10.3966,0.731598,-0.184698,-0.0047778,24.7,0,62.7239,0.342507,0.0177825,10.3966,-0.00164266,-0.00572325,-0.0595026,0.000945453,-0.125195
20.46,-1.6,-0.00164266,10.4358,0.727396,-0.196646,-0.00439367,24.7,0,62.932,0.346195,0.017668,10.4358,-0.00164266,-0.00574484,-0.0599522,0.00135117,-0.136694
20.48,-1.6,-0.00164266,10.4239,0.719742,-0.187435,-0.00459757,24.7,0,63.1408,0.349873,0.017553,10.4239,-0.00164266,-0.00573828,-0.0598154,0.00114071,-0.127619
20.5,-1.6,-0.00164266,10.4187,0.711001,-0.160235,-0.00544379,24.7,0,63.3494,0.353522,0.0174382,10.4187,-0.00164266,-0.00573539,-0.0597553,0.0002916,-0.10048
20.52,-1.6,-0.00164266,10.4406,0.70436,-0.126184,-0.00791213,24.7,0,63.5579,0.357146,0.0173234,10.4406,-0.00164266,-0.00574745,-0.0600068,-0.00216468,-0.066177
20.54,-1.5,-0.00154,10.4335,0.702561,-0.0992608,-0.0096,24.7,0,63.7668,0.360754,0.0172101,10.4335,-0.00154,-0.00538455,-0.0561796,-0.00421545,-0.0430812
20.56,-1.5,-0.00154,10.4501,0.706592,-0.0896177,-0.0096,24.7,0,63.9756,0.364337,0.0171042,10.4501,-0.00154,-0.00539312,-0.0563584,-0.00420688,-0.0332593
20.58,-1.5,-0.00154,10.4528,0.715298,-0.0991928,-0.00899818,24.7,0,64.1847,0.367902,0.0169962,10.4528,-0.00154,-0.00539456,-0.0563884,-0.00360363,-0.0428043
20.6,-1.5,-0.00154,10.4858,0.725969,-0.122276,-0.00647322,24.7,0,64.3939,0.371446,0.0168883,10.4858,-0.00154,-0.00541157,-0.0567447,-0.00106165,-0.0655318
20.62,-1.5,-0.00154,10.4592,0.735325,-0.149134,-0.00359532,24.7,0,64.6037,0.374979,0.01678,10.4592,-0.00154,-0.00539782,-0.0564566,0.0018025,-0.0926777
20.64,-1.5,-0.00154,10.4797,0.740414,-0.169492,-0.0026,24.7097,0,64.813,0.37848,0.0166719,10.4797,-0.00154,-0.0054084,-0.0566782,0.0028084,-0.112814
20.66,-1.4,-0.00143733,10.5016,0.73916,-0.175599,-0.00257645,24.8,0,65.0227,0.381966,0.0165655,10.5016,-0.00143733,-0.00505841,-0.0531215,0.00248196,-0.122477
20.68,-1.4,-0.00143733,10.5046,0.731403,-0.165073,-0.00242026,24.8,0,65.2329,0.385437,0.0164661,10.5046,-0.00143733,-0.00505986,-0.0531519,0.0026396,-0.111921
20.7,-1.4,-0.00143733,10.5028,0.719982,-0.141629,-0.00320434,24.8,0,65.4431,0.388888,0.0163648,10.5028,-0.00143733,-0.00505899,-0.0531336,0.00185465,-0.0884952
20.72,-1.4,-0.00143733,10.5164,0.709755,-0.112753,-0.00496106,24.8,0,65.6533,0.392317,0.0162636,10.5164,-0.00143733,-0.00506552,-0.0532708,0.000104455,-0.0594823
20.74,-1.4,-0.00143733,10.5142,0.705111,-0.0863674,-0.0072234,24.8,0,65.8637,0.395729,0.0161622,10.5142,-0.00143733,-0.00506447,-0.0532489,-0.00215892,-0.0331185
20.76,-1.4,-0.00143733,10.5259,0.707985,-0.0685212,-0.00758432,24.8,0,66.0741,0.399119,0.0160608,10.5259,-0.00143733,-0.00507009,-0.0533671,-0.00251422,-0.0151541
20.78,-1.4,-0.00143733,10.547,0.716655,-0.0625975,-0.00699143,24.8,0,66.2847,0.402492,0.0159593,10.547,-0.00143733,-0.00508026,-0.0535814,-0.00191116,-0.0090161
20.8,-1.4,-0.00143733,10.5348,0.726283,-0.069954,-0.00636102,24.8,0,66.4958,0.405849,0.0158577,10.5348,-0.00143733,-0.00507438,-0.0534573,-0.00128664,-0.0164966
20.82,-1.4,-0.00143733,10.5089,0.73194,-0.0904941,-0.00579163,24.9,0,66.7066,0.409182,0.0157561,10.5089,-0.00143733,-0.00506193,-0.0531954,-0.0007297,-0.0372987
20.84,-1.34711,-0.00138303,10.5315,0.73151,-0.120988,-0.0054,24.9,0,66.9169,0.412485,0.0156558,10.5315,-0.00138303,-0.00488116,-0.0514059,-0.000518839,-0.0695824
20.86,-1.3,-0.00133466,10.5226,0.725917,-0.153223,-0.00540766,24.9019,0,67.1276,0.415775,0.0155599,10.5226,-0.00133466,-0.00470648,-0.0495244,-0.000701184,-0.103699
20.88,-1.3,-0.00133466,10.5417,0.717526,-0.176483,-0.0064394,25,0,67.3382,0.419042,0.0154665,10.5417,-0.00133466,-0.00471501,-0.0497041,-0.00172439,-0.126779
20.9,-1.20387,-0.00123597,10.5417,0.709024,-0.183003,-0.0068,25.0961,0,67.5492,0.422295,0.0153739,10.5417,-0.00123597,-0.00436637,-0.0460288,-0.00243363,-0.136974
20.92,-1.2,-0.001232,10.5703,0.703514,-0.170895,-0.00774908,25.2,0,67.7601,0.425529,0.0152884,10.5703,-0.001232,-0.00436415,-0.0461304,-0.00338494,-0.124764
20.94,-1.2,-0.001232,10.5979,0.70435,-0.143581,-0.00813066,25.4116,0,67.9716,0.428754,0.0152011,10.5979,-0.001232,-0.00437552,-0.0463711,-0.00375514,-0.0972103
20.96,-1.2,-0.001232,10.6028,0.713246,-0.108694,-0.00719332,25.6,0,68.1837,0.431969,0.0151135,10.6028,-0.001232,-0.00437755,-0.0464142,-0.00281578,-0.0622798
20.98,-1.2,-0.001232,10.6009,0.728286,-0.0769549,-0.00679962,25.7002,0,68.3959,0.435166,0.0150259,10.6009,-0.001232,-0.00437675,-0.0463973,-0.00242287,-0.0305576
21,-1.2,-0.001232,10.599,0.744807,-0.0593984,-0.0062,25.8071,0,68.608,0.438345,0.0149383,10.599,-0.001232,-0.00437599,-0.0463811,-0.00182401,-0.0130174
21.02,-1.2,-0.001232,10.6094,0.75887,-0.0633074,-0.00601669,25.9917,0,68.8201,0.441504,0.0148507,10.6094,-0.001232,-0.00438027,-0.046472,-0.00163642,-0.0168354
21.04,-1.1,-0.00112933,10.5887,0.77006,-0.0890031,-0.0052,26.1,0,69.0325,0.444648,0.0147649,10.5887,-0.00112933,-0.00400742,-0.0424334,-0.00119258,-0.0465697
21.06,-1.09572,-0.00112494,10.6313,0.781233,-0.12872,-0.00497431,26.1,0,69.2444,0.447769,0.0146866,10.6313,-0.00112494,-0.00400789,-0.0426092,-0.000966417,-0.0861106
21.08,-0.9,-0.000923998,10.6664,0.795824,-0.168486,-0.00398783,26.1,0,69.4571,0.450886,0.01461,10.6664,-0.000923998,-0.00330285,-0.0352295,-0.000684977,-0.133256
21.1,-0.9,-0.000923998,10.6396,0.815818,-0.193203,-0.0032,26.1,0,69.6706,0.453998,0.0145475,10.6396,-0.000923998,-0.00329456,-0.0350528,9.45626e-05,-0.15815
21.12,-0.797763,-0.000819034,10.6558,0.841575,-0.192503,-0.00279105,26.1,0,69.8835,0.457089,0.0144834,10.6558,-0.000819034,-0.00292476,-0.0311656,0.000133706,-0.161337
21.14,-0.7,-0.000718665,10.679,0.870947,-0.164559,-0.0018102,26.1051,0,70.0968,0.460172,0.0144286,10.679,-0.000718665,-0.00257193,-0.0274656,0.000761725,-0.137094
21.16,-0.7,-0.000718665,10.6926,0.898163,-0.116492,-0.00261505,26.215,0,70.3105,0.46325,0.0143789,10.6926,-0.000718665,-0.00257521,-0.0275358,-3.98347e-05,-0.0889559
21.18,-0.7,-0.000718665,10.6943,0.916664,-0.0610048,-0.00321268,26.4063,0,70.5245,0.466322,0.0143273,10.6943,-0.000718665,-0.0025756,-0.0275442,-0.000637082,-0.0334607
21.2,-0.7,-0.000718665,10.6884,0.923921,-0.0116558,-0.00316562,26.5,0,70.7386,0.469384,0.0142758,10.6884,-0.000718665,-0.00257419,-0.027514,-0.000591424,0.0158582
21.22,-0.7,-0.000718665,10.6876,0.922598,0.0203645,-0.00320371,26.5,0,70.9525,0.472432,0.0142243,10.6876,-0.000718665,-0.00257399,-0.0275097,-0.000629717,0.0478742
21.24,-0.7,-0.000718665,10.6982,0.918472,0.0284989,-0.00362332,26.5,0,71.1664,0.47547,0.0141727,10.6982,-0.000718665,-0.00257655,-0.0275645,-0.00104677,0.0560633
21.26,-0.7,-0.000718665,10.7119,0.917239,0.012538,-0.00380796,26.5,0,71.3805,0.478499,0.0141212,10.7119,-0.000718665,-0.00257985,-0.027635,-0.00122811,0.040173
21.28,-0.7,-0.000718665,10.7325,0.92132,-0.0220451,-0.004,26.5,0,71.5949,0.481522,0.0140695,10.7325,-0.000718665,-0.00258481,-0.0277415,-0.00141519,0.00569638
21.3,-0.7,-0.000718665,10.7371,0.929432,-0.0666843,-0.00396534,26.5,0,71.8098,0.484539,0.0140178,10.7371,-0.000718665,-0.00258591,-0.0277651,-0.00137943,-0.0389191
21.32,-0.696012,-0.000714571,10.7429,0.938718,-0.111877,-0.00340798,26.5,0,72.0247,0.487546,0.0139661,10.7429,-0.000714571,-0.00257258,-0.027637,-0.000835397,-0.0842395
21.34,-0.6,-0.000615999,10.7467,0.945986,-0.148412,-0.00382129,26.5,0,72.2397,0.490544,0.0139164,10.7467,-0.000615999,-0.00221848,-0.0238413,-0.00160281,-0.12457
21.36,-0.6,-0.000615999,10.7539,0.948096,-0.168514,-0.004,26.5,0,72.4548,0.493533,0.0138738,10.7539,-0.000615999,-0.00221997,-0.0238733,-0.00178003,-0.14464
21.38,-0.6,-0.000615999,10.7,0.943897,-0.167601,-0.0036,26.5,0,72.67,0.496514,0.0138294,10.7,-0.000615999,-0.00220885,-0.0236348,-0.00139115,-0.143966
21.4,-0.6,-0.000615999,10.7084,0.936814,-0.146262,-0.00380442,26.5,0,72.8842,0.499472,0.0137852,10.7084,-0.000615999,-0.00221057,-0.0236716,-0.00159384,-0.122591
21.42,-0.6,-0.000615999,10.8221,0.933579,-0.111,-0.00422774,26.5,0,73.0985,0.502422,0.0137409,10.8221,-0.000615999,-0.00223405,-0.0241772,-0.00199368,-0.0868233
21.44,-0.6,-0.000615999,10.7995,0.938622,-0.0730929,-0.00478128,26.5,0,73.3151,0.505393,0.0136962,10.7995,-0.000615999,-0.00222939,-0.0240764,-0.00255189,-0.0490165
21.46,-0.6,-0.000615999,10.7976,0.950706,-0.045266,-0.0042,26.5,0,73.5313,0.508349,0.0136516,10.7976,-0.000615999,-0.002229,-0.0240679,-0.001971,-0.0211981
21.48,-0.594402,-0.000610251,10.8148,0.965379,-0.0366338,-0.0044112,26.5,0,73.7474,0.511295,0.013607,10.8148,-0.000610251,-0.00221171,-0.0239192,-0.00219949,-0.0127147
21.5,-0.5,-0.000513332,10.8473,0.97885,-0.0490068,-0.0046,26.5,0,73.9639,0.514236,0.0135646,10.8473,-0.000513332,-0.00186605,-0.0202416,-0.00273395,-0.0287652
21.52,-0.5,-0.000513332,10.8812,0.989352,-0.0768618,-0.00459005,26.5,0,74.181,0.517178,0.013529,10.8812,-0.000513332,-0.00187188,-0.0203683,-0.00271817,-0.0564935
21.54,-0.5,-0.000513332,10.9002,0.996811,-0.109998,-0.00419252,26.5,0,74.3988,0.52012,0.0134916,10.9002,-0.000513332,-0.00187514,-0.0204393,-0.00231739,-0.089559
21.56,-0.5,-0.000513332,10.9113,1.0021,-0.137308,-0.0036,26.5,0,74.617,0.52306,0.013454,10.9113,-0.000513332,-0.00187706,-0.0204812,-0.00172294,-0.116827
21.58,-0.5,-0.000513332,10.9206,1.00581,-0.149981,-0.00358745,26.5,0,74.8354,0.525995,0.0134165,10.9206,-0.000513332,-0.00187865,-0.0205159,-0.0017088,-0.129465
21.6,-0.5,-0.000513332,10.9287,1.00731,-0.143156,-0.00256808,26.5,0,75.054,0.528923,0.0133789,10.9287,-0.000513332,-0.00188004,-0.0205463,-0.000688037,-0.12261
21.62,-0.5,-0.000513332,10.935,1.00538,-0.117162,-0.00178422,26.5,0,75.2728,0.531846,0.0133412,10.935,-0.000513332,-0.00188113,-0.0205702,9.69171e-05,-0.0965919
21.64,-0.5,-0.000513332,10.9483,0.999586,-0.0783745,-0.000720313,26.5,0,75.4916,0.534762,0.0133036,10.9483,-0.000513332,-0.00188341,-0.02062,0.0011631,-0.0577544
21.66,-0.5,-0.000513332,10.9608,0.990686,-0.037523,-1.19334e-05,26.5,0,75.7108,0.537674,0.0132659,10.9608,-0.000513332,-0.00188556,-0.0206673,0.00187363,-0.0168557
21.68,-0.5,-0.000513332,10.9517,0.979808,-0.00589174,-0.000821203,26.5,0,75.9302,0.54058,0.0132281,10.9517,-0.000513332,-0.00188399,-0.0206328,0.00106279,0.0147411
21.7,-0.5,-0.000513332,10.9442,0.967948,0.00748599,-0.00201054,26.5,0,76.1494,0.543476,0.0131904,10.9442,-0.000513332,-0.00188272,-0.0206049,-0.000127821,0.0280908
21.72,-0.5,-0.000513332,10.956,0.956673,-0.00308183,-0.00218515,26.5,0,76.3685,0.546362,0.0131527,10.956,-0.000513332,-0.00188474,-0.0206492,-0.000300411,0.0175673
21.74,-0.5,-0.000513332,10.9896,0.948906,-0.0391218,-0.00245159,26.5,0,76.5877,0.549242,0.013115,10.9896,-0.000513332,-0.00189052,-0.0207761,-0.000561069,-0.0183457
21.76,-0.4,-0.000410666,11.0067,0.94829,-0.0964346,-0.00403058,26.5,0,76.8077,0.552123,0.013079,11.0067,-0.000410666,-0.00151477,-0.0166726,-0.00251581,-0.079762
21.78,-0.4,-0.000410666,11.0147,0.956919,-0.163104,-0.0046,26.5,0,77.028,0.555001,0.0130506,11.0147,-0.000410666,-0.00151586,-0.0166967,-0.00308414,-0.146407
21.8,-0.3,-0.000307999,11.0417,0.973213,-0.220776,-0.00399802,26.5,0,77.2485,0.557875,0.0130222,11.0417,-0.000307999,-0.00113969,-0.0125841,-0.00285833,-0.208192
21.82,-0.3,-0.000307999,11.0629,0.992003,-0.252286,-0.00300655,26.5,0,77.4695,0.560751,0.0130012,11.0629,-0.000307999,-0.00114188,-0.0126324,-0.00186468,-0.239653
21.84,-0.2,-0.000205333,11.0731,1.00699,-0.250333,-0.00315281,26.5,0,77.6909,0.563628,0.0129803,11.0731,-0.000205333,-0.000761955,-0.00843722,-0.00239086,-0.241896
21.86,-0.2,-0.000205333,11.0694,1.01412,-0.219258,-0.00197727,26.5,0,77.9126,0.566503,0.0129669,11.0694,-0.000205333,-0.000761703,-0.00843162,-0.00121556,-0.210827
21.88,-0.2,-0.000205333,11.0779,1.01344,-0.170495,-0.0012,26.5,0,78.1341,0.569375,0.0129517,11.0779,-0.000205333,-0.000762283,-0.00844449,-0.000437717,-0.162051
21.9,-0.2,-0.000205333,11.0941,1.00769,-0.117579,-0.0012,26.5,0,78.3559,0.572245,0.0129364,11.0941,-0.000205333,-0.000763399,-0.00846923,-0.000436601,-0.109109
21.92,-0.2,-0.000205333,11.1077,0.999712,-0.072585,-0.00181209,26.5,0,78.5779,0.575117,0.0129212,11.1077,-0.000205333,-0.000764333,-0.00848997,-0.00104775,-0.064095
21.94,-0.191725,-0.000196837,11.1174,0.991532,-0.0432263,-0.00278345,26.5,0,78.8003,0.577988,0.012906,11.1174,-0.000196837,-0.000733347,-0.00815288,-0.0020501,-0.0350734
21.96,-0.1,-0.000102666,11.1336,0.985035,-0.0314959,-0.00329012,26.5,0,79.0228,0.580859,0.0128933,11.1336,-0.000102666,-0.000383059,-0.00426483,-0.00290706,-0.0272311
21.98,-0.1,-0.000102666,11.1386,0.982208,-0.0345451,-0.00455139,26.5,0,79.2457,0.583731,0.0128873,11.1386,-0.000102666,-0.000383232,-0.00426868,-0.00416816,-0.0302764
22,-0.1,-0.000102666,11.1557,0.984147,-0.0469476,-0.00517398,26.5,0,79.4686,0.586604,0.0128797,11.1557,-0.000102666,-0.00038382,-0.0042818,-0.00479016,-0.0426658
22.02,-0.1,-0.000102666,11.1642,0.98977,-0.0634401,-0.00439901,26.5,0,79.6919,0.589479,0.012872,11.1642,-0.000102666,-0.00038411,-0.00428826,-0.0040149,-0.0591518
22.04,-0.1,-0.000102666,11.1752,0.995882,-0.0808257,-0.00354699,26.5,0,79.9154,0.592355,0.0128643,11.1752,-0.000102666,-0.000384491,-0.00429679,-0.0031625,-0.0765289
22.06,-0.1,-0.000102666,11.1763,0.999064,-0.097532,-0.00233127,26.5,0,80.1391,0.595232,0.0128566,11.1763,-0.000102666,-0.000384528,-0.0042976,-0.00194675,-0.0932344
22.08,-0.1,-0.000102666,11.1817,0.997766,-0.112013,-0.0014022,26.5,0,80.3628,0.598107,0.0128489,11.1817,-0.000102666,-0.000384712,-0.00430171,-0.00101749,-0.107711
22.1,0,0,11.1944,0.992757,-0.12293,-0.000791255,26.5,0,80.5866,0.600982,0.0128431,11.1944,0,0,0,-0.000791255,-0.12293
22.12,0,0,11.1972,0.986273,-0.130579,-0.000818392,26.5,0,80.8106,0.60386,0.0128451,11.1972,0,0,0,-0.000818392,-0.130579
22.14,0,0,11.2112,0.980976,-0.136578,-0.00124501,26.5,0,81.0348,0.606739,0.0128451,11.2112,0,0,0,-0.00124501,-0.136578
22.16,0,0,11.2295,0.978758,-0.141757,-0.002,26.5,0,81.2592,0.609622,0.0128451,11.2295,0,0,0,-0.002,-0.141757
22.18,0,0,11.2361,0.979782,-0.144486,-0.00161636,26.5,0,81.4839,0.612509,0.0128451,11.2361,0,0,0,-0.00161636,-0.144486
22.2,0,0,11.2366,0.982697,-0.140929,-0.00138164,26.5,0,81.7088,0.615398,0.0128451,11.2366,0,0,0,-0.00138164,-0.140929
22.22,0,0,11.2475,0.985535,-0.127678,-0.000590105,26.5,0,81.9337,0.618287,0.0128451,11.2475,0,0,0,-0.000590105,-0.127678
22.24,0.0503427,5.1685e-05,11.2514,0.986278,-0.105178,-0.000386715,26.5,0,82.1589,0.621179,0.012846,11.2514,5.1685e-05,0.000194882,0.00219269,-0.000581597,-0.107371
22.26,0.1,0.000102666,11.2566,0.983481,-0.0787752,0.000280576,26.5,0,82.3841,0.624073,0.0128519,11.2566,0.000102666,0.00038729,0.00435957,-0.000106714,-0.0831348
22.28,0.1,0.000102666,11.2689,0.977236,-0.0562823,0.00118467,26.5,0,82.6094,0.62697,0.0128606,11.2689,0.000102666,0.000387713,0.00436909,0.000796954,-0.0606514
22.3,0.207665,0.000213202,11.3031,0.969408,-0.0443072,0.00095401,26.5,0,82.8349,0.629872,0.0128704,11.3031,0.000213202,0.000807589,0.00912826,0.000146421,-0.0534354
22.32,0.404075,0.000414849,11.3113,0.962785,-0.0456546,-1.6299e-05,26.5,0,83.0612,0.632786,0.0128925,11.3113,0.000414849,0.00157255,0.0177877,-0.00158885,-0.0634423
22.34,0.550637,0.000565319,11.3279,0.96014,-0.0582164,-0.000422292,26.4554,0,83.2876,0.635709,0.0129307,11.3279,0.000565319,0.00214608,0.0243106,-0.00256837,-0.0825269
22.36,0.7,0.000718665,11.3464,0.963285,-0.0752415,-0.000851484,25.9871,0,83.5143,0.638646,0.0129794,11.3464,0.000718665,0.00273266,0.0310058,-0.00358414,-0.106247
22.38,0.795091,0.000816292,11.3575,0.971686,-0.0875009,-0.00100982,25.9,0,83.7414,0.641601,0.0130389,11.3575,0.000816292,0.00310693,0.0352871,-0.00411675,-0.122788
22.4,0.8,0.000821331,11.3666,0.982021,-0.0869418,-0.000201105,25.8,0,83.9687,0.644572,0.013103,11.3666,0.000821331,0.00312861,0.0355618,-0.00332972,-0.122504
22.42,0.9,0.000923998,11.3764,0.989933,-0.0697969,0,25.7,0,84.1963,0.647561,0.0131677,11.3764,0.000923998,0.00352271,0.0400758,-0.00352271,-0.109873
22.44,1.00319,0.00102994,11.3778,0.992218,-0.037693,0.000250714,25.7,0,84.424,0.650568,0.0132422,11.3778,0.00102994,0.00392712,0.0446821,-0.00367641,-0.0823751
22.46,1.1,0.00112933,11.386,0.98758,0.00297696,0.00147287,25.7,0,84.6517,0.653593,0.0133247,11.386,0.00112933,0.00430916,0.049064,-0.00283629,-0.0460871
22.48,1.20037,0.00123237,11.3806,0.976488,0.0426122,0.0026,25.7,0,84.8796,0.65664,0.0134149,11.3806,0.00123237,0.00470013,0.0534904,-0.00210013,-0.0108782
22.5,1.30658,0.00134142,11.4011,0.960922,0.0710359,0.00241317,25.7,0,85.1074,0.659707,0.013513,11.4011,0.00134142,0.00512523,0.0584333,-0.00271207,0.0126026
22.52,1.40468,0.00144214,11.4208,0.943984,0.0814216,0.00238127,25.7,0,85.3356,0.662803,0.0136196,11.4208,0.00144214,0.00551955,0.0630376,-0.00313829,0.018384
22.54,1.60385,0.00164661,11.4373,0.929345,0.0734165,0.00158462,25.7,0,85.5642,0.665929,0.0137359,11.4373,0.00164661,0.00631124,0.0721834,-0.00472662,0.00123308
22.56,1.7,0.00174533,11.4618,0.920137,0.0528045,0.00143931,25.7,0,85.7931,0.669088,0.0138681,11.4618,0.00174533,0.00670399,0.0768401,-0.00526468,-0.0240356
22.58,1.7,0.00174533,11.4712,0.917438,0.0280308,0.00258305,25.7,0,86.0225,0.672285,0.0140042,11.4712,0.00174533,0.00670949,0.0769662,-0.00412644,-0.0489354
22.6,1.8,0.001848,11.4695,0.919713,0.00625372,0.00300094,25.7,0,86.252,0.675516,0.0141404,11.4695,0.001848,0.00710308,0.0814687,-0.00410214,-0.075215
22.62,1.8473,0.00189656,11.4955,0.923602,-0.00873168,0.00382463,25.7,0,86.4816,0.678779,0.0142855,11.4955,0.00189656,0.00730626,0.0839888,-0.00348163,-0.0927205
22.64,1.9,0.00195066,11.4959,0.925253,-0.0162041,0.00502297,25.7,0,86.7117,0.682083,0.0144337,11.4959,0.00195066,0.00751495,0.0863909,-0.00249198,-0.102595
22.66,1.9,0.00195066,11.4966,0.921831,-0.0170332,0.00561755,25.7,0,86.9417,0.685421,0.0145852,11.4966,0.00195066,0.00751541,0.0864015,-0.00189786,-0.103435
22.68,1.9,0.00195066,11.5111,0.912669,-0.0124623,0.006,25.7,0,87.1718,0.688795,0.0147356,11.5111,0.00195066,0.0075249,0.0866198,-0.0015249,-0.0990821
22.7,1.9,0.00195066,11.5,0.899591,-0.00385215,0.0066023,25.7,0,87.4022,0.692207,0.0148863,11.5,0.00195066,0.00751766,0.0864533,-0.000915364,-0.0903055
22.72,1.9,0.00195066,11.5073,0.886378,0.00683142,0.00716379,25.7,0,87.6324,0.695651,0.0150367,11.5073,0.00195066,0.00752242,0.0865629,-0.000358635,-0.0797315
22.74,1.9,0.00195066,11.5307,0.876817,0.0168553,0.0061427,25.7,0,87.8627,0.699132,0.0151873,11.5307,0.00195066,0.00753771,0.0869151,-0.00139501,-0.0700598
22.76,1.9,0.00195066,11.5427,0.872121,0.0240058,0.00537568,25.7,0,88.0934,0.702654,0.0153382,11.5427,0.00195066,0.00754554,0.0870958,-0.00216986,-0.06309
22.78,1.9,0.00195066,11.5567,0.870729,0.0284748,0.0052,25.7,0,88.3244,0.706215,0.0154892,11.5567,0.00195066,0.00755468,0.0873069,-0.00235468,-0.0588321
22.8,1.9,0.00195066,11.5694,0.870659,0.0324578,0.00540002,25.7,0,88.5557,0.709815,0.0156404,11.5694,0.00195066,0.00756304,0.0875002,-0.00216302,-0.0550423
22.82,1.9,0.00195066,11.5792,0.870788,0.0369892,0.00661214,25.7303,0,88.7872,0.713454,0.0157918,11.5792,0.00195066,0.00756942,0.0876479,-0.000957283,-0.0506587
22.84,1.9,0.00195066,11.5682,0.870101,0.0402278,0.00718583,26.2,0,89.019,0.717131,0.0159433,11.5682,0.00195066,0.00756225,0.087482,-0.00037642,-0.0472541
22.86,1.9,0.00195066,11.593,0.867568,0.0397704,0.00682165,26.2108,0,89.2505,0.72084,0.0160946,11.593,0.00195066,0.00757842,0.0878564,-0.00075677,-0.048086
22.88,1.9,0.00195066,11.621,0.862729,0.035544,0.00737097,26.3,0,89.4825,0.724592,0.0162463,11.621,0.00195066,0.00759673,0.0882815,-0.000225756,-0.0527375
22.9,1.9,0.00195066,11.6195,0.855872,0.0295949,0.00740451,26.3,0,89.715,0.728388,0.0163984,11.6195,0.00195066,0.00759575,0.0882587,-0.000191237,-0.0586637
22.92,1.9,0.00195066,11.6277,0.849054,0.0236554,0.00718054,26.3,0,89.9476,0.732219,0.0165504,11.6277,0.00195066,0.00760113,0.0883837,-0.000420587,-0.0647283
22.94,1.9,0.00195066,11.6387,0.846787,0.0177348,0.00587653,26.3,0,90.1803,0.736089,0.0167025,11.6387,0.00195066,0.00760834,0.0885516,-0.00173181,-0.0708167
22.96,1.9,0.00195066,11.643,0.853143,0.0112833,0.00421236,26.3,0,90.4132,0.739997,0.0168548,11.643,0.00195066,0.0076111,0.0886158,-0.00339874,-0.0773325
22.98,1.9,0.00195066,11.6505,0.867635,0.00494728,0.00478532,26.3,0,90.6462,0.743942,0.0170071,11.6505,0.00195066,0.007616,0.0887298,-0.00283067,-0.0837825
23,1.9,0.00195066,11.6666,0.885183,0.000471687,0.00560169,26.3,0,90.8793,0.747925,0.0171596,11.6666,0.00195066,0.00762658,0.0889766,-0.00202489,-0.0885049
23.02,1.9,0.00195066,11.6543,0.899525,-0.000882829,0.006,26.3,0,91.1128,0.75195,0.0173122,11.6543,0.00195066,0.00761851,0.0887884,-0.00161851,-0.0896712
23.04,1.9,0.00195066,11.6511,0.906137,0.000240238,0.00601637,26.3,0,91.346,0.756006,0.0174647,11.6511,0.00195066,0.00761641,0.0887394,-0.00160004,-0.0884992
23.06,1.9,0.00195066,11.6812,0.903871,0.000872319,0.0064,26.4,0,91.5792,0.760096,0.0176171,11.6812,0.00195066,0.00763607,0.0891983,-0.00123607,-0.088326
23.08,1.9,0.00195066,11.6832,0.895142,-0.00318575,0.00603519,26.4,0,91.813,0.764233,0.01777,11.6832,0.00195066,0.00763742,0.0892297,-0.00160223,-0.0924154
23.1,1.9,0.00195066,11.6781,0.88435,-0.0145558,0.00517647,26.5,0,92.0468,0.768406,0.0179228,11.6781,0.00195066,0.00763407,0.0891515,-0.0024576,-0.103707
23.12,1.9,0.00195066,11.6949,0.876831,-0.0314919,0.00419433,26.5,0,92.2805,0.772613,0.0180756,11.6949,0.00195066,0.00764502,0.0894073,-0.00345069,-0.120899
23.14,1.9,0.00195066,11.7271,0.878186,-0.0477234,0.00418726,26.5,0,92.5145,0.776862,0.0182287,11.7271,0.00195066,0.00766609,0.0899009,-0.00347883,-0.137624
23.16,1.9,0.00195066,11.7516,0.890604,-0.0556709,0.00482053,26.5,0,92.7492,0.781158,0.0183821,11.7516,0.00195066,0.00768212,0.0902773,-0.00286159,-0.145948
23.18,1.9,0.00195066,11.7335,0.90951,-0.0513097,0.0056599,26.5,0,92.9844,0.785499,0.0185359,11.7335,0.00195066,0.00767031,0.0899999,-0.00201041,-0.14131
23.2,1.9,0.00195066,11.6925,0.927084,-0.0367682,0.00677902,26.5,0,93.2192,0.78987,0.0186894,11.6925,0.00195066,0.00764348,0.0893715,-0.000864458,-0.12614
23.22,1.9,0.00195066,11.7418,0.938201,-0.0180011,0.00737889,26.5,0,93.4532,0.794262,0.0188424,11.7418,0.00195066,0.00767571,0.0901267,-0.000296817,-0.108128
23.24,1.8,0.001848,11.763,0.941106,-0.000476322,0.00698928,26.5,0,93.6881,0.798708,0.018994,11.763,0.001848,0.00728487,0.0856922,-0.000295591,-0.0861685
23.26,1.8,0.001848,11.7809,0.936102,0.0124668,0.00661093,26.5,0,93.9235,0.803197,0.0191378,11.7809,0.001848,0.00729592,0.0859524,-0.000684997,-0.0734856
23.28,1.8,0.001848,11.7881,0.92639,0.0182569,0.0066,26.5,0,94.1593,0.807727,0.0192838,11.7881,0.001848,0.00730038,0.0860574,-0.000700381,-0.0678006
23.3,1.8,0.001848,11.7923,0.917635,0.0136112,0.00615664,26.5,0,94.3952,0.812293,0.0194299,11.7923,0.001848,0.00730298,0.0861187,-0.00114634,-0.0725075
23.32,1.8,0.001848,11.8108,0.914906,-0.00461413,0.00456415,26.5,0,94.6312,0.816896,0.0195761,11.8108,0.001848,0.00731448,0.0863901,-0.00275033,-0.0910042
23.34,1.8,0.001848,11.8284,0.919994,-0.0364208,0.00421767,26.5,0,94.8676,0.821541,0.0197225,11.8284,0.001848,0.00732534,0.086647,-0.00310767,-0.123068
23.36,1.8,0.001848,11.8415,0.930266,-0.0763602,0.00461259,26.5063,0,95.1043,0.826228,0.0198691,11.8415,0.001848,0.00733346,0.0868391,-0.00272087,-0.163199
23.38,1.8,0.001848,11.8437,0.939882,-0.114385,0.00481303,26.6065,0,95.3412,0.830954,0.0200159,11.8437,0.001848,0.00733484,0.0868717,-0.00252181,-0.201257
23.4,1.8,0.001848,11.8534,0.94384,-0.139431,0.00540883,26.7,0,95.5782,0.835716,0.0201627,11.8534,0.001848,0.00734081,0.0870131,-0.00193197,-0.226444
23.42,1.8,0.001848,11.9014,0.940868,-0.143817,0.00619051,26.7,0,95.8154,0.840517,0.0203097,11.9014,0.001848,0.00737057,0.0877202,-0.00118006,-0.231537
23.44,1.8,0.001848,11.8949,0.932477,-0.126993,0.00578587,26.7,0,96.0536,0.845372,0.0204572,11.8949,0.001848,0.00736655,0.0876244,-0.00158067,-0.214618
23.46,1.8,0.001848,11.8981,0.921758,-0.0960629,0.0056,26.7,0,96.2916,0.85026,0.0206046,11.8981,0.001848,0.00736851,0.0876712,-0.00176851,-0.183734
23.48,1.8,0.001848,11.9205,0.913404,-0.0613952,0.0058,26.7,0,96.5297,0.855184,0.0207521,11.9205,0.001848,0.00738238,0.0880015,-0.00158238,-0.149397
23.5,1.8,0.001848,11.9333,0.911849,-0.0316514,0.00520553,26.7,0,96.7683,0.860153,0.0208999,11.9333,0.001848,0.0073903,0.0881905,-0.00218477,-0.119842
23.52,1.8,0.001848,11.9471,0.918142,-0.0127747,0.00378817,26.7,0,97.0071,0.865162,0.0210478,11.9471,0.001848,0.00739888,0.0883954,-0.00361071,-0.10117
23.54,1.8,0.001848,11.9461,0.929252,-0.00871767,0.00381916,26.7,0,97.2462,0.870212,0.0211959,11.9461,0.001848,0.00739828,0.0883809,-0.00357912,-0.0970986
23.56,1.8,0.001848,11.9544,0.940192,-0.0207667,0.00378877,26.7,0,97.4852,0.875298,0.021344,11.9544,0.001848,0.0074034,0.0885034,-0.00361463,-0.10927
23.58,1.8,0.001848,11.9564,0.946992,-0.0462641,0.00383974,26.7,0,97.7244,0.880422,0.0214921,11.9564,0.001848,0.00740464,0.0885329,-0.0035649,-0.134797
23.6,1.8,0.001848,11.9533,0.948781,-0.0781072,0.00540507,26.7,0,97.9637,0.885583,0.0216404,11.9533,0.001848,0.00740271,0.0884868,-0.00199764,-0.166594
23.62,1.7,0.00174533,11.9935,0.947161,-0.105888,0.0062,26.7,0,98.2029,0.890778,0.0217865,11.9935,0.00174533,0.00701497,0.0841342,-0.000814971,-0.190022
23.64,1.7,0.00174533,11.9945,0.943792,-0.119862,0.00662277,26.7,0,98.4429,0.896024,0.0219248,11.9945,0.00174533,0.00701555,0.0841481,-0.000392779,-0.20401
23.66,1.7,0.00174533,12.0215,0.939772,-0.116329,0.00719979,26.7,0,98.6829,0.901304,0.0220652,12.0215,0.00174533,0.00703135,0.0845276,0.000168443,-0.200856
23.68,1.7,0.00174533,12.0307,0.936667,-0.0995728,0.00653238,26.7,0,98.9235,0.90663,0.022206,12.0307,0.00174533,0.00703672,0.0846566,-0.000504332,-0.184229
23.7,1.7,0.00174533,12.0338,0.936007,-0.0777834,0.00580412,26.7,0,99.1642,0.911994,0.0223468,12.0338,0.00174533,0.00703852,0.0847001,-0.0012344,-0.162483
23.72,1.6,0.00164266,12.0542,0.937954,-0.0570912,0.00578388,26.7,0,99.405,0.917393,0.0224856,12.0542,0.00164266,0.00663572,0.0799883,-0.000851841,-0.13708
23.74,1.6,0.00164266,12.049,0.941498,-0.0398234,0.00586223,26.7,0,99.6462,0.922833,0.0226164,12.049,0.00164266,0.00663287,0.0799194,-0.00077064,-0.119743
23.76,1.6,0.00164266,12.042,0.945281,-0.026701,0.00676938,26.7,0,99.8873,0.928303,0.0227491,12.042,0.00164266,0.00662901,0.0798264,0.00014037,-0.106527
23.78,1.6,0.00164266,12.0508,0.947939,-0.0182745,0.0074,26.7,0,100.128,0.933802,0.0228818,12.0508,0.00164266,0.00663383,0.0799427,0.00076617,-0.0982172
23.8,1.6,0.00164266,12.1109,0.948754,-0.0145797,0.00759853,26.7,0,100.369,0.939336,0.0230146,12.1109,0.00164266,0.00666693,0.0807424,0.000931601,-0.0953221
23.82,1.6,0.00164266,12.1222,0.948154,-0.0150044,0.00739252,26.7,0,100.612,0.944931,0.023148,12.1222,0.00164266,0.00667315,0.0808932,0.000719367,-0.0958976
23.84,1.6,0.00164266,12.1409,0.947266,-0.0186474,0.00697082,26.7,0,100.854,0.950563,0.0232816,12.1409,0.00164266,0.00668343,0.0811426,0.000287393,-0.0997899
23.86,1.59588,0.00163843,12.1558,0.947079,-0.0243227,0.00599176,26.7,0,101.097,0.956237,0.0234153,12.1558,0.00163843,0.00667444,0.0811333,-0.000682678,-0.105456
23.88,1.5,0.00154,12.1602,0.947731,-0.030225,0.00580995,26.7,0,101.341,0.961949,0.0235468,12.1602,0.00154,0.0062757,0.0763138,-0.000465749,-0.106539
23.9,1.5,0.00154,12.1584,0.948391,-0.0340822,0.00582057,26.7,0,101.584,0.967695,0.0236704,12.1584,0.00154,0.00627479,0.0762917,-0.000454216,-0.110374
23.92,1.5,0.00154,12.1785,0.948214,-0.0342639,0.00541754,26.7,0,101.827,0.97347,0.023796,12.1785,0.00154,0.00628517,0.0765442,-0.000867628,-0.110808
23.94,1.5,0.00154,12.1768,0.947022,-0.0309481,0.0052255,26.7,0,102.071,0.979285,0.0239218,12.1768,0.00154,0.00628425,0.0765219,-0.00105875,-0.10747
23.96,1.5,0.00154,12.1957,0.944522,-0.0260041,0.00559925,26.7,0,102.314,0.98513,0.0240476,12.1957,0.00154,0.00629403,0.0767604,-0.000694785,-0.102764
23.98,1.5,0.00154,12.2086,0.939835,-0.0216406,0.00677733,26.7,0,102.559,0.991015,0.0241736,12.2086,0.00154,0.00630069,0.0769228,0.000476639,-0.0985635
24,1.5,0.00154,12.2152,0.932857,-0.0191797,0.00576038,26.7,0,102.803,0.996937,0.0242997,12.2152,0.00154,0.00630407,0.0770053,-0.000543692,-0.0961849
24.02,1.5,0.00154,12.2388,0.925646,-0.0187843,0.00477913,26.7,0,103.047,1.00289,0.0244258,12.2388,0.00154,0.00631626,0.0773034,-0.00153713,-0.0960878
24.04,1.5,0.00154,12.2525,0.921496,-0.0196983,0.00457419,26.7,0,103.292,1.00889,0.0245523,12.2525,0.00154,0.00632334,0.0774767,-0.00174915,-0.0971751
24.06,1.49929,0.00153927,12.2694,0.92245,-0.0203826,0.0042,26.7,0,103.537,1.01493,0.0246788,12.2694,0.00153927,0.0063291,0.0776545,-0.0021291,-0.0980371
24.08,1.4,0.00143733,12.2697,0.927997,-0.0187,0.004,26.7,0,103.783,1.021,0.0248034,12.2697,0.00143733,0.00591008,0.0725151,-0.00191008,-0.0912151
24.1,1.4,0.00143733,12.2889,0.935763,-0.0129999,0.00440222,26.7,0,104.028,1.02711,0.0249196,12.2889,0.00143733,0.0059193,0.0727417,-0.00151709,-0.0857415
24.12,1.4,0.00143733,12.2931,0.942646,-0.00413141,0.0052,26.7,0,104.274,1.03325,0.025038,12.2931,0.00143733,0.00592135,0.0727919,-0.000721348,-0.0769233
24.14,1.4,0.00143733,12.2928,0.945599,0.00388891,0.00544621,26.7,0,104.52,1.03943,0.0251566,12.2928,0.00143733,0.00592117,0.0727876,-0.000474966,-0.0688987
24.16,1.4,0.00143733,12.3028,0.942801,0.00621488,0.0059556,26.7,0,104.766,1.04563,0.0252751,12.3028,0.00143733,0.00592603,0.072907,2.95697e-05,-0.0666921
24.18,1.4,0.00143733,12.3285,0.935007,-4.79312e-06,0.005,26.7,0,105.012,1.05187,0.0253937,12.3285,0.00143733,0.0059384,0.0732119,-0.000938405,-0.0732167
24.2,1.4,0.00143733,12.3501,0.92571,-0.014878,0.00520141,26.7,0,105.259,1.05815,0.0255125,12.3501,0.00143733,0.00594878,0.0734679,-0.000747369,-0.0883458
24.22,1.4,0.00143733,12.3681,0.919452,-0.0355785,0.00538888,26.7,0,105.506,1.06447,0.0256316,12.3681,0.00143733,0.00595745,0.0736824,-0.00056858,-0.109261
24.24,1.4,0.00143733,12.3799,0.919227,-0.0558764,0.00498542,26.7,0,105.754,1.07083,0.0257508,12.3799,0.00143733,0.00596314,0.0738231,-0.000977725,-0.1297
24.26,1.4,0.00143733,12.3898,0.924704,-0.0675542,0.00481574,26.7,0,106.001,1.07722,0.0258702,12.3898,0.00143733,0.00596789,0.0739408,-0.00115215,-0.141495
24.28,1.4,0.00143733,12.4104,0.932386,-0.0641943,0.00522513,26.7,0,106.249,1.08365,0.0259896,12.4104,0.00143733,0.00597785,0.0741878,-0.00075272,-0.138382
24.3,1.4,0.00143733,12.389,0.937734,-0.0448416,0.00600301,26.7,0,106.497,1.09012,0.0261093,12.389,0.00143733,0.00596753,0.0739317,3.54775e-05,-0.118773
24.32,1.4,0.00143733,12.4068,0.937867,-0.0148476,0.0062,26.7,0,106.745,1.09661,0.0262287,12.4068,0.00143733,0.00597609,0.0741441,0.000223909,-0.0889917
24.34,1.4,0.00143733,12.4334,0.932695,0.0163726,0.0059838,26.7,0,106.994,1.10314,0.0263483,12.4334,0.00143733,0.00598892,0.0744627,-5.11707e-06,-0.0580902
24.36,1.4,0.00143733,12.4397,0.924053,0.038762,0.00560685,26.7,0,107.242,1.10971,0.0264682,12.4397,0.00143733,0.00599192,0.0745374,-0.000385069,-0.0357754
24.38,1.3,0.00133466,12.463,0.914519,0.0452061,0.00578886,26.7,0,107.491,1.11631,0.026586,12.463,0.00133466,0.00557437,0.0694734,0.000214489,-0.0242673
24.4,1.3,0.00133466,12.4666,0.906791,0.0344822,0.00421442,26.7,0,107.741,1.12296,0.0266954,12.4666,0.00133466,0.005576,0.069514,-0.00136158,-0.0350318
24.42,1.3,0.00133466,12.475,0.903001,0.0116716,0.00381141,26.7,0,107.99,1.12963,0.026807,12.475,0.00133466,0.00557972,0.0696069,-0.00176831,-0.0579353
24.44,1.3,0.00133466,12.4893,0.90398,-0.0140903,0.00442179,26.7,0,108.24,1.13634,0.0269187,12.4893,0.00133466,0.00558612,0.0697665,-0.00116433,-0.0838568
24.46,1.3,0.00133466,12.4914,0.90891,-0.0331557,0.00500944,26.7,0,108.489,1.14308,0.0270305,12.4914,0.00133466,0.00558706,0.0697901,-0.000577626,-0.102946
24.48,1.3,0.00133466,12.4813,0.915247,-0.0394302,0.0054084,26.7,0,108.739,1.14985,0.0271423,12.4813,0.00133466,0.00558256,0.0696777,-0.000174158,-0.109108
24.5,1.3,0.00133466,12.4725,0.919277,-0.0330914,0.0054,26.7,0,108.989,1.15664,0.0272541,12.4725,0.00133466,0.00557864,0.0695797,-0.000178636,-0.102671
24.52,1.3,0.00133466,12.5309,0.918078,-0.0197051,0.0052,26.7,0,109.239,1.16346,0.0273657,12.5309,0.00133466,0.00560473,0.0702321,-0.000404725,-0.0899371
24.54,1.3,0.00133466,12.5463,0.911753,-0.00694289,0.0054,26.7,0,109.489,1.17034,0.0274779,12.5463,0.00133466,0.00561164,0.0704055,-0.00021164,-0.0773484
24.56,1.3,0.00133466,12.5556,0.903548,-0.0016897,0.00519573,26.7,0,109.74,1.17725,0.0275902,12.5556,0.00133466,0.00561579,0.0705096,-0.000420058,-0.0721993
24.58,1.3,0.00133466,12.5757,0.897727,-0.00767669,0.00397937,26.7,0,109.992,1.1842,0.0277026,12.5757,0.00133466,0.00562477,0.0707353,-0.0016454,-0.078412
24.6,1.3,0.00133466,12.589,0.897112,-0.0234391,0.00337209,26.7,0,110.243,1.19118,0.0278152,12.589,0.00133466,0.00563074,0.0708854,-0.00225865,-0.0943245
24.62,1.3,0.00133466,12.5982,0.901709,-0.0426131,0.00261055,26.7,0,110.495,1.1982,0.0279279,12.5982,0.00133466,0.00563484,0.0709888,-0.00302429,-0.113602
24.64,1.3,0.00133466,12.6017,0.908869,-0.0574738,0.00320926,26.7,0,110.747,1.20526,0.0280406,12.6017,0.00133466,0.00563641,0.0710283,-0.00242714,-0.128502
24.66,1.3,0.00133466,12.595,0.91475,-0.0632938,0.00401591,26.7,0,110.999,1.21234,0.0281535,12.595,0.00133466,0.00563341,0.0709528,-0.0016175,-0.134247
24.68,1.3,0.00133466,12.6093,0.916133,-0.0601191,0.0042,26.7,0,111.251,1.21945,0.0282662,12.6093,0.00133466,0.00563981,0.0711141,-0.00143981,-0.131233
24.7,1.3,0.00133466,12.6388,0.911769,-0.0511107,0.00401849,26.7,0,111.503,1.2266,0.0283791,12.6388,0.00133466,0.00565298,0.0714467,-0.00163449,-0.122557
24.72,1.3,0.00133466,12.6482,0.902996,-0.0399808,0.0046,26.7,0,111.756,1.23379,0.0284922,12.6482,0.00133466,0.00565721,0.0715535,-0.00105721,-0.111534
24.74,1.3,0.00133466,12.6668,0.893425,-0.0296549,0.00454748,26.7,0,112.009,1.24102,0.0286054,12.6668,0.00133466,0.00566552,0.0717638,-0.00111803,-0.101419
24.76,1.3,0.00133466,12.6808,0.887278,-0.0217062,0.00379525,26.7,0,112.263,1.24828,0.0287188,12.6808,0.00133466,0.00567178,0.0719227,-0.00187654,-0.0936289
24.78,1.3,0.00133466,12.6889,0.887025,-0.0160963,0.00380338,26.7,0,112.516,1.25559,0.0288324,12.6889,0.00133466,0.0056754,0.0720146,-0.00187202,-0.0881109
24.8,1.3,0.00133466,12.6907,0.89232,-0.0115972,0.00401596,26.7,0,112.77,1.26292,0.0289459,12.6907,0.00133466,0.0056762,0.0720347,-0.00166023,-0.0836319
24.82,1.3,0.00133466,12.7021,0.900867,-0.00668924,0.0044,26.7,0,113.024,1.27029,0.0290595,12.7021,0.00133466,0.00568131,0.0721646,-0.00128131,-0.0788538
24.84,1.3,0.00133466,12.6839,0.909627,-0.000489283,0.0042,26.7,0,113.278,1.27769,0.0291733,12.6839,0.00133466,0.00567319,0.0719584,-0.00147319,-0.0724477
24.86,1.3,0.00133466,12.7055,0.91553,0.00652013,0.00459825,26.7,0,113.532,1.28511,0.0292868,12.7055,0.00133466,0.00568284,0.0722033,-0.00108459,-0.0656832
24.88,1.3,0.00133466,12.742,0.91635,0.0124669,0.0056,26.7,0,113.786,1.29257,0.0294005,12.742,0.00133466,0.00569916,0.0726188,-9.91637e-05,-0.0601519
24.9,1.3,0.00133466,12.7497,0.911761,0.0149889,0.00541453,26.7,0,114.041,1.30008,0.0295146,12.7497,0.00133466,0.00570259,0.0727061,-0.000288062,-0.0577172
24.92,1.3,0.00133466,12.7664,0.903936,0.0124879,0.00538785,26.7,0,114.296,1.30762,0.0296287,12.7664,0.00133466,0.00571006,0.0728968,-0.000322207,-0.0604089
24.94,1.3,0.00133466,12.79,0.896924,0.00532163,0.00495496,26.7,0,114.552,1.31521,0.029743,12.79,0.00133466,0.00572065,0.0731673,-0.000765682,-0.0678457
24.96,1.3,0.00133466,12.7975,0.894122,-0.00366505,0.00441363,26.7,0,114.807,1.32283,0.0298575,12.7975,0.00133466,0.00572399,0.0732527,-0.00131035,-0.0769178
24.98,1.3,0.00133466,12.8061,0.89562,-0.0103416,0.0048,26.7,0,115.063,1.3305,0.0299721,12.8061,0.00133466,0.00572781,0.0733507,-0.000927811,-0.0836922
25,1.3,0.00133466,12.8249,0.898672,-0.0117597,0.00500199,26.7,0,115.32,1.33819,0.0300867,12.8249,0.00133466,0.00573624,0.0735667,-0.000734247,-0.0853264
25.02,1.3,0.00133466,12.821,0.900432,-0.00769188,0.00541298,26.7,0,115.576,1.34593,0.0302015,12.821,0.00133466,0.00573449,0.073522,-0.000321518,-0.0812138
25.04,1.3,0.00133466,12.842,0.899323,3.70862e-05,0.00578548,26.7,0,115.833,1.35369,0.0303163,12.842,0.00133466,0.00574387,0.0737627,4.16055e-05,-0.0737256
25.06,1.3,0.00133466,12.8534,0.895026,0.00912785,0.00537334,26.7,0,116.09,1.3615,0.0304312,12.8534,0.00133466,0.005749,0.0738943,-0.000375652,-0.0647664
25.08,1.3,0.00133466,12.8724,0.888672,0.0173962,0.00461045,26.7,0,116.347,1.36934,0.0305463,12.8724,0.00133466,0.0057575,0.074113,-0.00114705,-0.0567168
25.1,1.2,0.001232,12.8805,0.882461,0.0227634,0.00499813,26.7,0,116.604,1.37722,0.0306593,12.8805,0.001232,0.00531795,0.0684979,-0.000319817,-0.0457346
25.12,1.2,0.001232,12.8937,0.878449,0.0239307,0.00366638,26.7,0,116.862,1.38514,0.0307635,12.8937,0.001232,0.00532341,0.0686387,-0.00165704,-0.044708
25.14,1.2,0.001232,12.9035,0.877747,0.0212232,0.00382179,26.7,0,117.12,1.39309,0.0308701,12.9035,0.001232,0.00532745,0.068743,-0.00150566,-0.0475198
25.16,1.2,0.001232,12.9138,0.880164,0.0162736,0.0043841,26.7,0,117.378,1.40107,0.0309767,12.9138,0.001232,0.00533167,0.0688519,-0.000947576,-0.0525783
25.18,1.2,0.001232,12.9082,0.884211,0.0106028,0.004,26.7,0,117.636,1.40909,0.0310834,12.9082,0.001232,0.00532938,0.0687926,-0.00132938,-0.0581898
25.2,1.2,0.001232,12.9039,0.888024,0.0046762,0.00378586,26.7,0,117.894,1.41713,0.0311901,12.9039,0.001232,0.00532762,0.0687472,-0.00154176,-0.064071
25.22,1.2,0.001232,12.9541,0.890549,-0.00146694,0.0036,26.7,0,118.153,1.4252,0.0312967,12.9541,0.001232,0.00534835,0.0692832,-0.00174835,-0.0707501
25.24,1.2,0.001232,12.9657,0.891895,-0.00717423,0.004,26.7,0,118.412,1.43333,0.0314037,12.9657,0.001232,0.00535311,0.0694067,-0.00135311,-0.076581
25.26,1.1,0.00112933,12.9816,0.893059,-0.0113425,0.00418612,26.7,0,118.671,1.44149,0.0315086,12.9816,0.00112933,0.00491306,0.0637795,-0.000726936,-0.0751221
25.28,1.1,0.00112933,12.989,0.895399,-0.013246,0.00359214,26.7,0,118.931,1.44969,0.0316047,12.989,0.00112933,0.00491584,0.0638516,-0.0013237,-0.0770976
25.3,1.1,0.00112933,12.9977,0.899528,-0.0128153,0.00277783,26.7,0,119.191,1.45791,0.0317031,12.9977,0.00112933,0.00491912,0.0639371,-0.0021413,-0.0767524
25.32,1.1,0.00112933,13.0054,0.904114,-0.0104963,0.0026,26.7,0,119.451,1.46617,0.0318016,13.0054,0.00112933,0.00492205,0.0640132,-0.00232205,-0.0745095
25.34,1.09286,0.001122,13.029,0.906318,-0.00728679,0.00284285,26.7,0,119.711,1.47446,0.0318999,13.029,0.001122,0.00489896,0.0638285,-0.00205611,-0.0711153
25.36,1,0.00102666,13.0269,0.903964,-0.00485914,0.00379059,26.7,0,119.971,1.48279,0.0319957,13.0269,0.00102666,0.00448198,0.0583863,-0.000691395,-0.0632454
25.38,1,0.00102666,13.0307,0.896999,-0.00521049,0.00299865,26.7,0,120.232,1.49114,0.0320833,13.0307,0.00102666,0.00448328,0.0584201,-0.00148463,-0.0636305
25.4,1,0.00102666,13.0635,0.887073,-0.00999511,0.0028,26.7,0,120.493,1.49952,0.0321731,13.0635,0.00102666,0.00449457,0.0587147,-0.00169457,-0.0687098
25.42,1,0.00102666,13.0808,0.876674,-0.0203638,0.00336911,26.7,0,120.754,1.50794,0.032263,13.0808,0.00102666,0.00450052,0.0588703,-0.00113141,-0.0792341
25.44,0.995842,0.0010224,13.092,0.868697,-0.0369616,0.00358337,26.7,0,121.016,1.5164,0.032353,13.092,0.0010224,0.00448567,0.0587264,-0.000902295,-0.095688
25.46,0.9,0.000923998,13.1019,0.86568,-0.0587639,0.00256026,26.7,0,121.277,1.52489,0.0324405,13.1019,0.000923998,0.00405702,0.0531547,-0.00149676,-0.111919
25.48,0.8,0.000821331,13.1057,0.868295,-0.0812179,0.0016,26.7,0,121.54,1.5334,0.0325173,13.1057,0.000821331,0.00360728,0.0472759,-0.00200728,-0.128494
25.5,0.8,0.000821331,13.1239,0.874153,-0.0967535,0.00143707,26.7,0,121.802,1.54194,0.0325872,13.1239,0.000821331,0.00361229,0.0474073,-0.00217522,-0.144161
25.52,0.704129,0.000722904,13.1005,0.878609,-0.0990659,0.00237522,26.7,0,122.064,1.5505,0.0326573,13.1005,0.000722904,0.00317374,0.0415777,-0.000798514,-0.140644
25.54,0.7,0.000718665,13.1273,0.877865,-0.0873734,0.0032,26.7,0,122.326,1.55907,0.0327186,13.1273,0.000718665,0.00316156,0.0415027,3.84351e-05,-0.128876
25.56,0.7,0.000718665,13.1613,0.871704,-0.0666674,0.0028,26.7,0,122.589,1.56768,0.0327818,13.1613,0.000718665,0.00316975,0.0417179,-0.000369751,-0.108385
25.58,0.69275,0.000711222,13.1643,0.863093,-0.0449849,0.0026,26.7,0,122.852,1.57632,0.0328451,13.1643,0.000711222,0.00313764,0.0413048,-0.000537641,-0.0862897
25.6,0.6,0.000615999,13.1755,0.85594,-0.0303451,0.00259326,26.7,0,123.115,1.58498,0.0329056,13.1755,0.000615999,0.00271986,0.0358355,-0.000126602,-0.0661806
25.62,0.5,0.000513332,13.1942,0.85375,-0.0279395,0.00122322,26.7,0,123.379,1.59366,0.0329556,13.1942,0.000513332,0.00226977,0.0299477,-0.00104655,-0.0578872
25.64,0.5,0.000513332,13.2059,0.858701,-0.037551,0.001,26.7,0,123.643,1.60236,0.0329988,13.2059,0.000513332,0.00227179,0.0300009,-0.00127179,-0.0675519
25.66,0.490249,0.000503321,13.218,0.870446,-0.0528173,0.0010195,26.7,0,123.907,1.61109,0.033044,13.218,0.000503321,0.00222953,0.0294699,-0.00121003,-0.0822872
25.68,0.4,0.000410666,13.2441,0.88564,-0.064743,0.0014,26.6774,0,124.171,1.61984,0.0330864,13.2441,0.000410666,0.00182268,0.0241398,-0.000422683,-0.0888828
25.7,0.30146,0.000309498,13.2307,0.898504,-0.0677209,0.00179416,26.3,0,124.436,1.62861,0.0331186,13.2307,0.000309498,0.00137227,0.0181561,0.000421885,-0.085877
25.72,0.3,0.000307999,13.2521,0.903002,-0.0620791,0.00218871,26.3,0,124.701,1.63738,0.0331437,13.2521,0.000307999,0.00136784,0.0181267,0.000820869,-0.0802059
25.74,0.3,0.000307999,13.276,0.896333,-0.0519827,0.00158624,26.3,0,124.966,1.64617,0.0331711,13.276,0.000307999,0.00137031,0.0181921,0.000215933,-0.0701748
25.76,0.3,0.000307999,13.2777,0.880945,-0.0430017,0.00114658,26.3,0,125.232,1.65499,0.0331985,13.2777,0.000307999,0.00137048,0.0181967,-0.000223898,-0.0611984
25.78,0.2,0.000205333,13.2755,0.863591,-0.0403369,-8.58436e-06,26.3,0,125.497,1.66381,0.0332237,13.2755,0.000205333,0.000913501,0.0121272,-0.000922086,-0.0524641
25.8,0.2,0.000205333,13.2971,0.851716,-0.0464937,-0.000594663,26.3,0,125.763,1.67264,0.0332396,13.2971,0.000205333,0.000914988,0.0121667,-0.00150965,-0.0586603
25.82,0.2,0.000205333,13.2945,0.848742,-0.0596834,-0.000405618,26.3,0,126.029,1.68149,0.033258,13.2945,0.000205333,0.000914813,0.012162,-0.00132043,-0.0718454
25.84,0.2,0.000205333,13.3306,0.852377,-0.0745325,-0.00118848,26.3,0,126.295,1.69033,0.0332763,13.3306,0.000205333,0.000917293,0.012228,-0.00210577,-0.0867605
25.86,0.2,0.000205333,13.3311,0.857202,-0.0847052,-0.000763094,26.3,0,126.561,1.69921,0.0332946,13.3311,0.000205333,0.000917328,0.012229,-0.00168042,-0.0969342
25.88,0.2,0.000205333,13.3424,0.857757,-0.0852232,-0.0002,26.3,0,126.828,1.7081,0.033313,13.3424,0.000205333,0.000918106,0.0122497,-0.00111811,-0.0974729
25.9,0.2,0.000205333,13.3718,0.850482,-0.0737914,-0.0002,26.3,0,127.095,1.71699,0.0333314,13.3718,0.000205333,0.000920133,0.0123039,-0.00112013,-0.0860952
25.92,0.2,0.000205333,13.3615,0.835669,-0.0526671,-0.0002,26.3,0,127.362,1.72591,0.0333498,13.3615,0.000205333,0.000919423,0.0122849,-0.00111942,-0.064952
25.94,0.1,0.000102666,13.3768,0.818251,-0.0293963,-0.000879319,26.3,0,127.629,1.73483,0.0333659,13.3768,0.000102666,0.000460237,0.00615651,-0.00133956,-0.0355528
25.96,0.1,0.000102666,13.403,0.805254,-0.0135724,-0.00259455,26.2,0,127.897,1.74376,0.0333728,13.403,0.000102666,0.00046114,0.00618067,-0.00305569,-0.019753
25.98,0.1,0.000102666,13.4194,0.801511,-0.0120342,-0.00179813,26.1982,0,128.165,1.75271,0.033382,13.4194,0.000102666,0.000461704,0.00619579,-0.00225983,-0.01823
26,0.1,0.000102666,13.4168,0.807171,-0.0263379,-0.00161908,26.1,0,128.433,1.76168,0.0333912,13.4168,0.000102666,0.000461613,0.00619337,-0.00208069,-0.0325313
26.02,0.1,0.000102666,13.4194,0.818037,-0.0527857,-0.0018,26.1,0,128.702,1.77064,0.0334005,13.4194,0.000102666,0.000461702,0.00619574,-0.0022617,-0.0589815
26.04,0.1,0.000102666,13.4436,0.827703,-0.0843769,-0.000988916,26.1,0,128.97,1.77961,0.0334097,13.4436,0.000102666,0.000462537,0.00621819,-0.00145145,-0.0905951
26.06,0.0473,4.85612e-05,13.4671,0.830443,-0.114543,-0.0004,26.1,0,129.239,1.7886,0.0334178,13.4671,4.85612e-05,0.000219162,0.00295148,-0.000619162,-0.117494
26.08,0,0,13.4478,0.824238,-0.140597,-0.00101737,26.1,0,129.508,1.79761,0.0334198,13.4478,0,0,0,-0.00101737,-0.140597
26.1,0,0,13.4861,0.812284,-0.163541,-0.00240045,26.1,0,129.777,1.8066,0.0334187,13.4861,0,0,0,-0.00240045,-0.163541
26.12,0,0,13.4888,0.80075,-0.18409,-0.00259665,26.1,0,130.047,1.81561,0.0334187,13.4888,0,0,0,-0.00259665,-0.18409
26.14,0,0,13.4955,0.794138,-0.199259,-0.0024,26.1,0,130.317,1.82463,0.0334187,13.4955,0,0,0,-0.0024,-0.199259
26.16,0,0,13.4972,0.793276,-0.203186,-0.00242101,26,0,130.587,1.83366,0.0334187,13.4972,0,0,0,-0.00242101,-0.203186
26.18,-0.1,-0.000102666,13.5043,0.796963,-0.19134,-0.00210731,26,0,130.857,1.84268,0.0334164,13.5043,-0.000102666,-0.000464623,-0.0062744,-0.00164269,-0.185065
26.2,-0.1,-0.000102666,13.5197,0.803169,-0.164344,-0.00100682,25.9,0,131.127,1.85171,0.0334048,13.5197,-0.000102666,-0.000465155,-0.00628877,-0.00054167,-0.158055
26.22,-0.1,-0.000102666,13.5297,0.8085,-0.128176,-0.0011893,25.9,0,131.397,1.86074,0.0333955,13.5297,-0.000102666,-0.000465497,-0.00629801,-0.0007238,-0.121878
26.24,-0.1,-0.000102666,13.5342,0.808928,-0.0908124,-0.000794114,25.9,0,131.668,1.86978,0.0333862,13.5342,-0.000102666,-0.000465654,-0.00630227,-0.00032846,-0.0845102
26.26,-0.1,-0.000102666,13.5644,0.802668,-0.0592141,-0.0002,25.9,0,131.939,1.87882,0.0333768,13.5644,-0.000102666,-0.000466692,-0.00633041,0.000266692,-0.0528836
26.28,-0.1,-0.000102666,13.5757,0.792495,-0.0388892,-0.000411541,25.9,0,132.21,1.88788,0.0333675,13.5757,-0.000102666,-0.000467081,-0.00634097,5.55407e-05,-0.0325482
26.3,-0.1,-0.000102666,13.5999,0.784705,-0.0336725,-0.00120564,25.9,0,132.481,1.89694,0.0333582,13.5999,-0.000102666,-0.000467914,-0.00636359,-0.000737723,-0.027309
26.32,-0.1,-0.000102666,13.5946,0.784681,-0.0441426,-0.00254942,25.8042,0,132.753,1.90602,0.0333488,13.5946,-0.000102666,-0.00046773,-0.00635858,-0.00208169,-0.037784
26.34,-0.1,-0.000102666,13.6244,0.792704,-0.0666988,-0.00398624,25.6,0,133.025,1.91509,0.0333394,13.6244,-0.000102666,-0.000468757,-0.00638655,-0.00351748,-0.0603122
26.36,-0.1,-0.000102666,13.6096,0.803748,-0.0942864,-0.00298378,25.6,0,133.298,1.92417,0.0333301,13.6096,-0.000102666,-0.000468246,-0.00637263,-0.00251554,-0.0879138
26.38,-0.1,-0.000102666,13.6391,0.810655,-0.117961,-0.00257904,25.6,0,133.57,1.93325,0.0333207,13.6391,-0.000102666,-0.000469261,-0.00640029,-0.00210978,-0.111561
26.4,-0.1,-0.000102666,13.65,0.808214,-0.129646,-0.00160091,25.6,0,133.843,1.94234,0.0333113,13.65,-0.000102666,-0.000469637,-0.00641053,-0.00113127,-0.123235
26.42,-0.1,-0.000102666,13.6636,0.796782,-0.125358,-0.00120771,25.6,0,134.116,1.95144,0.0333019,13.6636,-0.000102666,-0.000470105,-0.00642332,-0.00073761,-0.118935
26.44,-0.1,-0.000102666,13.696,0.782659,-0.106002,-0.0014,25.6,0,134.389,1.96054,0.0332925,13.696,-0.000102666,-0.000471221,-0.00645386,-0.000928779,-0.099548
26.46,-0.1,-0.000102666,13.7314,0.773385,-0.0753987,-0.0012,25.6,0,134.663,1.96966,0.0332831,13.7314,-0.000102666,-0.000472438,-0.00648724,-0.000727562,-0.0689115
26.48,-0.1,-0.000102666,13.7472,0.771727,-0.0385191,-0.00162651,25.5934,0,134.938,1.9788,0.0332736,13.7472,-0.000102666,-0.000472982,-0.00650219,-0.00115353,-0.0320169
26.5,-0.1,-0.000102666,13.7474,0.773627,-0.00120292,-0.00198822,25.3941,0,135.213,1.98796,0.0332641,13.7474,-0.000102666,-0.000472988,-0.00650234,-0.00151523,0.00529942
26.52,-0.1,-0.000102666,13.7582,0.771345,0.0300673,-0.00120977,25.1024,0,135.488,1.9971,0.0332547,13.7582,-0.000102666,-0.00047336,-0.00651257,-0.000736413,0.0365799
26.54,-0.1,-0.000102666,13.7939,0.758983,0.0492705,-0.000421507,24.8893,0,135.763,2.00626,0.0332452,13.7939,-0.000102666,-0.000474589,-0.00654645,5.30818e-05,0.055817
26.56,-0.1,-0.000102666,13.7375,0.736109,0.052762,-0.000959402,24.8,0,136.039,2.01543,0.0332357,13.7375,-0.000102666,-0.000472648,-0.00649301,-0.000486754,0.059255
26.58,-0.1,-0.000102666,13.7526,0.707528,0.0415878,-0.000849302,24.8,0,136.313,2.02456,0.0332262,13.7526,-0.000102666,-0.000473168,-0.0065073,-0.000376134,0.0480951
26.6,-0.1,-0.000102666,13.7584,0.680599,0.0218986,-0.00160266,24.8,0,136.588,2.0337,0.0332168,13.7584,-0.000102666,-0.000473367,-0.00651279,-0.0011293,0.0284113
26.62,-0.1,-0.000102666,13.7759,0.661852,0.00169868,-0.00237559,24.8,0,136.864,2.04285,0.0332073,13.7759,-0.000102666,-0.000473968,-0.00652933,-0.00190163,0.00822801
26.64,-0.1,-0.000102666,13.7835,0.654253,-0.0131906,-0.0028077,24.8,0,137.139,2.052,0.0331978,13.7835,-0.000102666,-0.000474232,-0.0065366,-0.00233347,-0.006654
26.66,-0.1,-0.000102666,13.7942,0.656386,-0.0205635,-0.0028,24.8,0,137.415,2.06115,0.0331883,13.7942,-0.000102666,-0.000474599,-0.00654671,-0.0023254,-0.0140168
26.68,-0.1,-0.000102666,13.7861,0.663557,-0.0211348,-0.00319876,24.8,0,137.691,2.07031,0.0331788,13.7861,-0.000102666,-0.000474321,-0.00653906,-0.00272444,-0.0145957
26.7,-0.1,-0.000102666,13.8118,0.67,-0.0171484,-0.00259127,24.8,0,137.966,2.07946,0.0331693,13.8118,-0.000102666,-0.000475205,-0.00656346,-0.00211607,-0.0105849
26.72,-0.1,-0.000102666,13.8268,0.671633,-0.0111091,-0.00220186,24.8,0,138.242,2.08862,0.0331598,13.8268,-0.000102666,-0.00047572,-0.00657768,-0.00172614,-0.00453141
26.74,-0.1,-0.000102666,13.8266,0.668111,-0.00530243,-0.00262489,24.8,0,138.519,2.09779,0.0331503,13.8266,-0.000102666,-0.000475714,-0.00657753,-0.00214918,0.00127509
26.76,-0.1,-0.000102666,13.85,0.662424,-0.00146681,-0.00259191,24.8,0,138.796,2.10696,0.0331408,13.85,-0.000102666,-0.000476518,-0.00659978,-0.0021154,0.00513296
26.78,-0.1,-0.000102666,13.85,0.658488,8.29067e-05,-0.00240118,24.8,0,139.072,2.11614,0.0331313,13.85,-0.000102666,-0.000476518,-0.00659978,-0.00192466,0.00668269
26.8,-0.1,-0.000102666,13.8528,0.658945,0.000693626,-0.00279853,24.8,0,139.349,2.12532,0.0331217,13.8528,-0.000102666,-0.000476613,-0.00660241,-0.00232192,0.00729604
26.82,-0.1,-0.000102666,13.8742,0.663712,0.00194262,-0.0028,24.8,0,139.627,2.1345,0.0331122,13.8742,-0.000102666,-0.000477349,-0.00662281,-0.00232265,0.00856543
26.84,-0.1,-0.000102666,13.8781,0.669196,0.00388243,-0.0028,24.8,0,139.904,2.14369,0.0331026,13.8781,-0.000102666,-0.000477486,-0.00662662,-0.00232251,0.010509
26.86,-0.1,-0.000102666,13.8946,0.669865,0.00491242,-0.00301051,24.8,0,140.182,2.15288,0.0330931,13.8946,-0.000102666,-0.000478052,-0.00664234,-0.00253245,0.0115548
26.88,-0.1,-0.000102666,13.9001,0.662265,0.00336158,-0.00318904,24.8,0,140.459,2.16207,0.0330835,13.9001,-0.000102666,-0.000478243,-0.00664764,-0.0027108,0.0100092
26.9,-0.1,-0.000102666,13.9104,0.647764,-0.000851672,-0.0028,24.8,0,140.737,2.17127,0.033074,13.9104,-0.000102666,-0.000478597,-0.00665748,-0.0023214,0.00580581
26.92,-0.1,-0.000102666,13.9268,0.631464,-0.00601793,-0.00318531,24.8,0,141.016,2.18048,0.0330644,13.9268,-0.000102666,-0.000479159,-0.00667314,-0.00270616,0.000655214
26.94,-0.1,-0.000102666,13.9244,0.618811,-0.00981787,-0.00354969,24.8,0,141.294,2.18969,0.0330548,13.9244,-0.000102666,-0.000479079,-0.00667091,-0.00307061,-0.00314695
26.96,-0.1,-0.000102666,13.9181,0.612393,-0.0105229,-0.00302762,24.8,0,141.573,2.19889,0.0330452,13.9181,-0.000102666,-0.00047886,-0.00666481,-0.00254876,-0.00385804
26.98,-0.1,-0.000102666,13.9472,0.610756,-0.00740908,-0.004,24.8,0,141.851,2.20809,0.0330356,13.9472,-0.000102666,-0.000479863,-0.00669276,-0.00352014,-0.000716323
27,-0.1,-0.000102666,13.9477,0.609993,-0.000879109,-0.00358202,24.8,0,142.13,2.21731,0.033026,13.9477,-0.000102666,-0.00047988,-0.00669322,-0.00310214,0.00581411
27.02,-0.1,-0.000102666,13.958,0.606761,0.00722532,-0.0034,24.8,0,142.409,2.22652,0.0330164,13.958,-0.000102666,-0.000480234,-0.0067031,-0.00291977,0.0139284
27.04,-0.1,-0.000102666,13.9669,0.600443,0.0138241,-0.0034,24.8,0,142.688,2.23574,0.0330068,13.9669,-0.000102666,-0.000480541,-0.00671169,-0.00291946,0.0205358
27.06,-0.1,-0.000102666,13.9784,0.592913,0.0161716,-0.00363487,24.8,0,142.967,2.24496,0.0329972,13.9784,-0.000102666,-0.000480935,-0.0067227,-0.00315393,0.0228943
27.08,-0.1,-0.000102666,13.9917,0.586531,0.0137932,-0.00401634,24.8,0,143.247,2.25419,0.0329876,13.9917,-0.000102666,-0.000481394,-0.00673553,-0.00353494,0.0205288
27.1,-0.1,-0.000102666,13.9944,0.582584,0.00880338,-0.005,24.8,0,143.526,2.26342,0.0329779,13.9944,-0.000102666,-0.000481487,-0.00673813,-0.00451851,0.0155415
27.12,-0.1,-0.000102666,13.9808,0.581178,0.00434839,-0.00442293,24.8,0,143.806,2.27265,0.0329683,13.9808,-0.000102666,-0.00048102,-0.00672507,-0.00394191,0.0110735
27.14,-0.1,-0.000102666,13.9841,0.581739,0.00250753,-0.004,24.8,0,144.086,2.28187,0.0329587,13.9841,-0.000102666,-0.000481132,-0.0067282,-0.00351887,0.00923573
27.16,-0.1,-0.000102666,13.9968,0.58331,0.00302428,-0.00358012,24.8,0,144.366,2.29109,0.0329491,13.9968,-0.000102666,-0.000481569,-0.00674043,-0.00309855,0.00976471
27.18,-0.1,-0.000102666,14.036,0.58475,0.00374561,-0.003,24.8,0,144.645,2.30031,0.0329394,14.036,-0.000102666,-0.000482918,-0.00677826,-0.00251708,0.0105239
27.2,-0.1,-0.000102666,14.0346,0.585361,0.00250338,-0.00301705,24.8,0,144.926,2.30956,0.0329298,14.0346,-0.000102666,-0.000482869,-0.00677686,-0.00253418,0.00928024
27.22,-0.1,-0.000102666,14.063,0.58566,-0.00112496,-0.00357709,24.8,0,145.207,2.3188,0.0329201,14.063,-0.000102666,-0.000483846,-0.00680431,-0.00309324,0.00567935
27.24,-0.1,-0.000102666,14.0778,0.587159,-0.00563033,-0.0031872,24.8,0,145.488,2.32806,0.0329104,14.0778,-0.000102666,-0.000484355,-0.00681864,-0.00270285,0.00118831
27.26,-0.1,-0.000102666,14.078,0.591199,-0.00883224,-0.0032172,24.8,0,145.77,2.33733,0.0329007,14.078,-0.000102666,-0.000484363,-0.00681887,-0.00273284,-0.00201336
27.28,-0.1,-0.000102666,14.0832,0.597811,-0.00919037,-0.0034,24.8,0,146.051,2.3466,0.032891,14.0832,-0.000102666,-0.000484541,-0.00682389,-0.00291546,-0.00236648
27.3,-0.1,-0.000102666,14.0778,0.605033,-0.00631761,-0.00320193,24.8,0,146.333,2.35586,0.0328813,14.0778,-0.000102666,-0.000484356,-0.00681867,-0.00271758,0.000501061
27.32,-0.1,-0.000102666,14.0778,0.609127,-0.000932415,-0.00260807,24.8,0,146.614,2.36512,0.0328716,14.0778,-0.000102666,-0.000484355,-0.00681864,-0.00212371,0.00588623
27.34,0,0,14.1203,0.606591,0.00549329,-0.0032,24.8,0,146.896,2.37438,0.0328644,14.1203,0,0,0,-0.0032,0.00549329
27.36,0,0,14.1167,0.597186,0.0110769,-0.00322851,24.8,0,147.178,2.38366,0.0328668,14.1167,0,0,0,-0.00322851,0.0110769
27.38,0,0,14.117,0.585038,0.0137195,-0.0038,24.8,0,147.46,2.39294,0.0328668,14.117,0,0,0,-0.0038,0.0137195
27.4,0,0,14.1361,0.576133,0.0120734,-0.0038,24.8,0,147.743,2.40222,0.0328668,14.1361,0,0,0,-0.0038,0.0120734
27.42,0,0,14.1361,0.574353,0.00709626,-0.0038,24.8,0,148.025,2.41152,0.0328668,14.1361,0,0,0,-0.0038,0.00709626
27.44,0,0,14.1517,0.579139,0.00196586,-0.004,24.8,0,148.308,2.42081,0.0328668,14.1517,0,0,0,-0.004,0.00196586
27.46,0,0,14.1448,0.585959,-6.24948e-05,-0.00333592,24.8,0,148.591,2.43012,0.0328668,14.1448,0,0,0,-0.00333592,-6.24948e-05
27.48,0,0,14.1532,0.58943,0.00230332,-0.0024,24.8,0,148.874,2.43942,0.0328668,14.1532,0,0,0,-0.0024,0.00230332
27.5,0,0,14.1698,0.587214,0.00771488,-0.0026,24.8,0,149.157,2.44872,0.0328668,14.1698,0,0,0,-0.0026,0.00771488
27.52,0,0,14.1963,0.581219,0.0128726,-0.0026,24.8,0,149.44,2.45804,0.0328668,14.1963,0,0,0,-0.0026,0.0128726
27.54,0,0,14.2058,0.575258,0.0145646,-0.00261148,24.8,0,149.724,2.46737,0.0328668,14.2058,0,0,0,-0.00261148,0.0145646
27.56,0,0,14.2139,0.572144,0.0118964,-0.0032,24.8,0,150.008,2.47671,0.0328668,14.2139,0,0,0,-0.0032,0.0118964
27.58,0.00376536,3.86576e-06,14.2141,0.572585,0.00679701,-0.0032,24.8,0,150.293,2.48606,0.0328669,14.2141,3.86576e-06,1.84143e-05,0.000261742,-0.00321841,0.00653527
27.6,0.1,0.000102666,14.225,0.575477,0.00256049,-0.00339942,24.8,0,150.577,2.4954,0.0328697,14.225,0.000102666,0.00048942,0.00696199,-0.00388884,-0.00440149
27.62,0.1,0.000102666,14.1999,0.578716,0.00176039,-0.00339357,24.8,0,150.861,2.50476,0.0328819,14.1999,0.000102666,0.000488557,0.00693746,-0.00388212,-0.00517707
27.64,0.1,0.000102666,14.2318,0.580031,0.00468098,-0.00255418,24.8,0,151.145,2.5141,0.0328916,14.2318,0.000102666,0.000489655,0.00696869,-0.00304384,-0.00228771
27.66,0.1,0.000102666,14.2532,0.577568,0.00890074,-0.00179119,25.2,0,151.43,2.52347,0.0329014,14.2532,0.000102666,0.000490391,0.00698964,-0.00228158,0.0019111
27.68,0.1,0.000102666,14.2722,0.570766,0.010561,-0.00180296,25.2007,0,151.715,2.53285,0.0329112,14.2722,0.000102666,0.000491046,0.00700832,-0.002294,0.00355264
27.7,0.1,0.000102666,14.2778,0.561551,0.00682326,-0.002604,25.3,0,152,2.54225,0.0329211,14.2778,0.000102666,0.000491238,0.00701381,-0.00309524,-0.000190543
27.72,0.1,0.000102666,14.3049,0.554081,-0.00230241,-0.00398276,25.3,0,152.286,2.55165,0.0329309,14.3049,0.000102666,0.000492169,0.00704042,-0.00447493,-0.00934282
27.74,0.1,0.000102666,14.3047,0.55228,-0.0137,-0.00440988,25.3,0,152.572,2.56108,0.0329407,14.3047,0.000102666,0.000492163,0.00704027,-0.00490204,-0.0207403
27.76,0.1,0.000102666,14.307,0.557245,-0.0225338,-0.00498496,25.3,0,152.858,2.5705,0.0329506,14.307,0.000102666,0.00049224,0.00704247,-0.0054772,-0.0295763
27.78,0.1,0.000102666,14.2894,0.566637,-0.025321,-0.00418436,25.3,0,153.144,2.57994,0.0329604,14.2894,0.000102666,0.000491635,0.00702514,-0.00467599,-0.0323462
27.8,0.1,0.000102666,14.3139,0.57604,-0.0224554,-0.00299669,25.3,0,153.43,2.58936,0.0329703,14.3139,0.000102666,0.00049248,0.00704931,-0.00348917,-0.0295047
27.82,0.1,0.000102666,14.322,0.581401,-0.0173547,-0.00221919,25.3,0,153.716,2.5988,0.0329801,14.322,0.000102666,0.000492758,0.00705728,-0.00271195,-0.024412
27.84,0.1,0.000102666,14.3466,0.581577,-0.0133614,-0.00241268,25.4,0,154.002,2.60825,0.03299,14.3466,0.000102666,0.000493603,0.0070815,-0.00290628,-0.0204429
27.86,0.1,0.000102666,14.3559,0.579108,-0.0117192,-0.00278136,25.4,0,154.289,2.61772,0.0329999,14.3559,0.000102666,0.000493925,0.00709076,-0.00327529,-0.01881
27.88,0.1,0.000102666,14.3641,0.578112,-0.0118496,-0.0028,25.4,0,154.576,2.6272,0.0330097,14.3641,0.000102666,0.000494206,0.00709882,-0.00329421,-0.0189484
27.9,0.1,0.000102666,14.3718,0.580869,-0.0126663,-0.00297959,25.4,0,154.864,2.63669,0.0330196,14.3718,0.000102666,0.000494469,0.00710639,-0.00347406,-0.0197727
27.92,0.1,0.000102666,14.381,0.586181,-0.0133964,-0.00221845,25.4,0,155.151,2.64618,0.0330295,14.381,0.000102666,0.000494787,0.00711553,-0.00271323,-0.020512
27.94,0.1,0.000102666,14.3987,0.590836,-0.0136864,-0.00141289,25.5,0,155.439,2.65568,0.0330394,14.3987,0.000102666,0.000495397,0.00713308,-0.00190829,-0.0208195
27.96,0.1,0.000102666,14.4163,0.592426,-0.0135043,-0.0018,25.51,0,155.726,2.6652,0.0330493,14.4163,0.000102666,0.000496001,0.00715048,-0.002296,-0.0206548
27.98,0.1,0.000102666,14.4084,0.590768,-0.0130913,-0.0018,25.6,0,156.015,2.67473,0.0330593,14.4084,0.000102666,0.000495731,0.00714269,-0.00229573,-0.020234
28,0.1,0.000102666,14.4198,0.587613,-0.0129729,-0.00183066,25.7,0,156.303,2.68426,0.0330692,14.4198,0.000102666,0.000496124,0.00715402,-0.00232678,-0.0201269
28.02,0.1,0.000102666,14.4385,0.585842,-0.0137873,-0.0036286,25.7,0,156.591,2.6938,0.0330791,14.4385,0.000102666,0.000496765,0.00717254,-0.00412537,-0.0209599
28.04,0.1,0.000102666,14.4282,0.588018,-0.0154746,-0.00378881,25.7,0,156.88,2.70336,0.0330891,14.4282,0.000102666,0.000496413,0.00716237,-0.00428522,-0.0226369
28.06,0.1,0.000102666,14.444,0.594557,-0.0164011,-0.00336659,25.7,0,157.168,2.71291,0.033099,14.444,0.000102666,0.000496954,0.007178,-0.00386355,-0.0235791
28.08,0.1,0.000102666,14.4336,0.603381,-0.0140346,-0.0026,25.7,0,157.457,2.72248,0.0331089,14.4336,0.000102666,0.000496597,0.00716767,-0.0030966,-0.0212022
28.1,0.1,0.000102666,14.4447,0.611084,-0.0069107,-0.0022,25.7,0,157.746,2.73204,0.0331189,14.4447,0.000102666,0.000496978,0.00717867,-0.00269698,-0.0140894
28.12,0.1,0.000102666,14.4719,0.614403,0.0041281,-0.0022,25.7,0,158.035,2.74161,0.0331288,14.4719,0.000102666,0.000497915,0.00720578,-0.00269792,-0.00307768
28.14,0.1,0.000102666,14.4869,0.612067,0.0157537,-0.00218091,25.7,0,158.324,2.7512,0.0331388,14.4869,0.000102666,0.000498432,0.00722073,-0.00267934,0.00853299
28.16,0.1,0.000102666,14.5048,0.606161,0.0226585,-0.00224246,25.8,0,158.614,2.76081,0.0331487,14.5048,0.000102666,0.000499048,0.00723862,-0.00274151,0.0154198
28.18,0.0476387,4.89089e-05,14.5167,0.601044,0.0198913,-0.00303519,25.8,0,158.904,2.77043,0.0331574,14.5167,4.89089e-05,0.000237934,0.00345402,-0.00327312,0.0164373
28.2,0,0,14.5056,0.600523,0.00645651,-0.00300142,25.8,0,159.194,2.78006,0.0331597,14.5056,0,0,0,-0.00300142,0.00645651
28.22,0,0,14.5329,0.605786,-0.0135426,-0.0024,25.9,0,159.484,2.78968,0.0331585,14.5329,0,0,0,-0.0024,-0.0135426
28.24,0,0,14.542,0.615261,-0.0336588,-0.0024,25.9,0,159.775,2.79932,0.0331585,14.542,0,0,0,-0.0024,-0.0336588
28.26,0,0,14.5659,0.625789,-0.0486491,-0.00237919,25.9,0,160.066,2.80897,0.0331585,14.5659,0,0,0,-0.00237919,-0.0486491
28.28,0,0,14.575,0.634125,-0.0561064,-0.002,25.9,0,160.357,2.81863,0.0331585,14.575,0,0,0,-0.002,-0.0561064
28.3,0,0,14.5786,0.638261,-0.0562829,-0.00223101,25.9,0,160.649,2.8283,0.0331585,14.5786,0,0,0,-0.00223101,-0.0562829
28.32,0,0,14.5999,0.638228,-0.0509084,-0.00360658,25.9,0,160.94,2.83797,0.0331585,14.5999,0,0,0,-0.00360658,-0.0509084
28.34,0,0,14.5973,0.636109,-0.0420364,-0.00358228,25.9,0,161.232,2.84765,0.0331585,14.5973,0,0,0,-0.00358228,-0.0420364
28.36,0,0,14.6035,0.635065,-0.0318416,-0.00342188,25.9,0,161.524,2.85733,0.0331585,14.6035,0,0,0,-0.00342188,-0.0318416
28.38,0,0,14.616,0.63748,-0.0227836,-0.00336474,25.9,0,161.816,2.86702,0.0331585,14.616,0,0,0,-0.00336474,-0.0227836
28.4,0,0,14.6016,0.643226,-0.0172204,-0.0026,25.9,0,162.108,2.87672,0.0331585,14.6016,0,0,0,-0.0026,-0.0172204
28.42,0,0,14.6546,0.649484,-0.0169078,-0.0026,25.9,0,162.4,2.8864,0.0331585,14.6546,0,0,0,-0.0026,-0.0169078
28.44,0,0,14.6533,0.652704,-0.0229203,-0.0026,25.9,0,162.693,2.89612,0.0331585,14.6533,0,0,0,-0.0026,-0.0229203
28.46,0,0,14.6694,0.651459,-0.0354382,-0.0026205,25.9,0,162.986,2.90584,0.0331585,14.6694,0,0,0,-0.0026205,-0.0354382
28.48,0,0,14.6698,0.647644,-0.0528801,-0.003,25.9,0,163.28,2.91557,0.0331585,14.6698,0,0,0,-0.003,-0.0528801
28.5,0,0,14.6806,0.644693,-0.0710583,-0.00279839,25.9,0,163.573,2.92531,0.0331585,14.6806,0,0,0,-0.00279839,-0.0710583
28.52,0,0,14.705,0.644496,-0.0838602,-0.00237538,25.9,0,163.867,2.93504,0.0331585,14.705,0,0,0,-0.00237538,-0.0838602
28.54,0,0,14.6891,0.645937,-0.0862456,-0.00158182,25.9,0,164.161,2.9448,0.0331585,14.6891,0,0,0,-0.00158182,-0.0862456
28.56,0,0,14.6987,0.6461,-0.0777534,-0.00118583,25.9,0,164.454,2.95454,0.0331585,14.6987,0,0,0,-0.00118583,-0.0777534
28.58,0,0,14.7391,0.642788,-0.0630788,-0.000809746,25.9,0,164.748,2.96429,0.0331585,14.7391,0,0,0,-0.000809746,-0.0630788
28.6,0,0,14.756,0.636388,-0.0491833,-0.0014,25.9,0,165.043,2.97407,0.0331585,14.756,0,0,0,-0.0014,-0.0491833
28.62,0,0,14.7713,0.629604,-0.041918,-0.00140269,26,0,165.338,2.98386,0.0331585,14.7713,0,0,0,-0.00140269,-0.041918
28.64,0,0,14.7793,0.625443,-0.0439844,-0.00242292,26,0,165.634,2.99366,0.0331585,14.7793,0,0,0,-0.00242292,-0.0439844
28.66,0,0,14.7816,0.625454,-0.0538777,-0.0028,26,0,165.929,3.00346,0.0331585,14.7816,0,0,0,-0.0028,-0.0538777
28.68,0,0,14.7944,0.629172,-0.0660624,-0.0026,26,0,166.225,3.01326,0.0331585,14.7944,0,0,0,-0.0026,-0.0660624
28.7,0,0,14.7903,0.634157,-0.0734229,-0.00238279,26,0,166.521,3.02308,0.0331585,14.7903,0,0,0,-0.00238279,-0.0734229
28.72,0,0,14.8342,0.636717,-0.0713452,-0.00203758,26,0,166.816,3.03289,0.0331585,14.8342,0,0,0,-0.00203758,-0.0713452
28.74,0,0,14.8254,0.634058,-0.0604347,-0.00259112,26,0,167.113,3.04273,0.0331585,14.8254,0,0,0,-0.00259112,-0.0604347
28.76,0,0,14.8444,0.626742,-0.0457797,-0.0022,26,0,167.41,3.05256,0.0331585,14.8444,0,0,0,-0.0022,-0.0457797
28.78,0,0,14.8446,0.618841,-0.0337293,-0.00260661,26,0,167.706,3.06241,0.0331585,14.8446,0,0,0,-0.00260661,-0.0337293
28.8,0,0,14.8528,0.615153,-0.0283082,-0.0028,26,0,168.003,3.07226,0.0331585,14.8528,0,0,0,-0.0028,-0.0283082
28.82,0,0,14.8797,0.61778,-0.0292054,-0.00317791,26,0,168.3,3.08211,0.0331585,14.8797,0,0,0,-0.00317791,-0.0292054
28.84,0,0,14.8726,0.624756,-0.0328804,-0.00258934,26,0,168.598,3.09198,0.0331585,14.8726,0,0,0,-0.00258934,-0.0328804
28.86,0,0,14.8868,0.631584,-0.0362412,-0.0024,26.0073,0,168.895,3.10184,0.0331585,14.8868,0,0,0,-0.0024,-0.0362412
28.88,0,0,14.9059,0.634285,-0.0396678,-0.0022,26.1037,0,169.193,3.11172,0.0331585,14.9059,0,0,0,-0.0022,-0.0396678
28.9,0,0,14.924,0.631978,-0.0464616,-0.0022,26.2,0,169.491,3.12161,0.0331585,14.924,0,0,0,-0.0022,-0.0464616
28.92,0,0,14.9467,0.627548,-0.0594191,-0.0024,26.2,0,169.789,3.13151,0.0331585,14.9467,0,0,0,-0.0024,-0.0594191
28.94,0,0,14.9598,0.625774,-0.0779418,-0.00281084,26.2,0,170.088,3.14142,0.0331585,14.9598,0,0,0,-0.00281084,-0.0779418
28.96,0,0,14.9601,0.630021,-0.098055,-0.00303072,26.2,0,170.387,3.15134,0.0331585,14.9601,0,0,0,-0.00303072,-0.098055
28.98,0,0,14.9583,0.639843,-0.114971,-0.003392,26.2,0,170.687,3.16127,0.0331585,14.9583,0,0,0,-0.003392,-0.114971
29,0,0,14.9603,0.651166,-0.125714,-0.00344284,26.2,0,170.986,3.17119,0.0331585,14.9603,0,0,0,-0.00344284,-0.125714
29.02,0,0,14.9962,0.659037,-0.129569,-0.00418012,26.2,0,171.285,3.18111,0.0331585,14.9962,0,0,0,-0.00418012,-0.129569
29.04,0,0,15.009,0.661259,-0.127171,-0.00357748,26.3,0,171.585,3.19106,0.0331585,15.009,0,0,0,-0.00357748,-0.127171
29.06,0,0,15.0314,0.659964,-0.120147,-0.00296623,26.3,0,171.885,3.20102,0.0331585,15.0314,0,0,0,-0.00296623,-0.120147
29.08,0,0,15.0498,0.659346,-0.110764,-0.00260918,26.3,0,172.186,3.21099,0.0331585,15.0498,0,0,0,-0.00260918,-0.110764
29.1,0,0,15.0417,0.661864,-0.100401,-0.0032003,26.3,0,172.487,3.22097,0.0331585,15.0417,0,0,0,-0.0032003,-0.100401
29.12,0,0,15.0716,0.666711,-0.0886458,-0.00301473,26.3,0,172.787,3.23095,0.0331585,15.0716,0,0,0,-0.00301473,-0.0886458
29.14,0,0,15.0348,0.671063,-0.0754641,-0.00218781,26.3,0,173.089,3.24095,0.0331585,15.0348,0,0,0,-0.00218781,-0.0754641
29.16,0,0,15.0807,0.672174,-0.06418,-0.0018,26.3,0,173.389,3.25092,0.0331585,15.0807,0,0,0,-0.0018,-0.06418
29.18,0,0,15.084,0.668935,-0.0608252,-0.00181357,26.3,0,173.691,3.26092,0.0331585,15.084,0,0,0,-0.00181357,-0.0608252
29.2,0,0,15.1032,0.662501,-0.0701557,-0.00240942,26.3,0,173.993,3.27093,0.0331585,15.1032,0,0,0,-0.00240942,-0.0701557
29.22,0,0,15.1203,0.655751,-0.0916649,-0.0026,26.3,0,174.295,3.28095,0.0331585,15.1203,0,0,0,-0.0026,-0.0916649
29.24,0,0,15.1369,0.651433,-0.118165,-0.0026,26.3,0,174.597,3.29098,0.0331585,15.1369,0,0,0,-0.0026,-0.118165
29.26,0,0,15.1516,0.650276,-0.138661,-0.003,26.3,0,174.9,3.30102,0.0331585,15.1516,0,0,0,-0.003,-0.138661
29.28,0,0,15.1336,0.650799,-0.144186,-0.0028,26.3,0,175.203,3.31107,0.0331585,15.1336,0,0,0,-0.0028,-0.144186
29.3,0,0,15.141,0.650624,-0.132118,-0.0026,26.3,0,175.505,3.32111,0.0331585,15.141,0,0,0,-0.0026,-0.132118
29.32,0,0,15.2038,0.648116,-0.106549,-0.00258241,26.3,0,175.808,3.33115,0.0331585,15.2038,0,0,0,-0.00258241,-0.106549
29.34,0,0,15.2112,0.643698,-0.0760714,-0.0022,26.3,0,176.112,3.34124,0.0331585,15.2112,0,0,0,-0.0022,-0.0760714
29.36,0,0,15.2146,0.640021,-0.0505234,-0.00263289,26.3,0,176.416,3.35133,0.0331585,15.2146,0,0,0,-0.00263289,-0.0505234
29.38,0,0,15.2416,0.640535,-0.0369847,-0.0035786,26.3,0,176.721,3.36142,0.0331585,15.2416,0,0,0,-0.0035786,-0.0369847
29.4,0,0,15.2389,0.647119,-0.0368126,-0.00241202,26.3,0,177.025,3.37153,0.0331585,15.2389,0,0,0,-0.00241202,-0.0368126
29.42,0,0,15.2231,0.658124,-0.0461403,-0.0018,26.3,0,177.33,3.38164,0.0331585,15.2231,0,0,0,-0.0018,-0.0461403
29.44,0,0,15.2658,0.668579,-0.0590313,-0.0022,26.3,0,177.635,3.39174,0.0331585,15.2658,0,0,0,-0.0022,-0.0590313
29.46,0,0,15.2863,0.673168,-0.0708109,-0.00239393,26.3,0,177.94,3.40186,0.0331585,15.2863,0,0,0,-0.00239393,-0.0708109
29.48,0,0,15.2973,0.669641,-0.0802199,-0.00180223,26.3,0,178.246,3.412,0.0331585,15.2973,0,0,0,-0.00180223,-0.0802199
29.5,0,0,15.3183,0.659853,-0.0892793,-0.0022,26.3,0,178.551,3.42215,0.0331585,15.3183,0,0,0,-0.0022,-0.0892793
29.52,0,0,15.3395,0.648416,-0.100406,-0.00220202,26.3,0,178.858,3.43231,0.0331585,15.3395,0,0,0,-0.00220202,-0.100406
29.54,0,0,15.3319,0.640321,-0.11273,-0.0024,26.3,0,179.165,3.44249,0.0331585,15.3319,0,0,0,-0.0024,-0.11273
29.56,0,0,15.3556,0.638474,-0.121429,-0.00240218,26.3,0,179.471,3.45266,0.0331585,15.3556,0,0,0,-0.00240218,-0.121429
29.58,0,0,15.3601,0.642263,-0.12158,-0.0026,26.3,0,179.778,3.46284,0.0331585,15.3601,0,0,0,-0.0026,-0.12158
29.6,0,0,15.3999,0.648046,-0.112459,-0.00261223,26.3,0,180.085,3.47303,0.0331585,15.3999,0,0,0,-0.00261223,-0.112459
29.62,0,0,15.4088,0.651557,-0.097874,-0.00343406,26.3,0,180.393,3.48324,0.0331585,15.4088,0,0,0,-0.00343406,-0.097874
29.64,0,0,15.425,0.650876,-0.0832247,-0.0038,26.3,0,180.701,3.49347,0.0331585,15.425,0,0,0,-0.0038,-0.0832247
29.66,0,0,15.4303,0.647609,-0.0721623,-0.004,26.3,0,181.01,3.5037,0.0331585,15.4303,0,0,0,-0.004,-0.0721623
29.68,0,0,15.4196,0.645047,-0.064797,-0.00399565,26.3,0,181.319,3.51393,0.0331585,15.4196,0,0,0,-0.00399565,-0.064797
29.7,0,0,15.4472,0.644995,-0.0588443,-0.0029992,26.3,0,181.627,3.52416,0.0331585,15.4472,0,0,0,-0.0029992,-0.0588443
29.72,0,0,15.4347,0.646245,-0.0530782,-0.00257665,26.3,0,181.936,3.53441,0.0331585,15.4347,0,0,0,-0.00257665,-0.0530782
29.74,0,0,15.4808,0.645765,-0.0495671,-0.00200747,26.3,0,182.244,3.54465,0.0331585,15.4808,0,0,0,-0.00200747,-0.0495671
29.76,0,0,15.4921,0.641439,-0.0524586,-0.0024,26.3,0,182.554,3.55491,0.0331585,15.4921,0,0,0,-0.0024,-0.0524586
29.78,0,0,15.5058,0.634586,-0.0653378,-0.0024,26.3,0,182.864,3.56519,0.0331585,15.5058,0,0,0,-0.0024,-0.0653378
29.8,0,0,15.5167,0.629691,-0.0888979,-0.00241927,26.3,0,183.174,3.57548,0.0331585,15.5167,0,0,0,-0.00241927,-0.0888979
29.82,0,0,15.5179,0.630509,-0.118655,-0.0026,26.3,0,183.484,3.58577,0.0331585,15.5179,0,0,0,-0.0026,-0.118655
29.84,0,0,15.5368,0.636441,-0.144781,-0.00237609,26.3,0,183.794,3.59606,0.0331585,15.5368,0,0,0,-0.00237609,-0.144781
29.86,0,0,15.5117,0.643355,-0.156481,-0.002,26.3,0,184.105,3.60637,0.0331585,15.5117,0,0,0,-0.002,-0.156481
29.88,0,0,15.5529,0.647154,-0.148278,-0.0024,26.3,0,184.415,3.61666,0.0331585,15.5529,0,0,0,-0.0024,-0.148278
29.9,0,0,15.5906,0.645977,-0.123042,-0.00201995,26.3,0,184.726,3.62697,0.0331585,15.5906,0,0,0,-0.00201995,-0.123042
29.92,0,0,15.6032,0.640461,-0.0901138,-0.0018,26.3,0,185.038,3.63732,0.0331585,15.6032,0,0,0,-0.0018,-0.0901138
29.94,0,0,15.6202,0.633293,-0.0605729,-0.00223219,26.3,0,185.35,3.64767,0.0331585,15.6202,0,0,0,-0.00223219,-0.0605729
29.96,0,0,15.6394,0.627755,-0.0424795,-0.00261957,26.3,0,185.663,3.65803,0.0331585,15.6394,0,0,0,-0.00261957,-0.0424795
29.98,0,0,15.6502,0.625814,-0.0385832,-0.00301531,26.3,0,185.975,3.6684,0.0331585,15.6502,0,0,0,-0.00301531,-0.0385832
30,0,0,15.6554,0.627234,-0.0473107,-0.00299117,26.3,0,186.288,3.67878,0.0331585,15.6554,0,0,0,-0.00299117,-0.0473107
30.02,0,0,15.6565,0.62977,-0.0650095,-0.002,26.3,0,186.601,3.68917,0.0331585,15.6565,0,0,0,-0.002,-0.0650095
30.04,0,0,15.6754,0.630289,-0.0870277,-0.002,26.3,0,186.914,3.69955,0.0331585,15.6754,0,0,0,-0.002,-0.0870277
30.06,0,0,15.6924,0.627105,-0.108106,-0.002,26.3,0,187.228,3.70995,0.0331585,15.6924,0,0,0,-0.002,-0.108106
30.08,0,0,15.7114,0.621684,-0.123829,-0.00221482,26.3,0,187.542,3.72036,0.0331585,15.7114,0,0,0,-0.00221482,-0.123829
30.1,0,0,15.7194,0.617215,-0.132068,-0.00259822,26.3,0,187.856,3.73078,0.0331585,15.7194,0,0,0,-0.00259822,-0.132068
30.12,0,0,15.7367,0.615668,-0.132399,-0.0028,26.3,0,188.17,3.74121,0.0331585,15.7367,0,0,0,-0.0028,-0.132399
30.14,0,0,15.7519,0.616812,-0.124851,-0.0028,26.3,0,188.485,3.75164,0.0331585,15.7519,0,0,0,-0.0028,-0.124851
30.16,0,0,15.7504,0.619136,-0.110084,-0.00259162,26.3,0,188.8,3.76209,0.0331585,15.7504,0,0,0,-0.00259162,-0.110084
30.18,0,0,15.769,0.620732,-0.0904977,-0.00182499,26.3,0,189.115,3.77254,0.0331585,15.769,0,0,0,-0.00182499,-0.0904977
30.2,0,0,15.7788,0.62024,-0.0710447,-0.0012,26.3,0,189.43,3.783,0.0331585,15.7788,0,0,0,-0.0012,-0.0710447
30.22,0,0,15.8113,0.618261,-0.0584735,-0.0014098,26.3,0,189.746,3.79347,0.0331585,15.8113,0,0,0,-0.0014098,-0.0584735
30.24,0,0,15.8221,0.617391,-0.0581186,-0.00202576,26.3,0,190.062,3.80395,0.0331585,15.8221,0,0,0,-0.00202576,-0.0581186
30.26,0,0,15.8281,0.619841,-0.0703335,-0.00198865,26.3,0,190.378,3.81445,0.0331585,15.8281,0,0,0,-0.00198865,-0.0703335
30.28,0,0,15.8415,0.625495,-0.089941,-0.00160543,26.3,0,190.695,3.82495,0.0331585,15.8415,0,0,0,-0.00160543,-0.089941
30.3,0,0,15.8508,0.63243,-0.108917,-0.0012,26.3,0,191.011,3.83546,0.0331585,15.8508,0,0,0,-0.0012,-0.108917
30.32,0,0,15.8838,0.637901,-0.119783,-0.00140857,26.3,0,191.328,3.84597,0.0331585,15.8838,0,0,0,-0.00140857,-0.119783
30.34,0,0,15.9117,0.639207,-0.118347,-0.00155411,26.3,0,191.646,3.85651,0.0331585,15.9117,0,0,0,-0.00155411,-0.118347
30.36,0,0,15.9252,0.63561,-0.105862,-0.00140771,26.3,0,191.964,3.86706,0.0331585,15.9252,0,0,0,-0.00140771,-0.105862
30.38,0,0,15.9332,0.629028,-0.0890522,-0.00179277,26.3,0,192.283,3.87762,0.0331585,15.9332,0,0,0,-0.00179277,-0.0890522
30.4,0,0,15.9417,0.62179,-0.0766238,-0.00240097,26.3,0,192.601,3.88819,0.0331585,15.9417,0,0,0,-0.00240097,-0.0766238
30.42,0,0,15.9404,0.614884,-0.0743583,-0.003,26.3,0,192.92,3.89877,0.0331585,15.9404,0,0,0,-0.003,-0.0743583
30.44,0,0,15.9657,0.608531,-0.0822809,-0.0025872,26.3,0,193.239,3.90934,0.0331585,15.9657,0,0,0,-0.0025872,-0.0822809
30.46,0,0,15.9703,0.602796,-0.0957538,-0.0024,26.3,0,193.558,3.91993,0.0331585,15.9703,0,0,0,-0.0024,-0.0957538
30.48,0,0,15.9881,0.597877,-0.109179,-0.00258474,26.3,0,193.877,3.93052,0.0331585,15.9881,0,0,0,-0.00258474,-0.109179
30.5,0,0,16.0066,0.594873,-0.118748,-0.00317484,26.3,0,194.197,3.94113,0.0331585,16.0066,0,0,0,-0.00317484,-0.118748
30.52,0,0,16.0389,0.595305,-0.122518,-0.0025964,26.3,0,194.517,3.95174,0.0331585,16.0389,0,0,0,-0.0025964,-0.122518
30.54,0,0,16.0354,0.599103,-0.119465,-0.0024,26.3,0,194.838,3.96238,0.0331585,16.0354,0,0,0,-0.0024,-0.119465
30.56,0,0,16.0285,0.60413,-0.109649,-0.0026,26.3,0,195.159,3.97302,0.0331585,16.0285,0,0,0,-0.0026,-0.109649
30.58,0,0,16.0576,0.607852,-0.0952622,-0.0026,26.3,0,195.479,3.98365,0.0331585,16.0576,0,0,0,-0.0026,-0.0952622
30.6,0,0,16.0805,0.608482,-0.0803586,-0.0026,26.3,0,195.8,3.9943,0.0331585,16.0805,0,0,0,-0.0026,-0.0803586
30.62,0,0,16.108,0.605573,-0.0689945,-0.00238904,26.3,0,196.122,4.00497,0.0331585,16.108,0,0,0,-0.00238904,-0.0689945
30.64,0,0,16.113,0.601002,-0.0637633,-0.0022,26.3,0,196.444,4.01565,0.0331585,16.113,0,0,0,-0.0022,-0.0637633
30.66,0,0,16.1119,0.598211,-0.0650049,-0.0021789,26.3,0,196.766,4.02634,0.0331585,16.1119,0,0,0,-0.0021789,-0.0650049
30.68,0,0,16.141,0.599258,-0.0704187,-0.00141518,26.3,0,197.088,4.03703,0.0331585,16.141,0,0,0,-0.00141518,-0.0704187
30.7,0,0,16.1287,0.603402,-0.0762004,-0.00120855,26.3,0,197.411,4.04773,0.0331585,16.1287,0,0,0,-0.00120855,-0.0762004
30.72,0,0,16.1694,0.608494,-0.0790536,-0.00181386,26.3,0,197.734,4.05843,0.0331585,16.1694,0,0,0,-0.00181386,-0.0790536
30.74,0,0,16.1802,0.612304,-0.0773143,-0.0026,26.3,0,198.057,4.06916,0.0331585,16.1802,0,0,0,-0.0026,-0.0773143
30.76,0,0,16.1982,0.612902,-0.0714971,-0.00238908,26.3,0,198.38,4.07989,0.0331585,16.1982,0,0,0,-0.00238908,-0.0714971
30.78,0,0,16.2109,0.609811,-0.0642717,-0.0022,26.3,0,198.704,4.09063,0.0331585,16.2109,0,0,0,-0.0022,-0.0642717
30.8,0,0,16.2033,0.604832,-0.0584833,-0.00240432,26.3,0,199.029,4.10139,0.0331585,16.2033,0,0,0,-0.00240432,-0.0584833
30.82,0,0,16.2237,0.600462,-0.0545545,-0.0026,26.3,0,199.353,4.11213,0.0331585,16.2237,0,0,0,-0.0026,-0.0545545
30.84,0,0,16.2299,0.597909,-0.0507929,-0.00258082,26.3,0,199.677,4.12289,0.0331585,16.2299,0,0,0,-0.00258082,-0.0507929
30.86,0,0,16.2518,0.596831,-0.0463729,-0.0023758,26.3,0,200.001,4.13366,0.0331585,16.2518,0,0,0,-0.0023758,-0.0463729
30.88,0,0,16.2795,0.595865,-0.0429708,-0.00182659,26.3,0,200.326,4.14444,0.0331585,16.2795,0,0,0,-0.00182659,-0.0429708
30.9,0,0,16.2883,0.593775,-0.0434353,-0.0014,26.3,0,200.652,4.15524,0.0331585,16.2883,0,0,0,-0.0014,-0.0434353
30.92,0.1,0.000102666,16.3191,0.591325,-0.0494838,-0.00200871,26.3,0,200.978,4.16604,0.0331613,16.3191,0.000102666,0.000561468,0.00916265,-0.00257018,-0.0586464
30.94,0.1,0.000102666,16.3208,0.590774,-0.0599602,-0.00229737,26.3,0,201.304,4.17687,0.0331753,16.3208,0.000102666,0.000561529,0.00916462,-0.0028589,-0.0691249
30.96,0.1,0.000102666,16.3412,0.592615,-0.0706459,-0.0024,26.3,0,201.63,4.1877,0.0331866,16.3412,0.000102666,0.000562228,0.00918745,-0.00296223,-0.0798334
30.98,0.1,0.000102666,16.3226,0.594681,-0.0766646,-0.00220671,26.3,0,201.957,4.19855,0.0331978,16.3226,0.000102666,0.000561588,0.00916657,-0.0027683,-0.0858312
31,0.2,0.000205333,16.3559,0.594672,-0.0756672,-0.0015961,26.3,0,202.284,4.20939,0.0332119,16.3559,0.000205333,0.00112547,0.018408,-0.00272157,-0.0940753
31.02,0.24881,0.000255444,16.387,0.591635,-0.0686955,-0.00141671,26.3,0,202.611,4.22026,0.0332386,16.387,0.000255444,0.00140281,0.0229879,-0.00281952,-0.0916834
31.04,0.3,0.000307999,16.4114,0.586003,-0.0587413,-0.00210443,26.3,0,202.938,4.23116,0.0332695,16.4114,0.000307999,0.00169394,0.0277999,-0.00379837,-0.0865412
31.06,0.4,0.000410666,16.4378,0.580064,-0.0488472,-0.00237687,26.3,0,203.266,4.24209,0.0333076,16.4378,0.000410666,0.00226221,0.0371857,-0.00463908,-0.0860329
31.08,0.492619,0.000505754,16.4202,0.576789,-0.0406822,-0.00182953,26.3,0,203.595,4.25305,0.0333583,16.4202,0.000505754,0.00278303,0.0456979,-0.00461256,-0.0863801
31.1,0.5,0.000513332,16.4051,0.577082,-0.0342224,-0.0018,26.3,0,203.923,4.26402,0.0334168,16.4051,0.000513332,0.00282214,0.0462976,-0.00462214,-0.08052
31.12,0.6,0.000615999,16.4536,0.579533,-0.0288505,-0.0018,25.9,0,204.251,4.27499,0.0334763,16.4536,0.000615999,0.00339658,0.055886,-0.00519658,-0.0847365
31.14,0.697887,0.000716495,16.4775,0.582218,-0.024508,-0.0018,25.9,0,204.58,4.28602,0.0335499,16.4775,0.000716495,0.00395645,0.0651924,-0.00575645,-0.0897004
31.16,0.809142,0.000830717,16.4975,0.583301,-0.0214187,-0.000963434,25.9,0,204.91,4.2971,0.033635,16.4975,0.000830717,0.00459273,0.0757685,-0.00555617,-0.0971872
31.18,1,0.00102666,16.5033,0.581777,-0.0191129,-0.000806767,25.9,0,205.24,4.30821,0.0337354,16.5033,0.00102666,0.00567808,0.0937073,-0.00648485,-0.11282
31.2,1,0.00102666,16.5375,0.579096,-0.0160967,-0.000813796,25.9,0,205.57,4.31937,0.0338545,16.5375,0.00102666,0.00568985,0.0940962,-0.00650365,-0.110193
31.22,1.1,0.00112933,16.5278,0.578123,-0.0102134,0.000416893,25.8916,0,205.901,4.33059,0.0339712,16.5278,0.00112933,0.00625514,0.103384,-0.00583825,-0.113597
31.24,1.11231,0.00114197,16.5295,0.579892,0.000634073,0.00104923,25.8,0,206.231,4.34184,0.0340995,16.5295,0.00114197,0.00632577,0.104562,-0.00527654,-0.103928
31.26,1.2,0.001232,16.5545,0.58292,0.0174716,0.00195581,25.8,0,206.562,4.35313,0.0342289,16.5545,0.001232,0.00683483,0.113147,-0.00487902,-0.0956757
31.28,1.30195,0.00133667,16.5834,0.584963,0.0392674,0.00240821,25.8,0,206.893,4.36449,0.034371,16.5834,0.00133667,0.00742848,0.12319,-0.00502027,-0.0839223
31.3,1.39983,0.00143716,16.5889,0.584154,0.0622131,0.00299874,25.7003,0,207.224,4.37592,0.0345254,16.5889,0.00143716,0.00798958,0.132538,-0.00499084,-0.070325
31.32,1.45043,0.00148911,16.6222,0.580027,0.0796649,0.00370086,25.7,0,207.556,4.3874,0.0346895,16.6222,0.00148911,0.00829501,0.137882,-0.00459415,-0.0582168
31.34,1.5,0.00154,16.617,0.574463,0.0844372,0.004,25.7,0,207.888,4.39896,0.0348583,16.617,0.00154,0.00857579,0.142504,-0.00457579,-0.0580667
31.36,1.5,0.00154,16.628,0.570185,0.0736398,0.00400961,25.7,0,208.22,4.41058,0.0350313,16.628,0.00154,0.00858145,0.142692,-0.00457184,-0.0690524
31.38,1.5,0.00154,16.6365,0.568016,0.0516202,0.00463583,25.7,0,208.553,4.42226,0.035203,16.6365,0.00154,0.00858586,0.142839,-0.00395003,-0.0912188
31.4,1.5,0.00154,16.6558,0.5665,0.0275005,0.00559829,25.6,0,208.886,4.434,0.0353747,16.6558,0.00154,0.0085958,0.14317,-0.00299751,-0.115669
31.42,1.5,0.00154,16.687,0.563601,0.0101915,0.0054,25.6,0,209.219,4.44582,0.0355467,16.687,0.00154,0.00861191,0.143707,-0.00321191,-0.133516
31.44,1.5,0.00154,16.6955,0.558432,0.00523568,0.00561532,25.6,0,209.552,4.45771,0.035719,16.6955,0.00154,0.00861629,0.143853,-0.00300097,-0.138617
31.46,1.5,0.00154,16.7218,0.552717,0.0141824,0.00558681,25.6,0,209.886,4.46967,0.0358914,16.7218,0.00154,0.00862985,0.144306,-0.00304304,-0.130124
31.48,1.5,0.00154,16.7081,0.550267,0.0349879,0.00541327,25.6,0,210.22,4.4817,0.036064,16.7081,0.00154,0.00862278,0.14407,-0.00320952,-0.109082
31.5,1.5,0.00154,16.7006,0.553156,0.0619747,0.00620275,25.5986,0,210.554,4.49378,0.0362366,16.7006,0.00154,0.00861893,0.143941,-0.00241619,-0.0819667
31.52,1.44828,0.0014869,16.7482,0.558831,0.0861537,0.00650343,25.5,0,210.888,4.50592,0.0364075,16.7482,0.0014869,0.00834551,0.139773,-0.00184207,-0.0536189
31.54,1.4,0.00143733,16.7571,0.562296,0.0986305,0.00675763,25.3894,0,211.223,4.51814,0.0365716,16.7571,0.00143733,0.00807156,0.135256,-0.00131393,-0.0366257
31.56,1.4,0.00143733,16.7872,0.560138,0.0956977,0.00603652,25.3,0,211.558,4.53042,0.0367317,16.7872,0.00143733,0.00808604,0.135742,-0.00204953,-0.0400443
31.58,1.4,0.00143733,16.7976,0.551877,0.0803998,0.0062,25.1,0,211.894,4.54279,0.0368935,16.7976,0.00143733,0.00809105,0.13591,-0.00189105,-0.0555104
31.6,1.4,0.00143733,16.8054,0.539701,0.0600362,0.0062,25.1,0,212.23,4.55521,0.0370553,16.8054,0.00143733,0.00809483,0.136037,-0.00189483,-0.0760009
31.62,1.4,0.00143733,16.8298,0.527866,0.0429546,0.00629811,25.0914,0,212.566,4.56769,0.0372173,16.8298,0.00143733,0.00810656,0.136432,-0.00180845,-0.0934772
31.64,1.3,0.00133466,16.8244,0.520423,0.0355555,0.0066,25,0,212.902,4.58025,0.0373766,16.8244,0.00133466,0.00752513,0.126606,-0.000925131,-0.0910507
31.66,1.3,0.00133466,16.8671,0.518355,0.0398111,0.0068,25,0,213.238,4.59285,0.0375242,16.8671,0.00133466,0.00754421,0.127249,-0.000744215,-0.0874381
31.68,1.3,0.00133466,16.878,0.519123,0.0527106,0.00677119,25,0,213.576,4.60553,0.0376752,16.878,0.00133466,0.00754907,0.127413,-0.000777888,-0.0747025
31.7,1.3,0.00133466,16.8833,0.518999,0.067719,0.0060004,24.9001,0,213.913,4.61828,0.0378262,16.8833,0.00133466,0.00755147,0.127494,-0.00155107,-0.059775
31.72,1.3,0.00133466,16.9139,0.516335,0.0777093,0.00520438,24.9,0,214.251,4.63108,0.0379773,16.9139,0.00133466,0.00756514,0.127956,-0.00236076,-0.0502466
31.74,1.3,0.00133466,16.9146,0.51284,0.0786822,0.0054,24.8,0,214.589,4.64395,0.0381286,16.9146,0.00133466,0.00756546,0.127967,-0.00216546,-0.0492846
31.76,1.3,0.00133466,16.9329,0.511158,0.0719006,0.00622178,24.8,0,214.927,4.65688,0.03828,16.9329,0.00133466,0.00757363,0.128243,-0.00135185,-0.0563427
31.78,1.3,0.00133466,16.9177,0.511586,0.0625232,0.00659513,24.8,0,215.265,4.66987,0.0384315,16.9177,0.00133466,0.00756686,0.128014,-0.000971737,-0.0654911
31.8,1.3,0.00133466,16.9612,0.511795,0.0558642,0.00579484,24.8,0,215.604,4.6829,0.0385829,16.9612,0.00133466,0.0075863,0.128673,-0.00179146,-0.0728088
31.82,1.2504,0.00128374,16.9777,0.509061,0.0539875,0.0054,24.8,0,215.943,4.69601,0.0387332,16.9777,0.00128374,0.0073039,0.124003,-0.0019039,-0.0700157
31.84,1.2,0.001232,16.9944,0.502375,0.054854,0.0054,24.8,0,216.282,4.70919,0.0388764,16.9944,0.001232,0.00701646,0.119241,-0.00161646,-0.0643868
31.86,1.2,0.001232,16.9944,0.492982,0.0546538,0.0054,24.8,0,216.622,4.72243,0.0390153,16.9944,0.001232,0.00701643,0.11924,-0.00161643,-0.0645859
31.88,1.2,0.001232,16.9917,0.483476,0.0514886,0.0048,24.8,0,216.962,4.73571,0.0391557,16.9917,0.001232,0.00701531,0.119202,-0.00221531,-0.0677133
31.9,1.2,0.001232,16.9917,0.476284,0.0472344,0.0048,24.8,0,217.301,4.74904,0.039296,16.9917,0.001232,0.00701531,0.119202,-0.00221531,-0.0719675
31.92,1.2,0.001232,17.0293,0.472227,0.0458856,0.005,24.8,0,217.641,4.76242,0.0394363,17.0293,0.001232,0.00703086,0.119731,-0.00203086,-0.0738453
31.94,1.2,0.001232,17.0427,0.470033,0.0496836,0.00498529,24.8,0,217.981,4.77587,0.039577,17.0427,0.001232,0.00703637,0.119919,-0.00205108,-0.070235
31.96,1.2,0.001232,17.0697,0.467839,0.0565893,0.00419055,24.8,0,218.322,4.78939,0.0397178,17.0697,0.001232,0.00704753,0.120299,-0.00285699,-0.0637101
31.98,1.2,0.001232,17.0807,0.465481,0.0616929,0.00379094,24.8,0,218.663,4.80297,0.0398588,17.0807,0.001232,0.00705209,0.120455,-0.00326115,-0.0587619
32,1.2,0.001232,17.0889,0.464603,0.0610801,0.00379919,24.8,0,219.005,4.81661,0.0399998,17.0889,0.001232,0.00705545,0.12057,-0.00325626,-0.0594895
32.02,1.2,0.001232,17.102,0.466375,0.0544787,0.0046,24.8,0,219.346,4.83031,0.040141,17.102,0.001232,0.00706085,0.120754,-0.00246085,-0.0662755
32.04,1.2,0.001232,17.0957,0.469834,0.0447778,0.00441196,24.8,0,219.688,4.84406,0.0402822,17.0957,0.001232,0.00705825,0.120666,-0.0026463,-0.0758878
32.06,1.2,0.001232,17.1367,0.472463,0.0352752,0.0046,24.8,0,220.03,4.85786,0.0404234,17.1367,0.001232,0.0070752,0.121246,-0.0024752,-0.0859707
32.08,1.1,0.00112933,17.1667,0.47176,0.0272255,0.00457866,24.8,0,220.372,4.87174,0.040562,17.1667,0.00112933,0.00649695,0.111531,-0.00191829,-0.0843058
32.1,1.1,0.00112933,17.1694,0.46677,0.0198457,0.00380007,24.8,0,220.715,4.88569,0.0406891,17.1694,0.00112933,0.00649799,0.111567,-0.00269791,-0.0917211
32.12,1.1,0.00112933,17.2028,0.459071,0.0127724,0.00379026,24.8,0,221.059,4.89968,0.0408191,17.2028,0.00112933,0.0065106,0.112,-0.00272034,-0.099228
32.14,1.1,0.00112933,17.208,0.451763,0.00835576,0.00383375,24.8,0,221.403,4.91375,0.0409493,17.208,0.00112933,0.00651257,0.112068,-0.00267882,-0.103712
32.16,1.1,0.00112933,17.2015,0.446713,0.0107493,0.00481862,24.8,0,221.746,4.92786,0.0410796,17.2015,0.00112933,0.00651013,0.111984,-0.00169151,-0.101235
32.18,1.1,0.00112933,17.2337,0.44322,0.0224583,0.00543019,24.8,0,222.09,4.94202,0.0412098,17.2337,0.00112933,0.00652232,0.112404,-0.00109213,-0.0899456
32.2,1.09511,0.00112431,17.2449,0.439589,0.0415899,0.00559022,24.8,0,222.435,4.95624,0.0413402,17.2449,0.00112431,0.0064975,0.112048,-0.000907285,-0.0704585
32.22,1,0.00102666,17.2639,0.435428,0.0616986,0.00479689,24.8,0,222.779,4.97052,0.0414672,17.2639,0.00102666,0.00593975,0.102543,-0.00114286,-0.0408446
32.24,1,0.00102666,17.2853,0.432253,0.0747382,0.0048,24.8,0,223.125,4.98486,0.0415832,17.2853,0.00102666,0.00594713,0.102798,-0.00114713,-0.02806
32.26,1,0.00102666,17.2748,0.4321,0.0757047,0.005006,24.8,0,223.47,4.99926,0.0417021,17.2748,0.00102666,0.00594349,0.102672,-0.000937488,-0.0269676
32.28,0.999453,0.0010261,17.2585,0.435388,0.0653797,0.00539758,24.8,0,223.815,5.01368,0.041821,17.2585,0.0010261,0.00593464,0.102423,-0.000537063,-0.0370432
32.3,0.9,0.000923998,17.2842,0.440028,0.0492724,0.00498479,24.8,0,224.16,5.02814,0.0419368,17.2842,0.000923998,0.00535205,0.0925057,-0.000367257,-0.0432333
32.32,0.9,0.000923998,17.3046,0.44284,0.0342581,0.00461689,24.8,0,224.506,5.04265,0.0420409,17.3046,0.000923998,0.00535838,0.0927245,-0.000741491,-0.0584664
32.34,0.9,0.000923998,17.3376,0.441882,0.0252128,0.0042,24.8,0,224.852,5.05722,0.0421481,17.3376,0.000923998,0.00536861,0.0930788,-0.00116861,-0.0678659
32.36,0.9,0.000923998,17.361,0.437586,0.023275,0.004,24.8,0,225.198,5.07185,0.0422555,17.361,0.000923998,0.00537583,0.0933296,-0.00137583,-0.0700546
32.38,0.9,0.000923998,17.3593,0.432095,0.0262964,0.00395917,24.8,0,225.545,5.08654,0.042363,17.3593,0.000923998,0.00537531,0.0933115,-0.00141614,-0.0670151
32.4,0.9,0.000923998,17.3776,0.427323,0.0303739,0.00340625,24.8,0,225.892,5.10127,0.0424706,17.3776,0.000923998,0.00538099,0.0935087,-0.00197474,-0.0631348
32.42,0.9,0.000923998,17.3784,0.423622,0.0313801,0.0036,24.8,0,226.239,5.11605,0.0425782,17.3784,0.000923998,0.00538124,0.0935173,-0.00178124,-0.0621371
32.44,0.9,0.000923998,17.3929,0.420577,0.0267209,0.00335899,24.8,0,226.587,5.13086,0.0426859,17.3929,0.000923998,0.00538571,0.093673,-0.00202673,-0.0669521
32.46,0.9,0.000923998,17.4166,0.418431,0.0168817,0.00319921,24.8,0,226.934,5.14573,0.0427936,17.4166,0.000923998,0.00539307,0.093929,-0.00219386,-0.0770473
32.48,0.9,0.000923998,17.4247,0.41841,0.00510083,0.00244074,24.8,0,227.282,5.16066,0.0429015,17.4247,0.000923998,0.00539556,0.0940159,-0.00295482,-0.0889151
32.5,0.9,0.000923998,17.4502,0.422023,-0.00493897,0.0022317,24.8,0,227.631,5.17562,0.0430094,17.4502,0.000923998,0.00540348,0.0942918,-0.00317177,-0.0992308
32.52,0.9,0.000923998,17.4556,0.429323,-0.0111235,0.0032,24.8,0,227.98,5.19065,0.0431175,17.4556,0.000923998,0.00540513,0.0943494,-0.00220513,-0.105473
32.54,0.889198,0.000912908,17.4461,0.437361,-0.0131133,0.0027784,24.8,0,228.328,5.20572,0.0432253,17.4461,0.000912908,0.00533736,0.0931162,-0.00255897,-0.10623
32.56,0.8,0.000821331,17.474,0.441444,-0.0116225,0.00262161,24.8,0,228.677,5.22082,0.0433291,17.474,0.000821331,0.00480965,0.084044,-0.00218804,-0.0956665
32.58,0.8,0.000821331,17.5031,0.438599,-0.00800467,0.00343569,24.8,0,229.026,5.23598,0.0434226,17.5031,0.000821331,0.00481765,0.084324,-0.00138196,-0.0923287
32.6,0.8,0.000821331,17.5116,0.429702,-0.00420575,0.0038,24.8,0,229.376,5.2512,0.043519,17.5116,0.000821331,0.00481997,0.0844053,-0.00101997,-0.0886111
32.62,0.8,0.000821331,17.5248,0.41888,-0.00227066,0.00380963,24.8,0,229.726,5.26645,0.0436154,17.5248,0.000821331,0.00482361,0.0845326,-0.00101398,-0.0868032
32.64,0.8,0.000821331,17.5302,0.411141,-0.00310616,0.00358705,24.8,0,230.076,5.28176,0.0437119,17.5302,0.000821331,0.00482509,0.0845846,-0.00123804,-0.0876907
32.66,0.8,0.000821331,17.506,0.409292,-0.00579116,0.00280486,24.8,0,230.427,5.2971,0.0438084,17.506,0.000821331,0.00481845,0.0843518,-0.00201358,-0.090143
32.68,0.8,0.000821331,17.5421,0.412153,-0.00848124,0.00317837,24.8,0,230.777,5.31245,0.0439048,17.5421,0.000821331,0.00482839,0.0847003,-0.00165002,-0.0931815
32.7,0.749182,0.000769159,17.5511,0.415896,-0.0098208,0.00258961,24.8,0,231.127,5.32787,0.0439999,17.5511,0.000769159,0.00452398,0.0794008,-0.00193437,-0.0892216
32.72,0.7,0.000718665,17.5899,0.417329,-0.00953576,0.0026,24.8,0,231.478,5.34333,0.0440874,17.5899,0.000718665,0.00423635,0.0745171,-0.00163635,-0.0840529
32.74,0.7,0.000718665,17.6111,0.416174,-0.00819794,0.00301942,24.8,0,231.829,5.35885,0.0441706,17.6111,0.000718665,0.00424145,0.0746967,-0.00122203,-0.0828946
32.76,0.7,0.000718665,17.6123,0.414747,-0.0064208,0.0034,24.8,0,232.181,5.37443,0.0442555,17.6123,0.000718665,0.00424173,0.0747063,-0.000841726,-0.0811271
32.78,0.7,0.000718665,17.6322,0.415371,-0.00410425,0.00296614,24.8,0,232.533,5.39003,0.0443403,17.6322,0.000718665,0.00424653,0.0748757,-0.00128039,-0.07898
32.8,0.7,0.000718665,17.6077,0.417773,-0.000834948,0.0024,24.8,0,232.886,5.40568,0.0444253,17.6077,0.000718665,0.00424063,0.0746679,-0.00184063,-0.0755028
32.82,0.6,0.000615999,17.66,0.419146,0.00287491,0.0024,24.8,0,233.238,5.42134,0.0445071,17.66,0.000615999,0.00364563,0.0643819,-0.00124563,-0.061507
32.84,0.6,0.000615999,17.6753,0.416712,0.00526204,0.00217625,24.8,0,233.591,5.43707,0.044577,17.6753,0.000615999,0.00364879,0.0644936,-0.00147254,-0.0592315
32.86,0.6,0.000615999,17.681,0.410173,0.00454887,0.002,24.8,0,233.944,5.45284,0.04465,17.681,0.000615999,0.00364995,0.0645346,-0.00164995,-0.0599857
32.88,0.6,0.000615999,17.6921,0.402089,0.000422036,0.002,24.8,0,234.297,5.46864,0.044723,17.6921,0.000615999,0.00365226,0.0646163,-0.00165226,-0.0641942
32.9,0.6,0.000615999,17.7102,0.396022,-0.00582656,0.002,24.8,0,234.651,5.48447,0.0447961,17.7102,0.000615999,0.00365598,0.0647481,-0.00165598,-0.0705747
32.92,0.5,0.000513332,17.7037,0.393996,-0.012441,0.00179068,24.8,0,235.005,5.50035,0.0448661,17.7037,0.000513332,0.00304554,0.0539172,-0.00125486,-0.0663582
32.94,0.5,0.000513332,17.7402,0.395557,-0.0181531,0.00162623,24.7,0,235.358,5.51624,0.044924,17.7402,0.000513332,0.00305182,0.0541399,-0.00142559,-0.0722931
32.96,0.5,0.000513332,17.7584,0.399022,-0.022247,0.0022,24.7,0,235.713,5.53219,0.0449851,17.7584,0.000513332,0.00305495,0.0542512,-0.000854952,-0.0764982
32.98,0.5,0.000513332,17.767,0.403081,-0.0245752,0.00179205,24.7,0,236.068,5.54818,0.0450462,17.767,0.000513332,0.00305643,0.0543037,-0.00126438,-0.0788789
33,0.5,0.000513332,17.8022,0.407245,-0.0258072,0.0012,24.7,0,236.423,5.5642,0.0451073,17.8022,0.000513332,0.00306249,0.0545192,-0.00186249,-0.0803264
33.02,0.5,0.000513332,17.7972,0.411351,-0.0269341,0.001,24.7,0,236.779,5.58026,0.0451686,17.7972,0.000513332,0.00306162,0.0544884,-0.00206162,-0.0814225
33.04,0.5,0.000513332,17.7983,0.414848,-0.0282,0.00121362,24.7,0,237.134,5.59635,0.0452298,17.7983,0.000513332,0.0030618,0.0544947,-0.00184818,-0.0826947
33.06,0.5,0.000513332,17.8285,0.416326,-0.0291262,0.00181842,24.7,0,237.49,5.61246,0.0452911,17.8285,0.000513332,0.00306701,0.0546803,-0.00124859,-0.0838066
33.08,0.5,0.000513332,17.8448,0.414045,-0.0298879,0.00178551,24.7,0,237.846,5.62862,0.0453524,17.8448,0.000513332,0.00306982,0.0547804,-0.00128431,-0.0846682
33.1,0.5,0.000513332,17.8566,0.407595,-0.0320193,0.00161112,24.6944,0,238.203,5.64481,0.0454139,17.8566,0.000513332,0.00307185,0.0548528,-0.00146073,-0.0868721
33.12,0.4,0.000410666,17.8723,0.399053,-0.0371064,0.002,24.6,0,238.56,5.66104,0.0454722,17.8723,0.000410666,0.00245963,0.0439593,-0.000459631,-0.0810657
33.14,0.4,0.000410666,17.8662,0.391932,-0.0447678,0.00157984,24.6,0,238.917,5.6773,0.0455184,17.8662,0.000410666,0.0024588,0.0439295,-0.000878957,-0.0886973
33.16,0.4,0.000410666,17.8519,0.388684,-0.0523055,0.0012,24.6,0,239.274,5.69357,0.0455675,17.8519,0.000410666,0.00245683,0.0438591,-0.00125683,-0.0961646
33.18,0.4,0.000410666,17.9004,0.389076,-0.0569655,0.0014,24.5,0,239.631,5.70985,0.0456167,17.9004,0.000410666,0.0024635,0.0440975,-0.0010635,-0.101063
33.2,0.4,0.000410666,17.9207,0.39065,-0.0586465,0.0014141,24.5,0,239.988,5.72619,0.045666,17.9207,0.000410666,0.00246629,0.0441975,-0.00105219,-0.102844
33.22,0.4,0.000410666,17.9541,0.390641,-0.0599063,0.0016,24.5,0,240.347,5.74256,0.0457153,17.9541,0.000410666,0.00247088,0.0443624,-0.000870883,-0.104269
33.24,0.4,0.000410666,17.9666,0.387843,-0.0634591,0.00139243,24.5,0,240.705,5.75898,0.0457647,17.9666,0.000410666,0.00247261,0.0444245,-0.00108018,-0.107884
33.26,0.4,0.000410666,17.9642,0.383244,-0.0696151,0.000585749,24.5,0,241.064,5.77544,0.0458142,17.9642,0.000410666,0.00247228,0.0444124,-0.00188653,-0.114028
33.28,0.4,0.000410666,17.9722,0.378825,-0.0754958,0.000405539,24.4972,0,241.423,5.7919,0.0458637,17.9722,0.000410666,0.00247338,0.0444522,-0.00206784,-0.119948
33.3,0.4,0.000410666,17.9736,0.375494,-0.076993,0.000617822,24.2911,0,241.783,5.80839,0.0459131,17.9736,0.000410666,0.00247358,0.0444592,-0.00185576,-0.121452
33.32,0.4,0.000410666,18.0048,0.372717,-0.0719454,0.0008,24.2,0,242.142,5.82491,0.0459626,18.0048,0.000410666,0.00247786,0.0446133,-0.00167786,-0.116559
33.34,0.4,0.000410666,18.0389,0.370139,-0.0615116,0.00144876,24.1,0,242.501,5.84146,0.0460122,18.0389,0.000410666,0.00248256,0.0447826,-0.0010338,-0.106294
33.36,0.4,0.000410666,18.0389,0.368631,-0.0491493,0.0026,24.1,0,242.862,5.85807,0.0460618,18.0389,0.000410666,0.00248256,0.0447826,0.000117442,-0.0939319
33.38,0.4,0.000410666,18.0395,0.369676,-0.0384554,0.00218935,24.1,0,243.222,5.87469,0.0461115,18.0395,0.000410666,0.00248265,0.0447858,-0.000293297,-0.0832412
33.4,0.4,0.000410666,18.0888,0.373961,-0.0311942,0.00219858,24.1,0,243.583,5.89134,0.0461612,18.0888,0.000410666,0.00248943,0.0450307,-0.000290843,-0.076225
33.42,0.4,0.000410666,18.0619,0.380211,-0.0269874,0.00297838,24.1,0,243.944,5.90804,0.046211,18.0619,0.000410666,0.00248573,0.0448971,0.000492645,-0.0718845
33.44,0.403068,0.000413815,18.1033,0.385578,-0.0246761,0.0026,24.1,0,244.305,5.92474,0.0462608,18.1033,0.000413815,0.00251053,0.0454488,8.94729e-05,-0.0701249
33.46,0.5,0.000513332,18.1196,0.387711,-0.0237302,0.00258265,24.1,0,244.667,5.9415,0.0463141,18.1196,0.000513332,0.00311708,0.0564801,-0.000534431,-0.0802103
33.48,0.5,0.000513332,18.1232,0.386467,-0.0246663,0.0026,24.1,0,245.029,5.95829,0.0463795,18.1232,0.000513332,0.0031177,0.0565025,-0.000517696,-0.0811689
33.5,0.5,0.000513332,18.1639,0.383652,-0.0283646,0.0026,24.1,0,245.391,5.97511,0.0464419,18.1639,0.000513332,0.0031247,0.0567565,-0.000524696,-0.0851211
33.52,0.5,0.000513332,18.1584,0.381311,-0.0348843,0.00240503,24.1,0,245.754,5.99199,0.0465044,18.1584,0.000513332,0.00312376,0.0567225,-0.000718729,-0.0916068
33.54,0.5,0.000513332,18.1726,0.380141,-0.0428734,0.00158157,24.1,0,246.117,6.00889,0.0465669,18.1726,0.000513332,0.0031262,0.0568112,-0.00154463,-0.0996847
33.56,0.5,0.000513332,18.1827,0.379113,-0.0496913,0.0012,24.0902,0,246.48,6.02582,0.0466294,18.1827,0.000513332,0.00312794,0.0568746,-0.00192794,-0.106566
33.58,0.5,0.000513332,18.2028,0.37655,-0.0522833,0.0012,23.9902,0,246.844,6.04279,0.046692,18.2028,0.000513332,0.00313139,0.057,-0.00193139,-0.109283
33.6,0.5,0.000513332,18.2028,0.372187,-0.0494993,0.00139638,23.9,0,247.207,6.0598,0.0467546,18.2028,0.000513332,0.00313139,0.057,-0.00173501,-0.106499
33.62,0.5,0.000513332,18.2315,0.368409,-0.0438555,0.0014,23.8076,0,247.571,6.07683,0.0468173,18.2315,0.000513332,0.00313633,0.0571798,-0.00173633,-0.101035
33.64,0.5,0.000513332,18.2405,0.3687,-0.0396673,0.000975344,23.8,0,247.935,6.09391,0.04688,18.2405,0.000513332,0.00313788,0.0572366,-0.00216254,-0.0969039
33.66,0.5,0.000513332,18.264,0.373978,-0.0392518,0.00121141,23.8,0,248.3,6.11102,0.0469428,18.264,0.000513332,0.00314193,0.0573844,-0.00193052,-0.0966362
33.68,0.6,0.000615999,18.2697,0.380813,-0.0414435,0.00140293,23.8,0,248.665,6.12817,0.0470088,18.2697,0.000615999,0.00377148,0.0689038,-0.00236855,-0.110347
33.7,0.6,0.000615999,18.3084,0.383908,-0.0438425,0.00180602,23.8,0,249.03,6.14536,0.0470873,18.3084,0.000615999,0.00377948,0.0691962,-0.00197345,-0.113039
33.72,0.6,0.000615999,18.3193,0.379439,-0.0462627,0.00239424,23.8,0,249.396,6.16262,0.047163,18.3193,0.000615999,0.00378172,0.0692783,-0.00138748,-0.115541
33.74,0.6,0.000615999,18.3471,0.366076,-0.0510279,0.0018,23.8,0,249.762,6.17991,0.0472386,18.3471,0.000615999,0.00378746,0.0694889,-0.00198746,-0.120517
33.76,0.6,0.000615999,18.3362,0.345157,-0.0595268,0.00224376,23.7781,0,250.128,6.19725,0.0473144,18.3362,0.000615999,0.00378522,0.0694067,-0.00154146,-0.128933
33.78,0.6,0.000615999,18.2686,0.320614,-0.0694378,0.00277607,23.3521,0,250.495,6.21461,0.0473901,18.2686,0.000615999,0.00377125,0.0688954,-0.000995178,-0.138333
33.8,0.6,0.000615999,18.2667,0.298189,-0.0760213,0.0026,22.8009,0,250.86,6.23194,0.0474655,18.2667,0.000615999,0.00377086,0.068881,-0.00117086,-0.144902
33.82,0.6,0.000615999,18.3583,0.284361,-0.0759755,0.0026,22.3054,0,251.225,6.24929,0.047541,18.3583,0.000615999,0.00378977,0.0695737,-0.00118977,-0.145549
33.84,0.6,0.000615999,18.3779,0.283523,-0.0694125,0.00262419,22,0,251.592,6.26675,0.0476168,18.3779,0.000615999,0.00379383,0.0697228,-0.00116964,-0.139135
33.86,0.6,0.000615999,18.3859,0.295023,-0.0583106,0.00341858,22,0,251.959,6.28427,0.0476926,18.3859,0.000615999,0.00379548,0.0697834,-0.000376893,-0.128094
33.88,0.6,0.000615999,18.4386,0.314582,-0.0446653,0.003615,22,0,252.326,6.30181,0.0477686,18.4386,0.000615999,0.00380635,0.0701838,-0.000191355,-0.114849
33.9,0.6,0.000615999,18.4231,0.337243,-0.0303564,0.00472556,22,0,252.694,6.31944,0.0478447,18.4231,0.000615999,0.00380314,0.0700656,0.00092242,-0.100422
33.92,0.6,0.000615999,18.4465,0.356989,-0.0170211,0.00481884,22,0,253.063,6.33708,0.0479208,18.4465,0.000615999,0.00380799,0.0702442,0.00101085,-0.0872653
33.94,0.6,0.000615999,18.491,0.366283,-0.00554577,0.00398689,22,0,253.431,6.35477,0.047997,18.491,0.000615999,0.00381717,0.0705833,0.000169722,-0.0761291
33.96,0.6,0.000615999,18.4704,0.359099,0.0035487,0.0033404,22,0,253.801,6.37253,0.0480733,18.4704,0.000615999,0.00381292,0.0704262,-0.000472515,-0.0668775
33.98,0.59436,0.000610208,18.4887,0.334694,0.00950226,0.00257744,22,0,254.17,6.3903,0.0481494,18.4887,0.000610208,0.00378081,0.0699021,-0.00120337,-0.0603999
34,0.5,0.000513332,18.4804,0.298734,0.011738,0.00220497,22,0,254.539,6.40811,0.0482219,18.4804,0.000513332,0.00317915,0.0587521,-0.000974182,-0.047014
34.02,0.5,0.000513332,18.4697,0.260986,0.010564,0.0025914,22,0,254.908,6.42594,0.0482825,18.4697,0.000513332,0.00317731,0.0586838,-0.000585905,-0.0481199
34.04,0.5,0.000513332,18.5016,0.230384,0.00689894,0.00238211,22,0,255.277,6.44379,0.048346,18.5016,0.000513332,0.0031828,0.058887,-0.000800688,-0.0519881
34.06,0.5,0.000513332,18.5344,0.210621,0.00145548,0.00177994,22,0,255.647,6.46168,0.0484097,18.5344,0.000513332,0.00318845,0.0590961,-0.00140851,-0.0576406
34.08,0.5,0.000513332,18.5284,0.200145,-0.00560119,0.0014,22,0,256.017,6.47964,0.0484735,18.5284,0.000513332,0.00318741,0.0590578,-0.00178741,-0.064659
34.1,0.4,0.000410666,18.5476,0.195976,-0.0144847,0.0012,22,0,256.387,6.4976,0.048534,18.5476,0.000410666,0.00255257,0.0473441,-0.00135257,-0.0618288
34.12,0.4,0.000410666,18.5553,0.19631,-0.0249278,0.0012,22,0,256.758,6.51561,0.0485819,18.5553,0.000410666,0.00255363,0.0473835,-0.00135363,-0.0723113
34.14,0.4,0.000410666,18.5615,0.199649,-0.0346746,0.00101224,22,0,257.129,6.53365,0.048633,18.5615,0.000410666,0.00255449,0.0474152,-0.00154224,-0.0820898
34.16,0.4,0.000410666,18.5765,0.203407,-0.0392746,0.0014183,22,0,257.5,6.5517,0.0486841,18.5765,0.000410666,0.00255655,0.0474918,-0.00113825,-0.0867664
34.18,0.4,0.000410666,18.6082,0.204601,-0.0344805,0.0014,22,0,257.871,6.5698,0.0487352,18.6082,0.000410666,0.0025609,0.0476537,-0.0011609,-0.0821342
34.2,0.4,0.000410666,18.6008,0.201973,-0.0192204,0.00164154,22,0,258.242,6.58794,0.0487864,18.6008,0.000410666,0.00255989,0.0476162,-0.000918355,-0.0668366
34.22,0.4,0.000410666,18.6242,0.197384,0.00339073,0.00276048,22,0,258.614,6.60609,0.0488376,18.6242,0.000410666,0.0025631,0.0477356,0.000197382,-0.0443449
34.24,0.4,0.000410666,18.6306,0.194295,0.026781,0.00259046,22,0,258.986,6.62429,0.0488889,18.6306,0.000410666,0.00256399,0.0477688,2.64684e-05,-0.0209878
34.26,0.4,0.000410666,18.6337,0.194039,0.0423543,0.0024172,22,0,259.358,6.64251,0.0489402,18.6337,0.000410666,0.00256442,0.0477845,-0.000147218,-0.00543027
34.28,0.4,0.000410666,18.6423,0.194443,0.0421347,0.00261009,22.405,0,259.731,6.66075,0.0489915,18.6423,0.000410666,0.00256561,0.0478289,4.44789e-05,-0.00569419
34.3,0.4,0.000410666,18.6695,0.192626,0.0222693,0.0032,22.5,0,260.103,6.67902,0.0490428,18.6695,0.000410666,0.00256935,0.0479685,0.000630651,-0.0256992
34.32,0.4,0.000410666,18.6804,0.187544,-0.0150468,0.00281195,22.5,0,260.476,6.69734,0.0490942,18.6804,0.000410666,0.00257084,0.0480243,0.000241105,-0.063071
34.34,0.4,0.000410666,18.7054,0.179316,-0.0621027,0.00118672,22.5,0,260.849,6.71568,0.0491456,18.7054,0.000410666,0.00257428,0.0481529,-0.00138756,-0.110256
34.36,0.3,0.000307999,18.6977,0.167839,-0.107173,0.0008,22.5,0,261.223,6.73407,0.0491939,18.6977,0.000307999,0.00192992,0.0360851,-0.00112992,-0.143258
34.38,0.295205,0.000303077,18.6507,0.153162,-0.137169,0.0008,22.5,0,261.596,6.75247,0.0492291,18.6507,0.000303077,0.0018943,0.03533,-0.0010943,-0.172499
34.4,0.2,0.000205333,18.6805,0.136913,-0.142656,0.0008,22.5,0,261.969,6.77083,0.0492638,18.6805,0.000205333,0.00128543,0.0240124,-0.000485427,-0.166669
34.42,0.1,0.000102666,18.7369,0.122737,-0.122855,0.0008,22.5,0,262.342,6.78924,0.0492832,18.7369,0.000102666,0.000644654,0.0120788,0.000155346,-0.134934
34.44,0.0970984,9.96875e-05,18.7303,0.114735,-0.086756,0.00161159,22.5,0,262.717,6.8077,0.0492928,18.7303,9.96875e-05,0.00062573,0.0117201,0.000985861,-0.0984761
34.46,0,0,18.7225,0.115218,-0.0492028,0.00114275,22.5,0,263.091,6.82616,0.0493021,18.7225,0,0,0,0.00114275,-0.0492028
34.48,0,0,18.7282,0.12391,-0.0236811,0.0004,22.5,0,263.465,6.84462,0.049299,18.7282,0,0,0,0.0004,-0.0236811
34.5,0,0,18.7444,0.138721,-0.0160961,0.00079999,22.5,0,263.839,6.86308,0.049299,18.7444,0,0,0,0.00079999,-0.0160961
34.52,0,0,18.7716,0.156528,-0.0234105,0.000808187,22.5,0,264.213,6.88155,0.049299,18.7716,0,0,0,0.000808187,-0.0234105
34.54,0,0,18.7973,0.173754,-0.0369872,-3.46659e-05,22.5,0,264.588,6.90005,0.049299,18.7973,0,0,0,-3.46659e-05,-0.0369872
34.56,0.1,0.000102666,18.8,0.187425,-0.0481059,-0.00123838,22.5,0,264.964,6.91858,0.0493022,18.8,0.000102666,0.000646826,0.0121603,-0.0018852,-0.0602662
34.58,0.1,0.000102666,18.7999,0.195603,-0.0522116,-0.0018,22.5037,0,265.339,6.93712,0.0493184,18.7999,0.000102666,0.000646821,0.0121601,-0.00244682,-0.0643717
34.6,0.000622793,6.39399e-07,18.7917,0.197054,-0.0493068,-0.00160125,22.6,0,265.715,6.95566,0.0493281,18.7917,6.39399e-07,4.02661e-06,7.56667e-05,-0.00160527,-0.0493824
34.62,0.1,0.000102666,18.8,0.191892,-0.042227,-0.0012,22.6,0,266.09,6.97419,0.0493282,18.8,0.000102666,0.000646825,0.0121603,-0.00184682,-0.0543873
34.64,0.1,0.000102666,18.813,0.182254,-0.0354073,-0.00121699,22.6,0,266.466,6.99274,0.0493443,18.813,0.000102666,0.000647272,0.0121771,-0.00186426,-0.0475844
34.66,0.1,0.000102666,18.8528,0.171021,-0.0334404,-0.00161831,22.6,0,266.842,7.0113,0.0493573,18.8528,0.000102666,0.000648642,0.0122287,-0.00226695,-0.0456691
34.68,0.1,0.000102666,18.8527,0.16055,-0.0389914,-0.00219803,22.6,0,267.218,7.02991,0.0493702,18.8527,0.000102666,0.000648641,0.0122287,-0.00284667,-0.05122
34.7,0.1,0.000102666,18.844,0.153036,-0.0513976,-0.00156032,22.6,0,267.595,7.04852,0.0493832,18.844,0.000102666,0.000648341,0.0122173,-0.00220866,-0.063615
34.72,0.1,0.000102666,18.8278,0.150133,-0.0667873,-0.000599345,22.6,0,267.972,7.06712,0.0493962,18.8278,0.000102666,0.000647784,0.0121964,-0.00124713,-0.0789837
34.74,0.1,0.000102666,18.8618,0.151273,-0.0799876,0,22.6,0,268.348,7.08572,0.0494091,18.8618,0.000102666,0.000648953,0.0122404,-0.000648953,-0.092228
34.76,0.1,0.000102666,18.8726,0.15362,-0.0872661,-0.0002,22.6,0,268.724,7.10436,0.0494221,18.8726,0.000102666,0.000649325,0.0122545,-0.000849325,-0.0995205
34.78,0.1,0.000102666,18.8925,0.153907,-0.0880834,2.04181e-05,22.6102,0,269.102,7.12301,0.0494351,18.8925,0.000102666,0.000650008,0.0122803,-0.00062959,-0.100364
34.8,0.1,0.000102666,18.9082,0.150022,-0.0855129,0.000434456,22.7115,0,269.479,7.14168,0.0494481,18.9082,0.000102666,0.000650548,0.0123007,-0.000216092,-0.0978136
34.82,0.1,0.000102666,18.903,0.142092,-0.0851751,0.0011825,22.9913,0,269.857,7.16038,0.0494611,18.903,0.000102666,0.000650371,0.012294,0.000532132,-0.0974691
34.84,0.1,0.000102666,18.9109,0.132909,-0.0920567,0.000352573,23.2119,0,270.234,7.17907,0.0494741,18.9109,0.000102666,0.000650643,0.0123043,-0.00029807,-0.104361
34.86,0.1,0.000102666,18.909,0.126272,-0.106712,0.000207207,23.3,0,270.612,7.19778,0.0494871,18.909,0.000102666,0.000650575,0.0123017,-0.000443368,-0.119013
34.88,0.1,0.000102666,18.9418,0.124412,-0.123747,0,23.3,0,270.99,7.21649,0.0495002,18.9418,0.000102666,0.000651705,0.0123445,-0.000651705,-0.136091
34.9,0.1,0.000102666,18.9444,0.127321,-0.134312,0,23.3,0,271.368,7.23524,0.0495132,18.9444,0.000102666,0.000651794,0.0123478,-0.000651794,-0.14666
34.92,0.1,0.000102666,18.9444,0.134132,-0.131461,0.000570529,23.3,0,271.747,7.254,0.0495262,18.9444,0.000102666,0.000651796,0.0123479,-8.12669e-05,-0.143809
34.94,0.1,0.000102666,18.9076,0.144824,-0.114542,0.00130647,23.3,0,272.125,7.27276,0.0495393,18.9076,0.000102666,0.000650527,0.0122999,0.000655942,-0.126842
34.96,0.1,0.000102666,18.9423,0.160445,-0.0901399,0,23.3,0,272.503,7.29149,0.0495523,18.9423,0.000102666,0.000651721,0.0123451,-0.000651721,-0.102485
34.98,0.1,0.000102666,18.9732,0.181009,-0.0696889,0.000642576,23.3,0,272.881,7.31026,0.0495653,18.9732,0.000102666,0.000652786,0.0123854,-1.02092e-05,-0.0820743
35,0.1,0.000102666,18.992,0.203462,-0.0641827,0.00057079,23.3,0,273.26,7.32906,0.0495784,18.992,0.000102666,0.000653431,0.0124099,-8.26404e-05,-0.0765926
35.02,0.1,0.000102666,18.9996,0.222821,-0.078015,0.0002,23.3,0,273.64,7.34789,0.0495914,18.9996,0.000102666,0.000653695,0.01242,-0.000453695,-0.0904349
35.04,0.1,0.000102666,19.0121,0.235667,-0.105562,0.000623143,23.4,0,274.019,7.36673,0.0496045,19.0121,0.000102666,0.000654124,0.0124363,-3.09812e-05,-0.117998
35.06,0.1,0.000102666,19.0262,0.242084,-0.132577,0.00101296,23.4,0,274.399,7.38559,0.0496176,19.0262,0.000102666,0.00065461,0.0124548,0.000358348,-0.145032
35.08,0.1,0.000102666,18.9809,0.244191,-0.142986,0.0012,23.4,0,274.779,7.40447,0.0496307,18.9809,0.000102666,0.000653051,0.0123955,0.000546949,-0.155382
35.1,0.1,0.000102666,19.0167,0.243461,-0.128373,0.0012,23.4,0,275.158,7.42331,0.0496438,19.0167,0.000102666,0.000654281,0.0124422,0.000545719,-0.140816
35.12,0.1,0.000102666,19.0194,0.239708,-0.092866,0.00100472,23.4,0,275.538,7.44219,0.0496568,19.0194,0.000102666,0.000654375,0.0124458,0.000350348,-0.105312
35.14,0.1,0.000102666,19.0186,0.232656,-0.049579,0.00121855,23.4,0,275.918,7.46107,0.0496699,19.0186,0.000102666,0.000654347,0.0124448,0.000564198,-0.0620238
35.16,0.1,0.000102666,19.0575,0.224313,-0.013116,0.0016,23.4,0,276.298,7.47996,0.049683,19.0575,0.000102666,0.000655685,0.0124957,0.000944315,-0.0256117
35.18,0.1,0.000102666,19.0446,0.21872,0.00688321,0.00138211,23.4,0,276.679,7.4989,0.0496961,19.0446,0.000102666,0.00065524,0.0124788,0.000726874,-0.00559556
35.2,0.1,0.000102666,19.0478,0.218577,0.00920074,0.0012,23.4,0,277.059,7.51782,0.0497092,19.0478,0.000102666,0.000655353,0.0124831,0.000544647,-0.00328231
35.22,0.1,0.000102666,19.0633,0.222684,-0.000318215,0.0012,23.4,0,277.44,7.53675,0.0497224,19.0633,0.000102666,0.000655884,0.0125033,0.000544116,-0.0128215
35.24,0.1,0.000102666,19.0973,0.226988,-0.0136489,-6.10688e-06,23.4031,0,277.821,7.55571,0.0497355,19.0973,0.000102666,0.000657054,0.0125479,-0.00066316,-0.0261968
35.26,0.1,0.000102666,19.1,0.227709,-0.0245879,-0.0006,23.5,0,278.202,7.5747,0.0497486,19.1,0.000102666,0.000657148,0.0125515,-0.00125715,-0.0371395
35.28,0.1,0.000102666,19.1,0.223544,-0.0301767,-0.000596028,23.5,0,278.584,7.5937,0.0497618,19.1,0.000102666,0.000657148,0.0125515,-0.00125318,-0.0427282
35.3,0.1,0.000102666,19.0999,0.21576,-0.0303291,-0.000380597,23.5,0,278.965,7.61271,0.0497749,19.0999,0.000102666,0.000657143,0.0125514,-0.00103774,-0.0428805
35.32,0.1,0.000102666,19.0973,0.206829,-0.0266229,-0.00039209,23.5,0,279.347,7.63172,0.049788,19.0973,0.000102666,0.000657054,0.0125479,-0.00104914,-0.0391709
35.34,0.1,0.000102666,19.1066,0.198869,-0.0213449,0,23.5,0,279.729,7.65073,0.0498012,19.1066,0.000102666,0.000657375,0.0125602,-0.000657375,-0.0339051
35.36,0.1,0.000102666,19.1445,0.193142,-0.0169524,-8.59471e-06,23.5,0,280.11,7.66976,0.0498143,19.1445,0.000102666,0.00065868,0.0126101,-0.000667275,-0.0295626
35.38,0.1,0.000102666,19.1521,0.191005,-0.0156299,-0.0006,23.5,0,280.493,7.68883,0.0498275,19.1521,0.000102666,0.000658941,0.0126201,-0.00125894,-0.02825
35.4,0.1,0.000102666,19.1388,0.194573,-0.0191269,-0.00038861,23.6,0,280.875,7.70791,0.0498407,19.1388,0.000102666,0.000658484,0.0126026,-0.00104709,-0.0317295
35.42,0.1,0.000102666,19.1365,0.205106,-0.0286568,0,23.6,0,281.258,7.72699,0.0498539,19.1365,0.000102666,0.000658404,0.0125995,-0.000658404,-0.0412563
35.44,0.1,0.000102666,19.1532,0.220754,-0.0441731,0,23.6,0,281.64,7.74606,0.049867,19.1532,0.000102666,0.000658978,0.0126215,-0.000658978,-0.0567946
35.46,0.1,0.000102666,19.1754,0.237077,-0.0633015,0,23.7,0,282.023,7.76516,0.0498802,19.1754,0.000102666,0.000659743,0.0126509,-0.000659743,-0.0759524
35.48,0.1,0.000102666,19.1894,0.250126,-0.081595,0.000195304,23.8023,0,282.406,7.78429,0.0498934,19.1894,0.000102666,0.000660222,0.0126692,-0.000464918,-0.0942642
35.5,0.1,0.000102666,19.2266,0.258711,-0.0944098,4.10727e-05,23.9,0,282.789,7.80344,0.0499066,19.2266,0.000102666,0.000661503,0.0127184,-0.00062043,-0.107128
35.52,0.1,0.000102666,19.203,0.264078,-0.0982892,0.000596834,23.9984,0,283.173,7.82262,0.0499199,19.203,0.000102666,0.000660691,0.0126872,-6.3857e-05,-0.110976
35.54,0.1,0.000102666,19.2042,0.267851,-0.0917184,0.0002,24,0,283.557,7.84179,0.0499331,19.2042,0.000102666,0.000660732,0.0126888,-0.000460732,-0.104407
35.56,0.1,0.000102666,19.2389,0.270196,-0.0764708,0.000380513,24,0,283.94,7.86097,0.0499463,19.2389,0.000102666,0.000661926,0.0127347,-0.000281413,-0.0892055
35.58,0.1,0.000102666,19.2389,0.27001,-0.0574297,0.000208333,24,0,284.325,7.88018,0.0499595,19.2389,0.000102666,0.000661926,0.0127347,-0.000453593,-0.0701644
35.6,0.1,0.000102666,19.2389,0.266739,-0.0397058,0.0004,24,0,284.709,7.8994,0.0499728,19.2389,0.000102666,0.000661926,0.0127347,-0.000261926,-0.0524405
35.62,0.1,0.000102666,19.2502,0.261751,-0.0262772,0,24,0,285.093,7.91863,0.049986,19.2502,0.000102666,0.000662316,0.0127497,-0.000662316,-0.0390269
35.64,0.1,0.000102666,19.2525,0.258073,-0.0178978,0,24,0,285.478,7.93787,0.0499993,19.2525,0.000102666,0.000662395,0.0127528,-0.000662395,-0.0306505
35.66,0.1,0.000102666,19.2638,0.258388,-0.0138638,0,24,0,285.863,7.95712,0.0500125,19.2638,0.000102666,0.000662784,0.0127677,-0.000662784,-0.0266315
35.68,0.1,0.000102666,19.2614,0.262712,-0.0127697,0,24,0,286.247,7.97639,0.0500258,19.2614,0.000102666,0.000662702,0.0127646,-0.000662702,-0.0255343
35.7,0.1,0.000102666,19.2942,0.268485,-0.0131513,-0.000410944,24,0,286.632,7.99566,0.050039,19.2942,0.000102666,0.00066383,0.0128081,-0.00107477,-0.0259594
35.72,0.1,0.000102666,19.2864,0.273296,-0.0138076,-0.000785402,24,0,287.018,8.01496,0.0500523,19.2864,0.000102666,0.000663562,0.0127977,-0.00144896,-0.0266053
35.74,0.1,0.000102666,19.3001,0.276893,-0.0138391,-0.0016,24,0,287.403,8.03427,0.0500656,19.3001,0.000102666,0.000664031,0.0128159,-0.00226403,-0.0266549
35.76,0.1,0.000102666,19.3054,0.280281,-0.0126121,-0.0013771,24,0,287.789,8.05359,0.0500788,19.3054,0.000102666,0.000664215,0.0128229,-0.00204131,-0.025435
35.78,0.1,0.000102666,19.3,0.283682,-0.00980836,-0.000996417,24,0,288.174,8.07292,0.0500921,19.3,0.000102666,0.00066403,0.0128158,-0.00166045,-0.0226241
35.8,0.1,0.000102666,19.3047,0.285986,-0.00566998,-0.00101726,24,0,288.56,8.09225,0.0501054,19.3047,0.000102666,0.000664192,0.0128221,-0.00168146,-0.018492
35.82,0.0058196,5.97477e-06,19.3486,0.286023,-0.00147228,-0.00157672,24,0,288.946,8.1116,0.0501156,19.3486,5.97477e-06,3.87411e-05,0.000749584,-0.00161546,-0.00222186
35.84,0,0,19.3525,0.283967,0.000272789,-0.00198929,24,0,289.332,8.13098,0.050113,19.3525,0,0,0,-0.00198929,0.000272789
35.86,0,0,19.3422,0.28124,-0.00289199,-0.0014,24,0,289.719,8.15038,0.0501128,19.3422,0,0,0,-0.0014,-0.00289199
35.88,0,0,19.3509,0.279186,-0.0109521,-0.0018,24,0,290.105,8.16976,0.0501128,19.3509,0,0,0,-0.0018,-0.0109521
35.9,-0.0941827,-9.6694e-05,19.3688,0.278326,-0.0210135,-0.00161163,24,0,290.492,8.18915,0.0501097,19.3688,-9.6694e-05,-0.00062763,-0.0121565,-0.000984004,-0.00885707
35.92,-0.2,-0.000205333,19.3694,0.278701,-0.030105,-0.000833497,24,0,290.879,8.20855,0.0500905,19.3694,-0.000205333,-0.00133284,-0.0258163,0.000499339,-0.00428872
35.94,-0.3,-0.000307999,19.3844,0.280015,-0.037837,-0.0008,24,0,291.266,8.22794,0.050057,19.3844,-0.000307999,-0.0020008,-0.0387845,0.0012008,0.000947472
35.96,-0.4,-0.000410666,19.4056,0.281637,-0.0458463,-0.000994616,24,0,291.653,8.24733,0.0500103,19.4056,-0.000410666,-0.00267065,-0.0518255,0.00167603,0.00597926
35.98,-0.4,-0.000410666,19.4085,0.283448,-0.0550942,-0.000621524,24,0,292.041,8.26673,0.0499535,19.4085,-0.000410666,-0.00267104,-0.0518409,0.00204952,-0.00325331
36,-0.5,-0.000513332,19.4121,0.286259,-0.0644963,-0.00123726,24,0,292.428,8.2861,0.0498967,19.4121,-0.000513332,-0.00333943,-0.0648253,0.00210217,0.000329088
36.02,-0.590931,-0.000606688,19.4429,0.290576,-0.0721936,-0.00216373,24,0,292.816,8.30545,0.0498236,19.4429,-0.000606688,-0.003953,-0.0768577,0.00178928,0.00466415
36.04,-0.6,-0.000615999,19.4551,0.295329,-0.0771007,-0.0016,24,0,293.205,8.32481,0.0497411,19.4551,-0.000615999,-0.00401619,-0.0781355,0.00241619,0.00103481
36.06,-0.7,-0.000718665,19.4478,0.298264,-0.0798942,-0.00242115,24,0,293.593,8.34414,0.0496572,19.4478,-0.000718665,-0.00468379,-0.0910892,0.00226264,0.0111949
36.08,-0.7,-0.000718665,19.4777,0.29747,-0.0845117,-0.003399,24,0,293.982,8.36343,0.0495601,19.4777,-0.000718665,-0.00469101,-0.0913703,0.00129201,0.00685855
36.1,-0.708817,-0.000727717,19.4696,0.292855,-0.0969889,-0.0042529,24,0,294.371,8.38271,0.049466,19.4696,-0.000727717,-0.0047481,-0.0924434,0.000495199,-0.00454551
36.12,-0.895412,-0.000919288,19.4722,0.286108,-0.120131,-0.00518165,24,0,294.76,8.40195,0.0493645,19.4722,-0.000919288,-0.00599883,-0.11681,0.000817185,-0.00332123
36.14,-0.906128,-0.000930289,19.4841,0.278809,-0.150573,-0.00541226,24,0,295.149,8.42115,0.0492379,19.4841,-0.000930289,-0.00607435,-0.118353,0.000662091,-0.0322194
36.16,-1,-0.00102666,19.5069,0.271289,-0.181905,-0.0056,24,0,295.538,8.44031,0.0491128,19.5069,-0.00102666,-0.00671147,-0.13092,0.00111147,-0.0509857
36.18,-1,-0.00102666,19.4782,0.263772,-0.209082,-0.00581529,24,0,295.928,8.45943,0.0489754,19.4782,-0.00102666,-0.0067016,-0.130535,0.000886313,-0.0785472
36.2,-1,-0.00102666,19.4893,0.258057,-0.229564,-0.0064374,24,0,296.317,8.47848,0.0488414,19.4893,-0.00102666,-0.00670541,-0.130684,0.000268013,-0.0988802
36.22,-1,-0.00102666,19.4976,0.257483,-0.242167,-0.0068,24,0,296.706,8.49749,0.0487073,19.4976,-0.00102666,-0.00670829,-0.130796,-9.17075e-05,-0.111371
36.24,-1,-0.00102666,19.5201,0.264294,-0.246476,-0.0068,24,0,297.096,8.51645,0.0485731,19.5201,-0.00102666,-0.00671603,-0.131098,-8.3966e-05,-0.115378
36.26,-1,-0.00102666,19.5314,0.276695,-0.243146,-0.0062,24,0,297.486,8.53538,0.0484387,19.5314,-0.00102666,-0.00671989,-0.131249,0.000519894,-0.111897
36.28,-1,-0.00102666,19.5611,0.289287,-0.234405,-0.00681483,24,0,297.876,8.55427,0.0483043,19.5611,-0.00102666,-0.00673011,-0.131648,-8.472e-05,-0.102757
36.3,-1,-0.00102666,19.558,0.296831,-0.224395,-0.00698504,24,0,298.267,8.57314,0.0481697,19.558,-0.00102666,-0.00672906,-0.131607,-0.000255972,-0.0927876
36.32,-1,-0.00102666,19.5504,0.297858,-0.217546,-0.0068,24,0,298.658,8.59195,0.0480351,19.5504,-0.00102666,-0.00672645,-0.131505,-7.35512e-05,-0.0860408
36.34,-1,-0.00102666,19.5814,0.295321,-0.215104,-0.00638195,24,0,299.048,8.6107,0.0479006,19.5814,-0.00102666,-0.00673712,-0.131923,0.000355169,-0.0831812
36.36,-1,-0.00102666,19.6008,0.293567,-0.214035,-0.00624535,24,0,299.44,8.62943,0.0477658,19.6008,-0.00102666,-0.0067438,-0.132184,0.000498445,-0.0818511
36.38,-1,-0.00102666,19.616,0.294233,-0.210367,-0.0066,24,0,299.831,8.64813,0.0476309,19.616,-0.00102666,-0.006749,-0.132388,0.000148999,-0.0779793
36.4,-1,-0.00102666,19.5873,0.295488,-0.203565,-0.0062,24,0,300.223,8.66678,0.0474959,19.5873,-0.00102666,-0.00673915,-0.132002,0.000539148,-0.0715636
36.42,-1,-0.00102666,19.622,0.294838,-0.197211,-0.0062,24,0,300.615,8.68536,0.0473611,19.622,-0.00102666,-0.00675108,-0.13247,0.000551084,-0.064741
36.44,-1,-0.00102666,19.6142,0.291465,-0.195302,-0.006,24,0,301.007,8.70391,0.0472261,19.6142,-0.00102666,-0.00674841,-0.132365,0.000748406,-0.0629373
36.46,-1,-0.00102666,19.6225,0.286248,-0.198511,-0.0062,23.957,0,301.398,8.72241,0.0470911,19.6225,-0.00102666,-0.00675125,-0.132477,0.000551255,-0.0660347
36.48,-1,-0.00102666,19.6285,0.280679,-0.203877,-0.00643405,23.6,0,301.791,8.74086,0.046956,19.6285,-0.00102666,-0.0067533,-0.132557,0.000319258,-0.0713201
36.5,-1,-0.00102666,19.6445,0.2757,-0.207083,-0.0078115,23.6,0,302.183,8.75926,0.0468209,19.6445,-0.00102666,-0.00675881,-0.132773,-0.00105268,-0.0743091
36.52,-1,-0.00102666,19.6471,0.271703,-0.20536,-0.00838406,23.6,0,302.575,8.77763,0.0466857,19.6471,-0.00102666,-0.00675972,-0.132809,-0.00162435,-0.0725507
36.54,-1,-0.00102666,19.645,0.269999,-0.199022,-0.00777531,23.6,0,302.968,8.79594,0.0465505,19.645,-0.00102666,-0.006759,-0.132781,-0.00101631,-0.0662409
36.56,-1,-0.00102666,19.6721,0.273162,-0.189898,-0.00742355,23.6,0,303.36,8.8142,0.0464153,19.6721,-0.00102666,-0.0067683,-0.133146,-0.000655245,-0.056752
36.58,-1,-0.00102666,19.6669,0.282559,-0.178621,-0.00799357,23.6,0,303.753,8.83243,0.0462799,19.6669,-0.00102666,-0.00676654,-0.133077,-0.00122704,-0.0455441
36.6,-1,-0.00102666,19.6845,0.296194,-0.164501,-0.0076,23.6,0,304.146,8.85061,0.0461446,19.6845,-0.00102666,-0.0067726,-0.133315,-0.000827405,-0.0311852
36.62,-1,-0.00102666,19.7159,0.310011,-0.14799,-0.00730586,23.6,0,304.54,8.86874,0.0460091,19.7159,-0.00102666,-0.00678337,-0.13374,-0.00052249,-0.0142506
36.64,-0.9,-0.000923998,19.7315,0.320494,-0.132347,-0.00697877,23.6,0,304.934,8.88685,0.0458768,19.7315,-0.000923998,-0.00610987,-0.120557,-0.000868903,-0.0117905
36.66,-0.9,-0.000923998,19.7337,0.325456,-0.121954,-0.0068,23.6,0,305.328,8.90493,0.045758,19.7337,-0.000923998,-0.00611054,-0.120583,-0.000689455,-0.00137023
36.68,-0.9,-0.000923998,19.7582,0.323735,-0.119103,-0.0068,23.6,0,305.722,8.92296,0.0456358,19.7582,-0.000923998,-0.00611814,-0.120883,-0.000681858,0.0017805
36.7,-0.9,-0.000923998,19.7457,0.315322,-0.123405,-0.00681745,23.6,0,306.117,8.94097,0.0455134,19.7457,-0.000923998,-0.00611426,-0.12073,-0.000703192,-0.00267513
36.72,-0.9,-0.000923998,19.7717,0.301378,-0.133453,-0.00700548,23.6,0,306.512,8.95892,0.0453911,19.7717,-0.000923998,-0.00612233,-0.121049,-0.00088315,-0.0124043
36.74,-0.9,-0.000923998,19.7405,0.283837,-0.147632,-0.0072,23.5893,0,306.907,8.97684,0.0452686,19.7405,-0.000923998,-0.00611265,-0.120666,-0.00108735,-0.0269659
36.76,-0.9,-0.000923998,19.7666,0.265402,-0.164439,-0.00721589,23.5,0,307.301,8.99468,0.0451463,19.7666,-0.000923998,-0.00612074,-0.120986,-0.00109515,-0.0434529
36.78,-0.9,-0.000923998,19.7611,0.249527,-0.182693,-0.00820034,23.5,0,307.696,9.0125,0.0450239,19.7611,-0.000923998,-0.00611905,-0.120919,-0.00208129,-0.0617735
36.8,-0.9,-0.000923998,19.7803,0.239317,-0.200487,-0.00861191,23.5,0,308.091,9.03027,0.0449015,19.7803,-0.000923998,-0.00612498,-0.121154,-0.00248693,-0.0793332
36.82,-0.9,-0.000923998,19.774,0.236008,-0.214552,-0.009,23.5,0,308.486,9.048,0.044779,19.774,-0.000923998,-0.00612302,-0.121076,-0.00287698,-0.0934756
36.84,-0.9,-0.000923998,19.817,0.238191,-0.221643,-0.00858285,23.5,0,308.882,9.06569,0.0446565,19.817,-0.000923998,-0.00613636,-0.121604,-0.0024465,-0.100038
36.86,-0.9,-0.000923998,19.8323,0.2424,-0.220294,-0.00775499,23.5,0,309.277,9.08336,0.0445338,19.8323,-0.000923998,-0.00614109,-0.121792,-0.0016139,-0.0985023
36.88,-0.9,-0.000923998,19.8053,0.24561,-0.211129,-0.0068,23.5,0,309.674,9.10099,0.044411,19.8053,-0.000923998,-0.00613272,-0.12146,-0.000667283,-0.089669
36.9,-0.9,-0.000923998,19.7946,0.247575,-0.196017,-0.0068,23.5,0,310.07,9.11856,0.0442883,19.7946,-0.000923998,-0.00612942,-0.12133,-0.00067058,-0.0746873
36.92,-0.9,-0.000923998,19.8501,0.249954,-0.177407,-0.00578696,23.5,0,310.465,9.13606,0.0441657,19.8501,-0.000923998,-0.00614661,-0.122011,0.000359652,-0.0553956
36.94,-0.8,-0.000821331,19.8652,0.253513,-0.158053,-0.00437958,23.5,0,310.862,9.15357,0.0440461,19.8652,-0.000821331,-0.00546781,-0.108619,0.00108823,-0.0494337
36.96,-0.8,-0.000821331,19.8401,0.257205,-0.140754,-0.00397602,23.5,0,311.259,9.17104,0.0439402,19.8401,-0.000821331,-0.00546089,-0.108345,0.00148487,-0.0324096
36.98,-0.8,-0.000821331,19.8583,0.259828,-0.128241,-0.00399969,23.5,0,311.655,9.18845,0.043831,19.8583,-0.000821331,-0.00546591,-0.108544,0.00146622,-0.019697
37,-0.8,-0.000821331,19.8746,0.2613,-0.122265,-0.0048,23.5,0,312.052,9.20584,0.0437216,19.8746,-0.000821331,-0.00547038,-0.108721,0.000670375,-0.0135434
37.02,-0.8,-0.000821331,19.8585,0.261494,-0.122006,-0.00460386,23.5,0,312.449,9.22319,0.0436122,19.8585,-0.000821331,-0.00546595,-0.108546,0.000862094,-0.0134606
37.04,-0.7,-0.000718665,19.8922,0.259059,-0.125399,-0.00441606,23.5,0,312.846,9.24049,0.0435063,19.8922,-0.000718665,-0.00479083,-0.0953004,0.000374774,-0.0300984
37.06,-0.7,-0.000718665,19.9057,0.252736,-0.133692,-0.00486686,23.5,0,313.244,9.25777,0.0434139,19.9057,-0.000718665,-0.00479409,-0.0954297,-7.27722e-05,-0.0382627
37.08,-0.7,-0.000718665,19.9085,0.243192,-0.152694,-0.00624077,23.5,0,313.641,9.27504,0.043318,19.9085,-0.000718665,-0.00479475,-0.0954561,-0.00144602,-0.0572384
37.1,-0.7,-0.000718665,19.9107,0.232855,-0.186998,-0.00660998,23.5,0,314.039,9.29226,0.0432221,19.9107,-0.000718665,-0.00479528,-0.0954774,-0.0018147,-0.0915209
37.12,-0.7,-0.000718665,19.8946,0.224078,-0.233323,-0.00640618,23.5,0,314.437,9.30945,0.0431262,19.8946,-0.000718665,-0.0047914,-0.0953228,-0.00161478,-0.138
37.14,-0.7,-0.000718665,19.8908,0.217716,-0.280052,-0.0054,23.5,0,314.835,9.32659,0.0430303,19.8908,-0.000718665,-0.00479049,-0.0952865,-0.000609514,-0.184765
37.16,-0.7,-0.000718665,19.9346,0.213508,-0.311955,-0.0052,23.5,0,315.232,9.34368,0.0429345,19.9346,-0.000718665,-0.00480104,-0.0957068,-0.000398961,-0.216248
37.18,-0.7,-0.000718665,19.9094,0.211159,-0.316476,-0.0048309,23.5,0,315.631,9.36078,0.0428385,19.9094,-0.000718665,-0.00479497,-0.0954651,-3.59277e-05,-0.221011
37.2,-0.7,-0.000718665,19.9333,0.210692,-0.290614,-0.00336568,23.4957,0,316.028,9.37781,0.0427426,19.9333,-0.000718665,-0.00480073,-0.0956946,0.00143506,-0.194919
37.22,-0.7,-0.000718665,19.9308,0.212761,-0.244443,-0.00214024,23.4,0,316.427,9.39483,0.0426465,19.9308,-0.000718665,-0.00480013,-0.0956707,0.0026599,-0.148772
37.24,-0.7,-0.000718665,19.9204,0.21883,-0.195388,-0.00122274,23.4,0,316.825,9.41181,0.0425505,19.9204,-0.000718665,-0.00479763,-0.0955708,0.00357489,-0.0998171
37.26,-0.6,-0.000615999,19.9449,0.229924,-0.157439,-0.00139242,23.4,0,317.223,9.42874,0.042458,19.9449,-0.000615999,-0.0041173,-0.0821191,0.00272488,-0.0753201
37.28,-0.6,-0.000615999,19.9689,0.244807,-0.136321,-0.0012,23.4,0,317.622,9.44566,0.0423791,19.9689,-0.000615999,-0.00412225,-0.0823168,0.00292225,-0.0540038
37.3,-0.6,-0.000615999,19.975,0.259736,-0.1324,-0.0008,23.4,0,318.021,9.46256,0.0422966,19.975,-0.000615999,-0.00412352,-0.0823672,0.00332352,-0.0500329
37.32,-0.6,-0.000615999,19.9737,0.270429,-0.143815,-0.00089896,23.4,0,318.42,9.47944,0.0422141,19.9737,-0.000615999,-0.00412325,-0.0823567,0.00322429,-0.061458
37.34,-0.6,-0.000615999,19.9688,0.274631,-0.165507,-0.00151481,23.4,0,318.819,9.49628,0.0421317,19.9688,-0.000615999,-0.00412224,-0.0823161,0.00260743,-0.0831908
37.36,-0.6,-0.000615999,19.9833,0.272499,-0.187885,-0.002,23.4,0,319.218,9.51309,0.0420492,19.9833,-0.000615999,-0.00412524,-0.082436,0.00212524,-0.105449
37.38,-0.6,-0.000615999,19.9833,0.264823,-0.199446,-0.00198606,23.4,0,319.618,9.52988,0.0419667,19.9833,-0.000615999,-0.00412524,-0.082436,0.00213917,-0.11701
37.4,-0.6,-0.000615999,19.9751,0.251945,-0.192364,-0.00239385,23.4,0,320.017,9.54663,0.0418842,19.9751,-0.000615999,-0.00412354,-0.0823683,0.00172969,-0.109995
37.42,-0.6,-0.000615999,19.9588,0.234703,-0.167566,-0.00379327,23.1983,0,320.416,9.56335,0.0418017,19.9588,-0.000615999,-0.00412016,-0.0822333,0.000326896,-0.0853325
37.44,-0.6,-0.000615999,19.9878,0.216051,-0.135201,-0.00349763,22.9869,0,320.815,9.58001,0.0417193,19.9878,-0.000615999,-0.00412616,-0.0824727,0.000628523,-0.0527283
37.46,-0.6,-0.000615999,19.9964,0.200998,-0.108836,-0.0044,22.9,0,321.215,9.59667,0.0416367,19.9964,-0.000615999,-0.00412793,-0.0825435,-0.000272074,-0.0262927
37.48,-0.6,-0.000615999,19.9724,0.193902,-0.0973578,-0.00459666,22.9,0,321.614,9.6133,0.0415542,19.9724,-0.000615999,-0.00412299,-0.0823462,-0.000473673,-0.0150117
37.5,-0.6,-0.000615999,20.0275,0.195954,-0.0997028,-0.00497122,22.9,0,322.013,9.62988,0.0414717,20.0275,-0.000615999,-0.00413435,-0.0828004,-0.000836874,-0.0169024
37.52,-0.5,-0.000513332,20.0117,0.205359,-0.106323,-0.00403981,22.9,0,322.414,9.64647,0.0413925,20.0117,-0.000513332,-0.00344257,-0.0688916,-0.000597241,-0.0374319
37.54,-0.5,-0.000513332,20.0115,0.218816,-0.107387,-0.0054546,22.9,0,322.813,9.66302,0.041327,20.0115,-0.000513332,-0.00344254,-0.0688905,-0.00201206,-0.0384968
37.56,-0.5,-0.000513332,20.0005,0.232784,-0.100045,-0.0063787,22.9,0,323.213,9.67955,0.0412582,20.0005,-0.000513332,-0.00344064,-0.0688144,-0.00293805,-0.031231
37.58,-0.5,-0.000513332,20.0269,0.244435,-0.0882311,-0.00561116,22.9,0,323.613,9.69604,0.0411894,20.0269,-0.000513332,-0.0034452,-0.0689968,-0.00216596,-0.0192342
37.6,-0.5,-0.000513332,20.003,0.251718,-0.0780838,-0.0054,22.9,0,324.013,9.71252,0.0411205,20.003,-0.000513332,-0.00344108,-0.068832,-0.00195892,-0.00925187
37.62,-0.5,-0.000513332,20.0564,0.253264,-0.0753006,-0.00598237,22.9,0,324.413,9.72895,0.0410516,20.0564,-0.000513332,-0.00345027,-0.0692,-0.0025321,-0.00610068
37.64,-0.5,-0.000513332,20.0578,0.249449,-0.0850584,-0.00495205,22.9,0,324.814,9.7454,0.0409826,20.0578,-0.000513332,-0.00345051,-0.0692095,-0.00150155,-0.0158489
37.66,-0.4,-0.000410666,20.0449,0.242929,-0.110664,-0.0048071,22.9,0,325.215,9.76183,0.040917,20.0449,-0.000410666,-0.00275863,-0.0552965,-0.00204847,-0.0553675
37.68,-0.4,-0.000410666,20.0715,0.236928,-0.150625,-0.00519054,22.9,0,325.615,9.77822,0.0408653,20.0715,-0.000410666,-0.00276229,-0.0554435,-0.00242825,-0.0951813
37.7,-0.4,-0.000410666,20.0283,0.232742,-0.197726,-0.0052,22.9,0,326.017,9.79461,0.0408101,20.0283,-0.000410666,-0.00275634,-0.0552048,-0.00244366,-0.142521
37.72,-0.3,-0.000307999,20.0418,0.22872,-0.240863,-0.005,22.9,0,326.417,9.81094,0.0407584,20.0418,-0.000307999,-0.00206865,-0.0414594,-0.00293135,-0.199404
37.74,-0.196941,-0.000202193,20.0508,0.221761,-0.268986,-0.00498779,22.9,0,326.817,9.82727,0.040724,20.0508,-0.000202193,-0.00135862,-0.0272415,-0.00362917,-0.241744
37.76,-0.1,-0.000102666,20.0625,0.210236,-0.27684,-0.0048,22.9,0,327.218,9.84359,0.0407037,20.0625,-0.000102666,-0.000690264,-0.0138485,-0.00410974,-0.262992
37.78,-0.1,-0.000102666,20.0348,0.195679,-0.267962,-0.00443539,22.9,0,327.619,9.85992,0.0406933,20.0348,-0.000102666,-0.000689311,-0.0138102,-0.00374608,-0.254152
37.8,-0.1,-0.000102666,20.0615,0.181838,-0.250876,-0.00276537,22.9,0,328.02,9.87622,0.0406795,20.0615,-0.000102666,-0.000690229,-0.013847,-0.00207514,-0.237029
37.82,-0.1,-0.000102666,20.0794,0.172195,-0.232428,-0.00112032,22.9,0,328.42,9.89254,0.0406657,20.0794,-0.000102666,-0.000690846,-0.0138718,-0.000429477,-0.218556
37.84,-0.1,-0.000102666,20.0963,0.168141,-0.214609,8.94853e-05,22.9,0,328.822,9.90886,0.0406518,20.0963,-0.000102666,-0.000691426,-0.0138951,0.000780911,-0.200714
37.86,-0.1,-0.000102666,20.0998,0.168971,-0.196024,0.00141519,22.9,0,329.223,9.92519,0.040638,20.0998,-0.000102666,-0.000691547,-0.0139,0.00210674,-0.182124
37.88,-0.1,-0.000102666,20.0812,0.173133,-0.175183,0.00257512,22.9,0,329.625,9.94152,0.0406242,20.0812,-0.000102666,-0.000690907,-0.0138742,0.00326603,-0.161308
37.9,-0.1,-0.000102666,20.1052,0.179186,-0.153103,0.0026,22.9,0,330.026,9.95783,0.0406104,20.1052,-0.000102666,-0.000691734,-0.0139075,0.00329173,-0.139196
37.92,-0.1,-0.000102666,20.0898,0.18553,-0.133751,0.00219059,22.8,0,330.428,9.97416,0.0405965,20.0898,-0.000102666,-0.000691203,-0.0138861,0.00288179,-0.119865
37.94,-0.1,-0.000102666,20.1083,0.190225,-0.121159,0.00177281,22.8,0,330.83,9.99046,0.0405827,20.1083,-0.000102666,-0.00069184,-0.0139118,0.00246465,-0.107247
37.96,-0.1,-0.000102666,20.1083,0.192187,-0.115588,0.0012,22.8,0,331.232,10.0068,0.0405689,20.1083,-0.000102666,-0.000691837,-0.0139116,0.00189184,-0.101677
37.98,-0.1,-0.000102666,20.1056,0.191994,-0.11312,0.00100484,22.8,0,331.633,10.0231,0.040555,20.1056,-0.000102666,-0.000691746,-0.013908,0.00169658,-0.0992117
38,-0.1,-0.000102666,20.0702,0.190669,-0.108584,0.00058929,22.8,0,332.035,10.0394,0.0405412,20.0702,-0.000102666,-0.00069053,-0.0138591,0.00127982,-0.0947247
38.02,-0.1,-0.000102666,20.0975,0.188061,-0.0986454,0.000419964,22.8,0,332.436,10.0557,0.0405274,20.0975,-0.000102666,-0.000691467,-0.0138968,0.00111143,-0.0847486
38.04,-0.1,-0.000102666,20.1095,0.182954,-0.0833605,0.001,22.7884,0,332.838,10.0719,0.0405136,20.1095,-0.000102666,-0.000691881,-0.0139134,0.00169188,-0.0694471
38.06,-0.1,-0.000102666,20.1306,0.174625,-0.0659884,0.000989578,22.6,0,333.24,10.0882,0.0404997,20.1306,-0.000102666,-0.000692606,-0.0139426,0.00168218,-0.0520459
38.08,-0.1,-0.000102666,20.1332,0.164152,-0.051407,3.4813e-05,22.5058,0,333.642,10.1045,0.0404859,20.1332,-0.000102666,-0.000692697,-0.0139462,0.00072751,-0.0374607
38.1,-0.1,-0.000102666,20.1223,0.1542,-0.0432371,0,22.5,0,334.045,10.1208,0.040472,20.1223,-0.000102666,-0.000692321,-0.0139311,0.000692321,-0.029306
38.12,-0.1,-0.000102666,20.1303,0.14734,-0.0411546,-0.0002,22.4,0,334.447,10.1371,0.0404582,20.1303,-0.000102666,-0.000692594,-0.0139421,0.000492594,-0.0272125
38.14,-0.1,-0.000102666,20.1197,0.144318,-0.0415358,-0.0002,22.4,0,334.849,10.1534,0.0404443,20.1197,-0.000102666,-0.000692231,-0.0139275,0.000492231,-0.0276083
38.16,-0.1,-0.000102666,20.1331,0.14392,-0.0410605,-0.000418974,22.4,0,335.251,10.1697,0.0404305,20.1331,-0.000102666,-0.000692692,-0.013946,0.000273718,-0.0271144
38.18,-0.1,-0.000102666,20.1278,0.144639,-0.0393347,-0.000809881,22.4,0,335.654,10.1859,0.0404166,20.1278,-0.000102666,-0.000692509,-0.0139387,-0.000117372,-0.025396
38.2,-0.1,-0.000102666,20.1278,0.146401,-0.0382929,-0.0012,22.4,0,336.056,10.2022,0.0404028,20.1278,-0.000102666,-0.000692509,-0.0139387,-0.000507491,-0.0243542
38.22,-0.1,-0.000102666,20.0922,0.150373,-0.0396084,-0.00160746,22.3,0,336.458,10.2185,0.0403889,20.0922,-0.000102666,-0.000691284,-0.0138894,-0.000916177,-0.025719
38.24,-0.1,-0.000102666,20.1191,0.157,-0.0428927,-0.00221782,22.3,0,336.86,10.2347,0.0403751,20.1191,-0.000102666,-0.000692211,-0.0139267,-0.00152561,-0.028966
38.26,-0.1,-0.000102666,20.1112,0.164574,-0.0457696,-0.00220576,22.3,0,337.262,10.2509,0.0403612,20.1112,-0.000102666,-0.00069194,-0.0139158,-0.00151382,-0.0318538
38.28,-0.1,-0.000102666,20.1467,0.170267,-0.045324,-0.0014,22.2,0,337.664,10.2671,0.0403474,20.1467,-0.000102666,-0.000693162,-0.013965,-0.000706838,-0.0313591
38.3,-0.1,-0.000102666,20.139,0.172534,-0.0404457,-0.0017928,22.2,0,338.066,10.2834,0.0403335,20.139,-0.000102666,-0.000692894,-0.0139542,-0.00109991,-0.0264915
38.32,-0.051186,-5.25509e-05,20.1341,0.17209,-0.0331333,-0.00260906,22.0977,0,338.469,10.2996,0.0403214,20.1341,-5.25509e-05,-0.00035458,-0.00713915,-0.00225448,-0.0259941
38.34,0,0,20.1415,0.170602,-0.0269616,-0.00300661,22,0,338.871,10.3159,0.0403177,20.1415,0,0,0,-0.00300661,-0.0269616
38.36,0,0,20.1336,0.168863,-0.0245366,-0.00318898,22,0,339.274,10.3321,0.0403195,20.1336,0,0,0,-0.00318898,-0.0245366
38.38,0,0,20.1571,0.166209,-0.0266105,-0.00242233,22,0,339.676,10.3483,0.0403195,20.1571,0,0,0,-0.00242233,-0.0266105
38.4,0,0,20.1363,0.16148,-0.0328415,-0.0027958,22,0,340.079,10.3646,0.0403195,20.1363,0,0,0,-0.0027958,-0.0328415
38.42,0,0,20.1362,0.154388,-0.0424453,-0.0028,22,0,340.481,10.3808,0.0403195,20.1362,0,0,0,-0.0028,-0.0424453
38.44,0,0,20.1105,0.145635,-0.0537612,-0.00302556,22,0,340.884,10.3971,0.0403195,20.1105,0,0,0,-0.00302556,-0.0537612
38.46,0,0,20.1417,0.135976,-0.0642434,-0.00319899,22,0,341.286,10.4133,0.0403195,20.1417,0,0,0,-0.00319899,-0.0642434
38.48,0,0,20.1478,0.125886,-0.0718374,-0.00262228,21.9889,0,341.688,10.4295,0.0403195,20.1478,0,0,0,-0.00262228,-0.0718374
38.5,0,0,20.1593,0.115998,-0.0758151,-0.003,21.8927,0,342.091,10.4458,0.0403195,20.1593,0,0,0,-0.003,-0.0758151
38.52,0,0,20.1695,0.107489,-0.0767471,-0.0032,21.6975,0,342.494,10.462,0.0403195,20.1695,0,0,0,-0.0032,-0.0767471
38.54,0,0,20.164,0.102034,-0.0768417,-0.00318889,21.5944,0,342.897,10.4783,0.0403195,20.164,0,0,0,-0.00318889,-0.0768417
38.56,0,0,20.1664,0.101055,-0.0790978,-0.00279344,21.5,0,343.3,10.4945,0.0403195,20.1664,0,0,0,-0.00279344,-0.0790978
38.58,0,0,20.153,0.104629,-0.0845807,-0.00239643,21.5,0,343.703,10.5108,0.0403195,20.153,0,0,0,-0.00239643,-0.0845807
38.6,0,0,20.1792,0.110864,-0.091085,-0.00198345,21.5,0,344.106,10.527,0.0403195,20.1792,0,0,0,-0.00198345,-0.091085
38.62,0,0,20.1648,0.116381,-0.0952329,-0.0018164,21.5,0,344.509,10.5433,0.0403195,20.1648,0,0,0,-0.0018164,-0.0952329
38.64,0,0,20.1655,0.118172,-0.0952583,-0.00238074,21.5,0,344.912,10.5596,0.0403195,20.1655,0,0,0,-0.00238074,-0.0952583
38.66,0,0,20.1427,0.115533,-0.091024,-0.00176565,21.5,0,345.315,10.5758,0.0403195,20.1427,0,0,0,-0.00176565,-0.091024
38.68,0,0,20.167,0.109745,-0.0829718,-0.000738848,21.4,0,345.717,10.5921,0.0403195,20.167,0,0,0,-0.000738848,-0.0829718
38.7,0,0,20.175,0.101938,-0.0730457,0,21.4,0,346.12,10.6083,0.0403195,20.175,0,0,0,0,-0.0730457
38.72,0,0,20.1852,0.0921823,-0.0654132,-0.00022253,21.2944,0,346.524,10.6246,0.0403195,20.1852,0,0,0,-0.00022253,-0.0654132
38.74,0,0,20.1883,0.0807405,-0.0644768,-0.001,21.182,0,346.927,10.6409,0.0403195,20.1883,0,0,0,-0.001,-0.0644768
38.76,0,0,20.1743,0.0693695,-0.0718094,-0.000986363,20.8932,0,347.33,10.6571,0.0403195,20.1743,0,0,0,-0.000986363,-0.0718094
38.78,0,0,20.1557,0.0609923,-0.0843419,-0.000610832,20.6838,0,347.734,10.6734,0.0403195,20.1557,0,0,0,-0.000610832,-0.0843419
38.8,0,0,20.1611,0.0579044,-0.0952256,-0.00100015,20.2998,0,348.136,10.6896,0.0403195,20.1611,0,0,0,-0.00100015,-0.0952256
38.82,0,0,20.1676,0.0599745,-0.0975066,-0.00202462,19.9959,0,348.539,10.7059,0.0403195,20.1676,0,0,0,-0.00202462,-0.0975066
38.84,0,0,20.1746,0.0645196,-0.0886744,-0.0026,19.8,0,348.942,10.7222,0.0403195,20.1746,0,0,0,-0.0026,-0.0886744
38.86,0,0,20.1636,0.0680024,-0.0729402,-0.0028,19.8,0,349.346,10.7384,0.0403195,20.1636,0,0,0,-0.0028,-0.0729402
38.88,0,0,20.1534,0.0680652,-0.0587653,-0.00258795,19.8,0,349.749,10.7547,0.0403195,20.1534,0,0,0,-0.00258795,-0.0587653
38.9,0,0,20.1741,0.0642099,-0.0529879,-0.00184343,19.8,0,350.151,10.7709,0.0403195,20.1741,0,0,0,-0.00184343,-0.0529879
38.92,0,0,20.1642,0.0567989,-0.0561357,-0.0012,19.7,0,350.554,10.7872,0.0403195,20.1642,0,0,0,-0.0012,-0.0561357
38.94,0,0,20.1645,0.0459832,-0.0623377,-0.00137659,19.4766,0,350.957,10.8034,0.0403195,20.1645,0,0,0,-0.00137659,-0.0623377
38.96,0,0,20.1745,0.0320754,-0.0644357,-0.000833753,19.3,0,351.36,10.8197,0.0403195,20.1745,0,0,0,-0.000833753,-0.0644357
38.98,0,0,20.1583,0.0166575,-0.0602915,-0.0006,19.0987,0,351.764,10.836,0.0403195,20.1583,0,0,0,-0.0006,-0.0602915
39,0,0,20.1488,0.00234276,-0.0532635,-0.0008,18.9,0,352.166,10.8522,0.0403195,20.1488,0,0,0,-0.0008,-0.0532635
39.02,0,0,20.1451,-0.00900902,-0.0472266,-0.0004,18.7984,0,352.569,10.8685,0.0403195,20.1451,0,0,0,-0.0004,-0.0472266
39.04,0.1,0.000102666,20.1635,-0.0173734,-0.0438061,-0.00122718,18.6955,0,352.972,10.8847,0.040323,20.1635,0.000102666,0.000693737,0.0139881,-0.00192092,-0.0577942
39.06,0.1,0.000102666,20.1443,-0.023868,-0.0437165,-0.0018,18.4963,0,353.375,10.901,0.0403403,20.1443,0.000102666,0.000693077,0.0139615,-0.00249308,-0.057678
39.08,0.1,0.000102666,20.1358,-0.0293563,-0.0480727,-0.0022,18.2929,0,353.777,10.9172,0.0403542,20.1358,0.000102666,0.000692784,0.0139498,-0.00289278,-0.0620225
39.1,0.1,0.000102666,20.1167,-0.0336181,-0.0577057,-0.00200094,17.9009,0,354.179,10.9335,0.040368,20.1167,0.000102666,0.000692128,0.0139233,-0.00269306,-0.071629
39.12,0.1,0.000102666,20.125,-0.036148,-0.0713451,-0.0016,17.4748,0,354.581,10.9497,0.0403819,20.125,0.000102666,0.000692413,0.0139348,-0.00229241,-0.0852799
39.14,0.1,0.000102666,20.1251,-0.0381292,-0.08469,-0.00118045,16.9804,0,354.984,10.966,0.0403957,20.1251,0.000102666,0.000692418,0.013935,-0.00187287,-0.098625
39.16,0.1,0.000102666,20.1282,-0.0427744,-0.0922927,-0.00164395,16.789,0,355.386,10.9822,0.0404096,20.1282,0.000102666,0.000692523,0.0139392,-0.00233647,-0.106232
39.18,0.1,0.000102666,20.1358,-0.0527198,-0.0915757,-0.00162848,16.6071,0,355.788,10.9985,0.0404234,20.1358,0.000102666,0.000692785,0.0139498,-0.00232126,-0.105526
39.2,0.1,0.000102666,20.1086,-0.067292,-0.0853989,-0.00140559,16.4972,0,356.19,11.0148,0.0404373,20.1086,0.000102666,0.000691848,0.0139121,-0.00209744,-0.0993109
39.22,0.1,0.000102666,20.1069,-0.0830302,-0.0804475,-0.00118277,16.1655,0,356.592,11.031,0.0404511,20.1069,0.000102666,0.000691792,0.0139098,-0.00187456,-0.0943573
39.24,0.1,0.000102666,20.0858,-0.0964879,-0.0823925,-0.000820615,15.2485,0,356.994,11.0473,0.0404649,20.0858,0.000102666,0.000691066,0.0138806,-0.00151168,-0.0962731
39.26,0.1,0.000102666,20.0806,-0.105435,-0.0913954,-0.00119881,14.2036,0,357.395,11.0635,0.0404788,20.0806,0.000102666,0.000690885,0.0138734,-0.0018897,-0.105269
39.28,0.2,0.000205333,20.0623,-0.108058,-0.101823,-0.00178282,13.2656,0,357.797,11.0798,0.040496,20.0623,0.000205333,0.00138051,0.0276961,-0.00316333,-0.129519
39.3,0.2,0.000205333,20.0887,-0.103111,-0.107062,-0.00139307,12.7965,0,358.198,11.096,0.0405271,20.0887,0.000205333,0.00138233,0.0277692,-0.00277539,-0.134831
39.32,0.250066,0.000256733,20.0781,-0.0916653,-0.104981,-0.00161812,12.6955,0,358.599,11.1123,0.0405565,20.0781,0.000256733,0.00172745,0.034684,-0.00334558,-0.139665
39.34,0.3,0.000307999,20.0916,-0.0780934,-0.0985001,-0.00199385,12.6,0,359,11.1286,0.0405945,20.0916,0.000307999,0.00207379,0.0416658,-0.00406764,-0.140166
39.36,0.3,0.000307999,20.0807,-0.0695348,-0.0914849,-0.00140783,12.6,0,359.402,11.1449,0.0406377,20.0807,0.000307999,0.00207267,0.0416208,-0.00348051,-0.133106
39.38,0.3,0.000307999,20.1,-0.0751994,-0.08468,-0.00199971,12.6,0,359.803,11.1612,0.0406791,20.1,0.000307999,0.00207466,0.0417006,-0.00407437,-0.126381
39.4,0.4,0.000410666,20.0754,-0.103816,-0.0757489,-0.00158564,12.5928,0,360.205,11.1776,0.0407241,20.0754,0.000410666,0.00276283,0.0554648,-0.00434846,-0.131214
39.42,0.4,0.000410666,20.0454,-0.157728,-0.0630879,-0.0015818,12.3909,0,360.606,11.194,0.0407828,20.0454,0.000410666,0.00275869,0.055299,-0.0043405,-0.118387
39.44,0.4,0.000410666,20.0471,-0.229269,-0.0481915,-0.000378596,12.0839,0,361.006,11.2103,0.0408379,20.0471,0.000410666,0.00275893,0.0553085,-0.00313753,-0.1035
39.46,0.4,0.000410666,20.0408,-0.305159,-0.0346442,0.000422074,11.5834,0,361.407,11.2267,0.0408931,20.0408,0.000410666,0.00275807,0.0552741,-0.002336,-0.0899182
39.48,0.4,0.000410666,20.011,-0.375576,-0.0272304,0.000790548,11.1905,0,361.807,11.2431,0.0409483,20.011,0.000410666,0.00275396,0.0551095,-0.00196341,-0.0823399
39.5,0.4,0.000410666,20,-0.438704,-0.0312495,0.00020134,10.7007,0,362.207,11.2595,0.0410033,20,0.000410666,0.00275246,0.0550492,-0.00255112,-0.0862987
39.52,0.4,0.000410666,19.9664,-0.497211,-0.0496816,0.000218211,10.2954,0,362.607,11.2759,0.0410584,19.9664,0.000410666,0.00274782,0.054864,-0.00252961,-0.104546
39.54,0.4,0.000410666,19.9427,-0.552897,-0.0793743,0.00189915,9.98761,0,363.006,11.2923,0.0411133,19.9427,0.000410666,0.00274457,0.0547343,-0.000845423,-0.134109
39.56,0.4,0.000410666,19.9581,-0.60494,-0.110098,0.003,9.89766,0,363.404,11.3087,0.0411682,19.9581,0.000410666,0.00274669,0.0548188,0.000253309,-0.164917
39.58,0.4,0.000410666,19.9418,-0.650754,-0.128983,0.00280312,9.8,0,363.803,11.3251,0.0412231,19.9418,0.000410666,0.00274444,0.0547291,5.8676e-05,-0.183713
39.6,0.4,0.000410666,19.949,-0.68787,-0.127614,0.00159331,9.8,0,364.201,11.3416,0.041278,19.949,0.000410666,0.00274543,0.0547685,-0.00115212,-0.182382
39.62,0.4,0.000410666,19.9168,-0.715707,-0.106375,0.00164546,9.7,0,364.6,11.358,0.0413329,19.9168,0.000410666,0.00274101,0.0545922,-0.00109554,-0.160967
39.64,0.5,0.000513332,19.909,-0.735644,-0.0734419,0.0032486,9.68785,0,364.997,11.3745,0.0413911,19.909,0.000513332,0.00342491,0.0681867,-0.000176314,-0.141629
39.66,0.5,0.000513332,19.8773,-0.750263,-0.0393951,0.00341067,9.6,0,365.395,11.391,0.041463,19.8773,0.000513332,0.00341946,0.0679698,-8.79529e-06,-0.107365
39.68,0.5,0.000513332,19.861,-0.762908,-0.0115232,0.00401848,9.6,0,365.792,11.4075,0.0415314,19.861,0.000513332,0.00341665,0.067858,0.000601831,-0.0793812
39.7,0.5,0.000513332,19.8527,-0.776632,0.00772382,0.00499834,9.59958,0,366.189,11.424,0.0415997,19.8527,0.000513332,0.00341523,0.0678015,0.00158311,-0.0600777
39.72,0.5,0.000513332,19.8194,-0.792526,0.0181738,0.0041899,9.49495,0,366.585,11.4405,0.0416679,19.8194,0.000513332,0.00340949,0.067574,0.000780408,-0.0494002
39.74,0.5,0.000513332,19.8156,-0.809385,0.0199521,0.0038,9.28978,0,366.981,11.457,0.0417361,19.8156,0.000513332,0.00340884,0.0675483,0.000391158,-0.0475961
39.76,0.5,0.000513332,19.7748,-0.825698,0.0151496,0.0038,8.88179,0,367.377,11.4735,0.0418043,19.7748,0.000513332,0.00340183,0.0672706,0.000398171,-0.052121
39.78,0.5,0.000513332,19.7684,-0.841777,0.00990848,0.0037915,8.38725,0,367.772,11.4901,0.0418723,19.7684,0.000513332,0.00340072,0.0672267,0.000390785,-0.0573182
39.8,0.5,0.000513332,19.7207,-0.85968,0.0124584,0.0035824,7.9736,0,368.167,11.5066,0.0419403,19.7207,0.000513332,0.00339251,0.0669026,0.000189889,-0.0544442
39.82,0.5,0.000513332,19.7287,-0.881553,0.0281249,0.00275984,7.68661,0,368.561,11.5232,0.0420081,19.7287,0.000513332,0.0033939,0.0669572,-0.000634056,-0.0388322
39.84,0.5,0.000513332,19.7178,-0.907848,0.055248,0.00135853,7.5,0,368.955,11.5398,0.0420759,19.7178,0.000513332,0.00339202,0.0668833,-0.00203349,-0.0116353
39.86,0.5,0.000513332,19.6704,-0.936601,0.0846613,0.000182143,7.4,0,369.349,11.5564,0.0421437,19.6704,0.000513332,0.00338386,0.0665619,-0.00320172,0.0180994
39.88,0.5,0.000513332,19.6308,-0.964874,0.103856,0.0002,7.4,0,369.742,11.5729,0.0422114,19.6308,0.000513332,0.00337706,0.0662944,-0.00317706,0.0375615
39.9,0.5,0.000513332,19.6385,-0.990875,0.104175,1.62753e-05,7.4,0,370.134,11.5895,0.0422789,19.6385,0.000513332,0.00337838,0.0663464,-0.0033621,0.0378284
39.92,0.5,0.000513332,19.6037,-1.01403,0.0860521,-0.00038228,7.4,0,370.526,11.6061,0.0423464,19.6037,0.000513332,0.00337239,0.0661113,-0.00375467,0.0199407
39.94,0.5,0.000513332,19.5668,-1.03388,0.0579508,0,7.4,0,370.917,11.6227,0.0424138,19.5668,0.000513332,0.00336603,0.0658623,-0.00336603,-0.00791152
39.96,0.5,0.000513332,19.5673,-1.05039,0.0303372,0,7.4,0,371.308,11.6393,0.0424811,19.5673,0.000513332,0.00336612,0.0658659,-0.00336612,-0.0355287
39.98,0.5,0.000513332,19.5153,-1.06475,0.010339,1.2851e-05,7.4,0,371.699,11.6559,0.0425484,19.5153,0.000513332,0.00335718,0.0655164,-0.00334433,-0.0551774
40,0.5,0.000513332,19.4724,-1.0788,0.000131516,0.000411012,7.4,0,372.089,11.6725,0.0426155,19.4724,0.000513332,0.0033498,0.0652285,-0.00293879,-0.065097
40.02,0.5,0.000513332,19.476,-1.09338,-0.00222623,0.000980597,7.4,0,372.478,11.6891,0.0426825,19.476,0.000513332,0.00335042,0.0652528,-0.00236983,-0.0674791
40.04,0.5,0.000513332,19.4698,-1.10793,-0.00102137,0.000379237,7.4,0,372.866,11.7058,0.0427494,19.4698,0.000513332,0.00334935,0.0652113,-0.00297012,-0.0662326
40.06,0.5,0.000513332,19.4223,-1.12109,-0.000771293,0.000599557,7.4,0,373.255,11.7224,0.0428164,19.4223,0.000513332,0.00334118,0.0648931,-0.00274162,-0.0656644
40.08,0.5,0.000513332,19.4196,-1.13124,-0.00455946,0.0008,7.4,0,373.643,11.739,0.0428832,19.4196,0.000513332,0.00334071,0.0648751,-0.00254071,-0.0694346
40.1,0.5,0.000513332,19.3292,-1.13744,-0.0129236,0.00101551,7.4,0,374.031,11.7557,0.0429499,19.3292,0.000513332,0.00332517,0.0642729,-0.00230966,-0.0771966
40.12,0.5,0.000513332,19.3648,-1.14065,-0.0231007,0.0012,7.4,0,374.417,11.7723,0.0430164,19.3648,0.000513332,0.0033313,0.06451,-0.0021313,-0.0876107
40.14,0.5,0.000513332,19.3111,-1.1433,-0.0300667,0.000973104,7.4,0,374.804,11.7889,0.043083,19.3111,0.000513332,0.00332206,0.0641526,-0.00234895,-0.0942192
40.16,0.5,0.000513332,19.3102,-1.14728,-0.030037,0.00038574,7.4,0,375.189,11.8056,0.0431494,19.3102,0.000513332,0.0033219,0.0641467,-0.00293616,-0.0941836
40.18,0.5,0.000513332,19.2859,-1.15269,-0.0236886,0.0004,7.4,0,375.575,11.8222,0.0432158,19.2859,0.000513332,0.00331772,0.0639853,-0.00291772,-0.0876739
40.2,0.5,0.000513332,19.2672,-1.15837,-0.0159296,0,7.43241,0,375.96,11.8389,0.0432821,19.2672,0.000513332,0.0033145,0.0638611,-0.0033145,-0.0797907
40.22,0.5,0.000513332,19.2134,-1.16316,-0.0121007,0,7.8925,0,376.345,11.8556,0.0433484,19.2134,0.000513332,0.00330525,0.063505,-0.00330525,-0.0756057
40.24,0.5,0.000513332,19.2051,-1.16691,-0.013883,0.00040723,7.9,0,376.728,11.8722,0.0434144,19.2051,0.000513332,0.00330382,0.0634502,-0.00289659,-0.0773332
40.26,0.5,0.000513332,19.1796,-1.1706,-0.0187165,0.000587903,7.9,0,377.112,11.8889,0.0434805,19.1796,0.000513332,0.00329944,0.0632821,-0.00271154,-0.0819985
40.28,0.5,0.000513332,19.1498,-1.17573,-0.0227484,-5.32219e-06,7.9,0,377.495,11.9056,0.0435464,19.1498,0.000513332,0.00329431,0.0630854,-0.00329963,-0.0858338
40.3,0.5,0.000513332,19.1341,-1.1836,-0.0239801,0,7.9,0,377.877,11.9223,0.0436123,19.1341,0.000513332,0.00329161,0.0629822,-0.00329161,-0.0869623
40.32,0.5,0.000513332,19.0906,-1.19438,-0.0231456,0,7.9,0,378.259,11.939,0.043678,19.0906,0.000513332,0.00328412,0.0626957,-0.00328412,-0.0858412
40.34,0.5,0.000513332,19.0636,-1.20652,-0.0224105,-0.000204292,7.9,0,378.641,11.9556,0.0437437,19.0636,0.000513332,0.00327948,0.0625186,-0.00348377,-0.084929
40.36,0.5,0.000513332,19.0362,-1.21719,-0.0236061,-0.000190967,7.9,0,379.021,11.9723,0.0438092,19.0362,0.000513332,0.00327476,0.0623389,-0.00346573,-0.085945
40.38,0.5,0.000513332,19.0387,-1.22404,-0.0272678,0,7.9,0,379.401,11.989,0.0438747,19.0387,0.000513332,0.00327519,0.0623552,-0.00327519,-0.089623
40.4,0.5,0.000513332,18.9856,-1.22691,-0.032257,0,7.9,0,379.782,12.0057,0.0439402,18.9856,0.000513332,0.00326606,0.062008,-0.00326606,-0.094265
40.42,0.5,0.000513332,18.9728,-1.22817,-0.0360325,0,7.9,0,380.161,12.0224,0.0440054,18.9728,0.000513332,0.00326386,0.0619245,-0.00326386,-0.0979569
40.44,0.5,0.000513332,18.9228,-1.23084,-0.0364,0.000225591,7.9,0,380.54,12.0391,0.0440707,18.9228,0.000513332,0.00325525,0.0615983,-0.00302966,-0.0979983
40.46,0.5,0.000513332,18.8913,-1.23575,-0.0335258,0.0006,7.9,0,380.917,12.0557,0.0441357,18.8913,0.000513332,0.00324983,0.0613934,-0.00264983,-0.0949191
40.48,0.5,0.000513332,18.8749,-1.24103,-0.0297369,0.0006,7.9,0,381.295,12.0724,0.0442007,18.8749,0.000513332,0.00324702,0.0612874,-0.00264702,-0.0910243
40.5,0.5,0.000513332,18.8627,-1.24479,-0.0274941,0.000615048,7.86238,0,381.672,12.0891,0.0442656,18.8627,0.000513332,0.00324492,0.0612079,-0.00262987,-0.088702
40.52,0.5,0.000513332,18.8318,-1.24669,-0.0280197,0.000986211,7.4,0,382.048,12.1058,0.0443304,18.8318,0.000513332,0.00323959,0.0610073,-0.00225338,-0.089027
40.54,0.5,0.000513332,18.7998,-1.24694,-0.0314554,0.0012,7.19607,0,382.424,12.1225,0.0443952,18.7998,0.000513332,0.0032341,0.0608004,-0.0020341,-0.0922558
40.56,0.5,0.000513332,18.7799,-1.24516,-0.0372166,0.001,6.8834,0,382.8,12.1392,0.0444598,18.7799,0.000513332,0.00323067,0.0606715,-0.00223067,-0.0978882
40.58,0.5,0.000513332,18.7555,-1.24097,-0.0438349,0.001,6.49839,0,383.175,12.1559,0.0445244,18.7555,0.000513332,0.00322647,0.060514,-0.00222647,-0.104349
40.6,0.5,0.000513332,18.7252,-1.23549,-0.0492312,0.001,6.08025,0,383.549,12.1726,0.0445889,18.7252,0.000513332,0.00322126,0.0603187,-0.00222126,-0.10955
40.62,0.5,0.000513332,18.7078,-1.23157,-0.0515866,0.000822069,5.71103,0,383.923,12.1892,0.0446533,18.7078,0.000513332,0.00321828,0.060207,-0.00239621,-0.111794
40.64,0.5,0.000513332,18.6661,-1.23206,-0.050245,0.000419804,5.3802,0,384.296,12.206,0.0447176,18.6661,0.000513332,0.0032111,0.0599389,-0.0027913,-0.110184
40.66,0.5,0.000513332,18.6553,-1.23807,-0.0463066,0.0006,5.19883,0,384.669,12.2226,0.0447818,18.6553,0.000513332,0.00320923,0.059869,-0.00260923,-0.106176
40.68,0.5,0.000513332,18.5993,-1.24898,-0.0419354,0.000382654,5.1,0,385.042,12.2393,0.0448459,18.5993,0.000513332,0.00319961,0.0595106,-0.00281696,-0.101446
40.7,0.5,0.000513332,18.5834,-1.26347,-0.0385417,6.79922e-07,5.1,0,385.413,12.256,0.0449099,18.5834,0.000513332,0.00319686,0.0594085,-0.00319618,-0.0979502
40.72,0.5,0.000513332,18.5428,-1.28016,-0.0360742,0.000390232,5.1,0,385.784,12.2727,0.0449738,18.5428,0.000513332,0.00318988,0.0591494,-0.00279965,-0.0952236
40.74,0.5,0.000513332,18.5648,-1.29786,-0.0340747,0.000571054,5.1,0,386.154,12.2894,0.0450375,18.5648,0.000513332,0.00319366,0.0592895,-0.00262261,-0.0933643
40.76,0.5,0.000513332,18.5124,-1.31533,-0.0329096,0,5.1,0,386.525,12.3061,0.0451013,18.5124,0.000513332,0.00318466,0.0589558,-0.00318466,-0.0918654
40.78,0.5,0.000513332,18.4849,-1.33144,-0.0340208,-0.0002,5.1,0,386.894,12.3228,0.045165,18.4849,0.000513332,0.00317993,0.0587807,-0.00337993,-0.0928015
40.8,0.5,0.000513332,18.4415,-1.34591,-0.0387244,0.000211974,5.1,0,387.264,12.3395,0.0452285,18.4415,0.000513332,0.00317245,0.0585047,-0.00296048,-0.0972291
40.82,0.5,0.000513332,18.4227,-1.35943,-0.0462351,0.00118131,5.1,0,387.632,12.3562,0.0452919,18.4227,0.000513332,0.00316922,0.0583855,-0.00198791,-0.104621
40.84,0.5,0.000513332,18.3753,-1.37255,-0.0529535,0.00141319,5.1,0,388,12.3728,0.0453553,18.3753,0.000513332,0.00316107,0.0580855,-0.00174788,-0.111039
40.86,0.5,0.000513332,18.3809,-1.38476,-0.0543525,0.00178062,5.1,0,388.366,12.3895,0.0454185,18.3809,0.000513332,0.00316204,0.0581211,-0.00138141,-0.112474
40.88,0.5,0.000513332,18.3329,-1.39512,-0.0484586,0.00158941,5.12646,0,388.733,12.4062,0.0454816,18.3329,0.000513332,0.00315377,0.0578176,-0.00156436,-0.106276
40.9,0.5,0.000513332,18.3149,-1.40389,-0.0375858,0.00158036,5.6,0,389.099,12.4229,0.0455447,18.3149,0.000513332,0.00315068,0.0577046,-0.00157032,-0.0952904
40.92,0.5,0.000513332,18.252,-1.41247,-0.0263214,0.00178923,5.7,0,389.465,12.4395,0.0456076,18.252,0.000513332,0.00313986,0.0573089,-0.00135064,-0.0836303
40.94,0.5,0.000513332,18.2407,-1.42129,-0.0182314,0.0024,5.8,0,389.829,12.4562,0.0456704,18.2407,0.000513332,0.00313792,0.0572378,-0.000737916,-0.0754692
40.96,0.5,0.000513332,18.2058,-1.42875,-0.014153,0.00241701,5.8,0,390.194,12.4728,0.0457331,18.2058,0.000513332,0.00313191,0.0570189,-0.000714899,-0.0711719
40.98,0.5,0.000513332,18.2098,-1.43334,-0.0122743,0.00238979,5.9,0,390.557,12.4895,0.0457957,18.2098,0.000513332,0.0031326,0.0570442,-0.000742814,-0.0693185
41,0.5,0.000513332,18.1582,-1.43604,-0.00993645,0.00219719,6.0014,0,390.92,12.5061,0.0458583,18.1582,0.000513332,0.00312372,0.0567209,-0.000926524,-0.0666574
41.02,0.5,0.000513332,18.1314,-1.43932,-0.00634753,0.002,6.19476,0,391.283,12.5228,0.0459207,18.1314,0.000513332,0.00311911,0.0565536,-0.00111911,-0.0629012
41.04,0.5,0.000513332,18.0806,-1.44409,-0.00353346,0.00178664,6.50668,0,391.645,12.5394,0.045983,18.0806,0.000513332,0.00311037,0.0562371,-0.00132373,-0.0597706
41.06,0.5,0.000513332,18.0785,-1.44853,-0.00431378,0.00141992,6.70996,0,392.006,12.5561,0.0460452,18.0785,0.000513332,0.00311001,0.0562242,-0.00169009,-0.060538
41.08,0.5,0.000513332,18.0386,-1.44983,-0.00927295,0.0018,6.9,0,392.367,12.5727,0.0461074,18.0386,0.000513332,0.00310315,0.0559765,-0.00130315,-0.0652494
41.1,0.5,0.000513332,18.0272,-1.44686,-0.0155987,0.00138861,6.9019,0,392.727,12.5893,0.0461694,18.0272,0.000513332,0.00310119,0.0559057,-0.00171257,-0.0715044
41.12,0.5,0.000513332,17.9674,-1.44127,-0.0192162,0.000604764,7,0,393.087,12.606,0.0462313,17.9674,0.000513332,0.0030909,0.0555354,-0.00248613,-0.0747516
41.14,0.5,0.000513332,17.9473,-1.43592,-0.0182216,0.000419425,7.00971,0,393.445,12.6226,0.0462931,17.9473,0.000513332,0.00308744,0.0554113,-0.00266802,-0.0736329
41.16,0.5,0.000513332,17.895,-1.43259,-0.0138422,0.0008,7.11056,0,393.804,12.6392,0.0463548,17.895,0.000513332,0.00307845,0.055089,-0.00227845,-0.0689312
41.18,0.5,0.000513332,17.8811,-1.43142,-0.00880663,0.001,7.21051,0,394.161,12.6558,0.0464163,17.8811,0.000513332,0.00307605,0.0550031,-0.00207605,-0.0638097
41.2,0.5,0.000513332,17.8391,-1.43162,-0.00561598,0.0011985,7.39925,0,394.518,12.6723,0.0464778,17.8391,0.000513332,0.00306882,0.0547449,-0.00187033,-0.0603609
41.22,0.5,0.000513332,17.8199,-1.432,-0.00544583,0.0012,7.6,0,394.874,12.6889,0.0465391,17.8199,0.000513332,0.00306553,0.0546275,-0.00186553,-0.0600734
41.24,0.5,0.000513332,17.7881,-1.43089,-0.00807468,0.0008,7.80782,0,395.23,12.7055,0.0466004,17.7881,0.000513332,0.00306006,0.0544327,-0.00226006,-0.0625074
41.26,0.5,0.000513332,17.7673,-1.42703,-0.0130611,0.000622145,8.01107,0,395.585,12.7221,0.0466615,17.7673,0.000513332,0.00305648,0.0543054,-0.00243433,-0.0673665
41.28,0.5,0.000513332,17.7298,-1.4207,-0.0205926,0.00163009,8.21505,0,395.939,12.7386,0.0467226,17.7298,0.000513332,0.00305002,0.054076,-0.00141992,-0.0746687
41.3,0.5,0.000513332,17.7079,-1.41318,-0.0307714,0.002,8.51171,0,396.293,12.7552,0.0467836,17.7079,0.000513332,0.00304626,0.0539427,-0.00104626,-0.0847141
41.32,0.5,0.000513332,17.6849,-1.40513,-0.0416797,0.00202742,9.02742,0,396.647,12.7718,0.0468444,17.6849,0.000513332,0.00304229,0.0538025,-0.00101488,-0.0954822
41.34,0.5,0.000513332,17.65,-1.39565,-0.0483738,0.00258019,9.62476,0,397,12.7883,0.0469052,17.65,0.000513332,0.0030363,0.0535907,-0.000456106,-0.101964
41.36,0.5,0.000513332,17.649,-1.38298,-0.0457361,0.00138774,10.3245,0,397.352,12.8049,0.0469659,17.649,0.000513332,0.00303612,0.0535845,-0.00164838,-0.0993206
41.38,0.5,0.000513332,17.6161,-1.3664,-0.0333059,0.00141574,10.9105,0,397.705,12.8214,0.0470266,17.6161,0.000513332,0.00303046,0.0533848,-0.00161472,-0.0866907
41.4,0.5,0.000513332,17.5695,-1.34686,-0.016181,0.002,11.3999,0,398.056,12.838,0.0470872,17.5695,0.000513332,0.00302244,0.0531028,-0.00102244,-0.0692838
41.42,0.5,0.000513332,17.5424,-1.32551,-0.00126127,0.00101906,11.8905,0,398.407,12.8545,0.0471476,17.5424,0.000513332,0.00301779,0.0529393,-0.00199873,-0.0542005
41.44,0.5,0.000513332,17.5104,-1.3023,0.0066668,0.00100763,12.1076,0,398.757,12.8711,0.0472079,17.5104,0.000513332,0.00301229,0.0527465,-0.00200466,-0.0460797
41.46,0.5,0.000513332,17.477,-1.27585,0.00670358,0.00117854,12.4215,0,399.107,12.8876,0.0472681,17.477,0.000513332,0.00300653,0.0525451,-0.001828,-0.0458415
41.48,0.5,0.000513332,17.5057,-1.24409,0.00159655,0.000183741,12.6163,0,399.456,12.9041,0.0473282,17.5057,0.000513332,0.00301148,0.0527182,-0.00282774,-0.0511217
41.5,0.5,0.000513332,17.4413,-1.20562,-0.00431727,0.000416106,12.804,0,399.805,12.9207,0.0473883,17.4413,0.000513332,0.00300039,0.0523305,-0.00258428,-0.0566478
41.52,0.5,0.000513332,17.4209,-1.16143,-0.0076894,0.000785437,13.0073,0,400.153,12.9372,0.0474483,17.4209,0.000513332,0.00299688,0.0522084,-0.00221145,-0.0598978
41.54,0.5,0.000513332,17.3856,-1.1149,-0.00768178,-1.38749e-05,13.1069,0,400.501,12.9537,0.0475082,17.3856,0.000513332,0.00299082,0.0519973,-0.00300469,-0.059679
41.56,0.5,0.000513332,17.3714,-1.06952,-0.00574833,-0.00018129,13.3094,0,400.848,12.9702,0.047568,17.3714,0.000513332,0.00298838,0.0519125,-0.00316967,-0.0576608
41.58,0.49451,0.000507696,17.3552,-1.02738,-0.00371985,0.000621958,13.5,0,401.195,12.9868,0.0476276,17.3552,0.000507696,0.0029528,0.0512465,-0.00233085,-0.0549663
41.6,0.4,0.000410666,17.3417,-0.989254,-0.00212965,0.00119823,13.5991,0,401.541,13.0033,0.0476836,17.3417,0.000410666,0.00238661,0.041388,-0.00118838,-0.0435177
41.62,0.4,0.000410666,17.3084,-0.954944,-0.000690325,0.00101842,13.7,0,401.888,13.0198,0.0477285,17.3084,0.000410666,0.00238202,0.0412289,-0.0013636,-0.0419193
41.64,0.4,0.000410666,17.2954,-0.92314,0.000627164,0.000177283,13.8,0,402.233,13.0363,0.0477761,17.2954,0.000410666,0.00238024,0.0411674,-0.00220296,-0.0405402
41.66,0.4,0.000410666,17.2639,-0.892009,0.0022036,0,13.8,0,402.579,13.0528,0.0478237,17.2639,0.000410666,0.0023759,0.0410173,-0.0023759,-0.0388137
41.68,0.4,0.000410666,17.2636,-0.860627,0.00597327,0,13.8,0,402.923,13.0694,0.0478712,17.2636,0.000410666,0.00237587,0.0410161,-0.00237587,-0.0350429
41.7,0.4,0.000410666,17.2582,-0.829302,0.0145764,0,13.9011,0,403.268,13.0859,0.0479187,17.2582,0.000410666,0.00237512,0.0409904,-0.00237512,-0.026414
41.72,0.4,0.000410666,17.2365,-0.798426,0.028807,0,14.0966,0,403.613,13.1024,0.0479661,17.2365,0.000410666,0.00237214,0.0408874,-0.00237214,-0.0120804
41.74,0.4,0.000410666,17.2223,-0.768108,0.0460348,-0.000250563,14.5169,0,403.957,13.1189,0.0480136,17.2223,0.000410666,0.00237018,0.0408201,-0.00262075,0.0052147
41.76,0.4,0.000410666,17.2242,-0.73861,0.0602327,-0.0012,14.8196,0,404.301,13.1355,0.0480609,17.2242,0.000410666,0.00237044,0.0408288,-0.00357044,0.0194039
41.78,0.4,0.000410666,17.1952,-0.710415,0.063138,-0.00130314,15.1216,0,404.645,13.152,0.0481083,17.1952,0.000410666,0.00236644,0.0406914,-0.00366959,0.0224466
41.8,0.4,0.000410666,17.1511,-0.684273,0.0476863,-0.00117908,15.4105,0,404.988,13.1686,0.0481556,17.1511,0.000410666,0.00236038,0.0404831,-0.00353946,0.00720325
41.82,0.4,0.000410666,17.1718,-0.660734,0.0139049,-0.00080791,15.5,0,405.331,13.1851,0.0482028,17.1718,0.000410666,0.00236322,0.0405807,-0.00317113,-0.0266758
41.84,0.4,0.000410666,17.1315,-0.639042,-0.0269656,-0.000816,15.5,0,405.673,13.2016,0.0482501,17.1315,0.000410666,0.00235768,0.0403905,-0.00317368,-0.0673561
41.86,0.4,0.000410666,17.1548,-0.617326,-0.0569846,-0.00122663,15.6,0,406.016,13.2182,0.0482972,17.1548,0.000410666,0.00236088,0.0405004,-0.00358751,-0.097485
41.88,0.4,0.000410666,17.1194,-0.594462,-0.063513,-0.00219814,15.6009,0,406.358,13.2347,0.0483444,17.1194,0.000410666,0.00235601,0.0403335,-0.00455415,-0.103847
41.9,0.4,0.000410666,17.1059,-0.571386,-0.0470029,-0.00123181,15.7,0,406.7,13.2513,0.0483915,17.1059,0.000410666,0.00235415,0.0402699,-0.00358596,-0.0872728
41.92,0.4,0.000410666,17.0871,-0.550381,-0.0187583,-0.001,15.7,0,407.042,13.2678,0.0484386,17.0871,0.000410666,0.00235157,0.0401816,-0.00335157,-0.0589399
41.94,0.4,0.000410666,17.1015,-0.533007,0.00639715,-0.0006,15.8108,0,407.383,13.2844,0.0484856,17.1015,0.000410666,0.00235355,0.0402492,-0.00295355,-0.0338521
41.96,0.4,0.000410666,17.0776,-0.518646,0.0176564,-0.00038841,15.9,0,407.724,13.3009,0.0485327,17.0776,0.000410666,0.00235026,0.0401369,-0.00273867,-0.0224805
41.98,0.4,0.000410666,17.0674,-0.505297,0.0127637,0,16,0,408.065,13.3175,0.0485796,17.0674,0.000410666,0.00234885,0.0400887,-0.00234885,-0.0273251
42,0.4,0.000410666,17.0804,-0.491411,-0.00303281,0,16,0,408.406,13.3341,0.0486266,17.0804,0.000410666,0.00235064,0.0401499,-0.00235064,-0.0431827
42.02,0.4,0.000410666,17.0752,-0.47658,-0.0219423,0,16,0,408.747,13.3507,0.0486736,17.0752,0.000410666,0.00234994,0.0401258,-0.00234994,-0.0620681
42.04,0.4,0.000410666,17.0481,-0.461114,-0.0379488,0,16.2116,0,409.088,13.3673,0.0487206,17.0481,0.000410666,0.00234621,0.0399985,-0.00234621,-0.0779473
42.06,0.4,0.000410666,17.0201,-0.445482,-0.0481643,0,16.3048,0,409.429,13.3839,0.0487675,17.0201,0.000410666,0.00234235,0.0398671,-0.00234235,-0.0880314
42.08,0.5,0.000513332,17.0472,-0.429894,-0.0519771,1.26469e-07,16.5001,0,409.769,13.4005,0.0488173,17.0472,0.000513332,0.0029326,0.0499927,-0.00293247,-0.10197
42.1,0.5,0.000513332,17.0066,-0.414434,-0.0496642,0.000827684,16.7138,0,410.109,13.4172,0.0488788,17.0066,0.000513332,0.00292561,0.0497545,-0.00209792,-0.0994187
42.12,0.5,0.000513332,17.0349,-0.399788,-0.0416939,0.0012,16.9,0,410.449,13.4338,0.0489373,17.0349,0.000513332,0.00293049,0.0499206,-0.00173049,-0.0916146
42.14,0.7,0.000718665,17.0082,-0.3872,-0.0290808,0.000793804,17.0031,0,410.789,13.4505,0.0490018,17.0082,0.000718665,0.00409624,0.0696695,-0.00330243,-0.0987503
42.16,0.719679,0.000738869,16.9964,-0.377155,-0.0141417,0.000419679,17.1,0,411.129,13.4671,0.0490901,16.9964,0.000738869,0.00420848,0.0715291,-0.00378881,-0.0856709
42.18,1.00751,0.00103438,16.9818,-0.368814,-0.000148712,0.000615029,17.1,0,411.468,13.4838,0.0491833,16.9818,0.00103438,0.00588662,0.0999657,-0.00527159,-0.100114
42.2,1.19893,0.00123089,17.0165,-0.360826,0.0106424,0.000997851,17.1,0,411.807,13.5006,0.049315,17.0165,0.00123089,0.00701926,0.119443,-0.00602141,-0.108801
42.22,1.5023,0.00154236,16.9803,-0.352143,0.019076,0.00160919,17.1,0,412.147,13.5174,0.0494698,16.9803,0.00154236,0.00877673,0.149032,-0.00716754,-0.129956
42.24,1.75076,0.00179744,16.9643,-0.342561,0.0294026,0.00247454,17.1,0,412.486,13.5342,0.0496614,16.9643,0.00179744,0.0102186,0.173351,-0.00774406,-0.143948
42.26,2.10267,0.00215874,16.9692,-0.333057,0.0468531,0.00383225,17.1,0,412.825,13.5511,0.0498833,16.9692,0.00215874,0.0122762,0.208318,-0.00844396,-0.161465
42.28,2.20194,0.00226065,16.961,-0.325454,0.0738143,0.00521161,17.1,0,413.164,13.568,0.0501419,16.961,0.00226065,0.0128495,0.217941,-0.00763789,-0.144126
42.3,2.60522,0.00267469,16.949,-0.321608,0.108173,0.00683402,17.1,0,413.503,13.5851,0.0504135,16.949,0.00267469,0.0151921,0.257491,-0.00835813,-0.149318
42.32,2.7953,0.00286984,16.9256,-0.322045,0.1456,0.00796241,17.1,0,413.841,13.6022,0.0507346,16.9256,0.00286984,0.0162781,0.275517,-0.00831569,-0.129917
42.34,3.10363,0.00318639,16.9408,-0.324695,0.183142,0.0090363,17.1,0,414.179,13.6194,0.0510746,16.9408,0.00318639,0.0180898,0.306455,-0.0090535,-0.123313
42.36,3.3528,0.0034422,16.8922,-0.325863,0.220131,0.0108417,17.1,0,414.517,13.6368,0.0514526,16.8922,0.0034422,0.0194861,0.329165,-0.00864442,-0.109034
42.38,3.50382,0.00359724,16.908,-0.322986,0.256023,0.0120229,17.1,0,414.855,13.6542,0.0518538,16.908,0.00359724,0.0203829,0.344634,-0.00835997,-0.0886105
42.4,3.70734,0.00380619,16.8916,-0.31612,0.288405,0.0132294,17.1,0,415.192,13.6718,0.0522717,16.8916,0.00380619,0.0215459,0.363944,-0.00831652,-0.0755385
42.42,3.89246,0.00399625,16.889,-0.307573,0.313003,0.0136,17.1,0,415.53,13.6895,0.0527139,16.889,0.00399625,0.0226183,0.382001,-0.00901832,-0.0689979
42.44,4.1,0.00420932,16.8861,-0.300584,0.324678,0.0148105,17.1,0,415.867,13.7074,0.0531775,16.8861,0.00420932,0.0238203,0.402233,-0.00900976,-0.077555
42.46,4.1,0.00420932,16.8893,-0.296925,0.319378,0.015607,17.086,0,416.204,13.7254,0.0536599,16.8893,0.00420932,0.0238247,0.402381,-0.00821766,-0.0830034
42.48,4.2,0.00431199,16.911,-0.295266,0.298466,0.0164045,16.6996,0,416.541,13.7436,0.0541392,16.911,0.00431199,0.0244372,0.413259,-0.0080327,-0.114792
42.5,4.2,0.00431199,16.8677,-0.29308,0.272981,0.018,16.5915,0,416.879,13.762,0.0546308,16.8677,0.00431199,0.0243746,0.411142,-0.00637457,-0.138161
42.52,4.2,0.00431199,16.8909,-0.289844,0.260829,0.0185634,16.5,0,417.216,13.7805,0.0551182,16.8909,0.00431199,0.0244081,0.412274,-0.00584469,-0.151445
42.54,4.2,0.00431199,16.8722,-0.287083,0.274752,0.0206354,16.5,0,417.553,13.7992,0.0556063,16.8722,0.00431199,0.0243811,0.411364,-0.00374573,-0.136612
42.56,4.1,0.00420932,16.8705,-0.286308,0.310854,0.021384,16.5,0,417.89,13.818,0.0560909,16.8705,0.00420932,0.0237981,0.401486,-0.00241409,-0.0906318
42.58,4.1,0.00420932,16.8287,-0.287858,0.350173,0.0209908,16.5,0,418.227,13.837,0.0565639,16.8287,0.00420932,0.0237392,0.399501,-0.00274842,-0.049328
42.6,4.00086,0.00410754,16.8693,-0.290447,0.372429,0.0204034,16.5,0,418.563,13.8561,0.0570357,16.8693,0.00410754,0.023221,0.391722,-0.00281759,-0.0192927
42.62,4,0.00410666,16.8293,-0.292189,0.368651,0.0206591,16.4978,0,418.899,13.8754,0.0574972,16.8293,0.00410666,0.023161,0.389783,-0.00250187,-0.0211323
42.64,3.94946,0.00405477,16.8226,-0.293774,0.343381,0.0218989,16.289,0,419.235,13.8948,0.0579588,16.8226,0.00405477,0.0228593,0.384553,-0.000960386,-0.0411719
42.66,3.9,0.00400399,16.8108,-0.298865,0.308802,0.0207728,16.2,0,419.571,13.9144,0.058413,16.8108,0.00400399,0.0225572,0.379206,-0.00178445,-0.0704033
42.68,3.9,0.00400399,16.7945,-0.308851,0.27814,0.019203,16.2,0,419.907,13.9341,0.0588627,16.7945,0.00400399,0.0225353,0.378468,-0.00333233,-0.100329
42.7,3.8,0.00390132,16.7917,-0.31931,0.261377,0.0177853,16.2,0,420.242,13.9539,0.0593104,16.7917,0.00390132,0.0219538,0.36864,-0.00416845,-0.107263
42.72,3.70711,0.00380596,16.7917,-0.323505,0.261599,0.0174142,16.2,0,420.577,13.9739,0.0597438,16.7917,0.00380596,0.0214171,0.359629,-0.00400291,-0.0980306
42.74,3.5973,0.00369322,16.8164,-0.317071,0.273245,0.0176027,16.7027,0,420.912,13.994,0.0601662,16.8164,0.00369322,0.0208133,0.350004,-0.0032106,-0.0767592
42.76,3.5,0.00359332,16.7948,-0.299982,0.285994,0.0177935,16.8,0,421.248,14.0143,0.0605764,16.7948,0.00359332,0.0202243,0.339664,-0.0024308,-0.0536702
42.78,3.5,0.00359332,16.805,-0.277303,0.29301,0.0175742,16.8,0,421.583,14.0347,0.060978,16.805,0.00359332,0.0202367,0.340078,-0.00266252,-0.0470677
42.8,3.40075,0.00349143,16.7807,-0.257368,0.295921,0.016003,16.8,0,421.919,14.0553,0.0613798,16.7807,0.00349143,0.0196343,0.329476,-0.00363128,-0.0335554
42.82,3.4,0.00349066,16.7643,-0.247674,0.30012,0.016,16.8,0,422.254,14.0759,0.0617696,16.7643,0.00349066,0.0196109,0.328763,-0.00361087,-0.0286437
42.84,3.3,0.00338799,16.7343,-0.251886,0.305779,0.015173,16.4,0,422.588,14.0967,0.0621588,16.7343,0.00338799,0.0189999,0.31795,-0.00382693,-0.0121706
42.86,3.2,0.00328533,16.7599,-0.268076,0.30626,0.0149088,16.4,0,422.922,14.1175,0.062533,16.7599,0.00328533,0.0184523,0.309259,-0.00354355,-0.00299889
42.88,3.1,0.00318266,16.736,-0.289088,0.295145,0.0156384,16.4,0,423.257,14.1385,0.0628962,16.736,0.00318266,0.0178502,0.29874,-0.00221183,-0.00359526
42.9,3.01035,0.00309062,16.7309,-0.307323,0.272253,0.0162,16.4,0,423.591,14.1596,0.0632477,16.7309,0.00309062,0.0173287,0.289925,-0.00112872,-0.017672
42.92,2.90283,0.00298023,16.7279,-0.319511,0.24296,0.0156113,16.4,0,423.925,14.1808,0.0635885,16.7279,0.00298023,0.0167068,0.279469,-0.00109546,-0.0365091
42.94,2.9,0.00297733,16.7247,-0.325913,0.214479,0.01479,16.4,0,424.258,14.2021,0.0639194,16.7247,0.00297733,0.0166874,0.279092,-0.00189737,-0.0646122
42.96,2.9,0.00297733,16.7146,-0.327363,0.193021,0.0148,16.4,0,424.592,14.2236,0.064253,16.7146,0.00297733,0.0166773,0.278754,-0.00187726,-0.0857328
42.98,2.9,0.00297733,16.7299,-0.324906,0.181737,0.0147895,16.3947,0,424.926,14.2451,0.0645865,16.7299,0.00297733,0.0166926,0.279265,-0.00190306,-0.0975278
43,2.9,0.00297733,16.7056,-0.320069,0.179742,0.0144003,16.3,0,425.26,14.2667,0.0649203,16.7056,0.00297733,0.0166683,0.278453,-0.002268,-0.0987103
43.02,2.8,0.00287466,16.6812,-0.313955,0.183671,0.0145946,16.2049,0,425.593,14.2884,0.0652507,16.6812,0.00287466,0.01607,0.268068,-0.00147545,-0.0843971
43.04,2.68484,0.00275643,16.7237,-0.307117,0.190581,0.0144,16.2,0,425.926,14.3102,0.0655659,16.7237,0.00275643,0.0154484,0.258354,-0.00104837,-0.0677739
43.06,2.4887,0.00255506,16.6917,-0.30052,0.198253,0.0141663,16.2,0,426.259,14.3322,0.0658659,16.6917,0.00255506,0.0142923,0.238563,-0.00012599,-0.0403099
43.08,2.4,0.00246399,16.6916,-0.295694,0.20312,0.0135834,16.1,0,426.592,14.3542,0.0661435,16.6916,0.00246399,0.0137828,0.230057,-0.0001994,-0.0269372
43.1,2.3,0.00236133,16.6889,-0.294122,0.200695,0.0129919,16.098,0,426.925,14.3763,0.0664137,16.6889,0.00236133,0.0132065,0.220402,-0.000214593,-0.0197061
43.12,2.3,0.00236133,16.6916,-0.296643,0.188959,0.0124982,15.8863,0,427.258,14.3985,0.0666749,16.6916,0.00236133,0.0132086,0.220472,-0.000710367,-0.0315122
43.14,2.3,0.00236133,16.6879,-0.30252,0.17078,0.0119798,15.4848,0,427.591,14.4208,0.066939,16.6879,0.00236133,0.0132057,0.220375,-0.00122589,-0.0495952
43.16,2.2,0.00225866,16.6495,-0.309547,0.153025,0.0116174,14.9653,0,427.924,14.4432,0.0672002,16.6495,0.00225866,0.0126024,0.209825,-0.000985076,-0.0567997
43.18,2.1,0.00215599,16.6385,-0.31631,0.142516,0.0117855,14.3783,0,428.257,14.4656,0.0674465,16.6385,0.00215599,0.0120216,0.200022,-0.00023611,-0.0575063
43.2,2.09444,0.00215029,16.628,-0.323655,0.141875,0.0113778,13.8778,0,428.589,14.488,0.0676838,16.628,0.00215029,0.0119823,0.199241,-0.000604496,-0.0573659
43.22,2,0.00205333,16.6361,-0.333353,0.148552,0.0108,13.4,0,428.92,14.5105,0.0679206,16.6361,0.00205333,0.0114475,0.190442,-0.000647497,-0.0418904
43.24,1.89007,0.00194046,16.6189,-0.346322,0.156417,0.0103801,13.1901,0,429.252,14.5332,0.0681436,16.6189,0.00194046,0.0108071,0.179602,-0.000426971,-0.0231853
43.26,1.7,0.00174533,16.6078,-0.361746,0.158523,0.00997657,13.1,0,429.584,14.5558,0.0683512,16.6078,0.00174533,0.00971386,0.161326,0.000262712,-0.00280303
43.28,1.6,0.00164266,16.6,-0.376794,0.150933,0.00960126,13.0006,0,429.915,14.5785,0.0685371,16.6,0.00164266,0.00913816,0.151694,0.000463105,-0.000761023
43.3,1.5,0.00154,16.6026,-0.388347,0.135162,0.00877007,12.895,0,430.246,14.6013,0.0687141,16.6026,0.00154,0.00856834,0.142256,0.000201734,-0.00709445
43.32,1.29997,0.00133463,16.5944,-0.396124,0.116324,0.00759944,12.6999,0,430.577,14.6241,0.0688769,16.5944,0.00133463,0.00742207,0.123165,0.000177369,-0.00684114
43.34,1.2,0.001232,16.5969,-0.40316,0.0990744,0.0068,12.4925,0,430.908,14.647,0.0690167,16.5969,0.001232,0.00685233,0.113727,-5.23295e-05,-0.0146531
43.36,1.18976,0.00122148,16.5876,-0.413249,0.0852817,0.00633855,12.4,0,431.239,14.6699,0.0691506,16.5876,0.00122148,0.00679005,0.112631,-0.000451495,-0.0273491
43.38,1,0.00102666,16.5648,-0.428714,0.0741123,0.00537144,12.3929,0,431.57,14.6928,0.0692807,16.5648,0.00102666,0.00569921,0.094406,-0.000327772,-0.0202937
43.4,0.900768,0.000924786,16.5888,-0.449251,0.0637332,0.005,12.3,0,431.901,14.7158,0.0693864,16.5888,0.000924786,0.00514111,0.0852849,-0.000141115,-0.0215517
43.42,0.796406,0.000817642,16.5529,-0.471821,0.053626,0.00457844,12.2964,0,432.232,14.7388,0.0694834,16.5529,0.000817642,0.00453565,0.0750783,4.27878e-05,-0.0214523
43.44,0.688027,0.000706373,16.5594,-0.492666,0.0452667,0.00332816,12.2,0,432.562,14.7618,0.069568,16.5594,0.000706373,0.00391993,0.0649116,-0.00059177,-0.0196449
43.46,0.5,0.000513332,16.533,-0.509794,0.0401411,0.00218981,12.2,0,432.892,14.7848,0.0696379,16.533,0.000513332,0.00284414,0.0470221,-0.000654333,-0.00688099
43.48,0.496194,0.000509425,16.5196,-0.523144,0.0374576,0.0022,12.2,0,433.222,14.8078,0.0696893,16.5196,0.000509425,0.00282021,0.0465887,-0.000620208,-0.00913118
43.5,0.4,0.000410666,16.5283,-0.533334,0.03422,0.0024,12.2,0,433.551,14.8308,0.0697429,16.5283,0.000410666,0.00227466,0.0375963,0.000125336,-0.00337628
43.52,0.294194,0.000302039,16.5382,-0.541196,0.0275606,0.00237678,12.2,0,433.881,14.8539,0.0697826,16.5382,0.000302039,0.00167398,0.0276846,0.000702794,-0.000124046
43.54,0.2,0.000205333,16.5134,-0.547817,0.0173319,0.00158897,12.2,0,434.211,14.8769,0.0698104,16.5134,0.000205333,0.00113631,0.0187644,0.000452659,-0.00143247
43.56,0.197751,0.000203024,16.4808,-0.554201,0.00667353,0.000990918,12.1,0,434.54,14.8999,0.0698304,16.4808,0.000203024,0.00112131,0.0184802,-0.000130396,-0.0118066
43.58,0.1,0.000102666,16.4911,-0.561181,-0.000617041,0.000577679,12.1,0,434.869,14.9229,0.06985,16.4911,0.000102666,0.000567388,0.00935687,1.02909e-05,-0.00997391
43.6,0,0,16.4639,-0.569977,-0.00358014,-0.000415489,12.1,0,435.198,14.946,0.0698557,16.4639,0,0,0,-0.000415489,-0.00358014
43.62,-0.1,-0.000102666,16.4396,-0.581991,-0.00438063,-0.000810389,12.1,0,435.526,14.9689,0.06985,16.4396,-0.000102666,-0.000565614,-0.00929844,-0.000244775,0.00491781
43.64,-0.2,-0.000205333,16.4199,-0.597256,-0.0054455,-0.0018,12.1,0,435.854,14.9919,0.0698331,16.4199,-0.000205333,-0.00112987,-0.0185523,-0.000670128,0.0131068
43.66,-0.403466,-0.000414224,16.4383,-0.613607,-0.00736194,-0.00180693,12.1,0,436.181,15.0148,0.0698019,16.4383,-0.000414224,-0.00228188,-0.0375101,0.000474947,0.0301482
43.68,-0.554463,-0.000569248,16.4027,-0.628063,-0.00939475,-0.00220625,11.9984,0,436.509,15.0377,0.0697463,16.4027,-0.000569248,-0.00312909,-0.0513256,0.000922843,0.0419309
43.7,-0.7,-0.000718665,16.3942,-0.638905,-0.0109604,-0.00261173,11.898,0,436.836,15.0605,0.0696754,16.3942,-0.000718665,-0.00394838,-0.0647307,0.00133665,0.0537704
43.72,-0.85122,-0.000873917,16.3747,-0.646389,-0.0123051,-0.00381503,11.8,0,437.163,15.0833,0.0695881,16.3747,-0.000873917,-0.00479561,-0.0785267,0.000980585,0.0662216
43.74,-0.905855,-0.000930009,16.366,-0.651957,-0.0144072,-0.00442342,11.8,0,437.49,15.1061,0.0694864,16.366,-0.000930009,-0.00510072,-0.0834785,0.000677301,0.0690714
43.76,-1,-0.00102666,16.344,-0.656972,-0.0186533,-0.00565027,11.8,0,437.816,15.1288,0.0693802,16.344,-0.00102666,-0.00562325,-0.0919064,-2.70189e-05,0.0732531
43.78,-1,-0.00102666,16.3336,-0.661829,-0.0263459,-0.0062,11.8,0,438.142,15.1514,0.0692652,16.3336,-0.00102666,-0.00561968,-0.0917896,-0.000580319,0.0654437
43.8,-1,-0.00102666,16.3417,-0.666045,-0.0378388,-0.0062,11.8,0,438.468,15.174,0.0691528,16.3417,-0.00102666,-0.00562246,-0.0918803,-0.000577545,0.0540415
43.82,-1,-0.00102666,16.2892,-0.669395,-0.0511745,-0.0068,12.1,0,438.794,15.1965,0.0690404,16.2892,-0.00102666,-0.0056044,-0.091291,-0.0011956,0.0401165
43.84,-1,-0.00102666,16.3045,-0.67279,-0.0613353,-0.0064,12.1116,0,439.119,15.219,0.0689284,16.3045,-0.00102666,-0.00560967,-0.0914628,-0.000790332,0.0301275
43.86,-1,-0.00102666,16.2861,-0.677742,-0.0629936,-0.00701909,12.2,0,439.444,15.2414,0.0688162,16.2861,-0.00102666,-0.00560335,-0.091257,-0.00141574,0.0282634
43.88,-1,-0.00102666,16.2888,-0.685482,-0.056008,-0.00799815,12.2,0,439.769,15.2638,0.0687042,16.2888,-0.00102666,-0.00560428,-0.0912873,-0.00239387,0.0352793
43.9,-1,-0.00102666,16.2781,-0.696552,-0.046816,-0.00742066,12.2,0,440.094,15.2861,0.0685922,16.2781,-0.00102666,-0.00560059,-0.091167,-0.00182007,0.044351
43.92,-1,-0.00102666,16.2699,-0.709714,-0.0434843,-0.0072,12.2,0,440.418,15.3084,0.0684802,16.2699,-0.00102666,-0.00559777,-0.0910754,-0.00160223,0.0475911
43.94,-1,-0.00102666,16.2483,-0.721316,-0.0505414,-0.00761902,12.2,0,440.743,15.3307,0.0683683,16.2483,-0.00102666,-0.00559033,-0.0908333,-0.00202869,0.0402919
43.96,-1,-0.00102666,16.215,-0.727546,-0.0669849,-0.008,12.2,0,441.067,15.3528,0.0682565,16.215,-0.00102666,-0.00557888,-0.0904616,-0.00242112,0.0234767
43.98,-1,-0.00102666,16.2325,-0.727391,-0.0864936,-0.0078166,12.2,0,441.39,15.3749,0.068145,16.2325,-0.00102666,-0.00558491,-0.0906574,-0.00223168,0.00416378
44,-1,-0.00102666,16.2137,-0.723099,-0.100722,-0.0082,12.2,0,441.714,15.397,0.0680334,16.2137,-0.00102666,-0.00557844,-0.0904472,-0.00262156,-0.0102752
44.02,-1,-0.00102666,16.1995,-0.718606,-0.104909,-0.00842905,12.2,0,442.038,15.419,0.0679218,16.1995,-0.00102666,-0.00557355,-0.0902889,-0.0028555,-0.0146199
44.04,-1,-0.00102666,16.1801,-0.71752,-0.100746,-0.00919534,12.2,0,442.361,15.441,0.0678104,16.1801,-0.00102666,-0.00556686,-0.0900721,-0.00362848,-0.010674
44.06,-1,-0.00102666,16.1394,-0.721289,-0.093592,-0.00838793,12.2,0,442.683,15.4629,0.0676991,16.1394,-0.00102666,-0.00555286,-0.0896197,-0.00283507,-0.00397221
44.08,-1,-0.00102666,16.1549,-0.728452,-0.0867908,-0.0078,12.2,0,443.005,15.4847,0.0675881,16.1549,-0.00102666,-0.00555818,-0.0897917,-0.00224182,0.00300092
44.1,-1,-0.00102666,16.1224,-0.735649,-0.0790927,-0.00819569,12.2,0,443.327,15.5065,0.067477,16.1224,-0.00102666,-0.00554702,-0.0894313,-0.00264867,0.0103386
44.12,-1,-0.00102666,16.1435,-0.739333,-0.0682482,-0.00776766,12.2,0,443.649,15.5282,0.0673661,16.1435,-0.00102666,-0.00555426,-0.089665,-0.0022134,0.0214168
44.14,-1,-0.00102666,16.1112,-0.737494,-0.0558504,-0.00577194,12.2,0,443.971,15.5499,0.0672551,16.1112,-0.00102666,-0.00554316,-0.0893071,-0.00022878,0.0334567
44.16,-0.9,-0.000923998,16.1042,-0.731084,-0.0468791,-0.0056,12.3,0,444.292,15.5715,0.067147,16.1042,-0.000923998,-0.00498669,-0.0803069,-0.000613308,0.0334278
44.18,-0.9,-0.000923998,16.0641,-0.723133,-0.0453462,-0.0056,12.3,0,444.614,15.5931,0.0670501,16.0641,-0.000923998,-0.00497425,-0.0799068,-0.000625746,0.0345606
44.2,-0.9,-0.000923998,16.0612,-0.715731,-0.051663,-0.00516532,12.4,0,444.934,15.6146,0.0669507,16.0612,-0.000923998,-0.00497337,-0.0798785,-0.000191951,0.0282155
44.22,-0.897081,-0.000921001,16.0633,-0.708909,-0.0627431,-0.004,12.5029,0,445.254,15.6361,0.0668513,16.0633,-0.000921001,-0.00495789,-0.0796401,0.000957886,0.016897
44.24,-0.8,-0.000821331,16.0436,-0.702671,-0.072682,-0.00428245,12.6137,0,445.575,15.6575,0.066755,16.0436,-0.000821331,-0.00441591,-0.0708469,0.000133464,-0.00183509
44.26,-0.8,-0.000821331,16.0407,-0.698326,-0.0748612,-0.00541388,12.7069,0,445.895,15.6789,0.0666694,16.0407,-0.000821331,-0.00441512,-0.0708215,-0.000998764,-0.00403972
44.28,-0.8,-0.000821331,16.0114,-0.697494,-0.0661321,-0.00618868,12.8981,0,446.215,15.7002,0.0665811,16.0114,-0.000821331,-0.00440707,-0.0705634,-0.00178161,0.00443124
44.3,-0.8,-0.000821331,15.9856,-0.701216,-0.0492465,-0.00722951,13.0049,0,446.534,15.7215,0.066493,15.9856,-0.000821331,-0.00439997,-0.0703362,-0.00282954,0.0210898
44.32,-0.8,-0.000821331,15.9666,-0.709269,-0.0310076,-0.00820285,13.2029,0,446.853,15.7427,0.0664051,15.9666,-0.000821331,-0.00439474,-0.0701691,-0.00380812,0.0391615
44.34,-0.751913,-0.000771962,15.9639,-0.718905,-0.0180487,-0.0086,13.4227,0,447.171,15.7639,0.0663185,15.9639,-0.000771962,-0.00412987,-0.0659287,-0.00447013,0.04788
44.36,-0.7,-0.000718665,15.9635,-0.72522,-0.0132177,-0.00839377,13.6031,0,447.49,15.785,0.0662387,15.9635,-0.000718665,-0.00384464,-0.061374,-0.00454913,0.0481563
44.38,-0.7,-0.000718665,15.9392,-0.723951,-0.0148759,-0.00800538,13.8,0,447.808,15.8061,0.0661633,15.9392,-0.000718665,-0.00383879,-0.0611872,-0.00416659,0.0463113
44.4,-0.7,-0.000718665,15.9603,-0.714091,-0.0192759,-0.0082,13.806,0,448.126,15.8272,0.0660865,15.9603,-0.000718665,-0.00384387,-0.0613494,-0.00435613,0.0420734
44.42,-0.6,-0.000615999,15.9343,-0.698434,-0.0234648,-0.00792452,13.9189,0,448.445,15.8483,0.0660124,15.9343,-0.000615999,-0.00328937,-0.0524138,-0.00463515,0.028949
44.44,-0.6,-0.000615999,15.906,-0.682142,-0.0265004,-0.00678054,14.1097,0,448.763,15.8693,0.0659494,15.906,-0.000615999,-0.00328354,-0.0522279,-0.003497,0.0257275
44.46,-0.5,-0.000513332,15.8833,-0.66981,-0.0291561,-0.00657493,14.2125,0,449.08,15.8902,0.0658865,15.8833,-0.000513332,-0.00273238,-0.0433993,-0.00384255,0.0142433
44.48,-0.5,-0.000513332,15.8833,-0.662512,-0.0327063,-0.00621042,14.3,0,449.397,15.9111,0.0658346,15.8833,-0.000513332,-0.00273238,-0.0433993,-0.00347804,0.010693
44.5,-0.5,-0.000513332,15.8833,-0.657701,-0.0372194,-0.00600176,14.4,0,449.714,15.932,0.06578,15.8833,-0.000513332,-0.00273238,-0.0433993,-0.00326938,0.00617992
44.52,-0.4,-0.000410666,15.8721,-0.651817,-0.0407911,-0.0058,14.5,0,450.03,15.9529,0.0657281,15.8721,-0.000410666,-0.00218436,-0.0346703,-0.00361564,-0.00612084
44.54,-0.349438,-0.000358756,15.8602,-0.6421,-0.0409735,-0.00598495,14.5,0,450.347,15.9737,0.0656885,15.8602,-0.000358756,-0.00190682,-0.0302426,-0.00407813,-0.0107309
44.56,-0.3,-0.000307999,15.8409,-0.627208,-0.0374962,-0.00557854,14.6,0,450.663,15.9945,0.0656531,15.8409,-0.000307999,-0.00163505,-0.0259005,-0.0039435,-0.0115957
44.58,-0.208344,-0.000213899,15.8258,-0.608325,-0.0333073,-0.0054,14.6,0,450.979,16.0153,0.0656243,15.8258,-0.000213899,-0.00113442,-0.0179531,-0.00426558,-0.0153542
44.6,-0.1,-0.000102666,15.7962,-0.589064,-0.0325235,-0.00476865,14.6,0,451.295,16.036,0.0656071,15.7962,-0.000102666,-0.000543478,-0.00858488,-0.00422517,-0.0239386
44.62,-0.1,-0.000102666,15.8121,-0.572745,-0.0375933,-0.004,14.6,0,451.61,16.0567,0.0655991,15.8121,-0.000102666,-0.000544027,-0.00860223,-0.00345597,-0.0289911
44.64,0,0,15.7898,-0.560162,-0.0477906,-0.004,14.6,0,451.926,16.0774,0.065591,15.7898,0,0,0,-0.004,-0.0477906
44.66,0.1,0.000102666,15.7809,-0.550229,-0.0588924,-0.004,14.6,0,452.241,16.0981,0.0655964,15.7809,0.000102666,0.000542953,0.00856829,-0.00454295,-0.0674607
44.68,0.1,0.000102666,15.7994,-0.541386,-0.0644035,-0.004,14.6,0,452.556,16.1188,0.06561,15.7994,0.000102666,0.00054359,0.00858842,-0.00454359,-0.0729919
44.7,0.2,0.000205333,15.7883,-0.532595,-0.0591761,-0.00399077,14.7,0,452.871,16.1395,0.0656236,15.7883,0.000205333,0.00108641,0.0171526,-0.00507718,-0.0763287
44.72,0.3,0.000307999,15.7635,-0.52442,-0.0432556,-0.0031922,14.7019,0,453.186,16.1602,0.0656507,15.7635,0.000307999,0.00162706,0.0256482,-0.00481926,-0.0689038
44.74,0.348225,0.000357511,15.7497,-0.518522,-0.0220261,-0.00215257,14.8,0,453.5,16.1809,0.0656873,15.7497,0.000357511,0.00188696,0.029719,-0.00403952,-0.0517452
44.76,0.4,0.000410666,15.7606,-0.515282,-0.00239401,-0.0016,14.8,0,453.814,16.2016,0.0657277,15.7606,0.000410666,0.00216902,0.0341852,-0.00376902,-0.0365792
44.78,0.4,0.000410666,15.734,-0.512868,0.0115961,-0.0014091,14.8,0,454.129,16.2223,0.0657725,15.734,0.000410666,0.00216535,0.0340697,-0.00357446,-0.0224736
44.8,0.5,0.000513332,15.7333,-0.508839,0.020554,-0.00139841,14.8,0,454.443,16.243,0.0658185,15.7333,0.000513332,0.00270657,0.0425833,-0.00410498,-0.0220293
44.82,0.6,0.000615999,15.7235,-0.50211,0.0277931,-0.000969521,14.8,0,454.757,16.2637,0.065878,15.7235,0.000615999,0.00324587,0.0510364,-0.00421539,-0.0232434
44.84,0.7,0.000718665,15.6971,-0.494136,0.0353483,-0.000182563,14.8,0,455.07,16.2844,0.0659483,15.6971,0.000718665,0.00378049,0.0593427,-0.00396305,-0.0239944
44.86,0.711335,0.000730302,15.6792,-0.488477,0.0415462,0,14.8,0,455.383,16.3051,0.0660269,15.6792,0.000730302,0.0038373,0.0601657,-0.0038373,-0.0186195
44.88,0.8,0.000821331,15.6566,-0.4879,0.0420275,0,14.8,0,455.696,16.3258,0.0661063,15.6566,0.000821331,0.00430939,0.0674702,-0.00430939,-0.0254427
44.9,0.898267,0.000922218,15.6856,-0.491597,0.0337412,-1.15005e-05,14.8,0,456.009,16.3465,0.0661975,15.6856,0.000922218,0.0048477,0.076039,-0.0048592,-0.0422978
44.92,0.9,0.000923998,15.6689,-0.495921,0.0196187,0.000817071,14.8,0,456.322,16.3672,0.0662971,15.6689,0.000923998,0.00485187,0.0760233,-0.0040348,-0.0564046
44.94,1,0.00102666,15.6565,-0.497614,0.00882029,0.00138898,14.8,0,456.634,16.388,0.0663969,15.6565,0.00102666,0.00538671,0.0843368,-0.00399773,-0.0755165
44.96,1,0.00102666,15.6577,-0.495866,0.0105442,0.0012,14.8,0,456.946,16.4088,0.0665073,15.6577,0.00102666,0.00538712,0.0843497,-0.00418712,-0.0738055
44.98,1,0.00102666,15.6418,-0.492096,0.0274133,0.0012,14.8,0,457.259,16.4296,0.066615,15.6418,0.00102666,0.00538166,0.0841787,-0.00418166,-0.0567654
45,1,0.00102666,15.6355,-0.488747,0.0537402,0.00119227,14.8,0,457.571,16.4504,0.0667226,15.6355,0.00102666,0.00537949,0.0841109,-0.00418722,-0.0303707
45.02,1,0.00102666,15.6073,-0.487674,0.078024,0.000364991,14.8,0,457.883,16.4713,0.0668301,15.6073,0.00102666,0.00536978,0.0838075,-0.00500479,-0.00578357
45.04,1,0.00102666,15.6195,-0.488884,0.0884773,0,14.9,0,458.194,16.4921,0.0669375,15.6195,0.00102666,0.00537398,0.0839386,-0.00537398,0.00453871
45.06,1.00233,0.00102905,15.6079,-0.49115,0.0800239,0,14.9,0,458.506,16.5131,0.067045,15.6079,0.00102905,0.00538249,0.0840094,-0.00538249,-0.00398555
45.08,1.1,0.00112933,15.5708,-0.493597,0.0581437,0,14.9,0,458.817,16.534,0.0671553,15.5708,0.00112933,0.00589296,0.091758,-0.00589296,-0.0336143
45.1,1.1,0.00112933,15.583,-0.495815,0.0357265,0.00104351,15.0109,0,459.128,16.5549,0.0672757,15.583,0.00112933,0.00589759,0.0919023,-0.00485408,-0.0561758
45.12,1.1,0.00112933,15.5772,-0.497147,0.0247724,0.00138167,15.1092,0,459.439,16.5758,0.0673936,15.5772,0.00112933,0.00589537,0.0918333,-0.0045137,-0.0670609
45.14,1.19854,0.00123049,15.564,-0.497147,0.0291385,0.0012,15.2985,0,459.749,16.5968,0.0675142,15.564,0.00123049,0.00641804,0.0998903,-0.00521804,-0.0707518
45.16,1.2,0.001232,15.5492,-0.496146,0.0428917,0.0014,15.4,0,460.06,16.6179,0.0676451,15.5492,0.001232,0.00641975,0.0998218,-0.00501975,-0.0569301
45.18,1.2,0.001232,15.5362,-0.494514,0.054617,0.00182227,15.4,0,460.37,16.6389,0.0677735,15.5362,0.001232,0.00641439,0.0996552,-0.00459212,-0.0450382
45.2,1.2,0.001232,15.5388,-0.491886,0.055075,0.00258089,15.4,0,460.68,16.6599,0.0679018,15.5388,0.001232,0.00641548,0.099689,-0.00383459,-0.044614
45.22,1.3,0.00133466,15.515,-0.487345,0.0432153,0.00382045,15.5,0,460.99,16.681,0.0680327,15.515,0.00133466,0.00693943,0.107665,-0.00311898,-0.0644497
45.24,1.3,0.00133466,15.5358,-0.479873,0.0260198,0.00398674,15.6,0,461.299,16.7022,0.0681741,15.5358,0.00133466,0.00694874,0.107954,-0.002962,-0.0819342
45.26,1.39281,0.00142995,15.5147,-0.469223,0.0129553,0.00285753,15.6928,0,461.609,16.7233,0.0683156,15.5147,0.00142995,0.00743474,0.115348,-0.0045772,-0.102393
45.28,1.4,0.00143733,15.5026,-0.456793,0.010486,0.00301104,15.911,0,461.919,16.7445,0.0684669,15.5026,0.00143733,0.00746726,0.115762,-0.00445622,-0.105276
45.3,1.5,0.00154,15.4944,-0.444721,0.0199794,0.00320387,16.1019,0,462.228,16.7658,0.068619,15.4944,0.00154,0.00799644,0.1239,-0.00479257,-0.103921
45.32,1.50236,0.00154242,15.4894,-0.434057,0.0376739,0.00440945,16.4024,0,462.537,16.787,0.0687816,15.4894,0.00154242,0.00800643,0.124015,-0.00359698,-0.0863409
45.34,1.6,0.00164266,15.53,-0.424382,0.0561219,0.005,16.6021,0,462.846,16.8083,0.0689444,15.53,0.00164266,0.00854914,0.132769,-0.00354914,-0.0766467
45.36,1.6,0.00164266,15.475,-0.414454,0.0687216,0.00519994,16.7,0,463.156,16.8298,0.0691179,15.475,0.00164266,0.00851885,0.131829,-0.00331891,-0.0631076
45.38,1.7,0.00174533,15.4944,-0.402603,0.0743162,0.00520011,16.8,0,463.464,16.8512,0.0692909,15.4944,0.00174533,0.00906264,0.140421,-0.00386253,-0.0661044
45.4,1.80498,0.00185311,15.4813,-0.38773,0.0757812,0.00500996,16.8,0,463.773,16.8726,0.0694776,15.4813,0.00185311,0.00961409,0.148838,-0.00460414,-0.073057
45.42,2,0.00205333,15.447,-0.370867,0.074958,0.00538101,16.9,0,464.082,16.8941,0.0696778,15.447,0.00205333,0.0106293,0.164192,-0.00524832,-0.0892336
45.44,2.1,0.00215599,15.4577,-0.355137,0.0714771,0.00544737,17,0,464.39,16.9157,0.0698982,15.4577,0.00215599,0.0111685,0.17264,-0.00572113,-0.101162
45.46,2.1,0.00215599,15.4473,-0.34327,0.0651511,0.005997,17,0,464.699,16.9373,0.0701242,15.4473,0.00215599,0.011161,0.172407,-0.00516399,-0.107256
45.48,2.2,0.00225866,15.4628,-0.334809,0.0573938,0.00624671,17.1,0,465.007,16.959,0.07035,15.4628,0.00225866,0.0117042,0.180981,-0.00545751,-0.123587
45.5,2.3,0.00236133,15.4362,-0.326713,0.051764,0.00701746,17.1,0,465.315,16.9808,0.0705893,15.4362,0.00236133,0.0122152,0.188556,-0.00519771,-0.136792
45.52,2.3495,0.00241215,15.429,-0.317172,0.0537756,0.00801827,17.1,0,465.623,17.0026,0.0708376,15.429,0.00241215,0.0124723,0.192435,-0.00445399,-0.138659
45.54,2.4,0.00246399,15.4086,-0.307574,0.0676818,0.00795939,17.1102,0,465.931,17.0244,0.0710896,15.4086,0.00246399,0.0127234,0.19605,-0.00476405,-0.128368
45.56,2.4,0.00246399,15.4137,-0.300761,0.0923337,0.0076,17.2,0,466.238,17.0464,0.0713454,15.4137,0.00246399,0.0127276,0.19618,-0.00512764,-0.103846
45.58,2.5,0.00256666,15.4359,-0.298524,0.120498,0.00881456,17.3,0,466.546,17.0684,0.0716025,15.4359,0.00256666,0.0132771,0.204943,-0.00446251,-0.0844448
45.6,2.54898,0.00261694,15.4167,-0.299946,0.141474,0.00959864,17.3,0,466.853,17.0905,0.071872,15.4167,0.00261694,0.0135204,0.20844,-0.00392173,-0.066966
45.62,2.6,0.00266933,15.4198,-0.301205,0.145978,0.0102352,17.4,0,467.161,17.1127,0.072145,15.4198,0.00266933,0.0137938,0.212698,-0.00355855,-0.0667204
45.64,2.60905,0.00267862,15.3977,-0.297942,0.132141,0.0108,17.4,0,467.468,17.1349,0.0724224,15.3977,0.00267862,0.0138219,0.212826,-0.00302194,-0.0806852
45.66,2.7,0.00277199,15.4089,-0.288444,0.107472,0.0106165,17.4082,0,467.776,17.1573,0.0727014,15.4089,0.00277199,0.0143142,0.220566,-0.00369772,-0.113094
45.68,2.80645,0.00288128,15.4213,-0.27447,0.0842708,0.0108129,17.5064,0,468.083,17.1797,0.0729929,15.4213,0.00288128,0.0148904,0.229629,-0.00407755,-0.145359
45.7,2.9,0.00297733,15.392,-0.259901,0.0728013,0.0108077,17.7116,0,468.39,17.2022,0.0732959,15.392,0.00297733,0.0153576,0.236384,-0.0045499,-0.163583
45.72,3,0.00307999,15.3936,-0.249037,0.0767495,0.0114212,18.1318,0,468.697,17.2248,0.0736082,15.3936,0.00307999,0.0158889,0.244588,-0.00446767,-0.167838
45.74,3,0.00307999,15.3819,-0.244382,0.0924596,0.0118,18.536,0,469.004,17.2475,0.0739285,15.3819,0.00307999,0.0158768,0.244216,-0.00407681,-0.151757
45.76,3.1,0.00318266,15.4028,-0.244702,0.111925,0.0117997,18.9003,0,469.311,17.2703,0.0742487,15.4028,0.00318266,0.0164283,0.253041,-0.00462856,-0.141116
45.78,3.1,0.00318266,15.3917,-0.246256,0.127941,0.0119965,19.1,0,469.618,17.2932,0.0745798,15.3917,0.00318266,0.0164165,0.252678,-0.00441996,-0.124737
45.8,3.1,0.00318266,15.3954,-0.246023,0.137694,0.0126115,19.3,0,469.925,17.3161,0.0749081,15.3954,0.00318266,0.0164204,0.252799,-0.00380892,-0.115105
45.82,3.1,0.00318266,15.404,-0.242508,0.142091,0.0128,19.3093,0,470.232,17.3392,0.0752365,15.404,0.00318266,0.0164296,0.253081,-0.00362958,-0.11099
45.84,3.1,0.00318266,15.3887,-0.235025,0.143062,0.0125563,19.4109,0,470.539,17.3624,0.075565,15.3887,0.00318266,0.0164133,0.25258,-0.00385706,-0.109518
45.86,3.1,0.00318266,15.3861,-0.22441,0.142417,0.0122,19.5,0,470.846,17.3857,0.0758932,15.3861,0.00318266,0.0164105,0.252494,-0.0042105,-0.110077
45.88,3.2,0.00328533,15.36,-0.213035,0.141637,0.0130404,19.6202,0,471.153,17.4091,0.076224,15.36,0.00328533,0.0169111,0.259753,-0.00387071,-0.118116
45.9,3.2,0.00328533,15.393,-0.202325,0.141178,0.0137717,19.8929,0,471.459,17.4325,0.0765648,15.393,0.00328533,0.0169475,0.260873,-0.00317578,-0.119696
45.92,3.2,0.00328533,15.3728,-0.191587,0.140877,0.0149739,20.0957,0,471.766,17.4561,0.0769037,15.3728,0.00328533,0.0169252,0.260187,-0.00195128,-0.11931
45.94,3.2,0.00328533,15.3704,-0.180227,0.141545,0.0154,20.3089,0,472.073,17.4798,0.0772422,15.3704,0.00328533,0.0169226,0.260107,-0.00152259,-0.118562
45.96,3.20957,0.00329515,15.3906,-0.168903,0.144938,0.0149809,20.4096,0,472.379,17.5036,0.0775809,15.3906,0.00329515,0.0169955,0.261571,-0.00201464,-0.116633
45.98,3.3,0.00338799,15.3696,-0.158074,0.15201,0.0146372,20.5093,0,472.686,17.5275,0.0779234,15.3696,0.00338799,0.0174505,0.268206,-0.00281329,-0.116196
46,3.3,0.00338799,15.3722,-0.147597,0.161856,0.0154104,20.6026,0,472.992,17.5515,0.0782748,15.3722,0.00338799,0.0174535,0.268299,-0.00204311,-0.106443
46.02,3.3,0.00338799,15.3793,-0.13683,0.17152,0.0162165,20.8082,0,473.299,17.5756,0.0786238,15.3793,0.00338799,0.0174615,0.268545,-0.001245,-0.0970251
46.04,3.3,0.00338799,15.394,-0.123388,0.176777,0.0168,20.9112,0,473.605,17.5998,0.078973,15.394,0.00338799,0.0174782,0.26906,-0.000678216,-0.092283
46.06,3.3,0.00338799,15.3861,-0.10347,0.175101,0.0166015,21,0,473.912,17.6241,0.0793225,15.3861,0.00338799,0.0174693,0.268785,-0.000867787,-0.0936836
46.08,3.3,0.00338799,15.3859,-0.0748407,0.168265,0.0164,21.1,0,474.219,17.6485,0.0796719,15.3859,0.00338799,0.017469,0.268775,-0.00106896,-0.10051
46.1,3.3,0.00338799,15.4355,-0.0393435,0.160965,0.0161825,21.1,0,474.526,17.6731,0.0800213,15.4355,0.00338799,0.0175253,0.270512,-0.00134285,-0.109548
46.12,3.3,0.00338799,15.4222,-0.00297703,0.157194,0.0158,21.1,0,474.833,17.6978,0.0803718,15.4222,0.00338799,0.0175102,0.270047,-0.00171024,-0.112853
46.14,3.3,0.00338799,15.4213,0.0264303,0.158545,0.015729,21.1,0,475.141,17.7226,0.080722,15.4213,0.00338799,0.0175092,0.270015,-0.00178015,-0.11147
46.16,3.3,0.00338799,15.4058,0.0427983,0.164692,0.0147949,21.1,0,475.448,17.7476,0.0810721,15.4058,0.00338799,0.0174916,0.269472,-0.00269663,-0.10478
46.18,3.3,0.00338799,15.4436,0.0450479,0.173507,0.0150173,21.1,0,475.755,17.7726,0.081422,15.4436,0.00338799,0.0175345,0.270797,-0.00251728,-0.0972905
46.2,3.3,0.00338799,15.4247,0.0383814,0.181328,0.0151866,21.1,0,476.063,17.7977,0.0817727,15.4247,0.00338799,0.0175131,0.270135,-0.00232648,-0.0888065
46.22,3.3,0.00338799,15.417,0.0318099,0.184683,0.0146346,21.1,0,476.371,17.823,0.082123,15.417,0.00338799,0.0175044,0.269865,-0.00286979,-0.0851827
46.24,3.3,0.00338799,15.4258,0.032739,0.181867,0.0141769,21.1,0,476.678,17.8483,0.0824731,15.4258,0.00338799,0.0175143,0.270173,-0.0033374,-0.0883063
46.26,3.3,0.00338799,15.439,0.0426172,0.173928,0.0137942,21.1,0,476.986,17.8738,0.0828233,15.439,0.00338799,0.0175293,0.270636,-0.00373514,-0.0967086
46.28,3.3,0.00338799,15.4499,0.0566627,0.164806,0.0136,21.1,0,477.293,17.8994,0.0831739,15.4499,0.00338799,0.0175417,0.271018,-0.0039417,-0.106213
46.3,3.3,0.00338799,15.4471,0.0676046,0.158614,0.0138131,21.1,0,477.601,17.9251,0.0835248,15.4471,0.00338799,0.0175384,0.270917,-0.00372534,-0.112303
46.32,3.3,0.00338799,15.4419,0.0707071,0.155494,0.0141823,21.1,0,477.909,17.951,0.0838756,15.4419,0.00338799,0.0175326,0.270737,-0.00335035,-0.115244
46.34,3.3,0.00338799,15.4685,0.0658847,0.151311,0.0138,21.2,0,478.217,17.9769,0.0842262,15.4685,0.00338799,0.0175628,0.271669,-0.00376275,-0.120358
46.36,3.3,0.00338799,15.4515,0.0561028,0.142749,0.01469,21.2112,0,478.525,18.003,0.0845775,15.4515,0.00338799,0.0175435,0.271075,-0.00285355,-0.128326
46.38,3.3,0.00338799,15.475,0.0455131,0.132454,0.01604,21.3,0,478.833,18.0291,0.0849284,15.475,0.00338799,0.0175702,0.271898,-0.00153021,-0.139444
46.4,3.2,0.00328533,15.4749,0.0383355,0.127268,0.0166,21.3,0,479.141,18.0554,0.0852772,15.4749,0.00328533,0.0170376,0.263656,-0.000437625,-0.136387
46.42,3.2,0.00328533,15.4775,0.0371335,0.130778,0.016369,21.3,0,479.45,18.0819,0.0856152,15.4775,0.00328533,0.0170405,0.263745,-0.000671473,-0.132967
46.44,3.2,0.00328533,15.4894,0.0414565,0.140139,0.0156,21.3,0,479.758,18.1084,0.0859561,15.4894,0.00328533,0.0170536,0.264151,-0.00145363,-0.124012
46.46,3.2,0.00328533,15.5024,0.0482224,0.15018,0.0158,21.3,0,480.067,18.135,0.0862971,15.5024,0.00328533,0.0170679,0.264593,-0.00126787,-0.114413
46.48,3.1,0.00318266,15.4936,0.0536553,0.157452,0.016,21.3,0,480.376,18.1618,0.0866359,15.4936,0.00318266,0.0165252,0.256035,-0.000525188,-0.098583
46.5,3.1,0.00318266,15.4642,0.0555606,0.161235,0.016,21.3,0,480.684,18.1887,0.0869637,15.4642,0.00318266,0.0164938,0.255063,-0.000493773,-0.0938275
46.52,3.1,0.00318266,15.4881,0.0546107,0.163138,0.0158115,21.3,0,480.993,18.2156,0.0872936,15.4881,0.00318266,0.0165193,0.255852,-0.000707755,-0.0927147
46.54,3,0.00307999,15.4917,0.0538314,0.165472,0.0153893,21.3,0,481.301,18.2426,0.0876213,15.4917,0.00307999,0.0159901,0.247713,-0.00060079,-0.082241
46.56,3,0.00307999,15.4924,0.0559838,0.170062,0.015,21.3,0,481.61,18.2698,0.0879385,15.4924,0.00307999,0.0159908,0.247736,-0.000990814,-0.0776736
46.58,2.99508,0.00307494,15.5101,0.0608277,0.178103,0.0150295,21.3,0,481.919,18.2971,0.0882582,15.5101,0.00307494,0.0159829,0.247897,-0.0009534,-0.0697941
46.6,2.9,0.00297733,15.4698,0.0653872,0.188932,0.0161904,21.3,0,482.228,18.3245,0.0885752,15.4698,0.00297733,0.0154352,0.23878,0.000755108,-0.0498478
46.62,2.9,0.00297733,15.5305,0.0670965,0.199227,0.0156028,21.3,0,482.536,18.3519,0.0888814,15.5305,0.00297733,0.0154958,0.240658,0.00010699,-0.0414302
46.64,2.9,0.00297733,15.5409,0.0662105,0.205426,0.0146,21.3,0,482.845,18.3795,0.0891913,15.5409,0.00297733,0.0155062,0.24098,-0.000906176,-0.035554
46.66,2.88857,0.00296559,15.5272,0.0649787,0.206603,0.0148229,21.3,0,483.155,18.4072,0.0895011,15.5272,0.00296559,0.0154315,0.239608,-0.000608624,-0.0330048
46.68,2.8,0.00287466,15.5637,0.0653159,0.203746,0.0147692,21.3,0,483.464,18.435,0.0898071,15.5637,0.00287466,0.0149934,0.233353,-0.000224224,-0.0296075
46.7,2.70108,0.0027731,15.5584,0.0674974,0.196826,0.0140043,21.3,0,483.774,18.463,0.0901019,15.5584,0.0027731,0.0144588,0.224955,-0.000454472,-0.0281292
46.72,2.7,0.00277199,15.5744,0.0701877,0.184677,0.0128544,21.3,0,484.084,18.4911,0.0903885,15.5744,0.00277199,0.0144679,0.225328,-0.00161348,-0.0406514
46.74,2.6,0.00266933,15.5564,0.0716741,0.168265,0.0122,21.3,0,484.394,18.5192,0.0906751,15.5564,0.00266933,0.0139159,0.216482,-0.00171594,-0.0482165
46.76,2.54808,0.00261603,15.5994,0.0716285,0.152107,0.0126181,21.3,0,484.704,18.5474,0.0909494,15.5994,0.00261603,0.0136758,0.213335,-0.00105767,-0.061228
46.78,2.5,0.00256666,15.5751,0.0714597,0.141778,0.0130028,21.3,0,485.015,18.5758,0.0912202,15.5751,0.00256666,0.0133968,0.208657,-0.000394009,-0.0668781
46.8,2.5,0.00256666,15.5907,0.0726822,0.140496,0.0133813,21.3,0,485.325,18.6042,0.0914869,15.5907,0.00256666,0.0134103,0.209076,-2.90048e-05,-0.0685799
46.82,2.4038,0.00246789,15.6211,0.075113,0.146802,0.0136,21.3,0,485.635,18.6328,0.0917525,15.6211,0.00246789,0.0129193,0.201813,0.000680693,-0.0550113
46.84,2.29763,0.00235889,15.6112,0.0767141,0.154674,0.0129715,21.3,0,485.947,18.6614,0.0920055,15.6112,0.00235889,0.0123409,0.192656,0.000630573,-0.0379813
46.86,2.19281,0.00225128,15.6134,0.0751019,0.156607,0.0119569,21.3,0,486.258,18.6902,0.0922467,15.6134,0.00225128,0.0117796,0.183919,0.000177311,-0.027312
46.88,2.1,0.00215599,15.6002,0.0693895,0.147187,0.0109896,21.3,0,486.568,18.719,0.0924769,15.6002,0.00215599,0.0112714,0.175837,-0.000281861,-0.0286497
46.9,2.01094,0.00206456,15.6078,0.0610816,0.125305,0.0108,21.3,0,486.879,18.7478,0.0926975,15.6078,0.00206456,0.0107987,0.168544,1.31013e-06,-0.0432394
46.92,2,0.00205333,15.6298,0.0533287,0.0954929,0.0111879,21.3,0,487.19,18.7767,0.0929108,15.6298,0.00205333,0.0107551,0.168099,0.000432793,-0.0726062
46.94,1.84839,0.00189768,15.6377,0.0489908,0.067239,0.0112,21.3,0,487.501,18.8058,0.0931215,15.6377,0.00189768,0.00994482,0.155514,0.00125518,-0.0882754
46.96,1.79438,0.00184222,15.6583,0.0491064,0.0504514,0.0109888,21.3,0,487.813,18.8349,0.0933149,15.6583,0.00184222,0.00966695,0.151368,0.00132181,-0.100917
46.98,1.69953,0.00174484,15.6583,0.0526762,0.0494621,0.0103972,21.3,0,488.124,18.8641,0.0935042,15.6583,0.00174484,0.00915595,0.143367,0.00124121,-0.0939048
47,1.59297,0.00163544,15.6559,0.0573698,0.0603667,0.0095578,21.3,0,488.436,18.8934,0.0936819,15.6559,0.00163544,0.00858056,0.134337,0.000977232,-0.0739701
47.02,1.45171,0.00149042,15.6704,0.0607227,0.0733729,0.00859696,21.3,0,488.748,18.9227,0.0938469,15.6704,0.00149042,0.00782692,0.122651,0.000770039,-0.0492781
47.04,1.34932,0.0013853,15.6889,0.0616818,0.0781952,0.00817617,21.3,0,489.06,18.9521,0.0939969,15.6889,0.0013853,0.00728344,0.114269,0.000892728,-0.0360739
47.06,1.2,0.001232,15.6889,0.0613813,0.069696,0.00718398,21.3,0,489.372,18.9815,0.0941357,15.6889,0.001232,0.00647744,0.101624,0.000706542,-0.0319278
47.08,1.2,0.001232,15.6889,0.0616874,0.0509583,0.00660089,21.3,0,489.685,19.0111,0.0942613,15.6889,0.001232,0.00647745,0.101624,0.000123432,-0.050666
47.1,1.2,0.001232,15.7082,0.0631459,0.0315108,0.00678366,21.3,0,489.997,19.0406,0.0943908,15.7082,0.001232,0.00648542,0.101874,0.00029824,-0.0703637
47.12,1.2,0.001232,15.7057,0.0652173,0.0212612,0.00585805,21.3,0,490.31,19.0702,0.0945205,15.7057,0.001232,0.00648436,0.101841,-0.000626314,-0.08058
47.14,1.2,0.001232,15.7109,0.0675091,0.0240895,0.00478253,21.3,0,490.623,19.0999,0.0946502,15.7109,0.001232,0.00648654,0.10191,-0.00170401,-0.07782
47.16,1.2,0.001232,15.7036,0.0697172,0.0356552,0.0041849,21.3,0,490.936,19.1296,0.09478,15.7036,0.001232,0.00648352,0.101815,-0.00229862,-0.0661595
47.18,1.2,0.001232,15.725,0.0715955,0.0470875,0.00400486,21.3,0,491.248,19.1594,0.0949096,15.725,0.001232,0.00649236,0.102093,-0.0024875,-0.0550051
47.2,1.2,0.001232,15.7277,0.0734608,0.0516386,0.0044,21.3,0,491.561,19.1892,0.0950395,15.7277,0.001232,0.00649346,0.102127,-0.00209346,-0.0504885
47.22,1.2,0.001232,15.7223,0.0755608,0.0487385,0.00459314,20.9137,0,491.874,19.2191,0.0951694,15.7223,0.001232,0.00649124,0.102057,-0.0018981,-0.0533188
47.24,1.2,0.001232,15.7415,0.0771687,0.0425273,0.0054,20.8,0,492.188,19.249,0.0952992,15.7415,0.001232,0.00649917,0.102307,-0.00109917,-0.0597795
47.26,1.2,0.001232,15.7391,0.0772402,0.03756,0.00475414,20.8,0,492.501,19.279,0.0954292,15.7391,0.001232,0.00649815,0.102275,-0.00174402,-0.0647149
47.28,1.2,0.001232,15.7426,0.0755684,0.0361155,0.00418068,20.8,0,492.814,19.309,0.0955592,15.7426,0.001232,0.0064996,0.10232,-0.00231892,-0.0662048
47.3,1.2,0.001232,15.7604,0.0728533,0.0376786,0.00403277,20.8,0,493.128,19.339,0.0956892,15.7604,0.001232,0.00650695,0.102552,-0.00247417,-0.0648733
47.32,1.2,0.001232,15.7424,0.0702227,0.0389058,0.00458546,20.8,0,493.442,19.3692,0.0958193,15.7424,0.001232,0.00649954,0.102318,-0.00191408,-0.0634127
47.34,1.2,0.001232,15.7879,0.068644,0.0356945,0.00464404,20.8,0,493.755,19.3993,0.0959493,15.7879,0.001232,0.00651833,0.102911,-0.00187429,-0.0672164
47.36,1.2,0.001232,15.7728,0.0680545,0.0281047,0.00540845,20.8,0,494.069,19.4296,0.0960797,15.7728,0.001232,0.00651209,0.102714,-0.00110364,-0.0746091
47.38,1.2,0.001232,15.8,0.067296,0.0221634,0.00559818,20.8,0,494.383,19.4599,0.0962099,15.8,0.001232,0.00652331,0.103068,-0.000925135,-0.0809049
47.4,1.2,0.001232,15.7999,0.0651184,0.0252872,0.00497361,20.8,0,494.698,19.4903,0.0963404,15.7999,0.001232,0.00652328,0.103067,-0.00154966,-0.07778
47.42,1.2,0.001232,15.7973,0.0606682,0.0406367,0.00441745,20.8,0,495.012,19.5207,0.0964709,15.7973,0.001232,0.00652222,0.103034,-0.00210477,-0.062397
47.44,1.2,0.001232,15.7996,0.0536014,0.0646459,0.00417501,20.7,0,495.327,19.5511,0.0966013,15.7996,0.001232,0.00652316,0.103064,-0.00234815,-0.0384177
47.46,1.2,0.001232,15.7951,0.0450328,0.087864,0.004,20.7,0,495.641,19.5816,0.0967318,15.7951,0.001232,0.00652131,0.103005,-0.00252131,-0.015141
47.48,1.2,0.001232,15.825,0.037845,0.0994996,0.004,20.7,0,495.956,19.6122,0.0968622,15.825,0.001232,0.00653361,0.103394,-0.00253361,-0.00389452
47.5,1.2,0.001232,15.814,0.0349137,0.0940068,0.00478914,20.7,0,496.271,19.6428,0.0969929,15.814,0.001232,0.00652908,0.103251,-0.00173994,-0.0092439
47.52,1.2,0.001232,15.8327,0.037057,0.0747576,0.00501077,20.7,0,496.586,19.6734,0.0971235,15.8327,0.001232,0.00653683,0.103496,-0.00152607,-0.0287384
47.54,1.2,0.001232,15.8334,0.0424065,0.0515772,0.00378558,20.6,0,496.901,19.7042,0.0972542,15.8334,0.001232,0.00653712,0.103505,-0.00275154,-0.0519278
47.56,1.2,0.001232,15.8368,0.0471514,0.0343623,0.00362001,20.6,0,497.216,19.7349,0.097385,15.8368,0.001232,0.00653851,0.103549,-0.00291849,-0.0691867
47.58,1.2,0.001232,15.85,0.0476631,0.0281454,0.004,20.6,0,497.531,19.7658,0.0975157,15.85,0.001232,0.00654396,0.103722,-0.00254396,-0.0755763
47.6,1.2,0.001232,15.8502,0.0430449,0.0320779,0.0042,20.599,0,497.847,19.7966,0.0976466,15.8502,0.001232,0.00654404,0.103724,-0.00234404,-0.0716463
47.62,1.2,0.001232,15.8658,0.0355126,0.0414459,0.0042,20.5,0,498.162,19.8276,0.0977775,15.8658,0.001232,0.00655046,0.103928,-0.00235046,-0.0624822
47.64,1.2,0.001232,15.8593,0.0281173,0.0514087,0.0046,20.4,0,498.478,19.8586,0.0979085,15.8593,0.001232,0.00654779,0.103843,-0.00194779,-0.0524347
47.66,1.1,0.00112933,15.8935,0.0226618,0.0598492,0.00438282,20.4,0,498.794,19.8896,0.0980367,15.8935,0.00112933,0.00601508,0.0956007,-0.00163227,-0.0357515
47.68,1.1,0.00112933,15.8726,0.0195348,0.0670972,0.0042,20.4,0,499.11,19.9207,0.0981543,15.8726,0.00112933,0.00600717,0.0953491,-0.00180717,-0.0282519
47.7,1,0.00102666,15.8887,0.0184501,0.0736571,0.00398254,20.4,0,499.426,19.9518,0.0982717,15.8887,0.00102666,0.0054666,0.0868569,-0.00148406,-0.0131998
47.72,1,0.00102666,15.8835,0.0190237,0.0781438,0.00398615,20.4,0,499.742,19.983,0.0983783,15.8835,0.00102666,0.00546483,0.0868009,-0.00147869,-0.00865712
47.74,0.9,0.000923998,15.9163,0.0209983,0.0768533,0.00378189,20.4,0,500.058,20.0143,0.0984849,15.9163,0.000923998,0.00492849,0.0784433,-0.0011466,-0.00159002
47.76,0.9,0.000923998,15.9004,0.0241656,0.0664186,0.00341584,20.3921,0,500.375,20.0456,0.0985807,15.9004,0.000923998,0.00492358,0.0782872,-0.00150774,-0.0118685
47.78,0.896665,0.000920574,15.9112,0.0280488,0.0481453,0.00377999,20.3,0,500.692,20.0769,0.0986791,15.9112,0.000920574,0.00490866,0.0781027,-0.00112867,-0.0299573
47.8,0.8,0.000821331,15.9166,0.0316805,0.0288154,0.00260603,20.3,0,501.008,20.1083,0.0987745,15.9166,0.000821331,0.00438098,0.0697304,-0.00177495,-0.040915
47.82,0.703942,0.000722712,15.9167,0.0338066,0.0163014,0.0024,20.2,0,501.325,20.1397,0.0988569,15.9167,0.000722712,0.00385495,0.061358,-0.00145495,-0.0450566
47.84,0.695952,0.000714509,15.9476,0.0332733,0.014655,0.0020081,20.2,0,501.642,20.1711,0.0989311,15.9476,0.000714509,0.00381861,0.0608977,-0.00181051,-0.0462427
47.86,0.6,0.000615999,15.9672,0.0297961,0.0223973,0.00241283,20.2,0,501.959,20.2026,0.0990047,15.9672,0.000615999,0.00329617,0.0526306,-0.000883341,-0.0302334
47.88,0.5,0.000513332,15.9832,0.0249814,0.0335902,0.00258793,20.097,0,502.277,20.2342,0.0990652,15.9832,0.000513332,0.00274956,0.0439469,-0.000161632,-0.0103567
47.9,0.5,0.000513332,15.9755,0.0216529,0.0409295,0.00184145,20,0,502.595,20.2658,0.0991174,15.9755,0.000513332,0.00274823,0.0439043,-0.000906785,-0.00297475
47.92,0.405005,0.000415805,15.9724,0.0215468,0.0399467,0.00121001,19.8,0,502.913,20.2974,0.0991698,15.9724,0.000415805,0.00222566,0.0355491,-0.00101565,0.00439756
47.94,0.4,0.000410666,15.9675,0.0242343,0.0312195,0.0012,19.6885,0,503.231,20.3291,0.0992116,15.9675,0.000410666,0.00219749,0.0350884,-0.00099749,-0.00386891
47.96,0.4,0.000410666,15.9803,0.0276593,0.0185877,0.00139193,19.5,0,503.549,20.3607,0.0992554,15.9803,0.000410666,0.00219924,0.0351445,-0.000807312,-0.0165568
47.98,0.4,0.000410666,15.9663,0.0289129,0.00585208,0.000361636,19.5,0,503.867,20.3924,0.0992994,15.9663,0.000410666,0.00219732,0.0350831,-0.00183568,-0.029231
48,0.4,0.000410666,15.9592,0.0256938,-0.00466104,-0.0004,19.5,0,504.185,20.4241,0.0993433,15.9592,0.000410666,0.00219635,0.0350519,-0.00259635,-0.039713
48.02,0.4,0.000410666,15.9943,0.0181523,-0.0118473,-3.30737e-06,19.5,0,504.502,20.4557,0.0993872,15.9943,0.000410666,0.00220118,0.0352063,-0.00220448,-0.0470536
48.04,0.4,0.000410666,15.9802,0.00869221,-0.0155053,0,19.3884,0,504.82,20.4875,0.0994313,15.9802,0.000410666,0.00219924,0.0351443,-0.00219924,-0.0506496
48.06,0.4,0.000410666,15.9763,-0.000234345,-0.0160458,1.41252e-05,19.2929,0,505.138,20.5192,0.0994752,15.9763,0.000410666,0.0021987,0.035127,-0.00218457,-0.0511728
48.08,0.4,0.000410666,16.0109,-0.00736607,-0.0140658,0.000393135,19.1966,0,505.456,20.5509,0.0995192,16.0109,0.000410666,0.00220346,0.0352795,-0.00181033,-0.0493453
48.1,0.4,0.000410666,16,-0.0122648,-0.0101999,1.73875e-06,19.1,0,505.775,20.5828,0.0995633,16,0.000410666,0.00220197,0.0352316,-0.00220023,-0.0454315
48.12,0.4,0.000410666,16.0108,-0.0149851,-0.00541378,-0.000188393,19.0058,0,506.093,20.6146,0.0996073,16.0108,0.000410666,0.00220344,0.0352787,-0.00239183,-0.0406925
48.14,0.4,0.000410666,16.0087,-0.0160051,-0.00139681,-0.001,19,0,506.412,20.6464,0.0996514,16.0087,0.000410666,0.00220316,0.0352697,-0.00320316,-0.0366665
48.16,0.4,0.000410666,16.0196,-0.0159552,-0.000259409,-0.000760595,18.9,0,506.731,20.6783,0.0996955,16.0196,0.000410666,0.00220466,0.0353177,-0.00296525,-0.0355771
48.18,0.4,0.000410666,16.0221,-0.0153828,-0.00311635,0,18.9,0,507.049,20.7102,0.0997396,16.0221,0.000410666,0.00220501,0.0353289,-0.00220501,-0.0384453
48.2,0.4,0.000410666,16.0208,-0.0147131,-0.00872125,0.000181837,18.9,0,507.368,20.7421,0.0997836,16.0208,0.000410666,0.00220482,0.0353229,-0.00202298,-0.0440442
48.22,0.4,0.000410666,16.049,-0.0143124,-0.014133,0,18.806,0,507.687,20.774,0.0998277,16.049,0.000410666,0.00220871,0.0354477,-0.00220871,-0.0495807
48.24,0.4,0.000410666,16.0474,-0.0145737,-0.01725,-0.000787138,18.7936,0,508.007,20.806,0.0998719,16.0474,0.000410666,0.00220848,0.0354404,-0.00299562,-0.0526904
48.26,0.410439,0.000421383,16.0505,-0.015953,-0.0182616,0,18.7,0,508.326,20.838,0.0999164,16.0505,0.000421383,0.00226656,0.0363793,-0.00226656,-0.0546409
48.28,0.5,0.000513332,16.0101,-0.0188828,-0.0186576,-0.000427876,18.7,0,508.645,20.8701,0.0999645,16.0101,0.000513332,0.00275419,0.0440949,-0.00318206,-0.0627525
48.3,0.5,0.000513332,16.061,-0.0234909,-0.0197696,-0.00119422,18.7,0,508.964,20.902,0.100022,16.061,0.000513332,0.00276294,0.0443756,-0.00395717,-0.0641452
48.32,0.5,0.000513332,16.0529,-0.0292711,-0.0219892,-0.000418545,18.7,0,509.283,20.9341,0.100077,16.0529,0.000513332,0.00276155,0.0443309,-0.0031801,-0.0663201
48.34,0.508767,0.000522333,16.0594,-0.0352969,-0.0240946,0.000217534,18.5912,0,509.603,20.9662,0.100133,16.0594,0.000522333,0.00281112,0.0451449,-0.00259358,-0.0692395
48.36,0.6,0.000615999,16.0825,-0.0412248,-0.0234228,0,18.4,0,509.922,20.9983,0.100192,16.0825,0.000615999,0.00331996,0.0533932,-0.00331996,-0.076816
48.38,0.6,0.000615999,16.0698,-0.048049,-0.0178343,-0.000632703,18.3,0,510.243,21.0305,0.100261,16.0698,0.000615999,0.00331734,0.053309,-0.00395005,-0.0711433
48.4,0.6,0.000615999,16.0777,-0.0571483,-0.00784988,-0.000789419,18.2,0,510.562,21.0627,0.100327,16.0777,0.000615999,0.00331898,0.0533616,-0.0041084,-0.0612115
48.42,0.7,0.000718665,16.073,-0.0681483,0.0030984,0,18.1956,0,510.882,21.0949,0.100396,16.073,0.000718665,0.00387101,0.0622186,-0.00387101,-0.0591202
48.44,0.7,0.000718665,16.1047,-0.0785901,0.0101857,0.000238696,18.1,0,511.202,21.1271,0.100476,16.1047,0.000718665,0.00387866,0.0624648,-0.00363996,-0.0522791
48.46,0.7,0.000718665,16.0729,-0.0862197,0.00962516,0.00121506,18.1,0,511.522,21.1594,0.100554,16.0729,0.000718665,0.003871,0.0622183,-0.00265594,-0.0525931
48.48,0.704979,0.000723777,16.0888,-0.0905312,0.00106749,0.0014,18.1,0,511.842,21.1917,0.100631,16.0888,0.000723777,0.00390237,0.0627843,-0.00250237,-0.0617168
48.5,0.8,0.000821331,16.0833,-0.0921648,-0.0117867,0.0018,18.1,0,512.162,21.224,0.100712,16.0833,0.000821331,0.00442686,0.0711987,-0.00262686,-0.0829854
48.52,0.896731,0.000920642,16.0833,-0.0923371,-0.0232766,0.0018,18.1,0,512.482,21.2564,0.100806,16.0833,0.000920642,0.00496213,0.0798076,-0.00316213,-0.103084
48.54,0.9,0.000923998,16.1096,-0.0927419,-0.0290352,0.0018,18.1,0,512.802,21.2888,0.100908,16.1096,0.000923998,0.00498836,0.0803606,-0.00318836,-0.109396
48.56,1,0.00102666,16.0803,-0.0948168,-0.0280813,0.00190965,18.1,0,513.123,21.3213,0.101011,16.0803,0.00102666,0.00553253,0.0889648,-0.00362288,-0.117046
48.58,1,0.00102666,16.124,-0.0987708,-0.0225288,0.00241436,18.1,0,513.443,21.3537,0.101124,16.124,0.00102666,0.00554758,0.0894495,-0.00313322,-0.111978
48.6,1.1,0.00112933,16.0977,-0.10336,-0.0150915,0.00260529,18.1,0,513.764,21.3863,0.101238,16.0977,0.00112933,0.00609238,0.0980736,-0.00348709,-0.113165
48.62,1.2,0.001232,16.1179,-0.106863,-0.00685027,0.00341872,18.1,0,514.084,21.4188,0.101365,16.1179,0.001232,0.00665456,0.107257,-0.00323583,-0.114108
48.64,1.2492,0.00128251,16.1177,-0.108715,0.00239435,0.004,18.1,0,514.405,21.4515,0.101502,16.1177,0.00128251,0.0069273,0.111652,-0.0029273,-0.109258
48.66,1.3,0.00133466,16.1138,-0.110236,0.0126293,0.00281333,18.1,0,514.725,21.4842,0.101644,16.1138,0.00133466,0.00720728,0.116137,-0.00439395,-0.103507
48.68,1.3,0.00133466,16.1109,-0.113562,0.0227542,0.00340911,18.1,0,515.046,21.5169,0.101789,16.1109,0.00133466,0.00720597,0.116095,-0.00379686,-0.0933404
48.7,1.4,0.00143733,16.0936,-0.119498,0.0301135,0.00369305,18.1,0,515.366,21.5496,0.101936,16.0936,0.00143733,0.00775195,0.124757,-0.0040589,-0.0946434
48.72,1.4,0.00143733,16.1325,-0.126502,0.0315076,0.00379238,18.1,0,515.687,21.5824,0.102094,16.1325,0.00143733,0.00777069,0.125361,-0.00397831,-0.093853
48.74,1.4,0.00143733,16.1311,-0.132211,0.0263367,0.00482988,18.1,0,516.008,21.6153,0.102249,16.1311,0.00143733,0.00777,0.125339,-0.00294013,-0.0990019
48.76,1.5,0.00154,16.145,-0.135453,0.0185561,0.0054,18.1,0,516.329,21.6483,0.102408,16.145,0.00154,0.00833221,0.134524,-0.00293221,-0.115968
48.78,1.5,0.00154,16.1549,-0.136498,0.0146715,0.00542265,18.1,0,516.65,21.6813,0.102577,16.1549,0.00154,0.00833733,0.134689,-0.00291468,-0.120018
48.8,1.6,0.00164266,16.1335,-0.136507,0.0198152,0.00579743,18.1,0,516.971,21.7144,0.102746,16.1335,0.00164266,0.00888133,0.143287,-0.0030839,-0.123472
48.82,1.6,0.00164266,16.1442,-0.136811,0.0348389,0.00560473,18.1,0,517.292,21.7475,0.102927,16.1442,0.00164266,0.00888722,0.143477,-0.00328249,-0.108638
48.84,1.60673,0.00164957,16.1534,-0.137645,0.0554093,0.00521345,18.1,0,517.613,21.7807,0.103105,16.1534,0.00164957,0.0089297,0.144245,-0.00371625,-0.088836
48.86,1.7,0.00174533,16.171,-0.137816,0.0737079,0.00544294,18.1,0,517.934,21.814,0.103286,16.171,0.00174533,0.00945838,0.152952,-0.00401544,-0.079244
48.88,1.7,0.00174533,16.1508,-0.136226,0.0829041,0.0060289,18.1,0,518.256,21.8474,0.103478,16.1508,0.00174533,0.00944656,0.15257,-0.00341766,-0.0696657
48.9,1.79356,0.00184138,16.1741,-0.133434,0.0821155,0.00658712,18.1,0,518.577,21.8808,0.103669,16.1741,0.00184138,0.00998082,0.161431,-0.00339371,-0.0793156
48.92,1.8,0.001848,16.1621,-0.131281,0.0772097,0.0066,18.1,0,518.899,21.9143,0.103872,16.1621,0.001848,0.0100092,0.16177,-0.00340922,-0.0845601
48.94,1.9,0.00195066,16.1502,-0.131145,0.0757313,0.00638297,18.1,0,519.221,21.9478,0.104075,16.1502,0.00195066,0.0105575,0.170507,-0.00417457,-0.0947755
48.96,2,0.00205333,16.1569,-0.132703,0.0808567,0.00642196,18.1,0,519.542,21.9814,0.104292,16.1569,0.00205333,0.0111178,0.179629,-0.00469582,-0.0987724
48.98,2.05277,0.00210751,16.1781,-0.13409,0.0899512,0.0068,18.5,0,519.863,22.0151,0.104518,16.1781,0.00210751,0.0114261,0.184854,-0.00462614,-0.0949023
49,2.1,0.00215599,16.186,-0.133379,0.0981337,0.00706361,18.5,0,520.185,22.0489,0.104749,16.186,0.00215599,0.0116947,0.189291,-0.0046311,-0.0911569
49.02,2.1,0.00215599,16.1834,-0.130332,0.103188,0.00817031,18.5,0,520.507,22.0828,0.104985,16.1834,0.00215599,0.0116929,0.189231,-0.00352254,-0.0860429
49.04,2.20284,0.00226157,16.1999,-0.126425,0.107012,0.00899433,18.5,0,520.829,22.1167,0.105221,16.1999,0.00226157,0.0122779,0.198902,-0.00328361,-0.0918893
49.06,2.3,0.00236133,16.1942,-0.12335,0.11254,0.0088,18.5,0,521.151,22.1508,0.105472,16.1942,0.00236133,0.012815,0.207529,-0.00401501,-0.0949897
49.08,2.3,0.00236133,16.1883,-0.122023,0.120263,0.00880701,18.5,0,521.473,22.1849,0.105731,16.1883,0.00236133,0.0128103,0.207377,-0.00400328,-0.0871139
49.1,2.39984,0.00246383,16.1528,-0.12263,0.127846,0.00939938,18.5,0,521.795,22.2191,0.10599,16.1528,0.00246383,0.0133371,0.215432,-0.00393773,-0.0875857
49.12,2.4951,0.00256163,16.1987,-0.124829,0.132294,0.0107608,18.5,0,522.116,22.2533,0.106263,16.1987,0.00256163,0.0139059,0.225258,-0.0031451,-0.0929633
49.14,2.6,0.00266933,16.2107,-0.127858,0.132571,0.0112123,18.5,0,522.438,22.2878,0.106546,16.2107,0.00266933,0.0145012,0.235075,-0.00328897,-0.102504
49.16,2.7,0.00277199,16.1978,-0.130897,0.131176,0.0116169,18.5,0,522.761,22.3223,0.106842,16.1978,0.00277199,0.015047,0.243729,-0.00343017,-0.112552
49.18,2.8,0.00287466,16.211,-0.133761,0.133448,0.0118,18.5,0,523.083,22.3569,0.107148,16.211,0.00287466,0.015617,0.253167,-0.00381701,-0.119719
49.2,2.80718,0.00288204,16.2057,-0.13741,0.144013,0.0116,18.5,0,523.405,22.3916,0.107464,16.2057,0.00288204,0.0156519,0.25365,-0.00405194,-0.109637
49.22,2.9,0.00297733,16.2082,-0.143295,0.162714,0.0117842,18.5,0,523.727,22.4264,0.10778,16.2082,0.00297733,0.016172,0.26212,-0.00438785,-0.0994057
49.24,3,0.00307999,16.1826,-0.151338,0.183686,0.0126502,18.5,0,524.049,22.4613,0.108108,16.1826,0.00307999,0.0167032,0.270301,-0.00405305,-0.0866146
49.26,3.1,0.00318266,16.2107,-0.158696,0.198381,0.0136,18.5,0,524.371,22.4963,0.108448,16.2107,0.00318266,0.01729,0.280283,-0.00368999,-0.0819017
49.28,3.10236,0.00318508,16.1974,-0.161499,0.201202,0.0138,18.5,0,524.693,22.5314,0.108797,16.1974,0.00318508,0.0172889,0.280036,-0.00348894,-0.0788333
49.3,3.3,0.00338799,16.2119,-0.158127,0.19427,0.0140449,18.5,0,525.015,22.5667,0.109148,16.2119,0.00338799,0.0184068,0.29841,-0.00436198,-0.10414
49.32,3.3,0.00338799,16.2324,-0.150535,0.186162,0.0149674,18.5,0,525.338,22.602,0.109521,16.2324,0.00338799,0.0184301,0.299165,-0.00346267,-0.113003
49.34,3.41032,0.00350126,16.2227,-0.142609,0.185473,0.0157794,18.5,0,525.66,22.6376,0.109893,16.2227,0.00350126,0.0190348,0.308795,-0.00325547,-0.123322
49.36,3.5,0.00359332,16.2291,-0.137434,0.195903,0.0152,18.5,0,525.983,22.6732,0.110279,16.2291,0.00359332,0.0195432,0.317169,-0.00434318,-0.121266
49.38,3.50916,0.00360273,16.2097,-0.135562,0.215676,0.0154183,18.5,0,526.305,22.709,0.110673,16.2097,0.00360273,0.0195708,0.317236,-0.00415249,-0.10156
49.4,3.6,0.00369599,16.2388,-0.13533,0.239613,0.0158037,18.5,0,526.628,22.7449,0.111067,16.2388,0.00369599,0.0201135,0.326618,-0.00430979,-0.0870046
49.42,3.6,0.00369599,16.2086,-0.134881,0.26257,0.0166189,18.5,0,526.95,22.7809,0.111472,16.2086,0.00369599,0.0200761,0.325406,-0.00345719,-0.0628362
49.44,3.7,0.00379866,16.2252,-0.133997,0.28235,0.0178459,18.5,0,527.272,22.8171,0.111876,16.2252,0.00379866,0.0206549,0.335129,-0.00280897,-0.0527784
49.46,3.70182,0.00380052,16.2277,-0.133789,0.29926,0.0184,18.5,0,527.595,22.8533,0.112292,16.2277,0.00380052,0.0206683,0.335399,-0.00226829,-0.0361389
49.48,3.79992,0.00390125,16.225,-0.134855,0.312873,0.0180006,18.5,0,527.917,22.8898,0.112708,16.225,0.00390125,0.0212125,0.344173,-0.00321189,-0.0312992
49.5,3.9,0.00400399,16.2516,-0.136516,0.32029,0.0176431,18.5,0,528.24,22.9263,0.113138,16.2516,0.00400399,0.0218068,0.354394,-0.00416371,-0.0341037
49.52,3.99446,0.00410097,16.2177,-0.137658,0.318132,0.0185778,18.5,0,528.563,22.9631,0.113579,16.2177,0.00410097,0.0222884,0.361468,-0.00371062,-0.0433359
49.54,4.01242,0.00411941,16.2515,-0.137381,0.306471,0.0182248,18.5,0,528.885,22.9999,0.114028,16.2515,0.00411941,0.0224353,0.364608,-0.00421048,-0.0581372
49.56,4.10466,0.00421411,16.234,-0.13532,0.291264,0.018828,18.5,0,529.208,23.037,0.11448,16.234,0.00421411,0.0229263,0.372186,-0.00409835,-0.0809214
49.58,4.2,0.00431199,16.2611,-0.132421,0.282171,0.0202037,18.5,0,529.53,23.0741,0.114944,16.2611,0.00431199,0.0234981,0.382105,-0.00329438,-0.0999346
49.6,4.20674,0.00431891,16.2637,-0.130809,0.286645,0.020173,18.5,0,529.853,23.1115,0.115417,16.2637,0.00431891,0.0235395,0.38284,-0.00336649,-0.0961946
49.62,4.3,0.00441466,16.2598,-0.132182,0.305228,0.0191653,18.5,0,530.176,23.1491,0.11589,16.2598,0.00441466,0.0240556,0.39114,-0.00489033,-0.0859118
49.64,4.3,0.00441466,16.2638,-0.136438,0.331171,0.0190179,18.5,0,530.499,23.1867,0.116374,16.2638,0.00441466,0.0240615,0.391332,-0.00504356,-0.0601605
49.66,4.3,0.00441466,16.2751,-0.141468,0.353867,0.0194203,18.5,0,530.822,23.2246,0.116855,16.2751,0.00441466,0.0240783,0.391878,-0.00465796,-0.0380106
49.68,4.3,0.00441466,16.2833,-0.144419,0.364308,0.0202,18.5,0,531.146,23.2626,0.117337,16.2833,0.00441466,0.0240904,0.392272,-0.00389043,-0.0279645
49.7,4.3,0.00441466,16.2862,-0.144142,0.360173,0.0204126,18.5,0,531.469,23.3008,0.117818,16.2862,0.00441466,0.0240947,0.392413,-0.00368217,-0.0322392
49.72,4.3,0.00441466,16.294,-0.142379,0.347265,0.0212,18.5,0,531.792,23.3392,0.1183,16.294,0.00441466,0.0241063,0.392788,-0.00290625,-0.0455234
49.74,4.3,0.00441466,16.283,-0.141959,0.335304,0.021,18.5,0,532.116,23.3777,0.118782,16.283,0.00441466,0.0240899,0.392257,-0.00308994,-0.0569526
49.76,4.3,0.00441466,16.2693,-0.144237,0.331069,0.0207858,18.5,0,532.439,23.4164,0.119264,16.2693,0.00441466,0.0240697,0.391599,-0.00328393,-0.0605293
49.78,4.3,0.00441466,16.267,-0.148664,0.334887,0.0205947,18.5,0,532.762,23.4552,0.119745,16.267,0.00441466,0.0240662,0.391484,-0.00347151,-0.0565967
49.8,4.3,0.00441466,16.2889,-0.153737,0.342289,0.0206102,18.5,0,533.085,23.4941,0.120227,16.2889,0.00441466,0.0240987,0.392542,-0.00348851,-0.0502523
49.82,4.3,0.00441466,16.2917,-0.157833,0.347994,0.0218,18.5,0,533.409,23.5332,0.120709,16.2917,0.00441466,0.0241027,0.392674,-0.00230274,-0.0446794
49.84,4.3,0.00441466,16.292,-0.160522,0.349548,0.0215651,18.5,0,533.732,23.5725,0.121191,16.292,0.00441466,0.0241033,0.392692,-0.00253814,-0.043143
49.86,4.3,0.00441466,16.3057,-0.163237,0.348414,0.0206,18.5,0,534.056,23.612,0.121673,16.3057,0.00441466,0.0241235,0.393351,-0.0035235,-0.0449364
49.88,4.3,0.00441466,16.3167,-0.167333,0.347645,0.0206,18.5,0,534.379,23.6517,0.122155,16.3167,0.00441466,0.0241397,0.39388,-0.00353972,-0.0462349
49.9,4.3,0.00441466,16.3031,-0.172101,0.348389,0.0206,18.5,0,534.703,23.6915,0.122638,16.3031,0.00441466,0.0241197,0.393227,-0.00351972,-0.0448382
49.92,4.2,0.00431199,16.2763,-0.17564,0.348347,0.0206171,18.5,0,535.027,23.7315,0.123117,16.2763,0.00431199,0.02352,0.382819,-0.00290294,-0.0344722
49.94,4.2,0.00431199,16.3194,-0.176484,0.343686,0.0206,18.5,0,535.35,23.7715,0.123585,16.3194,0.00431199,0.0235823,0.384851,-0.00298234,-0.0411649
49.96,4.2,0.00431199,16.3195,-0.17415,0.333352,0.0203959,18.5,0,535.674,23.8118,0.124056,16.3195,0.00431199,0.0235825,0.384855,-0.00318661,-0.0515027
49.98,4.2,0.00431199,16.3283,-0.169391,0.321812,0.0202405,18.5,0,535.997,23.8523,0.124528,16.3283,0.00431199,0.0235952,0.385269,-0.00335466,-0.0634576
50,4.2,0.00431199,16.3385,-0.163748,0.316581,0.0208183,18.5,0,536.321,23.8929,0.125,16.3385,0.00431199,0.0236099,0.385749,-0.00279158,-0.0691681
50.02,4.2,0.00431199,16.3223,-0.158196,0.322479,0.0215873,18.5,0,536.646,23.9337,0.125472,16.3223,0.00431199,0.0235865,0.384986,-0.00199914,-0.0625068
50.04,4.2,0.00431199,16.3246,-0.152536,0.338221,0.0209797,18.5,0,536.969,23.9747,0.125944,16.3246,0.00431199,0.0235899,0.385096,-0.00261015,-0.0468748
50.06,4.2,0.00431199,16.3128,-0.146018,0.357475,0.0206,18.5,0,537.293,24.0157,0.126415,16.3128,0.00431199,0.0235728,0.384539,-0.00297278,-0.0270636
50.08,4.2,0.00431199,16.3489,-0.138389,0.372097,0.0206115,18.5,0,537.617,24.0569,0.126887,16.3489,0.00431199,0.023625,0.386243,-0.00301348,-0.0141461
50.1,4.2,0.00431199,16.3112,-0.130651,0.375804,0.0206,18.5,0,537.941,24.0984,0.127359,16.3112,0.00431199,0.0235704,0.384461,-0.0029704,-0.00865702
50.12,4.2,0.00431199,16.3383,-0.124751,0.367548,0.0206,18.5,0,538.265,24.1399,0.127831,16.3383,0.00431199,0.0236097,0.385743,-0.00300966,-0.0181948
50.14,4.2,0.00431199,16.3525,-0.122484,0.351897,0.0203868,18.5,0,538.589,24.1816,0.128303,16.3525,0.00431199,0.0236301,0.386412,-0.00324327,-0.0345141
50.16,4.2,0.00431199,16.3449,-0.124861,0.335284,0.0201795,18.5,0,538.913,24.2236,0.128775,16.3449,0.00431199,0.0236191,0.386051,-0.00343961,-0.0507669
50.18,4.2,0.00431199,16.3528,-0.132044,0.321996,0.0193676,18.5,0,539.237,24.2656,0.129248,16.3528,0.00431199,0.0236305,0.386425,-0.00426292,-0.0644284
50.2,4.2,0.00431199,16.3533,-0.142939,0.313323,0.0190118,18.5,0,539.562,24.3078,0.12972,16.3533,0.00431199,0.0236312,0.386448,-0.00461939,-0.073125
50.22,4.2,0.00431199,16.3693,-0.15461,0.309004,0.0197915,18.5,0,539.886,24.3502,0.130193,16.3693,0.00431199,0.0236544,0.387207,-0.00386294,-0.078203
50.24,4.2,0.00431199,16.3475,-0.162997,0.308548,0.0202,18.5,0,540.21,24.3928,0.130666,16.3475,0.00431199,0.0236228,0.386173,-0.00342282,-0.0776247
50.26,4.2,0.00431199,16.3533,-0.165274,0.311436,0.0202,18.5,0,540.535,24.4355,0.131138,16.3533,0.00431199,0.0236313,0.38645,-0.00343128,-0.0750136
50.28,4.2,0.00431199,16.3636,-0.161705,0.317275,0.0204,18.5,0,540.859,24.4783,0.131611,16.3636,0.00431199,0.0236461,0.386935,-0.00324612,-0.0696603
50.3,4.2,0.00431199,16.3556,-0.155127,0.325666,0.0203919,18.5,0,541.183,24.5213,0.132084,16.3556,0.00431199,0.0236346,0.386559,-0.0032427,-0.060893
50.32,4.2,0.00431199,16.362,-0.148903,0.334682,0.0196,18.5,0,541.507,24.5645,0.132557,16.362,0.00431199,0.0236438,0.386859,-0.0040438,-0.0521775
50.34,4.2,0.00431199,16.3833,-0.144763,0.339993,0.0196055,18.5,0,541.832,24.6078,0.133029,16.3833,0.00431199,0.0236746,0.387866,-0.0040691,-0.0478729
50.36,4.2,0.00431199,16.3776,-0.141933,0.337111,0.0200222,18.5,0,542.156,24.6513,0.133503,16.3776,0.00431199,0.0236664,0.3876,-0.00364426,-0.0504885
50.38,4.2,0.00431199,16.3727,-0.138984,0.325255,0.0208147,18.5,0,542.481,24.695,0.133976,16.3727,0.00431199,0.0236594,0.387368,-0.00284471,-0.0621131
50.4,4.2,0.00431199,16.3995,-0.136295,0.308948,0.0218,18.5,0,542.806,24.7388,0.134449,16.3995,0.00431199,0.0236981,0.388637,-0.00189807,-0.079689
50.42,4.2,0.00431199,16.3861,-0.135763,0.295395,0.0218,18.5,0,543.131,24.7829,0.134923,16.3861,0.00431199,0.0236787,0.388002,-0.00187868,-0.0926064
50.44,4.18999,0.00430172,16.3857,-0.13913,0.289703,0.02114,18.09,0,543.455,24.827,0.135396,16.3857,0.00430172,0.0236217,0.387057,-0.0024817,-0.097354
50.46,4.1,0.00420932,16.3789,-0.146913,0.292104,0.0201549,17.9775,0,543.78,24.8713,0.135866,16.3789,0.00420932,0.0231047,0.378431,-0.0029498,-0.0863264
50.48,4.00056,0.00410724,16.3972,-0.157585,0.299268,0.0196011,17.7006,0,544.104,24.9158,0.136323,16.3972,0.00410724,0.0225695,0.370076,-0.00296838,-0.0708078
50.5,4,0.00410666,16.3888,-0.167959,0.307649,0.0200067,17.1899,0,544.429,24.9604,0.136771,16.3888,0.00410666,0.0225548,0.369646,-0.00254809,-0.0619965
50.52,4,0.00410666,16.384,-0.175076,0.315946,0.0206,16.6669,0,544.754,25.0052,0.137222,16.384,0.00410666,0.0225482,0.369431,-0.00194824,-0.0534852
50.54,3.9946,0.00410111,16.4003,-0.177308,0.325378,0.0205892,16.073,0,545.079,25.0501,0.137673,16.4003,0.00410111,0.0225402,0.369665,-0.00195096,-0.0442874
50.56,3.9,0.00400399,16.4107,-0.174251,0.337478,0.0195458,15.3639,0,545.403,25.0951,0.138121,16.4107,0.00400399,0.0220204,0.361371,-0.00247455,-0.0238928
50.58,3.9,0.00400399,16.4033,-0.167146,0.350942,0.018586,14.7789,0,545.728,25.1404,0.138559,16.4033,0.00400399,0.0220103,0.361041,-0.00342437,-0.0100993
50.6,3.9,0.00400399,16.4166,-0.159237,0.36046,0.0182012,14.3012,0,546.053,25.1858,0.138999,16.4166,0.00400399,0.0220283,0.36163,-0.00382704,-0.00117001
50.62,3.9,0.00400399,16.4277,-0.154033,0.358871,0.0177545,13.9277,0,546.378,25.2313,0.139439,16.4277,0.00400399,0.0220432,0.36212,-0.00428871,-0.00324931
50.64,3.9,0.00400399,16.3976,-0.153066,0.342009,0.0170103,13.6897,0,546.704,25.2771,0.13988,16.3976,0.00400399,0.0220027,0.360791,-0.00499238,-0.0187825
50.66,3.9,0.00400399,16.411,-0.156635,0.313505,0.0172337,13.3831,0,547.028,25.3229,0.14032,16.411,0.00400399,0.0220207,0.361382,-0.00478698,-0.0478772
50.68,3.8,0.00390132,16.4085,-0.165915,0.284366,0.0176128,13.0872,0,547.353,25.3688,0.140758,16.4085,0.00390132,0.0214528,0.352009,-0.00384003,-0.0676429
50.7,3.8,0.00390132,16.414,-0.182571,0.26642,0.017779,12.7895,0,547.678,25.4149,0.141184,16.414,0.00390132,0.0214601,0.352246,-0.00368108,-0.0858257
50.72,3.8,0.00390132,16.4194,-0.206857,0.265829,0.0169976,12.4992,0,548.003,25.4612,0.141613,16.4194,0.00390132,0.021467,0.352476,-0.0044694,-0.0866465
50.74,3.8,0.00390132,16.3888,-0.236688,0.280501,0.0164,12.2798,0,548.328,25.5076,0.142042,16.3888,0.00390132,0.021427,0.351163,-0.00502703,-0.0706617
50.76,3.7,0.00379866,16.4379,-0.26688,0.300993,0.0170431,12.0892,0,548.653,25.5541,0.142468,16.4379,0.00379866,0.0209257,0.343975,-0.00388257,-0.0429817
50.78,3.7,0.00379866,16.4232,-0.289027,0.315892,0.0171796,12,0,548.978,25.6008,0.142884,16.4232,0.00379866,0.0209069,0.343358,-0.00372732,-0.027466
50.8,3.6,0.00369599,16.4416,-0.296031,0.319128,0.0170131,11.9,0,549.303,25.6476,0.143299,16.4416,0.00369599,0.0203647,0.334827,-0.0033516,-0.0156989
50.82,3.54933,0.00364397,16.4358,-0.289393,0.311969,0.0178,11.8938,0,549.629,25.6947,0.143702,16.4358,0.00364397,0.020071,0.329882,-0.00227096,-0.0179127
50.84,3.5,0.00359332,16.4249,-0.280457,0.298736,0.0177912,11.8,0,549.954,25.7418,0.1441,16.4249,0.00359332,0.0197789,0.324866,-0.0019877,-0.0261298
50.86,3.49193,0.00358504,16.4192,-0.284304,0.282515,0.0173839,11.8,0,550.279,25.789,0.144494,16.4192,0.00358504,0.0197265,0.323894,-0.00234264,-0.0413788
50.88,3.4,0.00349066,16.4135,-0.312907,0.26419,0.0172,11.8,0,550.604,25.8364,0.144886,16.4135,0.00349066,0.0192004,0.315146,-0.00200044,-0.050956
50.9,3.30901,0.00339724,16.4007,-0.370101,0.243756,0.017018,11.8,0,550.928,25.8838,0.145265,16.4007,0.00339724,0.018672,0.306233,-0.00165398,-0.0624771
50.92,3.3,0.00338799,16.4005,-0.448522,0.223035,0.0174099,11.8,0,551.253,25.9313,0.145635,16.4005,0.00338799,0.018621,0.305393,-0.00121101,-0.0823582
50.94,3.19914,0.00328444,16.4194,-0.531579,0.207208,0.0169844,11.8,0,551.577,25.979,0.146004,16.4194,0.00328444,0.0180727,0.296743,-0.00108823,-0.0895347
50.96,3.09414,0.00317665,16.4162,-0.601121,0.201806,0.0153766,11.8,0,551.902,26.0268,0.14636,16.4162,0.00317665,0.0174761,0.28689,-0.0020995,-0.0850841
50.98,2.89267,0.0029698,16.3997,-0.645993,0.20732,0.0154147,11.8,0,552.227,26.0747,0.146701,16.3997,0.0029698,0.0163218,0.267673,-0.000907094,-0.0603528
51,2.58197,0.00265081,16.3864,-0.666034,0.217486,0.015982,11.8,0,552.551,26.1227,0.147013,16.3864,0.00265081,0.0145567,0.238532,0.00142523,-0.0210459
51.02,2.29324,0.00235439,16.3914,-0.669702,0.223171,0.0155865,11.8,0,552.875,26.1707,0.147287,16.3914,0.00235439,0.0129329,0.211987,0.00265361,0.0111834
51.04,1.97596,0.00202864,16.3747,-0.667827,0.217846,0.0146798,11.788,0,553.199,26.2189,0.147528,16.3747,0.00202864,0.0111322,0.182286,0.0035476,0.0355602
51.06,1.7,0.00174533,16.3692,-0.668033,0.200633,0.0129674,11.7,0,553.523,26.267,0.147734,16.3692,0.00174533,0.00957427,0.156723,0.00339312,0.0439104
51.08,1.69504,0.00174024,16.3555,-0.672679,0.176017,0.0111802,11.7,0,553.847,26.3152,0.147917,16.3555,0.00174024,0.00953837,0.156005,0.00164179,0.0200118
51.1,1.39254,0.00142967,16.3523,-0.680482,0.150743,0.00997016,11.7,0,554.17,26.3634,0.1481,16.3523,0.00142967,0.00783458,0.128113,0.00213558,0.0226296
51.12,1.1984,0.00123035,16.3395,-0.689788,0.130025,0.00959359,11.7,0,554.494,26.4117,0.148242,16.3395,0.00123035,0.00673704,0.11008,0.00285654,0.0199446
51.14,0.951183,0.000976546,16.3867,-0.700079,0.115849,0.00872068,11.7,0,554.817,26.46,0.148364,16.3867,0.000976546,0.00536271,0.087877,0.00335797,0.0279719
51.16,0.79284,0.00081398,16.4029,-0.710841,0.107154,0.00711408,11.6928,0,555.141,26.5084,0.14846,16.4029,0.00081398,0.0044744,0.073393,0.00263968,0.0337609
51.18,0.7,0.000718665,16.3259,-0.721107,0.100649,0.00462904,11.5021,0,555.465,26.5569,0.148543,16.3259,0.000718665,0.00393192,0.0641921,0.000697119,0.0364572
51.2,0.499207,0.000512518,16.3194,-0.730654,0.0925261,0.00259762,11.3996,0,555.788,26.6052,0.148613,16.3194,0.000512518,0.00280295,0.0457425,-0.000205326,0.0467837
51.22,0.186242,0.000191208,16.3012,-0.739549,0.0793925,0.00155873,11.3,0,556.11,26.6535,0.148655,16.3012,0.000191208,0.00104455,0.0170274,0.000514179,0.0623651
51.24,-0.2,-0.000205333,16.2909,-0.746801,0.0574865,-5.24708e-05,11.3,0,556.433,26.7018,0.148656,16.2909,-0.000205333,-0.001121,-0.018262,0.00106853,0.0757485
51.26,-0.3,-0.000307999,16.3119,-0.751464,0.0247244,-0.00102228,11.3,0,556.755,26.75,0.14862,16.3119,-0.000307999,-0.00168366,-0.0274637,0.000661379,0.052188
51.28,-0.4,-0.000410666,16.3244,-0.753961,-0.0149436,-0.00230414,11.3,0,557.077,26.7983,0.148581,16.3244,-0.000410666,-0.00224661,-0.0366747,-5.75329e-05,0.0217311
51.3,-0.4,-0.000410666,16.355,-0.755341,-0.0536756,-0.00466832,11.3,0,557.4,26.8466,0.148533,16.355,-0.000410666,-0.00225082,-0.0368121,-0.0024175,-0.0168635
51.32,-0.4,-0.000410666,16.2619,-0.756902,-0.0865341,-0.00641627,11.2,0,557.723,26.895,0.148488,16.2619,-0.000410666,-0.00223801,-0.0363944,-0.00417826,-0.0501397
51.34,-0.4,-0.000410666,16.289,-0.760224,-0.112589,-0.00784609,11.1,0,558.045,26.9431,0.148443,16.289,-0.000410666,-0.00224173,-0.0365155,-0.00560436,-0.0760731
51.36,-0.4,-0.000410666,16.281,-0.76561,-0.132015,-0.00842412,11.1,0,558.367,26.9912,0.148398,16.281,-0.000410666,-0.00224064,-0.0364799,-0.00618348,-0.0955356
51.38,-0.4,-0.000410666,16.2456,-0.77138,-0.145792,-0.0086,11.1,0,558.689,27.0394,0.148354,16.2456,-0.000410666,-0.00223576,-0.0363214,-0.00636424,-0.109471
51.4,-0.4,-0.000410666,16.2527,-0.775645,-0.156262,-0.00820224,11.1,0,559.01,27.0873,0.148309,16.2527,-0.000410666,-0.00223674,-0.0363532,-0.0059655,-0.119909
51.42,-0.4,-0.000410666,16.2991,-0.777364,-0.166088,-0.00776121,11.1,0,559.331,27.1354,0.148264,16.2991,-0.000410666,-0.00224312,-0.0365607,-0.00551809,-0.129527
51.44,-0.349779,-0.000359106,16.2678,-0.776364,-0.176386,-0.0057102,11.1,0,559.654,27.1835,0.148221,16.2678,-0.000359106,-0.00195772,-0.0318478,-0.00375248,-0.144538
51.46,-0.3,-0.000307999,16.2415,-0.774537,-0.184875,-0.00313498,11.1,0,559.975,27.2315,0.148184,16.2415,-0.000307999,-0.0016764,-0.0272273,-0.00145858,-0.157648
51.48,-0.3,-0.000307999,16.239,-0.775778,-0.18687,-0.00241587,11.1,0,560.296,27.2794,0.148152,16.239,-0.000307999,-0.00167614,-0.0272189,-0.000739728,-0.159651
51.5,-0.3,-0.000307999,16.2248,-0.782581,-0.180195,-0.00116741,11.1,0,560.617,27.3273,0.148119,16.2248,-0.000307999,-0.00167467,-0.0271712,0.000507261,-0.153024
51.52,-0.3,-0.000307999,16.2186,-0.793854,-0.168295,-0.000819386,11.1,0,560.938,27.3752,0.148085,16.2186,-0.000307999,-0.00167404,-0.0271506,0.000854651,-0.141144
51.54,-0.3,-0.000307999,16.2046,-0.806974,-0.157571,-0.0012141,11.1,0,561.259,27.423,0.148052,16.2046,-0.000307999,-0.00167259,-0.0271037,0.000458488,-0.130467
51.56,-0.3,-0.000307999,16.2075,-0.820025,-0.15255,-0.0014,11.1,0,561.579,27.4708,0.148018,16.2075,-0.000307999,-0.00167289,-0.0271135,0.000272892,-0.125436
51.58,-0.3,-0.000307999,16.1926,-0.831839,-0.152854,-0.0014,11.1,0,561.9,27.5186,0.147985,16.1926,-0.000307999,-0.00167135,-0.0270634,0.000271346,-0.125791
51.6,-0.3,-0.000307999,16.175,-0.841854,-0.152699,-0.0012,11.1,0,562.22,27.5663,0.147951,16.175,-0.000307999,-0.00166953,-0.0270047,0.000469534,-0.125694
51.62,-0.3,-0.000307999,16.166,-0.849666,-0.143482,-0.0012176,11.1,0,562.54,27.614,0.147918,16.166,-0.000307999,-0.00166861,-0.0269747,0.000451008,-0.116507
51.64,-0.3,-0.000307999,16.1574,-0.853958,-0.119514,-0.00163052,11.1,0,562.859,27.6616,0.147885,16.1574,-0.000307999,-0.00166772,-0.026946,3.72038e-05,-0.0925675
51.66,-0.3,-0.000307999,16.1594,-0.853463,-0.0830975,-0.00264184,11.1,0,563.179,27.7092,0.147851,16.1594,-0.000307999,-0.00166792,-0.0269526,-0.000973917,-0.0561449
51.68,-0.2,-0.000205333,16.1293,-0.849318,-0.0444781,-0.00354761,11.1,0,563.498,27.7567,0.147821,16.1293,-0.000205333,-0.00110987,-0.0179014,-0.00243773,-0.0265767
51.7,-0.2,-0.000205333,16.1595,-0.844486,-0.0167361,-0.00358047,11.5,0,563.817,27.8042,0.147801,16.1595,-0.000205333,-0.00111195,-0.0179686,-0.00246851,0.00123248
51.72,-0.193982,-0.000199154,16.1284,-0.840813,-0.00925806,-0.00338796,11.5,0,564.137,27.8518,0.147779,16.1284,-0.000199154,-0.00107642,-0.017361,-0.00231154,0.00810297
51.74,-0.1,-0.000102666,16.1398,-0.83833,-0.0240203,-0.00276188,11.5,0,564.455,27.8993,0.147761,16.1398,-0.000102666,-0.000555301,-0.00896245,-0.00220658,-0.0150578
51.76,-0.1,-0.000102666,16.14,-0.836737,-0.0557315,-0.00157802,11.5,0,564.775,27.9468,0.147752,16.14,-0.000102666,-0.000555309,-0.0089627,-0.00102271,-0.0467687
51.78,-0.1,-0.000102666,16.1099,-0.835969,-0.0935027,-0.0014,11.5918,0,565.094,27.9943,0.147741,16.1099,-0.000102666,-0.00055427,-0.00892921,-0.00084573,-0.0845735
51.8,-0.1,-0.000102666,16.1109,-0.83632,-0.123618,-0.00160409,11.6,0,565.412,28.0417,0.14773,16.1109,-0.000102666,-0.000554307,-0.00893039,-0.00104978,-0.114687
51.82,-0.1,-0.000102666,16.0928,-0.838893,-0.134276,-0.002,11.6,0,565.731,28.0891,0.147719,16.0928,-0.000102666,-0.000553685,-0.00891036,-0.00144632,-0.125365
51.84,-0.1,-0.000102666,16.0899,-0.844537,-0.120704,-0.00174395,11.6,0,566.049,28.1364,0.147708,16.0899,-0.000102666,-0.000553582,-0.00890707,-0.00119037,-0.111797
51.86,-0.1,-0.000102666,16.0536,-0.852321,-0.0873146,-0.000953588,11.6,0,566.367,28.1837,0.147697,16.0536,-0.000102666,-0.000552334,-0.00886693,-0.000401254,-0.0784477
51.88,-0.1,-0.000102666,16.0748,-0.860095,-0.0455144,-5.58831e-06,11.6,0,566.685,28.231,0.147686,16.0748,-0.000102666,-0.000553065,-0.00889043,0.000547477,-0.036624
51.9,-0.1,-0.000102666,16.0614,-0.865842,-0.00930697,-0.000384401,11.6,0,567.002,28.2782,0.147675,16.0614,-0.000102666,-0.000552604,-0.0088756,0.000168202,-0.00043137
51.92,-0.1,-0.000102666,16.0527,-0.868534,0.00969004,-0.00161183,11.6,0,567.32,28.3255,0.147664,16.0527,-0.000102666,-0.000552302,-0.00886593,-0.00105952,0.018556
51.94,-0.0496006,-5.09232e-05,16.0386,-0.868562,0.00693343,-0.0026,11.6,0,567.637,28.3727,0.147654,16.0386,-5.09232e-05,-0.000273705,-0.00438986,-0.00232629,0.0113233
51.96,0,0,16.0202,-0.866856,-0.013174,-0.00257462,11.6,0,567.954,28.4198,0.147651,16.0202,0,0,0,-0.00257462,-0.013174
51.98,0,0,16.0547,-0.863239,-0.0392688,-0.00180893,11.6,0,568.271,28.467,0.147653,16.0547,0,0,0,-0.00180893,-0.0392688
52,0,0,16.0059,-0.856548,-0.0578675,-0.0022,11.6,0,568.589,28.5142,0.147653,16.0059,0,0,0,-0.0022,-0.0578675
52.02,0,0,16.0294,-0.847136,-0.0595306,-0.00241411,11.6,0,568.905,28.5612,0.147653,16.0294,0,0,0,-0.00241411,-0.0595306
52.04,0,0,15.9711,-0.837904,-0.0432307,-0.0028564,11.6,0,569.222,28.6084,0.147653,15.9711,0,0,0,-0.0028564,-0.0432307
52.06,0,0,15.9607,-0.831832,-0.0160865,-0.004,11.6,0,569.538,28.6553,0.147653,15.9607,0,0,0,-0.004,-0.0160865
52.08,0,0,15.9961,-0.830063,0.0107897,-0.004,11.6,0,569.853,28.7023,0.147653,15.9961,0,0,0,-0.004,0.0107897
52.1,0,0,15.9817,-0.83203,0.0265935,-0.00392974,11.6,0,570.17,28.7493,0.147653,15.9817,0,0,0,-0.00392974,0.0265935
52.12,0,0,16.0044,-0.835908,0.0244909,-0.00259156,11.6,0,570.486,28.7963,0.147653,16.0044,0,0,0,-0.00259156,0.0244909
52.14,0,0,15.9724,-0.840446,0.00652696,-0.00237382,11.6,0,570.802,28.8434,0.147653,15.9724,0,0,0,-0.00237382,0.00652696
52.16,0,0,15.9596,-0.846719,-0.0147306,-0.002,11.6,0,571.118,28.8904,0.147653,15.9596,0,0,0,-0.002,-0.0147306
52.18,0,0,15.932,-0.85624,-0.0239451,-0.00236597,11.6,0,571.433,28.9373,0.147653,15.932,0,0,0,-0.00236597,-0.0239451
52.2,0,0,15.9167,-0.867821,-0.0152571,-0.0026,11.6,0,571.748,28.9842,0.147653,15.9167,0,0,0,-0.0026,-0.0152571
52.22,0,0,15.9261,-0.877735,0.00330736,-0.0026,11.6,0,572.063,29.031,0.147653,15.9261,0,0,0,-0.0026,0.00330736
52.24,0,0,15.9107,-0.882436,0.017664,-0.00305736,11.6,0,572.378,29.0778,0.147653,15.9107,0,0,0,-0.00305736,0.017664
52.26,0,0,15.942,-0.88021,0.0181182,-0.00378075,11.6,0,572.693,29.1246,0.147653,15.942,0,0,0,-0.00378075,0.0181182
52.28,0,0,15.8888,-0.87129,0.0031355,-0.00341669,11.6,0,573.008,29.1715,0.147653,15.8888,0,0,0,-0.00341669,0.0031355
52.3,0.1,0.000102666,15.9,-0.85782,-0.0220936,-0.0032,11.6,0,573.322,29.2182,0.147655,15.9,0.000102666,0.00054705,0.00869809,-0.00374705,-0.0307917
52.32,0.1,0.000102666,15.899,-0.843304,-0.0483211,-0.00299356,11.6,0,573.636,29.2649,0.147669,15.899,0.000102666,0.000547016,0.00869701,-0.00354058,-0.0570181
52.34,0.1,0.000102666,15.8739,-0.831252,-0.0654917,-0.00282324,11.6,0,573.951,29.3117,0.14768,15.8739,0.000102666,0.00054615,0.00866951,-0.00336939,-0.0741612
52.36,0.1,0.000102666,15.8826,-0.824646,-0.0670933,-0.003,11.6,0,574.264,29.3584,0.147691,15.8826,0.000102666,0.000546452,0.00867908,-0.00354645,-0.0757724
52.38,0.1,0.000102666,15.8536,-0.825805,-0.0538494,-0.00280945,11.6,0,574.579,29.4051,0.147702,15.8536,0.000102666,0.000545452,0.00864735,-0.0033549,-0.0624968
52.4,0.1,0.000102666,15.897,-0.834947,-0.0332136,-0.00239711,11.6,0,574.892,29.4518,0.147713,15.897,0.000102666,0.000546947,0.00869484,-0.00294405,-0.0419085
52.42,0.1,0.000102666,15.842,-0.849031,-0.0145767,-0.00178896,11.6,0,575.206,29.4985,0.147724,15.842,0.000102666,0.000545053,0.00863472,-0.00233401,-0.0232114
52.44,0.1,0.000102666,15.8482,-0.862807,-0.00380837,-0.0014,11.6,0,575.519,29.5451,0.147735,15.8482,0.000102666,0.000545266,0.00864145,-0.00194527,-0.0124498
52.46,0.1,0.000102666,15.8483,-0.870877,-0.00111998,-0.00182273,11.5545,0,575.833,29.5918,0.147745,15.8483,0.000102666,0.00054527,0.0086416,-0.002368,-0.00976158
52.48,0.1,0.000102666,15.8206,-0.869712,-0.00343895,-0.00218513,11.2,0,576.146,29.6384,0.147756,15.8206,0.000102666,0.000544318,0.00861143,-0.00272945,-0.0120504
52.5,0.1,0.000102666,15.8116,-0.85978,-0.00792111,-0.00343029,11.2,0,576.459,29.685,0.147767,15.8116,0.000102666,0.00054401,0.00860169,-0.0039743,-0.0165228
52.52,0.1,0.000102666,15.826,-0.846006,-0.0133136,-0.0038,11.2,0,576.772,29.7315,0.147778,15.826,0.000102666,0.000544505,0.00861735,-0.0043445,-0.021931
52.54,0.1,0.000102666,15.8347,-0.834429,-0.0195318,-0.00354338,11.2,0,577.084,29.7781,0.147789,15.8347,0.000102666,0.000544803,0.00862681,-0.00408818,-0.0281586
52.56,0.1,0.000102666,15.8028,-0.828018,-0.0267155,-0.00278186,11.2,0,577.398,29.8247,0.1478,15.8028,0.000102666,0.000543705,0.00859204,-0.00332556,-0.0353076
52.58,0.1,0.000102666,15.8028,-0.825992,-0.0341204,-0.0026,11.2,0,577.71,29.8712,0.147811,15.8028,0.000102666,0.000543705,0.00859204,-0.0031437,-0.0427125
52.6,0.1,0.000102666,15.8045,-0.825794,-0.0393129,-0.00219435,11.2,0,578.022,29.9177,0.147822,15.8045,0.000102666,0.000543765,0.00859396,-0.00273811,-0.0479069
52.62,0.1,0.000102666,15.777,-0.825659,-0.0388661,-0.00241449,11.2,0,578.335,29.9643,0.147832,15.777,0.000102666,0.000542818,0.00856404,-0.0029573,-0.0474301
52.64,0.1,0.000102666,15.7806,-0.826734,-0.030715,-0.00278641,11.2,0,578.647,30.0107,0.147843,15.7806,0.000102666,0.000542941,0.00856793,-0.00332936,-0.0392829
52.66,0.1,0.000102666,15.7701,-0.832297,-0.0163244,-0.00257845,11.2,0,578.959,30.0572,0.147854,15.7701,0.000102666,0.00054258,0.00855655,-0.00312103,-0.024881
52.68,0.1,0.000102666,15.7826,-0.843872,-0.00108853,-0.0024,11.2,0,579.271,30.1036,0.147865,15.7826,0.000102666,0.00054301,0.0085701,-0.00294301,-0.00965863
52.7,0.1,0.000102666,15.7306,-0.858675,0.00805593,-0.0024,11.2,0,579.583,30.1501,0.147876,15.7306,0.000102666,0.000541222,0.00851377,-0.00294122,-0.000457833
52.72,0.1,0.000102666,15.7337,-0.871558,0.0074991,-0.002,11.2,0,579.894,30.1964,0.147887,15.7337,0.000102666,0.000541328,0.00851709,-0.00254133,-0.001018
52.74,0.151589,0.000155631,15.7201,-0.878753,-0.000530732,-0.0022,11.2,0,580.205,30.2428,0.147899,15.7201,0.000155631,0.000819885,0.0128887,-0.00301988,-0.0134194
52.76,0.2,0.000205333,15.6852,-0.879448,-0.0111593,-0.00177721,11.1886,0,580.516,30.2891,0.147918,15.6852,0.000205333,0.00107932,0.0169293,-0.00285653,-0.0280886
52.78,0.2,0.000205333,15.7154,-0.875253,-0.0210081,-0.00141475,11.1,0,580.826,30.3353,0.147941,15.7154,0.000205333,0.0010814,0.0169946,-0.00249614,-0.0380028
52.8,0.2,0.000205333,15.6819,-0.869149,-0.0290443,-0.00221293,11.1,0,581.136,30.3816,0.147962,15.6819,0.000205333,0.00107909,0.0169222,-0.00329203,-0.0459665
52.82,0.2,0.000205333,15.722,-0.864145,-0.0358901,-0.00219401,11.1,0,581.446,30.4278,0.147984,15.722,0.000205333,0.00108185,0.0170089,-0.00327586,-0.052899
52.84,0.2,0.000205333,15.6802,-0.862053,-0.0425737,-0.00115304,11.1,0,581.757,30.4742,0.148006,15.6802,0.000205333,0.00107898,0.0169186,-0.00223201,-0.0594923
52.86,0.2,0.000205333,15.6749,-0.863066,-0.048111,-0.00100794,11.1,0,582.067,30.5204,0.148027,15.6749,0.000205333,0.00107861,0.0169071,-0.00208655,-0.0650181
52.88,0.2,0.000205333,15.6696,-0.865988,-0.0481532,-0.00139012,11.1,0,582.377,30.5666,0.148049,15.6696,0.000205333,0.00107824,0.0168957,-0.00246837,-0.0650488
52.9,0.295138,0.000303007,15.6377,-0.868923,-0.0379301,-0.0012,11.1,0,582.687,30.6128,0.148073,15.6377,0.000303007,0.00158792,0.0248314,-0.00278792,-0.0627615
52.92,0.3,0.000307999,15.6621,-0.870669,-0.0178406,-0.00141407,11.1,0,582.996,30.6589,0.148107,15.6621,0.000307999,0.0016166,0.0253193,-0.00303067,-0.0431599
52.94,0.3,0.000307999,15.6454,-0.871869,0.00476873,-0.002,11.1,0,583.306,30.7051,0.14814,15.6454,0.000307999,0.00161487,0.0252652,-0.00361487,-0.0204964
52.96,0.3,0.000307999,15.6565,-0.874224,0.0200457,-0.00177745,11.1,0,583.615,30.7513,0.148172,15.6565,0.000307999,0.00161601,0.0253011,-0.00339346,-0.00525539
52.98,0.3,0.000307999,15.6262,-0.87837,0.0218477,-0.00141387,11.1,0,583.925,30.7975,0.148204,15.6262,0.000307999,0.00161289,0.0252032,-0.00302676,-0.00335555
53,0.4,0.000410666,15.6189,-0.882946,0.0107911,-0.00115951,11.1,0,584.234,30.8436,0.148239,15.6189,0.000410666,0.00214951,0.0335729,-0.00330902,-0.0227818
53.02,0.5,0.000513332,15.6073,-0.885588,-0.00734988,-0.0004,11.1,0,584.542,30.8898,0.148288,15.6073,0.000513332,0.00268489,0.0419037,-0.00308489,-0.0492536
53.04,0.6,0.000615999,15.5907,-0.884557,-0.0255089,-0.00081258,11.1,0,584.851,30.9359,0.148347,15.5907,0.000615999,0.00321845,0.0501778,-0.00403103,-0.0756867
53.06,0.6,0.000615999,15.5991,-0.880163,-0.0382698,-0.00102104,11.1,0,585.159,30.9819,0.148414,15.5991,0.000615999,0.00322018,0.050232,-0.00424123,-0.0885018
53.08,0.6,0.000615999,15.5815,-0.875158,-0.0433456,-0.00138319,11.1,0,585.467,31.028,0.148478,15.5815,0.000615999,0.00321654,0.0501185,-0.00459974,-0.0934641
53.1,0.606079,0.00062224,15.5932,-0.873174,-0.0420196,-0.00138784,11.1,0,585.775,31.0741,0.148543,15.5932,0.00062224,0.00325157,0.0507024,-0.00463942,-0.092722
53.12,0.7,0.000718665,15.5529,-0.876256,-0.0376603,-0.000590576,11.1,0,586.084,31.1203,0.14861,15.5529,0.000718665,0.00374576,0.0582576,-0.00433634,-0.0959179
53.14,0.7,0.000718665,15.5661,-0.883662,-0.0326883,-1.54343e-05,11.1,0,586.391,31.1663,0.148688,15.5661,0.000718665,0.00374893,0.0583562,-0.00376437,-0.0910446
53.16,0.7,0.000718665,15.5634,-0.892535,-0.0272518,0,11.1,0,586.699,31.2124,0.148762,15.5634,0.000718665,0.00374827,0.0583357,-0.00374827,-0.0855875
53.18,0.7,0.000718665,15.537,-0.899559,-0.0210136,2.00874e-05,11.1,0,587.007,31.2585,0.148837,15.537,0.000718665,0.00374192,0.0581382,-0.00372183,-0.0791518
53.2,0.794984,0.000816182,15.555,-0.902778,-0.0154135,0.0002,11.1,0,587.314,31.3046,0.148915,15.555,0.000816182,0.0042546,0.0661804,-0.0040546,-0.0815939
53.22,0.8,0.000821331,15.5472,-0.9028,-0.0138656,0,11.1,0,587.621,31.3507,0.149002,15.5472,0.000821331,0.0042793,0.0665312,-0.0042793,-0.0803968
53.24,0.8,0.000821331,15.5452,-0.902138,-0.0199177,-2.46391e-05,11.1,0,587.928,31.3969,0.149088,15.5452,0.000821331,0.00427874,0.0665139,-0.00430338,-0.0864316
53.26,0.8,0.000821331,15.5153,-0.903035,-0.0347654,-0.000383821,11.1,0,588.236,31.4431,0.149174,15.5153,0.000821331,0.0042705,0.0662579,-0.00465432,-0.101023
53.28,0.9012,0.00092523,15.5112,-0.90585,-0.0554067,0.000404751,11.1,0,588.542,31.4892,0.149262,15.5112,0.00092523,0.00480947,0.0746009,-0.00440472,-0.130008
53.3,1,0.00102666,15.5191,-0.908897,-0.0743498,0.000834334,11.1,0,588.849,31.5353,0.149363,15.5191,0.00102666,0.00533946,0.0828637,-0.00450512,-0.157213
53.32,1.1,0.00112933,15.4888,-0.90966,-0.0822197,0.0014,11.1,0,589.156,31.5815,0.149475,15.4888,0.00112933,0.00586191,0.0907938,-0.00446191,-0.173014
53.34,1.1,0.00112933,15.4942,-0.90676,-0.0736283,0.00139546,11.1,0,589.462,31.6276,0.149595,15.4942,0.00112933,0.00586398,0.0908578,-0.00446852,-0.164486
53.36,1.1,0.00112933,15.4751,-0.901051,-0.0520746,0.00120296,11.1,0,589.768,31.6738,0.149712,15.4751,0.00112933,0.00585674,0.0906337,-0.00465379,-0.142708
53.38,1.1,0.00112933,15.4916,-0.89487,-0.0281904,0.00140188,11.1,0,590.074,31.7199,0.149829,15.4916,0.00112933,0.00586298,0.090827,-0.0044611,-0.119017
53.4,1.1,0.00112933,15.474,-0.89054,-0.0123128,0.00203353,11.1,0,590.38,31.7662,0.149947,15.474,0.00112933,0.00585632,0.0906207,-0.00382279,-0.102934
53.42,1.15015,0.00118082,15.445,-0.889615,-0.00816311,0.00380059,11,0,590.686,31.8124,0.150065,15.445,0.00118082,0.00611181,0.0943967,-0.00231122,-0.10256
53.44,1.2,0.001232,15.4547,-0.892451,-0.0119789,0.00442333,10.9883,0,590.991,31.8585,0.15019,15.4547,0.001232,0.00638076,0.0986128,-0.00195742,-0.110592
53.46,1.2,0.001232,15.4416,-0.897591,-0.0161191,0.0052018,10.9,0,591.297,31.9048,0.150319,15.4416,0.001232,0.00637535,0.0984458,-0.00117355,-0.114565
53.48,1.2,0.001232,15.4305,-0.902594,-0.0138556,0.00499881,10.9,0,591.602,31.951,0.150446,15.4305,0.001232,0.00637077,0.0983044,-0.00137196,-0.11216
53.5,1.2,0.001232,15.4159,-0.906236,-0.0026033,0.00398553,10.9,0,591.907,31.9973,0.150573,15.4159,0.001232,0.00636473,0.098118,-0.0023792,-0.100721
53.52,1.2,0.001232,15.4344,-0.908943,0.0155186,0.00400545,10.9,0,592.211,32.0435,0.150701,15.4344,0.001232,0.00637238,0.0983541,-0.00236693,-0.0828354
53.54,1.2,0.001232,15.4195,-0.9113,0.0350875,0.00441153,10.8,0,592.516,32.0899,0.150828,15.4195,0.001232,0.00636623,0.0981642,-0.0019547,-0.0630767
53.56,1.2,0.001232,15.422,-0.913124,0.0497157,0.0048,10.7932,0,592.821,32.1362,0.150955,15.422,0.001232,0.00636726,0.0981962,-0.00156726,-0.0484804
53.58,1.2,0.001232,15.4163,-0.913243,0.0554956,0.0046133,10.5933,0,593.126,32.1826,0.151082,15.4163,0.001232,0.0063649,0.0981233,-0.0017516,-0.0426277
53.6,1.2,0.001232,15.4053,-0.910178,0.0541232,0.005,10.4,0,593.431,32.229,0.15121,15.4053,0.001232,0.00636034,0.0979828,-0.00136034,-0.0438597
53.62,1.2,0.001232,15.3872,-0.904361,0.051501,0.00451752,10.3,0,593.735,32.2754,0.151337,15.3872,0.001232,0.00635289,0.0977533,-0.00183537,-0.0462522
53.64,1.2,0.001232,15.3827,-0.899018,0.0517734,0.0039564,10.2891,0,594.039,32.3217,0.151464,15.3827,0.001232,0.00635102,0.0976959,-0.00239463,-0.0459225
53.66,1.2,0.001232,15.3723,-0.897817,0.0531559,0.0036,10.2,0,594.343,32.3682,0.151591,15.3723,0.001232,0.00634672,0.0975634,-0.00274672,-0.0444075
53.68,1.2,0.001232,15.3791,-0.901996,0.049861,0.00364583,10.0885,0,594.647,32.4146,0.151718,15.3791,0.001232,0.00634952,0.0976496,-0.00270369,-0.0477887
53.7,1.2,0.001232,15.3526,-0.909737,0.0385757,0.00441857,9.89381,0,594.951,32.4611,0.151845,15.3526,0.001232,0.0063386,0.097314,-0.00192003,-0.0587383
53.72,1.2,0.001232,15.3463,-0.917807,0.0239258,0.005,9.57296,0,595.254,32.5075,0.151971,15.3463,0.001232,0.00633601,0.0972345,-0.00133601,-0.0733087
53.74,1.2,0.001232,15.3425,-0.923556,0.0164431,0.00477899,9.16848,0,595.557,32.554,0.152098,15.3425,0.001232,0.00633444,0.0971864,-0.00155545,-0.0807433
53.76,1.2,0.001232,15.3057,-0.925901,0.0240174,0.00420323,8.80081,0,595.86,32.6004,0.152225,15.3057,0.001232,0.00631924,0.0967206,-0.00211601,-0.0727032
53.78,1.1,0.00112933,15.3229,-0.925947,0.0452334,0.00357919,8.5896,0,596.163,32.6468,0.152348,15.3229,0.00112933,0.00579915,0.0888599,-0.00221996,-0.0436265
53.8,1.1,0.00112933,15.3359,-0.926789,0.0694981,0.00321611,8.5,0,596.465,32.6933,0.152461,15.3359,0.00112933,0.00580404,0.08901,-0.00258794,-0.0195119
53.82,1,0.00102666,15.3301,-0.931305,0.0824305,0.00419397,8.4,0,596.768,32.7399,0.152575,15.3301,0.00102666,0.00527443,0.0808577,-0.00108046,0.00157272
53.84,1,0.00102666,15.2869,-0.939911,0.0730407,0.00417303,8.4,0,597.071,32.7865,0.152678,15.2869,0.00102666,0.00525955,0.0804022,-0.00108652,-0.00736146
53.86,0.998112,0.00102473,15.2972,-0.950507,0.0395368,0.004,8.39811,0,597.373,32.833,0.152783,15.2972,0.00102473,0.00525316,0.0803586,-0.00125316,-0.0408218
53.88,0.849022,0.00087166,15.2932,-0.960191,-0.00924965,0.00331223,8.3,0,597.675,32.8795,0.152884,15.2932,0.00087166,0.00446732,0.0683197,-0.0011551,-0.0775694
53.9,0.8,0.000821331,15.2727,-0.967685,-0.0584739,0.00145251,8.3,0,597.977,32.9261,0.152968,15.2727,0.000821331,0.00420374,0.0642025,-0.00275122,-0.122676
53.92,0.584093,0.000599668,15.2661,-0.974597,-0.0952149,-0.000511347,8.3,0,598.279,32.9726,0.153045,15.2661,0.000599668,0.00306789,0.0468348,-0.00357924,-0.14205
53.94,0.189777,0.000194837,15.2554,-0.983944,-0.114344,-0.00266134,8.3,0,598.581,33.0191,0.15309,15.2554,0.000194837,0.000996085,0.0151957,-0.00365743,-0.12954
53.96,-0.0982428,-0.000100862,15.3081,-0.997557,-0.119516,-0.00399297,8.20088,0,598.882,33.0656,0.153092,15.3081,-0.000100862,-0.000517429,-0.00792084,-0.00347554,-0.111595
53.98,-0.521331,-0.000535232,15.2389,-1.01491,-0.120313,-0.00528532,8.18933,0,599.184,33.1123,0.153063,15.2389,-0.000535232,-0.00273336,-0.0416533,-0.00255197,-0.0786594
54,-0.907615,-0.000931816,15.2385,-1.03332,-0.127318,-0.00686092,8.08477,0,599.485,33.1587,0.152987,15.2385,-0.000931816,-0.00475855,-0.0725133,-0.00210237,-0.0548049
54.02,-1.1485,-0.00117912,15.2304,-1.04888,-0.146312,-0.00841351,7.89831,0,599.786,33.2051,0.152876,15.2304,-0.00117912,-0.00601829,-0.091661,-0.00239522,-0.0546511
54.04,-1.40223,-0.00143962,15.2137,-1.0585,-0.175371,-0.0100179,7.79543,0,600.087,33.2515,0.152743,15.2137,-0.00143962,-0.00733981,-0.111666,-0.00267805,-0.0637058
54.06,-1.5,-0.00154,15.2046,-1.06219,-0.20791,-0.0108327,7.7,0,600.388,33.2977,0.152587,15.2046,-0.00154,-0.00784687,-0.119308,-0.00298579,-0.0886013
54.08,-1.5036,-0.0015437,15.1585,-1.06289,-0.237759,-0.0121965,7.7,0,600.688,33.3439,0.152427,15.1585,-0.0015437,-0.00784186,-0.118871,-0.00435465,-0.118888
54.1,-1.6,-0.00164266,15.1667,-1.06425,-0.261534,-0.012,7.7,0,600.988,33.3898,0.152268,15.1667,-0.00164266,-0.00834913,-0.126629,-0.00365087,-0.134905
54.12,-1.6,-0.00164266,15.1713,-1.06843,-0.278208,-0.0112919,7.7,0,601.287,33.4358,0.152098,15.1713,-0.00164266,-0.00835164,-0.126705,-0.00294026,-0.151503
54.14,-1.6,-0.00164266,15.1421,-1.07554,-0.287641,-0.00978103,7.7,0,601.587,33.4817,0.151932,15.1421,-0.00164266,-0.00833556,-0.126218,-0.00144547,-0.161423
54.16,-1.58964,-0.00163203,15.1494,-1.08435,-0.289414,-0.00931711,7.7,0,601.886,33.5275,0.151765,15.1494,-0.00163203,-0.00828562,-0.125522,-0.0010315,-0.163891
54.18,-1.5,-0.00154,15.138,-1.09345,-0.282554,-0.00813241,7.7,0,602.185,33.5732,0.151602,15.138,-0.00154,-0.0078125,-0.118266,-0.000319909,-0.164289
54.2,-1.5,-0.00154,15.1167,-1.10233,-0.266914,-0.00680412,7.7,0,602.484,33.6189,0.151448,15.1167,-0.00154,-0.00780153,-0.117934,0.000997407,-0.14898
54.22,-1.5,-0.00154,15.1006,-1.11126,-0.245395,-0.00602676,7.7,0,602.783,33.6645,0.151293,15.1006,-0.00154,-0.0077932,-0.117682,0.00176644,-0.127713
54.24,-1.4,-0.00143733,15.0999,-1.1205,-0.2235,-0.00558814,7.6,0,603.081,33.7099,0.151139,15.0999,-0.00143733,-0.00727332,-0.109827,0.00168518,-0.113673
54.26,-1.3,-0.00133466,15.0964,-1.13021,-0.205719,-0.00511639,7.6,0,603.38,33.7553,0.150999,15.0964,-0.00133466,-0.00675223,-0.101935,0.00163584,-0.103785
54.28,-1.29439,-0.0013289,15.0776,-1.14069,-0.191876,-0.00378877,7.59439,0,603.678,33.8007,0.150867,15.0776,-0.0013289,-0.00671471,-0.101242,0.00292593,-0.0906343
54.3,-1.1,-0.00112933,15.0721,-1.15149,-0.176162,-0.0036,7.5,0,603.976,33.846,0.150738,15.0721,-0.00112933,-0.00570421,-0.0859744,0.00210421,-0.0901874
54.32,-1.05024,-0.00107824,15.06,-1.16103,-0.150722,-0.00279133,7.5,0,604.274,33.8912,0.15063,15.06,-0.00107824,-0.00544182,-0.0819538,0.00265049,-0.0687685
54.34,-1,-0.00102666,15.0114,-1.16854,-0.111849,-0.00239625,7.49812,0,604.571,33.9363,0.150524,15.0114,-0.00102666,-0.00516476,-0.0775301,0.00276851,-0.0343194
54.36,-1,-0.00102666,15.0385,-1.17543,-0.0635295,-0.00220793,7.4,0,604.868,33.9813,0.150422,15.0385,-0.00102666,-0.00517408,-0.0778101,0.00296614,0.0142806
54.38,-0.998981,-0.00102562,15.0167,-1.18424,-0.0163777,-0.0026,7.39898,0,605.165,34.0263,0.150319,15.0167,-0.00102562,-0.00516133,-0.0775062,0.00256133,0.0611285
54.4,-0.9,-0.000923998,15.0216,-1.19657,0.01668,-0.00291109,7.29327,0,605.462,34.0712,0.150218,15.0216,-0.000923998,-0.00465146,-0.0698726,0.00174037,0.0865526
54.42,-0.9,-0.000923998,14.9732,-1.21154,0.0267666,-0.0036,7.19748,0,605.759,34.1162,0.150128,14.9732,-0.000923998,-0.00463646,-0.0694227,0.00103646,0.0961894
54.44,-0.8,-0.000821331,14.9693,-1.22589,0.0143854,-0.00338329,6.99582,0,606.054,34.1609,0.150038,14.9693,-0.000821331,-0.00412022,-0.0616767,0.000736928,0.0760621
54.46,-0.8,-0.000821331,14.9609,-1.23613,-0.0108885,-0.00303047,6.78984,0,606.35,34.2056,0.149958,14.9609,-0.000821331,-0.00411792,-0.0616077,0.00108745,0.0507192
54.48,-0.8,-0.000821331,14.9527,-1.24125,-0.0361031,-0.00400798,6.49734,0,606.646,34.2503,0.149876,14.9527,-0.000821331,-0.00411566,-0.0615403,0.00010768,0.0254372
54.5,-0.7,-0.000718665,14.9399,-1.24286,-0.0511788,-0.00503699,6.19086,0,606.941,34.2949,0.149796,14.9399,-0.000718665,-0.00359813,-0.0537559,-0.00143886,0.00257708
54.52,-0.7,-0.000718665,14.9042,-1.24359,-0.0529476,-0.00635608,6.00732,0,607.237,34.3394,0.149727,14.9042,-0.000718665,-0.00358953,-0.0534993,-0.00276655,0.000551636
54.54,-0.7,-0.000718665,14.9025,-1.24584,-0.0458585,-0.00681706,5.79573,0,607.531,34.3838,0.149655,14.9025,-0.000718665,-0.00358911,-0.0534866,-0.00322796,0.0076281
54.56,-0.7,-0.000718665,14.8883,-1.25124,-0.0382519,-0.007,5.58765,0,607.826,34.4282,0.149583,14.8883,-0.000718665,-0.00358569,-0.0533848,-0.00341431,0.0151329
54.58,-0.7,-0.000718665,14.8695,-1.26011,-0.0364405,-0.007,5.29665,0,608.12,34.4725,0.149512,14.8695,-0.000718665,-0.00358117,-0.0532502,-0.00341883,0.0168097
54.6,-0.7,-0.000718665,14.8764,-1.27108,-0.0407764,-0.00690279,4.99306,0,608.414,34.5168,0.14944,14.8764,-0.000718665,-0.00358283,-0.0532997,-0.00331996,0.0125232
54.62,-0.7,-0.000718665,14.8421,-1.28217,-0.0459673,-0.00656306,4.8,0,608.707,34.561,0.149368,14.8421,-0.000718665,-0.00357455,-0.0530537,-0.00298851,0.00708641
54.64,-0.7,-0.000718665,14.8065,-1.29307,-0.0455718,-0.0062,4.7,0,609.001,34.6052,0.149297,14.8065,-0.000718665,-0.00356598,-0.0527995,-0.00263402,0.00722771
54.66,-0.7,-0.000718665,14.8083,-1.306,-0.0378972,-0.00579406,4.7,0,609.293,34.6492,0.149226,14.8083,-0.000718665,-0.00356641,-0.0528124,-0.00222764,0.0149151
54.68,-0.7,-0.000718665,14.7973,-1.32347,-0.0289229,-0.0054,4.7,0,609.586,34.6931,0.149155,14.7973,-0.000718665,-0.00356378,-0.0527343,-0.00183622,0.0238114
54.7,-0.7,-0.000718665,14.8096,-1.3459,-0.0298019,-0.00521371,4.7,0,609.878,34.7371,0.149083,14.8096,-0.000718665,-0.00356673,-0.0528216,-0.00164698,0.0230197
54.72,-0.7,-0.000718665,14.7659,-1.37155,-0.0501504,-0.00558328,4.7,0,610.171,34.781,0.149012,14.7659,-0.000718665,-0.00355622,-0.052511,-0.00202706,0.00236056
54.74,-0.7,-0.000718665,14.7458,-1.39791,-0.0908234,-0.00535194,4.7,0,610.463,34.8248,0.148941,14.7458,-0.000718665,-0.00355138,-0.052368,-0.00180056,-0.0384554
54.76,-0.7,-0.000718665,14.7246,-1.42231,-0.14125,-0.00438541,4.7,0,610.754,34.8685,0.14887,14.7246,-0.000718665,-0.00354627,-0.0522173,-0.000839145,-0.0890329
54.78,-0.7,-0.000718665,14.7028,-1.44217,-0.184535,-0.00379965,4.7,0,611.045,34.9121,0.148799,14.7028,-0.000718665,-0.003541,-0.0520625,-0.000258648,-0.132473
54.8,-0.7,-0.000718665,14.6693,-1.45626,-0.206303,-0.00381414,4.7,0,611.336,34.9557,0.148728,14.6693,-0.000718665,-0.00353294,-0.0518257,-0.000281194,-0.154478
54.82,-0.7,-0.000718665,14.6343,-1.46604,-0.200563,-0.00420347,4.7,0,611.626,34.9991,0.148658,14.6343,-0.000718665,-0.00352451,-0.0515786,-0.000678965,-0.148984
54.84,-0.7,-0.000718665,14.6418,-1.47471,-0.171563,-0.00482342,4.7,0,611.915,35.0424,0.148587,14.6418,-0.000718665,-0.00352633,-0.051632,-0.00129709,-0.119931
54.86,-0.7,-0.000718665,14.6441,-1.48455,-0.132124,-0.005,4.7,0,612.204,35.0857,0.148517,14.6441,-0.000718665,-0.00352687,-0.0516477,-0.00147313,-0.080476
54.88,-0.7,-0.000718665,14.6222,-1.49501,-0.096848,-0.00499918,4.7,0,612.493,35.129,0.148446,14.6222,-0.000718665,-0.0035216,-0.0514936,-0.00147758,-0.0453545
54.9,-0.7,-0.000718665,14.6087,-1.50343,-0.0738224,-0.0044173,4.7,0,612.782,35.1722,0.148376,14.6087,-0.000718665,-0.00351835,-0.0513984,-0.00089895,-0.022424
54.92,-0.7,-0.000718665,14.5871,-1.50733,-0.0621982,-0.004,4.7,0,613.071,35.2153,0.148306,14.5871,-0.000718665,-0.00351316,-0.0512468,-0.000486845,-0.0109514
54.94,-0.7,-0.000718665,14.5608,-1.50689,-0.0567035,-0.004,4.7,0,613.359,35.2584,0.148236,14.5608,-0.000718665,-0.00350681,-0.0510619,-0.00049319,-0.0056416
54.96,-0.7,-0.000718665,14.5546,-1.50555,-0.0541887,-0.00359273,5.1,0,613.647,35.3013,0.148166,14.5546,-0.000718665,-0.00350531,-0.0510183,-8.74183e-05,-0.00317046
54.98,-0.7,-0.000718665,14.5002,-1.50791,-0.0571442,-0.0034,5.1,0,613.935,35.3442,0.148096,14.5002,-0.000718665,-0.00349221,-0.0506377,9.22131e-05,-0.00650658
55,-0.7,-0.000718665,14.5332,-1.51667,-0.071544,-0.00340213,5.2,0,614.221,35.387,0.148026,14.5332,-0.000718665,-0.00350018,-0.0508689,9.8043e-05,-0.0206752
55.02,-0.7,-0.000718665,14.4663,-1.53074,-0.100914,-0.0026,5.20572,0,614.508,35.4298,0.147956,14.4663,-0.000718665,-0.00348405,-0.0504011,0.000884047,-0.0505132
55.04,-0.7,-0.000718665,14.4527,-1.54583,-0.141123,-0.00214927,5.3,0,614.794,35.4724,0.147886,14.4527,-0.000718665,-0.00348078,-0.0503066,0.00133151,-0.0908168
55.06,-0.7,-0.000718665,14.4483,-1.55688,-0.17936,-0.000982521,5.3,0,615.08,35.5149,0.147817,14.4483,-0.000718665,-0.00347973,-0.0502762,0.0024972,-0.129084
55.08,-0.7,-0.000718665,14.4108,-1.56098,-0.199171,-0.0008,5.30664,0,615.365,35.5574,0.147747,14.4108,-0.000718665,-0.00347068,-0.0500151,0.00267068,-0.149156
55.1,-0.7,-0.000718665,14.3994,-1.5591,-0.189777,-0.00100611,5.50611,0,615.65,35.5998,0.147678,14.3994,-0.000718665,-0.00346793,-0.049936,0.00246183,-0.139841
55.12,-0.7,-0.000718665,14.3593,-1.55503,-0.15313,-0.00139065,5.79533,0,615.935,35.6421,0.147609,14.3593,-0.000718665,-0.00345829,-0.0496586,0.00206763,-0.103472
55.14,-0.7,-0.000718665,14.3664,-1.55197,-0.102803,-0.0026,6.2331,0,616.218,35.6843,0.147539,14.3664,-0.000718665,-0.00345999,-0.0497075,0.000859991,-0.053095
55.16,-0.7,-0.000718665,14.3606,-1.55002,-0.0554826,-0.0026,6.60494,0,616.502,35.7265,0.14747,14.3606,-0.000718665,-0.00345861,-0.0496678,0.000858609,-0.00581474
55.18,-0.7,-0.000718665,14.3244,-1.54746,-0.0220685,-0.0026,6.80904,0,616.786,35.7686,0.147401,14.3244,-0.000718665,-0.00344989,-0.0494176,0.000849885,0.0273491
55.2,-0.7,-0.000718665,14.3111,-1.5431,-0.00478496,-0.0026,6.9,0,617.069,35.8107,0.147332,14.3111,-0.000718665,-0.00344669,-0.0493261,0.000846689,0.0445411
55.22,-0.7,-0.000718665,14.2978,-1.53645,-0.000442009,-0.00241539,6.9,0,617.352,35.8526,0.147263,14.2978,-0.000718665,-0.00344348,-0.0492342,0.00102808,0.0487922
55.24,-0.7,-0.000718665,14.2741,-1.52786,-0.00509003,-0.00201608,6.9,0,617.634,35.8945,0.147195,14.2741,-0.000718665,-0.00343776,-0.0490707,0.00142167,0.0439807
55.26,-0.7,-0.000718665,14.2273,-1.51935,-0.0164278,-0.00285018,6.9,0,617.917,35.9363,0.147126,14.2273,-0.000718665,-0.00342651,-0.0487501,0.000576332,0.0323223
55.28,-0.7,-0.000718665,14.2138,-1.5134,-0.0342295,-0.00401025,6.90171,0,618.198,35.978,0.147058,14.2138,-0.000718665,-0.00342324,-0.0486572,-0.000587011,0.0144278
55.3,-0.7,-0.000718665,14.2001,-1.51113,-0.0597858,-0.00479665,7,0,618.479,36.0196,0.146989,14.2001,-0.000718665,-0.00341995,-0.0485638,-0.0013767,-0.011222
55.32,-0.7,-0.000718665,14.1946,-1.51158,-0.0931605,-0.005,7,0,618.759,36.0611,0.146921,14.1946,-0.000718665,-0.00341863,-0.0485262,-0.00158137,-0.0446344
55.34,-0.7,-0.000718665,14.1697,-1.51111,-0.128946,-0.00396867,7,0,619.04,36.1026,0.146853,14.1697,-0.000718665,-0.00341263,-0.0483561,-0.000556039,-0.0805897
55.36,-0.7,-0.000718665,14.1797,-1.50475,-0.155808,-0.0031841,7,0,619.32,36.1441,0.146784,14.1797,-0.000718665,-0.00341503,-0.048424,0.000230926,-0.107384
55.38,-0.7,-0.000718665,14.1576,-1.48994,-0.1622,-0.0028,7,0,619.6,36.1855,0.146716,14.1576,-0.000718665,-0.0034097,-0.048273,0.000609699,-0.113927
55.4,-0.7,-0.000718665,14.1224,-1.46925,-0.143678,-0.0028,7,0,619.88,36.2268,0.146648,14.1224,-0.000718665,-0.00340124,-0.0480338,0.00060124,-0.0956438
55.42,-0.7,-0.000718665,14.1116,-1.44883,-0.106291,-0.00374961,7,0,620.159,36.268,0.14658,14.1116,-0.000718665,-0.00339864,-0.0479603,-0.000350978,-0.0583308
55.44,-0.7,-0.000718665,14.09,-1.43454,-0.064028,-0.0054,7,0,620.438,36.3092,0.146512,14.09,-0.000718665,-0.00339343,-0.0478136,-0.00200657,-0.0162144
55.46,-0.7,-0.000718665,14.1042,-1.42902,-0.0321596,-0.00538528,7,0,620.716,36.3503,0.146444,14.1042,-0.000718665,-0.00339686,-0.0479101,-0.00198842,0.0157504
55.48,-0.7,-0.000718665,14.0692,-1.43133,-0.0208676,-0.00497834,7,0,620.995,36.3914,0.146376,14.0692,-0.000718665,-0.00338842,-0.0476724,-0.00158992,0.0268048
55.5,-0.7,-0.000718665,14.0555,-1.43779,-0.0326541,-0.00379196,7,0,621.273,36.4324,0.146309,14.0555,-0.000718665,-0.00338512,-0.0475795,-0.000406841,0.0149254
55.52,-0.7,-0.000718665,14.0446,-1.44344,-0.063084,-0.00300486,7,0,621.551,36.4733,0.146241,14.0446,-0.000718665,-0.00338249,-0.0475057,0.00037763,-0.0155783
55.54,-0.7,-0.000718665,14.0022,-1.44404,-0.102259,-0.00257862,7,0,621.829,36.5142,0.146174,14.0022,-0.000718665,-0.00337229,-0.0472195,0.000793664,-0.0550392
55.56,-0.7,-0.000718665,13.9917,-1.43798,-0.137369,-0.00260322,7,0,622.106,36.555,0.146106,13.9917,-0.000718665,-0.00336975,-0.0471484,0.000766522,-0.0902208
55.58,-0.7,-0.000718665,13.9905,-1.42713,-0.157676,-0.00301885,7,0,622.382,36.5956,0.146039,13.9905,-0.000718665,-0.00336947,-0.0471407,0.000350621,-0.110535
55.6,-0.7,-0.000718665,13.9668,-1.41535,-0.159198,-0.00341182,7,0,622.659,36.6363,0.145972,13.9668,-0.000718665,-0.00336376,-0.0469811,-4.80589e-05,-0.112217
55.62,-0.7,-0.000718665,13.9553,-1.40624,-0.145404,-0.00335908,7,0,622.935,36.6769,0.145904,13.9553,-0.000718665,-0.00336098,-0.0469034,1.9013e-06,-0.0985011
55.64,-0.7,-0.000718665,13.9249,-1.40142,-0.123747,-0.00217318,7,0,623.211,36.7174,0.145837,13.9249,-0.000718665,-0.00335366,-0.0466993,0.00118048,-0.0770472
55.66,-0.7,-0.000718665,13.9187,-1.39983,-0.10082,-0.0014,7,0,623.486,36.7578,0.14577,13.9187,-0.000718665,-0.00335217,-0.0466579,0.00195217,-0.054162
55.68,-0.7,-0.000718665,13.9026,-1.39872,-0.0797246,-0.0014,7,0,623.761,36.7982,0.145703,13.9026,-0.000718665,-0.0033483,-0.0465502,0.0019483,-0.0331744
55.7,-0.7,-0.000718665,13.8962,-1.39609,-0.0607066,-0.00143601,7,0,624.036,36.8385,0.145636,13.8962,-0.000718665,-0.00334674,-0.0465069,0.00191074,-0.0141997
55.72,-0.7,-0.000718665,13.8731,-1.39215,-0.0427669,-0.00254917,7,0,624.311,36.8788,0.145569,13.8731,-0.000718665,-0.00334118,-0.0463524,0.000792012,0.0035855
55.74,-0.7,-0.000718665,13.8461,-1.3886,-0.0251956,-0.00241278,7,0,624.585,36.919,0.145503,13.8461,-0.000718665,-0.00333468,-0.0461723,0.000921899,0.0209767
55.76,-0.7,-0.000718665,13.8121,-1.38688,-0.0107291,-0.0026,7,0,624.859,36.9591,0.145436,13.8121,-0.000718665,-0.0033265,-0.0459458,0.000726495,0.0352167
55.78,-0.7,-0.000718665,13.8325,-1.38717,-0.00774445,-0.0024,7,0,625.132,36.9991,0.14537,13.8325,-0.000718665,-0.00333141,-0.0460818,0.000931412,0.0383373
55.8,-0.7,-0.000718665,13.7916,-1.38829,-0.0249719,-0.00199838,6.99838,0,625.405,37.0391,0.145303,13.7916,-0.000718665,-0.00332157,-0.0458099,0.00132319,0.020838
55.82,-0.7,-0.000718665,13.7782,-1.3881,-0.0614447,-0.0016,6.6,0,625.678,37.079,0.145237,13.7782,-0.000718665,-0.00331834,-0.0457208,0.00171834,-0.0157239
55.84,-0.7,-0.000718665,13.7743,-1.38485,-0.103036,-0.00198674,6.5,0,625.95,37.1189,0.14517,13.7743,-0.000718665,-0.00331739,-0.0456946,0.00133065,-0.057341
55.86,-0.7,-0.000718665,13.7514,-1.37886,-0.13045,-0.0013799,6.5,0,626.222,37.1587,0.145104,13.7514,-0.000718665,-0.00331187,-0.0455428,0.00193198,-0.0849075
55.88,-0.7,-0.000718665,13.7247,-1.37236,-0.13203,-0.00122265,6.5,0,626.494,37.1984,0.145038,13.7247,-0.000718665,-0.00330545,-0.0453664,0.0020828,-0.0866634
55.9,-0.7,-0.000718665,13.7143,-1.36759,-0.110241,-0.00252446,6.5,0,626.766,37.238,0.144972,13.7143,-0.000718665,-0.00330296,-0.0452979,0.000778495,-0.0649434
55.92,-0.7,-0.000718665,13.6948,-1.36543,-0.0778069,-0.00437879,6.5,0,627.037,37.2776,0.144906,13.6948,-0.000718665,-0.00329826,-0.0451692,-0.00108053,-0.0326378
55.94,-0.7,-0.000718665,13.7013,-1.36558,-0.0487506,-0.00538143,6.5,0,627.307,37.3171,0.14484,13.7013,-0.000718665,-0.0032998,-0.0452114,-0.00208162,-0.00353917
55.96,-0.7,-0.000718665,13.615,-1.36699,-0.031099,-0.00475924,6.5,0,627.578,37.3566,0.144774,13.615,-0.000718665,-0.00327904,-0.0446441,-0.0014802,0.0135452
55.98,-0.7,-0.000718665,13.6286,-1.36802,-0.0254166,-0.00437523,6.5,0,627.848,37.3958,0.144709,13.6286,-0.000718665,-0.00328231,-0.0447333,-0.00109292,0.0193168
56,-0.7,-0.000718665,13.6345,-1.36681,-0.0282033,-0.0044,6.5,0,628.117,37.4351,0.144643,13.6345,-0.000718665,-0.00328372,-0.0447718,-0.00111628,0.0165685
56.02,-0.7,-0.000718665,13.6015,-1.36242,-0.0347264,-0.0044,6.5,0,628.387,37.4743,0.144577,13.6015,-0.000718665,-0.00327578,-0.0445556,-0.00112422,0.00982916
56.04,-0.7,-0.000718665,13.5808,-1.35579,-0.0397963,-0.0042,6.5,0,628.656,37.5135,0.144512,13.5808,-0.000718665,-0.0032708,-0.0444201,-0.000929203,0.00462383
56.06,-0.7,-0.000718665,13.5906,-1.34923,-0.0400031,-0.00418275,6.5,0,628.924,37.5525,0.144447,13.5906,-0.000718665,-0.00327315,-0.044484,-0.000909604,0.00448089
56.08,-0.7,-0.000718665,13.5666,-1.34504,-0.0366375,-0.00442312,6.5,0,629.193,37.5916,0.144381,13.5666,-0.000718665,-0.00326737,-0.0443271,-0.00115574,0.00768959
56.1,-0.7,-0.000718665,13.5633,-1.34497,-0.0351835,-0.00476348,6.4,0,629.461,37.6306,0.144316,13.5633,-0.000718665,-0.00326659,-0.0443058,-0.00149689,0.0091223
56.12,-0.7,-0.000718665,13.5454,-1.34999,-0.0416431,-0.00383698,6.4,0,629.729,37.6696,0.144251,13.5454,-0.000718665,-0.00326227,-0.0441887,-0.000574713,0.00254555
56.14,-0.7,-0.000718665,13.5217,-1.35912,-0.0581124,-0.00257556,6.38778,0,629.997,37.7085,0.144185,13.5217,-0.000718665,-0.00325656,-0.0440341,0.000680993,-0.0140782
56.16,-0.7,-0.000718665,13.5134,-1.36867,-0.0798326,-0.002,6.3,0,630.264,37.7473,0.14412,13.5134,-0.000718665,-0.00325457,-0.0439803,0.00125457,-0.0358523
56.18,-0.7,-0.000718665,13.4915,-1.37423,-0.0963209,-0.00180388,6.3,0,630.532,37.7861,0.144055,13.4915,-0.000718665,-0.00324929,-0.0438378,0.00144541,-0.0524831
56.2,-0.7,-0.000718665,13.4554,-1.37378,-0.0969532,-0.0022,6.3,0,630.798,37.8247,0.14399,13.4554,-0.000718665,-0.0032406,-0.0436037,0.0010406,-0.0533495
56.22,-0.7,-0.000718665,13.4529,-1.36885,-0.0778851,-0.00182248,6.3,0,631.064,37.8633,0.143926,13.4529,-0.000718665,-0.00323998,-0.043587,0.0014175,-0.0342981
56.24,-0.7,-0.000718665,13.4295,-1.36325,-0.04507,-0.00204631,6.3,0,631.33,37.9019,0.143861,13.4295,-0.000718665,-0.00323435,-0.0434356,0.00118804,-0.00163442
56.26,-0.7,-0.000718665,13.4041,-1.36116,-0.0107136,-0.0032,6.3,0,631.596,37.9403,0.143796,13.4041,-0.000718665,-0.00322825,-0.0432719,2.82487e-05,0.0325583
56.28,-0.7,-0.000718665,13.4291,-1.36514,0.0132617,-0.00318701,6.3,0,631.861,37.9787,0.143732,13.4291,-0.000718665,-0.00323425,-0.043433,4.7238e-05,0.0566947
56.3,-0.7,-0.000718665,13.3834,-1.37479,0.0201475,-0.0029899,6.3,0,632.127,38.0171,0.143667,13.3834,-0.000718665,-0.00322325,-0.0431381,0.000233351,0.0632855
56.32,-0.7,-0.000718665,13.386,-1.38659,0.0106919,-0.0028,6.3,0,632.391,38.0554,0.143603,13.386,-0.000718665,-0.00322387,-0.0431545,0.000423866,0.0538464
56.34,-0.7,-0.000718665,13.3495,-1.39568,-0.00789614,-0.00321811,6.2,0,632.656,38.0936,0.143538,13.3495,-0.000718665,-0.00321509,-0.0429198,-3.02438e-06,0.0350236
56.36,-0.7,-0.000718665,13.3377,-1.39874,-0.0262624,-0.00337795,6.2,0,632.92,38.1318,0.143474,13.3377,-0.000718665,-0.00321224,-0.0428438,-0.000165715,0.0165814
56.38,-0.7,-0.000718665,13.3163,-1.39562,-0.0378023,-0.00321453,6.2,0,633.184,38.1699,0.14341,13.3163,-0.000718665,-0.00320709,-0.0427065,-7.44421e-06,0.0049042
56.4,-0.7,-0.000718665,13.3054,-1.38918,-0.0408485,-0.00400984,6.2,0,633.447,38.2079,0.143346,13.3054,-0.000718665,-0.00320447,-0.0426368,-0.000805372,0.0017883
56.42,-0.7,-0.000718665,13.2946,-1.38383,-0.0376104,-0.0044,6.2,0,633.71,38.2459,0.143282,13.2946,-0.000718665,-0.00320187,-0.0425676,-0.00119813,0.00495725
56.44,-0.7,-0.000718665,13.3167,-1.38324,-0.0319171,-0.004,6.1,0,633.973,38.2838,0.143218,13.3167,-0.000718665,-0.00320719,-0.0427091,-0.000792814,0.010792
56.46,-0.7,-0.000718665,13.2609,-1.38811,-0.0272799,-0.00419608,6.1,0,634.236,38.3217,0.143154,13.2609,-0.000718665,-0.00319376,-0.0423522,-0.00100232,0.0150723
56.48,-0.7,-0.000718665,13.244,-1.39577,-0.0255354,-0.004,6.1,0,634.498,38.3595,0.14309,13.244,-0.000718665,-0.00318968,-0.0422441,-0.000810321,0.0167087
56.5,-0.7,-0.000718665,13.2329,-1.40226,-0.0263644,-0.00421212,6.1,0,634.76,38.3973,0.143026,13.2329,-0.000718665,-0.00318701,-0.0421736,-0.00102511,0.0158091
56.52,-0.7,-0.000718665,13.2201,-1.40482,-0.0277737,-0.00458135,6.1,0,635.022,38.4349,0.142963,13.2201,-0.000718665,-0.00318393,-0.042092,-0.00139743,0.0143182
56.54,-0.7,-0.000718665,13.1856,-1.40293,-0.0276338,-0.0052225,6,0,635.283,38.4726,0.142899,13.1856,-0.000718665,-0.00317562,-0.0418725,-0.00204688,0.0142387
56.56,-0.6,-0.000615999,13.1771,-1.39804,-0.0256756,-0.0054,6,0,635.544,38.5101,0.142838,13.1771,-0.000615999,-0.00272021,-0.0358446,-0.00267979,0.010169
56.58,-0.500845,-0.0005142,13.1418,-1.39285,-0.0241088,-0.0054,6,0,635.805,38.5475,0.142788,13.1418,-0.0005142,-0.00226458,-0.0297608,-0.00313542,0.00565194
56.6,-0.39253,-0.000402996,13.1638,-1.38992,-0.0262373,-0.00494024,6,0,636.065,38.5849,0.142747,13.1638,-0.000402996,-0.0017778,-0.0234025,-0.00316244,-0.00283483
56.62,-0.109168,-0.000112079,13.1204,-1.39052,-0.0341988,-0.00365501,6,0,636.325,38.6223,0.142721,13.1204,-0.000112079,-0.000492803,-0.00646578,-0.00316221,-0.027733
56.64,0.0215962,2.2172e-05,13.1054,-1.39407,-0.0467014,-0.003,6,0,636.584,38.6596,0.14272,13.1054,2.2172e-05,9.73771e-05,0.00127617,-0.00309738,-0.0479775
56.66,0.503163,0.00051658,13.1026,-1.39845,-0.0583045,-0.00279365,6,0,636.844,38.6968,0.142736,13.1026,0.00051658,0.00226827,0.0297201,-0.00506192,-0.0880246
56.68,0.699287,0.000717932,13.0889,-1.40113,-0.0622635,-0.00240142,6,0,637.103,38.7341,0.142797,13.0889,0.000717932,0.00314912,0.0412186,-0.00555054,-0.103482
56.7,1.00183,0.00102855,13.05,-1.40091,-0.0547236,-0.00159266,6,0,637.362,38.7713,0.142871,13.05,0.00102855,0.00449818,0.0587014,-0.00609084,-0.113425
56.72,1.3989,0.0014362,13.0528,-1.39882,-0.035635,-0.000606605,6,0,637.62,38.8084,0.142976,13.0528,0.0014362,0.0062823,0.0820014,-0.00688891,-0.117636
56.74,1.5,0.00154,13.0062,-1.39759,-0.00683723,0.00047036,6,0,637.878,38.8456,0.143113,13.0062,0.00154,0.00671229,0.0873012,-0.00624193,-0.0941384
56.76,1.6,0.00164266,13.0165,-1.40004,0.0286855,0.00143516,6,0,638.135,38.8827,0.143251,13.0165,0.00164266,0.00716545,0.0932688,-0.00573028,-0.0645833
56.78,1.69946,0.00174478,13.0056,-1.40706,0.0656692,0.00319569,6,0,638.392,38.9198,0.143399,13.0056,0.00174478,0.00760451,0.0989011,-0.00440882,-0.0332319
56.8,1.7,0.00174533,12.9799,-1.41681,0.0966466,0.00528554,6,0,638.649,38.957,0.143553,12.9799,0.00174533,0.00759188,0.0985417,-0.00230635,-0.00189517
56.82,1.7,0.00174533,12.9645,-1.42561,0.114954,0.0067596,6,0,638.906,38.9941,0.143705,12.9645,0.00174533,0.00758288,0.098308,-0.000823279,0.0166463
56.84,1.8,0.001848,12.9462,-1.43011,0.118443,0.0068,6,0,639.162,39.0312,0.143859,12.9462,0.001848,0.00801762,0.103798,-0.00121762,0.0146457
56.86,1.90356,0.00195431,12.93,-1.42932,0.110939,0.00700711,6,0,639.418,39.0683,0.144023,12.93,0.00195431,0.00846827,0.109495,-0.00146116,0.00144411
56.88,2.09968,0.00215567,12.9,-1.42489,0.100125,0.0072,6,0,639.674,39.1054,0.144199,12.9,0.00215567,0.00931913,0.120217,-0.00211913,-0.0200921
56.9,2.1978,0.0022564,12.9055,-1.41972,0.0927691,0.00660881,6,0,639.929,39.1425,0.144392,12.9055,0.0022564,0.00975871,0.125941,-0.0031499,-0.0331718
56.92,2.2962,0.00235742,12.8708,-1.41641,0.0909029,0.00601367,6,0,640.184,39.1796,0.144591,12.8708,0.00235742,0.0101682,0.130873,-0.00415456,-0.0399706
56.94,2.4,0.00246399,12.8853,-1.41684,0.092169,0.0062,6,0,640.439,39.2167,0.144799,12.8853,0.00246399,0.0106398,0.137097,-0.00443983,-0.0449279
56.96,2.40754,0.00247174,12.836,-1.42198,0.0933835,0.00621508,6,0,640.693,39.2538,0.145014,12.836,0.00247174,0.0106325,0.136478,-0.00441739,-0.043095
56.98,2.50287,0.0025696,12.8332,-1.43102,0.0936872,0.00680574,6,0,640.947,39.2909,0.145229,12.8332,0.0025696,0.0110511,0.141821,-0.00424533,-0.0481335
57,2.70073,0.00277274,12.825,-1.44054,0.0953547,0.00699855,6,0,641.201,39.3281,0.145456,12.825,0.00277274,0.011917,0.152835,-0.00491846,-0.0574805
57.02,2.8,0.00287466,12.8142,-1.44615,0.102145,0.00660874,6,0,641.454,39.3652,0.1457,12.8142,0.00287466,0.0123447,0.158186,-0.00573592,-0.056041
57.04,3.00861,0.00308883,12.7909,-1.44564,0.115767,0.00681722,6,0,641.708,39.4024,0.145954,12.7909,0.00308883,0.0132403,0.169355,-0.00642308,-0.0535884
57.06,3.10358,0.00318634,12.772,-1.44042,0.133232,0.00721433,6,0,641.96,39.4396,0.146225,12.772,0.00318634,0.0136381,0.174186,-0.00642378,-0.0409547
57.08,3.30041,0.00338842,12.7611,-1.4343,0.147924,0.00780083,6,0,642.213,39.4768,0.146504,12.7611,0.00338842,0.0144906,0.184916,-0.0066898,-0.0369923
57.1,3.50542,0.00359889,12.7446,-1.43125,0.153787,0.00822169,6,0,642.465,39.5141,0.146802,12.7446,0.00359889,0.0153708,0.195895,-0.00714915,-0.042108
57.12,3.69129,0.00378972,12.7497,-1.43339,0.149321,0.00933032,6,0,642.717,39.5514,0.147118,12.7497,0.00378972,0.0161924,0.206449,-0.00686209,-0.0571282
57.14,4.01088,0.00411783,12.6944,-1.43998,0.138502,0.0113088,6,0,642.969,39.5887,0.147452,12.6944,0.00411783,0.0175181,0.222382,-0.00620921,-0.0838798
57.16,4.30123,0.00441592,12.6941,-1.44754,0.128815,0.013014,6,0,643.22,39.626,0.147816,12.6941,0.00441592,0.0187857,0.238469,-0.00577169,-0.109654
57.18,4.4,0.00451732,12.6681,-1.45208,0.127911,0.0138185,6,0,643.47,39.6634,0.148199,12.6681,0.00451732,0.0191777,0.242946,-0.00535921,-0.115034
57.2,4.49985,0.00461984,12.6389,-1.45189,0.140445,0.0141997,6,0,643.721,39.7009,0.148587,12.6389,0.00461984,0.0195677,0.247315,-0.00536804,-0.10687
57.22,4.5,0.00461999,12.6226,-1.44803,0.166632,0.0153741,6,0,643.97,39.7383,0.14898,12.6226,0.00461999,0.0195432,0.246686,-0.00416905,-0.0800534
57.24,4.5,0.00461999,12.6105,-1.44297,0.201777,0.0162137,6,0,644.22,39.7758,0.14937,12.6105,0.00461999,0.0195245,0.246214,-0.00331071,-0.0444368
57.26,4.48992,0.00460964,12.5942,-1.43943,0.236057,0.0168202,6,0,644.469,39.8133,0.14976,12.5942,0.00460964,0.0194554,0.245025,-0.00263529,-0.008968
57.28,4.4,0.00451732,12.5886,-1.43926,0.256932,0.0168,6,0,644.718,39.8509,0.150147,12.5886,0.00451732,0.0190574,0.239906,-0.00225736,0.017026
57.3,4.4,0.00451732,12.5804,-1.442,0.254613,0.0172,6,0,644.966,39.8886,0.150525,12.5804,0.00451732,0.019045,0.239594,-0.00184499,0.0150187
57.32,4.4,0.00451732,12.5532,-1.44507,0.227221,0.0172,6,0,645.215,39.9263,0.150906,12.5532,0.00451732,0.0190038,0.23856,-0.00180383,-0.0113387
57.34,4.4,0.00451732,12.5465,-1.44572,0.182755,0.0178,6,0,645.463,39.964,0.151285,12.5465,0.00451732,0.0189936,0.238302,-0.00119357,-0.0555468
57.36,4.4,0.00451732,12.5237,-1.44343,0.137209,0.0171157,6,0,645.711,40.0019,0.151665,12.5237,0.00451732,0.0189591,0.237438,-0.00184337,-0.100229
57.38,4.4,0.00451732,12.4992,-1.44042,0.108785,0.0164,6,0,645.958,40.0397,0.152044,12.4992,0.00451732,0.018922,0.236509,-0.00252197,-0.127724
57.4,4.4,0.00451732,12.475,-1.43961,0.109657,0.0155909,6,0,646.205,40.0776,0.152422,12.475,0.00451732,0.0188854,0.235596,-0.00329453,-0.125939
57.42,4.4,0.00451732,12.4777,-1.44183,0.139718,0.0140297,6,0,646.451,40.1155,0.152799,12.4777,0.00451732,0.0188895,0.235698,-0.00485981,-0.0959803
57.44,4.50865,0.00462887,12.4385,-1.44593,0.186581,0.0136,6,0,646.697,40.1534,0.153179,12.4385,0.00462887,0.0192951,0.240003,-0.00569515,-0.0534219
57.46,4.71049,0.00483609,12.4301,-1.4511,0.231927,0.013379,6,0,646.943,40.1914,0.153571,12.4301,0.00483609,0.0201452,0.250407,-0.00676622,-0.0184803
57.48,4.81688,0.00494532,12.4211,-1.45717,0.259801,0.0132338,6,0,647.188,40.2294,0.15398,12.4211,0.00494532,0.0205854,0.255693,-0.00735162,0.00410846
57.5,5.00433,0.00513777,12.3942,-1.46267,0.262534,0.0146347,6,0,647.433,40.2675,0.154397,12.3942,0.00513777,0.0213401,0.264493,-0.00670545,-0.00195885
57.52,5.1,0.00523599,12.3812,-1.4649,0.243231,0.0157627,6,0,647.678,40.3057,0.15483,12.3812,0.00523599,0.0217254,0.268987,-0.00596268,-0.0257566
57.54,5.3,0.00544132,12.3735,-1.46222,0.21405,0.0164907,6,0,647.922,40.3439,0.15527,12.3735,0.00544132,0.0225633,0.279187,-0.00607263,-0.0651368
57.56,5.3,0.00544132,12.3467,-1.45494,0.189627,0.0178219,6,0,648.167,40.3821,0.155725,12.3467,0.00544132,0.0225144,0.277977,-0.00469243,-0.0883499
57.58,5.3,0.00544132,12.3167,-1.44507,0.179417,0.0187997,6,0,648.41,40.4205,0.156175,12.3167,0.00544132,0.0224597,0.276628,-0.00365993,-0.0972119
57.6,5.3,0.00544132,12.3167,-1.43576,0.184203,0.0190105,6,0,648.653,40.4588,0.156623,12.3167,0.00544132,0.0224596,0.276628,-0.0034491,-0.0924249
57.62,5.3,0.00544132,12.2771,-1.43003,0.197775,0.0192,6,0,648.896,40.4972,0.157072,12.2771,0.00544132,0.0223875,0.274854,-0.00318751,-0.0770786
57.64,5.3,0.00544132,12.2843,-1.42966,0.211629,0.019268,6,0,649.139,40.5356,0.157519,12.2843,0.00544132,0.0224006,0.275176,-0.00313259,-0.0635466
57.66,5.3,0.00544132,12.2747,-1.43486,0.219782,0.0202,6,0,649.381,40.5742,0.157967,12.2747,0.00544132,0.0223832,0.274747,-0.00218318,-0.0549649
57.68,5.3,0.00544132,12.2584,-1.44404,0.220701,0.0203993,6,0,649.623,40.6128,0.158414,12.2584,0.00544132,0.0223533,0.274015,-0.00195408,-0.0533147
57.7,5.3,0.00544132,12.2445,-1.45397,0.216299,0.0215938,6,0,649.865,40.6515,0.15886,12.2445,0.00544132,0.0223281,0.273397,-0.000734257,-0.0570981
57.72,5.3,0.00544132,12.2282,-1.4609,0.210484,0.0212189,6.38114,0,650.106,40.6902,0.159306,12.2282,0.00544132,0.0222983,0.272669,-0.00107949,-0.062185
57.74,5.3,0.00544132,12.1992,-1.46217,0.207815,0.0199429,6.40714,0,650.348,40.729,0.159752,12.1992,0.00544132,0.0222455,0.271377,-0.00230255,-0.0635623
57.76,5.3,0.00544132,12.1775,-1.45783,0.211832,0.0187033,6.5,0,650.588,40.7679,0.160196,12.1775,0.00544132,0.0222059,0.270413,-0.00350255,-0.058581
57.78,5.3,0.00544132,12.1709,-1.45112,0.223662,0.017161,6.5,0,650.828,40.8067,0.16064,12.1709,0.00544132,0.0221939,0.27012,-0.00503286,-0.0464583
57.8,5.3,0.00544132,12.1305,-1.44617,0.241224,0.0163942,6.5,0,651.068,40.8457,0.161083,12.1305,0.00544132,0.0221202,0.26833,-0.00572603,-0.0271059
57.82,5.3,0.00544132,12.1251,-1.4447,0.259261,0.016,6.5,0,651.307,40.8846,0.161525,12.1251,0.00544132,0.0221103,0.26809,-0.00611035,-0.0088294
57.84,5.3,0.00544132,12.1264,-1.44526,0.270915,0.0163848,6.5,0,651.546,40.9236,0.161967,12.1264,0.00544132,0.0221127,0.268147,-0.00572791,0.00276761
57.86,5.3,0.00544132,12.0917,-1.44478,0.270448,0.0162,6.5,0,651.786,40.9627,0.162408,12.0917,0.00544132,0.0220494,0.266613,-0.00584936,0.00383414
57.88,5.3,0.00544132,12.0908,-1.43962,0.255047,0.0172785,6.5,0,652.024,41.0018,0.162849,12.0908,0.00544132,0.0220477,0.266574,-0.00476922,-0.0115274
57.9,5.3,0.00544132,12.0674,-1.42684,0.22435,0.0187658,6.5,0,652.262,41.041,0.163289,12.0674,0.00544132,0.0220052,0.265546,-0.00323933,-0.0411965
57.92,5.3,0.00544132,12.0535,-1.40639,0.18004,0.018781,6.5,0,652.5,41.0803,0.163729,12.0535,0.00544132,0.0219798,0.264933,-0.0031988,-0.0848938
57.94,5.3,0.00544132,12.0275,-1.38135,0.127274,0.0190187,6.5,0,652.738,41.1196,0.164168,12.0275,0.00544132,0.0219324,0.263792,-0.00291371,-0.136518
