t_s,delta_wheel_deg,delta_road_rad,v_mps,a_long_mps2,a_lat_meas_mps2,yaw_rate_meas_rads,accel_pedal_pct,brake_pressed,x_m,y_m,psi_rad,v_state_mps,delta_state_rad,yaw_rate_pred_rads,a_y_pred_mps2,yaw_rate_resid_rads,a_y_resid_mps2
0.0,2.0,0.00205333,6.59409,0.930758,-0.0149897,0.0206081,0,0,0.0,0.0,0.0,6.59409,0.00205333,0.016754691054353482,0.11048194073460174,0.0038534089456465186,-0.12547164073460174
0.02,2.0,0.00205333,6.60212,0.9535,-0.0337821,0.0200593,0,0,0.132068,6.00101e-06,9.08777e-05,6.60212,0.00205333,0.01676019528270527,0.11065282047985413,0.0032991047172947277,-0.14443492047985412
0.04,2.0,0.00205333,6.61649,0.97229,-0.0538197,0.0194044,0,0,0.264301,2.40341e-05,0.000181869,6.61649,0.00205333,0.01677004518583849,0.11095883627164851,0.0026343548141615075,-0.1647785362716485
0.06,2.0,0.00205333,6.64168,0.985324,-0.0745887,0.0181948,0,0,0.396825,5.41787e-05,0.000273061,6.64168,0.00205333,0.01678731124628338,0.11149594935821538,0.0014074887537166222,-0.1860846493582154
0.08,2.0,0.00205333,6.64689,0.992537,-0.0932468,0.0168674,0,0,0.529856,9.65931e-05,0.000364601,6.64689,0.00205333,0.016790882288894245,0.11160714757722827,7.651771110575578e-05,-0.20485394757722827
0.1,2.0,0.00205333,6.69918,0.994292,-0.105,0.0166,0,0,0.662992,0.000151233,0.000456214,6.69918,0.00205333,0.016826721725481403,0.11272523764891051,-0.0002267217254814033,-0.2177252376489105
0.12,2.0,0.00205333,6.67161,0.99135,-0.105597,0.0166,0,0,0.797175,0.000218644,0.000548547,6.67161,0.00205333,0.016807825592547922,0.11213525730149865,-0.0002078255925479222,-0.21773225730149864
0.14,2.0,0.00205333,6.69697,0.985357,-0.0939766,0.0164035,0,0,0.930805,0.00029809,0.0006405,6.69697,0.00205333,0.01682520704196362,0.1126779068038191,-0.00042170704196361694,-0.20665450680381908
0.16,1.9,0.00195066,6.70296,0.978494,-0.0720317,0.0153944,0,0,1.06494,0.000390144,0.000731647,6.70296,0.00195066,0.01659899037248422,0.11126236850714684,-0.0012045903724842207,-0.18329406850714686
0.18,1.9,0.00195066,6.72894,0.972706,-0.0430404,0.015,0,0,1.1992,0.00049421,0.000818255,6.72894,0.00195066,0.01661590577311601,0.11180743299295123,-0.0016159057731160095,-0.15484783299295124
0.2,1.75042,0.00179709,6.73929,0.969044,-0.0113762,0.0152179,0,0,1.33397,0.000610348,0.000904622,6.73929,0.00179709,0.016276275130959528,0.10969053822732423,-0.0010583751309595282,-0.12106673822732424
0.22,1.61527,0.00165834,6.76684,0.967395,0.0169959,0.0159695,0,0,1.46895,0.000737791,0.000982606,6.76684,0.00165834,0.01597858059794016,0.10812449833336539,-9.080597940157309e-06,-0.0911285983333654
0.24,1.40237,0.00143977,6.77758,0.966756,0.0341138,0.0163835,0,0,1.60448,0.000875885,0.00105387,6.77758,0.00143977,0.015488758784527757,0.10497630176283965,0.0008947412154722417,-0.07086250176283965
0.26,1.10139,0.00113075,6.77502,0.965995,0.0315074,0.0164028,0,0,1.74022,0.00102312,0.00111336,6.77502,0.00113075,0.014786865857334975,0.1001813119207616,0.0016159341426650233,-0.06867391192076161
0.28,1.01355,0.00104057,6.80594,0.965243,0.00564005,0.0154813,0,0,1.87592,0.00117747,0.00116024,6.80594,0.00104057,0.01459313274441647,0.09931998587053383,0.0008881672555835305,-0.09367993587053383
0.3,1.0,0.00102666,6.82463,0.966484,-0.0361702,0.0157834,0,0,2.01223,0.00133881,0.00120658,6.82463,0.00102666,0.01456785400774611,0.09942021349688433,0.0012155459922538903,-0.13559041349688433
0.32,1.0,0.00102666,6.83845,0.971288,-0.0758435,0.0160123,0,0,2.14892,0.00150694,0.00125345,6.83845,0.00102666,0.01457258917636148,0.09965392245308916,0.0014397108236385205,-0.17549742245308914
0.34,1.0,0.00102666,6.84704,0.978084,-0.0920971,0.0150161,0,0,2.28588,0.00168185,0.00130058,6.84704,0.00102666,0.014575532341696099,0.09979925296488686,0.0004405676583039003,-0.19189635296488686
0.36,1.0,0.00102666,6.87188,0.983594,-0.0715146,0.014211,0,0,2.42302,0.00186344,0.00134776,6.87188,0.00102666,0.014584043021498154,0.10021979355857273,-0.00037304302149815394,-0.17173439355857273
0.38,1.0,0.00102666,6.87479,0.9865,-0.0167667,0.0134579,0,0,2.56065,0.0020522,0.00139511,6.87479,0.00102666,0.014585040028713147,0.10026908733899685,-0.0011271400287131469,-0.11703578733899685
0.4,1.0,0.00102666,6.89135,0.9875,0.053318,0.0124079,0,0,2.69834,0.00224756,0.00144249,6.89135,0.00102666,0.014590713651762814,0.10054971452407567,-0.0021828136517628143,-0.04723171452407567
0.42,1.0,0.00102666,6.89449,0.986555,0.111277,0.0133948,0,0,2.83637,0.00244993,0.00148997,6.89449,0.00102666,0.0145917894344748,0.10060294633809218,-0.0011969894344748006,0.010674053661907823
0.44,1.0,0.00102666,6.92496,0.982667,0.131757,0.0134005,0,0,2.97445,0.00265896,0.00153748,6.92496,0.00102666,0.014602228422927816,0.1011198477396382,-0.001201728422927817,0.030637152260361816
0.46,1.0,0.00102666,6.94472,0.976725,0.101936,0.013,0,0,3.11315,0.00287551,0.0015852,6.94472,0.00102666,0.014608997968143297,0.10145540036932411,-0.0016089979681432973,0.00048059963067588474
0.48,1.0,0.00102666,6.96294,0.972459,0.027248,0.0135445,0,0,3.25224,0.00309932,0.00163306,6.96294,0.00102666,0.014615239781135485,0.10176503768165951,-0.0010707397811354855,-0.07451703768165951
0.5,1.0,0.00102666,6.97777,0.973353,-0.0712772,0.0143998,0,0,3.39169,0.0033304,0.00168104,6.97777,0.00102666,0.014620320143106082,0.10201723128496132,-0.0002205201431060809,-0.1732944312849613
0.52,1.0,0.00102666,7.00237,0.979663,-0.165035,0.0147936,0,0,3.53144,0.00356869,0.00172912,7.00237,0.00102666,0.014628747240152819,0.1024359008120289,0.00016485275984718176,-0.2674709008120289
0.54,1.0,0.00102666,7.01932,0.988606,-0.226545,0.0151969,0,0,3.67168,0.00381457,0.00177737,7.01932,0.00102666,0.014634553565573256,0.10272461453389967,0.0005623464344267429,-0.3292696145338997
0.56,1.0,0.00102666,7.03615,0.99613,-0.238682,0.0166031,0,0,3.81227,0.00406784,0.00182574,7.03615,0.00102666,0.014640318662858772,0.10301147815967375,0.0019627813371412266,-0.34169347815967377
0.58,1.0,0.00102666,7.04136,0.998748,-0.201743,0.0168,0,0,3.95319,0.00432854,0.00187423,7.04136,0.00102666,0.014642103317844175,0.10310032061813526,0.0021578966821558243,-0.30484332061813524
0.6,1.0,0.00102666,7.05545,0.995166,-0.13204,0.0164027,0,0,4.09422,0.00459628,0.00192275,7.05545,0.00102666,0.014646929706543054,0.1033406801980292,0.0017557702934569448,-0.23538068019802919
0.62,1.0,0.00102666,7.06925,0.987064,-0.0526158,0.0161944,0,0,4.23553,0.00487141,0.00197137,7.06925,0.00102666,0.014651656676030501,0.10357622395702863,0.0015427433239694997,-0.15619202395702864
0.64,1.0,0.00102666,7.08594,0.978468,0.0158438,0.0160086,0,0,4.37711,0.00515397,0.00202008,7.08594,0.00102666,0.014657373459386985,0.10386126889080861,0.0013512265406130167,-0.08801746889080861
0.66,1.0,0.00102666,7.11111,0.973808,0.0592539,0.0147876,0,0,4.51902,0.00544412,0.0020689,7.11111,0.00102666,0.014665994648425206,0.10429150120436297,0.00012160535157479391,-0.04503760120436297
0.68,1.0,0.00102666,7.11111,0.975196,0.07177,0.0138208,0,0,4.66144,0.00574225,0.0021179,7.11111,0.00102666,0.014665994648425206,0.10429150120436297,-0.0008451946484252064,-0.032521501204362965
0.7,1.0,0.00102666,7.12502,0.98106,0.0568072,0.0142014,0,0,4.80385,0.00604737,0.0021669,7.12502,0.00102666,0.014670758962344233,0.10452945102188191,-0.0004693589623442334,-0.047722251021881906
0.72,1.0,0.00102666,7.14432,0.987911,0.0257278,0.0149975,0,0,4.94655,0.00636008,0.002216,7.14432,0.00102666,0.014677369266142205,0.10485982279548507,0.0003201307338577958,-0.07913202279548508
0.74,0.900313,0.00092432,7.18605,0.993115,-0.00705171,0.015,0,0,5.08963,0.00668062,0.002264,7.18605,0.00092432,0.014445582950522133,0.10380668136159957,0.000554417049477866,-0.11085839136159957
0.76,0.9,0.000923998,7.17245,0.99591,-0.029868,0.015006,0,0,5.23355,0.0070096,0.00230734,7.17245,0.000923998,0.014440616681289003,0.10357460111571132,0.0005653833187109977,-0.13344260111571132
0.78,0.808917,0.000830486,7.1881,0.99696,-0.0367815,0.0155643,0,0,5.3772,0.00734418,0.00235069,7.1881,0.000830486,0.014220525351098634,0.1022185582762321,0.0013437746489013656,-0.1390000582762321
0.8,0.8,0.000821331,7.21425,0.997799,-0.0279025,0.016,0,0,5.52116,0.00768542,0.00238952,7.21425,0.000821331,0.014205670308222553,0.10248325702109455,0.0017943296917774468,-0.13038575702109456
0.82,0.8,0.000821331,7.24434,1.00011,-0.00848603,0.0156027,0,0,5.66565,0.00803353,0.00242918,7.24434,0.000821331,0.014213914069186527,0.10297042624797073,0.0013887859308134732,-0.11145645624797074
0.84,0.8,0.000821331,7.2556,1.00429,0.0138133,0.014799,0,0,5.81073,0.00838887,0.00246911,7.2556,0.000821331,0.014216998890760418,0.1031528571518013,0.0005820011092395813,-0.0893395571518013
0.86,0.8,0.000821331,7.27241,1.00858,0.0319122,0.0143926,0,0,5.95605,0.00875057,0.00250911,7.27241,0.000821331,0.014221604122774921,0.10342533603850956,0.0001709958772250792,-0.07151313603850956
0.88,0.713328,0.000732348,7.28253,1.01087,0.0398006,0.0140267,0,0,6.1017,0.00911889,0.00254811,7.28253,0.000732348,0.014007551656453917,0.10201041516467535,1.914834354608229e-05,-0.06220981516467535
0.9,0.7,0.000718665,7.29157,1.01121,0.0328847,0.0143955,0,0,6.24755,0.00949309,0.00258265,7.29157,0.000718665,0.013976377236934893,0.10190973296951736,0.00041912276306510683,-0.06902503296951736
0.92,0.7,0.000718665,7.29708,1.01174,0.0111807,0.0146,0,0,6.39358,0.0098728,0.00261766,7.29708,0.000718665,0.013977698005223593,0.10199638055995698,0.0006223019947764075,-0.09081568055995698
0.94,0.7,0.000718665,7.30538,1.01461,-0.0181927,0.0140175,0,0,6.53972,0.0102579,0.00265285,7.30538,0.000718665,0.013979687529484084,0.10212692968414244,3.7812470515916075e-05,-0.12031962968414245
0.96,0.7,0.000718665,7.32747,1.02006,-0.0434101,0.0136,0,0,6.68603,0.0106486,0.00268809,7.32747,0.000718665,0.013984982435973129,0.10247453925012003,-0.00038498243597312985,-0.14588463925012002
0.98,0.7,0.000718665,7.33292,1.02628,-0.0537309,0.0145151,0,0,6.83279,0.0110457,0.00272344,7.33292,0.000718665,0.013986288761169686,0.10256033658255641,0.0005288112388303137,-0.1562912365825564
1.0,0.7,0.000718665,7.33878,1.03106,-0.0455624,0.014604,0,0,6.97965,0.0114483,0.00275881,7.33878,0.000718665,0.013987693350026226,0.10265260420330546,0.000616306649973775,-0.14821500420330547
1.02,0.7,0.000718665,7.35748,1.03358,-0.0252402,0.0147828,0,0,7.12663,0.0118564,0.0027942,7.35748,0.000718665,0.013992175498650618,0.10294715138781195,0.0007906245013493823,-0.12818735138781195
1.04,0.7,0.000718665,7.35289,1.03342,-0.00556917,0.0138,0,0,7.27399,0.0122707,0.00282969,7.35289,0.000718665,0.013991075345029741,0.10287483799371575,-0.0001910753450297415,-0.10844400799371574
1.06,0.7,0.000718665,7.36087,1.02918,0.00153165,0.0141785,0,0,7.42125,0.0126901,0.00286516,7.36087,0.000718665,0.013992988026173353,0.10300056577221865,0.0001855119738266471,-0.10146891577221866
1.08,0.7,0.000718665,7.3814,1.02018,-0.00884586,0.0144297,0,0,7.56867,0.0131151,0.00290067,7.3814,0.000718665,0.013997908654197545,0.10332416294009376,0.0004317913458024552,-0.11217002294009376
1.1,0.7,0.000718665,7.40053,1.00885,-0.0322277,0.0138065,0,0,7.7165,0.0135465,0.00293627,7.40053,0.000718665,0.014002493611188056,0.10362587404440554,-0.00019599361118805697,-0.13585357404440554
1.12,0.8,0.000821331,7.43367,0.999787,-0.056418,0.0142,0,0,7.86472,0.0139844,0.00297324,7.43367,0.000821331,0.014265777456856688,0.10604708190771187,-6.57774568566874e-05,-0.16246508190771186
1.14,0.8,0.000821331,7.47515,0.99632,-0.0669742,0.0144078,0,0,8.01359,0.0144302,0.0030155,7.47515,0.000821331,0.014277138401822091,0.10672375112438041,0.00013066159817790891,-0.1736979511243804
1.16,0.8,0.000821331,7.48315,0.997871,-0.054607,0.0146,0,0,8.16329,0.0148847,0.0030567,7.48315,0.000821331,0.014279329447598497,0.10685436415579669,0.00032067055240150334,-0.1614613641557967
1.18,0.71674,0.000735851,7.48586,1.00022,-0.0203414,0.0146,0,0,8.31315,0.0153458,0.00309688,7.48586,0.000735851,0.014065986075231046,0.10529600252112907,0.000534013924768954,-0.12563740252112907
1.2,0.7,0.000718665,7.48887,0.997864,0.0244941,0.0149985,0,0,8.46307,0.0158128,0.00313256,7.48887,0.000718665,0.014023664881656388,0.10502140322229009,0.0009748351183436112,-0.08052730322229008
1.22,0.7,0.000718665,7.49161,0.987963,0.0630709,0.014424,0,0,8.61305,0.0162853,0.00316846,7.49161,0.000718665,0.014024321501315211,0.10506474720246804,0.00039967849868478844,-0.04199384720246804
1.24,0.7,0.000718665,7.50269,0.97442,0.0809636,0.0136,0,0,8.76307,0.0167634,0.0032046,7.50269,0.000718665,0.014026976712593169,0.10524005791180564,-0.0004269767125931693,-0.024276457911805646
1.26,0.7,0.000718665,7.51386,0.965876,0.0731244,0.0135961,0,0,8.91332,0.0172476,0.00324078,7.51386,0.000718665,0.014029653451788629,0.10541685188525651,-0.0004335534517886288,-0.03229245188525651
1.28,0.7,0.000718665,7.50338,0.96729,0.0440738,0.0124609,0,0,9.06379,0.0177379,0.00327702,7.50338,0.000718665,0.014027142062901895,0.10525097721193682,-0.0015662420629018944,-0.06117717721193682
1.3,0.7,0.000718665,7.52776,0.976864,0.00221853,0.0116003,0,0,9.21405,0.0182331,0.00331321,7.52776,0.000718665,0.014032984342775577,0.10563693821617227,-0.002432684342775578,-0.10341840821617228
1.32,0.7,0.000718665,7.54693,0.990709,-0.04331,0.0112,0,0,9.3648,0.0187353,0.00334952,7.54693,0.000718665,0.014037577995167772,0.1059406184990715,-0.002837577995167772,-0.1492506184990715
1.34,0.7,0.000718665,7.58599,1.00589,-0.0811708,0.0113988,0,0,9.51594,0.0192443,0.00338592,7.58599,0.000718665,0.014046937465900999,0.10655992714695031,-0.0026481374659009984,-0.18773072714695033
1.36,0.7,0.000718665,7.60002,1.02009,-0.099032,0.0116078,0,0,9.66786,0.0197614,0.0034225,7.60002,0.000718665,0.014050299183338118,0.10678255479935336,-0.002442499183338118,-0.20581455479935334
1.38,0.7,0.000718665,7.6026,1.03118,-0.0900359,0.0129033,0,0,9.82006,0.0202851,0.00345916,7.6026,0.000718665,0.014050917368213775,0.10682350438358204,-0.0011476173682137755,-0.19685940438358204
1.4,0.7,0.000718665,7.62426,1.03691,-0.0581066,0.0135933,0,0,9.97232,0.0208146,0.00349583,7.62426,0.000718665,0.014056107160884405,0.10716741558244453,-0.0004628071608844056,-0.16527401558244453
1.42,0.6,0.000615999,7.65014,1.03505,-0.017019,0.0144077,0,0,10.125,0.0213511,0.00353129,7.65014,0.000615999,0.013799556359164845,0.10556853808550135,0.000608143640835156,-0.12258753808550135
1.44,0.595454,0.000611331,7.66441,1.02443,0.0163871,0.0150091,0,0,10.2782,0.0218945,0.00356154,7.66441,0.000611331,0.013790517921983976,0.10569618346643321,0.0012185820780160235,-0.08930908346643321
1.46,0.5,0.000513332,7.68587,1.00528,0.0312294,0.0160931,0,0,10.4317,0.0224435,0.00359167,7.68587,0.000513332,0.013542916861245206,0.10408909841633869,0.0025501831387547934,-0.07285969841633869
1.48,0.5,0.000513332,7.69902,0.978839,0.0281684,0.0169202,0,0,10.5856,0.0229983,0.00361688,7.69902,0.000513332,0.01354516717188338,0.10428451295967357,0.0033750328281166204,-0.07611611295967358
1.5,0.5,0.000513332,7.70815,0.947999,0.0180052,0.0166088,0,0,10.7398,0.023558,0.0036434,7.70815,0.000513332,0.013546729531063286,0.10442022323486547,0.003062070468936714,-0.08641502323486547
1.52,0.4,0.000410666,7.70302,0.919363,0.0152095,0.0149887,0,0,10.8942,0.0241224,0.00366863,7.70302,0.000410666,0.013281290348210953,0.10230604517807594,0.001707409651789048,-0.08709654517807594
1.54,0.4,0.000410666,7.72046,0.903839,0.0303252,0.0139835,0,0,11.0484,0.0246898,0.00368853,7.72046,0.000410666,0.01328367784135861,0.1025561034270955,0.0006998221586413892,-0.0722309034270955
1.56,0.303787,0.000311887,7.77116,0.912579,0.0644274,0.0130227,0,0,11.203,0.0252616,0.00370852,7.77116,0.000311887,0.013033829714234911,0.10128797612207377,-1.1129714234911145e-05,-0.036860576122073774
1.58,0.21495,0.000220681,7.74409,0.949506,0.107748,0.0127701,0,0,11.3586,0.0258398,0.00372231,7.74409,0.000220681,0.012794736910446863,0.09908359416082245,-2.463691044686349e-05,0.008664405839177547
1.6,0.2,0.000205333,7.83152,1.00483,0.143106,0.012996,0,0,11.5137,0.0264178,0.00373239,7.83152,0.000205333,0.012760960185430254,0.09993771491140074,0.0002350398145697461,0.04316828508859927
1.62,0.10668,0.000109525,7.86823,1.05691,0.153811,0.0116401,0,0,11.6705,0.0270039,0.00374172,7.86823,0.000109525,0.012511307702326701,0.09844184660267802,-0.0008712077023267008,0.055369153397321985
1.64,0.1,0.000102666,7.85848,1.08673,0.132479,0.0117973,0,0,11.8281,0.0275939,0.00374615,7.85848,0.000102666,0.01249292133433055,0.09817537244740994,-0.0006956213343305498,0.034303627552590074
1.66,0.1,0.000102666,7.86387,1.09184,0.0835459,0.0141952,0,0,11.9855,0.0281839,0.00375148,7.86387,0.000102666,0.012493105764743911,0.09824415963019671,0.0017020942352560884,-0.014698259630196706
1.68,0.1,0.000102666,7.8847,1.08292,0.018021,0.0146,0,0,12.1429,0.0287752,0.00375689,7.8847,0.000102666,0.012493818494822402,0.09851001068612619,0.002106181505177598,-0.0804890106861262
1.7,0.1,0.000102666,7.91381,1.07006,-0.0518533,0.014598,0,0,12.3009,0.0293689,0.00376233,7.91381,0.000102666,0.012494814502833306,0.09888158796066725,0.0021031854971666937,-0.15073488796066725
1.72,0.1,0.000102666,7.90574,1.05582,-0.112891,0.0157742,0,0,12.4593,0.0299656,0.00376778,7.90574,0.000102666,0.012494538389264528,0.09877857192554415,0.0032796616107354706,-0.21166957192554414
1.74,0.1,0.000102666,7.92769,1.03685,-0.150986,0.0156039,0,0,12.6177,0.0305626,0.00377323,7.92769,0.000102666,0.012495289397158322,0.09905878080095805,0.003108610602841679,-0.25004478080095804
1.76,0.1,0.000102666,7.92781,1.00897,-0.156253,0.0150086,0,0,12.7764,0.0311621,0.00377869,7.92781,0.000102666,0.012495293502832504,0.09906031278469056,0.0025133064971674963,-0.25531331278469055
1.78,0.1,0.000102666,7.93041,0.973105,-0.129224,0.0152197,0,0,12.9352,0.0317624,0.00378415,7.93041,0.000102666,0.012495382458936125,0.09909350600617163,0.0027243175410638747,-0.22831750600617162
1.8,0.1,0.000102666,7.93884,0.937164,-0.0808419,0.0142065,0,0,13.094,0.0323638,0.00378962,7.93884,0.000102666,0.012495670879754256,0.09920113180702828,0.0017108291202457444,-0.18004303180702827
1.82,0.1,0.000102666,7.96355,0.910939,-0.0260242,0.0134054,0,0,13.253,0.0329666,0.00379508,7.96355,0.000102666,0.012496516278544204,0.09951663221000069,0.0009088837214557954,-0.1255408322100007
1.84,0.1,0.000102666,7.98331,0.900365,0.0241579,0.0132,0,0,13.4124,0.0335722,0.00380057,7.98331,0.000102666,0.012497192302618122,0.09976896028141428,0.0007028076973818777,-0.07561106028141429
1.86,0.1,0.000102666,8.00011,0.906083,0.0658475,0.0132,0,0,13.5723,0.0341801,0.00380607,8.00011,0.000102666,0.012497767045033262,0.09998351111464104,0.0007022329549667382,-0.03413601111464104
1.88,0.1,0.000102666,8.01295,0.923963,0.0989653,0.0130254,0,0,13.7324,0.0347902,0.00381158,8.01295,0.000102666,0.012498206303202664,0.10014750219724779,0.0005271936967973356,-0.0011822021972477809
1.9,0.1,0.000102666,8.04373,0.947191,0.122079,0.0131911,0,0,13.8929,0.0354022,0.0038171,8.04373,0.000102666,0.012499259258537941,0.1005406666756794,0.0006918407414620593,0.02153833332432059
1.92,0.1,0.000102666,8.07642,0.970038,0.13156,0.0126324,0,0,14.0539,0.0360175,0.00382264,8.07642,0.000102666,0.012500377502505622,0.10095829886878646,0.00013202249749437803,0.03060170113121355
1.94,0.1,0.000102666,8.09491,0.98841,0.124387,0.0124987,0,0,14.2157,0.0366361,0.00382821,8.09491,0.000102666,0.012501009976426936,0.10119455066827818,-2.309976426936519e-06,0.02319244933172182
1.96,0.1,0.000102666,8.11358,0.998137,0.100691,0.0126065,0,0,14.3778,0.0372571,0.00383378,8.11358,0.000102666,0.012501648590418123,0.10143312597024469,0.00010485140958187665,-0.0007421259702446864
1.98,0.1,0.000102666,8.12402,0.996062,0.0639621,0.0118666,0,0,14.5402,0.0378804,0.00383937,8.12402,0.000102666,0.012502005686844814,0.101566544240041,-0.000635405686844814,-0.037604444240041
2.0,0.104108,0.000106884,8.12216,0.982097,0.0203819,0.0122,0,0,14.7029,0.0385055,0.00384503,8.12216,0.000106884,0.01251340066628729,0.10163584235569197,-0.00031340066628728937,-0.08125394235569197
2.02,0.2,0.000205333,8.11949,0.959626,-0.0210383,0.0122,0,0,14.8655,0.0391314,0.00385225,8.11949,0.000205333,0.012780664124012922,0.10377247454828169,-0.0005806641240129213,-0.12481077454828168
2.04,0.2,0.000205333,8.14155,0.935307,-0.0500585,0.0135871,0,0,15.0281,0.0397587,0.00386478,8.14155,0.000205333,0.012782173214507607,0.10406670233457442,0.0008049267854923926,-0.1541252023345744
2.06,0.3,0.000307999,8.16943,0.916968,-0.0602809,0.0144049,0,0,15.1911,0.0403897,0.0038774,8.16943,0.000307999,0.013064599169329321,0.10673032839189404,0.001340300830670679,-0.16701122839189403
2.08,0.3,0.000307999,8.16681,0.909074,-0.0530769,0.0149811,0,0,15.3547,0.0410254,0.00389569,8.16681,0.000307999,0.013064330339165623,0.1066939036572012,0.0019167696608343773,-0.1597708036572012
2.1,0.3,0.000307999,8.19438,0.910479,-0.0354825,0.0157982,0,0,15.5182,0.0416638,0.00391257,8.19438,0.000307999,0.013067159161053362,0.10707726768615246,0.0027310408389466367,-0.14255976768615247
2.12,0.3,0.000307999,8.19444,0.916638,-0.0148382,0.0163947,0,0,15.6823,0.0423071,0.00392951,8.19444,0.000307999,0.013067165317234165,0.10707810216215632,0.003327534682765837,-0.12191630216215632
2.14,0.3,0.000307999,8.20275,0.922109,0.00386167,0.0156062,0,0,15.8464,0.0429532,0.00394644,8.20275,0.000307999,0.013068017943080766,0.10719368418260575,0.002538182056919235,-0.10333201418260575
2.16,0.3,0.000307999,8.22484,0.921556,0.0176352,0.0145901,0,0,16.0106,0.0436028,0.00396339,8.22484,0.000307999,0.013070284379623865,0.10750099777690555,0.001519815620376135,-0.08986579777690555
2.18,0.3,0.000307999,8.21176,0.911961,0.0252292,0.0142,0,0,16.1753,0.0442569,0.00398039,8.21176,0.000307999,0.013068942378936427,0.107319018269655,0.0011310576210635734,-0.082089818269655
2.2,0.3,0.000307999,8.2166,0.89569,0.0274635,0.0136141,0,0,16.3397,0.0449127,0.00399736,8.2166,0.000307999,0.01306943896321642,0.10738635218516404,0.0005446610367835798,-0.07992285218516404
2.22,0.3,0.000307999,8.26772,0.880095,0.0269503,0.0116517,0,0,16.5042,0.0455717,0.00401434,8.26772,0.000307999,0.01307468366363246,0.10809782361948737,-0.0014229836636324607,-0.08114752361948738
2.24,0.3,0.000307999,8.30208,0.872504,0.0267313,0.0106078,0,0,16.6697,0.0462376,0.00403143,8.30208,0.000307999,0.013078208636350501,0.10857633435567277,-0.0024704086363505004,-0.08184503435567277
2.26,0.3,0.000307999,8.311,0.875023,0.0286024,0.010995,0,0,16.836,0.0469091,0.00404859,8.311,0.000307999,0.013079123704874294,0.10870059711121026,-0.0020841237048742946,-0.08009819711121026
2.28,0.3,0.000307999,8.33418,0.883636,0.0314395,0.0119134,0,0,17.0023,0.0475842,0.00406576,8.33418,0.000307999,0.013081501595638988,0.10902358896834255,-0.001168101595638989,-0.07758408896834254
2.3,0.3,0.000307999,8.33069,0.89139,0.0308645,0.0131664,0,0,17.1692,0.0482641,0.00408298,8.33069,0.000307999,0.013081143583647075,0.10897495204085286,8.525641635292493e-05,-0.07811045204085286
2.32,0.3,0.000307999,8.32516,0.89279,0.0224684,0.014209,0,0,17.336,0.0489465,0.0041002,8.32516,0.000307999,0.013080576300115773,0.10889789059067183,0.0011284236998842269,-0.08642949059067183
2.34,0.3,0.000307999,8.33909,0.886797,0.00576231,0.015,0,0,17.5027,0.0496314,0.0041174,8.33909,0.000307999,0.01308200527127005,0.10909201933759537,0.001917994728729949,-0.10332970933759536
2.36,0.3,0.000307999,8.34713,0.876764,-0.0157135,0.015,0,0,17.6696,0.0503202,0.00413464,8.34713,0.000307999,0.013082830019383557,0.10920408293969708,0.001917169980616442,-0.12491758293969707
2.38,0.3,0.000307999,8.36011,0.867421,-0.0362201,0.0157184,0,0,17.8368,0.0510126,0.00415189,8.36011,0.000307999,0.013084161494967743,0.10938502935569479,0.002634238505032258,-0.14560512935569478
2.4,0.3,0.000307999,8.36111,0.861347,-0.0493616,0.0169908,0,0,18.0041,0.051709,0.00416916,8.36111,0.000307999,0.013084264072916348,0.10939897118270162,0.003906535927083652,-0.15876057118270162
2.42,0.396161,0.000406725,8.38018,0.858137,-0.0514779,0.016423,0,0,18.1715,0.0524084,0.00418782,8.38018,0.000406725,0.01336290399135507,0.11198354077027392,0.0030600960086449303,-0.1634614407702739
2.44,0.4,0.000410666,8.3778,0.856583,-0.0451703,0.0156,0,0,18.3393,0.053113,0.00421214,8.3778,0.000410666,0.013373623305118768,0.11204154132562402,0.002226376694881231,-0.15721184132562402
2.46,0.5,0.000513332,8.38057,0.856041,-0.0381279,0.0141989,0,0,18.507,0.0538215,0.00423672,8.38057,0.000513332,0.013661741311818316,0.11449317938558523,0.0005371586881816846,-0.15262107938558522
2.48,0.5,0.000513332,8.39893,0.855984,-0.0374565,0.0126833,0,0,18.6748,0.0545349,0.00426702,8.39893,0.000513332,0.013664880063211881,0.11477037110931217,-0.0009815800632118812,-0.15222687110931216
2.5,0.6,0.000615999,8.43556,0.856486,-0.0440925,0.0116117,0,0,18.8429,0.0552549,0.0042974,8.43556,0.000615999,0.013960764051604213,0.11776686280315043,-0.002349064051604212,-0.16185936280315044
2.52,0.6,0.000615999,8.44953,0.857837,-0.0512478,0.0115865,0,0,19.0118,0.0559837,0.00433371,8.44953,0.000615999,0.013963629734058737,0.11798610834682131,-0.002377129734058738,-0.1692339083468213
2.54,0.6,0.000615999,8.46089,0.857413,-0.0476262,0.0122,0,0,19.181,0.0567197,0.00436863,8.46089,0.000615999,0.013965959979877221,0.11816445113414337,-0.0017659599798772203,-0.16579065113414337
2.56,0.6,0.000615999,8.46932,0.849666,-0.0236621,0.0127887,0,0,19.3504,0.0574627,0.0044036,8.46932,0.000615999,0.013967689177080052,0.11829682930122762,-0.001178989177080052,-0.1419589293012276
2.58,0.6,0.000615999,8.449,0.831336,0.0226609,0.0132,0,0,19.5199,0.0582123,0.0044386,8.449,0.000615999,0.013963521015633926,0.11797778906109103,-0.0007635210156339261,-0.09531688906109104
2.6,0.6,0.000615999,8.47161,0.804225,0.0838163,0.0132,0,0,19.6891,0.058966,0.00447352,8.47161,0.000615999,0.013968158907765597,0.1183327946846161,-0.0007681589077655968,-0.03451649468461611
2.62,0.6,0.000615999,8.46967,0.77352,0.144657,0.0137957,0,0,19.8587,0.0597277,0.00450853,8.46967,0.000615999,0.01396776097008434,0.11830232605549425,-0.0001720609700843409,0.02635467394450576
2.64,0.6,0.000615999,8.4912,0.746861,0.186955,0.0136,0,0,20.0282,0.0604951,0.00454353,8.4912,0.000615999,0.013972177192732884,0.11864055097893346,-0.0003721771927328848,0.06831444902106655
2.66,0.6,0.000615999,8.50539,0.73263,0.196649,0.0136,0,0,20.1982,0.0612703,0.00457862,8.50539,0.000615999,0.013975087759950334,0.11886357168260397,-0.00037508775995033494,0.07778542831739602
2.68,0.6,0.000615999,8.52869,0.735397,0.171649,0.0141151,0,0,20.3684,0.0620528,0.00461377,8.52869,0.000615999,0.013979866780064147,0.11922995000846529,0.00013523321993585274,0.05241904999153471
2.7,0.6,0.000615999,8.59628,0.753684,0.123394,0.0149947,0,0,20.5392,0.0628435,0.00464901,8.59628,0.000615999,0.013993729084740758,0.12029401345657528,0.001000970915259242,0.003099986543424721
2.72,0.6,0.000615999,8.61606,0.78214,0.0690568,0.0144125,0,0,20.7112,0.0636466,0.00468453,8.61606,0.000615999,0.013997785574388771,0.1206057603760681,0.0004147144256112286,-0.0515489603760681
2.74,0.6,0.000615999,8.61667,0.81379,0.0218686,0.0144,0,0,20.8837,0.0644576,0.00472014,8.61667,0.000615999,0.013997910671462326,0.12061537694546927,0.00040208932853767407,-0.09874677694546927
2.76,0.6,0.000615999,8.66047,0.840323,-0.0127598,0.0146,0,0,21.0562,0.0652749,0.00475575,8.66047,0.000615999,0.014006892745796388,0.12130627441818724,0.000593107254203612,-0.13406607441818724
2.78,0.6,0.000615999,8.6508,0.854215,-0.0361524,0.0147454,0,0,21.2296,0.0661025,0.00479154,8.6508,0.000615999,0.014004909768993703,0.12115367342961073,0.0007404902310062973,-0.15730607342961073
2.8,0.7,0.000718665,8.63343,0.852873,-0.0533714,0.0161935,0,0,21.4028,0.0669355,0.00482878,8.63343,0.000718665,0.014297730977210448,0.123438459550578,0.0018957690227895518,-0.17680985955057799
2.82,0.7,0.000718665,8.63605,0.838841,-0.0695178,0.0164,0,0,21.5756,0.0677738,0.00487189,8.63605,0.000718665,0.014298357811708753,0.12348133297980737,0.002101642188291248,-0.19299913297980736
2.84,0.7,0.000718665,8.6527,0.816727,-0.085849,0.0169981,0,0,21.7485,0.0686197,0.00491353,8.6527,0.000718665,0.014302341262127486,0.12375386823881049,0.0026957587378725126,-0.20960286823881047
2.86,0.7,0.000718665,8.67771,0.792112,-0.0967612,0.0170011,0,0,21.9217,0.0694744,0.00495525,8.67771,0.000718665,0.014308324619803492,0.12416349163651495,0.0026927753801965094,-0.22092469163651496
2.88,0.7,0.000718665,8.70324,0.770794,-0.0915337,0.0164307,0,0,22.0954,0.0703388,0.00499709,8.70324,0.000718665,0.014314432143714782,0.12458193841046422,0.002116267856285218,-0.21611563841046422
2.9,0.7,0.000718665,8.70835,0.755978,-0.0619935,0.0161942,0,0,22.2696,0.0712131,0.00503904,8.70835,0.000718665,0.014315654576492302,0.12466573053119673,0.0018785454235076965,-0.18665923053119673
2.92,0.7,0.000718665,8.71108,0.747319,-0.00941954,0.0152131,0,0,22.4439,0.0720951,0.00508103,8.71108,0.000718665,0.014316307653058667,0.1247105012704063,0.0008967923469413337,-0.13413004127040629
2.94,0.7,0.000718665,8.71391,0.74337,0.0548412,0.0135987,0,0,22.6183,0.0729848,0.00512302,8.71391,0.000718665,0.01431698464893219,0.12475691570217672,-0.0007182846489321906,-0.06991571570217672
2.96,0.7,0.000718665,8.71951,0.742968,0.113629,0.0134,0,0,22.7927,0.073882,0.00516503,8.71951,0.000718665,0.014318324278671328,0.12484877173111743,-0.0009183242786713272,-0.011219771731117434
2.98,0.7,0.000718665,8.72472,0.74478,0.150287,0.0132193,0,0,22.9673,0.0747872,0.00520707,8.72472,0.000718665,0.014319570602337343,0.12493424402562466,-0.0011002706023373436,0.02535275597437535
3.0,0.7,0.000718665,8.75557,0.747867,0.155104,0.0122006,0,0,23.1419,0.0757002,0.00524913,8.75557,0.000718665,0.014326950258768886,0.1254406158771691,-0.0021263502587688856,0.0296633841228309
3.02,0.7,0.000718665,8.76374,0.752211,0.129265,0.0127856,0,0,23.3172,0.0766239,0.00529134,8.76374,0.000718665,0.014328904552633998,0.12557479398410068,-0.0015433045526339981,0.003690206015899311
3.04,0.7,0.000718665,8.76943,0.757425,0.0839824,0.0133979,0,0,23.4926,0.0775558,0.00533359,8.76943,0.000718665,0.014330265606756118,0.1256682611198553,-0.0009323656067561168,-0.0416858611198553
3.06,0.7,0.000718665,8.79174,0.76164,0.0349561,0.0146047,0,0,23.6681,0.0784958,0.00537586,8.79174,0.000718665,0.014335602066342249,0.12603488611074382,0.0002690979336577512,-0.09107878611074383
3.08,0.7,0.000718665,8.80483,0.762679,-0.00449851,0.015,0,0,23.8441,0.0794456,0.00541825,8.80483,0.000718665,0.014338733053628592,0.12625010695258065,0.0006612669463714072,-0.13074861695258067
3.1,0.7,0.000718665,8.82212,0.75948,-0.0275398,0.015,0,0,24.0204,0.0804043,0.0054607,8.82212,0.000718665,0.01434286853753104,0.12653450738232333,0.000657131462468959,-0.15407430738232333
3.12,0.7,0.000718665,8.81121,0.752049,-0.0339823,0.015,0,0,24.197,0.0813724,0.00550323,8.81121,0.000718665,0.014340259057823764,0.12635503401288734,0.0006597409421762353,-0.16033733401288733
3.14,0.7,0.000718665,8.81662,0.741607,-0.0282149,0.0150022,0,0,24.3733,0.0823467,0.00554571,8.81662,0.000718665,0.014341553040041756,0.12644402336389296,0.000660646959958244,-0.15465892336389298
3.16,0.7,0.000718665,8.80851,0.730559,-0.016574,0.0152056,0,0,24.5498,0.0833292,0.00558821,8.80851,0.000718665,0.014339613258533956,0.12631062678392893,0.000865986741466044,-0.14288462678392894
3.18,0.7,0.000718665,8.82148,0.721014,-0.00512721,0.0154,0,0,24.7261,0.0843182,0.00563067,8.82148,0.000718665,0.014342715462042162,0.12652397759409567,0.0010572845379578383,-0.13165118759409566
3.2,0.7,0.000718665,8.85489,0.713855,0.00184324,0.0154,0,0,24.9027,0.0853162,0.0056732,8.85489,0.000718665,0.014350706275557368,0.12707392549237018,0.0010492937244426324,-0.12523068549237018
3.22,0.7,0.000718665,8.90293,0.709195,0.00284331,0.015,0,0,25.0799,0.0863255,0.00571589,8.90293,0.000718665,0.014362195472992157,0.12786562094236606,0.0006378045270078424,-0.12502231094236607
3.24,0.7,0.000718665,8.91369,0.70648,-0.000755772,0.015,0,0,25.2581,0.0873479,0.0057588,8.91369,0.000718665,0.014364768704185935,0.12804309515081513,0.0006352312958140642,-0.12879886715081512
3.26,0.7,0.000718665,8.89185,0.704582,-0.0061053,0.0146032,0,0,25.4365,0.0883792,0.00580177,8.89185,0.000718665,0.014359545668731913,0.12768292615451385,0.000243654331268087,-0.13378822615451386
3.28,0.7,0.000718665,8.90198,0.702762,-0.0107655,0.0142544,0,0,25.6145,0.0894156,0.00584464,8.90198,0.000718665,0.014361968280401982,0.12784995439277283,-0.00010756828040198174,-0.13861545439277284
3.3,0.7,0.000718665,8.87566,0.700769,-0.0135183,0.0145836,0,0,25.7927,0.0904608,0.00588755,8.87566,0.000718665,0.014355673714362001,0.12741607895961424,0.0002279262856379992,-0.14093437895961425
3.32,0.7,0.000718665,8.90017,0.69771,-0.0140538,0.014996,0,0,25.9703,0.0915105,0.00593034,8.90017,0.000718665,0.014361535417785936,0.12782010667931584,0.0006344645822140647,-0.14187390667931585
3.34,0.7,0.000718665,8.91741,0.692412,-0.0125191,0.0146,0,0,26.1485,0.0925708,0.00597324,8.91741,0.000718665,0.014365658324109031,0.1281044651959931,0.00023434167589096895,-0.14062356519599312
3.36,0.795188,0.000816391,8.94651,0.685099,-0.00941036,0.0149808,0,0,26.327,0.0936409,0.00601769,8.94651,0.000816391,0.014664922677483384,0.13119987738333186,0.0003158773225166167,-0.14061023738333187
3.38,0.8,0.000821331,8.9447,0.677109,-0.00544963,0.0151659,0,0,26.506,0.0947229,0.00606822,8.9447,0.000821331,0.014679203904734582,0.1313010751666794,0.0004866960952654171,-0.13675070516667942
3.4,0.8,0.000821331,8.94167,0.66933,-0.00101638,0.0146,0,0,26.6851,0.0958137,0.00611757,8.94167,0.000821331,0.014678375815951163,0.13124919268221605,-7.837581595116286e-05,-0.13226557268221606
3.42,0.8,0.000821331,8.95257,0.662327,0.00388892,0.0147851,0,0,26.864,0.0969129,0.00616683,8.95257,0.000821331,0.014681354730576513,0.13143585592031737,0.00010374526942348757,-0.12754693592031738
3.44,0.8,0.000821331,8.94449,0.656959,0.00854506,0.0155957,0,0,27.0432,0.0980223,0.00621615,8.94449,0.000821331,0.01467914651257118,0.1312974791902278,0.00091655348742882,-0.12275241919022781
3.46,0.8,0.000821331,8.98045,0.653699,0.0111932,0.0156011,0,0,27.2222,0.0991396,0.00626542,8.98045,0.000821331,0.014688973957925731,0.13191359618045412,0.0009121260420742686,-0.12072039618045412
3.48,0.8,0.000821331,8.99095,0.652025,0.0103307,0.0154,0,0,27.402,0.10027,0.0063149,8.99095,0.000821331,0.014691843378319183,0.13209362922229886,0.0007081566216808177,-0.12176292922229887
3.5,0.8,0.000821331,8.98345,0.650627,0.00592382,0.0150108,0,0,27.5819,0.101411,0.00636443,8.98345,0.000821331,0.014689793797228961,0.1319650280877165,0.0003210062027710382,-0.12604120808771652
3.52,0.8,0.000821331,9.01289,0.648189,-0.000418502,0.015,0,0,27.7617,0.10256,0.00641392,9.01289,0.000821331,0.01469783894522297,0.13247000565101066,0.00030216105477702884,-0.13288850765101065
3.54,0.7,0.000718665,9.03104,0.644859,-0.00631242,0.015,0,0,27.9421,0.103721,0.00646201,9.03104,0.000718665,0.014392829851442655,0.1299822221015727,0.0006071701485573441,-0.13629464210157272
3.56,0.7,0.000718665,9.06544,0.642632,-0.00998031,0.015,0,0,28.1228,0.104893,0.00650399,9.06544,0.000718665,0.014401054703386361,0.13055189735026687,0.0005989452966136382,-0.14053220735026686
3.58,0.7,0.000718665,9.06404,0.642723,-0.0109366,0.0153615,0,0,28.3043,0.106077,0.00654769,9.06404,0.000718665,0.014400719979918812,0.1305287019267833,0.0009607800200811881,-0.1414653019267833
3.6,0.7,0.000718665,9.03889,0.643517,-0.00980524,0.0149956,0,0,28.4857,0.107269,0.00659138,9.03889,0.000718665,0.014394706783547092,0.13011217119873597,0.0006008932164529076,-0.13991741119873596
3.62,0.7,0.000718665,9.03889,0.642926,-0.00772427,0.0144076,0,0,28.6666,0.108465,0.00663495,9.03889,0.000718665,0.014394706783547092,0.13011217119873597,1.2893216452907613e-05,-0.13783644119873598
3.64,0.7,0.000718665,9.08314,0.641162,-0.00530367,0.0142,0,0,28.8475,0.109669,0.00667852,9.08314,0.000718665,0.014405286499274009,0.13084523401301573,-0.00020528649927400826,-0.13614890401301574
3.66,0.7,0.000718665,9.08611,0.639792,-0.00218105,0.0145995,0,0,29.0293,0.110887,0.0067223,9.08611,0.000718665,0.014405996568448907,0.13089446948054928,0.00019350343155109286,-0.13307551948054927
3.68,0.7,0.000718665,9.0835,0.639647,0.00175973,0.0149774,0,0,29.2111,0.112114,0.0067661,9.0835,0.000718665,0.014405372568446087,0.13085120172548004,0.0005720274315539134,-0.12909147172548005
3.7,0.7,0.000718665,9.09166,0.64027,0.00507317,0.0152,0,0,29.3929,0.113348,0.00680988,9.09166,0.000718665,0.014407323456271142,0.13098648637444207,0.0007926765437288579,-0.12591331637444209
3.72,0.7,0.000718665,9.08894,0.640397,0.00572411,0.0153927,0,0,29.5748,0.114591,0.0068537,9.08894,0.000718665,0.014406673163183864,0.13094138797978833,0.0009860268368161364,-0.12521727797978832
3.74,0.7,0.000718665,9.10814,0.639074,0.00375442,0.0152079,0,0,29.7568,0.115842,0.00689752,9.10814,0.000718665,0.014411263406236201,0.1312598046808762,0.0007966365937637984,-0.1275053846808762
3.76,0.7,0.000718665,9.13056,0.636804,0.00194359,0.0154003,0,0,29.939,0.117103,0.00694142,9.13056,0.000718665,0.014416623290882252,0.13163184395479785,0.0009836767091177482,-0.12968825395479786
3.78,0.7,0.000718665,9.14861,0.635383,0.00323855,0.0158,0,0,30.1218,0.118375,0.00698543,9.14861,0.000718665,0.014420938310708016,0.13193154043872646,0.0013790616892919855,-0.12869299043872645
3.8,0.7,0.000718665,9.16901,0.635976,0.00811865,0.0144257,0,0,30.3049,0.119659,0.00702953,9.16901,0.000718665,0.014425814967501296,0.13227044169516905,-1.1496750129680322e-07,-0.12415179169516904
3.82,0.7,0.000718665,9.16389,0.637392,0.0139234,0.014,0,0,30.4884,0.120953,0.00707372,9.16389,0.000718665,0.014424591037477083,0.13218536556242586,-0.0004245910374770824,-0.11826196556242585
3.84,0.7,0.000718665,9.16624,0.636713,0.0161421,0.0142,0,0,30.6718,0.122254,0.00711789,9.16624,0.000718665,0.014425152803500665,0.13222441263355994,-0.0002251528035006646,-0.11608231263355995
3.86,0.7,0.000718665,9.13202,0.631868,0.0112612,0.0140151,0,0,30.8552,0.123564,0.00716208,9.13202,0.000718665,0.014416972322113909,0.13165607958499068,-0.00040187232211390776,-0.12039487958499068
3.88,0.7,0.000718665,9.14835,0.623936,-0.000963518,0.0136302,0,0,31.038,0.124877,0.00720609,9.14835,0.000718665,0.014420876156195318,0.13192722238352944,-0.0007906761561953177,-0.13289074038352944
3.9,0.7,0.000718665,9.1583,0.616518,-0.0173533,0.0139967,0,0,31.2211,0.1262,0.00725019,9.1583,0.000718665,0.01442325474285768,0.1320924939115135,-0.000426554742857679,-0.1494457939115135
3.92,0.7,0.000718665,9.17718,0.612614,-0.0325169,0.014,0,0,31.4044,0.127533,0.00729433,9.17718,0.000718665,0.01442776797533414,0.13240622370787694,-0.0004277679753341389,-0.16492312370787693
3.94,0.7,0.000718665,9.18871,0.612826,-0.0410621,0.0143821,0,0,31.588,0.128877,0.00733857,9.18871,0.000718665,0.014430524134309654,0.13259790141817246,-4.842413430965371e-05,-0.17366000141817245
3.96,0.7,0.000718665,9.2109,0.61586,-0.0403931,0.0151927,0,0,31.7719,0.13023,0.00738286,9.2109,0.000718665,0.014435828339394725,0.1329669712513309,0.0007568716606052746,-0.1733600712513309
3.98,0.7,0.000718665,9.20854,0.618923,-0.0318024,0.0159443,0,0,31.9562,0.131596,0.00742725,9.20854,0.000718665,0.014435264223973931,0.13292770801703288,0.0015090357760260704,-0.1647301080170329
4.0,0.7,0.000718665,9.23547,0.618463,-0.0186889,0.0158,0,0,32.1405,0.132968,0.00747164,9.23547,0.000718665,0.014441701225161814,0.13337589841394518,0.0013582987748381875,-0.15206479841394518
4.02,0.7,0.000718665,9.21947,0.612537,-0.0043808,0.0154016,0,0,32.3254,0.134354,0.00751615,9.21947,0.000718665,0.014437876824960559,0.13310957225141912,0.0009637231750394409,-0.1374903722514191
4.04,0.7,0.000718665,9.23899,0.602316,0.00822597,0.0147946,0,0,32.5099,0.135744,0.00756059,9.23899,0.000718665,0.014442542579745882,0.13343450646884641,0.00035205742025411733,-0.12520853646884642
4.06,0.7,0.000718665,9.24693,0.59127,0.0168046,0.0147867,0,0,32.6948,0.137146,0.00760512,9.24693,0.000718665,0.014444440390141231,0.13356672917680867,0.00034225960985876866,-0.11676212917680867
4.08,0.7,0.000718665,9.25511,0.583298,0.0210694,0.0138763,0,0,32.8798,0.138558,0.00764969,9.25511,0.000718665,0.01444639553920796,0.133702979818879,-0.0005700955392079609,-0.11263357981887899
4.1,0.7,0.000718665,9.2394,0.580575,0.0232481,0.0132,0,0,33.065,0.139979,0.0076943,9.2394,0.000718665,0.014442640578117357,0.1334413333574575,-0.0012426405781173575,-0.11019323335745751
4.12,0.7,0.000718665,9.26937,0.582474,0.0256634,0.013399,0,0,33.2499,0.141406,0.00773883,9.26937,0.000718665,0.01444980384134835,0.13394057823287916,-0.0010508038413483498,-0.10827717823287916
4.14,0.7,0.000718665,9.29702,0.58642,0.0282186,0.0136079,0,0,33.4354,0.142845,0.00778351,9.29702,0.000718665,0.01445641227770047,0.13440155407402682,-0.0008485122777004712,-0.10618295407402682
4.16,0.7,0.000718665,9.28644,0.589261,0.0283039,0.013989,0,0,33.6215,0.144298,0.00782832,9.28644,0.000718665,0.01445388366023748,0.13422512337777576,-0.0004648836602374803,-0.10592122337777576
4.18,0.790145,0.000811213,9.28611,0.588732,0.0224231,0.0147606,0,0,33.8073,0.145757,0.00787452,9.28611,0.000811213,0.014741077577185291,0.1368872679002761,1.9522422814709575e-05,-0.11446416790027611
4.2,0.8,0.000821331,9.29987,0.585056,0.00906352,0.015393,0,0,33.9931,0.147225,0.00792664,9.29987,0.000821331,0.01477624269903628,0.13741713618948653,0.00061675730096372,-0.12835361618948654
4.22,0.8,0.000821331,9.33232,0.580652,-0.00902779,0.0154,0,0,34.1793,0.148705,0.00797802,9.33232,0.000821331,0.014785105814878602,0.13797933869830786,0.0006148941851213986,-0.14700712869830787
4.24,0.8,0.000821331,9.33882,0.577549,-0.0260625,0.0165807,0,0,34.366,0.1502,0.00802943,9.33882,0.000821331,0.01478688111212265,0.13809202106751325,0.0017938188878773506,-0.16415452106751324
4.26,0.8,0.000821331,9.33889,0.575681,-0.0365514,0.0168049,0,0,34.5529,0.151705,0.00808087,9.33889,0.000821331,0.014786900230604236,0.1380932346945876,0.0020179997693957653,-0.17464463469458757
4.28,0.8,0.000821331,9.35693,0.573782,-0.037405,0.0160548,0,0,34.7398,0.15322,0.00813231,9.35693,0.000821331,0.01479182726240214,0.13840609226638848,0.0012629727375978606,-0.17581109226638847
4.3,0.8,0.000821331,9.36104,0.570957,-0.0283379,0.016,0,0,34.927,0.154748,0.00818385,9.36104,0.000821331,0.01479294975288278,0.1384773943547258,0.0012070502471172202,-0.1668152943547258
4.32,0.7,0.000718665,9.35555,0.567483,-0.0117699,0.0153998,0,0,35.1144,0.156286,0.0082338,9.35555,0.000718665,0.014470400134364516,0.13537855197705392,0.0009293998656354843,-0.14714845197705392
4.34,0.7,0.000718665,9.34758,0.564903,0.00771873,0.0141861,0,0,35.3016,0.157831,0.00827728,9.34758,0.000718665,0.014468495494913568,0.13524541911834417,-0.000282395494913568,-0.12752668911834417
4.36,0.7,0.000718665,9.36875,0.564961,0.0251194,0.0136116,0,0,35.4886,0.159384,0.00832234,9.36875,0.000718665,0.014473554563298399,0.13559911431490188,-0.0008619545632983991,-0.11047971431490188
4.38,0.7,0.000718665,9.37196,0.567932,0.0370285,0.0132327,0,0,35.6761,0.160949,0.00836749,9.37196,0.000718665,0.014474321652595398,0.13565276355525796,-0.001241621652595398,-0.09862426355525797
4.4,0.7,0.000718665,9.39442,0.572485,0.0420381,0.0128004,0,0,35.8637,0.162522,0.00841266,9.39442,0.000718665,0.014479688773275238,0.13602827780543236,-0.0016792887732752382,-0.09399017780543237
4.42,0.7,0.000718665,9.41876,0.577124,0.0399961,0.013567,0,0,36.0517,0.164108,0.00845794,9.41876,0.000718665,0.014485504918335213,0.136435494304619,-0.000918504918335214,-0.09643939430461898
4.44,0.7,0.000718665,9.41121,0.58114,0.0318663,0.0142,0,0,36.2401,0.165707,0.00850334,9.41121,0.000718665,0.014483700839477646,0.13630915017750042,-0.00028370083947764496,-0.10444285017750042
4.46,0.7,0.000718665,9.41389,0.584346,0.0195341,0.0148012,0,0,36.4285,0.167312,0.0085487,9.41389,0.000718665,0.014484341230341043,0.13635399506489523,0.0003168587696589578,-0.11681989506489524
4.48,0.7,0.000718665,9.41647,0.586789,0.00511775,0.0157476,0,0,36.6169,0.168927,0.00859407,9.41647,0.000718665,0.014484957723312819,0.13639716985284348,0.0012626422766871814,-0.13127941985284347
4.5,0.7,0.000718665,9.44381,0.588886,-0.00897185,0.0154086,0,0,36.8053,0.170551,0.00863945,9.44381,0.000718665,0.014491490473661401,0.13685488265006826,0.0009171095263385987,-0.14582673265006826
4.52,0.7,0.000718665,9.45266,0.590565,-0.0196174,0.0152,0,0,36.9943,0.172188,0.00868497,9.45266,0.000718665,0.014493605070864444,0.1370031209091575,0.0007063949291355558,-0.1566205209091575
4.54,0.7,0.000718665,9.43337,0.590197,-0.023472,0.0153993,0,0,37.1835,0.173835,0.00873053,9.43337,0.000718665,0.014488995925432907,0.13668005949310102,0.0009103040745670928,-0.16015205949310102
4.56,0.7,0.000718665,9.46657,0.586408,-0.0184785,0.0156,0,0,37.3722,0.175488,0.008776,9.46657,0.000718665,0.014496928628513112,0.13723618964682338,0.001103071371486887,-0.1557146896468234
4.58,0.7,0.000718665,9.46409,0.58021,-0.00573852,0.0154268,0,0,37.5617,0.177155,0.00882162,9.46409,0.000718665,0.014496336080429918,0.137194629335436,0.000930463919570081,-0.142933149335436
4.6,0.7,0.000718665,9.45566,0.573344,0.00999282,0.0148046,0,0,37.7511,0.17883,0.00886724,9.45566,0.000718665,0.014494321876348845,0.13705337959331673,0.0003102781236511542,-0.12706055959331675
4.62,0.7,0.000718665,9.44221,0.566185,0.0222516,0.0148,0,0,37.9403,0.180512,0.00891281,9.44221,0.000718665,0.014491108170251753,0.1368280864762328,0.0003088918297482479,-0.1145764864762328
4.64,0.7,0.000718665,9.44981,0.558848,0.0260606,0.0149918,0,0,38.1292,0.1822,0.00895832,9.44981,0.000718665,0.01449292410231119,0.1369553791112613,0.0004988758976888098,-0.11089477911126129
4.66,0.7,0.000718665,9.46916,0.552761,0.0201312,0.0148057,0,0,38.3183,0.183899,0.00900387,9.46916,0.000718665,0.014497547456334149,0.13727959647162108,0.00030815254366585096,-0.11714839647162108
4.68,0.7,0.000718665,9.4876,0.549875,0.00677961,0.015,0,0,38.5078,0.185609,0.0090495,9.4876,0.000718665,0.014501953241342503,0.13758873157256113,0.0004980467586574965,-0.13080912157256114
4.7,0.7,0.000718665,9.51373,0.55113,-0.00948231,0.015,0,0,38.6977,0.187332,0.00909523,9.51373,0.000718665,0.01450819612850994,0.13802706075368887,0.0004918038714900597,-0.14750937075368886
4.72,0.7,0.000718665,9.54339,0.555599,-0.0230657,0.0153862,0,0,38.8881,0.189068,0.00914108,9.54339,0.000718665,0.014515282056848699,0.1385249976285093,0.0008709179431513007,-0.1615906976285093
4.74,0.7,0.000718665,9.53071,0.559998,-0.0284044,0.0150084,0,0,39.079,0.190818,0.00918708,9.53071,0.000718665,0.014512252782382528,0.13831207271558096,0.0004961472176174715,-0.16671647271558096
4.76,0.7,0.000718665,9.55541,0.560206,-0.0222807,0.0144046,0,0,39.2697,0.192574,0.00923301,9.55541,0.000718665,0.014518153596054477,0.13872691005327492,-0.00011355359605447722,-0.1610076100532749
4.78,0.7,0.000718665,9.57352,0.554457,-0.00627927,0.0145712,0,0,39.461,0.194344,0.00927906,9.57352,0.000718665,0.01452247990600295,0.13903125182971737,4.872009399705009e-05,-0.14531052182971738
4.8,0.7,0.000718665,9.54764,0.544144,0.0133112,0.0149944,0,0,39.6525,0.196126,0.00932521,9.54764,0.000718665,0.014516297374819537,0.138596381467722,0.0004781026251804623,-0.125285181467722
4.82,0.7,0.000718665,9.56381,0.532176,0.0285282,0.015,0,0,39.8436,0.197912,0.00937122,9.56381,0.000718665,0.014520160294187213,0.13886805422315063,0.00047983970581278595,-0.11033985422315062
4.84,0.7,0.000718665,9.55844,0.521653,0.0339627,0.015,0,0,40.035,0.19971,0.00941731,9.55844,0.000718665,0.014518877444036762,0.13877781891617874,0.00048112255596323775,-0.10481511891617874
4.86,0.7,0.000718665,9.56376,0.514766,0.0293041,0.0148094,0,0,40.2262,0.201516,0.00946338,9.56376,0.000718665,0.014520148349640126,0.13886721398035426,0.0002892516503598744,-0.10956311398035426
4.88,0.7,0.000718665,9.58157,0.51209,0.0181244,0.0144342,0,0,40.4176,0.203331,0.00950947,9.58157,0.000718665,0.014524402933117384,0.13916658341186952,-9.020293311738474e-05,-0.12104218341186952
4.9,0.7,0.000718665,9.59166,0.512987,0.00493732,0.0147998,0,0,40.6093,0.205159,0.00955565,9.59166,0.000718665,0.014526813249163151,0.13933625356946822,0.00027298675083684866,-0.13439893356946822
4.92,0.7,0.000718665,9.58629,0.516135,-0.00673418,0.0144128,0,0,40.8012,0.206997,0.00960187,9.58629,0.000718665,0.014525530459750621,0.1392459473910028,-0.00011273045975062138,-0.1459801273910028
4.94,0.7,0.000718665,9.56961,0.519872,-0.015079,0.0149928,0,0,40.9931,0.208844,0.00964807,9.56961,0.000718665,0.014521545854765849,0.13896553042722581,0.0004712541452341519,-0.15404453042722582
4.96,0.7,0.000718665,9.59703,0.522929,-0.0196515,0.0154,0,0,41.1846,0.210696,0.00969419,9.59703,0.000718665,0.014528096026844326,0.1394265734125058,0.0008719039731556744,-0.1590780734125058
4.98,0.7,0.000718665,9.59979,0.52466,-0.0203246,0.0146578,0,0,41.3766,0.212562,0.00974045,9.59979,0.000718665,0.014528755327007965,0.1394730001006578,0.0001290446729920354,-0.1597976001006578
5.0,0.7,0.000718665,9.60274,0.524179,-0.0168752,0.0147972,0,0,41.5687,0.214437,0.00978671,9.60274,0.000718665,0.01452946001034788,0.13952262681976801,0.00026773998965212015,-0.15639782681976802
5.02,0.7,0.000718665,9.6055,0.520134,-0.0100186,0.0147198,0,0,41.7608,0.216322,0.00983299,9.6055,0.000718665,0.014530119304093935,0.13956906097547428,0.00018968069590606478,-0.14958766097547427
5.04,0.7,0.000718665,9.60281,0.511683,-0.00231024,0.0144,0,0,41.953,0.218217,0.00987928,9.60281,0.000718665,0.014529476731604426,0.1395238044530183,-0.00012947673160442624,-0.14183404445301828
5.06,0.7,0.000718665,9.60278,0.499683,0.00317784,0.014797,0,0,42.1452,0.22012,0.00992556,9.60278,0.000718665,0.014529469565351866,0.1395232997527696,0.00026753043464813366,-0.1363454597527696
5.08,0.7,0.000718665,9.59476,0.487346,0.0048284,0.015,0,0,42.3373,0.222031,0.00997184,9.59476,0.000718665,0.014527553774023563,0.13938839184885032,0.00047244622597643685,-0.1345599918488503
5.1,0.7,0.000718665,9.63378,0.479042,0.00244018,0.0150084,0,0,42.5293,0.22395,0.0100181,9.63378,0.000718665,0.014536874497282672,0.14004505079443186,0.00047152550271732825,-0.13760487079443184
5.12,0.7,0.000718665,9.65246,0.477498,-0.00380327,0.0153927,0,0,42.7221,0.225886,0.0100645,9.65246,0.000718665,0.014541336376440592,0.14035966772013775,0.000851363623559408,-0.14416293772013775
5.14,0.7,0.000718665,9.64722,0.482299,-0.0133395,0.0149985,0,0,42.9152,0.227834,0.010111,9.64722,0.000718665,0.014540084771636187,0.14027139661062407,0.00045841522836381245,-0.15361089661062408
5.16,0.7,0.000718665,9.64726,0.490886,-0.0241934,0.0150008,0,0,43.1082,0.229791,0.0101575,9.64726,0.000718665,0.014540094325913893,0.14027207038661604,0.00046070567408610687,-0.16446547038661605
5.18,0.7,0.000718665,9.67815,0.500257,-0.0322177,0.0159184,0,0,43.3013,0.231756,0.010204,9.67815,0.000718665,0.014547472421219069,0.14079262021342134,0.0013709275787809304,-0.17301032021342133
5.2,0.7,0.000718665,9.70232,0.507341,-0.0321696,0.0156082,0,0,43.4949,0.233737,0.0102507,9.70232,0.000718665,0.014553245167402851,0.14120024165259604,0.0010549548325971478,-0.17336984165259603
5.22,0.6,0.000615999,9.69149,0.508804,-0.0205443,0.015,0,0,43.6891,0.235731,0.0102957,9.69149,0.000615999,0.014218142937299371,0.1377949900954075,0.0007818570627006281,-0.15833929009540748
5.24,0.6,0.000615999,9.68341,0.502731,0.00139598,0.0151962,0,0,43.883,0.237731,0.0103341,9.68341,0.000615999,0.01421648879545431,0.13766408976679023,0.0009797112045456906,-0.13626810976679024
5.26,0.6,0.000615999,9.66951,0.491163,0.0267667,0.0148019,0,0,44.0767,0.239738,0.0103741,9.66951,0.000615999,0.014213643126394043,0.13743896434709846,0.0005882568736059572,-0.11067226434709845
5.28,0.6,0.000615999,9.68488,0.479489,0.0462425,0.0142279,0,0,44.2702,0.241749,0.010414,9.68488,0.000615999,0.014216789736337186,0.13768790258165728,1.1110263662813744e-05,-0.09144540258165729
5.3,0.5,0.000513332,9.68338,0.472703,0.0531497,0.014597,0,0,44.464,0.243771,0.0104524,9.68338,0.000513332,0.01388424054232964,0.134446377182784,0.0007127594576703603,-0.081296677182784
5.32,0.5,0.000513332,9.69144,0.472818,0.0463724,0.0142209,0,0,44.6578,0.245799,0.0104841,9.69144,0.000513332,0.013885615580560572,0.13457161026206796,0.00033528441943942756,-0.08819921026206795
5.34,0.5,0.000513332,9.68341,0.478678,0.0297285,0.0136075,0,0,44.8517,0.247835,0.0105174,9.68341,0.000513332,0.013884245660373284,0.13444684327011527,-0.00027674566037328395,-0.10471834327011527
5.36,0.5,0.000513332,9.68333,0.486745,0.00909238,0.0136,0,0,45.0454,0.249876,0.0105507,9.68333,0.000513332,0.013884232012256316,0.13444560037124195,-0.00028423201225631634,-0.12535322037124194
5.38,0.5,0.000513332,9.69106,0.493034,-0.0105704,0.0139724,0,0,45.2392,0.251924,0.0105841,9.69106,0.000513332,0.01388555075288362,0.13456570547924035,8.68492471163794e-05,-0.14513610547924036
5.4,0.5,0.000513332,9.70552,0.495491,-0.0262823,0.0136005,0,0,45.4331,0.25398,0.0106174,9.70552,0.000513332,0.01388801758669398,0.13479043244801017,-0.0002875175866939809,-0.16107273244801018
5.42,0.5,0.000513332,9.71363,0.494626,-0.0361743,0.0143745,0,0,45.6273,0.256045,0.0106508,9.71363,0.000513332,0.013889401102132869,0.1349165032277109,0.0004850988978671311,-0.1710908032277109
5.44,0.5,0.000513332,9.71114,0.491917,-0.0387803,0.0151968,0,0,45.8216,0.258118,0.0106843,9.71114,0.000513332,0.013888976325714392,0.13487779355569807,0.0013078236742856079,-0.17365809355569806
5.46,0.5,0.000513332,9.73312,0.48793,-0.0337131,0.0150037,0,0,46.016,0.260198,0.0107177,9.73312,0.000513332,0.013892725895462288,0.1352195682676419,0.0011109741045377125,-0.1689326682676419
5.48,0.5,0.000513332,9.73333,0.482334,-0.022435,0.0142145,0,0,46.2107,0.262288,0.0107512,9.73333,0.000513332,0.013892761718690734,0.1352228344193841,0.00032173828130926604,-0.1576578344193841
5.5,0.5,0.000513332,9.75796,0.475024,-0.0079353,0.0135849,0,0,46.4055,0.264385,0.0107847,9.75796,0.000513332,0.013896963181373446,0.13560601084531484,-0.00031206318137344535,-0.14354131084531485
5.52,0.5,0.000513332,9.74173,0.466365,0.00622947,0.013089,0,0,46.6007,0.266494,0.0108183,9.74173,0.000513332,0.013894194637165194,0.1353534927227113,-0.0008051946371651943,-0.1291240227227113
5.54,0.5,0.000513332,9.73621,0.457273,0.0168195,0.0134,0,0,46.7956,0.268607,0.0108518,9.73621,0.000513332,0.013893253007368999,0.13526762886287613,-0.0004932530073689986,-0.11844812886287613
5.56,0.5,0.000513332,9.74675,0.449854,0.0214223,0.0134,0,0,46.9904,0.270724,0.0108854,9.74675,0.000513332,0.01389505096660196,0.13543158800872768,-0.0004950509666019603,-0.11400928800872767
5.58,0.5,0.000513332,9.78316,0.446952,0.018688,0.0136,0,0,47.1854,0.27285,0.0109189,9.78316,0.000513332,0.013901261690891367,0.13599826732386078,-0.00030126169089136727,-0.11731026732386078
5.6,0.5,0.000513332,9.79158,0.449854,0.00909332,0.013003,0,0,47.3812,0.274991,0.0109526,9.79158,0.000513332,0.013902697897001241,0.1361293786743194,-0.0008996978970012403,-0.1270360586743194
5.62,0.5,0.000513332,9.77797,0.456782,-0.0042721,0.0136053,0,0,47.5771,0.27714,0.0109863,9.77797,0.000513332,0.013900376417990443,0.135917463603818,-0.0002950764179904426,-0.140189563603818
5.64,0.5,0.000513332,9.80649,0.464348,-0.016543,0.0144119,0,0,47.7727,0.279292,0.0110199,9.80649,0.000513332,0.013905241055998252,0.1363616073632363,0.0005066589440017484,-0.1529046073632363
5.66,0.5,0.000513332,9.8354,0.470015,-0.0229587,0.0151909,0,0,47.9689,0.281458,0.0110537,9.8354,0.000513332,0.013910171969521323,0.13681210538903002,0.001280728030478677,-0.15977080538903002
5.68,0.5,0.000513332,9.84449,0.472897,-0.0205735,0.0151967,0,0,48.1657,0.283637,0.0110876,9.84449,0.000513332,0.013911722316039153,0.13695381122302427,0.0012849776839608477,-0.15752731122302427
5.7,0.5,0.000513332,9.85499,0.473236,-0.00965422,0.0145943,0,0,48.3627,0.285824,0.0111214,9.85499,0.000513332,0.013913513114689996,0.1371175326101388,0.0006807868853100033,-0.14677175261013878
5.72,0.5,0.000513332,9.81711,0.471867,0.0063424,0.0140092,0,0,48.5599,0.288021,0.0111554,9.81711,0.000513332,0.013907052440866057,0.13652706358775057,0.00010214755913394262,-0.13018466358775058
5.74,0.5,0.000513332,9.84161,0.470089,0.0226003,0.0138,0,0,48.7563,0.290215,0.0111892,9.84161,0.000513332,0.013911231119807075,0.1369089113010045,-0.00011123111980707555,-0.11430861130100449
5.76,0.6,0.000615999,9.81668,0.469401,0.0347577,0.0147998,0,0,48.9532,0.292422,0.0112247,9.81668,0.000615999,0.014243768949662686,0.1398265217727747,0.0005560310503373144,-0.10506882177277468
5.78,0.6,0.000615999,9.8244,0.470505,0.0398865,0.015,0,0,49.1496,0.294631,0.011267,9.8244,0.000615999,0.014245349027893466,0.13995200698963658,0.0007546509721065332,-0.1000655069896366
5.8,0.6,0.000615999,9.85789,0.472505,0.0373142,0.015,0,0,49.3462,0.29685,0.0113075,9.85789,0.000615999,0.014252203291684142,0.14049665230706018,0.0007477967083158576,-0.10318245230706019
5.82,0.6,0.000615999,9.85282,0.473511,0.0289349,0.015,0,0,49.5434,0.299084,0.0113483,9.85282,0.000615999,0.014251165660920481,0.14041417004723053,0.0007488343390795182,-0.11147927004723053
5.84,0.6,0.000615999,9.85549,0.471666,0.0179449,0.015,0,0,49.7406,0.301325,0.011389,9.85549,0.000615999,0.014251712106671208,0.14045760615017702,0.0007482878933287914,-0.12251270615017702
5.86,0.6,0.000615999,9.88512,0.465968,0.00656864,0.0158127,0,0,49.9378,0.303575,0.0114297,9.88512,0.000615999,0.01425777605035666,0.14093982719090162,0.0015549239496433394,-0.13437118719090163
5.88,0.6,0.000615999,9.88349,0.457864,-0.00488649,0.015046,0,0,50.1355,0.30584,0.0114705,9.88349,0.000615999,0.014257442470012243,0.14091329007794132,0.0007885575299877573,-0.1457997800779413
5.9,0.5,0.000513332,9.90519,0.450652,-0.0171672,0.0140064,0,0,50.3333,0.308112,0.0115096,9.90519,0.000513332,0.01392207438251482,0.13790079195294197,8.432561748518072e-05,-0.15506799195294196
5.92,0.5,0.000513332,9.88039,0.445016,-0.0310961,0.0135985,0,0,50.5315,0.310397,0.011542,9.88039,0.000513332,0.01391784500578076,0.13751373661666616,-0.00031934500578075994,-0.16860983661666618
5.94,0.5,0.000513332,9.83711,0.439563,-0.0465066,0.013209,0,0,50.7292,0.312682,0.011576,9.83711,0.000513332,0.013910463620746208,0.13683876078827872,-0.0007014636207462073,-0.18334536078827873
5.96,0.5,0.000513332,9.83067,0.435851,-0.0606181,0.0124,0,0,50.926,0.314964,0.0116099,9.83067,0.000513332,0.013909365233819757,0.13673837952315487,-0.0015093652338197573,-0.19735647952315488
5.98,0.5,0.000513332,9.82501,0.435435,-0.0678768,0.0131896,0,0,51.1227,0.317251,0.0116437,9.82501,0.000513332,0.013908399871140693,0.13665016781795603,-0.0007187998711406934,-0.20452696781795604
6.0,0.5,0.000513332,9.85518,0.435675,-0.0629604,0.0137949,0,0,51.3192,0.319543,0.0116775,9.85518,0.000513332,0.013913545519315016,0.13712049553104297,-0.00011864551931501516,-0.20008089553104297
6.02,0.5,0.000513332,9.85827,0.433719,-0.0446268,0.0141899,0,0,51.5164,0.321849,0.0117115,9.85827,0.000513332,0.013914072519335836,0.1371686836951929,0.00027582748066416404,-0.18179548369519288
6.04,0.4,0.000410666,9.87502,0.42899,-0.0171092,0.0143997,0,0,51.7137,0.324162,0.0117437,9.87502,0.000410666,0.013578152640807096,0.13408452889102287,0.0008215473591929034,-0.15119372889102287
6.06,0.4,0.000410666,9.8999,0.422052,0.0116529,0.0143985,0,0,51.9112,0.326485,0.0117692,9.8999,0.000410666,0.013581547091682415,0.13445595805294674,0.0008169529083175853,-0.12280305805294675
6.08,0.305322,0.000313464,9.92163,0.415759,0.0339684,0.0146,0,0,52.1093,0.328819,0.0117948,9.92163,0.000313464,0.01326226006997397,0.13158323737805586,0.0013377399300260294,-0.09761483737805585
6.1,0.3,0.000307999,9.8977,0.414322,0.0460927,0.0138154,0,0,52.3078,0.331162,0.011814,9.8977,0.000307999,0.013241693549860161,0.13106231024845091,0.0005737064501398388,-0.08496961024845091
6.12,0.3,0.000307999,9.91938,0.420199,0.0492358,0.0130036,0,0,52.5058,0.333504,0.0118343,9.91938,0.000307999,0.013243911863194959,0.13137139445753881,-0.00024031186319495822,-0.08213559445753882
6.14,0.3,0.000307999,9.83963,0.434798,0.0473177,0.0126,0,0,52.7043,0.335855,0.0118548,9.83963,0.000307999,0.0132357513694633,0.13023489624751217,-0.0006357513694633006,-0.08291719624751218
6.16,0.3,0.000307999,9.88175,0.457621,0.0430038,0.0126,0,0,52.9011,0.33819,0.0118751,9.88175,0.000307999,0.01324006148031376,0.1308349775330905,-0.00064006148031376,-0.0878311775330905
6.18,0.3,0.000307999,10.05,0.482691,0.0354876,0.0133558,0,0,53.0989,0.34054,0.0118956,10.05,0.000307999,0.0132572751976278,0.1332356157361594,9.852480237219907e-05,-0.0977480157361594
6.2,0.3,0.000307999,10.0223,0.502488,0.022023,0.0136,0,0,53.2999,0.342935,0.0119163,10.0223,0.000307999,0.013254441553812352,0.13283998958477353,0.0003455584461876469,-0.11081698958477353
6.22,0.3,0.000307999,9.93342,0.512764,0.00135833,0.0140161,0,0,53.5005,0.345326,0.011937,9.93342,0.000307999,0.013245348401011853,0.13157160871357915,0.0007707515989881474,-0.13021327871357916
6.24,0.3,0.000307999,9.93884,0.509258,-0.0245325,0.0149914,0,0,53.6992,0.347701,0.0119575,9.93884,0.000307999,0.013245902952393689,0.1316489100993685,0.0017454970476063116,-0.15618141009936848
6.26,0.3,0.000307999,9.92517,0.48922,-0.0515471,0.0150094,0,0,53.8981,0.350081,0.0119781,9.92517,0.000307999,0.013244504285874679,0.13145395660303477,0.001764895714125322,-0.18300105660303478
6.28,0.3,0.000307999,9.95431,0.458638,-0.0745712,0.0153674,0,0,54.0967,0.352462,0.0119986,9.95431,0.000307999,0.013247485747912142,0.13186957985529932,0.002119914252087858,-0.20644077985529932
6.3,0.3,0.000307999,9.98792,0.428901,-0.0876747,0.0152104,0,0,54.2958,0.354854,0.0120191,9.98792,0.000307999,0.013250924367749427,0.13234917251113187,0.0019594756322505735,-0.22002387251113187
6.32,0.3,0.000307999,9.9779,0.407015,-0.0858765,0.0148047,0,0,54.4957,0.357258,0.0120397,9.9779,0.000307999,0.01324989924870215,0.13220616971362517,0.0015548007512978506,-0.21808266971362517
6.34,0.3,0.000307999,9.98572,0.393796,-0.0679274,0.0143907,0,0,54.6953,0.359663,0.0120603,9.98572,0.000307999,0.013250699293271004,0.13231777294680214,0.0011400007067289952,-0.20024517294680214
6.36,0.207611,0.000213147,9.95148,0.387786,-0.0368564,0.014,0,0,54.8951,0.362075,0.0120794,9.95148,0.000213147,0.012931794983081146,0.12869049913823236,0.0010682050169188544,-0.16554689913823234
6.38,0.2,0.000205333,9.97581,0.387312,0.00200341,0.0134258,0,0,55.0942,0.364481,0.0120919,9.97581,0.000205333,0.0129074714080342,0.12876248234698165,0.0005183285919657995,-0.12675907234698164
6.4,0.2,0.000205333,9.96419,0.390901,0.0424638,0.0124151,0,0,55.2937,0.366896,0.0121055,9.96419,0.000205333,0.012906678848164616,0.1286046003120934,-0.0004915788481646161,-0.0861408003120934
6.42,0.2,0.000205333,9.96113,0.397813,0.0769678,0.0122,0,0,55.4931,0.369311,0.0121192,9.96113,0.000205333,0.012906470133474327,0.12856302684065513,-0.000706470133474326,-0.05159522684065512
6.44,0.2,0.000205333,9.98893,0.407496,0.096735,0.0120069,0,0,55.6924,0.371727,0.0121329,9.98893,0.000205333,0.012908366258091598,0.1289407669664389,-0.0009014662580915985,-0.03220576696643891
6.46,0.2,0.000205333,9.99158,0.418495,0.0945941,0.0120123,0,0,55.8922,0.374154,0.0121467,9.99158,0.000205333,0.012908546998907462,0.12897678002334384,-0.0008962469989074618,-0.03438268002334384
6.48,0.2,0.000205333,9.99433,0.428816,0.069102,0.0122,0,0,56.0921,0.376583,0.0121604,9.99433,0.000205333,0.012908734559233144,0.1290141530673806,-0.0007087345592331432,-0.0599121530673806
6.5,0.2,0.000205333,10.0025,0.436459,0.0270582,0.0122,0,0,56.2921,0.379016,0.0121742,10.0025,0.000205333,0.0129092917785104,0.12912519101455028,-0.0007092917785103993,-0.10206699101455027
6.52,0.2,0.000205333,10.0055,0.439301,-0.0181895,0.0127799,0,0,56.4922,0.381454,0.012188,10.0055,0.000205333,0.012909496385763176,0.12916596608775346,-0.0001295963857631758,-0.14735546608775346
6.54,0.2,0.000205333,10.0194,0.436575,-0.0523174,0.0132,0,0,56.6924,0.383895,0.0122017,10.0194,0.000205333,0.01291044438513275,0.12935490647239906,0.0002895556148672495,-0.18167230647239907
6.56,0.1,0.000102666,10.0582,0.430348,-0.0661149,0.0131988,0,0,56.8929,0.386343,0.0122138,10.0582,0.000102666,0.01256806359285452,0.12641209722964933,0.0006307364071454803,-0.19252699722964933
6.58,0.1,0.000102666,10.0343,0.42312,-0.0589621,0.0137852,0,0,57.0941,0.388801,0.012219,10.0343,0.000102666,0.012567248639230798,0.1261035430206336,0.001217951360769201,-0.1850656430206336
6.6,0.0965663,9.91411e-05,10.0443,0.415484,-0.0381384,0.0135725,0,0,57.2948,0.391255,0.0122259,10.0443,9.91411e-05,0.012555759979514353,0.126113819962236,0.0010167400204856465,-0.164252219962236
6.62,0.0,0.0,10.0389,0.407977,-0.0144676,0.0120177,0,0,57.4958,0.393713,0.0122308,10.0389,0.0,0.012223040078555169,0.12270587704460748,-0.00020534007855516935,-0.13717347704460747
6.64,0.0,0.0,10.0114,0.402091,0.00308879,0.0122153,0,0,57.6966,0.396169,0.0122291,10.0114,0.0,0.012223040078555169,0.12236974344244722,-7.74007855516845e-06,-0.11928095344244723
6.66,0.0,0.0,10.0351,0.398586,0.0110153,0.0129844,0,0,57.8969,0.398619,0.0122291,10.0351,0.0,0.012223040078555169,0.12265942949230897,0.0007613599214448315,-0.11164412949230897
6.68,0.0,0.0,10.0334,0.397014,0.0112072,0.0128,0,0,58.0977,0.401074,0.0122291,10.0334,0.0,0.012223040078555169,0.12263865032417544,0.000576959921444832,-0.11143145032417544
6.7,0.0,0.0,10.0168,0.39638,0.00754975,0.0124,0,0,58.2984,0.403529,0.0122291,10.0168,0.0,0.012223040078555169,0.12243574785887142,0.000176959921444831,-0.11488599785887142
6.72,0.0,0.0,10.0329,0.395904,0.00207127,0.0131797,0,0,58.4988,0.40598,0.0122291,10.0329,0.0,0.012223040078555169,0.12263253880413615,0.0009566599214448322,-0.12056126880413615
6.74,0.0,0.0,10.0472,0.395616,-0.0061945,0.0125996,0,0,58.6996,0.408435,0.0122291,10.0472,0.0,0.012223040078555169,0.12280732827725949,0.00037655992144483216,-0.12900182827725948
6.76,0.0,0.0,10.0584,0.395682,-0.0190428,0.0130016,0,0,58.9006,0.410893,0.0122291,10.0584,0.0,0.012223040078555169,0.12294422632613931,0.0007785599214448317,-0.1419870263261393
6.78,0.0,0.0,10.0844,0.395238,-0.0355411,0.0130239,0,0,59.1018,0.413354,0.0122291,10.0844,0.0,0.012223040078555169,0.12326202536818175,0.0008008599214448311,-0.15880312536818175
6.8,0.0,0.0,10.0585,0.392335,-0.0505474,0.0121948,0,0,59.3036,0.415821,0.0122291,10.0585,0.0,0.012223040078555169,0.12294544863014717,-2.8240078555168135e-05,-0.17349284863014716
6.82,0.0,0.0,10.0855,0.385665,-0.0572172,0.0114092,0,0,59.5048,0.418282,0.0122291,10.0855,0.0,0.012223040078555169,0.12327547071226815,-0.000813840078555169,-0.18049267071226816
6.84,0.0,0.0,10.0972,0.376749,-0.0511767,0.0112034,0,0,59.7066,0.42075,0.0122291,10.0972,0.0,0.012223040078555169,0.12341848028118726,-0.001019640078555168,-0.17459518028118726
6.86,0.0,0.0,10.0972,0.369108,-0.032883,0.0122,0,0,59.9086,0.42322,0.0122291,10.0972,0.0,0.012223040078555169,0.12341848028118726,-2.3040078555167792e-05,-0.15630148028118726
6.88,0.0,0.0,10.092,0.364885,-0.00753516,0.0123753,0,0,60.1106,0.425691,0.0122291,10.092,0.0,0.012223040078555169,0.12335492047277877,0.00015225992144483197,-0.13089008047277878
6.9,0.0,0.0,10.0971,0.36398,0.0163147,0.0131792,0,0,60.3125,0.42816,0.0122291,10.0971,0.0,0.012223040078555169,0.12341725797717938,0.0009561599214448317,-0.10710255797717938
6.92,0.0,0.0,10.1083,0.36516,0.0291248,0.0129987,0,0,60.5145,0.43063,0.0122291,10.1083,0.0,0.012223040078555169,0.12355415602605921,0.0007756599214448316,-0.0944293560260592
6.94,0.0,0.0,10.1094,0.366079,0.0243308,0.0127793,0,0,60.7167,0.433104,0.0122291,10.1094,0.0,0.012223040078555169,0.12356760137014564,0.0005562599214448318,-0.09923680137014564
6.96,0.0,0.0,10.1464,0.364882,0.00250521,0.0118273,0,0,60.9189,0.435577,0.0122291,10.1464,0.0,0.012223040078555169,0.12401985385305216,-0.0003957400785551679,-0.12151464385305216
6.98,0.0,0.0,10.1555,0.362508,-0.0281592,0.0108021,0,0,61.1219,0.438059,0.0122291,10.1555,0.0,0.012223040078555169,0.12413108351776701,-0.0014209400785551683,-0.15229028351776702
7.0,0.0991512,0.000101795,10.1417,0.360937,-0.0559528,0.0111966,0,0,61.3251,0.440544,0.0122309,10.1417,0.000101795,0.012567959271339297,0.12746047254214174,-0.0013713592713392973,-0.18341327254214174
7.02,0.1,0.000102666,10.1417,0.361147,-0.0708688,0.0114,0,0,61.528,0.443027,0.0122395,10.1417,0.000102666,0.012570910542217208,0.12749040344600426,-0.0011709105422172076,-0.19835920344600427
7.04,0.1,0.000102666,10.1665,0.364064,-0.0683045,0.0117935,0,0,61.7309,0.445511,0.0122465,10.1665,0.000102666,0.0125717560209481,0.12781075758696886,-0.0007782560209481006,-0.19611525758696885
7.06,0.1,0.000102666,10.1556,0.369689,-0.0507094,0.0118,0,0,61.9343,0.448002,0.0122535,10.1556,0.000102666,0.01257138442406503,0.12766995165703482,-0.0007713844240650296,-0.17837935165703483
7.08,0.1,0.000102666,10.1529,0.375017,-0.0263311,0.0121895,0,0,62.1374,0.450493,0.0122605,10.1529,0.000102666,0.012571292376001877,0.12763507436430946,-0.00038179237600187606,-0.15396617436430945
7.1,0.1,0.000102666,10.1664,0.375935,-0.00549618,0.0122,0,0,62.3405,0.452984,0.0122675,10.1664,0.000102666,0.0125717526118356,0.12780946575296542,-0.00037175261183559904,-0.1333056457529654
7.12,0.1,0.000102666,10.1473,0.371235,0.00328516,0.0122,0,0,62.5439,0.45548,0.0122745,10.1473,0.000102666,0.012571101460072558,0.12756273784579425,-0.00037110146007255686,-0.12427757784579425
7.14,0.1,0.000102666,10.1616,0.363748,-0.00381216,0.0125923,0,0,62.7469,0.457973,0.0122815,10.1616,0.000102666,0.012571588973712047,0.12774745851527233,2.07110262879541e-05,-0.13155961851527234
7.16,0.1,0.000102666,10.1853,0.357112,-0.0247888,0.0120228,0,0,62.9502,0.46047,0.0122885,10.1853,0.000102666,0.01257239692316027,0.1280536343814643,-0.0005495969231602699,-0.1528424343814643
7.18,0.2,0.000205333,10.1757,0.352079,-0.0529799,0.0122,0,0,63.154,0.462975,0.0122973,10.1757,0.000205333,0.012921102641793912,0.13148126415210232,-0.0007211026417939109,-0.1844611641521023
7.2,0.2,0.000205333,10.1805,0.347462,-0.0795953,0.0122,0,0,63.3576,0.46548,0.012313,10.1805,0.000205333,0.012921429911305874,0.13154661721204947,-0.0007214299113058736,-0.21114191721204945
7.22,0.2,0.000205333,10.2082,0.343003,-0.0967651,0.0122,0,0,63.5612,0.467989,0.012327,10.2082,0.000205333,0.012923318473605786,0.13192381964226257,-0.0007233184736057854,-0.22868891964226257
7.24,0.3,0.000307999,10.167,0.3392,-0.100145,0.012795,0,0,63.7654,0.470508,0.0123428,10.167,0.000307999,0.013269242468572074,0.13490838817797227,-0.0004742424685720732,-0.23505338817797228
7.26,0.3,0.000307999,10.1961,0.335473,-0.089855,0.0124134,0,0,63.9688,0.473021,0.0123656,10.1961,0.000307999,0.013272218552343687,0.13532486758155146,-0.0008588185523436872,-0.22517986758155145
7.28,0.396435,0.000407006,10.189,0.329743,-0.0699485,0.0122,0,0,64.1728,0.475546,0.0123883,10.189,0.000407006,0.01360851994444929,0.1386572097139938,-0.00140851994444929,-0.2086057097139938
7.3,0.4,0.000410666,10.1613,0.320782,-0.0464619,0.0122,0,0,64.3766,0.478074,0.0124179,10.1613,0.000410666,0.013617201612697189,0.13836847074709996,-0.001417201612697188,-0.18483037074709996
7.32,0.4,0.000410666,10.1725,0.31121,-0.0242553,0.0118,0,0,64.5799,0.480601,0.0124459,10.1725,0.000410666,0.013618728901374562,0.13853651974923273,-0.0018187289013745622,-0.16279181974923274
7.34,0.4,0.000410666,10.1996,0.306543,-0.00530191,0.0118,0,0,64.7834,0.483137,0.0124739,10.1996,0.000410666,0.01362242426664484,0.13894327855007071,-0.0018224242666448395,-0.1442451885500707
7.36,0.4,0.000410666,10.2164,0.310658,0.00993351,0.0123945,0,0,64.9874,0.485685,0.012502,10.2164,0.000410666,0.01362471502937167,0.13919553862607273,-0.0012302150293716715,-0.12926202862607272
7.38,0.4,0.000410666,10.1888,0.322025,0.0199532,0.0126,0,0,65.1918,0.488243,0.0125301,10.1888,0.000410666,0.013620951596656954,0.13878115162801838,-0.0010209515966569539,-0.11882795162801837
7.4,0.5,0.000513332,10.1833,0.333776,0.0218785,0.0134051,0,0,65.3956,0.4908,0.01256,10.1833,0.000513332,0.013969490352958159,0.1422555111112788,-0.0005643903529581589,-0.1203770111112788
7.42,0.5,0.000513332,10.1833,0.338794,0.01447,0.0136,0,0,65.5994,0.493363,0.0125968,10.1833,0.000513332,0.013969490352958159,0.1422555111112788,-0.0003694903529581593,-0.12778551111127878
7.44,0.5,0.000513332,10.1924,0.33565,0.000652664,0.0132,0,0,65.8031,0.495933,0.0126318,10.1924,0.000513332,0.013971041445345526,0.14239844282753972,-0.0007710414453455262,-0.14174577882753972
7.46,0.5,0.000513332,10.2349,0.328335,-0.0140076,0.0135796,0,0,66.007,0.498512,0.0126669,10.2349,0.000513332,0.01397828521959684,0.1430663513940517,-0.00039868521959684003,-0.1570739513940517
7.48,0.5,0.000513332,10.195,0.320707,-0.0243096,0.0136,0,0,66.2117,0.501109,0.0127021,10.195,0.000513332,0.013971484609908935,0.1424392855980216,-0.0003714846099089359,-0.1667488855980216
7.5,0.5,0.000513332,10.1779,0.313195,-0.0271323,0.0141962,0,0,66.4157,0.503703,0.0127372,10.1779,0.000513332,0.013968569912442908,0.14217070771185267,0.00022763008755709302,-0.16930300771185267
7.52,0.5,0.000513332,10.1918,0.304847,-0.0222018,0.0146,0,0,66.6193,0.506301,0.0127722,10.1918,0.000513332,0.01397093917630402,0.14238901789705533,0.0006290608236959802,-0.16459081789705532
7.54,0.5,0.000513332,10.1999,0.297401,-0.0116272,0.0144051,0,0,66.8232,0.508908,0.0128073,10.1999,0.000513332,0.013972319798993956,0.14251626471775844,0.00043278020100604407,-0.15414346471775844
7.56,0.5,0.000513332,10.2054,0.295472,0.00133056,0.0143919,0,0,67.0272,0.511525,0.0128424,10.2054,0.000513332,0.013973257247302803,0.142602679511624,0.00041864275269719656,-0.141272119511624
7.58,0.5,0.000513332,10.2166,0.301381,0.0126047,0.015,0,0,67.2313,0.514151,0.0128775,10.2166,0.000513332,0.013975166204064955,0.14277868304045002,0.0010248337959350446,-0.13017398304045003
7.6,0.5,0.000513332,10.2361,0.311468,0.0177077,0.0155835,0,0,67.4357,0.516786,0.0129127,10.2361,0.000513332,0.013978489741584188,0.1430852188438299,0.0016050102584158118,-0.12537751884382992
7.62,0.5,0.000513332,10.2361,0.319172,0.013995,0.0142397,0,0,67.6405,0.519434,0.0129479,10.2361,0.000513332,0.013978489741584188,0.1430852188438299,0.0002612102584158109,-0.1290902188438299
7.64,0.5,0.000513332,10.2306,0.320375,0.00308973,0.013998,0,0,67.8453,0.522089,0.0129831,10.2306,0.000513332,0.013977552345480555,0.14299874702567336,2.0447654519445413e-05,-0.13990901702567335
7.66,0.5,0.000513332,10.2526,0.31513,-0.0101302,0.0136073,0,0,68.0499,0.52475,0.0130184,10.2526,0.000513332,0.013981301873661658,0.1433446955899035,-0.0003740018736616592,-0.15347489558990351
7.68,0.5,0.000513332,10.2608,0.306312,-0.0214357,0.0122449,0,0,68.255,0.527424,0.0130536,10.2608,0.000513332,0.013982699386681745,0.14347368186686404,-0.0017377993866817456,-0.16490938186686405
7.7,0.5,0.000513332,10.2393,0.297269,-0.0291978,0.0122,0,0,68.4603,0.530107,0.013089,10.2393,0.000513332,0.013979035131369898,0.1431355344206358,-0.0017790351313698976,-0.1723333344206358
7.72,0.5,0.000513332,10.2581,0.290043,-0.0329897,0.0122,0,0,68.6651,0.532792,0.0131242,10.2581,0.000513332,0.013982239232259906,0.14343120826844535,-0.0017822392322599055,-0.17642090826844536
7.74,0.502318,0.000515712,10.2305,0.285576,-0.0326251,0.0122093,0,0,68.8703,0.535489,0.0131595,10.2305,0.000515712,0.013985669802249238,0.14308039491191082,-0.0017763698022492391,-0.17570549491191081
7.76,0.6,0.000615999,10.2226,0.28442,-0.0289869,0.012969,0,0,69.0749,0.538186,0.0131967,10.2226,0.000615999,0.014326820726966016,0.1464573575634828,-0.001357820726966016,-0.1754442575634828
7.78,0.6,0.000615999,10.2572,0.286652,-0.0240243,0.013,0,0,69.2794,0.540889,0.0132406,10.2572,0.000615999,0.014333897138242721,0.14702564972638324,-0.0013338971382427216,-0.17104994972638324
7.8,0.6,0.000615999,10.2502,0.291293,-0.0193415,0.0135776,0,0,69.4846,0.54361,0.013283,10.2502,0.000615999,0.014332465530270134,0.14691063817837494,-0.0007548655302701338,-0.16625213817837495
7.82,0.6,0.000615999,10.2528,0.295658,-0.015372,0.0142,0,0,69.6897,0.546338,0.0133253,10.2528,0.000615999,0.014332997272503659,0.1469533544355255,-0.0001329972725036578,-0.1623253544355255
7.84,0.6,0.000615999,10.2694,0.296702,-0.0117375,0.0139813,0,0,69.8948,0.549076,0.0133676,10.2694,0.000615999,0.014336392182799465,0.1472261458820408,-0.00035509218279946436,-0.15896364588204082
7.86,0.6,0.000615999,10.2668,0.293945,-0.00796389,0.0130376,0,0,70.1002,0.551826,0.0134101,10.2668,0.000615999,0.01433586045664321,0.1471834121362645,-0.00129826045664321,-0.15514730213626451
7.88,0.6,0.000615999,10.2588,0.289348,-0.00416524,0.012979,0,0,70.3056,0.554585,0.0134525,10.2588,0.000615999,0.01433422436036042,0.1470519408680655,-0.0013552243603604207,-0.1512171808680655
7.9,0.6,0.000615999,10.2529,0.284236,-0.00131873,0.013394,0,0,70.5108,0.55735,0.0134948,10.2529,0.000615999,0.014333017724077775,0.14695499742319704,-0.0009390177240777755,-0.14827372742319703
7.92,0.6,0.000615999,10.2334,0.278438,-0.00070825,0.0137987,0,0,70.7159,0.560122,0.0135372,10.2334,0.000615999,0.014329029596756391,0.14663469147544683,-0.0005303295967563904,-0.14734294147544683
7.94,0.6,0.000615999,10.242,0.27229,-0.0031724,0.0136085,0,0,70.9206,0.562898,0.0135794,10.242,0.000615999,0.014330788480595671,0.14677593561826088,-0.0007222884805956706,-0.14994833561826088
7.96,0.6,0.000615999,10.2552,0.267615,-0.00875307,0.0141791,0,0,71.1255,0.565684,0.0136217,10.2552,0.000615999,0.014333488109254935,0.14699278725803122,-0.00015438810925493505,-0.15574585725803122
7.98,0.6,0.000615999,10.2501,0.26674,-0.0166148,0.0147915,0,0,71.3306,0.568483,0.0136641,10.2501,0.000615999,0.014332445078595522,0.14690899530011195,0.00045905492140447916,-0.16352379530011196
8.0,0.6,0.000615999,10.2667,0.271193,-0.0252538,0.0154019,0,0,71.5356,0.571289,0.0137064,10.2667,0.000615999,0.014335840005586874,0.14718176858535875,0.001066059994413126,-0.17243556858535874
8.02,0.6,0.000615999,10.2722,0.280185,-0.0327829,0.0156041,0,0,71.741,0.574109,0.0137488,10.2722,0.000615999,0.01433696480814901,0.14727216990226827,0.001267135191850989,-0.18005506990226827
8.04,0.7,0.000718665,10.2726,0.28988,-0.0375098,0.0151941,0,0,71.9465,0.576939,0.013793,10.2726,0.000718665,0.014689379430427038,0.1508981191370048,0.0005047205695729619,-0.1884079191370048
8.06,0.7,0.000718665,10.2963,0.296002,-0.0386878,0.015,0,0,72.152,0.579778,0.0138443,10.2963,0.000718665,0.014695033961224782,0.15130447817495873,0.0003049660387752177,-0.18999227817495873
8.08,0.7,0.000718665,10.3135,0.297536,-0.0361626,0.015,0,0,72.3579,0.582635,0.0138939,10.3135,0.000718665,0.014699137517976855,0.1515995547916543,0.0003008624820231443,-0.1877621547916543
8.1,0.7,0.000718665,10.3139,0.296567,-0.0298149,0.0144174,0,0,72.5642,0.585507,0.0139436,10.3139,0.000718665,0.014699232947992458,0.15160641870229943,-0.00028183294799245806,-0.18142131870229944
8.12,0.7,0.000718665,10.2918,0.29514,-0.0203766,0.0138,0,0,72.7706,0.588389,0.0139932,10.2918,0.000718665,0.014693960334959347,0.15122730097533463,-0.0008939603349593477,-0.17160390097533462
8.14,0.7,0.000718665,10.297,0.293282,-0.0100794,0.014806,0,0,72.9764,0.591275,0.0140428,10.297,0.000718665,0.01469520096896135,0.15131648437739503,0.00011079903103864905,-0.16139588437739502
8.16,0.7,0.000718665,10.2839,0.289606,-0.00182378,0.015,0,0,73.1824,0.594173,0.0140924,10.2839,0.000718665,0.014692075503055664,0.15109183526587414,0.0003079244969443357,-0.15291561526587413
8.18,0.7,0.000718665,10.2961,0.283719,0.00230989,0.014084,0,0,73.3881,0.597077,0.014142,10.2961,0.000718665,0.01469498624468937,0.15130104787394622,-0.0006109862446893703,-0.1489911578739462
8.2,0.7,0.000718665,10.281,0.277431,0.00207969,0.0138,0,0,73.5941,0.599995,0.0141916,10.281,0.000718665,0.014691383595914213,0.15104211474959403,-0.0008913835959142129,-0.14896242474959404
8.22,0.7,0.000718665,10.2918,0.273064,-0.00157698,0.0142,0,0,73.7997,0.602919,0.0142411,10.2918,0.000718665,0.014693960334959347,0.15122730097533463,-0.0004939603349593466,-0.15280428097533463
8.24,0.7,0.000718665,10.3026,0.271574,-0.00806158,0.0143954,0,0,74.0056,0.605856,0.0142907,10.3026,0.000718665,0.01469653702315937,0.15141254233480173,-0.0003011370231593702,-0.15947412233480174
8.26,0.7,0.000718665,10.289,0.272302,-0.0169124,0.0147917,0,0,74.2117,0.608807,0.0143404,10.289,0.000718665,0.014693292296383342,0.1511792844374882,9.8407703616658e-05,-0.1680916844374882
8.28,0.7,0.000718665,10.2996,0.273606,-0.0263506,0.01424,0,0,74.4175,0.611763,0.0143899,10.2996,0.000718665,0.014695821281540353,0.15136108087135303,-0.0004558212815403539,-0.17771168087135303
8.3,0.7,0.000718665,10.319,0.274007,-0.0330308,0.0142,0,0,74.6235,0.614733,0.0144396,10.319,0.000718665,0.014700449674563928,0.1516939401918252,-0.0005004496745639273,-0.1847247401918252
8.32,0.8,0.000821331,10.2865,0.272859,-0.0333444,0.0142,0,0,74.8299,0.617719,0.0144911,10.2865,0.000821331,0.015045502471027603,0.15476556116822543,-0.000845502471027602,-0.18810996116822543
8.34,0.8,0.000821331,10.3056,0.269994,-0.0252472,0.0133892,0,0,75.0357,0.620707,0.0145495,10.3056,0.000821331,0.015050710389006586,0.15510660098494627,-0.0016615103890065853,-0.18035380098494627
8.36,0.8,0.000821331,10.3082,0.265941,-0.00954939,0.0128,0,0,75.2419,0.623713,0.0146062,10.3082,0.000821331,0.01505141930618481,0.15515304049201425,-0.0022514193061848094,-0.16470243049201425
8.38,0.888494,0.000912185,10.2901,0.262382,0.0102384,0.013154,0,0,75.448,0.62673,0.0146645,10.2901,0.000912185,0.015358808001020626,0.15804367021130236,-0.0022048080010206254,-0.14780527021130235
8.4,0.9,0.000923998,10.2919,0.260845,0.0292314,0.0140162,0,0,75.6539,0.629756,0.0147292,10.2919,0.000923998,0.015399969074597033,0.1584949417188452,-0.0013837690745970334,-0.12926354171884522
8.42,0.9,0.000923998,10.308,0.261334,0.0423011,0.0147928,0,0,75.8597,0.632795,0.0147932,10.308,0.000923998,0.015404907703463661,0.15879378860730342,-0.0006121077034636612,-0.11649268860730341
8.44,1.0,0.00102666,10.3194,0.262953,0.0450542,0.0145967,0,0,76.0659,0.635852,0.0148588,10.3194,0.00102666,0.015762318831236008,0.16265767294705685,-0.0011656188312360073,-0.11760347294705685
8.46,1.09983,0.00112915,10.3139,0.264989,0.0358058,0.0145997,0,0,76.2724,0.638927,0.0149334,10.3139,0.00112915,0.01611357862634321,0.16619383859424125,-0.0015138786263432097,-0.13038803859424125
8.48,1.1,0.00112933,10.3408,0.267056,0.0171998,0.0153749,0,0,76.4787,0.642016,0.0150133,10.3408,0.00112933,0.016124283476823254,0.1667379905771339,-0.0007493834768232538,-0.1495381905771339
8.5,1.2,0.001232,10.3419,0.268765,-0.00465866,0.0159857,0,0,76.6855,0.64513,0.0150933,10.3419,0.001232,0.0164794047359844,0.1704283558390771,-0.000493704735984403,-0.1750870158390771
8.52,1.3,0.00133466,10.3527,0.269397,-0.0228454,0.0151992,0,0,76.8924,0.648262,0.0151823,10.3527,0.00133466,0.016838863991482662,0.17432770724462257,-0.0016396639914826629,-0.19717310724462256
8.54,1.3,0.00133466,10.3359,0.268045,-0.0321991,0.0154,0,0,77.0995,0.651416,0.0152767,10.3359,0.00133466,0.016831420884709188,0.1739678831222657,-0.001431420884709187,-0.2061669831222657
8.56,1.3,0.00133466,10.328,0.264731,-0.0308325,0.0152117,0,0,77.3062,0.654584,0.0153692,10.328,0.00133466,0.016827920773019568,0.1737987657437461,-0.0016162207730195683,-0.20463126574374607
8.58,1.3,0.00133466,10.3462,0.261069,-0.0201997,0.0159437,0,0,77.5128,0.657769,0.0154616,10.3462,0.00133466,0.016835984245265438,0.17418846019836526,-0.0008922842452654366,-0.19438816019836525
8.6,1.3,0.00133466,10.3277,0.258871,-0.00409849,0.0162047,0,0,77.7198,0.660978,0.0155542,10.3277,0.00133466,0.016827787856386365,0.17379234464440146,-0.0006230878563863659,-0.17789083464440147
8.62,1.3,0.00133466,10.3251,0.258747,0.0124566,0.0164,0,0,77.9263,0.664201,0.0156466,10.3251,0.00133466,0.01682663590916971,0.1737366984257682,-0.00042663590916970986,-0.16128009842576818
8.64,1.4,0.00143733,10.3416,0.260367,0.024335,0.0170012,0,0,78.1329,0.667443,0.0157408,10.3416,0.00143733,0.01718864509891414,0.17775809215493046,-0.00018744509891413866,-0.15342309215493047
8.66,1.4,0.00143733,10.325,0.262445,0.0281019,0.0168023,0,0,78.3397,0.67071,0.0158422,10.325,0.00143733,0.017180724688058084,0.1773909824041997,-0.00037842468805808493,-0.1492890824041997
8.68,1.4,0.00143733,10.3519,0.262533,0.0237322,0.0167868,0,0,78.5462,0.673992,0.0159417,10.3519,0.00143733,0.017193559449383337,0.17798600806407136,-0.0004067594493833357,-0.15425380806407135
8.7,1.4,0.00143733,10.3582,0.258762,0.0143907,0.0171933,0,0,78.7533,0.677304,0.0160414,10.3582,0.00143733,0.017196565268390588,0.17812546236304339,-3.2652683905863567e-06,-0.16373476236304338
8.72,1.4,0.00143733,10.3639,0.251533,0.00464328,0.0176,0,0,78.9605,0.680638,0.0161413,10.3639,0.00143733,0.01719928478891661,0.17825166762385286,0.00040071521108338976,-0.17360838762385286
8.74,1.5,0.00154,10.3613,0.242641,-0.00140603,0.0167856,0,0,79.1678,0.683995,0.0162429,10.3613,0.00154,0.01755341465932252,0.18187619530963842,-0.0007678146593225188,-0.18328222530963842
8.76,1.5,0.00154,10.3744,0.234105,-0.00149408,0.0164,0,0,79.375,0.687372,0.0163517,10.3744,0.00154,0.017560111155444348,0.18217561717104183,-0.0011601111554443468,-0.18366969717104184
8.78,1.5,0.00154,10.3438,0.228056,0.00411016,0.0166,0,0,79.5826,0.690777,0.0164588,10.3438,0.00154,0.017544468706671014,0.18147647540806364,-0.0009444687066710138,-0.17736631540806364
8.8,1.5,0.00154,10.3528,0.225854,0.0126405,0.0164,0,0,79.7894,0.694194,0.0165656,10.3528,0.00154,0.017549069518256667,0.18168200690860764,-0.0011490695182566658,-0.16904150690860764
8.82,1.5,0.00154,10.3501,0.227141,0.0200035,0.0164126,0,0,79.9965,0.697635,0.0166724,10.3501,0.00154,0.017547689282768696,0.18162033884558426,-0.0011350892827686962,-0.16161683884558425
8.84,1.5,0.00154,10.3555,0.230552,0.0230718,0.0158018,0,0,80.2035,0.701098,0.0167793,10.3555,0.00154,0.017550449746895496,0.1817436823539763,-0.0017486497468954948,-0.1586718823539763
8.86,1.5,0.00154,10.3556,0.234677,0.0209587,0.0173799,0,0,80.4107,0.704585,0.0168862,10.3556,0.00154,0.017550500866343157,0.1817459667715032,-0.00017060086634315685,-0.1607872667715032
8.88,1.5,0.00154,10.3606,0.238298,0.0141983,0.0174333,0,0,80.6178,0.708094,0.0169931,10.3606,0.00154,0.017553056826742144,0.18186020055914465,-0.0001197568267421456,-0.16766190055914465
8.9,1.5,0.00154,10.3612,0.240821,0.00394316,0.0170037,0,0,80.825,0.711627,0.0171001,10.3612,0.00154,0.017553363540410677,0.1818739103149031,-0.0005496635404106769,-0.1779307503149031
8.92,1.5,0.00154,10.3665,0.242403,-0.00771016,0.0175774,0,0,81.0323,0.715182,0.017207,10.3665,0.00154,0.017556072829779355,0.1819950289899077,2.1327170220644676e-05,-0.18970518898990768
8.94,1.5,0.00154,10.3806,0.243163,-0.0176173,0.0183998,0,0,81.2396,0.718761,0.0173141,10.3806,0.00154,0.017563280433172318,0.18231738886458856,0.0008365195668276829,-0.19993468886458857
8.96,1.5,0.00154,10.3418,0.243005,-0.022479,0.0178018,0,0,81.4472,0.722368,0.0174212,10.3418,0.00154,0.017543446293768153,0.18143081288089147,0.00025835370623184667,-0.20390981288089147
8.98,1.5,0.00154,10.3791,0.241909,-0.0204795,0.0172,0,0,81.6541,0.725983,0.017528,10.3791,0.00154,0.01756251367575141,0.18228308569199148,-0.0003625136757514115,-0.2027625856919915
9.0,1.5,0.00154,10.3664,0.239571,-0.0129238,0.0176,0,0,81.8617,0.729633,0.0176352,10.3664,0.00154,0.017556021711356576,0.1819927434686068,4.3978288643425206e-05,-0.19491654346860682
9.02,1.5,0.00154,10.353,0.235606,-0.00408815,0.0176,0,0,82.069,0.733301,0.0177422,10.353,0.00154,0.01754917175765,0.18168657520695045,5.082824235000047e-05,-0.18577472520695046
9.04,1.5,0.00154,10.3555,0.230388,0.00128652,0.0175977,0,0,82.2761,0.736987,0.0178491,10.3555,0.00154,0.017550449746895496,0.1817436823539763,4.7250253104504786e-05,-0.1804571623539763
9.06,1.5,0.00154,10.35,0.224971,0.000680778,0.016997,0,0,82.4832,0.740695,0.017956,10.35,0.00154,0.017547638162804295,0.18161805498502445,-0.0005506381628042935,-0.18093727698502446
9.08,1.5,0.00154,10.3527,0.220383,-0.00538748,0.0164095,0,0,82.6902,0.744424,0.0180628,10.3527,0.00154,0.017549018398545908,0.1816797227746262,-0.0011395183985459072,-0.1870672027746262
9.1,1.5,0.00154,10.3555,0.216951,-0.01442,0.016,0,0,82.8973,0.748175,0.0181697,10.3555,0.00154,0.017550449746895496,0.1817436823539763,-0.0015504497468954957,-0.1961636823539763
9.12,1.5,0.00154,10.3862,0.214305,-0.0233771,0.0164078,0,0,83.1044,0.75195,0.0182766,10.3862,0.00154,0.017566142975481088,0.18244547417194168,-0.001158342975481088,-0.2058225741719417
9.14,1.5,0.00154,10.3941,0.212367,-0.0293032,0.0167774,0,0,83.3122,0.755758,0.0183839,10.3941,0.00154,0.017570181154547466,0.1826262199384818,-0.0007927811545474645,-0.2119294199384818
9.16,1.5,0.00154,10.3836,0.211418,-0.0299682,0.016211,0,0,83.5201,0.759592,0.0184912,10.3836,0.00154,0.017564813941655363,0.18238600204457261,-0.0013538139416553636,-0.21235420204457262
9.18,1.5,0.00154,10.3938,0.210867,-0.0249753,0.016,0,0,83.7277,0.763443,0.0185984,10.3938,0.00154,0.01757002780705029,0.1826193550209193,-0.0015700278070502893,-0.2075946550209193
9.2,1.5,0.00154,10.3722,0.209405,-0.0157424,0.0166003,0,0,83.9356,0.767321,0.0187057,10.3722,0.00154,0.0175589865643247,0.18212532044248864,-0.0009586865643247018,-0.19786772044248863
9.22,1.5,0.00154,10.3508,0.206736,-0.00437428,0.0168,0,0,84.1431,0.771213,0.0188127,10.3508,0.00154,0.01754804712225648,0.18163632615305236,-0.0007480471222564809,-0.18601060615305237
9.24,1.5,0.00154,10.35,0.203943,0.00686803,0.0177846,0,0,84.3501,0.775119,0.0189196,10.35,0.00154,0.017547638162804295,0.18161805498502445,0.00023696183719570593,-0.17475002498502445
9.26,1.5,0.00154,10.361,0.202032,0.0157493,0.0180088,0,0,84.5571,0.779047,0.0190265,10.361,0.00154,0.017553261302558777,0.1818693403558115,0.0004555386974412212,-0.16612004035581152
9.28,1.5,0.00154,10.3638,0.200797,0.0206054,0.0172274,0,0,84.7643,0.783002,0.0191334,10.3638,0.00154,0.017554692629062525,0.18193332346907817,-0.00032729262906252415,-0.16132792346907818
9.3,1.4,0.00143733,10.3748,0.199122,0.0204745,0.017,0,0,84.9716,0.786979,0.0192386,10.3748,0.00143733,0.017204485196108156,0.1784930930125829,-0.0002044851961081548,-0.1580185930125829
9.32,1.4,0.00143733,10.3911,0.196437,0.0150969,0.0164147,0,0,85.1791,0.790982,0.0193368,10.3911,0.00143733,0.017212261756990463,0.1788543331430636,-0.0007975617569904621,-0.1637574331430636
9.34,1.4,0.00143733,10.3861,0.193861,0.00570099,0.0173961,0,0,85.3869,0.795011,0.0194369,10.3861,0.00143733,0.01720987633371224,0.17874349658956873,0.00018622366628776033,-0.17304250658956874
9.36,1.3,0.00133466,10.4026,0.19346,-0.00494588,0.0166153,0,0,85.5946,0.79906,0.0195352,10.4026,0.00133466,0.016860970434318216,0.17539793104003867,-0.0002456704343182167,-0.18034381104003866
9.38,1.3,0.00133466,10.4107,0.196193,-0.0141794,0.0165811,0,0,85.8027,0.803134,0.0196265,10.4107,0.00133466,0.016864558662982438,0.17557186087271126,-0.00028345866298243663,-0.18975126087271127
9.4,1.3,0.00133466,10.4193,0.200661,-0.0204633,0.0164058,0,0,86.0109,0.807231,0.0197196,10.4193,0.00133466,0.016868368328450824,0.17575659012462766,-0.0004625683284508221,-0.19621989012462765
9.42,1.3,0.00133466,10.3898,0.203838,-0.0230378,0.0169738,0,0,86.2193,0.81135,0.0198129,10.3898,0.00133466,0.01685530003763541,0.17512319633102436,0.00011849996236459187,-0.19816099633102435
9.44,1.3,0.00133466,10.3833,0.203241,-0.0220038,0.0167988,0,0,86.4271,0.815477,0.0199058,10.3833,0.00133466,0.01685242048805718,0.17498373765364414,-5.3620488057182225e-05,-0.19698753765364413
9.46,1.3,0.00133466,10.3889,0.198928,-0.0186082,0.0162003,0,0,86.6347,0.819621,0.0199987,10.3889,0.00133466,0.016854901332829346,0.17510388445663078,-0.0006546013328293451,-0.19371208445663077
9.48,1.3,0.00133466,10.3808,0.193269,-0.0145682,0.016774,0,0,86.8425,0.823787,0.0200917,10.3808,0.00133466,0.016851312959800732,0.17493010957309946,-7.731295980073147e-05,-0.18949830957309946
9.5,1.3,0.00133466,10.3887,0.188473,-0.0113956,0.0177904,0,0,87.0501,0.827968,0.0201846,10.3887,0.00133466,0.016854812731671456,0.17509959302551525,0.000935587268328545,-0.18649519302551526
9.52,1.3,0.00133466,10.3996,0.18509,-0.0102296,0.0178,0,0,87.2579,0.832172,0.0202775,10.3996,0.00133466,0.01685964144711558,0.17533352719342316,0.000940358552884421,-0.18556312719342316
9.54,1.3,0.00133466,10.4055,0.183146,-0.0111745,0.0181943,0,0,87.4659,0.8364,0.0203706,10.4055,0.00133466,0.016862255114948738,0.1754601955985991,0.0013320448850512624,-0.1866346955985991
9.56,1.20275,0.00123482,10.4056,0.183501,-0.0127431,0.0174165,0,0,87.674,0.840649,0.0204619,10.4056,0.00123482,0.01651525661529023,0.17185115423606404,0.0009012433847097705,-0.18459425423606404
9.58,1.2,0.001232,10.4222,0.186982,-0.0125595,0.0160003,0,0,87.8821,0.844917,0.0205463,10.4222,0.001232,0.01651224225645132,0.17209389124518693,-0.0005119422564513199,-0.18465339124518693
9.6,1.2,0.001232,10.4028,0.192347,-0.00841591,0.0162,0,0,88.0905,0.849209,0.0206323,10.4028,0.001232,0.01650430935331858,0.17169102934070252,-0.00030430935331858186,-0.18010693934070252
9.62,1.10533,0.0011348,10.4163,0.196148,0.00111879,0.0162,0,0,88.2986,0.853511,0.0207165,10.4163,0.0011348,0.016171618400259907,0.16844842874262728,2.8381599740091856e-05,-0.16732963874262727
9.64,1.1,0.00112933,10.4167,0.195134,0.0158391,0.0156045,0,0,88.5069,0.857836,0.020794,10.4167,0.00112933,0.016152735250961614,0.16825819728869185,-0.0005482352509616137,-0.15241909728869185
9.66,1.1,0.00112933,10.4029,0.188547,0.0330053,0.0156,0,0,88.7152,0.862176,0.0208727,10.4029,0.00112933,0.01614756249728979,0.16798147790305595,-0.0005475624972897906,-0.13497617790305594
9.68,1.1,0.00112933,10.3974,0.178785,0.0476858,0.0156,0,0,88.9233,0.866528,0.0209515,10.3974,0.00112933,0.016145500855814954,0.16787123059825038,-0.0005455008558149545,-0.12018543059825038
9.7,1.1,0.00112933,10.4082,0.170148,0.05404,0.0159891,0,0,89.1312,0.870893,0.0210302,10.4082,0.00112933,0.01614954915017175,0.16808773746481762,-0.00016044915017175004,-0.11404773746481761
9.72,1.1,0.00112933,10.3861,0.165629,0.047104,0.0166,0,0,89.3394,0.87528,0.021109,10.3861,0.00112933,0.0161412650540318,0.1676447929776797,0.00045873494596819844,-0.1205407929776797
9.74,1.1,0.00112933,10.3847,0.164676,0.0255294,0.0165896,0,0,89.5471,0.879673,0.0211876,10.3847,0.00112933,0.01614074025828409,0.1676167453602028,0.0004488597417159103,-0.1420873453602028
9.76,1.1,0.00112933,10.4321,0.164358,-0.00633998,0.0162103,0,0,89.7548,0.884082,0.0212662,10.4321,0.00112933,0.01615850758833494,0.16856716701226893,5.179241166506157e-05,-0.17490714701226892
9.78,1.1,0.00112933,10.428,0.162064,-0.0392066,0.016,0,0,89.9634,0.888528,0.0213452,10.428,0.00112933,0.01615697081328621,0.1684848916409486,-0.00015697081328620854,-0.2076914916409486
9.8,1.1,0.00112933,10.433,0.156954,-0.0626779,0.0162,0,0,90.1719,0.892988,0.0214241,10.433,0.00112933,0.016158844927637618,0.16858522913004326,4.115507236238103e-05,-0.23126312913004327
9.82,1.1,0.00112933,10.4063,0.14969,-0.0702995,0.0162,0,0,90.3806,0.897467,0.0215031,10.4063,0.00112933,0.016148836956092143,0.16804964201618167,5.116304390785642e-05,-0.23834914201618168
9.84,1.1,0.00112933,10.3945,0.141722,-0.0619137,0.0152057,0,0,90.5887,0.901951,0.0215819,10.3945,0.00112933,0.016144413800063963,0.16781310924476486,-0.000938713800063962,-0.22972680924476485
9.86,1.1,0.00112933,10.4027,0.13486,-0.0421376,0.015,0,0,90.7965,0.906446,0.0216606,10.4027,0.00112933,0.016147487528875713,0.16797746851663536,-0.0011474875288757132,-0.21011506851663536
9.88,1.1,0.00112933,10.3681,0.13136,-0.0172507,0.0158,0,0,91.0046,0.910961,0.0217393,10.3681,0.00112933,0.016134517576937384,0.1672842916894445,-0.00033451757693738274,-0.1845349916894445
9.9,1.1,0.00112933,10.3667,0.133444,0.00727956,0.0154173,0,0,91.2119,0.915477,0.0218178,10.3667,0.00112933,0.01613399276378855,0.16725626278436675,-0.0007166927637885494,-0.15997670278436676
9.92,1.1,0.00112933,10.4135,0.140706,0.0275151,0.0148039,0,0,91.4192,0.920009,0.0218963,10.4135,0.00112933,0.016151535783598795,0.16819401788250607,-0.001347635783598795,-0.14067891788250608
9.94,1.1,0.00112933,10.4136,0.148976,0.0405398,0.0152153,0,0,91.6275,0.924578,0.0219751,10.4136,0.00112933,0.0161515732670613,0.16819602337386955,-0.0009362732670612998,-0.12765622337386956
9.96,1.1,0.00112933,10.3925,0.153946,0.0442565,0.015986,0,0,91.8357,0.929163,0.022054,10.3925,0.00112933,0.016143664103053165,0.16777302919098003,-0.00015766410305316503,-0.12351652919098002
9.98,1.1,0.00112933,10.3781,0.154704,0.0380017,0.0156093,0,0,92.0436,0.933756,0.0221327,10.3781,0.00112933,0.0161382662029467,0.16748454048080114,-0.0005289662029466999,-0.12948284048080114
10.0,1.1,0.00112933,10.375,0.153002,0.0235,0.0154068,0,0,92.2511,0.938358,0.0222112,10.375,0.00112933,0.016137104136267073,0.16742245541377088,-0.0007303041362670733,-0.14392245541377088
10.02,1.0083,0.00103518,10.4124,0.150648,0.00545881,0.0152,0,0,92.4586,0.942975,0.0222881,10.4124,0.00103518,0.015823646707100913,0.16476213897301753,-0.0006236467071009128,-0.15930332897301752
10.04,1.0,0.00102666,10.3918,0.148424,-0.00967169,0.0152,0,0,92.6668,0.947624,0.0223586,10.3918,0.00102666,0.015786992310380298,0.16405526669100998,-0.0005869923103802976,-0.17372695669101
10.06,1.0,0.00102666,10.3807,0.146762,-0.0168086,0.0152,0,0,92.8746,0.952279,0.02243,10.3807,0.00102666,0.015783209711287466,0.16384076504996178,-0.0005832097112874659,-0.1806493650499618
10.08,1.0,0.00102666,10.3992,0.146107,-0.0143082,0.015384,0,0,93.0822,0.956943,0.0225014,10.3992,0.00102666,0.015789514000082362,0.1641983139896565,-0.0004055140000823621,-0.1785065139896565
10.1,1.0,0.00102666,10.3728,0.146402,-0.00407185,0.0159925,0,0,93.2902,0.961631,0.022573,10.3728,0.00102666,0.01578051754407635,0.16368815238119516,0.00021198245592364898,-0.16776000238119515
10.12,1.0,0.00102666,10.4028,0.146828,0.00892966,0.0167986,0,0,93.4976,0.966322,0.0226444,10.4028,0.00102666,0.015790740755590952,0.16426791793226153,0.0010078592444090484,-0.15533825793226153
10.14,1.0,0.00102666,10.3969,0.146228,0.0183414,0.0164,0,0,93.7056,0.971041,0.0227159,10.3969,0.00102666,0.015788730235349966,0.16415384938391006,0.0006112697646500354,-0.14581244938391005
10.16,1.0,0.00102666,10.3863,0.143911,0.0196832,0.0165919,0,0,93.9135,0.975772,0.0227875,10.3863,0.00102666,0.015785118059244787,0.16394897169873413,0.0008067819407552128,-0.1442657716987341
10.18,0.9,0.000923998,10.4098,0.139784,0.0129697,0.0164215,0,0,94.1213,0.980513,0.0228572,10.4098,0.000923998,0.015436131184045958,0.16068703839968163,0.0009853688159540408,-0.14771733839968162
10.2,0.9,0.000923998,10.4055,0.133969,0.00253702,0.0157993,0,0,94.3294,0.985278,0.0229199,10.4055,0.000923998,0.015434812432451268,0.16060694076587168,0.0003644875675487304,-0.15806992076587167
10.22,0.9,0.000923998,10.3894,0.126726,-0.00596399,0.0152239,0,0,94.5375,0.990055,0.0229843,10.3894,0.000923998,0.015429874688131683,0.16030714008487532,-0.00020597468813168297,-0.16627113008487532
10.24,0.9,0.000923998,10.3722,0.118711,-0.00925029,0.0146006,0,0,94.7453,0.994838,0.0230487,10.3722,0.000923998,0.015424599420409482,0.15998703010837123,-0.0008239994204094821,-0.16923732010837123
10.26,0.9,0.000923998,10.3916,0.111871,-0.00793589,0.0149979,0,0,94.9527,0.999626,0.0231129,10.3916,0.000923998,0.015430549419611948,0.1603480973488395,-0.00043264941961194785,-0.1682839873488395
10.28,0.8,0.000821331,10.397,0.109188,-0.0051844,0.0150165,0,0,95.1605,1.00444,0.0231755,10.397,0.000821331,0.015075629524018547,0.15674132016122083,-5.912952401854708e-05,-0.16192572016122084
10.3,0.8,0.000821331,10.3774,0.111824,-0.00405107,0.0148,0,0,95.3684,1.00926,0.0232309,10.3774,0.000821331,0.015070286167360279,0.15639038767316454,-0.0002702861673602782,-0.16044145767316453
10.32,0.8,0.000821331,10.3639,0.117584,-0.0054538,0.0144187,0,0,95.5759,1.01409,0.0232881,10.3639,0.000821331,0.015066605681916322,0.15614879462681255,-0.0006479056819163227,-0.16160259462681256
10.34,0.8,0.000821331,10.3917,0.122927,-0.00827863,0.014011,0,0,95.7831,1.01892,0.0233451,10.3917,0.000821331,0.015074184655811746,0.15664640468779892,-0.001063184655811747,-0.16492503468779893
10.36,0.703903,0.000722672,10.3944,0.125324,-0.0110936,0.0153844,0,0,95.9909,1.02378,0.0234006,10.3944,0.000722672,0.014732350191141927,0.15313394082680562,0.0006520498088580726,-0.16422754082680563
10.38,0.7,0.000718665,10.3919,0.124072,-0.0132766,0.0151084,0,0,96.1988,1.02865,0.0234492,10.3919,0.000718665,0.014717840462100264,0.15294632629809973,0.00039055953789973556,-0.16622292629809973
10.4,0.599423,0.000615406,10.4138,0.119921,-0.0149499,0.015,0,0,96.4066,1.03353,0.0234974,10.4138,0.000615406,0.01436385658734525,0.14958232972929597,0.0006361434126547494,-0.16453222972929596
10.42,0.5,0.000513332,10.3737,0.11447,-0.016585,0.015,0,0,96.6148,1.03843,0.0235368,10.3737,0.000513332,0.014001938625642186,0.14525191072082433,0.0009980613743578136,-0.16183691072082432
10.44,0.4,0.000410666,10.4053,0.109679,-0.0186654,0.0151971,0,0,96.8223,1.04331,0.0235689,10.4053,0.000410666,0.013650467643366056,0.14203721096951683,0.0015466323566339438,-0.16070261096951682
10.46,0.3,0.000307999,10.3863,0.106761,-0.0213558,0.0144114,0,0,97.0304,1.04822,0.023594,10.3863,0.000307999,0.013291666600677016,0.1380512368146117,0.001119733399322984,-0.1594070368146117
10.48,0.205137,0.000210607,10.3807,0.105708,-0.0241208,0.014,0,0,97.238,1.05312,0.0236119,10.3807,0.000210607,0.01295336598342183,0.13446500626410698,0.0010466340165781705,-0.15858580626410698
10.5,0.2,0.000205333,10.4104,0.105748,-0.0256746,0.0138177,0,0,97.4456,1.05803,0.0236248,10.4104,0.000205333,0.012937101408774547,0.13468040050590652,0.0008805985912254538,-0.1603550005059065
10.52,0.2,0.000205333,10.3439,0.10557,-0.0251171,0.0132236,0,0,97.6538,1.06295,0.023639,10.3439,0.000205333,0.012932569008939555,0.13377320057156986,0.00029103099106044493,-0.15889030057156986
10.54,0.2,0.000205333,10.3196,0.10414,-0.0236305,0.013,0,0,97.8606,1.06784,0.0236533,10.3196,0.000205333,0.0129309126704314,0.13344184639378387,6.908732956859877e-05,-0.15707234639378387
10.56,0.296198,0.000304096,10.3685,0.101152,-0.0244846,0.0131924,0,0,98.067,1.07272,0.0236692,10.3685,0.000304096,0.013276328125812713,0.1376556081724891,-8.392812581271315e-05,-0.1621402081724891
10.58,0.3,0.000307999,10.3614,0.0965454,-0.0307553,0.0126446,0,0,98.2743,1.07763,0.0236921,10.3614,0.000307999,0.013289120948111181,0.1376938977917592,-0.0006445209481111807,-0.1684491977917592
10.6,0.3,0.000307999,10.3557,0.0910745,-0.0422604,0.0120112,0,0,98.4815,1.08255,0.0237136,10.3557,0.000307999,0.013288538191956807,0.1376121149544471,-0.0012773381919568075,-0.17987251495444712
10.62,0.3,0.000307999,10.3689,0.0863364,-0.0540567,0.0121831,0,0,98.6886,1.08746,0.0237349,10.3689,0.000307999,0.013289887723215472,0.1378015168132489,-0.0011067877232154716,-0.19185821681324888
10.64,0.3,0.000307999,10.3447,0.0836819,-0.0589537,0.0129961,0,0,98.8959,1.09238,0.0237563,10.3447,0.000307999,0.013287413557555909,0.13745430702884862,-0.00029131355755590907,-0.1964080070288486
10.66,0.3,0.000307999,10.3637,0.0845024,-0.0529198,0.0124084,0,0,99.1028,1.0973,0.0237777,10.3637,0.000307999,0.013289356093601427,0.1377268997472571,-0.0008809560936014274,-0.19064669974725712
10.68,0.3,0.000307999,10.3505,0.0897893,-0.0381483,0.011447,0,0,99.31,1.10223,0.0237991,10.3505,0.000307999,0.013288006549436585,0.13753751178994336,-0.001841006549436584,-0.17568581178994336
10.7,0.2,0.000205333,10.37,0.0983219,-0.021037,0.0108078,0,0,99.517,1.10716,0.0238187,10.37,0.000205333,0.012934347956861237,0.13412918831265103,-0.0021265479568612373,-0.15516618831265103
10.72,0.2,0.000205333,10.3941,0.107303,-0.00812342,0.0110912,0,0,99.7243,1.1121,0.0238312,10.3941,0.000205333,0.012935990511039077,0.13445797897079126,-0.0018447905110390763,-0.14258139897079125
10.74,0.2,0.000205333,10.3384,0.114205,-0.00343479,0.0122441,0,0,99.9322,1.11706,0.0238455,10.3384,0.000205333,0.012932194123972587,0.1336981957312782,-0.0006880941239725859,-0.1371329857312782
10.76,0.2,0.000205333,10.3226,0.117054,-0.00765701,0.0131907,0,0,100.139,1.12199,0.0238597,10.3226,0.000205333,0.012931117160660225,0.13348275000263124,0.0002595828393397743,-0.14113976000263123
10.78,0.2,0.000205333,10.3275,0.114595,-0.0188932,0.0130189,0,0,100.345,1.12692,0.0238739,10.3275,0.000205333,0.012931451158949489,0.13354956184405087,8.744884105051087e-05,-0.15244276184405087
10.8,0.1,0.000102666,10.3389,0.107052,-0.0343707,0.0125848,0,0,100.552,1.13185,0.0238864,10.3389,0.000102666,0.012577632410908347,0.13003888373314032,7.167589091652826e-06,-0.16440958373314032
10.82,0.1,0.000102666,10.339,0.0965069,-0.0517723,0.0122,0,0,100.759,1.13679,0.0238917,10.339,0.000102666,0.012577635818950633,0.1300401767321306,-0.00037763581895063243,-0.1818124767321306
10.84,0.1,0.000102666,10.3529,0.0860932,-0.0690558,0.0123881,0,0,100.965,1.14173,0.0238988,10.3529,0.000102666,0.012578109530739123,0.13021991016078907,-0.00019000953073912245,-0.19927571016078907
10.86,0.1,0.000102666,10.3582,0.0777328,-0.0823921,0.0118187,0,0,101.172,1.14668,0.0239059,10.3582,0.000102666,0.01257829015147246,0.13028844504698203,-0.0007595901514724605,-0.21268054504698203
10.88,0.1,0.000102666,10.3445,0.0707426,-0.0853779,0.0115965,0,0,101.379,1.15163,0.0239131,10.3445,0.000102666,0.0125778232603128,0.13011129271630575,-0.0009813232603128,-0.21548919271630576
10.9,0.1,0.000102666,10.3472,0.0637712,-0.072952,0.0112164,0,0,101.586,1.15658,0.0239202,10.3472,0.000102666,0.012577915276288739,0.13014620494681484,-0.001361515276288739,-0.20309820494681485
10.92,0.1,0.000102666,10.339,0.0573468,-0.0463207,0.0109944,0,0,101.793,1.16153,0.0239273,10.339,0.000102666,0.012577635818950633,0.1300401767321306,-0.0015832358189506335,-0.1763608767321306
10.94,0.1,0.000102666,10.3443,0.0535574,-0.0131957,0.0112028,0,0,102.0,1.16648,0.0239344,10.3443,0.000102666,0.01257781644429643,0.13010870664473556,-0.0013750164442964292,-0.14330440664473557
10.96,0.1,0.000102666,10.3278,0.0542773,0.0158813,0.0114004,0,0,102.207,1.17143,0.0239415,10.3278,0.000102666,0.012577254114327875,0.12989536504195542,-0.001176854114327875,-0.11401406504195542
10.98,0.1,0.000102666,10.314,0.0596915,0.0319309,0.011405,0,0,102.413,1.17638,0.0239486,10.314,0.000102666,0.01257678378892536,0.12971694799897618,-0.00117178378892536,-0.09778604799897618
11.0,0.1,0.000102666,10.3305,0.0677418,0.031318,0.0115982,0,0,102.62,1.18132,0.0239557,10.3305,0.000102666,0.012577346133123923,0.1299302742282367,-0.0009791461331239235,-0.0986122742282367
11.02,0.1,0.000102666,10.336,0.0756615,0.0167261,0.0127621,0,0,102.826,1.18627,0.0239628,10.336,0.000102666,0.012577533577410021,0.13000138705610997,0.00018456642258997923,-0.11327528705610998
11.04,0.1,0.000102666,10.3527,0.0818947,-0.00598471,0.0128018,0,0,103.033,1.19122,0.02397,10.3527,0.000102666,0.012578102714827939,0.13021732397579922,0.00022369728517206144,-0.13620203397579922
11.06,0.1,0.000102666,10.3638,0.085628,-0.0314539,0.0118075,0,0,103.24,1.19619,0.0239771,10.3638,0.000102666,0.01257848099410829,0.1303608613267395,-0.0007709809941082897,-0.1618147613267395
11.08,0.1,0.000102666,10.345,0.085757,-0.0551802,0.0121649,0,0,103.447,1.20116,0.0239842,10.345,0.000102666,0.012577840300342768,0.13011775790704594,-0.00041294030034276855,-0.18529795790704595
11.1,0.1,0.000102666,10.339,0.0822205,-0.0729123,0.0128,0,0,103.654,1.20612,0.0239913,10.339,0.000102666,0.012577635818950633,0.1300401767321306,0.0002223641810493674,-0.20295247673213063
11.12,0.1,0.000102666,10.3223,0.0771443,-0.0825724,0.0124031,0,0,103.861,1.21108,0.0239984,10.3223,0.000102666,0.012577066667223273,0.12982425525907879,-0.00017396666722327252,-0.2123966552590788
11.14,0.1,0.000102666,10.3271,0.0726353,-0.0851874,0.0118,0,0,104.067,1.21604,0.0240056,10.3271,0.000102666,0.01257723025752861,0.1298863145925237,-0.0007772302575286098,-0.2150737145925237
11.16,0.1,0.000102666,10.2823,0.0688242,-0.0820316,0.0118,0,0,104.273,1.221,0.0240127,10.2823,0.000102666,0.01257570335878232,0.12930715464600745,-0.0007757033587823207,-0.21133875464600743
11.18,0.1,0.000102666,10.2552,0.0647283,-0.0733068,0.0121383,0,0,104.479,1.22593,0.0240197,10.2552,0.000102666,0.012574779660722403,0.12895688037664038,-0.0004364796607224039,-0.2022636803766404
11.2,0.1,0.000102666,10.2777,0.0585102,-0.060242,0.0123916,0,0,104.684,1.23086,0.0240268,10.2777,0.000102666,0.01257554657192222,0.12924769500224498,-0.00018394657192222046,-0.18948969500224497
11.22,0.1,0.000102666,10.2696,0.0481677,-0.0458357,0.0118097,0,0,104.89,1.2358,0.0240339,10.2696,0.000102666,0.012575270487513666,0.12914299779857036,-0.0007655704875136667,-0.17497869779857037
11.24,0.1,0.000102666,10.2611,0.0345563,-0.0334318,0.0115959,0,0,105.095,1.24074,0.0240409,10.2611,0.000102666,0.012574980764923117,0.1290331351269526,-0.0009790807649231181,-0.1624649351269526
11.26,0.1,0.000102666,10.2585,0.0209423,-0.0254225,0.0101893,0,0,105.3,1.24567,0.024048,10.2585,0.000102666,0.012574892142999273,0.12899953104895803,-0.0023855921429992728,-0.15442203104895802
11.28,0.1,0.000102666,10.2719,0.00883986,-0.0224904,0.0092183,0,0,105.505,1.25061,0.0240551,10.2719,0.000102666,0.01257534888226652,0.12917272618375347,-0.00335704888226652,-0.15166312618375347
11.3,0.1,0.000102666,10.2805,-0.00209729,-0.0238012,0.008406,0,0,105.711,1.25555,0.0240621,10.2805,0.000102666,0.012575642007559035,0.12928388765871066,-0.0041696420075590344,-0.15308508765871065
11.32,0.1,0.000102666,10.2509,-0.0104057,-0.0283682,0.00876142,0,0,105.916,1.2605,0.0240692,10.2509,0.000102666,0.012574633091893122,0.1289013063616872,-0.003813213091893121,-0.1572695063616872
11.34,0.1,0.000102666,10.2306,-0.012115,-0.0357083,0.0096,0,0,106.121,1.26543,0.0240762,10.2306,0.000102666,0.012573941135195195,0.12863896217772797,-0.002973941135195196,-0.16434726217772797
11.36,0.2,0.000205333,10.2528,-0.00381262,-0.0443376,0.0094009,0,0,106.326,1.27036,0.024085,10.2528,0.000205333,0.012926359064129766,0.13253137421270966,-0.0035254590641297656,-0.17686897421270967
11.38,0.2,0.000205333,10.2421,0.0150174,-0.050186,0.00997222,0,0,106.531,1.2753,0.0241009,10.2421,0.000205333,0.012925629617567765,0.13238559110609083,-0.002953409617567765,-0.18257159110609084
11.4,0.2,0.000205333,10.2307,0.0419573,-0.0484069,0.0119689,0,0,106.735,1.28023,0.024115,10.2307,0.000205333,0.012924852434587977,0.13223028780253923,-0.000955952434587978,-0.18063718780253923
11.42,0.2,0.000205333,10.2529,0.0712273,-0.0377036,0.0124,0,0,106.94,1.28517,0.0241291,10.2529,0.000205333,0.012926365881320373,0.13253273674458965,-0.0005263658813203734,-0.17023633674458966
11.44,0.2,0.000205333,10.2865,0.0937112,-0.0215682,0.0128116,0,0,107.145,1.29012,0.0241432,10.2865,0.000205333,0.012928656387036257,0.13299062392524846,-0.00011705638703625801,-0.15455882392524847
11.46,0.2,0.000205333,10.2997,0.101457,-0.0053209,0.0131905,0,0,107.351,1.29509,0.0241574,10.2997,0.000205333,0.012929556190141652,0.13317054989160199,0.0002609438098583484,-0.13849144989160198
11.48,0.2,0.000205333,10.2807,0.0929012,0.00648133,0.0126073,0,0,107.557,1.30007,0.0241715,10.2807,0.000205333,0.012928261012144398,0.1329115729875529,-0.00032096101214439815,-0.1264302429875529
11.5,0.199158,0.000204469,10.2778,0.0724849,0.011037,0.012,0,0,107.762,1.30504,0.0241857,10.2778,0.000204469,0.01292509672691523,0.13284155913988935,-0.0009250967269152297,-0.12180455913988934
11.52,0.1,0.000102666,10.2778,0.0475632,0.00737996,0.0121878,0,0,107.968,1.31001,0.024198,10.2778,0.000102666,0.012575549980346216,0.12924898758800232,-0.0003877499803462154,-0.12186902758800232
11.54,0.1,0.000102666,10.2639,0.026339,-0.00474339,0.0118008,0,0,108.173,1.31498,0.0242033,10.2639,0.000102666,0.012575076203448613,0.1290693246445762,-0.000774276203448613,-0.13381271464457622
11.56,0.1,0.000102666,10.275,0.0145959,-0.0253752,0.0121972,0,0,108.379,1.31995,0.0242104,10.275,0.000102666,0.012575454544239242,0.12921279544205821,-0.00037825454423924196,-0.1545879954420582
11.58,0.1,0.000102666,10.275,0.0123397,-0.0529268,0.0129684,0,0,108.584,1.32493,0.0242174,10.275,0.000102666,0.012575454544239242,0.12921279544205821,0.0003929454557607577,-0.1821395954420582
11.6,0.2,0.000205333,10.2581,0.0150042,-0.082894,0.0122,0,0,108.789,1.32991,0.0242263,10.2581,0.000205333,0.012926720373521673,0.13260359026362267,-0.0007267203735216721,-0.21549759026362267
11.62,0.2,0.000205333,10.25,0.0180336,-0.109159,0.012404,0,0,108.995,1.33488,0.0242422,10.25,0.000205333,0.012926168182289071,0.132493223868463,-0.0005221681822890709,-0.241652223868463
11.64,0.2,0.000205333,10.25,0.0191372,-0.127049,0.0126,0,0,109.199,1.33985,0.0242563,10.25,0.000205333,0.012926168182289071,0.132493223868463,-0.00032616818228907093,-0.259542223868463
11.66,0.2,0.000205333,10.2363,0.0172448,-0.134576,0.0126,0,0,109.404,1.34482,0.0242704,10.2363,0.000205333,0.012925234210695288,0.13230657495094017,-0.00032523421069528824,-0.26688257495094014
11.68,0.2,0.000205333,10.2169,0.0124286,-0.130993,0.012806,0,0,109.609,1.34979,0.0242845,10.2169,0.000205333,0.012923911612610054,0.13204231255487567,-0.00011791161261005476,-0.26303531255487567
11.7,0.2,0.000205333,10.2357,0.00660244,-0.115891,0.0126173,0,0,109.813,1.35475,0.0242985,10.2357,0.000205333,0.01292519330629816,0.13229840112527608,-0.0003078933062981605,-0.24818940112527607
11.72,0.2,0.000205333,10.2497,0.00189905,-0.0902532,0.0116,0,0,110.018,1.35973,0.0243126,10.2497,0.000205333,0.012926147730605592,0.13248913639438814,-0.0013261477306055931,-0.22274233639438815
11.74,0.2,0.000205333,10.2147,-0.000782377,-0.057481,0.011388,0,0,110.223,1.36471,0.0243267,10.2147,0.000205333,0.012923761624320419,0.13201234786394578,-0.0015357616243204184,-0.18949334786394578
11.76,0.2,0.000205333,10.2384,-0.00140611,-0.022944,0.0110074,0,0,110.427,1.36969,0.0243408,10.2384,0.000205333,0.012925377375733996,0.13233518372371494,-0.0019179773757339955,-0.15527918372371494
11.78,0.2,0.000205333,10.2415,-0.000726075,0.00728367,0.0117431,0,0,110.632,1.37467,0.0243549,10.2415,0.000205333,0.012925588713601879,0.13237741681035364,-0.0011824887136018796,-0.12509374681035365
11.8,0.2,0.000205333,10.2167,0.000226315,0.0270017,0.011591,0,0,110.837,1.37966,0.024369,10.2167,0.000205333,0.012923897977335726,0.1320395884650459,-0.0013328979773357258,-0.1050378884650459
11.82,0.2,0.000205333,10.2193,0.00161102,0.0308735,0.0114,0,0,111.041,1.38464,0.024383,10.2193,0.000205333,0.012924075235516143,0.13207500205431014,-0.0015240752355161428,-0.10120150205431014
11.84,0.2,0.000205333,10.225,0.00465325,0.0171988,0.0114,0,0,111.245,1.38962,0.0243971,10.225,0.000205333,0.012924463837062469,0.13215264273396374,-0.0015244638370624682,-0.11495384273396374
11.86,0.2,0.000205333,10.236,0.00984321,-0.0107094,0.0119948,0,0,111.45,1.39461,0.0244112,10.236,0.000205333,0.012925213758502299,0.13230248803202954,-0.0009304137585022989,-0.14301188803202955
11.88,0.3,0.000307999,10.2201,0.0159966,-0.0462451,0.0123822,0,0,111.654,1.39961,0.024427,10.2201,0.000307999,0.01327467293648479,0.1356684848781682,-0.0008924729364847908,-0.18191358487816822
11.9,0.300919,0.000308943,10.225,0.0206108,-0.0809349,0.0130037,0,0,111.859,1.40461,0.0244499,10.225,0.000308943,0.013278398759689768,0.13577162731782788,-0.000274698759689768,-0.21670652731782789
11.92,0.4,0.000410666,10.2305,0.021338,-0.105105,0.0135958,0,0,112.063,1.40961,0.0244728,10.2305,0.000410666,0.01362663757993315,0.13940731576150608,-3.0837579933150686e-05,-0.2445123157615061
11.94,0.4,0.000410666,10.2246,0.0180606,-0.110713,0.012587,0,0,112.268,1.41462,0.0245027,10.2246,0.000410666,0.013625833114408232,0.13931869326157842,-0.0010388331144082323,-0.2500316932615784
11.96,0.493915,0.000507085,10.2008,0.0127338,-0.0950958,0.0122,0,0,112.472,1.41963,0.0245325,10.2008,0.000507085,0.013951183449000464,0.14231323212656394,-0.0017511834490004635,-0.23740903212656395
11.98,0.5,0.000513332,10.2054,0.00743511,-0.0621876,0.0122,0,0,112.676,1.42464,0.0245689,10.2054,0.000513332,0.013973257247302803,0.142602679511624,-0.0017732572473028018,-0.204790279511624
12.0,0.5,0.000513332,10.2001,0.00393105,-0.0211535,0.0125947,0,0,112.88,1.42966,0.0246042,10.2001,0.000513332,0.013972353888186982,0.14251940689489606,-0.0013776538881869818,-0.16367290689489605
12.02,0.5,0.000513332,10.1806,0.00371366,0.0162876,0.0132,0,0,113.084,1.43468,0.0246393,10.1806,0.000513332,0.013969030133823458,0.14221310818040309,-0.0007690301338234579,-0.1259255081804031
12.04,0.5,0.000513332,10.1861,0.0070002,0.0397334,0.0132,0,0,113.288,1.4397,0.0246743,10.1861,0.000513332,0.013969967614873213,0.14229948712186002,-0.000769967614873213,-0.10256608712186002
12.06,0.5,0.000513332,10.2026,0.0123744,0.0441151,0.0118153,0,0,113.491,1.44473,0.0247093,10.2026,0.000513332,0.013972780002058009,0.14255868524899704,-0.002157480002058008,-0.09844358524899705
12.08,0.5,0.000513332,10.2028,0.0170721,0.0314492,0.0121883,0,0,113.695,1.44978,0.0247444,10.2028,0.000513332,0.013972814091084342,0.14256182760851532,-0.0017845140910843424,-0.11111262760851533
12.1,0.5,0.000513332,10.2,0.017775,0.00879569,0.0124,0,0,113.899,1.45483,0.0247795,10.2,0.000513332,0.013972336843592012,0.1425178358046385,-0.0015723368435920128,-0.1337221458046385
12.12,0.5,0.000513332,10.1946,0.0131402,-0.0158583,0.0122113,0,0,114.103,1.45989,0.0248146,10.1946,0.000513332,0.01397141643088106,0.14243300194626005,-0.0017601164308810608,-0.15829130194626004
12.14,0.5,0.000513332,10.1861,0.00503508,-0.0361215,0.0122,0,0,114.307,1.46495,0.0248497,10.1861,0.000513332,0.013969967614873213,0.14229948712186002,-0.0017699676148732121,-0.17842098712186003
12.16,0.5,0.000513332,10.211,-0.00379487,-0.0477242,0.012598,0,0,114.511,1.47002,0.0248847,10.211,0.000513332,0.013974211730528584,0.14269067598042737,-0.0013762117305285843,-0.19041487598042736
12.18,0.5,0.000513332,10.2111,-0.0116006,-0.0492326,0.0129714,0,0,114.715,1.4751,0.0249199,10.2111,0.000513332,0.01397422877478386,0.14269224744219547,-0.001002828774783861,-0.19192484744219546
12.2,0.5,0.000513332,10.1809,-0.0176977,-0.042526,0.0134,0,0,114.919,1.48019,0.024955,10.1809,0.000513332,0.013969081269393785,0.14221781949557116,-0.0005690812693937841,-0.18474381949557117
12.22,0.5,0.000513332,10.1833,-0.0222404,-0.0316548,0.0133988,0,0,115.123,1.48528,0.02499,10.1833,0.000513332,0.013969490352958159,0.1422555111112788,-0.0005706903529581579,-0.1739103111112788
12.24,0.5,0.000513332,10.1556,-0.0248616,-0.0209173,0.0132208,0,0,115.326,1.49037,0.0250251,10.1556,0.000513332,0.01396476873894539,0.1418206054052338,-0.0007439687389453904,-0.1627379054052338
12.26,0.5,0.000513332,10.1556,-0.0240572,-0.0136191,0.0141736,0,0,115.529,1.49546,0.02506,10.1556,0.000513332,0.01396476873894539,0.1418206054052338,0.00020883126105460982,-0.1554397054052338
12.28,0.5,0.000513332,10.1749,-0.0192118,-0.0121044,0.0140034,0,0,115.732,1.50055,0.025095,10.1749,0.000513332,0.013968058552720099,0.14212359896807172,3.5341447279900115e-05,-0.1542279989680717
12.3,0.5,0.000513332,10.1777,-0.0119481,-0.0180668,0.0132,0,0,115.936,1.50566,0.02513,10.1777,0.000513332,0.01396853582188095,0.14216756703435773,-0.0007685358218809495,-0.16023436703435773
12.32,0.5,0.000513332,10.1668,-0.0052981,-0.0315093,0.0133953,0,0,116.139,1.51078,0.025165,10.1668,0.000513332,0.013966677867628978,0.14199642054461029,-0.000571377867628977,-0.17350572054461028
12.34,0.5,0.000513332,10.1748,-0.00240776,-0.0493024,0.0133946,0,0,116.342,1.5159,0.0252,10.1748,0.000513332,0.013968041507348275,0.14212202872896723,-0.0005734415073482754,-0.19142442872896723
12.36,0.5,0.000513332,10.1616,-0.0047294,-0.0657794,0.0130134,0,0,116.546,1.52103,0.025235,10.1616,0.000513332,0.013965791491251475,0.141914786817501,-0.0009523914912514756,-0.20769418681750101
12.38,0.5,0.000513332,10.1421,-0.0107953,-0.0754627,0.0120093,0,0,116.749,1.52616,0.0252699,10.1421,0.000513332,0.013962467505813966,0.14160874169071583,-0.001953167505813966,-0.21707144169071582
12.4,0.5,0.000513332,10.1442,-0.0174112,-0.0759816,0.0122105,0,0,116.952,1.53129,0.0253048,10.1442,0.000513332,0.013962825479087998,0.14164169422496448,-0.0017523254790879975,-0.21762329422496446
12.42,0.5,0.000513332,10.1281,-0.0216021,-0.0688796,0.0126,0,0,117.155,1.53642,0.0253397,10.1281,0.000513332,0.013960080982742538,0.1413890962013147,-0.001360080982742538,-0.21026869620131472
12.44,0.5,0.000513332,10.122,-0.0220774,-0.0575269,0.0132044,0,0,117.357,1.54156,0.0253746,10.122,0.000513332,0.01395904112175138,0.14129341423436748,-0.0007546411217513802,-0.19882031423436747
12.46,0.5,0.000513332,10.0834,-0.0201389,-0.0446714,0.0139994,0,0,117.559,1.5467,0.0254094,10.0834,0.000513332,0.013952460753773363,0.14068824276459832,4.693924622663735e-05,-0.18535964276459832
12.48,0.5,0.000513332,10.1081,-0.018316,-0.0322788,0.0138033,0,0,117.761,1.55183,0.0254441,10.1081,0.000513332,0.013956671559873802,0.14107543179436038,-0.00015337155987380294,-0.17335423179436038
12.5,0.5,0.000513332,10.1139,-0.0178035,-0.0228346,0.0139978,0,0,117.963,1.55697,0.0254789,10.1139,0.000513332,0.013957660305114142,0.14116638055989392,4.013969488585699e-05,-0.16400098055989393
12.52,0.594484,0.000610335,10.1058,-0.0179193,-0.0193803,0.0130331,0,0,118.165,1.56213,0.0255153,10.1058,0.000610335,0.014283805239177204,0.144349278986077,-0.0012507052391772036,-0.16372957898607698
12.54,0.6,0.000615999,10.1139,-0.0174199,-0.0234647,0.0120006,0,0,118.367,1.56729,0.0255584,10.1139,0.000615999,0.014304586458357716,0.14467515698118408,-0.0023039864583577156,-0.16813985698118408
12.56,0.6,0.000615999,10.1083,-0.0161382,-0.0333233,0.012001,0,0,118.57,1.57246,0.0256002,10.1083,0.000615999,0.014303440876710977,0.14458347141405756,-0.0023024408767109775,-0.17790677141405756
12.58,0.6,0.000615999,10.0921,-0.0154812,-0.0440607,0.0127682,0,0,118.772,1.57764,0.025642,10.0921,0.000615999,0.014300126807858525,0.14431830975758903,-0.0015319268078585243,-0.18837900975758903
12.6,0.7,0.000718665,10.0917,-0.0166217,-0.0493638,0.0128,0,0,118.974,1.58282,0.0256854,10.0917,0.000718665,0.014646210885779352,0.14780516639601948,-0.0018462108857793518,-0.1971689663960195
12.62,0.7,0.000718665,10.0862,-0.0189524,-0.0443453,0.0126,0,0,119.175,1.58801,0.0257357,10.0862,0.000718665,0.014644898188859896,0.14771137211247867,-0.0020448981888598963,-0.19205667211247868
12.64,0.7,0.000718665,10.064,-0.0214253,-0.028503,0.01301,0,0,119.377,1.59321,0.0257843,10.064,0.000718665,0.014639599535412301,0.1473329297243894,-0.0016295995354123002,-0.1758359297243894
12.66,0.7,0.000718665,10.0772,-0.0241421,-0.00670326,0.0135845,0,0,119.578,1.5984,0.0258328,10.0772,0.000718665,0.014642750111471762,0.14755792142332322,-0.0010582501114717625,-0.1542611814233232
12.68,0.7,0.000718665,10.024,-0.0275579,0.0125917,0.0139876,0,0,119.78,1.60361,0.0258813,10.024,0.000718665,0.014630051881872391,0.14665164006388884,-0.0006424518818723916,-0.13405994006388883
12.7,0.7,0.000718665,10.0112,-0.0308338,0.0214252,0.0134043,0,0,119.98,1.6088,0.0259296,10.0112,0.000718665,0.014626996489064077,0.1464337872513183,-0.001222696489064078,-0.1250085872513183
12.72,0.7,0.000718665,10.0555,-0.0316991,0.0169308,0.0132003,0,0,120.18,1.614,0.0259778,10.0555,0.000718665,0.014637570716037647,0.14718809233511657,-0.0014372707160376468,-0.13025729233511657
12.74,0.8,0.000821331,10.0553,-0.0287591,0.0024279,0.0136158,0,0,120.381,1.61923,0.026028,10.0553,0.000821331,0.014982447812901943,0.15065300749307292,-0.0013666478129019423,-0.1482251074930729
12.76,0.8,0.000821331,10.0421,-0.0237599,-0.0158363,0.0143766,0,0,120.582,1.62447,0.0260851,10.0421,0.000821331,0.01497884701540413,0.1504190796133898,-0.0006022470154041296,-0.1662553796133898
12.78,0.8,0.000821331,10.0417,-0.020064,-0.0320383,0.0144,0,0,120.783,1.62971,0.0261403,10.0417,0.000821331,0.01497873789900503,0.1504119923604388,-0.0005787378990050312,-0.1824502923604388
12.8,0.8,0.000821331,10.0306,-0.0194386,-0.0419086,0.0147976,0,0,120.984,1.63497,0.0261956,10.0306,0.000821331,0.014975709887901138,0.15021535560158114,-0.00017810988790113898,-0.19212395560158113
12.82,0.8,0.000821331,10.0224,-0.0213776,-0.043316,0.0144114,0,0,121.184,1.64023,0.0262508,10.0224,0.000821331,0.014973472940352507,0.15007013519738896,-0.0005620729403525079,-0.19338613519738895
12.84,0.9,0.000923998,10.0444,-0.0243667,-0.0370111,0.0142,0,0,121.385,1.64549,0.0263077,10.0444,0.000923998,0.015324031010273976,0.1539206970795959,-0.0011240310102739754,-0.1909317970795959
12.86,0.9,0.000923998,9.989,-0.0272115,-0.0259229,0.0142,0,0,121.585,1.65078,0.0263717,9.989,0.000923998,0.015307028536308531,0.15290190804918594,-0.00110702853630853,-0.17882480804918593
12.88,0.9,0.000923998,9.99959,-0.0293947,-0.0129522,0.0147672,0,0,121.785,1.65606,0.0264335,9.99959,0.000923998,0.01531027877763379,0.15309651056203907,-0.0005430787776337914,-0.16604871056203907
12.9,0.9,0.000923998,9.99179,-0.0302304,-1.00005e-06,0.0146056,0,0,121.985,1.66135,0.0264954,9.99179,0.000923998,0.015307884838106897,0.15295317064654812,-0.0007022848381068973,-0.15295417069654813
12.92,1.0,0.00102666,9.97786,-0.0289086,0.0110528,0.0142,0,0,122.185,1.66665,0.026559,9.97786,0.00102666,0.01564588031912423,0.1561124034009769,-0.0014458803191242306,-0.1450596034009769
12.94,1.1,0.00112933,9.98338,-0.0259485,0.0177794,0.0143931,0,0,122.384,1.67196,0.0266311,9.98338,0.00112933,0.01599024866620346,0.1596367287292023,-0.0015971486662034583,-0.1418573287292023
12.96,1.19532,0.00122719,9.98604,-0.0233966,0.0181667,0.0142,0,0,122.584,1.67728,0.02671,9.98604,0.00122719,0.016317773765606038,0.16294994153429251,-0.0021177737656060368,-0.1447832415342925
12.98,1.3,0.00133466,9.96393,-0.0232557,0.0122984,0.0150042,0,0,122.784,1.68262,0.0267956,9.96393,0.00133466,0.0166665644047855,0.16606448106977437,-0.001662364404785498,-0.15376608106977438
13.0,1.30243,0.00133716,9.97259,-0.026221,0.00301889,0.0160097,0,0,122.983,1.68797,0.0268866,9.97259,0.00133716,0.016678734279363783,0.16633017868704048,-0.000669034279363781,-0.16331128868704048
13.02,1.4,0.00143733,9.99962,-0.031258,-0.0055985,0.016012,0,0,123.182,1.69334,0.0269777,9.99962,0.00143733,0.017025426908760834,0.170247799425383,-0.0010134269087608352,-0.17584629942538302
13.04,1.4,0.00143733,9.98333,-0.0359342,-0.0104197,0.0152079,0,0,123.382,1.69875,0.0270757,9.98333,0.00143733,0.017017649614361263,0.16989281192454123,-0.0018097496143612626,-0.18031251192454123
13.06,1.4,0.00143733,9.98323,-0.0380397,-0.00991976,0.0158029,0,0,123.582,1.70416,0.0271718,9.98323,0.00143733,0.01701760187091481,0.16989063352577286,-0.0012147018709148076,-0.17981039352577285
13.08,1.4,0.00143733,9.95851,-0.0368727,-0.00385074,0.0162,0,0,123.781,1.7096,0.027268,9.95851,0.00143733,0.017005799431564342,0.16935242369722783,-0.0008057994315643427,-0.17320316369722782
13.1,1.4,0.00143733,9.94421,-0.0329357,0.00665225,0.0170115,0,0,123.98,1.71503,0.027364,9.94421,0.00143733,0.016998971733076844,0.1690413446977801,1.2528266923154951e-05,-0.1623890946977801
13.12,1.49883,0.0015388,9.92234,-0.0277156,0.0184967,0.0176,0,0,124.179,1.72049,0.0274614,9.92234,0.0015388,0.01732495514340765,0.17190409541763946,0.0002750448565923512,-0.15340739541763945
13.14,1.5,0.00154,9.93611,-0.0234815,0.0269839,0.0174179,0,0,124.378,1.72594,0.0275655,9.93611,0.00154,0.01733597832173981,0.17225218756242214,8.192167826018976e-05,-0.14526828756242213
13.16,1.5,0.00154,9.93611,-0.0220951,0.0279803,0.0178,0,0,124.576,1.73143,0.0276681,9.93611,0.00154,0.01733597832173981,0.17225218756242214,0.00046402167826018956,-0.14427188756242215
13.18,1.58815,0.0016305,9.93611,-0.0240614,0.0202724,0.0168948,0,0,124.775,1.73694,0.0277721,9.93611,0.0016305,0.017636446963528427,0.17523767703878443,-0.0007416469635284258,-0.15496527703878443
13.2,1.6,0.00164266,9.93889,-0.0283402,0.00595617,0.0160001,0,0,124.973,1.74247,0.0278824,9.93889,0.00164266,0.017678336329313784,0.17570304016005348,-0.0016782363293137842,-0.16974687016005346
13.22,1.7,0.00174533,9.9201,-0.0328353,-0.0106415,0.0161864,0,0,125.172,1.74802,0.0279937,9.9201,0.00174533,0.01800841107778947,0.17864523873277932,-0.0018220110777894712,-0.18928673873277932
13.24,1.7,0.00174533,9.90563,-0.0360654,-0.0242979,0.0173923,0,0,125.37,1.75359,0.0281115,9.90563,0.00174533,0.018000021163707202,0.17830154963985298,-0.0006077211637072026,-0.202599449639853
13.26,1.7,0.00174533,9.93871,-0.0380056,-0.0307091,0.0174021,0,0,125.568,1.75917,0.0282274,9.93871,0.00174533,0.018019201109036598,0.17908761425439312,-0.0006171011090365976,-0.2097967142543931
13.28,1.7,0.00174533,9.93344,-0.0387929,-0.0283648,0.0172,0,0,125.767,1.76479,0.0283436,9.93344,0.00174533,0.018016145612209048,0.17896230147014183,-0.0008161456122090481,-0.20732710147014183
13.3,1.7,0.00174533,9.89163,-0.0383961,-0.0191339,0.0170024,0,0,125.966,1.77043,0.0284598,9.89163,0.00174533,0.017991903559162126,0.17796925300291486,-0.0009895035591621255,-0.19710315300291487
13.32,1.7,0.00174533,9.8862,-0.0372347,-0.00698735,0.0173932,0,0,126.163,1.77607,0.0285755,9.8862,0.00174533,0.017988755034523476,0.177840430022306,-0.0005955550345234754,-0.18482778002230602
13.34,1.7,0.00174533,9.88304,-0.0354584,0.00456257,0.0178,0,0,126.361,1.78173,0.0286912,9.88304,0.00174533,0.01798692273012772,0.17776547681876145,-0.00018692273012772126,-0.17320290681876147
13.36,1.7,0.00174533,9.85573,-0.0331596,0.0140769,0.0176,0,0,126.559,1.78741,0.0288068,9.85573,0.00174533,0.017971086790358148,0.1771181792123365,-0.0003710867903581466,-0.1630412792123365
13.38,1.7,0.00174533,9.87201,-0.0314486,0.0210543,0.017989,0,0,126.756,1.7931,0.0289221,9.87201,0.00174533,0.01798052698043623,0.17750394215613624,8.473019563772638e-06,-0.15644964215613624
13.4,1.7,0.00174533,9.88308,-0.0316117,0.024306,0.0184,0,0,126.953,1.79882,0.0290375,9.88308,0.00174533,0.017986945923917745,0.17776642552175298,0.0004130540760822546,-0.15346042552175299
13.42,1.7,0.00174533,9.85604,-0.0341474,0.0227399,0.018,0,0,127.151,1.80457,0.0291531,9.85604,0.00174533,0.01797126655079038,0.17712552197525203,2.8733449209616957e-05,-0.15438562197525202
13.44,1.7,0.00174533,9.88611,-0.0387107,0.0168175,0.0178,0,0,127.348,1.81033,0.0292684,9.88611,0.00174533,0.017988702848779375,0.17783829512034627,-0.00018870284877937557,-0.16102079512034628
13.46,1.7,0.00174533,9.88575,-0.0437413,0.00844114,0.017996,0,0,127.545,1.81613,0.0293841,9.88575,0.00174533,0.01798849410572053,0.17782975560562672,7.50589427947132e-06,-0.16938861560562674
13.48,1.7,0.00174533,9.85084,-0.0473612,0.000302983,0.0174187,0,0,127.743,1.82195,0.0294997,9.85084,0.00174533,0.017968251201609185,0.1770023676668598,-0.0005495512016091865,-0.1766993846668598
13.5,1.7,0.00174533,9.85,-0.0489698,-0.00479661,0.0175891,0,0,127.94,1.82777,0.0296149,9.85,0.00174533,0.01796776410416831,0.17698247642605786,-0.00037866410416831017,-0.18177908642605786
13.52,1.7,0.00174533,9.87447,-0.048658,-0.00505636,0.0178,0,0,128.137,1.83361,0.0297302,9.87447,0.00174533,0.01798195342308894,0.17756225961768907,-0.00018195342308894094,-0.18261861961768908
13.54,1.7,0.00174533,9.83882,-0.0464787,-0.000481924,0.0178014,0,0,128.334,1.83949,0.0298457,9.83882,0.00174533,0.017961281001065952,0.17671781073890772,-0.0001598810010659535,-0.1771997347389077
13.56,1.7,0.00174533,9.81945,-0.0431978,0.00714089,0.0183998,0,0,128.531,1.84538,0.0299608,9.81945,0.00174533,0.017950048348385053,0.17625960225454962,0.00044975165161494773,-0.1691187122545496
13.58,1.7,0.00174533,9.83575,-0.0398372,0.0151334,0.0188,0,0,128.727,1.85127,0.0300756,9.83575,0.00174533,0.017959500735027462,0.1766451593545464,0.0008404992649725385,-0.1615117593545464
13.6,1.7,0.00174533,9.83334,-0.0366422,0.0211276,0.0188014,0,0,128.924,1.8572,0.0301907,9.83334,0.00174533,0.01795810319050557,0.17658813442732602,0.0008432968094944301,-0.15546053442732602
13.62,1.7,0.00174533,9.84667,-0.0336713,0.0234055,0.0178478,0,0,129.12,1.86314,0.0303057,9.84667,0.00174533,0.017965833103701652,0.17690362984722593,-0.00011803310370165146,-0.15349812984722594
13.64,1.7,0.00174533,9.84176,-0.0314114,0.0207566,0.0176,0,0,129.317,1.86912,0.0304209,9.84176,0.00174533,0.017962985872296923,0.17678739583853698,-0.0003629858722969219,-0.15603079583853696
13.66,1.7,0.00174533,9.84439,-0.0305316,0.0133303,0.0172166,0,0,129.514,1.87512,0.030536,9.84439,0.00174533,0.017964510970772396,0.1768496521555621,-0.0007479109707723974,-0.1635193521555621
13.68,1.60647,0.00164931,9.86331,-0.0314401,0.00349813,0.0164129,0,0,129.711,1.88114,0.0306496,9.86331,0.00164931,0.017659008792820795,0.17417627801631727,-0.0012461087928207944,-0.17067814801631728
13.7,1.6,0.00164266,9.87497,-0.033615,-0.00529673,0.0167988,0,0,129.908,1.8872,0.0307569,9.87497,0.00164266,0.01764345441192878,0.17422858301416433,-0.0008446544119287795,-0.17952531301416433
13.72,1.6,0.00164266,9.84161,-0.0358569,-0.0105551,0.017,0,0,130.105,1.89328,0.0308655,9.84161,0.00164266,0.017625247902172514,0.1734608160065,-0.0006252479021725127,-0.18401591600650002
13.74,1.6,0.00164266,9.83346,-0.0375325,-0.0113614,0.0171939,0,0,130.302,1.89937,0.0309739,9.83346,0.00164266,0.017620799807436884,0.17327343007443832,-0.00042689980743688266,-0.18463483007443832
13.76,1.6,0.00164266,9.85511,-0.0386202,-0.00796495,0.0174,0,0,130.499,1.90547,0.0310821,9.85511,0.00164266,0.01763261577246958,0.17377136802542267,-0.00023261577246957987,-0.18173631802542267
13.78,1.6,0.00164266,9.82353,-0.0390286,-0.00162758,0.0179829,0,0,130.696,1.91161,0.0311906,9.82353,0.00164266,0.017615380141448624,0.17304521528092479,0.000367519858551376,-0.17467279528092478
13.8,1.6,0.00164266,9.79511,-0.0387885,0.00526551,0.0182,0,0,130.892,1.91774,0.0312988,9.79511,0.00164266,0.017599868353387563,0.17239264650695005,0.0006001316466124375,-0.16712713650695005
13.82,1.6,0.00164266,9.79168,-0.0380038,0.00981398,0.018,0,0,131.088,1.92388,0.0314066,9.79168,0.00164266,0.017597996189142984,0.17231394732530755,0.00040200381085701495,-0.16249996732530755
13.84,1.6,0.00164266,9.7998,-0.0365203,0.00993882,0.0178,0,0,131.283,1.93004,0.0315144,9.7998,0.00164266,0.017602428233361,0.17250027620129113,0.00019757176663899936,-0.16256145620129114
13.86,1.6,0.00164266,9.78929,-0.0344414,0.00532504,0.0178,0,0,131.479,1.93623,0.0316223,9.78929,0.00164266,0.017596691671597345,0.17225911781385117,0.00020330832840265503,-0.16693407781385117
13.88,1.50486,0.00154498,9.78618,-0.0323771,-0.00253608,0.0179903,0,0,131.675,1.94243,0.0317285,9.78618,0.00154498,0.017275552920435824,0.16906167047891066,0.0007147470795641764,-0.17159775047891065
13.9,1.5,0.00154,9.78056,-0.0309981,-0.011172,0.0177939,0,0,131.871,1.94865,0.0318281,9.78056,0.00154,0.017256391061162144,0.16877716815716,0.0005375089388378572,-0.17994916815716
13.92,1.5,0.00154,9.78056,-0.030546,-0.0182574,0.0174006,0,0,132.066,1.95488,0.031929,9.78056,0.00154,0.017256391061162144,0.16877716815716,0.00014420893883785452,-0.18703456815716002
13.94,1.5,0.00154,9.79103,-0.0302665,-0.0222334,0.0169901,0,0,132.262,1.96114,0.0320299,9.79103,0.00154,0.01726174872223406,0.16901029959185535,-0.0002716487222340601,-0.19124369959185533
13.96,1.5,0.00154,9.76728,-0.0289542,-0.0227452,0.0169899,0,0,132.457,1.96742,0.032131,9.76728,0.00154,0.01724959533947299,0.16848162756732774,-0.00025969533947299214,-0.19122682756732773
13.98,1.4,0.00143733,9.73341,-0.0266602,-0.0207623,0.0176027,0,0,132.653,1.9737,0.0322301,9.73341,0.00143733,0.016898302992375436,0.164478111329017,0.0007043970076245631,-0.185240411329017
14.0,1.3,0.00133466,9.74358,-0.0249194,-0.0176686,0.018,0,0,132.847,1.97998,0.0323206,9.74358,0.00133466,0.016568854219204267,0.1614399565931543,0.0014311457807957319,-0.1791085565931543
14.02,1.29752,0.00133211,9.70281,-0.02509,-0.0143438,0.018005,0,0,133.042,1.98629,0.032406,9.70281,0.00133211,0.016542502829441544,0.1605087618785337,0.0014624971705584563,-0.17485256187853368
14.04,1.2,0.001232,9.70553,-0.0269984,-0.0112269,0.0182,0,0,133.236,1.99259,0.032491,9.70553,0.001232,0.016219002242216556,0.15741401283190004,0.0019809977577834453,-0.16864091283190005
14.06,1.2,0.001232,9.73848,-0.0289191,-0.00885403,0.0178096,0,0,133.43,1.9989,0.0325695,9.73848,0.001232,0.016232492548517437,0.15807980403388608,0.0015771074514825609,-0.1669338340338861
14.08,1.2,0.001232,9.72806,-0.0289196,-0.00798528,0.0168333,0,0,133.625,2.00525,0.0326499,9.72806,0.001232,0.01622822650124081,0.15786916109766067,0.0006050734987591878,-0.16585444109766068
14.1,1.10235,0.00113174,9.71954,-0.0266163,-0.00882326,0.0162047,0,0,133.819,2.01161,0.0327286,9.71954,0.00113174,0.015899080305088235,0.15453174698851732,0.0003056196949117636,-0.16335500698851732
14.12,1.1,0.00112933,9.74111,-0.0232307,-0.0103828,0.016389,0,0,134.013,2.01798,0.0328006,9.74111,0.00112933,0.015899347368266255,0.15487729164249212,0.0004896526317337453,-0.1652600916424921
14.14,1.0,0.00102666,9.72789,-0.0203653,-0.011173,0.0164034,0,0,134.208,2.02437,0.0328726,9.72789,0.00102666,0.015560615241887486,0.15137195340540485,0.0008427847581125129,-0.16254495340540484
14.16,1.0,0.00102666,9.7196,-0.0196881,-0.010191,0.016,0,0,134.402,2.03077,0.0329379,9.7196,0.00102666,0.015557786876671142,0.15121546532649283,0.00044221312332885787,-0.16140646532649283
14.18,0.917956,0.000942433,9.71944,-0.0225084,-0.00726041,0.0156718,0,0,134.597,2.03718,0.0330034,9.71944,0.000942433,0.015284154575170246,0.14855342334409272,0.00038764542482975367,-0.1558138333440927
14.2,0.9,0.000923998,9.71396,-0.0285494,-0.00322504,0.015,0,0,134.791,2.0436,0.0330631,9.71396,0.000923998,0.015222593141639583,0.14787166087416126,-0.00022259314163958384,-0.15109670087416127
14.22,0.8,0.000821331,9.66545,-0.0361593,-1.72372e-05,0.0155726,0,0,134.985,2.05003,0.0331213,9.66545,0.000821331,0.014876066248043569,0.14378387451715272,0.0006965337519564321,-0.1438011117171527
14.24,0.700461,0.000719138,9.68606,-0.0429883,0.000307699,0.0156018,0,0,135.178,2.05643,0.0331712,9.68606,0.000719138,0.01455089277009414,0.14094082042469805,0.0010509072299058602,-0.14063312142469805
14.26,0.7,0.000718665,9.67502,-0.0457422,-0.00290727,0.0154,0,0,135.372,2.06286,0.0332162,9.67502,0.000718665,0.014546724836623465,0.14073985372882877,0.0008532751633765351,-0.14364712372882876
14.28,0.7,0.000718665,9.65589,-0.0419985,-0.00889379,0.0152075,0,0,135.565,2.06929,0.0332628,9.65589,0.000718665,0.014542155646018285,0.1404174552808315,0.0006653443539817155,-0.1493112452808315
14.3,0.7,0.000718665,9.67777,-0.0330242,-0.0168501,0.0149992,0,0,135.758,2.07572,0.0333093,9.67777,0.000718665,0.014547381660364372,0.14078621381122453,0.0004518183396356283,-0.15763631381122453
14.32,0.7,0.000718665,9.67506,-0.0228006,-0.0264888,0.0142298,0,0,135.952,2.08217,0.0333559,9.67506,0.000718665,0.014546734390445574,0.14074052803162435,-0.00031693439044557306,-0.16722932803162435
14.34,0.699435,0.000718085,9.6445,-0.0149908,-0.0370478,0.0138011,0,0,136.145,2.08863,0.0334025,9.6445,0.000718085,0.014537565627438116,0.14020755169382693,-0.0007364656274381157,-0.17725535169382692
14.36,0.6,0.000615999,9.66377,-0.0116805,-0.0460458,0.0136047,0,0,136.338,2.09507,0.0334473,9.66377,0.000615999,0.014212467988562003,0.13734602177382582,-0.0006077679885620017,-0.18339182177382582
14.38,0.6,0.000615999,9.68,-0.013007,-0.0495497,0.0130292,0,0,136.531,2.10154,0.0334855,9.68,0.000615999,0.014215790691566327,0.13760885389436206,-0.001186590691566328,-0.18715855389436206
14.4,0.6,0.000615999,9.65839,-0.017312,-0.0447473,0.0133979,0,0,136.725,2.10803,0.0335255,9.65839,0.000615999,0.014211366542246542,0.1372589204979686,-0.0008134665422465416,-0.18200622049796858
14.42,0.597766,0.000613705,9.6555,-0.0229532,-0.0326396,0.0139911,0,0,136.918,2.11451,0.0335653,9.6555,0.000613705,0.014203372479065448,0.13714066297161642,-0.00021227247906544823,-0.1697802629716164
14.44,0.5,0.000513332,9.65004,-0.0296359,-0.0176733,0.0134029,0,0,137.111,2.12099,0.0336034,9.65004,0.000513332,0.013878552526849008,0.133928587026194,-0.00047565252684900715,-0.151601887026194
14.46,0.5,0.000513332,9.66101,-0.0374795,-0.00489906,0.0126036,0,0,137.304,2.12748,0.033635,9.66101,0.000513332,0.013880424114354768,0.13409891617302255,-0.001276824114354768,-0.13899797617302256
14.48,0.5,0.000513332,9.64211,-0.045842,0.00244027,0.0135701,0,0,137.497,2.13398,0.0336682,9.64211,0.000513332,0.013877199570672656,0.13380548475237852,-0.0003070995706726566,-0.13136521475237853
14.5,0.5,0.000513332,9.6362,-0.0527794,0.00364289,0.0136,0,0,137.689,2.14047,0.0337014,9.6362,0.000513332,0.013876191239558409,0.13371375402263275,-0.00027619123955840985,-0.13007086402263274
14.52,0.5,0.000513332,9.62805,-0.0552652,-0.000658254,0.013414,0,0,137.882,2.14697,0.0337345,9.62805,0.000513332,0.013874800715460798,0.13358727502849232,-0.0004608007154607973,-0.13424552902849232
14.54,0.5,0.000513332,9.59742,-0.0516173,-0.0102855,0.0136,0,0,138.074,2.15347,0.0337677,9.59742,0.000513332,0.013869574560391399,0.1331121322773916,-0.0002695745603913998,-0.1433976322773916
14.56,0.5,0.000513332,9.59448,-0.0434835,-0.0251704,0.0141943,0,0,138.266,2.15995,0.0338007,9.59448,0.000513332,0.013869072917041644,0.13306654272109772,0.0003252270829583563,-0.15823694272109773
14.58,0.5,0.000513332,9.58906,-0.0340999,-0.0432837,0.0137035,0,0,138.458,2.16644,0.0338337,9.58906,0.000513332,0.01386814811217271,0.13298250433651085,-0.00016464811217271023,-0.17626620433651086
14.6,0.5,0.000513332,9.58889,-0.026019,-0.0597142,0.0132075,0,0,138.65,2.17293,0.0338667,9.58889,0.000513332,0.013868119105239869,0.13297986860704353,-0.0006606191052398683,-0.19269406860704352
14.62,0.5,0.000513332,9.61666,-0.020984,-0.0685174,0.0128,0,0,138.841,2.17942,0.0338997,9.61666,0.000513332,0.013872857361600096,0.13341055247500516,-0.0010728573616000953,-0.20192795247500517
14.64,0.5,0.000513332,9.59242,-0.0200526,-0.0665018,0.0127788,0,0,139.034,2.18595,0.0339327,9.59242,0.000513332,0.013868721423945855,0.1330346007614867,-0.0010899214239458548,-0.1995364007614867
14.66,0.5,0.000513332,9.6189,-0.0232549,-0.0554281,0.0124,0,0,139.225,2.19246,0.0339657,9.6189,0.000513332,0.013873239551825633,0.13344530392505558,-0.0014732395518256333,-0.18887340392505558
14.68,0.5,0.000513332,9.61619,-0.0293753,-0.0403051,0.0130938,0,0,139.418,2.19899,0.0339988,9.61619,0.000513332,0.013872777169715446,0.13340326109164596,-0.0007789771697154467,-0.17370836109164597
14.7,0.5,0.000513332,9.58402,-0.0358845,-0.0259307,0.0130079,0,0,139.61,2.20553,0.0340319,9.58402,0.000513332,0.013867288138363909,0.1329043668638425,-0.0008593881383639097,-0.1588350668638425
14.72,0.5,0.000513332,9.59436,-0.0399971,-0.014908,0.0129968,0,0,139.801,2.21206,0.0340649,9.59436,0.000513332,0.013869052441749507,0.1330646819850238,-0.0008722524417495072,-0.1479726819850238
14.74,0.6,0.000615999,9.57817,-0.0408189,-0.00800328,0.013,0,0,139.993,2.2186,0.0340996,9.57817,0.000615999,0.014194941915462542,0.13596156680642585,-0.0011949419154625423,-0.14396484680642585
14.76,0.6,0.000615999,9.59937,-0.0394665,-0.00523388,0.0131893,0,0,140.185,2.22513,0.0341407,9.59937,0.000615999,0.014199282723544359,0.13630416859791,-0.0010099827235443594,-0.14153804859791
14.78,0.6,0.000615999,9.57548,-0.0369037,-0.00593867,0.0139853,0,0,140.376,2.23169,0.0341804,9.57548,0.000615999,0.01419439111305231,0.13591810821521014,-0.00020909111305230862,-0.14185677821521014
14.8,0.6,0.000615999,9.55835,-0.0336817,-0.00856679,0.0141998,0,0,140.568,2.23824,0.0342199,9.55835,0.000615999,0.014190883527855554,0.13564143156847813,8.916472144446241e-06,-0.14420822156847812
14.82,0.6,0.000615999,9.58525,-0.0310872,-0.0114454,0.0136249,0,0,140.759,2.24478,0.0342594,9.58525,0.000615999,0.014196391598980285,0.13607596257412577,-0.0005714915989802841,-0.14752136257412576
14.84,0.6,0.000615999,9.60272,-0.0304684,-0.0136096,0.0130039,0,0,140.95,2.25135,0.0342989,9.60272,0.000615999,0.014199968638781726,0.13635832284700206,-0.0011960686387817252,-0.14996792284700206
14.86,0.6,0.000615999,9.59174,-0.0324589,-0.0147772,0.0135919,0,0,141.142,2.25794,0.0343386,9.59174,0.000615999,0.014197720460193679,0.1361808432468581,-0.0006058204601936783,-0.1509580432468581
14.88,0.6,0.000615999,9.58364,-0.0370521,-0.0149987,0.0144,0,0,141.334,2.26453,0.0343782,9.58364,0.000615999,0.014196061940844279,0.13604994705875287,0.00020393805915572098,-0.15104864705875287
14.9,0.6,0.000615999,9.55272,-0.0428737,-0.0144477,0.0142019,0,0,141.526,2.27112,0.0344178,9.55272,0.000615999,0.014189730691533013,0.13555052417162125,1.2169308466987439e-05,-0.14999822417162126
14.92,0.6,0.000615999,9.54202,-0.0472573,-0.013366,0.014587,0,0,141.717,2.2777,0.0344572,9.54202,0.000615999,0.014187539657882484,0.13537778716630783,0.00039946034211751566,-0.14874378716630782
14.94,0.500863,0.000514218,9.51125,-0.0484997,-0.0121396,0.0153983,0,0,141.907,2.28428,0.034495,9.51125,0.000514218,0.013857687098113854,0.1318039264119354,0.0015406129018861459,-0.1439435264119354
14.96,0.5,0.000513332,9.51664,-0.047144,-0.0114554,0.0150021,0,0,142.097,2.29084,0.0345261,9.51664,0.000513332,0.013855790400650781,0.13186056915844926,0.0011463095993492194,-0.14331596915844927
14.98,0.5,0.000513332,9.52207,-0.0445631,-0.012457,0.0148191,0,0,142.288,2.29741,0.0345588,9.52207,0.000513332,0.01385671702564093,0.1319446294883447,0.0009623829743590703,-0.1444016294883447
15.0,0.5,0.000513332,9.53311,-0.0419089,-0.0167646,0.0140244,0,0,142.478,2.304,0.0345916,9.53311,0.000513332,0.013858600966236655,0.13211556745724032,0.000165799033763344,-0.1488801674572403
15.02,0.5,0.000513332,9.53611,-0.0400941,-0.0257722,0.0138,0,0,142.668,2.31059,0.0346244,9.53611,0.000513332,0.013859112900534598,0.132162025121917,-5.9112900534598334e-05,-0.157934225121917
15.04,0.5,0.000513332,9.53611,-0.0390946,-0.0386114,0.0138,0,0,142.859,2.3172,0.0346572,9.53611,0.000513332,0.013859112900534598,0.132162025121917,-5.9112900534598334e-05,-0.17077342512191698
15.06,0.5,0.000513332,9.51424,-0.038676,-0.050239,0.0132126,0,0,143.05,2.32381,0.03469,9.51424,0.000513332,0.013855380839934449,0.1318234186025379,-0.0006427808399344492,-0.1820624186025379
15.08,0.5,0.000513332,9.49962,-0.0397482,-0.0526699,0.0128,0,0,143.24,2.33041,0.0347227,9.49962,0.000513332,0.013852885896719144,0.13159715192219112,-0.0010528858967191433,-0.18426705192219112
15.1,0.5,0.000513332,9.48073,-0.0425236,-0.0401784,0.0129961,0,0,143.43,2.33701,0.0347554,9.48073,0.000513332,0.013849662175168172,0.13130490767398215,-0.000853562175168172,-0.17148330767398215
15.12,0.5,0.000513332,9.48328,-0.0455688,-0.0147968,0.0127991,0,0,143.619,2.3436,0.034788,9.48328,0.000513332,0.01385009735796846,0.13134435127287514,-0.0010509973579684584,-0.14614115127287514
15.14,0.5,0.000513332,9.45861,-0.0480455,0.0135807,0.0124,0,0,143.809,2.3502,0.0348207,9.45861,0.000513332,0.013845887099368353,0.1309628461769565,-0.0014458870993683537,-0.1173821461769565
15.16,0.5,0.000513332,9.46918,-0.049218,0.0332562,0.0124,0,0,143.998,2.35679,0.0348532,9.46918,0.000513332,0.013847691029687293,0.13112627894449433,-0.0014476910296872935,-0.09787007894449433
15.18,0.5,0.000513332,9.47733,-0.0472823,0.0371793,0.0125769,0,0,144.187,2.36339,0.0348858,9.47733,0.000513332,0.013849081928528673,0.13125231963370265,-0.001272181928528673,-0.09407301963370265
15.2,0.5,0.000513332,9.46635,-0.0422618,0.0247474,0.0130076,0,0,144.376,2.37001,0.0349184,9.46635,0.000513332,0.013847208050538679,0.13108251792921682,-0.0008396080505386795,-0.10633511792921682
15.22,0.5,0.000513332,9.45027,-0.0366782,-0.00034717,0.0133934,0,0,144.566,2.37662,0.034951,9.45027,0.000513332,0.013844463729663694,0.13083392025052892,-0.00045106372966369386,-0.13118109025052893
15.24,0.5,0.000513332,9.48052,-0.0320536,-0.0321397,0.0136,0,0,144.755,2.38323,0.0349835,9.48052,0.000513332,0.013849626336501357,0.13130165947572783,-0.00024962633650135735,-0.16344135947572783
15.26,0.5,0.000513332,9.47788,-0.0286657,-0.0627893,0.0136,0,0,144.944,2.38986,0.0350161,9.47788,0.000513332,0.01384917579218076,0.1312608262571942,-0.000249175792180761,-0.1940501262571942
15.28,0.5,0.000513332,9.45005,-0.0275728,-0.083791,0.0138953,0,0,145.133,2.3965,0.0350487,9.45005,0.000513332,0.0138444261824713,0.1308305196456629,5.087381752869914e-05,-0.2146215196456629
15.3,0.5,0.000513332,9.45547,-0.0292748,-0.089339,0.0142,0,0,145.322,2.40313,0.0350812,9.45547,0.000513332,0.0138453512047203,0.13091430295569667,0.00035464879527970054,-0.22025330295569667
15.32,0.5,0.000513332,9.44744,-0.0322991,-0.0797153,0.013632,0,0,145.511,2.40976,0.0351137,9.44744,0.000513332,0.01384398073517676,0.13079017735673834,-0.00021198073517676025,-0.21050547735673836
15.34,0.5,0.000513332,9.45274,-0.0348864,-0.061183,0.0133951,0,0,145.7,2.4164,0.0351462,9.45274,0.000513332,0.01384488528128137,0.13087210089377965,-0.00044978528128136915,-0.19205510089377964
15.36,0.5,0.000513332,9.43618,-0.0361309,-0.041444,0.0137982,0,0,145.889,2.42304,0.0351788,9.43618,0.000513332,0.013842058974690867,0.13061616005579846,-4.3858974690867e-05,-0.17206016005579847
15.38,0.5,0.000513332,9.41734,-0.035603,-0.0248924,0.0132153,0,0,146.078,2.42968,0.0352112,9.41734,0.000513332,0.013838843443582225,0.13032509391498462,-0.0006235434435822255,-0.15521749391498463
15.4,0.5,0.000513332,9.3972,-0.0335482,-0.0117904,0.0132,0,0,146.266,2.43632,0.0352436,9.3972,0.000513332,0.013835405921979106,0.13001407653002206,-0.0006354059219791063,-0.14180447653002207
15.42,0.5,0.000513332,9.39446,-0.0309617,-0.000751407,0.0134,0,0,146.454,2.44294,0.035276,9.39446,0.000513332,0.013834938246254506,0.12997177395690812,-0.00043493824625450567,-0.13072318095690813
15.44,0.5,0.000513332,9.40246,-0.0290923,0.00807145,0.0134,0,0,146.641,2.44957,0.0353083,9.40246,0.000513332,0.013836303716830046,0.13009529224534583,-0.0004363037168300457,-0.12202384224534582
15.46,0.5,0.000513332,9.38931,-0.0290067,0.0122357,0.0135874,0,0,146.829,2.45621,0.0353406,9.38931,0.000513332,0.013834059214929754,0.1298922705273321,-0.0002466592149297543,-0.1176565705273321
15.48,0.5,0.000513332,9.38889,-0.0310486,0.00989782,0.0138963,0,0,147.017,2.46285,0.0353729,9.38889,0.000513332,0.013833987526605316,0.12988578714866938,6.23124733946847e-05,-0.11998796714866938
15.5,0.5,0.000513332,9.38906,-0.0348289,0.0022782,0.0137978,0,0,147.205,2.46949,0.0354052,9.38906,0.000513332,0.013834016543314112,0.1298884113661688,-3.621654331411109e-05,-0.1276102113661688
15.52,0.5,0.000513332,9.41656,-0.0396766,-0.00758546,0.0133051,0,0,147.392,2.47614,0.0354375,9.41656,0.000513332,0.013838710314312946,0.13031304599734672,-0.0005336103143129458,-0.1378985059973467
15.54,0.5,0.000513332,9.41376,-0.0447997,-0.0172059,0.0129864,0,0,147.581,2.48282,0.0354699,9.41376,0.000513332,0.013838232412941758,0.1302697987596546,-0.0008518324129417575,-0.1474756987596546
15.56,0.5,0.000513332,9.40585,-0.0492614,-0.0250401,0.0122264,0,0,147.769,2.4895,0.0355023,9.40585,0.000513332,0.013836882329486004,0.13014763965879592,-0.0016104823294860043,-0.15518773965879593
15.58,0.5,0.000513332,9.40556,-0.0515516,-0.0296899,0.0127901,0,0,147.957,2.49618,0.0355347,9.40556,0.000513332,0.013836832831776294,0.13014316140924184,-0.0010467328317762935,-0.15983306140924183
15.6,0.5,0.000513332,9.38359,-0.0500747,-0.0301579,0.0134,0,0,148.145,2.50286,0.035567,9.38359,0.000513332,0.013833082883913035,0.12980397821865752,-0.00043308288391303434,-0.15996187821865754
15.62,0.5,0.000513332,9.39139,-0.0451562,-0.0270255,0.0136103,0,0,148.332,2.50954,0.0355993,9.39139,0.000513332,0.013834414242082314,0.12992437956894942,-0.00022411424208231348,-0.15694987956894943
15.64,0.5,0.000513332,9.35873,-0.038892,-0.0223383,0.0143954,0,0,148.52,2.51623,0.0356316,9.35873,0.000513332,0.013828839491082212,0.12942037501037582,0.0005665605089177871,-0.15175867501037582
15.66,0.5,0.000513332,9.34461,-0.0327802,-0.0180773,0.0140092,0,0,148.707,2.5229,0.0356638,9.34461,0.000513332,0.013826429247796685,0.12920258901325338,0.00018277075220331403,-0.14727988901325337
15.68,0.4,0.000410666,9.37421,-0.0279329,-0.0152776,0.0134114,0,0,148.894,2.52957,0.0356944,9.37421,0.000410666,0.01350979468232313,0.12664365240898032,-9.83946823231302e-05,-0.14192125240898032
15.7,0.4,0.000410666,9.35569,-0.0264874,-0.0143029,0.0135973,0,0,149.081,2.53626,0.0357186,9.35569,0.000410666,0.013507265687271376,0.12636979051774794,9.00343127286235e-05,-0.14067269051774794
15.72,0.4,0.000410666,9.34494,-0.030358,-0.0153067,0.0136,0,0,149.268,2.54294,0.0357443,9.34494,0.000410666,0.013505797687382104,0.1262108690407245,9.420231261789494e-05,-0.14151756904072452
15.74,0.4,0.000410666,9.3494,-0.0403868,-0.0183911,0.0141003,0,0,149.455,2.54962,0.03577,9.3494,0.000410666,0.013506406739818523,0.1262767991732593,0.0005938932601814769,-0.14466789917325928
15.76,0.4,0.000410666,9.33086,-0.0569709,-0.0234208,0.0138064,0,0,149.642,2.55631,0.0357958,9.33086,0.000410666,0.013503874909318116,0.12600276623636003,0.00030252509068188355,-0.14942356623636002
15.78,0.4,0.000410666,9.33589,-0.0790598,-0.0294906,0.0134171,0,0,149.828,2.56299,0.0358215,9.33589,0.000410666,0.01350456181600982,0.1260771036124679,-8.746181600982096e-05,-0.1555677036124679
15.8,0.3,0.000307999,9.3196,-0.104019,-0.0345045,0.0125899,0,0,150.015,2.56968,0.0358455,9.3196,0.000307999,0.01318251133907448,0.12285573267563851,-0.0005926113390744801,-0.1573602326756385
15.82,0.3,0.000307999,9.32494,-0.129273,-0.0358328,0.0124,0,0,150.201,2.57636,0.0358632,9.32494,0.000307999,0.013183058278908772,0.12293122746732756,-0.0007830582789087725,-0.15876402746732754
15.84,0.3,0.000307999,9.31916,-0.151685,-0.0319682,0.0122,0,0,150.387,2.58305,0.0358824,9.31916,0.000307999,0.013182466272655345,0.12284951238947879,-0.000982466272655344,-0.15481771238947878
15.86,0.3,0.000307999,9.30327,-0.168216,-0.023573,0.0122,0,0,150.574,2.58974,0.0359017,9.30327,0.000307999,0.013180838738405375,0.12262490160984457,-0.0009808387384053745,-0.14619790160984458
15.88,0.3,0.000307999,9.25662,-0.18083,-0.0129654,0.012962,0,0,150.76,2.59642,0.0359209,9.25662,0.000307999,0.013176060362669086,0.12196578387428991,-0.00021406036266908603,-0.1349311838742899
15.9,0.2,0.000205333,9.23086,-0.19733,-0.00311278,0.0133927,0,0,150.945,2.60307,0.0359384,9.23086,0.000205333,0.012856628776785095,0.11867774031047446,0.0005360712232149057,-0.12179052031047445
15.92,0.2,0.000205333,9.25499,-0.225805,0.00269693,0.0128135,0,0,151.129,2.6097,0.0359495,9.25499,0.000205333,0.012858276642633155,0.11900322174480342,-4.477664263315487e-05,-0.11630629174480342
15.94,0.2,0.000205333,9.2334,-0.269434,0.00134666,0.0124,0,0,151.314,2.61635,0.0359622,9.2334,0.000205333,0.012856802239420168,0.11871199779746218,-0.00045680223942016866,-0.11736533779746218
15.96,0.2,0.000205333,9.24445,-0.323058,-0.00856006,0.0122,0,0,151.498,2.62299,0.0359749,9.24445,0.000205333,0.012857556861765594,0.11886104153074895,-0.000657556861765593,-0.12742110153074895
15.98,0.2,0.000205333,9.27172,-0.373613,-0.0251702,0.011808,0,0,151.683,2.62964,0.0359876,9.27172,0.000205333,0.012859419115501595,0.11922893340157845,-0.001051419115501594,-0.14439913340157845
16.0,0.2,0.000205333,9.24999,-0.40754,-0.0432985,0.0118,0,0,151.868,2.63631,0.0360004,9.24999,0.000205333,0.012857935192162141,0.11893577194814789,-0.0010579351921621415,-0.16223427194814788
16.02,0.2,0.000205333,9.22839,-0.418391,-0.0561661,0.011612,0,0,152.053,2.64297,0.0360131,9.22839,0.000205333,0.012856460093923753,0.118644427766165,-0.0012444600939237518,-0.174810527766165
16.04,0.2,0.000205333,9.21667,-0.408757,-0.0581849,0.0112002,0,0,152.238,2.64961,0.0360258,9.21667,0.000205333,0.01285565969468821,0.11848637303824198,-0.0016554596946882095,-0.17667127303824198
16.06,0.2,0.000205333,9.18056,-0.388575,-0.0474239,0.0106001,0,0,152.422,2.65625,0.0360385,9.18056,0.000205333,0.012853193521768945,0.1179995143182111,-0.002253093521768945,-0.1654234143182111
16.08,0.2,0.000205333,9.16145,-0.369819,-0.0266221,0.0111846,0,0,152.605,2.66286,0.0360511,9.16145,0.000205333,0.012851888324122176,0.11774193228702912,-0.0016672883241221764,-0.14436403228702913
16.1,0.2,0.000205333,9.15003,-0.35976,-0.00221642,0.0121972,0,0,152.788,2.66947,0.0360637,9.15003,0.000205333,0.012851108327922694,0.11758802673374248,-0.0006539083279226941,-0.11980444673374248
16.12,0.2,0.000205333,9.11936,-0.359377,0.0179236,0.0129947,0,0,152.971,2.67606,0.0360763,9.11936,0.000205333,0.01284901346795288,0.11717477945911078,0.00014568653204711894,-0.09925117945911079
16.14,0.2,0.000205333,9.10575,-0.365445,0.0274727,0.0124055,0,0,153.153,2.68264,0.0360889,9.10575,0.000205333,0.01284808382768545,0.11699143931394679,-0.00044258382768544956,-0.08951873931394679
16.16,0.2,0.000205333,9.13553,-0.372037,0.0248725,0.01317,0,0,153.335,2.68921,0.0361014,9.13553,0.000205333,0.012850117944120774,0.11739263798205364,0.00031988205587922536,-0.09252013798205364
16.18,0.2,0.000205333,9.13876,-0.373805,0.0137723,0.0141601,0,0,153.518,2.6958,0.0361139,9.13876,0.000205333,0.01285033856266839,0.11743616004297137,0.0013097614373316097,-0.10366386004297137
16.2,0.2,0.000205333,9.11111,-0.369635,-0.000605973,0.0141944,0,0,153.7,2.7024,0.0361265,9.11111,0.000205333,0.01284844994855912,0.11706364081081648,0.0013459500514408796,-0.11766961381081648
16.22,0.2,0.000205333,9.11111,-0.361826,-0.0149665,0.0138089,0,0,153.882,2.70898,0.0361391,9.11111,0.000205333,0.01284844994855912,0.11706364081081648,0.0009604500514408809,-0.1320301408108165
16.24,0.2,0.000205333,9.0834,-0.353517,-0.0280831,0.0130028,0,0,154.064,2.71556,0.0361516,9.0834,0.000205333,0.012846557151430509,0.11669041722930387,0.0001562428485694916,-0.14477351722930387
16.26,0.2,0.000205333,9.07778,-0.347735,-0.0392131,0.0124005,0,0,154.246,2.72213,0.0361641,9.07778,0.000205333,0.012846173253703047,0.11661473463900046,-0.000445673253703047,-0.15582783463900046
16.28,0.2,0.000205333,9.07778,-0.346213,-0.0474086,0.0124,0,0,154.427,2.72869,0.0361766,9.07778,0.000205333,0.012846173253703047,0.11661473463900046,-0.0004461732537030475,-0.16402333463900046
16.3,0.2,0.000205333,9.07732,-0.348298,-0.0519512,0.0126042,0,0,154.608,2.73526,0.0361891,9.07732,0.000205333,0.01284614183131512,0.11660854016823337,-0.0002419418313151199,-0.16855974016823339
16.32,0.2,0.000205333,9.03592,-0.351624,-0.052514,0.0133317,0,0,154.79,2.74182,0.0362015,9.03592,0.000205333,0.012843313721136698,0.11605115531909352,0.0004883862788633026,-0.16856515531909352
16.34,0.2,0.000205333,9.05256,-0.353845,-0.0487765,0.013796,0,0,154.97,2.74836,0.036214,9.05256,0.000205333,0.012844450452783006,0.11627515839084532,0.0009515495472169934,-0.16505165839084532
16.36,0.2,0.000205333,9.03015,-0.354913,-0.040354,0.0136,0,0,155.151,2.75492,0.0362264,9.03015,0.000205333,0.01284291954688384,0.11597348994629311,0.0007570804531161594,-0.1563274899462931
16.38,0.2,0.000205333,8.9897,-0.357884,-0.0274908,0.0136,0,0,155.332,2.76146,0.0362389,8.9897,0.000205333,0.012840156125977392,0.11542915152569895,0.0007598438740226074,-0.14291995152569895
16.4,0.2,0.000205333,8.96689,-0.365859,-0.0121303,0.012792,0,0,155.511,2.76797,0.0362512,8.96689,0.000205333,0.012838597737455996,0.11512229366601678,-4.659773745599623e-05,-0.1272525936660168
16.42,0.2,0.000205333,8.97758,-0.378563,0.0019331,0.0126,0,0,155.69,2.77447,0.0362636,8.97758,0.000205333,0.0128393280896805,0.11526609507135385,-0.0002393280896804996,-0.11333299507135386
16.44,0.2,0.000205333,8.95811,-0.392509,0.0105361,0.0122,0,0,155.87,2.78097,0.0362759,8.95811,0.000205333,0.012837997869173718,0.11500419709182377,-0.0006379978691737169,-0.10446809709182378
16.46,0.2,0.000205333,8.93342,-0.403277,0.0112525,0.0122027,0,0,156.049,2.78747,0.0362882,8.93342,0.000205333,0.012836310950958,0.11467215697550721,-0.0006336109509579996,-0.10341965697550722
16.48,0.2,0.000205333,8.94426,-0.407679,0.00478305,0.0125926,0,0,156.227,2.79395,0.0363005,8.94426,0.000205333,0.012837051590674707,0.11481792706040815,-0.00024445159067470676,-0.11003487706040815
16.5,0.2,0.000205333,8.9362,-0.404843,-0.00558501,0.0126,0,0,156.406,2.80044,0.0363128,8.9362,0.000205333,0.012836500894830885,0.11470953929638775,-0.00023650089483088534,-0.12029454929638775
16.52,0.2,0.000205333,8.92536,-0.396667,-0.0161798,0.0122287,0,0,156.584,2.80693,0.0363251,8.92536,0.000205333,0.012835760245642905,0.11456378106605135,-0.0006070602456429049,-0.13074358106605136
16.54,0.2,0.000205333,8.93872,-0.387768,-0.0241526,0.012,0,0,156.763,2.81341,0.0363374,8.93872,0.000205333,0.012836673073444873,0.11474342633506315,-0.000836673073444873,-0.13889602633506315
16.56,0.2,0.000205333,8.90883,-0.382309,-0.027044,0.0123936,0,0,156.941,2.8199,0.0363497,8.90883,0.000205333,0.01283463079946514,0.11434154390519902,-0.00044103079946514016,-0.14138554390519903
16.58,0.2,0.000205333,8.87372,-0.380155,-0.0235026,0.0131636,0,0,157.119,2.82638,0.0363619,8.87372,0.000205333,0.012832231738728052,0.1138696314245859,0.0003313682612719471,-0.13737223142458588
16.6,0.2,0.000205333,8.86733,-0.378491,-0.0158999,0.0140301,0,0,157.296,2.83283,0.0363742,8.86733,0.000205333,0.012831795096748571,0.11378376161525151,0.0011983049032514292,-0.12968366161525152
16.62,0.2,0.000205333,8.88838,-0.375768,-0.0109404,0.0145942,0,0,157.474,2.83927,0.0363864,8.88838,0.000205333,0.012833233470375164,0.11406665571341319,0.0017609665296248363,-0.1250070557134132
16.64,0.2,0.000205333,8.853,-0.372302,-0.0154528,0.0144,0,0,157.651,2.84574,0.0363986,8.853,0.000205333,0.012830815882099323,0.1135912130042253,0.0015691841179006766,-0.1290440130042253
16.66,0.2,0.000205333,8.83894,-0.369028,-0.0307433,0.0144,0,0,157.828,2.85218,0.0364108,8.83894,0.000205333,0.01282985509597149,0.11340231940198624,0.001570144904028509,-0.14414561940198622
16.68,0.2,0.000205333,8.86054,-0.366697,-0.0508137,0.0142113,0,0,158.005,2.85861,0.0364229,8.86054,0.000205333,0.01283133111712332,0.11369252261651586,0.0013799688828766803,-0.16450622261651587
16.7,0.2,0.000205333,8.83618,-0.365926,-0.0659137,0.0138,0,0,158.182,2.86507,0.0364351,8.83618,0.000205333,0.012829666489660548,0.11336524244260875,0.0009703335103394516,-0.17927894244260875
16.72,0.2,0.000205333,8.81936,-0.36767,-0.0688168,0.0139938,0,0,158.358,2.8715,0.0364473,8.81936,0.000205333,0.012828517066886345,0.11313931027901475,0.001165282933113656,-0.18195611027901476
16.74,0.2,0.000205333,8.8085,-0.371735,-0.0585992,0.0130174,0,0,158.534,2.87793,0.0364594,8.8085,0.000205333,0.012827774914570341,0.11299345533499286,0.0001896250854296587,-0.17159265533499285
16.76,0.2,0.000205333,8.7947,-0.374903,-0.0391028,0.0122072,0,0,158.71,2.88435,0.0364715,8.7947,0.000205333,0.012826831829904864,0.11280813789446431,-0.0006196318299048643,-0.1519109378944643
16.78,0.2,0.000205333,8.7838,-0.373535,-0.0158218,0.0114555,0,0,158.886,2.89076,0.0364836,8.7838,0.000205333,0.012826086915329077,0.11266178224686754,-0.0013705869153290764,-0.12848358224686754
16.8,0.2,0.000205333,8.80774,-0.367615,0.00570524,0.0108,0,0,159.062,2.89717,0.0364957,8.80774,0.000205333,0.012827722977103669,0.11298324877435507,-0.002027722977103668,-0.10727800877435507
16.82,0.2,0.000205333,8.74526,-0.360362,0.0216109,0.0117838,0,0,159.238,2.90359,0.0365078,8.74526,0.000205333,0.01282345295995353,0.11214443023256321,-0.0010396529599535301,-0.0905335302325632
16.84,0.2,0.000205333,8.7468,-0.355927,0.0308893,0.0122195,0,0,159.412,2.90997,0.0365198,8.7468,0.000205333,0.01282355821184753,0.11216509896738798,-0.0006040582118475302,-0.08127579896738799
16.86,0.2,0.000205333,8.7203,-0.358293,0.0339323,0.013554,0,0,159.587,2.91636,0.0365319,8.7203,0.000205333,0.01282174702405471,0.11180948057386428,0.0007322529759452908,-0.07787718057386428
16.88,0.2,0.000205333,8.69505,-0.36971,0.030525,0.0134102,0,0,159.761,2.92273,0.0365439,8.69505,0.000205333,0.012820021200494828,0.11147072533936256,0.0005901787995051724,-0.08094572533936256
16.9,0.2,0.000205333,8.66936,-0.388925,0.0200687,0.012394,0,0,159.935,2.92908,0.0365558,8.66936,0.000205333,0.012818265234122505,0.11112615589009227,-0.00042426523412250443,-0.09105745589009227
16.92,0.296421,0.000304325,8.66399,-0.410461,0.00258701,0.0127785,0,0,160.108,2.93541,0.0365692,8.66399,0.000304325,0.013104682060376176,0.11353883432427858,-0.0003261820603761758,-0.11095182432427858
16.94,0.3,0.000307999,8.65549,-0.426323,-0.0217169,0.0136031,0,0,160.281,2.94175,0.0365883,8.65549,0.000307999,0.013114454270947434,0.11351202779764281,0.0004886457290525659,-0.1352289277976428
16.96,0.3,0.000307999,8.64727,-0.430942,-0.0524211,0.014398,0,0,160.454,2.94808,0.0366063,8.64727,0.000307999,0.013113611450477168,0.11339693888736771,0.001284388549522831,-0.1658180388873677
16.98,0.3,0.000307999,8.66366,-0.42426,-0.0857698,0.0136122,0,0,160.627,2.95441,0.0366241,8.66366,0.000307999,0.013115291954220832,0.11362643029210485,0.0004969080457791677,-0.19939623029210485
17.0,0.399489,0.000410141,8.65835,-0.409441,-0.112279,0.013998,0,0,160.8,2.96075,0.0366435,8.65835,0.000410141,0.013410465322243803,0.11611250242284964,0.0005875346777561973,-0.22839150242284964
17.02,0.4,0.000410666,8.63882,-0.389972,-0.120926,0.0139952,0,0,160.973,2.96709,0.0366687,8.63882,0.000410666,0.01340931531056486,0.11584066129121394,0.0005858846894351392,-0.23676666129121393
17.04,0.4,0.000410666,8.62769,-0.369611,-0.106999,0.0133876,0,0,161.145,2.97343,0.0366925,8.62769,0.000410666,0.013407793677437224,0.11567828743288835,-2.019367743722432e-05,-0.22267728743288834
17.06,0.4,0.000410666,8.62505,-0.353438,-0.0755885,0.0133929,0,0,161.318,2.97976,0.0367162,8.62505,0.000410666,0.013407432747172501,0.11563977781600018,-1.453274717250208e-05,-0.1912282778160002
17.08,0.4,0.000410666,8.60355,-0.346723,-0.0386401,0.0134,0,0,161.49,2.98609,0.03674,8.60355,0.000410666,0.01340449329866905,0.1153262283197641,-4.493298669049073e-06,-0.1539663283197641
17.1,0.4,0.000410666,8.56207,-0.350886,-0.00846634,0.0134083,0,0,161.662,2.99241,0.0367636,8.56207,0.000410666,0.013398821941192074,0.11472165137802243,9.478058807925807e-06,-0.12318799137802243
17.12,0.4,0.000410666,8.55834,-0.361532,0.00824017,0.0134,0,0,161.833,2.9987,0.0367872,8.55834,0.000410666,0.013398311938984993,0.11466730899989282,1.6880610150069725e-06,-0.10642713899989281
17.14,0.4,0.000410666,8.5502,-0.371908,0.0119184,0.0136,0,0,162.004,3.005,0.0368108,8.5502,0.000410666,0.01339719894825952,0.11454873044740856,0.00020280105174047894,-0.10263033044740856
17.16,0.4,0.000410666,8.55814,-0.377783,0.00728739,0.0136,0,0,162.175,3.01129,0.0368343,8.55814,0.000410666,0.01339828459294047,0.11466439530622755,0.00020171540705953006,-0.10737700530622754
17.18,0.4,0.000410666,8.5347,-0.379107,-0.000345762,0.0137759,0,0,162.346,3.01759,0.0368578,8.5347,0.000410666,0.013395079578999653,0.11432298568288835,0.0003808204210003479,-0.11466874768288834
17.2,0.4,0.000410666,8.51389,-0.378221,-0.00739378,0.0135917,0,0,162.516,3.02388,0.0368813,8.51389,0.000410666,0.013392234076570555,0.11402000778217328,0.00019946592342944512,-0.12141378778217328
17.22,0.4,0.000410666,8.51389,-0.3771,-0.0124933,0.0130077,0,0,162.686,3.03016,0.0369047,8.51389,0.000410666,0.013392234076570555,0.11402000778217328,-0.00038453407657055433,-0.1265133077821733
17.24,0.4,0.000410666,8.50548,-0.376176,-0.0157852,0.013,0,0,162.857,3.03644,0.0369282,8.50548,0.000410666,0.013391084090779657,0.11389759791244457,-0.00039108409077965797,-0.12968279791244458
17.26,0.4,0.000410666,8.49698,-0.375259,-0.0180121,0.0129967,0,0,163.026,3.04272,0.0369516,8.49698,0.000410666,0.013389921783519587,0.11377389759613027,-0.0003932217835195869,-0.13178599759613027
17.28,0.4,0.000410666,8.46942,-0.374481,-0.0198718,0.0126,0,0,163.196,3.049,0.0369749,8.46942,0.000410666,0.013386153070701021,0.11337295254005664,-0.0007861530707010209,-0.13324475254005663
17.3,0.4,0.000410666,8.45838,-0.374064,-0.0215635,0.0126,0,0,163.365,3.05526,0.0369982,8.45838,0.000410666,0.013384643353789204,0.11321239965082353,-0.0007846433537892043,-0.13477589965082354
17.32,0.4,0.000410666,8.46107,-0.374439,-0.0224416,0.0124065,0,0,163.534,3.06151,0.0370215,8.46107,0.000410666,0.013385011212844926,0.11325151682266581,-0.0009785112128449253,-0.1356931168226658
17.34,0.4,0.000410666,8.4608,-0.376666,-0.0211574,0.0136152,0,0,163.703,3.06778,0.0370448,8.4608,0.000410666,0.013384974290255897,0.1132475904749971,0.0002302257097441026,-0.1344049904749971
17.36,0.4,0.000410666,8.42755,-0.381146,-0.0167688,0.0146,0,0,163.872,3.07404,0.0370681,8.42755,0.000410666,0.01338042722743546,0.1127642194805737,0.0012195727725645405,-0.12953301948057372
17.38,0.4,0.000410666,8.40592,-0.385664,-0.00981515,0.0144072,0,0,164.041,3.08029,0.0370912,8.40592,0.000410666,0.013377469121875414,0.11244993524095498,0.0010297308781245865,-0.12226508524095497
17.4,0.4,0.000410666,8.38361,-0.386671,-0.0022736,0.01521,0,0,164.209,3.08652,0.0371144,8.38361,0.000410666,0.01337441791986609,0.11212590381716854,0.0018355820801339087,-0.11439950381716854
17.42,0.4,0.000410666,8.40512,-0.383364,0.00292767,0.0152161,0,0,164.376,3.09274,0.0371374,8.40512,0.000410666,0.013377359712531905,0.11243831366699616,0.0018387402874680946,-0.10951064366699617
17.44,0.4,0.000410666,8.39993,-0.378384,0.00275016,0.015,0,0,164.544,3.09898,0.0371606,8.39993,0.000410666,0.013376649916243292,0.11236292293094952,0.0016233500837567073,-0.10961276293094951
17.46,0.4,0.000410666,8.38037,-0.374023,-0.00431731,0.0147951,0,0,164.712,3.10522,0.0371837,8.38037,0.000410666,0.01337397479648269,0.11207885716519964,0.0014211252035173094,-0.11639616716519964
17.48,0.4,0.000410666,8.35305,-0.37022,-0.0169399,0.0140087,0,0,164.879,3.11145,0.0372067,8.35305,0.000410666,0.013370238251458647,0.11168226862634664,0.0006384617485413538,-0.12862216862634665
17.5,0.4,0.000410666,8.34448,-0.366458,-0.0313248,0.0138019,0,0,165.046,3.11767,0.0372297,8.34448,0.000410666,0.013369066104901713,0.11155790473103025,0.0004328338950982877,-0.14288270473103026
17.52,0.4,0.000410666,8.34174,-0.363635,-0.0431619,0.0132229,0,0,165.213,3.12388,0.0372527,8.34174,0.000410666,0.013368691343117954,0.11151814732454077,-0.0001457913431179552,-0.15468004732454077
17.54,0.4,0.000410666,8.33615,-0.363167,-0.0493211,0.0118081,0,0,165.38,3.13009,0.0372756,8.33615,0.000410666,0.013367926769652382,0.11143704274083771,-0.001559826769652382,-0.16075814274083772
17.56,0.4,0.000410666,8.32233,-0.364301,-0.0483649,0.0125908,0,0,165.546,3.1363,0.0372985,8.32233,0.000410666,0.013366036508997819,0.11123656661992781,-0.0007752365089978199,-0.1596014666199278
17.58,0.4,0.000410666,8.30877,-0.363808,-0.0411443,0.0135863,0,0,165.712,3.14251,0.0373214,8.30877,0.000410666,0.013364181772882731,0.11103991258907486,0.00022211822711726975,-0.15218421258907486
17.6,0.4,0.000410666,8.31382,-0.3598,-0.0313151,0.0136,0,0,165.878,3.14871,0.0373443,8.31382,0.000410666,0.013364872515967739,0.1111131444207029,0.00023512748403226036,-0.1424282444207029
17.62,0.4,0.000410666,8.3001,-0.354647,-0.0236351,0.0136,0,0,166.044,3.15492,0.0373672,8.3001,0.000410666,0.013362995871267052,0.11091420203110366,0.0002370041287329469,-0.13454930203110366
17.64,0.4,0.000410666,8.26079,-0.352494,-0.020651,0.0136,0,0,166.21,3.16112,0.03739,8.26079,0.000410666,0.013357618773340334,0.1103444835866221,0.00024238122665966484,-0.1309954835866221
17.66,0.4,0.000410666,8.24756,-0.354501,-0.021091,0.0136,0,0,166.375,3.16729,0.0374127,8.24756,0.000410666,0.013355809011188841,0.11015283616832064,0.000244190988811158,-0.13124383616832064
17.68,0.4,0.000410666,8.25274,-0.357664,-0.0209717,0.0132009,0,0,166.54,3.17346,0.0374354,8.25274,0.000410666,0.0133565175994922,0.11022786705403326,-0.00015561759949220093,-0.13119956705403327
17.7,0.404351,0.000415133,8.23598,-0.358052,-0.0157449,0.0136087,0,0,166.705,3.17964,0.0374582,8.23598,0.000415133,0.01336652933867314,0.1100864683027252,0.00024217066132685948,-0.1258313683027252
17.72,0.5,0.000513332,8.23065,-0.354646,-0.00287519,0.0138,0,0,166.869,3.18581,0.0374825,8.23065,0.000513332,0.013636108401569038,0.1122340356153742,0.0001638915984309621,-0.1151092256153742
17.74,0.5,0.000513332,8.22226,-0.349941,0.0157021,0.0140014,0,0,167.034,3.19197,0.0375122,8.22226,0.000513332,0.013634673735457896,0.11210783246810604,0.00036672626454210475,-0.09640573246810605
17.76,0.5,0.000513332,8.23328,-0.346953,0.0337574,0.0135934,0,0,167.198,3.19814,0.0375405,8.23328,0.000513332,0.013636558120459398,0.11227360124201596,-4.31581204593974e-05,-0.07851620124201597
17.78,0.5,0.000513332,8.22519,-0.346993,0.0439442,0.0128102,0,0,167.363,3.20432,0.0375688,8.22519,0.000513332,0.013635174759113505,0.1121519030769128,-0.0008249747591135038,-0.0682077030769128
17.8,0.5,0.000513332,8.20004,-0.350447,0.041046,0.0128006,0,0,167.527,3.2105,0.0375971,8.20004,0.000513332,0.013630874093855815,0.11177371280458143,-0.0008302740938558144,-0.07072771280458143
17.82,0.5,0.000513332,8.16789,-0.356696,0.0241202,0.0126,0,0,167.691,3.21666,0.0376253,8.16789,0.000513332,0.013625376195034246,0.11129057396965826,-0.0010253761950342454,-0.08717037396965827
17.84,0.5,0.000513332,8.16667,-0.363089,-0.00247395,0.013593,0,0,167.854,3.22281,0.0376534,8.16667,0.000513332,0.013625167560536309,0.11127224716160505,-3.216756053630969e-05,-0.11374619716160506
17.86,0.5,0.000513332,8.16391,-0.366707,-0.0306656,0.0136,0,0,168.017,3.22896,0.0376814,8.16391,0.000513332,0.013624695566375503,0.11123078838128862,-2.4695566375503714e-05,-0.14189638838128862
17.88,0.5,0.000513332,8.1505,-0.367002,-0.0524,0.0136,0,0,168.18,3.23511,0.0377095,8.1505,0.000513332,0.013622402263527596,0.11102938964888166,-2.2402263527596805e-05,-0.16342938964888165
17.9,0.5,0.000513332,8.13036,-0.366034,-0.062717,0.0148033,0,0,168.343,3.24125,0.0377375,8.13036,0.000513332,0.013618957950285875,0.11072703096068626,0.0011843420497141249,-0.17344403096068625
17.92,0.596752,0.000612664,8.10866,-0.366314,-0.0609971,0.015,0,0,168.505,3.24739,0.0377669,8.10866,0.000612664,0.013884644910126618,0.11258586479694731,0.0011153550898733815,-0.1735829647969473
17.94,0.6,0.000615999,8.10837,-0.368075,-0.0507784,0.0150101,0,0,168.667,3.25351,0.0378015,8.10837,0.000615999,0.013893630242110577,0.11265469464622214,0.0011164697578894232,-0.16343309464622213
17.96,0.6,0.000615999,8.11101,-0.369241,-0.0382489,0.0154,0,0,168.829,3.25964,0.037835,8.11101,0.000615999,0.013894172053404185,0.11269576846688188,0.0015058279465958151,-0.15094466846688187
17.98,0.7,0.000718665,8.11111,-0.368043,-0.0296947,0.0150046,0,0,168.991,3.26578,0.0378699,8.11111,0.000718665,0.014172716725440107,0.11495646435888451,0.0008318832745598925,-0.1446511643588845
18.0,0.8,0.000821331,8.08615,-0.364929,-0.02895,0.015,0,0,169.153,3.27192,0.0379117,8.08615,0.000821331,0.01444441070840675,0.11679967164978323,0.00055558929159325,-0.14574967164978322
18.02,0.9,0.000923998,8.07502,-0.362322,-0.0354688,0.0155966,0,0,169.315,3.27805,0.037959,8.07502,0.000923998,0.014718657393982308,0.11885345282955502,0.0008779426060176922,-0.15432225282955503
18.04,0.9,0.000923998,8.07997,-0.362253,-0.0437119,0.015,0,0,169.476,3.28418,0.0380104,8.07997,0.000923998,0.01472018130818281,0.11893862336467785,0.0002798186918171897,-0.16265052336467783
18.06,0.9,0.000923998,8.06145,-0.363993,-0.0452017,0.0151928,0,0,169.638,3.29032,0.0380604,8.06145,0.000923998,0.014714479658582883,0.118620042043683,0.0004783203414171159,-0.163821742043683
18.08,0.9,0.000923998,8.05841,-0.365295,-0.0332042,0.0148131,0,0,169.799,3.29646,0.0381103,8.05841,0.000923998,0.014713543736203257,0.1185677679792577,9.955626379674204e-05,-0.15177196797925768
18.1,0.9,0.000923998,8.02552,-0.365696,-0.00763101,0.0144,0,0,169.96,3.3026,0.0381602,8.02552,0.000923998,0.01470341765806207,0.11800257248313031,-0.0003034176580620704,-0.1256335824831303
18.12,0.9,0.000923998,8.03052,-0.366708,0.0239869,0.0146022,0,0,170.12,3.30872,0.0382099,8.03052,0.000923998,0.014704957074256567,0.11808845188395883,-0.0001027570742565681,-0.09410155188395883
18.14,0.9,0.000923998,8.01602,-0.369336,0.0510765,0.0147612,0,0,170.28,3.31486,0.0382596,8.01602,0.000923998,0.014700492737073136,0.11783944379023299,6.070726292686443e-05,-0.066762943790233
18.16,0.9,0.000923998,7.99756,-0.373036,0.0657927,0.0136214,0,0,170.441,3.32099,0.0383092,7.99756,0.000923998,0.01469480904068471,0.11752261699141842,-0.00107340904068471,-0.05172991699141842
18.18,0.9,0.000923998,7.97941,-0.376382,0.065532,0.0140973,0,0,170.6,3.32712,0.0383587,7.97941,0.000923998,0.014689220645687374,0.11721131411240429,-0.0005919206456873743,-0.051679314112404284
18.2,0.9,0.000923998,7.96959,-0.378362,0.0525168,0.0149942,0,0,170.76,3.33324,0.0384081,7.96959,0.000923998,0.01468619700233285,0.11704296876782187,0.0003080029976671485,-0.06452616876782187
18.22,0.9,0.000923998,7.9611,-0.379357,0.0321205,0.015,0,0,170.919,3.33936,0.0384574,7.9611,0.000923998,0.014683582840953568,0.11689747135511545,0.00031641715904643167,-0.08477697135511544
18.24,0.9,0.000923998,7.95499,-0.380056,0.0104557,0.0152229,0,0,171.078,3.34549,0.0385067,7.95499,0.000923998,0.014681701487490031,0.11679278851596832,0.0005411985125099682,-0.10633708851596832
18.26,0.996595,0.00102317,7.93643,-0.380162,-0.00798382,0.0159864,0,0,171.237,3.35161,0.0385573,7.93643,0.00102317,0.01493925954994726,0.11856438766998792,0.0010471404500527418,-0.12654820766998792
18.28,1.0,0.00102666,7.90633,-0.379496,-0.0211603,0.0163887,0,0,171.395,3.35773,0.038613,7.90633,0.00102666,0.014938225998549891,0.11810654435911495,0.0014504740014501076,-0.13926684435911496
18.3,1.0,0.00102666,7.89735,-0.378782,-0.0287324,0.0165939,0,0,171.553,3.36384,0.0386675,7.89735,0.00102666,0.0149351534727316,0.11794813427787691,0.0016587465272684017,-0.14668053427787692
18.32,1.1,0.00112933,7.90262,-0.378559,-0.0312968,0.0169887,0,0,171.711,3.36995,0.0387231,7.90262,0.00112933,0.015208359067052837,0.12018588253047309,0.0017803409329471623,-0.1514826825304731
18.34,1.1,0.00112933,7.89168,-0.378813,-0.0301774,0.0168006,0,0,171.869,3.37607,0.0387843,7.89168,0.00112933,0.01520424156675529,0.11998700908753139,0.0015963584332447083,-0.1501644090875314
18.36,1.1,0.00112933,7.89718,-0.379365,-0.0272758,0.0164027,0,0,172.027,3.38219,0.038844,7.89718,0.00112933,0.015206311615935494,0.12008697996713345,0.0011963883840645055,-0.14736277996713346
18.38,1.2,0.001232,7.85151,-0.379822,-0.0247192,0.0156566,0,0,172.184,3.38832,0.0389051,7.85151,0.001232,0.015458775838124678,0.1213747330807943,0.0001978241618753214,-0.1460939330807943
18.4,1.3,0.00133466,7.86365,-0.38062,-0.0240067,0.0149957,0,0,172.341,3.39443,0.0389726,7.86365,0.00133466,0.01573380347149373,0.12372512366861167,-0.0007381034714937298,-0.14773182366861168
18.42,1.3,0.00133466,7.84221,-0.383252,-0.0251572,0.0146099,0,0,172.498,3.40056,0.0390443,7.84221,0.00133466,0.01572426633912625,0.12331299872735925,-0.0011143663391262482,-0.14847019872735925
18.44,1.3,0.00133466,7.84165,-0.386988,-0.0264398,0.0144,0,0,172.655,3.40669,0.0391144,7.84165,0.00133466,0.015724017231102692,0.12330223972027642,-0.0013240172311026928,-0.14974203972027642
18.46,1.3,0.00133466,7.82497,-0.387841,-0.0247078,0.0148004,0,0,172.811,3.41282,0.0391845,7.82497,0.00133466,0.01571659728166992,0.12298190223114867,-0.0009161972816699188,-0.14768970223114866
18.48,1.3,0.00133466,7.80014,-0.38328,-0.016994,0.0151975,0,0,172.968,3.41896,0.0392545,7.80014,0.00133466,0.015705551558835365,0.12250550093613408,-0.0005080515588353658,-0.13949950093613409
18.5,1.3,0.00133466,7.78621,-0.375359,-0.00300855,0.0154,0,0,173.124,3.42508,0.0393242,7.78621,0.00133466,0.01569935457727664,0.12223847160313712,-0.0002993545772766379,-0.12524702160313714
18.52,1.3,0.00133466,7.78878,-0.36785,0.0138387,0.015,0,0,173.279,3.43121,0.0393938,7.78878,0.00133466,0.01570049789154739,0.12228772396772647,-0.0007004978915473893,-0.10844902396772647
18.54,1.3,0.00133466,7.78857,-0.36264,0.0280812,0.0164225,0,0,173.435,3.43734,0.0394635,7.78857,0.00133466,0.015700404469132997,0.12228369923615519,0.0007220955308670021,-0.09420249923615519
18.56,1.3,0.00133466,7.77805,-0.359693,0.035083,0.0171799,0,0,173.59,3.44349,0.0395331,7.77805,0.00133466,0.0156957244163234,0.12208212929638423,0.0014841755836766009,-0.08699912929638423
18.58,1.3,0.00133466,7.75265,-0.358745,0.0331034,0.0182015,0,0,173.746,3.44964,0.0396026,7.75265,0.00133466,0.015684424388866705,0.12159585273834746,0.002517075611133294,-0.08849245273834747
18.6,1.3,0.00133466,7.71954,-0.360272,0.0234626,0.0177861,0,0,173.901,3.45578,0.039672,7.71954,0.00133466,0.015669693720531442,0.12096282746339129,0.002116406279468557,-0.09750022746339129
18.62,1.3,0.00133466,7.72489,-0.365231,0.00940406,0.0168233,0,0,174.055,3.46191,0.039741,7.72489,0.00133466,0.015672073985643083,0.1210650476109544,0.0011512260143569167,-0.11166098761095439
18.64,1.3,0.00133466,7.71939,-0.373554,-0.00496511,0.0162,0,0,174.209,3.46805,0.0398101,7.71939,0.00133466,0.015669626983874762,0.120959961843053,0.0005303730161252372,-0.125925071843053
18.66,1.3,0.00133466,7.70277,-0.382933,-0.0156882,0.016197,0,0,174.363,3.4742,0.0398791,7.70277,0.00133466,0.01566223247736754,0.12064257445969237,0.0005347675226324601,-0.13633077445969238
18.68,1.3,0.00133466,7.70002,-0.390265,-0.0205173,0.0154048,0,0,174.517,3.48034,0.0399479,7.70002,0.00133466,0.015661008941718176,0.1205900820714088,-0.0002562089417181765,-0.1411073820714088
18.7,1.3,0.00133466,7.66664,-0.394494,-0.0195359,0.0148,0,0,174.671,3.48649,0.0400168,7.66664,0.00133466,0.015646157077110548,0.11995345369365881,-0.0008461570771105473,-0.1394893536936588
18.72,1.3,0.00133466,7.65862,-0.396928,-0.0139176,0.0146138,0,0,174.824,3.49263,0.0400853,7.65862,0.00133466,0.015642588613502102,0.11980064200713947,-0.0010287886135021025,-0.13371824200713947
18.74,1.3,0.00133466,7.66108,-0.398799,-0.0048373,0.0147953,0,0,174.977,3.49877,0.0401538,7.66108,0.00133466,0.01564368318378732,0.11984750836564936,-0.0008483831837873199,-0.12468480836564937
18.76,1.4,0.00143733,7.64462,-0.399552,0.00603159,0.0153917,0,0,175.13,3.50492,0.0402236,7.64462,0.00143733,0.0158989324827121,0.12154129723599057,-0.000507232482712101,-0.11550970723599056
18.78,1.4,0.00143733,7.63103,-0.397742,0.0154383,0.0167556,0,0,175.283,3.51107,0.0402985,7.63103,0.00143733,0.015892420295391396,0.1212755360467406,0.0008631797046086027,-0.1058372360467406
18.8,1.4,0.00143733,7.6277,-0.393001,0.0188141,0.0174105,0,0,175.435,3.51723,0.040372,7.6277,0.00143733,0.01589082457555742,0.12121044261497932,0.0015196754244425799,-0.10239634261497932
18.82,1.4,0.00143733,7.62502,-0.386396,0.0128476,0.0177966,0,0,175.587,3.52339,0.0404455,7.62502,0.00143733,0.01588954032733952,0.1211580627867704,0.0019070596726604785,-0.1083104627867704
18.84,1.4,0.00143733,7.61108,-0.379224,-0.00170579,0.0174054,0,0,175.74,3.52955,0.0405189,7.61108,0.00143733,0.01588286024467681,0.12088571995105477,0.0015225397553231927,-0.12259150995105476
18.86,1.4,0.00143733,7.60843,-0.372507,-0.0201562,0.0177867,0,0,175.892,3.53572,0.0405922,7.60843,0.00143733,0.01588159034384069,0.12083396841978782,0.0019051096561593095,-0.14099016841978781
18.88,1.4,0.00143733,7.59755,-0.367448,-0.036331,0.0178,0,0,176.044,3.5419,0.0406654,7.59755,0.00143733,0.015876376514647985,0.1206215643888638,0.0019236234853520148,-0.1569525643888638
18.9,1.49648,0.00153639,7.57813,-0.365387,-0.0448394,0.0168141,0,0,176.195,3.54808,0.0407398,7.57813,0.00153639,0.01611821496230846,0.12214592835231862,0.0006958850376915376,-0.1669853283523186
18.92,1.5,0.00154,7.57225,-0.367022,-0.0428963,0.0171965,0,0,176.347,3.55426,0.0408192,7.57225,0.00154,0.016124348170700853,0.12209759543558954,0.001072151829299147,-0.16499389543558954
18.94,1.5,0.00154,7.55787,-0.37151,-0.0313894,0.016976,0,0,176.498,3.56044,0.0408973,7.55787,0.00154,0.016116964484119842,0.12180992236559483,0.0008590355158801591,-0.15319932236559483
18.96,1.5,0.00154,7.53429,-0.376625,-0.0144163,0.0164,0,0,176.649,3.56662,0.0409753,7.53429,0.00154,0.016104856572868288,0.12133865982839583,0.0002951434271317131,-0.13575495982839583
18.98,1.40324,0.00144066,7.52513,-0.380111,0.00244842,0.0164,0,0,176.8,3.5728,0.0410518,7.52513,0.00144066,0.015850053656736845,0.11927371427392013,0.0005499463432631566,-0.11682529427392012
19.0,1.4,0.00143733,7.51109,-0.380926,0.0149706,0.015991,0,0,176.95,3.57898,0.0411231,7.51109,0.00143733,0.015834941111974615,0.11893766783674142,0.00015605888802538298,-0.10396706783674142
19.02,1.4,0.00143733,7.50837,-0.37985,0.0222703,0.0150131,0,0,177.1,3.58516,0.0411954,7.50837,0.00143733,0.015833637491518088,0.11888480873218966,-0.000820537491518088,-0.09661450873218966
19.04,1.4,0.00143733,7.48601,-0.378875,0.0259093,0.0162016,0,0,177.25,3.59134,0.0412677,7.48601,0.00143733,0.01582292078546889,0.11845054322922796,0.00037867921453111145,-0.09254124322922797
19.06,1.4,0.00143733,7.45828,-0.379311,0.0277456,0.0162,0,0,177.399,3.59752,0.0413398,7.45828,0.00143733,0.01580962990207916,0.11791264650607897,0.0003903700979208391,-0.09016704650607897
19.08,1.4,0.00143733,7.44736,-0.380691,0.028754,0.0160053,0,0,177.548,3.60369,0.0414116,7.44736,0.00143733,0.0158043958535783,0.11770102550410488,0.00020090414642169943,-0.08894702550410488
19.1,1.4,0.00143733,7.43891,-0.381864,0.0286162,0.015407,0,0,177.697,3.60986,0.0414833,7.43891,0.00143733,0.01580034564510761,0.11753734922284745,-0.0003933456451076095,-0.08892114922284744
19.12,1.4,0.00143733,7.44159,-0.382765,0.0255712,0.0163666,0,0,177.846,3.61603,0.0415549,7.44159,0.00143733,0.01580163021316656,0.11758925337799815,0.0005649697868334372,-0.09201805337799815
19.14,1.4,0.00143733,7.43335,-0.384242,0.0169796,0.0168,0,0,177.994,3.62221,0.0416266,7.43335,0.00143733,0.015797680631196277,0.11742968931990284,0.0010023193688037217,-0.10045008931990285
19.16,1.4,0.00143733,7.42504,-0.386316,0.00125007,0.0164017,0,0,178.143,3.6284,0.0416981,7.42504,0.00143733,0.015793697453434785,0.11726883533965142,0.0006080025465652165,-0.11601876533965141
19.18,1.4,0.00143733,7.425,-0.387912,-0.0200875,0.0164,0,0,178.291,3.63459,0.0417696,7.425,0.00143733,0.0157936782803917,0.11726806123190837,0.0006063217196083,-0.13735556123190837
19.2,1.4,0.00143733,7.41125,-0.388478,-0.0423481,0.0164,0,0,178.439,3.6408,0.0418411,7.41125,0.00143733,0.015787087486936916,0.11700205213756122,0.0006129125130630853,-0.1593501521375612
19.22,1.4,0.00143733,7.39434,-0.388916,-0.0596743,0.0164,0,0,178.587,3.647,0.0419125,7.39434,0.00143733,0.015778981845768047,0.11667515662143649,0.0006210181542319546,-0.17634945662143647
19.24,1.4,0.00143733,7.38619,-0.390638,-0.0674679,0.0164,0,0,178.735,3.6532,0.0419837,7.38619,0.00143733,0.015775075159600697,0.11651770239309107,0.0006249248403993046,-0.18398560239309109
19.26,1.4,0.00143733,7.3368,-0.394221,-0.0640785,0.0164,0,0,178.882,3.6594,0.0420548,7.3368,0.00143733,0.015751399270134747,0.11556486616512461,0.0006486007298652542,-0.1796433661651246
19.28,1.4,0.00143733,7.33882,-0.398649,-0.0511683,0.015822,0,0,179.029,3.66557,0.0421254,7.33882,0.00143733,0.015752367619523595,0.11560379053351215,6.963238047640388e-05,-0.16677209053351216
19.3,1.4,0.00143733,7.34442,-0.401518,-0.0326543,0.0158,0,0,179.176,3.67175,0.0421961,7.34442,0.00143733,0.015755052139148247,0.11571172003180318,4.4947860851754506e-05,-0.14836602003180316
19.32,1.4,0.00143733,7.33117,-0.400773,-0.0128061,0.0163824,0,0,179.322,3.67795,0.0422668,7.33117,0.00143733,0.015748700342298284,0.11545639948844692,0.000633699657701714,-0.12826249948844692
19.34,1.3,0.00133466,7.31847,-0.396362,0.00512573,0.0164097,0,0,179.469,3.68415,0.0423361,7.31847,0.00133466,0.015491205045042072,0.11337191938598905,0.0009184949549579276,-0.10824618938598905
19.36,1.3,0.00133466,7.28143,-0.390049,0.0192003,0.0167908,0,0,179.615,3.69035,0.0424003,7.28143,0.00133466,0.015474716316242431,0.11267806362657713,0.0013160836837575705,-0.09347776362657713
19.38,1.3,0.00133466,7.26667,-0.384474,0.0285098,0.0163998,0,0,179.76,3.69652,0.0424654,7.26667,0.00133466,0.015468145533363481,0.11240190910292641,0.0009316544666365181,-0.08389210910292641
19.4,1.3,0.00133466,7.27219,-0.382057,0.0327057,0.0160025,0,0,179.905,3.70269,0.0425304,7.27219,0.00133466,0.015470602913985292,0.11250516380505471,0.0005318970860147074,-0.0797994638050547
19.42,1.3,0.00133466,7.25542,-0.383814,0.0319241,0.0158,0,0,180.051,3.70888,0.0425954,7.25542,0.00133466,0.015463137230625278,0.11219155512582325,0.0003368627693747239,-0.08026745512582326
19.44,1.3,0.00133466,7.23909,-0.389306,0.0267999,0.0161907,0,0,180.195,3.71506,0.0426603,7.23909,0.00133466,0.015455867271796011,0.11188641420858579,0.0007348327282039879,-0.08508651420858579
19.46,1.3,0.00133466,7.21687,-0.397144,0.0181639,0.0160037,0,0,180.34,3.72123,0.042725,7.21687,0.00133466,0.015445974896551917,0.11147159285167864,0.0005577251034480819,-0.09330769285167864
19.48,1.20511,0.00123725,7.21667,-0.404915,0.00750155,0.0161795,0,0,180.484,3.7274,0.0427883,7.21667,0.00123725,0.015210666593098702,0.1097703612824176,0.0009688334069012979,-0.1022688112824176
19.5,1.2,0.001232,7.20568,-0.409551,-0.00276294,0.0164046,0,0,180.628,3.73357,0.0428469,7.20568,0.001232,0.01519347272347334,0.10947930253407738,0.0012111272765266586,-0.11224224253407739
19.52,1.2,0.001232,7.20831,-0.408906,-0.0106433,0.0160037,0,0,180.772,3.73975,0.0429063,7.20831,0.001232,0.015194553569886929,0.10952705244335165,0.0008091464301130703,-0.12017035244335164
19.54,1.2,0.001232,7.18587,-0.40344,-0.0156816,0.0156,0,0,180.916,3.74593,0.0429658,7.18587,0.001232,0.015185331326253219,0.10911981681738323,0.00041466867374678057,-0.12480141681738323
19.56,1.2,0.001232,7.16482,-0.395923,-0.0184212,0.0156,0,0,181.06,3.75211,0.0430251,7.16482,0.001232,0.015176680095554465,0.10873818108223055,0.0004233199044455342,-0.12715938108223054
19.58,1.2,0.001232,7.14754,-0.389109,-0.0194876,0.015408,0,0,181.203,3.75827,0.0430842,7.14754,0.001232,0.01516957810442346,0.10842516628449086,0.0002384218955765391,-0.12791276628449086
19.6,1.2,0.001232,7.15553,-0.384148,-0.0190508,0.015,0,0,181.345,3.76443,0.0431432,7.15553,0.001232,0.015172861972719996,0.1085698690316571,-0.0001728619727199964,-0.1276206690316571
19.62,1.2,0.001232,7.13939,-0.380867,-0.0166216,0.015,0,0,181.488,3.7706,0.0432023,7.13939,0.001232,0.015166228442243244,0.10827761967826699,-0.00016622844224324466,-0.12489921967826699
19.64,1.2,0.001232,7.13056,-0.378601,-0.0111723,0.0155998,0,0,181.631,3.77677,0.0432612,7.13056,0.001232,0.015162599259975092,0.10811782377920799,0.0004372007400249081,-0.11929012377920799
19.66,1.2,0.001232,7.10562,-0.376806,-0.00165551,0.016199,0,0,181.773,3.78294,0.04332,7.10562,0.001232,0.015152348553292897,0.10766683092724907,0.0010466514467071045,-0.10932234092724907
19.68,1.2,0.001232,7.09457,-0.375543,0.0119425,0.0164,0,0,181.915,3.78909,0.0433787,7.09457,0.001232,0.015147806737609678,0.10746717524644349,0.0012521932623903234,-0.0955246752464435
19.7,1.1,0.00112933,7.08601,-0.375444,0.027315,0.0164,0,0,182.057,3.79525,0.043436,7.08601,0.00112933,0.014900842853959838,0.10558752147158795,0.0014991571460401636,-0.07827252147158795
19.72,1.1,0.00112933,7.08067,-0.376745,0.0395827,0.0164,0,0,182.198,3.8014,0.0434884,7.08067,0.00112933,0.014898830854901337,0.10549370466937424,0.001501169145098664,-0.06591100466937425
19.74,1.1,0.00112933,7.06389,-0.378506,0.0432473,0.0164,0,0,182.34,3.80756,0.043542,7.06389,0.00112933,0.014892508417901337,0.10519904128812907,0.001507491582098664,-0.06195174128812907
19.76,1.1,0.00112933,7.05553,-0.379608,0.0354967,0.0163996,0,0,182.481,3.81371,0.0435954,7.05553,0.00112933,0.014889358453223742,0.1050523152474737,0.0015102415467762587,-0.0695556152474737
19.78,1.1,0.00112933,7.03107,-0.380472,0.0181233,0.016009,0,0,182.622,3.81986,0.0436488,7.03107,0.00112933,0.014880141979613851,0.10462331986860356,0.0011288580203861476,-0.08650001986860356
19.8,1.09977,0.0011291,7.02222,-0.382851,-0.00354379,0.0158,0,0,182.762,3.826,0.043702,7.02222,0.0011291,0.01487626678166455,0.10446441811954044,0.0009237332183354516,-0.10800820811954044
19.82,1.0,0.00102666,7.01953,-0.38761,-0.0234095,0.0158,0,0,182.902,3.83213,0.0437539,7.01953,0.00102666,0.014634625501579434,0.10272819274710188,0.0011653744984205672,-0.12613769274710188
19.84,1.0,0.00102666,7.01944,-0.393057,-0.0370962,0.0150064,0,0,183.043,3.83827,0.0438009,7.01944,0.00102666,0.014634594671864808,0.10272665922347471,0.000371805328135192,-0.1398228592234747
19.86,1.0,0.00102666,7.02219,-0.395754,-0.0430686,0.013612,0,0,183.183,3.84442,0.0438492,7.02219,0.00102666,0.01463553668936049,0.10277351938466034,-0.001023536689360489,-0.14584211938466035
19.88,1.0,0.00102666,7.00796,-0.393691,-0.0423108,0.0138123,0,0,183.323,3.85058,0.0438975,7.00796,0.00102666,0.014630662142138203,0.10253109506561883,-0.0008183621421382035,-0.14484189506561884
19.9,1.0,0.00102666,6.9722,-0.389038,-0.0372091,0.0148027,0,0,183.463,3.85673,0.0439457,6.9722,0.00102666,0.014618412020790164,0.10192249229135318,0.00018428797920983647,-0.1391315922913532
19.92,1.0,0.00102666,6.96952,-0.386783,-0.0299358,0.0151892,0,0,183.602,3.86285,0.0439937,6.96952,0.00102666,0.014617493924931158,0.10187691625968621,0.0005717060750688417,-0.1318127162596862
19.94,1.09819,0.00112747,6.95292,-0.389765,-0.020851,0.0157964,0,0,183.741,3.86898,0.0440428,6.95292,0.00112747,0.01484636561785638,0.10322559243170597,0.0009500343821436195,-0.12407659243170596
19.96,1.1,0.00112933,6.95004,-0.395766,-0.00860177,0.0161939,0,0,183.88,3.87511,0.0440965,6.95004,0.00112933,0.014849608049866129,0.10320536993089159,0.0013442919501338718,-0.11180713993089159
19.98,1.1,0.00112933,6.94202,-0.400219,0.00738228,0.0166,0,0,184.019,3.88123,0.0441491,6.94202,0.00112933,0.014846585766459943,0.10306529532248025,0.001753414233540057,-0.09568301532248025
20.0,1.0,0.00102666,6.90821,-0.400895,0.0242847,0.0161852,0,0,184.158,3.88736,0.0442004,6.90821,0.00102666,0.01459648993968279,0.10083561776621605,0.0015887100603172097,-0.07655091776621606
20.02,1.0,0.00102666,6.90273,-0.39895,0.0363445,0.0152,0,0,184.296,3.89347,0.0442467,6.90273,0.00102666,0.014594612487901955,0.10074266945861546,0.0006053875120980452,-0.06439816945861546
20.04,1.0,0.00102666,6.88839,-0.396361,0.0382836,0.015635,0,0,184.433,3.89957,0.0442942,6.88839,0.00102666,0.014589699534337228,0.10049954037533322,0.0010453004656627712,-0.06221594037533322
20.06,1.0,0.00102666,6.8726,-0.39405,0.0284164,0.0162,0,0,184.571,3.90567,0.0443416,6.8726,0.00102666,0.014584289704025455,0.10023198941988534,0.0016157102959745446,-0.07181558941988533
20.08,1.0,0.00102666,6.86391,-0.392613,0.009274,0.0152173,0,0,184.708,3.91176,0.0443888,6.86391,0.00102666,0.014581312368489238,0.10008481577919696,0.0006359876315107614,-0.09081081577919696
20.1,1.0,0.00102666,6.86933,-0.393599,-0.0136073,0.0148,0,0,184.845,3.91786,0.044436,6.86933,0.00102666,0.01458316935247048,0.10017660272800603,0.00021683064752952078,-0.11378390272800604
20.12,1.0,0.00102666,6.86395,-0.399074,-0.0331551,0.0148,0,0,184.983,3.92396,0.0444833,6.86395,0.00102666,0.014581326073213026,0.10008549310023056,0.00021867392678697438,-0.13324059310023056
20.14,1.0,0.00102666,6.84711,-0.409796,-0.0421339,0.0137973,0,0,185.12,3.93006,0.0445305,6.84711,0.00102666,0.014575556325454993,0.09980043747158614,-0.0007782563254549926,-0.14193433747158613
20.16,0.998378,0.001025,6.83049,-0.423714,-0.0361512,0.0136097,0,0,185.256,3.93616,0.0445775,6.83049,0.001025,0.014566067274795775,0.0994933768598198,-0.0009563672747957743,-0.1356445768598198
20.18,0.9,0.000923998,6.82273,-0.436388,-0.0173843,0.0144251,0,0,185.393,3.94224,0.0446233,6.82273,0.000923998,0.014332795701546408,0.09778879521681173,9.230429845359135e-05,-0.11517309521681174
20.2,0.8,0.000821331,6.81091,-0.443873,0.00559593,0.0142,0,0,185.529,3.94833,0.0446632,6.81091,0.000821331,0.014095137036014784,0.09600070978996345,0.00010486296398521701,-0.09040477978996345
20.22,0.703786,0.000722552,6.80021,-0.445382,0.022514,0.0143924,0,0,185.665,3.95441,0.0446983,6.80021,0.000722552,0.013867405220172596,0.09430126765226989,0.0005249947798274032,-0.07178726765226989
20.24,0.598597,0.000614558,6.78314,-0.442844,0.0267834,0.0146028,0,0,185.801,3.96049,0.0447289,6.78314,0.000614558,0.013618133993789477,0.09237370941863315,0.0009846660062105238,-0.06559030941863316
20.26,0.5,0.000513332,6.7554,-0.438636,0.018183,0.0148041,0,0,185.936,3.96655,0.0447544,6.7554,0.000513332,0.013383590470944454,0.09041150706741817,0.0014205095290555463,-0.07222850706741817
20.28,0.5,0.000513332,6.7416,-0.434308,0.00136902,0.0154983,0,0,186.071,3.97259,0.0447765,6.7416,0.000513332,0.013381226067565852,0.09021087365710195,0.002117073932434148,-0.08884185365710195
20.3,0.5,0.000513332,6.72769,-0.430785,-0.0176343,0.015611,0,0,186.206,3.97863,0.0447997,6.72769,0.000513332,0.013378842777951132,0.09000870676879405,0.0022321572220488674,-0.10764300676879404
20.32,0.5,0.000513332,6.725,-0.429044,-0.0336335,0.0158,0,0,186.34,3.98465,0.0448228,6.725,0.000513332,0.013378381878404726,0.08996961813227178,0.002421618121595276,-0.12360311813227177
20.34,0.5,0.000513332,6.70819,-0.430268,-0.0428581,0.0149926,0,0,186.474,3.99067,0.044846,6.70819,0.000513332,0.013375501651061996,0.08972540642063757,0.0016170983489380043,-0.13258350642063757
20.36,0.5,0.000513332,6.70021,-0.434903,-0.0435391,0.0146097,0,0,186.608,3.99669,0.044869,6.70021,0.000513332,0.013374134336735954,0.08960950862434161,0.0012355656632640453,-0.1331486086243416
20.38,0.5,0.000513332,6.69725,-0.441616,-0.0369762,0.014528,0,0,186.742,4.00269,0.0448921,6.69725,0.000513332,0.013373627159197031,0.08956652449193232,0.001154372840802968,-0.12654272449193232
20.4,0.5,0.000513332,6.66371,-0.447339,-0.0276918,0.0135897,0,0,186.876,4.0087,0.0449151,6.66371,0.000513332,0.013367880164796966,0.08907967673295919,0.0002218198352030333,-0.11677147673295919
20.42,0.5,0.000513332,6.65022,-0.448308,-0.0212569,0.0128124,0,0,187.009,4.01468,0.044938,6.65022,0.000513332,0.013365568622918633,0.08888397176750595,-0.0005531686229186331,-0.11014087176750595
20.44,0.5,0.000513332,6.66073,-0.442466,-0.0210625,0.0123957,0,0,187.142,4.02066,0.0449609,6.66073,0.000513332,0.013367369538259954,0.08903643930457422,-0.0009716695382599536,-0.11009893930457422
20.46,0.498109,0.000511391,6.62489,-0.431732,-0.0268246,0.0124038,0,0,187.275,4.02664,0.0449837,6.62489,0.000511391,0.013356924477645134,0.08848815540270646,-0.0009531244776451349,-0.11531275540270647
20.48,0.4,0.000410666,6.61419,-0.420526,-0.035531,0.0127893,0,0,187.407,4.0326,0.0450053,6.61419,0.000410666,0.013132124569160453,0.08685836700409538,-0.0003428245691604534,-0.12238936700409539
20.5,0.4,0.000410666,6.63018,-0.411912,-0.0433541,0.0135909,0,0,187.539,4.03855,0.0450224,6.63018,0.000410666,0.013134316599147516,0.08708288322933588,0.00045658340085248314,-0.1304369832293359
20.52,0.4,0.000410666,6.62506,-0.406251,-0.04712,0.0143915,0,0,187.671,4.04451,0.0450406,6.62506,0.000410666,0.013133614715359577,0.08701098550614013,0.0012578852846404226,-0.13413098550614014
20.54,0.3,0.000307999,6.62466,-0.403072,-0.0447614,0.0145906,0,0,187.804,4.05048,0.0450577,6.62466,0.000307999,0.012905928804637206,0.08549739031492792,0.001684671195362794,-0.13025879031492793
20.56,0.206716,0.000212228,6.59554,-0.402871,-0.0352485,0.0136403,0,0,187.936,4.05644,0.0450692,6.59554,0.000212228,0.012691524356802299,0.08370745655626383,0.0009487756431977006,-0.11895595655626383
20.58,0.199986,0.000205318,6.58333,-0.406486,-0.0187207,0.0133936,0,0,188.067,4.06238,0.0450774,6.58333,0.000205318,0.012675433934929871,0.08344656448684187,0.0007181660650701291,-0.10216726448684188
20.6,0.0987985,0.000101433,6.53892,-0.413134,0.00339158,0.0140048,0,0,188.199,4.06831,0.0450852,6.53892,0.000101433,0.012445031823265226,0.08137706748978545,0.001559768176734774,-0.07798548748978544
20.62,0.0,0.0,6.54428,-0.420236,0.0278925,0.0144,0,0,188.33,4.0742,0.0450874,6.54428,0.0,0.012223040078555169,0.07999099672528702,0.002176959921444831,-0.05209849672528702
20.64,-0.1,-0.000102666,6.52231,-0.425557,0.0485149,0.0136029,0,0,188.46,4.0801,0.0450852,6.52231,-0.000102666,0.0119989191591227,0.07826067042073757,0.0016039808408772997,-0.029745770420737574
20.66,-0.1,-0.000102666,6.52222,-0.428852,0.0563847,0.0128022,0,0,188.59,4.08597,0.0450796,6.52222,-0.000102666,0.011998922243937319,0.07825961063785286,0.000803277756062681,-0.021874910637852858
20.68,-0.2,-0.000205333,6.52493,-0.43172,0.0444961,0.0122914,0,0,188.721,4.09185,0.045074,6.52493,-0.000205333,0.011774616446598572,0.07682854809090442,0.0005167835534014269,-0.03233244809090442
20.7,-0.1,-0.000102666,6.49198,-0.436499,0.0123808,0.0125962,0,0,188.851,4.09772,0.045065,6.49198,-0.000102666,0.011999958759832655,0.0779034922696584,0.0005962412401673452,-0.0655226922696584
20.72,-0.1,-0.000102666,6.47619,-0.444381,-0.0336021,0.0129723,0,0,188.981,4.10357,0.0450617,6.47619,-0.000102666,0.012000499997289962,0.07771751807744928,0.0009718000027100389,-0.11131961807744928
20.74,-0.1,-0.000102666,6.46944,-0.454004,-0.0827943,0.0133013,0,0,189.11,4.1094,0.0450572,6.46944,-0.000102666,0.012000731371591794,0.07763801156463081,0.0013005686284082059,-0.1604323115646308
20.76,-0.1,-0.000102666,6.45829,-0.462815,-0.122704,0.0126,0,0,189.239,4.11522,0.0450528,6.45829,-0.000102666,0.012001113571590987,0.07750667176827035,0.000598886428409013,-0.20021067176827034
20.78,-0.1,-0.000102666,6.44755,-0.469904,-0.142306,0.013,0,0,189.368,4.12103,0.0450483,6.44755,-0.000102666,0.01200148172222198,0.07738015347811232,0.0009985182777780197,-0.21968615347811232
20.8,-0.197512,-0.000202779,6.44996,-0.476207,-0.136811,0.012805,0,0,189.497,4.12684,0.0450428,6.44996,-0.000202779,0.011785269694303645,0.07601451811747073,0.0010197303056963553,-0.21282551811747072
20.82,-0.2,-0.000205333,6.45257,-0.482465,-0.110783,0.0127956,0,0,189.625,4.13264,0.0450329,6.45257,-0.000205333,0.011779577044649272,0.07600854545099255,0.0010160229553507292,-0.18679154545099255
20.84,-0.2,-0.000205333,6.41539,-0.488764,-0.0760377,0.0121895,0,0,189.754,4.13844,0.045024,6.41539,-0.000205333,0.011782126058407656,0.07558693369384789,0.00040737394159234483,-0.15162463369384788
20.86,-0.2,-0.000205333,6.37046,-0.494904,-0.0452004,0.0121912,0,0,189.882,4.14421,0.0450152,6.37046,-0.000205333,0.011785206546428015,0.0750771868957578,0.0004059934535719841,-0.12027758689575781
20.88,-0.2,-0.000205333,6.39991,-0.49969,-0.0259395,0.0122,0,0,190.01,4.14994,0.0450065,6.39991,-0.000205333,0.01178318737950367,0.07541133874195934,0.00041681262049633044,-0.10135083874195934
20.9,-0.2,-0.000205333,6.36427,-0.501502,-0.0191846,0.012296,0,0,190.137,4.1557,0.0449977,6.36427,-0.000205333,0.011785630957145158,0.07500693753163022,0.0005103690428548413,-0.09419153753163022
20.92,-0.2,-0.000205333,6.3583,-0.500308,-0.0205107,0.0124972,0,0,190.264,4.16142,0.0449889,6.3583,-0.000205333,0.011786040286611713,0.07493917995436325,0.0007111597133882871,-0.09544987995436324
20.94,-0.2,-0.000205333,6.34859,-0.497749,-0.0228719,0.0128116,0,0,190.391,4.16713,0.0449802,6.34859,-0.000205333,0.011786706052827733,0.07482896417992162,0.0010248939471722666,-0.09770086417992162
20.96,-0.2,-0.000205333,6.30381,-0.495298,-0.0196972,0.0131909,0,0,190.518,4.17284,0.0449714,6.30381,-0.000205333,0.01178977648800053,0.07432051092282263,0.0014011235119994695,-0.09401771092282263
20.98,-0.2,-0.000205333,6.29158,-0.493142,-0.0076483,0.0134909,0,0,190.644,4.1785,0.0449628,6.29158,-0.000205333,0.01179061509056659,0.07418159809150694,0.0017002849094334103,-0.08182989809150694
21.0,-0.2,-0.000205333,6.26671,-0.490518,0.0117237,0.0138,0,0,190.769,4.18415,0.0449541,6.26671,-0.000205333,0.011792320444444957,0.07389905245240765,0.002007679555555043,-0.06217535245240764
21.02,-0.2,-0.000205333,6.26937,-0.486757,0.032161,0.0136113,0,0,190.895,4.18978,0.0449455,6.26937,-0.000205333,0.011792138044063843,0.07392927648931254,0.0018191619559361563,-0.041768276489312535
21.04,-0.2,-0.000205333,6.2722,-0.482364,0.0453477,0.0135962,0,0,191.02,4.19541,0.0449369,6.2722,-0.000205333,0.011791943987108783,0.0739614310759437,0.0018042560128912165,-0.028613731075943706
21.06,-0.2,-0.000205333,6.2557,-0.478932,0.0453363,0.014,0,0,191.145,4.20104,0.0449282,6.2557,-0.000205333,0.011793075423193067,0.07377394192486887,0.002206924576806933,-0.02843764192486887
21.08,-0.2,-0.000205333,6.22071,-0.477741,0.0316771,0.0132308,0,0,191.27,4.20665,0.0449196,6.22071,-0.000205333,0.01179547482198923,0.07337622817989663,0.0014353251780107688,-0.04169912817989663
21.1,-0.103116,-0.000105866,6.2249,-0.478696,0.00844986,0.0128069,0,0,191.394,4.21223,0.0449121,6.2249,-0.000105866,0.01200244698641442,0.07471403224573113,0.000804453013585579,-0.06626417224573113
21.12,-0.1,-0.000102666,6.21106,-0.480154,-0.019367,0.0130964,0,0,191.518,4.21782,0.0449088,6.21106,-0.000102666,0.0120095893690302,0.07459228014640872,0.0010868106309697995,-0.09395928014640871
21.14,-0.1,-0.000102666,6.19452,-0.479652,-0.047699,0.0124,0,0,191.642,4.22339,0.0449045,6.19452,-0.000102666,0.012010156494148898,0.07439715460613523,0.0003898435058511014,-0.12209615460613524
21.16,-0.1,-0.000102666,6.19715,-0.476146,-0.072052,0.0124,0,0,191.766,4.22895,0.0449003,6.19715,-0.000102666,0.012010066315763806,0.07442818246873567,0.00038993368423619404,-0.14648018246873568
21.18,-0.1,-0.000102666,6.19722,-0.471379,-0.0867799,0.0125812,0,0,191.89,4.2345,0.044896,6.19722,-0.000102666,0.012010063915582219,0.07442900829892443,0.0005711360844177817,-0.16120890829892442
21.2,-0.1,-0.000102666,6.17688,-0.467413,-0.0873185,0.013,0,0,192.013,4.24006,0.0448918,6.17688,-0.000102666,0.012010761347548209,0.07418903155244358,0.0009892386524517904,-0.16150753155244357
21.22,-0.1,-0.000102666,6.13965,-0.463521,-0.072928,0.0126174,0,0,192.137,4.2456,0.0448875,6.13965,-0.000102666,0.012012037955783017,0.0737497088352232,0.0006053620442169842,-0.1466777088352232
21.24,-0.1,-0.000102666,6.14999,-0.457255,-0.0471309,0.0120006,0,0,192.259,4.25111,0.0448833,6.14999,-0.000102666,0.012011683394321326,0.07387173275824221,-1.1083394321325865e-05,-0.12100263275824222
21.26,-0.1,-0.000102666,6.11387,-0.447904,-0.0161912,0.0122,0,0,192.382,4.25662,0.0448791,6.11387,-0.000102666,0.012012921976516426,0.07344544328456448,0.0001870780234835747,-0.08963664328456449
21.28,-0.1,-0.000102666,6.10575,-0.437636,0.0126373,0.0122,0,0,192.504,4.2621,0.0448749,6.10575,-0.000102666,0.012013200424174768,0.07334959848990509,0.00018679957582523263,-0.06071229848990509
21.3,-0.1,-0.000102666,6.10279,-0.429562,0.0324542,0.0122,0,0,192.626,4.26758,0.0448707,6.10279,-0.000102666,0.01201330192787216,0.07331465887239894,0.00018669807212784092,-0.04086045887239893
21.32,-0.1,-0.000102666,6.10493,-0.425467,0.0383898,0.0130174,0,0,192.748,4.27305,0.0448665,6.10493,-0.000102666,0.01201322854340966,0.07333991933151794,0.00100417145659034,-0.03495011933151794
21.34,-0.1,-0.000102666,6.06338,-0.425134,0.0299141,0.0138,0,0,192.87,4.27852,0.0448623,6.06338,-0.000102666,0.012014653398280659,0.07284940912206699,0.0017853466017193412,-0.042935309122066986
21.36,-0.1,-0.000102666,6.04749,-0.427043,0.0117243,0.0136067,0,0,192.991,4.28396,0.0448581,6.04749,-0.000102666,0.012015198323558891,0.07266179170973916,0.0015915016764411084,-0.06093749170973916
21.38,-0.1,-0.000102666,6.02862,-0.429695,-0.00863316,0.0128383,0,0,193.112,4.28937,0.0448539,6.02862,-0.000102666,0.012015845455841338,0.07243896623199421,0.0008224545441586628,-0.08107212623199421
21.4,-0.1,-0.000102666,6.03883,-0.432548,-0.0243016,0.0125006,0,0,193.232,4.29478,0.0448498,6.03883,-0.000102666,0.012015495310038852,0.07255953354312192,0.00048510468996114907,-0.09686113354312192
21.42,-0.1,-0.000102666,6.02809,-0.43598,-0.0310915,0.0123888,0,0,193.353,4.30019,0.0448456,6.02809,-0.000102666,0.01201586363197681,0.07243270740128308,0.00037293636802319084,-0.10352420740128307
21.44,-0.1,-0.000102666,6.014,-0.44075,-0.028187,0.0125971,0,0,193.473,4.30559,0.0448415,6.014,-0.000102666,0.012016346846603453,0.07226630993547317,0.000580753153396547,-0.10045330993547318
21.46,-0.1,-0.000102666,5.99453,-0.447324,-0.0181922,0.0114068,0,0,193.593,4.31098,0.0448374,5.99453,-0.000102666,0.01201701457956279,0.07203635440762653,-0.0006102145795627897,-0.09022855440762653
21.48,-0.1,-0.000102666,5.98623,-0.455378,-0.006261,0.0108,0,0,193.713,4.31635,0.0448332,5.98623,-0.000102666,0.012017299236242986,0.07193831720697484,-0.001217299236242985,-0.07819931720697484
21.5,-0.1,-0.000102666,5.97226,-0.463803,0.00167543,0.0111977,0,0,193.832,4.32171,0.0448291,5.97226,-0.000102666,0.012017778356833049,0.07177329696937974,-0.0008200783568330493,-0.07009786696937974
21.52,-0.1,-0.000102666,5.96956,-0.470891,0.00158382,0.0121664,0,0,193.951,4.32706,0.044825,5.96956,-0.000102666,0.012017870957909656,0.07174140175549917,0.00014852904209034477,-0.07015758175549917
21.54,-0.1,-0.000102666,5.95245,-0.47485,-0.00657938,0.0118,0,0,194.071,4.3324,0.0448209,5.95245,-0.000102666,0.0120184577805209,0.07153926901566163,-0.00021845778052089967,-0.07811864901566162
21.56,-0.1,-0.000102666,5.94185,-0.47501,-0.0195812,0.0121867,0,0,194.189,4.33773,0.0448168,5.94185,-0.000102666,0.012018821334632371,0.07141403354718535,0.00016787866536762883,-0.09099523354718536
21.58,-0.1,-0.000102666,5.90963,-0.472439,-0.0332403,0.0129662,0,0,194.308,4.34305,0.0448127,5.90963,-0.000102666,0.012019926426885423,0.0710333178101149,0.0009462735731145776,-0.1042736178101149
21.6,-0.1,-0.000102666,5.93757,-0.468813,-0.0439764,0.0131966,0,0,194.426,4.34834,0.0448087,5.93757,-0.000102666,0.012018968129332518,0.07136346459568088,0.001177631870667481,-0.11533986459568088
21.62,-0.1,-0.000102666,5.89455,-0.464868,-0.0494038,0.0137989,0,0,194.545,4.35366,0.0448046,5.89455,-0.000102666,0.012020443658584722,0.07085510616771057,0.0017784563414152774,-0.12025890616771057
21.64,-0.1,-0.000102666,5.88847,-0.460523,-0.0482214,0.0138098,0,0,194.662,4.35893,0.0448005,5.88847,-0.000102666,0.012020652199936905,0.07078324985976246,0.0017891478000630952,-0.11900464985976246
21.66,-0.1,-0.000102666,5.87258,-0.455866,-0.0398011,0.0141912,0,0,194.78,4.3642,0.0447965,5.87258,-0.000102666,0.012021197226276476,0.0705954424070867,0.0021700027737235235,-0.11039654240708671
21.68,-0.1,-0.000102666,5.84433,-0.451113,-0.024465,0.0146,0,0,194.897,4.36946,0.0447924,5.84433,-0.000102666,0.012022166222397709,0.0702615067185456,0.0025778337776022914,-0.0947265067185456
21.7,-0.1,-0.000102666,5.81931,-0.446284,-0.004541,0.0141822,0,0,195.014,4.37469,0.0447884,5.81931,-0.000102666,0.012023024450841588,0.06996570641702696,0.0021591755491584125,-0.07450670641702696
21.72,-0.1,-0.000102666,5.81395,-0.441278,0.0150942,0.0136047,0,0,195.13,4.37989,0.0447844,5.81395,-0.000102666,0.01202320831082479,0.0699023319587198,0.0015814916891752108,-0.054808131958719794
21.74,-0.1,-0.000102666,5.80833,-0.435937,0.0281783,0.0134,0,0,195.246,4.38509,0.0447804,5.80833,-0.000102666,0.012023401090482394,0.0698358812558816,0.0013765989095176068,-0.04165758125588159
21.76,-0.1,-0.000102666,5.80833,-0.430552,0.0295216,0.0132122,0,0,195.362,4.39029,0.0447764,5.80833,-0.000102666,0.012023401090482394,0.0698358812558816,0.0011887989095176067,-0.0403142812558816
21.78,-0.1,-0.000102666,5.78053,-0.426064,0.0173764,0.0130021,0,0,195.478,4.39549,0.0447724,5.78053,-0.000102666,0.012024354714463243,0.06950714315759621,0.0009777452855367578,-0.05213074315759621
21.8,-0.1,-0.000102666,5.77208,-0.423447,-0.00549163,0.0135851,0,0,195.593,4.40066,0.0447685,5.77208,-0.000102666,0.012024644580391083,0.06940721048958376,0.0015604554196089158,-0.07489884048958376
21.82,-0.1,-0.000102666,5.7613,-0.423221,-0.0326054,0.0126137,0,0,195.709,4.40582,0.0447645,5.7613,-0.000102666,0.012025014377492484,0.06927971533304746,0.0005886856225075163,-0.10188511533304745
21.84,-0.1,-0.000102666,5.76656,-0.424287,-0.0557151,0.0126092,0,0,195.824,4.41097,0.0447605,5.76656,-0.000102666,0.012024833937951361,0.0693419263932328,0.0005843660620486382,-0.1250570263932328
21.86,-0.1,-0.000102666,5.75271,-0.423708,-0.0673021,0.0138024,0,0,195.939,4.41613,0.0447566,5.75271,-0.000102666,0.012025309051759064,0.0691781156351449,0.0017770909482409357,-0.1364802156351449
21.88,-0.1,-0.000102666,5.74204,-0.419894,-0.0637342,0.0136294,0,0,196.054,4.42127,0.0447526,5.74204,-0.000102666,0.012025675082651408,0.0690519073515877,0.001603724917348592,-0.1327861073515877
21.9,-0.1,-0.000102666,5.72788,-0.414483,-0.0470449,0.012609,0,0,196.168,4.42641,0.0447487,5.72788,-0.000102666,0.012026160843013462,0.06888440616947995,0.0005828391569865383,-0.11592930616947995
21.92,-0.1,-0.000102666,5.71172,-0.410251,-0.0234996,0.0125853,0,0,196.283,4.43153,0.0447447,5.71172,-0.000102666,0.012026715222147285,0.06869322986864308,0.0005585847778527154,-0.09219282986864308
21.94,-0.1,-0.000102666,5.70838,-0.409082,-0.000618666,0.0127938,0,0,196.397,4.43663,0.0447408,5.70838,-0.000102666,0.01202682980411757,0.06865371471722866,0.0007669701958824288,-0.06927238071722866
21.96,-0.1,-0.000102666,5.67274,-0.410907,0.0154947,0.0128,0,0,196.511,4.44173,0.0447369,5.67274,-0.000102666,0.012028052493334766,0.06823201450103987,0.0007719475066652343,-0.05273731450103987
21.98,-0.1,-0.000102666,5.6857,-0.413837,0.0220908,0.0128,0,0,196.624,4.4468,0.044733,5.6857,-0.000102666,0.012027607873978217,0.06838537008907794,0.0007723921260217835,-0.04629457008907794
22.0,-0.1,-0.000102666,5.65049,-0.416256,0.0199558,0.013,0,0,196.737,4.45189,0.0447291,5.65049,-0.000102666,0.012028815838713599,0.0679687036084928,0.0009711841612864008,-0.04801290360849281
22.02,-0.1,-0.000102666,5.64445,-0.417994,0.0118608,0.013,0,0,196.85,4.45693,0.0447252,5.64445,-0.000102666,0.012029023059909959,0.06789721921050877,0.0009709769400900407,-0.056036419210508774
22.04,-0.1,-0.000102666,5.62178,-0.419562,0.00115058,0.0130087,0,0,196.963,4.46198,0.0447213,5.62178,-0.000102666,0.012029800836744129,0.06762889374799141,0.0009788991632558707,-0.06647831374799142
22.06,-0.1,-0.000102666,5.6033,-0.421034,-0.00908157,0.0132,0,0,197.075,4.467,0.0447174,5.6033,-0.000102666,0.012030434873415192,0.06741013572620734,0.0011695651265848078,-0.07649170572620734
22.08,-0.1,-0.000102666,5.6081,-0.420959,-0.0167039,0.0130162,0,0,197.187,4.47201,0.0447136,5.6081,-0.000102666,0.012030270187442672,0.06746695823819725,0.0009859298125573287,-0.08417085823819725
22.1,0.0,0.0,5.58846,-0.41693,-0.0204814,0.0132081,0,0,197.299,4.47702,0.0447107,5.58846,0.0,0.012223040078555169,0.06830797055740243,0.0009850599214448318,-0.08878937055740242
22.12,0.0,0.0,5.56965,-0.408438,-0.0196337,0.0135953,0,0,197.411,4.48201,0.0447116,5.56965,0.0,0.012223040078555169,0.0680780551735248,0.0013722599214448308,-0.08771175517352481
22.14,0.1,0.000102666,5.55551,-0.398037,-0.0144002,0.0136,0,0,197.522,4.48698,0.0447126,5.55551,0.000102666,0.012414005586170848,0.06896613217402801,0.0011859944138291507,-0.08336633217402802
22.16,0.100283,0.000102957,5.54723,-0.388863,-0.00691381,0.0133989,0,0,197.633,4.49195,0.0447174,5.54723,0.000102957,0.012414261961442243,0.06886476638037126,0.0009846380385577572,-0.07577857638037126
22.18,0.2,0.000205333,5.55237,-0.382414,-0.000787665,0.0128304,0,0,197.743,4.4969,0.0447222,5.55237,0.000205333,0.012604757481623239,0.06998627729824042,0.0002256425183767615,-0.07077394229824042
22.2,0.3,0.000307999,5.53624,-0.378571,0.00049644,0.0133942,0,0,197.854,4.50186,0.0447317,5.53624,0.000307999,0.012793954916853105,0.07083040496887884,0.0006002450831468949,-0.07033396496887884
22.22,0.40262,0.000413356,5.53034,-0.376008,-0.00455151,0.0127948,0,0,197.965,4.50681,0.0447451,5.53034,0.000413356,0.012988432298753662,0.07183044667908932,-0.00019363229875366157,-0.07638195667908931
22.24,0.5,0.000513332,5.51411,-0.373323,-0.0143223,0.0127948,0,0,198.075,4.51176,0.0447623,5.51411,0.000513332,0.01317076880828232,0.07262506799343763,-0.0003759688082823204,-0.08694736799343762
22.26,0.5,0.000513332,5.51937,-0.370695,-0.024807,0.0133946,0,0,198.185,4.51669,0.0447821,5.51937,0.000513332,0.013171671233077806,0.07269932705371265,0.00022292876692219313,-0.09750632705371265
22.28,0.6,0.000615999,5.47897,-0.369549,-0.0320209,0.0136,0,0,198.296,4.52163,0.0448021,5.47897,0.000615999,0.013353081059724159,0.07316113053379689,0.0002469189402758403,-0.10518203053379688
22.3,0.6,0.000615999,5.47501,-0.370927,-0.0343487,0.0136,0,0,198.405,4.52654,0.0448256,5.47501,0.000615999,0.013352265756788464,0.07310378854107441,0.00024773424321153543,-0.10745248854107442
22.32,0.7,0.000718665,5.47768,-0.374742,-0.0329915,0.0139723,0,0,198.514,4.53144,0.0448491,5.47768,0.000718665,0.013541110510538109,0.07417387022136439,0.0004311894894618914,-0.10716537022136438
22.34,0.7,0.000718665,5.44648,-0.379868,-0.0303548,0.0146115,0,0,198.624,4.53635,0.0448765,5.44648,0.000718665,0.013533616208181654,0.07371057000553721,0.0010778837918183452,-0.10406537000553721
22.36,0.7,0.000718665,5.42256,-0.384336,-0.0277919,0.0144111,0,0,198.732,4.54123,0.0449027,5.42256,0.000718665,0.01352787042308179,0.07335568904138638,0.0008832295769182104,-0.10114758904138638
22.38,0.7,0.000718665,5.44995,-0.385435,-0.0243821,0.014603,0,0,198.841,4.5461,0.0449288,5.44995,0.000718665,0.01353444972032292,0.0737620742532739,0.0010685502796770798,-0.0981441742532739
22.4,0.7,0.000718665,5.43614,-0.381169,-0.0174273,0.0148009,0,0,198.949,4.55099,0.044955,5.43614,0.000718665,0.01353113246953586,0.07355713046294267,0.0012697675304641411,-0.09098443046294266
22.42,0.7,0.000718665,5.40669,-0.372592,-0.00445056,0.01403,0,0,199.058,4.55588,0.0449812,5.40669,0.000718665,0.013524058242558583,0.07312039045945906,0.000505941757441418,-0.07757095045945907
22.44,0.7,0.000718665,5.41103,-0.363365,0.0145491,0.0138058,0,0,199.166,4.56074,0.0450072,5.41103,0.000718665,0.013525100772817197,0.07318472603473704,0.00028069922718280266,-0.058635626034737036
22.46,0.7,0.000718665,5.37821,-0.356746,0.0359341,0.0136051,0,0,199.274,4.56561,0.0450332,5.37821,0.000718665,0.013517216830325638,0.07269843072902565,8.788316967436177e-05,-0.03676433072902566
22.48,0.7,0.000718665,5.36167,-0.353451,0.0528572,0.0139854,0,0,199.381,4.57045,0.0450591,5.36167,0.000718665,0.013513243536997713,0.07245355247501453,0.00047215646300228717,-0.019596352475014532
22.5,0.7,0.000718665,5.35561,-0.351218,0.0582064,0.0147924,0,0,199.488,4.57527,0.0450849,5.35561,0.000718665,0.013511787768139522,0.07236386568892571,0.0012806122318604791,-0.01415746568892571
22.52,0.7,0.000718665,5.35831,-0.346372,0.0491267,0.0146,0,0,199.595,4.5801,0.0451107,5.35831,0.000718665,0.013512436379064206,0.07240382297430353,0.0010875636209357938,-0.02327712297430353
22.54,0.7,0.000718665,5.34172,-0.336813,0.0286986,0.0136,0,0,199.702,4.58493,0.0451365,5.34172,0.000718665,0.01350845099895402,0.07215836287013266,9.154900104597907e-05,-0.04345976287013266
22.56,0.7,0.000718665,5.34717,-0.323397,0.00314062,0.014207,0,0,199.809,4.58975,0.0451622,5.34717,0.000718665,0.013509760247692624,0.07223898470365457,0.0006972397523073749,-0.06909836470365457
22.58,0.7,0.000718665,5.33902,-0.309223,-0.0216462,0.0149931,0,0,199.916,4.59458,0.045188,5.33902,0.000718665,0.013507802377804058,0.07211842705114342,0.0014852976221959423,-0.09376462705114343
22.6,0.7,0.000718665,5.30552,-0.297892,-0.0411076,0.0160028,0,0,200.022,4.5994,0.0452137,5.30552,0.000718665,0.013499754533039124,0.07162321767012973,0.002503045466960877,-0.11273081767012974
22.62,0.7,0.000718665,5.29473,-0.291112,-0.0519149,0.0164,0,0,200.128,4.60419,0.0452392,5.29473,0.000718665,0.013497162352137158,0.07146383042073118,0.0029028376478628434,-0.12337873042073118
22.64,0.7,0.000718665,5.30276,-0.287843,-0.052654,0.0150024,0,0,200.234,4.60898,0.0452647,5.30276,0.000718665,0.013499091475371245,0.07158244231193962,0.0015033085246287554,-0.12423644231193962
22.66,0.7,0.000718665,5.29721,-0.286332,-0.0443385,0.0145999,0,0,200.34,4.61378,0.0452902,5.29721,0.000718665,0.013497758147668602,0.0715004594374116,0.001102141852331399,-0.1158389594374116
22.68,0.7,0.000718665,5.25595,-0.286351,-0.0298217,0.0140082,0,0,200.446,4.61857,0.0453157,5.25595,0.000718665,0.013487845659366648,0.07089144239334814,0.000520354340633352,-0.10071314239334814
22.7,0.6,0.000615999,5.27203,-0.2887,-0.0134888,0.0133932,0,0,200.551,4.62333,0.0453401,5.27203,0.000615999,0.01331047114948719,0.07017320321423096,8.272885051280841e-05,-0.08366200321423095
22.72,0.6,0.000615999,5.26126,-0.293587,-0.00110855,0.0132,0,0,200.656,4.62811,0.045361,5.26126,0.000615999,0.013308253327389798,0.07001818090126286,-0.00010825332738979843,-0.07112673090126286
22.74,0.6,0.000615999,5.23874,-0.300196,0.00203527,0.0136043,0,0,200.761,4.63288,0.0453827,5.23874,0.000615999,0.013303615803699312,0.06969418425547173,0.0003006841963006882,-0.06765891425547173
22.76,0.6,0.000615999,5.21121,-0.3059,-0.00558982,0.0137952,0,0,200.866,4.63763,0.0454043,5.21121,0.000615999,0.01329794644313245,0.06929839148391627,0.0004972535568675499,-0.07488821148391626
22.78,0.6,0.000615999,5.22714,-0.306454,-0.0198755,0.0130305,0,0,200.97,4.64236,0.0454258,5.22714,0.000615999,0.013301226987998092,0.06952737563804436,-0.00027072698799809197,-0.08940287563804436
22.8,0.6,0.000615999,5.25984,-0.300212,-0.0327385,0.0146059,0,0,201.074,4.64711,0.0454474,5.25984,0.000615999,0.0133079609109245,0.06999774511771711,0.0012979390890755001,-0.10273624511771712
22.82,0.6,0.000615999,5.17596,-0.290331,-0.0368272,0.014409,0,0,201.179,4.65189,0.0454691,5.17596,0.000615999,0.013290687061905355,0.06879206460493964,0.0011183129380946451,-0.10561926460493964
22.84,0.6,0.000615999,5.20809,-0.28028,-0.0297089,0.013816,0,0,201.282,4.65659,0.0454904,5.20809,0.000615999,0.013297303920199791,0.06925355557375333,0.0005186960798002089,-0.09896245557375333
22.86,0.6,0.000615999,5.18966,-0.271221,-0.0137908,0.0147705,0,0,201.386,4.66133,0.0455119,5.18966,0.000615999,0.013293508466482973,0.06898878914816803,0.0014769915335170278,-0.08277958914816803
22.88,0.6,0.000615999,5.17282,-0.264594,0.00648031,0.0149848,0,0,201.49,4.66605,0.0455333,5.17282,0.000615999,0.013290040399203385,0.06874698677780725,0.0016947596007966144,-0.06226667677780724
22.9,0.6,0.000615999,5.16093,-0.261846,0.0260602,0.0153855,0,0,201.593,4.67075,0.0455547,5.16093,0.000615999,0.013287591713662051,0.06857633070278989,0.002097908286337949,-0.04251613070278989
22.92,0.6,0.000615999,5.15276,-0.261801,0.0400353,0.0148,0,0,201.696,4.67545,0.045576,5.15276,0.000615999,0.013285909127883657,0.06845910111779378,0.0015140908721163436,-0.02842380111779378
22.94,0.6,0.000615999,5.14722,-0.261702,0.0452324,0.0146,0,0,201.799,4.68015,0.0455973,5.14722,0.000615999,0.013284768175163936,0.06837962444656731,0.001315231824836064,-0.023147224446567312
22.96,0.6,0.000615999,5.14722,-0.259317,0.0411198,0.01479,0,0,201.902,4.68484,0.0456185,5.14722,0.000615999,0.013284768175163936,0.06837962444656731,0.0015052318248360633,-0.027259824446567313
22.98,0.6,0.000615999,5.15788,-0.253702,0.0293395,0.015,0,0,202.005,4.68953,0.0456397,5.15788,0.000615999,0.013286963577237736,0.06853256369576297,0.0017130364227622638,-0.03919306369576296
23.0,0.6,0.000615999,5.12038,-0.246277,0.0127913,0.0146174,0,0,202.108,4.69424,0.045661,5.12038,0.000615999,0.01327924044524173,0.06799475719100685,0.001338159554758269,-0.055203457191006854
23.02,0.6,0.000615999,5.11944,-0.239784,-0.00520708,0.0146,0,0,202.21,4.69891,0.0456821,5.11944,0.000615999,0.013279046848673346,0.06798128359897228,0.001320953151326654,-0.07318836359897228
23.04,0.5,0.000513332,5.11923,-0.235553,-0.0217729,0.0153974,0,0,202.312,4.70358,0.0457024,5.11923,0.000513332,0.013103008787263164,0.0670773156740212,0.0022943912127368366,-0.0888502156740212
23.06,0.5,0.000513332,5.08613,-0.234078,-0.0354249,0.0147941,0,0,202.415,4.70826,0.0457191,5.08613,0.000513332,0.013097327811963542,0.06661471190426213,0.001696772188036457,-0.10203961190426214
23.08,0.5,0.000513332,5.08888,-0.236017,-0.0460261,0.0147967,0,0,202.516,4.71291,0.0457366,5.08888,0.000513332,0.013097799802803643,0.0666531314604914,0.0016989001971963562,-0.1126792314604914
23.1,0.5,0.000513332,5.08335,-0.240085,-0.0535738,0.0151988,0,0,202.618,4.71756,0.0457541,5.08335,0.000513332,0.013096850670940295,0.06657587585812436,0.0021019493290597054,-0.12014967585812436
23.12,0.5,0.000513332,5.07795,-0.243244,-0.0574937,0.015,0,0,202.719,4.72221,0.0457716,5.07795,0.000513332,0.013095923846824686,0.06650044649798342,0.0019040761531753138,-0.12399414649798343
23.14,0.5,0.000513332,5.08328,-0.243768,-0.0568948,0.013414,0,0,202.821,4.72686,0.0457891,5.08328,0.000513332,0.013096838656582517,0.06657489800623279,0.0003171613434174835,-0.12346969800623278
23.16,0.5,0.000513332,5.06955,-0.241268,-0.0514929,0.013,0,0,202.922,4.73151,0.0458065,5.06955,0.000513332,0.013094482111449497,0.06638313178809879,-9.44821114494971e-05,-0.1178760317880988
23.18,0.5,0.000513332,5.06428,-0.235861,-0.0425166,0.0135713,0,0,203.023,4.73615,0.045824,5.06428,0.000513332,0.013093577588567135,0.06630954311022877,0.0004777224114328651,-0.10882614311022877
23.2,0.5,0.000513332,5.04177,-0.229016,-0.0324082,0.0132017,0,0,203.125,4.74079,0.0458414,5.04177,0.000513332,0.013089714009011624,0.06599532739921453,0.00011198599098837664,-0.09840352739921453
23.22,0.5,0.000513332,5.02283,-0.221667,-0.0235018,0.0133873,0,0,203.225,4.74541,0.0458587,5.02283,0.000513332,0.013086463118047384,0.06573107954322194,0.0003008368819526156,-0.08923287954322194
23.24,0.5,0.000513332,5.02497,-0.212832,-0.0168978,0.0132037,0,0,203.326,4.75001,0.045876,5.02497,0.000513332,0.013086830433722487,0.06576093032454249,0.00011686956627751308,-0.08265873032454249
23.26,0.5,0.000513332,5.02775,-0.202736,-0.0123869,0.0130033,0,0,203.426,4.75462,0.0458933,5.02775,0.000513332,0.013087307599766432,0.06579971078472568,-8.400759976643149e-05,-0.07818661078472569
23.28,0.5,0.000513332,5.02505,-0.193672,-0.00924246,0.0131916,0,0,203.526,4.75923,0.0459106,5.02505,0.000513332,0.013086844165135988,0.06576204627201661,0.00010475583486401104,-0.0750045062720166
23.3,0.4,0.000410666,5.00839,-0.187829,-0.00707806,0.0139973,0,0,203.627,4.76384,0.045927,5.00839,0.000410666,0.012911796326506162,0.0646673116037102,0.0010855036734938386,-0.0717453716037102
23.32,0.4,0.000410666,4.97254,-0.186373,-0.00605607,0.0146,0,0,203.727,4.76844,0.0459399,4.97254,0.000410666,0.012906873458869948,0.06417994454916917,0.0016931265411300519,-0.07023601454916917
23.34,0.4,0.000410666,4.99415,-0.187736,-0.00610894,0.0146,0,0,203.826,4.77301,0.0459536,4.99415,0.000410666,0.01290984093003801,0.06447368208074933,0.0016901590699619894,-0.07058262208074934
23.36,0.3,0.000307999,4.98346,-0.187291,-0.00634939,0.0149956,0,0,203.926,4.77759,0.0459665,4.98346,0.000307999,0.012737038917537654,0.0634745239639922,0.002258561082462345,-0.06982391396399219
23.38,0.3,0.000307999,4.97266,-0.181721,-0.0058894,0.0153828,0,0,204.025,4.78217,0.0459759,4.97266,0.000307999,0.012735926627425412,0.06333143290313326,0.0026468733725745885,-0.06922083290313326
23.4,0.202311,0.000207705,4.98046,-0.172842,-0.00502741,0.0144139,0,0,204.125,4.78674,0.0459853,4.98046,0.000207705,0.012569456634218688,0.06260167598846081,0.0018444433657813127,-0.0676290859884608
23.42,0.2,0.000205333,4.9804,-0.165426,-0.00531674,0.014,0,0,204.224,4.79132,0.0459914,4.9804,0.000205333,0.012565496422606497,0.0625811983831494,0.001434503577393503,-0.0678979383831494
23.44,0.2,0.000205333,4.96372,-0.161459,-0.00843948,0.013788,0,0,204.324,4.7959,0.0459982,4.96372,0.000205333,0.012564351167838668,0.062365921178824155,0.001223648832161332,-0.07080540117882415
23.46,0.2,0.000205333,4.95842,-0.159291,-0.0152428,0.0130202,0,0,204.423,4.80046,0.0460051,4.95842,0.000205333,0.012563987264412754,0.062297525731609495,0.00045621273558724487,-0.07754032573160949
23.48,0.2,0.000205333,4.95564,-0.157121,-0.0258779,0.01316,0,0,204.522,4.80502,0.0460119,4.95564,0.000205333,0.012563796386087244,0.062261651922749385,0.0005962036139127557,-0.08813955192274939
23.5,0.102383,0.000105113,4.95007,-0.152883,-0.0397331,0.0136,0,0,204.621,4.80958,0.0460179,4.95007,0.000105113,0.012397282491981396,0.06136741614508235,0.0012027175080186036,-0.10110051614508235
23.52,0.1,0.000102666,4.93057,-0.144827,-0.054765,0.0139992,0,0,204.72,4.81413,0.0460205,4.93057,0.000102666,0.012392556725427977,0.061102368413693424,0.0016066432745720227,-0.11586736841369343
23.54,0.0965617,9.91365e-05,4.91963,-0.135,-0.0683129,0.0135862,0,0,204.818,4.81867,0.0460238,4.91963,9.91365e-05,0.012386366328666826,0.06093633938149917,0.001199833671333174,-0.12924923938149918
23.56,0.0,0.0,4.93004,-0.12626,-0.0789051,0.0125957,0,0,204.916,4.82319,0.0460263,4.93004,0.0,0.012223040078555169,0.06026007650888012,0.00037265992144483104,-0.13916517650888013
23.58,0.0,0.0,4.88621,-0.117315,-0.0855306,0.012201,0,0,205.015,4.82773,0.0460254,4.88621,0.0,0.012223040078555169,0.05972434066223705,-2.2040078555168527e-05,-0.14525494066223704
23.6,0.0,0.0,4.90858,-0.105124,-0.0854784,0.012,0,0,205.112,4.83222,0.0460254,4.90858,0.0,0.012223040078555169,0.05999777006879432,-0.00022304007855516832,-0.14547617006879432
23.62,0.0,0.0,4.9247,-0.0886062,-0.0757234,0.012,0,0,205.21,4.83674,0.0460254,4.9247,0.0,0.012223040078555169,0.060194805474860634,-0.00022304007855516832,-0.13591820547486064
23.64,0.0,0.0,4.90276,-0.0693037,-0.0566984,0.0122015,0,0,205.309,4.84127,0.0460254,4.90276,0.0,0.012223040078555169,0.05992663197553714,-2.1540078555168027e-05,-0.11662503197553714
23.66,-0.000761882,-7.82197e-07,4.88904,-0.0518168,-0.033251,0.0134015,0,0,205.407,4.84578,0.0460254,4.88904,-7.82197e-07,0.012221759419397045,0.05975267067180893,0.001179740580602955,-0.09300367067180892
23.68,-0.1,-0.000102666,4.9245,-0.0417779,-0.0121748,0.0136,0,0,205.504,4.85028,0.0460246,4.9245,-0.000102666,0.012053731823011277,0.059358602362419036,0.0015462681769887222,-0.07153340236241904
23.7,0.0,0.0,4.8832,-0.0411184,0.00121336,0.0131972,0,0,205.603,4.85481,0.0460212,4.8832,0.0,0.012223040078555169,0.059687549311600606,0.0009741599214448306,-0.05847418931160061
23.72,0.0,0.0,4.84564,-0.0465653,0.0052242,0.0126125,0,0,205.7,4.8593,0.046022,4.84564,0.0,0.012223040078555169,0.05922845192625007,0.0003894599214448319,-0.05400425192625007
23.74,0.0,0.0,4.88017,-0.0530749,0.0019029,0.0126,0,0,205.797,4.86376,0.046022,4.88017,0.0,0.012223040078555169,0.05965051350016257,0.0003769599214448315,-0.057747613500162574
23.76,0.0,0.0,4.85863,-0.0579123,-0.00421941,0.0127948,0,0,205.895,4.86825,0.046022,4.85863,0.0,0.012223040078555169,0.059387229216870493,0.0005717599214448317,-0.06360663921687049
23.78,0.0,0.0,4.8664,-0.0609754,-0.00861608,0.0132,0,0,205.992,4.87272,0.046022,4.8664,0.0,0.012223040078555169,0.059482202238280865,0.0009769599214448314,-0.06809828223828086
23.8,0.0,0.0,4.83946,-0.0621135,-0.00918727,0.013,0,0,206.089,4.8772,0.046022,4.83946,0.0,0.012223040078555169,0.0591529135385646,0.0007769599214448308,-0.0683401835385646
23.82,0.0,0.0,4.85833,-0.0605678,-0.00648678,0.0122001,0,0,206.186,4.88165,0.046022,4.85833,0.0,0.012223040078555169,0.059383562304846926,-2.2940078555168386e-05,-0.06587034230484692
23.84,0.0,0.0,4.83592,-0.056328,-0.00278984,0.0122087,0,0,206.283,4.88612,0.046022,4.83592,0.0,0.012223040078555169,0.059109643976686506,-1.4340078555169153e-05,-0.06189948397668651
23.86,0.0,0.0,4.82797,-0.0500923,-0.00115099,0.0124,0,0,206.379,4.89057,0.046022,4.82797,0.0,0.012223040078555169,0.05901247080806199,0.000176959921444831,-0.06016346080806199
23.88,0.0,0.0,4.83054,-0.0443652,-0.00347605,0.0122,0,0,206.476,4.89501,0.046022,4.83054,0.0,0.012223040078555169,0.059043884021063885,-2.3040078555167792e-05,-0.06251993402106389
23.9,0.0,0.0,4.82501,-0.0438552,-0.00915982,0.0123994,0,0,206.572,4.89945,0.046022,4.82501,0.0,0.012223040078555169,0.05897629060942947,0.0001763599214448311,-0.06813611060942948
23.92,0.0,0.0,4.81429,-0.0501875,-0.0162807,0.013,0,0,206.669,4.90389,0.046022,4.81429,0.0,0.012223040078555169,0.05884525961978736,0.0007769599214448308,-0.07512595961978735
23.94,0.0,0.0,4.81115,-0.0593465,-0.0234331,0.013,0,0,206.765,4.90832,0.046022,4.81115,0.0,0.012223040078555169,0.058806879273940696,0.0007769599214448308,-0.0822399792739407
23.96,0.0,0.0,4.8523,-0.0669445,-0.0305066,0.0134,0,0,206.861,4.91275,0.046022,4.8523,0.0,0.012223040078555169,0.05930985737317324,0.0011769599214448319,-0.08981645737317324
23.98,0.0,0.0,4.81209,-0.0710156,-0.0382127,0.0132103,0,0,206.958,4.91721,0.046022,4.81209,0.0,0.012223040078555169,0.058818368931614545,0.000987259921444831,-0.09703106893161455
24.0,0.0,0.0,4.81111,-0.071394,-0.0463992,0.0134,0,0,207.054,4.92164,0.046022,4.81111,0.0,0.012223040078555169,0.05880639035233756,0.0011769599214448319,-0.10520559035233756
24.02,0.0,0.0,4.81387,-0.070555,-0.0530707,0.0120132,0,0,207.15,4.92607,0.046022,4.81387,0.0,0.012223040078555169,0.05884012594295437,-0.00020984007855516865,-0.11191082594295437
24.04,0.0,0.0,4.77791,-0.0707299,-0.0554108,0.01141,0,0,207.246,4.9305,0.046022,4.77791,0.0,0.012223040078555169,0.05840058542172953,-0.0008130400785551686,-0.11381138542172953
24.06,0.0,0.0,4.78843,-0.0705272,-0.0519521,0.0119847,0,0,207.342,4.93489,0.046022,4.78843,0.0,0.012223040078555169,0.05852917180335593,-0.0002383400785551694,-0.11048127180335593
24.08,0.0,0.0,4.79158,-0.0678107,-0.0442724,0.0122,0,0,207.437,4.9393,0.046022,4.79158,0.0,0.012223040078555169,0.05856767437960337,-2.3040078555167792e-05,-0.10284007437960338
24.1,0.0,0.0,4.80264,-0.062309,-0.0360015,0.012995,0,0,207.533,4.9437,0.046022,4.80264,0.0,0.012223040078555169,0.0587028612028722,0.000771959921444831,-0.0947043612028722
24.12,0.0,0.0,4.79422,-0.0556663,-0.0300442,0.0122,0,0,207.629,4.94812,0.046022,4.79422,0.0,0.012223040078555169,0.05859994320541076,-2.3040078555167792e-05,-0.08864414320541075
24.14,0.0,0.0,4.75302,-0.0509758,-0.0277992,0.0124449,0,0,207.725,4.95253,0.046022,4.75302,0.0,0.012223040078555169,0.05809635395417429,0.0002218599214448315,-0.0858955539541743
24.16,0.0,0.0,4.76095,-0.0498558,-0.0300112,0.0135843,0,0,207.82,4.95691,0.046022,4.76095,0.0,0.012223040078555169,0.058193282661997234,0.001361259921444832,-0.08820448266199724
24.18,0.0,0.0,4.7434,-0.051347,-0.036309,0.0130722,0,0,207.915,4.96129,0.046022,4.7434,0.0,0.012223040078555169,0.05797876830861859,0.0008491599214448323,-0.0942877683086186
24.2,0.0,0.0,4.74167,-0.0539238,-0.044074,0.0141572,0,0,208.009,4.96565,0.046022,4.74167,0.0,0.012223040078555169,0.05795762244928269,0.0019341599214448314,-0.10203162244928268
24.22,0.0,0.0,4.75816,-0.0558697,-0.0490716,0.0153914,0,0,208.104,4.97001,0.046022,4.75816,0.0,0.012223040078555169,0.05815918038017806,0.003168359921444831,-0.10723078038017805
24.24,0.0,0.0,4.7388,-0.056682,-0.0482744,0.0141957,0,0,208.199,4.97439,0.046022,4.7388,0.0,0.012223040078555169,0.05792254232425724,0.0019726599214448318,-0.10619694232425725
24.26,0.0,0.0,4.73053,-0.0587595,-0.0423215,0.0139923,0,0,208.294,4.97875,0.046022,4.73053,0.0,0.012223040078555169,0.05782145778280758,0.0017692599214448306,-0.10014295778280757
24.28,0.0,0.0,4.72784,-0.063496,-0.034466,0.012642,0,0,208.388,4.9831,0.046022,4.72784,0.0,0.012223040078555169,0.057788577804996265,0.0004189599214448319,-0.09225457780499627
24.3,0.0,0.0,4.71117,-0.0684595,-0.027132,0.0115985,0,0,208.483,4.98745,0.046022,4.71117,0.0,0.012223040078555169,0.057584819726886755,-0.0006245400785551691,-0.08471681972688676
24.32,0.0,0.0,4.72739,-0.0709679,-0.0200281,0.0114,0,0,208.577,4.99179,0.046022,4.72739,0.0,0.012223040078555169,0.057783077436960914,-0.0008230400785551682,-0.07781117743696092
24.34,0.0,0.0,4.72778,-0.0694957,-0.0110845,0.0112,0,0,208.671,4.99613,0.046022,4.72778,0.0,0.012223040078555169,0.05778784442259156,-0.0010230400785551687,-0.06887234442259156
24.36,0.0,0.0,4.7168,-0.0631072,0.000962072,0.0119909,0,0,208.766,5.00048,0.046022,4.7168,0.0,0.012223040078555169,0.05765363544252902,-0.00023214007855516805,-0.05669156344252902
24.38,0.0,0.0,4.70587,-0.0548971,0.0144779,0.0123876,0,0,208.86,5.00482,0.046022,4.70587,0.0,0.012223040078555169,0.05752003761447041,0.00016455992144483178,-0.043042137614470406
24.4,-0.1,-0.000102666,4.68953,-0.0510449,0.0252163,0.0126,0,0,208.954,5.00915,0.0460212,4.68953,-0.000102666,0.012061799499163197,0.05656417060531079,0.0005382005008368034,-0.03134787060531079
24.42,-0.1,-0.000102666,4.69165,-0.0536805,0.0281387,0.0131968,0,0,209.048,5.01347,0.0460172,4.69165,-0.000102666,0.012061726701952541,0.05658940008121564,0.0011350732980474586,-0.028450700081215644
24.44,-0.1,-0.000102666,4.66141,-0.0599761,0.0194539,0.0134,0,0,209.141,5.01778,0.046014,4.66141,-0.000102666,0.012062765104495863,0.056229493885748064,0.0013372348955041375,-0.03677559388574807
24.46,-0.1,-0.000102666,4.68519,-0.0659929,-0.00121615,0.0132138,0,0,209.235,5.02207,0.0460108,4.68519,-0.000102666,0.012061948527816212,0.05651252062303924,0.0011518514721837875,-0.05772867062303924
24.48,-0.1,-0.000102666,4.67787,-0.0678601,-0.0296027,0.0124139,0,0,209.328,5.02638,0.0460075,4.67787,-0.000102666,0.012062199886118783,0.05642540298127848,0.0003517001138812169,-0.08602810298127848
24.5,-0.00097126,-9.97158e-07,4.66672,-0.0637484,-0.0577018,0.0119981,0,0,209.422,5.03068,0.0460051,4.66672,-9.97158e-07,0.012221481614270611,0.05703423267894894,-0.00022338161427061173,-0.11473603267894894
24.52,0.0,0.0,4.67201,-0.0544812,-0.0767801,0.0122157,0,0,209.515,5.03497,0.0460059,4.67201,0.0,0.012223040078555169,0.057106165477410535,-7.340078555169091e-06,-0.13388626547741053
24.54,0.0,0.0,4.67684,-0.0395772,-0.0812755,0.0118201,0,0,209.608,5.03927,0.0460059,4.67684,0.0,0.012223040078555169,0.05716520276098996,-0.0004029400785551685,-0.13844070276098996
24.56,0.0,0.0,4.64273,-0.0169559,-0.0713092,0.0123878,0,0,209.702,5.04357,0.0460059,4.64273,0.0,0.012223040078555169,0.05674827486391044,0.0001647599214448306,-0.12805747486391045
24.58,0.0,0.0,4.66662,0.0130358,-0.0523294,0.0124,0,0,209.794,5.04784,0.0460059,4.66662,0.0,0.012223040078555169,0.05704028329138712,0.000176959921444831,-0.10936968329138712
24.6,0.0039078,4.012e-06,4.6769,0.0462467,-0.0326167,0.0130156,0,0,209.888,5.05213,0.0460059,4.6769,4.012e-06,0.012229324118217708,0.057195325968492396,0.0007862758817822925,-0.08981202596849239
24.62,0.1,0.000102666,4.63371,0.0748928,-0.0201182,0.0135965,0,0,209.981,5.05644,0.0460069,4.63371,0.000102666,0.012382363847564134,0.0573762831840964,0.0012141361524358654,-0.0774944831840964
24.64,0.102274,0.000105001,4.66673,0.0909549,-0.0194098,0.0129909,0,0,210.074,5.0607,0.0460108,4.66673,0.000105001,0.012387147129941154,0.05780747112571029,0.0006037528700588452,-0.0772172711257103
24.66,0.2,0.000205333,4.67206,0.0951568,-0.0296638,0.0126073,0,0,210.167,5.06499,0.0460149,4.67206,0.000205333,0.012544323015193076,0.05860782978636296,6.297698480692455e-05,-0.08827162978636297
24.68,0.2,0.000205333,4.65582,0.09931,-0.0448767,0.0133861,0,0,210.26,5.06929,0.0460221,4.65582,0.000205333,0.012543207676842125,0.0583989171659951,0.0008428923231578751,-0.10327561716599509
24.7,0.3,0.000307999,4.67209,0.115744,-0.0564286,0.0136027,0,0,210.353,5.07358,0.0460293,4.67209,0.000307999,0.012704966800137354,0.05935874833725373,0.0008977331998626468,-0.11578734833725374
24.72,0.3,0.000307999,4.65328,0.147522,-0.0569096,0.0138,0,0,210.447,5.07788,0.0460398,4.65328,0.000307999,0.01270302903820754,0.05911075096291038,0.001096970961792459,-0.11602035096291038
24.74,0.498336,0.000511624,4.65829,0.187987,-0.043729,0.0141967,0,0,210.54,5.08216,0.046051,4.65829,0.000511624,0.013021217816935235,0.06065660874445124,0.001175482183064765,-0.10438560874445124
24.76,0.598369,0.000614324,4.65558,0.225706,-0.0204236,0.0142,0,0,210.633,5.08646,0.0460694,4.65558,0.000614324,0.01318088190504493,0.06136465017948907,0.001019118094955071,-0.08178825017948907
24.78,0.7,0.000718665,4.65822,0.252178,0.00473764,0.0136183,0,0,210.726,5.09075,0.0460902,4.65822,0.000718665,0.013344202972244317,0.062160233169367925,0.00027409702775568236,-0.05742259316936792
24.8,0.803874,0.000825309,4.64498,0.267551,0.0218195,0.0134077,0,0,210.819,5.09504,0.0461143,4.64498,0.000825309,0.013506919572063342,0.06273937127384278,-9.921957206334223e-05,-0.040919871273842785
24.82,0.997506,0.0010241,4.66916,0.278369,0.0240899,0.013405,0,0,210.912,5.09933,0.0461423,4.66916,0.0010241,0.013824448519334719,0.06454856204853689,-0.0004194485193347187,-0.04045866204853689
24.84,1.20154,0.00123358,4.68064,0.291585,0.0122304,0.0132031,0,0,211.005,5.10364,0.0461776,4.68064,0.00123358,0.01415675406624955,0.0662626693526503,-0.0009536540662495492,-0.05403226935265029
24.86,1.30232,0.00133704,4.6917,0.311214,-0.0068028,0.0138139,0,0,211.099,5.10797,0.0462188,4.6917,0.00133704,0.014323880282734701,0.06720334912250639,-0.0005099802827347004,-0.07400614912250639
24.88,1.4,0.00143733,4.69435,0.33638,-0.0248281,0.0149532,0,0,211.192,5.11231,0.0462625,4.69435,0.00143733,0.014482736317446555,0.06798703323180523,0.00047046368255344514,-0.09281513323180524
24.9,1.40311,0.00144052,4.69171,0.361999,-0.0363242,0.0163813,0,0,211.286,5.11665,0.0463085,4.69171,0.00144052,0.014486479514020233,0.06796636080072387,0.0018948204859797688,-0.10429056080072387
24.92,1.4,0.00143733,4.69999,0.383866,-0.039926,0.0174002,0,0,211.38,5.121,0.0463539,4.69999,0.00143733,0.014485447668457012,0.06808145918727126,0.002914752331542989,-0.10800745918727127
24.94,1.4,0.00143733,4.69214,0.401548,-0.037668,0.0176,0,0,211.474,5.12536,0.0463992,4.69214,0.00143733,0.014481673887419211,0.06795004131411518,0.0031183261125807896,-0.10561804131411517
24.96,1.4,0.00143733,4.71325,0.417131,-0.0326619,0.0174119,0,0,211.568,5.12972,0.0464444,4.71325,0.00143733,0.014491822177416614,0.06830358087770887,0.002920077822583387,-0.10096548087770887
24.98,1.4,0.00143733,4.71661,0.434305,-0.0273401,0.0158233,0,0,211.662,5.13411,0.0464898,4.71661,0.00143733,0.014493437426372836,0.06835989189960438,0.0013298625736271625,-0.09569999189960438
25.0,1.4,0.00143733,4.72499,0.45608,-0.0226254,0.0148013,0,0,211.756,5.1385,0.0465353,4.72499,0.00143733,0.014497465914362418,0.06850038147070328,0.00030383408563758145,-0.09112578147070328
25.02,1.5,0.00154,4.73035,0.481499,-0.0180044,0.0138448,0,0,211.851,5.1429,0.0465817,4.73035,0.00154,0.014662691536679333,0.06935966291053108,-0.0008178915366793323,-0.08736406291053109
25.04,1.4,0.00143733,4.74154,0.507531,-0.0131119,0.0136,0,0,211.946,5.14731,0.0466306,4.74154,0.00143733,0.014505421854475838,0.06877803793987136,-0.000905421854475839,-0.08188993793987136
25.06,1.5,0.00154,4.73617,0.533196,-0.00894136,0.013004,0,0,212.04,5.15174,0.0466763,4.73617,0.00154,0.01466568918561145,0.0694591971502174,-0.0016616891856114507,-0.07840055715021739
25.08,1.4,0.00143733,4.78247,0.559365,-0.0067332,0.0133921,0,0,212.135,5.15616,0.0467252,4.78247,0.00143733,0.014525097306510734,0.06946584211546838,-0.0011329973065107336,-0.07619904211546838
25.1,1.4,0.00143733,4.75014,0.586937,-0.00630916,0.0136,0,0,212.231,5.16064,0.0467705,4.75014,0.00143733,0.01450955601523406,0.06892242241020392,-0.0009095560152340611,-0.07523158241020392
25.12,1.4,0.00143733,4.75536,0.616387,-0.0056766,0.0134138,0,0,212.326,5.16509,0.0468164,4.75536,0.00143733,0.014512065340040457,0.06901009503541478,-0.001098265340040457,-0.07468669503541478
25.14,1.4,0.00143733,4.75831,0.646738,-0.00162606,0.0139943,0,0,212.421,5.16955,0.0468622,4.75831,0.00143733,0.014513483440161888,0.06905965338815671,-0.000519183440161889,-0.07068571338815671
25.16,1.4,0.00143733,4.76934,0.675104,0.00872953,0.0147964,0,0,212.516,5.17401,0.0469081,4.76934,0.00143733,0.014518785661129017,0.06924502520504906,0.0002776143388709823,-0.060515495205049064
25.18,1.4,0.00143733,4.78223,0.698927,0.0257998,0.0144,0,0,212.612,5.1785,0.0469541,4.78223,0.00143733,0.014524981938147922,0.06946180437406914,-0.0001249819381479219,-0.04366200437406914
25.2,1.4,0.00143733,4.79431,0.717847,0.0456116,0.0151958,0,0,212.707,5.18299,0.0470003,4.79431,0.00143733,0.014530788783175631,0.06966510597106676,0.0006650112168243693,-0.024053505971066758
25.22,1.4,0.00143733,4.82232,0.733077,0.0594451,0.0162101,0,0,212.803,5.18751,0.0470465,4.82232,0.00143733,0.014544252934582141,0.07013704181149416,0.0016658470654178602,-0.01069194181149416
25.24,1.49706,0.00153697,4.83043,0.74661,0.0572888,0.0167941,0,0,212.9,5.19205,0.0470939,4.83043,0.00153697,0.014709335161953045,0.07105241384635284,0.002084764838046954,-0.013763613846352843
25.26,1.5,0.00154,4.81137,0.760595,0.0347741,0.0156159,0,0,212.996,5.19661,0.0471445,4.81137,0.00154,0.014704420367390534,0.0707484070230518,0.0009114796326094663,-0.035974307023051794
25.28,1.6,0.00164266,4.83538,0.776289,-0.00216364,0.016549,0,0,213.093,5.20115,0.0471951,4.83538,0.00164266,0.014883025233838137,0.07196508255519625,0.0016659747661618637,-0.07412872255519624
25.3,1.69863,0.00174392,4.8499,0.79452,-0.0398836,0.0164055,0,0,213.189,5.20573,0.0472501,4.8499,0.00174392,0.015055465643074716,0.07301750282234806,0.0013500343569252844,-0.11290110282234805
25.32,1.7,0.00174533,4.87945,0.817087,-0.0647273,0.016,0,0,213.286,5.21032,0.0473077,4.87945,0.00174533,0.015075003125869582,0.07355772400252433,0.0009249968741304182,-0.13828502400252435
25.34,1.7,0.00174533,4.91314,0.845407,-0.0703028,0.0164,0,0,213.384,5.21494,0.0473649,4.91314,0.00174533,0.015094666369142279,0.0741622091248877,0.0013053336308577225,-0.1444650091248877
25.36,1.7,0.00174533,4.9382,0.877597,-0.0603403,0.0152432,0,0,213.482,5.21961,0.0474225,4.9382,0.00174533,0.015109292318937166,0.07461270732937551,0.00013390768106283368,-0.1349530073293755
25.38,1.7,0.00174533,4.91699,0.908522,-0.0452644,0.015,0,0,213.581,5.2243,0.0474804,4.91699,0.00174533,0.01509691339344442,0.07423137218643228,-9.691339344441996e-05,-0.11949577218643229
25.4,1.7,0.00174533,4.94118,0.932562,-0.0350714,0.0146155,0,0,213.68,5.22898,0.047538,4.94118,0.00174533,0.015111031536617097,0.07466632680810167,-0.0004955315366170967,-0.10973772680810168
25.42,1.7,0.00174533,4.94167,0.945989,-0.0345071,0.0144,0,0,213.778,5.23369,0.0475959,4.94167,0.00174533,0.015111317514927608,0.07467514442399231,-0.0007113175149276087,-0.10918224442399231
25.44,1.7,0.00174533,4.96437,0.948079,-0.0428005,0.0148083,0,0,213.877,5.2384,0.0476538,4.96437,0.00174533,0.0151245657628112,0.07508394053592703,-0.0003162657628111992,-0.11788444053592703
25.46,1.7,0.00174533,4.9856,0.942674,-0.0549652,0.015,0,0,213.977,5.24314,0.047712,4.9856,0.00174533,0.015136955844492385,0.07546680705830124,-0.0001369558444923851,-0.13043200705830124
25.48,1.7,0.00174533,4.99414,0.93839,-0.0634487,0.0155837,0,0,214.077,5.24791,0.0477704,4.99414,0.00174533,0.01514193982488019,0.07562096735702716,0.0004417601751198104,-0.13906966735702714
25.5,1.7,0.00174533,5.02528,0.942928,-0.0619296,0.0149867,0,0,214.176,5.25269,0.047829,5.02528,0.00174533,0.01516011294115765,0.07618381236094073,-0.0001734129411576496,-0.1381134123609407
25.52,1.60221,0.00164493,5.04148,0.957103,-0.0496844,0.0144044,0,0,214.277,5.25751,0.047887,5.04148,0.00164493,0.015000067872486877,0.07562254217778513,-0.0005956678724868773,-0.12530694217778512
25.54,1.6,0.00164266,5.03352,0.976517,-0.0319922,0.015,0,0,214.378,5.26235,0.0479418,5.03352,0.00164266,0.014991863542568184,0.07546184497878781,8.13645743181525e-06,-0.10745404497878781
25.56,1.6,0.00164266,5.06946,0.99698,-0.0161733,0.0156012,0,0,214.479,5.26718,0.0479973,5.06946,0.00164266,0.01501160334170713,0.07610072267665063,0.0005895966582928711,-0.09227402267665064
25.58,1.6,0.00164266,5.08032,1.01721,-0.00716592,0.0161907,0,0,214.58,5.27206,0.0480533,5.08032,0.00164266,0.015017567996910517,0.07629405104606445,0.0011731320030894821,-0.08345997104606445
25.6,1.6,0.00164266,5.15256,1.0373,-0.0056279,0.0163988,0,0,214.682,5.27695,0.0481093,5.15256,0.00164266,0.015057242993921865,0.07758334796076205,0.0013415570060781364,-0.08321124796076206
25.62,1.6,0.00164266,5.18232,1.05633,-0.00907538,0.0164,0,0,214.785,5.28192,0.0481661,5.18232,0.00164266,0.015073586749994724,0.07811615008623266,0.0013264132500052771,-0.08719153008623265
25.64,1.6,0.00164266,5.17509,1.07377,-0.0143018,0.016792,0,0,214.889,5.28693,0.0482233,5.17509,0.00164266,0.015069616180985183,0.07798662000205461,0.0017223838190148187,-0.09228842000205462
25.66,1.6,0.00164266,5.17777,1.09228,-0.0185981,0.0164035,0,0,214.992,5.29193,0.0482804,5.17777,0.00164266,0.01507108798557965,0.07803462723909474,0.001332412014420352,-0.09663272723909475
25.68,1.6,0.00164266,5.18049,1.1152,-0.0194593,0.016,0,0,215.096,5.29694,0.0483375,5.18049,0.00164266,0.015072581753696692,0.07808335904920817,0.0009274182463033086,-0.09754265904920817
25.7,1.6,0.00164266,5.21931,1.14117,-0.0144332,0.0156014,0,0,215.2,5.30196,0.0483947,5.21931,0.00164266,0.015093900491641136,0.0787797457750275,0.0005074995083588635,-0.0932129457750275
25.72,1.6,0.00164266,5.23545,1.1648,-0.00235347,0.015384,0,0,215.304,5.30702,0.0484523,5.23545,0.00164266,0.015102763852674006,0.07906976501248213,0.0002812361473259941,-0.08142323501248212
25.74,1.5,0.00154,5.27287,1.18263,0.0152421,0.0159799,0,0,215.409,5.31211,0.0485092,5.27287,0.00154,0.014942056417499171,0.07878752102213886,0.0010378435825008272,-0.06354542102213886
25.76,1.5,0.00154,5.2966,1.19427,0.0343984,0.0154103,0,0,215.515,5.31724,0.0485628,5.2966,0.00154,0.014954272793131903,0.07920680127610244,0.0004560272068680968,-0.04480840127610244
25.78,1.4,0.00143733,5.30556,1.19931,0.0498732,0.0155091,0,0,215.621,5.32239,0.0486167,5.30556,0.00143733,0.014776489525365005,0.07839755176619556,0.0007326104746349944,-0.02852435176619556
25.8,1.39747,0.00143473,5.3031,1.198,0.0561231,0.0147797,0,0,215.727,5.32757,0.048667,5.3031,0.00143473,0.0147706907251875,0.07833044998474183,9.00927481249994e-06,-0.022207349984741824
25.82,1.3,0.00133466,5.32746,1.19377,0.0493227,0.0141949,0,0,215.833,5.33274,0.0487172,5.32746,0.00133466,0.014603864407683673,0.07780150347735847,-0.0004089644076836728,-0.02847880347735847
25.84,1.3,0.00133466,5.35025,1.19245,0.0300658,0.014597,0,0,215.94,5.33794,0.048764,5.35025,0.00133466,0.01461403196484546,0.07818872451991442,-1.703196484545942e-05,-0.048122924519914415
25.86,1.2,0.001232,5.38345,1.19934,0.00410776,0.0139977,0,0,216.047,5.34317,0.0488111,5.38345,0.001232,0.014443792556407691,0.07775743503779298,-0.0004460925564076911,-0.07364967503779297
25.88,1.2,0.001232,5.4183,1.21593,-0.0201495,0.0129136,0,0,216.155,5.34844,0.0488547,5.4183,0.001232,0.014458143795706022,0.07833856052827394,-0.0015445437957060208,-0.09848806052827394
25.9,1.19636,0.00122826,5.4395,1.23771,-0.0358695,0.0124145,0,0,216.263,5.35375,0.0488995,5.4395,0.00122826,0.014460062081325515,0.07865550769137014,-0.002045562081325515,-0.11452500769137014
25.92,1.1,0.00112933,5.47177,1.25709,-0.0409896,0.0133838,0,0,216.372,5.35908,0.0489434,5.47177,0.00112933,0.014292062066412902,0.07820287645313613,-0.0009082620664129029,-0.11919247645313613
25.94,1.09895,0.00112825,5.40874,1.26912,-0.0383481,0.0142042,0,0,216.482,5.36445,0.048984,5.40874,0.00112825,0.014266314356812622,0.07716278511426669,-6.211435681262138e-05,-0.11551088511426669
25.96,1.0,0.00102666,5.48614,1.2739,-0.032662,0.0147996,0,0,216.59,5.36976,0.0490241,5.48614,0.00102666,0.014108893260877548,0.07740336367423074,0.0006907067391224517,-0.11006536367423074
25.98,1.0,0.00102666,5.50793,1.27495,-0.0271271,0.0146809,0,0,216.7,5.37515,0.049061,5.50793,0.00102666,0.014116370121671287,0.07775197848425694,0.000564529878328713,-0.10487907848425694
26.0,1.0,0.00102666,5.54715,1.27504,-0.0225875,0.0153985,0,0,216.81,5.38057,0.049099,5.54715,0.00102666,0.014129827382703327,0.07838027196596276,0.001268672617296674,-0.10096777196596275
26.02,1.0,0.00102666,5.53089,1.27349,-0.0192007,0.016,0,0,216.921,5.38603,0.0491372,5.53089,0.00102666,0.014124248275180122,0.078119663542711,0.0018757517248198779,-0.097320363542711
26.04,1.00533,0.00103214,5.57028,1.26924,-0.017995,0.0164213,0,0,217.032,5.39147,0.0491754,5.57028,0.00103214,0.014147983781542323,0.07880823109864958,0.0022733162184576765,-0.09680323109864958
26.06,1.1,0.00112933,5.59939,1.26408,-0.0206057,0.0164164,0,0,217.143,5.39697,0.049215,5.59939,0.00112933,0.014340230065324977,0.08029654082548002,0.002076169934675024,-0.10090224082548002
26.08,1.1,0.00112933,5.59196,1.26051,-0.0281886,0.015317,0,0,217.255,5.40249,0.0492584,5.59196,0.00112933,0.014337425904462247,0.08017431216071672,0.0009795740955377535,-0.10836291216071672
26.1,1.1,0.00112933,5.62157,1.25935,-0.0404721,0.0148077,0,0,217.367,5.40801,0.0493008,5.62157,0.00112933,0.014348600909353894,0.08066166441399657,0.0004590990906461062,-0.12113376441399656
26.12,1.1,0.00112933,5.68614,1.26142,-0.0548339,0.0148,0,0,217.48,5.41357,0.0493435,5.68614,0.00112933,0.01437296889521874,0.08172671335385909,0.0004270311047812614,-0.13656061335385908
26.14,1.1,0.00112933,5.68997,1.2685,-0.0663176,0.015,0,0,217.594,5.41919,0.0493866,5.68997,0.00112933,0.014374414244034397,0.0817899858161284,0.0006255857559656023,-0.1481075858161284
26.16,1.00376,0.00103053,5.72434,1.27947,-0.0698158,0.015,0,0,217.708,5.42482,0.0494288,5.72434,0.00103053,0.014198035509217886,0.08127438258683631,0.0008019644907821134,-0.15109018258683632
26.18,1.0,0.00102666,5.73262,1.28842,-0.0635376,0.0136,0,0,217.822,5.43049,0.0494675,5.73262,0.00102666,0.014193459189374393,0.08136570801819143,-0.0005934591893743939,-0.14490330801819143
26.2,1.0,0.00102666,5.75249,1.29065,-0.0505412,0.013994,0,0,217.937,5.43618,0.049507,5.75249,0.00102666,0.014200275564374053,0.0816869431813061,-0.00020627556437405326,-0.1322281431813061
26.22,0.898627,0.000922588,5.77246,1.2882,-0.0361758,0.0143973,0,0,218.052,5.44189,0.0495456,5.77246,0.000922588,0.014006000196776613,0.08084907589588512,0.0003912998032233866,-0.11702487589588512
26.24,0.8,0.000821331,5.80616,1.28685,-0.0240813,0.0142,0,0,218.168,5.44762,0.0495794,5.80616,0.000821331,0.01381956267541247,0.08023859202347286,0.0003804373245875313,-0.10431989202347286
26.26,0.8,0.000821331,5.8273,1.29012,-0.0148136,0.0140089,0,0,218.284,5.45339,0.0496105,5.8273,0.000821331,0.013825363891365641,0.080564543004155,0.00018353610863435822,-0.095378143004155
26.28,0.8,0.000821331,5.85041,1.29766,-0.00708961,0.0138939,0,0,218.401,5.45918,0.0496426,5.85041,0.000821331,0.01383170556731792,0.08092114856809243,6.219443268208093e-05,-0.08801075856809243
26.3,0.8,0.000821331,5.88552,1.30663,0.00047737,0.014,0,0,218.518,5.465,0.0496749,5.88552,0.000821331,0.013841339903175895,0.08146348282693978,0.00015866009682410573,-0.08098611282693978
26.32,0.8,0.000821331,5.88063,1.31356,0.0082775,0.0136009,0,0,218.636,5.47086,0.0497074,5.88063,0.000821331,0.013839998087176736,0.08138790795139413,-0.00023909808717673467,-0.07311040795139412
26.34,0.8,0.000821331,5.91394,1.31697,0.0155051,0.013792,0,0,218.753,5.47672,0.0497398,5.91394,0.000821331,0.013849138215189146,0.08190297245633571,-5.7138215189146e-05,-0.06639787245633572
26.36,0.8,0.000821331,5.91657,1.31745,0.0204113,0.0132268,0,0,218.872,5.48262,0.0497724,5.91657,0.000821331,0.013849859862851146,0.0819436653687492,-0.0006230598628511452,-0.061532365368749196
26.38,0.7,0.000718665,5.94391,1.31541,0.0210687,0.0136,0,0,218.99,5.48852,0.0498041,5.94391,0.000718665,0.013653072069731181,0.08115263160599587,-5.307206973118213e-05,-0.06008393160599587
26.4,0.7,0.000718665,5.97226,1.31178,0.0165451,0.0135988,0,0,219.109,5.49445,0.0498317,5.97226,0.000718665,0.013659878370873966,0.08158034519923575,-6.107837087396609e-05,-0.06503524519923576
26.42,0.7,0.000718665,5.98576,1.30975,0.00728297,0.01359,0,0,219.229,5.50042,0.0498606,5.98576,0.000718665,0.01366311939476143,0.08178415354838718,-7.31193947614301e-05,-0.07450118354838718
26.44,0.7,0.000718665,6.03858,1.3123,-0.00524389,0.0141952,0,0,219.349,5.5064,0.0498895,6.03858,0.000718665,0.01367579975270487,0.08258241087068857,0.0005194002472951303,-0.08782630087068857
26.46,0.7,0.000718665,6.05268,1.31881,-0.0189436,0.0147943,0,0,219.469,5.51244,0.0499186,6.05268,0.000718665,0.013679184581239283,0.08279572693117537,0.001115115418760717,-0.10173932693117538
26.48,0.793505,0.000814664,6.07434,1.3274,-0.0313989,0.0148177,0,0,219.591,5.51849,0.0499488,6.07434,0.000814664,0.013879590026435695,0.0843093488811794,0.000938109973564305,-0.11570824888117939
26.5,0.8,0.000821331,6.09142,1.33737,-0.0399725,0.0138234,0,0,219.712,5.52457,0.0499831,6.09142,0.000821331,0.013897832566684264,0.08465753525335186,-7.443256668426476e-05,-0.12463003525335187
26.52,0.8,0.000821331,6.1333,1.34738,-0.0429017,0.0147913,0,0,219.834,5.53068,0.0500168,6.1333,0.000821331,0.01390932163139368,0.08531004236182685,0.0008819783686063211,-0.12821174236182686
26.54,0.8,0.000821331,6.14695,1.35496,-0.041003,0.0146,0,0,219.957,5.53682,0.0500506,6.14695,0.000821331,0.013913066163303367,0.08552292205251764,0.0006869338366966328,-0.12652592205251764
26.56,0.8,0.000821331,6.13111,1.35874,-0.0374866,0.0151627,0,0,220.08,5.54299,0.0500845,6.13111,0.000821331,0.013908720855152547,0.08527589752223433,0.0012539791448474523,-0.12276249752223434
26.58,0.8,0.000821331,6.17401,1.35908,-0.0357523,0.0156089,0,0,220.203,5.54915,0.0501183,6.17401,0.000821331,0.013920489224082667,0.08594523967437863,0.0016884107759173334,-0.12169753967437863
26.6,0.8,0.000821331,6.20802,1.35708,-0.0370584,0.0148038,0,0,220.326,5.55535,0.0501524,6.20802,0.000821331,0.013929818486431135,0.08647659176013422,0.0008739815135688656,-0.12353499176013422
26.62,0.8,0.000821331,6.23083,1.35435,-0.0395544,0.014406,0,0,220.451,5.56159,0.0501867,6.23083,0.000821331,0.013936075287694513,0.0868333159848256,0.0004699247123054872,-0.12638771598482562
26.64,0.8,0.000821331,6.26791,1.35328,-0.0397123,0.0137784,0,0,220.575,5.56785,0.050221,6.26791,0.000821331,0.013946246024008749,0.08741381491634467,-0.00016784602400874912,-0.12712611491634468
26.66,0.8,0.000821331,6.31007,1.3557,-0.0352298,0.0135903,0,0,220.701,5.57416,0.0502556,6.31007,0.000821331,0.01395780965189019,0.08807475595010272,-0.00036750965189018964,-0.12330455595010273
26.68,0.8,0.000821331,6.33345,1.36142,-0.0263665,0.0136,0,0,220.827,5.58052,0.0502904,6.33345,0.000821331,0.013964222073588039,0.08844170229196616,-0.0003642220735880393,-0.11480820229196616
26.7,0.8,0.000821331,6.35795,1.36818,-0.015224,0.0142248,0,0,220.954,5.5869,0.0503254,6.35795,0.000821331,0.013970941496165318,0.08882654748554428,0.0002538585038346815,-0.10405054748554428
26.72,0.8,0.000821331,6.3418,1.37389,-0.0048083,0.0147184,0,0,221.081,5.59331,0.0503604,6.3418,0.000821331,0.013966512183348887,0.08857282696436197,0.0007518878166511127,-0.09338112696436197
26.74,0.8,0.000821331,6.40012,1.37901,0.00239327,0.014,0,0,221.208,5.59972,0.0503954,6.40012,0.000821331,0.013982506695024387,0.08948972074895949,1.7493304975612842e-05,-0.08709645074895948
26.76,0.8,0.000821331,6.414,1.38522,0.00625021,0.014,0,0,221.336,5.60618,0.0504307,6.414,0.000821331,0.013986313189050251,0.08970821279456831,1.3686810949748926e-05,-0.0834580027945683
26.78,0.8,0.000821331,6.42209,1.39209,0.00924223,0.0139051,0,0,221.465,5.61266,0.0504661,6.42209,0.000821331,0.013988531787851243,0.08983561010944159,-8.343178785124271e-05,-0.08059338010944159
26.8,0.8,0.000821331,6.43359,1.39756,0.0144118,0.0138019,0,0,221.593,5.61916,0.0505015,6.43359,0.000821331,0.013991685508625198,0.09001676797143598,-0.00018978550862519712,-0.07560496797143598
26.82,0.8,0.000821331,6.46048,1.40064,0.0222789,0.0139954,0,0,221.722,5.62567,0.050537,6.46048,0.000821331,0.013999059568607237,0.09044064436179568,-3.65956860723729e-06,-0.06816174436179567
26.84,0.8,0.000821331,6.50816,1.40104,0.0291124,0.0142,0,0,221.851,5.63221,0.0505727,6.50816,0.000821331,0.014012134322029994,0.09119321210926272,0.00018786567797000712,-0.06208081210926272
26.86,0.8,0.000821331,6.50558,1.39753,0.0289331,0.0136033,0,0,221.982,5.63881,0.0506086,6.50558,0.000821331,0.014011426855866354,0.09115245832498704,-0.00040812685586635346,-0.06221935832498704
26.88,0.8,0.000821331,6.54902,1.38904,0.0182771,0.0142987,0,0,222.112,5.64541,0.0506445,6.54902,0.000821331,0.014023338329846083,0.09183912318892859,0.00027536167015391674,-0.07356202318892859
26.9,0.8,0.000821331,6.53688,1.37675,-0.00135487,0.0146039,0,0,222.243,5.65206,0.0506806,6.53688,0.000821331,0.014020009539127513,0.09164711995613185,0.0005838904608724861,-0.09300198995613185
26.92,0.8,0.000821331,6.61173,1.36462,-0.0254703,0.015,0,0,222.374,5.65869,0.0507167,6.61173,0.000821331,0.014040532675335903,0.09283221110549865,0.0009594673246640963,-0.11830251110549865
26.94,0.8,0.000821331,6.6524,1.35696,-0.0490269,0.0148081,0,0,222.506,5.66541,0.0507531,6.6524,0.000821331,0.014051683235469308,0.09347741755563603,0.0007564167645306916,-0.14250431755563603
26.96,0.8,0.000821331,6.67753,1.35483,-0.0670334,0.0142039,0,0,222.639,5.67218,0.0507898,6.67753,0.000821331,0.014058572900841686,0.09387654230255739,0.00014532709915831415,-0.1609099423025574
26.98,0.8,0.000821331,6.66977,1.35598,-0.0751215,0.014,0,0,222.773,5.67898,0.0508267,6.66977,0.000821331,0.01405644543353486,0.0937532580592278,-5.644543353485951e-05,-0.1688747580592278
27.0,0.8,0.000821331,6.70303,1.35814,-0.070982,0.0150081,0,0,222.906,5.68577,0.0508634,6.70303,0.000821331,0.014065563795848654,0.0942818960904874,0.0009425362041513459,-0.16526389609048742
27.02,0.8,0.000821331,6.71368,1.36138,-0.0558241,0.0150086,0,0,223.041,5.6926,0.0509004,6.71368,0.000821331,0.014068483459796454,0.09445129603436626,0.0009401165402035463,-0.15027539603436627
27.04,0.9,0.000923998,6.73331,1.36692,-0.0342528,0.0140008,0,0,223.175,5.69945,0.0509386,6.73331,0.000923998,0.014305219496351426,0.09632147748697803,-0.00030441949635142546,-0.13057427748697803
27.06,0.8,0.000821331,6.78579,1.37455,-0.0115922,0.0138024,0,0,223.31,5.70632,0.0509804,6.78579,0.000821331,0.014088251210610804,0.0955999141824507,-0.000285851210610805,-0.1071921141824507
27.08,0.8,0.000821331,6.77521,1.38201,0.00893012,0.0136,0,0,223.445,5.71326,0.0510167,6.77521,0.000821331,0.014085350987625683,0.09543121086487141,-0.00048535098762568334,-0.08650109086487141
27.1,0.8,0.000821331,6.79984,1.38699,0.0259857,0.0147895,0,0,223.581,5.72018,0.051054,6.79984,0.000821331,0.014092102583764867,0.09582404283318768,0.0006973974162351338,-0.06983834283318768
27.12,0.8,0.000821331,6.80536,1.38888,0.0382009,0.0148143,0,0,223.717,5.72714,0.0510915,6.80536,0.000821331,0.014093615703241736,0.09591212856221318,0.0007206842967582647,-0.057711228562213175
27.14,0.8,0.000821331,6.88745,1.38809,0.0435367,0.0147936,0,0,223.853,5.73411,0.0511291,6.88745,0.000821331,0.01411611667714964,0.09722404780803429,0.0006774833228503606,-0.05368734780803429
27.16,0.8,0.000821331,6.89708,1.38494,0.0396011,0.015,0,0,223.991,5.74116,0.0511671,6.89708,0.000821331,0.014118756124881636,0.09737819049379863,0.0008812438751183635,-0.05777709049379863
27.18,0.8,0.000821331,6.92015,1.38074,0.024097,0.015,0,0,224.129,5.74824,0.0512051,6.92015,0.000821331,0.01412507916108971,0.09774766655661495,0.0008749208389102897,-0.07365066655661495
27.2,0.8,0.000821331,6.92494,1.37846,-0.0031049,0.015,0,0,224.268,5.75534,0.0512433,6.92494,0.000821331,0.014126391984032307,0.0978244169059047,0.0008736080159676921,-0.10092931690590469
27.22,0.8,0.000821331,6.90837,1.38018,-0.0372121,0.015,0,0,224.406,5.76245,0.0512815,6.90837,0.000821331,0.014121850515638974,0.09755896844672482,0.0008781494843610252,-0.13477106844672482
27.24,0.8,0.000821331,6.92985,1.38456,-0.0687658,0.0146,0,0,224.545,5.76955,0.0513196,6.92985,0.000821331,0.014127737688039098,0.09790310301745773,0.0004722623119609026,-0.16666890301745774
27.26,0.8,0.000821331,7.00691,1.38841,-0.0877539,0.0147927,0,0,224.683,5.77667,0.0513578,7.00691,0.000821331,0.014148856771771454,0.09913976600269313,0.000643843228228547,-0.18689366600269314
27.28,0.8,0.000821331,7.02174,1.38962,-0.0885904,0.015,0,0,224.824,5.78388,0.0513965,7.02174,0.000821331,0.014152920853725347,0.09937813047543742,0.0008470791462746527,-0.18796853047543743
27.3,0.8,0.000821331,7.04815,1.3871,-0.0726218,0.0148,0,0,224.964,5.79112,0.0514352,7.04815,0.000821331,0.014160158186329954,0.09980291892098146,0.0006398418136700466,-0.17242471892098146
27.32,0.8,0.000821331,7.08564,1.37997,-0.0466536,0.0149947,0,0,225.105,5.79838,0.0514741,7.08564,0.000821331,0.014170431444224347,0.1004065758584538,0.0008242685557756525,-0.14706017585845382
27.34,0.8,0.000821331,7.06945,1.36856,-0.0189786,0.0146005,0,0,225.247,5.80569,0.0515131,7.06945,0.000821331,0.014165995012601523,0.10014579344183583,0.0004345049873984777,-0.11912439344183583
27.36,0.8,0.000821331,7.08611,1.35523,0.00368934,0.0147998,0,0,225.388,5.81298,0.0515521,7.08611,0.000821331,0.014170560233663414,0.10041414857736465,0.0006292397663365864,-0.09672480857736465
27.38,0.8,0.000821331,7.07802,1.3435,0.0172928,0.0148127,0,0,225.53,5.8203,0.0515912,7.07802,0.000821331,0.014168343400564375,0.10028381795606266,0.0006443565994356248,-0.08299101795606266
27.4,0.8,0.000821331,7.13968,1.33608,0.0210222,0.0144113,0,0,225.672,5.82762,0.0516303,7.13968,0.000821331,0.014185238989051364,0.10127806710535026,0.00022606101094863572,-0.08025586710535025
27.42,0.8,0.000821331,7.18536,1.33355,0.0173254,0.0145871,0,0,225.815,5.83501,0.0516696,7.18536,0.000821331,0.014197755012285127,0.10201598095507307,0.00038934498771487323,-0.08469058095507306
27.44,0.8,0.000821331,7.1972,1.33501,0.0103098,0.0155932,0,0,225.958,5.84245,0.0517093,7.1972,0.000821331,0.014200998976476701,0.1022074298334981,0.0013922010235232988,-0.09189762983349811
27.46,0.8,0.000821331,7.19472,1.33899,0.00334317,0.0147978,0,0,226.102,5.8499,0.051749,7.19472,0.000821331,0.014200319501553134,0.10216732272421436,0.0005974804984468663,-0.09882415272421435
27.48,0.8,0.000821331,7.24147,1.34416,-0.00234073,0.0147982,0,0,226.246,5.85736,0.0517886,7.24147,0.000821331,0.014213127788686192,0.10292393848793739,0.0005850722113138074,-0.10526466848793739
27.5,0.8,0.000821331,7.25565,1.34989,-0.00691997,0.0146,0,0,226.391,5.86488,0.0518286,7.25565,0.000821331,0.01421701258880262,0.10315366738994573,0.00038298741119737953,-0.11007363738994573
27.52,0.8,0.000821331,7.29561,1.35535,-0.0105885,0.0146,0,0,226.537,5.87241,0.0518686,7.29561,0.000821331,0.01422795978137566,0.10380164566060208,0.0003720402186243397,-0.11439014566060209
27.54,0.8,0.000821331,7.31712,1.35926,-0.0135067,0.0141895,0,0,226.683,5.87999,0.0519088,7.31712,0.000821331,0.014233852292434426,0.10415080528601779,-4.435229243442487e-05,-0.11765750528601779
27.56,0.8,0.000821331,7.33302,1.36163,-0.0162947,0.014,0,0,226.829,5.8876,0.0519492,7.33302,0.000821331,0.014238207878152815,0.10440906313465216,-0.00023820787815281505,-0.12070376313465216
27.58,0.8,0.000821331,7.38391,1.36392,-0.0198478,0.014,0,0,226.976,5.89523,0.0519896,7.38391,0.000821331,0.014252147884499947,0.105236577285838,-0.0002521478844999467,-0.125084377285838
27.6,0.8,0.000821331,7.4143,1.36636,-0.0247651,0.015225,0,0,227.123,5.90293,0.0520304,7.4143,0.000821331,0.014260471999936419,0.10573141754912858,0.000964528000063582,-0.13049651754912858
27.62,0.8,0.000821331,7.43314,1.36683,-0.0306709,0.0154082,0,0,227.272,5.91066,0.0520712,7.43314,0.000821331,0.01426563229127972,0.10603844200960293,0.001142567708720281,-0.13670934200960294
27.64,0.8,0.000821331,7.45862,1.36326,-0.0357654,0.0148,0,0,227.421,5.91841,0.0521122,7.45862,0.000821331,0.014272611079791202,0.10645398245195226,0.0005273889202087982,-0.14221938245195226
27.66,0.8,0.000821331,7.47715,1.35558,-0.037486,0.0146122,0,0,227.57,5.9262,0.0521534,7.47715,0.000821331,0.014277686165448954,0.10675640111198664,0.00033451383455104615,-0.14424240111198663
27.68,0.8,0.000821331,7.48051,1.34487,-0.0341489,0.0146,0,0,227.719,5.93401,0.0521946,7.48051,0.000821331,0.014278606405066577,0.10681125799916458,0.0003213935949334234,-0.1409601579991646
27.7,0.8,0.000821331,7.48892,1.33229,-0.0259516,0.0152,0,0,227.869,5.94183,0.0522359,7.48892,0.000821331,0.014280909724905012,0.10694859045703566,0.0009190902750949876,-0.13290019045703566
27.72,0.8,0.000821331,7.4997,1.31972,-0.014387,0.0152,0,0,228.019,5.94967,0.0522772,7.4997,0.000821331,0.014283862099569892,0.10712468058814431,0.0009161379004301081,-0.12151168058814431
27.74,0.8,0.000821331,7.49174,1.30979,-0.00124231,0.015,0,0,228.169,5.95752,0.0523185,7.49174,0.000821331,0.014281682057062489,0.10699464873417733,0.0007183179429375106,-0.10823695873417732
27.76,0.898884,0.000922852,7.53586,1.30403,0.0114455,0.0153978,0,0,228.319,5.96538,0.0523611,7.53586,0.000922852,0.01454971818501747,0.10964463928174574,0.0008480818149825299,-0.09819913928174574
27.78,0.9,0.000923998,7.55772,1.30145,0.0211737,0.014624,0,0,228.47,5.97328,0.0524091,7.55772,0.000923998,0.014559342270237667,0.11003543226262062,6.465772976233311e-05,-0.08886173226262062
27.8,0.9,0.000923998,7.60477,1.30001,0.0256465,0.0145933,0,0,228.621,5.98122,0.052456,7.60477,0.000923998,0.014573837150260971,0.11083067954519013,1.9462849739028745e-05,-0.08518417954519013
27.82,0.901111,0.000925139,7.65857,1.29918,0.0239475,0.0148022,0,0,228.773,5.98921,0.0525032,7.65857,0.000925139,0.014593333752037724,0.11176406807334355,0.00020886624796227597,-0.08781656807334355
27.84,1.0,0.00102666,7.70059,1.30024,0.0169832,0.0152092,0,0,228.926,5.99727,0.0525521,7.70059,0.00102666,0.014867821988848458,0.11449100132910654,0.00034137801115154305,-0.09750780132910654
27.86,1.0,0.00102666,7.72433,1.30404,0.00694562,0.0152109,0,0,229.08,6.00537,0.0526065,7.72433,0.00102666,0.014875946812818239,0.11490672224465631,0.00033495318718176036,-0.10796110224465631
27.88,1.0,0.00102666,7.75902,1.30881,-0.00315394,0.015,0,0,229.235,6.01351,0.0526597,7.75902,0.00102666,0.014887818710113965,0.11551488312814845,0.00011218128988603471,-0.11866882312814844
27.9,1.0,0.00102666,7.8042,1.31114,-0.00983622,0.0148107,0,0,229.39,6.0217,0.0527132,7.8042,0.00102666,0.014903279730272423,0.11630817567099204,-9.257973027242301e-05,-0.12614439567099203
27.92,1.0,0.00102666,7.80829,1.30922,-0.0103295,0.0149942,0,0,229.546,6.02994,0.052767,7.80829,0.00102666,0.014904679318962569,0.11638005847946224,8.95206810374305e-05,-0.12670955847946225
27.94,1.0,0.00102666,7.82228,1.30338,-0.00436189,0.0164,0,0,229.702,6.0382,0.0528208,7.82228,0.00102666,0.014909466605075559,0.11662602243555044,0.0014905333949244426,-0.12098791243555043
27.96,1.0,0.00102666,7.83633,1.29383,0.00507966,0.0158,0,0,229.859,6.04647,0.0528747,7.83633,0.00102666,0.014914274329149735,0.11687317535374595,0.0008857256708502664,-0.11179351535374595
27.98,1.0,0.00102666,7.85537,1.28091,0.013244,0.0158,0,0,230.016,6.05478,0.0529287,7.85537,0.00102666,0.01492078941513473,0.11720832154796691,0.0008792105848652709,-0.1039643215479669
28.0,1.0,0.00102666,7.84465,1.26715,0.0162039,0.0147966,0,0,230.173,6.0631,0.0529829,7.84465,0.00102666,0.014917121278741846,0.11701959543928221,-0.00012052127874184575,-0.1008156954392822
28.02,1.0,0.00102666,7.86872,1.25613,0.0128399,0.0149768,0,0,230.33,6.07143,0.0530369,7.86872,0.00102666,0.014925357400072092,0.11744345828109527,5.14425999279082e-05,-0.10460355828109527
28.04,1.0,0.00102666,7.86119,1.24988,0.00521753,0.0153931,0,0,230.487,6.07979,0.0530912,7.86119,0.00102666,0.01492278086173374,0.11731081568245265,0.00047031913826625985,-0.11209328568245265
28.06,1.0,0.00102666,7.88881,1.24825,-0.00327624,0.0159989,0,0,230.644,6.08815,0.0531454,7.88881,0.00102666,0.014932231457932807,0.11779753684765491,0.001066668542067193,-0.12107377684765491
28.08,1.0,0.00102666,7.88345,1.25015,-0.0103655,0.0164,0,0,230.802,6.09655,0.0531997,7.88345,0.00102666,0.014930397482306117,0.11770304203188615,0.0014696025176938847,-0.12806854203188617
28.1,1.0,0.00102666,7.93854,1.25444,-0.0155544,0.0164,0,0,230.96,6.10495,0.0532541,7.93854,0.00102666,0.014949246398530389,0.11867519050458943,0.0014507536014696128,-0.13422959050458944
28.12,1.0,0.00102666,7.93355,1.25901,-0.0193286,0.0167845,0,0,231.119,6.11342,0.0533088,7.93355,0.00102666,0.014947539141705577,0.11858704915767829,0.0018369608582944237,-0.1379156491576783
28.14,1.0,0.00102666,7.9635,1.26051,-0.0222006,0.015419,0,0,231.277,6.12189,0.0533634,7.9635,0.00102666,0.014957785923560495,0.119116328202274,0.0004612140764395055,-0.14131692820227398
28.16,1.09643,0.00112566,8.00207,1.25724,-0.0239992,0.015,0,0,231.437,6.13041,0.0534197,8.00207,0.00112566,0.015235963196630646,0.12191924401686219,-0.00023596319663064629,-0.1459184440168622
28.18,1.1,0.00112933,8.02306,1.25021,-0.0237298,0.0157274,0,0,231.597,6.13897,0.0534815,8.02306,0.00112933,0.015253685009055362,0.1223812300487517,0.0004737149909446372,-0.1461110300487517
28.2,1.1,0.00112933,8.03611,1.23986,-0.0204019,0.0151922,0,0,231.757,6.14757,0.0535424,8.03611,0.00112933,0.015258595732576954,0.12261975375251899,-6.63957325769543e-05,-0.143021653752519
28.22,1.1,0.00112933,8.03611,1.22493,-0.0138671,0.015,0,0,231.918,6.15619,0.0536033,8.03611,0.00112933,0.015258595732576954,0.12261975375251899,-0.0002585957325769543,-0.13648685375251898
28.24,1.1,0.00112933,8.06701,1.20544,-0.00433373,0.0147964,0,0,232.079,6.16481,0.0536642,8.06701,0.00112933,0.015270223057812206,0.12318504210960164,-0.00047382305781220636,-0.12751877210960164
28.26,1.1,0.00112933,8.10552,1.1838,0.00870798,0.0144,0,0,232.24,6.17349,0.0537254,8.10552,0.00112933,0.01528471322042154,0.1238905487023912,-0.0008847132204215409,-0.1151825687023912
28.28,1.1,0.00112933,8.10281,1.16266,0.0262709,0.0145947,0,0,232.402,6.18221,0.0537868,8.10281,0.00112933,0.015283693554606263,0.12384086497119917,-0.0006889935546062625,-0.09756996497119917
28.3,1.1,0.00112933,8.1201,1.14419,0.0482616,0.0146,0,0,232.564,6.19094,0.0538482,8.1201,0.00112933,0.015290199029457056,0.12415794513909426,-0.0006901990294570556,-0.07589634513909425
28.32,1.1,0.00112933,8.16044,1.1313,0.0719382,0.0146,0,0,232.727,6.1997,0.0539098,8.16044,0.00112933,0.01530537658528573,0.12489860730162908,-0.0007053765852857302,-0.052960407301629084
28.34,1.1,0.00112933,8.19157,1.12643,0.0913512,0.0153973,0,0,232.89,6.20851,0.0539716,8.19157,0.00112933,0.015317088356564689,0.12547100146898463,8.021164343531041e-05,-0.034119801468984634
28.36,1.1,0.00112933,8.19167,1.12858,0.0986819,0.0157966,0,0,233.054,6.21736,0.0540337,8.19167,0.00112933,0.01531712597784823,0.12547284135896003,0.00047947402215177057,-0.026790941358960027
28.38,1.1,0.00112933,8.21852,1.1339,0.0880559,0.0158,0,0,233.217,6.22623,0.0540958,8.21852,0.00112933,0.015327227094245258,0.12596712241859653,0.00047277290575474355,-0.03791122241859653
28.4,1.1,0.00112933,8.27804,1.13911,0.0594309,0.0152,0,0,233.382,6.23513,0.0541581,8.27804,0.00112933,0.01534961742957251,0.12706474706669843,-0.0001496174295725107,-0.06763384706669842
28.42,1.1,0.00112933,8.30486,1.14245,0.0193631,0.01558,0,0,233.547,6.24411,0.0542209,8.30486,0.00112933,0.015359705983558505,0.1275602078346157,0.00022029401644149509,-0.1081971078346157
28.44,1.1,0.00112933,8.29445,1.14175,-0.0214272,0.0156003,0,0,233.713,6.25313,0.0542838,8.29445,0.00112933,0.015355790227481582,0.12736783425233458,0.0002445097725184177,-0.1487950342523346
28.46,1.1,0.00112933,8.32502,1.13443,-0.0523279,0.0149996,0,0,233.879,6.26215,0.0543467,8.32502,0.00112933,0.015367289063502262,0.1279329887994376,-0.00036768906350226165,-0.18026088879943758
28.48,1.1,0.00112933,8.3437,1.11983,-0.0674212,0.0148,0,0,234.046,6.27121,0.0544098,8.3437,0.00112933,0.015374315247361192,0.12827867412940758,-0.0005743152473611911,-0.1956998741294076
28.5,1.1,0.00112933,8.33127,1.09942,-0.0672093,0.0158113,0,0,234.213,6.28031,0.054473,8.33127,0.00112933,0.015369639922871955,0.12804862000022543,0.00044166007712804524,-0.19525792000022543
28.52,1.1,0.00112933,8.37919,1.07555,-0.0559596,0.016389,0,0,234.379,6.2894,0.0545362,8.37919,0.00112933,0.015387663708333426,0.12893615786823034,0.0010013362916665748,-0.18489575786823034
28.54,1.1,0.00112933,8.40536,1.05164,-0.0382518,0.0162029,0,0,234.547,6.29855,0.0545997,8.40536,0.00112933,0.015397506289448441,0.12942158346507834,0.0008053937105515583,-0.16767338346507835
28.56,1.1,0.00112933,8.41663,1.0322,-0.0182001,0.0167972,0,0,234.715,6.30774,0.0546634,8.41663,0.00112933,0.015401744837075002,0.12963078764807057,0.0013954551629250002,-0.14783088764807056
28.58,1.1,0.00112933,8.40386,1.02039,8.18498e-05,0.0177396,0,0,234.883,6.31695,0.0547271,8.40386,0.00112933,0.015396942147295888,0.129393746233974,0.0023426578527041136,-0.129311896433974
28.6,1.1,0.00112933,8.41383,1.01588,0.013072,0.0174037,0,0,235.051,6.32616,0.0547908,8.41383,0.00112933,0.015400691788426239,0.12957880259021434,0.0020030082115737625,-0.11650680259021434
28.62,1.1,0.00112933,8.44063,1.01571,0.019098,0.016815,0,0,235.219,6.33539,0.0548546,8.44063,0.00112933,0.01541077078741646,0.130076614231391,0.001404229212583541,-0.11097861423139099
28.64,1.1,0.00112933,8.46915,1.01613,0.0189238,0.0166039,0,0,235.388,6.34467,0.0549186,8.46915,0.00112933,0.015421496202808404,0.1306069645660148,0.0011824037971915977,-0.1116831645660148
28.66,1.1,0.00112933,8.47769,1.01392,0.0147022,0.0164,0,0,235.557,6.35398,0.0549827,8.47769,0.00112933,0.015424707720928379,0.1307658903986373,0.0009752922790716226,-0.11606369039863731
28.68,1.1,0.00112933,8.48861,1.00785,0.00833544,0.0156328,0,0,235.727,6.36331,0.055047,8.48861,0.00112933,0.015428814192133967,0.13096918643949032,0.0002039858078660313,-0.12263374643949032
28.7,1.1,0.00112933,8.52767,0.999206,0.00129996,0.0140046,0,0,235.897,6.37267,0.0551113,8.52767,0.00112933,0.015443502169815562,0.13169709014847109,-0.0014389021698155615,-0.1303971301484711
28.72,1.1,0.00112933,8.52778,0.989381,-0.00513048,0.0139734,0,0,236.067,6.38208,0.0551759,8.52778,0.00112933,0.015443543532583056,0.13169914166629113,-0.001470143532583056,-0.13682962166629112
28.74,1.1,0.00112933,8.51681,0.977373,-0.0106788,0.0147904,0,0,236.238,6.39151,0.0552406,8.51681,0.00112933,0.015439418502682038,0.13149459389782742,-0.0006490185026820378,-0.1421733938978274
28.76,1.1,0.00112933,8.53591,0.961538,-0.0161142,0.0155876,0,0,236.408,6.40093,0.0553051,8.53591,0.00112933,0.015446600598045788,0.131850792510865,0.00014099940195421226,-0.147964992510865
28.78,1.1,0.00112933,8.54957,0.942615,-0.0214381,0.0156,0,0,236.579,6.41038,0.0553698,8.54957,0.00112933,0.015451736984812125,0.1321057069732402,0.00014826301518787444,-0.15354380697324022
28.8,1.1,0.00112933,8.57989,0.923064,-0.0245042,0.0158,0,0,236.749,6.41986,0.0554346,8.57989,0.00112933,0.01546313742726918,0.13267201818085259,0.0003368625727308214,-0.1571762181808526
28.82,1.1,0.00112933,8.58056,0.904457,-0.0225262,0.0167938,0,0,236.921,6.42938,0.0554996,8.58056,0.00112933,0.015463389344034434,0.13268454006984812,0.0013304106559655672,-0.1552107400698481
28.84,1.1,0.00112933,8.59485,0.887274,-0.0148639,0.017,0,0,237.092,6.43892,0.0555646,8.59485,0.00112933,0.015468762253770588,0.13295169125682013,0.0015312377462294129,-0.14781559125682014
28.86,1.1,0.00112933,8.61866,0.872136,-0.00386342,0.0168117,0,0,237.264,6.44848,0.0556297,8.61866,0.00112933,0.015477714336333595,0.1333971574419849,0.0013339856636664042,-0.13726057744198492
28.88,1.1,0.00112933,8.61944,0.859262,0.006249,0.0160516,0,0,237.437,6.45808,0.055695,8.61944,0.00112933,0.015478007595179411,0.13341175778619324,0.000573592404820588,-0.12716275778619324
28.9,1.1,0.00112933,8.62217,0.847957,0.0111746,0.0154,0,0,237.609,6.46769,0.0557603,8.62217,0.00112933,0.015479033998382316,0.13346286256983206,-7.903399838231524e-05,-0.12228826256983205
28.92,1.1,0.00112933,8.6543,0.838088,0.00893612,0.0152167,0,0,237.781,6.47732,0.0558257,8.6543,0.00112933,0.015491113651789328,0.13406474487668038,-0.0002744136517893285,-0.1251286248766804
28.94,1.1,0.00112933,8.66928,0.830268,0.00120143,0.015,0,0,237.954,6.48699,0.0558912,8.66928,0.00112933,0.015496745356173805,0.13434562458137045,-0.0004967453561738056,-0.13314419458137045
28.96,1.1,0.00112933,8.67769,0.823851,-0.00825964,0.015,0,0,238.127,6.49669,0.0559569,8.67769,0.00112933,0.015499907023820987,0.13450338818154114,-0.0004999070238209877,-0.14276302818154116
28.98,1.1,0.00112933,8.70213,0.81682,-0.0159889,0.0148113,0,0,238.301,6.50641,0.0560227,8.70213,0.00112933,0.015509094800316172,0.13496215913467538,-0.0006977948003161726,-0.15095105913467538
29.0,1.0,0.00102666,8.7064,0.807834,-0.0198263,0.01501,0,0,238.475,6.51617,0.0560871,8.7064,0.00102666,0.015211811013395544,0.13244011140702697,-0.000201811013395543,-0.15226641140702696
29.02,1.0,0.00102666,8.73595,0.796855,-0.0192786,0.0152,0,0,238.649,6.52595,0.0561456,8.73595,0.00102666,0.015221909387561081,0.13297783931426424,-2.1909387561080962e-05,-0.15225643931426425
29.04,1.0,0.00102666,8.73117,0.784811,-0.0156475,0.0160126,0,0,238.823,6.53576,0.0562057,8.73117,0.00102666,0.015220275908633677,0.1328908164051851,0.0007923240913663213,-0.1485383164051851
29.06,1.0,0.00102666,8.77096,0.773459,-0.0112648,0.0165886,0,0,238.998,6.54559,0.0562659,8.77096,0.00102666,0.015233873054970542,0.13361569121022443,0.0013547269450294563,-0.14488049121022442
29.08,1.0,0.00102666,8.76404,0.763883,-0.00841914,0.0168,0,0,239.173,6.55547,0.0563263,8.76404,0.00102666,0.015231508394293073,0.13348954882792027,0.0015684916057069256,-0.14190868882792027
29.1,1.0,0.00102666,8.78857,0.755339,-0.00840454,0.0164051,0,0,239.348,6.56535,0.0563866,8.78857,0.00102666,0.015239890522994954,0.13393684465367775,0.0011652094770050452,-0.14234138465367774
29.12,1.0,0.00102666,8.79988,0.746597,-0.0111339,0.0164,0,0,239.524,6.57527,0.0564472,8.79988,0.00102666,0.015243755146951646,0.13414321604255686,0.001156244853048355,-0.14527711604255686
29.14,1.0,0.00102666,8.78968,0.737148,-0.0158972,0.0157778,0,0,239.7,6.58521,0.0565078,8.78968,0.00102666,0.015240269812716575,0.13395709476743864,0.0005375301872834262,-0.14985429476743864
29.16,1.0,0.00102666,8.81621,0.726888,-0.0220883,0.0155932,0,0,239.876,6.59515,0.0565683,8.81621,0.00102666,0.01524933498303139,0.13444133957075116,0.0003438650169686093,-0.15652963957075117
29.18,1.0,0.00102666,8.81921,0.716296,-0.0288122,0.0167308,0,0,240.052,6.60514,0.056629,8.81921,0.00102666,0.015250360044579511,0.13449612780875608,0.0014804399554204893,-0.1633083278087561
29.2,1.0,0.00102666,8.86326,0.706732,-0.0342573,0.0160097,0,0,240.228,6.61513,0.0566898,8.86326,0.00102666,0.015265410809607471,0.1353013050123615,0.0007442891903925303,-0.1695586050123615
29.22,1.0,0.00102666,8.86695,0.698801,-0.0361956,0.0157909,0,0,240.405,6.62519,0.0567508,8.86695,0.00102666,0.015266671541495391,0.13536881322486255,0.0005242284585046091,-0.17156441322486254
29.24,1.0,0.00102666,8.90245,0.691234,-0.033512,0.0147887,0,0,240.582,6.63526,0.0568119,8.90245,0.00102666,0.015278800159253174,0.13601875447774342,-0.0004901001592531734,-0.1695307544777434
29.26,1.0,0.00102666,8.89185,0.683035,-0.0271015,0.0146,0,0,240.76,6.64538,0.0568732,8.89185,0.00102666,0.015275178727639761,0.1358245979693636,-0.0006751787276397612,-0.1629260979693636
29.28,1.0,0.00102666,8.91038,0.67486,-0.0191189,0.0155503,0,0,240.938,6.65551,0.0569344,8.91038,0.00102666,0.015281509360396585,0.1361640553746905,0.000268790639603415,-0.1552829553746905
29.3,1.0,0.00102666,8.87739,0.667039,-0.0116357,0.016,0,0,241.116,6.66566,0.0569958,8.87739,0.00102666,0.01527023845056213,0.13555986211863574,0.0007297615494378708,-0.14719556211863574
29.32,1.0,0.00102666,8.86118,0.65911,-0.00593239,0.0158019,0,0,241.293,6.67579,0.0570569,8.86118,0.00102666,0.015264700149923245,0.13526325567449685,0.0005371998500767559,-0.14119564567449686
29.34,1.0,0.00102666,8.88873,0.651941,-0.0021408,0.0156,0,0,241.47,6.68591,0.0571179,8.88873,0.00102666,0.015274112785276097,0.1357674645378672,0.00032588721472390225,-0.1379082645378672
29.36,1.0,0.00102666,8.87303,0.646692,0.000523838,0.0157865,0,0,241.648,6.69607,0.0571791,8.87303,0.00102666,0.015268748829006163,0.13548006642223656,0.0005177511709938357,-0.13495622842223656
29.38,1.0,0.00102666,8.9195,0.642128,0.00261297,0.0150417,0,0,241.825,6.70622,0.0572402,8.9195,0.00102666,0.015284625070502184,0.1363312133163442,-0.0002429250705021837,-0.13371824331634422
29.4,1.0,0.00102666,8.92248,0.636355,0.00387592,0.0154093,0,0,242.004,6.71644,0.0573016,8.92248,0.00102666,0.015285643132691264,0.13638584513857516,0.00012365686730873675,-0.13250992513857515
29.42,1.0,0.00102666,8.94402,0.629629,0.00363853,0.0156078,0,0,242.182,6.72667,0.0573631,8.94402,0.00102666,0.01529300173446876,0.1367809133731233,0.00031479826553123917,-0.13314238337312329
29.44,0.900287,0.000924292,8.96109,0.623079,0.00142178,0.0154,0,0,242.361,6.73694,0.0574231,8.96109,0.000924292,0.014992146392682726,0.13434597311800525,0.0004078536073172743,-0.13292419311800524
29.46,0.9,0.000923998,8.95835,0.616812,-0.00216714,0.015005,0,0,242.54,6.74724,0.0574771,8.95835,0.000923998,0.014990423175912804,0.13428945745793847,1.4576824087194837e-05,-0.13645659745793848
29.48,0.9,0.000923998,8.98764,0.610327,-0.00545359,0.0149836,0,0,242.719,6.75754,0.0575326,8.98764,0.000923998,0.014999428220984405,0.1348094610560483,-1.5828220984405103e-05,-0.1402630510560483
29.5,0.9,0.000923998,8.96737,0.602529,-0.00711657,0.0153882,0,0,242.898,6.76789,0.0575883,8.96737,0.000923998,0.014993196368741718,0.13444953932116344,0.00039500363125828143,-0.14156610932116342
29.52,0.9,0.000923998,9.0127,0.591839,-0.00726631,0.0146202,0,0,243.077,6.77823,0.0576439,9.0127,0.000923998,0.015007132442359728,0.13525478256325554,-0.00038693244235972826,-0.14252109256325554
29.54,0.8,0.000821331,8.9973,0.578808,-0.0071503,0.014,0,0,243.257,6.78862,0.0576982,8.9973,0.000821331,0.014693578671124164,0.13220253537770543,-0.0006935786711241634,-0.13935283537770543
29.56,0.8,0.000821331,9.0,0.56712,-0.00786677,0.0149986,0,0,243.437,6.79901,0.0577462,9.0,0.000821331,0.014694316506825917,0.13224884856143326,0.00030428349317408385,-0.14011561856143326
29.58,0.8,0.000821331,8.9813,0.55971,-0.0095188,0.0155848,0,0,243.617,6.80941,0.0577958,8.9813,0.000821331,0.014689206246126577,0.13192816805833663,0.0008955937538734221,-0.14144696805833662
29.6,0.8,0.000821331,8.98397,0.556544,-0.0118462,0.0162,0,0,243.796,6.8198,0.0578453,8.98397,0.000821331,0.014689935902309253,0.13197394344826924,0.0015100640976907463,-0.14382014344826924
29.62,0.8,0.000821331,9.02435,0.557323,-0.0151099,0.0160062,0,0,243.976,6.8302,0.0578948,9.02435,0.000821331,0.014700970547823185,0.13266670356324817,0.0013052294521768166,-0.14777660356324818
29.64,0.8,0.000821331,9.02544,0.561824,-0.0200443,0.0162041,0,0,244.156,6.84065,0.0579445,9.02544,0.000821331,0.014701268402319152,0.13268541588902735,0.0015028315976808471,-0.15272971588902734
29.66,0.8,0.000821331,9.06951,0.566956,-0.027217,0.016403,0,0,244.337,6.85111,0.0579942,9.06951,0.000821331,0.014713310578353145,0.13344251742347962,0.0016896894216468557,-0.16065951742347961
29.68,0.8,0.000821331,9.0776,0.568272,-0.0361084,0.0167913,0,0,244.518,6.86164,0.0580441,9.0776,0.000821331,0.014715521087039298,0.13358161421970793,0.0020757789129607004,-0.16969001421970792
29.7,0.8,0.000821331,9.0968,0.564083,-0.0442705,0.0158262,0,0,244.699,6.87218,0.0580942,9.0968,0.000821331,0.014720767172691345,0.13391187481653863,0.0011054328273086538,-0.17818237481653862
29.72,0.8,0.000821331,9.08893,0.555021,-0.0478759,0.0144065,0,0,244.881,6.88276,0.0581443,9.08893,0.000821331,0.014718616843698951,0.13377647818920071,-0.00031211684369895215,-0.18165237818920071
29.74,0.8,0.000821331,9.06404,0.542758,-0.0440659,0.0147952,0,0,245.062,6.89333,0.0581943,9.06404,0.000821331,0.014711815941201963,0.13334848816369224,8.338405879803647e-05,-0.17741438816369223
29.76,0.8,0.000821331,9.0773,0.531375,-0.0328942,0.0146,0,0,245.244,6.90389,0.0582442,9.0773,0.000821331,0.014715439115661842,0.13357645548459723,-0.00011543911566184138,-0.16647065548459722
29.78,0.8,0.000821331,9.06686,0.525361,-0.0172581,0.0146,0,0,245.425,6.91446,0.0582942,9.06686,0.000821331,0.01471258648704431,0.1333969619159226,-0.00011258648704431072,-0.1506550619159226
29.8,0.8,0.000821331,9.10244,0.525153,-0.00156467,0.0146,0,0,245.606,6.92504,0.0583442,9.10244,0.000821331,0.014722308179450801,0.13400892686496016,-0.00012230817945080123,-0.13557359686496015
29.82,0.8,0.000821331,9.10811,0.527681,0.0101175,0.0147838,0,0,245.788,6.93567,0.0583943,9.10811,0.000821331,0.014723857368894738,0.13410651254020384,5.994263110526213e-05,-0.12398901254020384
29.84,0.8,0.000821331,9.11106,0.529658,0.0155139,0.0146,0,0,245.97,6.94631,0.0584445,9.11106,0.000821331,0.014724663378948788,0.13415729152540515,-0.00012466337894878783,-0.11864339152540515
29.86,0.8,0.000821331,9.08922,0.527819,0.0142405,0.0144059,0,0,246.152,6.95696,0.0584947,9.08922,0.000821331,0.014718696081211442,0.13378146679526864,-0.0003127960812114427,-0.11954096679526864
29.88,0.8,0.000821331,9.07104,0.51925,0.00728886,0.0143656,0,0,246.333,6.9676,0.0585447,9.07104,0.000821331,0.014713728637211168,0.133468821017288,-0.0003481286372111689,-0.12617996101728798
29.9,0.8,0.000821331,9.10274,0.504605,-0.00321857,0.015,0,0,246.515,6.97823,0.0585947,9.10274,0.000821331,0.014722390147502047,0.1340140896912728,0.0002776098524979523,-0.1372326596912728
29.92,0.8,0.000821331,9.10007,0.488386,-0.0145331,0.0148096,0,0,246.696,6.9889,0.0586448,9.10007,0.000821331,0.014721660630448805,0.13396814225332826,8.793936955119389e-05,-0.14850124225332825
29.94,0.8,0.000821331,9.14426,0.474627,-0.0239836,0.0147983,0,0,246.878,6.99958,0.058695,9.14426,0.000821331,0.014733734141807621,0.13472909576356576,6.456585819237907e-05,-0.15871269576356575
29.96,0.8,0.000821331,9.16935,0.46519,-0.0291442,0.0155954,0,0,247.061,7.01031,0.0587453,9.16935,0.000821331,0.01474058880064688,0.13516161791921147,0.0008548111993531213,-0.16430581791921148
29.98,0.8,0.000821331,9.19343,0.4613,-0.028306,0.0154491,0,0,247.244,7.02109,0.0587958,9.19343,0.000821331,0.014747167261313176,0.13557704991517439,0.0007019327386868241,-0.16388304991517438
30.0,0.7,0.000718665,9.18295,0.462156,-0.0216432,0.0149951,0,0,247.428,7.03191,0.0588449,9.18295,0.000718665,0.014429147256511099,0.1325021377991786,0.0005659527434889022,-0.1541453377991786
30.02,0.7,0.000718665,9.15361,0.463468,-0.0113491,0.014611,0,0,247.611,7.04272,0.0588876,9.15361,0.000718665,0.014422133584690812,0.13201458620216167,0.00018886641530918916,-0.14336368620216167
30.04,0.7,0.000718665,9.1694,0.461411,-0.00030811,0.0140009,0,0,247.794,7.0535,0.0589317,9.1694,0.000718665,0.014425908196128009,0.13227692261357615,-0.00042500819612800896,-0.13258503261357615
30.06,0.600301,0.000616308,9.17222,0.456002,0.0090398,0.0143982,0,0,247.977,7.06431,0.0589743,9.17222,0.000616308,0.014112739233427018,0.12944514905162396,0.0002854607665729817,-0.12040534905162396
30.08,0.506303,0.000519803,9.19914,0.449112,0.014498,0.015,0,0,248.16,7.07513,0.0590091,9.19914,0.000519803,0.013821493734092877,0.12714585586904315,0.001178506265907122,-0.11264785586904315
30.1,0.4,0.000410666,9.2034,0.442545,0.0137748,0.0143919,0,0,248.344,7.08599,0.059038,9.2034,0.000410666,0.013486466818861065,0.12412134872070593,0.0009054331811389343,-0.11034654872070593
30.12,0.4,0.000410666,9.23304,0.437889,0.00599564,0.0145924,0,0,248.528,7.09686,0.0590617,9.23304,0.000410666,0.013490515283301136,0.12455846723133072,0.0011018847166988643,-0.11856282723133073
30.14,0.3,0.000307999,9.21646,0.434844,-0.00653406,0.0154101,0,0,248.712,7.10777,0.0590855,9.21646,0.000307999,0.013171946466340097,0.12139871772916484,0.0022381535336599024,-0.12793277772916484
30.16,0.3,0.000307999,9.19188,0.430985,-0.0194229,0.0159933,0,0,248.896,7.11866,0.059103,9.19188,0.000307999,0.0131694284152538,0.12105180566160309,0.002823871584746198,-0.14047470566160308
30.18,0.213985,0.000219691,9.21739,0.424932,-0.0289982,0.0152559,0,0,249.08,7.12952,0.0591206,9.21739,0.000219691,0.012899948510012693,0.11890385639670589,0.002355951489987306,-0.1479020563967059
30.2,0.2,0.000205333,9.21393,0.41661,-0.033516,0.0146058,0,0,249.264,7.14042,0.0591326,9.21393,0.000205333,0.012855472568420016,0.11844942436234222,0.0017503274315799847,-0.15196542436234223
30.22,0.2,0.000205333,9.26399,0.404255,-0.0328275,0.013985,0,0,249.448,7.15132,0.0591451,9.26399,0.000205333,0.012858891246409874,0.11912463991782861,0.001126108753590125,-0.1519521399178286
30.24,0.2,0.000205333,9.2721,0.386644,-0.0283011,0.0130111,0,0,249.633,7.16228,0.0591578,9.2721,0.000205333,0.012859445064908595,0.11923406058633898,0.00015165493509140468,-0.14753516058633898
30.26,0.1,0.000102666,9.25852,0.367884,-0.022368,0.0122052,0,0,249.818,7.17325,0.059169,9.25852,0.000102666,0.012540777340984794,0.11610903782705455,-0.0003355773409847943,-0.13847703782705456
30.28,0.00666522,6.84294e-06,9.21521,0.353608,-0.0171775,0.0123733,0,0,250.003,7.1842,0.0591723,9.21521,6.84294e-06,0.012244119474994344,0.11283213222716264,0.00012918052500565658,-0.13000963222716264
30.3,0.0,0.0,9.20573,0.344084,-0.0139171,0.0122162,0,0,250.187,7.1951,0.0591711,9.20573,0.0,0.012223040078555169,0.11252200674235768,-6.840078555168591e-06,-0.12643910674235767
30.32,-0.0991115,-0.000101754,9.22492,0.336488,-0.0132253,0.0116018,0,0,250.371,7.206,0.0591694,9.22492,-0.000101754,0.011909262428413597,0.10986199316112115,-0.00030746242841359593,-0.12308729316112114
30.34,-0.1,-0.000102666,9.23095,0.329872,-0.0157053,0.0122,0,0,250.556,7.21691,0.0591616,9.23095,-0.000102666,0.011906244202463376,0.1099059449207293,0.000293755797536625,-0.1256112449207293
30.36,-0.1,-0.000102666,9.25832,0.324048,-0.0219935,0.0132036,0,0,250.74,7.22783,0.0591552,9.25832,-0.000102666,0.011905309645035082,0.11022316639282119,0.0012982903549649174,-0.1322166663928212
30.38,-0.1,-0.000102666,9.25563,0.318579,-0.0322662,0.0136,0,0,250.925,7.23878,0.0591488,9.25563,-0.000102666,0.011905401494086558,0.11019199123071237,0.0016945985059134416,-0.14245819123071238
30.4,-0.1,-0.000102666,9.25289,0.31425,-0.0455005,0.0125894,0,0,251.11,7.24973,0.0591424,9.25289,-0.000102666,0.011905495050786918,0.11016023610047578,0.0006839049492130822,-0.15566073610047576
30.42,-0.1,-0.000102666,9.26097,0.311281,-0.0592963,0.0120069,0,0,251.294,7.26067,0.0591361,9.26097,-0.000102666,0.011905219162165918,0.1102538775042437,0.00010168083783408145,-0.1695501775042437
30.44,-0.1,-0.000102666,9.26389,0.307696,-0.0704542,0.0118003,0,0,251.479,7.27162,0.0591297,9.26389,-0.000102666,0.01190511946074405,0.11028771712119219,-0.0001048194607440496,-0.1807419171211922
30.46,-0.1,-0.000102666,9.29722,0.303006,-0.0759096,0.0108,0,0,251.664,7.28257,0.0591233,9.29722,-0.000102666,0.011903981464439146,0.11067393455081291,-0.0011039814644391455,-0.1865835345508129
30.48,-0.1,-0.000102666,9.29175,0.299633,-0.0737352,0.0108,0,0,251.85,7.29356,0.0591169,9.29175,-0.000102666,0.011904168224020316,0.11061055509554077,-0.0011041682240203153,-0.18434575509554077
30.5,-0.2,-0.000205333,9.28614,0.298532,-0.0638929,0.011,0,0,252.036,7.30454,0.0591089,9.28614,-0.000205333,0.011585676341287394,0.10758621249988251,-0.0005856763412873944,-0.1714791124998825
30.52,-0.2,-0.000205333,9.29977,0.298135,-0.0486172,0.0108,0,0,252.221,7.31552,0.0590945,9.29977,-0.000205333,0.01158474560931682,0.10773546967515629,-0.0007847456093168191,-0.1563526696751563
30.54,-0.3,-0.000307999,9.27741,0.297399,-0.0320134,0.0108407,0,0,252.407,7.3265,0.0590801,9.27741,-0.000307999,0.011267890222138435,0.10453683742576934,-0.0004271902221384353,-0.13655023742576933
30.56,-0.3,-0.000307999,9.26426,0.295283,-0.0185241,0.0121668,0,0,252.592,7.33746,0.0590594,9.26426,-0.000307999,0.011269237201444562,0.1044011434358548,0.0008975627985554381,-0.1229252434358548
30.58,-0.3,-0.000307999,9.27973,0.289838,-0.0116153,0.0122363,0,0,252.777,7.3484,0.0590403,9.27973,-0.000307999,0.011267652583188846,0.10456077370579503,0.0009686474168111546,-0.11617607370579502
30.6,-0.3,-0.000307999,9.29135,0.281346,-0.0135509,0.0115924,0,0,252.962,7.35935,0.0590211,9.29135,-0.000307999,0.01126646235350331,0.10468064498822297,0.0003259376464966896,-0.11823154498822297
30.62,-0.3,-0.000307999,9.25887,0.2725,-0.0248773,0.010813,0,0,253.148,7.37031,0.0590019,9.25887,-0.000307999,0.011269789317733774,0.1043455142202857,-0.00045678931773377417,-0.1292228142202857
30.64,-0.3,-0.000307999,9.26678,0.264317,-0.0432543,0.0104017,0,0,253.333,7.38123,0.0589828,9.26678,-0.000307999,0.011268979070832717,0.10442714987401121,-0.0008672790708327167,-0.14768144987401122
30.66,-0.3,-0.000307999,9.29442,0.256431,-0.0632,0.0108,0,0,253.518,7.39216,0.0589636,9.29442,-0.000307999,0.011266147899039443,0.10471231035579018,-0.00046614789903944194,-0.16791231035579018
30.68,-0.3,-0.000307999,9.29173,0.250078,-0.0779727,0.0108,0,0,253.704,7.40312,0.0589445,9.29173,-0.000307999,0.011266423430714562,0.10468456458387342,-0.00046642343071456177,-0.18265726458387344
30.7,-0.3,-0.000307999,9.29167,0.245974,-0.0828083,0.0108,0,0,253.889,7.41407,0.0589253,9.29167,-0.000307999,0.011266429576416426,0.10468394570230122,-0.00046642957641642585,-0.18749224570230122
30.72,-0.3,-0.000307999,9.29703,0.241952,-0.0769395,0.0108,0,0,254.075,7.42501,0.0589061,9.29703,-0.000307999,0.011265880562784051,0.1047392295686202,-0.0004658805627840504,-0.1816787295686202
30.74,-0.3,-0.000307999,9.30545,0.236506,-0.063558,0.0119903,0,0,254.26,7.43596,0.0588869,9.30545,-0.000307999,0.011265018129537674,0.10482606295350635,0.0007252818704623267,-0.16838406295350636
30.76,-0.3,-0.000307999,9.26469,0.230731,-0.0482881,0.0108298,0,0,254.446,7.44691,0.0588677,9.26469,-0.000307999,0.011269193155272372,0.1044055811337204,-0.0004393931552723711,-0.1526936811337204
30.78,-0.3,-0.000307999,9.24514,0.225351,-0.0361116,0.0100307,0,0,254.631,7.45781,0.0588485,9.24514,-0.000307999,0.011271195751084368,0.10420378268618012,-0.0012404957510843678,-0.14031538268618013
30.8,-0.3,-0.000307999,9.2642,0.220451,-0.0286468,0.0104148,0,0,254.816,7.46869,0.0588295,9.2642,-0.000307999,0.011269243347424553,0.10440052421921055,-0.0008544433474245525,-0.13304732421921056
30.82,-0.3,-0.000307999,9.28039,0.21709,-0.0242094,0.0111921,0,0,255.001,7.47959,0.0588103,9.28039,-0.000307999,0.011267584979170877,0.10456758296484762,-7.548497917087699e-05,-0.12877698296484763
30.84,-0.3,-0.000307999,9.33056,0.215021,-0.0203999,0.0113874,0,0,255.186,7.4905,0.0587912,9.33056,-0.000307999,0.011262446265096987,0.10508493062326334,0.000124953734903014,-0.12548483062326332
30.86,-0.3,-0.000307999,9.33056,0.211498,-0.0169927,0.010812,0,0,255.373,7.50146,0.0587719,9.33056,-0.000307999,0.011262446265096987,0.10508493062326334,-0.0004504462650969862,-0.12207763062326334
30.88,-0.388845,-0.000399213,9.3462,0.205098,-0.0166401,0.0109777,0,0,255.559,7.51242,0.0587512,9.3462,-0.000399213,0.010975889834479658,0.10258286157101378,1.8101655203418832e-06,-0.11922296157101378
30.9,-0.402728,-0.000413466,9.30837,0.197069,-0.0229696,0.0117891,0,0,255.746,7.5234,0.0587245,9.30837,-0.000413466,0.010936564557520179,0.10180158943028411,0.0008525354424798216,-0.12477118943028412
30.92,-0.5,-0.000513332,9.31108,0.18827,-0.0376335,0.0110093,0,0,255.931,7.53432,0.058697,9.31108,-0.000513332,0.010625374609735963,0.09893371302122034,0.0003839253902640366,-0.13656721302122032
30.94,-0.5,-0.000513332,9.30002,0.179198,-0.058244,0.00979414,0,0,256.117,7.54525,0.0586634,9.30002,-0.000513332,0.010627262664074688,0.09883375532114788,-0.000833122664074688,-0.15707775532114787
30.96,-0.5,-0.000513332,9.30306,0.171608,-0.0786774,0.00921042,0,0,256.303,7.55615,0.0586314,9.30306,-0.000513332,0.010626743701758578,0.09886123426208215,-0.0014163237017585772,-0.17753863426208216
30.98,-0.5,-0.000513332,9.33418,0.165942,-0.0913663,0.0105108,0,0,256.489,7.56705,0.0585993,9.33418,-0.000513332,0.010621431316505253,0.099142351765897,-0.00011063131650525249,-0.19050865176589699
31.0,-0.5,-0.000513332,9.34994,0.160488,-0.0904739,0.0107979,0,0,256.675,7.57799,0.0585672,9.34994,-0.000513332,0.01061874108704322,0.0992845920393889,0.00017915891295677833,-0.18975849203938888
31.02,-0.5,-0.000513332,9.33932,0.155481,-0.0751486,0.0106,0,0,256.862,7.58893,0.058535,9.33932,-0.000513332,0.010620553911605502,0.09918875155773552,-2.0553911605502434e-05,-0.1743373515577355
31.04,-0.5,-0.000513332,9.29142,0.15289,-0.0506319,0.0106115,0,0,257.048,7.59986,0.0585029,9.29142,-0.000513332,0.010628730795260123,0.09875600188569582,-1.7230795260123402e-05,-0.1493879018856958
31.06,-0.5,-0.000513332,9.28347,0.15185,-0.0259729,0.0109932,0,0,257.234,7.61072,0.0584709,9.28347,-0.000513332,0.010630087981570807,0.09868410287427314,0.0003631120184291927,-0.12465700287427314
31.08,-0.5,-0.000513332,9.2916,0.149178,-0.0101965,0.0111979,0,0,257.419,7.62157,0.058439,9.2916,-0.000513332,0.010628700066719489,0.09875762953993081,0.0005691999332805113,-0.1089541295399308
31.1,-0.5,-0.000513332,9.2671,0.14261,-0.00848133,0.0105969,0,0,257.605,7.63242,0.058407,9.2671,-0.000513332,0.01063288264636425,0.09853598677212214,-3.598264636425069e-05,-0.10701731677212213
31.12,-0.5,-0.000513332,9.32123,0.132112,-0.0198521,0.0102072,0,0,257.79,7.64324,0.0583751,9.32123,-0.000513332,0.010623641932018868,0.09902540988599223,-0.00041644193201886837,-0.11887750988599223
31.14,-0.4,-0.000410666,9.33891,0.12144,-0.0383153,0.0102007,0,0,257.976,7.65412,0.0583447,9.33891,-0.000410666,0.010941105926713083,0.10217800355004007,-0.0007404059267130825,-0.14049330355004008
31.16,-0.4,-0.000410666,9.35271,0.116202,-0.0563706,0.0105991,0,0,258.163,7.66501,0.0583206,9.35271,-0.000410666,0.010939221410439053,0.10231136547762744,-0.00034012141043905306,-0.15868196547762745
31.18,-0.4,-0.000410666,9.32472,0.117022,-0.0682081,0.00989267,0,0,258.349,7.67591,0.0582948,9.32472,-0.000410666,0.010943043746025243,0.10204081887943649,-0.0010503737460252436,-0.1702489188794365
31.2,-0.4,-0.000410666,9.31118,0.118451,-0.0712961,0.0094,0,0,258.536,7.68677,0.0582691,9.31118,-0.000410666,0.010944892842278873,0.1019098673351702,-0.0015448928422788725,-0.17320596733517019
31.22,-0.4,-0.000410666,9.31387,0.116252,-0.066451,0.00959659,0,0,258.722,7.69762,0.0582435,9.31387,-0.000410666,0.010944525477909476,0.10193588751293672,-0.0013479354779094756,-0.16838688751293673
31.24,-0.4,-0.000410666,9.29172,0.110816,-0.0568376,0.0102078,0,0,258.907,7.70846,0.0582179,9.29172,-0.000410666,0.010947550478505957,0.10172157373214337,-0.0007397504785059579,-0.15855917373214337
31.26,-0.4,-0.000410666,9.29721,0.103803,-0.045855,0.0108005,0,0,259.093,7.71927,0.0581923,9.29721,-0.000410666,0.010946800705063965,0.10177470498312774,-0.0001463007050639658,-0.14762970498312775
31.28,-0.4,-0.000410666,9.29183,0.0973195,-0.0354536,0.0108118,0,0,259.279,7.73008,0.0581667,9.29183,-0.000410666,0.01094753545565628,0.10172263837293068,-0.00013573545565627974,-0.1371762383729307
31.3,-0.4,-0.000410666,9.2944,0.0943473,-0.0267406,0.00981178,0,0,259.464,7.74089,0.0581411,9.2944,-0.000410666,0.010947184468035323,0.1017475113197075,-0.0011354044680353219,-0.1284881113197075
31.32,-0.4,-0.000410666,9.29431,0.0954325,-0.0209511,0.0100049,0,0,259.65,7.75169,0.0581155,9.29431,-0.000410666,0.010947196759405458,0.10174664031290974,-0.0009422967594054574,-0.12269774031290974
31.34,-0.303072,-0.000311154,9.28351,0.0982713,-0.0189548,0.0103939,0,0,259.835,7.76248,0.0580915,9.28351,-0.000311154,0.011257474880968423,0.10450888063221916,-0.0008635748809684238,-0.12346368063221916
31.36,-0.3,-0.000307999,9.30519,0.101825,-0.0206453,0.0106,0,0,260.021,7.77326,0.0580737,9.30519,-0.000307999,0.011265044760313552,0.10482338185322206,-0.0006650447603135518,-0.12546868185322205
31.38,-0.3,-0.000307999,9.29761,0.106276,-0.0248997,0.01042,0,0,260.207,7.78406,0.0580546,9.29761,-0.000307999,0.011265821154883709,0.10474521142785832,-0.0008458211548837084,-0.12964491142785833
31.4,-0.200188,-0.000205526,9.30555,0.109628,-0.0297584,0.0104,0,0,260.392,7.79485,0.058037,9.30555,-0.000205526,0.011583750597871105,0.10779317037601947,-0.0011837505978711058,-0.13755157037601948
31.42,-0.2,-0.000205333,9.31092,0.10897,-0.0333902,0.0096282,0,0,260.578,7.80565,0.0580258,9.31092,-0.000205333,0.011583984241072374,0.10785755054988558,-0.001955784241072374,-0.1412477505498856
31.44,-0.2,-0.000205333,9.30836,0.103001,-0.0357107,0.00979607,0,0,260.764,7.81645,0.0580129,9.30836,-0.000205333,0.011584159047249278,0.10782952270905329,-0.001788089047249277,-0.14354022270905328
31.46,-0.2,-0.000205333,9.3056,0.0912632,-0.0389132,0.010194,0,0,260.95,7.82724,0.0580001,9.3056,-0.000205333,0.01158434751098732,0.10779930419824361,-0.0013903475109873203,-0.1467125041982436
31.48,-0.2,-0.000205333,9.28606,0.0754911,-0.0457291,0.0106019,0,0,261.136,7.83803,0.0579873,9.28606,-0.000205333,0.011585681804192725,0.1075853363746419,-0.0009837818041927258,-0.1533144363746419
31.5,-0.2,-0.000205333,9.27476,0.0613344,-0.056711,0.0110034,0,0,261.321,7.84879,0.0579745,9.27476,-0.000205333,0.011586453446807348,0.10746157497031093,-0.0005830534468073481,-0.16417257497031093
31.52,-0.2,-0.000205333,9.24809,0.0540659,-0.0689733,0.0113873,0,0,261.506,7.85954,0.0579618,9.24809,-0.000205333,0.011588274716862499,0.1071694075262689,-0.00020097471686249951,-0.1761427075262689
31.54,-0.2,-0.000205333,9.25821,0.0544411,-0.0771813,0.0117958,0,0,261.691,7.87025,0.057949,9.25821,-0.000205333,0.011587583621858948,0.10728028256373073,0.0002082163781410521,-0.18446158256373074
31.56,-0.2,-0.000205333,9.27472,0.0602723,-0.0764509,0.0121933,0,0,261.876,7.88098,0.0579363,9.27472,-0.000205333,0.011586456178311146,0.10746113684610595,0.0006068438216888551,-0.18391203684610596
31.58,-0.2,-0.000205333,9.26671,0.0677895,-0.0659439,0.012398,0,0,262.061,7.89172,0.0579235,9.26671,-0.000205333,0.011587003165571349,0.10737339810443167,0.0008109968344286508,-0.17331729810443167
31.6,-0.2,-0.000205333,9.29991,0.0718069,-0.0498656,0.0120015,0,0,262.246,7.90245,0.0579108,9.29991,-0.000205333,0.011584736049449236,0.10773700263363345,0.00041676395055076365,-0.15760260263363346
31.62,-0.2,-0.000205333,9.2782,0.0694802,-0.0343469,0.0122,0,0,262.432,7.91321,0.057898,9.2782,-0.000205333,0.011586218538153953,0.1074992528407,0.0006137814618460483,-0.1418461528407
31.64,-0.2,-0.000205333,9.31662,0.0625639,-0.0235716,0.0100029,0,0,262.617,7.92395,0.0578852,9.31662,-0.000205333,0.011583595026851962,0.10791995309906953,-0.0015806950268519616,-0.13149155309906954
31.66,-0.2,-0.000205333,9.25045,0.0530827,-0.0186665,0.00939733,0,0,262.803,7.93473,0.0578724,9.25045,-0.000205333,0.011588113551387717,0.10719526500143452,-0.0021907835513877167,-0.1258617650014345
31.68,-0.2,-0.000205333,9.258,0.0408389,-0.0187291,0.0098,0,0,262.988,7.94543,0.0578597,9.258,-0.000205333,0.0115875979626464,0.10727798193818036,-0.0017875979626464002,-0.12600708193818036
31.7,-0.2,-0.000205333,9.25833,0.027326,-0.0217721,0.0096,0,0,263.173,7.95613,0.0578469,9.25833,-0.000205333,0.011587575427125484,0.10728159720421869,-0.0019875754271254844,-0.1290536972042187
31.72,-0.2,-0.000205333,9.23056,0.0166666,-0.0252737,0.00920179,0,0,263.358,7.96684,0.0578342,9.23056,-0.000205333,0.011589471868085734,0.10697731544667746,-0.0023876818680857344,-0.13225101544667747
31.74,-0.2,-0.000205333,9.23119,0.0111858,-0.0273963,0.0096099,0,0,263.542,7.97751,0.0578215,9.23119,-0.000205333,0.011589428843800336,0.10698421964860122,-0.0019795288438003364,-0.1343805196486012
31.76,-0.2,-0.000205333,9.25487,0.0103398,-0.028441,0.0099886,0,0,263.726,7.98818,0.0578088,9.25487,-0.000205333,0.011587811709255633,0.10724369095363868,-0.001599211709255633,-0.1356846909536387
31.78,-0.2,-0.000205333,9.26082,0.0128169,-0.0304592,0.0107612,0,0,263.911,7.99887,0.057796,9.26082,-0.000205333,0.01158740538677093,0.10730887555391597,-0.0008262053867709295,-0.13776807555391596
31.8,-0.2,-0.000205333,9.22496,0.0164533,-0.0350053,0.0114124,0,0,264.096,8.00957,0.0577833,9.22496,-0.000205333,0.011589854308130374,0.10691594239833037,-0.00017745430813037415,-0.14192124239833037
31.82,-0.2,-0.000205333,9.22226,0.0187723,-0.0415073,0.0121887,0,0,264.28,8.02022,0.0577706,9.22226,-0.000205333,0.011590038700119768,0.10688635030256653,0.0005986612998802321,-0.14839365030256652
31.84,-0.2,-0.000205333,9.24168,0.0192222,-0.0476471,0.0122,0,0,264.464,8.03087,0.0577579,9.24168,-0.000205333,0.01158871246183332,0.10709917218427577,0.0006112875381666799,-0.15474627218427578
31.86,-0.198596,-0.000203891,9.2447,0.0180428,-0.0507017,0.0115916,0,0,264.649,8.04154,0.0577452,9.2447,-0.000203891,0.01159296238817294,0.10717345938994238,-1.362388172939516e-06,-0.1578751593899424
31.88,-0.1,-0.000102666,9.28064,0.013822,-0.0486036,0.0108264,0,0,264.833,8.05221,0.0577342,9.28064,-0.000102666,0.011904547552598094,0.11048182019854397,-0.0010781475525980938,-0.15908542019854396
31.9,-0.1,-0.000102666,9.24842,0.00563587,-0.0410749,0.0108,0,0,265.019,8.06292,0.0577293,9.24842,-0.000102666,0.011905647678862624,0.11010843010614667,-0.0011056476788626236,-0.15118333010614665
31.92,-0.00331312,-3.40147e-06,9.25541,-0.0045919,-0.0303998,0.0108,0,0,265.203,8.07359,0.0577245,9.25541,-3.40147e-06,0.012212516511251145,0.11303184744339896,-0.0014125165112511447,-0.14343164744339895
31.94,0.0,0.0,9.23881,-0.0144913,-0.0203262,0.0102,0,0,265.388,8.08427,0.0577259,9.23881,0.0,0.012223040078555169,0.11292634490815628,-0.002023040078555168,-0.13325254490815627
31.96,0.0,0.0,9.21386,-0.0230409,-0.0138236,0.0108115,0,0,265.573,8.09493,0.057726,9.21386,0.0,0.012223040078555169,0.11262138005819633,-0.0014115400785551686,-0.12644498005819632
31.98,0.0947918,9.73193e-05,9.20848,-0.0297472,-0.0114788,0.0123792,0,0,265.756,8.10556,0.0577275,9.20848,9.73193e-05,0.01252261035558604,0.11531420700720693,-0.00014341035558603984,-0.12679300700720694
32.0,0.1,0.000102666,9.19223,-0.0354799,-0.0117525,0.0126,0,0,265.94,8.11619,0.057735,9.19223,0.000102666,0.012538513776245607,0.11525690248941817,6.148622375439297e-05,-0.12700940248941817
32.02,0.196934,0.000202185,9.21358,-0.0415537,-0.0134059,0.0127939,0,0,266.124,8.1268,0.057743,9.21358,0.000202185,0.012845753086548539,0.11835537372316189,-5.1853086548538443e-05,-0.1317612737231619
32.04,0.200172,0.00020551,9.22501,-0.0459459,-0.0175035,0.013,0,0,266.308,8.13743,0.0577571,9.22501,0.00020551,0.012856775081840952,0.11860387869773359,0.00014322491815904788,-0.1361073786977336
32.06,0.300583,0.000308598,9.23323,-0.0455421,-0.0267005,0.013,0,0,266.492,8.14808,0.0577714,9.23323,0.000308598,0.013175513164001462,0.12165254341125323,-0.00017551316400146212,-0.14835304341125322
32.08,0.4,0.000410666,9.1982,-0.0414309,-0.0431581,0.0131892,0,0,266.676,8.15875,0.0577937,9.1982,0.000410666,0.01348575654170421,0.12404468582190367,-0.0002965565417042109,-0.16720278582190368
32.1,0.404281,0.000415061,9.18366,-0.0373363,-0.0667337,0.0129658,0,0,266.86,8.16937,0.0578206,9.18366,0.000415061,0.01349726296471216,0.12395427399850847,-0.0005314629647121608,-0.19068797399850848
32.12,0.5,0.000513332,9.19709,-0.0357575,-0.0940383,0.0114166,0,0,267.043,8.17999,0.0578478,9.19709,0.000513332,0.013801244648134744,0.12693128914091356,-0.002384644648134744,-0.22096958914091358
32.14,0.5,0.000513332,9.14496,-0.0373144,-0.118832,0.0114038,0,0,267.227,8.19063,0.0578809,9.14496,0.000513332,0.013792343563795027,0.12613043019716297,-0.002388543563795026,-0.24496243019716296
32.16,0.5,0.000513332,9.19998,-0.0410115,-0.133536,0.0116,0,0,267.41,8.20121,0.0579124,9.19998,0.000513332,0.013801738087231872,0.12697571436777147,-0.0022017380872318727,-0.26051171436777143
32.18,0.5,0.000513332,9.19742,-0.045278,-0.131666,0.0114269,0,0,267.593,8.21186,0.057944,9.19742,0.000513332,0.013801300992509303,0.12693636177452491,-0.0023744009925093026,-0.2586023617745249
32.2,0.5,0.000513332,9.1725,-0.049127,-0.110761,0.0119959,0,0,267.777,8.22252,0.0579757,9.1725,0.000513332,0.013797046053169153,0.12655340492269404,-0.001801146053169153,-0.23731440492269404
32.22,0.5,0.000513332,9.15273,-0.0515785,-0.0736443,0.0136107,0,0,267.96,8.23315,0.0580072,9.15273,0.000513332,0.013793670322316971,0.1262497401691802,-0.00018297032231697104,-0.1998940401691802
32.24,0.5,0.000513332,9.14762,-0.0513357,-0.0268783,0.013989,0,0,268.143,8.24377,0.0580387,9.14762,0.000513332,0.01379279777130033,0.12617127274870232,0.0001962022286996698,-0.15304957274870232
32.26,0.5,0.000513332,9.16082,-0.0478196,0.0217365,0.0136087,0,0,268.325,8.25438,0.0580702,9.16082,0.000513332,0.013795051704312961,0.12637398555390425,-0.00018635170431296165,-0.10463748555390426
32.28,0.5,0.000513332,9.16368,-0.041222,0.0644623,0.0131979,0,0,268.508,8.26502,0.0581017,9.16368,0.000513332,0.013795540050089256,0.1264179144462019,-0.0005976400500892556,-0.0619556144462019
32.3,0.5,0.000513332,9.1266,-0.0323836,0.0941782,0.0125748,0,0,268.691,8.27566,0.0581332,9.1266,0.000513332,0.013789208454005532,0.12584858987632688,-0.0012144084540055312,-0.03167038987632688
32.32,0.5,0.000513332,9.19358,-0.0249921,0.106312,0.0114165,0,0,268.873,8.28627,0.0581646,9.19358,0.000513332,0.01380064534699918,0.12687733704926474,-0.00238414534699918,-0.020565337049264734
32.34,0.5,0.000513332,9.14175,-0.0252253,0.100948,0.0108007,0,0,269.057,8.29696,0.0581963,9.14175,0.000513332,0.013791795438591747,0.1260811459507461,-0.002991095438591747,-0.025133145950746102
32.36,0.5,0.000513332,9.13065,-0.0360169,0.0814671,0.00980665,0,0,269.24,8.3076,0.0582277,9.13065,0.000513332,0.01378990003036697,0.12591075071227018,-0.00398325003036697,-0.044443650712270175
32.38,0.5,0.000513332,9.13817,-0.0549362,0.0509807,0.0101012,0,0,269.422,8.31823,0.0582591,9.13817,0.000513332,0.013791184130479032,0.12602618508561958,-0.0036899841304790324,-0.07504548508561959
32.4,0.5,0.000513332,9.14981,-0.0777451,0.0108636,0.0111931,0,0,269.604,8.32887,0.0582906,9.14981,0.000513332,0.013793171722623091,0.126204900559374,-0.0026000717226230922,-0.115341300559374
32.42,0.5,0.000513332,9.12772,-0.0994936,-0.0374668,0.0122274,0,0,269.787,8.33953,0.0583221,9.12772,0.000513332,0.013789399705206545,0.1258657794772079,-0.0015619997052065456,-0.1633325794772079
32.44,0.5,0.000513332,9.1223,-0.114257,-0.0894787,0.0145686,0,0,269.969,8.35018,0.0583535,9.1223,0.000513332,0.013788474182777257,0.12578259803754896,0.0007801258172227422,-0.21526129803754895
32.46,0.6,0.000615999,9.09218,-0.117729,-0.136329,0.0163734,0,0,270.151,8.36082,0.0583864,9.09218,0.000615999,0.014095390751232197,0.12815782988053837,0.0022780092487678025,-0.2644868298805384
32.48,0.6,0.000615999,9.11111,-0.109159,-0.167583,0.0168024,0,0,270.333,8.37143,0.0584255,9.11111,0.000615999,0.014099269899513503,0.12845999897415647,0.0027031301004864956,-0.2960429989741565
32.5,0.6,0.000615999,9.11109,-0.0908237,-0.176187,0.0172,0,0,270.515,8.38207,0.0584631,9.11109,0.000615999,0.014099265801162754,0.12845967964831598,0.003100734198837246,-0.304646679648316
32.52,0.6,0.000615999,9.10045,-0.0674326,-0.161768,0.0172,0,0,270.697,8.39272,0.0585007,9.10045,0.000615999,0.014097085459770033,0.1282898213723642,0.0031029145402299667,-0.2900578213723642
32.54,0.7,0.000718665,9.10549,-0.0451651,-0.129662,0.017,0,0,270.878,8.40337,0.0585399,9.10549,0.000718665,0.01441062986553708,0.13121584613434922,0.0025893701344629205,-0.2608778461343492
32.56,0.7,0.000718665,9.10286,-0.0291368,-0.0868632,0.0158518,0,0,271.06,8.41403,0.0585853,9.10286,0.000718665,0.01441000110359335,0.13117222264585576,0.0014417988964066496,-0.21803542264585576
32.58,0.6,0.000615999,9.08975,-0.0214169,-0.0385623,0.0148621,0,0,271.242,8.42469,0.0586276,9.08975,0.000615999,0.014094892785412958,0.12811905169620744,0.0007672072145870415,-0.16668135169620743
32.6,0.6,0.000615999,9.10288,-0.0212658,0.0117236,0.0141926,0,0,271.423,8.43534,0.0586635,9.10288,0.000615999,0.014097583416983086,0.128328610134787,9.501658301691411e-05,-0.116605010134787
32.62,0.6,0.000615999,9.11906,-0.0261446,0.0585948,0.0132186,0,0,271.605,8.44602,0.0587011,9.11906,0.000615999,0.014100898983430562,0.1285869438838423,-0.000882298983430561,-0.06999214388384228
32.64,0.6,0.000615999,9.12221,-0.0327353,0.0929217,0.0128012,0,0,271.787,8.45672,0.0587388,9.12221,0.000615999,0.014101544463711065,0.12863724992230974,-0.0013003444637110645,-0.03571554992230974
32.66,0.6,0.000615999,9.08334,-0.038681,0.105904,0.0121968,0,0,271.969,8.46744,0.0587764,9.08334,0.000615999,0.014093579211886234,0.12801677179849472,-0.0018967792118862337,-0.022112771798494718
32.68,0.6,0.000615999,9.08604,-0.0431697,0.0953923,0.0121799,0,0,272.151,8.47811,0.0588139,9.08604,0.000615999,0.014094132512843666,0.12805985177699808,-0.0019142325128436652,-0.03266755177699808
32.7,0.6,0.000615999,9.08337,-0.0455611,0.0681272,0.013,0,0,272.332,8.4888,0.0588514,9.08337,0.000615999,0.01409358535968789,0.1280172504486282,-0.00109358535968789,-0.05989005044862819
32.72,0.6,0.000615999,9.05593,-0.0457737,0.0356999,0.0133955,0,0,272.513,8.49948,0.0588889,9.05593,0.000615999,0.014087962046262843,0.12757959813361308,-0.0006924620462628438,-0.09187969813361307
32.74,0.6,0.000615999,9.08567,-0.0457794,0.00757851,0.0136,0,0,272.694,8.51015,0.0589263,9.08567,0.000615999,0.01409405669026237,0.12805394804901613,-0.0004940566902623712,-0.12047543804901613
32.76,0.6,0.000615999,9.06168,-0.0486438,-0.0125362,0.013209,0,0,272.875,8.52085,0.0589638,9.06168,0.000615999,0.014089140421509588,0.127671281974785,-0.0008801404215095874,-0.140207481974785
32.78,0.6,0.000615999,9.01726,-0.0575037,-0.0252251,0.0141798,0,0,273.056,8.53153,0.0590012,9.01726,0.000615999,0.014080036933860895,0.1269633538422265,9.976306613910385e-05,-0.1521884538422265
32.8,0.6,0.000615999,9.00557,-0.0759401,-0.032544,0.0149988,0,0,273.236,8.54217,0.0590385,9.00557,0.000615999,0.01407764106359891,0.12677718203311444,0.0009211589364010904,-0.15932118203311443
32.82,0.6,0.000615999,9.01633,-0.106091,-0.0367721,0.0142123,0,0,273.416,8.5528,0.0590756,9.01633,0.000615999,0.01407984633162324,0.12694854087520457,0.0001324536683767613,-0.16372064087520458
32.84,0.6,0.000615999,9.03593,-0.144795,-0.0397268,0.0142,0,0,273.596,8.56345,0.0591129,9.03593,0.000615999,0.01408386326493741,0.1272608025915459,0.00011613673506258998,-0.1669876025915459
32.86,0.7,0.000718665,9.0416,-0.183902,-0.0414917,0.0136099,0,0,273.777,8.57413,0.0591517,9.0416,0.000718665,0.014395354738057335,0.1301570393996192,-0.0007854547380573354,-0.1716487393996192
32.88,0.7,0.000718665,9.03408,-0.21682,-0.0402362,0.0132,0,0,273.957,8.58482,0.0591968,9.03408,0.000718665,0.014393556717125784,0.1300325428670517,-0.0011935567171257842,-0.1702687428670517
32.9,0.701753,0.000720464,8.9528,-0.244482,-0.0339505,0.0136,0,0,274.137,8.59551,0.0592404,8.9528,0.000720464,0.014379506109963677,0.1287368423012828,-0.000779506109963678,-0.1626873423012828
32.92,0.8,0.000821331,8.95549,-0.273702,-0.0223848,0.0136,0,0,274.316,8.60611,0.0592851,8.95549,0.000821331,0.01468215274297853,0.1314858720682168,-0.0010821527429785305,-0.1538706720682168
32.94,0.8,0.000821331,8.96664,-0.310244,-0.00819625,0.0138,0,0,274.495,8.61673,0.0593359,8.96664,0.000821331,0.014685199913769232,0.13167690095479975,-0.0008851999137692319,-0.13987315095479974
32.96,0.8,0.000821331,8.98596,-0.353604,0.00316509,0.014397,0,0,274.674,8.62736,0.0593853,8.98596,0.000821331,0.014690479726431522,0.13200806320252462,-0.00029347972643152184,-0.1288429732025246
32.98,0.891329,0.000915096,8.99939,-0.397151,0.00565004,0.014596,0,0,274.853,8.63803,0.0594361,8.99939,0.000915096,0.014976257422532637,0.134777181285766,-0.0003802574225326375,-0.129127141285766
33.0,0.900831,0.000924851,8.96105,-0.432178,-0.00390074,0.0149983,0,0,275.033,8.64872,0.0594928,8.96105,0.000924851,0.0149938088044188,0.1343602703868371,4.4911955812011045e-06,-0.1382610103868371
33.02,1.09354,0.00112269,8.94767,-0.451343,-0.0236193,0.0149871,0,0,275.211,8.65938,0.0595515,8.94767,0.00112269,0.015581518423700275,0.13941828495419026,-0.0005944184237002756,-0.16303758495419027
33.04,1.19914,0.00123111,8.93893,-0.451212,-0.0473266,0.0155972,0,0,275.39,8.67003,0.0596234,8.93893,0.00123111,0.015902272114262855,0.14214929727034764,-0.00030507211426285437,-0.18947589727034764
33.06,1.2,0.001232,8.88627,-0.435364,-0.0669123,0.0152023,0,0,275.568,8.68068,0.0596987,8.88627,0.001232,0.015883343110784327,0.14114367538506944,-0.0006810431107843271,-0.20805597538506942
33.08,1.3,0.00133466,8.88341,-0.413481,-0.0750274,0.0154,0,0,275.746,8.69129,0.0597736,8.88341,0.00133466,0.01618707864379263,0.1437964562950539,-0.0007870786437926304,-0.21882385629505388
33.1,1.3,0.00133466,8.89959,-0.3954,-0.0676924,0.015209,0,0,275.923,8.7019,0.0598546,8.89959,0.00133466,0.016194264870663746,0.14412231770031037,-0.0009852648706637455,-0.21181471770031035
33.12,1.3,0.00133466,8.90277,-0.387184,-0.0455602,0.0157987,0,0,276.101,8.71255,0.0599341,8.90277,0.00133466,0.01619567722245831,0.14418638930578517,-0.00039697722245831193,-0.18974658930578517
33.14,1.3,0.00133466,8.86993,-0.390963,-0.0128815,0.0162057,0,0,276.278,8.72322,0.0600137,8.86993,0.00133466,0.016181091461799198,0.14352514858975657,2.460853820080225e-05,-0.15640664858975656
33.16,1.3,0.00133466,8.90425,-0.405007,0.0243526,0.0165864,0,0,276.455,8.73386,0.060093,8.90425,0.00133466,0.016196334540998215,0.14421621183668334,0.00039006545900178644,-0.11986361183668334
33.18,1.3,0.00133466,8.87211,-0.424409,0.059308,0.0171467,0,0,276.633,8.74456,0.0601727,8.87211,0.00133466,0.016182059723888757,0.14356901389691065,0.0009646402761112442,-0.08426101389691065
33.2,1.20367,0.00123577,8.8422,-0.442597,0.0847763,0.0170147,0,0,276.81,8.75523,0.0602505,8.8422,0.00123577,0.01587642001099533,0.1403824810212229,0.0011382799890046723,-0.05560618102122289
33.22,1.3,0.00133466,8.85266,-0.453543,0.0948858,0.0166021,0,0,276.986,8.76588,0.0603237,8.85266,0.00133466,0.016173420754329246,0.14317779497502034,0.0004286792456707558,-0.04829199497502033
33.24,1.3,0.00133466,8.82975,-0.454791,0.0873583,0.0168206,0,0,277.163,8.77656,0.0604043,8.82975,0.00133466,0.016163244642162348,0.142717409379133,0.0006573553578376537,-0.05535910937913299
33.26,1.3,0.00133466,8.80059,-0.447643,0.0639804,0.0172,0,0,277.339,8.78722,0.0604833,8.80059,0.00133466,0.01615029189046178,0.14213209730827905,0.0010497081095382187,-0.07815169730827905
33.28,1.3,0.00133466,8.75831,-0.435317,0.0295353,0.0172969,0,0,277.515,8.79786,0.060562,8.75831,0.00133466,0.016131510240991617,0.1412847674587793,0.0011653897590083832,-0.1117494674587793
33.3,1.3,0.00133466,8.75283,-0.422323,-0.00949974,0.0177921,0,0,277.69,8.80847,0.0606403,8.75283,0.00133466,0.016129075821239784,0.14117505872042221,0.0016630241787602175,-0.15067479872042222
33.32,1.3,0.00133466,8.7583,-0.412732,-0.0464044,0.0170051,0,0,277.864,8.81908,0.0607185,8.7583,0.00133466,0.016131505798638698,0.1412845672362173,0.000873594201361301,-0.1876889672362173
33.34,1.3,0.00133466,8.73374,-0.4083,-0.0752567,0.0164066,0,0,278.039,8.82971,0.0607968,8.73374,0.00133466,0.016120595171603316,0.14079308687403874,0.000286004828396684,-0.21604978687403875
33.36,1.3,0.00133466,8.75824,-0.409237,-0.0915062,0.0168,0,0,278.213,8.84032,0.0608749,8.75824,0.00133466,0.016131479144519744,0.1412833659026986,0.0006685208554802549,-0.23278956590269861
33.38,1.3,0.00133466,8.75047,-0.414961,-0.093078,0.0164432,0,0,278.388,8.85098,0.0609533,8.75047,0.00133466,0.01612802741510404,0.14112782005504546,0.0003151725848959605,-0.23420582005504545
33.4,1.2,0.001232,8.68714,-0.4236,-0.0815449,0.0158123,0,0,278.563,8.86164,0.06103,8.68714,0.001232,0.01580169043208155,0.13727149702015293,1.060956791845008e-05,-0.21881639702015293
33.42,1.2,0.001232,8.68611,-0.43229,-0.0617146,0.0152014,0,0,278.736,8.87224,0.0611002,8.68611,0.001232,0.01580126801786527,0.1372515521426597,-0.0005998680178652682,-0.1989661521426597
33.44,1.2,0.001232,8.67801,-0.438584,-0.0393901,0.0150089,0,0,278.909,8.88285,0.0611719,8.67801,0.001232,0.015797946096274766,0.1370947342029334,-0.0007890460962747658,-0.17648483420293337
33.46,1.2,0.001232,8.68859,-0.441836,-0.018943,0.01539,0,0,279.082,8.89346,0.0612435,8.68859,0.001232,0.015802285091733915,0.13729957622518837,-0.0004122850917339157,-0.1562425762251884
33.48,1.2,0.001232,8.69418,-0.443338,-0.00260122,0.015017,0,0,279.256,8.9041,0.0613152,8.69418,0.001232,0.015804577594768464,0.13740784243288406,-0.000787577594768463,-0.14000906243288405
33.5,1.2,0.001232,8.69117,-0.444901,0.00846401,0.0148065,0,0,279.429,8.91475,0.061387,8.69117,0.001232,0.015803343172515295,0.13734954208066974,-0.0009968431725152944,-0.12888553208066975
33.52,1.2,0.001232,8.66156,-0.447282,0.013289,0.0151941,0,0,279.603,8.92542,0.0614587,8.66156,0.001232,0.01579119959707195,0.13677642278201452,-0.0005970995970719494,-0.12348742278201452
33.54,1.2,0.001232,8.64715,-0.449815,0.0115661,0.0155944,0,0,279.775,8.93606,0.0615302,8.64715,0.001232,0.015785289605520926,0.13649776701238028,-0.00019088960552092644,-0.12493166701238029
33.56,1.2,0.001232,8.63608,-0.451583,0.00436179,0.0147992,0,0,279.948,8.94669,0.0616015,8.63608,0.001232,0.015780749363567596,0.13628381396371883,-0.0009815493635675961,-0.13192202396371883
33.58,1.2,0.001232,8.62322,-0.453004,-0.0056474,0.0142547,0,0,280.12,8.95733,0.0616728,8.62322,0.001232,0.015775474875505173,0.13603539045595373,-0.0015207748755051726,-0.14168279045595372
33.6,1.2,0.001232,8.63606,-0.455571,-0.0149866,0.0147958,0,0,280.292,8.96796,0.061744,8.63606,0.001232,0.015780741160711986,0.13628342750837835,-0.0009849411607119867,-0.15127002750837834
33.62,1.2,0.001232,8.60915,-0.459962,-0.0213461,0.0155763,0,0,280.465,8.97862,0.0618153,8.60915,0.001232,0.015769703990808865,0.13576374711247213,-0.00019340399080886549,-0.15710984711247214
33.64,1.2,0.001232,8.60006,-0.46545,-0.0245367,0.0159972,0,0,280.636,8.98925,0.0618863,8.60006,0.001232,0.015765975613354702,0.13558833623338723,0.00023122438664529774,-0.16012503623338722
33.66,1.2,0.001232,8.57252,-0.471011,-0.025107,0.0162,0,0,280.808,8.99989,0.0619573,8.57252,0.001232,0.015754679421368507,0.13505730443326996,0.00044532057863149246,-0.16016430443326996
33.68,1.3,0.00133466,8.55935,-0.475985,-0.0229419,0.0161718,0,0,280.979,9.01051,0.0620295,8.55935,0.00133466,0.01604311161508245,0.13731860740255597,0.00012868838491755102,-0.16026050740255599
33.7,1.3,0.00133466,8.53898,-0.479961,-0.0178287,0.0173947,0,0,281.15,9.02112,0.0621075,8.53898,0.00133466,0.01603405963341937,0.13691451452857534,0.0013606403665806302,-0.15474321452857534
33.72,1.3,0.00133466,8.53087,-0.483107,-0.0105667,0.0179847,0,0,281.32,9.03172,0.0621838,8.53087,0.00133466,0.01603045564926258,0.13675373318462467,0.001954244350737419,-0.14732043318462468
33.74,1.3,0.00133466,8.51961,-0.486274,-0.00308752,0.0180057,0,0,281.49,9.04232,0.0622601,8.51961,0.00133466,0.01602545177047649,0.13653059915826923,0.0019802482295235083,-0.13961811915826924
33.76,1.3,0.00133466,8.51398,-0.490001,0.00189097,0.0178,0,0,281.66,9.05293,0.0623363,8.51398,0.00133466,0.01602294979910901,0.13641907413061813,0.0017770502008909901,-0.13452810413061814
33.78,1.3,0.00133466,8.50379,-0.494253,0.00167205,0.0178,0,0,281.83,9.06353,0.0624124,8.50379,0.00133466,0.016018421310104655,0.13621729095265486,0.0017815786898953447,-0.13454524095265485
33.8,1.3,0.00133466,8.48855,-0.499266,-0.00476557,0.0169823,0,0,282.0,9.07414,0.0624884,8.48855,0.00133466,0.016011648444808804,0.13591567840618177,0.0009706515551911946,-0.14068124840618176
33.82,1.3,0.00133466,8.47515,-0.505183,-0.0154933,0.0164047,0,0,282.169,9.08474,0.0625643,8.47515,0.00133466,0.01600569317221934,0.13565065048853472,0.00039900682778066035,-0.1511439504885347
33.84,1.3,0.00133466,8.46944,-0.511181,-0.0261982,0.0164,0,0,282.338,9.09534,0.0626401,8.46944,0.00133466,0.016003155478513525,0.1355377651359416,0.0003968445214864759,-0.1617359651359416
33.86,1.3,0.00133466,8.46921,-0.516391,-0.0324959,0.0163961,0,0,282.507,9.10595,0.0627158,8.46921,0.00133466,0.016003053259221023,0.13553321869352727,0.0003930467407789774,-0.16802911869352727
33.88,1.3,0.00133466,8.44626,-0.520824,-0.032267,0.0156822,0,0,282.676,9.11656,0.0627915,8.44626,0.00133466,0.01599285337391478,0.13507979773796144,-0.0003106533739147786,-0.16734679773796143
33.9,1.3,0.00133466,8.44722,-0.524457,-0.0262788,0.0150001,0,0,282.845,9.12716,0.062867,8.44722,0.00133466,0.01599328004282698,0.1350987550433689,-0.0009931800428269796,-0.1613775550433689
33.92,1.3,0.00133466,8.42564,-0.526858,-0.0170054,0.0157767,0,0,283.013,9.13777,0.0629425,8.42564,0.00133466,0.015983688733028533,0.13467280713655452,-0.00020698873302853193,-0.15167820713655453
33.94,1.20153,0.00123357,8.40021,-0.528132,-0.00676742,0.0156,0,0,283.181,9.14837,0.0630164,8.40021,0.00123357,0.015688402117619755,0.13178587235245062,-8.840211761975553e-05,-0.13855329235245062
33.96,1.2,0.001232,8.36705,-0.528883,0.00353218,0.0163909,0,0,283.349,9.15895,0.0630844,8.36705,0.001232,0.015670386123321306,0.13111490421313554,0.0007205138766786939,-0.12758272421313555
33.98,1.2,0.001232,8.36157,-0.529537,0.0138466,0.016232,0,0,283.516,9.1695,0.0631534,8.36157,0.001232,0.015668137618676664,0.13101022946819824,0.0005638623813233358,-0.11716362946819824
34.0,1.2,0.001232,8.35016,-0.530555,0.0227969,0.0163952,0,0,283.682,9.18006,0.0632224,8.35016,0.001232,0.015663455910711648,0.13079236300738797,0.0007317440892883505,-0.10799546300738798
34.02,1.2,0.001232,8.33651,-0.532277,0.0270943,0.0169874,0,0,283.849,9.19061,0.0632913,8.33651,0.001232,0.015657854990374566,0.1305318647058075,0.0013295450096254338,-0.10343756470580749
34.04,1.2,0.001232,8.32784,-0.534314,0.0244134,0.0174,0,0,284.015,9.20115,0.0633601,8.32784,0.001232,0.01565429742394157,0.13036648425899758,0.0017457025760584284,-0.10595308425899758
34.06,1.2,0.001232,8.33601,-0.536026,0.0159058,0.0170046,0,0,284.181,9.2117,0.0634289,8.33601,0.001232,0.015657649826307355,0.13052232552859638,0.0013469501736926466,-0.11461652552859639
34.08,1.2,0.001232,8.33081,-0.537377,0.00511739,0.0166179,0,0,284.348,9.22226,0.0634976,8.33081,0.001232,0.015655516111007607,0.1304231301727433,0.0009623838889923943,-0.1253057401727433
34.1,1.2,0.001232,8.30273,-0.539048,-0.00456888,0.0159867,0,0,284.514,9.23283,0.0635664,8.30273,0.001232,0.01564399376498731,0.1298878563523731,0.00034270623501268804,-0.1344567363523731
34.12,1.2,0.001232,8.30003,-0.541746,-0.0113758,0.0150145,0,0,284.679,9.24338,0.0636349,8.30003,0.001232,0.015642885821933444,0.12983642160862224,-0.0006283858219334436,-0.14121222160862223
34.14,1.2,0.001232,8.27779,-0.545078,-0.0151642,0.0146,0,0,284.845,9.25394,0.0637034,8.27779,0.001232,0.015633759486344694,0.12941297793846923,-0.001033759486344694,-0.14457717793846922
34.16,1.2,0.001232,8.28055,-0.547506,-0.0166828,0.0147988,0,0,285.01,9.26447,0.0637717,8.28055,0.001232,0.01563489208739032,0.12946550567423992,-0.0008360920873903208,-0.14614830567423992
34.18,1.2,0.001232,8.2374,-0.547807,-0.0168513,0.0155349,0,0,285.175,9.27503,0.06384,8.2374,0.001232,0.015617184412075852,0.12864499487603362,-8.228441207585105e-05,-0.1454962948760336
34.2,1.2,0.001232,8.23552,-0.546191,-0.0164119,0.0155924,0,0,285.34,9.28554,0.063908,8.23552,0.001232,0.015616412881880329,0.12860928061698307,-2.4012881880329517e-05,-0.14502118061698308
34.22,1.2,0.001232,8.20599,-0.544165,-0.0158338,0.0157885,0,0,285.504,9.29605,0.063976,8.20599,0.001232,0.015604293834313821,0.12804867916144086,0.0001842061656861793,-0.14388247916144087
34.24,1.2,0.001232,8.18605,-0.54359,-0.0153496,0.0163953,0,0,285.667,9.30654,0.0640437,8.18605,0.001232,0.015596110206714675,0.12767053795767666,0.0007991897932853268,-0.14302013795767665
34.26,1.2,0.001232,8.17498,-0.545821,-0.0150363,0.0156026,0,0,285.831,9.31702,0.0641112,8.17498,0.001232,0.015591566836586458,0.12746074705775756,1.103316341354195e-05,-0.14249704705775756
34.28,1.2,0.001232,8.17227,-0.551327,-0.0148945,0.016381,0,0,285.994,9.32749,0.0641787,8.17227,0.001232,0.015590454582182244,0.12740940426833047,0.0007905454178177562,-0.14230390426833048
34.3,1.2,0.001232,8.15003,-0.559651,-0.0149028,0.0164,0,0,286.157,9.33798,0.0642461,8.15003,0.001232,0.015581326543262613,0.12698827876738658,0.0008186734567373882,-0.14189107876738657
34.32,1.2,0.001232,8.13375,-0.56964,-0.0150457,0.0162102,0,0,286.319,9.34844,0.0643134,8.13375,0.001232,0.015574644501114983,0.12668026471094398,0.0006355554988850178,-0.14172596471094398
34.34,1.2,0.001232,8.1223,-0.579259,-0.0153126,0.016397,0,0,286.482,9.35889,0.0643805,8.1223,0.001232,0.015569944813444845,0.12646376275824306,0.0008270551865551534,-0.14177636275824307
34.36,1.2,0.001232,8.11126,-0.58556,-0.0156741,0.0164,0,0,286.644,9.36934,0.0644475,8.11126,0.001232,0.01556541333802877,0.12625511459221925,0.0008345866619712313,-0.14192921459221924
34.38,1.11694,0.00114672,8.10352,-0.586729,-0.0160372,0.0163322,0,0,286.805,9.37979,0.0645133,8.10352,0.00114672,0.015331094359614295,0.12423582976502162,0.0010011056403857067,-0.14027302976502162
34.4,1.1,0.00112933,8.09439,-0.583611,-0.0161899,0.0155976,0,0,286.967,9.39023,0.0645741,8.09439,0.00112933,0.015280525416265097,0.12368653212416204,0.00031707458373490295,-0.13987643212416204
34.42,1.1,0.00112933,8.06731,-0.578034,-0.015756,0.015,0,0,287.128,9.40068,0.0646351,8.06731,0.00112933,0.015270335941945162,0.12319053384781364,-0.0002703359419451625,-0.13894653384781364
34.44,1.1,0.00112933,8.07775,-0.571469,-0.014201,0.0153989,0,0,287.289,9.4111,0.0646961,8.07775,0.00112933,0.015274264279535278,0.12338168828401609,0.00012463572046472228,-0.1375826882840161
34.46,1.1,0.00112933,8.04731,-0.565259,-0.0109559,0.0150023,0,0,287.45,9.42154,0.0647572,8.04731,0.00112933,0.015262810226963831,0.12282456536754831,-0.00026051022696383166,-0.1337804653675483
34.48,1.1,0.00112933,8.02291,-0.560496,-0.00574174,0.0153891,0,0,287.611,9.43195,0.0648181,8.02291,0.00112933,0.0152536285634263,0.12237848913779849,0.00013547143657369892,-0.1281202291377985
34.5,1.1,0.00112933,7.98962,-0.557988,0.000833622,0.016,0,0,287.771,9.44234,0.0648788,7.98962,0.00112933,0.01524110109877668,0.12177060616080813,0.0007588989012233208,-0.12093698416080813
34.52,1.1,0.00112933,7.99165,-0.557546,0.00679274,0.0154055,0,0,287.93,9.4527,0.0649392,7.99165,0.00112933,0.015241865031431745,0.1218076506784415,0.00016363496856825616,-0.1150149106784415
34.54,1.1,0.00112933,7.97222,-0.557245,0.00933906,0.0158132,0,0,288.09,9.46307,0.0649997,7.97222,0.00112933,0.01523455301438166,0.12145320823231376,0.000578646985618339,-0.11211414823231376
34.56,1.1,0.00112933,7.97215,-0.555126,0.00635912,0.0164,0,0,288.249,9.47342,0.06506,7.97215,0.00112933,0.015234526671187368,0.12145193180170638,0.0011654733288126336,-0.11509281180170639
34.58,1.1,0.00112933,7.96442,-0.550929,-0.00266265,0.0164,0,0,288.408,9.48379,0.0651203,7.96442,0.00112933,0.015231617613816327,0.12131099995583103,0.0011683823861836744,-0.12397364995583103
34.6,1.1,0.00112933,7.95838,-0.545343,-0.0167727,0.0164,0,0,288.566,9.49415,0.0651805,7.95838,0.00112933,0.01522934453779412,0.12120091098268998,0.0011706554622058808,-0.13797361098268998
34.62,1.1,0.00112933,7.9476,-0.539561,-0.0331378,0.0160271,0,0,288.725,9.50451,0.0652407,7.9476,0.00112933,0.015225287575751523,0.12100449553704282,0.0008018124242484756,-0.1541422955370428
34.64,1.1,0.00112933,7.93898,-0.535432,-0.0463476,0.0158043,0,0,288.884,9.51487,0.0653008,7.93898,0.00112933,0.015222043467062721,0.1208474986441416,0.0005822565329372791,-0.16719509864414162
34.66,1.1,0.00112933,7.93889,-0.534051,-0.0502619,0.0156,0,0,289.042,9.52523,0.0653609,7.93889,0.00112933,0.015222009595650255,0.12084585975881185,0.0003779904043497446,-0.17110775975881184
34.68,1.1,0.00112933,7.93089,-0.535623,-0.042031,0.0154159,0,0,289.2,9.5356,0.0654209,7.93089,0.00112933,0.015218998786265033,0.12070020528400148,0.00019690121373496655,-0.16273120528400148
34.7,1.1,0.00112933,7.89131,-0.540909,-0.024403,0.015,0,0,289.359,9.54597,0.0654809,7.89131,0.00112933,0.015204102308328363,0.1199802845867347,-0.00020410230832836398,-0.1443832845867347
34.72,1.1,0.00112933,7.87514,-0.549832,-0.00425025,0.015,0,0,289.516,9.55629,0.0655406,7.87514,0.00112933,0.015198016268203754,0.11968650583438212,-0.00019801626820375486,-0.12393675583438211
34.74,1.1,0.00112933,7.847,-0.559721,0.0114807,0.015,0,0,289.673,9.56661,0.0656002,7.847,0.00112933,0.015187424649562433,0.11917572122511642,-0.00018742464956243363,-0.10769502122511643
34.76,1.1,0.00112933,7.82481,-0.567271,0.01935,0.015,0,0,289.829,9.57689,0.0656595,7.82481,0.00112933,0.01517907225927501,0.11877335640509769,-0.00017907225927501005,-0.0994233564050977
34.78,1.1,0.00112933,7.79109,-0.570469,0.0200143,0.015,0,0,289.986,9.58716,0.0657187,7.79109,0.00112933,0.01516637944552351,0.11816262723422376,-0.00016637944552350993,-0.09814832723422376
34.8,1.2,0.001232,7.80826,-0.56816,0.0164042,0.0148014,0,0,290.141,9.59739,0.065779,7.80826,0.001232,0.015441016241398674,0.12056746947706361,-0.0006396162413986745,-0.10416326947706361
34.82,1.2,0.001232,7.7841,-0.560725,0.0118325,0.0148,0,0,290.297,9.60765,0.0658448,7.7841,0.001232,0.015431095040721312,0.12011718690647875,-0.0006310950407213117,-0.10828468690647876
34.84,1.2,0.001232,7.77783,-0.551311,0.0084497,0.0151967,0,0,290.452,9.61789,0.065909,7.77783,0.001232,0.015428520237834167,0.12000040756143371,-0.0002318202378341662,-0.1115507075614337
34.86,1.3,0.00133466,7.75848,-0.543517,0.00595214,0.016,0,0,290.607,9.62813,0.0659745,7.75848,0.00133466,0.015687018091578235,0.1217074161231479,0.00031298190842176526,-0.1157552761231479
34.88,1.3,0.00133466,7.73803,-0.538369,0.00217264,0.0150327,0,0,290.762,9.63836,0.0660452,7.73803,0.00133466,0.015677920020543502,0.12131621545656623,-0.0006452200205435028,-0.11914357545656623
34.9,1.4,0.00143733,7.71939,-0.535563,-0.00440404,0.0156,0,0,290.916,9.64857,0.0661157,7.71939,0.00143733,0.015934759337828806,0.12300662188484231,-0.00033475933782880704,-0.12741066188484232
34.92,1.4,0.00143733,7.71399,-0.534883,-0.0126929,0.0159851,0,0,291.07,9.65877,0.0661913,7.71399,0.00143733,0.015932171991974737,0.1229006154243732,5.292800802526171e-05,-0.1355935154243732
34.94,1.4,0.00143733,7.69728,-0.534992,-0.0194632,0.0167972,0,0,291.224,9.66898,0.0662656,7.69728,0.00143733,0.015924165472762822,0.12257276041018782,0.0008730345272371792,-0.14203596041018782
34.96,1.4,0.00143733,7.67801,-0.533986,-0.0219912,0.017,0,0,291.377,9.67917,0.0663397,7.67801,0.00143733,0.01591493211433182,0.12219500792316086,0.0010850678856681797,-0.14418620792316086
34.98,1.4,0.00143733,7.70818,-0.530886,-0.0206133,0.0162334,0,0,291.53,9.68935,0.0664136,7.70818,0.00143733,0.015929388178113856,0.12278659136677365,0.00030401182188614234,-0.14339989136677367
35.0,1.4,0.00143733,7.71331,-0.525287,-0.0183787,0.0162058,0,0,291.684,9.69958,0.0664878,7.71331,0.00143733,0.01593184617669507,0.12288726843316386,0.0002739538233049281,-0.14126596843316386
35.02,1.4,0.00143733,7.67576,-0.517628,-0.0180253,0.0164,0,0,291.838,9.70982,0.0665621,7.67576,0.00143733,0.015913853994895658,0.1221509239398603,0.00048614600510434383,-0.1401762239398603
35.04,1.4,0.00143733,7.66392,-0.509711,-0.0197401,0.0164,0,0,291.991,9.72003,0.066636,7.66392,0.00143733,0.01590818063637428,0.12191902374272158,0.0004918193636257208,-0.14165912374272158
35.06,1.4,0.00143733,7.63072,-0.502755,-0.0214622,0.016798,0,0,292.144,9.73024,0.0667098,7.63072,0.00143733,0.015892271745200314,0.12126947585153494,0.0009057282547996863,-0.14273167585153496
35.08,1.4,0.00143733,7.61449,-0.495941,-0.0202558,0.0164143,0,0,292.296,9.74041,0.0667832,7.61449,0.00143733,0.015884494336795087,0.12095232328258282,0.0005298056632049124,-0.1412081232825828
35.1,1.4,0.00143733,7.60588,-0.488042,-0.0137835,0.0162,0,0,292.448,9.75057,0.0668565,7.60588,0.00143733,0.015880368359497393,0.12078417609813402,0.0003196316405026066,-0.13456767609813403
35.12,1.4,0.00143733,7.61935,-0.478761,-0.00147698,0.0160032,0,0,292.6,9.76073,0.0669297,7.61935,0.00143733,0.015886823264443246,0.12104726683993565,0.00011637673555675229,-0.12252424683993565
35.14,1.4,0.00143733,7.60545,-0.468677,0.0150167,0.0162011,0,0,292.751,9.77093,0.0670031,7.60545,0.00143733,0.015880162298977644,0.12077578035675952,0.00032093770102235505,-0.10575908035675953
35.16,1.4,0.00143733,7.56679,-0.459258,0.0313129,0.0167975,0,0,292.903,9.78111,0.0670763,7.56679,0.00143733,0.01586163553230538,0.12002166512949303,0.0009358644676946207,-0.08870876512949302
35.18,1.31614,0.00135124,7.56159,-0.451823,0.040387,0.0168323,0,0,293.054,9.79125,0.0671481,7.56159,0.00135124,0.015641355978088353,0.11827352095035311,0.001190944021911649,-0.07788652095035312
35.2,1.3,0.00133466,7.55251,-0.446178,0.0355115,0.0165936,0,0,293.205,9.8014,0.0672152,7.55251,0.00133466,0.01559537178789366,0.11778420138178475,0.0009982282121063397,-0.08227270138178475
35.22,1.3,0.00133466,7.53632,-0.441672,0.0148897,0.0162051,0,0,293.355,9.81154,0.0672825,7.53632,0.00133466,0.015588166968718287,0.117477414489691,0.0006169330312817134,-0.10258771448969099
35.24,1.3,0.00133466,7.52505,-0.438893,-0.0160368,0.0151977,0,0,293.506,9.82167,0.0673499,7.52505,0.00133466,0.015583151539148698,0.11726399448967091,-0.0003854515391486981,-0.13330079448967092
35.26,1.3,0.00133466,7.53299,-0.438346,-0.0466277,0.0152075,0,0,293.656,9.8318,0.0674172,7.53299,0.00133466,0.015586685043982518,0.11741434256946987,-0.0003791850439825179,-0.16404204256946986
35.28,1.3,0.00133466,7.49674,-0.438526,-0.0660937,0.0157775,0,0,293.806,9.84195,0.0674845,7.49674,0.00133466,0.015570552553883137,0.11672838415279786,0.00020694744611686293,-0.18282208415279788
35.3,1.3,0.00133466,7.49722,-0.437219,-0.0682505,0.0149999,0,0,293.956,9.85206,0.0675516,7.49722,0.00133466,0.015570766175399249,0.11673745958552677,-0.0005708661753992487,-0.18498795958552677
35.32,1.3,0.00133466,7.49722,-0.433533,-0.0531991,0.0142311,0,0,294.105,9.86218,0.0676186,7.49722,0.00133466,0.015570766175399249,0.11673745958552677,-0.0013396661753992487,-0.16993655958552678
35.34,1.39643,0.00143366,7.47539,-0.427846,-0.0262099,0.0140071,0,0,294.255,9.87231,0.0676869,7.47539,0.00143366,0.015808651962840047,0.11817583879649486,-0.0018015519628400475,-0.14438573879649486
35.36,1.4,0.00143733,7.4423,-0.421337,0.00422643,0.014,0,0,294.404,9.88242,0.0677599,7.4423,0.00143733,0.01580197052707654,0.11760300525366174,-0.0018019705270765404,-0.11337657525366174
35.38,1.4,0.00143733,7.43364,-0.415774,0.0284678,0.0149405,0,0,294.552,9.8925,0.0678316,7.43364,0.00143733,0.015797819634204138,0.11743530394560524,-0.0008573196342041376,-0.08896750394560524
35.4,1.49638,0.00153628,7.45787,-0.411886,0.0388189,0.0153928,0,0,294.7,9.90258,0.0679044,7.45787,0.00153628,0.016056331565024434,0.11974603348884877,-0.0006635315650244337,-0.08092713348884877
35.42,1.5009,0.00154092,7.44437,-0.407995,0.0332165,0.0166054,0,0,294.849,9.9127,0.0679825,7.44437,0.00154092,0.01606097217873923,0.11956381945824097,0.0005444278212607678,-0.08634731945824098
35.44,1.6,0.00164266,7.42726,-0.402305,0.0159886,0.0171896,0,0,294.998,9.92281,0.0680606,7.42726,0.00164266,0.01630500124163668,0.12110148352195844,0.0008845987583633204,-0.10511288352195844
35.46,1.69631,0.00174154,7.40868,-0.395565,-0.00566253,0.017,0,0,295.146,9.93292,0.0681449,7.40868,0.00174154,0.016539924672709223,0.12253900912420737,0.0004600753272907786,-0.12820153912420737
35.48,1.7,0.00174533,7.39437,-0.389703,-0.0253814,0.0169988,0,0,295.293,9.94301,0.0682326,7.39437,0.00174533,0.016540990007231273,0.12231020027977071,0.00045780999276872833,-0.1476916002797707
35.5,1.7,0.00174533,7.36952,-0.3858,-0.038255,0.0163944,0,0,295.441,9.95309,0.0683191,7.36952,0.00174533,0.01652652551298543,0.12179256029845636,-0.00013212551298542874,-0.16004756029845635
35.52,1.7,0.00174533,7.38023,-0.384668,-0.0404641,0.0158118,0,0,295.588,9.96315,0.0684052,7.38023,0.00174533,0.01653275956406428,0.12201556811749412,-0.0007209595640642781,-0.16247966811749412
35.54,1.6,0.00164266,7.38056,-0.387103,-0.0307952,0.0152071,0,0,295.735,9.97324,0.0684903,7.38056,0.00164266,0.01627941825245106,0.1201512231773102,-0.001072318252451061,-0.1509464231773102
35.56,1.6,0.00164266,7.39701,-0.392482,-0.0122711,0.0153899,0,0,295.882,9.98335,0.0685702,7.39701,0.00164266,0.016288429998492934,0.12048567958315222,-0.0008985299984929345,-0.1327567795831522
35.58,1.6,0.00164266,7.3487,-0.398362,0.00865828,0.0163387,0,0,296.03,9.99348,0.0686516,7.3487,0.00164266,0.016261963947633056,0.11950429446197104,7.673605236694497e-05,-0.11084601446197104
35.6,1.6,0.00164266,7.31721,-0.401636,0.0246845,0.0160133,0,0,296.176,10.0036,0.0687325,7.31721,0.00164266,0.0162447116317561,0.11886596639900206,-0.00023141163175609963,-0.09418146639900206
35.62,1.6,0.00164266,7.32774,-0.39931,0.0306865,0.0168049,0,0,296.322,10.0136,0.068813,7.32774,0.00164266,0.016250480744659696,0.11907929777187265,0.0005544192553403049,-0.08839279777187264
35.64,1.6,0.00164266,7.32187,-0.388987,0.0264127,0.0174099,0,0,296.468,10.0237,0.0688936,7.32187,0.00164266,0.01624726473420171,0.11896036023940948,0.0011626352657982883,-0.09254766023940948
35.66,1.6,0.00164266,7.30868,-0.371041,0.0162998,0.0177899,0,0,296.614,10.0338,0.0689742,7.30868,0.00164266,0.016240038208902907,0.11869324245664449,0.0015498617910970937,-0.10239344245664449
35.68,1.6,0.00164266,7.30278,-0.350786,0.005664,0.0181996,0,0,296.76,10.0438,0.0690546,7.30278,0.00164266,0.01623680568215928,0.11857381979955915,0.0019627943178407194,-0.11290981979955915
35.7,1.6,0.00164266,7.30282,-0.335388,-0.00293681,0.0182,0,0,296.906,10.0539,0.069135,7.30282,0.00164266,0.016236827597678142,0.11857462931687589,0.001963172402321859,-0.12151143931687589
35.72,1.6,0.00164266,7.31092,-0.327926,-0.00996963,0.0183906,0,0,297.051,10.064,0.0692153,7.31092,0.00164266,0.016241265466810526,0.11873859252661441,0.0021493345331894745,-0.1287082225266144
35.74,1.6,0.00164266,7.31111,-0.32671,-0.0166356,0.0176082,0,0,297.197,10.0741,0.0692958,7.31111,0.00164266,0.01624136956441525,0.11874243943609197,0.0013668304355847517,-0.13537803943609197
35.76,1.6,0.00164266,7.28066,-0.328248,-0.0227762,0.0168027,0,0,297.343,10.0843,0.0693763,7.28066,0.00164266,0.016224686226222723,0.11812642401981073,0.0005780137737772771,-0.14090262401981074
35.78,1.6,0.00164266,7.2728,-0.328905,-0.0268249,0.0164,0,0,297.488,10.0944,0.0694564,7.2728,0.00164266,0.016220379681400467,0.11796757734688933,0.00017962031859953403,-0.14479247734688933
35.8,1.6,0.00164266,7.23689,-0.326778,-0.0270849,0.0165918,0,0,297.633,10.1044,0.0695364,7.23689,0.00164266,0.016200703804673408,0.11724271135700294,0.0003910961953265922,-0.14432761135700295
35.82,1.6,0.00164266,7.20563,-0.322879,-0.0226755,0.0161958,0,0,297.778,10.1145,0.0696161,7.20563,0.00164266,0.016183575025341457,0.11661285370985117,1.2224974658543025e-05,-0.13928835370985115
35.84,1.5946,0.00163712,7.21921,-0.319254,-0.0140163,0.0160216,0,0,297.921,10.1245,0.0696953,7.21921,0.00163712,0.01617763387546948,0.11678973625012802,-0.00015603387546947803,-0.13080603625012802
35.86,1.5,0.00154,7.21126,-0.316512,-0.00324201,0.0164,0,0,298.065,10.1346,0.0697732,7.21126,0.00154,0.01593894844012917,0.11493990132836589,0.00046105155987083077,-0.11818191132836589
35.88,1.5,0.00154,7.21363,-0.313165,0.00595888,0.0160352,0,0,298.209,10.1446,0.0698465,7.21363,0.00154,0.01594016592532457,0.11498645912389908,9.503407467542982e-05,-0.10902757912389908
35.9,1.5,0.00154,7.18892,-0.307551,0.00974912,0.0164004,0,0,298.353,10.1547,0.0699209,7.18892,0.00154,0.015927472048020756,0.11450132235545737,0.0004729279519792434,-0.10475220235545737
35.92,1.40678,0.00144429,7.21306,-0.30038,0.00665328,0.0169729,0,0,298.496,10.1648,0.0699939,7.21306,0.00144429,0.01570887402133634,0.1133090508483403,0.001264025978663659,-0.1066557708483403
35.94,1.4,0.00143733,7.20293,-0.293946,-0.00093624,0.0170051,0,0,298.64,10.1749,0.0700624,7.20293,0.00143733,0.015687218902458548,0.11299393964908576,0.0013178810975414505,-0.11393017964908576
35.96,1.4,0.00143733,7.16166,-0.289585,-0.0082022,0.0166052,0,0,298.784,10.1849,0.0701317,7.16166,0.00143733,0.0156674308856288,0.11220481307637235,0.0009377691143712015,-0.12040701307637236
35.98,1.4,0.00143733,7.09708,-0.287197,-0.0107943,0.0162299,0,0,298.927,10.195,0.0702007,7.09708,0.00143733,0.0156364641768455,0.11097323718020666,0.0005934358231544992,-0.12176753718020666
36.0,1.4,0.00143733,7.10246,-0.285642,-0.00698696,0.0163904,0,0,299.068,10.2049,0.070269,7.10246,0.00143733,0.015639044033307486,0.11107568468480508,0.0007513559666925129,-0.11806264468480508
36.02,1.3,0.00133466,7.16586,-0.282905,0.00146664,0.0164,0,0,299.21,10.2149,0.0703362,7.16586,0.00133466,0.015423264108315501,0.11052095134321373,0.0009767358916845,-0.10905431134321372
36.04,1.29881,0.00133344,7.19997,-0.277229,0.0102717,0.0157929,0,0,299.353,10.225,0.070399,7.19997,0.00133344,0.015435511624270839,0.11113522062940132,0.00035738837572915974,-0.10086352062940132
36.06,1.2,0.001232,7.19431,-0.268068,0.015262,0.0152031,0,0,299.496,10.2351,0.0704621,7.19431,0.001232,0.015188799972986534,0.10927293553365675,1.4300027013466193e-05,-0.09401093553365675
36.08,1.2,0.001232,7.16037,-0.255527,0.0146848,0.0157784,0,0,299.64,10.2452,0.0705203,7.16037,0.001232,0.015174851183356472,0.10865754916777019,0.0006035488166435295,-0.0939727491677702
36.1,1.1,0.00112933,7.13573,-0.240651,0.00925839,0.0157876,0,0,299.782,10.2553,0.0705782,7.13573,0.00112933,0.014919575647911201,0.10646206353806939,0.0008680243520887976,-0.09720367353806939
36.12,1.1,0.00112933,7.10054,-0.226639,0.00105325,0.0152,0,0,299.925,10.2654,0.0706309,7.10054,0.00112933,0.014906317382161707,0.10584290282473448,0.00029368261783829265,-0.10478965282473447
36.14,1.0,0.00102666,7.10276,-0.217459,-0.00765059,0.0159988,0,0,300.066,10.2754,0.0706834,7.10276,0.00102666,0.014663134649816778,0.10414872626533261,0.0013356653501832225,-0.11179931626533261
36.16,1.0,0.00102666,7.08619,-0.214367,-0.0154128,0.0146072,0,0,300.208,10.2854,0.0707311,7.08619,0.00102666,0.014657459090340535,0.1038655400313802,-5.025909034053408e-05,-0.1192783400313802
36.18,1.0,0.00102666,7.10397,-0.215126,-0.0217676,0.0147079,0,0,300.349,10.2955,0.0707798,7.10397,0.00102666,0.014663549094596388,0.10416941286153991,4.435090540361175e-05,-0.1259370128615399
36.2,1.0,0.00102666,7.10288,-0.216993,-0.0262944,0.0157876,0,0,300.491,10.3055,0.0708287,7.10288,0.00102666,0.014663175751806656,0.10415077778399245,0.0011244242481933432,-0.13044517778399245
36.22,1.0,0.00102666,7.08904,-0.218773,-0.0279222,0.0146084,0,0,300.633,10.3156,0.0708775,7.08904,0.00102666,0.014658435281306267,0.10391423404659138,-5.003528130626683e-05,-0.13183643404659137
36.24,1.0,0.00102666,7.08611,-0.219567,-0.0253697,0.013797,0,0,300.774,10.3256,0.0709263,7.08611,0.00102666,0.01465743168843833,0.10386417326175973,-0.000860431688438329,-0.12923387326175972
36.26,1.0,0.00102666,7.08599,-0.217812,-0.0177376,0.0136059,0,0,300.915,10.3357,0.0709751,7.08599,0.00102666,0.01465739058557985,0.10386212311551296,-0.001051490585579849,-0.12159972311551295
36.28,1.0,0.00102666,7.06994,-0.212805,-0.0046577,0.014,0,0,301.057,10.3457,0.0710238,7.06994,0.00102666,0.014651893022356057,0.10358800455447598,-0.0006518930223560569,-0.10824570455447598
36.3,1.0,0.00102666,7.01984,-0.205533,0.0123675,0.0146,0,0,301.198,10.3557,0.0710724,7.01984,0.00102666,0.014634731692792221,0.10273347492633055,-3.473169279222081e-05,-0.09036597492633054
36.32,1.0,0.00102666,7.03326,-0.197215,0.0282683,0.014802,0,0,301.338,10.3657,0.0711207,7.03326,0.00102666,0.014639328705273888,0.10296220500965463,0.00016267129472611122,-0.07469390500965463
36.34,1.0,0.00102666,7.02005,-0.188082,0.0361225,0.0152094,0,0,301.478,10.3757,0.0711691,7.02005,0.00102666,0.014634803628751757,0.10273705321401878,0.0005745963712482424,-0.06661455321401878
36.36,1.0,0.00102666,7.04367,-0.177202,0.0318179,0.0155873,0,0,301.618,10.3857,0.0712174,7.04367,0.00102666,0.014642894591094018,0.1031397173444512,0.0009444054089059826,-0.0713218173444512
36.38,1.0,0.00102666,7.06285,-0.163407,0.0168446,0.0163612,0,0,301.759,10.3957,0.0712659,7.06285,0.00102666,0.014649464468472557,0.1034669701211514,0.0017117355315274425,-0.0866223701211514
36.4,1.0,0.00102666,7.0446,-0.146975,-0.00292737,0.0167969,0,0,301.899,10.4058,0.0713144,7.0446,0.00102666,0.014643213155003512,0.10315557939173774,0.002153686844996488,-0.10608294939173774
36.42,1.0,0.00102666,7.04982,-0.130193,-0.0204597,0.0164132,0,0,302.04,10.4158,0.0713629,7.04982,0.00102666,0.014645001216517305,0.10324462247622804,0.001768198783482694,-0.12370432247622803
36.44,0.9,0.000923998,7.05822,-0.116568,-0.030491,0.0160052,0,0,302.18,10.4259,0.0714102,7.05822,0.000923998,0.01440540398876974,0.10167651054161436,0.0015997960112302603,-0.13216751054161435
36.46,0.9,0.000923998,7.0255,-0.108782,-0.0312076,0.0156059,0,0,302.321,10.4359,0.0714527,7.0255,0.000923998,0.014395316745095234,0.10113429779266657,0.0012105832549047669,-0.13234189779266656
36.48,0.9,0.000923998,7.00473,-0.106605,-0.0242664,0.0154335,0,0,302.461,10.446,0.0714962,7.00473,0.000923998,0.014388913351215393,0.10079045301865901,0.001044586648784606,-0.12505685301865901
36.5,0.9,0.000923998,7.0142,-0.107186,-0.0135011,0.0151926,0,0,302.601,10.456,0.0715396,7.0142,0.000923998,0.014391832974082438,0.10094719484680903,0.0008007670259175623,-0.11444829484680903
36.52,0.9,0.000923998,7.03019,-0.107289,-0.00317457,0.0142355,0,0,302.741,10.466,0.071583,7.03019,0.000923998,0.014396762649793247,0.10121197681295,-0.00016126264979324755,-0.10438654681295
36.54,0.9,0.000923998,6.9946,-0.105727,0.0036415,0.014,0,0,302.881,10.4761,0.0716265,6.9946,0.000923998,0.014385790210743963,0.10062284820806973,-0.00038579021074396265,-0.09698134820806972
36.56,0.9,0.000923998,6.97515,-0.103348,0.00590449,0.0151912,0,0,303.021,10.4861,0.0716698,6.97515,0.000923998,0.014379793547574233,0.10030121696336242,0.0008114064524257676,-0.09439672696336242
36.58,0.9,0.000923998,6.98524,-0.0996724,0.00388403,0.0150597,0,0,303.16,10.4961,0.071713,6.98524,0.000923998,0.014382904431004491,0.10046803934762981,0.0006767955689955096,-0.09658400934762981
36.6,0.9,0.000923998,7.0052,-0.0920224,-0.00171372,0.0144063,0,0,303.299,10.5061,0.0717563,7.0052,0.000923998,0.01438905825411236,0.1007982308817079,1.724174588764102e-05,-0.1025119508817079
36.62,0.9,0.000923998,6.97761,-0.0800902,-0.00912622,0.015,0,0,303.439,10.5161,0.0717997,6.97761,0.000923998,0.014380552002423842,0.10034188345763263,0.0006194479975761575,-0.10946810345763264
36.64,0.9,0.000923998,6.94391,-0.0681612,-0.0154189,0.0148093,0,0,303.578,10.5261,0.0718429,6.94391,0.000923998,0.014370161586807506,0.09978510874424851,0.00043913841319249275,-0.1152040087442485
36.66,0.9,0.000923998,6.92277,-0.0600997,-0.0184207,0.0157597,0,0,303.717,10.5361,0.0718859,6.92277,0.000923998,0.014363643461597684,0.0994362000466446,0.0013960565384023172,-0.11785690004664459
36.68,0.9,0.000923998,6.99962,-0.0546552,-0.018096,0.0156021,0,0,303.855,10.5461,0.0719287,6.99962,0.000923998,0.014387337912123174,0.10070589819645562,0.0012147620878768268,-0.11880189819645562
36.7,0.9,0.000923998,6.97724,-0.0481449,-0.015664,0.015,0,0,303.994,10.5561,0.0719721,6.97724,0.000923998,0.014380437926029152,0.10033576671500764,0.0006195620739708474,-0.11599976671500764
36.72,0.996343,0.00102291,6.93687,-0.0399571,-0.0123983,0.015,0,0,304.133,10.5662,0.0720165,6.93687,0.00102291,0.014597603486280024,0.10126167769587131,0.0004023965137199756,-0.11365997769587131
36.74,1.0,0.00102666,6.97499,-0.0330158,-0.00953834,0.0151999,0,0,304.272,10.5761,0.0720652,6.97499,0.00102666,0.014619367796450757,0.10196994418656606,0.0005805322035492434,-0.11150828418656605
36.76,1.0,0.00102666,6.98333,-0.0300168,-0.00836101,0.0155995,0,0,304.411,10.5862,0.0721132,6.98333,0.00102666,0.01462222482657108,0.10211182129813862,0.0009772751734289202,-0.11047283129813862
36.78,1.0,0.00102666,6.98077,-0.0313066,-0.00938685,0.0148875,0,0,304.55,10.5963,0.0721613,6.98077,0.00102666,0.014621347851642767,0.10206826644231227,0.00026615214835723315,-0.11145511644231228
36.8,0.9,0.000923998,6.95607,-0.035653,-0.0116811,0.0142,0,0,304.69,10.6063,0.0722081,6.95607,0.000923998,0.01437391081932979,0.09998592983301538,-0.00017391081932978912,-0.11166702983301538
36.82,0.9,0.000923998,6.92797,-0.0412336,-0.0134663,0.015,0,0,304.828,10.6164,0.07225,6.92797,0.000923998,0.014365246800466934,0.09952199887623091,0.0006347531995330655,-0.11298829887623091
36.84,0.9,0.000923998,6.95769,-0.0458866,-0.0130902,0.0146,0,0,304.966,10.6264,0.0722929,6.95769,0.000923998,0.014374410301649283,0.10001269081168221,0.00022558969835071753,-0.1131028908116822
36.86,0.9,0.000923998,6.93648,-0.0479617,-0.00933183,0.0144068,0,0,305.105,10.6364,0.072336,6.93648,0.000923998,0.014367870704054993,0.09966244778126339,3.892929594500813e-05,-0.10899427778126339
36.88,0.817169,0.000838958,6.92601,-0.0480033,-0.00160531,0.0140343,0,0,305.244,10.6465,0.072378,6.92601,0.000838958,0.014167540354733167,0.09812452617228547,-0.00013324035473316793,-0.09972983617228547
36.9,0.8,0.000821331,6.90591,-0.049178,0.00932573,0.014,0,0,305.382,10.6565,0.0724157,6.90591,0.000821331,0.01412117627648492,0.09751957245953997,-0.00012117627648491891,-0.08819384245953997
36.92,0.8,0.000821331,6.92769,-0.0547433,0.020437,0.0147952,0,0,305.52,10.6665,0.0724535,6.92769,0.000821331,0.01412714568890741,0.09786848591758697,0.0006680543110925904,-0.07743148591758697
36.94,0.8,0.000821331,6.91103,-0.0644352,0.0270822,0.0143939,0,0,305.658,10.6765,0.0724917,6.91103,0.000821331,0.014122579568694109,0.09760157107663205,0.00027132043130589055,-0.07051937107663205
36.96,0.8,0.000821331,6.90576,-0.0741742,0.0260652,0.0142,0,0,305.796,10.6865,0.0725297,6.90576,0.000821331,0.014121135164275558,0.09751717037204757,7.886483572444244e-05,-0.07145197037204758
36.98,0.8,0.000821331,6.91853,-0.0800421,0.0179032,0.0147523,0,0,305.933,10.6965,0.0725677,6.91853,0.000821331,0.014124635156591372,0.0977217120699321,0.0006276648434086277,-0.0798185120699321
37.0,0.8,0.000821331,6.8807,-0.0812548,0.00550162,0.0153986,0,0,306.071,10.7066,0.0726058,6.8807,0.000821331,0.01411426657842361,0.09711603404615933,0.0012843334215763905,-0.09161441404615933
37.02,0.8,0.000821331,6.91006,-0.078623,-0.00853961,0.0150139,0,0,306.208,10.7165,0.0726437,6.91006,0.000821331,0.014122313711276802,0.09758603508374537,0.0008915862887231979,-0.10612564508374538
37.04,0.8,0.000821331,6.86741,-0.0727006,-0.0231253,0.0153875,0,0,306.346,10.7266,0.0726817,6.86741,0.000821331,0.014110623895002382,0.0969034396427783,0.001276876104997618,-0.1200287396427783
37.06,0.8,0.000821331,6.88856,-0.0651659,-0.0378603,0.0154058,0,0,306.483,10.7366,0.0727195,6.88856,0.000821331,0.014116420914144424,0.09724181245233872,0.0012893790858555763,-0.13510211245233872
37.08,0.8,0.000821331,6.9195,-0.0596181,-0.0512557,0.015231,0,0,306.621,10.7466,0.0727574,6.9195,0.000821331,0.014124901011242868,0.09773725254729503,0.0011060989887571315,-0.14899295254729503
37.1,0.8,0.000821331,6.90584,-0.0590686,-0.0600918,0.0144172,0,0,306.759,10.7566,0.0727955,6.90584,0.000821331,0.014121157090788159,0.09751845148384851,0.00029604290921184107,-0.1576102514838485
37.12,0.8,0.000821331,6.8582,-0.0638894,-0.0611106,0.0140038,0,0,306.896,10.7667,0.0728335,6.8582,0.000821331,0.01410809947251841,0.09675616780242577,-0.00010429947251841022,-0.15786676780242576
37.14,0.8,0.000821331,6.84522,-0.0719144,-0.0532556,0.0144121,0,0,307.033,10.7767,0.0728713,6.84522,0.000821331,0.014104541660721507,0.09654869066680408,0.00030755833927849363,-0.14980429066680406
37.16,0.8,0.000821331,6.86887,-0.0790635,-0.0380717,0.0147905,0,0,307.17,10.7866,0.0729089,6.86887,0.000821331,0.014111024072293327,0.09692678991945347,0.0006794759277066725,-0.13499848991945346
37.18,0.8,0.000821331,6.87206,-0.0813986,-0.0187199,0.015,0,0,307.307,10.7966,0.0729467,6.87206,0.000821331,0.014111898429784074,0.09697781272338195,0.0008881015702159253,-0.11569771272338195
37.2,0.8,0.000821331,6.8832,-0.0779944,0.000623573,0.0138141,0,0,307.444,10.8067,0.0729846,6.8832,0.000821331,0.014114951801954455,0.09715603624321291,-0.0003008518019544555,-0.09653246324321291
37.22,0.7,0.000718665,6.8581,-0.0709838,0.0151461,0.0140025,0,0,307.581,10.8167,0.0730213,6.8581,0.000718665,0.013872443838486695,0.09513860708872561,0.0001300561615133044,-0.07999250708872561
37.24,0.7,0.000718665,6.82258,-0.0633008,0.0210762,0.0146101,0,0,307.718,10.8267,0.0730531,6.82258,0.000718665,0.013863924703621484,0.09458773540443387,0.0007461752963785172,-0.07351153540443386
37.26,0.7,0.000718665,6.83575,-0.056931,0.0181321,0.0149891,0,0,307.854,10.8367,0.073086,6.83575,0.000718665,0.013867083445999726,0.09479191566599263,0.0011220165540002745,-0.07665981566599263
37.28,0.7,0.000718665,6.84435,-0.0521367,0.00969612,0.0148048,0,0,307.99,10.8466,0.0731189,6.84435,0.000718665,0.013869146075118372,0.09492528993923643,0.0009356539248816277,-0.08522916993923643
37.3,0.7,0.000718665,6.8306,-0.0485582,2.0221e-06,0.0138,0,0,308.127,10.8566,0.0731519,6.8306,0.000718665,0.013865848256621561,0.09471206310167923,-6.58482566215611e-05,-0.09471004100167923
37.32,0.7,0.000718665,6.83872,-0.0468481,-0.00858928,0.0138,0,0,308.263,10.8666,0.0731848,6.83872,0.000718665,0.013867795775003612,0.09483797232243271,-6.779577500361234e-05,-0.10342725232243272
37.34,0.8,0.000821331,6.82226,-0.0480746,-0.0160465,0.0138,0,0,308.399,10.8766,0.0732189,6.82226,0.000821331,0.01409824819824934,0.09618191475298854,-0.0002982481982493398,-0.11222841475298855
37.36,0.70197,0.000720688,6.78922,-0.052399,-0.0235647,0.0143921,0,0,308.535,10.8866,0.0732565,6.78922,0.000720688,0.013860519762722753,0.09410211798347257,0.0005315802372772467,-0.11766681798347256
37.38,0.7,0.000718665,6.8195,-0.0584295,-0.0321488,0.0140617,0,0,308.671,10.8966,0.0732881,6.8195,0.000718665,0.013863185977549312,0.09453999677389753,0.00019851402245068747,-0.12668879677389752
37.4,0.7,0.000718665,6.84433,-0.0632003,-0.0415852,0.0129929,0,0,308.807,10.9065,0.0733209,6.84433,0.000718665,0.013869141278331476,0.09492497972552247,-0.0008762412783314757,-0.13651017972552248
37.42,0.7,0.000718665,6.82546,-0.063937,-0.0504897,0.0122096,0,0,308.943,10.9166,0.0733539,6.82546,0.000718665,0.013864615457973569,0.09463237822378028,-0.0016550154579735698,-0.14512207822378026
37.44,0.7,0.000718665,6.80847,-0.0609911,-0.0570799,0.0131865,0,0,309.08,10.9266,0.0733868,6.80847,0.000718665,0.013860540452164758,0.09436907385235019,-0.0006740404521647578,-0.15144897385235018
37.46,0.601401,0.000617437,6.76145,-0.0578338,-0.0596887,0.0136,0,0,309.215,10.9366,0.0734184,6.76145,0.000617437,0.013620199789378876,0.0920922998658958,-2.019978937887676e-05,-0.1517809998658958
37.48,0.6,0.000615999,6.81991,-0.0567307,-0.0573139,0.0134304,0,0,309.35,10.9465,0.0734452,6.81991,0.000615999,0.013628964623402441,0.09294831212478855,-0.0001985646234024408,-0.15026221212478855
37.5,0.502752,0.000516157,6.79763,-0.0555847,-0.0501056,0.0135945,0,0,309.486,10.9565,0.0734722,6.79763,0.000516157,0.013397252274332149,0.09106956397756845,0.00019724772566785155,-0.14117516397756846
37.52,0.5,0.000513332,6.77531,-0.0497756,-0.039067,0.0138,0,0,309.622,10.9665,0.0734945,6.77531,0.000513332,0.013387001653470705,0.09070108617277661,0.00041299834652929433,-0.1297680861727766
37.54,0.5,0.000513332,6.80826,-0.0362585,-0.0256404,0.0146037,0,0,309.757,10.9764,0.0735178,6.80826,0.000513332,0.013392646800971499,0.09118062150918221,0.0012110531990285021,-0.11682102150918222
37.56,0.5,0.000513332,6.78348,-0.015314,-0.0115088,0.0153977,0,0,309.893,10.9864,0.0735412,6.78348,0.000513332,0.013388401396845724,0.09081995310747504,0.002009298603154276,-0.10232875310747504
37.58,0.5,0.000513332,6.78333,0.011254,0.00153006,0.0154,0,0,310.028,10.9964,0.0735646,6.78333,0.000513332,0.013388375697887075,0.09081777052274834,0.002011624302112925,-0.08928771052274834
37.6,0.5,0.000513332,6.77241,0.0414806,0.0111528,0.0150058,0,0,310.163,11.0064,0.0735879,6.77241,0.000513332,0.013386504801226499,0.09065889898087436,0.001619295198773501,-0.07950609898087435
37.62,0.5,0.000513332,6.78618,0.0725266,0.0143249,0.0138065,0,0,310.298,11.0163,0.0736112,6.78618,0.000513332,0.013388863977307004,0.09085924094552124,0.0004176360226929958,-0.07653434094552124
37.64,0.5,0.000513332,6.79494,0.101826,0.00817271,0.0148115,0,0,310.434,11.0263,0.0736346,6.79494,0.000513332,0.013390364783545244,0.09098672528230294,0.0014211352164547556,-0.08281401528230294
37.66,0.5,0.000513332,6.81076,0.129232,-0.0087658,0.0142353,0,0,310.569,11.0363,0.073658,6.81076,0.000513332,0.013393075103450476,0.09121702019157638,0.0008422248965495229,-0.09998282019157638
37.68,0.5,0.000513332,6.83645,0.155647,-0.0352743,0.0134332,0,0,310.705,11.0463,0.0736814,6.83645,0.000513332,0.01339747626458936,0.09159117660905193,3.572373541064003e-05,-0.12686547660905192
37.7,0.5,0.000513332,6.82248,0.180526,-0.0663927,0.013203,0,0,310.842,11.0564,0.0737049,6.82248,0.000513332,0.013395082968192992,0.09138768564883731,-0.00019208296819299246,-0.1577803856488373
37.72,0.5,0.000513332,6.77805,0.201736,-0.0937315,0.012796,0,0,310.978,11.0665,0.0737284,6.77805,0.000513332,0.01338747109158408,0.09074094843231148,-0.0005914710915840803,-0.18447244843231148
37.74,0.5,0.000513332,6.80495,0.217757,-0.108501,0.0127915,0,0,311.113,11.0765,0.0737517,6.80495,0.000513332,0.013392079726497171,0.09113243293482692,-0.0006005797264971701,-0.19963343293482694
37.76,0.5,0.000513332,6.8435,0.230553,-0.106436,0.0124095,0,0,311.249,11.0865,0.0737752,6.8435,0.000513332,0.013398684032973174,0.09169389417965192,-0.0009891840329731734,-0.19812989417965193
37.78,0.5,0.000513332,6.88182,0.244241,-0.0902671,0.0125686,0,0,311.385,11.0966,0.0737987,6.88182,0.000513332,0.013405248629607538,0.09225250812420575,-0.0008366486296075386,-0.18251960812420576
37.8,0.5,0.000513332,6.87928,0.260505,-0.0672378,0.0142252,0,0,311.523,11.1067,0.0738224,6.87928,0.000513332,0.013404813511874527,0.0922154654959682,0.0008203864881254734,-0.1594532654959682
37.82,0.5,0.000513332,6.82529,0.277866,-0.0447673,0.0144047,0,0,311.66,11.1169,0.0738461,6.82529,0.000513332,0.013395564371799923,0.0914286115512023,0.0010091356282000766,-0.1361959115512023
37.84,0.5,0.000513332,6.8337,0.295094,-0.0276051,0.0138,0,0,311.796,11.127,0.0738696,6.8337,0.000513332,0.013397005146458427,0.09155111406935296,0.00040299485354157276,-0.11915621406935295
37.86,0.5,0.000513332,6.85753,0.313292,-0.017089,0.0141762,0,0,311.932,11.1371,0.0738931,6.85753,0.000513332,0.013401087546908419,0.09189835988555088,0.0007751124530915813,-0.10898735988555089
37.88,0.6,0.000615999,6.85059,0.333894,-0.012133,0.0142,0,0,312.069,11.1472,0.0739179,6.85059,0.000615999,0.013635271786627505,0.09340965654875252,0.0005647282133724955,-0.10554265654875253
37.9,0.503507,0.000516933,6.88537,0.355887,-0.010794,0.014793,0,0,312.206,11.1573,0.0739462,6.88537,0.000516933,0.013414154169601991,0.09236141469475247,0.001378845830398009,-0.10315541469475246
37.92,0.5,0.000513332,6.83933,0.376283,-0.0113159,0.015,0,0,312.343,11.1675,0.0739689,6.83933,0.000513332,0.013397969652072583,0.09163313578050958,0.0016020303479274169,-0.10294903578050958
37.94,0.5,0.000513332,6.82501,0.392412,-0.01252,0.015,0,0,312.48,11.1776,0.0739924,6.82501,0.000513332,0.013395516402830796,0.09142453340448421,0.0016044835971692033,-0.10394453340448422
37.96,0.5,0.000513332,6.84996,0.403451,-0.0138176,0.0136026,0,0,312.616,11.1877,0.0740159,6.84996,0.000513332,0.013399790716617717,0.0917880304172027,0.0002028092833822829,-0.1056056304172027
37.98,0.5,0.000513332,6.86795,0.410452,-0.0150487,0.013029,0,0,312.753,11.1978,0.0740395,6.86795,0.000513332,0.013402872596254486,0.09205025884744601,-0.0003738725962544858,-0.10709895884744601
38.0,0.5,0.000513332,6.90463,0.414715,-0.016268,0.0135898,0,0,312.89,11.208,0.0740631,6.90463,0.000513332,0.01340915606329291,0.09258526122929413,0.00018064393670709153,-0.10885326122929413
38.02,0.5,0.000513332,6.9001,0.416444,-0.0175225,0.0136077,0,0,313.028,11.2182,0.0740869,6.9001,0.000513332,0.013408380066956459,0.09251916330000626,0.00019931993304354162,-0.11004166330000625
38.04,0.4,0.000410666,6.9,0.416613,-0.0186325,0.0132,0,0,313.165,11.2285,0.0741094,6.9,0.000410666,0.013171299258753382,0.09088196488539835,2.8700741246617464e-05,-0.10951446488539834
38.06,0.4,0.000410666,6.89167,0.418819,-0.0189862,0.0126,0,0,313.303,11.2387,0.0741273,6.89167,0.000410666,0.013170157694550244,0.09076438067880109,-0.0005701576945502437,-0.10975058067880109
38.08,0.4,0.000410666,6.89426,0.425795,-0.0177598,0.0127754,0,0,313.441,11.2489,0.0741462,6.89426,0.000410666,0.01317051263592832,0.09080093844537518,-0.00039511263592831997,-0.10856073844537517
38.1,0.4,0.000410666,6.91368,0.435934,-0.0150138,0.0131958,0,0,313.578,11.2591,0.0741652,6.91368,0.000410666,0.0131731739751527,0.09107510944853373,2.262602484730085e-05,-0.10608890944853372
38.12,0.4,0.000410666,6.93271,0.445555,-0.0122651,0.0132129,0,0,313.716,11.2694,0.0741843,6.93271,0.000410666,0.013175781806757174,0.09134387428952354,3.7118193242825434e-05,-0.10360897428952354
38.14,0.4,0.000410666,6.93608,0.45151,-0.0109974,0.013,0,0,313.854,11.2797,0.0742034,6.93608,0.000410666,0.013176243618180586,0.09139147983518998,-0.00017624361818058612,-0.10238887983518999
38.16,0.4,0.000410666,6.94707,0.451546,-0.011163,0.013589,0,0,313.993,11.29,0.0742225,6.94707,0.000410666,0.013177749630830583,0.09154674912785422,0.0004112503691694174,-0.10270974912785422
38.18,0.4,0.000410666,6.91932,0.44623,-0.0117748,0.0142,0,0,314.132,11.3003,0.0742416,6.91932,0.000410666,0.013173946875379853,0.09115475409375332,0.0010260531246201483,-0.10292955409375332
38.2,0.5,0.000513332,6.89197,0.439811,-0.0120898,0.0140109,0,0,314.27,11.3105,0.0742619,6.89197,0.000513332,0.01340698737398652,0.09240055477189386,0.0006039126260134805,-0.10449035477189386
38.22,0.5,0.000513332,6.91361,0.436325,-0.0119552,0.0149852,0,0,314.407,11.3208,0.0742868,6.91361,0.000513332,0.013410694339089209,0.09271631048967055,0.0015745056609107917,-0.10467151048967055
38.24,0.5,0.000513332,6.87832,0.436017,-0.011771,0.0147955,0,0,314.545,11.331,0.0743106,6.87832,0.000513332,0.013404649057576492,0.09220146570570954,0.001390850942423508,-0.10397246570570955
38.26,0.5,0.000513332,6.97788,0.436851,-0.0124787,0.0146026,0,0,314.682,11.3413,0.0743343,6.97788,0.000513332,0.013421703306461084,0.09365503506808867,0.0011808966935389163,-0.10613373506808867
38.28,0.5,0.000513332,6.99341,0.437795,-0.0155107,0.0149765,0,0,314.822,11.3516,0.0743583,6.99341,0.000513332,0.013424363347349595,0.09388207687698813,0.001552136652650405,-0.10939277687698813
38.3,0.5,0.000513332,6.98314,0.439294,-0.0225389,0.0147985,0,0,314.961,11.362,0.0743823,6.98314,0.000513332,0.013422604266165846,0.09373192475523336,0.0013758957338341534,-0.11627082475523336
38.32,0.5,0.000513332,6.93435,0.442018,-0.0347928,0.0144082,0,0,315.101,11.3724,0.0744064,6.93435,0.000513332,0.013414247040367627,0.09301908396437325,0.000993952959632373,-0.12781188396437326
38.34,0.5,0.000513332,6.92504,0.446817,-0.0517116,0.0142,0,0,315.239,11.3827,0.0744303,6.92504,0.000513332,0.013412652275835036,0.09288315351624866,0.0007873477241649648,-0.14459475351624868
38.36,0.5,0.000513332,6.99937,0.454407,-0.0695973,0.0143967,0,0,315.377,11.3931,0.0744541,6.99937,0.000513332,0.013425384186511324,0.09396923131354176,0.0009713158134886761,-0.16356653131354176
38.38,0.5,0.000513332,6.99493,0.463259,-0.082376,0.0145668,0,0,315.517,11.4035,0.0744782,6.99493,0.000513332,0.013424623696310409,0.09390430303203257,0.0011421763036895908,-0.17628030303203257
38.4,0.5,0.000513332,7.0383,0.469544,-0.085036,0.0142053,0,0,315.657,11.4139,0.0745023,7.0383,0.000513332,0.013432051998231434,0.0945388115791523,0.0007732480017685669,-0.17957481157915228
38.42,0.5,0.000513332,7.04136,0.471248,-0.0767736,0.0144,0,0,315.797,11.4244,0.0745265,7.04136,0.000513332,0.013432576091969775,0.0945836039909523,0.0009674239080302242,-0.17135720399095228
38.44,0.5,0.000513332,7.0076,0.470319,-0.0610458,0.0139773,0,0,315.938,11.4349,0.0745508,7.0076,0.000513332,0.013426793822783684,0.09408960039253894,0.0005505061772163155,-0.15513540039253892
38.46,0.5,0.000513332,6.9838,0.468837,-0.04294,0.0136,0,0,316.077,11.4453,0.0745749,6.9838,0.000513332,0.013422717313926755,0.09374157317700167,0.00017728268607324418,-0.13668157317700166
38.48,0.5,0.000513332,7.03917,0.466398,-0.026138,0.0134,0,0,316.217,11.4557,0.0745989,7.03917,0.000513332,0.013432201005478709,0.09455154635173557,-3.2201005478708564e-05,-0.12068954635173557
38.5,0.5,0.000513332,7.02297,0.462378,-0.0115886,0.0136,0,0,316.357,11.4662,0.0746232,7.02297,0.000513332,0.013429426361200588,0.0943144584519209,0.0001705736387994112,-0.1059030584519209
38.52,0.5,0.000513332,7.01405,0.456848,0.00151949,0.0137925,0,0,316.497,11.4767,0.0746473,7.01405,0.000513332,0.013427898570158511,0.09418395196602031,0.0003646014298414879,-0.09266446196602031
38.54,0.5,0.000513332,7.0416,0.449726,0.0135155,0.0140019,0,0,316.637,11.4872,0.0746715,7.0416,0.000513332,0.0134326171972762,0.09458711725634009,0.0005692828027237997,-0.08107161725634009
38.56,0.5,0.000513332,7.01955,0.442042,0.0226815,0.0136,0,0,316.778,11.4977,0.0746957,7.01955,0.000513332,0.013428840595791426,0.0942644180041877,0.00017115940420857345,-0.0715829180041877
38.58,0.4,0.000410666,7.0604,0.435777,0.0260083,0.0136,0,0,316.918,11.5082,0.0747187,7.0604,0.000410666,0.013193278589727858,0.09314982415491456,0.0004067214102721414,-0.06714152415491456
38.6,0.4,0.000410666,7.04758,0.431233,0.0213922,0.0143914,0,0,317.059,11.5187,0.0747369,7.04758,0.000410666,0.013191522048822344,0.09296830696083938,0.001199877951177656,-0.07157610696083938
38.62,0.4,0.000410666,7.05276,0.42711,0.0092026,0.0145971,0,0,317.2,11.5293,0.0747563,7.05276,0.000410666,0.013192231793396325,0.09304164470319387,0.0014048682066036752,-0.08383904470319387
38.64,0.4,0.000410666,7.04984,0.422054,-0.00739681,0.0142108,0,0,317.34,11.5398,0.0747758,7.04984,0.000410666,0.01319183170628757,0.09300030283625435,0.0010189682937124314,-0.10039711283625435
38.66,0.4,0.000410666,7.04458,0.41549,-0.0233548,0.0140209,0,0,317.481,11.5504,0.0747952,7.04458,0.000410666,0.013191110997736486,0.0929258367124345,0.0008297890022635132,-0.1162806367124345
38.68,0.4,0.000410666,7.09166,0.409025,-0.0334937,0.0134,0,0,317.622,11.5609,0.0748146,7.09166,0.000410666,0.01319756158112288,0.09359261956238589,0.00020243841887711972,-0.1270863195623859
38.7,0.4,0.000410666,7.11385,0.405483,-0.0347654,0.0134,0,0,317.763,11.5715,0.0748341,7.11385,0.000410666,0.013200601772454693,0.09390710091897682,0.00019939822754530719,-0.1286725009189768
38.72,0.4,0.000410666,7.09496,0.405531,-0.0282023,0.0136,0,0,317.905,11.5821,0.0748537,7.09496,0.000410666,0.013198013710501015,0.09363937935545628,0.0004019862894989838,-0.12184167935545628
38.74,0.4,0.000410666,7.09719,0.407483,-0.018604,0.0133966,0,0,318.047,11.5928,0.0748732,7.09719,0.000410666,0.013198319239288929,0.093670979321889,0.00019828076071107086,-0.112274979321889
38.76,0.4,0.000410666,7.08891,0.409763,-0.0114127,0.0128,0,0,318.188,11.6034,0.0748928,7.08891,0.000410666,0.013197184805205382,0.09355365533746848,-0.0003971848052053816,-0.10496635533746848
38.78,0.4,0.000410666,7.1095,0.41141,-0.009268,0.0133174,0,0,318.33,11.614,0.0749123,7.1095,0.000410666,0.013200005797537218,0.09384544121759085,0.00011739420246278248,-0.10311344121759085
38.8,0.4,0.000410666,7.13861,0.411607,-0.0114153,0.0132078,0,0,318.472,11.6247,0.0749319,7.13861,0.000410666,0.013203993971835873,0.09425816340728728,3.8060281641275756e-06,-0.10567346340728728
38.82,0.4,0.000410666,7.14423,0.410171,-0.0156375,0.0132,0,0,318.614,11.6353,0.0749515,7.14423,0.000410666,0.013204763915037158,0.09433787050472592,-4.763915037158534e-06,-0.10997537050472592
38.84,0.4,0.000410666,7.14889,0.40664,-0.0196813,0.0136237,0,0,318.757,11.6461,0.0749712,7.14889,0.000410666,0.01320540233352765,0.09440396868813247,0.00041829766647235103,-0.11408526868813247
38.86,0.4,0.000410666,7.11479,0.399692,-0.021592,0.0141897,0,0,318.899,11.6568,0.0749909,7.11479,0.000410666,0.0132007305574088,0.09392042576254656,0.000988969442591199,-0.11551242576254656
38.88,0.4,0.000410666,7.13223,0.390246,-0.0203752,0.0141886,0,0,319.041,11.6674,0.0750105,7.13223,0.000410666,0.013203119901552082,0.09416768785544681,0.0009854800984479186,-0.1145428878554468
38.9,0.4,0.000410666,7.13605,0.382307,-0.0165415,0.0142041,0,0,319.184,11.6781,0.0750301,7.13605,0.000410666,0.013203643248558508,0.09422185840387594,0.0010004567514414926,-0.11076335840387594
38.92,0.498617,0.000511913,7.17475,0.378982,-0.0115326,0.0138,0,0,319.326,11.6888,0.075051,7.17475,0.000511913,0.013452013504388717,0.09651483389061295,0.0003479864956112827,-0.10804743389061296
38.94,0.4,0.000410666,7.18046,0.380367,-0.00708069,0.0138,0,0,319.469,11.6996,0.0750756,7.18046,0.000410666,0.01320972731368987,0.09485191858685757,0.0005902726863101296,-0.10193260858685757
38.96,0.4,0.000410666,7.17251,0.383858,-0.00511197,0.0138,0,0,319.612,11.7104,0.0750942,7.17251,0.000410666,0.013208638207724268,0.09473908963128438,0.0005913617922757314,-0.09985105963128438
38.98,0.4,0.000410666,7.17484,0.385474,-0.00682647,0.0143883,0,0,319.756,11.7212,0.0751139,7.17484,0.000410666,0.013208957405961843,0.09477215595459126,0.001179342594038157,-0.10159862595459127
39.0,0.4,0.000410666,7.19995,0.383778,-0.0110452,0.0145996,0,0,319.899,11.7319,0.0751337,7.19995,0.000410666,0.013212397288990053,0.09512859986086393,0.0013872027110099477,-0.10617379986086393
39.02,0.30821,0.000316428,7.2,0.380746,-0.0143667,0.0138493,0,0,320.042,11.7427,0.0751524,7.2,0.000316428,0.012985368792430476,0.09349465530549943,0.0008639312075695241,-0.10786135530549942
39.04,0.3,0.000307999,7.16877,0.376807,-0.0137258,0.0136119,0,0,320.186,11.7536,0.0751664,7.16877,0.000307999,0.012961853185560103,0.0929205442610477,0.0006500468144398971,-0.1066463442610477
39.06,0.3,0.000307999,7.14772,0.370207,-0.00834967,0.0140184,0,0,320.329,11.7643,0.0751811,7.14772,0.000307999,0.012959690338852891,0.09263223782882558,0.001058709661147109,-0.10098190782882559
39.08,0.3,0.000307999,7.13609,0.361914,0.000413423,0.0133993,0,0,320.472,11.7751,0.0751959,7.13609,0.000307999,0.01295849535408976,0.0924729891113664,0.0004408046459102397,-0.0920595661113664
39.1,0.298205,0.000306156,7.12264,0.355028,0.00976219,0.0138,0,0,320.614,11.7858,0.0752106,7.12264,0.000306156,0.012952720804663774,0.09225756731213038,0.0008472791953362258,-0.08249537731213037
39.12,0.2,0.000205333,7.1682,0.351327,0.0160583,0.0139895,0,0,320.756,11.7965,0.075224,7.1682,0.000205333,0.012715543897005337,0.09114756176251365,0.0012739561029946628,-0.07508926176251365
39.14,0.2,0.000205333,7.21887,0.351249,0.0161934,0.0138047,0,0,320.899,11.8073,0.0752327,7.21887,0.000205333,0.012719014575945684,0.09181691275185702,0.0010856854240543154,-0.07562351275185702
39.16,0.2,0.000205333,7.19475,0.35381,0.00944246,0.0136048,0,0,321.043,11.8182,0.0752426,7.19475,0.000205333,0.012717362486819265,0.09149824375204291,0.0008874375131807354,-0.08205578375204291
39.18,0.2,0.000205333,7.21209,0.35789,-0.00168362,0.0134185,0,0,321.187,11.829,0.0752525,7.21209,0.000205333,0.012718550187888778,0.09172732862457078,0.0006999498121112221,-0.09341094862457078
39.2,0.2,0.000205333,7.21433,0.364054,-0.013038,0.0138128,0,0,321.331,11.8398,0.0752624,7.21433,0.000205333,0.01271870361447781,0.09175692504703571,0.0010940963855221898,-0.1047949250470357
39.22,0.2,0.000205333,7.24108,0.371757,-0.0217849,0.0140085,0,0,321.475,11.8507,0.0752724,7.24108,0.000205333,0.012720535795254494,0.09211041733630142,0.001287964204745506,-0.11389531733630141
39.24,0.2,0.000205333,7.26373,0.377282,-0.0278243,0.0137971,0,0,321.619,11.8616,0.0752824,7.26373,0.000205333,0.012722087106525882,0.09240980577828524,0.0010750128934741178,-0.12023410577828524
39.26,0.2,0.000205333,7.22223,0.377651,-0.0335475,0.0138002,0,0,321.764,11.8725,0.0752924,7.22223,0.000205333,0.012719244713663858,0.09186131074836452,0.001080955286336142,-0.12540881074836452
39.28,0.2,0.000205333,7.23003,0.373172,-0.0433881,0.0139874,0,0,321.908,11.8834,0.0753023,7.23003,0.000205333,0.01271977895811319,0.09196438346052711,0.00126762104188681,-0.1353524834605271
39.3,0.299957,0.000307955,7.24166,0.364528,-0.0620952,0.0130003,0,0,322.052,11.8943,0.0753135,7.24166,0.000307955,0.012969235427899507,0.09391879342880274,3.1064572100492766e-05,-0.15601399342880273
39.32,0.3,0.000307999,7.26331,0.352295,-0.0906999,0.0129792,0,0,322.197,11.9052,0.0753297,7.26331,0.000307999,0.012971566270079827,0.09421650700513351,7.63372992017286e-06,-0.1849164070051335
39.34,0.3,0.000307999,7.2336,0.339695,-0.122684,0.0135964,0,0,322.342,11.9161,0.0753447,7.2336,0.000307999,0.012968513977484424,0.09380904270753133,0.0006278860225155756,-0.21649304270753134
39.36,0.398204,0.000408821,7.30213,0.330414,-0.144797,0.0136,0,0,322.486,11.927,0.0753609,7.30213,0.000408821,0.013221886273828401,0.09654793241671059,0.0003781137261715979,-0.2413449324167106
39.38,0.4,0.000410666,7.19557,0.323991,-0.143727,0.0137838,0,0,322.632,11.938,0.0753821,7.19557,0.000410666,0.013211797269546787,0.09506641207883278,0.0005720027304532138,-0.23879341207883276
39.4,0.4,0.000410666,7.17541,0.31741,-0.113126,0.0138,0,0,322.775,11.9489,0.075402,7.17541,0.000410666,0.013209035492940054,0.094780245366397,0.0005909645070599455,-0.207906245366397
39.42,0.4,0.000410666,7.23742,0.310661,-0.0560692,0.0132174,0,0,322.919,11.9597,0.0754217,7.23742,0.000410666,0.013217530194465626,0.0956608173800294,-1.3019446562512194e-07,-0.1517300173800294
39.44,0.4,0.000410666,7.24718,0.307201,0.0155644,0.0124045,0,0,323.063,11.9706,0.0754417,7.24718,0.000410666,0.013218867147723534,0.09579950961563904,-0.0008143671477235329,-0.08023510961563904
39.46,0.300655,0.000308672,7.29429,0.308415,0.0840976,0.0131974,0,0,323.208,11.9815,0.0754604,7.29429,0.000308672,0.012976391451100754,0.09465356239784972,0.00022100854889924547,-0.010555962397849727
39.48,0.3,0.000307999,7.28159,0.311034,0.132402,0.0132,0,0,323.353,11.9925,0.0754742,7.28159,0.000307999,0.012973444229768214,0.09446730176903792,0.00022655577023178615,0.03793469823096207
39.5,0.3,0.000307999,7.30507,0.311349,0.149566,0.0126073,0,0,323.498,12.0035,0.0754893,7.30507,0.000307999,0.012975856336028239,0.0947895388446298,-0.000368556336028239,0.0547764611553702
39.52,0.3,0.000307999,7.28372,0.309294,0.132618,0.0124,0,0,323.644,12.0145,0.0755043,7.28372,0.000307999,0.01297366304822445,0.09449652901761339,-0.0005736630482244508,0.03812147098238662
39.54,0.2,0.000205333,7.31666,0.306928,0.0864696,0.0128006,0,0,323.79,12.0255,0.0755181,7.31666,0.000205333,0.012725712135079358,0.09310970895024973,7.488786492064296e-05,-0.006640108950249732
39.56,0.2,0.000205333,7.3111,0.305601,0.022629,0.0131995,0,0,323.936,12.0366,0.0755269,7.3111,0.000205333,0.01272533135782585,0.09303617009020057,0.00047416864217414943,-0.07040717009020057
39.58,0.2,0.000205333,7.30592,0.30665,-0.0436622,0.013013,0,0,324.081,12.0476,0.075537,7.30592,0.000205333,0.012724976602443107,0.09296766105932115,0.00028802339755689375,-0.13662986105932115
39.6,0.2,0.000205333,7.34412,0.311971,-0.0961467,0.012,0,0,324.227,12.0586,0.0755471,7.34412,0.000205333,0.012727592696016995,0.09347296807067233,-0.0007275926960169949,-0.18961966807067232
39.62,0.2,0.000205333,7.35785,0.322178,-0.121464,0.0122,0,0,324.374,12.0697,0.0755572,7.35785,0.000205333,0.012728532951241054,0.09365463617528899,-0.0005285329512410529,-0.21511863617528898
39.64,0.102599,0.000105335,7.32821,0.336237,-0.114973,0.012,0,0,324.52,12.0809,0.0755661,7.32821,0.000105335,0.012481314588305413,0.09146569437916562,-0.0004813145883054131,-0.20643869437916562
39.66,0.1,0.000102666,7.32778,0.352303,-0.0837702,0.012193,0,0,324.667,12.0919,0.07557,7.32778,0.000102666,0.012474755651394007,0.09141226496717197,-0.0002817556513940063,-0.175182464967172
39.68,0.1,0.000102666,7.36571,0.366841,-0.0439411,0.0127662,0,0,324.813,12.103,0.075575,7.36571,0.000102666,0.012476054409720204,0.0918949987262202,0.00029014559027979586,-0.1358360987262202
39.7,0.1,0.000102666,7.3477,0.374933,-0.0137453,0.0137783,0,0,324.96,12.1141,0.0755801,7.3477,0.000102666,0.012475437738656812,0.09166577387232865,0.0013028622613431885,-0.10541107387232865
39.72,0.1,0.000102666,7.32778,0.373708,-0.00532525,0.0148037,0,0,325.106,12.1252,0.0755851,7.32778,0.000102666,0.012474755651394007,0.09141226496717197,0.0023289443486059925,-0.09673751496717198
39.74,0.1,0.000102666,7.32852,0.363667,-0.0188332,0.0150206,0,0,325.253,12.1363,0.0755902,7.32852,0.000102666,0.012474780990293635,0.09142168198298671,0.0025458190097063654,-0.11025488198298672
39.76,0.1,0.000102666,7.35489,0.346899,-0.0436899,0.0154,0,0,325.399,12.1474,0.0755952,7.35489,0.000102666,0.012475683929455642,0.09175728297591401,0.0029243160705443583,-0.13544718297591402
39.78,0.1,0.000102666,7.35819,0.326929,-0.0661939,0.014821,0,0,325.546,12.1585,0.0756003,7.35819,0.000102666,0.01247579692306767,0.09179928416134729,0.002345203076932331,-0.15799318416134728
39.8,0.1,0.000102666,7.34727,0.308485,-0.0769469,0.0144034,0,0,325.692,12.1696,0.0756053,7.34727,0.000102666,0.012475423015072661,0.09166030125595291,0.001927976984927339,-0.1686072012559529
39.82,0.1,0.000102666,7.35263,0.294965,-0.0738104,0.014221,0,0,325.839,12.1807,0.0756104,7.35263,0.000102666,0.012475606545670601,0.09172851895589404,0.0017453934543293984,-0.16553891895589404
39.84,0.1,0.000102666,7.3747,0.287389,-0.0606878,0.013411,0,0,325.986,12.1918,0.0756155,7.3747,0.000102666,0.012476362226210255,0.09200942850963277,0.0009346377737897444,-0.15269722850963277
39.86,0.1,0.000102666,7.36677,0.285314,-0.0440028,0.0124095,0,0,326.133,12.203,0.0756205,7.36677,0.000102666,0.012476090704177687,0.09190849071681506,-6.65907041776867e-05,-0.13591129071681507
39.88,0.1,0.000102666,7.37672,0.287378,-0.0290805,0.0127279,0,0,326.28,12.2141,0.0756256,7.37672,0.000102666,0.012476431390262277,0.09203514096517554,0.00025146860973772334,-0.12111564096517553
39.9,0.194158,0.000199335,7.40737,0.291865,-0.0183491,0.0128117,0,0,326.427,12.2253,0.0756319,7.40737,0.000199335,0.012717058976527064,0.09419996115095729,9.464102347293661e-05,-0.11254906115095728
39.92,0.2,0.000205333,7.41107,0.297646,-0.0117931,0.0126067,0,0,326.575,12.2365,0.0756431,7.41107,0.000205333,0.012732177393338737,0.09435905791445091,-0.00012547739333873716,-0.10615215791445091
39.94,0.2,0.000205333,7.40553,0.304184,-0.00844321,0.0122,0,0,326.723,12.2477,0.0756533,7.40553,0.000205333,0.01273179803262275,0.09428571228452876,-0.00053179803262275,-0.10272892228452876
39.96,0.100812,0.0001035,7.39726,0.310148,-0.00761265,0.0122,0,0,326.87,12.2589,0.0756623,7.39726,0.0001035,0.012479198781270046,0.09231187797673766,-0.0002791987812700448,-0.09992452797673766
39.98,0.2,0.000205333,7.4358,0.313455,-0.00919184,0.0122,0,0,327.018,12.2701,0.0756674,7.4358,0.000205333,0.012733870787461726,0.0946865164014079,-0.0005338707874617248,-0.10387835640140791
40.0,0.104734,0.000107526,7.42805,0.314031,-0.0127231,0.0131716,0,0,327.166,12.2813,0.0756777,7.42805,0.000107526,0.012490267073751152,0.09277832833717724,0.0006813329262488482,-0.10550142833717724
40.02,0.103825,0.000106594,7.41414,0.314328,-0.0164192,0.0136,0,0,327.315,12.2925,0.0756818,7.41414,0.000106594,0.01248745637206956,0.0925837497864158,0.001112543627930439,-0.1090029497864158
40.04,0.1,0.000102666,7.41945,0.315772,-0.0177797,0.0136,0,0,327.462,12.3038,0.0756871,7.41945,0.000102666,0.012477894406670182,0.09257911365556909,0.0011221055933298175,-0.11035881365556909
40.06,0.1,0.000102666,7.43332,0.317616,-0.0154067,0.0136,0,0,327.61,12.315,0.0756921,7.43332,0.000102666,0.012478369278699065,0.09275571192673934,0.001121630721300934,-0.10816241192673934
40.08,0.1,0.000102666,7.42553,0.319032,-0.0100455,0.013776,0,0,327.759,12.3262,0.0756972,7.42553,0.000102666,0.012478102570820772,0.09265652498270677,0.0012978974291792279,-0.10270202498270677
40.1,0.1,0.000102666,7.41118,0.319206,-0.00417584,0.0140018,0,0,327.907,12.3375,0.0757023,7.41118,0.000102666,0.012477611259663375,0.09247382301539202,0.0015241887403366246,-0.09664966301539202
40.12,0.1,0.000102666,7.41914,0.317143,-0.00120988,0.0136,0,0,328.055,12.3487,0.0757075,7.41914,0.000102666,0.012477883792992804,0.09257516676394463,0.0011221162070071955,-0.09378504676394463
40.14,0.1,0.000102666,7.41944,0.313626,-0.00434028,0.0128154,0,0,328.203,12.3599,0.0757126,7.41944,0.000102666,0.01247789406429356,0.0925789863363822,0.0003375059357064395,-0.0969192663363822
40.16,0.1,0.000102666,7.42488,0.311174,-0.0148728,0.0127918,0,0,328.351,12.3711,0.0757177,7.42488,0.000102666,0.012478080316509337,0.09264824898044384,0.00031371968349066387,-0.10752104898044385
40.18,0.1,0.000102666,7.43753,0.311368,-0.0315066,0.0126737,0,0,328.499,12.3824,0.0757228,7.43753,0.000102666,0.012478513416218232,0.09280931788852559,0.0001951865837817677,-0.12431591788852558
40.2,0.1,0.000102666,7.45275,0.314239,-0.0504618,0.0122,0,0,328.647,12.3936,0.0757279,7.45275,0.000102666,0.012479034495760682,0.09300312433828042,-0.0002790344957606817,-0.14346492433828043
40.22,0.1,0.000102666,7.45278,0.319276,-0.0655451,0.0122,0,0,328.796,12.4049,0.075733,7.45278,0.000102666,0.012479035522845348,0.09300350636395135,-0.00027903552284534727,-0.15854860636395135
40.24,0.1,0.000102666,7.461,0.325037,-0.0702825,0.0124,0,0,328.945,12.4162,0.0757382,7.461,0.000102666,0.01247931694250626,0.09310818370803921,-7.931694250625995e-05,-0.16339068370803922
40.26,0.00325153,3.33823e-06,7.46931,0.329252,-0.062329,0.013187,0,0,329.094,12.4275,0.0757421,7.46931,3.33823e-06,0.012231382283682205,0.09135998600533034,0.0009556177163177956,-0.15368898600533035
40.28,0.0,0.0,7.48737,0.330781,-0.0453087,0.0132299,0,0,329.243,12.4388,0.0757409,7.48737,0.0,0.012223040078555169,0.09151842359297162,0.0010068599214448307,-0.1368271235929716
40.3,0.0,0.0,7.46984,0.330293,-0.0259574,0.0137846,0,0,329.392,12.4501,0.0757409,7.46984,0.0,0.012223040078555169,0.09130415370039453,0.0015615599214448307,-0.11726155370039454
40.32,0.0,0.0,7.46679,0.328906,-0.0101346,0.0132359,0,0,329.541,12.4614,0.0757409,7.46679,0.0,0.012223040078555169,0.09126687342815494,0.0010128599214448315,-0.10140147342815495
40.34,0.0,0.0,7.46713,0.327662,-0.000624842,0.0124,0,0,329.69,12.4728,0.0757409,7.46713,0.0,0.012223040078555169,0.09127102926178166,0.000176959921444831,-0.09189587126178166
40.36,0.0,0.0,7.48549,0.327486,0.00315533,0.0124,0,0,329.839,12.4841,0.0757409,7.48549,0.0,0.012223040078555169,0.09149544427762393,0.000176959921444831,-0.08834011427762394
40.38,0.0,0.0,7.47824,0.328081,0.00354207,0.0135401,0,0,329.988,12.4954,0.0757409,7.47824,0.0,0.012223040078555169,0.09140682723705441,0.0013170599214448308,-0.08786475723705442
40.4,0.0,0.0,7.46418,0.328236,0.00191755,0.0138081,0,0,330.138,12.5067,0.0757409,7.46418,0.0,0.012223040078555169,0.09123497129354992,0.0015850599214448317,-0.08931742129354991
40.42,0.1,0.000102666,7.49721,0.327656,-0.00261734,0.0133992,0,0,330.286,12.518,0.0757422,7.49721,0.000102666,0.012480556590384871,0.09356935367499936,0.0009186434096151285,-0.09618669367499935
40.44,0.1,0.000102666,7.48911,0.327132,-0.0117475,0.0126208,0,0,330.436,12.5294,0.0757486,7.48911,0.000102666,0.012480279292393733,0.09346618445145884,0.00014052070760626686,-0.10521368445145883
40.46,0.1,0.000102666,7.51048,0.327611,-0.0250673,0.0114448,0,0,330.585,12.5407,0.0757538,7.51048,0.000102666,0.012481010873344668,0.09373838254403767,-0.0010362108733446684,-0.11880568254403767
40.48,0.1,0.000102666,7.50282,0.329475,-0.0388572,0.011,0,0,330.735,12.5521,0.075759,7.50282,0.000102666,0.012480748643166563,0.09364081053492296,-0.0014807486431665639,-0.13249801053492297
40.5,0.1,0.000102666,7.50829,0.332033,-0.0478894,0.0109972,0,0,330.885,12.5634,0.0757641,7.50829,0.000102666,0.012480935901804753,0.0937104862221616,-0.0014837359018047523,-0.1415998862221616
40.52,0.1,0.000102666,7.52955,0.334362,-0.048868,0.0121274,0,0,331.035,12.5748,0.0757693,7.52955,0.000102666,0.012481663698448706,0.09398131090065445,-0.0003542636984487056,-0.14284931090065445
40.54,0.1,0.000102666,7.52488,0.336789,-0.0426303,0.0125835,0,0,331.185,12.5862,0.0757745,7.52488,0.000102666,0.012481503831437112,0.09392181855110449,0.00010199616856288764,-0.1365521185511045
40.56,0.1,0.000102666,7.51965,0.340024,-0.0327653,0.0122,0,0,331.335,12.5976,0.0757797,7.51965,0.000102666,0.012481324792892785,0.09385519397887623,-0.0002813247928927839,-0.12662049397887623
40.58,0.1,0.000102666,7.51944,0.342689,-0.0221646,0.0131178,0,0,331.485,12.609,0.0757848,7.51944,0.000102666,0.012481317603938497,0.0938525188437593,0.0006364823960615038,-0.11601711884375929
40.6,0.1,0.000102666,7.54687,0.342585,-0.0114225,0.0137953,0,0,331.635,12.6204,0.07579,7.54687,0.000102666,0.012482256601211892,0.09420196787598799,0.0013130433987881083,-0.10562446787598799
40.62,0.1,0.000102666,7.54191,0.340961,0.000117213,0.0138177,0,0,331.786,12.6318,0.0757952,7.54191,0.000102666,0.012482086810601709,0.09413877533774513,0.0013356131893982916,-0.09402156233774513
40.64,0.1,0.000102666,7.54467,0.341657,0.0124202,0.0128103,0,0,331.936,12.6433,0.0758004,7.54467,0.000102666,0.012482181290999865,0.09417393872076796,0.00032811870900013515,-0.08175373872076797
40.66,0.1,0.000102666,7.55255,0.345713,0.0231348,0.013,0,0,332.087,12.6547,0.0758056,7.55255,0.000102666,0.012482451037459548,0.09427433558296511,0.0005175489625404515,-0.07113953558296511
40.68,0.1,0.000102666,7.56655,0.350308,0.0275446,0.0132,0,0,332.237,12.6661,0.0758108,7.56655,0.000102666,0.0124829302754038,0.09445271607535663,0.0007170697245961997,-0.06690811607535663
40.7,0.1,0.000102666,7.54447,0.352638,0.0209006,0.0136006,0,0,332.388,12.6776,0.075816,7.54447,0.000102666,0.012482174444605943,0.09417139063209619,0.0011184255553940564,-0.07327079063209618
40.72,0.1,0.000102666,7.55794,0.352735,0.00152715,0.0134227,0,0,332.539,12.689,0.0758212,7.55794,0.000102666,0.012482635545134497,0.09434301049199383,0.000940064454865502,-0.09281586049199382
40.74,0.1,0.000102666,7.58582,0.353488,-0.0277949,0.0128,0,0,332.69,12.7005,0.0758264,7.58582,0.000102666,0.01248358989745268,0.09469826591589449,0.00031641010254732094,-0.12249316591589449
40.76,0.1,0.000102666,7.6054,0.358478,-0.0604563,0.0128,0,0,332.841,12.712,0.0758316,7.6054,0.000102666,0.01248426011342028,0.09494779186660661,0.00031573988657972,-0.15540409186660661
40.78,0.1,0.000102666,7.60044,0.368398,-0.087542,0.0122896,0,0,332.993,12.7235,0.0758368,7.60044,0.000102666,0.012484090336177716,0.09488457955469856,-0.00019449033617771616,-0.18242657955469854
40.8,0.195997,0.000201223,7.61631,0.379533,-0.100794,0.0122,0,0,333.144,12.735,0.0758433,7.61631,0.000201223,0.012735757276161584,0.09699947550000224,-0.0005357572761615827,-0.19779347550000223
40.82,0.2,0.000205333,7.63037,0.386796,-0.0972844,0.0130079,0,0,333.296,12.7466,0.0758549,7.63037,0.000205333,0.012747192082299163,0.09726579204901306,0.0002607079177008361,-0.19455019204901305
40.84,0.2,0.000205333,7.61161,0.387696,-0.0812895,0.01359,0,0,333.449,12.7582,0.0758655,7.61161,0.000205333,0.012745907824719224,0.09701687945771109,0.0008440921752807754,-0.1783063794577111
40.86,0.2,0.000205333,7.63547,0.382298,-0.0597962,0.014,0,0,333.601,12.7697,0.075876,7.63547,0.000205333,0.012747541208515893,0.09733346847138684,0.0012524587914841071,-0.15712966847138685
40.88,0.3,0.000307999,7.61511,0.371234,-0.0371508,0.0138216,0,0,333.753,12.7813,0.0758878,7.61511,0.000307999,0.01300769984193614,0.0990550651433263,0.00081390015806386,-0.1362058651433263
40.9,0.3,0.000307999,7.61389,0.356544,-0.0149665,0.0136,0,0,333.905,12.7929,0.0759048,7.61389,0.000307999,0.013007574564311388,0.09903824189946484,0.0005924254356886108,-0.11400474189946483
40.92,0.3,0.000307999,7.60856,0.343061,0.00560514,0.0136,0,0,334.057,12.8044,0.0759206,7.60856,0.000307999,0.013007027242428883,0.0989647471956547,0.0005929727575711159,-0.09335960719565471
40.94,0.3,0.000307999,7.62243,0.336438,0.0234835,0.0137901,0,0,334.209,12.816,0.0759363,7.62243,0.000307999,0.013008451503342405,0.09915601099262224,0.0007816484966575946,-0.07567251099262223
40.96,0.3,0.000307999,7.63032,0.339676,0.0379465,0.0136,0,0,334.361,12.8275,0.075952,7.63032,0.000307999,0.013009261687418018,0.09926482963873945,0.0005907383125819815,-0.06131832963873945
40.98,0.3,0.000307999,7.63844,0.351192,0.0475072,0.0139578,0,0,334.513,12.8391,0.0759678,7.63844,0.000307999,0.013010095479981262,0.09937683371810807,0.000947704520018737,-0.05186963371810807
41.0,0.3,0.000307999,7.65295,0.366444,0.0487018,0.0135937,0,0,334.665,12.8507,0.0759835,7.65295,0.000307999,0.01301158539923306,0.09957701248106064,0.0005821146007669396,-0.05087521248106064
41.02,0.3,0.000307999,7.67433,0.381902,0.0378108,0.0126366,0,0,334.818,12.8623,0.0759994,7.67433,0.000307999,0.01301378069188635,0.09987204757716417,-0.0003771806918863498,-0.06206124757716417
41.04,0.3,0.000307999,7.67225,0.395934,0.0148417,0.0129921,0,0,334.971,12.874,0.0760152,7.67225,0.000307999,0.013013567120851761,0.09984334034295493,-2.1467120851761598e-05,-0.08500164034295493
41.06,0.3,0.000307999,7.68877,0.406862,-0.0149114,0.0130028,0,0,335.124,12.8857,0.0760311,7.68877,0.000307999,0.013015263351020828,0.10007136639542841,-1.246335102082774e-05,-0.11498276639542841
41.08,0.3,0.000307999,7.69146,0.413397,-0.0433755,0.0118569,0,0,335.278,12.8973,0.0760469,7.69146,0.000307999,0.013015539549528206,0.10010850182361421,-0.0011586395495282054,-0.1434840018236142
41.1,0.3,0.000307999,7.69988,0.415947,-0.0634867,0.0121945,0,0,335.431,12.909,0.0760628,7.69988,0.000307999,0.013016404075096967,0.10022474940975765,-0.0008219040750969669,-0.16371144940975763
41.12,0.3,0.000307999,7.67772,0.415869,-0.0716495,0.0122124,0,0,335.585,12.9207,0.0760787,7.67772,0.000307999,0.013014128770303697,0.0999188367423361,-0.0008017287703036974,-0.17156833674233612
41.14,0.3,0.000307999,7.67236,0.414859,-0.0681102,0.0135617,0,0,335.738,12.9324,0.0760946,7.67236,0.000307999,0.013013578415488943,0.09984485849186076,0.0005481215845110562,-0.16795505849186076
41.16,0.395257,0.000405797,7.69662,0.414756,-0.0560676,0.0138,0,0,335.891,12.9441,0.0761117,7.69662,0.000405797,0.013267877590274911,0.10211781201886169,0.0005321224097250884,-0.1581854120188617
41.18,0.4,0.000410666,7.70518,0.416015,-0.0401887,0.0143643,0,0,336.045,12.9558,0.076134,7.70518,0.000410666,0.013281586049996965,0.10233701120071562,0.0010827139500030353,-0.1425257112007156
41.2,0.4,0.000410666,7.689,0.4172,-0.0245341,0.0142025,0,0,336.198,12.9675,0.0761552,7.689,0.000410666,0.013279371003348781,0.10210508364474878,0.0009231289966512186,-0.12663918364474877
41.22,0.4,0.000410666,7.6996,0.417108,-0.0111574,0.0143857,0,0,336.352,12.9793,0.0761764,7.6996,0.000410666,0.013280822151929396,0.10225701824099558,0.001104877848070604,-0.11341441824099557
41.24,0.4,0.000410666,7.70547,0.415896,-0.00069427,0.0149946,0,0,336.505,12.991,0.0761976,7.70547,0.000410666,0.013281625750633167,0.10234116877273135,0.0017129742493668335,-0.10303543877273134
41.26,0.49797,0.000511248,7.69456,0.413663,0.00616357,0.0146041,0,0,336.659,13.0027,0.0762201,7.69456,0.000511248,0.013539039544196914,0.10417695211519581,0.0010650604558030859,-0.09801338211519581
41.28,0.5,0.000513332,7.69959,0.40983,0.00843226,0.0138845,0,0,336.813,13.0144,0.0762478,7.69959,0.000513332,0.013545264712950925,0.10429298473118981,0.000339235287049074,-0.09586072473118981
41.3,0.5,0.000513332,7.71378,0.404927,0.00601988,0.0130058,0,0,336.966,13.0262,0.0762744,7.71378,0.000513332,0.013547692947637836,0.10450392290562979,-0.0005418929476378367,-0.09848404290562979
41.32,0.5,0.000513332,7.73527,0.401492,0.000514427,0.0135697,0,0,337.12,13.0379,0.0763009,7.73527,0.000513332,0.013551370289964539,0.104823508062854,1.8329710035461938e-05,-0.104309081062854
41.34,0.5,0.000513332,7.7552,0.402105,-0.00563227,0.0136067,0,0,337.274,13.0497,0.0763276,7.7552,0.000513332,0.013554780589986996,0.10512003443146715,5.191941001300368e-05,-0.11075230443146715
41.36,0.5,0.000513332,7.75006,0.40721,-0.0106314,0.0130043,0,0,337.429,13.0616,0.0763542,7.75006,0.000513332,0.013553901073491127,0.10504354655362065,-0.0005496010734911266,-0.11567494655362065
41.38,0.5,0.000513332,7.75508,0.414992,-0.0140031,0.0128328,0,0,337.584,13.0734,0.0763809,7.75508,0.000513332,0.013554760056598922,0.10511824861972918,-0.0007219600565989224,-0.11912134861972919
41.4,0.5,0.000513332,7.80506,0.423252,-0.0161669,0.0135892,0,0,337.739,13.0853,0.0764076,7.80506,0.000513332,0.013563311918446569,0.10586246332219057,2.5888081553430628e-05,-0.12202936332219057
41.42,0.5,0.000513332,7.79227,0.430895,-0.0178249,0.0147474,0,0,337.894,13.0972,0.0764345,7.79227,0.000513332,0.013561123533069163,0.10567193607302885,0.0011862764669308377,-0.12349683607302886
41.44,0.5,0.000513332,7.80265,0.436755,-0.0195177,0.0149914,0,0,338.05,13.1091,0.0764613,7.80265,0.000513332,0.01356289956732536,0.10582655830899122,0.0014285004326746401,-0.1253442583089912
41.46,0.5,0.000513332,7.79736,0.439306,-0.0212848,0.0146101,0,0,338.205,13.121,0.0764882,7.79736,0.000513332,0.013561994443230774,0.1057477529918699,0.0010481055567692268,-0.1270325529918699
41.48,0.5,0.000513332,7.80252,0.43928,-0.0223623,0.0147817,0,0,338.361,13.1329,0.076515,7.80252,0.000513332,0.013562877324279672,0.10582462158023863,0.0012188226757203283,-0.12818692158023864
41.5,0.5,0.000513332,7.7806,0.438894,-0.0213236,0.0153992,0,0,338.517,13.1449,0.0765419,7.7806,0.000513332,0.013559126747327352,0.1054981415702552,0.0018400732526726478,-0.1268217415702552
41.52,0.5,0.000513332,7.76456,0.437912,-0.0171861,0.0150161,0,0,338.672,13.1568,0.0765687,7.76456,0.000513332,0.013556382183796184,0.1052593428490165,0.0014597178162038156,-0.1224454428490165
41.54,0.5,0.000513332,7.79909,0.434309,-0.0104972,0.0148093,0,0,338.827,13.1687,0.0765954,7.79909,0.000513332,0.013562290448626753,0.10577352381498042,0.001247009551373246,-0.11627072381498042
41.56,0.5,0.000513332,7.81087,0.42784,-0.0032772,0.0142169,0,0,338.982,13.1806,0.0766222,7.81087,0.000513332,0.013564306004074243,0.10594903083804338,0.0006525939959257567,-0.10922623083804338
41.58,0.5,0.000513332,7.80606,0.420704,0.00151593,0.0140344,0,0,339.138,13.1926,0.0766491,7.80606,0.000513332,0.013563483018092489,0.10587736224821107,0.00047091698190751194,-0.10436143224821107
41.6,0.5,0.000513332,7.81156,0.41592,0.000843956,0.0129936,0,0,339.294,13.2046,0.076676,7.81156,0.000513332,0.013564424061904062,0.1059593124250073,-0.0005708240619040628,-0.10511535642500729
41.62,0.5,0.000513332,7.83561,0.415684,-0.00672896,0.012991,0,0,339.45,13.2165,0.0767029,7.83561,0.000513332,0.01356853890542807,0.10631777913276125,-0.00057753890542807,-0.11304673913276125
41.64,0.6,0.000615999,7.84715,0.420387,-0.0195612,0.013,0,0,339.606,13.2285,0.0767312,7.84715,0.000615999,0.013840009578237653,0.1086046311618676,-0.0008400095782376531,-0.12816583116186758
41.66,0.6,0.000615999,7.86115,0.428524,-0.0331743,0.0136006,0,0,339.763,13.2406,0.076765,7.86115,0.000615999,0.013842883860972616,0.10882098646368489,-0.00024228386097261724,-0.1419952864636849
41.68,0.6,0.000615999,7.88713,0.437499,-0.0425655,0.0136241,0,0,339.92,13.2527,0.0767975,7.88713,0.000615999,0.013848217559566355,0.10922269216058259,-0.00022411755956635443,-0.1517881921605826
41.7,0.6,0.000615999,7.87514,0.444742,-0.0452003,0.0136,0,0,340.077,13.2648,0.07683,7.87514,0.000615999,0.013845756034527118,0.1090372671777459,-0.00024575603452711876,-0.1542375671777459
41.72,0.6,0.000615999,7.89101,0.448257,-0.0418783,0.0136,0,0,340.234,13.2769,0.0768626,7.89101,0.000615999,0.013849014107608939,0.10928270881328321,-0.00024901410760893965,-0.1511610088132832
41.74,0.6,0.000615999,7.89167,0.447411,-0.0347515,0.0136,0,0,340.392,13.289,0.0768952,7.89167,0.000615999,0.013849149602463534,0.1092929184432734,-0.0002491496024635345,-0.1440444184432734
41.76,0.7,0.000718665,7.88072,0.443893,-0.0254856,0.0141826,0,0,340.549,13.3011,0.0769291,7.88072,0.000718665,0.014117543959387345,0.11125641103162304,6.50560406126547e-05,-0.13674201103162303
41.78,0.7,0.000718665,7.8958,0.440586,-0.0151993,0.0149353,0,0,340.706,13.3132,0.0769685,7.8958,0.000718665,0.014121155800109352,0.11149782196650343,0.0008141441998906485,-0.12669712196650343
41.8,0.7,0.000718665,7.89176,0.438826,-0.00481762,0.0151942,0,0,340.864,13.3254,0.0770065,7.89176,0.000718665,0.014120188179177305,0.11143313626490428,0.0010740118208226943,-0.11625075626490428
41.82,0.7,0.000718665,7.88901,0.437234,0.00472824,0.0153827,0,0,341.021,13.3376,0.0770446,7.88901,0.000718665,0.014119529523180796,0.11138910960366853,0.0012631704768192031,-0.10666086960366854
41.84,0.8,0.000821331,7.88619,0.433639,0.0122664,0.0152105,0,0,341.179,13.3497,0.0770839,7.88619,0.000821331,0.014389683656703602,0.11347977935665937,0.0008208163432963985,-0.10121337935665937
41.86,0.894859,0.00091872,7.91316,0.428274,0.0159566,0.0148103,0,0,341.336,13.3619,0.07713,7.91316,0.00091872,0.01465485038139509,0.11596617584404037,0.00015544961860491056,-0.10000957584404037
41.88,0.98013,0.00100626,7.91637,0.424148,0.0132646,0.0142397,0,0,341.494,13.3741,0.0771812,7.91637,0.00100626,0.01488764141815178,0.11785607789341421,-0.0006479414181517814,-0.1045914778934142
41.9,1.0,0.00102666,7.93854,0.424001,0.00274002,0.0149832,0,0,341.652,13.3863,0.0772361,7.93854,0.00102666,0.014949246398530389,0.11867519050458943,3.3953601469611724e-05,-0.11593517050458943
41.92,1.0,0.00102666,7.93896,0.428085,-0.0138971,0.0143965,0,0,341.81,13.3985,0.077291,7.93896,0.00102666,0.014949390094949683,0.11868260998820174,-0.0005528900949496839,-0.13257970998820173
41.94,1.0,0.00102666,7.94701,0.434875,-0.031868,0.0145805,0,0,341.969,13.4108,0.0773457,7.94701,0.00102666,0.014952144259868336,0.11882483995461626,-0.000371644259868336,-0.15069283995461627
41.96,1.0,0.00102666,7.96085,0.442782,-0.0449297,0.015585,0,0,342.127,13.4231,0.0774004,7.96085,0.00102666,0.01495687929757024,0.11906947255606204,0.0006281207024297596,-0.16399917255606206
41.98,1.0,0.00102666,7.97372,0.450635,-0.0477049,0.016,0,0,342.286,13.4354,0.0774552,7.97372,0.00102666,0.014961282388943412,0.11929707661036586,0.0010387176110565888,-0.16700197661036587
42.0,1.0,0.00102666,7.99162,0.457164,-0.0384522,0.0162064,0,0,342.445,13.4478,0.0775101,7.99162,0.00102666,0.014967406213190308,0.11961382284145593,0.001238993786809691,-0.15806602284145593
42.02,1.0,0.00102666,7.98892,0.461268,-0.0199032,0.0164,0,0,342.605,13.4602,0.0775651,7.98892,0.00102666,0.014966482517812258,0.11956603151620071,0.0014335174821877433,-0.13946923151620072
42.04,1.0,0.00102666,7.98605,0.462893,0.00239003,0.0164,0,0,342.764,13.4726,0.0776201,7.98605,0.00102666,0.014965500659956579,0.11951523654544623,0.0014344993400434228,-0.11712520654544623
42.06,1.0,0.00102666,7.9702,0.462685,0.0218401,0.0162168,0,0,342.923,13.485,0.0776751,7.9702,0.00102666,0.014960078132603562,0.11923481473247691,0.0012567218673964382,-0.0973947147324769
42.08,1.0,0.00102666,7.97726,0.46121,0.0327421,0.0164,0,0,343.082,13.4973,0.07773,7.97726,0.00102666,0.014962493481594565,0.11935970075098506,0.0014375065184054365,-0.08661760075098507
42.1,1.0,0.00102666,7.98608,0.459291,0.032996,0.0158026,0,0,343.241,13.5097,0.0777849,7.98608,0.00102666,0.014965510923299785,0.11951576747434595,0.0008370890767002148,-0.08651976747434595
42.12,1.0,0.00102666,7.99418,0.458218,0.0247094,0.0150259,0,0,343.401,13.5222,0.0778399,7.99418,0.00102666,0.014968282009983288,0.1196591406785682,5.76179900167121e-05,-0.0949497406785682
42.14,1.0,0.00102666,8.01079,0.459224,0.011808,0.0148,0,0,343.56,13.5346,0.0778949,8.01079,0.00102666,0.014973964348519993,0.11995328386348048,-0.0001739643485199928,-0.10814528386348048
42.16,1.0,0.00102666,8.03299,0.462809,-0.00182766,0.0148,0,0,343.72,13.5471,0.0779501,8.03299,0.00102666,0.014981558835701014,0.1203467123115979,-0.00018155883570101367,-0.12217437231159789
42.18,1.0,0.00102666,8.03584,0.467739,-0.0127097,0.0151626,0,0,343.88,13.5596,0.0780054,8.03584,0.00102666,0.014982533786242407,0.12039724430083819,0.00018006621375759278,-0.1331069443008382
42.2,1.0,0.00102666,8.03614,0.471205,-0.0179517,0.0149985,0,0,344.041,13.5721,0.0780607,8.03614,0.00102666,0.014982636412384528,0.1204025637790198,1.5863587615471547e-05,-0.1383542637790198
42.22,1.0,0.00102666,8.04964,0.471206,-0.015537,0.0144104,0,0,344.201,13.5847,0.078116,8.04964,0.00102666,0.014987254543276509,0.12064200366174033,-0.0005768545432765088,-0.13617900366174032
42.24,1.0,0.00102666,8.05827,0.468148,-0.00510772,0.0151938,0,0,344.362,13.5973,0.0781715,8.05827,0.00102666,0.014990206679519853,0.12079513277937444,0.0002035933204801478,-0.12590285277937444
42.26,1.0,0.00102666,8.04723,0.463404,0.0108132,0.0154,0,0,344.522,13.6099,0.0782269,8.04723,0.00102666,0.014986430127922392,0.12059925011832091,0.00041356987207760883,-0.10978605011832092
42.28,1.0,0.00102666,8.07041,0.457833,0.0266685,0.0152,0,0,344.683,13.6225,0.0782824,8.07041,0.00102666,0.014994359449075803,0.12101062844141586,0.00020564055092419688,-0.09434212844141586
42.3,1.0,0.00102666,8.07774,0.452505,0.0359838,0.015,0,0,344.844,13.6351,0.0783379,8.07774,0.00102666,0.01499686681120112,0.12114079091551173,3.1331887988799573e-06,-0.08515699091551174
42.32,0.9,0.000923998,8.08045,0.449195,0.0352077,0.015,0,0,345.005,13.6477,0.0783921,8.08045,0.000923998,0.014720329081105422,0.11894688312341832,0.0002796709188945777,-0.08373918312341833
42.34,0.9,0.000923998,8.08328,0.449241,0.0260134,0.0153932,0,0,345.166,13.6604,0.0784408,8.08328,0.000923998,0.01472120032355887,0.11899558415141694,0.00067199967644113,-0.09298218415141693
42.36,0.9,0.000923998,8.08333,0.452459,0.0135876,0.0159893,0,0,345.327,13.6731,0.0784909,8.08333,0.000923998,0.014721215716503262,0.11899644463768232,0.0012680842834967392,-0.10540884463768231
42.38,0.9,0.000923998,8.10108,0.457109,0.00284551,0.0161667,0,0,345.489,13.6858,0.078541,8.10108,0.000923998,0.014726680141893768,0.11930201396389276,0.0014400198581062309,-0.11645650396389276
42.4,0.9,0.000923998,8.10543,0.460923,-0.00409881,0.0167702,0,0,345.65,13.6985,0.0785912,8.10543,0.000923998,0.014728019289654833,0.11937692939094698,0.0020421807103451657,-0.12347573939094697
42.42,0.9,0.000923998,8.11373,0.462731,-0.00819915,0.0177851,0,0,345.812,13.7112,0.0786414,8.11373,0.000923998,0.014730574421884898,0.11951990360408016,0.0030545255781151033,-0.12771905360408015
42.44,0.9,0.000923998,8.12499,0.463115,-0.012192,0.0176005,0,0,345.974,13.724,0.0786917,8.12499,0.000923998,0.014734040733138365,0.11971393361634189,0.002866459266861637,-0.1319059336163419
42.46,0.9,0.000923998,8.15146,0.463352,-0.0184631,0.017035,0,0,346.136,13.7368,0.078742,8.15146,0.000923998,0.014742189113216139,0.12017036486881683,0.0022928108867838626,-0.13863346486881684
42.48,0.9,0.000923998,8.16045,0.464088,-0.0273071,0.0166,0,0,346.299,13.7496,0.0787926,8.16045,0.000923998,0.014744956474683319,0.1203254800638295,0.0018550435253166814,-0.1476325800638295
42.5,0.8,0.000821331,8.15839,0.464902,-0.0369074,0.016408,0,0,346.461,13.7625,0.0788417,8.15839,0.000821331,0.014464178230046778,0.11800440703023134,0.001943821769953221,-0.15491180703023133
42.52,0.8,0.000821331,8.14453,0.464666,-0.0442643,0.0146083,0,0,346.624,13.7753,0.0788852,8.14453,0.000821331,0.014460385783987766,0.11777304582926187,0.00014791421601223313,-0.16203734582926188
42.54,0.8,0.000821331,8.13613,0.462635,-0.0457384,0.0146048,0,0,346.787,13.7882,0.0789301,8.13613,0.000821331,0.014458087294819684,0.11763287778200127,0.00014671270518031541,-0.16337127778200128
42.56,0.891035,0.000914793,8.13875,0.459282,-0.0380555,0.0151821,0,0,346.949,13.801,0.0789762,8.13875,0.000914793,0.014713219416070938,0.11974721452254734,0.00046888058392906273,-0.15780271452254735
42.58,0.9,0.000923998,8.14917,0.455857,-0.019978,0.0148267,0,0,347.111,13.8139,0.0790275,8.14917,0.000923998,0.014741484184460071,0.12013086067147648,8.521581553992859e-05,-0.1401088606714765
42.6,0.9,0.000923998,8.16373,0.453684,0.00725961,0.0140043,0,0,347.274,13.8268,0.0790782,8.16373,0.000923998,0.014745966137077762,0.12038208613224582,-0.0007416661370777608,-0.11312247613224582
42.62,0.9,0.000923998,8.1905,0.453427,0.0403035,0.0149494,0,0,347.437,13.8397,0.0791287,8.1905,0.000923998,0.014754206403221599,0.12084432754558651,0.00019519359677840076,-0.0805408275455865
42.64,0.9,0.000923998,8.18896,0.453906,0.0730834,0.0159734,0,0,347.6,13.8526,0.0791795,8.18896,0.000923998,0.014753732373439287,0.12081772425679937,0.001219667626560712,-0.04773432425679937
42.66,0.9,0.000923998,8.2079,0.452659,0.0965629,0.0162085,0,0,347.763,13.8656,0.0792302,8.2079,0.000923998,0.014759562250313758,0.1211450109943503,0.0014489377496862427,-0.0245821109943503
42.68,0.8,0.000821331,8.2058,0.448332,0.101042,0.015301,0,0,347.927,13.8786,0.0792797,8.2058,0.000821331,0.014477150226882967,0.11879659933175625,0.0008238497731170337,-0.017754599331756243
42.7,0.8,0.000821331,8.18935,0.441733,0.0809043,0.015,0,0,348.091,13.8916,0.0793235,8.18935,0.000821331,0.014472649392743349,0.11852159130446273,0.0005273506072566506,-0.03761729130446273
42.72,0.8,0.000821331,8.21683,0.435364,0.0389556,0.0158052,0,0,348.254,13.9046,0.0793686,8.21683,0.000821331,0.01448016805100091,0.1189810792465058,0.0013250319489990885,-0.0800254792465058
42.74,0.8,0.000821331,8.24215,0.432489,-0.0132691,0.015783,0,0,348.418,13.9176,0.0794138,8.24215,0.000821331,0.014487095456162308,0.11940481381400818,0.0012959045438376907,-0.13267391381400817
42.76,0.8,0.000821331,8.26328,0.435334,-0.0598622,0.0152112,0,0,348.583,13.9307,0.0794592,8.26328,0.000821331,0.014492876305128303,0.1197586949146406,0.0007183236948716965,-0.1796208949146406
42.78,0.8,0.000821331,8.27952,0.443422,-0.0872575,0.0157511,0,0,348.747,13.9439,0.0795047,8.27952,0.000821331,0.014497319202123169,0.12003084428036281,0.0012537807978768318,-0.2072883442803628
42.8,0.8,0.000821331,8.28332,0.454131,-0.0908229,0.0157982,0,0,348.913,13.957,0.0795503,8.28332,0.000821331,0.014498358780938726,0.12009454525732537,0.001299841219061272,-0.21091744525732536
42.82,0.8,0.000821331,8.27792,0.464481,-0.0776755,0.0150205,0,0,349.078,13.9702,0.079596,8.27792,0.000821331,0.014496881482989232,0.12000402516566622,0.0005236185170107693,-0.19767952516566623
42.84,0.8,0.000821331,8.25845,0.472273,-0.0625916,0.014405,0,0,349.243,13.9834,0.0796416,8.25845,0.000821331,0.014491554905842441,0.1196777816121545,-8.655490584244183e-05,-0.1822693816121545
42.86,0.8,0.000821331,8.28055,0.476892,-0.0592392,0.0136001,0,0,349.408,13.9965,0.079687,8.28055,0.000821331,0.014497600983270811,0.12004810982202312,-0.000897500983270811,-0.17928730982202312
42.88,0.8,0.000821331,8.2653,0.478782,-0.0715707,0.0132,0,0,349.573,14.0097,0.0797327,8.2653,0.000821331,0.014493428937248988,0.11979253819504405,-0.0012934289372489877,-0.19136323819504406
42.9,0.8,0.000821331,8.25011,0.478141,-0.0896202,0.0137941,0,0,349.738,14.0229,0.0797782,8.25011,0.000821331,0.014489273212992766,0.11953809782724374,-0.0006951732129927661,-0.20915829782724374
42.92,0.7,0.000718665,8.27929,0.475718,-0.0941923,0.01495,0,0,349.902,14.036,0.0798222,8.27929,0.000718665,0.014212980188351931,0.11767338474362025,0.0007370198116480684,-0.21186568474362028
42.94,0.7,0.000718665,8.30044,0.473115,-0.068778,0.0146103,0,0,350.067,14.0493,0.0798607,8.30044,0.000718665,0.014218042945022914,0.118016012382586,0.0003922570549770854,-0.186794012382586
42.96,0.7,0.000718665,8.31633,0.470605,-0.00951284,0.0153749,0,0,350.233,14.0625,0.0799007,8.31633,0.000718665,0.014221846491489373,0.11827356863256783,0.001153053508510627,-0.12778640863256782
42.98,0.516856,0.000530637,8.32173,0.467074,0.0711757,0.0163663,0,0,350.399,14.0758,0.0799381,8.32173,0.000530637,0.01369984281315181,0.11400639293348983,0.0026664571868481902,-0.04283069293348983
43.0,0.496698,0.000509942,8.31965,0.462586,0.146842,0.0153736,0,0,350.565,14.0891,0.0799648,8.31965,0.000509942,0.013641893783054504,0.11349578161218939,0.0017317062169454958,0.033346218387810614
43.02,0.302779,0.000310853,8.33042,0.458865,0.187105,0.0136278,0,0,350.731,14.1024,0.0799902,8.33042,0.000310853,0.013089067043716856,0.10903742588231977,0.0005387329562831448,0.07806757411768023
43.04,0.1,0.000102666,8.34722,0.457309,0.172066,0.0123985,0,0,350.897,14.1157,0.0800019,8.34722,0.000102666,0.012509638864320523,0.10442070772103355,-0.00011113886432052335,0.06764529227896644
43.06,0.1,0.000102666,8.34722,0.45807,0.101763,0.011802,0,0,351.064,14.1291,0.0800047,8.34722,0.000102666,0.012509638864320523,0.10442070772103355,-0.0007076388643205232,-0.0026577077210335476
43.08,0.1,0.000102666,8.39361,0.460713,-0.00354196,0.0108547,0,0,351.23,14.1424,0.0800105,8.39361,0.000102666,0.012511225033007637,0.10501434354930324,-0.0016565250330076373,-0.10855630354930323
43.1,0.1,0.000102666,8.40823,0.46481,-0.111097,0.00961061,0,0,351.397,14.1558,0.0800163,8.40823,0.000102666,0.012511724897915669,0.10520146063840147,-0.0029011148979156687,-0.21629846063840147
43.12,0.1,0.000102666,8.40297,0.470246,-0.188835,0.00978613,0,0,351.565,14.1693,0.0800221,8.40297,0.000102666,0.01251154505721412,0.10513413776941853,-0.002725415057214119,-0.2939691377694185
43.14,0.1,0.000102666,8.38369,0.476591,-0.217964,0.0111799,0,0,351.733,14.1827,0.0800278,8.38369,0.000102666,0.012510885857180092,0.10488738865198216,-0.0013309858571800923,-0.32285138865198215
43.16,0.1,0.000102666,8.36693,0.482264,-0.197996,0.0125813,0,0,351.9,14.1962,0.0800336,8.36693,0.000102666,0.012510312802770415,0.10467291149888387,7.098719722958488e-05,-0.30266891149888386
43.18,0.1,0.000102666,8.37675,0.485835,-0.143687,0.0140952,0,0,352.067,14.2095,0.0800394,8.37675,0.000102666,0.012510648567886685,0.10479857539104478,0.0015845514321133156,-0.2484855753910448
43.2,0.1,0.000102666,8.39509,0.488191,-0.077781,0.0158121,0,0,352.234,14.2229,0.0800451,8.39509,0.000102666,0.012511275635423072,0.10503328497418388,0.0033008243645769268,-0.1828142849741839
43.22,0.1,0.000102666,8.43326,0.491833,-0.0222537,0.0163991,0,0,352.401,14.2364,0.0800509,8.43326,0.000102666,0.012512580660441041,0.10552184598047103,0.003886519339558959,-0.12777554598047103
43.24,0.1,0.000102666,8.45272,0.497169,0.00969645,0.0163977,0,0,352.57,14.2499,0.0800567,8.45272,0.000102666,0.012513245965437897,0.10577096443697621,0.003884454034562104,-0.09607451443697622
43.26,0.1,0.000102666,8.43368,0.500704,0.0181419,0.0155906,0,0,352.738,14.2634,0.0800625,8.43368,0.000102666,0.01251259501974658,0.10552722236613635,0.003078004980253419,-0.08738532236613634
43.28,0.1,0.000102666,8.49067,0.499085,0.0143931,0.0139174,0,0,352.907,14.2769,0.0800684,8.49067,0.000102666,0.012514543356801537,0.10625685784329411,0.0014028566431984624,-0.0918637578432941
43.3,0.0,0.0,8.49434,0.493849,0.012855,0.0115973,0,0,353.076,14.2905,0.0800727,8.49434,0.0,0.012223040078555169,0.1038266582608743,-0.0006257400785551689,-0.09097165826087429
43.32,-0.094846,-9.7375e-05,8.45114,0.4889,0.0228318,0.0108103,0,0,353.245,14.3041,0.0800699,8.45114,-9.7375e-05,0.011947841489587312,0.10097288112631092,-0.0011375414895873123,-0.07814108112631092
43.34,-0.1,-0.000102666,8.43897,0.485198,0.043705,0.00960628,0,0,353.414,14.3176,0.0800629,8.43897,-0.000102666,0.0119333042792651,0.10070479681358979,-0.0023270242792650993,-0.05699979681358979
43.36,-0.199603,-0.000204925,8.46107,0.481803,0.0642688,0.00979921,0,0,353.582,14.3311,0.0800556,8.46107,-0.000204925,0.01164320896363053,0.09851400606590537,-0.0018439989636305307,-0.034245206065905365
43.38,-0.2,-0.000205333,8.49425,0.479701,0.0695762,0.0107382,0,0,353.751,14.3447,0.0800425,8.49425,-0.000205333,0.011639785905117507,0.09887125142454437,-0.0009015859051175069,-0.02929505142454436
43.4,-0.201799,-0.000207179,8.48909,0.481231,0.051687,0.0112108,0,0,353.92,14.3582,0.0800308,8.48909,-0.000207179,0.01163489826121963,0.09876969848033694,-0.0004240982612196305,-0.04708269848033694
43.42,-0.3,-0.000307999,8.51055,0.486818,0.0140651,0.0123699,0,0,354.09,14.3718,0.0800175,8.51055,-0.000307999,0.011346488557679679,0.09656485819456079,0.001023411442320321,-0.08249975819456079
43.44,-0.3,-0.000307999,8.50285,0.493482,-0.0320617,0.0135965,0,0,354.26,14.3854,0.0799985,8.50285,-0.000307999,0.011347278235081725,0.09648420474116466,0.0022492217649182737,-0.12854590474116467
43.46,-0.3,-0.000307999,8.48612,0.496777,-0.0735539,0.0147991,0,0,354.429,14.399,0.0799809,8.48612,-0.000307999,0.011348994020345247,0.09630892513593221,0.0034501059796547533,-0.1698628251359322
43.48,-0.3,-0.000307999,8.50144,0.494672,-0.100316,0.0152,0,0,354.598,14.4126,0.0799634,8.50144,-0.000307999,0.011347422839341087,0.0964694344232879,0.0038525771606589126,-0.19678543442328789
43.5,-0.3,-0.000307999,8.51895,0.489221,-0.108496,0.0140219,0,0,354.768,14.4262,0.0799458,8.51895,-0.000307999,0.011345627101904086,0.09665282999976582,0.002676272898095914,-0.2051488299997658
43.52,-0.3,-0.000307999,8.5387,0.483818,-0.100363,0.0136042,0,0,354.938,14.4398,0.0799282,8.5387,-0.000307999,0.011343601698435936,0.09685961182243492,0.0022605983015640645,-0.19722261182243492
43.54,-0.3,-0.000307999,8.56111,0.479588,-0.0812281,0.0132002,0,0,355.108,14.4534,0.0799106,8.56111,-0.000307999,0.011341303579917339,0.09709414749106612,0.0018588964200826619,-0.17832224749106612
43.56,-0.3,-0.000307999,8.54448,0.475323,-0.0566299,0.0120016,0,0,355.279,14.4671,0.0798929,8.54448,-0.000307999,0.011343008958913334,0.09692011318925581,0.0006585910410866654,-0.15355001318925582
43.58,-0.3,-0.000307999,8.54704,0.470197,-0.0313795,0.0112495,0,0,355.45,14.4808,0.0798753,8.54704,-0.000307999,0.01134274643234279,0.09694690746709114,-9.324643234279e-05,-0.12832640746709115
43.6,-0.3,-0.000307999,8.55835,0.465425,-0.00928485,0.0108,0,0,355.62,14.4944,0.0798576,8.55835,-0.000307999,0.011341586610370744,0.09706526776686647,-0.0005415866103707437,-0.10635011776686647
43.62,-0.3,-0.000307999,8.57191,0.463178,0.00692426,0.010418,0,0,355.791,14.5081,0.0798399,8.57191,-0.000307999,0.011340196080866968,0.09720714018754438,-0.0009221960808669678,-0.09028288018754438
43.64,-0.3,-0.000307999,8.57222,0.464848,0.0154396,0.0103926,0,0,355.962,14.5217,0.0798222,8.57222,-0.000307999,0.011340164291811077,0.09721038314554875,-0.0009475642918110767,-0.08177078314554875
43.66,-0.3,-0.000307999,8.58329,0.47047,0.0158178,0.0109984,0,0,356.133,14.5354,0.0798045,8.58329,-0.000307999,0.011339029124716467,0.09732617529588761,-0.0003406291247164666,-0.08150837529588761
43.68,-0.3,-0.000307999,8.5859,0.478802,0.00992672,0.0110283,0,0,356.304,14.5491,0.0797868,8.5859,-0.000307999,0.011338761486483636,0.09735347224679985,-0.0003104614864836361,-0.08742675224679985
43.7,-0.3,-0.000307999,8.58611,0.487612,0.00152505,0.0104137,0,0,356.475,14.5628,0.0797691,8.58611,-0.000307999,0.01133873995241924,0.09735566849286635,-0.0009250399524192397,-0.09583061849286635
43.72,-0.299157,-0.000307134,8.59455,0.494336,-0.00598813,0.0108017,0,0,356.646,14.5765,0.0797514,8.59455,-0.000307134,0.011340360437868036,0.09746529480127873,-0.0005386604378680368,-0.10345342480127873
43.74,-0.2,-0.000205333,8.61961,0.497449,-0.0112038,0.0108079,0,0,356.818,14.5902,0.0797351,8.61961,-0.000205333,0.011631215639045109,0.1002565426344696,-0.0008233156390451083,-0.1114603426344696
43.76,-0.2,-0.000205333,8.62758,0.497354,-0.0144468,0.0115703,0,0,356.99,14.6039,0.0797247,8.62758,-0.000205333,0.011630670823455345,0.10034454298302686,-6.0370823455344405e-05,-0.11479134298302686
43.78,-0.2,-0.000205333,8.64089,0.495421,-0.0168853,0.012378,0,0,357.162,14.6177,0.0797128,8.64089,-0.000205333,0.011629760989419575,0.10049148543586572,0.0007482390105804249,-0.11737678543586572
43.8,-0.2,-0.000205333,8.66103,0.492394,-0.0198562,0.0127941,0,0,357.334,14.6315,0.079701,8.66103,-0.000205333,0.01162838431120062,0.1007137853708379,0.0011657156887993798,-0.1205699853708379
43.82,-0.2,-0.000205333,8.6501,0.48794,-0.0243166,0.0122038,0,0,357.507,14.6453,0.079689,8.6501,-0.000205333,0.011629131430688536,0.1005931497885989,0.0005746685693114647,-0.1249097497885989
43.84,-0.2,-0.000205333,8.64454,0.482338,-0.0302372,0.0122011,0,0,357.68,14.659,0.0796771,8.64454,-0.000205333,0.011629511488966203,0.1005317772468279,0.0005715885110337965,-0.1307689772468279
43.86,-0.2,-0.000205333,8.67918,0.477941,-0.0361915,0.0124,0,0,357.852,14.6728,0.0796652,8.67918,-0.000205333,0.011627143696802048,0.1009140730304104,0.0007728563031979517,-0.1371055730304104
43.88,-0.2,-0.000205333,8.67542,0.477246,-0.0399391,0.011827,0,0,358.025,14.6866,0.0796533,8.67542,-0.000205333,0.011627400702777452,0.10087258460488957,0.0001995992972225486,-0.14081168460488958
43.9,-0.2,-0.000205333,8.66962,0.480321,-0.0398561,0.0121783,0,0,358.198,14.7004,0.0796413,8.66962,-0.000205333,0.011627797151084262,0.10080858273698313,0.0005505028489157376,-0.14066468273698313
43.92,-0.1,-0.000102666,8.64761,0.484846,-0.0359874,0.0122,0,0,358.371,14.7142,0.0796309,8.64761,-0.000102666,0.011926172306322019,0.10313288689787335,0.00027382769367798217,-0.13912028689787337
43.94,-0.1,-0.000102666,8.67216,0.487716,-0.0301012,0.0122,0,0,358.544,14.728,0.0796264,8.67216,-0.000102666,0.011925333259111506,0.10341839807633645,0.00027466674088849445,-0.13351959807633645
43.96,-0.1,-0.000102666,8.67778,0.487283,-0.02469,0.0116,0,0,358.717,14.7418,0.0796204,8.67778,-0.000102666,0.011925141188404436,0.10348375170191225,-0.00032514118840443716,-0.12817375170191225
43.98,-0.1,-0.000102666,8.69077,0.484569,-0.0214762,0.0119757,0,0,358.89,14.7556,0.0796145,8.69077,-0.000102666,0.011924697244863698,0.1036348010747441,5.100275513630209e-05,-0.1251110010747441
44.0,-0.00107971,-1.1085e-06,8.69443,0.481705,-0.0206692,0.0122,0,0,359.063,14.7694,0.07961,8.69443,-1.1085e-06,0.012219817476299775,0.10624434766046506,-1.9817476299774026e-05,-0.12691354766046506
44.02,0.0,0.0,8.69444,0.47992,-0.0211252,0.0126,0,0,359.237,14.7833,0.0796114,8.69444,0.0,0.012223040078555169,0.1062724885805932,0.0003769599214448315,-0.1273976885805932
44.04,0.0,0.0,8.71909,0.479162,-0.0209694,0.0124,0,0,359.41,14.7971,0.0796114,8.71909,0.0,0.012223040078555169,0.10657378651852958,0.000176959921444831,-0.12754318651852958
44.06,0.1,0.000102666,8.7579,0.478425,-0.0188262,0.0131913,0,0,359.584,14.811,0.0796129,8.7579,0.000102666,0.012523676991047972,0.10968111071989903,0.0006676230089520275,-0.12850731071989901
44.08,0.1,0.000102666,8.79157,0.475965,-0.0147418,0.0130302,0,0,359.759,14.8249,0.0796204,8.79157,0.000102666,0.012524827528612694,0.1101128979557255,0.0005053724713873064,-0.1248546979557255
44.1,0.0,0.0,8.75897,0.470342,-0.00980595,0.0118198,0,0,359.934,14.8389,0.079625,8.75897,0.0,0.012223040078555169,0.10706124135686236,-0.00040324007855516847,-0.11686719135686235
44.12,0.0,0.0,8.76419,0.46287,-0.00562176,0.0114094,0,0,360.109,14.8529,0.0796235,8.76419,0.0,0.012223040078555169,0.10712504562607242,-0.0008136400785551685,-0.11274680562607242
44.14,0.0,0.0,8.78879,0.458067,-0.00424208,0.0120071,0,0,360.284,14.8668,0.0796235,8.78879,0.0,0.012223040078555169,0.10742573241200488,-0.00021594007855516885,-0.11166781241200488
44.16,0.0,0.0,8.78352,0.459588,-0.00716939,0.0120135,0,0,360.459,14.8808,0.0796235,8.78352,0.0,0.012223040078555169,0.10736131699079089,-0.0002095400785551687,-0.11453070699079089
44.18,0.0,0.0,8.79379,0.466872,-0.0135245,0.012,0,0,360.634,14.8948,0.0796235,8.79379,0.0,0.012223040078555169,0.10748684761239766,-0.00022304007855516832,-0.12101134761239765
44.2,0.0,0.0,8.78623,0.477094,-0.0199338,0.0133772,0,0,360.809,14.9088,0.0796235,8.78623,0.0,0.012223040078555169,0.10739444142940377,0.001154159921444832,-0.12732824142940377
44.22,0.0,0.0,8.80211,0.488313,-0.0231211,0.0138,0,0,360.985,14.9228,0.0796235,8.80211,0.0,0.012223040078555169,0.10758854330585124,0.0015769599214448312,-0.13070964330585125
44.24,0.0,0.0,8.81389,0.499512,-0.0229375,0.0136,0,0,361.16,14.9368,0.0796235,8.81389,0.0,0.012223040078555169,0.10773253071797663,0.0013769599214448307,-0.13067003071797662
44.26,0.0,0.0,8.81389,0.509622,-0.0230051,0.0136,0,0,361.336,14.9508,0.0796235,8.81389,0.0,0.012223040078555169,0.10773253071797663,0.0013769599214448307,-0.13073763071797662
44.28,0.0,0.0,8.83927,0.517595,-0.0277738,0.0137672,0,0,361.512,14.9648,0.0796235,8.83927,0.0,0.012223040078555169,0.10804275147517035,0.0015441599214448317,-0.13581655147517036
44.3,0.0,0.0,8.86117,0.522263,-0.0379646,0.0134,0,0,361.688,14.9789,0.0796235,8.86117,0.0,0.012223040078555169,0.1083104360528907,0.0011769599214448319,-0.14627503605289072
44.32,0.0,0.0,8.86388,0.521824,-0.0489688,0.0134,0,0,361.865,14.993,0.0796235,8.86388,0.0,0.012223040078555169,0.1083435604915036,0.0011769599214448319,-0.1573123604915036
44.34,0.0,0.0,8.83872,0.514734,-0.0540853,0.0135949,0,0,362.042,15.0071,0.0796235,8.83872,0.0,0.012223040078555169,0.10803602880312714,0.0013718599214448315,-0.16212132880312713
44.36,0.093912,9.64161e-05,8.82545,0.501823,-0.0492871,0.0130244,0,0,362.218,15.0212,0.0796249,8.82545,9.64161e-05,0.012507543081339827,0.11038469608721058,0.0005168569186601735,-0.15967179608721058
44.38,0.1,0.000102666,8.843,0.487123,-0.0353895,0.0116792,0,0,362.394,15.0352,0.0796321,8.843,0.000102666,0.012526584826317775,0.11077258961912809,-0.0008473848263177743,-0.14616208961912808
44.4,0.1,0.000102666,8.87779,0.476051,-0.0166747,0.0110007,0,0,362.571,15.0493,0.0796383,8.87779,0.000102666,0.012527773475961897,0.11121894208715977,-0.001527073475961897,-0.12789364208715975
44.42,0.1,0.000102666,8.88598,0.472169,0.00192782,0.0112,0,0,362.748,15.0634,0.0796444,8.88598,0.000102666,0.01252805328944596,0.11132403096895101,-0.0013280532894459594,-0.10939621096895101
44.44,0.1,0.000102666,8.88058,0.474871,0.0167023,0.0112,0,0,362.925,15.0776,0.0796505,8.88058,0.000102666,0.012527868797444785,0.1112547410852122,-0.001327868797444785,-0.0945524410852122
44.46,0.1,0.000102666,8.8722,0.48002,0.0254396,0.0112032,0,0,363.102,15.0917,0.0796567,8.8722,0.000102666,0.012527582490080654,0.11114721736849358,-0.0013243824900806538,-0.08570761736849358
44.48,0.1,0.000102666,8.86702,0.483275,0.0270023,0.0119511,0,0,363.279,15.1059,0.0796628,8.86702,0.000102666,0.0125274055106069,0.1110807552106616,-0.0005763055106069014,-0.0840784552106616
44.5,0.1,0.000102666,8.89686,0.483048,0.0213782,0.0123977,0,0,363.456,15.12,0.0796689,8.89686,0.000102666,0.012528425001887732,0.1114636432622949,-0.00013072500188773296,-0.0900854432622949
44.52,0.1,0.000102666,8.92504,0.48047,0.010143,0.0130019,0,0,363.633,15.1341,0.079675,8.92504,0.000102666,0.012529387734719366,0.11182528670787972,0.00047251226528063385,-0.10168228670787972
44.54,0.1,0.000102666,8.93371,0.477419,-0.00379608,0.0136129,0,0,363.811,15.1484,0.0796811,8.93371,0.000102666,0.012529683925283369,0.11193656258014328,0.0010832160747166319,-0.11573264258014328
44.56,0.1,0.000102666,8.95493,0.475252,-0.0171159,0.0141884,0,0,363.99,15.1626,0.0796873,8.95493,0.000102666,0.012530408840472297,0.11220893403781058,0.0016579911595277028,-0.1293248340378106
44.58,0.187731,0.000192737,8.98159,0.474826,-0.0269595,0.0130736,0,0,364.168,15.1769,0.0796948,8.98159,0.000192737,0.012801779517682603,0.11498033489822289,0.00027182048231739683,-0.1419398348982229
44.6,0.2,0.000205333,8.97779,0.4768,-0.0318513,0.0129994,0,0,364.347,15.1912,0.079708,8.97779,0.000205333,0.012839342436980324,0.11526892013729759,0.00016005756301967593,-0.14712022013729759
44.62,0.2,0.000205333,9.00213,0.481652,-0.032366,0.0135792,0,0,364.527,15.2055,0.0797205,9.00213,0.000205333,0.012841005324780266,0.11559639926436417,0.0007381946752197336,-0.14796239926436416
44.64,0.2,0.000205333,9.011,0.48929,-0.0302931,0.0134055,0,0,364.706,15.2198,0.0797329,9.011,0.000205333,0.012841611299451713,0.11571575941935937,0.000563888700548288,-0.14600885941935937
44.66,0.2,0.000205333,8.99451,0.498587,-0.0269368,0.0132,0,0,364.886,15.2342,0.0797453,8.99451,0.000205333,0.012840484739903409,0.11549386839790861,0.0003595152600965913,-0.1424306683979086
44.68,0.2,0.000205333,8.9739,0.507671,-0.0230091,0.0133429,0,0,365.065,15.2485,0.0797577,8.9739,0.000205333,0.012839076669551731,0.11521659012489029,0.0005038233304482682,-0.13822569012489028
44.7,0.2,0.000205333,8.97497,0.514764,-0.0195996,0.0136,0,0,365.244,15.2628,0.0797701,8.97497,0.000205333,0.012839149772839046,0.11523098403673726,0.0007608502271609537,-0.13483058403673726
44.72,0.3,0.000307999,8.99377,0.518656,-0.0180515,0.0132277,0,0,365.423,15.2771,0.079784,8.99377,0.000307999,0.013149129749712699,0.11826024866907357,7.857025028730133e-05,-0.13631174866907358
44.74,0.3,0.000307999,9.01623,0.519073,-0.0192336,0.0135928,0,0,365.603,15.2915,0.0798041,9.01623,0.000307999,0.013151431362444144,0.11857632999300977,0.00044136863755585634,-0.13780992999300976
44.76,0.3,0.000307999,9.0029,0.516788,-0.0232648,0.0136035,0,0,365.783,15.3059,0.0798227,9.0029,0.000307999,0.013150065366283287,0.11838872348611182,0.0004534346337167119,-0.14165352348611182
44.78,0.3,0.000307999,9.00535,0.512745,-0.0292661,0.0136,0,0,365.962,15.3202,0.0798413,9.00535,0.000307999,0.013150316433028695,0.11842320209017496,0.0004496835669713043,-0.14768930209017495
44.8,0.3,0.000307999,9.02477,0.507247,-0.0351086,0.0130047,0,0,366.142,15.3346,0.0798599,9.02477,0.000307999,0.013152306486451633,0.1186965410097341,-0.00014760648645163396,-0.1538051410097341
44.82,0.3,0.000307999,9.05454,0.500253,-0.0380723,0.0129868,0,0,366.322,15.349,0.0798785,9.05454,0.000307999,0.013155357029937741,0.11911570644185246,-0.00016855702993774126,-0.15718800644185246
44.84,0.3,0.000307999,9.06649,0.492335,-0.0363614,0.0128066,0,0,366.502,15.3635,0.0798972,9.06649,0.000307999,0.013156581510046842,0.11928401469502459,-0.0003499815100468425,-0.15564541469502458
44.86,0.3,0.000307999,9.09143,0.485105,-0.0299099,0.0122036,0,0,366.683,15.378,0.079916,9.09143,0.000307999,0.013159136959976255,0.11963537253203693,-0.0009555369599762546,-0.14954527253203692
44.88,0.3,0.000307999,9.08915,0.480096,-0.0195561,0.0118,0,0,366.865,15.3925,0.0799348,9.08915,0.000307999,0.013158903346528904,0.11960324635210319,-0.0013589033465289044,-0.1391593463521032
44.9,0.3,0.000307999,9.0806,0.477781,-0.0058034,0.0128077,0,0,367.046,15.407,0.0799535,9.0806,0.000307999,0.013158027288446788,0.1194827825954699,-0.00035032728844678826,-0.12528618259546992
44.92,0.3,0.000307999,9.08871,0.478248,0.0109487,0.0139824,0,0,367.227,15.4215,0.0799723,9.08871,0.000307999,0.013158858263133084,0.11959704668472029,0.000823541736866917,-0.10864834668472029
44.94,0.3,0.000307999,9.09439,0.481729,0.0287922,0.0138042,0,0,367.408,15.4361,0.0799911,9.09439,0.000307999,0.013159440246326842,0.11967708178179239,0.0006447597536731586,-0.09088488178179238
44.96,0.3,0.000307999,9.11389,0.487928,0.0434455,0.0142,0,0,367.59,15.4506,0.0800098,9.11389,0.000307999,0.013161438211367522,0.11995190010020033,0.0010385617886324791,-0.07650640010020034
44.98,0.3,0.000307999,9.11131,0.495485,0.0496914,0.0132828,0,0,367.772,15.4652,0.0800287,9.11131,0.000307999,0.013161173868839937,0.11991553508290001,0.00012162613116006339,-0.07022413508290001
45.0,0.396846,0.000407428,9.11384,0.502453,0.0445772,0.0131967,0,0,367.953,15.4798,0.080049,9.11384,0.000407428,0.0134643674734667,0.12271209085437974,-0.0002676674734666991,-0.07813489085437975
45.02,0.4,0.000410666,9.14721,0.507398,0.0300017,0.0137998,0,0,368.135,15.4943,0.0800755,9.14721,0.000410666,0.013478791408739869,0.1232933355619394,0.0003210085912601305,-0.0932916355619394
45.04,0.4,0.000410666,9.16128,0.5099,0.0119677,0.0141884,0,0,368.318,15.509,0.0801007,9.16128,0.000410666,0.013480713400623501,0.12350059006286407,0.0007076865993764989,-0.11153289006286407
45.06,0.492087,0.000505208,9.17973,0.510183,-0.00307845,0.0128633,0,0,368.5,15.5237,0.0801274,9.17973,0.000505208,0.013773350765952477,0.12643564122673692,-0.0009100507659524776,-0.12951409122673693
45.08,0.5,0.000513332,9.16489,0.508683,-0.0113709,0.0129566,0,0,368.683,15.5384,0.0801601,9.16489,0.000513332,0.013795746657233595,0.1264365005814136,-0.0008391466572335946,-0.13780740058141358
45.1,0.5,0.000513332,9.13889,0.505964,-0.0129068,0.013,0,0,368.866,15.5531,0.0801917,9.13889,0.000513332,0.01379130707541272,0.12603723831841857,-0.000791307075412721,-0.13894403831841856
45.12,0.6,0.000615999,9.18223,0.502927,-0.0110956,0.0128,0,0,369.048,15.5677,0.0802248,9.18223,0.000615999,0.014113842793964436,0.12959655071802406,-0.001313842793964435,-0.14069215071802407
45.14,0.6,0.000615999,9.19978,0.500834,-0.0110815,0.0140908,0,0,369.232,15.5824,0.0802643,9.19978,0.000615999,0.014117438629827644,0.12987732955791578,-2.6638629827643867e-05,-0.14095882955791578
45.16,0.6,0.000615999,9.19725,0.500585,-0.0169933,0.0147919,0,0,369.415,15.5972,0.0803023,9.19725,0.000615999,0.014116920262123524,0.1298368448808156,0.0006749797378764761,-0.14683014488081558
45.18,0.6,0.000615999,9.19469,0.502232,-0.0292675,0.015,0,0,369.599,15.612,0.0803403,9.19469,0.000615999,0.014116395745586761,0.12979588279798912,0.0008836042544132384,-0.15906338279798912
45.2,0.6,0.000615999,9.21126,0.505395,-0.0438438,0.015,0,0,369.782,15.6267,0.0803783,9.21126,0.000615999,0.014119790721972102,0.13006106348567273,0.0008802092780278974,-0.17390486348567274
45.22,0.6,0.000615999,9.22484,0.509002,-0.0541412,0.0148046,0,0,369.966,15.6415,0.0804163,9.22484,0.000615999,0.01412257301784939,0.13027847647797777,0.0006820269821506096,-0.18441967647797777
45.24,0.6,0.000615999,9.22502,0.510825,-0.0545251,0.0144016,0,0,370.15,15.6564,0.0804544,9.22502,0.000615999,0.014122609896171685,0.13028135874438174,0.00027899010382831553,-0.18480645874438173
45.26,0.6,0.000615999,9.23029,0.508976,-0.042945,0.0149646,0,0,370.334,15.6712,0.0804925,9.23029,0.000615999,0.014123689606676319,0.13036575093960837,0.0008409103933236812,-0.17331075093960835
45.28,0.6,0.000615999,9.23056,0.503722,-0.0211643,0.0146622,0,0,370.518,15.6861,0.0805307,9.23056,0.000615999,0.014123744923661707,0.13037007494255481,0.0005384550763382935,-0.1515343749425548
45.3,0.6,0.000615999,9.25501,0.497076,0.00667756,0.0138087,0,0,370.702,15.7009,0.0805688,9.25501,0.000615999,0.014128754082439304,0.1307617603205166,-0.0003200540824393038,-0.12408420032051659
45.32,0.6,0.000615999,9.27685,0.491215,0.0347769,0.0132166,0,0,370.887,15.7158,0.080607,9.27685,0.000615999,0.014133228351032399,0.1311118394282749,-0.0009166283510323985,-0.0963349394282749
45.34,0.6,0.000615999,9.25087,0.48746,0.0559606,0.0131912,0,0,371.072,15.7308,0.0806454,9.25087,0.000615999,0.014127905920000966,0.13069542103815934,-0.0009367059200009655,-0.07473482103815934
45.36,0.6,0.000615999,9.28801,0.48562,0.0643759,0.0128,0,0,371.256,15.7457,0.0806836,9.28801,0.000615999,0.014135514591000441,0.131290800876358,-0.0013355145910004407,-0.066914900876358
45.38,0.6,0.000615999,9.28386,0.484272,0.05894,0.0135282,0,0,371.441,15.7607,0.0807219,9.28386,0.000615999,0.014134664426031517,0.13122424567825697,-0.0006064644260315166,-0.07228424567825698
45.4,0.6,0.000615999,9.27781,0.48273,0.0433007,0.0136,0,0,371.626,15.7757,0.0807603,9.27781,0.000615999,0.014133425018488983,0.13112723197078727,-0.0005334250184889835,-0.08782653197078727
45.42,0.6,0.000615999,9.28854,0.482117,0.0231235,0.0136,0,0,371.812,15.7907,0.0807986,9.28854,0.000615999,0.01413562316586668,0.13129930120107927,-0.0005356231658666805,-0.10817580120107927
45.44,0.6,0.000615999,9.32426,0.484038,0.00331715,0.0137916,0,0,371.997,15.8057,0.080837,9.32426,0.000615999,0.014142940483116574,0.13187245422910457,-0.00035134048311657486,-0.12855530422910458
45.46,0.696031,0.000714591,9.31412,0.489013,-0.013925,0.0141933,0,0,372.183,15.8207,0.080877,9.31412,0.000714591,0.014447815269132983,0.1345686851545369,-0.0002545152691329818,-0.1484936851545369
45.48,0.7,0.000718665,9.32146,0.49605,-0.0289975,0.0149656,0,0,372.369,15.8358,0.0809233,9.32146,0.000718665,0.014462253262917606,0.13480931530015594,0.0005033467370823951,-0.16380681530015595
45.5,0.8,0.000821331,9.36126,0.503294,-0.0426547,0.0159007,0,0,372.554,15.8509,0.0809699,9.36126,0.000821331,0.014793009837315192,0.1384812112696652,0.001107690162684808,-0.1811359112696652
45.52,0.8,0.000821331,9.37747,0.50919,-0.053699,0.0156151,0,0,372.741,15.866,0.081023,9.37747,0.000821331,0.014797436907054071,0.13876252067279235,0.0008176630929459285,-0.19246152067279235
45.54,0.8,0.000821331,9.37778,0.512959,-0.0585895,0.0152,0,0,372.928,15.8812,0.0810747,9.37778,0.000821331,0.014797521569161089,0.13876790182084747,0.00040247843083891094,-0.1973574018208475
45.56,0.8,0.000821331,9.3389,0.514117,-0.0536354,0.0154998,0,0,373.115,15.8964,0.0811263,9.3389,0.000821331,0.014786902961815711,0.13809340807010076,0.0007128970381842879,-0.19172880807010076
45.58,0.8,0.000821331,9.40804,0.511887,-0.0379605,0.0152879,0,0,373.302,15.9116,0.0811778,9.40804,0.000821331,0.014805785472668233,0.13929342195828165,0.0004821145273317673,-0.17725392195828166
45.6,0.8,0.000821331,9.38942,0.505446,-0.0145762,0.0144171,0,0,373.489,15.9268,0.0812296,9.38942,0.000821331,0.01480070046308802,0.1389699929421279,-0.0003836004630880189,-0.1535461929421279
45.62,0.8,0.000821331,9.36945,0.49513,0.010878,0.0138,0,0,373.676,15.9421,0.0812813,9.36945,0.000821331,0.014795246601228934,0.13862332326788446,-0.0009952466012289347,-0.12774532326788446
45.64,0.8,0.000821331,9.38352,0.483136,0.0319585,0.0136,0,0,373.863,15.9573,0.0813329,9.38352,0.000821331,0.014799089175761256,0.13886754926253927,-0.0011990891757612566,-0.10690904926253927
45.66,0.8,0.000821331,9.39941,0.472851,0.042617,0.0136,0,0,374.05,15.9726,0.0813846,9.39941,0.000821331,0.014803428691418836,0.1391434956764091,-0.0012034286914188366,-0.0965264956764091
45.68,0.8,0.000821331,9.43705,0.467283,0.039022,0.0137829,0,0,374.238,15.9879,0.0814364,9.43705,0.000821331,0.014813707613234438,0.13979769943147405,-0.001030807613234437,-0.10077569943147405
45.7,0.8,0.000821331,9.41687,0.467217,0.0221895,0.0137934,0,0,374.426,16.0032,0.0814883,9.41687,0.000821331,0.014808196837088738,0.13944686454927582,-0.001014796837088737,-0.11725736454927582
45.72,0.8,0.000821331,9.4276,0.470943,-0.00184428,0.0137931,0,0,374.614,16.0186,0.0815402,9.4276,0.000821331,0.014811127020225958,0.13963338109588225,-0.0010180270202259575,-0.14147766109588225
45.74,0.8,0.000821331,9.44163,0.475888,-0.0252953,0.0149965,0,0,374.802,16.034,0.0815921,9.44163,0.000821331,0.014814958298639304,0.13987735472118182,0.00018154170136069556,-0.1651726547211818
45.76,0.800762,0.000822114,9.44451,0.479702,-0.0419682,0.0151005,0,0,374.99,16.0494,0.0816441,9.44451,0.000822114,0.014818216456812574,0.1399507935085309,0.0002822835431874251,-0.1819189935085309
45.78,0.9,0.000923998,9.46247,0.480342,-0.0486471,0.0154,0,0,375.179,16.0648,0.0816978,9.46247,0.000923998,0.015145352344007728,0.1433124421946028,0.00025464765599227286,-0.1919595421946028
45.8,0.9,0.000923998,9.47482,0.477039,-0.0454627,0.0150124,0,0,375.367,16.0802,0.0817581,9.47482,0.000923998,0.015149146201724684,0.14353543341502506,-0.00013674620172468392,-0.18899813341502505
45.82,0.9,0.000923998,9.48613,0.47174,-0.0354436,0.0146,0,0,375.556,16.0957,0.0818168,9.48613,0.000923998,0.015152620507543506,0.14373972797522366,-0.0005526205075435057,-0.17918332797522366
45.84,0.9,0.000923998,9.48881,0.468023,-0.0225621,0.0149789,0,0,375.745,16.1112,0.0818756,9.48881,0.000923998,0.015153443763947227,0.1437881487217801,-0.00017454376394722762,-0.16635024872178011
45.86,0.9,0.000923998,9.4807,0.467942,-0.00974922,0.0148069,0,0,375.935,16.1268,0.0819344,9.4807,0.000923998,0.015150952480378947,0.1436416351807287,-0.00034405248037894763,-0.1533908551807287
45.88,0.9,0.000923998,9.48555,0.470957,0.00101173,0.015,0,0,376.124,16.1423,0.0819931,9.48555,0.000923998,0.015152442339623665,0.14372924943461726,-0.00015244233962366516,-0.14271751943461727
45.9,0.9,0.000923998,9.48069,0.475532,0.00736839,0.0146182,0,0,376.313,16.1579,0.0820519,9.48069,0.000923998,0.015150949408491647,0.14364145454759267,-0.0005327494084916475,-0.13627306454759266
45.92,0.9,0.000923998,9.4778,0.480292,0.00680541,0.0144,0,0,376.502,16.1734,0.0821106,9.4778,0.000923998,0.015150061630895455,0.14358925412530094,-0.0007500616308954555,-0.13678384412530092
45.94,0.9,0.000923998,9.52508,0.484129,-0.00119824,0.0149967,0,0,376.691,16.189,0.0821693,9.52508,0.000923998,0.015164585006073598,0.14444388534965152,-0.00016788500607359778,-0.1456421253496515
45.96,0.9,0.000923998,9.53562,0.486631,-0.0142401,0.0149835,0,0,376.881,16.2046,0.0822284,9.53562,0.000923998,0.015167822503952792,0.1446345916251423,-0.0001843225039527916,-0.1588746916251423
45.98,0.9,0.000923998,9.53871,0.488259,-0.0284591,0.0159289,0,0,377.071,16.2203,0.0822875,9.53871,0.000923998,0.015168771626632917,0.14469051360267968,0.0007601283733670826,-0.17314961360267966
46.0,0.9,0.000923998,9.5554,0.489516,-0.0396385,0.0163965,0,0,377.261,16.236,0.0823466,9.5554,0.000923998,0.015173898031834374,0.1449926652533902,0.0012226019681656278,-0.18463116525339018
46.02,0.9,0.000923998,9.57408,0.490599,-0.0437385,0.0164,0,0,377.452,16.2517,0.0824058,9.57408,0.000923998,0.015179635501921755,0.14533104466623903,0.0012203644980782469,-0.18906954466623904
46.04,0.9,0.000923998,9.57199,0.491549,-0.0386843,0.0168,0,0,377.643,16.2675,0.0824651,9.57199,0.000923998,0.015178993577750495,0.14529317473629194,0.001621006422249504,-0.18397747473629195
46.06,0.9,0.000923998,9.55868,0.49171,-0.0257163,0.0164209,0,0,377.834,16.2833,0.0825244,9.55868,0.000923998,0.015174905480866582,0.1450520655218498,0.001245994519133417,-0.1707683655218498
46.08,0.9,0.000923998,9.58883,0.489958,-0.0083055,0.0158639,0,0,378.024,16.2991,0.0825836,9.58883,0.000923998,0.015184165763139301,0.14559838419456303,0.000679734236860699,-0.15390388419456302
46.1,0.9,0.000923998,9.56992,0.486246,0.00962359,0.0158,0,0,378.216,16.3149,0.082643,9.56992,0.000923998,0.015178357794146755,0.1452556698213609,0.0006216422058532463,-0.1356320798213609
46.12,1.0,0.00102666,9.58007,0.48192,0.0243976,0.016565,0,0,378.406,16.3307,0.082704,9.58007,0.00102666,0.015510176272121852,0.14858857439926637,0.0010548237278781483,-0.12419097439926638
46.14,1.0,0.00102666,9.60472,0.478365,0.0328355,0.0166248,0,0,378.597,16.3465,0.0827716,9.60472,0.00102666,0.015518588203061958,0.14905169448571326,0.001106211796938041,-0.11621619448571327
46.16,1.0,0.00102666,9.60823,0.476098,0.032998,0.0158279,0,0,378.789,16.3624,0.0828377,9.60823,0.00102666,0.015519785978687719,0.1491176732340067,0.00030811402131228,-0.11611967323400671
46.18,1.0884,0.00111742,9.59787,0.474936,0.0252065,0.0158,0,0,378.981,16.3784,0.0829053,9.59787,0.00111742,0.015807381133743702,0.15171718916212468,-7.381133743700891e-06,-0.12651068916212468
46.2,1.1,0.00112933,9.61879,0.474405,0.0120886,0.0150343,0,0,379.172,16.3943,0.0829789,9.61879,0.00112933,0.015853437568277718,0.15249088674737404,-0.0008191375682777176,-0.14040228674737404
46.22,1.2,0.001232,9.63893,0.473988,-0.00251085,0.0148063,0,0,379.364,16.4102,0.0830536,9.63893,0.001232,0.016191732701182814,0.15607097808541207,-0.0013854327011828139,-0.15858182808541207
46.24,1.20296,0.00123504,9.6471,0.473261,-0.0146798,0.0158059,0,0,379.556,16.4262,0.0831349,9.6471,0.00123504,0.016204879239080195,0.15633009050733054,-0.00039897923908019384,-0.17100989050733054
46.26,1.3,0.00133466,9.63918,0.472007,-0.0213669,0.0161857,0,0,379.748,16.4423,0.0832165,9.63918,0.00133466,0.016522546887583672,0.15926380350785876,-0.0003368468875836715,-0.18063070350785876
46.28,1.38387,0.00142077,9.66156,0.470361,-0.0212352,0.0167355,0,0,379.941,16.4583,0.0833057,9.66156,0.00142077,0.016810512145884686,0.16241577172819363,-7.501214588468558e-05,-0.18365097172819364
46.3,1.4,0.00143733,9.66927,0.469022,-0.0148265,0.0168,0,0,380.133,16.4744,0.0833995,9.66927,0.00143733,0.01686766525603296,0.1630980096302018,-6.76652560329602e-05,-0.1779245096302018
46.32,1.5,0.00154,9.65027,0.469098,-0.00384741,0.0167941,0,0,380.326,16.4905,0.0834946,9.65027,0.00154,0.01718971153565752,0.16588535754120973,-0.0003956115356575224,-0.16973276754120972
46.34,1.6,0.00164266,9.66389,0.471107,0.0094319,0.0165999,0,0,380.518,16.5066,0.0835976,9.66389,0.00164266,0.017528237867291525,0.16939096264333992,-0.0009283378672915246,-0.15995906264333992
46.36,1.6,0.00164266,9.66666,0.474154,0.0224645,0.0164,0,0,380.711,16.5228,0.0837057,9.66666,0.00164266,0.017529750124671516,0.16945413434015716,-0.001129750124671515,-0.14698963434015716
46.38,1.7,0.00174533,9.66409,0.476417,0.0326599,0.0169726,0,0,380.904,16.539,0.0838138,9.66409,0.00174533,0.017859941506851246,0.17260008211694605,-0.0008873415068512448,-0.13994018211694606
46.4,1.7,0.00174533,9.69324,0.476286,0.0372283,0.0175729,0,0,381.097,16.5552,0.0839286,9.69324,0.00174533,0.017876849981705703,0.17328459731666898,-0.0003039499817057041,-0.136056297316669
46.42,1.7,0.00174533,9.69717,0.473598,0.0338893,0.0174084,0,0,381.29,16.5715,0.084042,9.69717,0.00174533,0.017879129515711762,0.17337695836587463,-0.0004707295157117611,-0.13948765836587462
46.44,1.7,0.00174533,9.70552,0.470061,0.0233042,0.0181961,0,0,381.483,16.5878,0.0841555,9.70552,0.00174533,0.01788397274922438,0.1735732551970522,0.00031212725077562134,-0.1502690551970522
46.46,1.7,0.00174533,9.71944,0.467699,0.0100191,0.0184002,0,0,381.677,16.6041,0.0842691,9.71944,0.00174533,0.017892046583554776,0.17390067324606565,0.0005081534164452228,-0.16388157324606564
46.48,1.7,0.00174533,9.73771,0.467397,-0.000244398,0.0178229,0,0,381.871,16.6205,0.0843829,9.73771,0.00174533,0.01790264319674854,0.17433074768341023,-7.974319674854125e-05,-0.17457514568341023
46.5,1.7,0.00174533,9.71689,0.469235,-0.00373449,0.0183926,0,0,382.065,16.6369,0.0844968,9.71689,0.00174533,0.0178905675551297,0.17384067697076422,0.0005020324448702998,-0.17757516697076423
46.52,1.7,0.00174533,9.71398,0.472522,0.000491516,0.0186134,0,0,382.258,16.6533,0.0846106,9.71398,0.00174533,0.017888879714742324,0.17377221977141263,0.0007245202852576745,-0.17328070377141264
46.54,1.7,0.00174533,9.74369,0.475485,0.0110855,0.0184102,0,0,382.452,16.6698,0.0847242,9.74369,0.00174533,0.017906111528390042,0.1744715998380588,0.0005040884716099592,-0.1633860998380588
46.56,1.6,0.00164266,9.73627,0.476727,0.0252963,0.0172223,0,0,382.646,16.6863,0.0848366,9.73627,0.00164266,0.01756775073220674,0.1710443644214625,-0.0003454507322067403,-0.14574806442146251
46.58,1.6,0.00164266,9.73611,0.476416,0.0399926,0.0167678,0,0,382.84,16.7028,0.0849422,9.73611,0.00164266,0.01756766339226836,0.1710407032300979,-0.0007998633922683615,-0.1310481032300979
46.6,1.6,0.00164266,9.76857,0.475043,0.052063,0.017791,0,0,383.035,16.7193,0.0850494,9.76857,0.00164266,0.01758538198705603,0.17178403491729594,0.00020561801294396997,-0.11972103491729594
46.62,1.6,0.00164266,9.77499,0.472694,0.0580193,0.0174007,0,0,383.229,16.7359,0.085157,9.77499,0.00164266,0.01758888628609021,0.17193118755766895,-0.000188186286090207,-0.11391188755766896
46.64,1.6,0.00164266,9.78616,0.469949,0.0545762,0.0169938,0,0,383.424,16.7526,0.0852647,9.78616,0.00164266,0.017594983236658313,0.17218732115125612,-0.0006011832366583127,-0.11761112115125613
46.66,1.6,0.00164266,9.7888,0.467408,0.0410472,0.016613,0,0,383.619,16.7693,0.0853725,9.7888,0.00164266,0.017596424217539902,0.17224787738065458,-0.0009834242175399029,-0.13120067738065458
46.68,1.6,0.00164266,9.79896,0.46459,0.0208492,0.0167648,0,0,383.815,16.786,0.0854803,9.79896,0.00164266,0.01760196974893094,0.1724809974909843,-0.0008371697489309403,-0.15163179749098432
46.7,1.7,0.00174533,9.84299,0.460782,0.000266728,0.0175888,0,0,384.01,16.8027,0.0855899,9.84299,0.00174533,0.017963699132152282,0.1768165109207836,-0.00037489913215228016,-0.1765497829207836
46.72,1.7,0.00174533,9.82247,0.456385,-0.014218,0.0177952,0,0,384.206,16.8196,0.0857068,9.82247,0.00174533,0.01795179966975511,0.17633101370217946,-0.00015659966975510933,-0.19054901370217947
46.74,1.7,0.00174533,9.84995,0.452438,-0.0187177,0.0178,0,0,384.402,16.8364,0.0858218,9.84995,0.00174533,0.017967735110250457,0.17698129244921149,-0.0001677351102504568,-0.1956989924492115
46.76,1.7,0.00174533,9.83613,0.449389,-0.0137219,0.0169985,0,0,384.598,16.8533,0.0859371,9.83613,0.00174533,0.017959721094207834,0.1766541514463705,-0.0009612210942078342,-0.19037605144637051
46.78,1.7,0.00174533,9.84393,0.447381,-0.00336528,0.0167767,0,0,384.794,16.8702,0.0860522,9.84393,0.00174533,0.017964244224016327,0.17683876264412104,-0.0011875442240163285,-0.18020404264412104
46.8,1.7,0.00174533,9.84168,0.447222,0.00743181,0.0177939,0,0,384.991,16.8872,0.0861674,9.84168,0.00174533,0.017962939481358922,0.17678550223490047,-0.00016903948135892077,-0.16935369223490046
46.82,1.7,0.00174533,9.83896,0.449936,0.0153753,0.0178101,0,0,385.187,16.9041,0.0862826,9.83896,0.00174533,0.017961362185608842,0.176721124089718,-0.0001512621856088435,-0.16134582408971798
46.84,1.7,0.00174533,9.87179,0.455505,0.0191583,0.0178,0,0,385.383,16.9211,0.0863977,9.87179,0.00174533,0.017980399412094485,0.17749872711232023,-0.00018039941209448476,-0.15834042711232024
46.86,1.60147,0.00164418,9.86671,0.462311,0.0186325,0.0178,0,0,385.58,16.9382,0.0865116,9.86671,0.00164418,0.017643958045492455,0.17408781728704084,0.00015604195450754504,-0.15545531728704085
46.88,1.6,0.00164266,9.86919,0.46781,0.014178,0.0176333,0,0,385.776,16.9552,0.0866187,9.86919,0.00164266,0.01764030000289032,0.1740954723855251,-7.0000028903199896e-06,-0.15991747238552512
46.9,1.6,0.00164266,9.8833,0.469866,0.00676246,0.0174,0,0,385.973,16.9723,0.0867273,9.8833,0.00164266,0.01764800041577872,0.17442048250926584,-0.00024800041577872217,-0.16765802250926584
46.92,1.6,0.00164266,9.91301,0.467517,-0.00173313,0.0174115,0,0,386.17,16.9895,0.0868362,9.91301,0.00164266,0.017664213772753908,0.17510552777144722,-0.00025271377275390763,-0.17683865777144722
46.94,1.6,0.00164266,9.90291,0.461091,-0.00888279,0.0170047,0,0,386.368,17.0067,0.0869454,9.90291,0.00164266,0.01765870209037787,0.17487253751782392,-0.0006540020903778691,-0.18375532751782392
46.96,1.6,0.00164266,9.93029,0.452213,-0.0127236,0.0164076,0,0,386.565,17.0239,0.0870545,9.93029,0.00164266,0.017673643433761394,0.17550440465384642,-0.0012660434337613928,-0.18822800465384643
46.98,1.6,0.00164266,9.93056,0.443264,-0.0122333,0.0164,0,0,386.763,17.0412,0.0871639,9.93056,0.00164266,0.01767379076993653,0.1755106396683009,-0.001273790769936528,-0.1877439396683009
47.0,1.6,0.00164266,9.91133,0.43643,-0.00678043,0.0164042,0,0,386.961,17.0585,0.0872732,9.91133,0.00164266,0.01766329698485193,0.17506676530487247,-0.0012590969848519304,-0.18184719530487248
47.02,1.6,0.00164266,9.9192,0.433533,0.00487746,0.0163741,0,0,387.159,17.0758,0.0873824,9.9192,0.00164266,0.017667591676209776,0.17524837535466,-0.0012934916762097765,-0.17037091535466
47.04,1.6,0.00164266,9.93034,0.436303,0.0235622,0.0171923,0,0,387.356,17.0931,0.0874917,9.93034,0.00164266,0.017673670718243564,0.17550555928020278,-0.00048137071824356364,-0.15194335928020278
47.06,1.6,0.00164266,9.93878,0.445213,0.0456666,0.0172,0,0,387.554,17.1105,0.087601,9.93878,0.00164266,0.017678276304355048,0.17570049896819787,-0.0004782763043550478,-0.13003389896819786
47.08,1.5,0.00154,9.94911,0.457355,0.0624038,0.0177095,0,0,387.752,17.1279,0.0877088,9.94911,0.00154,0.01734262879627696,0.17254372158332706,0.0003668712037230397,-0.11013992158332706
47.1,1.5,0.00154,9.96886,0.467218,0.0657508,0.0184,0,0,387.951,17.1454,0.0878098,9.96886,0.00154,0.017352732109522696,0.1729869570173364,0.001047267890477304,-0.10723615701733641
47.12,1.4,0.00143733,9.99443,0.470989,0.0538907,0.0180004,0,0,388.149,17.1629,0.0879111,9.99443,0.00143733,0.017022949084297374,0.1701346730165742,0.000977450915702626,-0.1162439730165742
47.14,1.4,0.00143733,10.0193,0.468697,0.0313135,0.0169937,0,0,388.349,17.1804,0.0880057,10.0193,0.00143733,0.01703482238244611,0.1706769958964423,-4.112238244611058e-05,-0.1393634958964423
47.16,1.30768,0.00134255,9.99282,0.46223,0.00598896,0.0164,0,0,388.548,17.1981,0.0881006,9.99282,0.00134255,0.016705716507420556,0.16693721802968228,-0.0003057165074205545,-0.1609482580296823
47.18,1.3,0.00133466,10.0255,0.453806,-0.0142344,0.0171543,0,0,388.747,17.2157,0.0881889,10.0255,0.00133466,0.016693859726280187,0.167364290685822,0.00046044027371981364,-0.18159869068582202
47.2,1.3,0.00133466,9.99832,0.445848,-0.0247017,0.0170139,0,0,388.947,17.2333,0.0882785,9.99832,0.00133466,0.016681810608213728,0.16679008064031547,0.0003320893917862708,-0.19149178064031547
47.22,1.3,0.00133466,9.99996,0.440381,-0.0250221,0.0164055,0,0,389.147,17.251,0.088368,9.99996,0.00133466,0.01668253765022961,0.1668247092007901,-0.00027703765022961055,-0.19184680920079009
47.24,1.2,0.001232,10.0277,0.438277,-0.0177531,0.0176063,0,0,389.346,17.2686,0.0884557,10.0277,0.001232,0.016350871011816873,0.16396162924519606,0.001255428988183125,-0.18171472924519605
47.26,1.10924,0.00113882,9.99874,0.438511,-0.00628894,0.0191261,0,0,389.546,17.2864,0.0885353,9.99874,0.00113882,0.016027715633362583,0.16025696141192777,0.0030983843666374175,-0.16654590141192777
47.28,1.1,0.00112933,10.0154,0.438136,0.00604691,0.0198,0,0,389.745,17.3041,0.0886099,10.0154,0.00112933,0.01600225988118348,0.16026903361400505,0.00379774011881652,-0.15422212361400506
47.3,1.1,0.00112933,10.0333,0.433928,0.0161443,0.0185993,0,0,389.945,17.3218,0.0886856,10.0333,0.00112933,0.01600897416009348,0.1606228404404659,0.0025903258399065203,-0.1444785404404659
47.32,1.1,0.00112933,9.97307,0.424252,0.0214764,0.017411,0,0,390.145,17.3396,0.0887616,9.97307,0.00112933,0.015986381074841405,0.15943329750606858,0.0014246189251585946,-0.13795689750606857
47.34,1.1,0.00112933,10.0055,0.411162,0.0201333,0.016201,0,0,390.343,17.3573,0.0888371,10.0055,0.00112933,0.015998546305509904,0.16007345505977935,0.00020245369449009565,-0.13994015505977936
47.36,1.1,0.00112933,10.0773,0.401673,0.0108782,0.014465,0,0,390.543,17.3751,0.0889129,10.0773,0.00112933,0.01602547762217451,0.16149354564193918,-0.0015604776221745092,-0.15061534564193918
47.38,1.1,0.00112933,10.0496,0.40312,-0.00534798,0.0134259,0,0,390.744,17.393,0.0889892,10.0496,0.00112933,0.016015088093771286,0.16094522930716393,-0.002589188093771287,-0.16629320930716393
47.4,1.1,0.00112933,10.0885,0.415781,-0.0238184,0.0124112,0,0,390.944,17.4109,0.0890653,10.0885,0.00112933,0.016029678296226153,0.16171540949147756,-0.0036184782962261526,-0.18553380949147755
47.42,1.1,0.00112933,10.0889,0.432763,-0.0376971,0.0122,0,0,391.145,17.4288,0.0891417,10.0889,0.00112933,0.01602982831874151,0.16172333492495122,-0.0038298283187415075,-0.1994204349249512
47.44,1.1,0.00112933,10.0533,0.446669,-0.0422947,0.0123945,0,0,391.346,17.4468,0.089218,10.0533,0.00112933,0.016016475894456615,0.1610184371097407,-0.003621975894456616,-0.2033131371097407
47.46,1.00153,0.00102823,10.0886,0.454216,-0.0373566,0.0137878,0,0,391.546,17.4647,0.0892925,10.0886,0.00102823,0.015688933922146236,0.15827937876696452,-0.0019011339221462371,-0.1956359787669645
47.48,1.0,0.00102666,10.0915,0.45569,-0.0259945,0.0153038,0,0,391.747,17.4827,0.0893603,10.0915,0.00102666,0.01568463063869643,0.15828145009040503,-0.0003808306386964312,-0.18427595009040504
47.5,1.0,0.00102666,10.0971,0.452793,-0.0126822,0.0161892,0,0,391.948,17.5008,0.0894297,10.0971,0.00102666,0.01568653999010386,0.15838856293407766,0.0005026600098961415,-0.17107076293407766
47.52,1.0,0.00102666,10.0999,0.447804,-0.00183675,0.0164,0,0,392.15,17.5188,0.0894993,10.0999,0.00102666,0.015687494658620616,0.15844212730260235,0.0007125053413793853,-0.16027887730260235
47.54,1.0,0.00102666,10.1538,0.443535,0.0033208,0.0150585,0,0,392.351,17.5369,0.0895688,10.1538,0.00102666,0.015705871091830956,0.15947427389223318,-0.000647371091830955,-0.15615347389223316
47.56,1.0,0.00102666,10.1205,0.442512,0.00188125,0.0136114,0,0,392.553,17.5551,0.0896387,10.1205,0.00102666,0.015694518143845492,0.1588363708747883,-0.002083118143845493,-0.1569551208747883
47.58,1.0,0.00102666,10.147,0.445281,-0.00433327,0.0140907,0,0,392.755,17.5732,0.0897084,10.147,0.00102666,0.01570355282742209,0.15934395053985193,-0.0016128528274220889,-0.16367722053985193
47.6,1.0,0.00102666,10.1666,0.449457,-0.0116768,0.0152097,0,0,392.957,17.5914,0.0897782,10.1666,0.00102666,0.015710234806554913,0.1597196731843212,-0.0005005348065549135,-0.1713964731843212
47.62,1.0,0.00102666,10.1639,0.450629,-0.0161298,0.0156,0,0,393.16,17.6096,0.0898482,10.1639,0.00102666,0.01570931434386594,0.15966790005961903,-0.00010931434386594191,-0.17579770005961903
47.64,1.0,0.00102666,10.1722,0.445042,-0.0143618,0.0145987,0,0,393.362,17.6279,0.0899182,10.1722,0.00102666,0.015712143900053068,0.15982707018011982,-0.001113443900053069,-0.17418887018011983
47.66,1.0,0.00102666,10.1616,0.433155,-0.00490872,0.014584,0,0,393.565,17.6462,0.0899882,10.1616,0.00102666,0.015708530242482605,0.15962380091201125,-0.0011245302424826055,-0.16453252091201126
47.68,1.0,0.00102666,10.1767,0.420388,0.0105297,0.0149758,0,0,393.768,17.6645,0.0900581,10.1767,0.00102666,0.01571367797905262,0.15991338668942479,-0.0007378779790526199,-0.14938368668942478
47.7,1.0,0.00102666,10.164,0.412767,0.0270718,0.015,0,0,393.97,17.6828,0.0901282,10.164,0.00102666,0.01570934843515662,0.1596698174949319,-0.0007093484351566211,-0.13259801749493189
47.72,1.0,0.00102666,10.1828,0.412778,0.0386086,0.0159767,0,0,394.173,17.7011,0.0901982,10.1828,0.00102666,0.015715757488449687,0.16003041535338547,0.00026094251155031264,-0.12142181535338548
47.74,1.0,0.00102666,10.1861,0.419841,0.0404708,0.0162,0,0,394.376,17.7194,0.0902683,10.1861,0.00102666,0.015716882459385642,0.16009373641954808,0.000483117540614357,-0.11962293641954808
47.76,1.0,0.00102666,10.2053,0.432524,0.0309268,0.0148207,0,0,394.579,17.7378,0.0903384,10.2053,0.00102666,0.015723427611606076,0.1604622958047235,-0.0009027276116060773,-0.12953549580472348
47.78,1.0,0.00102666,10.2597,0.448569,0.0118041,0.0151464,0,0,394.782,17.7563,0.0904086,10.2597,0.00102666,0.015741970971771952,0.1615078995790887,-0.0005955709717719512,-0.1497037995790887
47.8,1.0,0.00102666,10.2639,0.463255,-0.0111207,0.0154052,0,0,394.987,17.7748,0.0904793,10.2639,0.00102666,0.015743402551977904,0.161588709453246,-0.0003382025519779036,-0.172709409453246
47.82,1.0,0.00102666,10.2478,0.470419,-0.029841,0.015,0,0,395.191,17.7934,0.0905499,10.2478,0.00102666,0.015737914768397147,0.16127900296358028,-0.0007379147683971472,-0.19112000296358028
47.84,1.0,0.00102666,10.2445,0.466545,-0.0380761,0.0151945,0,0,395.395,17.8119,0.0906205,10.2445,0.00102666,0.015736789923332828,0.16121554436958316,-0.0005422899233328282,-0.19929164436958316
47.86,1.0,0.00102666,10.2224,0.452946,-0.0343304,0.0157962,0,0,395.599,17.8305,0.090691,10.2224,0.00102666,0.015729256696131688,0.16079075365053658,6.694330386831232e-05,-0.19512115365053656
47.88,1.0,0.00102666,10.2273,0.434873,-0.0221982,0.0150651,0,0,395.803,17.849,0.0907614,10.2273,0.00102666,0.015730926985267433,0.16088490955642562,-0.0006658269852674332,-0.18308310955642562
47.9,1.0,0.00102666,10.2445,0.419323,-0.00813921,0.015003,0,0,396.007,17.8676,0.0908318,10.2445,0.00102666,0.015736789923332828,0.16121554436958316,-0.0007337899233328272,-0.16935475436958317
47.92,1.0,0.00102666,10.2554,0.411111,0.0022808,0.0157841,0,0,396.211,17.8862,0.0909023,10.2554,0.00102666,0.01574050529497735,0.1614251780021107,4.3594705022648866e-05,-0.1591443780021107
47.94,1.0,0.00102666,10.2445,0.410074,0.00748321,0.0164,0,0,396.415,17.9048,0.0909729,10.2445,0.00102666,0.015736789923332828,0.16121554436958316,0.0006632100766671735,-0.15373233436958317
47.96,1.0,0.00102666,10.2695,0.413175,0.00943568,0.0161988,0,0,396.62,17.9234,0.0910434,10.2695,0.00102666,0.01574531130854264,0.16169647448307867,0.00045348869145735854,-0.15226079448307867
47.98,0.911396,0.000935698,10.2877,0.417614,0.0106331,0.016,0,0,396.824,17.9421,0.0911126,10.2877,0.000935698,0.015438891857095285,0.15883068775823916,0.0005611081429047152,-0.14819758775823916
48.0,0.9,0.000923998,10.3026,0.42094,0.0130295,0.0154055,0,0,397.029,17.9608,0.0911753,10.3026,0.000923998,0.015403251285142633,0.1586935366903105,2.2487148573675786e-06,-0.1456640366903105
48.02,0.9,0.000923998,10.3349,0.420867,0.0183584,0.0151852,0,0,397.234,17.9796,0.091239,10.3349,0.000923998,0.015413158876629827,0.1592934556740816,-0.00022795887662982808,-0.1409350556740816
48.04,0.8,0.000821331,10.309,0.41643,0.0264964,0.0155789,0,0,397.44,17.9985,0.0913012,10.309,0.000821331,0.015051637433868786,0.1551673303057533,0.0005272625661312137,-0.1286709303057533
48.06,0.8,0.000821331,10.3329,0.408503,0.0342276,0.0154149,0,0,397.646,18.0173,0.0913562,10.3329,0.000821331,0.015058153851031531,0.1555943979273237,0.0003567461489684693,-0.12136679792732372
48.08,0.7,0.000718665,10.3076,0.39978,0.0371487,0.015,0,0,397.852,18.0361,0.0914113,10.3076,0.000718665,0.014697729917129919,0.15149832089380835,0.0003022700828700809,-0.11434962089380835
48.1,0.7,0.000718665,10.311,0.39446,0.0325463,0.015,0,0,398.057,18.055,0.0914592,10.311,0.000718665,0.014698541078795988,0.15155665706346544,0.0003014589212040116,-0.11901035706346544
48.12,0.7,0.000718665,10.3164,0.395642,0.0207235,0.0148,0,0,398.262,18.0738,0.0915089,10.3164,0.000718665,0.014699829384006359,0.1516493198571632,0.00010017061599364163,-0.1309258198571632
48.14,0.7,0.000718665,10.3194,0.40243,0.00433334,0.0149886,0,0,398.468,18.0927,0.0915586,10.3194,0.000718665,0.014700545103618269,0.15170080514227838,0.0002880548963817304,-0.1473674651422784
48.16,0.7,0.000718665,10.3303,0.41114,-0.0135538,0.0140376,0,0,398.674,18.1116,0.0916083,10.3303,0.000718665,0.01470314551842383,0.15188790414897368,-0.0006655455184238299,-0.1654417041489737
48.18,0.7,0.000718665,10.3407,0.418224,-0.0306959,0.0137658,0,0,398.879,18.1305,0.0916581,10.3407,0.000718665,0.014705626599688573,0.15206647297939963,-0.0009398265996885726,-0.18276237297939962
48.2,0.7,0.000718665,10.3583,0.420679,-0.0451086,0.0136,0,0,399.085,18.1494,0.091708,10.3583,0.000718665,0.014709825244664566,0.15236878283180896,-0.0011098252446645664,-0.19747738283180896
48.22,0.7,0.000718665,10.3665,0.415907,-0.0541972,0.0136,0,0,399.292,18.1684,0.0917579,10.3665,0.000718665,0.014711781385139372,0.1525096817290473,-0.0011117813851393727,-0.2067068817290473
48.24,0.7,0.000718665,10.3584,0.403437,-0.0551517,0.0136,0,0,399.498,18.1874,0.0918078,10.3584,0.000718665,0.01470984910021392,0.15237050091965584,-0.00110984910021392,-0.20752220091965584
48.26,0.7,0.000718665,10.35,0.386566,-0.0462802,0.0136,0,0,399.705,18.2064,0.0918577,10.35,0.000718665,0.01470784521878013,0.15222619801437434,-0.0011078452187801308,-0.19850639801437434
48.28,0.7,0.000718665,10.3631,0.371204,-0.0281388,0.0136,0,0,399.911,18.2254,0.0919076,10.3631,0.000718665,0.014710970306084509,0.15245125637898435,-0.0011109703060845095,-0.18059005637898434
48.3,0.7,0.000718665,10.3888,0.362224,-0.00389834,0.0134,0,0,400.117,18.2445,0.0919575,10.3888,0.000718665,0.014717100983652667,0.15289301869897082,-0.0013171009836526661,-0.15679135869897082
48.32,0.7,0.000718665,10.3862,0.360769,0.0208011,0.0141813,0,0,400.324,18.2635,0.0920076,10.3862,0.000718665,0.014716480772662442,0.15284831260102666,-0.0005351807726624407,-0.13204721260102667
48.34,0.7,0.000718665,10.3834,0.364895,0.0390587,0.0148033,0,0,400.531,18.2826,0.0920576,10.3834,0.000718665,0.014715812849809426,0.1528001711447112,8.74871501905742e-05,-0.1137414711447112
48.36,0.7,0.000718665,10.4027,0.371854,0.0454948,0.0140007,0,0,400.738,18.3017,0.0921077,10.4027,0.000718665,0.014720416676555857,0.1531320785612076,-0.0007197166765558569,-0.10763727856120761
48.38,0.7,0.000718665,10.4236,0.379138,0.0385245,0.0138231,0,0,400.945,18.3209,0.0921578,10.4236,0.000718665,0.014725401982631559,0.1534917001061583,-0.0009023019826315589,-0.11496720010615831
48.4,0.7,0.000718665,10.4465,0.384251,0.0205519,0.0134129,0,0,401.153,18.3401,0.092208,10.4465,0.000718665,0.01473086413011994,0.15388597213529798,-0.0013179641301199405,-0.13333407213529797
48.42,0.7,0.000718665,10.4417,0.385152,-0.0025333,0.0133995,0,0,401.361,18.3593,0.0922584,10.4417,0.000718665,0.01472971924504099,0.1538033094409445,-0.0013302192450409898,-0.1563366094409445
48.44,0.7,0.000718665,10.4554,0.38182,-0.0229441,0.0136047,0,0,401.569,18.3786,0.0923087,10.4554,0.000718665,0.01473298691090054,0.1540392713482295,-0.00112828691090054,-0.1769833713482295
48.46,0.7,0.000718665,10.4394,0.376883,-0.0349431,0.014366,0,0,401.777,18.3979,0.0923591,10.4394,0.000718665,0.014729170650663731,0.15376370409053894,-0.0003631706506637307,-0.18870680409053894
48.48,0.7,0.000718665,10.4742,0.373374,-0.0375957,0.0147651,0,0,401.985,18.4171,0.0924094,10.4742,0.000718665,0.01473747087185133,0.1543632174059452,2.7629128148669996e-05,-0.1919589174059452
48.5,0.7,0.000718665,10.4591,0.371515,-0.0332426,0.015,0,0,402.194,18.4365,0.0924598,10.4591,0.000718665,0.014733869404952426,0.1541030134933379,0.00026613059504757355,-0.1873456134933379
48.52,0.7,0.000718665,10.4447,0.369203,-0.0249168,0.0148,0,0,402.402,18.4558,0.0925102,10.4447,0.000718665,0.014730434799409373,0.15385497234939105,6.956520059062804e-05,-0.17877177234939104
48.54,0.7,0.000718665,10.428,0.365491,-0.0155774,0.0147946,0,0,402.611,18.4751,0.0925606,10.428,0.000718665,0.014726451496198306,0.15356743620235594,6.814850380169359e-05,-0.16914483620235593
48.56,0.7,0.000718665,10.4524,0.361533,-0.00808936,0.015,0,0,402.818,18.4944,0.0926108,10.4524,0.000718665,0.014732271370733602,0.15398759327545591,0.00026772862926639773,-0.1620769532754559
48.58,0.6,0.000615999,10.4759,0.358565,-0.00509968,0.0140858,0,0,403.027,18.5138,0.0926594,10.4759,0.000615999,0.014378615408486665,0.15062893715776546,-0.0002928154084866647,-0.15572861715776545
48.6,0.6,0.000615999,10.475,0.356642,-0.00827391,0.0139944,0,0,403.235,18.5332,0.0927008,10.475,0.000615999,0.01437843141969002,0.15061406912125294,-0.0003840314196900188,-0.15888797912125294
48.62,0.6,0.000615999,10.4831,0.354807,-0.0167865,0.0142117,0,0,403.444,18.5526,0.0927441,10.4831,0.000615999,0.014380087307771534,0.15074789325609977,-0.00016838730777153296,-0.16753439325609978
48.64,0.6,0.000615999,10.5189,0.351483,-0.0267415,0.0145881,0,0,403.653,18.572,0.0927874,10.5189,0.000615999,0.014387405625021134,0.1513396810290348,0.0002006943749788652,-0.1780811810290348
48.66,0.6,0.000615999,10.5332,0.345254,-0.0325978,0.015593,0,0,403.862,18.5915,0.0928308,10.5332,0.000615999,0.014390328726832918,0.1515762105454765,0.0012026712731670816,-0.1841740105454765
48.68,0.6,0.000615999,10.5125,0.336326,-0.0301434,0.0158,0,0,404.072,18.611,0.0928743,10.5125,0.000615999,0.014386097358360245,0.15123384847976207,0.0014139026416397568,-0.18137724847976205
48.7,0.6,0.000615999,10.5111,0.326902,-0.0190189,0.0162,0,0,404.281,18.6305,0.0929178,10.5111,0.000615999,0.014385811172944964,0.1512106998199418,0.0018141888270550351,-0.17022959981994182
48.72,0.6,0.000615999,10.5407,0.319524,-0.00249636,0.0152364,0,0,404.491,18.6501,0.0929612,10.5407,0.000615999,0.014391861790949138,0.15170029757985756,0.0008445382090508623,-0.15419665757985757
48.74,0.6,0.000615999,10.5197,0.315749,0.0143357,0.015,0,0,404.701,18.6696,0.0930047,10.5197,0.000615999,0.014387569157254615,0.15135291126357137,0.0006124308427453845,-0.13701721126357136
48.76,0.6,0.000615999,10.5194,0.316061,0.0260208,0.0157938,0,0,404.91,18.6892,0.0930481,10.5194,0.000615999,0.014387507832695687,0.15134794989525902,0.0014062921673043127,-0.125327149895259
48.78,0.6,0.000615999,10.5348,0.319688,0.0284996,0.0147193,0,0,405.12,18.7087,0.0930916,10.5348,0.000615999,0.014390655782315614,0.15160268053553855,0.0003286442176843856,-0.12310308053553855
48.8,0.6,0.000615999,10.5496,0.324559,0.0208924,0.0141879,0,0,405.33,18.7283,0.0931351,10.5496,0.000615999,0.014393680999118936,0.15184757706830512,-0.00020578099911893605,-0.13095517706830512
48.82,0.6,0.000615999,10.5361,0.327973,0.00558753,0.0145991,0,0,405.54,18.748,0.0931787,10.5361,0.000615999,0.014390921514174726,0.15162418816549633,0.00020817848582527394,-0.14603665816549632
48.84,0.6,0.000615999,10.5502,0.327984,-0.012898,0.0145964,0,0,405.75,18.7676,0.0932222,10.5502,0.000615999,0.014393803641275642,0.1518575071761863,0.00020259635872435858,-0.16475550717618628
48.86,0.6,0.000615999,10.5742,0.324579,-0.029106,0.0144,0,0,405.96,18.7872,0.0932658,10.5742,0.000615999,0.014398709214453808,0.15225483097547746,1.2907855461916085e-06,-0.18136083097547745
48.88,0.6,0.000615999,10.5646,0.318904,-0.0381093,0.0144,0,0,406.171,18.8069,0.0933094,10.5646,0.000615999,0.014396747011674437,0.15209587347953576,3.252988325562478e-06,-0.19020517347953575
48.9,0.6,0.000615999,10.5903,0.312169,-0.0369269,0.0140169,0,0,406.381,18.8266,0.0933531,10.5903,0.000615999,0.014401999912639941,0.15252149967483075,-0.0003850999126399409,-0.18944839967483074
48.92,0.6,0.000615999,10.5753,0.306106,-0.025143,0.0143936,0,0,406.592,18.8464,0.0933968,10.5753,0.000615999,0.01439893404793163,0.15227304723709137,-5.334047931630087e-06,-0.17741604723709137
48.94,0.6,0.000615999,10.5417,0.302514,-0.00518486,0.0140009,0,0,406.803,18.8661,0.0934405,10.5417,0.000615999,0.014392066197872744,0.15171684423811513,-0.0003911661978727443,-0.15690170423811514
48.96,0.6,0.000615999,10.5469,0.301928,0.0177069,0.0136191,0,0,407.013,18.8858,0.093484,10.5469,0.000615999,0.014393129107708501,0.1518028933860908,-0.0007740291077085008,-0.1340959933860908
48.98,0.6,0.000615999,10.5651,0.304201,0.036573,0.0136,0,0,407.223,18.9055,0.0935276,10.5651,0.000615999,0.014396849210608213,0.15210415159499682,-0.0007968492106082137,-0.11553115159499683
49.0,0.6,0.000615999,10.5802,0.309106,0.0449598,0.0134,0,0,407.433,18.9253,0.0935712,10.5802,0.000615999,0.014399935573237084,0.15235419835196298,-0.0009999355732370832,-0.10739439835196299
49.02,0.6,0.000615999,10.5917,0.315308,0.0395139,0.0144005,0,0,407.644,18.945,0.0936149,10.5917,0.000615999,0.014402286055603458,0.15254469321513514,-1.7860556034577507e-06,-0.11303079321513515
49.04,0.6,0.000615999,10.6223,0.32068,0.0215922,0.0139895,0,0,407.855,18.9649,0.0936586,10.6223,0.000615999,0.014408540134915984,0.15305183587511803,-0.00041904013491598363,-0.13145963587511802
49.06,0.6,0.000615999,10.6276,0.323958,-0.00293231,0.0134128,0,0,408.066,18.9847,0.0937025,10.6276,0.000615999,0.014409623321168977,0.1531397128080554,-0.000996823321168976,-0.1560720228080554
49.08,0.6,0.000615999,10.6455,0.324632,-0.0258633,0.013,0,0,408.278,19.0046,0.0937464,10.6455,0.000615999,0.014413281549367527,0.153436588733792,-0.0014132815493675278,-0.17929988873379202
49.1,0.6,0.000615999,10.6365,0.321964,-0.0405212,0.0139767,0,0,408.49,19.0246,0.0937904,10.6365,0.000615999,0.01441144223220834,0.153287305302884,-0.0004347422322083395,-0.19380850530288402
49.12,0.6,0.000615999,10.6278,0.315632,-0.0443783,0.0144,0,0,408.702,19.0445,0.0938343,10.6278,0.000615999,0.014409664195909892,0.15314302914129116,-9.664195909891982e-06,-0.19752132914129117
49.14,0.6,0.000615999,10.6385,0.307029,-0.0384598,0.0142,0,0,408.914,19.0644,0.0938782,10.6385,0.000615999,0.014411850972056908,0.1533204765662274,-0.00021185097205690673,-0.19178027656622743
49.16,0.6,0.000615999,10.6173,0.298798,-0.0256147,0.0145759,0,0,409.126,19.0844,0.0939221,10.6173,0.000615999,0.014407518251168832,0.15296894352813484,0.00016838174883116765,-0.17858364352813483
49.18,0.6,0.000615999,10.5916,0.292666,-0.00943218,0.0149639,0,0,409.337,19.1043,0.093966,10.5916,0.000615999,0.014402265616845327,0.15254303650737897,0.000561634383154673,-0.16197521650737898
49.2,0.6,0.000615999,10.6354,0.288351,0.00610367,0.0146051,0,0,409.548,19.1242,0.0940097,10.6354,0.000615999,0.014411217424633681,0.15326906179794905,0.0001938825753663182,-0.14716539179794905
49.22,0.6,0.000615999,10.6388,0.284603,0.0164114,0.0147901,0,0,409.76,19.1442,0.0940536,10.6388,0.000615999,0.014411912282901047,0.15332545239532766,0.00037818771709895345,-0.13691405239532767
49.24,0.6,0.000615999,10.6498,0.280141,0.0174196,0.014613,0,0,409.972,19.1642,0.0940976,10.6498,0.000615999,0.014414160323190647,0.15350792460991575,0.00019883967680935262,-0.13608832460991574
49.26,0.6,0.000615999,10.6555,0.274144,0.00833188,0.0134065,0,0,410.184,19.1842,0.0941415,10.6555,0.000615999,0.014415325198409748,0.15360249765165507,-0.0010088251984097484,-0.14527061765165505
49.28,0.6,0.000615999,10.6556,0.267171,-0.00723832,0.0135724,0,0,410.396,19.2042,0.0941855,10.6556,0.000615999,0.014415345634705019,0.1536041569451628,-0.0008429456347050189,-0.1608424769451628
49.3,0.6,0.000615999,10.6666,0.260779,-0.0232994,0.0137977,0,0,410.608,19.2243,0.0942295,10.6666,0.000615999,0.014417593603577498,0.15378670393191976,-0.0006198936035774986,-0.17708610393191976
49.32,0.6,0.000615999,10.6748,0.256024,-0.0345958,0.014183,0,0,410.821,19.2444,0.0942736,10.6748,0.000615999,0.014419269331733486,0.1539228162623886,-0.00023626933173348692,-0.1885186162623886
49.34,0.6,0.000615999,10.6695,0.253238,-0.0385536,0.0140035,0,0,411.033,19.2645,0.0943177,10.6695,0.000615999,0.014418186242119572,0.15383483811029477,-0.00041468624211957184,-0.19238843811029477
49.36,0.6,0.000615999,10.65,0.252289,-0.0355395,0.014,0,0,411.246,19.2846,0.0943617,10.65,0.000615999,0.014414201196217885,0.15351124273972047,-0.00041420119621788515,-0.18905074273972047
49.38,0.6,0.000615999,10.6526,0.252664,-0.0281923,0.0147233,0,0,411.458,19.3047,0.0944057,10.6526,0.000615999,0.014414732544165525,0.15355437989997767,0.00030856745583447524,-0.18174667989997767
49.4,0.6,0.000615999,10.6872,0.254074,-0.0202606,0.015,0,0,411.67,19.3248,0.0944497,10.6872,0.000615999,0.01442180331021205,0.1541286963368982,0.0005781966897879503,-0.1743892963368982
49.42,0.6,0.000615999,10.6725,0.256457,-0.0149279,0.0152,0,0,411.883,19.3449,0.0944938,10.6725,0.000615999,0.014418799313048023,0.15388463566850502,0.0007812006869519772,-0.16881253566850501
49.44,0.6,0.000615999,10.6833,0.259351,-0.0131982,0.014205,0,0,412.095,19.3651,0.0945379,10.6833,0.000615999,0.01442100633953252,0.15406393702712776,-0.00021600633953251965,-0.16726213702712775
49.46,0.6,0.000615999,10.6972,0.262242,-0.013521,0.0142,0,0,412.308,19.3853,0.094582,10.6972,0.000615999,0.014423846797826191,0.15429477396570634,-0.0002238467978261903,-0.16781577396570635
49.48,0.6,0.000615999,10.6972,0.264849,-0.0129597,0.0140198,0,0,412.521,19.4055,0.0946262,10.6972,0.000615999,0.014423846797826191,0.15429477396570634,-0.00040404679782619045,-0.16725447396570634
49.5,0.6,0.000615999,10.7332,0.266316,-0.00891656,0.0142,0,0,412.734,19.4257,0.0946704,10.7332,0.000615999,0.01443120303169023,0.15489298837973758,-0.00023120303169022957,-0.16380954837973757
49.52,0.6,0.000615999,10.6927,0.265258,-0.00100554,0.0136096,0,0,412.948,19.446,0.0947147,10.6927,0.000615999,0.014422927233199632,0.1542200340264337,-0.0008133272331996323,-0.1552255740264337
49.54,0.6,0.000615999,10.7189,0.261159,0.00778054,0.0139843,0,0,413.161,19.4662,0.0947589,10.7189,0.000615999,0.014428281032438843,0.1546553015586087,-0.0004439810324388428,-0.1468747615586087
49.56,0.6,0.000615999,10.7113,0.254944,0.0125889,0.0143926,0,0,413.374,19.4865,0.0948031,10.7113,0.000615999,0.01442672804942492,0.15452901215580514,-3.412804942492034e-05,-0.14194011215580515
49.58,0.6,0.000615999,10.7137,0.248466,0.0102232,0.0142304,0,0,413.588,19.5068,0.0948474,10.7137,0.000615999,0.014427218467538718,0.15456889049566955,-0.00019681846753871746,-0.14434569049566956
49.6,0.6,0.000615999,10.695,0.243583,0.00102329,0.014,0,0,413.801,19.5271,0.0948916,10.695,0.000615999,0.014423397233879177,0.15425823341633782,-0.00042339723387917715,-0.1532349434163378
49.62,0.6,0.000615999,10.7157,0.240869,-0.0125366,0.014,0,0,414.014,19.5474,0.0949358,10.7157,0.000615999,0.014427627147590313,0.1546021242254335,-0.0004276271475903131,-0.16713872422543352
49.64,0.6,0.000615999,10.7167,0.239201,-0.0279271,0.0141909,0,0,414.227,19.5677,0.09498,10.7167,0.000615999,0.014427831487033093,0.15461874169708753,-0.00023693148703309366,-0.18254584169708754
49.66,0.6,0.000615999,10.7439,0.236988,-0.0428108,0.0144,0,0,414.441,19.588,0.0950243,10.7439,0.000615999,0.01443338937067386,0.15507089205958288,-3.338937067385965e-05,-0.1978816920595829
49.68,0.6,0.000615999,10.7489,0.23366,-0.0545059,0.0144,0,0,414.655,19.6084,0.0950687,10.7489,0.000615999,0.014434411009111841,0.15515404049584228,-3.4411009111841306e-05,-0.20965994049584227
49.7,0.502417,0.000515814,10.7773,0.22992,-0.0599095,0.0140031,0,0,414.869,19.6289,0.0951112,10.7773,0.000515814,0.01407961641524963,0.15174024999206984,-7.651641524963025e-05,-0.21164974999206984
49.72,0.5,0.000513332,10.7427,0.22661,-0.0556401,0.0141891,0,0,415.084,19.6493,0.0951467,10.7427,0.000513332,0.014064791627992405,0.151093837022034,0.00012430837200759493,-0.206733937022034
49.74,0.5,0.000513332,10.7335,0.223503,-0.039302,0.0146076,0,0,415.297,19.6698,0.0951836,10.7335,0.000513332,0.014063225092514356,0.15094762653050284,0.0005443749074856442,-0.19024962653050284
49.76,0.5,0.000513332,10.7692,0.219703,-0.0119827,0.0142,0,0,415.511,19.6902,0.0952205,10.7692,0.000513332,0.014069303777597013,0.15151514624169773,0.00013069622240298798,-0.16349784624169775
49.78,0.5,0.000513332,10.7281,0.215104,0.0204664,0.0142,0,0,415.726,19.7107,0.0952576,10.7281,0.000513332,0.014062305591508312,0.1508618206162603,0.0001376944084916891,-0.1303954206162603
49.8,0.404422,0.000415206,10.7521,0.2111,0.04846,0.0136265,0,0,415.939,19.7311,0.0952927,10.7521,0.000415206,0.013714026094669162,0.1474545799724923,-8.752609466916236e-05,-0.09899457997249231
49.82,0.4,0.000410666,10.7689,0.209766,0.0618096,0.0132137,0,0,416.153,19.7515,0.0953208,10.7689,0.000410666,0.013700011565967578,0.14753405455274826,-0.00048631156596757805,-0.08572445455274827
49.84,0.4,0.000410666,10.7749,0.212084,0.0544897,0.013791,0,0,416.368,19.772,0.0953504,10.7749,0.000410666,0.013700828836856959,0.14762506063425004,9.017116314304074e-05,-0.09313536063425004
49.86,0.4,0.000410666,10.7805,0.216913,0.0278931,0.0139941,0,0,416.582,19.7926,0.09538,10.7805,0.000410666,0.013701591614558606,0.14771000840074905,0.00029250838544139443,-0.11981690840074904
49.88,0.4,0.000410666,10.7957,0.221789,-0.00971907,0.0141667,0,0,416.797,19.8131,0.0954097,10.7957,0.000410666,0.013703661969960583,0.14794062352910348,0.0004630380300394178,-0.15765969352910347
49.9,0.4,0.000410666,10.7945,0.224592,-0.0463181,0.0145973,0,0,417.012,19.8337,0.0954394,10.7945,0.000410666,0.01370349852304136,0.14792241480696994,0.0008938014769586406,-0.19424051480696994
49.92,0.4,0.000410666,10.7972,0.224421,-0.070447,0.0138166,0,0,417.227,19.8543,0.0954692,10.7972,0.000410666,0.013703866278081048,0.1479633849776967,0.00011273372191895198,-0.21841038497769671
49.94,0.4,0.000410666,10.8191,0.221586,-0.0755632,0.0134068,0,0,417.442,19.8749,0.0954989,10.8191,0.000410666,0.013706849109709159,0.14829577120285437,-0.0003000491097091586,-0.22385897120285436
49.96,0.4,0.000410666,10.8139,0.217234,-0.0623461,0.0134,0,0,417.657,19.8955,0.0955287,10.8139,0.000410666,0.01370614086879853,0.14821683674110042,-0.00030614086879852953,-0.21056293674110044
49.98,0.4,0.000410666,10.8062,0.212574,-0.0378857,0.0136,0,0,417.873,19.9161,0.0955584,10.8062,0.000410666,0.013705092114466307,0.1480999664073458,-0.0001050921144663073,-0.1859856664073458
50.0,0.4,0.000410666,10.7754,0.208311,-0.0121962,0.0132051,0,0,418.088,19.9368,0.0955882,10.7754,0.000410666,0.013700896942341122,0.14763264491250253,-0.0004957969423411215,-0.15982884491250252
50.02,0.4,0.000410666,10.8017,0.204579,0.00593888,0.0134,0,0,418.302,19.9573,0.0956178,10.8017,0.000410666,0.013704479198917912,0.1480316729629516,-0.0003044791989179115,-0.1420927929629516
50.04,0.4,0.000410666,10.8001,0.20096,0.0114889,0.0134,0,0,418.518,19.978,0.0956476,10.8001,0.000410666,0.013704261272115026,0.1480073921649695,-0.00030426127211502507,-0.1365184921649695
50.06,0.4,0.000410666,10.8081,0.197219,0.00405586,0.0134,0,0,418.733,19.9986,0.0956773,10.8081,0.000410666,0.013705350899442817,0.1481288030562679,-0.0003053508994428165,-0.14407294305626792
50.08,0.4,0.000410666,10.8109,0.194017,-0.0121886,0.0134,0,0,418.948,20.0193,0.0957071,10.8109,0.000410666,0.013705732265057155,0.1481713009443064,-0.0003057322650571546,-0.16035990094430638
50.1,0.4,0.000410666,10.8354,0.191698,-0.0301093,0.0139786,0,0,419.163,20.0399,0.0957368,10.8354,0.000410666,0.013709069126714728,0.14854324761560475,0.0002695308732852727,-0.17865254761560476
50.12,0.4,0.000410666,10.8441,0.189318,-0.0426459,0.0132304,0,0,419.379,20.0607,0.0957667,10.8441,0.000410666,0.013710254015285693,0.14867536556715957,-0.0004798540152856929,-0.19132126556715956
50.14,0.4,0.000410666,10.8418,0.186173,-0.0457026,0.0122144,0,0,419.595,20.0814,0.0957965,10.8418,0.000410666,0.013709940770810738,0.14864043584897585,-0.0014955407708107382,-0.19434303584897586
50.16,0.4,0.000410666,10.8498,0.182636,-0.0391366,0.0123887,0,0,419.811,20.1022,0.0958264,10.8498,0.000410666,0.013711030310832716,0.1487619366664728,-0.0013223303108327155,-0.1878985366664728
50.18,0.4,0.000410666,10.8398,0.178771,-0.0256139,0.0133028,0,0,420.027,20.1229,0.0958562,10.8398,0.000410666,0.01370966838318371,0.1486100633400348,-0.0004068683831837099,-0.1742239633400348
50.2,0.4,0.000410666,10.8141,0.17437,-0.00895915,0.0130067,0,0,420.243,20.1437,0.0958861,10.8141,0.000410666,0.013706168108964299,0.14821987254715083,-0.0006994681089642994,-0.15717902254715083
50.22,0.4,0.000410666,10.8247,0.170248,0.00645723,0.0127906,0,0,420.458,20.1644,0.0959158,10.8247,0.000410666,0.013707611822779865,0.1483807856980452,-0.0009170118227798656,-0.14192355569804518
50.24,0.4,0.000410666,10.836,0.167515,0.0155527,0.0132,0,0,420.673,20.1851,0.0959456,10.836,0.000410666,0.013709150843804627,0.14855235854346693,-0.0005091508438046267,-0.13299965854346693
50.26,0.4,0.000410666,10.8333,0.16647,0.0138074,0.0128,0,0,420.889,20.2059,0.0959755,10.8333,0.000410666,0.013708783116157475,0.14851136013226876,-0.0009087831161574741,-0.13470396013226876
50.28,0.3,0.000307999,10.8433,0.167179,0.000357776,0.0131626,0,0,421.105,20.2267,0.0960034,10.8433,0.000307999,0.013338366977238707,0.14463191464429245,-0.00017576697723870743,-0.14427413864429245
50.3,0.3,0.000307999,10.8833,0.169501,-0.0203231,0.0136002,0,0,421.321,20.2475,0.096024,10.8833,0.000307999,0.013342452607779031,0.14520991446624154,0.0002577473922209684,-0.16553301446624155
50.32,0.3,0.000307999,10.8751,0.171978,-0.0401897,0.014195,0,0,421.537,20.2683,0.0960464,10.8751,0.000307999,0.013341615079206988,0.1450913981478839,0.0008533849207930117,-0.1852810981478839
50.34,0.3,0.000307999,10.8417,0.172537,-0.0516734,0.0136012,0,0,421.754,20.2892,0.0960689,10.8417,0.000307999,0.013338203545466509,0.14460880137888424,0.00026299645453349216,-0.19628220137888425
50.36,0.3,0.000307999,10.8523,0.170333,-0.0515065,0.0136,0,0,421.97,20.31,0.0960913,10.8523,0.000307999,0.013339286271577138,0.14476193640503657,0.0002607137284228612,-0.19626843640503655
50.38,0.3,0.000307999,10.8424,0.165312,-0.0417921,0.0138,0,0,422.186,20.3308,0.0961137,10.8424,0.000307999,0.013338275046928772,0.14461891336882052,0.000461724953071228,-0.18641101336882052
50.4,0.3,0.000307999,10.8389,0.157382,-0.0277065,0.0138,0,0,422.402,20.3516,0.0961361,10.8389,0.000307999,0.01333791753865429,0.14456835440972,0.000462082461345709,-0.17227485440971999
50.42,0.3,0.000307999,10.7981,0.147941,-0.0142319,0.013025,0,0,422.618,20.3725,0.0961584,10.7981,0.000307999,0.013333749836218949,0.14397916410647582,-0.0003087498362189488,-0.1582110641064758
50.44,0.3,0.000307999,10.7945,0.140429,-0.0050189,0.0122,0,0,422.833,20.3932,0.0961807,10.7945,0.000307999,0.013333382082102474,0.14392719288525516,-0.0011333820821024729,-0.14894609288525515
50.46,0.3,0.000307999,10.8277,0.137974,-0.00275716,0.0123985,0,0,423.048,20.4139,0.096203,10.8277,0.000307999,0.01333677349600152,0.14440658238265566,-0.000938273496001521,-0.14716374238265567
50.48,0.3,0.000307999,10.8799,0.141374,-0.00779962,0.0118461,0,0,423.263,20.4347,0.0962254,10.8799,0.000307999,0.01334210534144405,0.14516077190437712,-0.00149600534144405,-0.15296039190437713
50.5,0.3,0.000307999,10.9025,0.149018,-0.0161393,0.0125887,0,0,423.48,20.4557,0.0962478,10.9025,0.000307999,0.013344413598370587,0.14548746925623532,-0.0007557135983705873,-0.16162676925623531
50.52,0.3,0.000307999,10.9108,0.157939,-0.0211003,0.0131846,0,0,423.697,20.4766,0.0962703,10.9108,0.000307999,0.013345261295711796,0.14560747694525225,-0.0001606612957117965,-0.16670777694525224
50.54,0.3,0.000307999,10.8602,0.165404,-0.0182448,0.013187,0,0,423.914,20.4976,0.0962929,10.8602,0.000307999,0.013340093194584025,0.14487608011182143,-0.00015309319458402422,-0.16312088011182144
50.56,0.3,0.000307999,10.8771,0.170264,-0.00920887,0.0135871,0,0,424.13,20.5185,0.0963153,10.8771,0.000307999,0.013341819355691283,0.14512030331378967,0.00024528064430871625,-0.15432917331378967
50.58,0.4,0.000410666,10.9031,0.172926,-0.00181731,0.0136,0,0,424.347,20.5394,0.0963396,10.9031,0.000410666,0.01371828894214983,0.14957187616515383,-0.00011828894214983149,-0.15138918616515382
50.6,0.4,0.000410666,10.8546,0.173746,-0.00543061,0.0130389,0,0,424.564,20.5604,0.0963715,10.8546,0.000410666,0.013711684026788977,0.14883484543718362,-0.0006727840267889765,-0.15426545543718362
50.62,0.499841,0.000513169,10.8639,0.172157,-0.0231115,0.0106016,0,0,424.78,20.5813,0.0964033,10.8639,0.000513169,0.014084835085761723,0.15301623988820676,-0.0034832350857617236,-0.17612773988820676
50.64,0.5,0.000513332,10.8667,0.167711,-0.047959,0.0122113,0,0,424.996,20.6022,0.0964425,10.8667,0.000513332,0.014085903110943078,0.15306728333568514,-0.0018746031109430784,-0.20102628333568515
50.66,0.593961,0.000609798,10.872,0.159981,-0.0692772,0.0135758,0,0,425.213,20.6231,0.0964816,10.872,0.000609798,0.014437046555203148,0.1569595701481686,-0.0008612465552031469,-0.22623677014816862
50.68,0.6,0.000615999,10.8469,0.147736,-0.0813628,0.013933,0,0,425.429,20.6441,0.096528,10.8469,0.000615999,0.014454433149291766,0.15678579092705286,-0.0005214331492917664,-0.23814859092705287
50.7,0.6,0.000615999,10.8606,0.13113,-0.0855805,0.0149873,0,0,425.645,20.665,0.0965729,10.8606,0.000615999,0.014457231862565702,0.15701421236658106,0.0005300681374342982,-0.24259471236658106
50.72,0.6,0.000615999,10.8345,0.113605,-0.0869167,0.0155672,0,0,425.861,20.686,0.0966177,10.8345,0.000615999,0.014451899943697673,0.15657910993999244,0.001115300056302327,-0.24349580993999242
50.74,0.7,0.000718665,10.856,0.0997049,-0.0882973,0.0147654,0,0,426.077,20.7069,0.0966643,10.856,0.000718665,0.01482849914287155,0.16097818669501354,-6.309914287155015e-05,-0.24927548669501354
50.76,0.7,0.000718665,10.88,0.092384,-0.0852166,0.0130392,0,0,426.293,20.7278,0.0967185,10.88,0.000718665,0.01483421897992934,0.16139630250163123,-0.0017950189799293397,-0.24661290250163123
50.78,0.7,0.000718665,10.8603,0.0927791,-0.066469,0.0124327,0,0,426.51,20.7489,0.0967709,10.8603,0.000718665,0.014829523966480053,0.16105307913316333,-0.0023968239664800533,-0.22752207913316333
50.8,0.7,0.000718665,10.8502,0.100945,-0.0229121,0.0122,0,0,426.726,20.7699,0.0968232,10.8502,0.000718665,0.014827116809203957,0.16087718280322477,-0.002627116809203956,-0.18378928280322476
50.82,0.7,0.000718665,10.8665,0.11616,0.0428935,0.0122,0,0,426.942,20.7908,0.0968755,10.8665,0.000718665,0.014831001604168927,0.16116107893170165,-0.002631001604168926,-0.11826757893170164
50.84,0.7,0.000718665,10.8805,0.136706,0.114389,0.0118,0,0,427.158,20.8119,0.0969278,10.8805,0.000718665,0.014834338140384243,0.16140501613645075,-0.0030343381403842434,-0.04701601613645075
50.86,0.7,0.000718665,10.8672,0.158847,0.167063,0.0127292,0,0,427.375,20.8329,0.0969802,10.8672,0.000718665,0.014831168433120566,0.16117327359640782,-0.0021019684331205664,0.0058897264035921715
50.88,0.7,0.000718665,10.857,0.176442,0.179909,0.014429,0,0,427.591,20.854,0.0970326,10.857,0.000718665,0.014828737474701214,0.16099560276283106,-0.00039973747470121307,0.01891339723716895
50.9,0.7,0.000718665,10.9005,0.183784,0.148582,0.0149905,0,0,427.807,20.875,0.0970849,10.9005,0.000718665,0.01483910446416702,0.16175365821165258,0.00015139553583298077,-0.013171658211652587
50.92,0.7,0.000718665,10.919,0.179444,0.090129,0.0163782,0,0,428.024,20.8962,0.0971374,10.919,0.000718665,0.014843513149460369,0.16207632007895778,0.0015346868505396304,-0.07194732007895778
50.94,0.7,0.000718665,10.8976,0.166582,0.030283,0.0150299,0,0,428.242,20.9174,0.09719,10.8976,0.000718665,0.014838413358643941,0.16170309341715822,0.00019148664135605967,-0.1314200934171582
50.96,0.7,0.000718665,10.8841,0.150372,-0.0148309,0.0149801,0,0,428.459,20.9385,0.0972425,10.8841,0.000718665,0.014835196092262337,0.16146775778779252,0.00014490390773766286,-0.17629865778779252
50.98,0.7,0.000718665,10.8731,0.135345,-0.0437274,0.015,0,0,428.675,20.9597,0.0972949,10.8731,0.000718665,0.014832574553903383,0.1612760663820469,0.0001674254460966168,-0.2050034663820469
51.0,0.7,0.000718665,10.8503,0.123904,-0.0628901,0.0146,0,0,428.892,20.9808,0.0973473,10.8503,0.000718665,0.014827140642673901,0.16087892411520463,-0.00022714064267390088,-0.22376902411520463
51.02,0.7934,0.000814555,10.8634,0.116224,-0.0784985,0.0149868,0,0,429.108,21.0019,0.0974013,10.8634,0.000814555,0.015178139321997316,0.16488619871058566,-0.0001913393219973164,-0.24338469871058566
51.04,0.8,0.000821331,10.891,0.111016,-0.090187,0.0157807,0,0,429.324,21.023,0.0974625,10.891,0.000821331,0.015210239139882294,0.16565471447245805,0.000570460860117708,-0.25584171447245807
51.06,0.8,0.000821331,10.8917,0.106688,-0.0909259,0.0162,0,0,429.541,21.0442,0.0975226,10.8917,0.000821331,0.015210429792431434,0.16566743817022545,0.0009895702075685651,-0.25659333817022545
51.08,0.8,0.000821331,10.8865,0.102069,-0.0739606,0.0158285,0,0,429.758,21.0655,0.0975826,10.8865,0.000821331,0.01520901351019235,0.16557292557870903,0.0006194864898076483,-0.23953352557870905
51.1,0.8,0.000821331,10.9024,0.0968441,-0.0391801,0.0154,0,0,429.975,21.0867,0.0976425,10.9024,0.000821331,0.015213344020700448,0.16586196185128457,0.00018665597929955202,-0.20504206185128457
51.12,0.8,0.000821331,10.927,0.0923628,0.00672879,0.0152122,0,0,430.192,21.1079,0.0977025,10.927,0.000821331,0.015220043793196462,0.16630941852825773,-7.84379319646207e-06,-0.15958062852825772
51.14,0.703885,0.000722654,10.9141,0.090995,0.0546431,0.0138389,0,0,430.409,21.1293,0.0977609,10.9141,0.000722654,0.014856884100500147,0.16214951876126865,-0.0010179841005001477,-0.10750641876126865
51.16,0.7,0.000718665,10.9469,0.0941172,0.0980591,0.0122155,0,0,430.626,21.1506,0.0978119,10.9469,0.000718665,0.014850161624451132,0.16256323428670408,-0.0026346616244511314,-0.06450413428670408
51.18,0.7,0.000718665,10.9369,0.101429,0.134566,0.0103119,0,0,430.844,21.172,0.0978645,10.9369,0.000718665,0.014847778699898874,0.162388670862924,-0.004535878699898873,-0.027822670862924004
51.2,0.608591,0.000624818,10.9149,0.111141,0.162362,0.01,0,0,431.062,21.1934,0.0979155,10.9149,0.000624818,0.014500468641625255,0.1582711651764755,-0.004500468641625255,0.004090834823524514
51.22,0.6,0.000615999,10.9274,0.119986,0.176653,0.0109789,0,0,431.279,21.2147,0.0979593,10.9274,0.000615999,0.014470877082783908,0.1581290622344129,-0.0034919770827839085,0.018523937765587112
51.24,0.5,0.000513332,10.9195,0.124821,0.169743,0.0121856,0,0,431.497,21.2361,0.0980024,10.9195,0.000513332,0.014094890987196457,0.1539091621346917,-0.0019092909871964575,0.015833837865308314
51.26,0.5,0.000513332,10.9221,0.125214,0.134235,0.0146833,0,0,431.714,21.2575,0.0980381,10.9221,0.000513332,0.014095333548286302,0.15395064254773783,0.0005879664517136982,-0.019715642547737833
51.28,0.5,0.000513332,10.9145,0.12314,0.0688475,0.0155753,0,0,431.932,21.2788,0.0980757,10.9145,0.000513332,0.014094039901909394,0.1538293985093901,0.0014812600980906067,-0.08498189850939009
51.3,0.5,0.000513332,10.9304,0.120481,-0.0161822,0.0159978,0,0,432.149,21.3002,0.0981132,10.9304,0.000513332,0.014096746324527544,0.15408307602561588,0.0019010536754724555,-0.1702652760256159
51.32,0.5,0.000513332,10.9414,0.117971,-0.0997994,0.0164,0,0,432.366,21.3216,0.0981508,10.9414,0.000513332,0.014098618643523672,0.1542586260262499,0.0023013813564763293,-0.2540580260262499
51.34,0.5,0.000513332,10.9362,0.115154,-0.157332,0.0165915,0,0,432.584,21.3431,0.0981885,10.9362,0.000513332,0.014097733552253572,0.15417563367415552,0.0024937664477464264,-0.3115076336741555
51.36,0.5,0.000513332,10.9087,0.110519,-0.170324,0.0164106,0,0,432.802,21.3645,0.0982261,10.9087,0.000513332,0.014093052632648007,0.1537368832537673,0.002317547367351994,-0.3240608832537673
51.38,0.5,0.000513332,10.9469,0.102893,-0.135558,0.0154839,0,0,433.019,21.3859,0.0982637,10.9469,0.000513332,0.014099554788024509,0.15434641630902549,0.0013843452119754913,-0.2899044163090255
51.4,0.4,0.000410666,10.9421,0.0931493,-0.0675009,0.0140554,0,0,433.237,21.4074,0.0982994,10.9421,0.000410666,0.013723599661642475,0.15016499985765813,0.00033180033835752444,-0.21766589985765813
51.42,0.4,0.000410666,10.9172,0.0843941,0.00925747,0.0141866,0,0,433.455,21.4289,0.0983277,10.9172,0.000410666,0.01372020901784369,0.14978626588960314,0.00046639098215630996,-0.14052879588960315
51.44,0.303101,0.000311183,10.9303,0.0803884,0.0708888,0.015,0,0,433.672,21.4504,0.0983559,10.9303,0.000311183,0.013358874590368656,0.14601650693510654,0.001641125409631343,-0.07512770693510654
51.46,0.598809,0.000614776,10.9388,0.0828894,0.10188,0.0120191,0,0,433.89,21.4718,0.0983825,10.9388,0.000614776,0.014468738118193184,0.15827063252729162,-0.002449638118193185,-0.05639063252729162
51.48,0.6,0.000615999,10.9265,0.0902181,0.0996972,0.0106758,0,0,434.107,21.4933,0.0984331,10.9265,0.000615999,0.014470693251721872,0.15811402981493905,-0.003794893251721873,-0.05841682981493905
51.5,0.698122,0.000716737,10.9387,0.0988376,0.0739208,0.0104021,0,0,434.325,21.5148,0.0984801,10.9387,0.000716737,0.014841164953696228,0.16234305107899694,-0.004439064953696229,-0.08842225107899694
51.52,0.7,0.000718665,10.9605,0.105818,0.0382454,0.00981147,0,0,434.543,21.5363,0.0985345,10.9605,0.000718665,0.014853402327527614,0.16280071621086642,-0.005041932327527615,-0.12455531621086642
51.54,0.7,0.000718665,10.9611,0.109143,0.00410684,0.0101621,0,0,434.761,21.5579,0.0985874,10.9611,0.000718665,0.014853545297748037,0.162811195363146,-0.004691445297748037,-0.158704355363146
51.56,0.7,0.000718665,10.9069,0.106679,-0.0201036,0.0115809,0,0,434.979,21.5795,0.0986402,10.9069,0.000718665,0.014840629648838692,0.16186526351691874,-0.0032597296488386922,-0.18196886351691874
51.58,0.784069,0.000804976,10.9234,0.0976334,-0.0300967,0.0124,0,0,435.196,21.601,0.0986943,10.9234,0.000804976,0.015159404119999166,0.1655922349643989,-0.002759404119999167,-0.1956889349643989
51.6,0.8,0.000821331,10.9169,0.0857468,-0.0272866,0.013551,0,0,435.413,21.6225,0.0987551,10.9169,0.000821331,0.015217293112234433,0.1661256671769521,-0.0016662931122344328,-0.1934122671769521
51.62,0.8,0.000821331,10.9062,0.0780142,-0.0171034,0.0147357,0,0,435.631,21.644,0.0988155,10.9062,0.000821331,0.015214378965754746,0.1659310598763144,-0.00047867896575474675,-0.1830344598763144
51.64,0.8,0.000821331,10.9415,0.0793117,-0.00596076,0.0149993,0,0,435.848,21.6656,0.0988756,10.9415,0.000821331,0.015223992696394212,0.16657331608759726,-0.0002246926963942117,-0.17253407608759727
51.66,0.8,0.000821331,10.8753,0.0893503,0.000288282,0.0146185,0,0,436.066,21.6872,0.0989358,10.8753,0.000821331,0.015205963007810153,0.16536940949883774,-0.0005874630078101534,-0.16508112749883774
51.68,0.8,0.000821331,10.8349,0.103055,-0.00200196,0.0131046,0,0,436.282,21.7087,0.0989957,10.8349,0.000821331,0.01519495886236542,0.1646358597778431,-0.002090358862365421,-0.1666378197778431
51.7,0.8,0.000821331,10.9869,0.113218,-0.0126392,0.0125908,0,0,436.498,21.7301,0.0990553,10.9869,0.000821331,0.015236356128627363,0.16740032114961598,-0.0026455561286273643,-0.18003952114961597
51.72,0.8,0.000821331,10.903,0.115036,-0.029268,0.0134,0,0,436.716,21.7518,0.0991158,10.903,0.000821331,0.0152135074335835,0.16587287154836092,-0.0018135074335834996,-0.1951408715483609
51.74,0.8,0.000821331,10.9277,0.107919,-0.0494737,0.0134,0,0,436.933,21.7734,0.0991758,10.9277,0.000821331,0.015220234432455088,0.16632215580753945,-0.0018202344324550878,-0.21579585580753946
51.76,0.8,0.000821331,10.9094,0.0931849,-0.0684645,0.0139606,0,0,437.151,21.7951,0.099236,10.9094,0.000821331,0.015215250492526927,0.16598925372317325,-0.0012546504925269267,-0.23445375372317323
51.78,0.8,0.000821331,10.9231,0.0738103,-0.0787804,0.0149198,0,0,437.368,21.8167,0.099296,10.9231,0.000821331,0.015218981655446301,0.16623845852060548,-0.00029918165544630046,-0.24501885852060548
51.8,0.8,0.000821331,10.9359,0.056229,-0.0760687,0.0150061,0,0,437.585,21.8384,0.0993562,10.9359,0.000821331,0.015222467615918207,0.16647138360091993,-0.00021636761591820736,-0.24254008360091994
51.82,0.8,0.000821331,10.9334,0.0477051,-0.0616347,0.0148053,0,0,437.803,21.8601,0.0994164,10.9334,0.000821331,0.015221786771066868,0.1664258834827825,-0.00041648677106686724,-0.22806058348278252
51.84,0.8,0.000821331,10.9388,0.0510272,-0.0396364,0.0134166,0,0,438.021,21.8818,0.0994766,10.9388,0.000821331,0.015223257391806345,0.16652416795749125,-0.001806657391806344,-0.20616056795749127
51.86,0.8,0.000821331,10.9441,0.0631138,-0.0156836,0.0128366,0,0,438.238,21.9035,0.0995368,10.9441,0.000821331,0.015224700763834583,0.16662064762948206,-0.002388100763834583,-0.18230424762948205
51.88,0.716669,0.000735779,10.957,0.0779009,0.0032365,0.0133667,0,0,438.456,21.9253,0.0995955,10.957,0.000735779,0.014915186884496482,0.16342570269342796,-0.0015484868844964812,-0.16018920269342796
51.9,0.7,0.000718665,10.9719,0.0900532,0.010384,0.0137906,0,0,438.674,21.9471,0.0996476,10.9719,0.000718665,0.014856118733166956,0.16299984912843452,-0.0010655187331669556,-0.1526158491284345
51.92,0.7,0.000718665,10.9855,0.0971621,0.00226944,0.0136174,0,0,438.893,21.9689,0.0997002,10.9855,0.000718665,0.014859359278543136,0.1632374913544356,-0.0012419592785431356,-0.1609680513544356
51.94,0.7,0.000718665,10.9887,0.0995307,-0.0187022,0.0132029,0,0,439.111,21.9908,0.0997531,10.9887,0.000718665,0.014860121747322945,0.16329341984480764,-0.0016572217473229452,-0.18199561984480764
51.96,0.7,0.000718665,10.962,0.0982222,-0.0447807,0.0132136,0,0,439.33,22.0127,0.099806,10.962,0.000718665,0.014853759752765731,0.16282691440981795,-0.0016401597527657304,-0.20760761440981795
51.98,0.7,0.000718665,10.9636,0.0937383,-0.0677568,0.0128336,0,0,439.548,22.0345,0.0998588,10.9636,0.000718665,0.014854141005203199,0.16285486032464577,-0.002020541005203198,-0.23061166032464578
52.0,0.7,0.000718665,10.9692,0.0868504,-0.0845077,0.012963,0,0,439.766,22.0564,0.0999116,10.9692,0.000718665,0.014855475379384689,0.16295268053154655,-0.001892475379384688,-0.24746038053154656
52.02,0.7,0.000718665,10.9368,0.079687,-0.0967661,0.0135871,0,0,439.985,22.0783,0.0999645,10.9368,0.000718665,0.014847754870419663,0.16238692546680578,-0.0012606548704196634,-0.25915302546680574
52.04,0.7,0.000718665,10.9444,0.0745785,-0.104877,0.0151955,0,0,440.202,22.1001,0.100017,10.9444,0.000718665,0.014849565897652336,0.16251958901026622,0.0003459341023476642,-0.2673965890102662
52.06,0.7,0.000718665,10.9549,0.0720896,-0.104891,0.0152,0,0,440.42,22.122,0.10007,10.9549,0.000718665,0.014852067930756949,0.1627029189746493,0.000347932069243051,-0.2675939189746493
52.08,0.7,0.000718665,10.9865,0.0710219,-0.0934578,0.0148261,0,0,440.638,22.1439,0.100123,10.9865,0.000718665,0.014859597550547974,0.16325496848909532,-3.349755054797392e-05,-0.2567127684890953
52.1,0.7,0.000718665,10.9807,0.0697188,-0.0721002,0.0144077,0,0,440.857,22.1659,0.100176,10.9807,0.000718665,0.014858215566453115,0.16315360767055173,-0.00045051556645311387,-0.23525380767055173
52.12,0.7,0.000718665,10.9617,0.0672399,-0.044782,0.0143763,0,0,441.075,22.1878,0.100228,10.9617,0.000718665,0.01485368826780156,0.16282167468516037,-0.0004773882678015609,-0.2076036746851604
52.14,0.7,0.000718665,10.9801,0.0640733,-0.0136378,0.0142099,0,0,441.293,22.2098,0.100281,10.9801,0.000718665,0.014858072601689403,0.1631431229738098,-0.0006481726016894038,-0.17678092297380982
52.16,0.7,0.000718665,10.9669,0.0609893,0.0216139,0.0138,0,0,441.512,22.2318,0.100334,10.9669,0.000718665,0.014854927334606133,0.16291250258589202,-0.0010549273346061334,-0.14129860258589202
52.18,0.7,0.000718665,10.9463,0.0571985,0.060213,0.0138305,0,0,441.73,22.2537,0.100387,10.9463,0.000718665,0.014850018650283323,0.16255275915159637,-0.0010195186502833225,-0.10233975915159636
52.2,0.7,0.000718665,10.961,0.0516009,0.0961694,0.0136,0,0,441.948,22.2757,0.10044,10.961,0.000718665,0.014853521469389556,0.16280944882597892,-0.0012535214693895572,-0.06664004882597892
52.22,0.7,0.000718665,10.9312,0.0457759,0.118518,0.0136,0,0,442.166,22.2977,0.100493,10.9312,0.000718665,0.014846420412201758,0.16228919080985987,-0.0012464204122017587,-0.043771190809859875
52.24,0.7,0.000718665,10.9498,0.0434045,0.116704,0.0136,0,0,442.384,22.3196,0.100545,10.9498,0.000718665,0.014850852663912187,0.16261386649930565,-0.0012508526639121876,-0.045909866499305646
52.26,0.7,0.000718665,10.9474,0.0460606,0.0860605,0.0136,0,0,442.602,22.3416,0.100598,10.9474,0.000718665,0.01485028076946364,0.16257196369562626,-0.0012502807694636416,-0.07651146369562627
52.28,0.7,0.000718665,10.9602,0.0514123,0.0309509,0.0138,0,0,442.819,22.3636,0.100651,10.9602,0.000718665,0.014853330842354818,0.16279547669837727,-0.0010533308423548177,-0.13184457669837726
52.3,0.899015,0.000922987,10.9528,0.0562099,-0.0342641,0.0144,0,0,443.038,22.3856,0.100707,10.9528,0.000922987,0.015598878524066544,0.17085139669839602,-0.001198878524066544,-0.20511549669839602
52.32,0.9,0.000923998,10.9664,0.0591132,-0.0893363,0.014393,0,0,443.255,22.4077,0.100779,10.9664,0.000923998,0.01560674284499348,0.17114978473533649,-0.00121374284499348,-0.26048608473533647
52.34,1.0,0.00102666,10.9941,0.0601459,-0.11846,0.0157775,0,0,443.474,22.4297,0.100849,10.9941,0.00102666,0.015992122625940974,0.17581899536185766,-0.00021462262594097378,-0.29427899536185764
52.36,1.08939,0.00111844,10.984,0.0595034,-0.119115,0.0159887,0,0,443.692,22.4519,0.100928,10.984,0.00111844,0.0163253211516392,0.179317327529605,-0.00033662115163919995,-0.298432327529605
52.38,1.1,0.00112933,10.991,0.0581091,-0.100287,0.0150824,0,0,443.911,22.474,0.101012,10.991,0.00112933,0.016367885161644474,0.1798994258116344,-0.001285485161644475,-0.2801864258116344
52.4,1.1,0.00112933,10.9864,0.0580936,-0.0726924,0.0146188,0,0,444.13,22.4962,0.101095,10.9864,0.00112933,0.016366162805161566,0.17980521104262703,-0.0017473628051615665,-0.252497611042627
52.42,1.1,0.00112933,10.9723,0.0610818,-0.0414835,0.0144,0,0,444.348,22.5184,0.101179,10.9723,0.00112933,0.016360883311880275,0.17951651996294396,-0.001960883311880275,-0.22100001996294397
52.44,1.1,0.00112933,10.986,0.0661583,-0.00650821,0.0147976,0,0,444.567,22.5406,0.101262,10.986,0.00112933,0.016366013034302348,0.17979701919484561,-0.0015684130343023486,-0.1863052291948456
52.46,1.1,0.00112933,10.9624,0.0700633,0.0323722,0.01461,0,0,444.785,22.5628,0.101345,10.9624,0.00112933,0.016357176346971765,0.1793139099860433,-0.0017471763469717651,-0.1469417099860433
52.48,1.1,0.00112933,10.9689,0.0695064,0.0705925,0.0162813,0,0,445.003,22.585,0.101428,10.9689,0.00112933,0.01635961022087596,0.1794469285517663,-7.831022087596146e-05,-0.1088544285517663
52.5,1.1,0.00112933,10.994,0.0641283,0.0991106,0.0156261,0,0,445.222,22.6072,0.101511,10.994,0.00112933,0.016369008429284557,0.17996087867155441,-0.0007429084292845563,-0.08085027867155442
52.52,1.1,0.00112933,11.0213,0.0570594,0.109106,0.0151872,0,0,445.44,22.6295,0.101594,11.0213,0.00112933,0.01637922986239032,0.18052040608236244,-0.0011920298623903213,-0.07141440608236245
52.54,1.1,0.00112933,11.0249,0.0515202,0.0975211,0.0156,0,0,445.66,22.6519,0.101677,11.0249,0.00112933,0.0163805777029691,0.18059423111746403,-0.0007805777029691006,-0.08307313111746403
52.56,1.00394,0.00103071,10.9951,0.0476187,0.0693311,0.0148079,0,0,445.879,22.6742,0.101759,10.9951,0.00103071,0.0160073327536675,0.17600222435984952,-0.0011994327536674985,-0.10667112435984952
52.58,1.0,0.00102666,10.974,0.0436483,0.0344363,0.0148,0,0,446.098,22.6966,0.101833,10.974,0.00102666,0.015985280816856552,0.17542247168418382,-0.0011852808168565515,-0.14098617168418381
52.6,1.0,0.00102666,11.0044,0.0392659,0.00160399,0.0144272,0,0,446.316,22.7189,0.101909,11.0044,0.00102666,0.01599562852364638,0.17602229452561424,-0.0015684285236463816,-0.17441830452561424
52.62,1.0,0.00102666,10.974,0.0355714,-0.0257273,0.0147569,0,0,446.535,22.7413,0.101984,10.974,0.00102666,0.015985280816856552,0.17542247168418382,-0.0012283808168565523,-0.20114977168418383
52.64,1.0,0.00102666,10.939,0.0330942,-0.048817,0.0161935,0,0,446.754,22.7637,0.10206,10.939,0.00102666,0.01597336657987162,0.17473265701721563,0.00022013342012838083,-0.22354965701721563
52.66,1.0,0.00102666,10.9521,0.0315373,-0.0693259,0.01639,0,0,446.971,22.786,0.102135,10.9521,0.00102666,0.01597782600352438,0.17499074817319935,0.0004121739964756191,-0.24431664817319934
52.68,1.0,0.00102666,10.9577,0.0306094,-0.0858278,0.0160772,0,0,447.189,22.8083,0.10221,10.9577,0.00102666,0.01597973228738978,0.17510111248553098,9.746771261022122e-05,-0.26092891248553096
52.7,1.0,0.00102666,10.9556,0.0299666,-0.0935732,0.0154018,0,0,447.407,22.8307,0.102286,10.9556,0.00102666,0.015979017433372926,0.17505972339306045,-0.0005772174333729257,-0.26863292339306044
52.72,1.0,0.00102666,10.9748,0.0293738,-0.0865493,0.0150044,0,0,447.625,22.8531,0.102361,10.9748,0.00102666,0.01598555313278791,0.17543824852172074,-0.0009811531327879094,-0.26198754852172074
52.74,1.0,0.00102666,11.0051,0.0291791,-0.0610179,0.015,0,0,447.843,22.8755,0.102437,11.0051,0.00102666,0.01599586678598001,0.17603611356638862,-0.0009958667859800117,-0.2370540135663886
52.76,1.0,0.00102666,10.9695,0.0296072,-0.0187918,0.015,0,0,448.062,22.898,0.102513,10.9695,0.00102666,0.01598374903183651,0.1753337350047306,-0.0009837490318365116,-0.1941255350047306
52.78,0.915456,0.000939866,10.9849,0.0303248,0.0317829,0.015,0,0,448.281,22.9205,0.102586,10.9849,0.000939866,0.015670616790575083,0.17214015838278823,-0.0006706167905750834,-0.14035725838278823
52.8,0.9,0.000923998,10.9942,0.0317843,0.076697,0.0146215,0,0,448.499,22.943,0.102654,10.9942,0.000923998,0.015615259464089861,0.17167728560009674,-0.0009937594640898606,-0.09498028560009673
52.82,0.9,0.000923998,10.9597,0.0354067,0.100347,0.0144,0,0,448.718,22.9655,0.102722,10.9597,0.000923998,0.015604690209553556,0.1710227232896441,-0.0012046902095535564,-0.0706757232896441
52.84,0.8,0.000821331,10.9475,0.041397,0.0939151,0.0151761,0,0,448.936,22.988,0.102788,10.9475,0.000821331,0.015225626692783331,0.16668254821924552,-4.952669278333183e-05,-0.07276744821924552
52.86,0.8,0.000821331,10.9581,0.0481345,0.0614084,0.0157929,0,0,449.154,23.0105,0.102846,10.9581,0.000821331,0.01522851337317186,0.16687557239455456,0.0005643866268281381,-0.10546717239455455
52.88,0.8,0.000821331,10.9785,0.0535752,0.0170066,0.0161661,0,0,449.372,23.033,0.102906,10.9785,0.000821331,0.015234068703737402,0.16724722326398106,0.0009320312962625976,-0.15024062326398105
52.9,0.8,0.000821331,10.9752,0.055506,-0.0227766,0.0158,0,0,449.59,23.0556,0.102967,10.9752,0.000821331,0.01523317006228459,0.1671870880675858,0.0005668299377154119,-0.18996368806758582
52.92,0.8,0.000821331,10.9615,0.0519557,-0.0460374,0.0161769,0,0,449.809,23.0781,0.103027,10.9615,0.000821331,0.015229439276918675,0.16693749863394403,0.0009474607230813264,-0.21297489863394403
52.94,0.8,0.000821331,10.9719,0.0432415,-0.0493104,0.0167877,0,0,450.027,23.1007,0.103087,10.9719,0.000821331,0.015232271415054528,0.16712695873883676,0.0015554285849454716,-0.21643735873883677
52.96,0.8,0.000821331,10.9559,0.0322096,-0.036826,0.0156331,0,0,450.245,23.1233,0.103148,10.9559,0.000821331,0.015227914255719663,0.16683550579423906,0.00040518574428033763,-0.20366150579423906
52.98,0.8,0.000821331,10.9709,0.021774,-0.0159638,0.0155694,0,0,450.463,23.1458,0.103208,10.9709,0.000821331,0.015231999096571747,0.16710873888857897,0.00033740090342825393,-0.18307253888857897
53.0,0.8,0.000821331,10.9695,0.013506,0.00617732,0.0152394,0,0,450.681,23.1684,0.103269,10.9695,0.000821331,0.015231617849804948,0.1670832320034354,7.782150195052157e-06,-0.1609059120034354
53.02,0.8,0.000821331,10.959,0.00813188,0.0232051,0.0136676,0,0,450.899,23.1911,0.103329,10.959,0.000821331,0.015228758465936127,0.166891964028194,-0.0015611584659361265,-0.143686864028194
53.04,0.8,0.000821331,10.917,0.00580989,0.0305748,0.0143899,0,0,451.117,23.2137,0.103389,10.917,0.000821331,0.015217320346963364,0.16612748622779905,-0.0008274203469633631,-0.13555268622779904
53.06,0.8,0.000821331,10.9404,0.00596125,0.0275417,0.0138589,0,0,451.335,23.2362,0.103449,10.9404,0.000821331,0.015223693128323812,0.16655329230111382,-0.0013647931283238112,-0.13901159230111382
53.08,0.8,0.000821331,10.9469,0.00733001,0.0161392,0.0130457,0,0,451.552,23.2588,0.10351,10.9469,0.000821331,0.015225463294001557,0.16667162413310563,-0.002179763294001557,-0.15053242413310564
53.1,0.8,0.000821331,10.9472,0.00836007,-0.000269473,0.0133948,0,0,451.77,23.2815,0.10357,10.9472,0.000821331,0.015225544993416258,0.16667708615192647,-0.0018307449934162577,-0.16694655915192647
53.12,0.8,0.000821331,10.9691,0.00814664,-0.015379,0.0137929,0,0,451.988,23.3041,0.10363,10.9691,0.000821331,0.0152315089219664,0.16707594451594163,-0.0014386089219664,-0.18245494451594163
53.14,0.8,0.000821331,10.9694,0.00710533,-0.0202625,0.0144,0,0,452.206,23.3268,0.103691,10.9694,0.000821331,0.015231590617853265,0.1670814101234796,-0.0008315906178532652,-0.1873439101234796
53.16,0.8,0.000821331,10.9749,0.00627342,-0.00903905,0.0140084,0,0,452.424,23.3495,0.103751,10.9749,0.000821331,0.01523308836732056,0.1671816215225064,-0.0012246883673205592,-0.1762206715225064
53.18,0.8,0.000821331,10.9853,0.0062986,0.0152657,0.013426,0,0,452.642,23.3722,0.103811,10.9853,0.000821331,0.015235920431536442,0.16737115671655728,-0.0018099204315364416,-0.15210545671655729
53.2,0.8,0.000821331,10.9755,0.00718145,0.0406269,0.0132,0,0,452.861,23.395,0.103872,10.9755,0.000821331,0.015233251757200873,0.16719255466115818,-0.002033251757200873,-0.12656565466115818
53.22,0.8,0.000821331,10.953,0.00864131,0.0532256,0.0128086,0,0,453.079,23.4178,0.103932,10.953,0.000821331,0.015227124506070918,0.16678269471499474,-0.002418524506070918,-0.11355709471499474
53.24,0.8,0.000821331,10.9335,0.0106752,0.0468766,0.0129967,0,0,453.297,23.4405,0.103992,10.9335,0.000821331,0.015221814004924351,0.1664277034228404,-0.002225114004924351,-0.11955110342284042
53.26,0.8,0.000821331,10.957,0.0132492,0.0255771,0.0139596,0,0,453.515,23.4632,0.104053,10.957,0.000821331,0.015228213814766202,0.1668555387683933,-0.0012686138147662007,-0.1412784387683933
53.28,0.8,0.000821331,10.9506,0.015528,-0.00224751,0.0147519,0,0,453.733,23.486,0.104113,10.9506,0.000821331,0.015226470916787287,0.16673899242137086,-0.00047457091678728726,-0.16898650242137087
53.3,0.8,0.000821331,10.9583,0.0162366,-0.0294539,0.0151973,0,0,453.95,23.5088,0.104173,10.9583,0.000821331,0.015228567838267667,0.16687921494208857,-3.126783826766684e-05,-0.19633311494208858
53.32,0.8,0.000821331,10.9473,0.0145608,-0.0506359,0.0156,0,0,454.168,23.5316,0.104234,10.9473,0.000821331,0.015225572226543908,0.16667890683564413,0.00037442777345609093,-0.21731480683564414
53.34,0.701738,0.00072045,10.9665,0.0105395,-0.0606212,0.0154035,0,0,454.386,23.5543,0.104292,10.9665,0.00072045,0.01486136879560283,0.16297720089697842,0.0005421312043971706,-0.2235984008969784
53.36,0.7,0.000718665,10.9614,0.00501043,-0.0550732,0.0148179,0,0,454.604,23.5772,0.104343,10.9614,0.000718665,0.014853616782795662,0.16281643500293635,-3.57167827956615e-05,-0.21788963500293634
53.38,0.7,0.000718665,10.9316,-0.000899898,-0.0329724,0.0140783,0,0,454.822,23.6,0.104396,10.9316,0.000718665,0.014846515731126853,0.1622961713663863,-0.0007682157311268527,-0.1952685713663863
53.4,0.7,0.000718665,10.9539,-0.00612978,0.000728429,0.0136221,0,0,455.04,23.6228,0.104449,10.9539,0.000718665,0.01485182964409004,0.1626854567383979,-0.0012297296440900406,-0.1619570277383979
53.42,0.7,0.000718665,10.9419,-0.00956001,0.0338573,0.0136,0,0,455.258,23.6457,0.104501,10.9419,0.000718665,0.014848970167960263,0.16247594668080442,-0.001248970167960264,-0.12861864668080442
53.44,0.7,0.000718665,10.9142,-0.0102685,0.0501393,0.0134051,0,0,455.475,23.6685,0.104554,10.9142,0.000718665,0.014842369289533131,0.1619925868998225,-0.0014372692895331315,-0.11185328689982249
53.46,0.7,0.000718665,10.9402,-0.00809696,0.0375116,0.0122587,0,0,455.692,23.6913,0.104607,10.9402,0.000718665,0.014848565070117345,0.1624462715800978,-0.0025898650701173444,-0.1249346715800978
53.48,0.7,0.000718665,10.9417,-0.00395235,-0.00421497,0.0117771,0,0,455.91,23.7141,0.104659,10.9417,0.000718665,0.01484892250945993,0.16247245542175773,-0.003071822509459929,-0.16668742542175774
53.5,0.7,0.000718665,10.9389,0.000246717,-0.0626648,0.0135696,0,0,456.128,23.737,0.104712,10.9389,0.000718665,0.014848255288511563,0.16242357977549915,-0.0012786552885115637,-0.22508837977549917
53.52,0.793368,0.000814523,10.9416,0.00253259,-0.118334,0.0136,0,0,456.345,23.7599,0.104766,10.9416,0.000814523,0.015199144843041534,0.16630296321462323,-0.0015991448430415344,-0.28463696321462323
53.54,0.7,0.000718665,10.9497,0.00225105,-0.152581,0.0122547,0,0,456.563,23.7828,0.104826,10.9497,0.000718665,0.01485082883503009,0.16261212049492899,-0.00259612883503009,-0.315193120494929
53.56,0.7,0.000718665,10.9609,0.000143295,-0.155751,0.0110184,0,0,456.781,23.8057,0.104877,10.9609,0.000718665,0.01485349764102644,0.16280770229352673,-0.003835097641026441,-0.31855870229352673
53.58,0.7,0.000718665,10.9279,-0.00239289,-0.131148,0.0120791,0,0,456.999,23.8286,0.10493,10.9279,0.000718665,0.014845634028247135,0.16223160409728185,-0.002766534028247135,-0.2933796040972818
53.6,0.607381,0.000623576,10.9464,-0.00414074,-0.0916383,0.0122148,0,0,457.216,23.8515,0.104981,10.9464,0.000623576,0.014502454798025392,0.15874967120110517,-0.0022876547980253924,-0.2503879712011052
53.62,0.6,0.000615999,10.9499,-0.00523164,-0.052079,0.0122,0,0,457.434,23.8745,0.105025,10.9499,0.000615999,0.014475472754970554,0.15850497911965206,-0.0022754727549705537,-0.21058397911965204
53.64,0.6,0.000615999,10.942,-0.0065818,-0.023331,0.0120153,0,0,457.652,23.8974,0.10507,10.942,0.000615999,0.014473859186276356,0.1583729672162359,-0.0024585591862763562,-0.18170396721623588
53.66,0.6,0.000615999,10.92,-0.0081964,-0.00990498,0.0114212,0,0,457.869,23.9204,0.105115,10.92,0.000615999,0.014469365573414472,0.15800547206168603,-0.0030481655734144724,-0.16791045206168603
53.68,0.7,0.000718665,10.9347,-0.00968911,-0.0105206,0.0117676,0,0,458.086,23.9433,0.105162,10.9347,0.000718665,0.014847254450287652,0.16235027323756038,-0.003079654450287652,-0.17287087323756037
53.7,0.7,0.000718665,10.9282,-0.010948,-0.0210681,0.0110352,0,0,458.304,23.9663,0.105216,10.9282,0.000718665,0.014845705517905587,0.16223683904077585,-0.003810505517905587,-0.18330493904077585
53.72,0.797576,0.000818843,10.9388,-0.0115959,-0.0374232,0.0123806,0,0,458.521,23.9892,0.105271,10.9388,0.000818843,0.015214169041291014,0.16642475230887416,-0.0028335690412910133,-0.20384795230887415
53.74,0.8,0.000821331,10.9472,-0.0113405,-0.0552618,0.0133988,0,0,458.739,24.0122,0.105333,10.9472,0.000821331,0.015225544993416258,0.16667708615192647,-0.0018267449934162572,-0.22193888615192647
53.76,0.8,0.000821331,10.9605,-0.00969884,-0.0688584,0.013968,0,0,458.957,24.0353,0.105393,10.9605,0.000821331,0.015229166952923012,0.16691928438751266,-0.0012611669529230124,-0.23577768438751268
53.78,0.887804,0.000911477,10.9663,-0.00529439,-0.0722408,0.0140488,0,0,459.175,24.0583,0.105455,10.9663,0.000911477,0.015560860397072553,0.17064506337241675,-0.0015120603970725528,-0.24288586337241674
53.8,0.9,0.000923998,11.0405,0.00224973,-0.0622208,0.01497,0,0,459.393,24.0814,0.105524,11.0405,0.000923998,0.01562944259138502,0.17255686093018632,-0.0006594425913850205,-0.23477766093018632
53.82,0.9,0.000923998,11.0525,0.00995227,-0.0404092,0.0173512,0,0,459.612,24.1047,0.105593,11.0525,0.000923998,0.015633118354133044,0.17278504060905547,0.001718081645866957,-0.21319424060905548
53.84,0.802829,0.000824236,10.9459,0.0129603,-0.0126703,0.0172113,0,0,459.832,24.128,0.105659,10.9459,0.000824236,0.015235809400225607,0.16676964611392947,0.0019754905997743915,-0.17943994611392947
53.86,0.8,0.000821331,10.9418,0.00894853,0.0124538,0.0168,0,0,460.05,24.1511,0.105718,10.9418,0.000821331,0.015224074396665978,0.1665787772334398,0.0015759256033340205,-0.15412497723343982
53.88,0.8,0.000821331,10.9248,-0.000121608,0.025189,0.017,0,0,460.267,24.1742,0.105778,10.9248,0.000821331,0.015219444639555785,0.16626938879821904,0.0017805553604442158,-0.14108038879821905
53.9,0.8,0.000821331,10.9118,-0.0107747,0.0181295,0.0175559,0,0,460.485,24.1973,0.105838,10.9118,0.000821331,0.015215904134061993,0.16603290273005764,0.0023399958659380063,-0.14790340273005764
53.92,0.8,0.000821331,10.9138,-0.0206547,-0.00831201,0.0172127,0,0,460.702,24.2203,0.105898,10.9138,0.000821331,0.015216448833020167,0.1660692792738155,0.0019962511669798337,-0.17438128927381552
53.94,0.8,0.000821331,10.9465,-0.0285411,-0.0441385,0.0164187,0,0,460.919,24.2434,0.105958,10.9465,0.000821331,0.015225354361374541,0.1666643415167864,0.00119334563862546,-0.2108028415167864
53.96,0.8,0.000821331,10.9916,-0.0339235,-0.0741195,0.0158449,0,0,461.136,24.2666,0.106019,10.9916,0.000821331,0.015237635980968852,0.16748599964841723,0.0006072640190311462,-0.24160549964841724
53.98,0.8,0.000821331,10.9611,-0.0368359,-0.0852222,0.0157727,0,0,461.355,24.2898,0.106079,10.9611,0.000821331,0.01522933034738399,0.16693021287071066,0.00054336965261601,-0.25215241287071066
54.0,0.8,0.000821331,10.9341,-0.0376513,-0.0725254,0.0167755,0,0,461.573,24.313,0.106139,10.9341,0.000821331,0.015221977407958253,0.16643862317635635,0.0015535225920417454,-0.23896402317635634
54.02,0.8,0.000821331,10.9438,-0.0372513,-0.0399388,0.0168464,0,0,461.79,24.3362,0.1062,10.9438,0.000821331,0.015224619063927814,0.1666151861118132,0.0016217809360721865,-0.2065539861118132
54.04,0.8,0.000821331,10.9278,-0.0364834,0.00295863,0.015007,0,0,462.008,24.3594,0.10626,10.9278,0.000821331,0.015220261666613763,0.16632397544042188,-0.0002132616666137635,-0.1633653454404219
54.06,0.8,0.000821331,10.9172,-0.035076,0.0439986,0.0149818,0,0,462.225,24.3826,0.10632,10.9172,0.000821331,0.01521737481640539,0.1661311243456609,-0.00023557481640539002,-0.12213252434566091
54.08,0.879441,0.000902891,10.9315,-0.0325349,0.0714971,0.015,0,0,462.442,24.4058,0.106382,10.9315,0.000902891,0.015519000332151905,0.16964595213091854,-0.0005190003321519053,-0.09814885213091855
54.1,0.9,0.000923998,10.9438,-0.0297082,0.0783312,0.0144388,0,0,462.66,24.429,0.10645,10.9438,0.000923998,0.01559981892287327,0.17072129832814048,-0.0011610189228732706,-0.09239009832814048
54.12,0.9,0.000923998,10.9608,-0.0278303,0.0647127,0.0143937,0,0,462.877,24.4523,0.106518,10.9608,0.000923998,0.015605027211238008,0.17104358225693758,-0.0012113272112380079,-0.10633088225693758
54.14,0.9,0.000923998,10.9584,-0.0269104,0.0376195,0.0147936,0,0,463.095,24.4756,0.106586,10.9584,0.000923998,0.01560429193390581,0.17099807272851342,-0.0008106919339058091,-0.13337857272851342
54.16,0.9,0.000923998,10.9636,-0.0262366,0.00743019,0.015,0,0,463.313,24.4989,0.106653,10.9636,0.000923998,0.015605885030452878,0.17109668111987317,-0.0006058850304528785,-0.16366649111987316
54.18,0.9,0.000923998,10.9396,-0.0253449,-0.0161455,0.0142852,0,0,463.531,24.5223,0.106721,10.9396,0.000923998,0.015598532142770825,0.17064170222905573,-0.001313332142770825,-0.18678720222905573
54.2,0.9,0.000923998,10.9122,-0.0238333,-0.0267805,0.0142,0,0,463.749,24.5456,0.106789,10.9122,0.000923998,0.015590137177102633,0.17012269490397935,-0.0013901371771026325,-0.19690319490397934
54.22,0.9,0.000923998,10.9441,-0.0214792,-0.0225519,0.0138,0,0,463.966,24.5688,0.106857,10.9441,0.000923998,0.015599910835336048,0.17072698417300125,-0.0017999108353360486,-0.19327888417300126
54.24,0.9,0.000923998,10.9251,-0.0188255,-0.0059559,0.0139988,0,0,464.184,24.5922,0.106924,10.9251,0.000923998,0.01559408960702185,0.1703669883656744,-0.0015952896070218492,-0.1763228883656744
54.26,0.9,0.000923998,10.9197,-0.016795,0.0169175,0.0141779,0,0,464.401,24.6155,0.106992,10.9197,0.000923998,0.01559243511349952,0.17026471370888072,-0.0014145351134995203,-0.15334721370888071
54.28,0.9,0.000923998,10.9145,-0.0159642,0.0380835,0.0146,0,0,464.618,24.6388,0.10706,10.9145,0.000923998,0.015590841881147717,0.17016624371178676,-0.0009908418811477165,-0.13208274371178677
54.3,0.9,0.000923998,10.9277,-0.016491,0.0499511,0.0148,0,0,464.835,24.6622,0.107127,10.9277,0.000923998,0.015594886208835299,0.17041623802428948,-0.0007948862088352979,-0.12046513802428949
54.32,0.9,0.000923998,10.9142,-0.0182434,0.0480018,0.014619,0,0,465.052,24.6855,0.107195,10.9142,0.000923998,0.015590749963406859,0.17016056325061513,-0.0009717499634068587,-0.12215876325061513
54.34,0.8,0.000821331,10.9384,-0.0207184,0.0331047,0.0136146,0,0,465.269,24.7089,0.107261,10.9384,0.000821331,0.015223148457465455,0.16651688708714013,-0.0016085484574654557,-0.13341218708714014
54.36,0.8,0.000821331,10.9494,-0.0231424,0.0116113,0.01378,0,0,465.487,24.7323,0.107319,10.9494,0.000821331,0.01522614412100204,0.16671714243849975,-0.0014461441210020399,-0.15510584243849976
54.38,0.8,0.000821331,10.9281,-0.0252456,-0.0077461,0.0138,0,0,465.704,24.7558,0.107379,10.9281,0.000821331,0.015220343369058085,0.16632943437140366,-0.0014203433690580854,-0.17407553437140366
54.4,0.710346,0.000729287,10.9171,-0.0277313,-0.0183363,0.0136,0,0,465.922,24.7792,0.107438,10.9171,0.000729287,0.014881784765102306,0.16246593245909838,-0.0012817847651023073,-0.18080223245909838
54.42,0.7,0.000718665,10.9244,-0.0312071,-0.0182358,0.0139755,0,0,466.139,24.8026,0.107489,10.9244,0.000718665,0.014844799979158245,0.16217053289231634,-0.0008692999791582445,-0.18040633289231633
54.44,0.7,0.000718665,10.8919,-0.0348867,-0.00960643,0.0141977,0,0,466.356,24.8261,0.107542,10.8919,0.000718665,0.014837054967524771,0.16160371900078305,-0.0006393549675247703,-0.17121014900078305
54.46,0.6,0.000615999,10.889,-0.037075,0.00316976,0.014,0,0,466.573,24.8495,0.107592,10.889,0.000615999,0.014463033339213791,0.15748797003069895,-0.0004630333392137906,-0.15431821003069895
54.48,0.6,0.000615999,10.9059,-0.0369308,0.0145799,0.0149164,0,0,466.789,24.8729,0.107635,10.9059,0.000615999,0.014466485475290744,0.15777004394497332,0.0004499145247092561,-0.1431901439449733
54.5,0.6,0.000615999,10.9083,-0.0353237,0.0194789,0.0140168,0,0,467.006,24.8963,0.10768,10.9083,0.000615999,0.014466975710313173,0.1578101111408092,-0.00045017571031317344,-0.1383312111408092
54.52,0.6,0.000615999,10.903,-0.0336499,0.0156237,0.0136,0,0,467.223,24.9198,0.107725,10.903,0.000615999,0.014465893104933146,0.1577216325230861,-0.0008658931049331468,-0.1420979325230861
54.54,0.6,0.000615999,10.9108,-0.032066,0.00478094,0.0139869,0,0,467.44,24.9432,0.10777,10.9108,0.000615999,0.01446748636937234,0.15785185027894771,-0.00048058636937233987,-0.1530709102789477
54.56,0.6,0.000615999,10.9328,-0.0297207,-0.00835687,0.0144,0,0,467.657,24.9667,0.107816,10.9328,0.000615999,0.014471980062416023,0.1582192636263819,-7.1980062416023e-05,-0.16657613362638188
54.58,0.6,0.000615999,10.913,-0.026642,-0.0180162,0.0136626,0,0,467.874,24.9902,0.107861,10.913,0.000615999,0.014467935747299158,0.1578885828102757,-0.0008053357472991574,-0.17590478281027572
54.6,0.6,0.000615999,10.9084,-0.0242635,-0.019703,0.0132141,0,0,468.091,25.0137,0.107906,10.9084,0.000615999,0.014466996136723006,0.15781178065782925,-0.001252896136723006,-0.17751478065782925
54.62,0.691451,0.000709888,10.9083,-0.024013,-0.0123524,0.0128171,0,0,468.308,25.0372,0.107952,10.9083,0.000709888,0.014808990776295343,0.1615409140850625,-0.0019918907762953436,-0.17389331408506248
54.64,0.7,0.000718665,10.8762,-0.026011,0.00134677,0.0127845,0,0,468.525,25.0607,0.108006,10.8762,0.000718665,0.014833313356712088,0.16133008273027202,-0.002048813356712087,-0.15998331273027203
54.66,0.7,0.000718665,10.8643,-0.0289956,0.0164285,0.013574,0,0,468.741,25.0842,0.108059,10.8643,0.000718665,0.014830477283140232,0.16112275434722043,-0.0012564772831402324,-0.14469425434722044
54.68,0.7,0.000718665,10.8842,-0.031553,0.0278729,0.0134329,0,0,468.957,25.1076,0.108111,10.8842,0.000718665,0.01483521992417378,0.16146950069869226,-0.00140231992417378,-0.13359660069869225
54.7,0.7,0.000718665,10.8942,-0.0336308,0.0323352,0.0137894,0,0,469.173,25.1311,0.108164,10.8942,0.000718665,0.014837603092059053,0.16164381560550972,-0.0010482030920590524,-0.1293086156055097
54.72,0.7,0.000718665,10.8891,-0.0361486,0.0288401,0.0136144,0,0,469.39,25.1546,0.108216,10.8891,0.000718665,0.014836387682193291,0.16155490911017095,-0.0012219876821932905,-0.13271480911017094
54.74,0.7,0.000718665,10.8943,-0.0390589,0.0192363,0.0134103,0,0,469.607,25.1782,0.108268,10.8943,0.000718665,0.014837626923505244,0.16164555899274316,-0.001427326923505244,-0.14240925899274315
54.76,0.7,0.000718665,10.9109,-0.0408689,0.00785846,0.0132,0,0,469.823,25.2017,0.108321,10.9109,0.000718665,0.014841582879662571,0.16193502664171033,-0.001641582879662571,-0.15407656664171032
54.78,0.7,0.000718665,10.8855,-0.0401367,-0.000598375,0.0126572,0,0,470.04,25.2253,0.108373,10.8855,0.000718665,0.014835529738603519,0.16149215896956862,-0.0021783297386035183,-0.16209053396956863
54.8,0.7,0.000718665,10.9023,-0.0368306,-0.00334196,0.0122,0,0,470.257,25.2489,0.108426,10.9023,0.000718665,0.014839533424265394,0.1617850452513686,-0.002639533424265393,-0.1651270052513686
54.82,0.7,0.000718665,10.8815,-0.0325067,-0.000206275,0.0127658,0,0,470.473,25.2725,0.108478,10.8815,0.000718665,0.014834576460948833,0.16142244375981474,-0.0020687764609488325,-0.16162871875981474
54.84,0.7,0.000718665,10.8618,-0.0292697,0.0067784,0.0128,0,0,470.69,25.296,0.108531,10.8618,0.000718665,0.01482988146108923,0.16107920645405902,-0.00202988146108923,-0.15430080645405903
54.86,0.7,0.000718665,10.8584,-0.0280683,0.0145098,0.0131878,0,0,470.906,25.3196,0.108583,10.8584,0.000718665,0.01482907113849109,0.16101998605019163,-0.0016412711384910898,-0.14651018605019164
54.88,0.7,0.000718665,10.8658,-0.0279512,0.0201441,0.0140821,0,0,471.121,25.3431,0.108635,10.8658,0.000718665,0.01483083477499203,0.1611488844981084,-0.0007487347749920298,-0.1410047844981084
54.9,0.7,0.000718665,10.8587,-0.0273495,0.0215523,0.0136306,0,0,471.337,25.3667,0.108688,10.8587,0.000718665,0.014829142637757498,0.16102521116061735,-0.0011985426377574982,-0.13947291116061736
54.92,0.7,0.000718665,10.8556,-0.0260714,0.0173203,0.0128166,0,0,471.553,25.3902,0.10874,10.8556,0.000718665,0.014828403810011086,0.16097122039995637,-0.0020118038100110872,-0.14365092039995636
54.94,0.7,0.000718665,10.8528,-0.0255221,0.00778166,0.0124,0,0,471.769,25.4138,0.108792,10.8528,0.000718665,0.014827736477930521,0.16092245844768435,-0.0024277364779305213,-0.15314079844768436
54.96,0.7,0.000718665,10.8686,-0.0270084,-0.00386702,0.013536,0,0,471.985,25.4374,0.108845,10.8686,0.000718665,0.01483150209034802,0.1611976636191565,-0.0012955020903480212,-0.1650646836191565
54.98,0.7,0.000718665,10.8617,-0.030567,-0.0127679,0.0132496,0,0,472.201,25.461,0.108897,10.8617,0.000718665,0.014829857628147449,0.16107746459964917,-0.0015802576281474488,-0.17384536459964917
55.0,0.7,0.000718665,10.8447,-0.0353823,-0.0152785,0.0126,0,0,472.417,25.4846,0.108949,10.8447,0.000718665,0.014825805961289091,0.1607814179083918,-0.002225805961289091,-0.1760599179083918
55.02,0.7,0.000718665,10.855,-0.0403291,-0.0104254,0.0135626,0,0,472.633,25.5082,0.109002,10.855,0.000718665,0.014828260810582614,0.16096077109887427,-0.001265660810582615,-0.17138617109887427
55.04,0.7,0.000718665,10.8421,-0.0440044,0.000713275,0.0128281,0,0,472.848,25.5318,0.109054,10.8421,0.000718665,0.014825186282897697,0.16073615219780513,-0.001997086282897697,-0.1600228771978051
55.06,0.7,0.000718665,10.8173,-0.0451681,0.0156923,0.0131802,0,0,473.064,25.5554,0.109106,10.8173,0.000718665,0.014819275348651958,0.1603045472289728,-0.0016390753486519583,-0.1446122472289728
55.08,0.7,0.000718665,10.8192,-0.0434066,0.0308412,0.0134,0,0,473.279,25.579,0.109158,10.8192,0.000718665,0.014819728212449972,0.16033760347613873,-0.0014197282124499711,-0.12949640347613872
55.1,0.7,0.000718665,10.8383,-0.0393989,0.0416213,0.0139764,0,0,473.494,25.6026,0.10921,10.8383,0.000718665,0.014824280593517328,0.16067000035671886,-0.0008478805935173278,-0.11904870035671886
55.12,0.7,0.000718665,10.8468,-0.03482,0.0437882,0.0147782,0,0,473.71,25.6262,0.109262,10.8468,0.000718665,0.014826306468494893,0.1608179810024704,-4.810646849489307e-05,-0.11702978100247041
55.14,0.7,0.000718665,10.8552,-0.0314203,0.0356831,0.0142346,0,0,473.925,25.6499,0.109315,10.8552,0.000718665,0.014828308477077142,0.16096425418036778,-0.0005937084770771418,-0.12528115418036778
55.16,0.7,0.000718665,10.8687,-0.029773,0.0199913,0.0138,0,0,474.141,25.6735,0.109367,10.8687,0.000718665,0.014831525922972641,0.16119940579901276,-0.0010315259229726412,-0.14120810579901277
55.18,0.7,0.000718665,10.8746,-0.0293652,0.00282281,0.0139386,0,0,474.357,25.6973,0.109419,10.8746,0.000718665,0.014832932039685451,0.1613022027587634,-0.0008943320396854505,-0.15847939275876338
55.2,0.7,0.000718665,10.8562,-0.0296807,-0.00927939,0.014,0,0,474.573,25.721,0.109472,10.8562,0.000718665,0.014828546809274227,0.16098166987084286,-0.0008285468092742269,-0.17026105987084286
55.22,0.7,0.000718665,10.8399,-0.0307684,-0.0122896,0.0139767,0,0,474.789,25.7448,0.109524,10.8399,0.000718665,0.014824661937221487,0.1606978529332872,-0.0008479619372214874,-0.1729874529332872
55.24,0.7,0.000718665,10.8442,-0.0328407,-0.00580177,0.0149817,0,0,475.005,25.7685,0.109576,10.8442,0.000718665,0.01482568679260852,0.1607727127164053,0.0001560132073914807,-0.16657448271640532
55.26,0.7,0.000718665,10.8392,-0.0352687,0.00767254,0.0148,0,0,475.22,25.7922,0.109628,10.8392,0.000718665,0.01482449509949537,0.1606856672824502,-2.4495099495369654e-05,-0.1530131272824502
55.28,0.7,0.000718665,10.8315,-0.0365583,0.0232615,0.0144785,0,0,475.436,25.8159,0.109681,10.8315,0.000718665,0.014822659869680774,0.1605516403784473,-0.0003441598696807737,-0.1372901403784473
55.3,0.7,0.000718665,10.8332,-0.0358852,0.0343734,0.0142,0,0,475.651,25.8396,0.109733,10.8332,0.000718665,0.014823065052626976,0.16058122832811855,-0.0006230650526269747,-0.12620782832811855
55.32,0.7,0.000718665,10.8414,-0.0341273,0.0357481,0.0136247,0,0,475.866,25.8634,0.109785,10.8414,0.000718665,0.01482501944587788,0.16072396582054044,-0.0012003194458778798,-0.12497586582054043
55.34,0.7,0.000718665,10.8335,-0.0328435,0.0273839,0.0136,0,0,476.082,25.8871,0.109837,10.8335,0.000718665,0.014823136555362342,0.16058644987251794,-0.0012231365553623426,-0.13320254987251795
55.36,0.7,0.000718665,10.8541,-0.0325351,0.0145679,0.0132,0,0,476.297,25.9109,0.109889,10.8541,0.000718665,0.014828046311129928,0.16094509746563537,-0.0016280463111299284,-0.14637719746563538
55.38,0.7,0.000718665,10.853,-0.032729,0.00374613,0.0139314,0,0,476.513,25.9347,0.109942,10.853,0.000718665,0.014827784144627092,0.16092594132163782,-0.0008963841446270916,-0.15717981132163783
55.4,0.7,0.000718665,10.8449,-0.0335548,-0.00112167,0.0136117,0,0,476.729,25.9585,0.109994,10.8449,0.000718665,0.014825853628729204,0.16078490001820536,-0.001214153628729205,-0.16190657001820535
55.42,0.7,0.000718665,10.8391,-0.0358059,0.000593295,0.0133857,0,0,476.944,25.9823,0.110046,10.8391,0.000718665,0.014824471265516151,0.1606839264940561,-0.0014387712655161509,-0.1600906314940561
55.44,0.795068,0.000816268,10.8308,-0.0392928,0.00689349,0.0139901,0,0,477.16,26.0061,0.1101,10.8308,0.000816268,0.01517552888366781,0.1643631182332293,-0.0011854288836678096,-0.1574696282332293
55.46,0.8,0.000821331,10.8151,-0.0424146,0.0145186,0.014,0,0,477.375,26.0299,0.110161,10.8151,0.000821331,0.015189565429159523,0.16427666907290314,-0.0011895654291595222,-0.14975806907290315
55.48,0.8,0.000821331,10.8289,-0.0435287,0.0204179,0.0141801,0,0,477.59,26.0537,0.110221,10.8289,0.000821331,0.01519332451033871,0.16452699179000688,-0.0010132245103387106,-0.1441090917900069
55.5,0.8,0.000821331,10.8039,-0.0420839,0.0222365,0.0149839,0,0,477.805,26.0776,0.110281,10.8039,0.000821331,0.015186514507447495,0.164073584087012,-0.00020261450744749575,-0.141837084087012
55.52,0.8,0.000821331,10.8001,-0.0388869,0.0182704,0.0148126,0,0,478.02,26.1013,0.11034,10.8001,0.000821331,0.015185479358402875,0.16400469561868689,-0.00037287935840287466,-0.1457342956186869
55.54,0.8,0.000821331,10.8137,-0.035913,0.00843246,0.0140086,0,0,478.235,26.1251,0.110399,10.8137,0.000821331,0.015189184067531598,0.16425127975106646,-0.0011805840675315985,-0.15581881975106646
55.56,0.8,0.000821331,10.806,-0.0351653,-0.00464471,0.0136,0,0,478.45,26.149,0.110459,10.806,0.000821331,0.015187086560262237,0.1641116573701937,-0.0015870865602622374,-0.1687563673701937
55.58,0.8,0.000821331,10.8209,-0.0370713,-0.0163251,0.0136,0,0,478.664,26.1728,0.110518,10.8209,0.000821331,0.015191145344983137,0.16438186466352803,-0.001591145344983138,-0.18070696466352804
55.6,0.8,0.000821331,10.8113,-0.0404798,-0.0218556,0.0134,0,0,478.879,26.1967,0.110578,10.8113,0.000821331,0.015188530302356588,0.16420775765786777,-0.0017885303023565877,-0.18606335765786777
55.62,0.8,0.000821331,10.8138,-0.0442828,-0.0182252,0.0136,0,0,479.094,26.2205,0.110638,10.8138,0.000821331,0.015189211307681867,0.1642530932390102,-0.001589211307681868,-0.1824782932390102
55.64,0.8,0.000821331,10.803,-0.0481322,-0.00583423,0.0136954,0,0,479.309,26.2444,0.110697,10.803,0.000821331,0.015186269341250171,0.1640572676935256,-0.001490869341250171,-0.1698914976935256
55.66,0.8,0.000821331,10.7792,-0.05148,0.0112134,0.0138,0,0,479.524,26.2683,0.110757,10.7792,0.000821331,0.015179785903928565,0.1636259482156268,-0.0013797859039285654,-0.15241254821562678
55.68,0.8,0.000821331,10.7652,-0.0532834,0.0270175,0.0134328,0,0,479.738,26.2921,0.110816,10.7652,0.000821331,0.015175971979304103,0.16337237355160453,-0.001743171979304103,-0.13635487355160453
55.7,0.8,0.000821331,10.7802,-0.0530558,0.0366556,0.0137755,0,0,479.952,26.3159,0.110875,10.7802,0.000821331,0.015180058323208158,0.16364406473584858,-0.0014045583232081583,-0.12698846473584857
55.72,0.8,0.000821331,10.7832,-0.051114,0.0380663,0.0138454,0,0,480.167,26.3398,0.110935,10.7832,0.000821331,0.015180875577918933,0.16369841753181544,-0.0013354755779189324,-0.12563211753181544
55.74,0.8,0.000821331,10.7807,-0.0478703,0.0322318,0.0136,0,0,480.381,26.3637,0.110994,10.7807,0.000821331,0.015180194532652468,0.16365312319816647,-0.001580194532652469,-0.13142132319816646
55.76,0.8,0.000821331,10.7859,-0.0436905,0.0218611,0.0138,0,0,480.595,26.3876,0.111053,10.7859,0.000821331,0.015181611103146161,0.16374733919742418,-0.0013816111031461614,-0.14188623919742419
55.78,0.878004,0.000901415,10.7959,-0.0393987,0.00993266,0.013444,0,0,480.81,26.4115,0.111114,10.7959,0.000901415,0.015473076907170745,0.16704579098212463,-0.002029076907170746,-0.15711313098212462
55.8,0.9,0.000923998,10.7862,-0.0365582,-0.000697585,0.0135975,0,0,481.024,26.4354,0.111181,10.7862,0.000923998,0.015551526871833693,0.16774187914497257,-0.001954026871833693,-0.16843946414497257
55.82,0.9,0.000923998,10.7646,-0.0365557,-0.0074149,0.014,0,0,481.238,26.4594,0.111248,10.7646,0.000923998,0.015544907024031085,0.167334706150885,-0.0015449070240310843,-0.174749606150885
55.84,0.9,0.000923998,10.7885,-0.039051,-0.0085272,0.0136056,0,0,481.452,26.4833,0.111315,10.7885,0.000923998,0.015552231746916554,0.16778525220160925,-0.0019466317469165537,-0.17631245220160927
55.86,0.990063,0.00101646,10.7626,-0.041986,-0.00377809,0.0137801,0,0,481.667,26.5073,0.111383,10.7626,0.00101646,0.015876643252191684,0.17087396066603822,-0.0020965432521916835,-0.17465205066603823
55.88,1.0,0.00102666,10.7535,-0.0432365,0.00543306,0.0141664,0,0,481.881,26.5312,0.111459,10.7535,0.00102666,0.01591020766606844,0.17109041813706696,-0.0017438076660684382,-0.16565735813706697
55.9,1.0,0.00102666,10.7749,-0.0418336,0.0157182,0.0138019,0,0,482.095,26.5551,0.111533,10.7749,0.00102666,0.01591749507206,0.1715094176519393,-0.00211559507206,-0.15579121765193932
55.92,1.0,0.00102666,10.775,-0.0382295,0.0222844,0.0138,0,0,482.309,26.5791,0.111607,10.775,0.00102666,0.015917529124659317,0.17151137631820415,-0.0021175291246593175,-0.14922697631820414
55.94,1.0,0.00102666,10.7777,-0.0341372,0.0213547,0.0138,0,0,482.523,26.6031,0.111681,10.7777,0.00102666,0.015918448542378703,0.17156426285519494,-0.002118448542378703,-0.15020956285519493
55.96,1.0,0.00102666,10.7696,-0.0315065,0.0127991,0.0137917,0,0,482.737,26.6271,0.111755,10.7696,0.00102666,0.015915690274977398,0.1714056179853966,-0.0021239902749773977,-0.1586065179853966
55.98,1.0,0.00102666,10.7819,-0.0311305,0.000406435,0.0142,0,0,482.951,26.6512,0.111829,10.7819,0.00102666,0.015919878738279644,0.1716465405682573,-0.0017198787382796434,-0.17124010556825728
56.0,1.0,0.00102666,10.802,-0.0325293,-0.0102374,0.0140144,0,0,483.165,26.6752,0.111904,10.802,0.00102666,0.015926723087996697,0.1720404627965403,-0.0019123230879966972,-0.18227786279654032
56.02,1.0,0.00102666,10.7693,-0.0347336,-0.014197,0.0136291,0,0,483.38,26.6994,0.111978,10.7693,0.00102666,0.015915588116105044,0.17139974309877004,-0.0022864881161050437,-0.18559674309877003
56.04,1.0,0.00102666,10.7612,-0.0369049,-0.00885248,0.013993,0,0,483.594,26.7235,0.112052,10.7612,0.00102666,0.01591282980441041,0.17124114409122132,-0.0019198298044104094,-0.18009362409122132
56.06,1.0,0.00102666,10.7638,-0.0388401,0.00533361,0.0145645,0,0,483.808,26.7475,0.112126,10.7638,0.00102666,0.015913715193063754,0.17129204759509964,-0.001349215193063755,-0.16595843759509965
56.08,1.0,0.00102666,10.7531,-0.0407019,0.0249597,0.0149878,0,0,484.022,26.7716,0.1122,10.7531,0.00102666,0.015910071450036326,0.1710825893093856,-0.0009222714500363247,-0.1461228893093856
56.1,1.0,0.00102666,10.7473,-0.042354,0.0444542,0.0151914,0,0,484.236,26.7957,0.112274,10.7473,0.00102666,0.015908096305885168,0.17096908342823966,-0.0007166963058851672,-0.12651488342823966
56.12,1.0,0.00102666,10.7419,-0.0437883,0.0576534,0.0152,0,0,484.449,26.8198,0.112348,10.7419,0.00102666,0.015906257358925424,0.170863425923841,-0.0007062573589254242,-0.113210025923841
56.14,1.0,0.00102666,10.7497,-0.0459577,0.0602574,0.0150147,0,0,484.663,26.8439,0.112422,10.7497,0.00102666,0.01590891360956459,0.17101604862873648,-0.0008942136095645894,-0.11075864862873648
56.16,1.0,0.00102666,10.7419,-0.0508356,0.051757,0.0136308,0,0,484.876,26.868,0.112496,10.7419,0.00102666,0.015906257358925424,0.170863425923841,-0.002275457358925424,-0.11910642592384099
56.18,1.0,0.00102666,10.7492,-0.0608697,0.0355084,0.0136,0,0,485.09,26.8921,0.11257,10.7492,0.00102666,0.01590874333827335,0.1710062638917679,-0.0023087433382733506,-0.1354978638917679
56.2,1.0,0.00102666,10.7527,-0.0779056,0.0173473,0.0139875,0,0,485.303,26.9163,0.112644,10.7527,0.00102666,0.01590993523390021,0.17107476058955878,-0.0019224352339002083,-0.15372746058955877
56.22,1.0,0.00102666,10.7304,-0.101599,0.0033867,0.01404,0,0,485.517,26.9405,0.112718,10.7304,0.00102666,0.015902341019902552,0.17063848007996235,-0.0018623410199025518,-0.16725178007996236
56.24,1.0,0.00102666,10.7491,-0.128236,-0.00231247,0.0143715,0,0,485.73,26.9646,0.112792,10.7491,0.00102666,0.01590870928399561,0.1710043069645972,-0.0015372092839956077,-0.1733167769645972
56.26,1.0,0.00102666,10.7419,-0.151357,0.0012142,0.014611,0,0,485.944,26.9888,0.112866,10.7419,0.00102666,0.015906257358925424,0.170863425923841,-0.0012952573589254234,-0.169649225923841
56.28,1.0,0.00102666,10.6997,-0.165291,0.0119058,0.0142,0,0,486.157,27.013,0.112939,10.6997,0.00102666,0.01589188567751536,0.1700384091837111,-0.0016918856775153604,-0.1581326091837111
56.3,1.0,0.00102666,10.6919,-0.170097,0.0249486,0.0145829,0,0,486.37,27.0371,0.113013,10.6919,0.00102666,0.015889229174111185,0.1698860494066794,-0.0013063291741111857,-0.1449374494066794
56.32,1.0,0.00102666,10.7079,-0.172393,0.0343019,0.0149893,0,0,486.582,27.0613,0.113087,10.7079,0.00102666,0.015894678369428244,0.1701986265120007,-0.0009053783694282433,-0.13589672651200072
56.34,1.0,0.00102666,10.725,-0.179971,0.0354942,0.0153994,0,0,486.795,27.0854,0.11316,10.725,0.00102666,0.015900502013713028,0.1705328840970722,-0.000501102013713027,-0.1350386840970722
56.36,1.1,0.00112933,10.6959,-0.196147,0.0275201,0.0152197,0,0,487.008,27.1097,0.113236,10.6959,0.00112933,0.016257361216381865,0.17388710983429878,-0.001037661216381866,-0.1463670098342988
56.38,1.1,0.00112933,10.6998,-0.21849,0.0131014,0.0146425,0,0,487.221,27.1338,0.113319,10.6998,0.00112933,0.01625882229285008,0.1739661467690373,-0.0016163222928500809,-0.16086474676903728
56.4,1.2,0.001232,10.7054,-0.241036,-0.00234215,0.0136224,0,0,487.433,27.158,0.113402,10.7054,0.001232,0.016628013601301526,0.17800953680737336,-0.0030056136013015267,-0.18035168680737335
56.42,1.2,0.001232,10.6803,-0.257956,-0.0130185,0.0146619,0,0,487.646,27.1823,0.113492,10.6803,0.001232,0.01661775528562831,0.17748261177709607,-0.0019558552856283103,-0.19050111177709605
56.44,1.3,0.00133466,10.6996,-0.266714,-0.015247,0.0153939,0,0,487.858,27.2065,0.113582,10.6996,0.00133466,0.01699250338580839,0.18181298922679548,-0.001598603385808391,-0.1970599892267955
56.46,1.3,0.00133466,10.6738,-0.269212,-0.00825696,0.0152215,0,0,488.071,27.2307,0.113679,10.6738,0.00133466,0.016981080204052364,0.18125265388201411,-0.0017595802040523637,-0.18950961388201412
56.48,1.4,0.00143733,10.6537,-0.270149,0.00651973,0.0151796,0,0,488.283,27.2549,0.113777,10.6537,0.00143733,0.017337513015749397,0.18470866241588937,-0.0021579130157493975,-0.17818893241588937
56.5,1.5,0.00154,10.6393,-0.273286,0.0257753,0.0159893,0,0,488.494,27.2791,0.113883,10.6393,0.00154,0.017695488568888362,0.18826761153097396,-0.0017061885688883609,-0.16249231153097396
56.52,1.5,0.00154,10.6363,-0.278992,0.0442567,0.0161779,0,0,488.706,27.3033,0.113994,10.6363,0.00154,0.017693955791818497,0.1881982219885191,-0.0015160557918184984,-0.1439415219885191
56.54,1.69181,0.00173692,10.6308,-0.285397,0.0559807,0.0165836,0,0,488.917,27.3275,0.114108,10.6308,0.00173692,0.0183903543776899,0.19550417931834582,-0.0018067543776899009,-0.13952347931834583
56.56,1.7,0.00174533,10.6332,-0.290927,0.0568299,0.0173714,0,0,489.128,27.3517,0.114235,10.6332,0.00174533,0.018421605713082875,0.19588061786835284,-0.001050205713082876,-0.13905071786835282
56.58,1.8,0.001848,10.615,-0.295297,0.0469161,0.0170256,0,0,489.339,27.376,0.114361,10.615,0.001848,0.018775081653445883,0.19929749175132805,-0.0017494816534458849,-0.15238139175132803
56.6,1.8,0.001848,10.6351,-0.299018,0.0310608,0.017,0,0,489.55,27.4002,0.114495,10.6351,0.001848,0.01878740548187679,0.19980593604030783,-0.0017874054818767873,-0.16874513604030783
56.62,1.87958,0.0019297,10.6436,-0.30261,0.0167814,0.0168408,0,0,489.761,27.4245,0.114628,10.6436,0.0019297,0.01908305832356686,0.2031124395727162,-0.0022422583235668613,-0.1863310395727162
56.64,1.9,0.00195066,10.6146,-0.30627,0.0108711,0.0164077,0,0,489.973,27.4489,0.114767,10.6146,0.00195066,0.019138802346177756,0.2031507313837384,-0.0027311023461777557,-0.1922796313837384
56.66,1.9,0.00195066,10.6001,-0.310361,0.016603,0.0165964,0,0,490.184,27.4732,0.114906,10.6001,0.00195066,0.019129417833105476,0.20277374197270134,-0.0025330178331054755,-0.18617074197270134
56.68,2.0,0.00205333,10.6,-0.315608,0.0327332,0.0173673,0,0,490.394,27.4975,0.115047,10.6,0.00205333,0.019492857311195388,0.2066242874986711,-0.002125557311195389,-0.1738910874986711
56.7,2.0,0.00205333,10.5699,-0.322295,0.0543332,0.0177943,0,0,490.605,27.5219,0.115194,10.5699,0.00205333,0.019472350139525814,0.2058207937397739,-0.0016780501395258149,-0.1514875937397739
56.72,2.0,0.00205333,10.5668,-0.329925,0.0747836,0.0176138,0,0,490.815,27.5462,0.11534,10.5668,0.00205333,0.019470238039393135,0.20573811131465938,-0.0018564380393931365,-0.13095451131465938
56.74,2.0,0.00205333,10.5667,-0.337787,0.088057,0.0175948,0,0,491.025,27.5705,0.115485,10.5667,0.00205333,0.019470169906926287,0.20573544435551802,-0.0018753699069262858,-0.11767844435551802
56.76,2.0,0.00205333,10.5719,-0.345237,0.0906893,0.0179806,0,0,491.234,27.5949,0.115631,10.5719,0.00205333,0.019473712778253095,0.20587414412041388,-0.0014931127782530952,-0.11518484412041388
56.78,2.0,0.00205333,10.5644,-0.35186,0.0824197,0.0185632,0,0,491.444,27.6193,0.115776,10.5644,0.00205333,0.01946860285666168,0.20567410801891664,-0.0009054028566616822,-0.12325440801891664
56.8,2.0,0.00205333,10.5584,-0.357619,0.0654568,0.0188,0,0,491.654,27.6437,0.115921,10.5584,0.00205333,0.019464514867637395,0.20551413377846267,-0.000664514867637394,-0.1400573337784627
56.82,2.0,0.00205333,10.5558,-0.3627,0.0442201,0.0180327,0,0,491.864,27.6681,0.116067,10.5558,0.00205333,0.019462743391448094,0.20544482669144778,-0.001430043391448095,-0.16122472669144777
56.84,2.09987,0.00215587,10.525,-0.367482,0.0252871,0.0179995,0,0,492.073,27.6926,0.116214,10.525,0.00215587,0.019802249794858444,0.20841867909088513,-0.0018027497948584423,-0.18313157909088512
56.86,2.1,0.00215599,10.5329,-0.372483,0.0152066,0.0183806,0,0,492.282,27.717,0.116368,10.5329,0.00215599,0.019808323641932385,0.2086390920881096,-0.0014277236419323845,-0.1934324920881096
56.88,2.1,0.00215599,10.5006,-0.37786,0.0171238,0.0184,0,0,492.492,27.7414,0.11652,10.5006,0.00215599,0.0197852144201216,0.20775662253992888,-0.0013852144201216,-0.1906328225399289
56.9,2.19195,0.0022504,10.4947,-0.383193,0.0293837,0.0178161,0,0,492.7,27.7659,0.116673,10.4947,0.0022504,0.020111954124679546,0.21106892495227442,-0.0022958541246795444,-0.1816852249522744
56.92,2.2,0.00225866,10.4772,-0.387946,0.0465845,0.0177575,0,0,492.909,27.7903,0.116833,10.4772,0.00225866,0.020127792688574106,0.21088290955672861,-0.002370292688574107,-0.16429840955672861
56.94,2.29731,0.00235857,10.4777,-0.391618,0.0617724,0.0179907,0,0,493.117,27.8147,0.116994,10.4777,0.00235857,0.020477845671470787,0.21456072359196948,-0.0024871456714707883,-0.15278832359196948
56.96,2.3,0.00236133,10.464,-0.393505,0.0690255,0.0182033,0,0,493.325,27.8392,0.117161,10.464,0.00236133,0.02047676928603427,0.21426891380906263,-0.002273469286034273,-0.14524341380906264
56.98,2.3,0.00236133,10.4568,-0.393095,0.0655399,0.0178,0,0,493.532,27.8637,0.117326,10.4568,0.00236133,0.020471126794168452,0.21406247866126066,-0.0026711267941684526,-0.14852257866126067
57.0,2.39314,0.00245695,10.4449,-0.390836,0.0525101,0.0185589,0,0,493.74,27.8882,0.117494,10.4449,0.00245695,0.020795423595733938,0.21720611991508143,-0.0022365235957339386,-0.16469601991508143
57.02,2.4,0.00246399,10.4569,-0.388434,0.0349449,0.019,0,0,493.947,27.9127,0.117667,10.4569,0.00246399,0.020829799676477526,0.21781513223695784,-0.0018297996764775268,-0.18287023223695784
57.04,2.4,0.00246399,10.4556,-0.388365,0.0201676,0.0193908,0,0,494.155,27.9372,0.11784,10.4556,0.00246399,0.020828736592746897,0.21777693831912448,-0.0014379365927468975,-0.19760933831912447
57.06,2.4,0.00246399,10.4337,-0.392331,0.0147865,0.0192068,0,0,494.363,27.9618,0.118013,10.4337,0.00246399,0.02081082733532391,0.2171339291685691,-0.001604027335323912,-0.2023474291685691
57.08,2.4,0.00246399,10.4147,-0.399647,0.0217487,0.0191829,0,0,494.57,27.9864,0.118185,10.4147,0.00246399,0.020795289034801386,0.21657669671074598,-0.0016123890348013863,-0.19482799671074597
57.1,2.4,0.00246399,10.4166,-0.407707,0.0394409,0.0193942,0,0,494.776,28.011,0.118357,10.4166,0.00246399,0.02079684288943271,0.2166323936420648,-0.0014026428894327106,-0.1771914936420648
57.12,2.4,0.00246399,10.3807,-0.414103,0.0626427,0.0195718,0,0,494.983,28.0356,0.118529,10.3807,0.00246399,0.020767482293216386,0.21558100344119133,-0.0011956822932163852,-0.15293830344119133
57.14,2.4,0.00246399,10.3857,-0.418059,0.084114,0.0196162,0,0,495.189,28.0601,0.1187,10.3857,0.00246399,0.020771571629326198,0.2157273114706931,-0.0011553716293261976,-0.1316133114706931
57.16,2.4,0.00246399,10.3597,-0.420228,0.0966827,0.0193808,0,0,495.396,28.0847,0.118872,10.3597,0.00246399,0.020750306670295735,0.21496695201226274,-0.001369506670295735,-0.11828425201226274
57.18,2.4,0.00246399,10.3733,-0.421197,0.0957525,0.0204846,0,0,495.601,28.1093,0.119043,10.3733,0.00246399,0.02076143000662862,0.21536454188776066,-0.00027683000662862,-0.11961204188776066
57.2,2.4,0.00246399,10.3614,-0.420311,0.0811262,0.0206,0,0,495.807,28.134,0.119214,10.3614,0.00246399,0.020751697102559846,0.21501663435846358,-0.00015169710255984528,-0.1338904343584636
57.22,2.4,0.00246399,10.3535,-0.416448,0.0572906,0.0202343,0,0,496.013,28.1586,0.119385,10.3535,0.00246399,0.020745235645205314,0.21478579725263322,-0.0005109356452053133,-0.15749519725263322
57.24,2.4,0.00246399,10.3561,-0.409888,0.0318604,0.0202,0,0,496.218,28.1833,0.119556,10.3561,0.00246399,0.020747362211151768,0.21486175779490882,-0.0005473622111517688,-0.18300135779490884
57.26,2.4,0.00246399,10.3374,-0.402952,0.0124386,0.0198017,0,0,496.424,28.208,0.119727,10.3374,0.00246399,0.020732067068328315,0.21431567011213715,-0.0009303670683283166,-0.20187707011213715
57.28,2.4,0.00246399,10.3252,-0.398581,0.00363565,0.0198303,0,0,496.629,28.2327,0.119897,10.3252,0.00246399,0.020722088136008968,0.2139597044219198,-0.000891788136008969,-0.21032405442191981
57.3,2.4,0.00246399,10.3406,-0.398352,0.00610977,0.0194248,0,0,496.834,28.2574,0.120068,10.3406,0.00246399,0.02073468445622364,0.21440907808802617,-0.0013098844562236395,-0.20829930808802619
57.32,2.4,0.00246399,10.2988,-0.401969,0.0175831,0.0192288,0,0,497.039,28.2822,0.120239,10.2988,0.00246399,0.020700493617238386,0.2131902436652147,-0.001471693617238385,-0.1956071436652147
57.34,2.4,0.00246399,10.2878,-0.408041,0.0343142,0.0195837,0,0,497.244,28.3069,0.120409,10.2878,0.00246399,0.020691495593296978,0.21286996836472066,-0.0011077955932969792,-0.17855576836472065
57.36,2.4,0.00246399,10.2806,-0.414559,0.0516806,0.0203722,0,0,497.448,28.3316,0.120578,10.2806,0.00246399,0.020685605879727766,0.21266043980712926,-0.00031340587972776557,-0.16097983980712927
57.38,2.4,0.00246399,10.2781,-0.419113,0.064397,0.0203125,0,0,497.652,28.3564,0.120748,10.2781,0.00246399,0.020683560822189015,0.2125877064865409,-0.00037106082218901423,-0.14819070648654092
57.4,2.4,0.00246399,10.2777,-0.419837,0.0678761,0.0198179,0,0,497.856,28.3811,0.120918,10.2777,0.00246399,0.02068323361211704,0.21257607009525528,-0.0008653336121170405,-0.1446999700952553
57.42,2.4,0.00246399,10.2792,-0.416565,0.0603472,0.0192315,0,0,498.06,28.4059,0.121088,10.2792,0.00246399,0.020684460648655513,0.21261970789965973,-0.0014529606486555144,-0.15227250789965974
57.44,2.4,0.00246399,10.2726,-0.410817,0.0441194,0.0195983,0,0,498.264,28.4308,0.121257,10.2726,0.00246399,0.020679061662769303,0.21242772883696395,-0.0010807616627693042,-0.16830832883696395
57.46,2.4,0.00246399,10.2597,-0.404552,0.0251372,0.0192015,0,0,498.468,28.4556,0.121427,10.2597,0.00246399,0.02066850891184823,0.2120527008828893,-0.0014670089118482312,-0.1869155008828893
57.48,2.4,0.00246399,10.2488,-0.399058,0.0106501,0.0192,0,0,498.671,28.4805,0.121596,10.2488,0.00246399,0.02065959205306097,0.21173602703341124,-0.0014595920530609714,-0.20108592703341124
57.5,2.4,0.00246399,10.2379,-0.394957,0.00614134,0.0192,0,0,498.875,28.5054,0.121765,10.2379,0.00246399,0.020650675017430897,0.21141954576095578,-0.001450675017430899,-0.2052782057609558
57.52,2.4,0.00246399,10.2225,-0.392728,0.0133915,0.0191758,0,0,499.078,28.5302,0.121934,10.2225,0.00246399,0.02063807633574697,0.2109727353421734,-0.0014622763357469704,-0.1975812353421734
57.54,2.30768,0.00236921,10.2048,-0.39264,0.0300067,0.0193916,0,0,499.281,28.5551,0.122102,10.2048,0.00236921,0.020300458048131593,0.2071621142895733,-0.0009088580481315944,-0.1771554142895733
57.56,2.3,0.00236133,10.1964,-0.394145,0.0501581,0.0201818,0,0,499.483,28.58,0.122262,10.1964,0.00236133,0.02026700638582059,0.2066505039123811,-8.520638582059162e-05,-0.15649240391238112
57.58,2.3,0.00236133,10.1957,-0.395901,0.0668576,0.0200111,0,0,499.685,28.6049,0.122423,10.1957,0.00236133,0.02026645754426528,0.20663072118406553,-0.0002553575442652799,-0.13977312118406554
57.6,2.3,0.00236133,10.1834,-0.396583,0.0747875,0.02,0,0,499.888,28.6298,0.122584,10.1834,0.00236133,0.020256813500656466,0.20628323460258507,-0.00025681350065646577,-0.13149573460258507
57.62,2.3,0.00236133,10.1819,-0.39548,0.0718014,0.0198156,0,0,500.09,28.6547,0.122745,10.1819,0.00236133,0.020255637383100936,0.20624087427099544,-0.00044003738310093715,-0.13443947427099545
57.64,2.3,0.00236133,10.1846,-0.39264,0.0589959,0.0192071,0,0,500.292,28.6796,0.122906,10.1846,0.00236133,0.02025775439240453,0.20631712538488314,-0.001050654392404527,-0.14732122538488315
57.66,2.3,0.00236133,10.1886,-0.388891,0.0402648,0.0190097,0,0,500.494,28.7046,0.123068,10.1886,0.00236133,0.020260890683486184,0.20643011081776733,-0.0012511906834861836,-0.1661653108177673
57.68,2.3,0.00236133,10.1795,-0.385364,0.0212408,0.0187653,0,0,500.696,28.7296,0.123229,10.1795,0.00236133,0.020253755588379246,0.20617310501190655,-0.0014884555883792477,-0.18493230501190655
57.7,2.39282,0.00245662,10.1549,-0.382343,0.007368,0.0197713,0,0,500.898,28.7547,0.123391,10.1549,0.00245662,0.02055776412528989,0.20876203891590628,-0.0007864641252898902,-0.20139403891590626
57.72,2.4,0.00246399,10.1405,-0.378815,0.00192353,0.0196237,0,0,501.099,28.7797,0.12356,10.1405,0.00246399,0.020570986529834048,0.20860008890578216,-0.0009472865298340467,-0.20667655890578215
57.74,2.4,0.00246399,10.1227,-0.373778,0.00515162,0.0192109,0,0,501.301,28.8047,0.123728,10.1227,0.00246399,0.020556421821850294,0.20808649117604397,-0.001345521821850295,-0.20293487117604397
57.76,2.4,0.00246399,10.1059,-0.36775,0.0148959,0.0191894,0,0,501.501,28.8297,0.123895,10.1059,0.00246399,0.020542674928485643,0.20760221855978306,-0.001353274928485644,-0.19270631855978307
57.78,2.4,0.00246399,10.1063,-0.36254,0.0279188,0.0193785,0,0,501.702,28.8546,0.124062,10.1063,0.00246399,0.020543002240288617,0.20761374354102882,-0.0011645022402886167,-0.17969494354102883
57.8,2.4,0.00246399,10.106,-0.359724,0.0405875,0.0197476,0,0,501.902,28.8797,0.124229,10.106,0.00246399,0.02054275675645841,0.2076050997807687,-0.000795156756458408,-0.1670175997807687
57.82,2.4,0.00246399,10.0935,-0.35948,0.0489779,0.0202,0,0,502.103,28.9047,0.124395,10.0935,0.00246399,0.02053252814612882,0.20724507284295124,-0.00033252814612881945,-0.15826717284295125
57.84,2.4,0.00246399,10.0911,-0.360782,0.0498351,0.0198027,0,0,502.303,28.9298,0.124562,10.0911,0.00246399,0.020530564226718596,0.20717597666824006,-0.000727864226718597,-0.15734087666824007
57.86,2.4,0.00246399,10.0949,-0.362442,0.0423376,0.0196067,0,0,502.503,28.9548,0.124729,10.0949,0.00246399,0.020533673761884415,0.20728538325884702,-0.0009269737618844143,-0.164947783258847
57.88,2.4,0.00246399,10.0893,-0.363777,0.0287611,0.0198,0,0,502.704,28.98,0.124895,10.0893,0.00246399,0.02052909128161929,0.2071241606676415,-0.0007290912816192881,-0.1783630606676415
57.9,2.4,0.00246399,10.0759,-0.364582,0.0130743,0.0190162,0,0,502.904,29.0051,0.125062,10.0759,0.00246399,0.020518125874441503,0.20673858449828517,-0.001501925874441503,-0.19366428449828516
57.92,2.4,0.00246399,10.0575,-0.364914,-0.00158472,0.0186096,0,0,503.104,29.0303,0.125228,10.0575,0.00246399,0.020503068469227753,0.20620961112925812,-0.0018934684692277527,-0.20779433112925813
57.94,2.4,0.00246399,10.0474,-0.364947,-0.0145939,0.0189836,0,0,503.303,29.0554,0.125394,10.0474,0.00246399,0.020494803052741255,0.20591948419211248,-0.001511203052741255,-0.22051338419211247
